*Interval,Price (Rs./MWh)
97,2307.39
98,2229.97
99,2110.64
100,2110.08
101,2110.29
102,2104.76
103,2090.88
104,2090.62
105,2090.66
106,2090.46
107,2068.17
108,1950.92
109,1959.69
110,1950.59
111,2000.36
112,2068.01
113,1922.84
114,2090.04
115,2110.4
116,2145.5
117,2350.76
118,2429.05
119,2479.41
120,2429.93
121,2799.81
122,2926.49
123,4057.97
124,4408.17
125,4408.05
126,4750.32
127,5000.56
128,5000.76
129,6223.69
130,6223.78
131,6500.5
132,6741.18
133,8649.69
134,9400.89
135,9402.08
136,9402.08
137,9404.22
138,9404.04
139,9405.84
140,9405.45
141,9406.85
142,9406.8
143,9406.59
144,9406.27
145,7762.15
146,6500.96
147,6500.83
148,6500.69
149,4420.29
150,4300.78
151,3999.85
152,3999.73
153,4000.33
154,4116.02
155,3999.83
156,3999.29
157,3999.56
158,3999.59
159,3999.81
160,4000.05
161,5145.73
162,5145.98
163,5145.92
164,5145.96
165,4113.78
166,6500.15
167,4413.72
168,4413.86
169,4880.27
170,4989.41
171,5000.8
172,4981.4
173,4479.05
174,4413.98
175,4413.42
176,5174.19
177,6500.04
178,4900.59
179,4900.33
180,4311.35
181,3999.31
182,3999.25
183,3529.89
184,3524.04
185,3537.92
186,3529.39
187,3089.19
188,2733.3
189,2699.72
190,2699.34
191,2649.31
192,2489.31
3073,2000.2
3074,1999.32
3075,1922.25
3076,1801.88
3077,1922.61
3078,1922.38
3079,1922.21
3080,1922.06
3081,1900.79
3082,1801.95
3083,1801.54
3084,1801.39
3085,1801.3
3086,1801.22
3087,1800.01
3088,1800.4
3089,1749.72
3090,1749.9
3091,1801.32
3092,1899.74
3093,1999.1
3094,2068.28
3095,2384.68
3096,2394.2
3097,2679.96
3098,2926.03
3099,3600.73
3100,3678.71
3101,4008.36
3102,4413.53
3103,5000.12
3104,5000.44
3105,5469.37
3106,6500.29
3107,6500.45
3108,6500.56
3109,10763.2
3110,10763.45
3111,10763.52
3112,10763.44
3113,11293.41
3114,11293.36
3115,11293.26
3116,11293.3
3117,10942.5
3118,10942.5
3119,10942.43
3120,10942.33
3121,6500.96
3122,6500.62
3123,6500.28
3124,4500.88
3125,4000.74
3126,3488.75
3127,3529.39
3128,3529.55
3129,3689.96
3130,3689.78
3131,3909.66
3132,3909.58
3133,3689.78
3134,3689.76
3135,3909.46
3136,3909.06
3137,3999.36
3138,4000.09
3139,4469.7
3140,6464.05
3141,3749.35
3142,3733.36
3143,4008.05
3144,3750.97
3145,3678.89
3146,3678.64
3147,3708.89
3148,3899.77
3149,3678.7
3150,3733.87
3151,3789.33
3152,4194.05
3153,3898.81
3154,3949.74
3155,4000.62
3156,3898.45
3157,3697.4
3158,3693.41
3159,3400.62
3160,2742.28
3161,2699.6
3162,2699.21
3163,2699.02
3164,2368.9
3165,2483.65
3166,2368.78
3167,2233.2
3168,2068.94
5761,2236.34
5762,2180.24
5763,2110.2
5764,2090.07
5765,2090.01
5766,1999.8
5767,1999.17
5768,1922.77
5769,1922.74
5770,1922.63
5771,1922.58
5772,1922.55
5773,1922.53
5774,1922.4
5775,1922.19
5776,1922.89
5777,1922.35
5778,1922.87
5779,1922.67
5780,1999.25
5781,2090.96
5782,2090.43
5783,2350.83
5784,2368.56
5785,2749.51
5786,3028.41
5787,3599.12
5788,3730.68
5789,4199.54
5790,4199.84
5791,4199.87
5792,4413.77
5793,5000.02
5794,4500.35
5795,4199.85
5796,4174.5
5797,4208.94
5798,4300.86
5799,4200.84
5800,4198.71
5801,4022.39
5802,3899.66
5803,3750.48
5804,3650.48
5805,3500.87
5806,3399.36
5807,3472.65
5808,3599.46
5809,3357.72
5810,3249.81
5811,3099.53
5812,3099.4
5813,2499.69
5814,2379.24
5815,2409.85
5816,2410.47
5817,2580.93
5818,2699.13
5819,2743.38
5820,2799.46
5821,2514.81
5822,2699.14
5823,2799.39
5824,2899.18
5825,2999.93
5826,3019.55
5827,3070.0
5828,3300.78
5829,3499.88
5830,3499.54
5831,3644.67
5832,3476.12
5833,3500.19
5834,3297.37
5835,3689.63
5836,3710.64
5837,3249.84
5838,3472.87
5839,3476.78
5840,4000.51
5841,3891.04
5842,4000.36
5843,4008.33
5844,3898.85
5845,3691.37
5846,3476.7
5847,2926.19
5848,2795.99
5849,2749.67
5850,2749.02
5851,2609.07
5852,2535.45
5853,2368.05
5854,2350.66
5855,2249.67
5856,2238.65
8737,2251.63
8738,2249.35
8739,2237.56
8740,2200.37
8741,2229.59
8742,2130.56
8743,2110.54
8744,2090.99
8745,2090.57
8746,2090.07
8747,1999.99
8748,1999.94
8749,2000.0
8750,1999.92
8751,1999.79
8752,1999.81
8753,1999.75
8754,2090.02
8755,1999.77
8756,1999.88
8757,2249.92
8758,2317.14
8759,2360.4
8760,2360.53
8761,2360.46
8762,2580.16
8763,2799.64
8764,2990.14
8765,3399.07
8766,3600.29
8767,3700.96
8768,3900.2
8769,4008.6
8770,4008.09
8771,3949.79
8772,3897.31
8773,3949.28
8774,3999.29
8775,3899.77
8776,3696.76
8777,3499.82
8778,3492.54
8779,3249.85
8780,3249.25
8781,3249.94
8782,3300.06
8783,3250.39
8784,3249.39
8785,3211.07
8786,3099.88
8787,2980.6
8788,2799.46
8789,2360.52
8790,2452.54
8791,2458.22
8792,2409.85
8793,2386.33
8794,2463.82
8795,2499.05
8796,2499.65
8797,2520.35
8798,2699.76
8799,2477.38
8800,2505.54
8801,2416.5
8802,2750.05
8803,2949.33
8804,2998.12
8805,3210.21
8806,3400.82
8807,3476.22
8808,3249.51
8809,3499.86
8810,3249.91
8811,3249.23
8812,3099.74
8813,3249.2
8814,3476.13
8815,3249.44
8816,3499.5
8817,3524.02
8818,3524.52
8819,3500.69
8820,3250.61
8821,2998.47
8822,2797.54
8823,2797.37
8824,2792.1
8825,2594.25
8826,2559.79
8827,2549.82
8828,2484.59
8829,2368.3
8830,2360.53
8831,2324.23
8832,2249.56
11617,2249.94
11618,2249.51
11619,2229.38
11620,2110.37
11621,2090.56
11622,2090.02
11623,2000.07
11624,1999.87
11625,1999.65
11626,1999.48
11627,1999.26
11628,1999.17
11629,1922.95
11630,1950.84
11631,1922.84
11632,1999.48
11633,1999.64
11634,2000.31
11635,2073.31
11636,2125.27
11637,2337.07
11638,2360.78
11639,2360.38
11640,2360.6
11641,2439.42
11642,2749.67
11643,3399.38
11644,3250.25
11645,3458.75
11646,3740.75
11647,4000.6
11648,4199.14
11649,4412.05
11650,4412.06
11651,4008.34
11652,3999.67
11653,4113.47
11654,4089.4
11655,4000.26
11656,3949.55
11657,3749.21
11658,3600.01
11659,3750.51
11660,3949.57
11661,3500.81
11662,3464.93
11663,3700.47
11664,3749.35
11665,3357.61
11666,3300.7
11667,3194.98
11668,3149.22
11669,2907.82
11670,2899.3
11671,2879.85
11672,2879.33
11673,2879.07
11674,2879.59
11675,2879.56
11676,2889.36
11677,2879.05
11678,2879.38
11679,2899.9
11680,2990.67
11681,3250.46
11682,3600.01
11683,3458.98
11684,3464.82
11685,4000.0
11686,4113.39
11687,4300.03
11688,4000.74
11689,3678.93
11690,3678.01
11691,4000.19
11692,3999.55
11693,4000.66
11694,4200.92
11695,4412.49
11696,4806.85
11697,4276.4
11698,4392.38
11699,4249.73
11700,4208.0
11701,3999.2
11702,3700.52
11703,3426.31
11704,3028.99
11705,2749.67
11706,2549.58
11707,2499.55
11708,2495.35
11709,2506.94
11710,2442.92
11711,2393.87
11712,2360.4
14593,2360.84
14594,2280.15
14595,2249.1
14596,2200.82
14597,2200.49
14598,2130.14
14599,2110.19
14600,2090.93
14601,2071.99
14602,2010.88
14603,2010.82
14604,2010.52
14605,2010.49
14606,2010.56
14607,2010.36
14608,2010.51
14609,2073.59
14610,2110.44
14611,2110.83
14612,2249.19
14613,2350.36
14614,2368.26
14615,2379.01
14616,2360.48
14617,2499.68
14618,2419.99
14619,3200.55
14620,3399.47
14621,3458.88
14622,3700.23
14623,4008.54
14624,4300.26
14625,4249.75
14626,4119.67
14627,4008.0
14628,3799.02
14629,4000.49
14630,3999.03
14631,3750.91
14632,3700.6
14633,3999.26
14634,3999.21
14635,3999.2
14636,3789.04
14637,3599.53
14638,3464.3
14639,3391.78
14640,3249.52
14641,3011.2
14642,2930.58
14643,2879.69
14644,2879.32
14645,2721.33
14646,2759.93
14647,2740.01
14648,2749.0
14649,2741.63
14650,2713.06
14651,2705.34
14652,2733.92
14653,2780.25
14654,2859.53
14655,2859.9
14656,2859.76
14657,2899.82
14658,3249.82
14659,3269.26
14660,3399.53
14661,3300.05
14662,3269.71
14663,3458.83
14664,3458.78
14665,3678.22
14666,3499.77
14667,3678.63
14668,3678.12
14669,3678.69
14670,4098.35
14671,4113.01
14672,4412.65
14673,4050.6
14674,4113.99
14675,3499.87
14676,3573.6
14677,3524.41
14678,3458.48
14679,3152.74
14680,2899.95
14681,2749.31
14682,2497.0
14683,2497.73
14684,2492.7
14685,2489.38
14686,2469.82
14687,2469.02
14688,2397.19
17473,2249.59
17474,2249.1
17475,2100.54
17476,1999.96
17477,1999.9
17478,1999.54
17479,1999.5
17480,1999.4
17481,1999.26
17482,1999.18
17483,1999.13
17484,1999.09
17485,1999.13
17486,1999.37
17487,1999.56
17488,1999.71
17489,1999.48
17490,1999.85
17491,2100.03
17492,2100.25
17493,2209.8
17494,2270.98
17495,2339.02
17496,2265.65
17497,2301.71
17498,2489.2
17499,2819.98
17500,3200.57
17501,3839.59
17502,4113.89
17503,4412.3
17504,4900.04
17505,4900.34
17506,4700.5
17507,4500.49
17508,4500.14
17509,4500.31
17510,4500.17
17511,4307.56
17512,4307.49
17513,4500.32
17514,4500.12
17515,4412.42
17516,4049.97
17517,3847.1
17518,3847.54
17519,3749.1
17520,3694.86
17521,3500.27
17522,3500.14
17523,3499.91
17524,3249.41
17525,2759.4
17526,2726.85
17527,2629.75
17528,2540.78
17529,2739.19
17530,2716.79
17531,2739.3
17532,2739.8
17533,2759.15
17534,2759.62
17535,2799.11
17536,2849.42
17537,3399.13
17538,3458.17
17539,3399.74
17540,3500.12
17541,3800.62
17542,4008.8
17543,3800.76
17544,3949.77
17545,4113.92
17546,4088.0
17547,4200.37
17548,4200.42
17549,3907.8
17550,4113.49
17551,4272.53
17552,4466.53
17553,3949.92
17554,3815.09
17555,3652.94
17556,3524.91
17557,3481.22
17558,2999.3
17559,2999.49
17560,2739.86
17561,2749.87
17562,2793.27
17563,2795.23
17564,2749.47
17565,2713.13
17566,2445.8
17567,2399.62
17568,2389.23
20449,2359.1
20450,2299.8
20451,2229.95
20452,2200.74
20453,2249.02
20454,2229.33
20455,2229.09
20456,2229.04
20457,2229.04
20458,2180.73
20459,2160.9
20460,2100.93
20461,2100.89
20462,2100.96
20463,2100.9
20464,2160.06
20465,2011.37
20466,2100.94
20467,2234.72
20468,2279.04
20469,2279.74
20470,2279.94
20471,2339.17
20472,2320.88
20473,2483.39
20474,2749.5
20475,3399.89
20476,3800.11
20477,4400.42
20478,4700.6
20479,5000.55
20480,5252.42
20481,5299.55
20482,5241.43
20483,5299.2
20484,5000.68
20485,5000.79
20486,5000.53
20487,5000.68
20488,5000.64
20489,5000.46
20490,4800.08
20491,4412.8
20492,4149.29
20493,3949.89
20494,3998.02
20495,3998.74
20496,3947.92
20497,3750.09
20498,3749.05
20499,3400.9
20500,3300.27
20501,2849.72
20502,2709.71
20503,2707.51
20504,2699.03
20505,2709.17
20506,2709.29
20507,2729.29
20508,2849.04
20509,2899.31
20510,2899.81
20511,3100.13
20512,3228.76
20513,3484.88
20514,3499.08
20515,3458.3
20516,3799.87
20517,3909.34
20518,3999.45
20519,4008.47
20520,4008.11
20521,3799.91
20522,3850.45
20523,4000.02
20524,4008.68
20525,3750.77
20526,4008.79
20527,4200.56
20528,4500.16
20529,3998.31
20530,3999.47
20531,3836.56
20532,3750.84
20533,3529.35
20534,3028.21
20535,2989.0
20536,2711.83
20537,2798.08
20538,2794.41
20539,2749.54
20540,2700.63
20541,2479.62
20542,2429.95
20543,2429.11
20544,2419.42
23425,2369.73
23426,2369.54
23427,2369.17
23428,2368.85
23429,2368.41
23430,2368.04
23431,2339.18
23432,2335.07
23433,2280.36
23434,2279.53
23435,2270.55
23436,2287.32
23437,2281.37
23438,2298.34
23439,2283.47
23440,2310.83
23441,2325.01
23442,2368.29
23443,2368.83
23444,2369.22
23445,2389.82
23446,2394.11
23447,2449.87
23448,2446.24
23449,2930.69
23450,3350.12
23451,3599.16
23452,3598.77
23453,4412.18
23454,5000.41
23455,5000.62
23456,5274.8
23457,5331.6
23458,5000.97
23459,5270.59
23460,5000.97
23461,5299.53
23462,5284.13
23463,5291.04
23464,5288.86
23465,5305.54
23466,5000.74
23467,4699.2
23468,4272.1
23469,4099.68
23470,4149.84
23471,4113.11
23472,4099.64
23473,3799.15
23474,3689.96
23475,3689.3
23476,3228.9
23477,2849.54
23478,2849.26
23479,2849.07
23480,2849.05
23481,2779.91
23482,2799.59
23483,2799.74
23484,2849.21
23485,3011.46
23486,3100.02
23487,3250.56
23488,3399.89
23489,3458.12
23490,3500.07
23491,3689.96
23492,3909.58
23493,3999.7
23494,4208.36
23495,4412.4
23496,4250.85
23497,4069.19
23498,4022.66
23499,4412.26
23500,4500.51
23501,4749.78
23502,4807.23
23503,4731.11
23504,5200.57
23505,4419.67
23506,4412.31
23507,4272.19
23508,4137.19
23509,4000.73
23510,3529.4
23511,3249.73
23512,3139.61
23513,3139.57
23514,2993.5
23515,2797.49
23516,2749.16
23517,2649.82
23518,2479.19
23519,2449.91
23520,2449.46
26305,2409.26
26306,2409.29
26307,2368.74
26308,2359.96
26309,2359.77
26310,2359.56
26311,2359.13
26312,2359.07
26313,2249.63
26314,2249.47
26315,2249.43
26316,2249.43
26317,2249.34
26318,2249.32
26319,2249.31
26320,2249.34
26321,2249.21
26322,2249.7
26323,2359.12
26324,2359.35
26325,2491.97
26326,2506.87
26327,2714.26
26328,2704.78
26329,2889.1
26330,2999.92
26331,3399.43
26332,3458.11
26333,4464.93
26334,5432.11
26335,5500.1
26336,5500.57
26337,5500.78
26338,5500.55
26339,5500.6
26340,5500.68
26341,5500.81
26342,5500.83
26343,5500.72
26344,5500.41
26345,5500.4
26346,5500.03
26347,5000.03
26348,4613.6
26349,4113.05
26350,4113.3
26351,4200.92
26352,4200.16
26353,3909.51
26354,3749.27
26355,3399.96
26356,3399.86
26357,2849.93
26358,2849.28
26359,2849.58
26360,2849.55
26361,2849.47
26362,2849.72
26363,2849.84
26364,2900.09
26365,2900.91
26366,2900.88
26367,2900.85
26368,3000.23
26369,3399.03
26370,3458.31
26371,3749.36
26372,3999.96
26373,3749.1
26374,3909.5
26375,3999.41
26376,3999.99
26377,3999.78
26378,3909.33
26379,3999.83
26380,4113.07
26381,4272.03
26382,4760.5
26383,5052.08
26384,5416.13
26385,4750.13
26386,4736.44
26387,4113.9
26388,3999.52
26389,3909.65
26390,3689.27
26391,3551.76
26392,3500.74
26393,2999.29
26394,2799.81
26395,2797.43
26396,2792.09
26397,2699.29
26398,2500.4
26399,2449.34
26400,2409.98
29281,2409.26
29282,2350.44
29283,2349.64
29284,2349.17
29285,2349.52
29286,2349.34
29287,2349.2
29288,2349.11
29289,2338.58
29290,2338.21
29291,2338.06
29292,2300.09
29293,2270.69
29294,2280.15
29295,2250.26
29296,2270.38
29297,2249.29
29298,2250.42
29299,2338.54
29300,2338.87
29301,2349.87
29302,2349.72
29303,2349.9
29304,2490.36
29305,2789.41
29306,2999.22
29307,2999.55
29308,3399.88
29309,3678.92
29310,3911.91
29311,4019.36
29312,4998.66
29313,5250.13
29314,5250.1
29315,5250.11
29316,5250.11
29317,5250.07
29318,5250.04
29319,5250.15
29320,5050.66
29321,4342.66
29322,4398.9
29323,4517.95
29324,4517.4
29325,4150.21
29326,4008.39
29327,4008.18
29328,3889.47
29329,3549.91
29330,3400.98
29331,3000.76
29332,3050.34
29333,2599.95
29334,2549.51
29335,2549.41
29336,2518.96
29337,2549.05
29338,2549.14
29339,2523.96
29340,2549.19
29341,2599.26
29342,2739.5
29343,2600.85
29344,2739.54
29345,2900.83
29346,3219.41
29347,3289.77
29348,3300.42
29349,3149.18
29350,3219.21
29351,3400.88
29352,3408.27
29353,3300.36
29354,3219.98
29355,3549.49
29356,3561.63
29357,3655.12
29358,3655.22
29359,3690.0
29360,3899.01
29361,3889.08
29362,3889.53
29363,3549.03
29364,3524.9
29365,3219.32
29366,3080.73
29367,2878.49
29368,2782.5
29369,2515.32
29370,2489.71
29371,2459.45
29372,2449.85
29373,2409.61
29374,2409.28
29375,2338.68
29376,2250.0
32161,2200.15
32162,2100.71
32163,2100.98
32164,2100.14
32165,2065.5
32166,1999.91
32167,1999.87
32168,1999.68
32169,1999.86
32170,1999.78
32171,1999.71
32172,1999.67
32173,1999.68
32174,2051.7
32175,2052.06
32176,2058.58
32177,2063.24
32178,2100.89
32179,2243.05
32180,2289.04
32181,2289.22
32182,2289.54
32183,2289.81
32184,2338.01
32185,2669.82
32186,2699.2
32187,2779.28
32188,2999.08
32189,3749.04
32190,4008.1
32191,4009.0
32192,4969.87
32193,5250.05
32194,4799.19
32195,5050.39
32196,4998.36
32197,5250.16
32198,5250.17
32199,5250.22
32200,5250.05
32201,4989.62
32202,4850.61
32203,4409.23
32204,4090.62
32205,3896.51
32206,3895.56
32207,3894.36
32208,3799.32
32209,3263.48
32210,2869.23
32211,2849.2
32212,2829.48
32213,2499.62
32214,2499.66
32215,2509.77
32216,2500.51
32217,2499.19
32218,2510.58
32219,2518.39
32220,2519.19
32221,2849.64
32222,2849.98
32223,2899.45
32224,2980.6
32225,3300.3
32226,3399.24
32227,3399.76
32228,3689.62
32229,3689.69
32230,3800.11
32231,4019.06
32232,4008.28
32233,3897.8
32234,3799.55
32235,3897.08
32236,3898.21
32237,3897.99
32238,3896.3
32239,3899.12
32240,3900.67
32241,3899.51
32242,3989.11
32243,3549.63
32244,3549.12
32245,3500.2
32246,3408.07
32247,3325.08
32248,3263.76
32249,2586.72
32250,2717.04
32251,2800.73
32252,2740.82
32253,2469.9
32254,2459.67
32255,2449.43
32256,2419.72
4129,2159.34
4130,2159.19
4131,2159.0
4132,2100.7
4133,2100.49
4134,2100.18
4135,2088.3
4136,2077.72
4137,2000.0
4138,1999.97
4139,1999.96
4140,2011.09
4141,1999.97
4142,2000.16
4143,2050.44
4144,2059.12
4145,2069.1
4146,2099.0
4147,2099.19
4148,2099.42
4149,2189.06
4150,2189.2
4151,2099.91
4152,2189.01
4153,2439.24
4154,2439.64
4155,2489.99
4156,2499.13
4157,2599.4
4158,3000.24
4159,3749.05
4160,4008.9
4161,4008.79
4162,4191.0
4163,4008.83
4164,4008.17
4165,4250.27
4166,4112.13
4167,4008.44
4168,4000.18
4169,3749.89
4170,3600.57
4171,3700.05
4172,3599.58
4173,3500.18
4174,3399.13
4175,3300.27
4176,3250.01
4177,2493.99
4178,2439.96
4179,2419.85
4180,2419.21
4181,2309.63
4182,2309.46
4183,2309.61
4184,2312.25
4185,2309.35
4186,2309.38
4187,2309.99
4188,2309.82
4189,2419.2
4190,2370.72
4191,2419.36
4192,2419.56
4193,2439.83
4194,2469.76
4195,2510.63
4196,2799.71
4197,2900.76
4198,2999.18
4199,3399.19
4200,3400.25
4201,3850.87
4202,3399.25
4203,3671.96
4204,3300.87
4205,3700.43
4206,3600.37
4207,3493.79
4208,3893.43
4209,3708.93
4210,3862.98
4211,3578.86
4212,3524.04
4213,3408.81
4214,3249.09
4215,2900.79
4216,2799.24
4217,2338.79
4218,2249.78
4219,2249.71
4220,2249.91
4221,2249.34
4222,2249.06
4223,2239.06
4224,2189.15
4225,2029.81
4226,2029.54
4227,2029.29
4228,2011.37
4229,1999.88
4230,1999.56
4231,1999.35
4232,1999.14
4233,1999.06
4234,1999.02
4235,1900.0
4236,1899.95
4237,1899.92
4238,1899.86
4239,1999.01
4240,1999.1
4241,1999.25
4242,1999.56
4243,1999.68
4244,1999.94
4245,2029.62
4246,2029.99
4247,2029.62
4248,2029.32
4249,2219.68
4250,2129.73
4251,2129.56
4252,2219.39
4253,2492.76
4254,2900.36
4255,3300.61
4256,3898.79
4257,3891.35
4258,3895.47
4259,3749.52
4260,3500.97
4261,3894.86
4262,3749.04
4263,3399.03
4264,3220.01
4265,3300.39
4266,3000.66
4267,3000.3
4268,2849.3
4269,2629.3
4270,2699.98
4271,2849.36
4272,2849.55
4273,2519.42
4274,2391.57
4275,2249.73
4276,2249.49
4277,2249.57
4278,2249.52
4279,2249.54
4280,2249.72
4281,2249.63
4282,2249.65
4283,2312.34
4284,2312.22
4285,2249.93
4286,2249.92
4287,2500.56
4288,2525.5
4289,2586.11
4290,2799.23
4291,3200.84
4292,3312.97
4293,3000.71
4294,3100.79
4295,3749.6
4296,3749.02
4297,3577.49
4298,3591.57
4299,3592.83
4300,3318.25
4301,3300.24
4302,3249.82
4303,3300.3
4304,3749.08
4305,3595.9
4306,3598.36
4307,3591.45
4308,3480.94
4309,3139.9
4310,3076.52
4311,2749.77
4312,2749.32
4313,2700.28
4314,2528.82
4315,2509.8
4316,2486.35
4317,2249.23
4318,2229.53
4319,2219.85
4320,2219.13
4321,2029.22
4322,1999.9
4323,1999.77
4324,1999.69
4325,1999.14
4326,1979.99
4327,1979.84
4328,1979.76
4329,1979.61
4330,1979.65
4331,1979.61
4332,1979.57
4333,1979.67
4334,1979.69
4335,1999.17
4336,1999.2
4337,1999.38
4338,1999.66
4339,2011.65
4340,2029.18
4341,2070.67
4342,2075.77
4343,2085.55
4344,2089.27
4345,2387.34
4346,2379.95
4347,2419.6
4348,2503.46
4349,2930.68
4350,3399.84
4351,3150.74
4352,3599.95
4353,3796.57
4354,3796.3
4355,3794.94
4356,3797.61
4357,3795.95
4358,3791.13
4359,3749.4
4360,3399.51
4361,3225.91
4362,3200.33
4363,2960.2
4364,3060.99
4365,2723.94
4366,2520.23
4367,2699.98
4368,2509.66
4369,3135.59
4370,2723.64
4371,2514.31
4372,2480.52
4373,2249.57
4374,2249.27
4375,2249.27
4376,2249.26
4377,2249.49
4378,2249.6
4379,2269.33
4380,2269.84
4381,2289.82
4382,2319.16
4383,2319.58
4384,2489.26
4385,2515.32
4386,2732.31
4387,2849.36
4388,3000.18
4389,2748.14
4390,3011.26
4391,3399.54
4392,3250.63
4393,3491.3
4394,3399.52
4395,3499.87
4396,3498.85
4397,3393.09
4398,3396.45
4399,3400.98
4400,3914.44
4401,3480.51
4402,3524.1
4403,3399.43
4404,3392.45
4405,3391.75
4406,3170.33
4407,2989.49
4408,2749.34
4409,2496.02
4410,2338.82
4411,2319.06
4412,2289.45
4413,2159.37
4414,2139.97
4415,2139.69
4416,2139.37
4417,2090.54
4418,2089.88
4419,2087.55
4420,2052.27
4421,2010.9
4422,1999.9
4423,1999.71
4424,1999.52
4425,2000.65
4426,1999.45
4427,1999.41
4428,1999.34
4429,1999.75
4430,1999.77
4431,1999.77
4432,1999.93
4433,1999.8
4434,2029.22
4435,2029.98
4436,2077.65
4437,2233.74
4438,2249.18
4439,2249.42
4440,2338.2
4441,2486.2
4442,2749.3
4443,3000.99
4444,3439.39
4445,3500.65
4446,4000.34
4447,4000.34
4448,4300.29
4449,4300.22
4450,4300.22
4451,4300.27
4452,4300.11
4453,4300.24
4454,4272.27
4455,4250.61
4456,4000.23
4457,3800.82
4458,3800.59
4459,3500.11
4460,3500.38
4461,3395.29
4462,3393.11
4463,3300.4
4464,3100.93
4465,2849.47
4466,2849.09
4467,2698.48
4468,2509.27
4469,2319.85
4470,2319.2
4471,2312.5
4472,2312.35
4473,2319.34
4474,2400.66
4475,2483.07
4476,2499.08
4477,2495.41
4478,2499.01
4479,2503.48
4480,2509.08
4481,2999.63
4482,3250.84
4483,3399.02
4484,3400.59
4485,3357.69
4486,3399.49
4487,3539.17
4488,3500.72
4489,3395.04
4490,3394.29
4491,3525.95
4492,3408.2
4493,3300.05
4494,3300.88
4495,3300.19
4496,3749.93
4497,3310.96
4498,3408.59
4499,3296.46
4500,3295.22
4501,3300.25
4502,3298.4
4503,3295.35
4504,3110.15
4505,2749.9
4506,2699.97
4507,2486.93
4508,2319.98
4509,2249.32
4510,2249.17
4511,2199.94
4512,2199.37
4513,2169.98
4514,2169.49
4515,2169.15
4516,2130.55
4517,2110.43
4518,2100.35
4519,2093.92
4520,2090.75
4521,2100.28
4522,2100.08
4523,2095.8
4524,2092.53
4525,2090.72
4526,2090.72
4527,2090.72
4528,2090.9
4529,2090.37
4530,2090.79
4531,2094.37
4532,2100.61
4533,2249.31
4534,2249.91
4535,2250.48
4536,2338.02
4537,2749.25
4538,2749.41
4539,3439.33
4540,3700.47
4541,3700.92
4542,4200.25
4543,4200.9
4544,4704.29
4545,4740.44
4546,4649.37
4547,4600.22
4548,4500.83
4549,4409.89
4550,4272.84
4551,4409.1
4552,4132.9
4553,3949.29
4554,3905.5
4555,3597.2
4556,3449.25
4557,3394.33
4558,3396.16
4559,3396.56
4560,3398.3
4561,3100.25
4562,2930.19
4563,2999.61
4564,2849.51
4565,2429.74
4566,2359.55
4567,2400.27
4568,2400.83
4569,2429.01
4570,2429.81
4571,2500.92
4572,2509.43
4573,2539.92
4574,2539.37
4575,2799.35
4576,2826.12
4577,2849.95
4578,3057.4
4579,3060.97
4580,3079.92
4581,3074.27
4582,3067.68
4583,3166.03
4584,3068.86
4585,3399.12
4586,3396.53
4587,3531.65
4588,3696.28
4589,3669.45
4590,3869.07
4591,3999.46
4592,4199.42
4593,3849.12
4594,3849.98
4595,3710.92
4596,3669.09
4597,3669.56
4598,3408.84
4599,3297.9
4600,3150.94
4601,3093.58
4602,2898.31
4603,2791.12
4604,2749.18
4605,2486.94
4606,2429.21
4607,2400.29
4608,2400.62
4609,2338.64
4610,2249.64
4611,2219.94
4612,2219.35
4613,2219.23
4614,2199.89
4615,2199.6
4616,2199.37
4617,2199.04
4618,2199.03
4619,2180.46
4620,2169.97
4621,2169.87
4622,2169.88
4623,2169.88
4624,2169.84
4625,2169.79
4626,2219.02
4627,2219.41
4628,2219.59
4629,2249.91
4630,2249.82
4631,2338.6
4632,2338.73
4633,2719.9
4634,2749.67
4635,3250.22
4636,3499.63
4637,3696.18
4638,3800.9
4639,3999.68
4640,4469.89
4641,4269.57
4642,4469.07
4643,4330.7
4644,4008.32
4645,4008.0
4646,3999.66
4647,4000.3
4648,3849.37
4649,3700.34
4650,3399.81
4651,3395.26
4652,3399.52
4653,3398.1
4654,3399.03
4655,3396.0
4656,3393.83
4657,3225.36
4658,3200.28
4659,3000.06
4660,2750.47
4661,2399.97
4662,2399.58
4663,2399.99
4664,2399.95
4665,2399.8
4666,2399.76
4667,2399.77
4668,2399.61
4669,2501.43
4670,2511.32
4671,2519.7
4672,2525.84
4673,2599.38
4674,2599.68
4675,2750.77
4676,2849.3
4677,2999.19
4678,3199.61
4679,3536.53
4680,3533.96
4681,3383.78
4682,3300.8
4683,3525.12
4684,3529.62
4685,3383.72
4686,3542.86
4687,3696.3
4688,3999.53
4689,3920.65
4690,3899.28
4691,3529.95
4692,3529.27
4693,3529.09
4694,3440.5
4695,3293.17
4696,3199.11
4697,2839.31
4698,2749.88
4699,2749.35
4700,2738.71
4701,2459.33
4702,2439.66
4703,2439.49
4704,2439.06
4705,2394.58
4706,2289.96
4707,2416.03
4708,2392.0
4709,2289.68
4710,2289.41
4711,2289.29
4712,2289.26
4713,2280.22
4714,2280.74
4715,2280.3
4716,2270.89
4717,2239.77
4718,2239.79
4719,2239.81
4720,2239.84
4721,2239.96
4722,2242.72
4723,2270.36
4724,2289.77
4725,2400.27
4726,2429.61
4727,2509.59
4728,2737.21
4729,2825.2
4730,3350.15
4731,3800.33
4732,4100.09
4733,4300.39
4734,4400.59
4735,4600.49
4736,4900.98
4737,4989.93
4738,4900.96
4739,4900.86
4740,4649.51
4741,4649.52
4742,4649.08
4743,4600.99
4744,4414.99
4745,4300.94
4746,4000.99
4747,4000.97
4748,4098.76
4749,4000.43
4750,4000.5
4751,4000.72
4752,4000.68
4753,3800.55
4754,3800.38
4755,3500.95
4756,3350.53
4757,2930.03
4758,2651.47
4759,2629.77
4760,2629.33
4761,2629.97
4762,2750.99
4763,2750.23
4764,2651.57
4765,3000.54
4766,2950.03
4767,3000.8
4768,3000.53
4769,3396.8
4770,3399.13
4771,3400.52
4772,3899.97
4773,4272.69
4774,4414.11
4775,4881.78
4776,4915.0
4777,4405.6
4778,4341.39
4779,4614.15
4780,4710.22
4781,4450.52
4782,4885.48
4783,5050.43
4784,5279.73
4785,4921.24
4786,4899.07
4787,4400.1
4788,4199.48
4789,4012.64
4790,4000.0
4791,4048.13
4792,3749.9
4793,3352.53
4794,3229.76
4795,3053.6
4796,2798.2
4797,2749.32
4798,2700.28
4799,2512.69
4800,2500.62
4801,2559.5
4802,2519.9
4803,2509.56
4804,2504.99
4805,2499.12
4806,2487.07
4807,2460.87
4808,2409.8
4809,2409.28
4810,2409.3
4811,2409.21
4812,2409.2
4813,2400.99
4814,2402.51
4815,2402.37
4816,2409.13
4817,2409.17
4818,2409.57
4819,2409.79
4820,2479.23
4821,2479.44
4822,2479.8
4823,2600.7
4824,2749.62
4825,3307.66
4826,3305.6
4827,3849.0
4828,4008.74
4829,4756.01
4830,4900.64
4831,5000.84
4832,5319.2
4833,5125.12
4834,5113.48
4835,5000.88
4836,5032.27
4837,5000.63
4838,5000.29
4839,4999.91
4840,4900.06
4841,4800.48
4842,4500.48
4843,4500.33
4844,4500.16
4845,4199.44
4846,4199.39
4847,4149.92
4848,4008.46
4849,3849.7
4850,3800.16
4851,3649.83
4852,3395.0
4853,2849.39
4854,2799.43
4855,2849.18
4856,2849.15
4857,2849.38
4858,2849.41
4859,2849.63
4860,2849.82
4861,2930.29
4862,2849.95
4863,3000.27
4864,3139.08
4865,3399.45
4866,3399.32
4867,3739.37
4868,3949.45
4869,3749.55
4870,3849.81
4871,4008.46
4872,4008.82
4873,4220.27
4874,4220.52
4875,4391.53
4876,4420.52
4877,4199.37
4878,4414.37
4879,4500.99
4880,5295.99
4881,5200.11
4882,5000.63
4883,4441.19
4884,4250.72
4885,4098.99
4886,4008.11
4887,3649.04
4888,3490.59
4889,2800.22
4890,2798.58
4891,2749.37
4892,2629.94
4893,2559.38
4894,2519.7
4895,2409.85
4896,2409.26
4897,2539.58
4898,2539.45
4899,2512.01
4900,2500.67
4901,2499.32
4902,2499.05
4903,2494.54
4904,2490.71
4905,2489.42
4906,2489.45
4907,2489.54
4908,2489.53
4909,2399.74
4910,2399.69
4911,2399.65
4912,2399.66
4913,2399.7
4914,2402.01
4915,2400.0
4916,2489.0
4917,2492.31
4918,2499.03
4919,2505.8
4920,2700.19
4921,3059.15
4922,3310.91
4923,3989.66
4924,4414.6
4925,5000.86
4926,5516.16
4927,5793.55
4928,6103.67
4929,6105.14
4930,6069.37
4931,6017.57
4932,6070.0
4933,5784.25
4934,5286.14
4935,5100.84
4936,5000.94
4937,5000.88
4938,5000.71
4939,4649.78
4940,4414.89
4941,4199.68
4942,4290.08
4943,4414.46
4944,4450.89
4945,4199.77
4946,4199.21
4947,3999.83
4948,3400.26
4949,3000.24
4950,2850.0
4951,2849.9
4952,2849.83
4953,2999.31
4954,3000.26
4955,3100.94
4956,3117.98
4957,3200.97
4958,3250.55
4959,3382.45
4960,3100.9
4961,3541.69
4962,3538.74
4963,3949.9
4964,4199.26
4965,4199.09
4966,4311.44
4967,4500.82
4968,4600.2
4969,4500.94
4970,4199.59
4971,4475.8
4972,4823.39
4973,5050.82
4974,5400.59
4975,5584.98
4976,6003.17
4977,5410.55
4978,5158.09
4979,4515.63
4980,4232.36
4981,3999.06
4982,3749.02
4983,3626.93
4984,3318.53
4985,2700.78
4986,2659.78
4987,2599.76
4988,2579.83
4989,2549.53
4990,2517.25
4991,2499.95
4992,2495.83
4993,2479.04
4994,2479.33
4995,2402.72
4996,2379.9
4997,2339.97
4998,2339.73
4999,2339.59
5000,2339.5
5001,2300.72
5002,2338.16
5003,2250.06
5004,2249.92
5005,2249.94
5006,2250.91
5007,2249.44
5008,2249.59
5009,2249.98
5010,2289.09
5011,2289.17
5012,2289.37
5013,2402.59
5014,2429.26
5015,2524.88
5016,2749.05
5017,2949.2
5018,3029.89
5019,3589.58
5020,4008.42
5021,4200.5
5022,4469.09
5023,4749.96
5024,5000.34
5025,5000.3
5026,5000.28
5027,5000.22
5028,5000.14
5029,5000.07
5030,4624.5
5031,4750.8
5032,4624.81
5033,4500.99
5034,4499.01
5035,4200.63
5036,4249.39
5037,3949.82
5038,3999.37
5039,3999.3
5040,3949.73
5041,3626.54
5042,3599.19
5043,3395.19
5044,3307.3
5045,2809.52
5046,2809.17
5047,2809.08
5048,2809.11
5049,2809.75
5050,2809.58
5051,2949.77
5052,2980.89
5053,2999.72
5054,3011.85
5055,3357.13
5056,3420.42
5057,3300.42
5058,3200.88
5059,3600.68
5060,3979.03
5061,3979.16
5062,4008.09
5063,4199.74
5064,4008.17
5065,3979.29
5066,3696.66
5067,3979.83
5068,4098.33
5069,3999.52
5070,4249.7
5071,4395.1
5072,4624.75
5073,4249.15
5074,4249.11
5075,4249.89
5076,4008.66
5077,3649.74
5078,3526.87
5079,3486.29
5080,3296.2
5081,2749.63
5082,2749.37
5083,2700.62
5084,2519.11
5085,2492.07
5086,2481.72
5087,2449.2
5088,2399.5
5089,2516.43
5090,2513.31
5091,2500.78
5092,2498.1
5093,2488.92
5094,2483.38
5095,2429.97
5096,2429.99
5097,2429.66
5098,2429.58
5099,2350.68
5100,2338.1
5101,2270.81
5102,2250.2
5103,2249.83
5104,2249.99
5105,2249.82
5106,2250.63
5107,2249.92
5108,2338.07
5109,2483.05
5110,2484.63
5111,2509.97
5112,2749.76
5113,2989.42
5114,3039.18
5115,3949.96
5116,4008.72
5117,4200.53
5118,5000.83
5119,5042.7
5120,5200.32
5121,5200.18
5122,5000.63
5123,5299.04
5124,5299.57
5125,5000.22
5126,4998.93
5127,4999.88
5128,4710.64
5129,5000.77
5130,4818.85
5131,4500.07
5132,4600.76
5133,4199.44
5134,4362.21
5135,4249.95
5136,4250.24
5137,4093.76
5138,4050.01
5139,3597.21
5140,3100.22
5141,2960.52
5142,2949.54
5143,2949.53
5144,2949.46
5145,2949.86
5146,2949.91
5147,2989.36
5148,2989.83
5149,3011.12
5150,3113.15
5151,3300.57
5152,3250.82
5153,3537.03
5154,3626.34
5155,3749.71
5156,3737.78
5157,3649.91
5158,3929.87
5159,4049.22
5160,3979.63
5161,3749.14
5162,3619.92
5163,3696.27
5164,4008.01
5165,3979.47
5166,4100.91
5167,4499.05
5168,5299.68
5169,4414.56
5170,4387.87
5171,4250.36
5172,4008.73
5173,3899.51
5174,3664.66
5175,3408.48
5176,3291.64
5177,2800.61
5178,2749.56
5179,2749.76
5180,2749.05
5181,2619.73
5182,2529.5
5183,2529.67
5184,2522.92
5185,2749.45
5186,2749.59
5187,2749.3
5188,2749.08
5189,2500.44
5190,2495.95
5191,2493.37
5192,2492.04
5193,2489.13
5194,2489.04
5195,2489.02
5196,2487.27
5197,2399.71
5198,2399.65
5199,2399.62
5200,2399.81
5201,2409.45
5202,2429.38
5203,2399.73
5204,2402.85
5205,2700.97
5206,2759.08
5207,2900.83
5208,3000.58
5209,3408.34
5210,3408.92
5211,4008.68
5212,4372.0
5213,4574.2
5214,5000.52
5215,5000.44
5216,5000.83
5217,5000.96
5218,5000.76
5219,5299.14
5220,5400.79
5221,5299.31
5222,5299.79
5223,5381.2
5224,5299.86
5225,5299.52
5226,5143.25
5227,5100.08
5228,5250.49
5229,4749.57
5230,4828.0
5231,4736.8
5232,4467.2
5233,4199.12
5234,4300.37
5235,4089.86
5236,3979.83
5237,3436.2
5238,3382.69
5239,3300.96
5240,3107.0
5241,3217.15
5242,3217.72
5243,3382.25
5244,3408.39
5245,3529.67
5246,3532.84
5247,3691.34
5248,3691.69
5249,3979.6
5250,4174.08
5251,4174.0
5252,4174.29
5253,3589.23
5254,3722.91
5255,4089.35
5256,4008.02
5257,3749.81
5258,3696.15
5259,4008.17
5260,4381.36
5261,4311.31
5262,4930.58
5263,5299.29
5264,5991.53
5265,5300.91
5266,5299.47
5267,4860.77
5268,4472.12
5269,3979.36
5270,3873.38
5271,3749.98
5272,3596.1
5273,3318.29
5274,3337.01
5275,3224.19
5276,3179.36
5277,2799.24
5278,2731.25
5279,2599.47
5280,2529.92
5281,2529.28
5282,2529.77
5283,2516.0
5284,2504.55
5285,2499.6
5286,2499.22
5287,2499.19
5288,2498.83
5289,2469.87
5290,2469.9
5291,2469.97
5292,2469.91
5293,2469.08
5294,2469.53
5295,2469.29
5296,2469.39
5297,2310.34
5298,2338.57
5299,2338.86
5300,2460.74
5301,2489.63
5302,2506.03
5303,2485.02
5304,2469.21
5305,2514.93
5306,2387.2
5307,2749.13
5308,3149.62
5309,3500.53
5310,3549.83
5311,3737.5
5312,4019.2
5313,4019.1
5314,4155.17
5315,4230.94
5316,4008.59
5317,3999.42
5318,3699.31
5319,3714.74
5320,3700.88
5321,3499.38
5322,3399.12
5323,3398.45
5324,3396.04
5325,3383.65
5326,3530.56
5327,3459.26
5328,3169.66
5329,3059.72
5330,3052.78
5331,2999.23
5332,2999.12
5333,2839.94
5334,2839.27
5335,2814.44
5336,2814.6
5337,2799.25
5338,2839.05
5339,2839.42
5340,2839.4
5341,2929.83
5342,2969.09
5343,2969.71
5344,2979.2
5345,2969.59
5346,2979.83
5347,2999.12
5348,2999.99
5349,3219.32
5350,3370.5
5351,3499.55
5352,3499.1
5353,3150.51
5354,3249.38
5355,3399.18
5356,3500.97
5357,3689.44
5358,3889.04
5359,4150.38
5360,4472.29
5361,4312.16
5362,4250.16
5363,4019.76
5364,4050.26
5365,3549.64
5366,3526.64
5367,3297.77
5368,3292.11
5369,3033.1
5370,3169.06
5371,2800.93
5372,2749.82
5373,2749.29
5374,2539.7
5375,2510.36
5376,2499.1
5377,2526.8
5378,2515.83
5379,2495.55
5380,2497.43
5381,2488.21
5382,2479.77
5383,2479.28
5384,2479.06
5385,2439.78
5386,2439.89
5387,2399.94
5388,2399.71
5389,2338.55
5390,2329.69
5391,2236.79
5392,2237.82
5393,2158.24
5394,2232.72
5395,2249.32
5396,2249.85
5397,2479.48
5398,2514.1
5399,2496.4
5400,2492.38
5401,2749.19
5402,2749.48
5403,2799.77
5404,2879.01
5405,3589.27
5406,4030.84
5407,4500.98
5408,5000.45
5409,5299.02
5410,5027.1
5411,5000.97
5412,5000.19
5413,4791.82
5414,4499.15
5415,4750.18
5416,4727.97
5417,4500.9
5418,4500.81
5419,4199.97
5420,4089.67
5421,3977.88
5422,4093.23
5423,4189.97
5424,4093.73
5425,3749.07
5426,3721.19
5427,3223.14
5428,3250.4
5429,3094.58
5430,3091.3
5431,3084.41
5432,3051.0
5433,3092.44
5434,3098.95
5435,3250.33
5436,3357.84
5437,3543.49
5438,3549.94
5439,3749.38
5440,3824.88
5441,4098.81
5442,4372.38
5443,4372.41
5444,4372.37
5445,4019.02
5446,4379.57
5447,4568.75
5448,4406.97
5449,3749.89
5450,3653.6
5451,3800.1
5452,4089.96
5453,4098.2
5454,5299.03
5455,5372.11
5456,5800.71
5457,5487.25
5458,5487.43
5459,4881.47
5460,4366.94
5461,4098.38
5462,4000.18
5463,3700.42
5464,3549.11
5465,3317.94
5466,3317.4
5467,3000.45
5468,2988.21
5469,3000.22
5470,2749.76
5471,2732.96
5472,2579.24
5473,2539.81
5474,2539.79
5475,2525.07
5476,2510.0
5477,2499.1
5478,2489.17
5479,2397.45
5480,2338.68
5481,2338.78
5482,2391.58
5483,2350.94
5484,2338.84
5485,2089.38
5486,2090.56
5487,2087.52
5488,2095.92
5489,2098.12
5490,2234.31
5491,2249.1
5492,2249.75
5493,2493.57
5494,2500.85
5495,2500.25
5496,2484.03
5497,2505.3
5498,2554.2
5499,2791.6
5500,3000.82
5501,3500.3
5502,4039.28
5503,5000.64
5504,5150.21
5505,5221.88
5506,5000.09
5507,5000.5
5508,5000.1
5509,4791.94
5510,4726.48
5511,4770.09
5512,4797.5
5513,4748.41
5514,4800.48
5515,4370.7
5516,4093.52
5517,3899.28
5518,4093.09
5519,3977.24
5520,3589.48
5521,3420.72
5522,3250.51
5523,3094.91
5524,3092.45
5525,3093.6
5526,3050.29
5527,2989.49
5528,2989.6
5529,3092.19
5530,3093.91
5531,3100.55
5532,3400.41
5533,3482.99
5534,3483.76
5535,3589.99
5536,3631.94
5537,3899.12
5538,3909.35
5539,3709.21
5540,3709.61
5541,3899.42
5542,3899.93
5543,4039.75
5544,3699.79
5545,3329.68
5546,3289.96
5547,3709.29
5548,4039.06
5549,4008.66
5550,4883.3
5551,4469.81
5552,5768.25
5553,5350.05
5554,5100.36
5555,4488.24
5556,4093.56
5557,4093.43
5558,4008.49
5559,3709.12
5560,3696.4
5561,3318.97
5562,3317.81
5563,2986.95
5564,2812.39
5565,2800.87
5566,2749.41
5567,2589.86
5568,2589.17
5569,2749.43
5570,2749.13
5571,2609.32
5572,2599.71
5573,2599.01
5574,2525.93
5575,2504.19
5576,2496.97
5577,2499.2
5578,2499.13
5579,2499.01
5580,2494.9
5581,2488.27
5582,2480.66
5583,2338.53
5584,2338.51
5585,2310.99
5586,2338.3
5587,2494.75
5588,2505.85
5589,2599.16
5590,2609.84
5591,2749.1
5592,2749.86
5593,3408.44
5594,3150.02
5595,3400.21
5596,3696.47
5597,4100.86
5598,4818.5
5599,5189.67
5600,5542.5
5601,5299.82
5602,5250.45
5603,5000.67
5604,5000.28
5605,4726.47
5606,4720.31
5607,4754.77
5608,4759.31
5609,4732.76
5610,4770.58
5611,4343.87
5612,4089.88
5613,3648.11
5614,3500.79
5615,3600.15
5616,3250.51
5617,3629.14
5618,3455.89
5619,3097.17
5620,3094.76
5621,3092.81
5622,3092.75
5623,2950.27
5624,2949.7
5625,2949.95
5626,3093.87
5627,3182.83
5628,3244.46
5629,3483.93
5630,3637.7
5631,3699.69
5632,3699.82
5633,4000.06
5634,4008.48
5635,4008.8
5636,3949.59
5637,3709.44
5638,3699.24
5639,3739.58
5640,3635.8
5641,3239.18
5642,3229.3
5643,3696.02
5644,3708.67
5645,3699.27
5646,4150.48
5647,4600.18
5648,5579.88
5649,5400.14
5650,5299.27
5651,4444.92
5652,4009.0
5653,4008.85
5654,3813.2
5655,3569.41
5656,3298.28
5657,3320.86
5658,3317.67
5659,2989.59
5660,2898.58
5661,2799.07
5662,2609.91
5663,2539.3
5664,2525.93
193,3500.26
194,3440.52
195,3408.79
196,3310.91
197,2800.65
198,2800.93
199,2752.87
200,2749.8
201,2539.62
202,2539.33
203,2529.33
204,2529.1
205,2497.25
206,2493.68
207,2483.0
208,2484.08
209,2497.58
210,2499.48
211,2509.49
212,2509.88
213,2900.13
214,3000.32
215,3169.85
216,3343.13
217,3714.17
218,3750.48
219,3900.63
220,4200.9
221,4600.3
222,5000.5
223,5000.6
224,5299.59
225,5000.74
226,5000.63
227,5000.02
228,4670.91
229,4250.23
230,4008.65
231,4189.94
232,4499.24
233,4470.97
234,4999.06
235,5299.63
236,5299.26
237,4499.37
238,4999.88
239,4999.26
240,4999.1
241,4320.84
242,4320.39
243,4228.4
244,4208.41
245,3634.72
246,3483.1
247,3250.43
248,3220.75
249,3483.08
250,3400.1
251,3625.52
252,3640.67
253,3642.57
254,3779.35
255,3900.35
256,3977.92
257,4189.32
258,4008.91
259,4091.61
260,4091.51
261,4470.51
262,4000.81
263,3700.07
264,3627.2
265,3193.04
266,3500.98
267,3900.47
268,4248.5
269,4070.17
270,4840.8
271,5500.16
272,5842.63
273,5924.75
274,5614.5
275,5525.75
276,5529.6
277,5290.78
278,4788.29
279,4850.85
280,4500.27
281,4441.89
282,4189.68
283,3977.31
284,3875.5
285,3430.97
286,3408.12
287,3238.87
288,2996.55
961,3889.3
962,3820.12
963,4035.53
964,3889.03
965,3997.26
966,3889.12
967,3800.7
968,3664.59
969,3548.87
970,3548.68
971,3664.38
972,3639.12
973,3499.83
974,3499.47
975,3250.81
976,3155.03
977,3100.77
978,3399.7
979,3548.0
980,3548.93
981,3799.49
982,3951.91
983,4814.76
984,4989.21
985,4814.01
986,4814.29
987,4500.12
988,4469.63
989,4584.87
990,4695.33
991,5199.03
992,6000.08
993,4832.71
994,4814.86
995,4814.62
996,4814.21
997,4422.35
998,4500.19
999,4500.05
1000,4500.76
1001,4209.56
1002,4500.5
1003,4579.63
1004,4658.53
1005,4814.1
1006,4741.67
1007,4637.23
1008,4500.34
1009,4489.64
1010,4349.1
1011,4200.55
1012,4480.54
1013,4500.64
1014,4209.69
1015,4094.61
1016,4000.38
1017,4079.55
1018,4094.35
1019,4159.5
1020,4814.02
1021,4814.13
1022,4300.81
1023,4500.28
1024,4814.23
1025,6001.06
1026,6004.36
1027,5513.42
1028,5517.34
1029,4790.83
1030,5000.62
1031,6000.55
1032,6999.1
1033,8399.5
1034,8590.91
1035,10112.35
1036,8399.17
1037,6999.49
1038,4469.69
1039,3939.35
1040,3936.37
1041,3989.93
1042,3989.25
1043,3999.57
1044,4318.18
1045,4814.67
1046,4814.62
1047,4814.34
1048,4469.9
1049,4814.88
1050,6001.95
1051,4814.85
1052,4814.25
1053,3909.59
1054,3820.89
1055,3909.37
1056,3909.24
3937,4989.99
3938,4989.23
3939,4989.99
3940,4814.82
3941,4989.2
3942,4814.66
3943,4519.69
3944,4249.54
3945,4489.7
3946,4249.53
3947,4410.15
3948,4035.56
3949,3951.44
3950,3820.83
3951,3664.17
3952,3663.48
3953,3664.32
3954,3889.68
3955,4035.73
3956,4814.8
3957,4989.32
3958,5998.96
3959,6100.99
3960,6999.74
3961,5204.97
3962,5208.65
3963,5202.23
3964,5200.92
3965,4814.94
3966,4814.86
3967,4853.72
3968,4814.63
3969,4740.6
3970,4814.16
3971,4500.27
3972,4213.27
3973,4263.12
3974,4213.21
3975,4500.38
3976,4725.7
3977,4814.04
3978,4814.82
3979,4814.81
3980,5000.79
3981,5000.53
3982,4814.61
3983,4814.3
3984,4500.33
3985,4500.84
3986,4814.04
3987,4814.34
3988,4814.48
3989,4489.54
3990,4301.2
3991,4480.27
3992,4814.01
3993,4814.01
3994,4814.48
3995,6100.09
3996,6200.66
3997,6200.41
3998,6500.06
3999,5989.09
4000,5750.22
4001,4814.5
4002,4814.75
4003,6999.44
4004,7100.06
4005,5502.61
4006,5989.53
4007,6999.56
4008,8590.97
4009,8744.59
4010,7008.36
4011,8590.59
4012,8229.41
4013,7550.3
4014,5453.16
4015,4814.4
4016,4510.2
4017,4800.73
4018,4510.31
4019,4814.38
4020,4814.57
4021,4814.1
4022,4814.01
4023,4814.2
4024,4814.05
4025,4814.32
4026,5989.56
4027,4814.86
4028,4814.5
4029,4249.74
4030,3989.38
4031,4250.47
4032,4200.66
6625,4856.15
6626,4300.73
6627,4029.94
6628,3879.1
6629,3879.98
6630,3999.95
6631,4000.26
6632,4029.32
6633,3879.22
6634,3799.83
6635,3664.43
6636,3750.06
6637,3548.26
6638,3548.81
6639,3548.32
6640,3548.46
6641,3548.88
6642,3879.78
6643,3599.1
6644,3599.7
6645,3664.63
6646,3715.28
6647,4000.36
6648,4489.61
6649,4489.89
6650,4856.36
6651,4600.24
6652,4856.49
6653,4856.6
6654,4999.27
6655,5000.69
6656,5434.48
6657,5000.77
6658,5000.73
6659,5000.8
6660,4999.19
6661,4856.82
6662,4856.32
6663,4856.99
6664,4999.45
6665,4856.51
6666,4856.95
6667,5199.19
6668,6989.5
6669,4999.83
6670,6489.02
6671,5199.61
6672,6489.71
6673,5199.7
6674,5000.54
6675,4999.9
6676,4856.63
6677,4489.76
6678,4100.68
6679,4272.8
6680,4035.97
6681,4301.02
6682,4303.07
6683,4304.09
6684,4304.83
6685,4856.07
6686,4856.33
6687,4856.53
6688,4856.6
6689,4856.68
6690,4856.48
6691,4349.9
6692,4856.16
6693,4140.18
6694,5560.14
6695,6999.5
6696,11092.01
6697,6999.66
6698,10112.83
6699,10112.34
6700,8590.02
6701,6489.14
6702,5000.45
6703,5084.3
6704,5000.47
6705,5000.24
6706,5199.03
6707,5800.69
6708,5206.63
6709,5310.5
6710,5000.47
6711,4856.93
6712,4856.32
6713,4856.66
6714,5000.13
6715,4856.59
6716,4856.22
6717,4856.34
6718,4301.86
6719,4029.64
6720,3879.61
9601,3548.34
9602,3548.07
9603,3548.38
9604,3548.8
9605,3879.16
9606,3799.44
9607,3687.91
9608,3719.49
9609,3548.8
9610,3548.07
9611,3500.4
9612,3499.64
9613,3499.18
9614,3300.18
9615,3089.66
9616,3099.38
9617,3026.7
9618,3168.97
9619,3499.48
9620,3548.04
9621,3548.09
9622,3548.68
9623,3548.46
9624,3590.44
9625,3960.2
9626,5000.99
9627,5100.8
9628,5107.5
9629,5000.75
9630,4938.0
9631,4938.44
9632,4938.55
9633,4349.2
9634,4489.66
9635,4000.37
9636,3923.0
9637,4029.98
9638,4489.45
9639,4200.44
9640,4509.58
9641,4489.54
9642,4502.02
9643,4601.9
9644,4951.85
9645,4604.91
9646,4668.02
9647,4600.07
9648,4572.03
9649,4000.82
9650,4263.53
9651,4489.35
9652,4029.48
9653,3950.01
9654,3942.45
9655,4000.49
9656,4035.06
9657,4160.45
9658,4489.58
9659,4489.85
9660,4989.29
9661,4489.14
9662,4504.71
9663,4600.44
9664,4989.25
9665,4989.31
9666,4504.54
9667,3820.59
9668,3750.15
9669,3599.62
9670,3900.68
9671,4989.32
9672,5000.98
9673,5107.6
9674,5310.2
9675,5630.03
9676,5310.49
9677,5107.3
9678,4504.74
9679,4000.22
9680,3663.63
9681,3870.99
9682,4213.87
9683,4600.21
9684,4100.96
9685,4170.52
9686,4504.87
9687,5087.48
9688,4349.59
9689,5000.18
9690,4501.02
9691,4249.62
9692,3947.34
9693,4000.47
9694,3750.28
9695,4249.41
9696,4029.59
12481,3957.85
12482,3989.29
12483,3989.05
12484,3879.08
12485,3719.23
12486,3811.11
12487,3548.5
12488,3548.59
12489,3548.22
12490,3548.77
12491,3499.96
12492,3499.34
12493,3499.04
12494,3492.04
12495,3117.03
12496,3160.73
12497,3021.26
12498,3129.89
12499,3024.01
12500,3225.93
12501,3664.98
12502,3879.2
12503,4000.56
12504,4489.89
12505,3708.19
12506,3999.24
12507,4052.32
12508,4269.45
12509,4269.86
12510,4269.13
12511,4269.8
12512,5000.22
12513,4900.81
12514,4250.33
12515,4153.4
12516,4200.51
12517,4900.02
12518,4850.25
12519,4910.3
12520,5000.11
12521,4250.76
12522,4630.98
12523,5000.61
12524,5000.03
12525,5109.42
12526,5109.01
12527,4489.56
12528,4489.46
12529,5000.8
12530,5109.09
12531,5109.49
12532,5109.01
12533,4359.9
12534,4250.51
12535,4349.79
12536,4369.41
12537,4914.52
12538,4999.51
12539,5000.81
12540,5000.57
12541,4983.01
12542,4349.81
12543,4296.45
12544,4404.12
12545,4000.83
12546,4248.64
12547,3890.71
12548,3687.8
12549,3811.51
12550,5489.36
12551,5998.39
12552,8716.0
12553,8341.0
12554,8229.07
12555,8328.0
12556,8229.38
12557,6876.0
12558,5489.19
12559,5310.7
12560,5199.39
12561,5109.45
12562,5109.16
12563,5109.25
12564,4620.71
12565,5109.39
12566,5109.42
12567,5000.39
12568,4035.81
12569,3879.12
12570,3879.75
12571,4250.49
12572,3954.68
12573,4489.5
12574,3879.76
12575,3811.91
12576,3639.71
15457,3548.4
15458,3548.07
15459,3500.22
15460,3499.36
15461,3499.34
15462,3499.68
15463,3499.23
15464,3499.04
15465,3494.59
15466,3491.57
15467,3228.06
15468,3100.32
15469,3021.03
15470,3022.48
15471,3021.95
15472,3000.48
15473,2999.17
15474,3000.09
15475,3024.7
15476,3218.83
15477,3173.36
15478,3509.24
15479,3548.44
15480,3789.04
15481,3811.79
15482,4900.47
15483,4170.54
15484,4160.91
15485,4151.89
15486,3989.44
15487,4109.88
15488,4075.16
15489,4000.56
15490,3811.83
15491,3879.26
15492,3789.76
15493,3700.95
15494,3716.12
15495,3800.06
15496,3951.21
15497,3622.83
15498,3980.0
15499,4007.94
15500,4100.7
15501,3789.39
15502,4001.83
15503,3879.84
15504,3789.84
15505,3500.66
15506,3499.75
15507,3499.7
15508,3499.62
15509,3499.66
15510,3499.61
15511,3499.59
15512,3499.77
15513,3499.87
15514,3499.97
15515,3599.3
15516,3789.13
15517,4000.29
15518,4000.26
15519,3930.63
15520,4052.71
15521,4196.26
15522,3990.19
15523,3705.53
15524,3800.6
15525,3771.08
15526,4035.1
15527,4154.27
15528,5501.89
15529,7010.09
15530,5989.48
15531,7011.57
15532,5989.08
15533,5560.84
15534,4900.83
15535,3811.43
15536,3722.63
15537,3867.99
15538,4000.1
15539,4170.62
15540,3999.41
15541,4035.25
15542,4000.9
15543,4170.66
15544,4312.62
15545,3879.86
15546,5989.43
15547,5199.25
15548,4153.3
15549,3720.21
15550,3599.84
15551,3548.37
15552,3500.95
18337,3495.17
18338,3491.5
18339,3359.81
18340,3305.3
18341,3220.07
18342,3125.19
18343,3059.6
18344,3024.27
18345,3027.69
18346,3018.28
18347,3000.81
18348,3000.02
18349,2900.86
18350,2848.17
18351,2743.64
18352,2635.96
18353,2400.44
18354,2542.45
18355,2702.4
18356,2817.89
18357,2598.67
18358,3019.89
18359,3100.31
18360,3339.96
18361,3500.84
18362,3989.4
18363,3811.1
18364,3500.07
18365,3060.12
18366,2565.77
18367,2427.73
18368,2122.67
18369,2848.11
18370,3000.27
18371,3060.57
18372,3000.99
18373,2961.59
18374,2989.3
18375,3000.57
18376,3000.73
18377,2970.96
18378,3060.4
18379,3060.34
18380,3104.65
18381,3164.48
18382,3075.73
18383,3060.3
18384,3025.73
18385,3026.37
18386,3000.13
18387,2971.77
18388,2848.76
18389,2698.85
18390,2492.53
18391,2265.47
18392,2249.92
18393,2249.03
18394,1729.19
18395,1700.07
18396,2249.4
18397,2249.76
18398,1718.68
18399,1499.86
18400,1708.22
18401,1577.6
18402,1719.85
18403,1745.8
18404,2822.75
18405,3017.24
18406,3034.78
18407,3260.55
18408,3599.93
18409,3960.44
18410,4312.56
18411,4969.19
18412,4489.09
18413,4469.05
18414,3989.71
18415,3909.88
18416,3909.02
18417,3909.46
18418,3909.78
18419,3771.6
18420,3499.4
18421,3599.69
18422,3599.12
18423,3546.87
18424,3552.24
18425,2990.59
18426,3100.14
18427,3125.9
18428,3121.77
18429,3017.36
18430,3024.06
18431,3019.49
18432,3002.86
21313,2977.78
21314,2900.44
21315,2848.57
21316,2760.0
21317,2711.32
21318,2587.22
21319,2500.32
21320,2499.35
21321,2340.93
21322,2260.68
21323,2249.12
21324,2206.58
21325,2022.5
21326,1950.04
21327,1927.08
21328,1913.5
21329,1871.63
21330,1900.92
21331,1911.88
21332,1913.7
21333,1910.06
21334,1800.38
21335,1793.81
21336,1920.06
21337,1787.99
21338,1799.34
21339,1850.25
21340,2206.19
21341,2295.21
21342,1804.39
21343,2140.36
21344,2250.82
21345,2499.32
21346,2762.09
21347,2848.12
21348,2565.78
21349,2500.52
21350,2550.49
21351,2848.15
21352,2759.82
21353,2500.75
21354,2499.42
21355,2500.47
21356,2848.12
21357,2906.77
21358,2848.65
21359,2848.11
21360,2776.86
21361,2848.44
21362,2646.3
21363,2630.59
21364,2568.04
21365,2500.64
21366,2540.09
21367,2500.69
21368,2500.19
21369,2499.8
21370,2499.87
21371,2499.66
21372,2531.27
21373,2500.68
21374,2499.46
21375,2533.79
21376,2734.29
21377,2602.34
21378,2690.21
21379,2590.56
21380,2664.79
21381,2848.74
21382,3056.92
21383,3400.19
21384,3359.97
21385,3624.58
21386,3771.67
21387,4035.33
21388,3999.05
21389,3919.42
21390,3811.06
21391,3500.51
21392,3209.38
21393,3701.48
21394,3681.0
21395,3594.71
21396,3499.51
21397,3250.65
21398,3209.18
21399,3209.5
21400,3359.83
21401,3026.8
21402,3209.01
21403,3209.27
21404,3070.37
21405,3026.78
21406,3025.82
21407,3021.73
21408,3027.19
24289,2939.19
24290,2906.22
24291,2902.72
24292,2848.97
24293,2848.95
24294,2817.88
24295,2800.3
24296,2708.17
24297,2602.93
24298,2537.91
24299,2500.09
24300,2498.86
24301,2321.35
24302,2228.46
24303,2200.28
24304,2168.55
24305,2000.84
24306,2200.4
24307,2200.3
24308,2267.05
24309,2309.16
24310,2501.25
24311,2525.93
24312,2520.3
24313,2682.15
24314,2500.21
24315,1964.59
24316,2498.59
24317,2848.16
24318,2889.11
24319,3000.55
24320,3439.84
24321,3494.62
24322,3495.82
24323,3494.52
24324,3491.66
24325,3359.71
24326,3129.05
24327,3060.01
24328,3000.84
24329,2970.17
24330,3000.49
24331,3088.06
24332,3068.1
24333,3070.39
24334,3032.74
24335,3026.21
24336,3016.29
24337,3008.7
24338,3000.74
24339,3000.13
24340,2999.72
24341,3000.46
24342,2999.29
24343,2999.24
24344,2999.55
24345,2906.41
24346,2924.56
24347,2999.14
24348,2999.36
24349,3000.34
24350,3000.43
24351,3018.49
24352,3020.97
24353,2999.8
24354,3016.55
24355,3002.74
24356,3099.72
24357,3000.78
24358,3100.05
24359,3707.28
24360,3771.14
24361,3716.77
24362,4208.2
24363,4208.73
24364,4000.19
24365,3811.1
24366,3599.07
24367,3493.67
24368,3498.63
24369,3700.69
24370,3700.01
24371,3721.22
24372,3548.61
24373,3703.41
24374,3619.32
24375,3548.66
24376,3499.25
24377,3026.37
24378,3209.95
24379,3400.92
24380,3359.34
24381,3497.33
24382,3498.53
24383,3496.36
24384,3493.15
27169,3092.17
27170,3047.83
27171,3034.37
27172,3025.35
27173,3027.25
27174,3021.6
27175,3017.18
27176,2990.61
27177,2906.24
27178,2842.89
27179,2816.09
27180,2760.11
27181,2580.26
27182,2510.61
27183,2500.68
27184,2499.33
27185,2400.17
27186,2450.08
27187,2450.85
27188,2499.28
27189,2666.73
27190,2906.5
27191,3022.66
27192,3028.94
27193,3181.38
27194,3359.49
27195,3274.98
27196,3511.57
27197,3403.43
27198,3521.42
27199,3548.72
27200,3548.3
27201,3548.89
27202,3720.68
27203,3499.58
27204,3459.07
27205,3480.8
27206,3480.53
27207,3350.84
27208,3129.06
27209,3150.29
27210,3240.1
27211,3300.74
27212,3400.95
27213,3450.85
27214,3450.98
27215,3450.65
27216,3359.77
27217,3450.81
27218,3499.04
27219,3495.67
27220,3492.6
27221,3359.39
27222,3359.89
27223,3400.79
27224,3450.49
27225,3357.95
27226,3400.06
27227,3492.07
27228,3495.75
27229,3493.92
27230,3496.38
27231,3499.23
27232,3510.41
27233,3510.06
27234,3510.42
27235,3515.3
27236,3510.94
27237,3427.12
27238,3548.87
27239,3707.88
27240,3811.77
27241,3818.04
27242,4096.85
27243,4349.74
27244,3945.72
27245,3811.47
27246,3722.66
27247,3548.58
27248,3548.81
27249,3811.13
27250,3811.99
27251,4010.9
27252,4035.99
27253,4102.85
27254,4159.54
27255,4096.06
27256,3811.99
27257,3599.96
27258,3811.35
27259,3750.96
27260,3599.26
27261,3548.28
27262,3548.04
27263,3499.77
27264,3496.44
30145,3334.65
30146,3250.52
30147,3143.75
30148,3095.61
30149,3039.92
30150,3027.08
30151,3020.62
30152,2997.55
30153,2889.93
30154,2889.15
30155,2702.84
30156,2750.54
30157,2598.95
30158,2620.16
30159,2620.05
30160,2598.54
30161,2513.09
30162,2580.12
30163,2500.15
30164,2500.82
30165,2620.69
30166,2789.39
30167,3018.36
30168,3000.37
30169,3359.35
30170,3548.19
30171,3399.43
30172,3548.67
30173,3500.08
30174,3389.67
30175,3510.33
30176,3548.44
30177,3599.92
30178,3669.88
30179,3548.74
30180,3499.25
30181,3480.42
30182,3359.83
30183,3359.58
30184,3320.91
30185,3250.28
30186,3250.51
30187,3324.22
30188,3359.39
30189,3352.55
30190,3357.04
30191,3332.74
30192,3300.27
30193,3338.16
30194,3250.7
30195,3214.83
30196,3172.07
30197,3105.7
30198,3029.07
30199,3020.04
30200,3020.62
30201,3020.9
30202,3027.67
30203,3034.46
30204,3137.31
30205,3069.57
30206,3170.36
30207,3170.85
30208,3245.82
30209,3200.9
30210,3118.92
30211,3201.06
30212,3359.64
30213,3359.11
30214,3400.69
30215,3548.79
30216,3777.45
30217,3501.75
30218,3599.32
30219,3777.2
30220,3777.05
30221,3664.25
30222,3548.0
30223,3279.44
30224,3269.92
30225,3440.9
30226,3453.51
30227,3510.13
30228,3548.5
30229,3665.48
30230,3706.16
30231,3664.67
30232,3548.22
30233,3499.1
30234,3499.65
30235,3499.66
30236,3497.64
30237,3496.52
30238,3492.23
30239,3359.42
30240,3206.57
33025,3020.4
33026,3000.23
33027,3018.29
33028,2969.6
33029,2969.78
33030,2906.44
33031,2889.97
33032,2889.4
33033,2841.57
33034,2709.41
33035,2620.81
33036,2600.95
33037,2402.8
33038,2313.53
33039,2271.0
33040,2199.41
33041,2020.73
33042,2252.67
33043,2206.03
33044,2399.94
33045,2579.93
33046,2642.36
33047,2959.75
33048,3027.17
33049,3500.2
33050,3690.6
33051,3614.0
33052,3749.32
33053,3849.9
33054,3879.15
33055,3960.76
33056,3861.25
33057,3929.33
33058,3929.22
33059,3720.6
33060,3566.17
33061,3749.39
33062,3723.19
33063,3810.56
33064,3749.3
33065,3499.43
33066,3499.57
33067,3700.22
33068,3772.12
33069,3718.36
33070,3600.09
33071,3574.85
33072,3500.08
33073,3499.59
33074,3499.56
33075,3489.9
33076,3494.54
33077,3250.7
33078,3170.83
33079,3150.17
33080,3118.83
33081,3200.59
33082,3359.6
33083,3489.75
33084,3509.29
33085,3500.17
33086,3548.43
33087,3548.87
33088,3749.58
33089,3723.1
33090,3750.61
33091,4006.5
33092,4236.25
33093,4000.65
33094,3850.39
33095,4250.53
33096,5104.02
33097,4969.85
33098,5100.21
33099,5069.74
33100,5000.53
33101,4900.61
33102,3967.78
33103,3599.39
33104,3548.86
33105,3548.86
33106,3480.31
33107,3489.54
33108,3373.94
33109,3772.72
33110,3720.09
33111,3489.31
33112,3144.16
33113,3270.45
33114,3500.83
33115,3489.42
33116,3220.56
33117,3035.28
33118,2889.96
33119,2889.46
33120,2849.16
30337,2900.35
30338,2889.82
30339,2889.77
30340,2889.16
30341,2889.6
30342,2849.77
30343,2848.26
30344,2800.32
30345,2620.23
30346,2600.39
30347,2500.22
30348,2499.44
30349,2498.2
30350,2400.46
30351,2400.18
30352,2350.18
30353,2170.45
30354,2220.45
30355,2200.28
30356,2200.74
30357,2642.71
30358,2849.05
30359,2889.15
30360,2969.54
30361,3303.16
30362,3500.87
30363,3723.82
30364,3599.4
30365,3598.38
30366,3716.06
30367,3909.62
30368,3811.57
30369,3747.28
30370,3707.09
30371,3500.72
30372,3384.68
30373,3578.63
30374,3544.16
30375,3599.2
30376,3548.4
30377,3491.32
30378,3491.66
30379,3595.4
30380,3709.71
30381,3609.98
30382,3666.7
30383,3721.79
30384,3709.81
30385,3500.63
30386,3500.3
30387,3499.79
30388,3500.13
30389,3400.73
30390,3290.82
30391,3300.44
30392,3250.83
30393,3300.19
30394,3475.96
30395,3400.54
30396,3492.21
30397,3548.01
30398,3548.31
30399,3439.06
30400,3500.14
30401,3296.09
30402,3400.56
30403,3540.0
30404,3548.94
30405,3548.63
30406,3752.87
30407,3752.87
30408,5100.53
30409,4927.0
30410,5100.87
30411,5199.98
30412,5203.56
30413,3944.08
30414,3548.88
30415,3548.2
30416,3548.77
30417,3752.54
30418,3811.26
30419,3750.2
30420,3548.87
30421,3952.25
30422,3719.75
30423,3548.1
30424,3489.03
30425,3360.0
30426,3548.55
30427,3500.92
30428,3036.0
30429,2969.62
30430,2904.67
30431,2889.6
30432,2889.33
30433,3200.19
30434,3110.54
30435,3100.79
30436,2998.61
30437,2727.5
30438,2600.94
30439,2350.87
30440,2305.4
30441,2249.54
30442,2249.49
30443,1999.94
30444,1999.86
30445,2220.41
30446,2070.55
30447,2050.9
30448,2020.72
30449,2220.05
30450,2270.06
30451,2000.97
30452,1999.68
30453,2452.25
30454,2510.29
30455,2702.8
30456,2500.82
30457,2764.34
30458,2889.75
30459,3148.33
30460,3548.63
30461,3650.62
30462,3811.52
30463,3811.45
30464,3811.54
30465,3599.45
30466,3583.33
30467,3752.49
30468,3801.65
30469,3900.82
30470,3999.21
30471,3978.05
30472,3934.35
30473,3896.86
30474,4000.26
30475,4016.62
30476,4096.3
30477,4100.21
30478,4100.01
30479,4029.25
30480,4019.97
30481,4000.62
30482,4000.47
30483,4000.41
30484,4000.0
30485,3596.9
30486,3592.25
30487,3500.86
30488,3510.63
30489,3548.66
30490,3600.67
30491,3599.89
30492,3752.15
30493,3666.24
30494,3669.44
30495,3609.66
30496,3599.52
30497,3599.54
30498,3750.88
30499,4005.08
30500,4349.53
30501,4007.81
30502,4489.69
30503,4600.12
30504,4259.94
30505,4489.63
30506,4979.76
30507,5000.43
30508,4979.06
30509,4000.84
30510,3811.62
30511,3811.83
30512,3939.74
30513,3811.23
30514,3811.92
30515,3883.0
30516,3811.19
30517,3974.83
30518,3811.47
30519,3811.39
30520,3599.37
30521,3284.73
30522,3594.13
30523,3548.95
30524,3500.2
30525,3500.72
30526,3359.34
30527,3010.71
30528,3009.97
30529,3123.91
30530,3000.28
30531,2969.84
30532,2761.08
30533,2600.41
30534,2419.75
30535,2305.56
30536,2305.19
30537,2220.39
30538,2209.79
30539,2209.37
30540,2200.71
30541,2070.74
30542,2070.56
30543,1999.99
30544,2000.21
30545,2000.98
30546,2270.88
30547,2305.5
30548,2400.44
30549,2549.86
30550,2620.59
30551,2849.96
30552,2889.09
30553,3350.91
30554,3350.14
30555,3239.31
30556,3509.86
30557,3619.89
30558,3879.23
30559,4055.06
30560,4000.1
30561,3929.26
30562,3893.98
30563,4000.89
30564,4031.13
30565,4170.61
30566,4172.38
30567,4172.82
30568,4250.15
30569,4471.8
30570,4200.81
30571,4435.68
30572,4543.33
30573,4272.86
30574,4019.67
30575,4010.86
30576,4000.49
30577,3739.76
30578,3739.86
30579,3739.8
30580,4000.16
30581,3610.24
30582,3598.47
30583,3597.0
30584,3598.46
30585,3661.1
30586,3739.15
30587,3709.49
30588,3739.68
30589,3760.78
30590,3799.51
30591,3709.99
30592,3890.82
30593,3600.82
30594,3850.33
30595,3799.08
30596,3870.0
30597,3500.21
30598,3666.68
30599,3979.1
30600,4138.4
30601,4489.29
30602,5011.8
30603,5063.87
30604,4750.32
30605,4079.69
30606,3879.77
30607,3799.28
30608,3760.28
30609,3739.23
30610,3739.39
30611,3760.01
30612,3739.49
30613,3760.23
30614,3739.31
30615,3674.1
30616,3414.82
30617,3071.35
30618,3500.68
30619,3346.58
30620,3009.62
30621,3009.1
30622,2889.68
30623,2620.28
30624,2499.77
30625,2790.37
30626,2747.84
30627,2620.37
30628,2500.47
30629,2560.5
30630,2402.3
30631,2350.05
30632,2305.6
30633,2250.02
30634,2110.88
30635,1999.99
30636,1999.93
30637,1999.59
30638,1999.58
30639,1999.53
30640,1999.53
30641,1999.92
30642,1999.96
30643,1999.91
30644,2250.38
30645,2270.28
30646,2419.46
30647,2460.88
30648,2499.88
30649,3042.73
30650,2849.58
30651,2939.74
30652,3042.73
30653,3157.81
30654,3196.35
30655,3449.46
30656,3700.12
30657,3861.24
30658,3760.81
30659,3870.98
30660,3979.99
30661,4000.91
30662,4170.49
30663,4001.0
30664,4000.25
30665,3929.44
30666,3999.86
30667,4000.96
30668,4010.69
30669,4010.95
30670,4010.46
30671,3752.98
30672,3689.1
30673,3591.8
30674,3500.22
30675,3499.01
30676,3689.2
30677,3598.8
30678,3580.57
30679,3563.34
30680,3541.57
30681,3597.7
30682,3599.07
30683,3689.37
30684,3850.32
30685,4000.41
30686,4000.85
30687,4010.48
30688,4010.86
30689,3799.92
30690,3900.77
30691,4019.67
30692,4939.26
30693,4610.2
30694,4979.34
30695,5105.59
30696,5105.12
30697,5100.82
30698,4939.69
30699,4500.17
30700,4489.41
30701,4193.76
30702,4500.94
30703,4800.41
30704,5000.67
30705,4675.06
30706,4638.94
30707,4686.19
30708,4669.77
30709,4740.91
30710,4193.78
30711,3959.62
30712,3810.23
30713,3760.66
30714,3849.41
30715,3593.45
30716,3150.17
30717,3150.81
30718,3210.97
30719,3010.86
30720,3009.4
30721,3010.65
30722,3010.07
30723,3000.35
30724,2849.57
30725,2620.93
30726,2620.76
30727,2620.28
30728,2620.14
30729,2251.0
30730,2250.97
30731,2250.44
30732,2250.23
30733,2109.11
30734,2109.51
30735,2109.43
30736,2250.01
30737,2300.88
30738,2200.29
30739,2109.45
30740,2250.34
30741,2500.86
30742,2620.6
30743,3010.68
30744,3010.81
30745,3478.38
30746,3350.09
30747,3359.02
30748,3599.79
30749,3668.76
30750,3849.09
30751,4006.67
30752,4029.94
30753,4000.36
30754,3879.38
30755,3999.51
30756,3990.27
30757,3990.25
30758,4000.58
30759,3749.14
30760,3671.34
30761,3665.3
30762,3749.56
30763,3752.66
30764,3800.97
30765,3898.12
30766,3900.49
30767,3752.27
30768,3651.61
30769,3599.66
30770,3593.48
30771,3499.76
30772,3499.7
30773,3404.84
30774,3359.34
30775,3439.37
30776,3499.1
30777,3597.01
30778,3610.16
30779,3700.58
30780,3752.79
30781,3749.26
30782,3752.55
30783,3755.86
30784,3760.68
30785,3752.02
30786,3879.31
30787,3959.91
30788,4400.65
30789,4610.44
30790,5605.85
30791,5402.94
30792,5084.56
30793,5460.27
30794,5397.2
30795,5084.94
30796,5084.42
30797,4600.93
30798,4500.02
30799,4900.32
30800,5069.26
30801,4349.91
30802,4489.63
30803,4193.91
30804,4000.99
30805,4200.77
30806,4000.62
30807,3898.52
30808,3752.41
30809,3592.55
30810,3599.31
30811,3478.99
30812,3250.22
30813,3250.19
30814,3150.07
30815,3010.3
30816,2969.51
30817,3158.73
30818,3100.66
30819,3158.03
30820,2934.07
30821,3017.13
30822,2998.19
30823,2646.84
30824,2549.83
30825,2499.8
30826,2402.68
30827,2000.0
30828,1999.92
30829,2200.55
30830,2110.82
30831,1999.65
30832,1999.66
30833,2200.9
30834,1999.89
30835,1999.63
30836,2070.88
30837,2220.67
30838,2500.4
30839,2402.38
30840,2500.01
30841,2610.37
30842,2839.98
30843,3019.18
30844,3380.45
30845,3478.19
30846,3549.35
30847,3760.17
30848,3760.04
30849,3749.03
30850,3633.72
30851,3749.85
30852,3760.48
30853,3848.81
30854,3900.41
30855,3885.17
30856,3884.12
30857,3599.11
30858,3599.33
30859,3619.73
30860,3599.98
30861,3597.55
30862,3597.62
30863,3593.06
30864,3500.0
30865,3499.34
30866,3499.33
30867,3489.01
30868,3499.07
30869,3060.53
30870,3000.02
30871,2999.86
30872,2999.82
30873,2999.62
30874,2999.93
30875,3100.23
30876,3200.13
30877,2999.74
30878,2999.92
30879,2999.86
30880,3250.43
30881,2999.81
30882,3060.83
30883,3239.95
30884,3619.13
30885,3668.41
30886,3760.65
30887,3799.33
30888,3893.31
30889,4218.89
30890,4225.49
30891,4312.44
30892,4079.59
30893,3879.3
30894,3760.14
30895,3752.08
30896,3752.97
30897,3671.09
30898,3619.02
30899,3599.61
30900,3594.99
30901,3653.42
30902,3499.52
30903,3265.85
30904,3239.43
30905,3223.38
30906,3239.6
30907,3019.5
30908,3009.4
30909,3100.16
30910,3019.31
30911,2939.5
30912,2700.0
30913,2748.59
30914,2764.0
30915,2460.78
30916,2309.48
30917,2401.18
30918,2400.45
30919,2309.32
30920,2200.92
30921,1999.81
30922,1999.62
30923,1919.32
30924,1918.57
30925,1999.02
30926,1950.84
30927,1920.79
30928,1920.68
30929,1987.62
30930,1999.45
30931,1999.51
30932,1999.83
30933,2220.16
30934,2402.72
30935,3018.91
30936,3097.77
30937,3200.31
30938,3464.9
30939,3439.86
30940,3557.43
30941,3760.1
30942,3760.64
30943,3836.32
30944,3737.58
30945,3760.18
30946,3710.35
30947,3760.4
30948,3799.83
30949,4019.89
30950,4000.83
30951,4039.2
30952,4000.51
30953,3966.64
30954,4000.84
30955,4250.07
30956,4225.0
30957,4224.15
30958,4300.94
30959,4489.5
30960,4489.31
30961,4224.49
30962,4000.27
30963,3700.98
30964,3600.92
30965,3500.67
30966,3500.29
30967,3500.92
30968,3642.25
30969,3667.06
30970,3673.79
30971,3666.57
30972,3669.03
30973,3700.99
30974,3599.96
30975,3800.66
30976,3799.52
30977,3757.93
30978,3900.4
30979,4000.75
30980,4151.74
30981,3999.13
30982,4300.37
30983,5083.87
30984,5105.49
30985,5100.4
30986,5533.8
30987,6174.0
30988,5500.7
30989,4224.87
30990,4019.76
30991,3881.69
30992,3760.19
30993,3667.66
30994,3700.84
30995,3892.43
30996,3760.2
30997,3668.45
30998,3599.37
30999,3189.98
31000,3189.01
31001,3126.39
31002,3231.12
31003,3247.08
31004,3191.17
31005,3221.32
31006,3129.7
31007,3000.15
31008,2646.47
31009,2709.25
31010,2709.21
31011,2600.34
31012,2401.84
31013,2500.19
31014,2350.23
31015,2300.67
31016,2350.65
31017,2070.64
31018,1999.81
31019,1999.31
31020,1999.19
31021,1999.87
31022,1999.67
31023,1999.59
31024,1999.52
31025,1999.4
31026,2041.24
31027,2298.7
31028,2402.53
31029,2410.56
31030,2600.59
31031,2800.7
31032,2899.42
31033,2758.29
31034,2849.42
31035,2969.96
31036,3359.87
31037,3239.34
31038,3480.56
31039,3540.42
31040,3540.12
31041,3390.16
31042,3060.29
31043,3109.54
31044,3377.44
31045,3236.11
31046,3250.06
31047,3169.18
31048,3233.16
31049,3359.95
31050,3499.05
31051,3593.86
31052,3600.09
31053,3598.99
31054,3680.01
31055,3680.21
31056,3755.4
31057,3757.85
31058,3680.16
31059,3499.95
31060,3499.85
31061,3197.74
31062,3107.83
31063,3090.79
31064,3120.73
31065,3100.9
31066,3151.38
31067,3170.31
31068,3190.0
31069,3250.88
31070,3237.98
31071,3300.15
31072,3400.66
31073,3668.04
31074,3700.76
31075,3929.42
31076,4979.13
31077,4000.1
31078,4203.18
31079,4979.15
31080,5489.08
31081,5062.75
31082,5489.74
31083,5400.64
31084,4999.87
31085,4000.73
31086,3979.16
31087,3979.3
31088,4019.27
31089,3979.48
31090,3870.99
31091,3757.63
31092,3760.15
31093,3879.09
31094,3700.68
31095,3499.07
31096,3200.16
31097,3036.7
31098,3177.52
31099,2957.4
31100,2850.27
31101,2933.54
31102,2700.68
31103,2500.98
31104,2300.06
31105,2600.48
31106,2500.94
31107,2419.07
31108,2298.38
31109,2500.13
31110,2646.36
31111,2500.79
31112,2419.55
31113,2402.01
31114,2300.84
31115,2100.21
31116,2070.27
31117,2200.45
31118,2200.78
31119,2070.51
31120,2070.12
31121,2005.09
31122,2298.18
31123,2500.44
31124,2593.09
31125,2556.91
31126,2758.02
31127,2968.53
31128,2998.83
31129,2851.57
31130,2998.7
31131,3060.53
31132,3478.31
31133,3374.16
31134,3405.12
31135,3540.32
31136,3478.98
31137,3510.18
31138,3510.81
31139,3510.64
31140,3510.22
31141,3478.5
31142,3510.31
31143,3440.94
31144,3380.81
31145,3500.51
31146,3591.74
31147,3510.32
31148,3594.06
31149,3499.84
31150,3499.55
31151,3499.83
31152,3499.85
31153,3499.17
31154,3250.93
31155,3189.7
31156,3189.8
31157,2999.76
31158,2999.56
31159,2999.56
31160,2999.58
31161,3009.89
31162,3060.03
31163,3087.18
31164,3189.62
31165,3250.19
31166,3250.86
31167,3250.27
31168,3478.73
31169,3580.4
31170,3619.21
31171,3789.7
31172,4100.04
31173,3889.28
31174,4489.3
31175,5039.52
31176,5039.77
31177,5039.23
31178,5039.38
31179,5039.64
31180,4620.76
31181,3789.84
31182,3668.25
31183,3478.86
31184,3319.16
31185,3478.4
31186,3289.99
31187,3478.04
31188,3189.61
31189,3289.85
31190,3189.9
31191,3176.99
31192,3054.83
31193,3065.12
31194,3189.29
31195,3060.82
31196,2998.75
31197,2950.35
31198,2620.29
31199,2452.25
31200,2249.9
31201,2620.88
31202,2620.39
31203,2500.88
31204,2300.04
31205,2549.45
31206,2549.66
31207,2333.12
31208,2250.55
31209,2100.59
31210,2236.8
31211,1999.94
31212,1999.86
31213,2020.78
31214,2000.9
31215,2000.11
31216,2000.04
31217,2009.84
31218,2401.74
31219,2402.97
31220,2600.4
31221,2000.12
31222,2460.31
31223,2748.17
31224,2969.17
31225,3189.9
31226,3189.85
31227,3289.29
31228,3400.45
31229,3289.64
31230,3500.84
31231,3760.19
31232,3668.42
31233,3700.57
31234,3668.22
31235,3760.2
31236,3700.08
31237,3673.06
31238,3829.19
31239,3799.11
31240,3670.33
31241,3700.0
31242,3779.37
31243,3829.97
31244,3829.46
31245,3499.83
31246,3499.86
31247,3500.86
31248,3510.84
31249,3509.12
31250,3499.2
31251,3200.53
31252,3189.39
31253,3096.23
31254,3049.51
31255,3049.48
31256,3049.28
31257,3099.01
31258,3200.92
31259,3350.72
31260,3500.04
31261,3779.91
31262,3800.47
31263,3760.2
31264,3790.25
31265,3661.8
31266,3799.89
31267,3779.43
31268,4349.34
31269,4000.15
31270,3950.06
31271,4999.4
31272,5150.05
31273,5049.44
31274,5049.96
31275,6000.03
31276,5500.73
31277,4218.36
31278,3662.1
31279,3654.64
31280,3654.16
31281,3681.86
31282,3654.53
31283,3599.88
31284,3289.84
31285,3664.49
31286,3599.52
31287,3352.05
31288,3200.88
31289,3103.62
31290,3210.8
31291,3210.59
31292,3010.28
31293,3010.38
31294,2755.02
31295,2646.3
31296,2249.67
31297,2769.79
31298,2710.97
31299,2710.31
31300,2600.98
31301,2620.84
31302,2620.52
31303,2620.26
31304,2420.05
31305,2401.98
31306,2401.41
31307,2300.85
31308,2300.52
31309,2401.49
31310,2400.83
31311,2350.91
31312,2300.32
31313,2410.52
31314,2471.25
31315,2410.51
31316,2718.16
31317,2402.9
31318,2700.48
31319,2929.75
31320,2969.31
31321,3189.1
31322,3000.69
31323,3200.95
31324,3610.79
31325,3610.72
31326,3676.5
31327,3760.29
31328,3791.67
31329,3957.5
31330,3829.99
31331,3779.81
31332,3760.7
31333,3779.52
31334,3750.03
31335,3499.44
31336,3499.13
31337,3499.76
31338,3499.74
31339,3510.58
31340,3700.31
31341,3499.66
31342,3499.56
31343,3499.41
31344,3499.53
31345,3499.05
31346,3360.67
31347,3300.1
31348,3189.61
31349,3038.6
31350,3005.04
31351,3000.83
31352,3060.52
31353,3100.83
31354,3319.34
31355,3319.25
31356,3499.69
31357,3500.26
31358,3599.92
31359,3760.73
31360,3900.37
31361,3700.23
31362,3800.0
31363,3990.74
31364,5049.76
31365,5000.31
31366,5110.9
31367,5049.61
31368,5150.45
31369,5000.95
31370,5200.2
31371,6019.26
31372,6019.44
31373,4489.8
31374,4910.17
31375,4089.33
31376,3889.17
31377,3760.69
31378,3500.01
31379,3289.97
31380,3289.07
31381,3599.43
31382,3499.12
31383,3400.9
31384,3189.87
31385,3100.38
31386,3189.45
31387,3189.71
31388,3094.57
31389,3049.89
31390,2929.38
31391,2850.46
31392,2500.85
31393,2810.93
31394,2810.98
31395,2810.4
31396,2709.36
31397,2620.98
31398,2620.6
31399,2500.9
31400,2419.26
31401,2206.66
31402,2206.16
31403,2200.36
31404,2180.93
31405,2206.28
31406,2206.25
31407,2206.13
31408,2206.13
31409,2402.03
31410,2500.7
31411,2419.29
31412,2600.47
31413,2250.65
31414,2750.03
31415,2500.8
31416,2751.8
31417,2999.34
31418,3250.08
31419,3664.63
31420,3810.49
31421,3799.26
31422,3810.66
31423,3829.62
31424,3900.47
31425,4169.76
31426,4170.59
31427,4000.92
31428,4052.54
31429,4208.75
31430,4208.05
31431,4052.04
31432,4000.23
31433,3979.49
31434,3779.68
31435,3779.51
31436,3779.63
31437,3500.39
31438,3499.42
31439,3499.39
31440,3499.23
31441,3499.78
31442,3399.83
31443,3398.33
31444,3396.45
31445,3392.43
31446,3357.7
31447,3378.48
31448,3393.48
31449,3499.52
31450,3500.84
31451,3651.89
31452,3779.22
31453,3668.68
31454,3663.3
31455,3799.01
31456,3979.3
31457,3991.0
31458,4000.02
31459,4100.81
31460,5028.41
31461,4208.14
31462,5028.3
31463,5859.07
31464,6064.96
31465,6019.49
31466,6092.05
31467,6744.47
31468,6592.48
31469,4450.06
31470,4208.22
31471,3779.04
31472,3668.87
31473,3668.59
31474,3662.36
31475,3510.9
31476,3510.12
31477,3610.49
31478,3499.01
31479,3380.68
31480,3200.06
31481,3102.61
31482,3210.31
31483,3210.07
31484,3008.15
31485,3010.56
31486,2984.69
31487,2984.08
31488,2757.31
31489,3039.99
31490,2984.84
31491,2810.91
31492,2933.95
31493,2620.94
31494,2620.22
31495,2620.07
31496,2600.74
31497,2600.87
31498,2549.65
31499,2350.41
31500,2350.22
31501,2419.57
31502,2419.36
31503,2402.5
31504,2419.97
31505,2410.78
31506,2500.49
31507,2600.7
31508,2549.07
31509,2880.65
31510,3080.54
31511,3289.42
31512,3478.27
31513,3375.95
31514,3510.46
31515,3351.0
31516,3478.09
31517,3666.7
31518,3510.26
31519,3753.0
31520,3750.14
31521,3760.9
31522,3879.92
31523,3879.72
31524,3900.27
31525,4048.46
31526,3829.91
31527,3650.93
31528,3650.48
31529,3499.7
31530,3799.73
31531,3499.84
31532,3499.52
31533,3499.07
31534,3499.13
31535,3499.27
31536,3499.47
31537,3399.02
31538,3395.66
31539,3393.7
31540,3392.0
31541,3100.95
31542,2999.99
31543,3000.03
31544,3049.2
31545,3300.7
31546,3394.56
31547,3394.68
31548,3394.53
31549,3394.31
31550,3396.98
31551,3499.45
31552,3700.32
31553,3779.06
31554,3889.13
31555,3779.66
31556,3859.65
31557,3779.39
31558,3889.44
31559,3889.9
31560,4208.21
31561,4229.25
31562,4229.47
31563,4312.8
31564,4208.96
31565,3889.06
31566,3779.39
31567,3668.99
31568,3799.52
31569,3670.42
31570,3654.66
31571,3619.34
31572,3619.3
31573,3610.43
31574,3610.55
31575,3478.06
31576,3289.08
31577,3116.43
31578,3210.54
31579,3061.37
31580,3039.21
31581,3072.3
31582,2990.4
31583,2990.33
31584,2750.5
31585,2680.68
31586,2680.44
31587,2680.48
31588,2680.29
31589,2700.52
31590,2620.88
31591,2620.49
31592,2600.91
31593,2329.82
31594,2300.13
31595,2270.5
31596,2250.93
31597,2401.89
31598,2401.51
31599,2402.22
31600,2331.1
31601,2401.72
31602,2419.88
31603,2680.08
31604,2967.83
31605,2970.45
31606,3065.76
31607,3327.34
31608,3500.19
31609,3500.6
31610,3500.59
31611,3250.07
31612,3500.02
31613,3500.51
31614,3760.97
31615,3839.35
31616,3889.15
31617,3895.46
31618,3979.01
31619,3990.14
31620,3990.14
31621,3839.34
31622,3782.49
31623,3808.81
31624,3500.75
31625,3499.95
31626,3500.87
31627,3750.9
31628,3500.92
31629,3250.44
31630,3395.41
31631,3395.54
31632,3395.07
31633,3391.52
31634,3200.47
31635,3289.93
31636,3300.73
31637,2999.41
31638,2999.25
31639,2999.55
31640,3007.1
31641,3200.48
31642,3397.12
31643,3400.65
31644,3501.5
31645,3399.02
31646,3619.81
31647,3645.11
31648,3700.33
31649,3882.62
31650,3893.94
31651,3800.93
31652,3800.27
31653,3999.49
31654,5000.77
31655,6202.77
31656,6833.27
31657,6300.49
31658,5700.9
31659,5453.82
31660,5859.32
31661,4489.33
31662,4400.22
31663,4000.17
31664,3989.44
31665,3884.25
31666,3760.4
31667,3760.13
31668,3655.57
31669,3655.02
31670,3478.3
31671,3250.44
31672,3099.38
31673,2999.52
31674,2988.59
31675,2988.22
31676,2750.5
31677,2680.97
31678,2680.98
31679,2680.3
31680,2680.23
31681,2680.86
31682,2680.82
31683,2680.71
31684,2680.52
31685,2702.76
31686,2600.97
31687,2600.08
31688,2549.61
31689,2500.43
31690,2451.5
31691,2402.18
31692,2400.95
31693,2500.55
31694,2500.2
31695,2500.01
31696,2549.02
31697,2326.15
31698,2458.25
31699,2646.11
31700,3000.7
31701,2998.51
31702,2932.36
31703,2751.7
31704,2880.88
31705,2999.38
31706,2999.74
31707,3535.26
31708,3853.78
31709,3877.86
31710,3879.99
31711,4019.26
31712,4010.59
31713,3990.64
31714,3990.06
31715,3990.35
31716,3960.71
31717,3936.08
31718,3912.64
31719,3799.8
31720,3716.05
31721,3510.66
31722,3782.53
31723,3839.74
31724,3510.95
31725,3406.47
31726,3398.9
31727,3398.24
31728,3395.35
31729,3396.51
31730,3250.06
31731,3097.07
31732,3189.72
31733,2999.6
31734,2999.38
31735,2999.33
31736,2999.42
31737,2999.61
31738,2999.81
31739,2999.7
31740,3069.07
31741,3189.65
31742,3357.39
31743,3393.34
31744,3499.67
31745,3755.8
31746,3790.67
31747,3940.02
31748,3979.11
31749,3950.45
31750,4489.23
31751,5000.42
31752,5119.26
31753,5500.9
31754,5119.26
31755,5045.64
31756,5045.12
31757,4209.65
31758,4023.75
31759,3990.71
31760,3990.07
31761,3960.9
31762,3990.05
31763,3782.5
31764,3749.49
31765,3782.55
31766,3760.46
31767,3664.89
31768,3599.77
31769,3092.98
31770,3080.63
31771,3000.91
31772,2739.32
31773,2680.26
31774,2680.19
31775,2610.65
31776,2420.45
31777,2988.6
31778,2739.15
31779,2680.74
31780,2680.55
31781,2933.32
31782,2549.02
31783,2549.46
31784,2500.93
31785,2402.97
31786,2401.97
31787,2323.82
31788,2300.65
31789,2207.08
31790,2207.23
31791,2207.46
31792,2207.88
31793,2549.02
31794,2555.08
31795,2988.69
31796,3002.82
31797,3121.7
31798,3279.19
31799,3000.61
31800,3000.05
31801,3000.32
31802,3200.4
31803,3499.32
31804,3809.59
31805,3979.04
31806,3990.36
31807,4010.88
31808,3990.29
31809,3990.84
31810,3990.57
31811,4100.56
31812,4100.67
31813,4320.19
31814,4500.71
31815,4200.37
31816,4349.32
31817,4189.87
31818,4139.79
31819,4139.6
31820,4100.72
31821,3990.99
31822,3990.61
31823,3833.99
31824,3782.13
31825,3800.38
31826,3599.01
31827,3499.46
31828,3499.26
31829,3393.25
31830,3250.93
31831,3319.76
31832,3357.89
31833,3300.94
31834,3394.13
31835,3398.15
31836,3500.43
31837,3800.76
31838,3900.81
31839,3990.13
31840,3990.85
31841,3990.17
31842,3990.25
31843,3940.98
31844,3990.42
31845,3990.08
31846,5003.25
31847,5003.76
31848,6838.48
31849,6776.44
31850,6010.72
31851,6000.55
31852,5489.38
31853,3990.34
31854,3961.67
31855,3799.11
31856,3700.13
31857,3397.54
31858,3392.81
31859,3399.42
31860,3393.37
31861,3384.78
31862,3391.31
31863,3200.97
31864,3006.04
31865,2999.39
31866,2999.05
31867,2600.75
31868,2988.4
31869,2680.76
31870,2680.64
31871,2680.39
31872,2402.63
31873,2935.85
31874,2906.38
31875,2800.08
31876,2680.73
31877,2620.75
31878,2500.8
31879,2400.37
31880,2350.85
31881,2207.63
31882,2180.11
31883,2200.34
31884,2200.24
31885,2180.97
31886,2070.28
31887,2070.72
31888,2070.23
31889,2207.24
31890,2207.48
31891,2328.55
31892,2400.56
31893,2419.88
31894,2539.66
31895,2610.85
31896,2750.9
31897,2971.0
31898,2979.68
31899,3319.92
31900,3833.18
31901,3833.01
31902,3990.43
31903,4063.81
31904,4100.15
31905,4100.35
31906,3990.69
31907,3960.55
31908,3989.38
31909,3989.1
31910,3960.99
31911,3755.97
31912,3499.59
31913,3326.39
31914,3400.22
31915,3423.16
31916,3319.27
31917,3221.76
31918,3199.49
31919,3194.17
31920,3192.83
31921,3191.34
31922,3194.75
31923,3159.05
31924,2999.75
31925,2999.12
31926,2997.85
31927,2999.06
31928,2999.39
31929,2999.67
31930,3020.52
31931,3194.67
31932,3250.51
31933,3319.5
31934,3499.3
31935,3645.72
31936,3809.83
31937,3809.28
31938,3940.72
31939,3990.84
31940,3990.12
31941,3940.34
31942,4100.05
31943,5500.92
31944,6500.74
31945,6000.98
31946,5500.68
31947,5200.77
31948,4800.16
31949,3833.62
31950,3660.76
31951,3193.18
31952,3169.56
31953,3088.87
31954,3142.33
31955,3192.09
31956,3195.28
31957,3193.9
31958,3194.26
31959,3069.65
31960,2999.67
31961,2990.67
31962,2928.13
31963,2419.46
31964,2249.75
31965,2739.53
31966,2757.17
31967,2600.84
31968,2420.76
31969,2808.78
31970,2802.8
31971,2680.92
31972,2680.8
31973,2620.81
31974,2419.36
31975,2401.0
31976,2350.97
31977,2298.22
31978,2250.89
31979,2180.11
31980,2070.73
31981,2200.74
31982,2200.97
31983,2200.19
31984,2207.85
31985,2400.14
31986,2539.01
31987,2680.58
31988,2761.9
31989,2750.78
31990,2803.56
31991,2809.67
31992,3000.25
31993,3279.04
31994,3159.38
31995,3279.24
31996,3505.05
31997,3760.45
31998,3807.26
31999,3879.81
32000,3990.01
32001,4000.42
32002,3989.79
32003,3979.95
32004,3979.55
32005,3833.18
32006,3809.27
32007,3500.27
32008,3499.25
32009,3499.32
32010,3499.07
32011,3499.14
32012,3499.27
32013,3499.49
32014,3499.85
32015,3600.43
32016,3499.76
32017,3499.05
32018,3499.25
32019,3197.22
32020,3192.51
32021,3020.36
32022,2999.39
32023,2999.15
32024,2999.38
32025,3000.99
32026,3170.32
32027,3196.37
32028,3200.17
32029,3210.38
32030,3410.93
32031,3619.59
32032,3782.54
32033,3650.43
32034,3665.22
32035,3833.49
32036,3940.45
32037,3940.28
32038,4100.6
32039,5119.52
32040,6900.39
32041,5500.71
32042,6000.04
32043,5500.68
32044,4982.23
32045,4150.61
32046,3990.89
32047,3833.84
32048,3790.03
32049,3760.46
32050,3760.41
32051,3760.4
32052,3673.5
32053,3647.17
32054,3510.39
32055,3418.07
32056,3239.54
32057,3029.15
32058,2999.46
32059,2939.53
32060,2807.54
32061,2800.96
32062,2680.96
32063,2680.53
32064,2558.7
1057,2680.92
1058,2680.69
1059,2680.78
1060,2680.4
1061,2680.18
1062,2600.4
1063,2539.72
1064,2539.15
1065,2420.65
1066,2350.19
1067,2300.01
1068,2250.42
1069,2207.28
1070,2110.88
1071,2110.62
1072,2070.65
1073,1999.98
1074,2207.09
1075,2300.16
1076,2620.68
1077,2680.99
1078,2949.32
1079,2949.05
1080,2700.84
1081,2999.41
1082,3414.44
1083,3678.5
1084,3849.6
1085,3879.06
1086,3990.24
1087,4228.65
1088,4229.89
1089,4229.14
1090,4228.96
1091,4209.61
1092,4209.28
1093,4600.43
1094,4300.08
1095,4349.98
1096,4489.26
1097,4200.88
1098,4189.16
1099,4000.02
1100,3990.68
1101,3900.37
1102,3740.06
1103,3500.47
1104,3499.29
1105,3498.66
1106,3499.06
1107,3499.34
1108,3499.84
1109,3300.72
1110,3250.1
1111,3289.36
1112,3289.12
1113,3350.26
1114,3499.0
1115,3499.44
1116,3499.85
1117,3499.9
1118,3499.52
1119,3500.61
1120,3800.96
1121,3619.28
1122,3940.52
1123,3989.84
1124,4208.61
1125,3990.76
1126,4100.43
1127,4993.59
1128,5500.77
1129,7050.75
1130,6862.06
1131,6500.43
1132,5729.33
1133,4250.22
1134,4209.13
1135,3782.78
1136,3782.2
1137,3699.59
1138,3640.69
1139,3498.87
1140,3498.59
1141,3499.74
1142,3498.45
1143,3350.44
1144,3128.94
1145,2749.41
1146,2749.34
1147,2744.5
1148,2400.78
1149,2680.35
1150,2680.25
1151,2680.12
1152,2420.82
4033,2680.29
4034,2680.01
4035,2680.72
4036,2680.05
4037,2549.58
4038,2300.67
4039,2270.28
4040,2250.32
4041,1999.99
4042,1999.94
4043,1999.8
4044,1999.66
4045,1999.81
4046,1999.78
4047,1999.76
4048,1999.72
4049,1999.97
4050,2000.68
4051,2207.97
4052,2250.6
4053,2250.22
4054,2350.28
4055,2350.53
4056,2420.2
4057,2549.68
4058,2749.82
4059,3249.06
4060,3300.72
4061,3499.23
4062,3500.82
4063,3760.26
4064,3809.98
4065,4000.39
4066,4048.62
4067,3989.94
4068,3959.85
4069,3879.82
4070,3700.16
4071,3499.19
4072,3300.54
4073,3279.21
4074,3198.36
4075,3193.6
4076,3191.09
4077,3000.61
4078,2999.34
4079,2959.01
4080,2771.6
4081,2749.22
4082,2680.88
4083,2749.9
4084,2900.68
4085,2900.6
4086,2888.64
4087,2949.0
4088,2870.6
4089,2661.09
4090,2680.95
4091,2749.4
4092,2950.01
4093,2720.66
4094,2763.67
4095,2900.71
4096,2970.93
4097,2820.93
4098,2949.88
4099,2999.08
4100,3250.22
4101,3083.05
4102,3478.07
4103,3940.45
4104,4139.98
4105,4139.38
4106,4139.44
4107,3990.66
4108,3960.85
4109,3849.45
4110,3879.23
4111,3619.56
4112,3599.02
4113,3478.35
4114,3250.88
4115,3197.63
4116,3177.91
4117,3192.94
4118,3123.31
4119,2999.52
4120,2939.04
4121,2749.05
4122,2644.93
4123,2539.79
4124,2270.75
4125,2552.7
4126,2300.03
4127,2200.93
4128,1999.88
6721,2400.96
6722,2298.51
6723,1999.92
6724,1999.65
6725,1900.27
6726,1999.0
6727,1999.06
6728,1919.52
6729,1799.97
6730,1866.89
6731,1919.93
6732,1999.11
6733,1999.26
6734,1999.22
6735,1999.18
6736,1999.19
6737,1999.88
6738,2000.41
6739,2200.08
6740,2250.1
6741,2069.81
6742,2250.8
6743,2325.38
6744,2549.54
6745,2539.47
6746,2696.5
6747,3439.23
6748,3760.14
6749,3853.4
6750,3979.84
6751,4100.92
6752,4179.93
6753,4229.63
6754,4228.95
6755,4100.55
6756,4000.89
6757,3979.58
6758,3979.06
6759,3550.38
6760,3499.84
6761,3499.77
6762,3250.99
6763,3200.08
6764,3196.0
6765,3193.52
6766,3192.68
6767,3196.94
6768,3192.42
6769,3000.61
6770,3020.58
6771,2999.96
6772,2999.71
6773,2999.25
6774,2999.07
6775,2999.23
6776,2999.17
6777,2999.22
6778,2999.38
6779,2999.6
6780,3100.47
6781,2999.44
6782,2999.8
6783,2999.99
6784,3193.28
6785,3100.46
6786,3250.2
6787,3900.02
6788,4000.89
6789,3940.51
6790,3940.88
6791,4508.83
6792,5103.7
6793,4963.54
6794,4963.35
6795,4889.33
6796,4211.87
6797,4200.65
6798,4963.07
6799,4695.7
6800,4200.94
6801,4430.21
6802,4000.16
6803,3699.83
6804,3478.37
6805,3410.67
6806,3192.78
6807,3030.8
6808,2649.69
6809,2250.27
6810,2249.19
6811,2000.47
6812,1999.57
6813,1999.31
6814,1999.22
6815,1900.03
6816,1900.94
9697,2300.91
9698,2070.91
9699,1999.69
9700,1999.26
9701,1890.72
9702,1866.96
9703,1843.25
9704,1950.61
9705,1866.61
9706,1799.42
9707,1810.08
9708,1799.66
9709,1900.47
9710,1899.66
9711,1899.29
9712,1899.57
9713,1919.88
9714,1999.16
9715,1999.22
9716,1999.36
9717,1999.64
9718,2000.05
9719,2419.9
9720,2539.25
9721,2795.67
9722,3080.05
9723,3349.6
9724,3503.92
9725,3649.53
9726,3663.04
9727,4000.7
9728,3999.21
9729,4100.03
9730,4000.22
9731,3990.57
9732,3900.97
9733,3800.57
9734,3499.97
9735,3499.77
9736,3400.96
9737,3499.51
9738,3499.06
9739,3499.11
9740,3499.23
9741,2999.5
9742,3000.05
9743,2999.31
9744,2999.43
9745,2999.37
9746,2999.54
9747,2999.2
9748,2999.37
9749,2996.52
9750,2997.53
9751,2999.27
9752,2999.05
9753,2999.14
9754,2999.49
9755,2999.58
9756,3000.97
9757,2999.22
9758,2999.2
9759,2999.05
9760,3000.17
9761,3159.68
9762,3296.63
9763,3499.28
9764,3666.3
9765,3600.52
9766,3700.87
9767,3990.44
9768,4222.99
9769,4170.65
9770,3990.77
9771,4000.45
9772,3990.06
9773,4000.0
9774,4000.12
9775,3790.81
9776,3599.23
9777,3700.61
9778,3478.94
9779,3478.67
9780,3395.57
9781,3279.67
9782,3037.64
9783,2963.5
9784,2519.88
9785,2519.11
9786,2402.14
9787,2249.86
9788,2249.38
9789,2000.87
9790,1999.68
9791,1999.58
9792,1999.78
12577,2250.19
12578,2000.3
12579,1999.97
12580,1999.7
12581,1999.39
12582,1999.14
12583,1999.24
12584,1999.31
12585,1999.06
12586,1999.07
12587,1999.0
12588,1918.98
12589,1950.1
12590,1999.11
12591,1999.08
12592,1999.06
12593,1999.49
12594,2000.52
12595,2250.22
12596,2287.37
12597,2343.72
12598,2469.28
12599,2539.54
12600,2606.86
12601,2980.41
12602,3100.15
12603,3649.39
12604,3869.15
12605,3979.0
12606,4048.16
12607,4243.61
12608,4191.53
12609,4243.64
12610,4500.56
12611,4179.73
12612,4100.25
12613,4150.85
12614,4000.43
12615,3989.38
12616,3700.47
12617,3650.48
12618,3500.01
12619,3500.68
12620,3500.1
12621,3499.3
12622,3499.43
12623,3499.15
12624,3419.65
12625,3478.83
12626,3499.11
12627,3400.99
12628,3279.86
12629,3138.12
12630,3100.51
12631,3052.76
12632,3020.95
12633,3056.49
12634,3100.41
12635,3207.8
12636,3350.02
12637,3250.91
12638,3478.19
12639,3478.7
12640,3478.75
12641,3499.71
12642,3760.3
12643,3900.55
12644,3998.71
12645,3940.81
12646,4069.45
12647,4069.74
12648,4921.12
12649,4921.29
12650,4921.01
12651,4921.47
12652,4469.98
12653,4469.5
12654,4308.63
12655,4000.07
12656,3678.34
12657,3911.05
12658,3700.28
12659,3478.35
12660,3396.99
12661,3387.5
12662,3133.41
12663,2998.36
12664,2790.24
12665,2519.91
12666,2519.57
12667,2608.13
12668,2519.1
12669,2287.55
12670,2298.6
12671,2250.59
12672,2000.89
15553,2298.49
15554,2020.18
15555,2300.36
15556,2300.48
15557,2200.32
15558,2000.55
15559,2070.55
15560,2150.42
15561,1999.99
15562,1999.97
15563,2000.75
15564,2129.75
15565,2150.52
15566,2110.94
15567,2100.67
15568,2129.58
15569,2402.96
15570,2420.2
15571,2685.98
15572,2701.66
15573,2650.78
15574,2702.95
15575,2701.28
15576,2949.68
15577,3279.84
15578,3478.62
15579,3869.9
15580,4000.97
15581,4069.38
15582,4128.17
15583,4250.16
15584,4448.72
15585,4942.73
15586,4942.52
15587,4446.88
15588,4179.91
15589,4232.57
15590,4312.83
15591,4179.33
15592,4150.09
15593,4000.78
15594,3999.14
15595,4000.5
15596,3990.63
15597,3600.59
15598,3800.33
15599,3894.97
15600,3500.03
15601,3500.48
15602,3500.28
15603,3499.68
15604,3499.31
15605,3333.05
15606,3279.67
15607,3461.79
15608,3478.22
15609,3499.12
15610,3499.54
15611,3869.25
15612,3869.72
15613,3680.34
15614,3679.74
15615,3979.14
15616,3760.06
15617,3499.79
15618,3900.69
15619,4069.3
15620,4232.34
15621,4232.42
15622,4469.91
15623,4469.93
15624,4999.83
15625,4942.94
15626,4943.0
15627,4942.87
15628,4942.07
15629,4942.21
15630,4942.47
15631,4469.48
15632,4232.31
15633,4069.26
15634,3900.98
15635,3649.06
15636,3478.8
15637,3599.42
15638,3478.17
15639,3279.01
15640,3020.68
15641,3012.63
15642,3100.27
15643,2989.66
15644,2701.76
15645,2705.24
15646,2670.86
15647,2519.31
15648,2500.42
18433,2702.91
18434,2701.36
18435,2700.25
18436,2549.46
18437,2419.42
18438,2300.26
18439,2298.95
18440,2400.01
18441,2180.47
18442,2200.01
18443,2250.92
18444,2298.96
18445,2344.93
18446,2270.93
18447,2270.83
18448,2270.28
18449,2501.95
18450,2646.79
18451,2704.12
18452,2705.63
18453,2706.79
18454,3000.63
18455,3010.17
18456,2949.93
18457,3114.14
18458,3478.36
18459,3839.04
18460,4069.2
18461,4158.18
18462,4158.15
18463,4250.8
18464,4469.37
18465,4816.52
18466,4816.26
18467,4637.6
18468,4500.45
18469,4816.03
18470,4816.29
18471,4489.17
18472,4250.96
18473,4179.08
18474,3990.82
18475,3990.99
18476,3990.95
18477,3940.09
18478,3940.03
18479,3730.2
18480,3499.51
18481,3649.65
18482,3600.55
18483,3499.83
18484,3478.77
18485,3279.09
18486,3118.53
18487,3170.69
18488,3159.45
18489,3279.01
18490,3279.68
18491,3478.16
18492,3478.88
18493,3279.53
18494,3478.1
18495,3478.95
18496,3662.28
18497,3730.37
18498,3730.65
18499,3940.57
18500,3940.82
18501,3940.06
18502,3990.14
18503,4249.37
18504,4816.99
18505,4816.48
18506,4816.57
18507,4816.44
18508,4550.37
18509,4308.22
18510,4232.52
18511,4069.85
18512,4102.68
18513,3990.47
18514,3949.31
18515,3760.31
18516,3398.38
18517,3478.08
18518,3279.01
18519,3118.68
18520,2998.81
18521,2998.99
18522,2998.5
18523,2971.58
18524,2710.82
18525,2860.84
18526,2706.84
18527,2549.33
18528,2500.03
21409,2680.35
21410,2500.42
21411,2350.76
21412,2333.3
21413,2150.9
21414,2150.04
21415,2150.08
21416,2150.98
21417,2000.26
21418,2070.8
21419,2000.56
21420,2100.55
21421,2000.94
21422,1999.99
21423,1999.99
21424,1999.98
21425,2200.66
21426,2400.36
21427,2549.54
21428,2600.6
21429,2705.04
21430,2707.98
21431,2709.53
21432,2933.99
21433,2933.88
21434,3159.92
21435,3649.03
21436,3869.53
21437,4069.58
21438,4158.86
21439,4308.41
21440,4440.25
21441,4252.86
21442,4249.29
21443,4199.14
21444,4052.3
21445,4000.49
21446,4170.33
21447,4000.72
21448,3990.3
21449,3499.67
21450,3499.42
21451,3500.96
21452,3499.6
21453,3099.58
21454,2999.84
21455,3200.22
21456,3279.22
21457,3499.68
21458,3357.08
21459,3279.57
21460,3279.04
21461,3170.77
21462,3011.34
21463,3100.83
21464,3100.07
21465,3250.93
21466,3300.82
21467,3478.69
21468,3500.83
21469,3170.69
21470,3279.18
21471,3478.06
21472,3668.1
21473,3478.49
21474,3478.05
21475,3730.19
21476,4069.84
21477,3989.76
21478,3990.47
21479,4469.26
21480,4827.79
21481,4827.01
21482,4500.88
21483,4600.02
21484,4500.83
21485,4827.06
21486,4827.58
21487,4500.48
21488,4500.35
21489,4170.49
21490,3979.14
21491,3676.44
21492,3396.2
21493,3394.17
21494,3279.32
21495,3126.67
21496,3035.63
21497,2998.88
21498,2880.67
21499,2889.66
21500,2707.77
21501,2707.29
21502,2646.76
21503,2400.42
21504,2402.59
24385,2695.95
24386,2692.87
24387,2691.65
24388,2500.66
24389,2298.91
24390,2330.82
24391,2419.04
24392,2298.69
24393,2196.61
24394,2196.98
24395,2250.67
24396,2200.11
24397,2196.71
24398,2196.61
24399,2196.5
24400,2196.2
24401,2008.69
24402,2270.3
24403,2616.2
24404,2646.46
24405,2692.78
24406,2698.12
24407,2697.91
24408,2695.01
24409,2695.69
24410,2693.48
24411,2949.84
24412,2998.22
24413,2998.25
24414,3279.74
24415,3730.04
24416,3683.68
24417,3700.52
24418,3657.16
24419,3729.48
24420,3800.57
24421,3499.99
24422,3499.61
24423,3499.16
24424,3279.13
24425,3161.46
24426,3159.62
24427,3159.38
24428,3161.0
24429,2999.24
24430,2999.45
24431,2999.59
24432,2999.91
24433,3159.18
24434,2999.95
24435,2999.81
24436,2999.82
24437,2999.45
24438,2999.32
24439,2999.39
24440,2999.15
24441,2999.49
24442,2999.63
24443,2999.7
24444,2999.51
24445,2949.31
24446,2947.29
24447,2949.2
24448,2999.07
24449,2999.83
24450,2999.3
24451,3220.91
24452,3300.12
24453,2948.73
24454,3250.49
24455,3279.73
24456,3676.52
24457,3499.97
24458,3675.53
24459,3700.09
24460,3400.74
24461,3399.14
24462,3399.94
24463,3396.78
24464,3396.49
24465,3398.52
24466,3369.32
24467,3279.13
24468,3126.94
24469,3060.86
24470,3001.47
24471,2929.11
24472,2693.88
24473,2699.27
24474,2695.68
24475,2695.26
24476,2691.63
24477,2691.52
24478,2398.97
24479,2270.54
24480,2196.4
27265,2410.56
27266,2398.27
27267,2398.43
27268,2000.94
27269,1999.92
27270,1999.81
27271,1999.8
27272,1999.63
27273,1999.13
27274,1999.23
27275,1999.37
27276,1999.5
27277,1999.21
27278,1999.18
27279,1999.17
27280,1999.03
27281,1973.35
27282,1999.37
27283,1999.88
27284,2150.27
27285,2539.91
27286,2600.52
27287,2841.34
27288,2800.86
27289,3100.85
27290,3200.47
27291,3400.65
27292,3609.03
27293,3760.44
27294,3990.27
27295,4170.27
27296,4209.77
27297,4222.54
27298,3989.99
27299,4150.41
27300,3990.43
27301,4150.42
27302,4250.32
27303,4222.48
27304,4170.89
27305,3800.05
27306,3990.37
27307,4000.58
27308,4052.48
27309,3500.72
27310,3728.72
27311,3677.77
27312,3499.69
27313,3671.94
27314,3499.95
27315,3499.47
27316,3478.07
27317,3300.43
27318,3269.71
27319,3269.13
27320,3250.27
27321,3300.32
27322,3369.94
27323,3499.63
27324,3499.89
27325,3250.84
27326,3250.89
27327,3500.42
27328,3790.5
27329,3555.4
27330,3674.72
27331,3990.28
27332,4100.11
27333,3979.42
27334,4179.34
27335,4901.4
27336,5301.82
27337,4600.18
27338,4700.15
27339,4901.29
27340,4669.61
27341,4500.69
27342,4500.65
27343,4500.25
27344,4901.04
27345,4250.43
27346,4179.64
27347,3870.92
27348,3397.31
27349,3393.68
27350,3269.88
27351,3126.51
27352,2907.52
27353,2892.57
27354,2998.14
27355,2889.74
27356,2549.45
27357,2420.85
27358,2250.42
27359,1999.93
27360,2110.4
30241,2298.62
30242,2250.19
30243,1999.98
30244,1999.62
30245,1999.42
30246,1999.31
30247,1999.44
30248,1999.34
30249,1999.11
30250,1999.18
30251,1999.29
30252,1999.4
30253,1999.46
30254,1999.43
30255,1999.42
30256,1999.38
30257,1999.48
30258,1999.95
30259,2200.18
30260,2300.77
30261,2500.29
30262,2539.1
30263,2800.83
30264,2997.8
30265,3250.82
30266,3478.69
30267,3760.88
30268,3909.37
30269,3800.34
30270,3990.04
30271,4249.83
30272,4250.07
30273,4308.51
30274,4374.51
30275,4850.17
30276,4460.85
30277,4500.69
30278,4985.9
30279,4985.73
30280,4600.54
30281,4238.96
30282,4272.71
30283,4238.95
30284,4200.56
30285,3499.67
30286,3500.16
30287,3902.21
30288,3950.64
30289,3990.42
30290,3990.14
30291,3672.58
30292,3499.7
30293,3478.68
30294,3300.35
30295,3269.56
30296,3250.94
30297,3269.84
30298,3357.03
30299,3550.95
30300,3700.52
30301,3400.84
30302,3478.84
30303,3899.11
30304,4127.8
30305,3990.85
30306,4100.56
30307,4030.65
30308,4249.66
30309,3990.61
30310,4469.17
30311,4985.04
30312,5007.51
30313,4985.13
30314,5000.03
30315,5695.6
30316,4985.99
30317,5010.13
30318,5300.62
30319,5100.04
30320,4985.25
30321,4250.93
30322,4000.02
30323,3909.26
30324,3399.83
30325,3391.89
30326,3250.15
30327,3007.01
30328,2707.46
30329,2825.18
30330,2997.46
30331,2907.36
30332,2800.27
30333,2710.59
30334,2410.67
30335,2250.4
30336,2334.8
33121,2402.96
33122,2300.94
33123,2298.07
33124,1999.92
33125,1999.59
33126,1999.46
33127,1999.58
33128,1999.4
33129,1999.24
33130,1996.44
33131,1949.63
33132,1930.79
33133,1930.58
33134,1930.41
33135,1930.54
33136,1930.48
33137,1930.57
33138,1959.7
33139,1999.79
33140,2000.88
33141,2115.39
33142,2646.11
33143,2901.76
33144,2960.08
33145,3192.69
33146,3456.34
33147,3909.42
33148,4000.54
33149,4058.73
33150,4179.57
33151,4440.19
33152,4450.58
33153,5400.34
33154,5200.45
33155,5616.6
33156,5010.43
33157,4922.88
33158,4922.36
33159,4308.87
33160,4238.31
33161,4138.1
33162,4138.43
33163,3990.19
33164,3799.48
33165,3269.98
33166,3269.43
33167,3269.83
33168,3369.97
33169,3637.08
33170,3499.69
33171,3269.99
33172,3269.42
33173,3169.42
33174,3123.23
33175,3119.67
33176,3110.23
33177,3119.62
33178,3124.91
33179,3250.11
33180,3269.19
33181,3169.61
33182,3269.37
33183,3500.05
33184,3663.91
33185,3950.66
33186,4000.88
33187,4179.37
33188,4489.23
33189,4308.93
33190,4922.5
33191,5202.99
33192,5208.68
33193,5100.33
33194,4969.15
33195,5100.08
33196,4969.16
33197,4922.12
33198,4600.36
33199,4922.22
33200,4400.36
33201,4249.54
33202,3979.02
33203,3662.2
33204,3454.09
33205,3395.68
33206,3269.5
33207,3119.05
33208,2996.94
33209,2984.58
33210,2869.25
33211,2904.21
33212,2839.1
33213,2646.8
33214,2420.25
33215,2270.84
33216,2200.34
33217,1999.22
33218,1999.06
33219,1900.43
33220,1900.71
33221,1890.88
33222,1890.05
33223,1918.26
33224,1919.6
33225,1918.05
33226,1918.87
33227,1918.62
33228,1919.61
33229,1919.61
33230,1919.39
33231,1919.38
33232,1919.46
33233,1918.04
33234,1930.11
33235,1982.59
33236,1999.29
33237,2188.62
33238,2682.5
33239,2819.96
33240,2905.56
33241,3119.31
33242,3550.4
33243,3760.91
33244,3959.82
33245,3979.74
33246,4159.79
33247,4800.42
33248,4930.4
33249,5256.4
33250,4969.38
33251,4454.32
33252,4250.06
33253,4703.1
33254,4489.06
33255,4249.88
33256,4189.61
33257,4250.15
33258,4117.38
33259,3990.17
33260,4000.91
33261,3989.46
33262,3990.14
33263,3728.98
33264,3674.7
33265,4117.47
33266,4100.35
33267,3728.89
33268,3638.66
33269,3399.35
33270,3269.46
33271,3269.2
33272,3200.39
33273,3224.99
33274,3269.35
33275,3357.03
33276,3500.11
33277,3011.87
33278,3200.4
33279,3399.52
33280,3800.27
33281,3638.39
33282,3979.34
33283,3990.68
33284,4437.64
33285,4117.89
33286,4469.1
33287,4901.57
33288,5305.95
33289,4969.96
33290,4901.99
33291,5101.0
33292,4901.35
33293,4489.68
33294,4314.5
33295,4444.35
33296,4250.19
33297,3979.82
33298,3638.65
33299,3378.98
33300,3193.81
33301,3095.23
33302,3012.53
33303,2787.75
33304,2699.38
33305,2649.33
33306,2300.4
33307,2000.17
33308,1999.6
33309,1999.07
33310,1999.07
33311,1785.21
33312,1837.68
33313,1999.62
33314,1999.37
33315,1999.09
33316,1799.9
33317,1837.26
33318,1890.29
33319,1919.06
33320,1999.05
33321,1900.18
33322,1899.26
33323,1918.59
33324,1919.71
33325,1919.5
33326,1919.31
33327,1919.19
33328,1999.08
33329,1937.38
33330,1999.18
33331,1999.18
33332,1999.4
33333,2020.77
33334,2329.52
33335,2959.32
33336,3005.52
33337,2892.8
33338,3319.41
33339,3760.6
33340,3760.48
33341,3979.14
33342,3979.55
33343,4249.91
33344,4901.2
33345,4901.01
33346,4800.38
33347,4469.84
33348,4469.27
33349,5000.97
33350,5350.31
33351,5350.44
33352,4901.15
33353,4489.34
33354,4250.86
33355,4209.9
33356,4149.94
33357,3500.8
33358,3800.1
33359,3728.31
33360,3799.44
33361,4250.03
33362,4209.7
33363,3999.76
33364,3728.65
33365,3619.0
33366,3500.11
33367,3330.35
33368,3169.95
33369,3369.79
33370,3580.31
33371,3638.32
33372,3638.45
33373,3210.66
33374,3270.0
33375,3600.61
33376,3672.7
33377,3698.74
33378,3989.82
33379,4209.06
33380,4434.77
33381,4469.89
33382,4750.3
33383,5304.17
33384,6065.47
33385,5327.0
33386,5170.63
33387,6010.09
33388,5100.95
33389,4901.12
33390,4489.81
33391,4901.23
33392,4410.85
33393,4250.05
33394,3979.46
33395,3979.2
33396,3647.04
33397,3380.53
33398,3129.3
33399,3089.05
33400,2741.34
33401,2889.66
33402,2963.11
33403,2737.76
33404,2298.29
33405,1999.88
33406,1999.92
33407,1999.39
33408,1999.46
33409,1999.71
33410,1999.4
33411,1999.51
33412,1999.0
33413,1919.43
33414,1919.87
33415,1999.04
33416,1919.98
33417,1918.65
33418,1919.16
33419,1950.69
33420,1999.1
33421,1999.01
33422,1919.91
33423,1992.49
33424,1997.69
33425,1930.85
33426,1995.45
33427,1999.23
33428,1999.89
33429,2197.43
33430,2529.66
33431,2959.73
33432,3064.32
33433,3013.73
33434,3456.11
33435,3909.32
33436,3958.42
33437,4179.36
33438,4179.02
33439,4299.35
33440,4500.81
33441,4838.37
33442,4838.19
33443,4489.68
33444,4250.92
33445,4750.12
33446,5015.62
33447,5000.04
33448,4838.86
33449,4510.02
33450,4454.81
33451,4299.24
33452,4429.18
33453,3990.53
33454,4052.11
33455,3990.08
33456,3700.25
33457,3555.05
33458,3728.29
33459,3800.15
33460,3675.89
33461,3638.36
33462,3511.84
33463,3499.6
33464,3357.77
33465,3499.36
33466,3638.24
33467,3659.71
33468,3728.05
33469,3659.07
33470,3800.55
33471,4179.18
33472,4189.47
33473,4189.56
33474,4189.58
33475,4343.06
33476,4838.08
33477,4432.38
33478,4469.92
33479,5100.35
33480,6600.5
33481,5000.87
33482,5100.9
33483,5350.64
33484,5500.26
33485,5000.5
33486,5100.64
33487,5100.18
33488,4500.15
33489,4299.14
33490,4179.72
33491,3979.81
33492,3909.24
33493,3638.96
33494,3499.42
33495,3123.77
33496,2979.95
33497,3041.67
33498,3099.53
33499,3080.81
33500,2967.5
33501,2529.96
33502,2300.22
33503,2070.89
33504,2070.06
33505,2529.02
33506,2298.3
33507,2013.59
33508,1999.82
33509,1999.19
33510,1982.62
33511,1932.73
33512,1930.64
33513,1919.11
33514,1919.91
33515,1930.08
33516,1930.1
33517,1918.54
33518,1912.92
33519,1916.36
33520,1910.14
33521,1914.99
33522,1926.16
33523,1930.27
33524,1978.24
33525,1999.69
33526,2384.07
33527,2697.21
33528,2744.04
33529,2635.79
33530,2898.5
33531,3104.32
33532,3231.38
33533,3576.19
33534,3638.02
33535,3760.26
33536,3867.31
33537,3960.49
33538,3989.26
33539,3989.62
33540,3999.15
33541,4179.64
33542,4209.25
33543,4189.53
33544,4179.91
33545,3999.06
33546,3900.22
33547,3499.45
33548,3499.21
33549,3499.09
33550,3269.59
33551,3269.18
33552,3100.15
33553,3119.28
33554,3121.55
33555,3150.36
33556,3169.02
33557,3092.33
33558,3023.83
33559,3000.57
33560,2999.6
33561,2999.73
33562,2999.9
33563,3000.56
33564,3044.14
33565,3096.3
33566,3101.33
33567,3169.02
33568,3170.0
33569,3129.79
33570,3269.66
33571,3659.45
33572,3909.83
33573,3638.43
33574,3638.48
33575,3698.97
33576,3700.9
33577,4108.44
33578,3999.46
33579,4179.3
33580,4179.04
33581,3979.94
33582,4000.65
33583,4000.31
33584,3800.23
33585,3638.52
33586,3638.36
33587,3595.27
33588,3499.28
33589,3250.39
33590,3119.2
33591,3021.49
33592,2879.75
33593,2800.63
33594,2898.17
33595,2898.83
33596,2794.26
33597,2605.95
33598,2500.62
33599,2250.28
33600,2014.38
33601,2460.78
33602,2197.05
33603,2000.98
33604,1999.49
33605,1919.97
33606,1918.5
33607,1850.3
33608,1890.85
33609,1749.98
33610,1749.93
33611,1799.28
33612,1800.75
33613,1799.79
33614,1820.65
33615,1893.91
33616,1889.52
33617,1899.95
33618,1919.2
33619,1923.69
33620,1930.93
33621,1999.85
33622,2513.29
33623,2741.72
33624,2991.64
33625,2959.33
33626,3105.0
33627,3169.57
33628,3638.69
33629,3989.54
33630,4171.49
33631,4179.97
33632,4250.47
33633,4250.52
33634,4250.58
33635,4250.05
33636,4250.11
33637,4500.94
33638,4872.18
33639,4800.78
33640,4489.8
33641,4249.12
33642,4250.61
33643,4249.38
33644,4251.0
33645,4171.54
33646,3728.47
33647,3650.44
33648,3600.43
33649,3499.73
33650,3499.35
33651,3499.18
33652,3357.67
33653,3279.32
33654,3279.22
33655,3250.56
33656,3169.61
33657,3210.3
33658,3222.58
33659,3279.04
33660,3279.69
33661,3400.63
33662,3500.81
33663,3600.15
33664,3518.66
33665,3279.71
33666,3638.84
33667,3989.8
33668,4429.27
33669,4179.92
33670,4750.39
33671,4489.62
33672,4872.42
33673,5000.65
33674,4872.99
33675,4872.98
33676,5100.92
33677,5200.91
33678,5050.8
33679,5050.28
33680,4872.5
33681,4432.44
33682,4250.77
33683,4179.72
33684,3989.58
33685,3979.05
33686,3638.55
33687,3300.1
33688,3279.05
33689,3119.81
33690,3150.43
33691,3119.57
33692,3031.35
33693,2898.18
33694,2529.9
33695,2270.91
33696,2219.45
33697,2298.03
33698,2100.87
33699,1999.63
33700,1999.32
33701,1918.86
33702,1899.26
33703,1800.31
33704,1810.58
33705,1780.51
33706,1799.76
33707,1890.81
33708,1900.86
33709,1919.4
33710,1919.42
33711,1937.07
33712,1936.87
33713,1919.58
33714,1940.22
33715,1939.88
33716,1943.36
33717,2011.1
33718,2350.17
33719,2823.45
33720,2959.19
33721,2982.84
33722,3250.97
33723,3279.38
33724,3638.36
33725,3698.35
33726,3968.48
33727,4046.01
33728,4249.84
33729,4250.99
33730,4250.53
33731,4400.92
33732,4250.75
33733,4500.87
33734,4489.85
33735,4429.69
33736,4250.1
33737,4189.2
33738,4189.95
33739,4249.05
33740,4100.78
33741,3799.27
33742,3728.57
33743,3499.76
33744,3499.01
33745,3250.47
33746,3350.19
33747,3250.66
33748,3149.99
33749,3058.05
33750,3051.55
33751,3044.71
33752,2999.99
33753,2999.97
33754,3020.85
33755,3035.36
33756,3055.0
33757,3061.68
33758,3169.38
33759,3500.89
33760,3638.74
33761,3638.12
33762,3728.06
33763,3751.28
33764,4046.21
33765,3990.78
33766,4249.77
33767,4046.8
33768,4369.36
33769,4499.31
33770,4369.43
33771,4442.95
33772,4965.0
33773,4914.12
33774,4500.9
33775,4429.47
33776,4312.87
33777,3990.18
33778,3756.75
33779,3659.61
33780,3593.33
33781,3499.7
33782,3049.23
33783,2745.57
33784,2529.85
33785,2762.41
33786,2898.66
33787,2974.08
33788,2584.07
33789,2529.84
33790,2400.16
33791,2250.92
33792,2197.77
33793,2197.6
33794,2070.18
33795,2000.18
33796,1999.74
33797,1999.11
33798,1950.88
33799,1999.07
33800,1999.17
33801,1999.08
33802,1999.1
33803,1999.21
33804,1999.17
33805,1999.45
33806,1999.54
33807,1999.3
33808,1999.31
33809,1999.07
33810,1999.49
33811,1999.7
33812,2070.17
33813,2434.46
33814,2529.77
33815,2800.65
33816,2898.48
33817,2898.76
33818,2949.38
33819,2959.43
33820,3170.53
33821,3169.33
33822,3638.71
33823,3900.8
33824,4189.67
33825,4249.85
33826,4249.6
33827,4250.27
33828,4209.4
33829,4500.65
33830,4489.8
33831,4400.52
33832,4448.92
33833,4250.33
33834,4209.55
33835,4189.55
33836,4171.24
33837,3990.09
33838,3736.4
33839,3617.29
33840,3499.34
33841,3499.21
33842,3279.65
33843,3279.07
33844,3116.83
33845,3061.09
33846,3057.23
33847,3057.04
33848,3022.63
33849,3025.81
33850,3053.2
33851,3116.22
33852,3200.18
33853,3169.81
33854,3279.81
33855,3500.25
33856,3638.34
33857,3638.66
33858,3698.67
33859,3659.76
33860,3989.52
33861,3728.72
33862,3753.1
33863,3698.11
33864,3728.28
33865,3759.45
33866,3659.7
33867,3728.8
33868,3999.37
33869,4249.64
33870,4250.61
33871,4250.95
33872,4250.09
33873,4171.72
33874,3749.96
33875,3728.52
33876,3662.72
33877,3728.19
33878,3279.75
33879,3061.81
33880,2992.08
33881,3013.44
33882,2959.61
33883,2898.82
33884,2529.96
33885,2529.74
33886,2420.76
33887,2250.18
33888,2197.64
33889,2597.55
33890,2529.05
33891,2343.84
33892,2197.39
33893,2000.17
33894,1999.82
33895,1999.88
33896,2000.39
33897,1999.9
33898,1999.9
33899,1999.98
33900,2000.93
33901,2197.52
33902,2250.57
33903,2298.85
33904,2300.1
33905,2500.35
33906,2529.02
33907,2636.09
33908,2842.42
33909,3026.92
33910,3181.56
33911,3200.03
33912,3279.68
33913,3279.54
33914,3725.05
33915,3899.41
33916,3969.08
33917,3968.77
33918,4189.34
33919,5698.54
33920,5714.67
33921,6030.67
33922,5774.65
33923,5293.7
33924,5273.17
33925,5776.32
33926,6111.48
33927,6120.96
33928,5670.1
33929,4904.36
33930,4750.47
33931,4500.55
33932,4441.5
33933,3990.12
33934,3758.85
33935,3521.3
33936,3499.81
33937,3499.67
33938,3700.82
33939,3584.05
33940,3499.93
33941,3499.55
33942,3499.35
33943,3499.24
33944,3499.25
33945,3499.28
33946,3499.56
33947,3499.91
33948,3638.76
33949,3809.22
33950,3989.87
33951,3990.98
33952,3990.35
33953,3990.5
33954,4209.3
33955,4990.73
33956,5651.3
33957,4169.69
33958,4442.92
33959,4249.27
33960,4489.45
33961,4249.24
33962,4249.25
33963,4489.96
33964,6119.01
33965,5998.84
33966,5700.51
33967,5500.83
33968,5500.43
33969,4980.39
33970,4904.6
33971,4169.41
33972,3969.64
33973,3787.31
33974,3789.58
33975,3499.46
33976,3279.29
33977,3116.52
33978,3195.5
33979,2898.95
33980,2754.89
33981,2600.53
33982,2529.06
33983,2300.62
33984,2197.02
33985,2500.12
33986,2300.18
33987,2197.78
33988,2000.93
33989,1999.84
33990,1999.61
33991,1999.39
33992,1999.41
33993,1999.24
33994,1999.34
33995,1999.45
33996,1999.59
33997,2000.63
33998,2190.32
33999,2197.03
34000,2197.01
34001,2352.19
34002,2600.89
34003,2600.44
34004,2600.2
34005,2500.4
34006,2898.83
34007,3057.29
34008,3169.95
34009,3250.57
34010,3584.1
34011,3889.43
34012,3969.64
34013,4069.02
34014,4469.2
34015,5513.89
34016,6483.17
34017,6789.17
34018,5600.5
34019,5000.29
34020,4750.9
34021,4851.85
34022,4582.86
34023,4500.43
34024,4447.0
34025,4113.53
34026,4040.47
34027,3990.57
34028,3989.63
34029,3499.24
34030,3499.24
34031,3499.06
34032,3279.94
34033,3302.35
34034,3279.83
34035,3279.27
34036,3116.92
34037,3049.7
34038,3049.3
34039,3050.52
34040,3047.49
34041,3051.39
34042,3055.96
34043,3279.09
34044,3350.78
34045,3499.41
34046,3499.8
34047,3638.89
34048,3790.5
34049,4100.39
34050,4149.46
34051,4440.67
34052,4263.55
34053,4000.98
34054,4272.06
34055,4308.8
34056,4500.54
34057,5000.41
34058,5399.47
34059,5511.59
34060,5515.28
34061,5000.85
34062,5000.76
34063,5050.69
34064,4969.91
34065,4469.67
34066,4300.31
34067,4169.3
34068,3911.69
34069,3750.94
34070,3500.15
34071,3279.87
34072,3116.68
34073,3051.93
34074,2919.72
34075,2898.47
34076,2500.75
34077,2700.96
34078,2550.06
34079,2320.09
34080,2298.48
34081,2298.98
34082,2190.62
34083,2190.42
34084,2000.89
34085,1999.85
34086,1999.8
34087,2190.03
34088,2190.13
34089,2050.61
34090,2190.06
34091,2190.62
34092,2190.56
34093,2197.33
34094,2197.45
34095,2190.43
34096,2000.71
34097,2190.59
34098,2190.91
34099,2190.73
34100,2205.28
34101,2000.52
34102,2500.7
34103,3116.96
34104,3169.97
34105,3529.68
34106,3638.13
34107,3842.22
34108,3969.29
34109,3989.39
34110,4250.13
34111,5399.12
34112,6473.4
34113,6803.03
34114,6531.23
34115,6044.02
34116,4910.91
34117,5800.5
34118,5000.78
34119,4893.78
34120,4893.35
34121,4308.61
34122,4103.26
34123,4000.34
34124,3969.48
34125,3499.91
34126,3499.57
34127,3499.29
34128,3499.28
34129,3499.29
34130,3499.08
34131,3369.84
34132,3250.45
34133,3116.84
34134,3116.03
34135,3116.09
34136,3000.62
34137,2999.97
34138,3000.39
34139,3143.44
34140,3250.03
34141,2999.89
34142,3120.76
34143,3499.17
34144,3499.48
34145,3499.54
34146,3499.94
34147,3990.03
34148,3983.37
34149,3969.05
34150,4100.04
34151,4169.56
34152,4469.02
34153,4500.38
34154,4969.5
34155,5399.18
34156,5399.39
34157,4969.54
34158,4969.5
34159,5000.9
34160,4940.77
34161,4500.15
34162,4308.18
34163,4150.01
34164,3969.58
34165,3937.8
34166,3881.17
34167,3600.19
34168,3499.81
34169,3359.48
34170,3200.58
34171,3113.92
34172,2898.65
34173,2400.83
34174,2250.01
34175,2000.2
34176,2300.75
34177,2793.72
34178,2792.45
34179,2792.05
34180,2735.28
34181,2584.91
34182,2500.18
34183,2510.27
34184,2584.61
34185,2349.38
34186,2402.77
34187,2503.97
34188,2510.59
34189,2630.69
34190,2630.06
34191,2584.21
34192,2584.39
34193,2300.92
34194,2400.04
34195,2500.22
34196,2584.77
34197,2629.33
34198,2500.13
34199,2750.38
34200,2892.91
34201,3126.68
34202,3406.11
34203,3667.97
34204,3760.6
34205,3969.09
34206,4000.57
34207,4279.56
34208,4469.67
34209,4850.86
34210,4518.9
34211,4910.19
34212,4700.48
34213,4925.05
34214,4450.87
34215,4249.78
34216,4249.55
34217,3989.92
34218,4249.32
34219,4500.35
34220,4000.84
34221,3499.96
34222,3499.56
34223,3401.0
34224,3250.02
34225,3200.16
34226,3116.9
34227,3116.58
34228,3054.69
34229,3048.66
34230,3019.35
34231,2999.94
34232,2999.69
34233,2999.44
34234,2999.31
34235,2999.31
34236,2999.3
34237,2999.01
34238,2999.09
34239,2999.5
34240,2999.96
34241,3169.98
34242,3279.79
34243,3499.99
34244,3638.39
34245,3250.53
34246,3279.46
34247,3530.6
34248,3533.47
34249,3638.94
34250,3638.68
34251,3704.67
34252,3727.42
34253,3638.09
34254,3638.3
34255,3658.73
34256,3638.09
34257,3598.69
34258,3592.28
34259,3499.33
34260,3279.81
34261,3150.89
34262,3053.02
34263,2929.89
34264,2800.53
34265,2657.03
34266,2781.26
34267,2555.48
34268,2584.08
34269,2298.88
34270,2250.9
34271,1999.79
34272,2351.1
34273,2197.1
34274,2000.62
34275,1999.89
34276,1999.37
34277,1928.54
34278,1929.12
34279,1949.05
34280,1929.35
34281,1890.46
34282,1951.02
34283,1802.42
34284,1802.62
34285,1928.89
34286,1928.57
34287,1928.56
34288,1928.66
34289,1913.55
34290,1928.85
34291,1950.91
34292,1953.51
34293,1999.06
34294,2397.55
34295,2584.24
34296,2651.33
34297,2949.21
34298,3017.4
34299,3250.12
34300,3819.56
34301,4250.21
34302,4469.58
34303,4703.04
34304,4925.12
34305,5799.17
34306,4925.43
34307,4925.59
34308,4600.92
34309,4637.56
34310,4500.25
34311,4500.47
34312,4500.92
34313,4925.16
34314,4500.86
34315,4000.84
34316,3999.17
34317,3649.55
34318,3499.98
34319,3499.58
34320,3400.92
34321,3296.2
34322,3279.84
34323,3160.9
34324,3100.55
34325,2995.81
34326,2900.73
34327,2881.77
34328,2910.53
34329,2959.27
34330,2959.7
34331,2983.55
34332,2972.06
34333,2999.04
34334,2999.56
34335,3047.52
34336,3159.19
34337,3400.12
34338,3800.72
34339,4179.06
34340,4925.43
34341,4179.9
34342,4925.03
34343,5500.66
34344,5799.83
34345,5000.92
34346,5399.16
34347,5500.16
34348,5399.31
34349,4700.54
34350,4700.6
34351,4489.13
34352,4250.42
34353,3989.05
34354,3758.17
34355,3596.82
34356,3594.07
34357,3394.32
34358,3116.98
34359,3014.99
34360,2829.91
34361,2825.7
34362,2991.3
34363,2630.0
34364,2249.8
34365,2500.22
34366,2400.9
34367,1999.34
34368,2200.37
34369,2190.67
34370,1999.92
34371,1999.9
34372,1999.48
34373,1999.14
34374,1999.19
34375,1999.08
34376,1999.02
34377,1949.92
34378,1949.99
34379,1955.89
34380,1955.61
34381,1957.73
34382,1952.05
34383,1947.34
34384,1947.57
34385,1949.65
34386,1967.23
34387,1999.67
34388,2000.43
34389,1999.97
34390,2193.77
34391,2320.74
34392,2400.46
34393,2500.18
34394,2298.6
34395,2969.06
34396,3250.48
34397,3380.62
34398,3638.19
34399,3960.75
34400,4249.92
34401,4750.07
34402,4750.26
34403,4750.12
34404,4500.9
34405,4700.5
34406,4690.59
34407,4249.79
34408,3989.86
34409,3723.24
34410,3989.81
34411,3723.1
34412,3499.73
34413,3499.67
34414,3499.64
34415,3499.36
34416,3499.24
34417,3455.6
34418,3296.95
34419,3250.07
34420,3056.1
34421,2992.44
34422,2900.2
34423,2816.65
34424,2816.22
34425,2816.72
34426,2845.46
34427,2980.12
34428,2986.36
34429,2999.12
34430,2999.54
34431,3048.18
34432,3011.36
34433,3116.22
34434,3250.63
34435,3671.98
34436,3989.06
34437,3639.45
34438,3660.38
34439,4000.25
34440,4249.07
34441,4150.37
34442,3954.96
34443,4100.48
34444,4200.87
34445,3989.87
34446,4000.6
34447,4250.28
34448,4308.04
34449,4000.07
34450,3795.23
34451,3633.53
34452,3561.8
34453,3499.74
34454,3250.61
34455,3116.86
34456,3056.66
34457,2991.34
34458,2898.73
34459,2550.48
34460,2197.39
34461,2190.23
34462,1999.99
34463,1999.52
34464,2000.26
34465,2020.93
34466,2000.1
34467,1999.81
34468,1999.48
34469,1999.49
34470,1999.56
34471,1999.63
34472,1999.81
34473,1999.68
34474,1999.71
34475,1999.97
34476,2070.7
34477,2000.87
34478,2011.22
34479,2070.26
34480,2020.22
34481,1999.72
34482,2000.42
34483,2190.15
34484,2190.69
34485,2197.88
34486,2332.45
34487,2700.91
34488,2735.21
34489,2994.24
34490,3241.47
34491,3139.83
34492,3250.3
34493,3634.33
34494,3735.01
34495,3799.86
34496,4304.76
34497,4469.77
34498,4489.31
34499,4890.32
34500,4910.75
34501,4600.16
34502,4890.71
34503,4956.85
34504,4956.77
34505,4489.49
34506,4429.32
34507,3850.89
34508,3736.43
34509,3500.0
34510,3723.36
34511,3600.12
34512,3499.91
34513,3499.47
34514,3499.34
34515,3499.01
34516,3292.15
34517,3011.9
34518,2999.58
34519,2999.93
34520,2999.75
34521,2999.22
34522,2999.67
34523,2999.73
34524,3000.72
34525,2999.55
34526,3009.36
34527,3122.82
34528,3250.75
34529,3500.52
34530,3537.6
34531,3720.0
34532,3990.51
34533,3170.85
34534,3698.97
34535,3996.99
34536,4489.06
34537,4036.69
34538,4249.9
34539,4650.82
34540,4600.85
34541,4312.85
34542,4200.48
34543,3989.96
34544,3989.31
34545,3595.15
34546,3510.93
34547,3510.11
34548,3510.12
34549,3391.99
34550,3279.71
34551,3073.01
34552,3056.35
34553,2996.47
34554,2998.81
34555,2999.6
34556,2993.71
34557,2898.92
34558,2600.74
34559,2270.32
34560,2270.22
34561,2400.46
34562,2300.11
34563,2270.68
34564,2020.07
34565,1999.75
34566,1999.68
34567,1999.75
34568,1999.88
34569,1999.53
34570,1999.62
34571,1999.87
34572,1999.84
34573,2180.33
34574,2127.66
34575,2110.37
34576,2100.08
34577,2054.84
34578,2298.07
34579,2500.17
34580,2646.46
34581,2660.09
34582,2898.24
34583,2983.14
34584,2991.57
34585,3060.77
34586,3358.44
34587,3380.47
34588,3581.98
34589,3757.12
34590,3989.46
34591,4436.98
34592,4633.5
34593,4750.76
34594,4746.14
34595,5399.51
34596,5010.57
34597,5729.89
34598,5399.18
34599,4746.68
34600,4746.04
34601,4750.42
34602,4489.78
34603,4500.04
34604,4489.77
34605,3990.08
34606,3850.45
34607,3750.78
34608,3989.66
34609,3652.37
34610,3500.43
34611,3499.49
34612,3400.7
34613,3222.34
34614,3071.9
34615,3063.56
34616,3041.33
34617,3025.49
34618,3063.87
34619,3120.77
34620,3160.87
34621,3200.67
34622,3500.06
34623,3698.46
34624,3950.52
34625,3990.14
34626,3996.37
34627,4000.67
34628,4189.92
34629,3989.32
34630,4000.88
34631,4249.33
34632,4100.78
34633,3996.41
34634,4195.18
34635,4429.42
34636,4430.32
34637,4200.12
34638,4249.94
34639,4489.71
34640,4510.74
34641,4250.95
34642,4068.9
34643,3989.4
34644,3598.17
34645,3400.34
34646,3450.81
34647,3396.67
34648,3391.43
34649,2992.28
34650,2997.63
34651,2991.98
34652,2710.53
34653,2650.66
34654,2270.64
34655,1999.93
34656,1999.56
34657,2197.14
34658,1999.82
34659,1999.59
34660,1999.27
34661,1999.01
34662,1929.81
34663,1999.21
34664,1999.31
34665,1900.37
34666,1928.94
34667,1999.03
34668,1999.08
34669,1999.09
34670,1999.11
34671,1999.01
34672,1983.93
34673,1980.07
34674,1999.2
34675,1999.57
34676,1999.99
34677,2250.28
34678,2654.83
34679,2872.67
34680,2985.71
34681,2994.95
34682,3415.25
34683,3549.5
34684,3670.87
34685,3845.5
34686,3989.16
34687,4209.13
34688,4250.08
34689,4249.79
34690,4250.63
34691,4250.41
34692,4143.73
34693,4249.47
34694,4189.39
34695,4000.45
34696,3999.33
34697,3950.95
34698,3858.22
34699,3723.23
34700,3723.72
34701,3600.81
34702,3799.96
34703,3658.6
34704,3500.81
34705,3499.85
34706,3499.52
34707,3499.09
34708,3250.6
34709,3079.39
34710,3072.72
34711,3070.62
34712,3074.4
34713,3077.58
34714,3159.35
34715,3199.58
34716,3250.56
34717,3250.56
34718,3499.15
34719,3500.21
34720,3500.35
34721,3500.62
34722,3643.3
34723,4000.74
34724,4189.73
34725,3989.32
34726,4143.67
34727,4500.28
34728,4600.24
34729,4469.44
34730,4312.2
34731,4400.38
34732,4249.47
34733,4143.55
34734,4143.17
34735,4170.81
34736,4500.29
34737,4150.82
34738,4068.33
34739,3698.93
34740,3592.5
34741,3499.45
34742,3450.11
34743,3073.13
34744,3058.28
34745,2991.38
34746,2994.36
34747,2988.61
34748,2610.55
34749,2500.99
34750,2200.85
34751,2197.57
34752,2011.28
34753,1999.77
34754,1999.46
34755,1999.2
34756,1999.29
34757,1999.27
34758,1999.15
34759,1999.08
34760,1999.05
34761,1780.59
34762,1780.63
34763,1789.87
34764,1781.69
34765,1975.43
34766,1973.92
34767,1977.42
34768,1978.37
34769,1985.51
34770,1999.43
34771,1999.78
34772,1999.74
34773,2070.26
34774,2298.42
34775,2329.67
34776,2500.75
34777,2727.05
34778,2749.67
34779,3057.14
34780,3581.33
34781,3634.64
34782,3735.86
34783,4200.91
34784,4510.45
34785,4510.54
34786,4304.32
34787,4510.36
34788,4500.93
34789,4925.79
34790,4925.62
34791,4750.97
34792,4746.47
34793,4746.74
34794,4500.02
34795,4000.81
34796,3999.22
34797,3799.57
34798,3800.31
34799,3549.33
34800,3499.9
34801,3499.38
34802,3400.35
34803,3200.59
34804,3170.71
34805,3027.24
34806,3000.18
34807,2999.41
34808,2999.25
34809,2999.3
34810,2999.57
34811,2999.97
34812,3045.33
34813,3062.3
34814,3061.35
34815,3059.89
34816,3250.88
34817,3400.62
34818,3549.57
34819,3638.56
34820,3800.98
34821,3638.06
34822,3989.62
34823,3990.26
34824,4249.55
34825,4164.24
34826,4200.27
34827,4500.77
34828,4430.11
34829,4430.57
34830,4500.96
34831,4500.48
34832,4250.58
34833,4164.32
34834,3688.42
34835,3592.94
34836,3500.16
34837,3400.3
34838,3057.56
34839,2991.52
34840,2988.24
34841,2495.2
34842,2400.28
34843,2210.99
34844,2190.44
34845,1999.57
34846,1999.1
34847,1820.76
34848,1999.27
34849,2000.35
34850,1999.92
34851,1999.62
34852,1999.27
34853,1999.27
34854,1999.14
34855,1950.39
34856,1999.02
34857,1802.03
34858,1800.65
34859,1796.69
34860,1796.33
34861,1840.42
34862,1840.49
34863,1840.4
34864,1840.94
34865,1970.22
34866,1999.09
34867,1999.29
34868,1999.62
34869,2000.83
34870,2278.5
34871,2500.74
34872,2402.39
34873,2727.19
34874,2734.23
34875,2929.03
34876,3139.03
34877,3135.93
34878,3415.97
34879,3670.93
34880,3723.99
34881,3999.41
34882,4095.16
34883,4258.46
34884,4258.55
34885,4200.72
34886,4263.67
34887,4249.63
34888,4100.64
34889,3800.92
34890,3672.79
34891,3650.58
34892,3564.27
34893,3499.14
34894,3499.18
34895,3250.55
34896,3216.43
34897,3279.85
34898,3120.96
34899,3074.67
34900,3058.77
34901,2999.79
34902,2991.76
34903,2984.38
34904,2948.28
34905,2910.92
34906,2929.35
34907,2900.8
34908,2810.27
34909,2751.0
34910,2762.7
34911,2500.75
34912,2610.55
34913,2999.39
34914,3139.63
34915,3499.08
34916,3500.46
34917,3200.42
34918,3200.24
34919,3350.7
34920,3499.88
34921,3549.67
34922,3400.4
34923,3323.88
34924,3321.48
34925,3499.87
34926,3596.19
34927,3572.93
34928,3529.39
34929,3499.85
34930,3499.51
34931,3081.56
34932,3025.12
34933,2929.82
34934,2929.22
34935,2743.6
34936,2660.71
34937,2200.61
34938,2100.2
34939,2249.24
34940,2249.87
34941,1999.96
34942,1999.67
34943,1999.48
34944,1999.45
34945,2197.71
34946,2000.87
34947,2000.52
34948,1999.69
34949,1999.15
34950,1999.14
34951,1799.75
34952,1793.46
34953,1749.73
34954,1749.67
34955,1749.85
34956,1749.82
34957,1802.56
34958,1796.37
34959,1796.25
34960,1802.03
34961,1965.96
34962,1980.76
34963,1982.57
34964,1999.05
34965,1999.75
34966,2243.49
34967,2500.27
34968,2500.75
34969,2988.51
34970,3250.52
34971,3449.96
34972,3613.45
34973,3698.23
34974,3700.49
34975,4288.72
34976,4500.23
34977,4728.51
34978,4728.01
34979,4750.36
34980,4750.14
34981,4750.09
34982,4942.05
34983,4990.24
34984,4942.43
34985,4750.07
34986,4500.97
34987,4249.31
34988,4100.58
34989,3623.07
34990,3727.38
34991,3619.4
34992,3575.6
34993,3499.59
34994,3499.34
34995,3449.33
34996,3250.22
34997,3055.78
34998,3000.52
34999,3013.27
35000,2999.86
35001,2999.83
35002,2999.94
35003,2999.61
35004,2999.62
35005,2999.89
35006,2999.71
35007,3000.17
35008,3200.43
35009,3225.45
35010,3449.75
35011,3790.23
35012,4308.52
35013,4000.63
35014,4942.27
35015,5010.38
35016,5010.93
35017,5000.31
35018,4910.21
35019,4500.78
35020,4400.03
35021,4750.57
35022,4942.33
35023,4750.22
35024,3960.31
35025,3600.62
35026,3567.27
35027,3449.31
35028,3089.51
35029,3025.9
35030,2988.35
35031,2984.66
35032,2743.68
35033,2806.05
35034,2135.81
35035,2168.4
35036,2249.97
35037,2197.7
35038,2554.65
35039,2500.12
35040,2750.6
3169,2998.28
3170,2898.82
3171,2895.34
3172,2893.9
3173,2983.4
3174,2900.42
3175,2739.57
3176,2700.97
3177,2496.75
3178,2497.38
3179,2496.2
3180,2495.05
3181,2330.69
3182,2330.56
3183,2330.47
3184,2330.2
3185,2282.15
3186,2282.53
3187,2282.75
3188,2282.55
3189,2613.12
3190,2600.68
3191,2500.69
3192,2749.25
3193,2800.85
3194,3300.69
3195,3300.72
3196,3589.83
3197,3696.25
3198,3714.64
3199,3500.86
3200,3696.89
3201,3300.37
3202,3242.89
3203,2762.76
3204,2799.79
3205,2930.17
3206,2500.1
3207,2504.96
3208,2513.93
3209,2497.77
3210,2310.55
3211,2501.14
3212,2752.27
3213,2506.65
3214,2699.25
3215,2799.64
3216,2994.93
3217,2527.86
3218,2727.11
3219,2699.72
3220,2586.01
3221,2491.53
3222,2482.7
3223,2310.93
3224,2268.49
3225,2493.43
3226,2487.35
3227,2487.08
3228,2492.05
3229,2496.4
3230,2505.09
3231,2503.08
3232,2495.38
3233,2249.7
3234,2495.22
3235,2310.97
3236,2310.81
3237,2480.49
3238,2515.74
3239,2524.58
3240,3019.95
3241,3000.76
3242,2696.87
3243,3225.64
3244,3239.7
3245,3249.49
3246,3696.16
3247,4469.59
3248,5010.1
3249,4470.75
3250,4696.05
3251,4469.59
3252,4250.7
3253,4173.28
3254,4091.69
3255,4039.13
3256,3709.44
3257,3696.63
3258,3100.9
3259,2998.23
3260,2995.02
3261,2993.62
3262,2799.55
3263,2749.02
3264,2517.2
5857,2493.89
5858,2419.78
5859,2344.96
5860,2338.68
5861,2249.94
5862,2249.75
5863,2080.77
5864,2077.8
5865,2060.8
5866,2051.9
5867,2050.27
5868,1999.97
5869,1999.89
5870,1999.86
5871,1999.79
5872,1999.7
5873,1999.83
5874,2057.97
5875,2078.25
5876,2087.5
5877,2333.03
5878,2330.88
5879,2402.81
5880,2524.59
5881,2749.31
5882,2522.09
5883,2735.5
5884,2749.49
5885,2969.8
5886,2998.1
5887,3249.12
5888,3700.94
5889,3699.5
5890,3800.32
5891,3408.17
5892,2799.91
5893,3500.34
5894,3408.83
5895,3500.72
5896,3600.43
5897,3408.95
5898,3500.29
5899,3700.71
5900,3895.5
5901,3408.97
5902,3899.44
5903,4000.8
5904,3949.47
5905,3709.61
5906,3709.81
5907,3709.91
5908,3696.55
5909,3408.88
5910,3483.0
5911,3408.11
5912,3408.08
5913,3219.98
5914,3242.51
5915,3300.79
5916,3408.24
5917,3408.32
5918,3483.97
5919,3488.56
5920,3628.68
5921,3715.45
5922,3949.6
5923,3986.93
5924,3967.01
5925,3800.92
5926,3889.5
5927,4000.11
5928,3949.45
5929,3630.57
5930,3408.95
5931,3640.49
5932,3909.0
5933,3696.41
5934,3709.46
5935,4039.2
5936,4156.41
5937,4008.37
5938,4039.29
5939,4008.8
5940,4008.06
5941,3709.51
5942,3699.96
5943,3708.01
5944,3695.35
5945,3619.48
5946,3569.11
5947,2999.41
5948,2997.36
5949,2993.5
5950,2989.4
5951,2749.86
5952,2749.52
8833,2749.12
8834,2699.09
8835,2601.7
8836,2579.36
8837,2512.07
8838,2501.78
8839,2338.2
8840,2249.98
8841,2249.97
8842,2249.9
8843,2249.76
8844,2249.62
8845,2249.69
8846,2249.64
8847,2249.4
8848,2249.24
8849,2249.15
8850,2249.33
8851,2249.75
8852,2249.86
8853,2485.0
8854,2524.6
8855,2549.69
8856,2638.0
8857,2979.26
8858,3100.66
8859,3400.9
8860,3750.48
8861,3408.52
8862,3500.44
8863,3709.2
8864,4008.08
8865,3899.62
8866,4008.59
8867,3899.12
8868,3699.88
8869,4000.0
8870,3700.13
8871,3500.13
8872,3500.47
8873,3293.92
8874,3300.64
8875,3409.68
8876,3409.5
8877,3300.23
8878,3409.66
8879,3409.42
8880,3409.05
8881,3400.24
8882,3399.58
8883,3300.58
8884,3399.78
8885,2949.36
8886,2949.01
8887,2939.33
8888,2939.91
8889,2929.44
8890,2919.97
8891,2929.48
8892,2939.17
8893,2999.92
8894,3166.82
8895,3293.02
8896,3326.66
8897,3546.97
8898,3482.21
8899,3408.73
8900,3408.99
8901,3250.26
8902,3357.63
8903,3408.22
8904,3300.5
8905,2998.49
8906,2897.51
8907,3198.58
8908,3569.58
8909,3197.88
8910,3200.41
8911,3665.78
8912,3696.44
8913,3699.27
8914,3709.67
8915,3569.49
8916,3569.33
8917,3569.31
8918,3569.08
8919,3249.5
8920,3206.82
8921,3239.37
8922,3239.21
8923,3100.9
8924,2719.88
8925,2719.63
8926,2709.95
8927,2709.16
8928,2598.19
11713,2974.4
11714,2799.57
11715,2797.59
11716,2789.96
11717,2749.43
11718,2749.41
11719,2749.28
11720,2749.22
11721,2749.01
11722,2656.6
11723,2597.2
11724,2591.18
11725,2593.74
11726,2596.13
11727,2593.12
11728,2593.63
11729,2600.97
11730,2669.43
11731,2686.65
11732,2686.65
11733,2986.76
11734,3162.1
11735,3300.99
11736,3611.04
11737,2999.94
11738,3696.83
11739,3912.15
11740,4200.0
11741,4200.91
11742,4300.72
11743,4500.8
11744,4701.0
11745,4700.5
11746,4700.69
11747,4700.56
11748,4700.34
11749,4700.19
11750,4500.11
11751,4300.86
11752,4300.9
11753,4749.06
11754,4850.73
11755,4949.78
11756,4971.48
11757,4678.5
11758,4678.77
11759,4678.43
11760,4500.21
11761,4800.19
11762,4844.16
11763,4467.36
11764,4199.31
11765,4208.45
11766,4300.21
11767,4199.66
11768,4202.75
11769,4199.07
11770,4199.52
11771,4199.88
11772,4217.4
11773,4467.89
11774,4781.06
11775,4781.19
11776,4781.35
11777,6500.43
11778,5299.78
11779,6500.34
11780,6500.05
11781,5299.16
11782,4905.38
11783,4945.66
11784,4850.15
11785,4118.67
11786,4088.95
11787,4412.38
11788,4764.52
11789,4499.27
11790,4467.83
11791,4467.93
11792,4970.97
11793,4499.12
11794,4500.78
11795,4205.18
11796,4170.67
11797,4250.58
11798,4000.06
11799,3980.28
11800,3850.0
11801,3789.34
11802,3709.2
11803,3683.53
11804,3696.51
11805,3408.68
11806,3318.43
11807,3300.39
11808,3198.08
14689,3250.57
14690,3184.78
14691,2898.29
14692,2798.99
14693,2639.07
14694,2700.66
14695,2639.19
14696,2619.52
14697,2594.95
14698,2593.87
14699,2592.36
14700,2591.99
14701,2549.46
14702,2549.34
14703,2549.35
14704,2549.38
14705,2402.54
14706,2506.05
14707,2549.19
14708,2549.56
14709,2609.22
14710,2749.07
14711,2749.84
14712,3000.36
14713,3482.62
14714,3824.02
14715,3824.96
14716,4000.77
14717,3749.41
14718,3980.73
14719,4008.63
14720,4089.76
14721,4199.51
14722,4008.46
14723,4008.15
14724,4008.16
14725,4199.79
14726,4200.2
14727,4200.37
14728,4199.08
14729,4249.84
14730,4343.78
14731,4300.74
14732,4450.92
14733,4467.65
14734,4467.58
14735,4411.94
14736,4250.06
14737,4400.02
14738,4334.84
14739,4250.34
14740,3949.19
14741,3630.22
14742,3631.15
14743,3651.8
14744,3749.28
14745,3642.09
14746,3642.5
14747,3717.71
14748,3749.14
14749,3889.38
14750,3949.39
14751,3949.24
14752,3949.26
14753,4089.1
14754,4089.45
14755,4084.76
14756,4008.04
14757,3749.57
14758,3749.09
14759,3749.67
14760,3949.45
14761,3717.95
14762,3749.36
14763,4250.76
14764,4700.88
14765,4264.9
14766,4467.45
14767,4500.55
14768,5100.27
14769,4492.08
14770,4519.4
14771,4467.06
14772,4312.42
14773,4499.02
14774,3980.01
14775,3830.53
14776,3699.03
14777,3974.67
14778,4000.6
14779,3800.29
14780,3699.14
14781,3408.31
14782,3408.18
14783,3200.45
14784,3232.64
17569,3889.22
17570,3824.0
17571,3819.06
17572,3689.33
17573,3400.61
17574,3367.17
17575,3253.39
17576,3250.1
17577,3154.71
17578,3129.25
17579,3000.9
17580,3000.4
17581,2879.52
17582,2809.97
17583,2879.09
17584,2809.91
17585,2731.05
17586,2759.47
17587,2879.35
17588,2898.86
17589,2879.95
17590,3171.93
17591,3150.67
17592,3483.09
17593,3408.92
17594,3309.03
17595,3696.31
17596,3824.6
17597,4599.51
17598,4600.25
17599,5299.45
17600,5010.07
17601,4900.48
17602,4900.17
17603,4900.31
17604,4900.15
17605,4900.5
17606,4900.71
17607,5098.44
17608,5088.15
17609,4467.65
17610,4800.03
17611,4800.08
17612,4538.28
17613,4467.53
17614,4524.27
17615,4450.42
17616,4250.0
17617,4249.78
17618,4368.14
17619,4500.31
17620,4199.52
17621,3500.76
17622,3500.8
17623,3408.94
17624,3408.94
17625,4000.1
17626,3999.86
17627,4200.47
17628,4250.24
17629,4467.62
17630,4570.76
17631,4600.97
17632,5142.37
17633,6813.68
17634,5324.64
17635,5299.06
17636,4500.78
17637,4500.77
17638,5009.17
17639,5258.24
17640,4600.06
17641,4429.17
17642,4300.85
17643,4434.79
17644,5092.84
17645,4600.44
17646,5159.57
17647,5299.97
17648,6173.74
17649,5299.14
17650,5583.88
17651,5299.91
17652,5583.45
17653,5605.58
17654,5299.48
17655,5299.28
17656,4820.37
17657,4752.53
17658,4506.38
17659,4317.52
17660,4000.96
17661,3500.37
17662,3408.08
17663,3249.91
17664,3249.05
20545,3889.26
20546,3683.65
20547,3408.7
20548,3200.94
20549,3010.28
20550,3000.28
20551,3001.18
20552,2898.85
20553,2779.79
20554,2779.29
20555,2769.53
20556,2769.2
20557,2742.47
20558,2518.06
20559,2507.93
20560,2506.52
20561,2498.31
20562,2526.16
20563,2734.25
20564,2749.33
20565,2898.28
20566,3408.48
20567,3509.09
20568,3350.66
20569,3489.08
20570,3492.43
20571,3900.91
20572,4312.8
20573,4008.78
20574,4008.32
20575,4500.54
20576,4499.86
20577,4243.03
20578,4199.65
20579,4243.04
20580,4243.61
20581,4500.22
20582,4400.4
20583,4272.73
20584,4243.17
20585,4199.24
20586,4199.54
20587,4200.43
20588,4450.73
20589,4279.3
20590,4989.47
20591,4595.11
20592,4595.26
20593,4467.05
20594,4249.4
20595,4199.94
20596,3876.05
20597,3408.84
20598,3408.8
20599,3556.8
20600,3625.27
20601,3631.63
20602,3654.8
20603,4000.04
20604,4300.27
20605,4279.83
20606,4537.76
20607,4500.57
20608,4519.37
20609,4511.96
20610,4500.96
20611,4450.62
20612,3929.28
20613,4008.27
20614,3889.88
20615,4467.85
20616,4008.13
20617,3800.5
20618,3696.29
20619,4295.31
20620,4998.35
20621,4998.19
20622,5396.35
20623,5299.48
20624,5850.79
20625,6185.45
20626,6500.16
20627,5583.11
20628,5583.34
20629,5200.23
20630,5130.4
20631,4503.66
20632,4499.83
20633,4179.01
20634,4000.07
20635,3850.66
20636,4000.29
20637,3889.06
20638,3696.62
20639,3509.24
20640,3408.39
23521,3824.24
23522,3582.55
23523,3318.35
23524,3249.63
23525,3249.55
23526,3249.33
23527,3300.69
23528,3249.57
23529,3249.78
23530,3249.2
23531,3200.84
23532,3189.75
23533,3185.76
23534,3154.62
23535,2812.87
23536,2812.23
23537,2720.62
23538,2898.11
23539,3012.28
23540,3122.94
23541,3200.54
23542,3482.34
23543,3631.39
23544,3627.31
23545,4000.19
23546,4312.86
23547,4631.55
23548,4800.09
23549,4969.28
23550,4964.17
23551,5647.97
23552,5350.86
23553,4800.64
23554,4800.78
23555,4800.42
23556,4800.34
23557,5000.3
23558,4750.38
23559,4800.36
23560,4750.34
23561,4243.16
23562,4243.88
23563,4199.65
23564,4350.5
23565,4300.04
23566,4531.5
23567,4497.89
23568,4200.9
23569,3894.61
23570,3989.37
23571,3699.41
23572,3628.76
23573,3395.9
23574,3391.87
23575,3394.58
23576,3395.16
23577,3500.14
23578,3500.05
23579,3777.44
23580,3876.83
23581,4249.96
23582,4467.01
23583,4200.16
23584,4100.6
23585,5299.14
23586,5000.4
23587,5870.12
23588,5299.4
23589,5599.61
23590,4689.77
23591,4634.95
23592,5100.13
23593,4500.9
23594,4500.39
23595,4988.16
23596,5450.77
23597,5402.8
23598,5782.14
23599,6300.13
23600,7161.12
23601,7000.03
23602,6897.98
23603,5914.22
23604,5902.6
23605,6251.0
23606,5685.27
23607,5639.7
23608,5222.04
23609,5348.7
23610,5299.38
23611,4799.38
23612,4510.16
23613,4389.13
23614,3988.5
23615,3824.66
23616,3650.77
26401,3736.67
26402,3504.57
26403,3400.33
26404,3249.98
26405,3230.43
26406,3249.02
26407,3000.76
26408,2990.86
26409,2898.54
26410,2819.73
26411,2819.15
26412,2819.12
26413,3000.04
26414,2914.68
26415,2789.6
26416,2769.5
26417,2713.75
26418,2769.15
26419,2769.76
26420,2789.36
26421,3189.45
26422,3610.5
26423,3824.61
26424,4000.28
26425,4467.91
26426,4250.44
26427,4600.48
26428,5000.02
26429,5000.59
26430,5000.95
26431,5299.64
26432,5000.88
26433,5000.42
26434,5000.64
26435,5000.9
26436,5000.86
26437,5000.3
26438,5000.12
26439,5000.3
26440,4500.97
26441,4489.68
26442,4450.49
26443,4500.69
26444,4749.84
26445,4850.42
26446,5243.24
26447,4998.02
26448,4600.77
26449,4467.62
26450,4450.17
26451,4300.24
26452,3637.84
26453,3482.51
26454,3397.77
26455,3482.11
26456,3483.62
26457,3850.19
26458,3876.61
26459,4467.48
26460,4687.86
26461,5300.37
26462,5299.88
26463,5299.66
26464,5299.45
26465,6500.38
26466,6435.97
26467,5599.74
26468,5299.79
26469,5971.45
26470,5599.39
26471,5299.94
26472,4633.13
26473,4500.3
26474,4250.4
26475,4662.97
26476,5299.14
26477,5300.73
26478,5533.49
26479,5299.89
26480,6510.98
26481,5899.08
26482,5510.55
26483,5299.78
26484,5299.26
26485,4700.76
26486,4499.45
26487,4489.8
26488,4289.65
26489,4499.23
26490,5299.56
26491,4400.09
26492,4000.8
26493,3696.67
26494,3500.12
26495,3318.17
26496,3237.5
29377,3742.36
29378,3509.67
29379,3450.11
29380,3250.97
29381,3249.26
29382,3249.76
29383,3249.59
29384,3249.04
29385,2998.25
29386,2759.86
29387,2749.96
29388,2749.82
29389,2719.61
29390,2719.35
29391,2699.77
29392,2679.81
29393,2705.01
29394,2899.56
29395,2900.54
29396,2919.17
29397,3100.3
29398,3548.0
29399,3696.68
29400,3696.84
29401,4008.55
29402,4008.37
29403,4250.34
29404,4199.81
29405,5000.09
29406,5000.23
29407,5000.81
29408,5299.2
29409,5299.51
29410,5470.81
29411,5299.52
29412,5000.96
29413,5000.97
29414,5000.81
29415,5000.58
29416,5000.3
29417,5000.03
29418,4467.9
29419,4900.09
29420,4900.49
29421,4900.85
29422,5000.85
29423,4900.06
29424,4300.97
29425,4250.47
29426,4300.72
29427,3999.93
29428,3500.37
29429,3398.32
29430,3397.32
29431,3398.29
29432,3398.13
29433,3398.94
29434,3743.88
29435,4000.09
29436,4008.58
29437,4467.66
29438,4467.86
29439,4467.88
29440,4500.69
29441,5299.89
29442,5299.58
29443,4500.52
29444,4489.15
29445,4000.78
29446,3876.57
29447,3876.99
29448,3999.03
29449,3642.19
29450,3696.8
29451,3849.28
29452,3999.91
29453,3797.53
29454,3797.81
29455,3911.48
29456,4417.52
29457,4289.02
29458,4462.34
29459,4489.51
29460,4499.24
29461,4575.07
29462,4693.75
29463,4554.72
29464,4429.41
29465,4467.26
29466,4489.19
29467,3824.79
29468,3696.24
29469,3580.23
29470,3500.64
29471,3399.0
29472,3398.08
32257,3992.07
32258,3990.07
32259,3740.71
32260,3300.29
32261,3233.57
32262,3700.31
32263,3490.84
32264,3420.44
32265,3200.85
32266,3050.7
32267,2998.81
32268,2920.92
32269,2812.18
32270,2872.52
32271,2899.67
32272,2900.68
32273,2790.31
32274,2920.19
32275,2920.22
32276,3021.58
32277,3483.93
32278,3999.47
32279,4289.67
32280,4470.46
32281,6100.2
32282,6000.23
32283,5299.84
32284,5400.39
32285,5299.31
32286,5299.51
32287,5850.06
32288,6300.72
32289,5299.96
32290,5299.97
32291,5299.2
32292,5270.31
32293,5400.14
32294,5299.07
32295,5000.79
32296,5000.37
32297,5000.61
32298,5000.45
32299,5000.46
32300,5299.69
32301,6500.07
32302,5299.83
32303,5299.79
32304,5299.56
32305,5299.05
32306,5000.43
32307,4800.3
32308,4470.32
32309,4100.03
32310,3869.57
32311,3999.59
32312,4100.05
32313,4300.13
32314,4450.7
32315,4470.8
32316,4510.99
32317,5010.19
32318,5010.64
32319,5299.88
32320,5800.27
32321,6500.96
32322,6950.77
32323,6500.94
32324,7668.51
32325,6500.11
32326,5299.98
32327,4850.42
32328,4448.11
32329,4250.07
32330,3999.9
32331,4411.09
32332,5200.61
32333,5500.39
32334,6010.1
32335,5800.89
32336,6500.98
32337,6500.61
32338,6500.86
32339,6500.93
32340,6866.21
32341,7010.68
32342,6834.73
32343,6700.72
32344,6250.93
32345,6113.61
32346,5550.46
32347,4600.58
32348,4470.64
32349,4000.64
32350,4009.35
32351,3697.0
32352,3489.22
6817,3990.19
6818,3818.53
6819,3786.05
6820,3636.11
6821,3482.69
6822,3300.34
6823,3146.74
6824,3000.99
6825,2920.69
6826,2920.04
6827,2879.35
6828,2849.71
6829,2839.25
6830,2914.83
6831,2739.91
6832,2739.58
6833,2739.57
6834,2739.79
6835,2744.11
6836,2790.97
6837,3300.22
6838,3504.85
6839,3577.5
6840,3630.23
6841,4366.5
6842,4300.98
6843,4312.89
6844,3950.66
6845,4249.87
6846,4250.63
6847,4750.71
6848,4900.35
6849,4900.79
6850,4900.57
6851,5299.28
6852,5000.14
6853,5010.27
6854,5299.57
6855,5000.31
6856,4764.64
6857,4741.24
6858,4704.39
6859,4777.79
6860,4778.16
6861,4728.69
6862,4703.17
6863,4499.89
6864,4418.09
6865,4450.11
6866,4249.5
6867,3860.0
6868,3833.24
6869,3632.97
6870,3490.4
6871,3296.47
6872,3295.24
6873,3627.9
6874,3695.7
6875,4100.77
6876,4208.67
6877,4100.38
6878,4249.62
6879,4309.14
6880,4417.6
6881,4500.97
6882,4499.92
6883,4489.29
6884,4418.36
6885,4000.15
6886,3700.05
6887,3999.36
6888,3500.91
6889,3629.45
6890,3699.58
6891,4149.6
6892,5116.0
6893,4880.53
6894,5400.58
6895,5579.48
6896,6500.24
6897,5500.22
6898,5299.73
6899,4899.97
6900,5250.46
6901,4899.79
6902,4899.27
6903,4819.74
6904,4682.61
6905,4899.45
6906,6010.9
6907,4622.64
6908,4366.78
6909,4010.09
6910,4000.42
6911,3696.38
6912,3398.26
6913,3990.06
6914,3818.18
6915,3818.64
6916,3642.87
6917,3650.81
6918,3740.68
6919,3200.59
6920,3157.84
6921,3156.54
6922,3156.29
6923,3150.21
6924,3151.35
6925,3000.43
6926,2982.29
6927,2914.65
6928,2872.78
6929,2900.16
6930,2914.58
6931,3060.19
6932,3132.54
6933,3000.5
6934,3237.06
6935,3527.0
6936,3559.5
6937,4400.99
6938,4492.82
6939,4500.2
6940,4600.65
6941,5000.46
6942,5000.05
6943,5000.76
6944,4627.82
6945,4627.54
6946,4627.48
6947,4497.29
6948,4252.15
6949,4000.93
6950,3799.1
6951,3900.54
6952,3798.35
6953,3950.22
6954,3799.96
6955,4221.27
6956,4719.37
6957,4580.47
6958,4673.55
6959,4642.12
6960,4450.98
6961,4599.4
6962,4598.16
6963,3869.77
6964,3635.17
6965,3600.92
6966,3398.8
6967,3400.77
6968,3483.36
6969,3627.26
6970,3641.07
6971,4099.27
6972,4300.71
6973,4300.49
6974,4470.57
6975,4510.4
6976,4715.06
6977,6500.64
6978,6500.57
6979,6500.33
6980,6500.2
6981,5222.21
6982,5299.76
6983,4998.06
6984,4499.2
6985,4489.66
6986,4600.19
6987,4500.96
6988,5545.76
6989,5545.38
6990,6327.09
6991,6663.38
6992,7476.42
6993,7000.36
6994,6510.32
6995,6500.33
6996,6500.56
6997,6500.7
6998,6500.43
6999,6500.85
7000,6500.21
7001,6010.68
7002,6430.2
7003,5151.27
7004,5000.42
7005,4600.51
7006,4600.02
7007,4200.12
7008,3990.59
7009,4490.43
7010,4490.16
7011,4470.61
7012,4300.48
7013,4000.43
7014,3818.95
7015,3800.17
7016,3763.68
7017,3800.01
7018,3680.71
7019,3483.93
7020,3483.23
7021,3482.47
7022,3300.63
7023,3250.0
7024,3182.4
7025,3151.72
7026,3171.93
7027,3176.17
7028,3289.76
7029,3400.44
7030,3735.51
7031,3818.16
7032,3818.26
7033,5299.68
7034,5299.67
7035,5400.8
7036,5299.65
7037,5609.04
7038,5500.74
7039,5500.42
7040,6110.03
7041,5299.38
7042,5299.27
7043,5000.02
7044,4470.89
7045,4500.06
7046,4500.85
7047,4719.23
7048,4536.93
7049,4500.72
7050,4470.26
7051,4100.27
7052,4199.96
7053,4470.58
7054,4989.11
7055,5200.09
7056,4500.34
7057,4272.53
7058,4249.56
7059,4400.36
7060,4198.78
7061,3625.61
7062,3483.55
7063,3300.55
7064,3398.82
7065,3629.5
7066,3700.29
7067,3900.4
7068,4050.61
7069,3898.89
7070,4100.32
7071,4100.73
7072,4429.04
7073,4482.38
7074,4499.08
7075,4479.08
7076,4470.62
7077,4499.52
7078,4523.8
7079,4470.97
7080,4450.08
7081,4143.29
7082,4470.46
7083,4499.61
7084,5872.88
7085,5887.57
7086,6724.43
7087,7500.19
7088,7859.61
7089,7326.26
7090,7010.79
7091,6500.92
7092,6500.46
7093,6500.9
7094,6500.99
7095,6500.89
7096,6500.35
7097,6500.18
7098,7010.33
7099,6500.18
7100,6500.32
7101,5510.87
7102,5510.62
7103,5299.17
7104,4500.99
7105,5699.02
7106,5100.71
7107,5100.6
7108,4970.7
7109,4600.67
7110,4500.62
7111,4400.7
7112,4400.58
7113,4102.21
7114,4000.38
7115,3899.24
7116,3800.71
7117,3766.79
7118,3766.82
7119,3766.16
7120,3696.37
7121,3500.53
7122,3634.27
7123,3630.16
7124,3635.31
7125,3506.58
7126,3737.13
7127,4000.94
7128,4400.03
7129,4470.44
7130,4312.93
7131,5600.62
7132,5699.16
7133,5600.93
7134,5699.18
7135,5699.93
7136,6605.77
7137,5600.59
7138,5600.72
7139,5300.07
7140,5000.03
7141,4619.76
7142,5000.22
7143,5000.17
7144,4998.74
7145,4470.88
7146,4470.39
7147,4110.45
7148,4199.79
7149,4470.55
7150,4989.8
7151,5680.55
7152,5000.54
7153,4470.55
7154,4470.14
7155,4470.77
7156,4199.29
7157,3638.81
7158,3635.61
7159,3506.56
7160,3629.75
7161,3779.75
7162,3855.94
7163,3969.15
7164,4100.4
7165,4200.49
7166,4300.72
7167,4470.92
7168,4500.57
7169,4850.54
7170,4800.64
7171,4527.97
7172,4500.94
7173,4741.05
7174,4690.12
7175,4681.47
7176,4528.06
7177,3897.79
7178,4470.83
7179,4659.15
7180,5700.0
7181,6204.9
7182,7044.26
7183,7833.34
7184,8197.24
7185,7010.62
7186,7010.36
7187,6510.58
7188,6510.83
7189,7375.6
7190,7179.34
7191,7047.1
7192,6894.92
7193,6510.93
7194,7010.57
7195,6500.52
7196,6500.21
7197,4625.73
7198,5049.27
7199,5600.3
7200,5100.02
7201,3990.84
7202,3990.61
7203,3990.03
7204,3850.67
7205,3766.98
7206,3766.06
7207,3581.65
7208,3506.94
7209,3500.02
7210,3400.08
7211,3487.69
7212,3400.54
7213,3100.34
7214,3100.75
7215,3000.46
7216,2998.93
7217,2812.95
7218,2998.58
7219,3050.97
7220,3000.83
7221,3153.71
7222,3506.47
7223,3639.23
7224,3506.19
7225,4150.35
7226,3900.57
7227,4008.78
7228,4008.15
7229,4008.88
7230,3999.96
7231,4300.25
7232,4499.77
7233,4422.14
7234,4500.3
7235,4466.55
7236,4429.57
7237,5000.41
7238,4800.99
7239,4470.69
7240,4600.3
7241,4619.05
7242,4550.74
7243,4470.41
7244,4450.93
7245,3990.66
7246,4470.57
7247,4998.35
7248,4470.75
7249,4470.78
7250,4470.26
7251,3895.24
7252,3506.84
7253,3250.48
7254,3250.0
7255,3249.96
7256,3420.85
7257,3691.61
7258,3692.31
7259,3699.33
7260,4180.47
7261,3869.47
7262,4470.49
7263,4470.84
7264,4559.26
7265,4545.78
7266,4507.71
7267,4470.91
7268,4470.27
7269,4470.4
7270,4433.59
7271,4470.34
7272,4470.98
7273,4500.56
7274,4601.0
7275,4617.3
7276,5000.48
7277,5000.71
7278,5200.23
7279,5699.68
7280,6500.11
7281,4999.8
7282,4999.26
7283,4999.26
7284,4627.57
7285,4999.13
7286,4999.06
7287,4670.34
7288,4510.4
7289,3999.43
7290,4445.22
7291,4007.45
7292,3990.65
7293,3596.57
7294,3595.82
7295,3595.55
7296,3596.21
7297,3649.07
7298,3766.47
7299,3641.94
7300,3506.9
7301,3393.11
7302,3250.67
7303,3300.22
7304,3391.07
7305,3250.84
7306,3167.62
7307,3156.86
7308,3156.15
7309,3154.52
7310,3123.22
7311,3000.87
7312,3000.1
7313,2883.91
7314,2960.5
7315,3000.72
7316,3150.34
7317,3156.85
7318,3231.18
7319,3300.88
7320,3220.5
7321,3481.76
7322,3319.58
7323,3506.65
7324,3506.32
7325,3600.77
7326,3696.19
7327,4000.05
7328,3989.07
7329,3799.29
7330,3799.45
7331,3798.27
7332,3795.28
7333,3795.72
7334,3795.6
7335,3792.39
7336,3599.94
7337,3599.7
7338,3599.41
7339,3700.17
7340,3779.99
7341,3293.93
7342,3494.2
7343,3499.38
7344,3495.36
7345,3158.5
7346,3161.42
7347,3209.89
7348,3019.78
7349,3151.86
7350,2759.87
7351,2749.12
7352,2759.02
7353,2759.79
7354,2999.25
7355,2759.92
7356,2930.84
7357,3019.29
7358,3066.28
7359,3103.56
7360,3152.63
7361,3210.33
7362,3210.04
7363,3250.97
7364,3250.52
7365,3200.62
7366,3159.66
7367,3319.11
7368,3319.63
7369,3319.41
7370,3319.01
7371,3599.88
7372,3640.93
7373,3627.09
7374,3791.85
7375,3793.64
7376,3799.85
7377,3798.18
7378,3823.8
7379,3798.05
7380,3797.34
7381,4183.5
7382,4183.9
7383,3999.95
7384,3989.38
7385,3650.78
7386,3800.02
7387,3743.51
7388,3989.19
7389,3885.67
7390,3989.23
7391,3766.08
7392,3637.58
7393,3138.48
7394,3131.93
7395,3097.78
7396,3093.43
7397,3096.82
7398,3095.05
7399,2998.16
7400,3000.78
7401,3000.91
7402,3000.26
7403,2780.35
7404,2798.37
7405,2771.67
7406,2745.64
7407,2649.62
7408,2649.62
7409,2735.28
7410,2742.69
7411,2798.71
7412,2749.49
7413,2855.05
7414,2845.99
7415,3023.58
7416,3156.86
7417,3200.27
7418,3500.85
7419,3637.2
7420,4008.59
7421,4109.53
7422,4079.94
7423,4500.27
7424,4749.7
7425,4471.03
7426,4419.76
7427,4330.09
7428,4199.92
7429,4008.55
7430,4008.91
7431,4008.27
7432,3990.76
7433,4008.0
7434,3890.37
7435,3700.34
7436,3990.12
7437,3637.49
7438,3900.84
7439,4471.18
7440,3990.31
7441,3700.33
7442,3638.84
7443,3395.67
7444,3231.18
7445,3153.19
7446,3075.69
7447,3000.1
7448,2960.37
7449,2902.83
7450,3123.68
7451,3250.95
7452,3357.07
7453,3397.27
7454,3396.11
7455,3898.7
7456,4300.94
7457,3816.44
7458,3638.2
7459,3399.49
7460,3400.22
7461,3643.11
7462,3644.0
7463,3877.1
7464,3641.08
7465,3800.03
7466,3870.15
7467,3870.29
7468,4471.16
7469,4500.23
7470,5400.38
7471,4999.91
7472,6000.42
7473,4998.84
7474,4700.93
7475,4471.75
7476,4471.59
7477,5200.94
7478,5200.29
7479,4471.54
7480,4020.21
7481,3632.64
7482,4200.57
7483,3900.69
7484,3700.35
7485,3773.87
7486,3990.13
7487,3696.85
7488,3400.72
7489,3209.41
7490,3157.53
7491,3138.6
7492,3138.34
7493,3097.17
7494,3095.91
7495,3059.98
7496,3000.64
7497,3000.12
7498,2998.07
7499,3091.07
7500,3025.89
7501,3063.7
7502,3019.96
7503,3000.02
7504,2989.81
7505,3026.66
7506,3069.65
7507,3057.84
7508,3034.28
7509,3150.53
7510,3130.28
7511,3157.91
7512,3103.78
7513,3499.34
7514,3569.88
7515,3599.98
7516,3696.7
7517,4000.49
7518,4008.74
7519,4330.98
7520,4471.87
7521,4471.0
7522,4471.32
7523,4319.12
7524,4290.96
7525,4471.38
7526,4602.2
7527,4602.98
7528,4755.18
7529,4500.86
7530,4520.43
7531,4050.14
7532,4199.15
7533,3642.97
7534,3990.26
7535,4008.95
7536,3899.72
7537,3636.71
7538,3400.36
7539,3300.73
7540,3300.97
7541,3047.84
7542,2897.16
7543,2886.49
7544,2908.79
7545,2914.98
7546,2900.88
7547,3056.38
7548,3160.31
7549,3469.23
7550,3469.72
7551,3469.19
7552,3469.06
7553,3469.07
7554,3469.02
7555,3398.78
7556,3399.91
7557,3500.41
7558,3500.39
7559,3599.88
7560,3599.69
7561,3569.7
7562,3633.57
7563,3957.75
7564,4469.28
7565,4400.05
7566,4710.98
7567,4999.4
7568,5545.47
7569,4539.3
7570,4471.39
7571,4471.45
7572,4471.36
7573,4471.45
7574,4471.82
7575,4290.38
7576,4100.88
7577,3499.66
7578,3469.93
7579,3450.85
7580,3450.6
7581,3300.14
7582,3200.39
7583,3138.37
7584,3138.42
7585,3861.98
7586,3861.19
7587,3773.05
7588,3640.85
7589,3300.31
7590,3210.96
7591,3210.31
7592,3209.02
7593,3180.63
7594,3164.15
7595,3138.0
7596,3131.39
7597,3131.41
7598,3100.65
7599,3098.18
7600,3096.89
7601,3210.1
7602,3250.08
7603,3300.08
7604,3399.68
7605,3696.71
7606,3830.05
7607,3850.78
7608,3830.9
7609,4059.17
7610,3739.83
7611,4060.0
7612,4471.59
7613,4500.18
7614,4500.89
7615,4689.33
7616,5010.53
7617,4500.94
7618,4602.99
7619,4472.0
7620,4471.39
7621,4471.47
7622,4471.23
7623,4471.48
7624,4472.0
7625,4099.53
7626,4249.1
7627,4199.31
7628,4199.77
7629,4199.8
7630,4450.7
7631,4471.45
7632,4471.06
7633,3990.2
7634,3990.71
7635,3928.57
7636,3928.33
7637,3500.95
7638,3399.9
7639,3400.46
7640,3583.09
7641,3630.68
7642,3630.9
7643,3877.04
7644,3877.22
7645,4199.3
7646,4379.36
7647,4471.73
7648,4471.84
7649,4542.12
7650,4542.24
7651,4400.81
7652,4400.53
7653,4440.2
7654,4200.87
7655,4471.02
7656,4059.63
7657,3696.9
7658,3870.07
7659,4150.81
7660,4998.91
7661,4528.93
7662,5400.83
7663,6000.01
7664,7000.05
7665,6000.08
7666,5700.0
7667,5500.27
7668,5500.52
7669,5800.83
7670,4750.39
7671,5500.1
7672,4500.56
7673,4059.93
7674,4704.07
7675,4739.18
7676,4700.03
7677,4471.29
7678,4199.97
7679,4192.38
7680,4192.12
7681,4419.83
7682,4419.53
7683,4419.63
7684,4329.68
7685,4008.35
7686,3990.74
7687,3990.12
7688,3773.89
7689,3703.85
7690,3703.37
7691,3500.67
7692,3500.04
7693,3299.95
7694,3299.73
7695,3298.34
7696,3297.84
7697,3500.25
7698,3500.43
7699,3600.65
7700,3634.56
7701,3815.63
7702,3990.62
7703,4000.7
7704,3959.04
7705,4199.16
7706,4419.44
7707,4500.72
7708,5011.24
7709,4469.33
7710,4419.51
7711,4419.49
7712,4550.74
7713,5000.26
7714,5000.62
7715,5000.73
7716,5000.22
7717,4619.41
7718,4600.53
7719,4689.15
7720,5400.24
7721,4500.43
7722,4419.8
7723,4419.01
7724,4300.24
7725,4008.34
7726,4008.55
7727,4199.08
7728,3990.83
7729,4199.1
7730,4137.52
7731,3639.08
7732,3628.92
7733,3498.67
7734,3497.77
7735,3493.08
7736,3496.71
7737,3500.76
7738,3633.26
7739,3877.1
7740,4150.23
7741,4419.72
7742,4500.41
7743,4619.19
7744,4582.53
7745,4767.54
7746,4537.23
7747,4450.66
7748,4419.73
7749,4419.58
7750,4419.35
7751,4419.57
7752,4059.4
7753,3877.17
7754,3902.78
7755,4000.99
7756,4500.28
7757,4998.79
7758,5699.36
7759,5699.39
7760,6500.13
7761,5000.61
7762,4810.96
7763,4628.31
7764,4628.67
7765,4499.82
7766,4419.54
7767,4523.5
7768,4419.11
7769,4008.48
7770,4619.04
7771,4089.96
7772,4199.53
7773,4329.15
7774,4419.51
7775,4419.23
7776,4200.58
7777,4199.7
7778,4049.13
7779,3990.88
7780,3990.07
7781,3773.15
7782,3599.85
7783,3599.99
7784,3600.45
7785,3599.8
7786,3599.25
7787,3593.78
7788,3591.55
7789,3292.57
7790,3250.67
7791,3250.21
7792,3209.18
7793,3209.53
7794,3300.64
7795,3320.41
7796,3498.0
7797,3420.75
7798,3300.19
7799,3636.28
7800,3500.85
7801,3950.15
7802,3879.61
7803,3773.14
7804,3703.93
7805,4008.55
7806,4008.91
7807,4419.35
7808,4500.45
7809,4419.65
7810,4419.2
7811,4419.28
7812,4239.3
7813,4419.13
7814,4419.46
7815,4419.2
7816,4202.75
7817,3990.96
7818,3894.32
7819,3990.08
7820,4008.54
7821,3899.21
7822,4105.34
7823,4049.11
7824,3999.81
7825,3877.25
7826,3877.36
7827,3789.47
7828,3642.59
7829,3183.46
7830,3162.15
7831,3162.39
7832,3170.38
7833,3200.31
7834,3400.29
7835,3636.42
7836,3644.6
7837,3765.13
7838,3800.44
7839,3789.66
7840,3877.75
7841,3999.39
7842,3999.17
7843,3999.36
7844,3999.92
7845,3793.64
7846,3877.85
7847,4199.18
7848,3700.71
7849,3624.09
7850,3794.69
7851,3870.02
7852,4200.95
7853,4419.58
7854,4998.47
7855,5699.62
7856,6500.4
7857,4998.26
7858,4454.98
7859,4998.15
7860,4790.15
7861,4538.86
7862,4500.12
7863,4419.75
7864,4300.99
7865,4419.0
7866,4419.03
7867,4419.08
7868,4008.89
7869,4000.48
7870,4199.07
7871,4008.78
7872,3999.09
7873,4600.17
7874,4419.52
7875,4200.41
7876,4189.59
7877,3990.28
7878,3850.05
7879,3989.84
7880,3949.41
7881,3703.83
7882,3703.55
7883,3600.82
7884,3500.29
7885,3498.05
7886,3484.16
7887,3193.92
7888,3191.34
7889,3320.97
7890,3400.54
7891,3400.81
7892,3450.83
7893,3210.94
7894,3498.9
7895,3628.84
7896,3500.3
7897,3624.02
7898,3300.85
7899,3500.79
7900,3773.29
7901,3800.61
7902,3703.91
7903,3877.73
7904,4008.19
7905,3804.09
7906,3877.7
7907,3780.25
7908,3602.12
7909,4008.29
7910,3999.02
7911,4000.11
7912,3989.83
7913,3797.52
7914,3500.38
7915,3357.15
7916,3310.35
7917,3296.86
7918,3796.06
7919,3800.25
7920,3791.36
7921,3500.87
7922,3400.23
7923,3164.49
7924,3100.25
7925,2829.15
7926,2829.06
7927,2829.95
7928,2987.85
7929,3100.79
7930,3174.4
7931,3209.41
7932,3210.01
7933,3357.31
7934,3498.03
7935,3635.06
7936,3700.6
7937,4000.87
7938,3877.19
7939,3770.02
7940,3989.82
7941,3725.63
7942,3643.83
7943,3890.97
7944,3779.09
7945,3703.1
7946,3596.47
7947,3500.7
7948,4100.72
7949,4008.3
7950,4419.96
7951,5250.5
7952,5699.36
7953,5400.7
7954,4998.72
7955,4419.91
7956,4312.39
7957,4419.54
7958,4419.48
7959,4419.87
7960,4400.88
7961,4008.58
7962,4189.1
7963,4008.79
7964,4008.43
7965,3991.0
7966,4000.11
7967,3773.81
7968,3703.59
7969,4400.71
7970,4149.27
7971,4008.2
7972,3990.97
7973,3498.08
7974,3497.63
7975,3491.92
7976,3450.52
7977,3300.49
7978,3300.23
7979,2799.79
7980,2799.68
7981,2798.14
7982,2812.72
7983,3000.58
7984,2991.81
7985,2800.67
7986,2966.74
7987,2989.0
7988,3073.46
7989,3155.53
7990,3210.96
7991,3400.14
7992,3217.07
7993,3703.47
7994,3409.9
7995,3498.1
7996,3569.64
7997,3569.71
7998,3569.19
7999,3679.98
8000,3703.39
8001,3409.96
8002,3409.4
8003,3250.61
8004,3250.97
8005,3200.01
8006,3169.86
8007,3169.88
8008,3169.67
8009,2889.57
8010,2889.28
8011,2889.16
8012,2889.03
8013,2889.65
8014,2929.37
8015,2929.69
8016,2929.83
8017,2729.69
8018,2709.53
8019,2709.08
8020,2699.74
8021,2599.49
8022,2599.58
8023,2599.72
8024,2599.82
8025,2699.75
8026,2699.91
8027,2729.46
8028,2729.9
8029,2929.67
8030,2929.99
8031,2953.09
8032,3058.67
8033,3009.34
8034,2990.4
8035,3037.06
8036,3044.14
8037,2939.66
8038,2961.15
8039,3097.64
8040,2960.4
8041,3168.04
8042,3161.57
8043,3141.26
8044,3224.43
8045,3350.63
8046,3858.8
8047,4008.5
8048,4259.04
8049,4312.75
8050,4472.36
8051,4472.14
8052,4469.68
8053,4619.46
8054,4607.78
8055,4998.44
8056,4472.24
8057,4200.39
8058,4472.02
8059,4472.55
8060,4199.35
8061,3703.96
8062,3773.47
8063,3899.54
8064,3949.22
8065,3989.85
8066,3809.94
8067,3809.11
8068,3775.73
8069,3494.63
8070,3400.91
8071,3400.08
8072,3209.78
8073,3000.92
8074,3131.16
8075,2869.76
8076,2869.45
8077,2739.18
8078,2739.01
8079,2739.83
8080,2739.92
8081,2798.93
8082,2892.38
8083,2990.03
8084,3089.46
8085,3070.77
8086,3030.13
8087,3150.51
8088,3166.34
8089,3209.89
8090,3169.71
8091,4000.57
8092,4008.72
8093,3879.06
8094,3501.85
8095,3711.25
8096,3879.06
8097,3749.06
8098,3500.79
8099,3300.29
8100,3239.24
8101,3700.07
8102,3603.29
8103,3498.31
8104,3493.82
8105,3497.61
8106,3500.56
8107,3491.32
8108,3400.95
8109,2998.2
8110,3496.61
8111,3498.81
8112,3499.92
8113,3498.69
8114,3493.92
8115,3166.67
8116,2829.87
8117,2819.48
8118,2819.13
8119,2809.04
8120,2809.54
8121,2960.49
8122,3124.58
8123,3159.32
8124,3491.41
8125,3637.56
8126,3661.7
8127,3700.54
8128,3879.36
8129,3879.23
8130,3879.7
8131,3779.62
8132,3635.54
8133,3628.1
8134,3635.86
8135,3831.1
8136,3501.65
8137,3700.15
8138,3637.33
8139,3501.05
8140,3800.99
8141,4008.01
8142,4999.11
8143,6045.12
8144,6108.81
8145,6039.39
8146,6000.47
8147,5699.6
8148,5699.03
8149,5620.78
8150,5610.62
8151,6000.03
8152,5500.24
8153,5177.93
8154,4471.95
8155,4471.03
8156,4750.56
8157,4156.0
8158,4008.11
8159,3989.7
8160,4000.97
8161,4400.17
8162,4008.85
8163,3851.0
8164,3744.06
8165,3498.68
8166,3494.92
8167,3400.71
8168,3200.62
8169,3138.56
8170,3138.26
8171,3131.84
8172,3131.27
8173,3131.56
8174,3001.0
8175,3131.07
8176,3046.84
8177,3150.83
8178,3163.83
8179,3200.23
8180,3210.47
8181,3200.87
8182,3500.37
8183,3500.07
8184,3400.44
8185,3789.92
8186,4000.41
8187,4199.91
8188,4029.98
8189,4008.98
8190,4008.68
8191,4069.33
8192,4419.25
8193,4008.44
8194,3695.0
8195,3494.22
8196,3494.18
8197,3501.18
8198,3501.94
8199,4000.89
8200,3899.19
8201,3491.96
8202,3491.41
8203,3494.01
8204,3497.49
8205,3400.54
8206,3700.08
8207,3800.39
8208,3641.91
8209,3500.56
8210,3496.92
8211,3210.06
8212,3117.82
8213,2930.76
8214,2888.23
8215,2900.5
8216,2972.46
8217,3000.36
8218,3150.22
8219,3210.42
8220,3420.79
8221,3628.75
8222,3638.39
8223,3635.1
8224,3633.1
8225,3800.38
8226,3789.05
8227,3688.98
8228,3641.39
8229,3644.15
8230,3631.79
8231,3644.73
8232,3628.92
8233,3729.7
8234,3787.12
8235,3627.03
8236,4419.96
8237,4471.06
8238,4600.5
8239,5450.07
8240,5699.29
8241,4999.28
8242,5200.19
8243,4999.11
8244,4579.98
8245,4999.44
8246,4579.76
8247,4579.8
8248,4500.97
8249,3693.28
8250,3501.05
8251,3501.42
8252,3500.47
8253,3501.99
8254,3694.85
8255,3695.82
8256,3698.64
8257,5400.02
8258,5100.12
8259,4471.43
8260,4471.04
8261,4471.22
8262,3800.26
8263,3733.57
8264,3501.56
8265,3501.08
8266,3495.86
8267,3196.04
8268,3193.87
8269,3193.97
8270,3193.32
8271,3160.66
8272,3158.02
8273,3500.19
8274,3500.58
8275,3500.9
8276,3589.52
8277,3642.8
8278,3703.79
8279,3733.01
8280,3627.36
8281,4471.75
8282,4269.73
8283,4069.09
8284,4008.96
8285,4000.75
8286,4008.56
8287,4471.19
8288,4679.79
8289,4471.69
8290,4471.65
8291,4290.52
8292,4049.76
8293,4471.33
8294,4471.51
8295,4471.74
8296,4500.59
8297,3949.04
8298,4199.63
8299,4400.83
8300,4417.6
8301,4358.2
8302,4358.5
8303,4358.33
8304,4199.32
8305,4010.55
8306,4010.21
8307,4010.04
8308,3753.4
8309,3501.57
8310,3491.74
8311,3493.35
8312,3496.0
8313,3498.93
8314,3689.05
8315,4033.88
8316,4149.09
8317,4450.2
8318,4471.19
8319,4471.69
8320,4472.0
8321,4525.93
8322,4750.98
8323,4679.45
8324,4602.89
8325,4700.14
8326,4471.74
8327,4441.41
8328,3589.38
8329,3209.47
8330,3500.08
8331,3500.35
8332,4000.61
8333,4250.87
8334,5100.82
8335,6280.73
8336,5850.76
8337,5131.5
8338,5500.39
8339,5699.11
8340,5500.52
8341,5650.25
8342,5400.92
8343,6500.12
8344,5699.69
8345,5200.49
8346,5500.03
8347,4750.28
8348,4679.19
8349,4471.87
8350,4600.68
8351,4471.96
8352,4750.16
8353,6400.16
8354,5999.47
8355,5500.68
8356,5500.37
8357,5088.07
8358,4471.82
8359,4300.7
8360,4199.76
8361,4087.28
8362,4087.14
8363,3949.76
8364,3850.61
8365,3789.49
8366,3749.2
8367,3643.77
8368,3631.03
8369,3731.39
8370,3895.85
8371,3899.55
8372,3703.64
8373,3889.74
8374,4418.04
8375,4471.29
8376,4418.86
8377,5699.17
8378,4500.92
8379,4679.63
8380,4471.67
8381,4269.84
8382,4312.64
8383,4690.9
8384,4679.62
8385,4469.7
8386,4031.31
8387,4059.86
8388,4008.3
8389,4471.05
8390,4199.93
8391,4199.29
8392,3982.4
8393,3500.04
8394,3999.74
8395,4008.87
8396,4200.94
8397,4471.44
8398,4897.31
8399,4897.53
8400,4679.03
8401,4269.05
8402,4200.23
8403,4069.82
8404,4069.72
8405,3800.37
8406,3899.6
8407,4069.85
8408,4177.04
8409,4249.57
8410,4269.11
8411,4330.39
8412,4471.76
8413,5007.35
8414,5289.13
8415,5289.14
8416,5289.18
8417,5446.25
8418,5446.28
8419,5222.05
8420,5000.29
8421,4471.4
8422,4471.42
8423,4471.6
8424,4273.75
8425,4000.82
8426,4125.18
8427,4252.4
8428,4773.64
8429,5010.94
8430,5938.15
8431,6485.43
8432,6292.96
8433,6200.04
8434,6225.78
8435,5699.93
8436,5750.39
8437,5920.87
8438,5699.93
8439,6500.63
8440,5956.83
8441,6500.0
8442,6500.06
8443,5750.2
8444,5750.12
8445,5699.23
8446,5499.96
8447,5699.31
8448,5750.78
8449,7400.16
8450,6500.31
8451,5699.71
8452,5699.24
8453,5304.47
8454,4879.62
8455,5304.01
8456,4471.99
8457,4069.78
8458,4029.1
8459,3899.39
8460,3809.79
8461,3809.13
8462,3750.84
8463,3703.59
8464,3679.21
8465,3809.49
8466,3989.51
8467,4029.87
8468,4158.25
8469,4230.8
8470,4029.34
8471,4471.54
8472,3949.05
8473,3889.88
8474,3999.46
8475,4069.05
8476,4000.66
8477,3730.64
8478,3689.22
8479,4008.93
8480,4069.46
8481,4189.19
8482,3899.25
8483,4049.77
8484,3900.37
8485,4149.51
8486,4199.9
8487,4029.99
8488,4099.85
8489,3750.08
8490,3999.37
8491,4029.35
8492,4189.81
8493,3986.73
8494,4277.48
8495,4272.78
8496,4149.54
8497,4070.4
8498,4099.01
8499,4189.65
8500,3989.69
8501,3640.22
8502,3501.2
8503,3498.88
8504,3501.53
8505,4029.44
8506,4188.4
8507,4471.52
8508,4471.2
8509,4380.62
8510,4424.79
8511,4471.35
8512,4471.38
8513,4836.93
8514,4500.06
8515,4471.44
8516,4049.86
8517,4189.57
8518,4008.03
8519,4069.0
8520,3949.32
8521,3750.07
8522,4029.09
8523,4269.47
8524,4998.2
8525,4999.68
8526,5999.17
8527,7009.4
8528,6766.0
8529,6463.6
8530,6500.56
8531,6002.46
8532,6500.14
8533,6500.33
8534,6002.64
8535,6500.6
8536,6000.36
8537,6500.9
8538,6501.0
8539,6500.92
8540,6500.8
8541,6500.65
8542,6500.11
8543,5699.88
8544,6500.15
8545,4189.04
8546,4008.29
8547,3999.23
8548,3989.66
8549,3800.86
8550,3981.93
8551,3749.17
8552,3749.84
8553,3498.51
8554,3494.83
8555,3210.64
8556,3300.18
8557,3197.59
8558,3196.25
8559,3194.02
8560,3191.4
8561,3420.48
8562,3420.94
8563,3630.96
8564,3500.53
8565,3481.72
8566,3627.6
8567,3636.4
8568,3641.72
8569,3703.68
8570,3775.25
8571,3800.15
8572,3775.86
8573,3703.7
8574,3700.48
8575,3700.25
8576,3703.37
8577,3703.08
8578,3703.07
8579,3309.67
8580,3400.63
8581,3497.82
8582,3600.57
8583,3879.03
8584,3899.42
8585,3500.65
8586,3499.14
8587,3617.25
8588,3700.89
8589,3501.08
8590,3853.38
8591,4070.89
8592,4008.31
8593,3936.98
8594,3700.6
8595,3500.89
8596,3493.7
8597,3039.94
8598,3039.3
8599,3078.73
8600,3154.39
8601,3184.73
8602,3500.56
8603,3879.74
8604,3899.95
8605,4008.49
8606,4070.63
8607,4199.69
8608,4249.0
8609,4450.0
8610,4000.36
8611,3879.46
8612,3686.94
8613,3640.69
8614,3644.16
8615,3700.73
8616,3644.89
8617,3212.61
8618,3700.48
8619,3879.08
8620,4189.75
8621,4008.17
8622,4522.28
8623,5043.34
8624,6000.56
8625,5699.7
8626,5500.18
8627,5250.5
8628,4999.26
8629,4709.78
8630,4767.96
8631,5699.2
8632,5500.45
8633,6500.61
8634,6500.92
8635,6500.75
8636,6500.3
8637,5699.15
8638,4500.96
8639,4100.23
8640,4017.42
289,3450.44
290,3600.7
291,3641.62
292,3498.46
293,3398.37
294,3396.0
295,3392.64
296,3210.09
297,3300.33
298,3243.32
299,3091.41
300,3000.21
301,2988.53
302,2988.36
303,2981.11
304,2902.45
305,2879.51
306,2879.58
307,2879.67
308,2879.86
309,2999.88
310,3150.91
311,3250.99
312,3151.7
313,3488.51
314,3626.42
315,3579.5
316,3579.61
317,3125.5
318,3079.95
319,3700.79
320,3703.68
321,3579.31
322,3301.95
323,3000.54
324,2879.24
325,2879.7
326,2879.34
327,2999.45
328,2999.38
329,2999.36
330,2999.13
331,2999.04
332,2999.24
333,2897.54
334,2999.93
335,3000.84
336,2999.85
337,2829.89
338,2829.53
339,2829.65
340,2829.4
341,2499.67
342,2499.65
343,2499.67
344,2506.92
345,2499.17
346,2743.2
347,2829.57
348,2839.17
349,3139.13
350,3139.86
351,3169.47
352,3169.73
353,3169.61
354,3169.36
355,3169.19
356,3169.2
357,3169.9
358,3199.78
359,3199.03
360,3169.67
361,3029.43
362,3093.19
363,3199.12
364,3249.81
365,3499.24
366,3630.65
367,3749.8
368,3797.75
369,3799.18
370,3875.48
371,3898.45
372,3985.63
373,3898.43
374,3899.32
375,4321.46
376,4295.04
377,3999.92
378,4100.61
379,4199.16
380,4000.58
381,3703.07
382,3598.93
383,3703.04
384,3599.36
3265,3507.98
3266,3483.79
3267,3399.42
3268,3396.51
3269,3396.14
3270,3392.29
3271,3210.53
3272,3155.23
3273,3128.74
3274,3069.74
3275,2859.39
3276,2841.2
3277,2730.22
3278,2699.57
3279,2669.44
3280,2669.04
3281,2619.41
3282,2619.47
3283,2619.86
3284,2626.02
3285,2694.59
3286,2769.97
3287,2882.35
3288,2845.18
3289,3239.97
3290,3484.21
3291,3189.6
3292,3200.58
3293,2999.37
3294,2999.01
3295,3400.08
3296,3481.58
3297,3159.13
3298,3189.6
3299,3177.75
3300,3250.7
3301,3400.86
3302,3400.72
3303,3409.94
3304,3399.16
3305,3399.13
3306,3400.4
3307,3399.81
3308,3509.4
3309,3135.32
3310,3638.38
3311,3779.33
3312,3638.6
3313,3400.21
3314,3400.95
3315,3154.17
3316,3062.02
3317,2739.17
3318,2709.28
3319,2709.51
3320,2739.3
3321,2914.09
3322,3020.29
3323,3210.37
3324,3398.96
3325,3400.22
3326,3624.85
3327,3809.1
3328,3900.98
3329,4199.48
3330,4149.48
3331,3999.03
3332,4189.88
3333,3989.76
3334,4468.76
3335,4397.58
3336,4189.25
3337,3299.74
3338,3339.63
3339,3393.7
3340,3624.3
3341,3734.2
3342,3900.15
3343,4664.62
3344,5699.82
3345,4568.1
3346,4468.72
3347,4913.77
3348,5250.07
3349,4500.88
3350,5100.34
3351,4500.91
3352,4500.47
3353,5000.14
3354,5699.14
3355,4199.96
3356,4008.64
3357,3749.56
3358,3796.69
3359,3732.18
3360,3599.87
5953,3400.04
5954,3210.78
5955,3179.12
5956,3200.5
5957,3150.44
5958,3135.85
5959,3128.57
5960,3102.2
5961,2987.96
5962,2929.99
5963,2929.77
5964,2929.65
5965,2879.89
5966,2859.25
5967,2856.08
5968,2859.35
5969,2879.09
5970,2879.72
5971,2888.48
5972,2914.56
5973,2914.24
5974,2914.56
5975,2929.25
5976,2998.49
5977,3600.18
5978,3689.64
5979,3579.37
5980,3507.84
5981,3579.34
5982,3579.03
5983,3900.9
5984,4189.65
5985,4069.33
5986,4099.49
5987,3900.32
5988,3900.0
5989,3703.37
5990,3399.2
5991,3392.24
5992,3392.29
5993,3397.98
5994,3397.22
5995,3399.48
5996,3500.24
5997,3128.09
5998,3740.48
5999,3949.88
6000,3901.0
6001,3625.97
6002,3624.86
6003,3500.47
6004,3500.25
6005,3000.28
6006,2998.35
6007,2998.42
6008,2998.87
6009,3152.46
6010,3210.44
6011,3500.52
6012,3507.97
6013,3500.86
6014,3800.75
6015,3999.31
6016,4000.28
6017,4199.55
6018,4099.92
6019,3999.74
6020,3900.42
6021,3397.42
6022,3398.36
6023,3626.76
6024,3627.76
6025,3170.92
6026,3210.85
6027,3482.43
6028,4023.52
6029,4020.94
6030,4489.45
6031,6043.97
6032,6387.92
6033,6500.34
6034,6500.1
6035,6235.18
6036,6500.47
6037,6500.62
6038,6296.82
6039,6500.99
6040,6262.91
6041,6500.19
6042,6500.01
6043,5699.14
6044,4750.12
6045,3591.57
6046,3591.83
6047,3595.2
6048,3684.05
8929,5699.51
8930,5270.81
8931,5270.3
8932,5270.07
8933,4200.1
8934,3986.51
8935,3963.86
8936,3899.68
8937,3683.61
8938,3630.46
8939,3300.55
8940,3242.96
8941,3182.6
8942,3166.16
8943,3158.14
8944,3159.01
8945,3391.37
8946,3394.08
8947,3393.97
8948,3394.04
8949,3628.47
8950,3683.54
8951,3961.01
8952,4063.31
8953,5770.73
8954,4754.45
8955,4500.05
8956,4600.66
8957,4509.86
8958,4542.14
8959,4600.06
8960,4600.37
8961,4707.65
8962,4755.7
8963,3901.73
8964,3901.41
8965,4199.84
8966,4499.84
8967,4312.87
8968,4300.87
8969,4175.21
8970,4199.51
8971,4500.32
8972,4840.13
8973,4500.0
8974,4690.18
8975,4690.67
8976,4690.69
8977,4540.56
8978,4540.5
8979,4500.77
8980,4499.39
8981,3989.26
8982,3986.95
8983,3986.61
8984,3986.8
8985,4349.77
8986,4499.31
8987,4750.71
8988,5499.56
8989,5499.71
8990,5420.95
8991,5420.85
8992,5420.75
8993,5499.67
8994,5670.51
8995,5470.48
8996,5209.67
8997,4999.63
8998,4750.02
8999,4500.41
9000,4450.74
9001,3986.74
9002,3919.18
9003,3901.48
9004,3914.68
9005,4035.76
9006,5450.94
9007,5699.9
9008,6500.1
9009,5699.95
9010,5699.23
9011,6132.63
9012,6300.27
9013,6500.89
9014,6518.24
9015,6753.11
9016,6500.7
9017,6500.84
9018,6500.82
9019,6500.95
9020,6500.79
9021,5699.52
9022,6400.03
9023,6400.08
9024,6500.02
11809,6700.53
11810,6500.39
11811,5699.45
11812,4500.51
11813,4060.3
11814,3986.55
11815,3986.84
11816,3986.97
11817,3793.64
11818,3850.97
11819,3736.39
11820,3703.57
11821,3179.25
11822,3154.36
11823,3152.4
11824,3098.98
11825,3399.76
11826,3500.59
11827,3507.83
11828,3507.54
11829,3500.58
11830,3703.07
11831,3901.48
11832,4149.95
11833,6066.38
11834,6499.91
11835,6300.09
11836,6400.19
11837,4989.17
11838,4835.16
11839,4977.19
11840,4976.83
11841,4922.3
11842,5053.38
11843,4500.9
11844,4300.61
11845,5200.1
11846,5200.43
11847,5200.2
11848,4989.7
11849,4302.65
11850,4489.05
11851,4989.9
11852,4999.87
11853,4499.62
11854,4989.03
11855,4750.56
11856,4999.1
11857,4675.17
11858,4675.2
11859,4249.16
11860,3999.52
11861,3700.96
11862,3634.89
11863,3736.23
11864,3800.76
11865,4099.17
11866,4300.65
11867,4635.1
11868,4999.69
11869,5731.33
11870,5643.65
11871,5699.68
11872,5699.45
11873,5699.98
11874,5894.37
11875,5708.05
11876,4999.43
11877,5231.7
11878,4999.25
11879,4675.88
11880,4499.02
11881,4000.37
11882,3800.12
11883,4475.05
11884,4987.57
11885,5231.52
11886,6242.72
11887,7256.31
11888,7034.74
11889,6500.36
11890,6500.19
11891,6445.71
11892,5699.87
11893,6751.7
11894,6800.81
11895,7500.21
11896,6787.85
11897,7500.15
11898,7500.21
11899,7500.76
11900,7500.36
11901,6500.96
11902,6679.86
11903,7500.05
11904,6679.9
14785,4557.48
14786,4468.67
14787,3986.49
14788,3986.95
14789,3901.96
14790,3750.87
14791,3419.11
14792,3409.61
14793,3396.57
14794,3394.33
14795,3170.38
14796,3155.23
14797,3152.07
14798,3150.94
14799,3098.98
14800,3098.71
14801,3397.09
14802,3399.26
14803,3500.19
14804,3625.84
14805,3492.67
14806,3600.51
14807,3500.79
14808,3600.39
14809,4900.53
14810,5510.63
14811,5699.41
14812,5699.28
14813,5333.36
14814,5250.8
14815,5337.66
14816,5312.55
14817,4468.59
14818,4468.91
14819,3899.55
14820,3703.63
14821,4000.41
14822,4099.45
14823,4005.51
14824,3870.73
14825,3396.78
14826,3395.69
14827,3396.14
14828,3397.94
14829,3369.34
14830,3397.22
14831,3700.85
14832,3847.8
14833,3393.11
14834,3395.29
14835,3394.95
14836,3229.75
14837,3210.59
14838,3200.04
14839,3210.69
14840,3290.98
14841,3393.36
14842,3500.59
14843,4046.13
14844,4200.51
14845,4200.26
14846,4005.84
14847,4100.15
14848,4050.15
14849,4210.55
14850,4400.57
14851,4468.05
14852,4468.64
14853,4468.97
14854,4209.0
14855,4005.44
14856,3642.37
14857,3359.14
14858,3500.72
14859,4468.05
14860,4999.74
14861,5249.93
14862,5699.51
14863,6500.72
14864,6500.29
14865,5500.04
14866,5500.8
14867,5499.09
14868,5489.81
14869,4999.77
14870,4999.53
14871,5500.35
14872,5250.4
14873,5249.11
14874,5249.42
14875,5499.34
14876,4999.83
14877,4468.29
14878,4382.51
14879,4300.06
14880,4468.05
17665,6500.11
17666,6500.49
17667,6500.11
17668,5699.63
17669,5000.01
17670,5000.02
17671,4468.87
17672,4378.33
17673,4000.25
17674,3957.82
17675,3949.56
17676,3803.0
17677,3634.32
17678,3508.94
17679,3489.7
17680,3300.89
17681,3500.01
17682,3508.21
17683,3589.14
17684,3633.71
17685,3589.92
17686,3675.42
17687,3998.79
17688,4468.07
17689,4468.35
17690,4500.45
17691,4750.54
17692,5470.78
17693,5295.67
17694,5200.54
17695,5000.18
17696,5010.57
17697,4312.77
17698,4248.74
17699,4049.62
17700,3703.9
17701,3897.92
17702,4000.42
17703,4005.62
17704,4005.34
17705,3449.35
17706,3399.43
17707,3508.34
17708,3700.8
17709,3620.79
17710,4199.28
17711,4199.63
17712,4302.01
17713,4049.84
17714,4005.88
17715,3600.28
17716,3650.2
17717,3396.04
17718,3392.97
17719,3393.57
17720,3394.93
17721,3998.13
17722,4000.67
17723,4005.74
17724,4008.96
17725,4100.1
17726,4200.92
17727,4400.79
17728,4468.25
17729,4468.25
17730,4199.91
17731,4199.54
17732,4008.51
17733,3998.26
17734,3998.52
17735,4005.31
17736,3589.78
17737,3960.6
17738,3250.44
17739,4000.83
17740,4298.88
17741,4700.69
17742,6450.01
17743,6500.68
17744,6500.31
17745,5699.04
17746,5510.91
17747,5500.86
17748,5500.46
17749,5250.65
17750,5140.41
17751,5295.94
17752,5050.73
17753,5699.72
17754,5800.87
17755,6002.23
17756,5699.8
17757,4468.94
17758,4468.68
17759,4468.74
17760,5000.48
20641,4600.55
20642,4600.01
20643,4378.4
20644,4199.38
20645,3901.59
20646,3999.9
20647,3901.56
20648,3876.71
20649,3640.22
20650,3500.91
20651,3500.22
20652,3400.16
20653,3350.84
20654,3099.93
20655,3098.24
20656,3097.6
20657,3399.08
20658,3399.81
20659,3400.7
20660,3500.01
20661,3210.05
20662,3440.18
20663,3901.4
20664,3873.46
20665,4468.06
20666,4700.94
20667,4468.32
20668,4199.61
20669,4302.47
20670,4391.7
20671,3800.29
20672,4000.94
20673,3800.37
20674,3750.5
20675,3799.59
20676,3589.45
20677,3589.72
20678,3700.25
20679,3500.45
20680,3399.0
20681,3250.02
20682,2999.83
20683,2999.8
20684,3391.04
20685,2896.97
20686,3391.07
20687,3250.14
20688,3357.87
20689,3170.02
20690,2999.98
20691,2960.85
20692,2960.83
20693,2889.16
20694,2869.74
20695,2869.57
20696,2859.88
20697,2859.86
20698,2859.91
20699,2869.88
20700,2889.27
20701,2909.84
20702,2999.27
20703,2999.13
20704,2999.86
20705,2909.78
20706,2999.84
20707,3049.49
20708,2999.79
20709,2859.03
20710,2819.77
20711,2819.4
20712,2859.8
20713,2859.78
20714,2819.04
20715,2981.46
20716,3152.6
20717,3703.77
20718,3897.02
20719,3839.86
20720,3847.33
20721,3839.41
20722,3839.26
20723,3839.39
20724,3839.56
20725,3839.55
20726,3839.5
20727,4150.65
20728,4249.0
20729,4008.21
20730,4249.65
20731,4331.62
20732,4468.4
20733,4378.59
20734,4378.83
20735,4378.35
20736,4008.01
23617,3901.62
23618,3656.25
23619,3406.32
23620,3394.25
23621,3409.61
23622,3409.42
23623,3395.44
23624,3392.07
23625,2969.16
23626,2959.7
23627,2959.45
23628,2939.64
23629,2733.49
23630,2699.81
23631,2732.4
23632,2699.49
23633,2774.4
23634,2779.98
23635,2799.66
23636,2969.2
23637,3350.22
23638,3437.24
23639,3480.16
23640,3250.21
23641,3602.8
23642,3703.89
23643,3763.47
23644,3901.85
23645,3901.97
23646,3999.32
23647,3737.9
23648,3800.28
23649,3700.75
23650,3494.39
23651,3703.69
23652,3703.71
23653,3899.53
23654,3949.36
23655,3950.95
23656,3901.11
23657,3399.25
23658,3400.98
23659,3589.29
23660,3741.63
23661,3749.55
23662,4200.4
23663,4199.64
23664,4382.42
23665,4400.2
23666,4382.65
23667,3999.4
23668,3901.4
23669,3511.59
23670,3511.05
23671,3700.3
23672,3749.18
23673,3500.96
23674,3700.13
23675,3901.59
23676,4099.24
23677,4199.62
23678,4400.09
23679,4382.93
23680,4450.3
23681,4412.77
23682,4471.3
23683,4471.66
23684,4471.13
23685,4200.27
23686,3749.57
23687,3901.14
23688,3901.76
23689,3499.47
23690,3640.82
23691,3749.28
23692,4312.11
23693,3999.75
23694,4300.91
23695,4471.61
23696,4471.57
23697,4249.85
23698,4008.26
23699,3999.16
23700,3950.12
23701,4056.01
23702,4249.97
23703,4471.24
23704,4471.56
23705,4471.62
23706,4499.33
23707,5699.19
23708,5699.95
23709,4799.2
23710,4799.43
23711,4600.08
23712,4799.8
26497,4199.25
26498,4000.97
26499,3499.45
26500,3700.68
26501,3750.66
26502,3499.71
26503,3394.37
26504,3350.09
26505,3200.14
26506,3094.8
26507,2983.15
26508,2749.5
26509,2609.7
26510,2569.98
26511,2569.09
26512,2569.27
26513,2800.51
26514,2999.53
26515,3000.34
26516,3094.55
26517,2982.18
26518,2999.3
26519,3249.45
26520,3250.18
26521,3703.84
26522,3901.78
26523,4100.81
26524,4499.07
26525,4049.11
26526,4269.79
26527,3703.19
26528,3869.05
26529,3500.23
26530,3250.46
26531,3049.31
26532,3009.18
26533,3100.83
26534,3250.75
26535,3249.37
26536,3249.07
26537,3001.21
26538,3001.82
26539,3000.69
26540,3006.54
26541,2899.43
26542,3000.63
26543,2995.8
26544,2998.41
26545,2990.86
26546,2999.41
26547,3002.79
26548,2999.74
26549,2998.88
26550,2885.2
26551,2750.27
26552,2900.42
26553,2774.01
26554,2999.71
26555,3200.87
26556,3400.91
26557,3290.35
26558,3250.13
26559,3357.32
26560,3250.88
26561,3901.81
26562,3949.6
26563,3901.75
26564,3700.8
26565,3901.4
26566,3749.34
26567,3250.33
26568,3189.57
26569,3225.06
26570,3210.09
26571,3210.24
26572,4008.09
26573,4576.07
26574,4649.18
26575,4576.74
26576,4576.88
26577,4100.75
26578,4008.07
26579,4450.77
26580,4576.22
26581,4576.19
26582,4576.87
26583,4799.27
26584,4649.8
26585,4649.1
26586,5000.27
26587,4754.41
26588,4768.72
26589,4100.45
26590,3999.97
26591,3902.0
26592,3999.08
29473,3749.39
29474,3655.7
29475,3500.95
29476,3499.48
29477,3433.0
29478,3626.11
29479,3210.53
29480,2999.22
29481,2998.33
29482,2764.85
29483,2719.81
29484,2719.89
29485,2509.49
29486,2509.24
29487,2483.19
29488,2452.0
29489,2539.96
29490,2700.81
29491,2999.18
29492,2999.83
29493,2889.01
29494,2999.82
29495,3480.02
29496,3249.9
29497,3589.87
29498,3500.34
29499,3589.08
29500,3703.66
29501,3493.16
29502,3500.57
29503,3307.27
29504,3480.58
29505,2981.99
29506,2909.96
29507,2909.31
29508,2909.06
29509,2539.99
29510,2849.78
29511,2849.05
29512,2849.98
29513,2539.88
29514,2539.97
29515,2609.41
29516,2679.62
29517,2679.05
29518,2659.29
29519,2679.99
29520,2699.04
29521,2659.85
29522,2659.8
29523,2559.44
29524,2539.75
29525,2539.09
29526,2539.23
29527,2539.25
29528,2539.94
29529,2659.31
29530,2699.96
29531,2999.13
29532,2999.88
29533,3250.25
29534,3250.33
29535,2999.56
29536,2999.11
29537,3000.09
29538,3383.18
29539,3217.84
29540,3193.79
29541,2998.39
29542,2989.21
29543,2998.82
29544,3250.8
29545,3629.22
29546,3628.17
29547,3499.83
29548,3739.32
29549,3855.96
29550,4312.39
29551,4500.78
29552,4576.3
29553,4700.56
29554,4576.92
29555,4200.89
29556,4020.71
29557,3901.93
29558,4001.0
29559,4312.26
29560,4300.01
29561,4249.33
29562,4576.83
29563,5100.35
29564,5100.91
29565,4199.42
29566,4000.47
29567,3999.13
29568,3948.73
32353,4200.35
32354,3748.6
32355,3435.53
32356,3233.97
32357,3201.18
32358,3300.37
32359,3243.06
32360,2899.94
32361,2749.75
32362,2749.24
32363,2659.89
32364,2659.41
32365,2749.56
32366,2749.37
32367,2749.18
32368,2739.98
32369,2799.51
32370,2829.54
32371,2998.63
32372,3002.26
32373,2998.7
32374,3368.42
32375,3511.14
32376,3500.24
32377,3703.77
32378,3703.77
32379,3669.7
32380,3703.83
32381,3669.21
32382,3511.59
32383,3134.8
32384,3368.5
32385,2900.5
32386,2899.27
32387,2829.88
32388,2829.38
32389,2789.39
32390,3094.01
32391,3094.56
32392,3250.28
32393,2839.57
32394,2839.86
32395,2839.84
32396,2900.82
32397,3094.2
32398,3094.06
32399,3094.69
32400,3094.5
32401,3000.84
32402,2900.94
32403,2739.52
32404,2739.14
32405,2659.41
32406,2659.17
32407,2659.55
32408,2659.59
32409,2780.53
32410,2998.54
32411,3357.24
32412,3250.06
32413,3649.15
32414,3675.53
32415,3748.41
32416,3675.62
32417,3800.75
32418,3999.29
32419,3992.92
32420,4000.22
32421,3987.96
32422,3756.26
32423,3709.43
32424,3649.38
32425,3645.2
32426,3399.79
32427,3626.79
32428,4576.25
32429,4600.15
32430,5453.59
32431,5470.12
32432,5500.29
32433,5292.62
32434,5140.13
32435,4989.36
32436,4576.68
32437,4250.92
32438,4500.99
32439,4715.2
32440,5000.88
32441,4989.47
32442,5200.71
32443,5699.52
32444,5699.41
32445,4800.01
32446,4352.54
32447,4352.09
32448,4008.09
9793,3649.49
9794,3511.45
9795,3392.82
9796,3397.1
9797,3649.37
9798,3499.12
9799,3399.6
9800,3250.18
9801,3094.13
9802,3000.36
9803,2929.24
9804,2889.58
9805,2689.03
9806,2679.37
9807,2609.79
9808,2609.82
9809,2709.2
9810,2709.6
9811,2731.52
9812,2733.8
9813,2759.89
9814,2779.96
9815,3100.01
9816,2998.49
9817,3478.03
9818,3478.27
9819,3478.09
9820,3268.0
9821,3478.81
9822,3250.41
9823,3059.82
9824,3059.14
9825,2589.42
9826,2539.27
9827,2529.87
9828,2529.42
9829,2539.09
9830,2539.26
9831,2539.12
9832,2539.61
9833,2539.69
9834,2539.89
9835,2589.54
9836,2599.59
9837,2780.47
9838,2767.07
9839,3094.5
9840,2800.41
9841,2749.05
9842,2609.97
9843,2589.96
9844,2609.66
9845,2539.13
9846,2529.5
9847,2526.53
9848,2529.38
9849,2539.37
9850,2654.61
9851,3109.14
9852,3357.33
9853,3511.45
9854,3406.67
9855,3399.96
9856,3357.09
9857,3399.68
9858,3399.88
9859,3249.44
9860,3150.8
9861,3150.99
9862,3059.36
9863,3336.1
9864,3249.11
9865,3170.24
9866,3151.82
9867,3109.49
9868,3169.16
9869,3629.88
9870,3732.01
9871,3901.26
9872,3982.5
9873,4099.01
9874,4008.85
9875,3999.33
9876,3987.59
9877,4500.95
9878,4576.17
9879,4027.32
9880,4312.77
9881,3999.89
9882,4709.93
9883,4989.02
9884,5699.19
9885,4008.14
9886,3899.52
9887,3850.87
9888,3743.7
9889,4799.02
9890,4576.98
9891,4199.12
9892,4049.86
9893,3749.05
9894,3649.84
9895,3500.44
9896,3393.19
9897,3396.59
9898,3399.84
9899,3397.85
9900,3393.49
9901,2999.7
9902,2978.31
9903,2876.2
9904,2839.98
9905,2926.31
9906,2998.27
9907,2998.79
9908,2999.64
9909,2899.68
9910,2998.91
9911,3041.29
9912,3001.61
9913,3500.08
9914,3627.32
9915,3703.3
9916,3649.51
9917,3649.53
9918,3289.59
9919,3109.15
9920,3193.11
9921,3237.26
9922,3193.34
9923,3000.07
9924,2999.07
9925,3109.92
9926,3109.76
9927,3109.66
9928,3238.13
9929,3020.4
9930,3049.04
9931,3049.23
9932,3094.56
9933,2999.8
9934,3249.4
9935,3357.53
9936,3249.79
9937,3250.97
9938,3391.36
9939,3249.39
9940,3249.97
9941,3094.7
9942,3049.73
9943,3094.74
9944,3094.77
9945,3109.62
9946,3368.71
9947,3770.9
9948,3901.94
9949,3949.07
9950,3988.62
9951,3901.87
9952,3993.08
9953,4200.22
9954,4200.94
9955,3999.82
9956,3899.79
9957,3735.34
9958,3500.19
9959,3357.79
9960,3400.92
9961,3209.08
9962,3210.53
9963,3249.66
9964,3749.18
9965,3901.52
9966,3901.59
9967,4589.71
9968,4900.02
9969,4800.76
9970,4576.81
9971,4249.96
9972,4008.56
9973,4576.15
9974,4576.56
9975,4799.13
9976,5189.87
9977,5699.29
9978,5500.33
9979,6150.06
9980,6150.15
9981,4576.07
9982,4352.61
9983,4576.25
9984,4352.67
9985,5370.21
9986,5370.59
9987,4900.81
9988,4627.8
9989,4627.11
9990,4352.16
9991,3901.92
9992,3901.58
9993,3703.78
9994,3675.4
9995,3511.98
9996,3500.45
9997,3449.32
9998,3449.13
9999,3392.95
10000,3250.41
10001,3607.69
10002,3624.93
10003,3589.2
10004,3589.82
10005,3210.78
10006,3489.62
10007,3511.99
10008,3626.8
10009,3649.58
10010,3608.82
10011,3368.44
10012,3000.89
10013,3368.63
10014,3059.34
10015,3380.75
10016,3170.6
10017,2989.88
10018,2989.46
10019,2989.39
10020,2989.6
10021,2879.98
10022,2764.59
10023,2659.43
10024,2659.55
10025,2629.84
10026,2639.1
10027,2659.19
10028,2659.73
10029,2670.0
10030,2900.94
10031,3000.27
10032,2900.45
10033,2960.25
10034,2669.91
10035,2669.56
10036,2669.34
10037,2659.86
10038,2659.84
10039,2669.03
10040,2669.38
10041,2889.77
10042,2980.61
10043,3200.79
10044,3250.42
10045,2999.97
10046,3164.27
10047,3246.83
10048,3499.17
10049,3511.71
10050,3649.27
10051,3511.77
10052,3250.63
10053,2959.82
10054,2909.83
10055,2909.19
10056,2909.72
10057,2893.8
10058,2889.8
10059,2919.59
10060,2971.27
10061,3185.44
10062,3500.14
10063,3729.76
10064,3700.19
10065,3649.8
10066,3649.58
10067,3649.36
10068,3700.61
10069,4008.5
10070,4200.03
10071,4500.11
10072,4500.86
10073,4199.58
10074,4144.37
10075,4627.26
10076,4627.4
10077,5499.19
10078,5020.86
10079,5499.59
10080,5189.36
10081,4999.72
10082,4799.15
10083,4207.38
10084,4000.57
10085,3999.13
10086,3903.18
10087,3589.93
10088,3589.85
10089,3396.21
10090,3392.43
10091,3109.66
10092,3100.84
10093,2994.8
10094,3368.15
10095,3250.86
10096,3239.39
10097,3513.21
10098,3500.51
10099,3589.47
10100,3608.95
10101,3600.02
10102,3250.84
10103,3430.05
10104,3483.63
10105,3732.79
10106,3749.63
10107,3752.35
10108,3903.95
10109,4300.39
10110,4052.6
10111,3999.36
10112,3809.95
10113,3809.41
10114,3903.42
10115,3809.37
10116,3809.19
10117,3589.49
10118,3599.91
10119,3500.19
10120,3513.1
10121,2990.0
10122,3000.36
10123,3215.42
10124,3393.8
10125,2989.3
10126,3398.95
10127,3397.62
10128,3499.06
10129,3600.19
10130,3649.32
10131,3589.66
10132,3589.06
10133,3513.73
10134,3513.08
10135,3649.1
10136,3710.5
10137,3669.14
10138,3743.59
10139,4105.02
10140,4199.71
10141,4052.04
10142,4199.3
10143,4000.01
10144,3903.03
10145,4200.44
10146,4200.92
10147,4272.21
10148,4199.53
10149,4577.21
10150,4400.48
10151,4199.1
10152,4000.33
10153,3809.63
10154,3903.03
10155,4577.12
10156,5189.74
10157,5530.14
10158,6721.58
10159,6500.97
10160,6500.11
10161,5699.69
10162,5699.85
10163,5699.02
10164,5453.03
10165,5576.05
10166,5400.45
10167,5699.04
10168,5699.72
10169,5699.93
10170,6170.71
10171,6170.85
10172,6500.06
10173,5400.9
10174,5699.3
10175,5699.16
10176,5050.73
10177,6070.03
10178,5699.66
10179,4577.29
10180,4419.68
10181,4577.48
10182,4699.86
10183,4750.33
10184,4354.42
10185,4057.31
10186,3903.02
10187,3250.51
10188,3150.68
10189,3443.0
10190,3250.66
10191,3095.91
10192,3095.64
10193,3513.06
10194,3642.65
10195,3703.73
10196,3730.34
10197,3703.97
10198,3731.53
10199,3649.29
10200,3300.9
10201,3903.29
10202,3903.44
10203,3899.02
10204,3819.27
10205,3730.69
10206,3703.21
10207,3559.81
10208,3649.47
10209,3559.18
10210,3649.45
10211,3349.56
10212,3349.34
10213,3109.34
10214,3250.33
10215,2969.81
10216,3000.38
10217,2920.99
10218,2960.34
10219,2999.14
10220,2909.59
10221,2894.93
10222,2909.07
10223,2909.05
10224,2909.12
10225,3059.67
10226,3059.1
10227,3039.42
10228,3039.62
10229,3029.95
10230,3029.86
10231,3039.01
10232,3039.64
10233,3059.3
10234,3069.68
10235,3309.93
10236,3309.89
10237,3500.23
10238,3600.55
10239,3649.14
10240,3700.35
10241,3903.33
10242,3784.2
10243,3508.94
10244,3300.62
10245,3649.46
10246,3384.55
10247,3740.11
10248,3746.84
10249,3500.72
10250,3622.12
10251,3999.35
10252,3999.74
10253,4489.02
10254,4950.07
10255,4999.01
10256,4999.17
10257,4589.06
10258,4589.62
10259,4600.38
10260,4489.53
10261,4577.17
10262,4500.11
10263,4700.29
10264,4600.45
10265,4699.95
10266,6500.17
10267,6500.27
10268,6500.29
10269,4999.64
10270,4889.11
10271,4577.94
10272,4489.34
10273,6270.96
10274,6270.4
10275,4989.67
10276,4989.93
10277,4379.07
10278,4000.31
10279,3800.87
10280,3840.59
10281,3677.72
10282,3750.8
10283,4251.06
10284,4199.6
10285,3750.61
10286,3677.23
10287,3649.95
10288,3606.75
10289,3785.96
10290,3766.45
10291,3800.6
10292,3801.0
10293,3743.97
10294,3796.14
10295,4000.9
10296,4300.33
10297,4499.7
10298,4499.14
10299,4379.12
10300,4250.98
10301,3903.26
10302,3775.53
10303,3783.99
10304,3750.58
10305,3736.12
10306,3649.81
10307,3513.42
10308,3513.42
10309,3397.7
10310,3500.54
10311,3500.72
10312,3513.19
10313,3200.33
10314,3250.96
10315,3309.63
10316,3357.74
10317,2959.26
10318,3095.94
10319,3000.52
10320,3000.42
10321,3095.05
10322,2960.6
10323,2959.41
10324,2959.38
10325,2799.52
10326,2799.61
10327,2799.79
10328,2799.86
10329,2849.49
10330,2849.82
10331,3250.58
10332,3357.62
10333,3649.23
10334,3740.74
10335,3758.83
10336,3819.67
10337,3903.58
10338,4000.57
10339,3819.54
10340,3759.88
10341,3819.04
10342,3742.03
10343,3591.63
10344,3250.86
10345,3309.62
10346,3397.62
10347,3253.95
10348,3649.59
10349,3771.28
10350,3903.53
10351,4249.69
10352,4649.99
10353,4270.69
10354,4689.66
10355,4689.94
10356,4270.21
10357,4601.0
10358,4514.45
10359,4989.71
10360,5400.49
10361,5300.87
10362,6500.68
10363,6500.91
10364,6700.09
10365,5600.96
10366,5699.2
10367,5699.74
10368,5201.0
10369,6500.51
10370,6499.19
10371,5600.1
10372,4989.28
10373,4750.81
10374,4600.02
10375,4750.81
10376,4750.87
10377,4378.82
10378,4689.96
10379,4750.34
10380,4750.05
10381,4199.1
10382,3899.97
10383,3644.77
10384,3450.49
10385,3800.14
10386,3700.35
10387,3734.7
10388,3903.16
10389,3650.48
10390,3904.0
10391,4378.88
10392,4000.3
10393,4524.4
10394,4469.84
10395,4378.23
10396,4359.81
10397,4469.68
10398,4425.5
10399,4400.92
10400,4049.32
10401,3819.54
10402,3819.62
10403,3819.27
10404,3819.17
10405,3903.08
10406,4000.87
10407,4000.3
10408,4000.27
10409,3677.15
10410,3649.58
10411,3749.84
10412,3819.24
10413,3677.94
10414,3750.88
10415,3700.97
10416,3677.83
10417,3520.56
10418,3513.11
10419,3500.77
10420,3400.85
10421,2819.36
10422,2819.38
10423,2810.06
10424,2849.57
10425,2819.78
10426,2960.8
10427,3520.67
10428,3677.13
10429,3903.1
10430,4000.13
10431,4000.47
10432,4000.4
10433,4000.9
10434,4000.77
10435,3903.56
10436,4000.73
10437,4200.33
10438,3903.8
10439,3903.81
10440,3819.57
10441,3069.79
10442,3396.98
10443,3797.98
10444,3739.22
10445,3737.12
10446,4750.37
10447,5200.29
10448,5300.55
10449,5450.21
10450,5412.06
10451,5380.38
10452,5010.68
10453,4510.79
10454,4500.65
10455,4378.88
10456,4242.18
10457,3800.64
10458,4056.81
10459,5010.14
10460,4875.98
10461,4600.19
10462,4737.4
10463,4524.57
10464,4524.18
10465,6499.75
10466,5489.8
10467,4499.38
10468,4496.69
10469,4354.55
10470,4300.66
10471,4000.89
10472,3997.77
10473,4000.15
10474,3996.2
10475,3994.29
10476,3991.84
10477,3991.25
10478,3999.67
10479,4100.09
10480,3994.99
10481,4500.21
10482,4500.0
10483,4524.49
10484,4524.22
10485,4200.73
10486,4378.56
10487,3760.7
10488,3700.03
10489,4378.62
10490,4378.04
10491,4400.3
10492,4378.39
10493,4359.23
10494,4000.51
10495,3950.67
10496,3903.79
10497,3734.37
10498,3606.46
10499,3500.76
10500,3550.95
10501,3649.49
10502,3819.48
10503,3903.18
10504,4052.8
10505,3395.25
10506,3399.98
10507,3398.41
10508,3489.32
10509,3300.67
10510,3559.46
10511,3649.23
10512,3559.61
10513,3749.21
10514,3664.55
10515,3583.77
10516,3399.89
10517,3095.78
10518,3100.7
10519,3250.33
10520,3357.29
10521,3400.65
10522,3559.75
10523,3900.36
10524,4000.06
10525,4200.19
10526,3903.62
10527,3903.55
10528,4049.04
10529,4359.02
10530,4049.53
10531,3903.83
10532,3903.79
10533,4450.52
10534,4378.91
10535,4469.21
10536,4000.29
10537,3192.75
10538,4400.07
10539,4800.79
10540,5489.42
10541,5289.89
10542,5699.92
10543,5699.62
10544,5489.08
10545,6500.09
10546,6500.08
10547,6400.18
10548,5999.23
10549,5700.32
10550,5600.53
10551,6000.13
10552,6000.73
10553,5699.21
10554,6000.32
10555,6000.32
10556,6500.11
10557,5999.25
10558,5999.16
10559,5699.59
10560,5499.4
10561,6500.63
10562,5500.4
10563,4795.59
10564,4762.11
10565,4750.66
10566,4740.47
10567,4524.66
10568,4999.95
10569,4871.54
10570,4871.91
10571,5200.24
10572,5689.97
10573,4871.05
10574,4871.27
10575,4524.55
10576,4378.64
10577,4871.48
10578,4871.4
10579,4871.44
10580,4871.36
10581,5170.45
10582,4989.5
10583,5170.04
10584,4524.08
10585,4524.68
10586,4500.33
10587,4524.8
10588,4525.0
10589,4200.97
10590,4359.63
10591,4359.76
10592,4499.69
10593,3819.9
10594,4049.87
10595,4354.87
10596,4359.55
10597,4354.89
10598,4354.94
10599,4500.41
10600,4600.37
10601,3899.53
10602,3903.66
10603,4000.81
10604,4180.6
10605,3819.73
10606,4049.92
10607,4200.43
10608,4004.5
10609,4000.99
10610,4127.5
10611,4000.33
10612,3899.94
10613,3309.06
10614,3306.63
10615,3309.9
10616,3677.16
10617,4049.27
10618,4150.56
10619,4359.24
10620,4359.73
10621,4500.9
10622,4500.93
10623,4524.35
10624,4821.01
10625,4635.75
10626,4591.1
10627,4524.21
10628,4581.55
10629,4200.15
10630,4000.23
10631,3849.22
10632,3819.09
10633,3009.38
10634,3788.16
10635,4116.45
10636,4151.0
10637,4420.87
10638,5500.17
10639,5699.6
10640,5699.17
10641,5287.26
10642,5300.01
10643,5400.42
10644,5400.35
10645,5200.9
10646,5015.76
10647,6250.2
10648,5699.49
10649,5489.93
10650,5289.6
10651,5699.85
10652,6500.11
10653,5699.81
10654,5699.64
10655,5699.38
10656,5489.07
10657,6500.66
10658,6500.23
10659,5699.96
10660,4999.07
10661,4999.64
10662,4649.39
10663,4999.07
10664,4999.36
10665,4472.68
10666,4750.2
10667,4649.22
10668,4532.51
10669,4472.76
10670,4419.6
10671,4192.79
10672,3903.56
10673,3879.03
10674,3849.65
10675,3903.25
10676,4255.34
10677,3903.17
10678,3849.53
10679,4000.69
10680,3903.99
10681,3733.67
10682,4008.45
10683,4649.25
10684,4750.12
10685,4649.62
10686,4750.3
10687,4750.49
10688,4649.8
10689,3903.93
10690,3900.47
10691,3891.41
10692,3849.3
10693,3559.82
10694,3559.32
10695,3559.26
10696,3559.83
10697,3250.97
10698,3215.46
10699,3200.28
10700,3219.31
10701,2919.54
10702,2989.67
10703,3059.11
10704,2939.6
10705,2939.38
10706,2939.25
10707,2939.34
10708,2939.26
10709,2919.64
10710,2919.71
10711,2939.3
10712,2919.52
10713,2989.4
10714,2989.83
10715,3109.51
10716,3215.47
10717,3400.57
10718,3632.5
10719,3819.51
10720,3903.07
10721,3739.96
10722,3736.69
10723,3649.88
10724,3559.38
10725,3649.92
10726,3559.32
10727,3694.1
10728,3559.44
10729,2999.04
10730,3398.27
10731,3606.68
10732,3849.99
10733,3668.71
10734,3669.69
10735,4000.52
10736,4008.07
10737,4020.3
10738,4150.32
10739,4312.89
10740,4255.39
10741,4267.58
10742,4600.24
10743,4649.95
10744,4649.18
10745,3999.87
10746,4649.03
10747,4999.36
10748,5699.54
10749,5289.24
10750,5200.55
10751,4999.95
10752,4999.18
10753,5499.41
10754,5057.7
10755,4722.96
10756,4492.82
10757,4500.06
10758,4372.26
10759,4200.14
10760,4000.93
10761,4200.57
10762,4000.92
10763,3906.46
10764,3703.56
10765,3741.45
10766,3606.39
10767,3906.77
10768,4000.83
10769,4008.88
10770,4000.52
10771,4000.23
10772,4000.58
10773,3777.85
10774,4000.26
10775,4475.89
10776,4475.51
10777,4200.58
10778,4500.05
10779,4900.84
10780,5200.49
10781,4475.7
10782,4500.6
10783,4500.99
10784,4500.71
10785,4378.78
10786,4475.39
10787,4475.52
10788,4475.91
10789,4200.83
10790,4150.91
10791,4049.06
10792,4356.18
10793,3649.36
10794,3649.48
10795,3819.92
10796,4000.34
10797,3559.23
10798,3800.03
10799,3819.81
10800,3819.44
10801,3906.42
10802,3819.95
10803,3800.28
10804,3750.98
10805,3511.28
10806,3511.76
10807,3649.97
10808,3750.61
10809,4050.05
10810,4150.01
10811,4359.18
10812,4475.62
10813,4821.02
10814,4821.11
10815,4821.33
10816,4821.65
10817,5000.86
10818,5200.51
10819,4821.78
10820,4821.73
10821,5500.09
10822,5289.95
10823,4821.64
10824,4821.93
10825,4467.57
10826,4450.27
10827,5079.81
10828,5550.35
10829,5550.58
10830,5713.96
10831,6500.96
10832,6700.09
10833,6500.94
10834,6500.62
10835,6500.63
10836,6232.17
10837,5950.6
10838,5808.78
10839,6000.54
10840,5699.02
10841,5200.94
10842,5699.24
10843,6000.92
10844,6500.86
10845,6000.99
10846,6300.16
10847,5999.24
10848,5699.61
10849,6500.16
10850,5699.8
10851,4732.95
10852,4637.7
10853,5289.24
10854,5550.04
10855,4423.26
10856,4500.29
10857,4378.62
10858,4378.57
10859,4356.93
10860,4378.44
10861,3906.79
10862,3906.02
10863,3906.36
10864,3736.3
10865,4000.24
10866,4000.13
10867,4000.78
10868,4013.77
10869,3906.38
10870,4000.51
10871,4300.96
10872,3800.79
10873,3750.06
10874,4059.54
10875,4400.7
10876,4378.49
10877,4423.26
10878,4500.54
10879,4750.01
10880,4423.96
10881,4059.05
10882,4000.26
10883,3830.0
10884,3906.2
10885,3600.41
10886,3737.64
10887,3829.1
10888,3906.24
10889,3119.99
10890,3236.19
10891,3219.96
10892,3357.11
10893,3169.39
10894,3309.98
10895,3569.12
10896,3511.09
10897,3800.79
10898,3800.15
10899,3400.66
10900,3500.49
10901,3500.54
10902,3550.72
10903,3659.14
10904,3735.92
10905,3800.62
10906,3829.7
10907,4000.79
10908,4359.12
10909,4750.11
10910,4968.25
10911,4969.77
10912,4990.3
10913,5169.4
10914,5289.92
10915,4869.72
10916,4700.21
10917,4469.34
10918,4059.59
10919,4000.48
10920,3876.65
10921,3500.93
10922,3550.36
10923,3737.95
10924,4000.34
10925,4423.13
10926,5289.02
10927,5699.97
10928,5699.9
10929,5699.11
10930,5489.15
10931,5400.86
10932,5489.39
10933,5699.41
10934,5540.28
10935,6500.26
10936,6237.32
10937,5995.7
10938,6700.07
10939,6763.38
10940,6915.38
10941,6111.6
10942,6000.95
10943,5699.9
10944,5699.04
10945,5499.62
10946,5499.01
10947,4423.62
10948,4423.59
10949,4419.71
10950,4461.96
10951,4448.14
10952,4800.26
10953,4000.93
10954,3739.98
10955,3650.45
10956,3606.48
10957,3668.16
10958,3606.69
10959,3250.11
10960,3029.91
10961,3511.41
10962,3606.02
10963,3511.42
10964,3500.22
10965,3511.71
10966,3511.82
10967,3398.93
10968,3398.21
10969,3398.97
10970,3250.05
10971,3398.3
10972,3398.54
10973,3484.3
10974,3606.4
10975,3500.9
10976,3500.54
10977,2899.53
10978,2800.29
10979,3250.58
10980,3380.2
10981,3238.55
10982,3394.68
10983,3659.69
10984,3759.08
10985,2899.41
10986,2999.6
10987,3109.84
10988,3395.47
10989,3099.67
10990,3511.81
10991,3744.83
10992,3759.04
10993,4000.42
10994,4059.83
10995,4000.53
10996,3906.89
10997,3511.76
10998,3739.39
10999,3829.27
11000,3906.69
11001,3736.55
11002,3906.77
11003,4270.54
11004,4378.53
11005,4869.98
11006,5147.1
11007,5171.8
11008,5499.39
11009,5500.01
11010,5500.02
11011,5499.5
11012,4962.8
11013,4442.78
11014,4059.29
11015,3829.15
11016,3759.37
11017,3906.73
11018,4312.92
11019,5189.81
11020,4500.05
11021,4484.53
11022,5499.05
11023,6000.33
11024,5600.61
11025,5600.03
11026,5500.71
11027,5289.77
11028,5250.98
11029,5499.5
11030,5499.37
11031,5500.38
11032,5499.34
11033,4500.65
11034,5000.9
11035,6500.65
11036,5500.42
11037,5499.13
11038,5289.56
11039,5100.74
11040,4500.32
11041,6500.13
11042,6000.12
11043,4989.0
11044,4363.12
11045,4200.03
11046,4378.53
11047,3742.98
11048,3550.48
11049,3618.59
11050,3511.92
11051,3400.82
11052,3648.6
11053,3733.76
11054,3646.79
11055,3640.7
11056,3606.83
11057,3606.37
11058,3606.77
11059,3645.01
11060,3650.61
11061,3607.3
11062,3591.61
11063,3606.66
11064,3511.21
11065,3750.08
11066,3606.36
11067,3500.48
11068,3606.39
11069,3739.32
11070,3606.95
11071,3480.78
11072,3398.61
11073,3398.15
11074,3398.33
11075,3398.54
11076,3398.34
11077,3393.87
11078,3398.41
11079,4000.37
11080,4150.99
11081,3394.31
11082,3511.48
11083,3659.1
11084,3736.35
11085,3309.59
11086,3659.6
11087,3750.52
11088,3906.7
11089,4059.29
11090,4423.2
11091,4105.94
11092,4000.4
11093,3733.47
11094,3740.77
11095,3829.66
11096,4050.05
11097,4000.79
11098,4000.4
11099,4378.36
11100,4423.66
11101,5189.3
11102,5289.68
11103,5189.5
11104,5500.18
11105,5700.74
11106,5700.86
11107,5700.5
11108,5189.69
11109,4500.65
11110,4378.44
11111,4000.11
11112,3906.37
11113,3800.2
11114,3663.85
11115,3906.8
11116,4423.67
11117,4100.58
11118,4699.32
11119,5189.37
11120,5287.64
11121,5189.34
11122,5189.45
11123,5200.62
11124,5289.15
11125,6231.4
11126,6092.83
11127,6719.1
11128,6500.01
11129,6273.52
11130,6500.23
11131,6800.74
11132,6500.69
11133,6215.42
11134,6410.38
11135,6122.6
11136,5825.38
11137,6000.38
11138,5499.05
11139,4099.85
11140,4329.8
11141,4000.87
11142,3906.16
11143,3899.68
11144,4000.22
11145,4378.47
11146,4356.05
11147,4329.83
11148,4329.27
11149,3925.89
11150,3850.66
11151,3850.53
11152,3635.31
11153,3700.15
11154,3750.03
11155,3750.48
11156,3811.45
11157,3606.57
11158,3606.08
11159,3650.44
11160,3606.27
11161,3750.24
11162,3606.3
11163,3606.59
11164,3606.61
11165,3590.78
11166,3511.9
11167,3505.43
11168,3368.73
11169,3368.94
11170,3368.16
11171,3170.33
11172,2998.04
11173,3395.53
11174,3511.26
11175,3511.84
11176,3659.83
11177,3394.75
11178,3396.48
11179,3399.12
11180,3659.05
11181,3749.11
11182,3899.19
11183,3906.89
11184,3995.2
11185,4099.47
11186,4378.64
11187,4200.58
11188,3931.56
11189,3700.57
11190,3714.26
11191,3713.27
11192,3750.77
11193,3906.94
11194,4350.12
11195,4423.28
11196,4423.53
11197,4500.39
11198,4468.08
11199,4465.15
11200,4478.16
11201,4433.66
11202,4430.88
11203,4387.21
11204,4099.73
11205,3829.09
11206,3814.21
11207,3584.22
11208,3621.47
11209,3511.0
11210,3499.98
11211,3700.69
11212,3822.91
11213,4378.81
11214,5000.08
11215,5100.09
11216,5268.5
11217,5050.09
11218,4950.79
11219,4950.55
11220,5010.76
11221,4950.14
11222,4899.85
11223,4800.33
11224,4599.46
11225,4927.38
11226,4589.71
11227,4999.63
11228,4883.47
11229,4356.85
11230,4423.11
11231,4356.64
11232,4200.63
11233,6000.24
11234,5300.11
11235,4249.07
11236,3906.32
11237,3906.66
11238,4200.31
11239,3906.51
11240,3610.62
11241,3999.59
11242,3906.53
11243,3850.99
11244,3900.43
11245,3906.38
11246,3900.91
11247,3500.36
11248,3420.43
11249,3606.4
11250,3606.49
11251,3676.86
11252,3906.13
11253,3511.68
11254,3550.22
11255,3677.56
11256,3584.17
11257,3606.95
11258,3906.53
11259,4166.72
11260,4300.62
11261,4499.73
11262,4312.58
11263,3606.21
11264,3606.97
11265,3659.24
11266,3511.86
11267,3511.9
11268,3500.01
11269,3399.66
11270,3399.95
11271,3399.95
11272,3511.19
11273,3397.97
11274,3396.76
11275,3398.6
11276,3400.07
11277,3357.66
11278,3511.98
11279,3820.91
11280,4050.35
11281,4059.83
11282,4008.89
11283,3906.88
11284,3749.8
11285,3399.84
11286,3449.56
11287,3511.51
11288,3829.3
11289,3509.12
11290,3751.5
11291,3962.65
11292,4008.95
11293,4499.68
11294,4500.3
11295,4600.18
11296,4750.12
11297,4500.27
11298,4443.0
11299,3906.82
11300,3906.41
11301,3906.15
11302,3368.64
11303,2476.81
11304,3017.2
11305,2893.19
11306,3399.12
11307,3906.07
11308,5040.2
11309,3999.83
11310,4008.13
11311,4200.94
11312,4499.29
11313,3999.68
11314,4008.21
11315,3906.75
11316,4000.6
11317,4008.91
11318,4249.37
11319,4464.75
11320,4249.18
11321,4084.84
11322,4703.62
11323,5499.27
11324,4899.46
11325,5499.48
11326,5500.1
11327,4899.87
11328,4799.61
11329,4899.32
11330,4423.88
11331,4356.26
11332,4423.12
11333,4500.87
11334,5270.08
11335,4356.77
11336,4000.65
11337,3906.57
11338,3899.06
11339,3600.51
11340,3593.78
11341,3513.28
11342,3511.54
11343,3500.29
11344,3500.16
11345,3571.2
11346,3563.19
11347,3590.71
11348,3600.64
11349,3226.3
11350,3079.8
11351,3368.23
11352,3079.42
11353,3250.76
11354,3032.4
11355,3139.19
11356,3250.06
11357,3511.92
11358,3368.67
11359,3291.94
11360,3257.8
11361,2979.39
11362,2979.35
11363,2979.95
11364,2979.6
11365,3250.22
11366,2999.71
11367,3031.75
11368,3079.8
11369,2960.2
11370,2889.73
11371,2910.52
11372,2889.89
11373,2749.94
11374,2759.02
11375,2999.28
11376,3000.08
11377,3079.47
11378,3079.41
11379,3079.01
11380,3079.17
11381,2979.5
11382,2979.99
11383,3020.91
11384,3079.06
11385,2979.45
11386,2979.51
11387,3079.4
11388,3079.65
11389,3129.04
11390,3100.62
11391,3129.62
11392,3099.44
11393,3089.51
11394,3099.16
11395,3099.22
11396,3079.96
11397,2979.78
11398,2910.4
11399,2889.12
11400,2979.36
11401,2899.54
11402,3079.64
11403,3099.23
11404,3176.37
11405,3500.46
11406,3511.64
11407,3606.98
11408,3800.75
11409,3788.68
11410,3899.3
11411,3749.46
11412,3837.75
11413,4249.92
11414,4401.96
11415,4329.01
11416,4150.64
11417,4000.84
11418,3906.82
11419,3677.75
11420,3875.56
11421,4000.04
11422,4209.2
11423,4356.73
11424,4423.06
11425,6000.01
11426,5499.46
11427,4200.05
11428,3900.59
11429,3897.18
11430,3749.97
11431,3400.25
11432,3507.74
11433,3398.7
11434,3395.15
11435,3396.35
11436,3391.96
11437,3229.19
11438,3209.78
11439,3119.58
11440,2899.86
11441,2899.27
11442,2899.37
11443,2899.36
11444,2800.67
11445,2499.27
11446,2499.79
11447,2859.73
11448,2889.38
11449,3026.0
11450,3368.11
11451,3028.4
11452,3368.92
11453,3606.12
11454,3368.31
11455,2929.98
11456,2889.05
11457,2899.6
11458,2889.94
11459,2889.15
11460,2474.34
11461,2959.36
11462,2959.66
11463,2959.68
11464,2959.49
11465,2859.81
11466,2859.83
11467,2929.15
11468,2929.31
11469,2889.25
11470,2899.7
11471,2899.51
11472,2959.35
11473,2899.51
11474,2889.77
11475,2889.46
11476,2859.99
11477,2859.35
11478,2859.52
11479,2859.8
11480,2889.03
11481,2859.86
11482,2959.5
11483,2979.1
11484,2999.67
11485,3309.23
11486,3307.87
11487,3500.89
11488,3504.01
11489,3500.72
11490,3500.2
11491,3514.27
11492,3671.08
11493,3749.31
11494,3250.57
11495,2979.82
11496,3009.31
11497,2929.36
11498,3009.44
11499,3285.3
11500,3309.53
11501,3627.46
11502,3839.61
11503,3897.25
11504,3899.01
11505,3999.26
11506,3999.67
11507,3897.69
11508,3897.63
11509,4150.54
11510,4100.38
11511,4319.89
11512,4217.96
11513,4998.21
11514,4799.55
11515,4998.26
11516,4998.4
11517,4998.6
11518,4868.66
11519,4998.84
11520,4998.18
385,3511.02
386,3499.85
387,3417.03
388,3200.5
389,3096.72
390,3096.39
391,3090.66
392,3090.3
393,2979.05
394,2899.32
395,2966.61
396,2899.46
397,2894.39
398,2892.39
399,2759.48
400,2891.81
401,2600.67
402,2629.46
403,2629.82
404,2629.74
405,2529.08
406,2529.5
407,2629.12
408,2629.06
409,2579.0
410,2759.45
411,2719.43
412,2657.18
413,2759.1
414,2469.64
415,2759.46
416,2759.99
417,2529.07
418,2460.31
419,2421.0
420,2368.64
421,2471.23
422,2759.01
423,2759.41
424,2809.04
425,2749.06
426,2580.72
427,2759.62
428,2809.11
429,2809.52
430,2809.75
431,2809.57
432,2809.66
433,2629.43
434,2446.74
435,2580.6
436,2629.08
437,2249.79
438,2356.0
439,2401.17
440,2406.67
441,2388.66
442,2629.19
443,2629.22
444,2629.53
445,2529.84
446,2529.95
447,2557.65
448,2633.17
449,2639.13
450,2639.5
451,2719.07
452,2639.84
453,2639.81
454,2639.65
455,2639.88
456,2639.81
457,2529.17
458,2529.38
459,2529.48
460,2529.28
461,2827.24
462,2969.63
463,3200.69
464,3249.54
465,3288.51
466,3368.2
467,3368.02
468,3249.53
469,3507.18
470,3507.08
471,3673.32
472,3671.66
473,3499.49
474,3499.79
475,3739.22
476,3671.15
477,4008.89
478,4000.62
479,4000.44
480,3800.7
3361,4743.0
3362,4423.03
3363,4000.95
3364,3850.94
3365,3739.54
3366,3669.51
3367,3513.44
3368,3493.4
3369,3368.01
3370,3224.51
3371,3050.92
3372,2980.01
3373,2979.96
3374,3027.89
3375,3023.99
3376,2979.95
3377,2871.7
3378,2876.37
3379,2889.23
3380,2851.73
3381,2979.35
3382,2979.51
3383,2998.3
3384,2979.14
3385,2759.69
3386,2759.68
3387,2629.92
3388,2759.05
3389,2639.43
3390,2609.89
3391,2609.52
3392,2609.86
3393,2609.26
3394,2609.01
3395,2609.28
3396,2589.73
3397,2500.43
3398,2509.58
3399,2569.51
3400,2889.6
3401,2580.06
3402,2899.5
3403,2910.36
3404,3016.83
3405,2589.61
3406,2589.62
3407,2589.55
3408,2589.87
3409,2899.39
3410,2960.26
3411,2750.92
3412,2529.99
3413,2509.23
3414,2529.21
3415,2509.7
3416,2529.46
3417,2529.94
3418,3020.24
3419,3200.0
3420,3309.55
3421,3357.99
3422,3357.61
3423,3507.95
3424,3671.79
3425,3671.09
3426,3671.61
3427,3671.16
3428,3309.4
3429,2900.92
3430,2680.42
3431,2509.8
3432,2509.46
3433,2509.07
3434,2509.19
3435,2488.94
3436,2509.08
3437,2866.9
3438,3119.19
3439,3584.12
3440,3710.64
3441,3657.12
3442,3680.99
3443,3599.03
3444,3527.49
3445,3499.25
3446,3507.88
3447,3655.26
3448,3697.24
3449,3699.12
3450,4179.81
3451,4717.08
3452,4799.47
3453,5499.3
3454,5275.0
3455,5499.82
3456,5499.17
6049,4729.64
6050,4421.99
6051,4000.66
6052,3974.24
6053,3974.6
6054,3896.24
6055,3600.49
6056,3368.09
6057,3150.81
6058,3096.04
6059,3093.31
6060,2942.43
6061,3096.44
6062,3096.25
6063,3093.3
6064,3091.28
6065,3096.34
6066,3096.95
6067,3096.43
6068,3096.02
6069,3350.51
6070,3500.43
6071,3500.31
6072,3500.79
6073,3509.63
6074,3600.56
6075,3600.32
6076,3600.21
6077,3600.09
6078,3512.02
6079,3250.07
6080,3096.7
6081,3096.43
6082,2981.69
6083,2609.26
6084,2609.83
6085,3096.14
6086,3100.92
6087,3195.75
6088,3191.08
6089,2539.94
6090,2539.95
6091,2539.9
6092,2539.73
6093,2539.19
6094,2539.28
6095,2539.82
6096,2539.44
6097,2629.07
6098,2629.56
6099,2629.06
6100,2500.27
6101,2479.8
6102,2500.11
6103,2519.13
6104,2539.11
6105,2940.15
6106,3028.5
6107,3096.36
6108,3200.65
6109,3499.69
6110,3749.01
6111,4000.12
6112,4100.18
6113,4100.36
6114,4200.01
6115,4100.33
6116,3899.05
6117,3358.0
6118,3149.74
6119,2899.42
6120,2559.93
6121,2519.97
6122,2519.93
6123,2539.71
6124,3022.31
6125,3399.23
6126,3500.02
6127,3700.94
6128,3800.9
6129,3705.56
6130,3705.94
6131,3700.91
6132,3550.38
6133,3974.15
6134,3896.04
6135,4000.13
6136,4079.68
6137,3508.93
6138,4800.67
6139,4799.75
6140,5500.21
6141,5499.8
6142,5750.5
6143,5499.33
6144,5499.03
9025,5499.11
9026,4799.6
9027,4200.17
9028,4000.42
9029,3896.58
9030,3639.56
9031,3507.33
9032,3500.28
9033,3600.9
9034,3507.33
9035,3507.55
9036,3368.46
9037,3368.97
9038,3350.38
9039,3099.81
9040,3099.82
9041,3368.18
9042,3500.57
9043,3450.15
9044,3368.76
9045,3500.12
9046,3561.48
9047,3386.52
9048,3450.6
9049,3671.62
9050,3671.18
9051,3739.23
9052,3671.27
9053,3606.4
9054,3579.35
9055,3096.92
9056,3096.19
9057,3096.15
9058,3071.5
9059,2998.65
9060,2998.97
9061,3096.4
9062,3170.98
9063,3368.84
9064,3554.11
9065,3368.06
9066,3500.02
9067,3500.1
9068,3500.16
9069,3368.34
9070,3368.36
9071,3200.32
9072,3100.41
9073,3011.3
9074,2879.76
9075,2789.59
9076,2779.61
9077,2779.09
9078,2779.16
9079,2779.35
9080,2779.46
9081,2789.42
9082,2940.73
9083,3555.15
9084,3500.85
9085,3368.08
9086,3555.89
9087,3700.18
9088,3784.71
9089,3800.11
9090,4050.74
9091,3989.86
9092,3600.49
9093,3119.74
9094,2899.76
9095,2960.08
9096,2869.64
9097,2869.51
9098,2869.77
9099,2998.59
9100,3308.44
9101,3669.99
9102,3784.04
9103,3989.44
9104,4150.32
9105,4100.58
9106,4329.49
9107,4550.91
9108,4400.54
9109,4257.4
9110,4170.4
9111,4208.26
9112,4200.65
9113,4000.58
9114,4208.84
9115,4207.65
9116,4763.79
9117,4588.71
9118,4747.57
9119,4421.28
9120,4300.13
11905,6500.22
11906,5800.28
11907,5200.25
11908,5000.26
11909,4100.39
11910,4007.55
11911,4355.52
11912,4100.89
11913,4355.28
11914,3801.63
11915,3588.83
11916,3708.92
11917,3599.99
11918,3592.28
11919,3570.64
11920,3570.11
11921,3671.85
11922,3583.94
11923,3510.35
11924,3585.39
11925,3507.74
11926,3606.57
11927,3599.58
11928,3606.68
11929,3940.95
11930,4250.42
11931,4700.04
11932,4700.21
11933,4700.26
11934,4700.28
11935,4400.32
11936,4400.3
11937,4400.25
11938,4400.25
11939,4400.26
11940,4400.24
11941,4400.17
11942,4400.17
11943,4400.23
11944,4700.27
11945,4250.53
11946,4250.31
11947,4250.3
11948,4250.7
11949,4250.08
11950,4250.17
11951,4200.12
11952,4200.12
11953,4200.16
11954,3511.41
11955,3588.78
11956,3368.74
11957,2980.84
11958,2980.51
11959,2980.17
11960,2980.01
11961,2789.23
11962,2899.97
11963,2789.78
11964,2839.51
11965,3089.87
11966,3099.81
11967,3100.75
11968,3099.97
11969,3500.39
11970,3507.37
11971,3226.64
11972,3149.66
11973,2899.95
11974,2899.54
11975,2940.13
11976,2899.06
11977,2839.85
11978,2839.62
11979,3197.77
11980,3368.5
11981,3800.79
11982,3839.03
11983,4100.49
11984,4355.15
11985,4421.21
11986,4421.45
11987,4421.56
11988,4355.83
11989,4000.55
11990,4000.3
11991,4100.17
11992,4001.8
11993,4208.04
11994,4208.58
11995,3751.44
11996,3850.2
11997,4355.9
11998,4355.93
11999,4421.01
12000,4355.85
14881,5549.37
14882,5499.42
14883,4421.54
14884,4799.95
14885,4300.83
14886,4208.67
14887,4208.42
14888,4421.07
14889,4500.68
14890,4300.65
14891,4300.61
14892,4300.58
14893,4070.62
14894,4070.5
14895,4070.48
14896,4070.39
14897,4200.01
14898,3606.78
14899,3606.84
14900,3606.84
14901,3587.17
14902,3606.66
14903,3606.89
14904,3710.17
14905,3750.07
14906,4440.83
14907,4750.17
14908,4750.39
14909,4750.62
14910,4750.6
14911,4750.56
14912,4750.55
14913,4500.91
14914,4500.8
14915,4500.19
14916,4500.15
14917,3298.37
14918,3298.66
14919,3298.93
14920,3264.25
14921,2998.72
14922,3160.5
14923,3259.3
14924,3150.86
14925,3223.0
14926,3200.1
14927,3221.2
14928,3150.89
14929,3709.5
14930,3710.14
14931,3710.08
14932,3710.28
14933,3480.55
14934,3480.42
14935,3480.51
14936,3480.63
14937,3503.76
14938,3507.39
14939,3224.5
14940,3170.82
14941,3170.85
14942,3225.1
14943,3213.11
14944,3200.7
14945,3200.58
14946,3253.3
14947,3256.15
14948,3200.26
14949,2459.12
14950,2422.39
14951,2437.91
14952,2409.13
14953,2249.67
14954,2327.12
14955,2432.15
14956,2599.51
14957,2815.0
14958,2721.45
14959,2899.1
14960,3030.39
14961,3298.13
14962,3309.17
14963,3399.76
14964,3503.75
14965,3675.99
14966,3675.23
14967,3696.56
14968,3750.15
14969,3604.35
14970,4208.18
14971,4421.64
14972,4800.02
14973,4799.19
14974,5100.57
14975,5499.03
14976,4799.78
17761,6000.19
17762,5499.73
17763,4420.33
17764,4208.7
17765,4100.72
17766,4099.99
17767,4000.59
17768,3709.56
17769,3765.67
17770,3610.9
17771,3504.35
17772,3500.27
17773,3200.75
17774,3298.34
17775,3298.09
17776,3250.53
17777,3500.61
17778,3432.52
17779,3400.56
17780,3298.63
17781,3503.49
17782,3713.71
17783,4000.01
17784,4000.2
17785,3511.66
17786,3899.07
17787,4750.24
17788,4750.22
17789,4750.74
17790,4750.87
17791,4750.86
17792,4750.67
17793,4750.79
17794,4750.82
17795,4750.82
17796,4559.78
17797,3606.45
17798,3606.19
17799,4100.34
17800,4100.54
17801,4432.2
17802,4500.29
17803,4500.26
17804,4500.1
17805,4000.61
17806,4000.68
17807,4100.01
17808,4100.09
17809,4750.35
17810,4750.38
17811,4377.33
17812,4120.29
17813,3900.26
17814,3900.21
17815,3900.22
17816,3900.3
17817,4222.07
17818,4430.19
17819,4750.43
17820,4750.49
17821,4750.69
17822,4750.78
17823,4750.8
17824,4800.44
17825,4800.56
17826,5100.56
17827,5000.61
17828,4750.03
17829,4120.82
17830,3900.05
17831,3300.09
17832,2749.84
17833,2749.09
17834,3250.25
17835,3594.28
17836,3626.22
17837,3950.35
17838,4150.89
17839,4500.56
17840,4715.64
17841,4420.11
17842,4420.16
17843,4208.76
17844,4150.66
17845,4312.44
17846,4208.03
17847,4312.34
17848,4450.43
17849,4208.62
17850,4420.46
17851,5499.74
17852,5800.25
17853,5800.36
17854,6200.29
17855,6500.15
17856,5800.16
20737,6500.25
20738,6500.09
20739,5500.03
20740,5499.72
20741,5400.12
20742,5016.17
20743,4799.54
20744,4300.48
20745,4799.53
20746,4420.07
20747,4250.55
20748,4000.08
20749,4399.7
20750,4199.31
20751,3899.94
20752,3739.45
20753,4000.27
20754,3957.78
20755,4420.25
20756,3899.98
20757,3750.92
20758,3750.43
20759,3606.07
20760,3449.31
20761,3899.75
20762,4300.83
20763,4499.4
20764,4312.22
20765,4053.08
20766,4069.82
20767,4420.09
20768,4053.73
20769,3401.96
20770,3407.02
20771,3500.28
20772,3500.25
20773,3560.58
20774,3739.76
20775,4000.71
20776,4000.09
20777,3213.49
20778,3309.08
20779,3309.85
20780,3500.94
20781,3298.96
20782,3999.55
20783,4250.11
20784,4420.75
20785,4300.29
20786,4500.09
20787,4200.58
20788,4000.18
20789,4100.03
20790,4000.66
20791,3819.12
20792,3899.27
20793,3494.42
20794,3899.08
20795,3850.98
20796,4149.37
20797,4400.65
20798,4750.43
20799,4750.95
20800,4750.6
20801,5000.41
20802,5300.35
20803,5100.88
20804,4272.47
20805,4100.39
20806,3739.48
20807,3161.85
20808,2629.34
20809,2499.78
20810,2899.14
20811,3850.89
20812,4250.28
20813,4750.44
20814,4850.92
20815,4800.79
20816,4989.12
20817,4799.15
20818,4799.3
20819,4799.97
20820,4799.25
20821,4989.73
20822,5000.34
20823,5300.74
20824,5499.86
20825,5500.16
20826,5600.28
20827,6500.19
20828,6500.59
20829,6500.61
20830,6500.55
20831,6500.4
20832,5499.88
23713,6500.41
23714,6312.31
23715,5500.48
23716,5500.9
23717,5500.25
23718,5100.63
23719,5100.46
23720,5100.0
23721,4489.09
23722,3999.97
23723,4000.03
23724,3797.36
23725,3749.83
23726,3850.5
23727,3622.47
23728,3519.77
23729,3591.27
23730,3743.72
23731,3899.34
23732,4000.4
23733,3999.52
23734,4009.68
23735,4600.42
23736,4000.63
23737,3999.82
23738,5200.05
23739,5200.16
23740,5200.19
23741,4700.97
23742,4700.89
23743,4900.06
23744,4900.04
23745,4300.35
23746,4300.38
23747,4300.39
23748,4300.39
23749,4300.24
23750,4500.26
23751,4650.7
23752,4650.58
23753,4300.05
23754,4300.13
23755,4300.02
23756,4300.39
23757,4000.76
23758,4000.96
23759,4500.76
23760,4500.75
23761,4500.56
23762,4500.46
23763,4500.42
23764,4500.36
23765,4000.92
23766,4000.46
23767,4000.55
23768,4250.06
23769,4250.72
23770,4450.7
23771,4650.69
23772,4799.75
23773,4799.3
23774,5100.95
23775,5100.25
23776,5499.09
23777,5500.79
23778,5500.91
23779,5500.86
23780,4799.23
23781,4500.0
23782,4500.44
23783,3500.63
23784,3309.06
23785,2629.4
23786,3193.26
23787,3555.25
23788,3600.52
23789,3910.89
23790,4329.76
23791,5000.07
23792,5380.45
23793,5400.13
23794,5100.36
23795,5499.01
23796,5200.88
23797,5285.89
23798,5050.04
23799,6400.14
23800,6500.04
23801,6500.45
23802,6600.23
23803,7500.2
23804,7600.14
23805,7000.86
23806,7000.31
23807,7000.25
23808,6500.88
26593,7000.53
26594,7000.21
26595,6000.48
26596,6000.43
26597,6000.53
26598,5600.21
26599,5499.21
26600,4799.73
26601,4900.13
26602,4369.81
26603,4300.19
26604,4053.36
26605,4255.19
26606,4300.11
26607,3899.73
26608,3925.95
26609,4125.86
26610,4300.11
26611,4369.77
26612,4300.61
26613,4369.44
26614,4300.69
26615,4250.45
26616,4000.22
26617,3739.44
26618,4150.53
26619,4250.66
26620,4052.02
26621,3950.98
26622,4150.59
26623,4250.05
26624,3694.43
26625,3494.39
26626,3505.09
26627,3606.57
26628,3500.77
26629,3519.9
26630,3870.76
26631,3800.27
26632,4000.54
26633,3709.12
26634,4000.79
26635,4250.56
26636,4299.4
26637,3749.46
26638,4100.41
26639,4300.46
26640,4369.43
26641,4272.16
26642,4369.47
26643,4499.52
26644,4369.95
26645,4369.21
26646,4369.97
26647,4450.27
26648,4650.69
26649,4700.3
26650,5000.67
26651,5499.82
26652,5800.18
26653,5800.22
26654,6100.28
26655,6100.27
26656,6500.2
26657,6500.23
26658,6500.23
26659,6500.21
26660,5800.27
26661,4650.24
26662,4489.08
26663,4289.84
26664,4000.33
26665,3700.08
26666,3899.13
26667,4010.7
26668,4289.06
26669,4799.62
26670,5300.91
26671,5500.1
26672,6312.29
26673,5883.9
26674,6100.01
26675,6500.02
26676,6300.09
26677,6300.29
26678,6100.11
26679,6500.59
26680,6500.23
26681,6972.77
26682,7001.0
26683,7910.43
26684,8016.3
26685,7000.77
26686,7000.52
26687,7000.36
26688,6500.88
29569,7800.3
29570,7250.94
29571,6800.04
29572,6800.04
29573,6500.11
29574,6300.83
29575,6300.01
29576,5200.77
29577,5500.07
29578,5000.74
29579,4099.79
29580,3899.48
29581,3899.89
29582,4289.71
29583,4053.43
29584,4099.96
29585,4800.13
29586,4800.17
29587,4800.53
29588,4800.2
29589,4099.93
29590,4099.14
29591,4010.55
29592,4300.9
29593,4200.03
29594,4650.02
29595,4650.67
29596,4650.71
29597,4500.92
29598,4650.06
29599,4650.62
29600,4200.98
29601,4300.32
29602,4369.33
29603,4489.36
29604,4250.92
29605,4500.0
29606,4500.39
29607,4650.39
29608,4650.69
29609,4650.37
29610,4650.63
29611,4800.35
29612,4800.42
29613,4500.81
29614,4650.54
29615,4799.81
29616,4800.5
29617,4800.13
29618,4800.34
29619,5000.41
29620,4800.72
29621,4800.07
29622,4800.19
29623,5000.61
29624,5499.19
29625,5000.56
29626,5500.45
29627,6200.83
29628,6500.33
29629,6500.56
29630,6700.02
29631,6500.87
29632,6500.52
29633,7000.04
29634,7000.0
29635,6500.67
29636,6500.33
29637,5700.09
29638,5500.06
29639,5300.68
29640,5000.13
29641,4369.6
29642,4799.49
29643,5100.12
29644,5300.11
29645,5500.24
29646,5499.93
29647,5499.41
29648,5499.2
29649,5576.81
29650,6300.31
29651,5500.74
29652,5499.78
29653,6500.04
29654,6500.19
29655,6500.68
29656,6500.55
29657,7800.13
29658,8100.03
29659,8500.95
29660,8518.57
29661,8100.21
29662,8100.14
29663,8000.09
29664,7300.96
32449,7800.83
32450,7200.35
32451,6500.56
32452,6500.13
32453,5999.57
32454,4989.22
32455,4000.35
32456,4077.7
32457,5500.44
32458,5500.08
32459,4998.32
32460,4500.99
32461,4500.33
32462,4500.7
32463,4500.33
32464,4500.53
32465,5499.06
32466,4998.75
32467,4998.47
32468,4799.12
32469,4700.4
32470,4289.6
32471,4004.2
32472,4001.3
32473,5400.41
32474,5700.87
32475,5900.41
32476,5850.65
32477,5499.09
32478,5236.7
32479,4715.09
32480,4300.87
32481,3899.6
32482,3899.4
32483,3900.0
32484,3750.06
32485,3580.67
32486,3587.33
32487,4369.91
32488,4369.9
32489,3494.98
32490,3784.23
32491,3999.94
32492,3999.47
32493,3250.52
32494,3500.07
32495,3999.63
32496,4000.4
32497,3949.44
32498,3999.14
32499,4100.78
32500,4100.7
32501,3899.67
32502,3999.47
32503,4100.68
32504,4489.56
32505,4289.99
32506,4369.7
32507,4799.6
32508,5499.62
32509,6500.19
32510,6500.17
32511,6500.25
32512,6500.21
32513,6000.74
32514,6000.43
32515,5499.82
32516,5499.04
32517,6241.99
32518,6072.14
32519,5864.86
32520,4369.79
32521,4489.46
32522,5200.86
32523,5499.53
32524,5855.81
32525,6010.14
32526,6016.22
32527,6027.88
32528,6005.04
32529,6088.06
32530,6500.08
32531,6010.7
32532,5600.83
32533,6300.81
32534,5600.72
32535,5576.23
32536,5499.44
32537,4500.42
32538,4799.86
32539,6353.69
32540,6400.96
32541,6500.27
32542,6500.25
32543,6500.03
32544,5499.3
12673,6500.57
12674,6500.02
12675,5499.31
12676,5100.87
12677,5230.6
12678,5499.26
12679,5499.64
12680,5400.32
12681,5499.01
12682,4998.9
12683,4500.76
12684,4369.31
12685,4369.38
12686,3957.26
12687,3749.94
12688,3612.87
12689,4289.95
12690,4000.91
12691,3899.73
12692,3749.03
12693,4489.69
12694,3899.3
12695,3899.58
12696,3749.42
12697,4329.09
12698,4500.56
12699,4500.66
12700,4500.02
12701,4500.08
12702,4489.59
12703,4312.77
12704,3899.95
12705,3739.3
12706,3617.75
12707,3617.02
12708,3549.08
12709,3400.51
12710,3109.43
12711,3250.16
12712,3400.89
12713,2780.15
12714,2974.18
12715,2940.93
12716,2500.81
12717,2120.23
12718,2580.77
12719,3011.66
12720,3249.28
12721,3249.68
12722,3499.82
12723,3250.32
12724,3250.99
12725,3101.0
12726,3468.71
12727,3500.25
12728,3509.75
12729,3170.92
12730,3500.26
12731,3899.66
12732,4100.08
12733,4369.35
12734,3942.67
12735,3784.13
12736,3820.18
12737,4359.14
12738,4369.46
12739,4489.31
12740,3942.32
12741,2438.74
12742,2249.35
12743,2249.95
12744,2249.34
12745,2997.24
12746,3899.71
12747,4600.43
12748,4369.13
12749,4400.5
12750,4369.37
12751,4489.12
12752,4500.47
12753,4500.68
12754,4789.92
12755,4998.86
12756,4930.67
12757,5200.62
12758,5499.29
12759,5500.92
12760,5499.9
12761,4800.19
12762,4866.9
12763,5499.01
12764,4890.9
12765,5499.08
12766,4843.53
12767,4789.38
12768,4322.88
12769,5490.0
12770,4800.39
12771,4367.73
12772,4367.52
12773,3904.39
12774,3749.21
12775,3750.42
12776,3500.92
12777,3682.02
12778,3600.95
12779,3500.54
12780,3589.76
12781,3500.09
12782,3468.56
12783,3304.0
12784,3250.06
12785,3500.69
12786,3497.85
12787,3551.77
12788,3468.08
12789,3513.67
12790,3497.1
12791,3617.42
12792,3497.28
12793,3700.42
12794,3904.6
12795,4367.79
12796,4329.63
12797,4312.79
12798,5750.27
12799,5750.24
12800,4312.15
12801,3700.8
12802,3911.4
12803,3739.97
12804,3904.78
12805,3700.28
12806,3904.34
12807,4500.92
12808,4799.89
12809,5500.02
12810,5500.04
12811,4200.15
12812,3750.22
12813,3511.3
12814,4000.64
12815,4200.72
12816,4367.79
12817,4300.43
12818,4300.36
12819,4300.19
12820,3999.5
12821,3497.94
12822,4000.58
12823,4000.34
12824,4367.38
12825,4700.55
12826,4799.85
12827,4799.59
12828,4889.72
12829,5500.15
12830,5500.5
12831,5500.69
12832,5500.96
12833,5800.44
12834,5800.17
12835,5750.76
12836,5100.93
12837,4649.86
12838,4367.56
12839,4400.48
12840,4225.55
12841,3700.37
12842,5250.96
12843,5489.06
12844,5533.57
12845,5700.65
12846,5500.22
12847,5700.93
12848,6500.15
12849,6495.67
12850,6500.3
12851,6500.33
12852,6500.19
12853,5400.65
12854,5250.18
12855,5499.64
12856,5499.47
12857,4649.98
12858,6500.22
12859,6500.62
12860,6500.4
12861,6500.68
12862,6500.12
12863,5999.9
12864,5499.42
12865,4700.79
12866,4367.89
12867,3904.62
12868,3740.79
12869,3800.67
12870,3826.35
12871,3585.58
12872,3508.83
12873,3899.13
12874,3713.12
12875,3504.57
12876,3682.66
12877,3497.72
12878,3497.41
12879,3436.26
12880,3250.17
12881,3468.2
12882,3300.38
12883,3436.86
12884,3250.34
12885,3395.57
12886,3468.23
12887,3468.9
12888,3507.72
12889,3900.0
12890,4367.99
12891,4500.46
12892,4500.62
12893,4312.01
12894,4329.69
12895,3950.94
12896,4200.96
12897,3550.22
12898,3617.97
12899,3617.82
12900,3904.27
12901,4000.91
12902,4300.78
12903,4367.63
12904,4367.88
12905,3899.89
12906,3899.86
12907,3999.84
12908,3899.68
12909,3300.23
12910,3900.56
12911,4399.71
12912,4367.16
12913,4300.16
12914,4100.5
12915,3999.72
12916,4050.63
12917,3469.0
12918,3497.61
12919,3599.12
12920,3899.13
12921,3820.65
12922,3702.05
12923,3999.18
12924,4125.83
12925,4367.52
12926,4401.63
12927,4400.39
12928,4367.9
12929,4367.93
12930,4405.42
12931,4457.58
12932,4367.5
12933,4489.59
12934,4300.91
12935,3899.68
12936,3339.99
12937,3339.06
12938,3599.58
12939,3800.9
12940,3899.35
12941,4489.7
12942,4649.93
12943,5499.02
12944,5040.73
12945,5100.15
12946,5050.01
12947,5089.92
12948,4999.37
12949,4716.44
12950,4799.04
12951,4932.53
12952,4799.7
12953,4367.27
12954,4300.44
12955,4367.41
12956,4099.48
12957,4367.3
12958,4099.69
12959,4199.37
12960,3899.79
12961,4500.7
12962,4367.92
12963,3900.91
12964,3904.25
12965,3999.02
12966,3900.78
12967,3900.2
12968,3585.17
12969,3750.57
12970,3705.78
12971,3749.66
12972,3600.28
12973,3497.86
12974,3250.48
12975,2973.1
12976,2600.67
12977,2702.69
12978,2600.06
12979,2899.46
12980,2748.64
12981,2469.28
12982,2899.52
12983,3638.55
12984,3634.36
12985,4367.34
12986,4700.34
12987,4500.13
12988,4367.86
12989,4367.01
12990,4312.86
12991,3617.73
12992,3750.1
12993,3617.87
12994,3904.61
12995,3618.0
12996,3750.41
12997,3617.98
12998,4300.43
12999,4500.76
13000,4700.2
13001,4700.23
13002,4700.58
13003,4700.51
13004,4700.5
13005,3900.08
13006,4300.69
13007,3899.42
13008,3710.96
13009,3750.61
13010,3820.06
13011,3584.27
13012,3706.03
13013,3497.41
13014,3497.96
13015,3511.41
13016,3899.34
13017,4052.92
13018,4100.82
13019,4450.27
13020,4367.32
13021,4600.53
13022,5000.65
13023,5089.94
13024,5100.11
13025,5100.07
13026,5100.11
13027,5089.82
13028,4649.63
13029,4367.91
13030,4389.47
13031,4330.88
13032,3708.56
13033,2999.51
13034,3400.92
13035,4367.39
13036,4500.72
13037,4700.2
13038,4800.52
13039,4799.28
13040,4799.73
13041,4799.33
13042,4784.09
13043,4799.04
13044,4799.4
13045,4753.66
13046,4800.46
13047,4960.22
13048,4900.97
13049,4389.57
13050,5000.83
13051,5089.96
13052,5400.01
13053,5400.01
13054,5089.89
13055,4703.25
13056,4389.66
13057,5499.47
13058,5499.03
13059,4799.06
13060,4400.54
13061,4300.9
13062,4367.03
13063,4100.68
13064,4100.52
13065,4400.88
13066,4400.58
13067,4200.69
13068,4200.41
13069,4300.96
13070,4329.43
13071,3999.25
13072,3899.64
13073,4500.75
13074,3750.95
13075,3999.23
13076,3899.2
13077,3750.58
13078,3899.29
13079,4100.15
13080,4100.1
13081,4800.07
13082,5250.61
13083,5300.06
13084,5300.09
13085,5300.22
13086,5300.35
13087,4600.66
13088,4600.65
13089,4600.72
13090,4800.8
13091,4800.81
13092,4800.83
13093,4300.65
13094,4800.65
13095,4800.61
13096,4800.75
13097,4800.75
13098,4052.03
13099,4800.84
13100,4800.87
13101,4300.62
13102,4700.47
13103,4799.67
13104,4600.5
13105,4367.63
13106,4600.08
13107,4499.18
13108,4367.28
13109,4039.03
13110,4052.03
13111,4052.87
13112,4066.52
13113,4600.48
13114,4206.71
13115,4500.57
13116,4700.46
13117,4700.31
13118,5000.66
13119,5089.59
13120,5100.25
13121,5250.1
13122,5250.36
13123,5250.22
13124,5100.43
13125,4799.47
13126,5000.29
13127,4600.51
13128,4000.84
13129,3400.22
13130,3499.27
13131,3999.47
13132,3999.67
13133,4100.65
13134,4799.74
13135,5499.0
13136,5500.43
13137,5500.25
13138,5500.39
13139,5500.18
13140,5500.17
13141,5389.5
13142,5499.88
13143,5500.72
13144,5700.31
13145,5389.09
13146,6200.1
13147,6000.88
13148,6400.72
13149,6400.24
13150,6000.84
13151,5700.67
13152,5499.57
13153,6600.88
13154,6600.29
13155,6500.07
13156,6500.0
13157,5510.95
13158,5510.81
13159,5250.51
13160,5250.52
13161,5250.9
13162,5250.84
13163,5250.72
13164,5250.66
13165,5250.59
13166,5250.65
13167,5250.56
13168,5250.5
13169,5510.25
13170,5250.12
13171,5250.06
13172,4800.68
13173,4500.91
13174,4799.16
13175,4199.08
13176,5100.08
13177,5250.7
13178,5251.0
13179,6220.11
13180,6220.65
13181,5250.62
13182,5250.85
13183,5600.07
13184,5600.92
13185,5800.07
13186,5800.28
13187,5800.34
13188,5800.36
13189,5800.47
13190,5800.53
13191,5800.58
13192,5800.65
13193,5800.8
13194,5800.79
13195,5800.83
13196,5800.85
13197,5800.33
13198,5800.38
13199,5800.41
13200,5600.42
13201,5600.28
13202,5600.15
13203,5500.97
13204,5300.96
13205,5125.91
13206,5125.87
13207,5125.98
13208,5250.15
13209,5250.03
13210,5125.92
13211,5500.1
13212,5500.23
13213,5500.83
13214,5750.89
13215,6100.02
13216,6100.13
13217,6300.49
13218,6300.44
13219,6300.36
13220,6200.13
13221,6200.68
13222,6200.45
13223,5250.98
13224,5250.14
13225,3904.17
13226,4499.1
13227,5400.18
13228,5600.56
13229,5700.28
13230,5900.87
13231,6463.56
13232,5992.01
13233,6500.23
13234,6500.2
13235,6500.17
13236,6500.13
13237,6500.07
13238,6500.14
13239,6500.5
13240,6500.99
13241,6500.74
13242,7200.11
13243,7200.41
13244,7500.47
13245,7400.54
13246,7500.05
13247,6800.13
13248,6500.98
13249,8600.48
13250,8600.26
13251,8500.12
13252,7500.99
13253,7500.07
13254,6600.95
13255,6300.89
13256,6300.84
13257,7300.02
13258,6300.91
13259,7300.25
13260,7300.18
13261,7300.19
13262,7300.13
13263,7300.06
13264,5850.99
13265,7500.0
13266,5850.92
13267,5850.45
13268,4053.15
13269,4300.27
13270,3749.83
13271,4500.43
13272,3617.22
13273,4000.04
13274,5850.21
13275,5850.19
13276,5850.02
13277,5850.42
13278,5850.68
13279,5850.57
13280,5850.54
13281,5850.68
13282,6800.01
13283,6800.02
13284,6800.14
13285,6800.2
13286,6800.44
13287,6800.62
13288,6800.76
13289,6800.81
13290,6800.82
13291,6800.85
13292,6800.89
13293,6800.77
13294,6800.76
13295,6800.76
13296,6600.76
13297,6600.82
13298,6600.81
13299,6600.78
13300,6300.69
13301,6200.42
13302,6200.3
13303,6200.34
13304,6300.57
13305,6300.66
13306,6200.71
13307,6500.98
13308,7550.08
13309,7550.05
13310,7700.18
13311,8000.15
13312,8000.15
13313,8000.11
13314,8000.08
13315,8000.03
13316,7200.8
13317,8000.21
13318,8000.15
13319,7525.07
13320,5850.56
13321,3468.95
13322,3500.97
13323,5300.4
13324,6308.67
13325,6423.51
13326,6441.52
13327,5799.38
13328,5799.67
13329,6908.32
13330,6908.48
13331,6909.03
13332,6100.32
13333,6393.28
13334,6917.32
13335,6936.22
13336,6946.28
13337,6999.45
13338,8500.01
13339,8500.35
13340,8500.78
13341,8500.61
13342,8500.62
13343,7800.8
13344,7500.72
13345,9450.24
13346,9200.77
13347,8700.47
13348,8700.47
13349,8500.59
13350,8500.56
13351,8500.47
13352,8500.38
13353,8500.48
13354,8500.49
13355,8500.5
13356,8500.46
13357,8500.35
13358,8500.32
13359,8500.29
13360,8500.25
13361,8500.27
13362,8500.24
13363,8500.13
13364,7000.97
13365,7000.88
13366,7000.71
13367,7000.43
13368,6850.98
13369,6850.82
13370,7000.12
13371,6850.88
13372,6850.79
13373,6850.72
13374,6850.75
13375,6850.77
13376,6850.79
13377,6850.78
13378,7800.83
13379,7800.89
13380,7800.96
13381,7800.98
13382,7975.28
13383,7975.72
13384,8500.1
13385,8500.19
13386,8500.22
13387,8500.25
13388,8500.27
13389,8500.33
13390,8500.34
13391,8500.34
13392,8500.36
13393,8500.4
13394,8500.4
13395,8500.45
13396,8500.44
13397,8500.35
13398,8500.32
13399,8500.33
13400,8500.4
13401,8500.26
13402,8500.3
13403,8500.4
13404,8500.49
13405,8500.51
13406,8500.54
13407,8500.57
13408,8500.52
13409,8500.51
13410,8500.5
13411,8500.43
13412,8500.25
13413,8400.04
13414,8400.01
13415,7975.06
13416,3930.54
13417,3510.71
13418,2886.27
13419,4800.36
13420,6393.62
13421,4989.63
13422,5000.81
13423,4800.49
13424,5100.93
13425,5389.99
13426,5533.14
13427,5500.97
13428,5453.84
13429,6393.9
13430,8000.33
13431,8000.51
13432,8500.04
13433,8500.31
13434,8501.0
13435,9500.72
13436,10000.03
13437,10000.45
13438,8600.89
13439,8500.78
13440,8500.73
13441,8800.9
13442,8800.61
13443,8700.2
13444,8700.04
13445,7750.75
13446,7750.55
13447,7550.26
13448,6000.92
13449,6850.55
13450,6850.91
13451,7750.02
13452,6850.92
13453,7750.09
13454,6851.0
13455,6850.89
13456,6850.77
13457,6850.93
13458,6850.77
13459,6850.68
13460,6850.07
13461,4670.48
13462,4670.12
13463,5403.75
13464,5249.6
13465,5389.06
13466,5453.64
13467,6850.27
13468,5389.96
13469,5250.91
13470,5000.53
13471,4670.54
13472,4500.81
13473,3700.61
13474,3899.23
13475,3719.25
13476,3899.92
13477,3979.34
13478,6000.16
13479,6850.11
13480,6850.16
13481,6850.64
13482,6850.72
13483,6850.77
13484,6850.81
13485,6850.7
13486,6850.52
13487,6850.43
13488,6850.49
13489,6850.59
13490,6850.61
13491,6850.6
13492,6850.49
13493,6850.48
13494,6850.43
13495,6850.71
13496,6850.95
13497,6850.91
13498,7000.67
13499,7500.61
13500,7950.34
13501,7765.59
13502,8500.49
13503,9000.04
13504,9500.13
13505,9450.54
13506,9400.92
13507,8415.64
13508,8200.15
13509,8400.65
13510,8500.02
13511,6850.86
13512,6850.12
13513,4750.87
13514,5500.01
13515,5925.07
13516,6830.49
13517,6851.38
13518,6871.25
13519,6877.48
13520,6920.01
13521,7346.55
13522,7342.82
13523,7337.85
13524,6934.46
13525,6941.26
13526,8432.01
13527,8468.44
13528,8975.61
13529,8968.62
13530,8974.7
13531,9960.17
13532,10462.74
13533,11001.14
13534,9500.97
13535,9500.72
13536,9500.48
13537,9500.12
13538,9500.02
13539,8700.38
13540,8700.35
13541,7750.44
13542,7750.32
13543,7550.18
13544,4670.23
13545,7550.18
13546,7550.11
13547,7750.19
13548,4670.64
13549,4749.22
13550,4499.89
13551,4499.76
13552,4499.54
13553,4499.76
13554,4499.54
13555,4499.2
13556,4499.03
13557,4499.46
13558,4499.96
13559,6850.27
13560,3617.81
13561,4000.44
13562,4283.08
13563,6850.33
13564,4210.07
13565,6400.09
13566,6000.2
13567,5600.3
13568,5600.37
13569,5000.45
13570,5000.68
13571,5000.66
13572,5000.64
13573,6150.21
13574,7000.6
13575,7900.95
13576,7975.27
13577,7975.58
13578,7975.76
13579,7975.95
13580,9500.09
13581,9500.05
13582,9500.06
13583,9500.23
13584,9500.27
13585,9500.29
13586,9500.29
13587,9500.37
13588,9500.35
13589,9500.16
13590,9500.13
13591,9500.17
13592,9500.25
13593,9500.15
13594,9500.17
13595,9500.16
13596,9500.19
13597,9500.09
13598,9500.76
13599,10000.3
13600,10500.3
13601,9929.46
13602,9871.72
13603,9500.28
13604,9500.12
13605,9500.17
13606,9500.03
13607,7312.01
13608,7280.02
13609,5171.49
13610,4600.35
13611,4500.94
13612,4989.36
13613,4955.28
13614,5150.68
13615,5500.42
13616,7349.08
13617,7784.89
13618,7784.77
13619,7782.54
13620,7369.36
13621,7351.08
13622,8000.45
13623,8890.61
13624,9391.15
13625,5389.82
13626,5499.77
13627,9500.35
13628,9500.64
13629,11409.05
13630,9908.89
13631,9500.93
13632,9500.58
13633,9878.4
13634,9500.88
13635,8500.09
13636,7660.57
13637,7750.05
13638,7413.5
13639,4670.27
13640,4249.73
13641,4899.67
13642,6985.82
13643,7250.24
13644,7750.12
13645,7750.33
13646,7750.17
13647,5000.33
13648,4489.06
13649,4670.68
13650,4670.34
13651,4670.16
13652,3957.34
13653,3617.48
13654,3511.68
13655,3999.54
13656,3966.41
13657,4670.25
13658,5300.16
13659,6850.94
13660,6850.61
13661,4400.78
13662,4600.47
13663,4150.04
13664,4046.45
13665,3617.06
13666,6000.09
13667,6000.19
13668,6000.19
13669,6000.25
13670,6000.34
13671,6000.5
13672,6000.53
13673,6000.99
13674,6850.26
13675,6850.73
13676,6850.99
13677,6000.79
13678,6850.7
13679,6999.67
13680,7800.01
13681,7800.09
13682,7800.12
13683,7800.16
13684,7600.18
13685,6999.68
13686,6850.91
13687,6999.37
13688,6999.8
13689,7550.41
13690,7450.94
13691,9500.49
13692,9500.66
13693,9500.87
13694,9500.95
13695,9500.93
13696,9500.99
13697,10325.22
13698,10252.36
13699,9866.85
13700,9119.46
13701,8400.29
13702,8400.17
13703,6999.77
13704,6999.26
13705,4670.57
13706,4249.68
13707,4312.95
13708,4670.32
13709,4670.77
13710,4999.96
13711,5800.19
13712,7705.58
13713,8000.4
13714,8000.33
13715,8000.15
13716,7000.28
13717,6985.98
13718,5250.25
13719,5630.37
13720,5630.54
13721,6999.57
13722,6999.35
13723,6985.42
13724,6999.06
13725,9500.5
13726,9500.43
13727,9500.27
13728,8700.37
13729,8800.67
13730,7035.46
13731,5189.51
13732,4989.97
13733,5189.63
13734,4899.42
13735,4899.11
13736,4649.64
13737,5189.14
13738,4899.25
13739,4252.46
13740,3951.28
13741,4298.44
13742,4200.97
13743,3587.47
13744,3503.4
13745,4000.33
13746,3800.67
13747,3702.01
13748,3600.52
13749,3951.94
13750,3951.58
13751,4095.71
13752,4000.74
13753,4649.75
13754,5249.22
13755,5249.44
13756,4989.56
13757,4983.85
13758,4649.26
13759,4250.77
13760,4078.4
13761,4091.57
13762,3999.2
13763,3500.73
13764,3279.38
13765,3583.09
13766,3820.04
13767,3951.52
13768,4000.94
13769,3664.31
13770,3951.08
13771,4100.86
13772,4247.61
13773,3999.22
13774,4331.78
13775,4500.99
13776,5189.12
13777,4649.73
13778,4649.87
13779,4999.8
13780,4989.01
13781,4649.61
13782,4649.89
13783,4989.75
13784,7000.12
13785,7035.92
13786,7450.76
13787,7800.88
13788,9500.39
13789,9500.75
13790,9501.0
13791,10434.17
13792,10550.03
13793,10500.45
13794,9500.87
13795,9500.57
13796,7000.08
13797,6850.9
13798,6850.28
13799,5249.14
13800,5189.82
13801,4249.09
13802,4000.57
13803,4489.22
13804,5250.62
13805,6002.32
13806,6985.47
13807,5500.9
13808,4649.91
13809,4989.17
13810,4900.37
13811,4749.95
13812,4649.95
13813,4649.96
13814,4649.98
13815,8000.22
13816,8000.45
13817,5189.87
13818,7500.69
13819,10345.06
13820,10839.47
13821,11784.98
13822,10306.59
13823,9892.01
13824,9869.16
13825,7500.79
13826,7241.19
13827,6179.29
13828,6163.27
13829,6218.18
13830,5623.93
13831,5520.61
13832,5481.61
13833,6606.08
13834,6534.83
13835,6310.4
13836,5678.1
13837,5679.54
13838,5630.74
13839,5508.12
13840,5429.12
13841,5398.32
13842,5066.37
13843,4996.41
13844,4973.31
13845,4768.54
13846,4903.38
13847,4614.05
13848,4653.47
13849,3950.99
13850,4312.9
13851,4249.49
13852,4122.95
13853,4063.3
13854,3999.64
13855,3801.74
13856,3801.92
13857,3592.66
13858,3801.27
13859,3979.62
13860,3979.82
13861,3979.65
13862,3979.55
13863,5500.11
13864,5500.14
13865,5500.28
13866,5500.65
13867,5500.75
13868,5500.88
13869,5500.53
13870,5500.51
13871,5500.58
13872,6300.44
13873,6300.39
13874,6300.33
13875,6300.38
13876,6300.38
13877,6300.21
13878,6300.26
13879,6300.42
13880,8000.01
13881,7550.57
13882,7450.75
13883,8000.06
13884,8000.38
13885,8000.68
13886,8000.8
13887,8415.56
13888,9500.06
13889,9500.41
13890,9500.17
13891,8000.95
13892,7000.58
13893,7000.41
13894,7000.13
13895,4649.49
13896,4600.13
13897,3459.75
13898,3200.0
13899,4086.6
13900,4460.24
13901,4489.31
13902,4700.68
13903,5100.46
13904,5500.18
13905,5764.83
13906,6350.89
13907,6249.33
13908,6173.78
13909,6536.89
13910,6693.78
13911,7269.52
13912,7609.71
13913,8000.49
13914,8000.62
13915,8000.89
13916,8000.94
13917,9500.06
13918,8850.61
13919,8000.98
13920,8000.74
13921,8000.43
13922,8000.39
13923,7200.39
13924,7200.34
13925,7200.33
13926,6500.31
13927,6500.36
13928,6500.4
13929,7000.1
13930,7000.09
13931,7000.01
13932,5568.78
13933,5439.79
13934,4980.33
13935,4912.42
13936,4584.13
13937,4696.0
13938,4147.15
13939,7000.2
13940,4904.45
13941,4868.27
13942,3801.33
13943,3801.41
13944,3801.51
13945,3979.19
13946,5300.27
13947,5300.32
13948,5300.31
13949,5300.38
13950,5300.42
13951,4900.47
13952,4900.46
13953,4900.42
13954,4900.47
13955,4900.53
13956,4900.55
13957,4900.5
13958,4900.5
13959,6500.34
13960,6500.37
13961,6500.42
13962,6500.5
13963,6500.84
13964,6500.92
13965,7000.32
13966,7000.6
13967,7000.72
13968,7000.8
13969,7800.25
13970,7800.27
13971,7800.79
13972,7600.6
13973,7450.31
13974,7450.17
13975,7000.03
13976,7550.98
13977,8000.21
13978,8000.32
13979,8000.66
13980,8000.8
13981,4249.02
13982,4249.27
13983,4077.77
13984,4209.08
13985,4489.3
13986,4489.03
13987,4100.88
13988,3801.98
13989,3888.27
13990,4114.12
13991,3990.29
13992,3802.05
13993,3494.87
13994,3150.29
13995,4116.7
13996,4500.27
13997,5100.38
13998,5499.58
13999,5499.34
14000,6047.4
14001,6249.06
14002,6944.81
14003,6953.48
14004,6923.84
14005,7022.61
14006,7219.92
14007,7379.72
14008,8000.07
14009,8000.47
14010,8000.62
14011,8000.68
14012,8000.69
14013,8000.71
14014,8000.68
14015,8000.61
14016,8000.48
14017,5500.65
14018,5500.68
14019,5500.52
14020,5500.5
14021,5500.48
14022,5000.4
14023,5000.35
14024,5000.19
14025,5000.74
14026,5000.78
14027,5000.88
14028,4618.04
14029,5553.6
14030,4953.54
14031,4905.96
14032,4484.69
14033,4430.26
14034,4379.28
14035,4939.38
14036,4912.42
14037,4943.33
14038,5000.06
14039,5000.16
14040,5000.03
14041,5000.01
14042,6300.24
14043,6300.01
14044,4263.9
14045,4263.76
14046,4263.96
14047,6300.02
14048,6300.03
14049,4263.4
14050,6300.08
14051,6300.13
14052,6300.15
14053,6300.06
14054,6300.1
14055,7000.31
14056,7000.35
14057,7000.24
14058,7000.28
14059,7000.2
14060,7000.27
14061,7000.01
14062,7000.0
14063,7000.62
14064,7000.59
14065,7000.4
14066,7000.4
14067,7000.39
14068,7000.38
14069,7000.31
14070,7000.21
14071,7000.27
14072,7000.26
14073,7000.36
14074,7000.35
14075,7000.6
14076,7000.79
14077,4500.4
14078,4500.81
14079,4600.18
14080,4500.06
14081,4098.43
14082,4001.01
14083,4000.23
14084,3899.34
14085,3494.72
14086,3200.64
14087,2672.08
14088,2579.19
14089,2412.94
14090,2318.73
14091,2750.48
14092,2959.9
14093,3494.97
14094,3912.45
14095,3999.45
14096,4003.39
14097,4000.23
14098,4500.28
14099,4600.22
14100,4618.2
14101,4618.04
14102,4618.4
14103,4618.96
14104,4989.84
14105,5006.21
14106,5500.29
14107,5500.5
14108,5500.6
14109,5500.7
14110,5500.75
14111,5500.77
14112,5500.54
14113,5999.5
14114,5900.89
14115,5900.86
14116,5900.62
14117,5900.57
14118,5500.42
14119,5500.65
14120,5500.63
14121,5500.91
14122,5500.95
14123,5592.64
14124,5257.18
14125,5344.35
14126,5000.58
14127,5000.56
14128,4807.26
14129,4549.68
14130,4374.68
14131,4720.07
14132,4512.55
14133,3578.84
14134,2899.7
14135,3009.05
14136,2899.95
14137,3999.68
14138,4065.78
14139,4004.9
14140,4004.88
14141,4041.26
14142,4004.94
14143,4004.89
14144,4004.69
14145,3514.58
14146,4004.01
14147,4004.0
14148,3617.61
14149,3617.79
14150,4004.0
14151,4004.33
14152,4004.88
14153,4004.79
14154,5500.19
14155,7250.01
14156,4004.99
14157,3496.48
14158,3496.56
14159,3899.02
14160,3680.55
14161,3500.14
14162,3684.11
14163,3899.79
14164,3899.05
14165,3711.25
14166,3739.27
14167,3900.0
14168,3999.22
14169,7250.03
14170,7250.07
14171,7250.18
14172,7250.22
14173,5089.05
14174,5500.82
14175,5999.11
14176,5500.57
14177,9500.12
14178,5999.14
14179,5500.56
14180,5000.89
14181,5500.37
14182,6000.0
14183,4612.02
14184,3977.95
14185,3999.19
14186,3499.31
14187,4053.22
14188,4589.92
14189,4612.62
14190,4989.52
14191,5012.64
14192,5344.94
14193,5200.45
14194,5999.89
14195,6500.53
14196,6500.04
14197,6500.87
14198,6500.52
14199,6666.27
14200,6900.17
14201,7183.0
14202,7516.05
14203,7692.1
14204,7711.15
14205,7524.19
14206,7509.94
14207,7440.88
14208,7242.12
14209,7000.59
14210,7000.39
14211,6867.0
14212,6499.99
14213,5931.25
14214,5999.04
14215,5999.29
14216,5999.55
14217,5897.8
14218,5899.0
14219,5999.6
14220,5834.7
14221,5482.6
14222,5301.49
14223,5321.09
14224,5140.29
14225,5186.88
14226,5076.87
14227,4953.17
14228,4750.59
14229,4612.05
14230,3940.57
14231,3999.29
14232,3514.7
14233,4012.55
14234,4004.2
14235,4004.42
14236,4004.1
14237,4004.72
14238,4004.6
14239,4004.3
14240,4004.52
14241,3578.29
14242,3617.04
14243,3617.24
14244,3617.77
14245,3617.73
14246,3578.52
14247,3617.43
14248,3870.57
14249,3250.35
14250,3500.66
14251,3700.95
14252,3995.27
14253,3943.09
14254,3982.87
14255,4004.32
14256,4004.2
14257,4004.29
14258,4004.03
14259,3965.94
14260,3900.78
14261,3933.62
14262,3933.45
14263,3933.92
14264,3999.62
14265,3999.47
14266,4004.71
14267,4400.17
14268,4612.36
14269,4989.76
14270,5089.95
14271,5249.61
14272,5999.12
14273,6500.52
14274,5999.36
14275,5999.6
14276,5499.66
14277,6349.38
14278,5999.44
14279,4612.45
14280,4199.4
14281,3899.13
14282,3812.4
14283,4133.04
14284,4612.72
14285,4620.04
14286,5282.08
14287,5212.16
14288,5341.92
14289,5288.96
14290,5999.82
14291,6218.76
14292,6038.76
14293,6796.74
14294,6792.33
14295,6922.47
14296,6998.43
14297,7388.13
14298,7500.59
14299,7500.74
14300,7500.79
14301,8000.41
14302,8000.82
14303,8000.86
14304,8000.19
14305,4807.08
14306,4779.16
14307,4612.72
14308,4612.7
14309,4612.37
14310,4612.06
14311,4612.2
14312,4266.66
14313,6456.72
14314,6636.42
14315,6693.87
14316,6551.52
14317,6312.46
14318,6284.95
14319,6287.23
14320,5895.48
14321,5903.16
14322,5735.44
14323,5653.69
14324,5166.21
14325,3617.56
14326,3249.29
14327,2966.82
14328,2748.62
14329,3496.79
14330,3496.33
14331,3517.47
14332,3496.74
14333,3417.77
14334,3414.75
14335,3414.97
14336,3578.02
14337,3578.93
14338,3617.11
14339,3617.18
14340,3617.21
14341,3578.56
14342,3578.93
14343,3617.46
14344,3677.44
14345,4900.02
14346,4900.09
14347,4900.15
14348,5100.19
14349,5100.14
14350,5100.21
14351,5100.13
14352,5100.15
14353,4412.53
14354,5100.05
14355,5100.05
14356,4612.87
14357,4612.65
14358,4612.54
14359,4612.16
14360,4612.26
14361,4612.03
14362,4612.71
14363,5400.05
14364,5600.18
14365,6000.1
14366,6000.19
14367,6300.12
14368,7000.21
14369,7000.82
14370,7000.59
14371,7000.56
14372,7000.14
14373,5999.58
14374,7000.07
14375,4612.39
14376,3741.33
14377,3499.94
14378,3250.47
14379,3899.32
14380,4389.44
14381,4369.73
14382,4612.61
14383,4850.39
14384,4989.83
14385,5056.27
14386,5999.56
14387,6566.25
14388,6510.56
14389,6570.85
14390,6231.88
14391,6768.4
14392,6970.8
14393,7166.1
14394,8000.23
14395,8000.28
14396,8000.38
14397,7496.4
14398,7450.5
14399,7308.0
14400,7062.0
14401,5800.8
14402,5800.48
14403,5499.22
14404,5300.44
14405,4885.2
14406,4612.77
14407,4612.14
14408,4199.96
14409,4389.02
14410,4389.49
14411,4209.82
14412,4389.33
14413,4389.56
14414,4389.51
14415,4499.22
14416,3983.57
14417,3957.62
14418,3677.78
14419,3677.03
14420,3496.46
14421,3578.06
14422,3400.34
14423,3889.8
14424,3820.84
14425,4041.71
14426,3870.37
14427,3889.01
14428,3776.98
14429,3755.54
14430,3762.65
14431,3617.31
14432,3496.86
14433,3409.15
14434,3496.22
14435,3617.05
14436,3515.52
14437,3677.05
14438,3700.65
14439,3731.54
14440,3899.41
14441,3762.78
14442,3899.64
14443,4041.56
14444,4050.55
14445,3999.29
14446,4041.54
14447,4052.25
14448,4500.26
14449,4389.13
14450,4789.51
14451,4612.51
14452,4612.43
14453,4389.25
14454,4142.08
14455,4199.05
14456,4369.72
14457,4469.11
14458,4612.49
14459,5089.64
14460,5999.86
14461,6500.9
14462,7000.26
14463,7300.33
14464,8000.26
14465,8000.5
14466,8000.18
14467,8000.01
14468,5999.45
14469,5999.11
14470,5999.85
14471,4612.74
14472,3739.27
14473,3870.91
14474,3677.24
14475,3677.8
14476,4000.19
14477,4202.95
14478,4612.45
14479,4612.55
14480,4612.92
14481,4612.61
14482,5000.79
14483,4612.96
14484,4612.85
14485,4620.71
14486,4612.83
14487,5999.01
14488,5999.21
14489,5249.49
14490,5999.02
14491,7438.33
14492,7569.0
14493,6500.4
14494,6500.14
14495,5999.12
14496,5089.47
481,6800.94
482,6800.58
483,6500.98
484,6300.95
485,6200.1
486,5900.82
487,5799.9
488,5600.2
489,6616.4
490,6400.0
491,6492.46
492,6574.92
493,6500.22
494,6500.07
495,6454.64
496,6086.0
497,6036.44
498,6000.88
499,6000.32
500,5000.07
501,4700.51
502,4400.92
503,4381.61
504,4100.7
505,4329.1
506,4500.66
507,4612.34
508,4612.07
509,4612.13
510,4200.95
511,4000.75
512,3952.62
513,3617.92
514,3981.62
515,4312.8
516,4500.46
517,4612.08
518,4680.55
519,4800.44
520,4900.3
521,4900.3
522,4900.54
523,5100.72
524,5100.86
525,5550.97
526,5999.21
527,6000.07
528,6000.72
529,6000.21
530,5999.69
531,5999.55
532,5999.34
533,5889.1
534,5800.82
535,5800.87
536,5889.87
537,6200.34
538,6200.66
539,6900.82
540,7500.75
541,8000.98
542,8000.44
543,8000.06
544,8000.12
545,8000.57
546,8000.3
547,6000.91
548,5999.42
549,5999.74
550,5900.5
551,5999.87
552,5999.73
553,4999.38
554,4989.4
555,4990.2
556,5389.33
557,5250.25
558,5412.68
559,5546.84
560,6055.42
561,6260.36
562,7016.95
563,6550.92
564,6334.4
565,6627.6
566,6535.6
567,7500.75
568,8000.14
569,7590.4
570,7668.73
571,8000.57
572,8000.53
573,7500.54
574,7500.35
575,7000.75
576,6000.87
3457,7393.75
3458,7000.51
3459,5999.51
3460,5499.6
3461,5499.86
3462,5499.63
3463,5499.38
3464,5294.0
3465,5499.5
3466,5499.12
3467,5499.01
3468,5389.94
3469,4612.81
3470,4612.56
3471,4612.18
3472,4612.01
3473,4500.25
3474,4612.18
3475,4612.44
3476,4416.7
3477,4612.68
3478,4500.72
3479,3617.35
3480,3578.7
3481,4292.26
3482,4100.13
3483,3899.97
3484,3677.93
3485,3677.19
3486,3617.64
3487,3578.11
3488,3249.18
3489,3200.72
3490,3249.42
3491,3249.93
3492,3289.22
3493,3496.88
3494,3500.77
3495,3578.09
3496,3620.3
3497,3534.57
3498,3578.44
3499,3578.74
3500,3677.42
3501,3677.3
3502,3677.55
3503,3799.32
3504,3724.41
3505,3719.35
3506,3999.53
3507,4000.24
3508,3999.61
3509,4000.27
3510,3899.67
3511,3969.3
3512,3928.27
3513,4074.49
3514,4400.2
3515,4612.6
3516,4612.94
3517,4612.94
3518,4999.72
3519,5109.03
3520,5500.05
3521,5889.46
3522,5389.91
3523,4706.92
3524,4612.89
3525,4612.74
3526,4612.6
3527,4392.62
3528,3999.03
3529,4210.3
3530,4199.76
3531,5004.49
3532,4969.44
3533,4620.67
3534,5453.66
3535,5827.86
3536,6242.07
3537,6296.18
3538,6845.92
3539,6663.8
3540,6474.94
3541,7288.62
3542,7496.36
3543,7781.28
3544,8000.35
3545,8000.21
3546,8000.83
3547,8292.53
3548,8293.7
3549,6733.0
3550,6499.68
3551,5689.42
3552,4930.39
6145,4404.72
6146,4349.98
6147,4292.83
6148,4249.52
6149,4249.72
6150,4100.85
6151,3950.11
6152,3724.49
6153,3517.91
6154,3496.57
6155,3578.79
6156,3578.16
6157,3320.38
6158,3288.94
6159,3249.74
6160,3249.62
6161,3249.31
6162,3221.33
6163,3101.69
6164,3000.25
6165,3101.3
6166,2889.55
6167,2889.86
6168,3099.09
6169,3199.08
6170,3101.7
6171,3101.32
6172,3101.19
6173,3101.26
6174,3101.17
6175,3101.02
6176,3099.17
6177,2459.78
6178,2699.11
6179,2455.28
6180,2458.45
6181,2458.24
6182,2559.2
6183,2748.29
6184,2934.95
6185,2922.23
6186,3001.48
6187,3006.52
6188,3023.9
6189,3099.15
6190,2940.61
6191,3099.68
6192,3099.91
6193,3099.98
6194,3101.36
6195,3199.64
6196,3199.39
6197,3101.92
6198,3101.98
6199,3203.33
6200,3250.9
6201,3496.32
6202,3535.41
6203,3600.33
6204,3699.55
6205,3662.82
6206,3719.06
6207,3719.58
6208,3679.93
6209,3806.44
6210,3748.2
6211,3741.64
6212,3594.76
6213,3439.01
6214,3310.35
6215,3101.07
6216,2911.87
6217,2912.41
6218,2913.3
6219,2857.92
6220,2914.82
6221,3288.0
6222,3488.64
6223,3578.44
6224,3826.37
6225,3899.96
6226,4000.36
6227,4000.71
6228,3999.01
6229,3899.52
6230,3899.74
6231,4290.57
6232,4298.74
6233,4328.18
6234,4789.83
6235,5089.79
6236,5089.24
6237,5249.11
6238,4982.78
6239,4862.1
6240,4827.56
9121,3249.79
9122,3249.92
9123,3249.89
9124,3249.58
9125,3249.54
9126,3249.4
9127,2849.42
9128,2839.04
9129,2776.05
9130,2748.77
9131,2800.52
9132,2829.46
9133,2809.24
9134,2748.84
9135,2702.13
9136,2599.06
9137,2674.85
9138,2599.11
9139,2469.53
9140,2249.93
9141,2430.89
9142,2378.26
9143,2378.0
9144,2249.92
9145,2599.29
9146,2829.55
9147,2829.31
9148,2829.29
9149,2829.35
9150,2599.77
9151,2435.01
9152,2425.4
9153,2249.25
9154,2249.9
9155,2378.18
9156,2378.42
9157,2441.19
9158,2458.65
9159,2457.63
9160,2779.17
9161,2789.03
9162,2789.55
9163,2799.78
9164,2799.43
9165,2799.84
9166,2799.93
9167,2944.83
9168,3027.15
9169,2840.0
9170,2960.97
9171,3008.7
9172,3098.43
9173,3289.59
9174,3289.61
9175,3468.64
9176,3510.63
9177,3719.18
9178,3831.13
9179,3948.86
9180,4200.3
9181,4219.0
9182,4469.9
9183,4616.01
9184,4616.52
9185,4616.66
9186,4616.37
9187,3899.71
9188,3569.87
9189,3569.8
9190,3522.45
9191,3250.21
9192,2960.9
9193,2779.61
9194,2789.88
9195,2937.67
9196,3062.97
9197,3312.09
9198,3578.13
9199,3811.11
9200,3948.4
9201,4616.16
9202,4700.25
9203,5000.4
9204,4999.59
9205,4789.36
9206,4800.99
9207,5249.91
9208,5249.08
9209,5249.89
9210,5999.31
9211,5999.44
9212,5999.63
9213,4821.02
9214,4789.59
9215,4616.52
9216,4616.22
12001,4446.93
12002,4044.71
12003,3998.76
12004,3896.99
12005,3998.23
12006,3899.5
12007,3671.5
12008,3500.93
12009,3449.26
12010,3399.76
12011,3320.7
12012,3289.9
12013,3149.09
12014,3055.72
12015,2799.29
12016,2769.84
12017,2739.76
12018,2739.87
12019,2729.89
12020,2689.73
12021,2446.71
12022,2402.1
12023,2379.17
12024,2263.42
12025,2689.45
12026,2749.28
12027,2468.95
12028,2451.62
12029,2419.23
12030,2450.58
12031,2417.46
12032,2424.03
12033,2378.08
12034,2378.66
12035,2390.78
12036,2384.89
12037,2456.61
12038,2729.68
12039,2800.26
12040,2739.66
12041,2739.81
12042,2739.48
12043,2739.93
12044,2749.46
12045,2749.63
12046,2749.84
12047,2927.85
12048,3057.5
12049,2849.41
12050,3011.52
12051,3249.64
12052,3289.32
12053,3289.67
12054,3400.35
12055,3517.33
12056,3578.61
12057,4001.39
12058,4001.88
12059,4199.12
12060,4400.23
12061,4893.82
12062,4999.29
12063,4999.52
12064,4999.84
12065,4784.84
12066,4450.94
12067,4001.1
12068,3600.72
12069,3400.61
12070,3249.05
12071,3019.2
12072,2739.51
12073,2729.04
12074,2739.28
12075,3449.23
12076,3700.52
12077,3669.43
12078,4279.02
12079,4784.43
12080,4972.77
12081,4784.61
12082,4999.02
12083,4500.82
12084,4414.8
12085,4329.92
12086,4463.33
12087,4850.86
12088,4880.11
12089,5019.87
12090,4999.15
12091,4894.14
12092,4848.86
12093,4199.59
12094,4199.36
12095,3946.71
12096,3859.28
14977,3899.66
14978,3896.18
14979,3529.94
14980,3529.34
14981,3529.89
14982,3529.54
14983,3330.0
14984,3329.43
14985,3289.22
14986,3289.2
14987,3200.81
14988,3578.06
14989,3991.6
14990,3860.8
14991,3723.59
14992,3578.74
14993,3578.57
14994,3521.06
14995,3276.8
14996,2920.35
14997,2999.88
14998,2769.09
14999,2500.6
15000,2282.91
15001,2470.94
15002,2769.2
15003,2759.25
15004,2779.94
15005,2769.07
15006,2769.66
15007,2779.41
15008,2779.68
15009,2249.67
15010,2301.94
15011,2378.02
15012,2378.86
15013,2759.04
15014,2759.0
15015,2779.55
15016,2759.34
15017,2769.48
15018,2769.76
15019,2769.66
15020,2779.28
15021,2829.62
15022,2829.53
15023,2829.74
15024,2829.97
15025,2829.42
15026,3011.45
15027,3244.41
15028,3246.33
15029,3242.72
15030,3250.22
15031,3200.43
15032,3211.4
15033,3749.89
15034,3858.38
15035,4000.0
15036,4199.4
15037,4826.97
15038,4867.09
15039,4876.31
15040,4876.95
15041,4500.49
15042,4390.89
15043,3899.35
15044,3500.91
15045,3230.17
15046,3200.61
15047,2900.27
15048,2779.3
15049,2769.49
15050,2799.34
15051,3312.12
15052,3433.75
15053,3520.91
15054,4329.65
15055,4704.27
15056,4876.29
15057,4876.72
15058,4930.25
15059,4600.57
15060,4600.73
15061,4373.43
15062,4250.29
15063,4876.59
15064,4876.03
15065,6371.0
15066,6514.2
15067,6546.2
15068,6510.2
15069,4958.6
15070,4790.6
15071,4508.6
15072,4199.13
17857,4843.38
17858,4789.54
17859,4436.7
17860,3999.31
17861,3899.96
17862,3716.77
17863,3468.06
17864,3250.92
17865,3260.8
17866,3250.28
17867,2800.21
17868,2800.58
17869,2999.79
17870,2822.91
17871,2748.37
17872,2719.55
17873,2519.39
17874,2449.79
17875,2419.68
17876,2389.45
17877,2389.96
17878,2389.38
17879,2419.85
17880,2419.15
17881,2471.64
17882,2474.66
17883,2463.82
17884,2449.53
17885,2449.05
17886,2419.27
17887,2316.22
17888,2249.88
17889,2337.13
17890,2378.58
17891,2389.36
17892,2389.98
17893,2419.5
17894,2449.18
17895,2773.07
17896,2757.25
17897,2748.21
17898,2750.17
17899,2761.59
17900,3021.8
17901,3200.09
17902,3200.34
17903,3011.51
17904,2894.25
17905,2569.76
17906,2569.4
17907,2940.08
17908,2960.03
17909,2689.99
17910,2689.99
17911,2699.6
17912,2699.77
17913,3200.71
17914,3249.28
17915,3433.35
17916,3439.23
17917,3937.07
17918,4000.91
17919,4000.98
17920,3999.78
17921,3899.15
17922,3582.2
17923,3433.43
17924,3249.24
17925,2539.69
17926,2519.02
17927,2450.76
17928,2450.78
17929,2419.95
17930,2449.24
17931,2559.11
17932,2559.65
17933,2929.55
17934,3473.63
17935,3899.6
17936,4186.92
17937,3912.84
17938,3913.67
17939,4877.0
17940,4876.65
17941,4750.92
17942,4789.79
17943,4850.1
17944,4876.06
17945,4876.8
17946,4876.7
17947,6400.02
17948,5999.36
17949,4949.88
17950,4876.86
17951,4876.08
17952,4789.72
20833,4449.05
20834,4199.92
20835,4199.03
20836,3980.77
20837,3500.68
20838,3513.15
20839,3704.12
20840,3528.93
20841,3578.51
20842,3578.7
20843,3284.02
20844,3250.12
20845,3191.82
20846,3128.33
20847,3128.23
20848,3193.04
20849,3258.47
20850,3128.26
20851,3009.65
20852,2800.93
20853,2750.65
20854,2799.01
20855,2402.9
20856,2378.88
20857,2409.97
20858,3009.77
20859,3000.94
20860,2923.05
20861,3009.06
20862,3009.12
20863,3009.59
20864,2939.34
20865,2409.92
20866,2711.59
20867,2830.45
20868,2714.97
20869,3009.69
20870,3122.93
20871,3122.35
20872,3122.68
20873,3122.43
20874,3122.33
20875,3122.52
20876,3122.09
20877,3009.35
20878,3031.6
20879,3033.05
20880,3122.74
20881,3122.24
20882,3122.34
20883,3122.88
20884,3122.87
20885,3128.05
20886,3122.95
20887,3402.21
20888,3433.6
20889,4099.89
20890,4199.51
20891,4199.67
20892,4400.03
20893,4500.67
20894,4799.97
20895,4887.1
20896,4887.01
20897,4887.5
20898,4500.19
20899,4449.85
20900,3937.08
20901,3500.84
20902,3500.95
20903,3400.43
20904,2469.92
20905,2409.33
20906,2439.13
20907,3456.51
20908,3578.95
20909,3712.0
20910,4433.4
20911,4500.52
20912,4662.6
20913,4449.59
20914,4629.2
20915,4626.8
20916,4620.27
20917,4482.2
20918,4460.67
20919,4449.97
20920,4000.4
20921,4873.25
20922,5166.8
20923,5186.4
20924,5249.25
20925,4887.85
20926,4887.64
20927,4864.81
20928,4802.52
23809,4799.88
23810,4500.32
23811,4273.07
23812,4366.0
23813,4034.8
23814,3913.25
23815,3930.8
23816,3596.65
23817,3591.05
23818,3482.43
23819,3148.88
23820,3020.54
23821,3007.32
23822,3000.1
23823,2989.7
23824,2989.31
23825,2989.05
23826,2844.83
23827,2630.61
23828,2529.68
23829,2549.16
23830,2539.71
23831,2389.13
23832,2378.95
23833,2460.52
23834,2891.25
23835,2925.41
23836,2922.64
23837,2989.47
23838,2989.97
23839,2429.26
23840,2429.78
23841,2429.27
23842,2429.54
23843,2471.82
23844,2691.98
23845,2593.91
23846,2742.83
23847,2596.03
23848,2742.09
23849,2742.93
23850,2743.23
23851,2761.19
23852,2742.16
23853,2595.45
23854,2741.42
23855,2748.16
23856,2748.34
23857,2908.31
23858,3009.73
23859,3009.66
23860,3009.96
23861,2989.13
23862,2989.55
23863,3499.54
23864,3150.84
23865,3250.36
23866,3468.88
23867,3800.07
23868,3913.58
23869,4082.89
23870,4499.38
23871,4499.58
23872,4300.52
23873,4199.6
23874,3569.03
23875,3499.11
23876,3000.01
23877,3456.58
23878,3350.5
23879,3000.41
23880,2489.43
23881,2389.29
23882,2389.43
23883,3249.42
23884,3249.86
23885,3250.24
23886,3723.06
23887,4500.2
23888,4799.75
23889,4499.7
23890,4887.18
23891,4887.33
23892,4887.67
23893,4150.26
23894,4250.99
23895,4800.32
23896,4700.06
23897,4887.47
23898,4889.74
23899,5100.38
23900,4965.9
23901,4887.6
23902,4887.28
23903,4859.03
23904,4749.9
26689,3913.11
26690,3509.84
26691,3509.8
26692,3509.49
26693,3468.85
26694,3456.81
26695,3468.99
26696,3439.12
26697,3020.58
26698,3009.28
26699,2819.23
26700,2800.34
26701,2679.92
26702,2679.44
26703,2679.03
26704,2649.28
26705,2629.58
26706,2529.61
26707,2529.82
26708,2389.2
26709,2259.8
26710,2259.39
26711,2269.18
26712,2269.13
26713,2389.01
26714,2389.06
26715,2389.37
26716,2389.05
26717,2359.25
26718,2359.21
26719,2359.0
26720,2269.98
26721,2269.23
26722,2269.48
26723,2269.39
26724,2269.62
26725,2269.99
26726,2359.27
26727,2359.37
26728,2359.66
26729,2359.95
26730,2389.06
26731,2389.67
26732,2392.02
26733,2396.36
26734,2397.73
26735,2398.28
26736,2399.96
26737,2429.8
26738,2463.55
26739,2468.64
26740,2469.13
26741,2469.06
26742,2469.31
26743,2739.98
26744,2748.94
26745,2769.98
26746,2999.89
26747,2999.7
26748,3009.09
26749,3200.87
26750,3186.81
26751,3210.23
26752,3084.72
26753,2960.64
26754,2925.04
26755,2829.54
26756,2739.82
26757,2739.7
26758,2739.39
26759,2480.79
26760,2269.73
26761,2269.93
26762,2378.3
26763,2359.48
26764,2769.96
26765,2709.23
26766,2999.5
26767,3499.3
26768,3913.54
26769,3950.58
26770,4000.86
26771,4500.45
26772,4499.78
26773,4199.38
26774,3980.49
26775,4199.72
26776,4210.01
26777,4199.16
26778,4000.47
26779,4199.12
26780,4199.45
26781,4199.29
26782,3980.65
26783,3913.76
26784,3749.62
29665,3292.14
29666,3200.36
29667,3028.48
29668,3000.5
29669,3009.02
29670,2999.2
29671,2749.6
29672,2683.33
29673,2539.66
29674,2539.86
29675,2539.42
29676,2539.12
29677,2378.75
29678,2259.89
29679,2259.43
29680,2259.11
29681,2249.99
29682,2259.0
29683,2250.03
29684,2249.62
29685,2249.68
29686,2249.14
29687,2249.54
29688,2249.04
29689,2200.63
29690,2169.98
29691,2169.89
29692,2169.66
29693,2049.62
29694,2049.33
29695,2049.49
29696,2049.35
29697,2000.78
29698,2000.88
29699,2049.56
29700,2049.55
29701,1989.84
29702,2099.14
29703,2099.67
29704,2179.91
29705,2249.06
29706,2249.35
29707,2249.49
29708,2249.66
29709,2279.03
29710,2279.7
29711,2279.41
29712,2249.84
29713,2467.32
29714,2800.02
29715,2927.67
29716,3000.41
29717,2940.4
29718,3000.03
29719,3112.02
29720,3269.47
29721,3293.02
29722,3299.41
29723,3300.95
29724,3349.61
29725,3499.47
29726,3500.81
29727,3499.6
29728,3450.28
29729,3439.67
29730,3450.72
29731,3430.59
29732,3291.68
29733,3291.66
29734,2960.7
29735,2460.46
29736,2249.69
29737,2249.85
29738,2259.8
29739,3028.53
29740,3461.1
29741,3200.34
29742,3461.43
29743,3499.67
29744,3512.35
29745,3680.4
29746,3512.81
29747,3510.65
29748,3492.87
29749,3719.75
29750,3499.77
29751,3468.32
29752,3468.4
29753,3461.45
29754,3461.16
29755,3450.61
29756,3297.09
29757,3461.94
29758,3461.37
29759,3450.05
29760,3294.05
32545,3836.61
32546,3546.63
32547,3460.19
32548,3358.64
32549,3294.67
32550,3252.88
32551,3294.64
32552,3291.05
32553,3252.99
32554,3253.82
32555,3076.67
32556,3028.51
32557,2953.0
32558,2885.52
32559,2800.55
32560,2699.95
32561,2630.18
32562,2467.19
32563,2249.99
32564,2249.58
32565,2249.42
32566,2209.75
32567,2249.17
32568,2249.11
32569,2249.42
32570,2249.37
32571,2249.44
32572,2249.28
32573,2219.48
32574,2219.67
32575,2185.03
32576,2170.77
32577,2049.81
32578,2169.05
32579,2169.35
32580,2169.7
32581,2249.61
32582,2249.88
32583,2350.05
32584,2403.35
32585,2438.4
32586,2438.4
32587,2550.02
32588,2499.21
32589,2458.98
32590,2499.76
32591,2701.38
32592,2499.2
32593,2702.22
32594,2882.9
32595,2706.32
32596,2706.32
32597,2702.35
32598,2580.64
32599,2709.68
32600,2800.58
32601,3089.7
32602,3291.65
32603,3295.28
32604,3298.91
32605,3299.65
32606,3450.4
32607,3300.73
32608,3296.3
32609,3295.75
32610,3294.51
32611,3299.8
32612,3295.75
32613,3200.06
32614,2940.81
32615,2799.55
32616,2249.89
32617,2249.89
32618,2422.91
32619,2911.2
32620,3297.94
32621,3019.82
32622,3434.17
32623,3466.68
32624,4310.33
32625,4299.12
32626,4424.28
32627,4640.59
32628,4499.9
32629,4499.01
32630,4213.23
32631,4499.64
32632,4499.96
32633,3999.92
32634,4000.24
32635,4801.51
32636,4783.6
32637,4499.99
32638,4499.24
32639,4222.0
32640,3999.81
15649,3249.97
15650,3249.36
15651,3149.76
15652,3139.94
15653,2819.82
15654,3028.51
15655,3028.3
15656,3028.0
15657,2799.23
15658,2799.71
15659,2799.52
15660,2799.71
15661,2599.11
15662,2589.29
15663,2509.17
15664,2500.23
15665,2249.06
15666,2249.05
15667,2199.61
15668,2099.79
15669,2199.13
15670,2189.02
15671,2159.84
15672,2159.98
15673,2216.06
15674,2189.35
15675,2174.69
15676,2159.07
15677,2099.7
15678,2099.7
15679,2104.78
15680,2159.29
15681,2079.14
15682,2079.45
15683,2079.66
15684,2079.35
15685,2099.78
15686,2180.83
15687,2159.82
15688,2189.82
15689,2249.24
15690,2249.21
15691,2249.4
15692,2249.62
15693,2269.97
15694,2309.39
15695,2309.69
15696,2309.88
15697,2389.79
15698,2389.96
15699,2389.65
15700,2389.64
15701,2379.7
15702,2388.83
15703,2509.03
15704,2509.93
15705,2809.22
15706,2820.0
15707,3252.7
15708,3294.64
15709,3293.97
15710,3295.32
15711,3294.31
15712,3291.88
15713,3292.19
15714,3291.77
15715,2949.61
15716,2910.92
15717,2949.34
15718,2580.62
15719,2580.79
15720,2456.58
15721,2332.34
15722,2456.09
15723,2794.85
15724,2949.71
15725,2913.85
15726,3295.74
15727,3312.85
15728,3598.45
15729,4140.83
15730,4499.32
15731,4800.44
15732,4681.36
15733,4500.34
15734,4499.34
15735,4499.91
15736,4570.18
15737,5000.03
15738,4589.78
15739,4249.53
15740,4140.3
15741,3957.93
15742,3461.7
15743,3299.59
15744,3295.13
15745,3909.85
15746,3749.34
15747,3599.82
15748,3599.57
15749,3599.4
15750,3599.01
15751,3450.4
15752,3271.4
15753,3313.02
15754,3310.79
15755,3252.18
15756,3310.53
15757,3112.67
15758,3112.11
15759,3109.96
15760,3000.44
15761,2914.39
15762,2838.39
15763,2779.82
15764,2249.99
15765,2249.79
15766,2249.17
15767,2209.82
15768,2209.62
15769,2448.24
15770,2328.72
15771,2448.4
15772,2340.12
15773,2279.9
15774,2279.59
15775,2209.62
15776,2209.97
15777,2209.47
15778,2249.01
15779,2249.13
15780,2249.31
15781,2249.18
15782,2249.38
15783,2249.37
15784,2249.37
15785,2249.86
15786,2249.98
15787,2279.65
15788,2279.38
15789,2315.07
15790,2544.1
15791,3009.06
15792,3089.48
15793,2568.59
15794,3020.89
15795,2700.75
15796,2780.98
15797,2545.52
15798,2546.83
15799,2598.19
15800,2800.88
15801,2619.93
15802,2960.53
15803,3192.46
15804,3211.68
15805,3211.78
15806,3357.23
15807,3357.4
15808,3357.61
15809,3400.85
15810,3410.02
15811,3211.04
15812,3200.03
15813,3252.03
15814,3112.7
15815,3009.98
15816,2399.82
15817,2419.89
15818,2858.11
15819,3222.82
15820,3452.87
15821,3400.61
15822,3599.06
15823,3599.47
15824,4000.47
15825,4499.48
15826,4499.85
15827,4589.76
15828,4499.9
15829,4850.12
15830,4699.8
15831,5100.58
15832,5000.7
15833,4499.21
15834,4499.51
15835,4802.96
15836,4589.6
15837,4821.64
15838,4812.58
15839,4499.92
15840,4249.48
15841,5000.44
15842,4821.7
15843,4400.0
15844,4155.2
15845,4360.0
15846,4140.27
15847,3930.9
15848,3788.87
15849,3800.95
15850,3749.41
15851,3600.05
15852,3749.46
15853,3730.47
15854,3536.99
15855,3437.76
15856,3265.28
15857,2899.83
15858,2899.97
15859,2862.65
15860,2837.4
15861,2650.23
15862,2449.0
15863,2249.65
15864,2248.93
15865,2700.25
15866,2940.99
15867,3400.79
15868,3200.52
15869,2460.25
15870,2249.81
15871,2149.99
15872,2169.04
15873,2149.8
15874,2149.53
15875,2199.13
15876,2199.37
15877,2199.74
15878,2209.3
15879,2209.86
15880,2249.09
15881,2249.18
15882,2249.42
15883,2249.39
15884,2249.55
15885,2249.66
15886,2249.72
15887,2709.08
15888,2709.29
15889,2399.87
15890,2399.78
15891,2456.81
15892,2453.21
15893,2369.68
15894,2369.3
15895,2369.81
15896,2559.7
15897,2539.88
15898,2579.14
15899,2998.18
15900,3250.69
15901,3300.72
15902,3357.49
15903,3300.66
15904,3400.96
15905,3532.0
15906,3521.64
15907,3300.07
15908,3089.55
15909,3009.4
15910,2960.61
15911,2799.26
15912,2249.87
15913,2249.75
15914,2836.62
15915,3480.77
15916,3782.01
15917,3564.57
15918,3999.19
15919,4589.82
15920,5629.74
15921,5912.4
15922,5663.5
15923,5999.98
15924,5999.44
15925,5544.4
15926,5071.0
15927,5100.91
15928,5249.44
15929,5067.2
15930,5900.7
15931,5900.67
15932,5900.78
15933,5182.0
15934,5100.85
15935,5000.37
15936,4768.8
15937,6300.48
15938,6100.57
15939,5700.43
15940,5700.29
15941,5700.21
15942,5400.02
15943,5200.04
15944,4512.31
15945,4009.38
15946,3989.79
15947,3981.18
15948,3989.74
15949,3989.83
15950,3787.48
15951,3461.57
15952,3419.17
15953,3403.34
15954,3450.41
15955,3275.72
15956,3250.49
15957,3461.4
15958,3457.61
15959,3500.06
15960,3500.12
15961,3617.72
15962,3617.38
15963,3617.89
15964,3521.41
15965,3139.87
15966,3050.18
15967,3131.0
15968,2296.17
15969,2249.16
15970,2248.82
15971,2219.41
15972,2219.52
15973,2199.98
15974,2199.86
15975,2249.08
15976,2249.22
15977,2249.69
15978,2249.99
15979,2249.42
15980,2249.75
15981,2249.76
15982,2249.96
15983,2249.94
15984,2448.36
15985,2259.97
15986,2305.41
15987,2330.82
15988,2357.87
15989,2249.89
15990,2249.75
15991,2249.85
15992,2250.31
15993,2379.16
15994,2550.37
15995,3199.18
15996,3199.9
15997,3461.43
15998,3300.62
15999,3250.14
16000,3199.83
16001,3461.89
16002,3400.77
16003,3598.28
16004,3500.8
16005,3499.09
16006,3461.61
16007,3250.56
16008,2750.99
16009,2249.29
16010,2600.91
16011,3440.03
16012,3781.61
16013,3500.31
16014,3911.08
16015,4469.79
16016,5072.28
16017,5954.8
16018,6004.98
16019,7078.53
16020,6562.0
16021,5822.0
16022,5049.77
16023,6592.71
16024,6773.14
16025,5999.87
16026,6063.0
16027,6807.82
16028,6575.09
16029,5999.2
16030,5250.98
16031,5000.46
16032,4749.93
16033,6257.6
16034,5999.2
16035,5000.53
16036,4099.19
16037,4099.49
16038,3598.74
16039,4099.08
16040,4055.29
16041,4089.47
16042,4090.8
16043,3712.89
16044,3909.1
16045,3598.74
16046,3598.95
16047,3598.33
16048,3540.37
16049,3514.31
16050,3481.83
16051,3469.84
16052,3099.87
16053,3310.9
16054,3000.42
16055,2899.7
16056,2899.43
16057,3199.84
16058,3300.69
16059,3400.93
16060,3019.38
16061,2509.82
16062,2509.72
16063,2339.96
16064,2249.32
16065,2189.81
16066,2189.68
16067,2079.53
16068,2079.71
16069,2079.46
16070,2079.78
16071,2079.65
16072,2079.9
16073,2139.52
16074,2169.47
16075,2179.4
16076,2180.02
16077,2189.65
16078,2189.79
16079,2249.06
16080,2249.02
16081,2249.13
16082,2249.26
16083,2249.29
16084,2249.36
16085,2249.53
16086,2249.49
16087,2249.61
16088,2249.74
16089,2249.98
16090,2357.41
16091,2519.06
16092,2580.23
16093,2900.07
16094,2800.9
16095,2699.93
16096,2669.98
16097,2699.76
16098,2669.77
16099,2579.37
16100,2569.76
16101,2549.95
16102,2549.76
16103,2459.65
16104,2249.15
16105,2139.69
16106,2179.51
16107,2809.43
16108,2829.99
16109,2819.98
16110,3598.06
16111,4009.91
16112,4600.59
16113,5000.05
16114,5000.44
16115,4899.63
16116,4899.25
16117,4606.15
16118,4600.75
16119,4900.39
16120,4899.94
16121,4601.16
16122,4669.36
16123,6090.6
16124,6140.4
16125,5388.5
16126,5084.0
16127,5000.06
16128,4747.0
16129,4860.29
16130,4799.46
16131,4199.97
16132,4050.44
16133,3598.46
16134,3598.13
16135,3506.3
16136,3441.1
16137,3249.34
16138,3249.09
16139,3019.89
16140,3029.05
16141,2869.97
16142,2869.56
16143,2869.11
16144,2859.91
16145,2729.96
16146,2729.8
16147,2739.14
16148,2729.47
16149,3400.93
16150,2869.75
16151,2869.04
16152,2750.51
16153,3441.47
16154,3525.47
16155,3649.28
16156,3544.3
16157,3445.93
16158,3250.17
16159,2969.66
16160,2580.66
16161,2249.48
16162,2249.48
16163,2249.54
16164,2249.65
16165,2249.5
16166,2249.55
16167,2249.7
16168,2249.9
16169,2309.46
16170,2349.58
16171,2349.89
16172,2349.66
16173,2399.18
16174,2453.48
16175,2465.88
16176,2453.43
16177,2419.75
16178,2699.23
16179,2699.1
16180,2699.1
16181,2699.27
16182,2699.18
16183,2699.22
16184,2699.49
16185,3299.19
16186,3299.7
16187,3506.82
16188,3525.54
16189,4050.24
16190,4079.09
16191,4084.24
16192,4131.13
16193,4499.56
16194,4412.26
16195,4499.88
16196,4189.46
16197,3998.52
16198,3741.71
16199,3600.91
16200,3499.69
16201,3464.32
16202,3598.04
16203,3598.35
16204,4058.85
16205,3199.46
16206,3649.12
16207,4500.9
16208,5870.95
16209,5008.61
16210,5250.22
16211,5999.91
16212,6805.35
16213,6084.7
16214,5999.78
16215,6891.45
16216,8000.04
16217,7600.16
16218,7600.06
16219,8400.01
16220,8000.47
16221,6500.92
16222,6500.71
16223,6500.05
16224,5999.08
16225,6928.27
16226,6333.6
16227,5813.3
16228,4999.37
16229,4912.0
16230,4856.01
16231,4532.2
16232,4499.62
16233,4499.58
16234,4861.72
16235,4854.9
16236,4954.01
16237,4954.44
16238,4283.35
16239,4000.84
16240,3999.41
16241,3781.94
16242,3598.66
16243,3999.53
16244,3947.31
16245,4018.98
16246,3750.53
16247,3700.42
16248,4000.08
16249,3969.77
16250,3969.33
16251,3969.7
16252,3879.43
16253,3525.71
16254,3506.59
16255,3525.15
16256,3525.15
16257,3119.8
16258,3297.11
16259,3119.25
16260,3293.46
16261,2749.88
16262,3117.89
16263,2940.19
16264,3009.39
16265,2940.21
16266,2800.14
16267,2960.89
16268,3020.62
16269,2989.06
16270,2989.83
16271,2799.84
16272,2799.88
16273,2699.78
16274,2699.86
16275,2750.67
16276,2961.31
16277,2870.0
16278,2989.25
16279,3117.71
16280,3400.8
16281,3299.47
16282,3400.82
16283,3469.17
16284,3525.68
16285,3544.9
16286,3750.02
16287,3710.9
16288,3820.31
16289,3900.5
16290,3727.09
16291,3820.37
16292,3599.78
16293,3741.86
16294,3598.04
16295,3500.75
16296,3249.5
16297,3128.9
16298,3441.03
16299,3598.26
16300,3999.42
16301,3441.33
16302,3805.15
16303,4869.24
16304,6296.0
16305,6451.92
16306,6474.08
16307,6770.6
16308,6846.22
16309,6486.2
16310,6605.2
16311,6986.52
16312,8238.25
16313,7814.15
16314,8500.62
16315,9500.22
16316,9500.22
16317,8000.4
16318,8000.11
16319,6766.25
16320,5999.95
16321,9000.3
16322,9000.14
16323,8000.63
16324,7389.56
16325,7000.62
16326,5999.59
16327,5792.25
16328,5770.87
16329,4998.67
16330,4954.08
16331,4832.29
16332,4503.3
16333,4601.1
16334,4499.14
16335,4259.0
16336,4112.0
16337,4500.07
16338,4023.25
16339,3829.95
16340,3508.14
16341,3598.59
16342,3500.5
16343,3598.46
16344,3598.98
16345,3598.23
16346,3869.18
16347,4018.67
16348,4000.4
16349,3869.95
16350,3849.65
16351,3700.28
16352,3525.6
16353,3525.53
16354,3499.8
16355,3441.72
16356,3500.58
16357,3441.41
16358,3500.08
16359,3525.51
16360,3598.06
16361,3598.65
16362,3699.71
16363,3741.43
16364,3850.94
16365,3900.49
16366,3984.71
16367,4050.18
16368,3984.97
16369,3850.23
16370,4000.52
16371,3984.01
16372,3999.52
16373,3762.08
16374,3699.99
16375,3820.11
16376,3781.5
16377,3849.59
16378,3899.51
16379,4079.49
16380,4500.08
16381,4499.73
16382,4499.94
16383,4499.64
16384,4499.94
16385,4499.59
16386,4499.82
16387,4499.02
16388,3998.58
16389,3940.07
16390,3741.81
16391,3441.0
16392,3100.9
16393,3296.01
16394,3299.04
16395,3299.74
16396,3400.04
16397,3500.2
16398,4469.56
16399,5200.61
16400,6600.52
16401,6695.47
16402,6832.96
16403,7324.7
16404,7131.7
16405,7000.81
16406,7000.82
16407,8000.09
16408,8501.55
16409,8500.03
16410,8767.58
16411,9500.23
16412,9500.32
16413,8000.28
16414,7000.98
16415,7000.05
16416,6500.77
16417,8000.17
16418,7800.17
16419,7367.5
16420,6831.5
16421,6326.83
16422,6006.93
16423,5999.4
16424,5999.98
16425,5100.77
16426,4903.8
16427,4693.28
16428,4310.45
16429,4451.42
16430,4179.82
16431,4002.99
16432,3986.6
16433,4018.07
16434,3955.92
16435,3750.88
16436,3598.09
16437,3499.75
16438,3499.3
16439,3598.73
16440,3805.47
16441,4018.5
16442,4499.99
16443,4903.04
16444,4312.26
16445,4069.66
16446,4069.06
16447,3598.19
16448,3525.06
16449,3525.28
16450,3500.4
16451,3439.77
16452,3472.75
16453,3400.22
16454,3441.39
16455,3598.38
16456,3867.39
16457,3749.57
16458,3900.7
16459,4100.58
16460,4499.71
16461,4499.64
16462,4500.61
16463,4903.4
16464,4903.72
16465,4700.06
16466,4903.96
16467,4903.27
16468,4903.26
16469,4202.5
16470,4412.21
16471,4500.16
16472,4800.53
16473,5200.87
16474,5400.72
16475,5999.01
16476,6000.76
16477,5999.78
16478,5999.43
16479,6000.1
16480,5999.98
16481,5999.8
16482,5500.74
16483,5000.41
16484,4500.08
16485,4500.1
16486,3999.49
16487,3441.9
16488,3099.25
16489,3299.25
16490,3234.69
16491,3598.14
16492,3860.37
16493,3968.36
16494,4808.24
16495,6000.09
16496,7000.15
16497,7067.48
16498,7211.69
16499,7703.29
16500,7633.29
16501,7489.14
16502,7857.86
16503,8379.05
16504,8899.98
16505,9000.55
16506,9500.17
16507,9828.65
16508,9845.15
16509,9500.42
16510,9500.22
16511,8500.81
16512,8000.22
16513,9500.92
16514,9500.62
16515,8678.34
16516,8396.28
16517,7913.37
16518,7100.64
16519,7000.96
16520,7000.86
16521,6200.54
16522,6000.16
16523,5750.17
16524,5196.67
16525,5702.4
16526,5346.5
16527,5100.47
16528,5010.2
16529,4903.01
16530,4602.0
16531,4561.54
16532,4903.01
16533,4499.5
16534,4500.93
16535,4638.6
16536,4150.38
16537,4469.73
16538,4500.55
16539,5900.65
16540,5300.61
16541,5092.47
16542,5091.35
16543,4469.82
16544,4200.5
16545,3902.95
16546,3902.42
16547,3750.25
16548,3598.63
16549,3730.94
16550,3800.6
16551,4030.61
16552,4419.33
16553,4199.81
16554,4242.4
16555,4199.47
16556,4499.7
16557,4500.95
16558,4799.03
16559,4799.34
16560,4799.76
16561,4500.97
16562,4999.14
16563,4644.4
16564,4716.4
16565,4499.99
16566,4674.0
16567,4699.64
16568,4903.12
16569,5499.58
16570,5999.45
16571,7000.9
16572,7500.36
16573,6470.2
16574,6501.0
16575,6501.1
16576,6127.73
16577,6874.6
16578,6554.8
16579,5572.8
16580,4903.63
16581,4500.8
16582,4500.47
16583,3750.73
16584,3300.12
16585,3598.28
16586,3500.99
16587,3989.69
16588,4500.5
16589,4500.19
16590,5411.0
16591,7047.4
16592,8015.62
16593,8500.07
16594,8500.3
16595,8790.8
16596,8730.47
16597,8593.51
16598,8952.67
16599,9475.19
16600,9944.55
16601,10042.52
16602,10553.59
16603,10893.49
16604,10911.49
16605,10553.76
16606,10549.8
16607,9541.15
16608,9050.34
16609,8500.62
16610,7993.58
16611,7990.25
16612,7991.48
16613,8500.07
16614,7913.39
16615,7913.1
16616,7913.21
16617,7335.66
16618,7341.03
16619,7405.43
16620,7390.12
16621,7327.96
16622,7000.14
16623,7000.21
16624,7000.28
16625,6500.75
16626,6500.11
16627,6500.16
16628,6500.28
16629,6000.27
16630,6000.32
16631,5927.52
16632,5710.44
16633,5622.48
16634,5700.25
16635,6500.15
16636,6500.06
16637,4499.43
16638,4499.79
16639,4500.22
16640,4018.35
16641,4200.5
16642,4499.18
16643,3902.78
16644,3999.53
16645,3940.95
16646,4099.85
16647,4099.02
16648,4099.87
16649,5181.52
16650,5500.07
16651,5500.17
16652,6000.24
16653,6000.2
16654,6000.25
16655,6500.41
16656,6500.41
16657,6500.54
16658,6500.6
16659,6500.65
16660,6500.67
16661,6000.64
16662,6000.44
16663,6000.41
16664,6500.59
16665,6500.09
16666,6582.5
16667,7243.9
16668,7417.3
16669,7260.79
16670,7365.46
16671,7335.97
16672,7913.61
16673,8000.17
16674,8000.17
16675,6500.92
16676,6000.79
16677,6000.77
16678,5500.85
16679,5500.46
16680,5000.29
16681,9500.27
16682,9500.03
16683,8678.07
16684,5500.68
16685,5664.06
16686,7000.04
16687,8211.77
16688,8500.61
16689,9500.58
16690,9500.52
16691,9500.19
16692,9500.12
16693,8678.59
16694,8500.58
16695,8500.86
16696,8500.58
16697,8678.4
16698,8678.61
16699,8678.82
16700,9500.02
16701,8500.94
16702,8500.9
16703,8500.2
16704,8000.17
16705,8500.88
16706,8500.6
16707,8500.28
16708,8500.14
16709,7722.35
16710,7678.57
16711,7654.01
16712,7689.49
16713,7723.98
16714,7712.8
16715,7732.9
16716,7722.4
16717,7739.23
16718,7476.47
16719,7446.35
16720,7394.62
16721,6500.69
16722,6500.73
16723,6500.09
16724,4750.8
16725,3122.65
16726,2659.35
16727,2669.26
16728,2659.4
16729,2429.31
16730,2654.81
16731,2719.35
16732,2679.7
16733,2869.54
16734,2869.67
16735,2319.83
16736,2319.21
16737,2269.23
16738,2269.12
16739,2269.59
16740,2269.5
16741,2229.52
16742,2229.68
16743,2600.0
16744,2755.19
16745,2700.19
16746,2800.77
16747,2849.18
16748,2849.29
16749,2849.38
16750,2849.49
16751,2249.53
16752,2249.55
16753,2249.69
16754,2649.69
16755,2649.72
16756,2649.6
16757,2429.79
16758,2659.39
16759,2659.47
16760,2969.39
16761,2969.45
16762,2969.61
16763,2979.11
16764,2979.13
16765,2979.16
16766,2979.09
16767,2969.61
16768,2969.56
16769,2960.97
16770,2459.53
16771,2396.21
16772,2359.3
16773,2319.46
16774,2316.3
16775,2269.76
16776,2269.47
16777,2879.87
16778,2879.02
16779,2839.12
16780,2969.11
16781,2969.15
16782,2989.64
16783,3800.27
16784,4750.16
16785,3902.73
16786,7479.0
16787,7525.3
16788,7495.3
16789,7418.2
16790,7501.2
16791,7542.7
16792,7582.7
16793,8415.0
16794,8508.75
16795,8176.0
16796,8263.5
16797,8028.1
16798,7913.02
16799,7000.81
16800,7000.43
16801,7903.25
16802,7644.53
16803,7387.2
16804,7255.93
16805,7717.62
16806,7596.88
16807,5924.62
16808,5949.27
16809,7000.15
16810,7000.06
16811,7000.22
16812,6500.04
16813,7000.44
16814,5398.5
16815,5408.74
16816,5111.48
16817,3988.71
16818,4130.28
16819,4280.83
16820,4374.65
16821,4350.46
16822,3902.35
16823,3169.89
16824,3169.78
16825,3134.15
16826,3169.37
16827,3249.4
16828,3249.35
16829,3169.7
16830,3123.1
16831,2879.68
16832,2879.41
16833,3169.37
16834,3500.34
16835,3521.18
16836,3521.19
16837,3532.39
16838,3705.69
16839,3863.23
16840,3902.71
16841,3966.46
16842,5500.91
16843,7000.05
16844,7000.28
16845,6000.46
16846,6000.22
16847,6500.19
16848,6500.18
16849,6500.34
16850,6500.81
16851,6500.95
16852,7000.37
16853,7000.38
16854,6000.56
16855,6000.48
16856,6500.82
16857,7000.96
16858,7903.33
16859,8667.72
16860,9500.06
16861,8667.49
16862,8667.81
16863,9500.04
16864,9500.19
16865,9500.3
16866,9500.14
16867,9500.01
16868,7000.99
16869,6000.04
16870,5500.05
16871,4469.71
16872,3994.11
16873,4469.19
16874,3784.36
16875,3267.52
16876,3499.27
16877,3750.94
16878,4499.49
16879,4999.55
16880,5999.52
16881,6445.73
16882,7727.76
16883,7849.43
16884,7903.47
16885,7471.19
16886,7895.7
16887,7903.33
16888,8500.75
16889,8667.04
16890,9500.17
16891,9500.23
16892,9500.22
16893,8667.72
16894,8667.25
16895,8500.79
16896,8500.36
16897,5399.57
16898,5263.96
16899,4500.94
16900,4500.06
16901,4172.72
16902,3982.78
16903,4010.35
16904,4002.6
16905,3978.14
16906,3961.12
16907,3936.69
16908,3853.31
16909,4007.37
16910,4006.73
16911,3955.74
16912,3935.15
16913,3474.46
16914,3473.57
16915,3232.29
16916,3237.65
16917,2733.79
16918,2735.26
16919,2932.58
16920,3109.22
16921,3109.61
16922,3689.54
16923,3689.26
16924,3170.31
16925,2889.45
16926,2879.92
16927,2859.39
16928,2859.3
16929,2859.89
16930,3521.12
16931,3200.32
16932,3200.71
16933,3473.27
16934,3521.13
16935,3521.69
16936,3521.96
16937,3521.18
16938,3606.86
16939,3682.42
16940,3723.24
16941,3461.17
16942,3274.26
16943,3473.08
16944,3466.09
16945,3893.73
16946,3873.84
16947,3871.43
16948,3855.54
16949,3909.03
16950,3790.33
16951,3834.37
16952,3896.6
16953,3968.03
16954,3974.9
16955,4007.64
16956,4215.68
16957,4500.63
16958,4500.14
16959,4245.49
16960,4200.15
16961,5469.38
16962,5189.38
16963,5069.01
16964,4314.62
16965,3889.82
16966,3749.56
16967,3220.69
16968,3109.21
16969,3474.91
16970,3236.49
16971,3109.81
16972,3109.97
16973,3109.01
16974,3499.2
16975,4000.79
16976,4150.26
16977,4499.48
16978,5947.2
16979,6227.65
16980,6282.35
16981,5996.28
16982,6102.02
16983,6195.71
16984,6391.21
16985,7000.03
16986,8667.8
16987,9500.03
16988,9500.08
16989,8500.5
16990,8500.35
16991,8500.16
16992,7903.96
16993,5940.08
16994,5073.52
16995,4500.09
16996,4058.18
16997,3873.29
16998,3479.99
16999,3225.45
17000,3160.89
17001,2735.53
17002,2732.18
17003,2644.09
17004,2590.87
17005,2734.52
17006,2569.52
17007,2507.21
17008,2448.61
17009,2020.5
17010,2222.05
17011,2319.79
17012,2332.84
17013,2413.35
17014,2448.72
17015,2488.2
17016,2558.94
17017,2859.39
17018,2859.92
17019,3170.32
17020,3109.67
17021,3128.77
17022,3109.26
17023,2499.24
17024,2489.74
17025,2489.17
17026,2489.3
17027,2448.49
17028,2448.72
17029,3124.1
17030,3150.12
17031,3128.55
17032,3164.59
17033,3125.4
17034,3108.49
17035,3132.14
17036,3150.59
17037,2734.01
17038,2734.85
17039,2735.95
17040,3150.53
17041,3196.36
17042,3227.17
17043,3228.44
17044,3250.88
17045,3241.1
17046,3237.53
17047,3244.21
17048,3474.21
17049,3537.14
17050,3740.05
17051,3847.4
17052,3866.51
17053,3926.95
17054,3934.53
17055,3904.17
17056,3849.77
17057,4469.25
17058,3867.43
17059,3849.7
17060,3795.11
17061,3329.86
17062,3160.46
17063,3172.9
17064,2940.57
17065,3170.87
17066,3109.84
17067,3459.19
17068,3459.51
17069,3270.7
17070,3849.13
17071,4207.06
17072,4499.16
17073,4410.41
17074,4878.7
17075,5743.78
17076,5893.89
17077,5621.71
17078,5634.99
17079,5731.96
17080,5757.33
17081,6074.34
17082,7000.9
17083,7903.01
17084,7000.73
17085,6237.77
17086,6092.42
17087,6040.85
17088,4500.9
17089,3474.44
17090,3473.26
17091,3400.63
17092,3100.04
17093,3299.41
17094,3000.52
17095,2750.17
17096,2700.27
17097,3165.13
17098,3066.68
17099,2735.46
17100,2723.45
17101,2733.5
17102,2641.0
17103,2578.18
17104,2564.93
17105,2380.61
17106,2300.21
17107,2299.34
17108,2400.32
17109,2576.25
17110,2585.71
17111,2735.82
17112,2859.92
17113,3109.89
17114,3178.95
17115,3234.03
17116,3262.83
17117,3217.65
17118,3203.67
17119,2859.33
17120,2629.09
17121,2299.31
17122,2299.38
17123,2299.66
17124,2398.9
17125,2398.65
17126,2574.43
17127,2732.63
17128,2968.01
17129,2734.4
17130,2751.0
17131,2960.55
17132,3026.49
17133,2880.0
17134,2960.08
17135,2733.54
17136,2735.78
17137,2732.13
17138,2800.67
17139,2735.43
17140,2700.33
17141,2591.33
17142,2580.7
17143,2581.93
17144,2591.23
17145,2623.06
17146,2577.98
17147,2799.31
17148,2799.54
17149,2799.54
17150,2769.93
17151,2769.37
17152,2580.47
17153,2806.75
17154,2853.87
17155,2799.55
17156,2799.19
17157,2799.61
17158,2769.84
17159,2799.55
17160,2600.09
17161,2589.29
17162,2809.84
17163,3049.23
17164,3069.63
17165,3109.93
17166,3499.42
17167,3832.85
17168,3999.41
17169,3861.4
17170,4149.36
17171,4200.01
17172,4150.15
17173,3989.15
17174,3832.97
17175,3989.52
17176,4200.09
17177,4120.01
17178,4120.54
17179,4150.08
17180,3989.01
17181,3599.26
17182,3500.33
17183,3499.57
17184,3499.22
17185,3799.61
17186,3799.1
17187,3463.31
17188,3301.87
17189,3270.31
17190,3251.24
17191,3224.23
17192,3109.53
17193,3000.19
17194,2750.74
17195,2650.4
17196,2646.62
17197,2561.18
17198,2550.66
17199,2520.58
17200,2460.02
17201,2379.61
17202,2249.74
17203,2249.39
17204,2249.41
17205,2329.11
17206,2329.01
17207,2319.43
17208,2319.2
17209,2699.94
17210,2719.77
17211,2739.0
17212,2739.52
17213,2739.71
17214,2739.66
17215,2429.21
17216,2529.21
17217,2243.35
17218,2456.93
17219,2551.87
17220,2733.06
17221,2715.76
17222,2735.43
17223,3143.48
17224,3155.48
17225,3123.45
17226,3128.62
17227,3177.9
17228,3229.6
17229,3200.89
17230,3205.29
17231,3203.76
17232,3206.14
17233,3128.58
17234,3168.76
17235,3170.34
17236,3208.48
17237,3139.33
17238,3002.12
17239,3000.37
17240,3187.14
17241,3231.18
17242,3236.94
17243,3250.54
17244,3262.58
17245,3238.0
17246,3240.99
17247,3218.1
17248,3207.95
17249,3262.26
17250,3473.12
17251,3473.4
17252,3272.58
17253,3243.16
17254,3236.12
17255,3198.9
17256,3129.9
17257,3109.54
17258,3109.16
17259,3150.07
17260,3270.33
17261,3469.37
17262,3749.68
17263,3811.63
17264,3999.05
17265,4150.17
17266,4200.24
17267,4200.82
17268,4150.93
17269,4000.05
17270,3999.66
17271,3999.55
17272,3989.95
17273,3999.42
17274,4089.3
17275,4150.54
17276,4150.15
17277,3989.66
17278,3799.98
17279,3743.5
17280,3599.09
17281,3499.56
17282,3474.17
17283,3299.95
17284,3176.67
17285,3000.92
17286,2809.4
17287,2759.62
17288,2589.72
17289,2539.81
17290,2462.47
17291,2399.58
17292,2399.05
17293,2319.7
17294,2319.52
17295,2377.67
17296,2252.51
17297,2249.81
17298,2222.6
17299,2249.82
17300,2249.11
17301,2229.82
17302,2180.64
17303,2229.43
17304,2229.92
17305,2329.01
17306,2410.26
17307,2556.82
17308,2512.17
17309,2536.11
17310,2551.81
17311,2481.51
17312,2425.6
17313,2229.71
17314,2249.35
17315,2297.4
17316,2380.33
17317,2398.45
17318,2469.36
17319,2562.02
17320,2650.01
17321,2589.55
17322,2696.45
17323,2586.49
17324,2732.57
17325,2734.61
17326,2900.32
17327,3000.15
17328,3000.33
17329,2695.41
17330,2734.88
17331,2739.5
17332,2960.27
17333,2693.92
17334,2595.67
17335,2587.18
17336,2600.7
17337,2734.46
17338,2589.82
17339,2735.63
17340,2913.43
17341,2735.97
17342,2733.02
17343,2569.57
17344,2583.98
17345,2810.02
17346,2647.4
17347,2587.89
17348,2552.63
17349,2375.6
17350,2420.01
17351,2169.97
17352,2169.19
17353,2249.43
17354,2468.11
17355,2733.49
17356,3458.45
17357,3500.58
17358,4133.17
17359,4500.48
17360,4700.2
17361,4600.68
17362,4600.48
17363,4800.8
17364,4507.52
17365,3884.97
17366,3999.7
17367,4000.23
17368,3989.45
17369,3539.07
17370,3499.01
17371,3474.68
17372,3458.96
17373,3175.14
17374,3149.82
17375,3122.37
17376,2989.88
577,3749.55
578,3749.71
579,3749.72
580,3474.84
581,3427.4
582,3259.98
583,3232.52
584,3009.92
585,2732.67
586,2650.98
587,2626.78
588,2593.14
589,2576.23
590,2570.62
591,2557.0
592,2478.6
593,2502.63
594,2460.2
595,2411.28
596,2337.74
597,2415.8
598,2388.02
599,2418.77
600,2499.88
601,2539.75
602,2582.53
603,2800.52
604,2650.07
605,2595.8
606,2650.14
607,2474.26
608,2478.46
609,2339.82
610,2389.2
611,2339.82
612,2339.66
613,2279.81
614,2339.14
615,2339.51
616,2339.23
617,2279.75
618,2339.09
619,2339.67
620,2339.53
621,2339.69
622,2389.13
623,2429.03
624,2467.25
625,2391.91
626,2389.8
627,2389.48
628,2389.28
629,2339.59
630,2339.74
631,2339.04
632,2339.14
633,2374.31
634,2396.38
635,2435.21
636,2453.12
637,2732.9
638,2596.83
639,2590.0
640,2578.04
641,2590.23
642,2499.07
643,2494.63
644,2469.03
645,2429.16
646,2409.35
647,2366.11
648,2360.49
649,2417.9
650,2469.99
651,2582.67
652,2919.87
653,3194.19
654,3749.38
655,3799.02
656,4200.77
657,4800.28
658,5000.11
659,5118.05
660,4901.88
661,4250.93
662,4250.27
663,4250.1
664,4200.9
665,4000.74
666,4119.24
667,4000.18
668,3799.61
669,3599.98
670,3599.71
671,3458.38
672,3449.66
3553,4896.27
3554,4499.63
3555,4150.07
3556,3799.88
3557,3802.77
3558,3799.11
3559,3400.67
3560,3165.6
3561,3234.66
3562,3198.67
3563,3084.58
3564,2800.43
3565,2733.7
3566,2732.14
3567,2735.92
3568,2739.51
3569,3150.91
3570,3128.78
3571,3150.71
3572,3128.01
3573,3000.97
3574,3093.78
3575,3000.08
3576,3100.81
3577,3262.84
3578,3379.09
3579,3500.75
3580,3447.46
3581,3442.95
3582,3442.13
3583,3249.2
3584,3230.52
3585,3000.62
3586,3043.96
3587,3143.81
3588,3100.02
3589,2779.39
3590,2779.96
3591,2940.6
3592,2940.85
3593,2810.05
3594,2825.71
3595,3000.07
3596,3000.9
3597,3043.19
3598,3177.67
3599,3200.04
3600,3200.18
3601,3190.48
3602,3184.24
3603,3228.86
3604,3043.69
3605,2769.26
3606,2750.45
3607,2749.82
3608,2779.26
3609,2779.57
3610,3043.04
3611,3166.57
3612,3228.35
3613,3259.96
3614,3332.6
3615,3262.53
3616,3260.87
3617,3206.65
3618,3198.33
3619,3100.23
3620,2790.67
3621,2769.05
3622,2739.88
3623,2732.88
3624,2739.08
3625,2739.4
3626,2739.65
3627,2779.29
3628,3238.04
3629,3474.76
3630,4500.91
3631,5200.52
3632,5999.7
3633,6510.95
3634,6516.24
3635,6500.77
3636,6500.48
3637,5859.23
3638,5728.76
3639,5941.56
3640,5393.3
3641,5425.39
3642,5500.17
3643,5044.33
3644,4896.15
3645,4800.12
3646,4800.91
3647,4294.59
3648,4150.49
6241,4250.83
6242,4199.41
6243,3989.88
6244,3989.28
6245,3799.49
6246,3492.53
6247,3299.66
6248,3249.09
6249,3128.55
6250,2989.09
6251,2808.36
6252,2779.02
6253,2560.05
6254,2508.91
6255,2448.64
6256,2436.63
6257,2448.96
6258,2448.13
6259,2382.81
6260,2372.73
6261,2455.16
6262,2500.17
6263,2700.07
6264,2734.34
6265,3000.85
6266,3109.72
6267,3200.31
6268,3149.02
6269,3199.3
6270,3172.48
6271,2819.74
6272,2799.69
6273,2506.68
6274,2596.39
6275,2732.27
6276,2734.3
6277,2575.72
6278,2625.75
6279,2738.62
6280,2779.72
6281,2590.67
6282,2700.52
6283,2779.5
6284,2799.0
6285,2779.9
6286,2799.04
6287,2819.28
6288,2819.47
6289,2819.01
6290,2810.25
6291,2819.06
6292,2799.94
6293,2779.46
6294,2779.23
6295,2779.23
6296,2779.65
6297,2779.88
6298,2799.49
6299,2799.6
6300,2819.69
6301,2849.73
6302,2849.83
6303,2859.51
6304,2859.47
6305,3242.84
6306,3200.05
6307,3190.19
6308,3232.36
6309,3195.14
6310,2859.97
6311,2859.4
6312,2859.05
6313,3000.57
6314,3157.17
6315,3255.92
6316,3384.7
6317,3730.55
6318,4896.18
6319,5450.01
6320,5999.65
6321,6850.72
6322,7528.71
6323,7513.56
6324,7508.71
6325,6217.7
6326,6735.33
6327,5999.82
6328,5999.78
6329,6479.28
6330,6565.0
6331,6082.29
6332,6112.09
6333,5999.43
6334,5905.88
6335,4896.4
6336,4117.48
9217,3600.64
9218,3512.09
9219,3467.78
9220,3467.43
9221,3467.72
9222,3399.54
9223,2853.15
9224,2572.09
9225,2500.99
9226,2348.24
9227,2304.16
9228,2249.02
9229,2241.91
9230,2243.75
9231,2047.67
9232,2008.02
9233,2087.83
9234,1960.72
9235,1885.96
9236,1867.51
9237,1847.9
9238,1799.87
9239,1800.91
9240,1805.97
9241,2168.76
9242,2329.19
9243,2336.27
9244,2329.15
9245,2348.21
9246,2232.72
9247,2034.48
9248,1866.91
9249,1825.83
9250,1910.23
9251,2002.45
9252,2168.35
9253,2249.56
9254,2348.37
9255,2570.0
9256,2700.43
9257,2405.23
9258,2586.87
9259,2735.44
9260,2810.34
9261,2935.39
9262,3039.04
9263,3040.0
9264,3039.31
9265,3020.46
9266,3029.07
9267,3029.52
9268,2960.18
9269,2732.34
9270,2580.76
9271,2606.46
9272,2735.9
9273,2960.32
9274,3039.43
9275,3043.48
9276,3150.79
9277,3204.95
9278,3211.05
9279,3221.55
9280,3214.14
9281,3269.51
9282,3400.71
9283,3256.14
9284,3157.5
9285,3089.03
9286,3029.39
9287,2859.12
9288,2760.92
9289,3039.17
9290,3089.23
9291,3189.76
9292,3467.37
9293,3539.29
9294,4150.32
9295,4689.76
9296,4999.28
9297,5533.04
9298,5999.08
9299,5349.55
9300,4999.4
9301,4500.33
9302,4600.36
9303,4670.0
9304,4690.0
9305,4117.4
9306,4200.73
9307,4499.79
9308,4689.37
9309,3799.42
9310,3799.24
9311,3699.82
9312,3699.21
12097,3300.83
12098,3300.18
12099,3128.75
12100,2999.54
12101,2853.24
12102,2650.76
12103,2250.19
12104,1999.27
12105,2239.39
12106,2348.23
12107,2231.63
12108,2070.84
12109,1816.79
12110,1800.94
12111,1799.32
12112,1799.27
12113,1799.76
12114,1799.37
12115,1791.9
12116,1796.0
12117,1799.04
12118,1800.14
12119,1810.38
12120,1899.22
12121,2421.27
12122,2529.94
12123,2800.63
12124,2348.98
12125,2402.0
12126,2200.18
12127,2189.42
12128,2168.09
12129,2189.58
12130,2339.52
12131,2348.51
12132,2348.57
12133,2249.73
12134,2249.79
12135,2365.91
12136,2400.91
12137,2249.57
12138,2249.72
12139,2249.9
12140,2328.32
12141,2437.83
12142,2500.64
12143,2653.05
12144,2647.65
12145,2731.8
12146,2647.75
12147,2447.76
12148,2294.26
12149,2325.09
12150,2258.26
12151,2276.34
12152,2404.38
12153,2500.87
12154,2899.45
12155,2939.02
12156,2940.15
12157,2899.45
12158,2899.8
12159,2900.39
12160,2939.2
12161,2899.37
12162,2899.83
12163,3010.5
12164,3170.96
12165,2899.63
12166,2859.14
12167,2859.35
12168,2859.47
12169,2879.79
12170,2879.9
12171,3349.69
12172,3699.27
12173,3680.38
12174,4169.26
12175,4896.53
12176,5200.39
12177,4999.98
12178,5000.14
12179,4999.34
12180,4896.73
12181,4637.2
12182,4390.3
12183,4400.68
12184,4200.47
12185,3989.37
12186,3869.09
12187,3989.33
12188,4000.52
12189,3699.66
12190,3699.42
12191,3699.06
12192,3467.38
15073,3699.0
15074,3492.37
15075,3400.91
15076,3250.6
15077,3250.19
15078,3000.92
15079,2753.93
15080,2651.2
15081,2800.08
15082,2702.17
15083,2385.38
15084,2381.16
15085,2348.16
15086,2302.01
15087,2175.81
15088,2109.62
15089,2077.83
15090,2038.33
15091,2402.38
15092,2402.08
15093,2400.95
15094,2431.69
15095,2404.35
15096,2650.16
15097,2859.89
15098,3000.23
15099,3109.07
15100,3109.55
15101,3199.78
15102,3126.3
15103,3000.49
15104,3000.2
15105,3000.88
15106,3250.53
15107,3520.18
15108,3520.88
15109,3600.04
15110,3600.17
15111,3600.29
15112,3600.67
15113,3757.8
15114,4073.42
15115,4073.7
15116,4073.43
15117,4094.89
15118,4126.09
15119,4126.21
15120,3863.6
15121,3902.73
15122,3863.9
15123,3863.55
15124,3757.94
15125,3681.85
15126,4073.16
15127,4094.61
15128,4300.06
15129,4300.41
15130,4600.36
15131,4700.49
15132,4700.58
15133,4700.66
15134,4700.73
15135,4700.75
15136,4700.6
15137,4073.41
15138,3749.2
15139,3705.1
15140,3689.77
15141,3689.86
15142,3459.82
15143,3459.22
15144,3357.44
15145,3250.19
15146,3699.2
15147,3749.32
15148,3902.51
15149,3749.85
15150,4896.95
15151,6212.05
15152,6850.87
15153,7000.88
15154,8000.35
15155,8000.41
15156,8000.43
15157,6850.86
15158,7500.02
15159,7500.24
15160,7000.26
15161,6850.66
15162,6850.59
15163,6850.17
15164,6850.16
15165,5000.85
15166,5000.65
15167,5000.38
15168,4200.46
17953,4199.61
17954,3700.81
17955,3699.16
17956,3400.76
17957,3400.45
17958,3250.53
17959,2753.38
17960,2590.8
17961,2989.87
17962,3098.02
17963,3000.74
17964,3165.6
17965,3050.23
17966,3209.62
17967,3000.87
17968,3168.2
17969,3100.01
17970,3000.77
17971,3000.62
17972,3209.89
17973,3500.53
17974,3250.55
17975,3300.51
17976,3127.25
17977,3490.5
17978,3501.55
17979,3681.7
17980,3520.51
17981,3580.42
17982,3520.11
17983,3467.31
17984,3441.81
17985,3050.6
17986,3441.55
17987,3501.68
17988,3520.56
17989,3466.95
17990,3467.43
17991,3299.74
17992,3299.76
17993,2960.53
17994,3150.96
17995,3150.96
17996,3123.55
17997,3170.62
17998,3299.02
17999,3299.25
18000,3299.11
18001,3299.05
18002,3299.08
18003,2950.0
18004,2829.13
18005,2829.41
18006,2829.65
18007,2799.89
18008,2829.25
18009,2920.5
18010,2950.65
18011,3208.94
18012,3299.12
18013,3599.14
18014,3599.13
18015,3599.11
18016,3400.45
18017,3599.0
18018,3459.76
18019,3467.0
18020,3400.4
18021,3000.87
18022,2830.0
18023,2859.04
18024,2829.99
18025,2949.93
18026,2979.22
18027,3170.04
18028,3699.1
18029,3902.14
18030,4896.92
18031,5999.96
18032,7000.43
18033,7000.31
18034,7500.32
18035,7500.58
18036,7500.43
18037,7000.21
18038,7500.07
18039,7000.2
18040,5999.85
18041,6000.79
18042,7000.1
18043,7500.07
18044,7000.63
18045,5000.08
18046,4896.5
18047,4896.37
18048,3806.69
20929,4249.79
20930,4000.09
20931,3699.24
20932,3467.64
20933,3505.86
20934,3299.26
20935,3137.17
20936,3000.55
20937,3392.4
20938,3329.55
20939,3299.17
20940,3299.63
20941,3264.65
20942,3188.8
20943,3000.87
20944,3000.42
20945,3100.46
20946,3000.66
20947,3299.39
20948,3224.24
20949,2651.23
20950,2600.63
20951,2398.83
20952,2398.4
20953,2749.71
20954,3109.46
20955,3109.37
20956,2859.32
20957,2859.53
20958,3021.7
20959,3000.36
20960,3000.79
20961,2769.45
20962,3000.79
20963,3100.22
20964,3299.51
20965,3299.25
20966,3299.4
20967,3022.0
20968,3001.31
20969,2779.37
20970,2779.38
20971,2769.61
20972,2769.17
20973,2749.56
20974,2749.94
20975,2749.28
20976,2749.63
20977,2677.99
20978,2677.3
20979,2389.91
20980,2385.72
20981,2312.97
20982,2300.4
20983,2319.37
20984,2340.09
20985,2677.26
20986,2677.7
20987,2677.75
20988,2705.31
20989,2709.26
20990,2677.51
20991,2541.98
20992,2357.38
20993,2819.19
20994,2799.58
20995,2750.12
20996,2398.74
20997,2381.4
20998,2345.09
20999,2333.43
21000,2319.77
21001,2369.4
21002,2749.58
21003,2809.76
21004,3150.02
21005,3024.6
21006,3505.31
21007,3869.49
21008,4312.09
21009,4100.06
21010,4989.44
21011,7000.08
21012,7000.24
21013,4665.11
21014,7000.36
21015,7000.74
21016,6593.0
21017,6651.72
21018,7000.16
21019,7290.47
21020,6871.08
21021,3989.24
21022,3900.53
21023,3699.91
21024,3699.13
23905,5830.25
23906,5470.0
23907,4800.59
23908,4150.91
23909,4000.4
23910,3699.83
23911,3620.4
23912,3504.04
23913,3508.58
23914,3550.03
23915,3467.53
23916,3500.12
23917,3450.49
23918,3467.05
23919,3291.09
23920,3236.34
23921,3240.72
23922,3210.07
23923,3253.1
23924,3275.27
23925,3266.04
23926,3467.31
23927,3509.96
23928,3536.88
23929,3869.88
23930,3906.8
23931,4068.0
23932,3902.55
23933,3902.13
23934,3902.82
23935,3699.51
23936,3699.72
23937,3500.78
23938,3699.21
23939,3500.62
23940,3529.59
23941,3699.08
23942,4000.04
23943,4173.73
23944,4300.25
23945,3900.71
23946,3699.93
23947,4000.59
23948,3500.71
23949,3502.3
23950,3699.14
23951,3512.83
23952,3951.0
23953,3571.0
23954,3400.95
23955,3299.79
23956,3299.7
23957,3299.63
23958,3299.55
23959,3299.44
23960,3299.62
23961,3299.84
23962,3467.14
23963,3501.84
23964,3699.84
23965,3599.65
23966,3599.5
23967,3599.17
23968,3599.19
23969,3599.22
23970,3467.94
23971,3501.4
23972,3400.6
23973,3467.85
23974,3400.87
23975,3109.84
23976,3109.68
23977,2816.2
23978,3400.38
23979,3804.76
23980,3935.7
23981,4110.83
23982,5330.0
23983,6278.91
23984,7482.92
23985,7494.17
23986,7973.79
23987,7980.69
23988,7869.5
23989,7649.25
23990,7615.5
23991,7706.75
23992,7100.32
23993,7100.09
23994,7438.0
23995,7353.68
23996,7000.15
23997,5156.83
23998,4999.73
23999,4906.62
24000,4464.9
26785,5999.19
26786,5325.38
26787,4876.74
26788,4337.12
26789,4150.4
26790,4044.25
26791,4093.92
26792,3881.75
26793,3957.88
26794,4043.75
26795,4029.38
26796,4000.85
26797,3989.24
26798,4061.7
26799,3732.39
26800,3699.65
26801,3837.09
26802,3915.69
26803,4217.73
26804,4268.55
26805,3811.62
26806,3699.89
26807,3699.34
26808,3643.17
26809,3902.69
26810,3950.01
26811,4220.07
26812,4094.8
26813,3902.58
26814,3989.77
26815,4200.38
26816,4250.19
26817,4115.25
26818,4249.12
26819,4093.06
26820,4161.5
26821,3699.3
26822,3699.63
26823,4095.21
26824,4200.87
26825,3699.3
26826,3614.25
26827,3699.57
26828,3610.81
26829,3610.16
26830,3699.18
26831,3500.57
26832,3699.31
26833,3610.34
26834,3610.32
26835,3299.23
26836,3299.18
26837,3299.5
26838,3299.39
26839,3299.03
26840,3299.62
26841,3299.78
26842,3443.41
26843,3500.66
26844,3610.7
26845,3599.56
26846,3599.45
26847,3500.09
26848,3430.33
26849,3599.01
26850,3477.67
26851,3032.4
26852,2993.17
26853,3169.71
26854,3109.96
26855,3100.3
26856,2970.5
26857,2749.93
26858,2869.87
26859,3500.04
26860,3699.85
26861,3869.83
26862,4969.75
26863,5999.03
26864,7000.59
26865,7025.1
26866,7524.92
26867,7496.7
26868,7431.7
26869,6958.4
26870,6869.4
26871,7110.4
26872,7000.5
26873,6985.0
26874,6615.0
26875,7000.36
26876,6944.2
26877,4999.06
26878,4900.33
26879,4892.04
26880,4519.25
29761,6541.22
29762,6239.61
29763,5848.8
29764,5555.92
29765,5348.86
29766,5304.4
29767,5266.48
29768,4918.82
29769,5075.23
29770,5188.49
29771,5159.77
29772,5113.16
29773,5286.33
29774,5271.91
29775,4475.77
29776,4427.38
29777,4676.46
29778,4952.38
29779,5022.71
29780,5049.53
29781,3682.11
29782,3629.61
29783,3529.47
29784,3328.18
29785,3699.03
29786,3699.02
29787,3610.91
29788,3598.83
29789,3600.93
29790,3598.93
29791,3500.99
29792,3470.14
29793,3209.49
29794,3299.01
29795,3197.0
29796,3209.7
29797,3299.14
29798,3299.41
29799,3299.93
29800,3509.05
29801,3413.82
29802,3404.48
29803,3299.7
29804,3299.81
29805,3400.18
29806,3357.88
29807,3400.34
29808,3480.27
29809,3598.77
29810,3598.53
29811,3537.8
29812,3450.58
29813,3388.42
29814,3148.86
29815,3299.22
29816,3340.15
29817,3570.82
29818,3774.3
29819,3967.88
29820,4023.28
29821,4057.88
29822,4103.65
29823,4026.8
29824,3981.73
29825,3866.42
29826,3597.06
29827,3405.35
29828,3455.68
29829,3273.32
29830,3278.25
29831,3119.94
29832,3119.37
29833,3535.6
29834,3270.71
29835,3490.95
29836,3699.11
29837,3869.53
29838,4969.61
29839,5897.63
29840,7000.02
29841,7000.08
29842,7264.5
29843,7558.26
29844,7578.58
29845,7286.75
29846,7290.83
29847,7489.99
29848,7681.98
29849,7736.95
29850,7714.7
29851,7683.91
29852,7598.93
29853,5862.15
29854,5563.08
29855,5242.79
29856,4987.48
32641,4199.56
32642,4400.08
32643,3699.45
32644,3610.59
32645,3733.32
32646,3598.77
32647,3598.6
32648,3598.38
32649,3598.33
32650,3593.72
32651,3589.66
32652,3546.83
32653,3310.1
32654,3148.67
32655,2989.15
32656,2989.05
32657,3581.36
32658,2989.64
32659,2989.61
32660,3583.18
32661,2448.36
32662,2839.74
32663,2800.57
32664,2989.66
32665,3209.4
32666,3209.37
32667,3400.13
32668,3300.82
32669,3386.25
32670,3400.85
32671,3339.5
32672,3400.44
32673,3209.77
32674,3299.1
32675,3299.89
32676,3299.47
32677,3299.21
32678,3299.35
32679,3299.84
32680,3299.35
32681,3299.26
32682,3299.42
32683,3299.47
32684,3299.47
32685,3299.66
32686,3299.79
32687,3299.71
32688,3299.79
32689,3543.8
32690,3598.03
32691,3545.4
32692,3450.08
32693,3228.08
32694,3217.6
32695,3370.48
32696,3397.98
32697,3195.92
32698,3310.4
32699,3373.2
32700,3573.15
32701,4350.98
32702,4397.84
32703,4400.02
32704,4400.04
32705,3170.58
32706,3000.43
32707,2993.07
32708,2989.77
32709,3000.87
32710,3191.48
32711,3193.1
32712,3191.91
32713,3188.16
32714,3130.73
32715,3469.53
32716,3610.94
32717,3817.3
32718,4693.12
32719,5087.59
32720,6850.99
32721,6972.54
32722,7698.28
32723,7599.46
32724,7366.74
32725,6918.9
32726,6850.79
32727,6961.59
32728,6850.74
32729,7150.08
32730,7024.93
32731,6850.6
32732,6850.46
32733,4863.22
32734,4706.9
32735,4495.37
32736,4400.49
18529,4200.66
18530,4005.37
18531,3859.77
18532,3610.81
18533,3641.54
18534,3630.43
18535,3299.76
18536,3299.5
18537,3200.67
18538,3194.87
18539,3192.73
18540,3010.91
18541,2749.75
18542,2700.03
18543,2535.22
18544,2460.72
18545,2739.06
18546,2749.67
18547,3000.8
18548,2989.59
18549,3110.67
18550,2889.29
18551,3100.71
18552,2869.85
18553,3009.03
18554,3169.25
18555,3509.93
18556,3509.27
18557,3509.92
18558,3578.19
18559,3500.08
18560,3500.25
18561,3462.05
18562,3300.34
18563,3501.03
18564,3578.65
18565,3400.52
18566,3462.82
18567,3610.7
18568,3795.53
18569,3578.42
18570,3490.27
18571,3334.76
18572,3299.9
18573,3489.0
18574,3492.05
18575,3370.58
18576,3299.93
18577,3299.93
18578,3299.84
18579,3299.54
18580,3299.54
18581,3286.68
18582,3299.15
18583,3209.02
18584,3209.43
18585,3250.42
18586,3299.16
18587,3299.33
18588,3299.61
18589,3599.35
18590,3599.27
18591,3599.13
18592,3357.35
18593,3250.74
18594,3250.78
18595,3196.81
18596,3195.84
18597,3009.35
18598,3009.53
18599,3009.16
18600,2989.69
18601,3009.3
18602,3196.35
18603,3733.16
18604,4312.15
18605,4900.71
18606,5999.66
18607,6900.52
18608,7866.67
18609,7342.28
18610,7975.66
18611,8000.43
18612,7809.05
18613,7365.76
18614,7389.87
18615,7487.97
18616,7468.02
18617,7851.25
18618,7000.55
18619,5900.67
18620,5900.4
18621,4999.59
18622,4900.6
18623,4541.25
18624,4229.5
18625,4400.99
18626,4187.86
18627,4017.74
18628,3730.75
18629,3400.63
18630,3400.01
18631,3299.02
18632,3169.03
18633,2972.75
18634,2700.05
18635,2500.77
18636,2409.75
18637,2969.75
18638,2849.57
18639,2989.36
18640,2800.44
18641,2680.84
18642,2680.59
18643,2700.64
18644,2680.93
18645,2989.14
18646,2969.6
18647,2989.54
18648,2989.32
18649,3169.22
18650,3169.81
18651,3699.65
18652,3699.14
18653,3578.84
18654,3610.5
18655,3500.68
18656,3500.65
18657,3299.38
18658,3299.61
18659,3299.19
18660,3299.75
18661,3299.79
18662,3299.94
18663,3400.83
18664,3509.89
18665,3299.48
18666,3299.46
18667,3299.53
18668,3299.56
18669,3299.93
18670,3299.99
18671,3505.04
18672,3505.05
18673,3300.8
18674,3299.76
18675,3200.96
18676,3199.93
18677,3099.74
18678,3099.74
18679,3195.39
18680,3204.96
18681,3209.03
18682,3274.45
18683,3299.11
18684,3299.32
18685,3578.43
18686,3350.32
18687,3209.01
18688,3099.38
18689,3069.83
18690,2993.34
18691,2993.63
18692,2989.87
18693,3192.58
18694,3191.77
18695,3169.18
18696,3209.19
18697,3099.96
18698,3209.0
18699,3949.56
18700,5200.53
18701,4999.37
18702,6999.11
18703,8000.1
18704,8500.32
18705,8500.42
18706,8979.84
18707,8500.95
18708,8500.39
18709,7718.5
18710,7571.5
18711,7611.5
18712,7443.5
18713,7510.08
18714,7000.56
18715,5999.38
18716,4999.97
18717,4889.86
18718,4807.64
18719,4175.0
18720,4150.94
18721,4150.04
18722,3578.5
18723,3299.75
18724,3299.61
18725,3191.8
18726,2993.74
18727,2989.98
18728,2989.59
18729,2849.23
18730,2989.31
18731,2680.16
18732,2600.02
18733,2849.1
18734,2849.36
18735,2849.66
18736,2849.33
18737,2993.5
18738,2993.87
18739,3005.5
18740,2994.0
18741,2993.24
18742,2500.73
18743,2948.84
18744,2702.84
18745,3079.67
18746,3350.33
18747,3400.35
18748,3369.32
18749,3370.0
18750,3400.02
18751,3209.97
18752,3169.52
18753,2993.77
18754,3169.89
18755,3193.98
18756,3197.14
18757,3199.67
18758,3197.82
18759,3231.71
18760,3299.16
18761,3100.06
18762,3191.92
18763,3193.54
18764,3196.72
18765,3079.98
18766,3197.63
18767,3192.06
18768,3192.44
18769,3000.46
18770,3099.16
18771,2993.81
18772,2993.84
18773,2993.3
18774,2993.07
18775,2993.49
18776,3099.29
18777,3099.02
18778,3191.16
18779,2993.17
18780,2993.4
18781,2993.61
18782,2993.46
18783,2989.98
18784,2989.2
18785,2993.29
18786,2993.54
18787,2989.25
18788,2879.21
18789,3020.95
18790,2989.43
18791,2989.16
18792,2960.53
18793,2869.72
18794,3196.04
18795,3950.44
18796,4900.08
18797,4500.32
18798,4999.75
18799,5420.55
18800,7000.43
18801,7000.02
18802,7000.77
18803,7000.73
18804,7000.2
18805,5999.01
18806,5775.0
18807,5651.5
18808,5249.98
18809,5999.23
18810,5249.62
18811,4868.43
18812,4842.76
18813,4150.37
18814,3996.62
18815,3957.02
18816,3869.08
18817,3350.49
18818,3299.6
18819,3299.33
18820,3299.06
18821,3146.67
18822,2995.63
18823,2989.97
18824,2989.3
18825,2550.19
18826,2681.61
18827,2650.79
18828,2681.32
18829,2681.52
18830,2702.01
18831,2681.36
18832,2681.04
18833,2409.98
18834,2409.88
18835,2418.86
18836,2409.98
18837,2409.92
18838,2409.54
18839,2409.26
18840,2319.76
18841,2900.85
18842,2448.98
18843,3209.37
18844,2989.66
18845,2989.76
18846,3000.79
18847,2989.53
18848,2989.92
18849,2989.01
18850,3197.38
18851,3198.12
18852,3209.1
18853,3299.45
18854,3299.79
18855,3392.32
18856,3578.42
18857,3299.29
18858,3299.41
18859,3299.43
18860,3299.58
18861,3299.68
18862,3299.76
18863,3299.56
18864,3299.57
18865,3209.5
18866,3209.39
18867,2995.86
18868,2995.78
18869,2960.98
18870,2989.23
18871,2989.84
18872,2995.72
18873,2995.79
18874,3192.87
18875,3199.6
18876,3299.11
18877,3209.59
18878,3196.75
18879,3191.14
18880,3193.49
18881,3400.11
18882,3350.72
18883,3599.09
18884,3350.88
18885,3501.81
18886,3400.66
18887,3236.79
18888,3209.04
18889,3350.51
18890,3929.2
18891,4500.8
18892,5119.18
18893,5350.5
18894,8000.45
18895,8500.89
18896,8500.81
18897,8500.86
18898,9500.06
18899,8500.99
18900,8500.95
18901,8000.88
18902,7510.72
18903,8500.26
18904,7318.25
18905,7000.31
18906,6600.8
18907,4999.46
18908,4999.07
18909,4150.13
18910,3800.17
18911,3610.21
18912,3610.01
18913,3400.52
18914,3299.71
18915,3250.67
18916,3191.82
18917,3100.57
18918,3192.41
18919,3070.59
18920,2989.94
18921,2747.24
18922,2989.41
18923,2995.26
18924,2989.94
18925,2989.66
18926,2989.11
18927,2365.09
18928,2336.76
18929,2319.94
18930,2409.46
18931,2409.56
18932,2435.64
18933,2409.54
18934,2749.91
18935,2541.59
18936,2700.86
18937,2989.16
18938,3169.13
18939,3209.62
18940,3300.24
18941,3499.13
18942,3499.27
18943,3436.02
18944,3400.97
18945,3198.4
18946,3209.74
18947,3209.55
18948,3209.97
18949,3250.78
18950,3299.15
18951,3274.06
18952,3250.02
18953,3000.97
18954,3000.93
18955,3170.7
18956,3194.14
18957,2800.98
18958,3195.73
18959,3197.21
18960,3199.11
18961,3191.06
18962,3193.1
18963,2995.84
18964,2940.15
18965,2681.76
18966,2438.13
18967,2409.9
18968,2681.65
18969,2995.02
18970,3192.02
18971,3199.1
18972,3209.89
18973,3501.0
18974,3599.05
18975,3599.04
18976,3500.32
18977,3500.51
18978,3250.7
18979,3200.9
18980,2995.92
18981,3209.14
18982,3199.18
18983,3100.34
18984,2999.0
18985,2428.01
18986,3197.52
18987,4020.07
18988,4999.31
18989,4999.85
18990,7012.19
18991,7758.75
18992,7636.1
18993,7277.5
18994,7656.08
18995,7616.92
18996,7664.1
18997,7580.39
18998,7618.02
18999,7651.63
19000,7439.48
19001,7000.85
19002,7000.23
19003,6000.35
19004,6000.18
19005,4230.1
19006,3599.06
19007,3509.71
19008,3170.58
19009,3299.26
19010,3299.01
19011,3299.08
19012,3198.73
19013,2995.2
19014,2950.36
19015,2651.35
19016,2456.92
19017,2524.55
19018,2419.51
19019,2570.28
19020,2600.67
19021,2628.26
19022,2574.46
19023,2571.05
19024,2567.57
19025,2422.67
19026,2440.7
19027,2448.49
19028,2409.66
19029,2374.85
19030,2409.59
19031,2624.15
19032,2618.0
19033,2978.0
19034,2809.77
19035,2859.92
19036,2859.24
19037,2859.78
19038,2989.02
19039,2463.36
19040,2409.77
19041,2322.42
19042,2409.36
19043,2409.49
19044,2409.93
19045,2409.57
19046,2448.93
19047,2544.32
19048,2995.09
19049,2681.34
19050,2681.99
19051,2950.84
19052,2990.17
19053,2795.28
19054,2995.33
19055,2995.38
19056,2995.47
19057,2995.38
19058,2995.05
19059,2960.92
19060,2681.62
19061,2681.15
19062,2409.96
19063,2681.06
19064,2681.29
19065,2417.65
19066,2681.53
19067,2691.0
19068,2900.67
19069,2940.12
19070,2990.28
19071,2989.07
19072,2681.77
19073,2859.26
19074,2681.81
19075,2681.72
19076,2681.33
19077,2859.42
19078,2859.06
19079,2859.48
19080,2999.62
19081,2791.1
19082,3098.54
19083,3490.79
19084,3949.4
19085,4009.64
19086,4849.81
19087,6167.0
19088,6606.0
19089,6037.5
19090,6499.97
19091,6565.3
19092,6662.92
19093,6326.05
19094,6365.52
19095,6549.2
19096,6574.08
19097,6860.25
19098,3699.24
19099,3599.04
19100,3490.6
19101,3490.13
19102,3490.07
19103,3400.74
19104,3369.56
19105,3299.93
19106,3299.45
19107,3299.24
19108,3192.42
19109,2995.65
19110,2995.26
19111,2995.52
19112,2915.23
19113,2995.65
19114,2995.26
19115,2995.78
19116,2995.39
19117,2995.02
19118,2989.36
19119,2989.6
19120,2970.62
19121,2651.69
19122,2749.8
19123,2875.58
19124,2749.9
19125,2448.25
19126,2989.49
19127,3000.96
19128,2859.91
19129,2990.68
19130,3146.72
19131,3173.03
19132,3300.24
19133,3250.34
19134,3490.66
19135,3392.05
19136,3190.54
19137,3000.09
19138,2859.77
19139,2520.02
19140,2744.5
19141,2989.67
19142,3009.93
19143,3081.71
19144,3173.95
19145,2989.64
19146,2989.91
19147,2995.5
19148,2995.61
19149,2796.97
19150,2995.44
19151,2995.05
19152,2989.38
19153,2995.02
19154,2869.79
19155,2865.12
19156,2681.17
19157,2681.47
19158,2681.24
19159,2704.04
19160,2995.11
19161,2995.18
19162,2995.6
19163,3191.79
19164,3250.15
19165,3209.18
19166,3198.51
19167,3198.77
19168,3192.0
19169,2995.64
19170,2989.61
19171,2995.09
19172,2995.14
19173,3121.13
19174,3142.58
19175,3150.18
19176,3097.02
19177,2973.64
19178,3192.88
19179,3599.57
19180,4009.52
19181,4399.1
19182,5100.97
19183,7338.07
19184,8700.14
19185,8000.53
19186,8000.21
19187,7442.5
19188,7124.17
19189,6200.41
19190,6000.08
19191,5630.88
19192,5100.97
19193,5400.0
19194,4174.0
19195,3989.32
19196,3599.76
19197,3599.1
19198,3599.22
19199,3599.02
19200,3490.56
19201,3481.14
19202,3356.9
19203,3299.5
19204,3163.5
19205,3299.09
19206,3180.61
19207,3025.19
19208,3044.99
19209,3091.29
19210,3161.57
19211,3097.27
19212,3137.0
19213,3122.71
19214,3145.7
19215,3100.32
19216,3057.15
19217,3049.28
19218,3170.61
19219,3239.35
19220,3215.57
19221,3177.64
19222,3358.02
19223,3242.86
19224,3151.8
19225,3239.73
19226,3192.23
19227,3250.65
19228,3200.65
19229,3352.52
19230,3357.6
19231,3252.14
19232,3049.4
19233,2995.51
19234,3365.3
19235,3356.64
19236,3392.52
19237,3299.37
19238,3322.4
19239,3392.48
19240,3436.72
19241,3299.93
19242,3323.19
19243,3357.1
19244,3400.62
19245,3299.92
19246,3341.65
19247,3299.84
19248,3299.77
19249,3299.59
19250,3299.18
19251,3214.7
19252,3138.33
19253,3099.95
19254,3100.27
19255,3118.98
19256,3099.89
19257,3099.09
19258,3117.9
19259,3250.3
19260,3299.18
19261,3481.23
19262,3459.75
19263,3400.72
19264,3350.69
19265,3482.85
19266,3459.48
19267,3459.94
19268,3481.02
19269,3490.87
19270,3481.15
19271,3353.79
19272,3343.32
19273,3152.92
19274,3351.14
19275,3870.33
19276,4889.56
19277,5119.77
19278,8100.03
19279,9500.2
19280,9700.21
19281,9500.24
19282,9500.29
19283,8700.98
19284,8200.82
19285,7200.51
19286,7000.5
19287,6700.57
19288,6400.58
19289,6400.36
19290,5200.51
19291,5000.12
19292,4399.51
19293,3791.31
19294,3798.72
19295,3863.38
19296,3791.46
19297,3470.57
19298,3369.88
19299,3250.67
19300,3170.95
19301,3183.51
19302,3124.35
19303,3048.88
19304,3026.57
19305,3046.06
19306,3035.03
19307,3003.47
19308,2898.4
19309,2859.99
19310,2859.65
19311,2859.53
19312,2794.89
19313,2893.38
19314,3000.73
19315,3048.79
19316,3064.46
19317,3104.75
19318,3034.46
19319,3122.2
19320,3069.94
19321,3243.27
19322,3341.97
19323,3400.21
19324,3392.09
19325,3436.39
19326,3400.54
19327,3361.43
19328,3350.96
19329,3149.01
19330,3226.16
19331,3299.12
19332,3335.36
19333,3299.05
19334,3285.37
19335,3299.26
19336,3299.71
19337,3205.13
19338,3217.32
19339,3100.97
19340,3250.1
19341,3139.91
19342,3149.33
19343,3100.16
19344,3113.65
19345,3099.73
19346,3097.75
19347,3094.47
19348,3101.74
19349,3157.01
19350,3129.06
19351,3182.71
19352,3189.01
19353,3279.67
19354,3279.22
19355,3274.52
19356,3297.47
19357,3345.43
19358,3349.96
19359,3349.76
19360,3336.95
19361,3250.78
19362,3246.69
19363,3096.02
19364,3250.03
19365,3269.06
19366,3250.05
19367,3150.96
19368,3112.32
19369,3000.0
19370,3208.0
19371,3578.45
19372,4469.7
19373,5000.3
19374,5600.89
19375,6999.57
19376,7000.96
19377,7000.33
19378,8010.35
19379,8010.34
19380,9500.04
19381,5999.52
19382,5999.05
19383,5020.3
19384,5020.4
19385,4893.04
19386,4879.63
19387,4810.84
19388,4150.62
19389,3509.72
19390,3599.35
19391,3599.24
19392,3470.85
19393,2573.98
19394,2570.24
19395,2532.53
19396,2510.67
19397,2402.83
19398,2387.38
19399,2321.29
19400,2319.95
19401,2319.28
19402,2319.15
19403,2300.53
19404,2270.71
19405,2287.76
19406,2250.11
19407,2161.82
19408,2125.45
19409,2128.3
19410,2170.05
19411,2299.34
19412,2319.05
19413,2319.29
19414,2319.34
19415,2319.37
19416,2319.32
19417,2349.45
19418,2431.17
19419,2448.99
19420,2444.63
19421,2498.57
19422,2500.83
19423,2426.39
19424,2427.84
19425,2319.94
19426,2364.71
19427,2399.02
19428,2439.36
19429,2451.45
19430,2450.62
19431,2448.75
19432,2452.74
19433,2375.34
19434,2404.66
19435,2364.94
19436,2388.08
19437,2441.7
19438,2431.79
19439,2391.83
19440,2399.12
19441,2407.8
19442,2406.99
19443,2405.12
19444,2392.64
19445,2360.29
19446,2336.95
19447,2322.14
19448,2328.32
19449,2319.82
19450,2343.93
19451,2325.34
19452,2357.88
19453,2366.55
19454,2332.97
19455,2329.45
19456,2354.07
19457,2319.91
19458,2319.87
19459,2319.8
19460,2319.79
19461,2500.66
19462,2448.95
19463,2442.36
19464,2424.12
19465,2423.56
19466,2772.55
19467,3114.52
19468,3159.03
19469,3371.91
19470,3599.34
19471,3989.0
19472,4150.99
19473,4199.96
19474,4819.64
19475,4500.9
19476,4500.28
19477,4150.3
19478,4150.56
19479,3939.53
19480,3800.21
19481,3599.16
19482,3599.28
19483,3366.77
19484,3250.47
19485,3161.36
19486,3067.16
19487,2772.21
19488,2599.45
19489,2319.19
19490,2319.36
19491,2319.37
19492,2273.4
19493,2300.14
19494,2261.31
19495,2214.5
19496,2181.39
19497,2028.82
19498,1982.25
19499,1917.11
19500,1902.4
19501,1936.88
19502,1915.87
19503,1863.28
19504,1813.35
19505,2099.61
19506,2055.07
19507,2038.98
19508,2053.73
19509,2217.46
19510,2280.68
19511,2275.29
19512,2264.91
19513,2575.71
19514,2575.33
19515,2573.9
19516,2571.84
19517,2573.56
19518,2573.23
19519,2572.67
19520,2700.79
19521,2448.21
19522,2360.04
19523,2448.36
19524,2530.9
19525,2741.0
19526,3001.2
19527,3059.99
19528,3101.78
19529,2750.34
19530,2772.58
19531,2911.62
19532,2991.27
19533,2798.26
19534,2991.88
19535,2991.75
19536,2991.38
19537,2810.52
19538,2765.04
19539,2742.05
19540,2637.9
19541,2637.1
19542,2448.89
19543,2539.94
19544,2637.06
19545,2637.12
19546,2637.51
19547,2637.59
19548,2637.78
19549,2637.99
19550,2637.54
19551,2637.51
19552,2637.93
19553,3188.39
19554,3135.36
19555,3009.27
19556,3000.22
19557,2809.22
19558,2758.04
19559,2772.06
19560,2783.03
19561,2980.94
19562,3109.15
19563,3482.15
19564,3499.32
19565,3499.87
19566,3739.73
19567,5200.6
19568,6000.99
19569,5500.22
19570,5500.8
19571,5412.34
19572,5012.6
19573,4212.31
19574,4199.89
19575,4150.32
19576,3741.39
19577,3482.23
19578,3468.59
19579,3400.88
19580,3313.9
19581,3000.56
19582,2602.31
19583,2500.31
19584,2400.21
19585,2750.31
19586,2585.06
19587,2494.73
19588,2356.51
19589,2319.55
19590,2319.32
19591,2300.54
19592,2279.13
19593,2319.02
19594,2257.95
19595,2232.87
19596,2200.35
19597,2250.51
19598,2223.38
19599,2165.29
19600,2166.84
19601,2231.2
19602,2200.81
19603,2263.2
19604,2400.71
19605,2262.8
19606,2336.42
19607,2448.29
19608,2448.1
19609,2918.79
19610,3169.3
19611,3169.91
19612,3200.28
19613,3099.68
19614,3060.5
19615,2940.81
19616,2859.43
19617,2327.23
19618,2621.53
19619,2750.12
19620,2538.25
19621,2900.52
19622,2991.33
19623,2991.27
19624,3091.25
19625,2991.72
19626,3009.94
19627,3020.89
19628,3030.24
19629,2960.71
19630,3094.15
19631,3093.37
19632,3020.34
19633,2991.68
19634,2991.12
19635,2332.21
19636,2328.99
19637,2319.61
19638,2319.11
19639,2313.96
19640,2308.98
19641,2307.97
19642,2319.06
19643,2319.27
19644,2319.55
19645,2319.64
19646,2319.84
19647,2323.26
19648,2358.12
19649,3000.98
19650,3000.26
19651,3129.35
19652,3129.61
19653,2950.26
19654,2989.09
19655,2859.78
19656,2804.07
19657,2579.94
19658,2782.3
19659,3469.33
19660,3999.31
19661,4500.77
19662,5119.97
19663,7700.16
19664,8050.6
19665,8000.46
19666,8500.05
19667,5999.72
19668,5999.57
19669,4885.85
19670,4749.93
19671,4500.29
19672,4150.68
19673,3599.18
19674,3500.39
19675,3468.41
19676,3327.45
19677,3321.73
19678,3294.86
19679,3080.42
19680,2800.01
19681,3250.98
19682,3164.61
19683,3042.06
19684,2991.47
19685,2586.15
19686,2651.83
19687,2600.84
19688,2664.97
19689,2581.52
19690,2584.42
19691,2579.9
19692,2581.16
19693,2578.34
19694,2542.71
19695,2415.72
19696,2400.33
19697,2544.74
19698,2549.6
19699,2577.87
19700,2500.37
19701,2491.55
19702,2585.94
19703,2578.04
19704,2569.12
19705,2859.74
19706,2919.62
19707,3028.46
19708,2991.89
19709,3000.66
19710,3069.05
19711,2940.33
19712,2859.35
19713,2324.29
19714,2404.39
19715,2383.33
19716,2341.06
19717,2393.77
19718,2532.96
19719,2940.77
19720,2989.4
19721,2989.52
19722,2991.37
19723,2991.94
19724,2991.85
19725,3000.85
19726,3088.98
19727,3107.82
19728,3101.43
19729,2991.09
19730,2991.21
19731,2991.31
19732,2991.28
19733,2700.17
19734,2413.25
19735,2411.81
19736,2800.57
19737,2409.94
19738,2960.86
19739,2989.8
19740,2991.17
19741,3000.02
19742,2991.84
19743,2991.85
19744,2991.8
19745,3020.77
19746,2989.96
19747,2989.88
19748,2859.79
19749,2815.06
19750,2782.84
19751,2809.75
19752,2809.71
19753,2782.48
19754,3096.65
19755,3499.04
19756,3578.04
19757,3969.5
19758,5010.58
19759,5119.99
19760,8018.1
19761,8018.25
19762,9500.01
19763,5999.54
19764,5600.53
19765,5012.31
19766,4876.82
19767,4843.42
19768,4749.06
19769,4150.79
19770,3749.87
19771,3578.74
19772,3200.04
19773,2520.36
19774,3000.68
19775,3286.16
19776,3104.15
19777,3468.88
19778,3330.25
19779,3237.53
19780,3177.27
19781,2908.95
19782,2798.61
19783,2600.15
19784,2583.3
19785,2500.16
19786,2371.58
19787,2341.33
19788,2382.75
19789,2373.89
19790,2323.92
19791,2254.61
19792,2195.95
19793,2261.71
19794,2224.96
19795,2267.22
19796,2243.18
19797,2328.32
19798,2420.54
19799,2494.21
19800,2584.1
19801,2749.1
19802,2859.97
19803,3069.1
19804,3000.21
19805,2989.13
19806,2989.19
19807,2859.59
19808,2782.51
19809,2585.63
19810,2749.94
19811,2582.78
19812,2448.82
19813,2351.18
19814,2448.96
19815,2575.74
19816,2534.63
19817,2579.34
19818,2583.81
19819,2701.14
19820,2750.62
19821,2782.2
19822,2774.32
19823,2583.39
19824,2580.85
19825,2378.78
19826,2360.39
19827,2334.91
19828,2325.69
19829,2344.16
19830,2345.97
19831,2345.92
19832,2330.94
19833,2461.14
19834,2523.54
19835,2580.93
19836,2579.08
19837,2899.03
19838,2899.2
19839,2899.55
19840,2899.63
19841,2899.51
19842,2899.16
19843,2899.4
19844,2859.85
19845,2782.62
19846,2750.32
19847,2782.34
19848,2782.44
19849,2799.6
19850,3148.68
19851,3539.09
19852,3671.57
19853,3891.81
19854,4413.19
19855,5012.45
19856,5999.06
19857,5100.68
19858,5999.71
19859,5630.89
19860,5100.32
19861,5000.11
19862,5012.07
19863,4750.43
19864,4312.59
19865,3851.57
19866,3744.03
19867,3494.44
19868,3468.08
19869,3272.87
19870,3295.38
19871,3250.61
19872,3229.29
19873,2959.79
19874,2860.51
19875,2799.23
19876,2702.39
19877,2553.55
19878,2488.23
19879,2427.81
19880,2359.15
19881,2290.56
19882,2180.3
19883,2146.85
19884,2109.73
19885,2109.73
19886,2109.57
19887,2109.19
19888,2106.48
19889,2109.79
19890,2109.74
19891,2185.03
19892,2215.45
19893,2301.32
19894,2370.35
19895,2433.94
19896,2487.01
19897,2799.57
19898,2840.71
19899,2819.38
19900,2799.84
19901,2682.2
19902,2655.06
19903,2609.88
19904,2699.9
19905,2577.83
19906,2782.49
19907,2753.29
19908,2623.8
19909,2545.21
19910,2569.89
19911,2582.35
19912,2579.27
19913,2579.98
19914,2609.01
19915,2764.43
19916,2799.02
19917,2587.86
19918,2609.96
19919,2585.68
19920,2584.37
19921,2432.21
19922,2384.31
19923,2378.65
19924,2356.57
19925,2324.44
19926,2308.84
19927,2291.75
19928,2307.91
19929,2310.36
19930,2332.67
19931,2489.41
19932,2489.81
19933,2585.28
19934,2755.5
19935,2779.99
19936,2799.18
19937,2799.81
19938,2799.85
19939,2849.42
19940,2859.52
19941,2889.61
19942,2859.99
19943,2889.29
19944,2969.03
19945,3171.91
19946,3393.03
19947,3399.26
19948,3639.91
19949,3735.22
19950,4200.68
19951,5012.38
19952,5089.03
19953,5012.29
19954,5412.42
19955,5050.16
19956,5012.23
19957,4989.2
19958,4250.14
19959,4144.77
19960,3959.46
19961,3399.61
19962,3441.25
19963,3399.47
19964,3379.36
19965,3285.86
19966,3302.09
19967,3226.32
19968,3369.25
19969,3324.48
19970,3244.45
19971,3213.57
19972,3047.6
19973,3080.28
19974,3053.76
19975,2991.23
19976,2991.99
19977,2979.41
19978,2673.15
19979,2586.05
19980,2580.0
19981,2578.89
19982,2576.49
19983,2515.54
19984,2457.36
19985,2537.99
19986,2579.89
19987,2600.63
19988,2700.62
19989,2859.5
19990,2859.15
19991,2859.94
19992,2882.84
19993,2947.24
19994,3022.96
19995,3028.0
19996,3063.62
19997,3244.23
19998,3200.09
19999,3004.09
20000,3049.15
20001,2947.31
20002,3049.96
20003,3049.27
20004,3004.42
20005,2859.79
20006,2809.77
20007,2699.85
20008,2699.25
20009,2699.31
20010,2629.67
20011,2629.29
20012,2629.7
20013,2629.69
20014,2629.04
20015,2619.88
20016,2619.9
20017,2449.82
20018,2429.37
20019,2389.92
20020,2389.6
20021,2389.06
20022,2389.29
20023,2375.24
20024,2330.85
20025,2330.8
20026,2348.18
20027,2389.22
20028,2389.2
20029,2389.37
20030,2389.35
20031,2389.07
20032,2389.33
20033,2336.87
20034,2389.11
20035,2389.94
20036,2389.37
20037,2579.01
20038,2780.81
20039,2850.14
20040,2859.36
20041,3004.07
20042,3206.23
20043,3499.36
20044,3642.13
20045,3964.51
20046,5012.8
20047,5360.13
20048,5999.44
20049,5012.65
20050,5412.62
20051,5012.91
20052,5012.08
20053,4881.71
20054,4690.9
20055,4150.76
20056,3800.21
20057,3441.22
20058,3393.87
20059,3393.99
20060,3393.26
20061,3029.58
20062,3009.87
20063,2999.12
20064,2744.02
20065,3225.29
20066,3004.27
20067,2899.76
20068,2700.52
20069,2899.35
20070,2899.94
20071,2899.92
20072,2899.2
20073,2650.11
20074,2500.37
20075,2460.46
20076,2400.97
20077,2330.25
20078,2279.61
20079,2308.69
20080,2279.59
20081,2609.8
20082,2609.75
20083,2914.45
20084,2947.16
20085,2859.28
20086,2859.21
20087,2859.47
20088,2859.72
20089,2947.73
20090,2947.83
20091,2989.18
20092,3000.65
20093,2947.3
20094,2947.17
20095,2947.76
20096,3004.16
20097,2947.77
20098,2899.7
20099,2899.5
20100,2859.45
20101,2859.08
20102,2699.91
20103,2322.64
20104,2351.97
20105,2391.64
20106,2373.21
20107,2439.09
20108,2411.29
20109,2285.31
20110,2249.99
20111,2249.91
20112,2249.9
20113,2249.69
20114,2249.68
20115,2249.73
20116,2249.88
20117,2249.69
20118,2249.34
20119,2249.33
20120,2249.51
20121,2249.73
20122,2249.85
20123,2267.41
20124,2297.7
20125,2389.79
20126,2395.57
20127,2406.14
20128,2619.27
20129,2619.1
20130,2619.15
20131,2619.37
20132,2619.51
20133,2619.79
20134,2619.4
20135,2619.53
20136,2619.33
20137,2859.68
20138,3039.4
20139,3238.47
20140,3393.24
20141,3699.52
20142,4150.2
20143,4500.95
20144,4599.23
20145,4597.35
20146,4807.6
20147,4599.31
20148,4596.0
20149,4500.45
20150,4312.73
20151,3950.51
20152,3680.28
20153,3254.7
20154,3300.6
20155,3300.27
20156,3225.41
20157,3000.74
20158,2899.17
20159,2600.16
20160,2413.76
20161,3512.65
20162,3400.27
20163,3001.17
20164,2859.64
20165,2859.63
20166,2859.12
20167,2859.51
20168,2859.14
20169,2700.76
20170,2859.2
20171,2700.98
20172,2520.94
20173,2600.57
20174,2500.11
20175,2500.04
20176,2461.47
20177,2990.06
20178,2909.24
20179,2990.9
20180,2990.58
20181,2859.25
20182,2859.35
20183,2859.04
20184,2859.27
20185,2989.33
20186,3000.45
20187,3004.65
20188,3149.39
20189,3149.65
20190,3215.35
20191,3224.82
20192,3250.4
20193,2990.0
20194,3169.05
20195,3169.18
20196,3149.33
20197,3169.38
20198,3143.12
20199,2989.59
20200,2989.93
20201,3143.24
20202,3143.53
20203,3149.05
20204,3224.06
20205,3143.45
20206,3143.28
20207,3109.09
20208,3004.34
20209,2839.88
20210,2839.17
20211,2800.98
20212,2750.34
20213,2749.25
20214,2637.85
20215,2637.72
20216,2637.89
20217,2749.8
20218,2839.11
20219,2899.16
20220,2899.52
20221,2990.57
20222,2990.84
20223,2990.98
20224,3019.78
20225,3169.46
20226,3169.35
20227,3323.02
20228,3323.53
20229,3169.16
20230,3143.71
20231,3169.07
20232,3149.98
20233,3169.28
20234,3380.5
20235,3964.37
20236,4250.42
20237,5314.15
20238,6600.06
20239,6900.81
20240,7500.71
20241,7500.76
20242,7000.78
20243,6600.64
20244,6600.45
20245,6500.52
20246,6200.57
20247,5700.64
20248,5500.3
20249,5000.75
20250,5000.07
20251,4150.63
20252,3466.63
20253,3699.34
20254,3699.02
20255,3511.76
20256,3508.04
20257,3713.75
20258,3500.95
20259,3500.44
20260,3400.96
20261,3393.93
20262,3393.29
20263,3143.44
20264,2964.88
20265,2909.66
20266,3000.26
20267,2909.46
20268,3000.07
20269,3000.71
20270,3100.47
20271,3041.69
20272,3004.89
20273,3044.61
20274,2993.42
20275,3030.29
20276,3004.91
20277,3004.56
20278,3004.84
20279,3143.24
20280,3143.95
20281,3215.6
20282,3323.27
20283,3393.13
20284,3349.46
20285,3300.23
20286,3259.0
20287,3323.33
20288,3323.93
20289,3169.43
20290,3300.2
20291,3393.16
20292,3323.99
20293,3224.33
20294,3179.29
20295,3109.64
20296,3099.58
20297,3099.54
20298,3099.39
20299,3099.85
20300,3099.72
20301,3009.16
20302,3004.96
20303,3011.27
20304,3004.58
20305,2945.38
20306,2945.22
20307,2945.01
20308,2909.37
20309,2899.8
20310,2899.42
20311,2899.67
20312,2899.82
20313,2945.54
20314,2949.2
20315,2990.42
20316,3004.08
20317,3009.29
20318,3009.67
20319,3020.98
20320,3009.98
20321,3099.29
20322,3049.25
20323,3099.56
20324,3100.22
20325,3100.82
20326,3099.15
20327,3099.09
20328,3050.55
20329,3009.21
20330,3163.94
20331,3393.52
20332,3699.92
20333,4150.8
20334,4596.34
20335,6499.22
20336,8000.22
20337,8000.34
20338,8000.56
20339,8000.2
20340,8000.18
20341,8000.43
20342,7800.36
20343,7300.2
20344,5999.87
20345,4999.04
20346,4150.42
20347,3466.12
20348,3393.08
20349,3323.36
20350,3250.52
20351,3300.66
20352,3323.16
673,4161.78
674,3639.15
675,3471.22
676,3403.64
677,3298.87
678,3350.01
679,3342.12
680,3258.3
681,3027.58
682,3034.28
683,2900.9
684,2755.94
685,2800.47
686,2748.84
687,2582.69
688,2569.63
689,2622.9
690,2600.08
691,2740.53
692,2748.85
693,2781.01
694,2859.86
695,2859.96
696,2929.61
697,3369.82
698,3964.66
699,4219.67
700,3964.84
701,4000.54
702,4000.62
703,3689.39
704,3689.61
705,3369.84
706,3500.28
707,3209.58
708,3205.15
709,3209.74
710,3408.6
711,3150.26
712,2999.21
713,3200.67
714,3100.26
715,3100.49
716,3108.62
717,3061.96
718,3021.55
719,3043.34
720,3000.1
721,2899.3
722,2899.24
723,2849.9
724,2849.63
725,2849.09
726,2829.74
727,2849.49
728,2899.08
729,2929.41
730,2929.69
731,2990.2
732,3000.63
733,3009.87
734,3009.75
735,2990.58
736,2969.36
737,3200.1
738,3114.49
739,3150.4
740,3169.14
741,3196.57
742,3156.46
743,3169.1
744,3140.19
745,3198.27
746,3589.62
747,3576.85
748,4007.5
749,4312.84
750,5100.59
751,7000.38
752,8100.25
753,8274.66
754,9000.49
755,8303.36
756,8275.72
757,8206.86
758,8022.86
759,7999.74
760,5999.91
761,5276.44
762,5280.03
763,4219.34
764,3897.31
765,4149.67
766,4139.79
767,4000.44
768,3786.52
3649,3379.74
3650,3298.5
3651,3296.5
3652,3299.77
3653,3150.4
3654,3291.33
3655,3200.59
3656,3169.26
3657,3000.34
3658,2929.47
3659,2853.13
3660,2586.49
3661,2581.36
3662,2575.86
3663,2500.5
3664,2418.97
3665,2382.6
3666,2428.45
3667,2359.97
3668,2399.94
3669,2569.75
3670,2585.69
3671,2746.56
3672,2326.2
3673,2529.01
3674,2749.15
3675,2580.16
3676,2529.21
3677,2529.64
3678,2529.85
3679,2539.04
3680,2979.18
3681,3049.5
3682,3129.15
3683,3129.39
3684,3169.13
3685,3169.88
3686,3250.3
3687,3169.24
3688,3273.03
3689,2963.37
3690,3100.1
3691,3100.01
3692,3124.23
3693,2899.55
3694,2990.59
3695,2929.78
3696,2899.71
3697,2899.39
3698,2899.2
3699,2899.01
3700,2899.0
3701,2794.9
3702,2789.65
3703,2789.82
3704,2800.11
3705,2849.29
3706,2849.76
3707,2899.57
3708,2899.51
3709,2990.29
3710,3000.93
3711,3200.09
3712,3100.78
3713,3209.93
3714,3011.28
3715,3009.57
3716,3169.13
3717,3279.37
3718,3174.17
3719,3169.57
3720,3229.83
3721,3357.58
3722,3699.3
3723,3855.29
3724,4219.15
3725,4250.83
3726,5119.16
3727,5999.64
3728,8100.35
3729,8499.31
3730,9000.32
3731,8514.89
3732,8100.71
3733,5999.27
3734,5304.84
3735,5119.52
3736,4219.99
3737,4097.87
3738,4150.42
3739,4150.11
3740,3996.4
3741,3862.4
3742,3699.14
3743,3576.37
3744,3456.6
6337,3293.16
6338,3292.83
6339,3291.45
6340,3149.52
6341,3000.97
6342,3143.09
6343,3049.39
6344,3000.35
6345,2990.02
6346,2979.07
6347,2979.33
6348,2979.28
6349,2929.56
6350,2929.08
6351,2800.58
6352,2749.84
6353,2658.94
6354,2929.04
6355,2979.39
6356,2979.3
6357,3015.17
6358,3109.24
6359,3109.79
6360,2979.86
6361,3109.45
6362,3306.45
6363,3499.62
6364,3400.91
6365,3484.35
6366,3480.16
6367,3400.37
6368,3576.69
6369,3250.32
6370,3379.42
6371,3379.98
6372,3499.77
6373,2969.97
6374,2990.59
6375,3038.07
6376,3000.44
6377,2919.55
6378,2929.92
6379,2979.91
6380,3000.52
6381,2919.37
6382,2929.6
6383,2929.1
6384,2919.98
6385,2899.61
6386,2899.4
6387,2899.21
6388,2899.05
6389,2829.82
6390,2869.12
6391,2869.66
6392,2869.96
6393,2889.04
6394,2899.15
6395,2899.84
6396,2919.17
6397,2990.21
6398,3009.4
6399,3084.86
6400,3120.52
6401,3165.11
6402,3075.23
6403,3029.68
6404,3021.78
6405,3180.5
6406,3209.74
6407,3345.3
6408,3300.01
6409,3250.39
6410,3400.82
6411,4200.86
6412,4000.47
6413,4591.38
6414,4599.29
6415,5304.88
6416,5999.69
6417,8249.97
6418,9000.5
6419,8758.87
6420,7002.34
6421,5304.45
6422,5100.91
6423,4937.89
6424,4900.52
6425,4151.0
6426,4219.88
6427,4150.11
6428,3996.17
6429,4000.48
6430,3998.4
6431,3719.92
6432,3576.54
9313,3699.57
9314,3699.06
9315,3576.78
9316,3576.08
9317,3300.98
9318,3298.6
9319,3296.2
9320,3296.7
9321,3400.75
9322,3295.75
9323,3250.15
9324,3195.54
9325,3105.64
9326,3052.58
9327,2929.72
9328,2929.34
9329,2929.01
9330,2929.82
9331,3062.49
9332,3070.62
9333,3250.99
9334,3322.43
9335,3497.0
9336,3641.87
9337,3887.28
9338,4000.72
9339,3950.87
9340,3950.94
9341,4000.35
9342,3999.84
9343,3900.46
9344,3689.97
9345,3503.52
9346,3578.06
9347,3485.74
9348,3576.89
9349,3699.58
9350,3750.96
9351,3800.86
9352,3699.57
9353,3392.7
9354,3392.98
9355,3400.83
9356,3392.6
9357,3238.09
9358,3224.12
9359,3182.66
9360,3151.31
9361,3024.99
9362,3009.68
9363,3009.36
9364,3009.14
9365,2940.74
9366,2899.86
9367,2899.97
9368,2909.16
9369,3000.18
9370,3004.31
9371,3026.87
9372,3042.72
9373,3189.2
9374,3200.43
9375,3170.19
9376,3200.68
9377,3392.76
9378,3392.51
9379,3322.31
9380,3257.84
9381,3392.4
9382,3392.59
9383,3400.06
9384,3500.35
9385,3500.48
9386,3578.85
9387,3964.56
9388,4323.25
9389,4249.9
9390,4598.16
9391,5999.56
9392,8000.0
9393,8000.69
9394,9000.49
9395,9000.31
9396,9000.24
9397,7500.26
9398,6000.0
9399,5999.49
9400,5361.31
9401,5800.96
9402,5304.17
9403,4150.58
9404,3996.08
9405,4150.83
9406,4323.04
9407,4323.54
9408,4249.28
12193,3578.29
12194,3578.34
12195,3576.4
12196,3400.72
12197,3294.63
12198,3279.83
12199,3172.74
12200,3000.73
12201,3111.18
12202,3050.72
12203,3024.1
12204,2950.65
12205,2900.72
12206,2749.91
12207,2680.48
12208,2581.06
12209,2500.31
12210,2576.16
12211,2600.41
12212,2701.0
12213,2837.88
12214,2979.63
12215,3056.2
12216,3133.08
12217,3400.08
12218,3504.52
12219,3576.05
12220,3300.84
12221,3250.12
12222,3169.54
12223,3143.03
12224,2979.64
12225,2929.04
12226,3000.65
12227,2859.75
12228,2929.29
12229,2929.2
12230,2962.91
12231,2691.24
12232,2448.1
12233,2892.68
12234,2894.09
12235,2781.34
12236,2732.75
12237,2780.89
12238,2585.28
12239,2582.21
12240,2578.32
12241,2448.07
12242,2424.73
12243,2249.95
12244,2249.83
12245,2249.61
12246,2249.53
12247,2249.6
12248,2249.62
12249,2249.69
12250,2249.98
12251,2249.94
12252,2260.99
12253,2290.95
12254,2345.46
12255,2359.48
12256,2407.67
12257,2575.24
12258,2470.27
12259,2394.21
12260,2341.03
12261,2576.71
12262,2576.42
12263,2578.12
12264,2577.29
12265,2792.14
12266,2929.06
12267,3194.05
12268,3250.24
12269,3578.3
12270,3849.31
12271,4249.45
12272,4533.0
12273,4594.68
12274,4800.61
12275,4800.23
12276,4599.91
12277,4150.86
12278,4150.56
12279,4030.01
12280,3998.66
12281,3250.91
12282,3578.15
12283,3576.17
12284,3500.06
12285,3445.68
12286,3249.22
12287,3104.66
12288,2929.72
15169,3999.26
15170,3578.95
15171,3329.39
15172,3293.45
15173,3279.6
15174,3226.21
15175,3266.67
15176,3000.25
15177,2990.11
15178,2900.97
15179,3000.95
15180,3100.16
15181,3260.32
15182,3100.93
15183,3070.3
15184,2990.99
15185,3000.77
15186,3024.31
15187,3152.54
15188,3161.31
15189,3156.91
15190,3008.53
15191,2950.67
15192,3169.07
15193,3369.47
15194,3369.99
15195,3500.08
15196,3369.84
15197,3494.85
15198,3480.6
15199,3369.32
15200,3369.34
15201,3578.28
15202,3689.67
15203,3636.3
15204,3600.85
15205,3481.65
15206,3643.13
15207,3689.15
15208,3644.76
15209,3400.24
15210,3496.19
15211,3500.72
15212,3578.76
15213,3393.5
15214,3393.75
15215,3393.47
15216,3393.34
15217,3321.32
15218,3332.42
15219,3335.26
15220,3327.79
15221,3274.2
15222,3270.56
15223,3279.14
15224,3288.26
15225,3270.41
15226,3279.91
15227,3270.3
15228,3295.2
15229,3317.41
15230,3314.7
15231,3319.23
15232,3320.35
15233,3496.19
15234,3496.88
15235,3369.8
15236,3369.14
15237,3281.29
15238,3279.58
15239,3290.55
15240,3314.42
15241,3313.18
15242,3689.93
15243,3850.13
15244,3950.97
15245,3741.05
15246,4469.0
15247,4865.73
15248,5999.01
15249,5999.49
15250,8000.6
15251,8000.59
15252,5999.89
15253,5999.21
15254,5499.48
15255,5149.43
15256,4312.08
15257,4250.77
15258,4150.37
15259,3994.28
15260,3997.1
15261,3989.13
15262,3989.67
15263,3860.88
15264,3699.96
18049,3578.66
18050,3379.38
18051,3294.84
18052,3233.76
18053,3100.55
18054,3000.8
18055,3168.12
18056,3144.03
18057,3144.81
18058,3144.05
18059,3144.07
18060,3000.38
18061,3000.7
18062,3144.08
18063,3144.01
18064,3000.77
18065,3070.48
18066,3006.58
18067,3144.73
18068,3300.0
18069,3250.23
18070,3002.73
18071,3161.1
18072,3270.0
18073,3379.3
18074,3578.19
18075,3578.19
18076,3578.15
18077,3500.48
18078,3443.41
18079,3393.98
18080,3393.51
18081,3393.55
18082,3379.07
18083,3369.48
18084,3169.53
18085,3169.27
18086,3324.03
18087,3379.16
18088,3379.72
18089,3379.01
18090,3379.65
18091,3357.49
18092,3324.2
18093,3357.43
18094,3379.43
18095,3357.55
18096,3379.52
18097,3150.22
18098,3150.98
18099,3250.13
18100,3231.45
18101,3000.69
18102,2949.63
18103,2949.06
18104,3000.58
18105,3000.46
18106,3200.09
18107,3250.14
18108,3324.25
18109,3324.04
18110,3250.53
18111,3238.44
18112,3393.21
18113,3310.79
18114,3250.63
18115,3150.22
18116,3144.9
18117,3169.05
18118,3169.51
18119,3200.92
18120,3353.8
18121,3366.15
18122,3578.47
18123,3699.65
18124,3964.84
18125,4000.89
18126,4593.25
18127,5314.05
18128,8000.05
18129,8000.1
18130,8000.35
18131,8000.09
18132,5999.59
18133,5314.98
18134,5250.9
18135,5250.39
18136,4492.92
18137,3989.24
18138,3996.39
18139,3699.54
18140,3699.65
18141,3500.83
18142,3442.06
18143,3379.02
18144,3250.19
21025,3300.35
21026,3233.44
21027,3196.4
21028,3193.18
21029,3189.01
21030,3170.94
21031,3000.34
21032,2949.35
21033,2859.33
21034,2799.48
21035,2650.69
21036,2600.52
21037,2539.44
21038,2439.52
21039,2439.53
21040,2402.37
21041,2439.77
21042,2540.09
21043,2700.19
21044,2744.8
21045,2859.02
21046,2859.17
21047,3049.38
21048,3008.0
21049,3269.26
21050,3499.85
21051,3578.49
21052,3689.15
21053,3754.03
21054,3721.75
21055,3689.14
21056,3634.4
21057,3634.5
21058,3632.02
21059,3578.15
21060,3393.9
21061,3393.94
21062,3578.27
21063,3393.9
21064,3393.73
21065,3192.6
21066,3199.4
21067,3274.3
21068,3324.3
21069,3189.13
21070,3200.24
21071,3250.98
21072,3324.58
21073,3230.95
21074,3199.75
21075,3195.87
21076,3189.99
21077,3189.18
21078,3189.01
21079,3189.57
21080,3189.72
21081,3189.65
21082,3197.61
21083,3250.35
21084,3232.45
21085,3198.41
21086,3199.86
21087,3197.21
21088,3379.8
21089,3169.34
21090,3169.29
21091,3169.49
21092,3169.6
21093,3209.75
21094,3209.07
21095,3238.06
21096,3209.06
21097,3169.64
21098,3250.64
21099,3537.04
21100,3689.74
21101,3799.25
21102,4500.27
21103,5000.96
21104,5999.37
21105,5315.97
21106,6000.19
21107,5999.18
21108,5315.83
21109,5999.05
21110,5200.96
21111,5000.96
21112,4900.51
21113,4440.4
21114,4250.46
21115,3442.09
21116,3100.33
21117,3250.25
21118,3442.34
21119,3578.45
21120,3634.45
24001,3689.84
24002,3634.07
24003,3499.2
24004,3199.75
24005,3456.89
24006,3400.72
24007,3250.07
24008,3222.21
24009,3379.56
24010,3369.68
24011,3169.65
24012,3169.43
24013,2949.32
24014,2899.91
24015,2899.32
24016,2899.06
24017,2968.11
24018,3000.28
24019,3028.8
24020,3169.08
24021,3300.65
24022,3227.12
24023,3578.17
24024,3300.94
24025,3578.58
24026,3631.67
24027,4200.57
24028,4900.31
24029,4500.27
24030,4750.4
24031,3964.7
24032,3898.54
24033,3799.81
24034,3964.56
24035,3689.52
24036,3689.67
24037,3578.07
24038,3665.67
24039,3700.93
24040,3829.24
24041,3578.68
24042,3578.6
24043,3634.96
24044,3689.15
24045,3665.23
24046,3770.26
24047,3689.43
24048,3689.52
24049,3578.2
24050,3400.82
24051,3400.54
24052,3393.84
24053,3393.91
24054,3393.77
24055,3578.5
24056,3578.91
24057,3578.85
24058,3578.2
24059,3634.08
24060,3634.2
24061,3578.75
24062,3578.41
24063,3578.04
24064,3578.0
24065,3500.55
24066,3393.04
24067,3393.08
24068,3393.08
24069,3538.02
24070,3538.65
24071,3578.29
24072,3536.15
24073,3578.94
24074,3634.27
24075,3578.92
24076,4472.08
24077,3950.47
24078,4472.9
24079,5999.3
24080,6196.87
24081,5999.58
24082,8100.9
24083,8750.38
24084,7500.79
24085,7500.53
24086,6800.17
24087,5999.46
24088,5315.73
24089,5315.73
24090,5315.0
24091,4472.77
24092,4250.89
24093,4250.91
24094,4472.55
24095,4250.82
24096,4250.57
26881,4249.99
26882,3635.52
26883,3518.86
26884,3518.27
26885,3518.51
26886,3518.73
26887,3500.42
26888,3508.15
26889,3272.01
26890,3267.61
26891,3169.36
26892,3102.11
26893,3083.49
26894,3049.22
26895,2960.23
26896,2899.86
26897,2862.9
26898,2937.26
26899,2968.73
26900,2949.22
26901,3000.35
26902,3000.64
26903,3121.47
26904,3170.4
26905,3268.97
26906,3379.11
26907,3620.63
26908,3689.22
26909,3689.8
26910,3665.35
26911,3518.58
26912,3400.98
26913,3393.63
26914,3500.77
26915,3400.89
26916,3442.62
26917,3393.33
26918,3489.84
26919,3638.37
26920,3689.46
26921,3518.14
26922,3518.28
26923,3518.58
26924,3518.83
26925,3442.8
26926,3518.03
26927,3400.51
26928,3393.97
26929,3261.43
26930,3250.74
26931,3250.42
26932,3249.89
26933,3189.36
26934,3189.4
26935,3189.04
26936,3189.84
26937,3189.92
26938,3200.37
26939,3269.02
26940,3301.03
26941,3281.07
26942,3269.78
26943,3259.11
26944,3249.11
26945,3249.37
26946,3189.53
26947,3169.91
26948,3135.36
26949,3170.08
26950,3169.49
26951,3098.5
26952,2900.35
26953,2913.08
26954,3189.24
26955,3601.07
26956,4249.88
26957,4250.08
26958,4680.32
26959,5315.83
26960,7700.06
26961,5315.67
26962,5315.72
26963,5100.27
26964,4899.3
26965,4800.85
26966,4472.43
26967,4600.42
26968,4472.39
26969,4249.05
26970,4250.83
26971,4472.6
26972,4250.39
26973,4250.04
26974,3665.91
26975,3734.0
26976,3600.35
29857,4471.67
29858,3518.88
29859,3400.24
29860,3251.0
29861,3229.16
29862,3184.43
29863,3196.65
29864,3196.88
29865,3286.1
29866,3224.76
29867,3271.43
29868,3249.8
29869,3194.52
29870,3189.76
29871,3150.08
29872,3083.4
29873,2949.12
29874,3000.65
29875,3150.49
29876,3000.6
29877,3150.93
29878,3150.99
29879,3259.48
29880,3499.63
29881,3689.04
29882,3689.2
29883,3689.74
29884,3898.04
29885,4000.78
29886,4000.39
29887,3751.95
29888,3751.31
29889,3689.27
29890,3689.77
29891,3665.65
29892,3580.26
29893,3296.38
29894,3296.39
29895,3196.5
29896,3296.32
29897,3250.49
29898,3296.18
29899,3278.11
29900,3296.03
29901,3250.05
29902,3247.87
29903,3270.33
29904,3296.22
29905,3193.62
29906,3193.04
29907,3104.78
29908,2998.72
29909,2900.32
29910,2949.5
29911,2940.24
29912,2998.65
29913,3083.93
29914,3139.35
29915,3139.62
29916,3161.64
29917,3150.81
29918,3145.98
29919,3127.4
29920,3100.55
29921,3150.41
29922,3139.76
29923,3150.46
29924,3101.38
29925,3196.26
29926,3194.02
29927,3191.05
29928,3194.93
29929,3216.64
29930,3500.7
29931,4199.6
29932,4250.07
29933,4594.96
29934,5367.43
29935,5368.0
29936,7868.81
29937,7500.07
29938,7500.67
29939,7500.59
29940,5999.92
29941,5999.95
29942,5500.17
29943,5367.46
29944,5149.59
29945,5367.09
29946,5368.0
29947,5100.75
29948,4250.32
29949,4249.5
29950,3850.83
29951,3989.92
29952,3957.31
32737,4000.19
32738,3500.14
32739,3498.05
32740,3271.59
32741,3194.83
32742,3191.35
32743,3149.61
32744,3151.95
32745,3189.05
32746,3183.28
32747,3189.18
32748,3141.27
32749,2974.45
32750,2949.0
32751,2899.35
32752,2700.89
32753,2626.7
32754,2648.28
32755,2631.05
32756,2629.7
32757,2622.21
32758,2620.97
32759,2659.98
32760,2631.1
32761,2859.84
32762,3150.09
32763,3189.43
32764,3189.59
32765,3189.12
32766,3189.22
32767,3150.92
32768,3150.84
32769,3150.48
32770,3169.16
32771,3083.3
32772,2968.13
32773,2859.6
32774,2700.28
32775,2691.21
32776,2799.41
32777,2498.01
32778,2589.63
32779,2624.77
32780,2627.05
32781,2602.08
32782,2587.84
32783,2570.81
32784,2538.34
32785,2518.03
32786,2525.19
32787,2524.61
32788,2495.03
32789,2439.99
32790,2439.82
32791,2500.02
32792,2619.14
32793,2621.54
32794,2629.3
32795,2673.66
32796,2692.52
32797,2732.6
32798,2732.5
32799,2732.86
32800,2732.58
32801,2732.2
32802,2732.21
32803,2711.4
32804,2709.46
32805,2899.33
32806,2859.05
32807,2859.1
32808,2859.18
32809,2798.14
32810,2899.45
32811,3195.45
32812,3199.92
32813,3469.89
32814,4250.1
32815,4472.19
32816,4596.85
32817,4599.58
32818,4800.82
32819,4803.31
32820,4800.54
32821,4472.68
32822,4469.48
32823,4250.26
32824,4100.31
32825,3518.49
32826,3518.98
32827,3633.79
32828,3518.76
32829,3518.93
32830,3518.39
32831,3519.0
32832,3518.67
21505,3600.29
21506,3498.64
21507,3447.75
21508,3243.41
21509,3199.79
21510,3195.46
21511,3189.7
21512,3132.31
21513,2970.9
21514,2968.77
21515,2899.41
21516,2803.0
21517,2700.41
21518,2635.35
21519,2700.19
21520,2628.46
21521,2569.19
21522,2598.3
21523,2625.88
21524,2623.99
21525,2708.47
21526,2630.48
21527,2699.98
21528,2776.16
21529,3219.22
21530,3222.07
21531,3219.72
21532,3219.53
21533,3219.87
21534,3250.36
21535,3219.72
21536,3299.06
21537,3194.07
21538,3219.6
21539,3195.98
21540,3299.2
21541,3191.18
21542,3190.0
21543,3159.53
21544,3189.18
21545,2999.45
21546,3095.45
21547,3129.76
21548,3152.52
21549,2970.72
21550,2999.03
21551,3000.07
21552,3000.55
21553,2899.88
21554,2899.84
21555,2899.76
21556,2899.67
21557,2899.59
21558,2899.53
21559,2899.66
21560,2899.79
21561,2899.97
21562,2970.5
21563,3083.26
21564,3100.18
21565,3152.33
21566,3159.46
21567,3159.51
21568,3152.63
21569,3217.48
21570,3189.67
21571,3189.11
21572,3152.05
21573,3159.93
21574,3125.42
21575,3082.32
21576,3000.23
21577,2899.91
21578,3300.24
21579,3759.3
21580,3759.86
21581,3964.88
21582,4592.9
21583,5014.0
21584,5370.97
21585,5150.55
21586,5149.77
21587,5010.22
21588,4900.5
21589,4349.14
21590,4270.12
21591,4250.82
21592,4250.37
21593,3799.16
21594,3869.48
21595,3708.5
21596,3498.99
21597,3498.61
21598,3379.53
21599,3379.02
21600,3250.55
21601,3195.51
21602,3191.15
21603,3100.01
21604,2899.98
21605,2899.52
21606,2899.42
21607,2899.45
21608,2899.99
21609,2899.95
21610,2949.82
21611,2899.86
21612,2970.03
21613,2970.72
21614,2949.87
21615,2970.72
21616,2949.5
21617,2899.36
21618,2899.56
21619,2899.62
21620,2899.55
21621,2899.23
21622,2859.09
21623,2594.15
21624,2659.28
21625,2859.05
21626,2859.81
21627,2899.95
21628,3047.21
21629,3047.52
21630,3152.35
21631,3152.54
21632,2940.49
21633,2884.45
21634,2899.38
21635,2899.39
21636,2899.75
21637,2881.09
21638,2859.94
21639,2899.11
21640,2899.41
21641,2940.96
21642,2970.59
21643,2901.0
21644,2970.04
21645,2899.55
21646,2899.81
21647,2900.04
21648,2970.33
21649,2899.92
21650,2899.91
21651,2899.9
21652,2899.8
21653,2899.73
21654,2899.71
21655,2899.8
21656,2899.96
21657,2949.84
21658,2970.46
21659,3047.53
21660,2970.97
21661,2970.64
21662,3047.67
21663,3048.21
21664,3047.43
21665,3000.02
21666,2970.27
21667,2962.09
21668,2949.38
21669,2970.22
21670,2939.54
21671,2899.95
21672,2899.97
21673,2899.64
21674,3279.06
21675,3759.04
21676,4250.69
21677,4250.65
21678,5149.97
21679,5999.46
21680,8017.0
21681,7400.11
21682,5999.96
21683,5999.5
21684,5412.78
21685,5007.23
21686,4899.11
21687,4270.49
21688,4250.23
21689,3400.81
21690,3498.49
21691,3283.69
21692,3198.81
21693,3198.25
21694,3195.08
21695,3000.22
21696,3000.43
21697,3197.3
21698,3196.01
21699,3189.68
21700,2960.19
21701,2899.91
21702,2899.7
21703,2899.47
21704,2899.21
21705,2748.52
21706,2659.77
21707,2748.37
21708,2748.69
21709,2899.36
21710,2899.23
21711,2899.25
21712,2899.04
21713,2899.0
21714,2899.1
21715,2899.16
21716,2899.36
21717,2899.17
21718,2899.03
21719,2919.85
21720,2859.61
21721,2960.67
21722,3189.74
21723,3300.54
21724,3681.94
21725,2859.55
21726,2859.56
21727,2819.11
21728,2652.51
21729,2516.97
21730,2724.34
21731,2724.53
21732,2724.57
21733,2548.44
21734,2594.4
21735,2548.07
21736,2548.54
21737,2299.93
21738,2439.99
21739,2548.41
21740,2548.18
21741,2299.79
21742,2299.55
21743,2249.71
21744,2249.43
21745,2249.51
21746,2249.58
21747,2249.62
21748,2249.61
21749,2249.54
21750,2249.56
21751,2249.6
21752,2249.71
21753,2249.52
21754,2249.36
21755,2249.42
21756,2249.47
21757,2249.3
21758,2249.28
21759,2249.14
21760,2249.06
21761,2249.1
21762,2198.2
21763,2249.17
21764,2135.08
21765,1999.77
21766,1899.56
21767,1869.99
21768,1884.43
21769,2548.03
21770,2859.98
21771,2899.64
21772,3000.98
21773,3099.16
21774,3813.41
21775,4500.9
21776,4596.67
21777,4592.66
21778,4597.84
21779,4599.37
21780,4596.66
21781,4100.15
21782,3810.46
21783,3498.1
21784,3099.02
21785,2960.94
21786,3498.49
21787,3250.41
21788,3193.67
21789,2899.97
21790,2899.58
21791,2899.45
21792,2899.45
21793,3100.14
21794,2960.2
21795,2914.17
21796,2899.58
21797,2899.2
21798,2899.04
21799,2819.98
21800,2734.26
21801,2439.19
21802,2309.35
21803,1989.91
21804,1989.14
21805,1989.27
21806,1939.68
21807,1989.16
21808,1793.27
21809,1793.95
21810,1799.38
21811,1989.74
21812,1989.86
21813,1989.81
21814,1989.02
21815,2309.7
21816,2439.59
21817,3189.33
21818,3680.39
21819,3964.63
21820,4000.57
21821,3950.96
21822,4400.07
21823,3964.7
21824,4200.16
21825,3498.84
21826,3814.13
21827,3683.39
21828,3725.5
21829,3601.28
21830,3749.28
21831,3749.37
21832,3749.94
21833,3249.04
21834,3395.7
21835,3250.38
21836,3249.61
21837,3045.6
21838,3189.73
21839,3200.42
21840,3189.78
21841,3045.53
21842,3045.59
21843,3000.78
21844,2969.5
21845,2960.85
21846,2960.94
21847,2969.36
21848,3045.26
21849,3045.78
21850,3194.16
21851,3198.84
21852,3196.68
21853,3249.53
21854,3199.88
21855,3200.42
21856,3249.99
21857,3300.71
21858,3193.86
21859,3102.94
21860,3189.42
21861,3197.26
21862,3189.43
21863,3189.67
21864,3191.87
21865,2949.37
21866,4300.14
21867,4800.11
21868,5300.78
21869,5800.91
21870,6550.74
21871,7500.79
21872,8100.63
21873,8100.6
21874,8003.68
21875,8000.39
21876,7000.83
21877,6600.73
21878,6400.45
21879,6000.51
21880,5800.39
21881,5400.63
21882,5400.44
21883,5150.0
21884,4456.12
21885,4250.46
21886,4200.95
21887,4200.89
21888,4200.73
21889,3498.9
21890,3498.11
21891,3200.85
21892,3189.05
21893,3000.24
21894,3000.57
21895,2899.76
21896,2899.58
21897,2899.18
21898,2893.5
21899,2899.07
21900,2747.24
21901,2700.35
21902,2659.87
21903,2734.34
21904,2500.22
21905,2439.75
21906,2500.23
21907,2548.69
21908,2548.09
21909,2734.15
21910,2700.59
21911,2899.12
21912,2899.48
21913,3159.19
21914,3239.52
21915,3498.78
21916,3498.83
21917,3447.8
21918,3480.05
21919,3406.5
21920,3447.07
21921,3196.99
21922,3197.88
21923,3196.53
21924,3194.71
21925,3169.69
21926,3194.43
21927,2998.77
21928,3189.47
21929,2949.51
21930,2960.16
21931,2944.46
21932,2899.99
21933,2899.51
21934,2899.89
21935,2899.9
21936,2899.87
21937,2899.75
21938,2899.71
21939,2899.7
21940,2899.68
21941,2899.67
21942,2899.64
21943,2899.65
21944,2899.67
21945,2899.82
21946,2899.93
21947,2900.99
21948,2949.41
21949,2944.21
21950,3042.32
21951,2899.9
21952,2899.88
21953,3045.87
21954,2960.08
21955,2949.46
21956,2949.04
21957,3000.4
21958,3000.13
21959,2899.71
21960,2899.81
21961,2899.31
21962,3249.56
21963,3840.38
21964,3911.72
21965,4312.06
21966,4597.43
21967,5999.7
21968,6000.56
21969,7099.05
21970,6999.68
21971,7099.65
21972,5999.85
21973,6249.78
21974,5800.75
21975,4800.18
21976,4519.67
21977,5749.28
21978,6700.63
21979,6500.7
21980,5800.65
21981,5500.45
21982,5500.4
21983,5500.27
21984,5500.11
21985,4800.08
21986,4800.04
21987,4600.01
21988,3498.96
21989,3498.3
21990,3170.4
21991,2748.96
21992,2439.69
21993,2439.98
21994,2270.39
21995,1942.05
21996,1793.15
21997,1781.59
21998,1786.31
21999,1749.96
22000,1782.03
22001,1749.7
22002,1749.95
22003,1749.98
22004,1781.19
22005,1749.97
22006,1794.02
22007,2000.2
22008,1851.98
22009,2548.27
22010,2892.42
22011,2899.9
22012,2949.01
22013,2949.47
22014,3149.28
22015,3149.23
22016,3159.6
22017,3189.67
22018,3035.99
22019,2899.89
22020,2899.81
22021,2899.52
22022,3035.2
22023,3035.5
22024,3035.73
22025,2899.32
22026,2899.49
22027,2899.17
22028,2899.19
22029,2899.11
22030,2899.05
22031,2899.06
22032,2899.08
22033,2899.03
22034,2748.92
22035,2863.06
22036,2734.96
22037,2659.86
22038,2596.08
22039,2596.36
22040,2598.03
22041,2659.34
22042,2734.23
22043,2763.17
22044,2810.78
22045,2763.89
22046,2891.25
22047,2899.07
22048,2899.08
22049,2899.17
22050,2899.16
22051,2899.29
22052,2899.33
22053,2899.36
22054,2899.45
22055,2899.42
22056,2899.52
22057,2899.55
22058,2899.94
22059,3198.31
22060,3498.62
22061,3989.72
22062,4269.58
22063,5100.68
22064,5469.18
22065,5380.69
22066,5750.8
22067,5249.18
22068,4597.37
22069,4540.43
22070,4449.81
22071,3699.89
22072,3636.63
22073,7300.02
22074,8200.45
22075,8200.44
22076,7300.63
22077,7000.42
22078,7000.36
22079,7000.3
22080,7000.16
22081,3498.29
22082,2911.5
22083,2899.2
22084,2871.4
22085,2899.04
22086,2818.72
22087,2714.37
22088,2714.17
22089,2714.2
22090,2714.02
22091,2659.55
22092,2500.32
22093,2400.33
22094,2249.61
22095,2249.33
22096,2249.27
22097,2249.24
22098,2249.43
22099,2249.37
22100,2249.34
22101,2249.86
22102,2249.19
22103,2439.32
22104,2500.08
22105,2699.32
22106,2714.79
22107,2859.3
22108,2859.41
22109,2859.2
22110,2859.39
22111,2859.58
22112,2859.82
22113,2818.53
22114,2714.85
22115,2714.67
22116,2714.5
22117,2714.01
22118,2714.17
22119,2714.24
22120,2714.06
22121,2500.09
22122,2439.89
22123,2439.17
22124,2249.96
22125,2249.59
22126,2249.59
22127,2249.59
22128,2249.54
22129,2249.42
22130,2249.4
22131,2249.43
22132,2249.52
22133,2249.29
22134,2249.26
22135,2249.23
22136,2249.2
22137,2249.18
22138,2249.31
22139,2249.3
22140,2249.4
22141,2249.69
22142,2249.7
22143,2249.74
22144,2249.92
22145,2500.06
22146,2249.77
22147,2249.99
22148,2439.78
22149,2580.77
22150,2659.68
22151,2659.81
22152,2659.19
22153,2859.33
22154,2899.12
22155,2950.9
22156,3419.26
22157,4227.5
22158,4251.0
22159,4500.59
22160,4603.5
22161,4603.41
22162,5100.35
22163,4700.9
22164,4603.58
22165,4900.93
22166,4603.23
22167,3700.59
22168,3590.5
22169,3498.46
22170,4033.52
22171,7000.86
22172,3814.93
22173,3099.46
22174,2899.91
22175,2899.93
22176,2899.71
22177,2899.04
22178,2859.46
22179,2821.91
22180,2714.45
22181,2714.04
22182,2714.17
22183,2659.66
22184,2714.04
22185,2659.54
22186,2548.52
22187,2659.11
22188,2548.48
22189,2548.6
22190,2548.13
22191,2500.94
22192,2500.16
22193,2539.13
22194,2548.54
22195,2548.76
22196,2600.6
22197,2859.52
22198,2548.33
22199,2548.48
22200,2439.79
22201,2439.24
22202,2548.68
22203,2859.23
22204,2899.0
22205,2899.47
22206,2899.46
22207,2899.87
22208,2899.89
22209,2899.69
22210,2899.61
22211,2899.71
22212,2899.88
22213,2997.43
22214,3099.81
22215,3000.73
22216,3000.63
22217,2995.47
22218,2997.07
22219,2999.7
22220,3000.02
22221,2899.52
22222,2899.49
22223,2899.49
22224,2899.53
22225,2899.35
22226,2899.38
22227,2899.37
22228,2899.32
22229,2889.93
22230,2899.02
22231,2899.08
22232,2899.18
22233,2899.35
22234,2899.5
22235,2899.57
22236,2899.65
22237,2899.82
22238,2899.81
22239,2899.92
22240,2899.86
22241,2929.19
22242,2950.24
22243,2929.64
22244,2899.85
22245,3000.04
22246,2950.78
22247,2929.05
22248,2996.89
22249,3594.38
22250,3950.12
22251,4840.39
22252,4730.13
22253,4900.04
22254,5100.76
22255,5423.22
22256,5630.69
22257,5999.37
22258,8000.43
22259,7000.5
22260,5999.74
22261,5423.18
22262,4992.53
22263,4519.04
22264,4499.56
22265,3594.3
22266,4250.49
22267,4250.27
22268,3750.7
22269,3498.59
22270,3250.04
22271,3250.77
22272,3193.57
22273,2748.59
22274,2899.07
22275,2714.94
22276,2700.31
22277,2270.49
22278,2249.59
22279,1749.92
22280,1749.55
22281,1749.57
22282,1749.37
22283,1749.28
22284,1749.24
22285,1749.23
22286,1749.22
22287,1749.23
22288,1749.19
22289,1749.07
22290,1749.21
22291,1749.28
22292,1749.61
22293,1749.44
22294,1749.42
22295,1899.83
22296,1899.74
22297,2249.63
22298,2249.64
22299,2309.58
22300,2548.14
22301,2548.68
22302,2700.36
22303,2817.59
22304,2659.3
22305,2309.29
22306,2659.33
22307,2659.71
22308,2819.92
22309,2764.84
22310,2899.03
22311,2859.29
22312,2899.06
22313,2899.0
22314,2899.17
22315,2899.01
22316,2899.02
22317,2899.08
22318,2899.03
22319,2800.02
22320,2750.29
22321,2714.48
22322,2700.67
22323,2659.6
22324,2659.36
22325,2592.58
22326,2500.77
22327,2592.4
22328,2598.32
22329,2653.42
22330,2653.84
22331,2700.29
22332,2725.12
22333,2725.89
22334,2764.99
22335,2899.12
22336,2899.08
22337,2899.15
22338,2899.13
22339,2899.23
22340,2899.16
22341,2899.14
22342,2899.09
22343,2899.15
22344,2899.15
22345,2899.31
22346,2899.69
22347,3209.13
22348,3498.53
22349,4312.95
22350,4619.8
22351,5319.09
22352,5369.68
22353,5319.68
22354,5402.19
22355,5319.53
22356,5100.48
22357,5100.63
22358,4700.81
22359,4250.41
22360,4200.24
22361,3594.61
22362,3989.1
22363,3498.72
22364,2999.04
22365,2899.59
22366,2899.46
22367,2899.61
22368,2899.33
22369,2704.29
22370,2659.85
22371,2402.53
22372,2249.96
22373,2249.74
22374,2249.47
22375,2249.1
22376,2249.01
22377,2249.08
22378,2200.8
22379,2193.54
22380,2019.28
22381,2000.65
22382,1895.36
22383,2070.81
22384,2019.96
22385,1895.74
22386,2019.61
22387,2120.98
22388,2200.43
22389,2249.93
22390,2249.96
22391,2402.83
22392,2402.3
22393,2548.73
22394,2548.14
22395,2548.23
22396,2659.29
22397,2659.88
22398,2859.0
22399,2859.12
22400,2659.94
22401,2309.23
22402,2449.37
22403,2449.55
22404,2548.26
22405,2548.97
22406,2704.47
22407,2548.34
22408,2659.08
22409,2590.12
22410,2594.29
22411,2591.33
22412,2590.63
22413,2595.82
22414,2596.88
22415,2597.18
22416,2596.88
22417,2593.27
22418,2592.73
22419,2592.02
22420,2590.85
22421,2330.93
22422,2249.99
22423,2330.96
22424,2548.59
22425,2548.6
22426,2580.72
22427,2704.02
22428,2704.13
22429,2704.32
22430,2704.67
22431,2704.6
22432,2704.57
22433,2704.7
22434,2704.7
22435,2704.72
22436,2704.69
22437,2899.02
22438,2859.66
22439,2859.25
22440,2859.07
22441,2899.05
22442,2899.44
22443,3163.57
22444,3594.79
22445,4269.71
22446,4430.93
22447,5007.24
22448,5100.42
22449,5265.16
22450,5265.24
22451,5000.82
22452,4700.33
22453,4499.8
22454,4250.88
22455,3899.28
22456,3759.68
22457,3498.37
22458,3594.46
22459,3750.19
22460,3594.34
22461,3498.24
22462,3159.49
22463,3000.9
22464,2899.67
22465,2707.75
22466,2747.85
22467,2704.98
22468,2659.83
22469,2500.64
22470,2500.72
22471,2564.5
22472,2500.49
22473,2548.27
22474,2548.45
22475,2548.22
22476,2439.87
22477,2439.79
22478,2439.26
22479,2400.39
22480,2351.21
22481,2337.4
22482,2439.31
22483,2439.21
22484,2617.13
22485,2811.88
22486,2859.47
22487,2899.11
22488,2899.42
22489,2900.68
22490,3060.91
22491,3250.2
22492,3300.97
22493,3250.36
22494,3159.16
22495,3159.27
22496,2900.1
22497,3036.8
22498,3036.59
22499,2859.57
22500,2859.61
22501,2764.52
22502,2824.53
22503,2899.11
22504,2899.27
22505,2899.44
22506,2899.54
22507,2899.26
22508,2899.21
22509,2899.08
22510,2899.5
22511,2899.41
22512,2899.36
22513,2899.22
22514,2899.19
22515,2899.17
22516,2899.14
22517,2899.02
22518,2874.96
22519,2899.04
22520,2899.0
22521,2899.05
22522,2899.12
22523,2899.15
22524,2899.18
22525,2899.19
22526,2899.29
22527,2899.51
22528,2899.49
22529,2899.32
22530,2899.31
22531,2899.3
22532,2899.17
22533,2899.46
22534,2899.47
22535,2899.38
22536,2899.39
22537,2899.49
22538,3759.21
22539,4499.12
22540,4900.79
22541,5100.16
22542,5999.12
22543,7500.49
22544,7500.97
22545,7500.83
22546,7500.74
22547,7500.22
22548,6700.12
22549,5999.16
22550,5287.72
22551,4653.5
22552,4500.85
22553,4499.74
22554,4619.02
22555,4499.72
22556,4419.65
22557,3989.11
22558,3869.2
22559,3498.85
22560,3400.41
22561,3423.86
22562,3425.86
22563,3300.38
22564,3159.48
22565,2899.92
22566,2899.63
22567,2899.52
22568,2899.15
22569,2885.84
22570,2885.43
22571,2859.95
22572,2859.55
22573,2859.28
22574,2840.96
22575,2859.12
22576,2859.05
22577,2738.09
22578,2750.68
22579,2795.4
22580,2795.61
22581,2859.29
22582,2815.88
22583,2738.91
22584,2809.16
22585,2960.85
22586,3119.67
22587,3448.84
22588,3500.49
22589,3448.37
22590,3448.49
22591,3350.75
22592,3300.18
22593,2899.81
22594,2899.2
22595,2859.66
22596,2859.2
22597,2827.43
22598,2859.99
22599,2899.02
22600,2899.22
22601,2899.16
22602,2899.5
22603,2899.51
22604,2899.36
22605,2859.97
22606,2885.16
22607,2885.12
22608,2885.02
22609,2859.56
22610,2859.44
22611,2859.35
22612,2859.33
22613,2795.84
22614,2749.41
22615,2749.41
22616,2795.74
22617,2885.19
22618,2890.57
22619,2899.07
22620,2899.07
22621,2899.29
22622,2899.28
22623,2899.17
22624,2899.17
22625,2859.78
22626,2899.01
22627,2899.0
22628,2859.8
22629,2859.4
22630,2859.43
22631,2859.31
22632,2859.66
22633,2899.26
22634,3500.81
22635,4499.83
22636,5000.36
22637,5999.75
22638,6774.92
22639,8000.08
22640,8337.11
22641,8306.8
22642,8209.02
22643,8000.8
22644,7247.01
22645,6806.59
22646,5500.66
22647,5370.92
22648,5370.15
22649,4499.71
22650,4349.48
22651,4419.51
22652,4250.59
22653,3813.82
22654,3759.3
22655,3759.73
22656,3681.39
22657,3701.52
22658,3701.29
22659,3621.64
22660,3594.07
22661,3170.2
22662,3099.69
22663,3036.98
22664,2899.99
22665,2899.58
22666,2899.53
22667,2899.13
22668,2885.89
22669,2859.58
22670,2847.26
22671,2859.09
22672,2815.14
22673,2747.91
22674,2764.72
22675,2802.81
22676,2778.2
22677,2764.53
22678,2725.48
22679,2725.87
22680,2725.84
22681,2779.77
22682,2899.67
22683,3120.91
22684,3300.68
22685,3170.43
22686,3400.4
22687,3159.57
22688,2899.17
22689,2659.51
22690,2725.9
22691,2725.4
22692,2725.02
22693,2749.22
22694,2764.13
22695,2764.55
22696,2764.54
22697,2738.2
22698,2749.65
22699,2738.6
22700,2749.22
22701,2738.83
22702,2764.35
22703,2764.14
22704,2764.15
22705,2725.22
22706,2725.01
22707,2680.92
22708,2676.47
22709,2649.85
22710,2649.74
22711,2653.75
22712,2658.31
22713,2725.08
22714,2749.15
22715,2764.29
22716,2764.73
22717,2824.38
22718,2856.17
22719,2885.51
22720,2885.41
22721,2899.32
22722,2899.26
22723,2899.24
22724,2899.16
22725,2899.07
22726,2899.08
22727,2899.1
22728,2899.18
22729,2899.16
22730,3099.71
22731,4100.52
22732,4140.3
22733,4734.85
22734,5328.83
22735,5999.37
22736,5999.78
22737,8000.0
22738,8000.35
22739,8000.23
22740,5999.41
22741,5329.0
22742,5328.22
22743,4734.27
22744,4499.6
22745,4499.03
22746,4499.88
22747,4250.84
22748,3808.42
22749,3599.65
22750,3594.16
22751,3594.37
22752,3588.63
22753,3100.82
22754,3099.99
22755,3100.89
22756,3099.02
22757,2900.66
22758,2899.25
22759,2764.79
22760,2764.31
22761,2746.28
22762,2725.57
22763,2685.8
22764,2659.41
22765,2520.97
22766,2519.12
22767,2464.67
22768,2439.48
22769,2269.71
22770,2301.08
22771,2351.01
22772,2402.62
22773,2520.71
22774,2449.73
22775,2309.97
22776,2449.05
22777,2519.66
22778,2520.78
22779,2604.69
22780,2659.36
22781,2519.5
22782,2520.03
22783,2439.91
22784,2301.7
22785,2269.01
22786,2227.24
22787,2227.05
22788,2185.43
22789,2227.17
22790,2185.83
22791,2185.78
22792,2227.12
22793,2227.9
22794,2227.87
22795,2249.07
22796,2249.16
22797,2249.15
22798,2249.12
22799,2249.11
22800,2249.17
22801,2249.16
22802,2249.19
22803,2249.02
22804,2227.84
22805,2227.08
22806,2185.86
22807,2185.76
22808,2185.83
22809,2185.92
22810,2208.83
22811,2185.61
22812,2185.33
22813,2185.46
22814,2185.67
22815,2227.2
22816,2227.29
22817,2249.81
22818,2249.74
22819,2301.38
22820,2301.56
22821,2309.56
22822,2439.88
22823,2548.93
22824,2649.36
22825,2797.55
22826,2899.03
22827,3349.7
22828,3412.98
22829,3759.91
22830,4170.66
22831,4250.45
22832,4349.63
22833,4775.21
22834,5402.78
22835,5439.4
22836,5357.88
22837,4775.92
22838,4597.05
22839,4499.72
22840,4312.03
22841,4250.39
22842,4250.27
22843,4049.73
22844,3759.14
22845,3412.96
22846,3159.71
22847,3167.31
22848,3250.14
22849,3498.61
22850,3498.22
22851,3439.65
22852,3165.3
22853,2949.42
22854,2899.98
22855,2899.71
22856,2899.22
22857,2706.87
22858,2700.58
22859,2706.95
22860,2653.76
22861,2653.67
22862,2653.49
22863,2653.3
22864,2644.68
22865,2520.2
22866,2519.99
22867,2520.59
22868,2548.29
22869,2301.71
22870,2301.55
22871,2301.05
22872,2301.34
22873,2309.55
22874,2519.13
22875,2689.97
22876,2859.26
22877,2859.56
22878,2859.16
22879,2764.46
22880,2725.01
22881,2519.88
22882,2599.5
22883,2627.0
22884,2599.16
22885,2649.57
22886,2653.24
22887,2659.39
22888,2725.26
22889,2764.06
22890,2725.95
22891,2725.85
22892,2725.89
22893,2689.62
22894,2689.6
22895,2689.98
22896,2689.29
22897,2659.06
22898,2653.68
22899,2653.3
22900,2652.98
22901,2604.47
22902,2604.1
22903,2636.77
22904,2649.97
22905,2689.06
22906,2689.66
22907,2725.29
22908,2725.52
22909,2725.26
22910,2725.46
22911,2764.17
22912,2764.37
22913,2899.06
22914,2859.79
22915,2859.73
22916,2859.41
22917,2859.84
22918,2899.87
22919,2938.15
22920,3036.59
22921,3036.47
22922,3498.03
22923,4499.06
22924,4250.22
22925,4500.05
22926,4769.7
22927,5448.6
22928,5999.05
22929,5999.15
22930,5999.56
22931,5999.6
22932,5999.08
22933,5999.53
22934,5448.81
22935,5439.55
22936,4800.83
22937,5439.07
22938,4769.15
22939,4499.44
22940,4250.45
22941,3759.74
22942,3613.48
22943,3613.8
22944,3498.9
22945,2900.99
22946,2949.81
22947,2949.58
22948,2900.6
22949,2659.79
22950,2548.67
22951,2518.18
22952,2351.84
22953,1989.44
22954,1899.96
22955,1822.08
22956,1749.83
22957,1749.75
22958,1749.62
22959,1749.47
22960,1749.28
22961,1899.79
22962,1899.3
22963,1999.55
22964,1999.35
22965,2439.42
22966,2439.15
22967,2449.03
22968,2459.56
22969,2459.36
22970,2539.18
22971,2539.99
22972,2539.97
22973,2548.13
22974,2548.5
22975,2539.16
22976,2459.78
22977,2267.55
22978,2267.59
22979,2267.68
22980,2267.79
22981,2267.82
22982,2296.01
22983,2296.06
22984,2296.14
22985,2296.12
22986,2296.23
22987,2296.87
22988,2389.18
22989,2539.14
22990,2549.3
22991,2549.34
22992,2549.32
22993,2539.35
22994,2539.25
22995,2539.1
22996,2513.29
22997,2498.25
22998,2484.93
22999,2498.03
23000,2539.28
23001,2539.18
23002,2539.55
23003,2549.17
23004,2549.38
23005,2590.27
23006,2597.38
23007,2597.8
23008,2619.28
23009,2659.03
23010,2619.98
23011,2659.25
23012,2659.48
23013,2659.05
23014,2659.07
23015,2659.52
23016,2659.29
23017,2658.13
23018,2969.5
23019,3759.72
23020,3899.55
23021,4250.13
23022,4499.21
23023,4779.99
23024,4999.69
23025,4999.04
23026,4848.07
23027,4749.72
23028,4499.89
23029,4250.99
23030,4250.69
23031,4250.27
23032,4249.77
23033,3699.23
23034,3989.92
23035,3992.9
23036,3899.97
23037,3000.24
23038,3000.11
23039,2999.55
23040,2979.49
23041,2887.94
23042,2887.82
23043,2887.52
23044,2859.98
23045,2859.3
23046,2800.82
23047,2761.14
23048,2824.1
23049,2813.0
23050,2819.55
23051,2761.31
23052,2769.89
23053,2659.06
23054,2548.88
23055,2500.08
23056,2449.94
23057,2548.54
23058,2548.36
23059,2619.26
23060,2619.96
23061,2659.89
23062,2548.42
23063,2619.73
23064,2659.38
23065,2619.34
23066,2659.03
23067,2619.78
23068,2750.08
23069,2699.18
23070,2659.29
23071,2651.59
23072,2548.53
23073,2309.67
23074,2296.59
23075,2296.57
23076,2309.86
23077,2309.31
23078,2296.92
23079,2513.68
23080,2513.4
23081,2619.1
23082,2619.75
23083,2619.97
23084,2659.66
23085,2699.71
23086,2723.86
23087,2723.34
23088,2749.25
23089,2723.28
23090,2723.0
23091,2659.66
23092,2647.31
23093,2619.73
23094,2619.5
23095,2619.91
23096,2643.85
23097,2622.66
23098,2659.09
23099,2723.14
23100,2723.85
23101,2762.59
23102,2762.54
23103,2799.67
23104,2800.13
23105,2859.25
23106,2819.93
23107,2819.62
23108,2819.44
23109,2809.99
23110,2819.53
23111,2859.27
23112,2859.67
23113,2855.07
23114,3099.15
23115,3498.72
23116,3380.14
23117,4450.07
23118,4700.38
23119,5396.72
23120,5396.11
23121,4500.78
23122,5310.21
23123,4863.41
23124,4500.29
23125,4250.88
23126,4250.32
23127,4032.65
23128,3989.14
23129,3500.83
23130,3759.38
23131,3613.75
23132,3400.21
23133,3000.58
23134,2919.6
23135,2919.18
23136,2899.63
23137,3159.76
23138,3159.27
23139,3099.17
23140,2862.14
23141,2857.33
23142,2816.87
23143,2702.31
23144,2659.45
23145,2630.24
23146,2439.21
23147,2500.41
23148,2402.53
23149,2439.78
23150,2402.32
23151,2439.12
23152,2600.82
23153,2351.99
23154,2659.02
23155,2659.62
23156,2670.25
23157,2713.75
23158,2659.89
23159,2719.45
23160,2857.41
23161,2814.64
23162,2859.88
23163,3033.59
23164,3380.71
23165,3060.8
23166,3099.15
23167,2948.26
23168,2859.02
23169,2799.99
23170,2819.15
23171,2800.21
23172,2819.88
23173,2723.79
23174,2762.38
23175,2762.29
23176,2762.26
23177,2762.58
23178,2762.29
23179,2800.26
23180,2810.22
23181,2762.67
23182,2762.54
23183,2762.93
23184,2762.54
23185,2723.21
23186,2700.95
23187,2659.88
23188,2659.77
23189,2659.32
23190,2659.33
23191,2659.38
23192,2659.65
23193,2659.76
23194,2719.38
23195,2762.15
23196,2762.38
23197,2762.77
23198,2779.55
23199,2779.65
23200,2857.11
23201,2899.39
23202,2899.49
23203,2899.84
23204,2941.17
23205,2862.29
23206,2859.98
23207,2899.03
23208,3060.65
23209,2862.6
23210,3618.16
23211,3870.26
23212,3999.66
23213,4430.62
23214,5700.79
23215,6900.46
23216,6900.34
23217,6900.07
23218,6900.05
23219,5999.51
23220,5448.4
23221,4779.22
23222,4250.96
23223,4250.49
23224,4250.45
23225,3759.24
23226,3999.56
23227,3805.83
23228,3749.58
23229,3583.55
23230,3159.56
23231,3159.44
23232,3100.89
23233,4200.07
23234,3957.49
23235,3583.45
23236,3400.28
23237,3250.57
23238,3150.39
23239,3159.57
23240,3109.19
23241,3099.91
23242,3070.07
23243,3089.2
23244,2999.68
23245,2919.43
23246,2863.13
23247,2857.76
23248,2857.12
23249,2787.67
23250,2808.09
23251,2857.64
23252,2857.46
23253,2857.93
23254,2859.32
23255,2963.29
23256,3068.35
23257,3069.58
23258,3159.49
23259,3400.17
23260,3190.29
23261,3108.26
23262,3060.14
23263,2941.32
23264,2859.72
23265,2723.86
23266,2739.92
23267,2659.74
23268,2659.54
23269,2659.59
23270,2723.55
23271,2738.23
23272,2749.6
23273,2723.82
23274,2723.8
23275,2723.29
23276,2739.02
23277,2669.83
23278,2678.78
23279,2669.92
23280,2670.86
23281,2676.6
23282,2700.63
23283,2723.84
23284,2723.53
23285,2723.53
23286,2705.2
23287,2669.96
23288,2739.35
23289,2669.53
23290,2669.05
23291,2723.23
23292,2723.47
23293,2739.26
23294,2739.74
23295,2739.69
23296,2739.43
23297,2862.65
23298,2859.68
23299,2899.9
23300,2900.63
23301,2899.68
23302,2919.63
23303,3060.46
23304,3113.81
23305,3159.89
23306,3800.22
23307,4750.58
23308,5000.22
23309,6000.36
23310,7007.57
23311,8236.81
23312,8400.65
23313,8400.19
23314,8384.86
23315,7250.4
23316,5999.37
23317,5480.21
23318,5000.33
23319,4700.64
23320,4250.94
23321,4010.16
23322,4250.28
23323,4250.03
23324,3814.82
23325,3630.16
23326,3501.92
23327,3428.49
23328,3159.77
769,2999.9
770,2999.36
771,2899.54
772,2899.19
773,2899.15
774,2800.49
775,2724.04
776,2659.43
777,2402.51
778,2439.23
779,2351.53
780,2439.43
781,2402.01
782,2110.59
783,2019.86
784,1810.11
785,2167.18
786,2313.97
787,2300.07
788,2439.32
789,2439.96
790,2600.62
791,2819.03
792,2819.01
793,2794.3
794,2999.21
795,3069.71
796,3099.79
797,3000.0
798,2859.06
799,2654.76
800,2439.25
801,2279.46
802,2309.8
803,2249.23
804,2249.82
805,2249.4
806,2249.92
807,2249.65
808,2249.43
809,2249.34
810,2249.58
811,2249.85
812,2279.1
813,2324.09
814,2324.42
815,2324.9
816,2354.14
817,2324.49
818,2324.35
819,2324.39
820,2324.3
821,2324.18
822,2324.41
823,2333.95
824,2354.43
825,2249.89
826,2249.92
827,2279.53
828,2279.71
829,2325.0
830,2324.76
831,2324.67
832,2324.81
833,2489.3
834,2567.53
835,2643.64
836,2639.44
837,2654.24
838,2673.65
839,2700.35
840,2709.59
841,2796.28
842,3141.41
843,3999.77
844,4170.66
845,5499.42
846,6632.5
847,6000.8
848,7922.79
849,5422.29
850,5010.86
851,4994.68
852,4500.92
853,4250.57
854,4200.98
855,4099.43
856,4010.82
857,3749.29
858,3818.94
859,3749.73
860,3569.41
861,2827.7
862,2709.07
863,2679.21
864,2639.68
3745,2869.86
3746,2869.34
3747,2849.08
3748,2819.11
3749,2700.1
3750,2652.18
3751,2402.84
3752,2300.71
3753,2015.76
3754,1999.52
3755,1900.95
3756,1749.97
3757,1749.84
3758,1749.79
3759,1749.75
3760,1749.66
3761,1749.66
3762,1749.67
3763,1812.12
3764,1749.99
3765,1999.9
3766,2110.97
3767,2189.06
3768,2309.23
3769,2249.48
3770,2419.53
3771,2548.48
3772,2654.04
3773,2354.73
3774,2324.77
3775,2324.63
3776,2329.4
3777,2249.69
3778,2279.55
3779,2249.3
3780,2249.49
3781,2241.65
3782,2244.94
3783,2241.08
3784,2189.91
3785,2189.88
3786,2189.66
3787,2189.78
3788,2200.34
3789,2200.37
3790,2241.42
3791,2189.9
3792,2189.96
3793,2189.72
3794,2189.64
3795,2189.25
3796,2189.2
3797,2180.57
3798,2043.33
3799,2042.95
3800,2180.1
3801,2189.33
3802,2189.5
3803,2189.59
3804,2189.65
3805,2244.7
3806,2244.09
3807,2249.15
3808,2249.23
3809,2249.31
3810,2249.21
3811,2249.27
3812,2249.31
3813,2249.34
3814,2249.47
3815,2249.82
3816,2309.15
3817,2819.93
3818,2859.41
3819,3065.14
3820,3177.17
3821,3750.45
3822,4000.19
3823,4140.49
3824,4140.03
3825,3814.57
3826,3849.03
3827,3814.52
3828,3812.95
3829,3249.32
3830,3226.21
3831,3143.14
3832,3132.25
3833,2959.15
3834,3032.21
3835,3007.07
3836,2899.97
3837,2899.62
3838,2899.55
3839,2899.06
3840,2892.65
6433,2750.85
6434,2695.57
6435,2639.32
6436,2600.32
6437,2682.24
6438,2639.35
6439,2619.03
6440,2569.5
6441,2569.67
6442,2500.84
6443,2270.55
6444,1999.89
6445,1999.6
6446,1999.2
6447,2000.2
6448,1999.61
6449,1999.02
6450,1999.04
6451,1999.76
6452,2012.98
6453,2184.27
6454,2020.09
6455,2569.4
6456,2639.87
6457,2639.65
6458,2884.46
6459,2949.98
6460,3100.33
6461,3427.72
6462,3092.38
6463,3092.16
6464,2919.8
6465,2884.51
6466,2820.9
6467,2820.87
6468,2871.48
6469,2572.9
6470,2732.64
6471,2572.54
6472,2572.4
6473,2259.65
6474,2259.23
6475,2249.8
6476,2259.04
6477,2259.26
6478,2259.97
6479,2269.18
6480,2269.36
6481,2249.22
6482,2249.23
6483,2199.98
6484,2199.58
6485,2189.85
6486,2189.62
6487,2189.57
6488,2189.84
6489,2189.87
6490,2199.19
6491,2199.71
6492,2249.05
6493,2249.96
6494,2259.14
6495,2259.38
6496,2259.07
6497,2249.93
6498,2249.92
6499,2259.65
6500,2269.21
6501,2269.92
6502,2329.29
6503,2722.96
6504,2708.69
6505,2797.37
6506,3167.8
6507,3799.54
6508,4140.27
6509,4721.31
6510,5010.88
6511,5200.95
6512,5367.13
6513,4721.11
6514,4600.89
6515,4499.97
6516,4250.77
6517,4000.12
6518,3870.69
6519,3749.77
6520,3749.29
6521,3757.41
6522,3556.97
6523,3499.82
6524,3458.08
6525,3499.18
6526,3000.43
6527,2756.1
6528,2871.5
9409,3175.01
9410,3154.49
9411,3099.5
9412,3060.06
9413,3019.26
9414,2998.14
9415,2979.59
9416,2949.33
9417,2808.05
9418,2732.81
9419,2700.54
9420,2674.84
9421,2680.8
9422,2617.51
9423,2579.12
9424,2498.42
9425,2462.06
9426,2489.5
9427,2601.06
9428,2600.52
9429,2704.08
9430,2659.86
9431,2708.25
9432,2782.0
9433,2859.51
9434,2919.07
9435,2919.49
9436,2919.96
9437,2820.4
9438,2820.82
9439,2820.53
9440,2710.93
9441,2710.07
9442,2500.89
9443,2463.9
9444,2352.96
9445,2369.96
9446,2659.92
9447,2489.26
9448,2588.3
9449,2429.67
9450,2489.82
9451,2429.8
9452,2572.27
9453,2539.74
9454,2572.51
9455,2651.08
9456,2659.43
9457,2572.06
9458,2572.28
9459,2539.2
9460,2489.45
9461,2424.51
9462,2352.54
9463,2352.58
9464,2352.9
9465,2429.12
9466,2429.5
9467,2429.83
9468,2489.09
9469,2539.05
9470,2539.1
9471,2539.32
9472,2539.32
9473,2639.39
9474,2639.07
9475,2639.43
9476,2580.84
9477,2572.88
9478,2572.19
9479,2583.99
9480,2668.33
9481,2820.85
9482,3032.05
9483,3749.06
9484,4140.79
9485,4731.03
9486,5371.27
9487,5408.53
9488,5408.69
9489,5310.03
9490,5408.35
9491,5010.91
9492,5002.83
9493,4250.6
9494,4250.36
9495,4156.5
9496,4000.76
9497,3636.79
9498,3505.93
9499,3556.8
9500,3504.88
9501,3166.97
9502,3502.63
9503,3250.2
9504,3400.5
12289,3169.89
12290,3166.48
12291,3153.62
12292,3076.88
12293,2929.65
12294,2929.2
12295,2900.92
12296,2857.07
12297,2850.55
12298,2738.68
12299,2750.59
12300,2708.74
12301,2698.47
12302,2684.81
12303,2705.98
12304,2686.89
12305,2679.5
12306,2709.19
12307,2731.63
12308,2725.35
12309,2889.12
12310,2717.93
12311,2820.26
12312,2820.68
12313,2887.25
12314,3047.16
12315,3223.86
12316,3241.59
12317,3180.84
12318,3250.18
12319,3364.5
12320,3081.53
12321,3040.35
12322,2999.78
12323,3008.1
12324,2929.68
12325,2929.45
12326,2979.95
12327,2929.11
12328,2929.36
12329,2929.63
12330,2991.82
12331,2929.6
12332,2929.85
12333,2900.87
12334,2991.76
12335,2999.03
12336,2999.18
12337,3004.87
12338,2884.09
12339,2820.93
12340,2814.29
12341,2728.4
12342,2710.54
12343,2721.03
12344,2749.23
12345,2779.67
12346,2820.87
12347,2781.55
12348,2807.57
12349,2816.16
12350,2781.32
12351,2781.82
12352,2783.92
12353,2899.02
12354,2851.82
12355,2899.16
12356,2899.29
12357,2929.8
12358,2929.28
12359,2929.79
12360,2929.52
12361,3260.12
12362,4094.27
12363,5007.39
12364,5289.62
12365,6264.5
12366,7286.19
12367,8150.8
12368,8150.63
12369,8150.2
12370,8150.16
12371,5481.95
12372,5615.5
12373,5310.62
12374,5010.46
12375,4763.03
12376,4500.17
12377,3999.89
12378,3811.36
12379,3684.13
12380,3498.84
12381,3504.48
12382,3636.02
12383,3548.17
12384,3533.47
15265,3092.21
15266,3092.88
15267,3092.62
15268,3072.48
15269,3000.38
15270,2958.86
15271,2858.92
15272,2851.78
15273,2820.97
15274,2842.28
15275,2736.42
15276,2693.87
15277,2700.2
15278,2659.36
15279,2572.2
15280,2572.11
15281,2439.46
15282,2525.9
15283,2569.31
15284,2572.65
15285,2701.96
15286,2705.71
15287,2681.41
15288,2712.15
15289,2569.41
15290,2781.05
15291,3000.33
15292,3065.22
15293,3159.21
15294,3079.53
15295,3044.36
15296,2929.09
15297,2929.43
15298,2781.55
15299,2889.82
15300,2929.19
15301,2889.01
15302,2781.1
15303,2781.15
15304,2710.57
15305,2651.16
15306,2710.28
15307,2710.96
15308,2781.41
15309,2781.08
15310,2781.57
15311,2781.92
15312,2781.44
15313,2781.49
15314,2721.37
15315,2711.51
15316,2724.65
15317,2651.61
15318,2609.6
15319,2609.64
15320,2609.98
15321,2609.73
15322,2710.56
15323,2733.98
15324,2781.03
15325,2899.48
15326,2781.08
15327,2873.69
15328,2800.59
15329,2889.42
15330,2629.92
15331,2889.76
15332,2903.48
15333,2929.93
15334,2929.7
15335,3034.3
15336,3069.7
15337,3569.89
15338,4354.22
15339,5313.92
15340,5627.33
15341,6607.32
15342,7583.65
15343,5999.84
15344,5999.73
15345,5999.11
15346,5700.48
15347,5310.47
15348,4910.14
15349,4500.97
15350,4312.68
15351,4250.7
15352,4250.41
15353,3504.61
15354,3499.04
15355,3310.67
15356,3098.0
15357,3073.06
15358,3156.2
15359,3092.89
15360,3159.86
18145,3617.19
18146,3400.19
18147,3400.02
18148,3400.27
18149,3190.19
18150,3159.91
18151,3150.08
18152,3099.91
18153,2999.01
18154,2873.0
18155,2832.06
18156,2735.12
18157,2700.32
18158,2600.83
18159,2519.15
18160,2447.4
18161,2597.81
18162,2659.42
18163,2639.74
18164,2659.21
18165,2707.53
18166,2694.47
18167,2820.89
18168,2991.13
18169,3061.6
18170,3226.36
18171,3498.41
18172,3502.25
18173,3557.17
18174,3521.5
18175,3587.51
18176,3142.85
18177,3000.08
18178,2929.32
18179,2889.51
18180,2929.38
18181,2999.66
18182,2929.93
18183,2929.13
18184,2820.8
18185,2820.47
18186,2820.74
18187,2781.91
18188,2838.87
18189,2781.96
18190,2820.42
18191,2820.47
18192,2851.08
18193,2820.16
18194,2781.93
18195,2735.92
18196,2710.87
18197,2694.29
18198,2639.36
18199,2639.64
18200,2640.27
18201,2669.88
18202,2696.44
18203,2704.88
18204,2719.27
18205,2781.74
18206,2781.2
18207,2830.18
18208,2899.05
18209,2989.25
18210,2919.04
18211,2929.83
18212,2960.95
18213,3215.65
18214,3132.01
18215,3213.8
18216,3286.69
18217,3812.78
18218,4460.79
18219,5585.16
18220,5937.96
18221,6941.81
18222,7885.92
18223,8200.76
18224,8200.2
18225,8200.2
18226,6010.7
18227,5445.87
18228,5325.3
18229,5010.71
18230,5010.03
18231,4730.96
18232,4400.6
18233,3617.81
18234,3799.46
18235,3799.96
18236,3750.44
18237,3291.82
18238,3735.5
18239,3676.58
18240,3810.49
21121,3617.08
21122,3674.92
21123,3636.58
21124,3630.39
21125,3504.23
21126,3400.77
21127,3250.25
21128,3236.39
21129,3127.46
21130,3092.14
21131,3018.87
21132,2999.26
21133,2930.0
21134,2929.78
21135,2929.29
21136,2929.09
21137,2894.17
21138,2887.22
21139,2850.29
21140,2867.28
21141,2929.83
21142,2929.64
21143,3092.01
21144,3100.15
21145,3106.16
21146,3400.61
21147,3757.05
21148,3833.45
21149,3890.9
21150,3873.27
21151,4000.08
21152,3900.88
21153,3360.85
21154,3349.8
21155,3092.74
21156,3320.79
21157,3375.84
21158,3250.47
21159,3169.03
21160,3091.9
21161,2899.95
21162,2903.96
21163,2899.51
21164,2903.46
21165,2900.97
21166,2905.12
21167,2899.86
21168,2899.65
21169,2899.35
21170,2899.36
21171,2899.18
21172,2899.2
21173,2899.12
21174,2820.05
21175,2821.4
21176,2899.1
21177,2899.36
21178,2899.45
21179,2899.74
21180,2899.91
21181,2899.96
21182,2979.68
21183,3105.86
21184,2991.55
21185,2999.9
21186,3060.07
21187,3092.38
21188,2999.59
21189,2929.48
21190,2930.0
21191,3100.9
21192,3258.15
21193,3900.03
21194,4140.41
21195,4800.11
21196,6242.21
21197,7291.66
21198,8510.36
21199,8510.84
21200,8510.75
21201,8510.71
21202,8480.29
21203,6489.64
21204,5999.48
21205,5750.79
21206,5347.76
21207,5106.23
21208,4848.35
21209,4308.07
21210,4250.29
21211,4153.3
21212,4085.4
21213,3782.5
21214,3804.58
21215,3809.7
21216,3829.98
24097,3829.72
24098,3930.57
24099,3849.02
24100,3829.62
24101,3788.33
24102,3716.0
24103,3713.77
24104,3561.91
24105,3250.05
24106,3192.81
24107,3192.09
24108,3100.52
24109,3098.01
24110,3000.74
24111,2989.08
24112,2929.9
24113,3000.0
24114,2982.93
24115,2929.98
24116,2929.3
24117,3129.57
24118,3098.07
24119,3019.2
24120,3091.23
24121,3099.2
24122,3250.31
24123,3598.76
24124,3900.98
24125,4078.49
24126,4044.07
24127,4128.42
24128,3687.02
24129,3560.16
24130,3500.14
24131,3400.61
24132,3200.17
24133,2929.62
24134,2929.85
24135,2929.22
24136,2920.19
24137,2899.92
24138,2899.73
24139,2899.95
24140,2920.22
24141,2899.25
24142,2899.23
24143,2881.07
24144,2881.21
24145,2520.03
24146,2452.51
24147,2425.95
24148,2425.01
24149,2379.07
24150,2379.27
24151,2342.67
24152,2379.43
24153,2409.7
24154,2380.27
24155,2409.46
24156,2425.07
24157,2380.91
24158,2380.87
24159,2425.14
24160,2425.5
24161,2452.73
24162,2568.81
24163,2672.07
24164,2751.07
24165,2674.56
24166,2881.92
24167,2920.11
24168,2929.34
24169,3208.05
24170,3604.05
24171,4140.5
24172,4250.77
24173,5252.59
24174,6010.93
24175,6010.89
24176,7919.76
24177,6010.82
24178,6010.9
24179,5999.83
24180,5999.14
24181,4463.08
24182,4251.38
24183,4250.79
24184,4200.41
24185,3604.1
24186,3620.3
24187,3604.74
24188,3604.17
24189,3261.6
24190,3479.32
24191,3498.94
24192,3604.13
26977,3500.89
26978,3498.15
26979,3399.54
26980,3328.4
26981,3159.9
26982,3132.26
26983,3077.02
26984,2968.19
26985,2929.1
26986,2929.1
26987,2809.72
26988,2789.86
26989,2769.15
26990,2722.5
26991,2720.32
26992,2719.27
26993,2862.71
26994,2883.1
26995,2889.67
26996,2914.71
26997,2929.88
26998,3000.46
26999,3001.66
27000,3094.22
27001,3294.52
27002,3463.04
27003,3653.5
27004,3900.44
27005,3908.54
27006,4129.26
27007,4349.9
27008,4312.27
27009,3506.68
27010,3849.68
27011,3849.54
27012,3838.54
27013,3829.27
27014,3796.98
27015,3498.16
27016,3596.18
27017,3272.02
27018,3301.46
27019,3307.72
27020,3309.34
27021,3257.72
27022,3255.91
27023,3159.5
27024,3151.62
27025,3150.99
27026,3128.06
27027,3108.47
27028,3100.28
27029,2925.49
27030,2960.02
27031,2972.41
27032,3069.47
27033,3241.78
27034,3278.69
27035,3500.62
27036,3505.46
27037,3500.49
27038,3500.49
27039,3498.09
27040,3400.69
27041,3930.62
27042,3508.2
27043,3321.5
27044,3276.91
27045,3750.24
27046,3504.96
27047,3717.87
27048,3699.96
27049,4444.37
27050,5016.99
27051,6156.16
27052,6816.25
27053,8000.5
27054,9112.77
27055,9092.01
27056,9083.34
27057,9061.23
27058,9028.53
27059,7058.71
27060,6565.92
27061,6284.07
27062,5881.25
27063,5635.11
27064,5369.75
27065,4828.88
27066,4777.3
27067,4707.76
27068,4647.68
27069,4299.55
27070,4326.47
27071,4329.41
27072,4350.49
29953,3316.6
29954,3309.65
29955,3300.36
29956,3299.63
29957,3195.8
29958,3099.21
29959,3148.73
29960,3139.54
29961,3099.68
29962,3159.69
29963,3099.2
29964,3099.65
29965,2949.92
29966,2999.34
29967,2949.78
29968,2977.75
29969,3303.49
29970,3322.89
29971,3394.35
29972,3498.2
29973,3606.87
29974,3614.83
29975,3676.66
29976,3699.47
29977,3670.39
29978,3754.77
29979,3561.97
29980,3499.57
29981,3676.29
29982,4140.75
29983,4916.11
29984,4870.62
29985,4125.29
29986,4377.7
29987,4400.11
29988,4423.76
29989,3839.78
29990,3870.62
29991,3839.75
29992,3839.42
29993,3498.14
29994,3498.71
29995,3839.23
29996,3839.94
29997,3700.61
29998,3501.52
29999,3498.63
30000,3398.46
30001,3400.78
30002,3400.49
30003,3400.8
30004,3397.28
30005,3378.98
30006,3377.42
30007,3399.68
30008,3498.44
30009,3806.21
30010,3813.55
30011,4349.64
30012,4483.11
30013,4500.2
30014,4500.35
30015,4249.9
30016,3999.41
30017,4491.1
30018,4349.94
30019,3999.48
30020,3498.32
30021,3498.25
30022,3489.12
30023,3489.49
30024,3361.03
30025,3839.04
30026,4910.2
30027,6669.79
30028,7332.02
30029,8553.99
30030,9641.44
30031,9619.64
30032,9612.77
30033,9500.82
30034,9500.87
30035,7624.8
30036,7121.07
30037,6811.16
30038,6393.36
30039,6150.01
30040,5889.63
30041,4507.2
30042,4507.76
30043,4508.68
30044,4500.64
30045,3498.88
30046,3400.71
30047,3500.39
30048,3809.2
32833,3548.72
32834,3500.18
32835,3377.14
32836,3371.56
32837,3368.9
32838,3469.17
32839,3391.57
32840,3372.37
32841,3335.37
32842,3309.69
32843,3190.78
32844,3150.45
32845,2939.9
32846,2939.63
32847,2923.41
32848,2939.63
32849,3159.5
32850,3190.73
32851,3372.97
32852,3548.37
32853,3397.81
32854,3500.62
32855,3548.43
32856,3548.03
32857,3839.17
32858,4140.99
32859,4129.64
32860,4140.55
32861,3839.77
32862,4129.56
32863,4579.65
32864,4600.47
32865,3611.53
32866,3799.45
32867,3839.12
32868,3999.76
32869,3592.03
32870,3650.72
32871,3592.62
32872,3617.17
32873,3499.84
32874,3501.17
32875,3548.94
32876,3548.85
32877,3548.32
32878,3548.24
32879,3548.79
32880,3548.05
32881,3388.19
32882,3379.06
32883,3388.27
32884,3371.56
32885,3326.49
32886,3328.16
32887,3339.6
32888,3389.7
32889,3572.33
32890,3706.95
32891,3694.32
32892,3700.66
32893,4370.71
32894,4630.67
32895,4249.19
32896,4349.96
32897,5049.26
32898,5046.72
32899,5062.81
32900,5048.07
32901,4579.19
32902,3822.85
32903,3839.26
32904,3617.52
32905,5291.89
32906,4500.86
32907,5310.49
32908,5500.2
32909,8510.91
32910,9500.58
32911,8510.89
32912,8510.66
32913,8510.35
32914,8510.1
32915,7967.7
32916,7626.5
32917,5291.67
32918,4600.52
32919,4508.36
32920,4349.11
32921,3600.7
32922,3812.79
32923,3989.54
32924,4250.18
32925,3619.54
32926,3619.01
32927,3818.92
32928,4250.11
24481,4518.83
24482,4500.27
24483,4499.74
24484,4480.81
24485,4335.64
24486,4149.51
24487,3999.6
24488,3819.63
24489,3548.48
24490,3400.16
24491,3369.49
24492,3369.18
24493,3250.43
24494,3249.23
24495,3109.43
24496,3109.27
24497,3548.57
24498,3548.11
24499,3548.22
24500,3548.01
24501,3699.97
24502,3558.64
24503,3548.26
24504,3548.46
24505,3550.33
24506,3911.82
24507,4000.86
24508,4200.88
24509,4200.37
24510,4450.53
24511,4506.07
24512,4250.96
24513,4250.75
24514,4502.99
24515,4508.62
24516,4516.84
24517,3979.91
24518,3979.14
24519,3828.31
24520,3819.86
24521,3510.3
24522,3510.61
24523,3548.31
24524,3617.29
24525,3548.75
24526,3592.31
24527,3592.56
24528,3592.21
24529,3514.13
24530,3427.07
24531,3302.08
24532,3250.83
24533,3038.8
24534,3100.46
24535,3249.62
24536,3302.78
24537,3293.82
24538,3400.38
24539,3500.06
24540,3500.7
24541,3592.61
24542,3619.52
24543,3750.45
24544,3819.58
24545,3979.13
24546,3706.52
24547,3702.1
24548,3705.83
24549,4249.33
24550,4162.79
24551,4000.31
24552,3819.83
24553,4566.63
24554,4588.53
24555,5150.5
24556,5450.14
24557,8610.36
24558,9000.85
24559,9500.04
24560,9500.14
24561,9500.1
24562,9500.0
24563,8482.31
24564,8010.09
24565,6410.16
24566,5402.39
24567,5302.94
24568,5302.31
24569,4572.04
24570,4998.15
24571,5335.32
24572,4998.2
24573,4505.21
24574,4501.24
24575,4516.01
24576,4531.69
24577,5149.75
24578,5087.85
24579,5062.66
24580,4589.7
24581,4148.86
24582,3989.16
24583,3957.57
24584,3962.39
24585,3899.14
24586,3949.17
24587,3819.14
24588,3699.92
24589,3548.74
24590,3548.22
24591,3400.87
24592,3200.93
24593,3221.06
24594,3617.41
24595,3617.42
24596,3676.33
24597,3819.69
24598,3819.14
24599,3805.38
24600,3736.04
24601,4149.56
24602,4804.99
24603,4910.66
24604,5534.36
24605,5015.43
24606,5323.1
24607,5323.55
24608,5323.42
24609,4250.62
24610,4250.75
24611,4250.68
24612,4500.81
24613,4000.82
24614,4501.84
24615,4414.28
24616,4440.4
24617,3967.19
24618,4067.85
24619,3975.7
24620,4100.46
24621,3949.74
24622,3975.59
24623,3899.45
24624,3849.23
24625,3750.72
24626,3699.32
24627,3617.22
24628,3617.7
24629,3427.87
24630,3427.75
24631,3548.28
24632,3617.67
24633,3759.72
24634,3800.74
24635,4000.93
24636,4249.39
24637,5060.82
24638,5189.84
24639,4854.16
24640,4945.06
24641,5633.42
24642,5323.02
24643,5323.95
24644,4533.8
24645,4557.9
24646,4250.13
24647,4349.78
24648,4536.55
24649,5887.34
24650,5920.61
24651,7253.54
24652,7934.55
24653,9249.84
24654,10260.44
24655,10251.09
24656,10215.47
24657,10198.98
24658,10202.87
24659,9088.87
24660,8601.19
24661,7414.09
24662,7000.39
24663,6776.62
24664,6511.89
24665,5448.01
24666,5612.01
24667,5934.59
24668,5589.63
24669,5125.92
24670,5124.19
24671,5120.99
24672,5118.41
24673,6150.44
24674,6100.25
24675,5999.71
24676,5312.78
24677,5312.2
24678,4734.23
24679,4611.98
24680,4548.68
24681,4547.96
24682,4524.33
24683,4349.56
24684,4157.86
24685,4059.52
24686,4049.79
24687,3849.74
24688,3792.22
24689,4145.46
24690,4199.44
24691,4530.51
24692,4509.18
24693,4546.31
24694,4530.2
24695,4598.75
24696,4598.45
24697,4733.07
24698,5354.16
24699,5446.75
24700,6050.01
24701,5546.92
24702,5874.68
24703,5862.89
24704,5829.31
24705,4794.77
24706,5070.58
24707,5043.96
24708,5052.86
24709,4512.52
24710,4608.78
24711,4586.59
24712,4600.91
24713,4250.28
24714,4554.21
24715,4562.16
24716,4730.2
24717,4250.13
24718,4250.89
24719,4481.8
24720,4498.97
24721,4001.69
24722,3962.52
24723,3799.66
24724,3750.3
24725,3759.44
24726,3617.59
24727,3849.98
24728,3759.89
24729,3978.59
24730,4049.39
24731,4498.22
24732,4521.54
24733,5100.6
24734,4611.42
24735,4899.86
24736,4611.54
24737,4611.45
24738,4539.37
24739,4556.1
24740,4498.53
24741,5385.78
24742,5312.82
24743,4611.48
24744,4571.37
24745,6421.0
24746,6471.54
24747,7816.57
24748,8492.26
24749,10070.77
24750,11056.79
24751,11036.39
24752,11000.65
24753,10985.69
24754,10991.0
24755,9868.57
24756,9858.73
24757,7970.0
24758,7787.81
24759,7782.16
24760,7765.16
24761,5999.07
24762,5999.19
24763,5999.36
24764,5312.79
24765,5312.39
24766,5312.06
24767,5312.8
24768,5500.35
24769,7157.06
24770,6683.78
24771,6562.37
24772,5882.94
24773,5908.04
24774,5330.33
24775,5201.88
24776,5117.22
24777,5999.07
24778,5270.31
24779,4937.09
24780,4757.52
24781,4645.4
24782,4658.58
24783,4562.09
24784,4572.62
24785,4667.7
24786,4750.95
24787,5115.45
24788,5185.75
24789,5549.89
24790,5549.48
24791,5600.58
24792,5600.87
24793,5270.27
24794,5270.55
24795,5420.64
24796,5989.04
24797,5199.68
24798,4593.52
24799,4700.49
24800,4600.83
24801,4349.67
24802,4500.32
24803,4500.13
24804,4500.71
24805,4289.51
24806,4498.46
24807,4250.61
24808,4349.73
24809,3819.03
24810,3979.99
24811,4000.43
24812,3979.97
24813,3952.95
24814,3850.84
24815,3811.08
24816,3699.63
24817,3579.48
24818,3548.65
24819,3549.25
24820,3548.57
24821,3500.38
24822,3439.09
24823,3500.6
24824,3519.41
24825,3439.2
24826,3548.41
24827,3579.17
24828,3579.49
24829,4157.4
24830,4149.53
24831,4157.36
24832,3979.4
24833,4149.28
24834,4148.02
24835,4157.04
24836,3819.89
24837,4149.43
24838,3962.27
24839,3962.59
24840,4148.37
24841,4919.68
24842,5402.39
24843,7009.59
24844,8499.75
24845,7985.28
24846,10210.83
24847,11914.7
24848,11915.7
24849,9500.52
24850,9500.45
24851,9500.19
24852,7964.05
24853,7968.32
24854,7916.58
24855,5999.87
24856,5989.56
24857,5999.3
24858,6610.99
24859,6898.07
24860,6512.25
24861,5999.83
24862,5999.49
24863,6184.72
24864,6375.65
24865,8200.09
24866,7800.23
24867,6610.73
24868,5989.74
24869,5989.2
24870,5269.62
24871,4595.11
24872,4584.73
24873,4548.76
24874,4534.61
24875,4520.61
24876,4540.76
24877,4514.69
24878,4498.15
24879,4149.12
24880,3989.76
24881,3989.26
24882,4149.3
24883,4349.4
24884,4500.96
24885,4536.66
24886,4500.87
24887,4515.6
24888,4547.26
24889,4581.68
24890,5499.25
24891,5999.63
24892,6610.13
24893,6907.96
24894,6610.97
24895,6610.96
24896,6500.69
24897,5825.12
24898,5999.92
24899,5999.2
24900,5999.72
24901,5499.29
24902,5989.87
24903,6500.39
24904,6500.77
24905,5499.76
24906,5989.04
24907,5999.21
24908,6000.09
24909,5446.9
24910,5499.43
24911,5500.98
24912,5501.0
24913,5446.35
24914,5269.96
24915,5269.74
24916,5269.33
24917,4554.34
24918,4526.71
24919,4571.54
24920,4900.19
24921,4579.78
24922,5100.27
24923,5500.07
24924,5500.41
24925,6150.08
24926,6150.03
24927,6000.39
24928,6000.34
24929,6177.49
24930,5999.5
24931,5989.87
24932,5631.66
24933,5980.88
24934,5950.24
24935,5918.63
24936,5897.57
24937,7400.96
24938,8000.38
24939,9400.55
24940,9500.53
24941,10500.1
24942,12700.49
24943,12952.52
24944,12945.04
24945,10500.23
24946,10500.07
24947,9500.84
24948,9500.16
24949,7999.38
24950,7946.38
24951,7926.38
24952,7903.12
24953,7917.89
24954,7928.23
24955,7930.63
24956,7926.76
24957,5999.31
24958,5989.1
24959,5989.7
24960,5269.91
24961,6649.11
24962,6989.53
24963,5999.53
24964,5499.76
24965,5039.75
24966,5039.09
24967,4584.73
24968,4565.97
24969,4498.11
24970,4269.26
24971,4157.4
24972,4016.22
24973,3874.6
24974,3819.58
24975,3800.94
24976,3499.36
24977,3399.16
24978,3800.24
24979,4151.04
24980,4498.57
24981,4591.33
24982,4561.84
24983,4585.13
24984,4834.42
24985,5039.52
24986,5413.64
24987,5999.3
24988,5999.2
24989,7928.39
24990,7629.9
24991,5999.83
24992,5999.04
24993,5039.44
24994,5100.38
24995,5039.87
24996,5469.36
24997,4869.75
24998,5269.04
24999,5269.54
25000,5969.8
25001,4969.1
25002,5469.32
25003,5469.03
25004,5999.16
25005,5100.11
25006,5039.94
25007,5999.69
25008,5999.63
25009,5100.78
25010,5500.3
25011,5999.3
25012,5100.9
25013,5039.08
25014,5039.16
25015,5039.88
25016,5999.51
25017,6000.16
25018,6100.4
25019,6500.56
25020,6500.96
25021,8068.84
25022,8001.0
25023,8000.09
25024,7510.51
25025,7200.1
25026,7000.07
25027,6657.7
25028,5512.66
25029,6623.18
25030,5999.55
25031,5469.12
25032,5999.38
25033,7489.65
25034,7951.9
25035,9500.41
25036,10611.25
25037,11622.54
25038,13837.23
25039,14079.01
25040,14068.39
25041,12095.78
25042,12094.02
25043,10974.84
25044,9500.71
25045,9500.19
25046,9066.34
25047,9041.31
25048,9009.43
25049,8951.0
25050,9041.66
25051,9043.76
25052,9045.05
25053,6000.23
25054,5999.35
25055,5989.51
25056,5269.33
25057,4777.95
25058,4777.8
25059,4777.0
25060,4469.23
25061,3989.53
25062,3999.85
25063,3499.91
25064,3500.44
25065,3499.5
25066,3499.99
25067,3499.16
25068,3262.87
25069,3184.62
25070,3118.02
25071,2999.72
25072,2901.86
25073,2904.92
25074,2914.97
25075,3121.43
25076,3196.17
25077,3919.82
25078,3989.35
25079,3989.34
25080,3989.67
25081,4691.38
25082,5100.14
25083,5694.58
25084,5695.53
25085,5039.95
25086,5200.91
25087,5693.38
25088,5694.92
25089,4500.93
25090,4799.39
25091,4869.64
25092,5100.3
25093,4693.44
25094,4699.34
25095,4750.83
25096,5100.27
25097,4969.7
25098,5999.6
25099,5100.77
25100,7000.01
25101,5039.4
25102,5039.64
25103,5039.56
25104,5039.55
25105,5039.67
25106,5039.73
25107,5039.28
25108,5039.92
25109,5600.29
25110,5549.05
25111,5600.93
25112,5600.59
25113,5999.81
25114,5989.59
25115,6989.12
25116,5989.8
25117,8700.83
25118,8627.53
25119,7989.63
25120,7899.41
25121,5999.16
25122,5039.49
25123,5039.55
25124,5039.1
25125,5039.28
25126,5039.05
25127,4969.05
25128,5039.37
25129,5300.2
25130,5039.75
25131,5793.09
25132,6620.18
25133,9500.24
25134,9500.51
25135,9500.34
25136,9500.22
25137,7989.58
25138,8729.04
25139,6620.8
25140,5999.97
25141,5350.99
25142,5350.58
25143,5350.28
25144,5350.4
25145,5350.49
25146,5999.46
25147,5999.35
25148,5999.46
25149,4262.42
25150,4469.38
25151,4469.51
25152,4469.33
25153,5999.02
25154,5989.37
25155,5989.04
25156,5000.12
25157,4840.92
25158,4840.25
25159,4249.1
25160,4149.21
25161,4269.66
25162,4157.39
25163,4029.66
25164,3919.9
25165,3889.05
25166,3819.06
25167,3699.87
25168,3699.71
25169,3699.98
25170,3750.31
25171,4148.99
25172,4840.54
25173,4157.51
25174,4157.94
25175,4491.2
25176,4269.88
25177,4493.12
25178,4669.62
25179,5101.51
25180,5989.01
25181,5999.58
25182,6989.56
25183,5999.85
25184,5999.99
25185,5101.04
25186,5101.74
25187,5999.18
25188,6500.47
25189,6000.2
25190,6300.83
25191,6300.7
25192,7000.77
25193,6000.76
25194,7000.81
25195,7000.44
25196,7510.66
25197,6100.33
25198,6100.67
25199,7000.46
25200,7000.72
25201,7000.47
25202,7000.48
25203,7000.79
25204,6500.96
25205,6600.93
25206,6600.74
25207,6700.86
25208,7000.24
25209,5101.93
25210,5101.85
25211,5239.88
25212,5989.69
25213,7000.22
25214,7000.04
25215,6989.21
25216,5999.88
25217,7000.6
25218,7000.8
25219,7510.76
25220,7000.96
25221,5999.17
25222,5999.19
25223,5101.22
25224,5101.79
25225,5000.92
25226,5101.17
25227,5402.83
25228,5999.9
25229,6620.6
25230,7000.8
25231,8939.93
25232,9500.13
25233,6972.54
25234,6000.75
25235,5999.14
25236,5802.35
25237,5350.93
25238,5350.14
25239,5101.99
25240,5101.42
25241,5269.11
25242,5269.48
25243,5010.95
25244,5100.54
25245,4697.8
25246,4869.17
25247,4869.99
25248,4869.43
25249,7000.78
25250,7000.74
25251,7000.54
25252,6599.51
25253,7000.11
25254,6599.57
25255,5301.0
25256,5300.45
25257,5300.35
25258,4841.87
25259,4841.25
25260,4749.85
25261,4250.73
25262,4202.81
25263,4157.11
25264,4149.48
25265,4087.83
25266,4148.66
25267,4841.2
25268,4841.61
25269,5200.91
25270,5500.02
25271,5000.68
25272,5000.09
25273,5000.45
25274,5102.57
25275,6599.46
25276,6989.32
25277,5500.95
25278,6599.21
25279,6469.42
25280,5989.66
25281,5094.09
25282,5102.0
25283,5102.25
25284,5269.16
25285,5102.16
25286,5469.28
25287,5500.05
25288,5500.22
25289,5500.63
25290,6469.17
25291,6599.62
25292,8068.81
25293,7100.84
25294,7200.18
25295,7510.64
25296,7510.69
25297,8730.5
25298,8730.21
25299,8730.82
25300,7600.84
25301,7000.06
25302,5989.48
25303,6599.96
25304,7000.1
25305,5500.76
25306,5989.67
25307,7000.76
25308,7510.98
25309,8550.47
25310,8550.64
25311,8550.44
25312,8000.41
25313,6599.3
25314,6469.01
25315,5989.21
25316,5639.21
25317,5500.22
25318,5102.41
25319,5069.99
25320,6200.48
25321,5989.74
25322,8000.67
25323,8400.5
25324,9150.65
25325,10050.04
25326,10050.31
25327,10393.42
25328,11000.41
25329,9943.56
25330,9250.64
25331,9000.44
25332,8800.32
25333,8350.15
25334,8350.12
25335,8100.23
25336,8100.11
25337,8250.3
25338,8250.42
25339,8050.15
25340,8050.06
25341,7000.3
25342,7100.47
25343,6400.89
25344,6400.61
25345,4767.82
25346,4767.4
25347,4489.5
25348,4249.52
25349,4188.75
25350,4000.11
25351,3919.46
25352,4000.54
25353,4149.16
25354,3852.9
25355,3851.67
25356,3850.98
25357,3819.28
25358,3739.02
25359,3699.55
25360,3699.47
25361,3699.25
25362,3614.86
25363,4157.84
25364,4249.31
25365,4767.97
25366,4469.98
25367,4200.66
25368,4169.07
25369,4157.4
25370,4269.76
25371,5029.7
25372,6000.03
25373,6000.52
25374,6000.88
25375,6000.49
25376,5500.41
25377,4800.82
25378,4837.5
25379,4489.41
25380,4696.9
25381,4591.42
25382,4595.43
25383,4500.43
25384,4593.01
25385,4479.83
25386,4595.58
25387,4469.97
25388,4594.52
25389,4349.31
25390,4469.05
25391,4489.67
25392,4489.56
25393,4150.28
25394,4100.49
25395,3864.21
25396,3738.87
25397,3499.97
25398,3499.94
25399,3499.71
25400,3499.59
25401,3499.37
25402,3499.43
25403,3499.59
25404,3499.66
25405,3499.76
25406,3499.96
25407,3548.71
25408,3614.06
25409,3600.8
25410,3499.77
25411,3411.58
25412,3162.13
25413,3499.06
25414,3171.48
25415,3109.77
25416,3413.51
25417,3499.87
25418,3919.42
25419,4500.96
25420,5469.99
25421,6599.9
25422,6620.69
25423,6599.24
25424,6599.51
25425,5550.35
25426,5350.33
25427,5029.33
25428,4600.78
25429,5000.42
25430,4501.0
25431,4469.38
25432,4469.25
25433,5029.59
25434,5150.64
25435,5029.94
25436,5150.35
25437,4580.63
25438,4669.86
25439,4969.71
25440,4969.32
25441,3548.09
25442,3499.92
25443,3548.07
25444,3548.62
25445,3799.3
25446,3699.91
25447,3699.03
25448,3548.86
25449,3614.93
25450,3531.02
25451,3499.02
25452,3427.62
25453,3352.32
25454,3334.65
25455,3220.01
25456,3137.13
25457,3109.76
25458,3109.73
25459,3250.56
25460,3317.89
25461,3405.25
25462,3427.15
25463,3399.48
25464,3300.08
25465,3500.0
25466,3950.74
25467,4250.21
25468,4656.67
25469,4400.61
25470,4300.57
25471,4250.07
25472,4149.34
25473,3499.46
25474,3499.41
25475,3427.88
25476,3499.16
25477,3257.2
25478,3363.75
25479,3109.94
25480,3097.67
25481,2919.03
25482,2919.6
25483,2829.98
25484,2835.99
25485,2829.93
25486,2843.33
25487,2829.93
25488,2833.04
25489,2849.02
25490,2849.25
25491,2812.94
25492,2805.18
25493,2814.2
25494,2814.21
25495,2821.89
25496,2825.9
25497,2799.78
25498,2789.89
25499,2799.41
25500,2805.41
25501,2811.61
25502,2825.08
25503,2819.83
25504,2836.49
25505,2829.95
25506,2836.29
25507,2900.34
25508,2898.8
25509,2960.22
25510,3000.66
25511,3038.8
25512,3040.6
25513,3499.35
25514,3563.62
25515,4000.92
25516,4157.38
25517,4469.9
25518,4987.13
25519,4987.6
25520,4987.58
25521,4987.02
25522,4679.48
25523,4650.56
25524,4650.59
25525,4349.77
25526,4460.33
25527,4500.07
25528,4469.71
25529,4679.88
25530,5150.28
25531,4725.39
25532,4725.26
25533,5400.3
25534,6599.9
25535,7000.21
25536,5100.64
25537,3222.22
25538,3229.0
25539,3499.25
25540,3499.3
25541,3737.78
25542,3699.64
25543,3699.58
25544,3548.24
25545,3627.55
25546,3530.04
25547,3499.52
25548,3263.06
25549,3255.98
25550,3211.13
25551,3160.26
25552,3125.54
25553,3136.85
25554,3109.91
25555,3109.92
25556,3228.6
25557,3699.5
25558,3615.27
25559,3672.09
25560,3615.7
25561,3960.05
25562,4157.08
25563,4300.21
25564,4249.33
25565,4215.88
25566,4349.73
25567,4628.21
25568,4795.27
25569,4349.86
25570,4349.28
25571,4500.8
25572,4157.55
25573,4157.78
25574,4272.86
25575,4200.95
25576,4251.64
25577,4493.34
25578,4494.92
25579,4487.82
25580,4795.07
25581,4157.03
25582,4249.18
25583,4349.94
25584,4249.92
25585,4157.07
25586,4000.78
25587,3819.92
25588,3819.15
25589,3699.83
25590,3819.35
25591,4109.5
25592,4157.42
25593,4157.09
25594,4108.12
25595,4157.54
25596,4157.88
25597,3900.26
25598,3919.24
25599,3919.24
25600,3919.92
25601,4000.84
25602,3919.93
25603,4157.7
25604,3919.58
25605,4100.15
25606,4000.67
25607,4401.62
25608,4795.43
25609,5400.2
25610,7450.32
25611,7450.94
25612,9500.13
25613,9500.18
25614,9500.23
25615,9050.9
25616,9050.61
25617,8750.34
25618,8050.26
25619,8050.08
25620,7000.01
25621,6599.99
25622,6599.26
25623,6599.1
25624,5403.21
25625,6599.94
25626,6620.9
25627,5402.3
25628,5401.27
25629,4795.23
25630,4795.74
25631,5000.13
25632,4795.99
25633,3591.88
25634,3627.58
25635,3556.96
25636,3548.65
25637,3499.33
25638,3548.96
25639,3499.55
25640,3530.7
25641,3257.04
25642,3370.14
25643,3225.77
25644,3199.28
25645,2979.93
25646,2979.21
25647,2979.4
25648,2970.63
25649,3099.61
25650,3099.54
25651,3170.16
25652,3250.93
25653,3554.67
25654,3450.56
25655,3548.82
25656,3591.59
25657,3500.0
25658,3730.13
25659,3715.66
25660,4150.73
25661,4157.64
25662,4250.95
25663,4401.17
25664,4479.1
25665,3853.27
25666,4000.91
25667,4250.12
25668,4479.99
25669,3900.45
25670,3854.02
25671,3864.34
25672,4000.77
25673,3600.98
25674,3750.38
25675,3809.24
25676,3809.32
25677,3501.01
25678,3548.86
25679,3809.4
25680,3860.87
25681,3809.7
25682,3734.77
25683,3600.25
25684,3548.12
25685,3548.86
25686,3548.36
25687,3501.32
25688,3809.27
25689,3852.04
25690,4091.34
25691,4848.06
25692,5100.98
25693,6400.1
25694,6000.83
25695,6400.12
25696,6400.1
25697,6400.28
25698,6400.07
25699,6599.42
25700,4848.5
25701,5000.91
25702,5000.43
25703,4848.45
25704,6599.2
25705,7500.64
25706,9130.96
25707,9250.89
25708,9750.73
25709,9750.98
25710,9906.51
25711,9750.79
25712,9500.19
25713,9150.64
25714,9150.49
25715,9150.37
25716,8250.24
25717,6620.88
25718,6599.55
25719,5499.92
25720,5200.99
25721,6599.95
25722,8000.02
25723,6620.65
25724,6620.49
25725,4848.77
25726,4848.65
25727,4848.48
25728,4779.23
25729,6100.14
25730,6100.18
25731,5989.73
25732,4931.98
25733,4931.64
25734,4518.28
25735,3906.64
25736,3853.32
25737,3699.5
25738,3799.5
25739,3699.09
25740,3699.71
25741,3548.15
25742,3499.83
25743,3548.03
25744,3614.0
25745,3750.03
25746,3742.39
25747,3809.26
25748,3849.74
25749,3960.44
25750,4157.15
25751,4931.58
25752,5700.14
25753,4931.07
25754,4931.07
25755,4931.33
25756,4931.58
25757,4931.4
25758,5000.66
25759,5400.3
25760,5100.22
25761,4489.83
25762,4500.26
25763,4931.04
25764,5000.62
25765,4931.87
25766,6350.32
25767,5989.6
25768,6500.25
25769,6100.32
25770,6250.83
25771,6300.63
25772,6300.5
25773,6050.08
25774,6000.86
25775,6050.2
25776,6050.24
25777,5989.08
25778,5989.35
25779,4966.0
25780,4931.62
25781,4931.11
25782,4931.25
25783,4931.43
25784,4931.92
25785,6050.06
25786,6550.09
25787,6599.76
25788,7600.17
25789,8750.45
25790,8750.37
25791,8750.29
25792,8619.89
25793,7874.08
25794,7670.78
25795,8182.53
25796,7628.07
25797,7276.07
25798,6656.53
25799,6141.1
25800,7268.09
25801,8702.96
25802,10277.79
25803,10660.76
25804,11764.74
25805,12150.52
25806,12001.0
25807,12000.48
25808,12000.01
25809,11400.95
25810,10691.8
25811,9972.01
25812,9500.92
25813,9500.23
25814,8000.7
25815,6599.84
25816,6599.2
25817,7510.54
25818,8000.73
25819,8000.98
25820,8289.52
25821,7050.76
25822,5000.68
25823,4931.9
25824,4931.47
25825,6599.96
25826,7605.45
25827,7510.59
25828,7214.34
25829,7150.93
25830,6599.97
25831,5000.32
25832,4868.92
25833,4868.02
25834,4750.75
25835,4157.8
25836,4157.5
25837,4003.21
25838,3906.74
25839,4003.95
25840,4157.42
25841,4769.56
25842,4783.31
25843,4989.69
25844,5449.06
25845,6211.88
25846,6500.55
25847,6044.05
25848,6700.54
25849,6068.69
25850,6200.49
25851,6599.12
25852,6599.72
25853,6599.38
25854,6599.16
25855,5533.86
25856,6599.26
25857,5000.89
25858,5000.48
25859,5000.46
25860,5250.13
25861,4868.99
25862,5000.94
25863,4969.75
25864,5250.14
25865,6599.87
25866,7510.68
25867,7630.7
25868,8000.65
25869,5250.25
25870,5000.21
25871,4869.91
25872,4869.4
25873,4868.63
25874,4868.69
25875,4868.83
25876,4868.48
25877,4868.54
25878,4868.73
25879,4868.91
25880,5000.25
25881,5250.67
25882,5250.62
25883,7510.09
25884,8218.77
25885,9378.16
25886,9384.9
25887,9383.6
25888,9261.28
25889,8511.89
25890,8314.86
25891,8829.65
25892,8298.91
25893,7954.13
25894,7335.49
25895,6832.08
25896,7967.66
25897,9896.73
25898,11471.87
25899,11861.87
25900,14000.15
25901,13314.21
25902,14250.98
25903,14003.36
25904,14003.03
25905,13000.2
25906,9999.26
25907,10691.44
25908,9984.24
25909,9927.23
25910,9900.21
25911,9758.55
25912,9500.59
25913,9500.41
25914,9500.47
25915,7510.29
25916,7510.09
25917,6599.82
25918,5010.23
25919,4869.79
25920,4868.65
25921,4879.5
25922,4879.65
25923,4879.5
25924,4879.58
25925,4879.05
25926,4879.55
25927,4879.39
25928,4879.61
25929,4879.03
25930,4879.19
25931,4157.6
25932,3919.49
25933,3700.94
25934,3548.91
25935,3499.44
25936,3489.91
25937,3548.39
25938,3809.22
25939,4201.61
25940,4157.12
25941,4750.24
25942,4157.95
25943,4879.14
25944,4879.05
25945,4879.68
25946,4879.64
25947,4879.88
25948,4949.04
25949,4879.95
25950,4949.81
25951,5110.74
25952,5250.48
25953,5250.6
25954,5250.43
25955,4879.82
25956,4879.96
25957,4879.03
25958,4879.01
25959,4270.0
25960,4450.66
25961,4157.21
25962,4157.21
25963,4269.2
25964,4486.21
25965,4600.13
25966,4879.3
25967,4800.47
25968,4600.91
25969,4272.79
25970,4349.03
25971,4469.68
25972,4469.52
25973,4879.01
25974,4469.9
25975,4879.77
25976,5250.02
25977,5989.1
25978,4879.9
25979,6599.28
25980,7510.83
25981,9500.39
25982,7510.91
25983,9500.43
25984,9500.8
25985,9600.76
25986,9428.43
25987,9900.34
25988,9409.61
25989,9081.44
25990,8470.81
25991,7996.79
25992,9106.53
25993,11106.13
25994,12990.43
25995,13016.84
25996,15144.15
25997,14458.32
25998,15374.72
25999,15122.72
26000,15118.43
26001,10691.03
26002,9969.74
26003,9981.3
26004,9988.87
26005,9950.31
26006,9928.41
26007,9758.4
26008,9500.55
26009,9500.01
26010,9500.47
26011,9169.48
26012,9353.77
26013,8108.96
26014,7999.72
26015,7510.69
26016,5000.94
26017,7225.89
26018,8219.19
26019,8128.24
26020,6599.28
26021,5989.62
26022,5250.01
26023,4732.7
26024,4732.3
26025,4732.27
26026,4489.71
26027,4200.84
26028,4082.62
26029,3627.82
26030,3548.77
26031,3548.03
26032,3499.53
26033,3858.68
26034,3989.88
26035,4489.91
26036,4732.3
26037,4732.54
26038,4732.35
26039,4732.67
26040,4732.34
26041,4732.39
26042,4732.46
26043,4732.63
26044,4732.84
26045,4732.53
26046,4732.86
26047,4732.89
26048,5000.02
26049,4732.54
26050,4732.7
26051,4312.44
26052,4489.37
26053,4269.64
26054,4269.3
26055,4269.34
26056,4269.7
26057,4469.19
26058,4732.22
26059,4732.99
26060,5000.27
26061,4732.92
26062,4732.98
26063,4732.27
26064,4669.77
26065,4489.72
26066,4489.83
26067,4489.41
26068,4269.2
26069,4069.43
26070,4269.11
26071,4732.01
26072,4732.25
26073,5000.97
26074,6599.09
26075,5000.5
26076,6989.5
26077,8289.6
26078,9500.54
26079,9500.52
26080,9500.42
26081,9932.58
26082,9931.12
26083,9924.13
26084,9758.54
26085,9500.89
26086,9500.51
26087,9125.34
26088,9917.42
26089,9991.53
26090,14108.95
26091,14159.38
26092,16250.04
26093,15572.54
26094,16486.19
26095,15500.43
26096,15500.19
26097,9942.26
26098,9940.5
26099,9758.91
26100,9758.72
26101,9500.5
26102,9500.33
26103,6599.54
26104,6469.27
26105,6469.56
26106,6469.13
26107,6469.56
26108,6469.04
26109,6599.18
26110,5799.94
26111,5000.7
26112,4732.57
26113,6599.83
26114,8827.74
26115,8825.18
26116,7510.35
26117,5000.53
26118,5000.52
26119,4774.9
26120,4774.86
26121,4092.02
26122,4092.16
26123,3978.5
26124,4089.62
26125,3809.01
26126,3809.84
26127,3809.08
26128,3700.69
26129,3909.42
26130,4000.22
26131,4157.99
26132,4774.15
26133,4774.74
26134,4157.19
26135,4157.04
26136,4000.42
26137,3900.53
26138,3879.84
26139,4052.48
26140,4000.53
26141,3965.0
26142,4000.65
26143,3962.5
26144,3962.07
26145,3859.32
26146,3548.56
26147,3500.99
26148,3499.76
26149,3449.91
26150,3499.14
26151,3426.88
26152,3099.87
26153,3125.72
26154,3099.74
26155,3099.07
26156,3099.81
26157,3000.22
26158,3041.63
26159,3048.67
26160,2963.34
26161,2905.44
26162,2956.46
26163,2960.92
26164,2856.11
26165,2873.7
26166,2889.88
26167,2960.99
26168,2976.43
26169,3060.21
26170,3140.12
26171,3400.74
26172,3499.34
26173,3548.08
26174,3600.18
26175,3741.54
26176,3909.64
26177,3973.53
26178,3960.85
26179,3960.5
26180,3809.38
26181,3809.6
26182,3809.75
26183,3850.53
26184,3962.68
26185,4157.63
26186,4989.03
26187,4950.0
26188,7510.09
26189,9500.02
26190,7510.91
26191,6599.63
26192,6599.07
26193,5000.13
26194,4989.44
26195,4774.24
26196,4750.12
26197,4469.66
26198,4774.06
26199,4469.84
26200,4450.18
26201,4774.0
26202,4774.4
26203,4774.57
26204,4774.03
26205,4774.43
26206,4774.75
26207,4774.89
26208,4774.36
865,7510.61
866,9300.29
867,8221.14
868,8116.82
869,7755.35
870,7261.72
871,6000.06
872,5900.16
873,5900.12
874,5900.19
875,5300.23
876,5200.12
877,4989.5
878,4772.49
879,4683.51
880,4772.46
881,4250.57
882,4989.66
883,6000.25
884,6091.72
885,7235.38
886,5207.5
887,4989.6
888,4772.48
889,4772.65
890,4989.51
891,4989.14
892,4989.95
893,5300.52
894,4989.88
895,6540.85
896,5989.78
897,4772.4
898,4772.09
899,4312.07
900,4772.5
901,4989.76
902,6960.92
903,6664.13
904,7104.74
905,5000.58
906,6599.03
907,7000.34
908,7000.65
909,5000.08
910,4989.81
911,5100.84
912,4989.59
913,4772.71
914,4989.44
915,5583.08
916,5590.35
917,4989.89
918,5000.95
919,5577.79
920,5859.12
921,6667.78
922,7215.46
923,8050.81
924,8873.43
925,10148.19
926,10130.74
927,10141.35
928,10147.18
929,11117.38
930,11000.17
931,9688.34
932,9500.29
933,9500.81
934,9500.87
935,10245.62
936,11000.66
937,9688.04
938,15239.22
939,15309.53
940,17423.77
941,16734.65
942,17609.45
943,16646.49
944,16639.61
945,12950.01
946,10949.4
947,9688.77
948,9500.59
949,8221.05
950,7510.74
951,6799.13
952,6599.23
953,7000.54
954,9500.13
955,9500.36
956,9500.1
957,8376.59
958,6867.67
959,6500.85
960,6077.7
3841,8204.56
3842,10002.59
3843,9830.05
3844,8818.81
3845,8443.12
3846,7919.58
3847,6647.45
3848,6593.58
3849,6578.27
3850,6558.73
3851,5989.44
3852,5982.01
3853,5624.52
3854,4989.73
3855,4898.78
3856,4898.42
3857,4898.0
3858,4898.68
3859,4898.32
3860,4898.86
3861,4989.9
3862,4898.87
3863,4203.07
3864,3919.92
3865,3850.97
3866,4898.08
3867,4898.34
3868,4898.43
3869,4400.87
3870,4435.99
3871,4898.05
3872,4458.41
3873,4242.6
3874,4157.39
3875,3699.99
3876,3699.07
3877,3819.65
3878,3928.79
3879,3928.7
3880,3928.32
3881,3928.38
3882,3919.81
3883,4100.46
3884,3919.11
3885,3819.27
3886,3819.41
3887,3839.29
3888,3839.3
3889,3839.57
3890,3804.2
3891,3513.03
3892,3699.13
3893,3579.15
3894,3640.18
3895,3594.59
3896,3501.83
3897,3499.73
3898,3499.92
3899,3900.07
3900,3919.86
3901,4269.84
3902,4157.56
3903,4469.88
3904,4499.24
3905,4469.66
3906,4257.78
3907,4174.23
3908,4157.07
3909,4571.2
3910,4477.51
3911,4898.52
3912,4898.58
3913,5000.41
3914,6599.25
3915,8449.09
3916,10703.25
3917,9768.16
3918,9500.73
3919,9500.62
3920,7510.11
3921,5210.42
3922,5108.0
3923,5107.17
3924,4898.71
3925,4898.1
3926,4499.79
3927,4898.12
3928,4898.03
3929,5000.24
3930,6599.14
3931,7510.01
3932,7510.1
3933,5000.95
3934,5100.66
3935,4898.76
3936,4269.26
6529,5379.08
6530,4741.83
6531,6489.62
6532,4741.8
6533,4741.86
6534,4489.53
6535,4741.36
6536,4741.29
6537,4741.89
6538,4741.56
6539,6647.09
6540,6599.76
6541,5998.12
6542,4741.99
6543,4489.36
6544,4349.33
6545,4741.38
6546,5658.28
6547,5100.72
6548,6755.43
6549,8276.97
6550,6599.47
6551,7310.16
6552,7000.16
6553,5400.2
6554,6999.35
6555,7000.2
6556,7000.64
6557,6599.27
6558,7000.63
6559,7605.87
6560,7510.21
6561,4741.9
6562,5000.49
6563,4741.63
6564,5998.9
6565,4900.26
6566,6489.53
6567,4778.48
6568,5998.11
6569,4741.8
6570,6999.24
6571,7900.26
6572,6999.76
6573,6489.21
6574,5500.7
6575,4967.94
6576,4910.41
6577,4957.67
6578,4960.13
6579,4834.74
6580,5199.76
6581,5026.0
6582,4914.03
6583,5241.75
6584,6472.73
6585,7700.17
6586,7833.07
6587,8693.01
6588,9499.13
6589,10773.82
6590,10753.46
6591,10768.33
6592,10772.55
6593,9500.99
6594,9500.41
6595,9299.44
6596,7949.45
6597,8000.18
6598,8000.16
6599,8000.94
6600,8000.02
6601,5700.39
6602,9500.13
6603,11641.49
6604,18000.26
6605,17866.35
6606,18000.44
6607,17250.76
6608,9500.94
6609,6799.01
6610,6499.47
6611,6000.41
6612,5210.36
6613,5800.47
6614,5469.45
6615,5310.11
6616,5000.86
6617,6499.42
6618,7510.0
6619,9299.06
6620,9299.03
6621,9498.53
6622,9496.27
6623,7000.0
6624,5000.93
9505,7510.63
9506,7510.51
9507,9299.06
9508,7989.51
9509,8250.04
9510,6989.69
9511,7315.34
9512,6989.54
9513,6599.83
9514,6599.13
9515,6989.67
9516,6989.95
9517,6683.05
9518,5717.27
9519,5669.97
9520,5654.25
9521,5692.13
9522,6693.77
9523,6599.89
9524,6599.08
9525,7510.07
9526,7489.52
9527,7949.16
9528,6989.48
9529,5000.71
9530,7949.43
9531,8016.07
9532,8035.79
9533,7665.96
9534,8074.28
9535,8672.73
9536,8656.4
9537,6346.63
9538,6489.52
9539,6348.36
9540,7342.91
9541,5688.76
9542,7654.65
9543,7335.14
9544,7779.0
9545,7326.92
9546,8131.16
9547,8632.35
9548,8619.82
9549,6489.34
9550,6202.27
9551,5722.58
9552,5602.04
9553,5602.37
9554,5604.52
9555,6205.68
9556,6197.61
9557,5685.61
9558,5764.14
9559,6363.11
9560,7187.55
9561,7489.91
9562,7853.52
9563,7510.89
9564,7016.85
9565,7949.83
9566,7949.75
9567,9299.8
9568,9749.21
9569,9500.62
9570,9500.24
9571,9500.22
9572,8500.43
9573,9500.97
9574,9500.26
9575,6989.64
9576,7510.73
9577,6100.58
9578,6799.65
9579,8869.49
9580,9500.85
9581,18200.1
9582,18200.31
9583,11641.6
9584,10703.49
9585,7000.19
9586,6489.41
9587,5998.94
9588,5998.91
9589,5560.3
9590,5000.35
9591,5998.13
9592,5252.62
9593,6599.37
9594,6799.57
9595,6599.9
9596,6989.77
9597,6599.37
9598,7510.64
9599,8617.75
9600,6599.96
12385,6489.2
12386,6489.38
12387,6489.28
12388,5665.98
12389,6399.01
12390,5651.94
12391,5149.84
12392,6489.06
12393,7534.73
12394,7343.74
12395,6000.92
12396,6489.15
12397,6489.34
12398,6394.21
12399,6000.0
12400,5589.35
12401,4739.28
12402,5589.86
12403,5991.79
12404,5589.53
12405,6599.74
12406,6599.21
12407,6599.22
12408,6000.53
12409,4989.92
12410,6599.62
12411,6890.84
12412,7216.39
12413,8708.73
12414,9114.44
12415,9500.78
12416,9500.18
12417,7052.88
12418,7167.27
12419,7949.87
12420,7989.93
12421,6360.27
12422,8323.75
12423,7991.62
12424,8449.36
12425,7971.32
12426,8518.44
12427,9246.56
12428,9255.86
12429,7172.01
12430,6889.97
12431,6403.92
12432,6253.26
12433,6236.15
12434,6225.03
12435,6599.85
12436,6599.9
12437,6322.6
12438,6380.94
12439,6599.95
12440,5009.97
12441,5999.32
12442,6599.06
12443,8989.83
12444,9749.1
12445,9500.7
12446,9749.93
12447,10987.71
12448,11411.24
12449,10020.57
12450,9749.9
12451,9749.21
12452,9500.58
12453,10605.71
12454,10639.18
12455,10050.47
12456,10500.55
12457,9500.48
12458,10500.27
12459,11850.59
12460,12500.03
12461,14550.91
12462,14169.5
12463,13650.75
12464,11943.76
12465,9500.76
12466,9299.67
12467,9050.16
12468,7000.71
12469,6399.55
12470,5250.44
12471,6599.53
12472,6000.88
12473,7510.6
12474,9000.69
12475,9000.24
12476,7949.47
12477,6599.93
12478,6489.38
12479,5999.28
12480,5469.78
15361,6989.39
15362,9500.02
15363,9500.04
15364,9500.0
15365,9500.05
15366,8650.07
15367,8150.11
15368,8400.17
15369,8600.2
15370,8400.14
15371,8000.13
15372,6997.6
15373,6894.54
15374,6802.73
15375,6521.3
15376,5803.5
15377,5489.51
15378,6599.76
15379,6793.25
15380,6699.5
15381,6799.77
15382,6599.92
15383,6989.55
15384,5489.35
15385,6438.23
15386,8597.54
15387,8597.32
15388,9043.02
15389,8518.96
15390,8518.75
15391,9500.46
15392,7236.84
15393,4910.03
15394,4950.82
15395,4500.98
15396,5200.89
15397,4739.08
15398,5639.24
15399,7442.37
15400,8518.3
15401,7949.99
15402,8989.19
15403,8518.11
15404,8000.08
15405,7347.13
15406,7526.3
15407,7500.88
15408,7300.04
15409,6950.4
15410,6929.03
15411,6599.61
15412,6599.51
15413,5009.11
15414,4739.06
15415,4739.13
15416,4500.84
15417,4739.96
15418,5496.76
15419,7949.73
15420,7510.13
15421,7510.8
15422,9299.66
15423,8001.0
15424,9500.67
15425,7510.53
15426,8989.78
15427,9500.29
15428,9500.79
15429,7510.82
15430,9500.9
15431,10750.19
15432,10020.86
15433,4969.72
15434,11943.14
15435,14850.23
15436,15500.53
15437,17550.58
15438,17150.45
15439,16650.15
15440,14950.11
15441,9500.35
15442,7324.58
15443,6599.12
15444,7611.66
15445,7999.36
15446,6599.65
15447,7300.85
15448,6599.13
15449,8635.1
15450,9299.84
15451,9299.32
15452,9299.45
15453,9500.18
15454,7051.83
15455,6802.5
15456,6489.16
18241,7664.33
18242,9500.01
18243,9500.05
18244,8999.64
18245,9500.25
18246,8999.43
18247,9200.04
18248,8999.48
18249,9000.0
18250,8999.09
18251,7510.85
18252,6735.48
18253,6318.5
18254,5918.5
18255,5803.75
18256,5388.75
18257,5789.5
18258,5975.5
18259,6190.83
18260,6100.5
18261,6996.74
18262,9500.5
18263,9500.36
18264,8999.99
18265,7103.55
18266,8999.19
18267,8999.07
18268,8999.3
18269,7510.26
18270,8999.12
18271,8999.32
18272,7014.81
18273,4950.55
18274,4500.07
18275,4406.76
18276,4406.69
18277,4269.65
18278,4160.12
18279,4157.37
18280,4020.02
18281,4000.07
18282,4100.5
18283,4406.13
18284,4157.83
18285,4157.15
18286,4160.21
18287,4349.91
18288,4160.08
18289,3979.6
18290,3979.94
18291,3979.71
18292,3979.01
18293,3501.41
18294,3500.94
18295,3501.62
18296,3499.87
18297,3499.94
18298,3500.26
18299,3739.28
18300,3739.86
18301,3739.71
18302,3750.95
18303,3979.61
18304,3989.7
18305,3999.04
18306,3952.81
18307,3919.47
18308,3919.57
18309,3819.09
18310,3820.0
18311,3819.08
18312,3919.67
18313,4043.17
18314,4969.17
18315,5000.97
18316,5800.26
18317,8999.74
18318,8991.4
18319,5560.88
18320,5560.77
18321,5000.2
18322,4500.92
18323,4969.93
18324,5000.26
18325,5100.88
18326,5000.75
18327,6492.07
18328,6449.01
18329,6798.53
18330,6787.74
18331,7563.0
18332,8999.24
18333,9500.1
18334,8999.99
18335,7949.57
18336,6674.43
21217,9500.64
21218,9961.13
21219,9970.11
21220,9963.56
21221,9978.91
21222,9933.0
21223,9500.04
21224,7374.4
21225,6710.79
21226,6577.9
21227,6295.25
21228,6173.5
21229,5849.29
21230,5700.0
21231,5495.99
21232,5496.74
21233,6151.0
21234,6528.13
21235,6763.48
21236,6693.93
21237,7510.57
21238,7199.5
21239,7199.66
21240,7949.1
21241,8029.26
21242,9500.78
21243,9500.4
21244,9500.29
21245,9500.39
21246,9500.37
21247,9500.37
21248,9500.33
21249,7199.78
21250,7199.89
21251,8750.24
21252,8750.28
21253,7024.46
21254,7510.31
21255,7199.58
21256,7199.33
21257,6581.52
21258,7199.71
21259,8109.11
21260,8000.36
21261,7956.51
21262,8138.78
21263,8109.48
21264,7920.48
21265,7000.06
21266,7199.03
21267,7058.78
21268,6986.94
21269,6594.82
21270,6704.35
21271,6637.6
21272,6918.97
21273,6841.58
21274,7199.32
21275,8000.66
21276,7949.98
21277,5989.73
21278,6449.36
21279,7199.75
21280,9299.52
21281,7199.12
21282,7949.68
21283,8000.2
21284,9299.65
21285,9299.45
21286,9500.54
21287,9500.94
21288,9749.17
21289,7199.82
21290,9500.2
21291,9923.92
21292,18000.02
21293,18000.83
21294,18000.61
21295,18000.07
21296,11964.74
21297,9913.24
21298,9500.39
21299,9500.83
21300,9500.59
21301,9181.33
21302,8453.58
21303,8286.85
21304,7655.46
21305,9584.66
21306,10037.28
21307,9969.55
21308,9919.71
21309,10037.34
21310,9981.44
21311,9749.44
21312,8174.67
24193,10153.62
24194,10607.82
24195,10593.8
24196,10586.15
24197,10583.79
24198,10037.83
24199,9981.31
24200,9618.71
24201,9657.99
24202,9600.3
24203,8643.38
24204,7646.41
24205,7546.87
24206,7443.37
24207,7141.17
24208,6442.59
24209,6807.22
24210,7333.8
24211,7438.03
24212,7442.02
24213,9225.97
24214,10200.03
24215,9965.02
24216,9916.66
24217,8967.05
24218,9935.61
24219,9959.13
24220,9987.63
24221,9953.02
24222,9954.44
24223,9500.66
24224,7509.87
24225,7199.07
24226,7000.62
24227,7199.84
24228,9500.01
24229,7682.93
24230,8938.75
24231,8611.38
24232,9150.67
24233,7509.32
24234,7949.93
24235,7199.49
24236,7199.38
24237,7999.88
24238,8000.97
24239,7999.78
24240,8000.56
24241,7645.41
24242,7845.07
24243,7691.99
24244,7622.71
24245,6999.63
24246,6625.0
24247,6255.0
24248,6767.0
24249,6481.07
24250,6735.6
24251,7199.4
24252,5889.92
24253,5999.58
24254,7199.44
24255,7199.76
24256,9299.01
24257,9954.97
24258,9946.0
24259,9923.48
24260,9947.62
24261,9958.21
24262,11539.26
24263,11007.65
24264,11415.85
24265,9500.41
24266,9500.21
24267,9500.93
24268,9984.05
24269,14550.33
24270,11007.58
24271,9991.3
24272,9982.71
24273,10840.34
24274,10421.75
24275,10413.84
24276,9994.1
24277,9749.71
24278,9371.8
24279,9223.93
24280,8584.75
24281,9994.77
24282,10969.06
24283,10901.53
24284,10894.09
24285,10037.22
24286,9957.71
24287,9941.69
24288,9153.7
27073,5549.64
27074,5989.15
27075,5989.75
27076,5627.81
27077,4555.83
27078,4271.8
27079,5000.78
27080,5000.79
27081,6651.5
27082,6568.1
27083,5597.62
27084,5000.55
27085,4271.98
27086,4271.69
27087,4271.4
27088,4271.25
27089,4271.9
27090,4271.83
27091,4271.48
27092,4271.63
27093,4271.68
27094,4489.67
27095,4272.55
27096,4532.69
27097,4526.15
27098,6496.0
27099,5594.16
27100,7013.92
27101,7199.47
27102,7016.74
27103,4969.9
27104,4969.2
27105,4469.78
27106,4800.42
27107,4469.05
27108,4469.44
27109,4469.84
27110,4999.16
27111,5000.92
27112,5549.37
27113,4756.29
27114,4999.24
27115,5250.38
27116,5000.86
27117,5594.16
27118,5606.99
27119,5807.11
27120,5846.87
27121,5598.57
27122,5549.28
27123,5500.05
27124,5830.5
27125,4420.92
27126,4489.29
27127,4300.3
27128,4271.94
27129,4999.07
27130,4489.91
27131,4271.86
27132,4271.8
27133,4999.88
27134,4999.56
27135,5549.52
27136,4500.47
27137,4969.42
27138,4999.11
27139,4500.64
27140,5099.57
27141,5800.56
27142,7199.56
27143,7949.63
27144,7018.7
27145,4349.73
27146,8299.51
27147,7018.6
27148,9299.57
27149,9500.26
27150,9299.49
27151,7199.1
27152,5989.1
27153,5100.94
27154,4480.23
27155,4480.12
27156,3999.71
27157,3740.54
27158,3999.03
27159,4271.13
27160,4271.26
27161,4349.13
27162,5359.5
27163,5287.89
27164,5707.73
27165,5015.58
27166,4271.85
27167,4080.96
27168,3754.8
30049,4790.65
30050,6189.0
30051,5788.5
30052,6014.5
30053,6875.6
30054,6248.5
30055,6541.0
30056,6552.0
30057,6974.7
30058,6950.3
30059,6845.05
30060,6940.55
30061,6870.35
30062,6835.35
30063,6833.2
30064,6797.0
30065,6897.45
30066,6999.39
30067,6999.63
30068,6999.89
30069,6999.8
30070,6999.73
30071,6999.96
30072,7870.58
30073,5533.81
30074,6989.87
30075,6999.04
30076,6999.37
30077,9500.04
30078,9500.05
30079,8050.19
30080,7950.4
30081,7500.24
30082,7949.38
30083,7870.93
30084,7950.39
30085,7950.13
30086,8000.23
30087,8000.5
30088,8700.91
30089,8700.41
30090,9500.11
30091,9500.09
30092,9500.17
30093,8496.58
30094,7870.95
30095,6999.82
30096,6999.77
30097,6999.04
30098,6989.83
30099,6999.45
30100,6999.19
30101,7400.01
30102,7400.52
30103,7000.4
30104,6999.52
30105,6986.83
30106,6999.42
30107,7989.27
30108,9299.9
30109,9500.44
30110,9500.31
30111,9500.92
30112,9500.79
30113,9500.27
30114,9500.16
30115,9299.25
30116,8000.54
30117,6097.24
30118,7074.61
30119,9749.94
30120,9750.54
30121,4303.0
30122,8341.59
30123,7182.37
30124,10031.19
30125,10020.82
30126,10010.17
30127,8052.53
30128,6248.69
30129,5308.59
30130,4820.74
30131,4818.33
30132,4302.18
30133,4157.69
30134,4157.33
30135,4430.37
30136,4338.61
30137,5270.94
30138,6737.0
30139,6522.8
30140,6806.73
30141,6999.19
30142,6675.25
30143,4999.65
30144,4302.81
32929,5000.84
32930,5000.01
32931,6787.25
32932,6753.5
32933,6682.25
32934,5398.0
32935,5059.0
32936,5775.0
32937,5369.0
32938,4469.06
32939,4302.72
32940,4302.41
32941,4302.19
32942,4157.62
32943,4132.22
32944,4119.13
32945,4157.18
32946,4217.12
32947,4157.59
32948,4157.55
32949,4302.26
32950,4302.38
32951,4302.75
32952,4302.83
32953,4302.98
32954,5409.0
32955,4600.11
32956,4498.92
32957,4312.43
32958,4349.87
32959,4400.93
32960,4302.67
32961,4269.99
32962,4269.84
32963,4302.72
32964,4349.01
32965,4469.24
32966,4499.86
32967,4469.51
32968,4900.19
32969,4500.69
32970,5499.33
32971,6372.0
32972,5947.0
32973,5799.53
32974,5505.39
32975,6055.0
32976,5926.5
32977,5000.29
32978,4999.34
32979,4720.0
32980,4302.71
32981,3989.06
32982,3990.96
32983,4302.05
32984,4302.15
32985,4302.42
32986,4800.32
32987,5008.44
32988,4999.54
32989,5559.42
32990,4999.41
32991,6726.75
32992,6999.22
32993,5989.48
32994,6440.0
32995,6597.0
32996,6581.5
32997,4999.21
32998,6989.37
32999,8000.21
33000,9500.03
33001,5500.2
33002,9299.47
33003,9299.46
33004,10240.23
33005,10119.01
33006,10014.56
33007,8241.92
33008,6577.35
33009,5651.91
33010,5270.47
33011,5300.91
33012,5240.0
33013,5146.5
33014,4950.2
33015,5321.17
33016,5421.0
33017,6012.5
33018,6884.77
33019,6739.08
33020,6798.85
33021,6755.2
33022,6653.8
33023,6099.5
33024,5499.54
27361,3357.14
27362,3548.46
27363,3548.7
27364,3714.54
27365,3979.53
27366,3715.66
27367,3632.15
27368,3548.86
27369,3584.5
27370,3548.79
27371,3250.34
27372,3189.51
27373,3062.7
27374,2966.91
27375,2869.96
27376,2869.41
27377,2869.09
27378,2869.65
27379,2942.82
27380,2869.77
27381,3171.31
27382,3526.78
27383,3703.16
27384,3909.41
27385,3909.2
27386,3909.7
27387,3797.5
27388,3909.0
27389,3719.5
27390,3909.21
27391,3724.32
27392,3708.2
27393,3639.88
27394,3909.05
27395,4119.02
27396,4499.05
27397,4500.06
27398,4499.93
27399,4940.77
27400,6999.46
27401,5499.23
27402,6999.36
27403,8000.57
27404,7949.42
27405,5489.79
27406,5489.24
27407,6999.11
27408,6999.24
27409,6489.62
27410,5499.87
27411,6489.26
27412,4749.72
27413,4302.49
27414,4302.71
27415,4998.38
27416,4302.86
27417,4302.93
27418,4600.1
27419,4499.42
27420,4303.0
27421,4469.4
27422,4469.75
27423,4999.25
27424,5000.8
27425,4302.73
27426,4302.92
27427,4469.29
27428,5000.84
27429,4469.95
27430,5149.39
27431,4499.96
27432,4999.89
27433,3989.34
27434,5900.87
27435,6999.03
27436,9500.12
27437,6999.32
27438,5499.28
27439,4999.11
27440,4035.93
27441,4507.38
27442,4035.1
27443,4035.4
27444,3548.9
27445,3951.57
27446,3700.11
27447,3721.17
27448,3716.51
27449,4119.47
27450,6489.8
27451,5149.85
27452,5000.71
27453,4510.95
27454,4302.76
27455,4302.29
27456,4119.76
27457,4000.81
27458,4035.3
27459,4035.62
27460,4035.92
27461,4035.02
27462,4035.19
27463,3919.33
27464,3919.08
27465,3919.36
27466,3717.88
27467,3548.84
27468,3520.84
27469,3548.01
27470,3400.28
27471,3249.13
27472,3100.59
27473,2967.25
27474,2880.78
27475,2972.83
27476,2982.95
27477,3055.61
27478,3182.59
27479,3548.34
27480,3630.52
27481,3999.23
27482,3979.89
27483,3716.21
27484,3596.57
27485,3694.49
27486,3715.68
27487,3694.62
27488,3548.42
27489,3639.93
27490,3869.99
27491,3909.26
27492,3909.18
27493,3909.38
27494,4035.08
27495,4035.62
27496,4109.51
27497,3900.17
27498,4035.04
27499,4109.93
27500,4109.61
27501,4089.68
27502,4100.23
27503,4333.46
27504,4333.66
27505,4510.4
27506,4333.56
27507,4035.06
27508,3909.36
27509,3909.37
27510,3909.76
27511,3909.7
27512,3700.42
27513,3722.87
27514,3909.35
27515,3999.8
27516,4000.58
27517,3950.75
27518,4109.77
27519,4333.85
27520,4718.96
27521,4700.33
27522,4349.5
27523,4109.66
27524,3909.73
27525,3717.47
27526,3909.99
27527,4035.21
27528,3909.81
27529,3721.42
27530,4035.41
27531,4469.03
27532,4970.0
27533,4700.46
27534,4109.89
27535,4035.09
27536,3909.42
27537,3750.44
27538,3318.12
27539,3519.81
27540,3166.92
27541,3123.66
27542,3069.18
27543,3125.42
27544,3196.71
27545,4035.14
27546,4998.2
27547,5270.12
27548,4349.14
27549,4999.82
27550,4700.74
27551,4035.53
27552,3909.78
27553,3096.17
27554,3163.25
27555,3174.57
27556,3170.31
27557,3548.84
27558,3519.92
27559,3548.01
27560,3400.86
27561,3548.04
27562,3225.7
27563,3138.14
27564,3025.33
27565,2990.35
27566,2888.13
27567,2806.15
27568,2793.67
27569,2752.29
27570,2761.74
27571,2829.47
27572,2900.53
27573,3057.88
27574,3400.62
27575,3648.08
27576,3909.38
27577,3909.1
27578,3909.64
27579,3722.14
27580,3599.08
27581,3548.31
27582,3599.06
27583,3909.61
27584,3909.65
27585,3909.63
27586,4000.98
27587,4035.91
27588,4239.54
27589,4109.11
27590,4349.87
27591,4999.42
27592,6999.45
27593,5489.24
27594,7949.36
27595,9500.15
27596,9500.28
27597,9239.66
27598,9500.02
27599,9500.33
27600,9500.42
27601,8000.05
27602,8000.64
27603,6999.43
27604,5100.12
27605,4349.14
27606,4109.72
27607,4109.81
27608,4109.83
27609,4109.82
27610,4998.56
27611,4349.67
27612,5000.11
27613,5000.2
27614,6999.14
27615,6999.83
27616,8150.46
27617,6999.02
27618,5489.24
27619,6999.32
27620,7500.68
27621,5402.48
27622,8800.07
27623,8800.7
27624,8800.58
27625,4999.78
27626,5252.93
27627,7949.76
27628,6999.6
27629,5489.59
27630,5000.25
27631,4109.93
27632,4035.7
27633,3849.66
27634,3643.37
27635,3599.94
27636,3599.06
27637,3599.6
27638,3599.04
27639,3849.55
27640,3909.21
27641,4349.05
27642,9000.11
27643,5499.2
27644,5489.43
27645,7800.49
27646,6999.31
27647,4701.95
27648,4035.54
27649,4701.67
27650,4239.52
27651,4035.36
27652,4035.44
27653,4035.22
27654,3989.73
27655,3989.3
27656,3989.04
27657,3989.65
27658,3989.47
27659,3676.66
27660,3565.52
27661,3683.53
27662,3571.21
27663,3548.25
27664,3509.16
27665,3028.9
27666,3083.38
27667,3029.85
27668,3240.02
27669,3220.86
27670,3548.46
27671,3723.21
27672,3989.32
27673,3564.59
27674,3909.82
27675,3989.2
27676,3989.31
27677,3909.81
27678,3989.81
27679,4035.67
27680,4035.66
27681,3946.34
27682,3989.75
27683,4052.51
27684,4239.36
27685,4491.53
27686,4941.21
27687,5109.44
27688,4914.12
27689,4957.63
27690,5164.68
27691,6999.67
27692,6999.25
27693,5170.46
27694,5020.5
27695,4989.86
27696,4785.65
27697,4997.6
27698,4961.64
27699,4704.18
27700,4552.55
27701,4820.09
27702,4519.77
27703,4399.93
27704,4349.78
27705,5109.01
27706,5017.88
27707,4944.91
27708,5109.03
27709,5109.13
27710,4893.68
27711,4907.69
27712,5489.12
27713,4787.31
27714,4709.54
27715,4673.09
27716,4928.74
27717,4079.42
27718,4709.11
27719,8000.04
27720,8000.06
27721,4854.43
27722,7949.0
27723,9500.26
27724,9500.45
27725,8000.59
27726,5249.07
27727,4349.09
27728,4035.99
27729,3989.01
27730,3909.44
27731,3909.51
27732,3704.76
27733,3849.73
27734,3849.84
27735,3989.55
27736,3989.27
27737,4035.25
27738,4400.0
27739,5465.37
27740,4700.31
27741,8100.85
27742,7949.61
27743,6999.78
27744,4999.57
27745,4157.14
27746,3952.16
27747,4157.4
27748,4089.97
27749,4157.75
27750,3999.41
27751,3721.17
27752,3720.39
27753,4157.06
27754,4000.73
27755,3720.41
27756,3639.61
27757,3551.45
27758,3548.15
27759,3275.61
27760,3146.53
27761,2979.72
27762,2999.65
27763,3054.11
27764,3197.39
27765,3233.28
27766,3548.42
27767,3720.35
27768,4157.2
27769,3572.6
27770,4157.12
27771,3989.55
27772,3941.34
27773,3953.66
27774,3989.46
27775,4157.54
27776,4052.01
27777,3720.11
27778,3789.28
27779,3799.94
27780,4157.96
27781,4344.09
27782,4399.04
27783,4810.27
27784,4886.13
27785,4989.39
27786,4999.69
27787,4999.94
27788,5109.72
27789,5199.28
27790,4999.6
27791,5199.4
27792,4989.63
27793,4696.26
27794,4704.25
27795,4688.18
27796,4703.33
27797,4904.99
27798,4702.32
27799,4800.05
27800,4679.09
27801,4704.03
27802,4893.31
27803,4800.54
27804,4703.45
27805,4665.32
27806,4664.14
27807,4802.46
27808,4946.54
27809,4989.52
27810,4827.52
27811,4569.35
27812,4703.28
27813,3989.36
27814,4399.43
27815,5200.91
27816,5249.96
27817,3989.53
27818,4701.07
27819,6999.1
27820,6999.48
27821,4989.74
27822,4702.4
27823,4399.04
27824,4157.05
27825,3909.31
27826,3554.78
27827,3548.95
27828,3489.27
27829,3369.59
27830,3356.54
27831,3489.15
27832,3489.11
27833,3566.57
27834,3989.71
27835,4000.13
27836,3989.14
27837,4399.51
27838,4349.98
27839,4157.44
27840,3561.28
27841,3722.6
27842,4157.9
27843,4700.03
27844,4478.93
27845,4349.36
27846,4478.72
27847,4157.5
27848,4157.36
27849,4157.61
27850,3749.86
27851,3749.39
27852,3720.33
27853,3568.2
27854,3548.94
27855,3212.45
27856,3135.19
27857,2869.86
27858,2977.51
27859,3215.7
27860,3278.41
27861,3567.62
27862,3799.26
27863,4157.84
27864,4157.14
27865,3709.95
27866,3999.8
27867,4079.79
27868,3799.87
27869,3799.62
27870,3799.97
27871,4089.87
27872,3799.86
27873,3716.05
27874,3749.73
27875,3799.79
27876,4000.59
27877,3799.68
27878,3799.46
27879,3999.45
27880,4000.28
27881,3716.9
27882,3999.2
27883,4239.67
27884,4100.96
27885,4000.95
27886,3999.92
27887,3999.7
27888,3999.41
27889,3999.95
27890,4000.6
27891,3999.18
27892,3718.07
27893,3724.03
27894,3509.61
27895,3499.96
27896,3499.42
27897,3683.62
27898,3945.37
27899,4000.02
27900,4349.5
27901,4478.45
27902,4478.59
27903,4478.83
27904,3799.27
27905,3569.66
27906,3271.71
27907,3100.21
27908,3074.86
27909,2933.84
27910,3499.49
27911,4157.25
27912,5400.64
27913,3799.31
27914,4469.06
27915,6087.0
27916,7869.17
27917,6999.67
27918,6999.17
27919,4157.77
27920,3799.98
27921,3723.31
27922,3561.21
27923,3499.4
27924,3161.49
27925,3250.69
27926,3190.15
27927,3499.18
27928,3304.8
27929,3548.64
27930,3989.0
27931,3551.12
27932,3545.05
27933,3548.02
27934,3349.43
27935,2869.47
27936,2829.74
27937,3509.92
27938,3509.71
27939,3499.23
27940,3356.27
27941,3198.87
27942,3077.93
27943,3039.15
27944,2980.75
27945,3025.13
27946,3028.88
27947,2968.33
27948,2869.67
27949,2829.79
27950,2790.98
27951,2699.6
27952,2679.89
27953,2756.78
27954,2799.8
27955,2869.95
27956,3028.8
27957,3114.55
27958,3499.42
27959,3599.12
27960,3572.33
27961,3599.28
27962,3882.36
27963,3789.93
27964,3548.85
27965,3449.33
27966,3683.24
27967,4035.85
27968,4702.2
27969,4100.4
27970,4052.71
27971,4035.91
27972,4035.98
27973,4239.12
27974,4251.08
27975,4687.12
27976,4687.31
27977,4079.92
27978,4687.11
27979,4687.59
27980,4687.58
27981,4687.16
27982,4687.13
27983,4687.08
27984,4239.61
27985,4687.67
27986,4687.44
27987,4349.59
27988,4500.86
27989,4009.6
27990,3989.87
27991,4009.41
27992,3993.89
27993,4079.21
27994,4687.03
27995,4687.67
27996,4687.84
27997,4687.15
27998,4687.31
27999,4999.6
28000,4687.81
28001,4687.28
28002,4450.46
28003,4052.68
28004,4035.58
28005,4035.76
28006,4790.88
28007,4765.5
28008,4999.4
28009,4079.07
28010,4769.0
28011,6871.25
28012,6999.0
28013,4989.36
28014,4918.16
28015,3999.09
28016,3568.21
28017,3659.38
28018,3548.84
28019,3369.7
28020,3206.88
28021,3418.97
28022,3369.03
28023,3512.5
28024,3548.26
28025,4009.85
28026,4269.3
28027,4269.42
28028,4469.09
28029,4079.6
28030,4250.59
28031,4035.5
28032,4035.17
28033,4035.98
28034,4035.68
28035,4035.78
28036,4035.35
28037,3979.58
28038,3890.04
28039,3620.18
28040,3556.04
28041,3789.01
28042,3639.97
28043,3548.17
28044,3499.94
28045,3499.64
28046,3499.44
28047,3499.22
28048,3418.1
28049,3309.53
28050,3400.56
28051,3499.25
28052,3499.96
28053,3499.15
28054,3889.1
28055,4035.79
28056,4035.59
28057,4035.05
28058,3999.49
28059,3999.92
28060,4035.3
28061,4035.62
28062,4250.89
28063,4701.91
28064,4899.24
28065,4687.21
28066,4687.06
28067,4450.78
28068,4312.58
28069,4460.38
28070,4300.99
28071,4687.22
28072,4687.43
28073,4687.24
28074,4687.74
28075,4687.6
28076,4687.78
28077,4300.28
28078,4498.24
28079,4498.1
28080,4497.91
28081,4272.95
28082,4492.93
28083,4239.99
28084,4250.02
28085,4200.39
28086,4009.38
28087,4035.7
28088,4035.26
28089,4494.79
28090,4498.28
28091,4687.48
28092,4700.2
28093,4687.19
28094,4687.33
28095,4999.88
28096,4999.62
28097,4999.57
28098,5999.11
28099,5249.0
28100,5999.64
28101,5999.95
28102,6999.09
28103,6999.8
28104,6999.66
28105,4035.93
28106,4349.5
28107,4989.55
28108,5199.9
28109,4035.77
28110,3989.66
28111,3799.13
28112,3989.04
28113,3850.77
28114,3558.95
28115,3250.87
28116,3033.89
28117,3079.87
28118,3024.29
28119,3034.72
28120,3031.49
28121,3499.9
28122,4009.94
28123,4035.75
28124,4035.22
28125,4035.49
28126,4035.1
28127,3999.7
28128,3683.63
28129,4000.4
28130,3996.27
28131,3998.88
28132,3893.74
28133,3893.14
28134,3889.65
28135,3683.9
28136,3556.45
28137,3880.98
28138,3720.52
28139,3800.83
28140,3676.17
28141,3548.57
28142,3548.43
28143,3499.33
28144,3499.02
28145,3190.5
28146,3215.23
28147,3499.34
28148,3499.68
28149,3548.03
28150,3811.09
28151,4209.21
28152,4400.7
28153,4917.36
28154,4989.57
28155,5100.06
28156,4999.29
28157,4917.33
28158,4917.3
28159,4702.55
28160,4667.11
28161,4250.05
28162,4250.72
28163,4500.16
28164,4312.45
28165,4509.87
28166,4000.75
28167,4000.85
28168,4000.22
28169,3890.45
28170,3900.61
28171,4035.84
28172,4035.12
28173,3811.88
28174,3980.67
28175,3893.51
28176,3999.84
28177,3893.12
28178,3900.51
28179,3980.28
28180,3880.53
28181,3598.82
28182,3811.15
28183,3892.13
28184,3900.87
28185,4035.58
28186,4035.53
28187,4272.93
28188,4899.58
28189,4800.78
28190,4300.58
28191,4100.5
28192,4000.63
28193,4235.08
28194,4000.64
28195,3999.42
28196,4200.73
28197,4201.0
28198,4917.15
28199,4917.84
28200,4929.56
28201,4917.49
28202,4917.74
28203,4967.28
28204,4999.11
28205,4079.58
28206,3893.0
28207,3509.14
28208,3548.45
28209,3250.8
28210,3213.75
28211,3103.66
28212,3028.57
28213,3079.15
28214,3025.47
28215,3136.59
28216,3146.73
28217,3509.14
28218,3811.06
28219,3889.3
28220,3989.07
28221,3999.89
28222,3900.48
28223,3811.45
28224,3679.66
28225,5800.65
28226,5100.54
28227,5186.66
28228,4912.43
28229,4899.1
28230,4079.25
28231,4200.68
28232,4079.37
28233,4702.17
28234,4079.03
28235,4000.89
28236,3897.76
28237,3889.46
28238,3889.03
28239,3676.46
28240,3589.14
28241,3881.13
28242,3889.21
28243,4000.39
28244,4300.04
28245,4600.17
28246,4900.5
28247,5200.45
28248,5400.83
28249,4912.88
28250,5033.9
28251,5989.32
28252,5300.59
28253,4950.6
28254,4912.73
28255,5900.04
28256,5900.03
28257,4912.95
28258,5100.53
28259,5203.18
28260,5157.97
28261,5989.46
28262,5989.89
28263,5989.3
28264,5989.69
28265,6500.29
28266,7000.58
28267,9500.04
28268,9500.64
28269,9500.42
28270,9500.16
28271,9500.25
28272,9500.21
28273,7000.39
28274,7000.28
28275,6650.88
28276,6100.42
28277,6000.18
28278,5800.98
28279,5989.18
28280,5989.38
28281,6200.52
28282,6100.9
28283,7000.95
28284,9500.02
28285,6999.42
28286,8000.54
28287,8000.79
28288,9200.99
28289,8000.6
28290,8000.45
28291,8000.16
28292,8600.27
28293,6999.71
28294,9500.92
28295,9950.89
28296,10500.21
28297,9950.4
28298,9950.55
28299,11000.04
28300,10200.91
28301,9380.73
28302,9100.01
28303,5900.63
28304,5700.14
28305,5500.19
28306,5000.38
28307,4469.86
28308,3989.9
28309,3989.77
28310,3890.65
28311,4009.83
28312,4029.39
28313,4912.47
28314,6999.1
28315,4912.93
28316,4960.67
28317,4989.59
28318,4912.82
28319,4912.39
28320,4912.77
28321,4974.95
28322,4974.56
28323,4974.46
28324,4974.69
28325,4989.52
28326,4974.67
28327,5300.04
28328,5300.1
28329,5249.4
28330,4974.89
28331,4974.37
28332,4900.05
28333,4800.07
28334,4349.57
28335,3749.01
28336,3572.14
28337,3718.64
28338,3716.75
28339,3811.25
28340,4508.17
28341,4949.49
28342,4989.13
28343,4974.69
28344,5989.27
28345,4974.96
28346,5989.85
28347,7000.75
28348,7000.6
28349,6999.41
28350,6000.45
28351,6900.26
28352,6100.99
28353,4999.57
28354,4999.61
28355,5100.62
28356,5979.82
28357,5989.11
28358,5989.96
28359,5999.49
28360,7000.31
28361,5999.72
28362,8000.22
28363,8000.27
28364,8000.09
28365,8000.72
28366,8000.35
28367,8000.18
28368,7949.08
28369,5989.96
28370,5989.95
28371,6999.64
28372,7100.32
28373,7000.21
28374,7000.25
28375,7000.48
28376,7000.52
28377,7300.42
28378,7200.34
28379,8100.03
28380,6999.34
28381,6999.2
28382,8000.04
28383,9500.21
28384,8000.95
28385,9500.38
28386,9500.54
28387,9500.7
28388,9500.3
28389,8500.95
28390,12000.78
28391,12951.06
28392,13500.81
28393,15000.17
28394,15450.18
28395,16001.5
28396,15503.73
28397,12381.33
28398,11000.48
28399,7500.67
28400,7200.44
28401,5654.27
28402,5460.33
28403,5000.45
28404,4974.22
28405,4479.81
28406,4469.94
28407,4469.84
28408,4469.61
28409,4974.97
28410,6999.25
28411,7000.26
28412,6500.54
28413,7990.49
28414,6999.03
28415,5989.52
28416,5225.33
28417,4200.88
28418,4200.47
28419,4469.53
28420,4499.23
28421,4819.6
28422,4404.73
28423,4469.3
28424,4469.93
28425,4499.34
28426,4849.27
28427,4769.98
28428,4469.06
28429,3989.75
28430,3811.59
28431,3548.99
28432,3548.29
28433,3707.05
28434,3811.2
28435,3999.92
28436,4000.63
28437,4404.25
28438,4503.08
28439,4989.85
28440,4989.48
28441,4849.38
28442,4949.06
28443,4998.59
28444,5017.95
28445,5469.04
28446,5017.33
28447,4849.58
28448,4402.46
28449,4051.81
28450,4088.0
28451,4150.9
28452,4849.43
28453,4849.71
28454,4849.56
28455,4849.17
28456,4849.69
28457,4849.66
28458,4985.45
28459,5000.0
28460,4997.54
28461,5000.58
28462,4949.07
28463,4948.57
28464,4954.46
28465,5199.31
28466,5160.62
28467,4949.5
28468,4849.2
28469,4000.79
28470,4200.21
28471,4430.12
28472,4749.94
28473,4849.67
28474,4963.63
28475,4949.31
28476,5193.88
28477,4998.73
28478,4499.76
28479,4402.51
28480,4200.53
28481,3720.17
28482,3721.37
28483,4400.04
28484,4404.53
28485,4469.35
28486,4849.55
28487,6999.03
28488,9500.1
28489,11096.26
28490,17000.12
28491,11096.96
28492,11096.08
28493,6969.22
28494,5560.86
28495,5469.21
28496,5469.33
28497,5651.71
28498,5199.81
28499,4969.1
28500,4849.66
28501,4849.57
28502,4469.52
28503,4469.2
28504,4400.93
28505,4849.15
28506,4849.94
28507,4969.74
28508,4849.46
28509,4849.81
28510,4849.65
28511,4849.01
28512,4402.01
28513,4949.91
28514,4898.73
28515,4999.81
28516,4858.18
28517,4804.04
28518,4400.93
28519,4400.08
28520,4189.61
28521,4799.61
28522,4404.52
28523,4189.68
28524,4079.77
28525,4100.88
28526,3989.03
28527,3799.28
28528,3561.01
28529,3712.96
28530,3799.01
28531,3954.31
28532,3999.97
28533,3942.94
28534,4189.38
28535,5989.48
28536,5499.42
28537,5300.03
28538,5999.01
28539,5630.34
28540,5499.1
28541,6500.17
28542,6500.53
28543,5453.1
28544,4818.89
28545,4250.54
28546,4404.89
28547,4403.98
28548,4949.39
28549,5174.33
28550,5089.3
28551,6999.34
28552,6999.42
28553,5366.01
28554,5989.08
28555,5184.82
28556,5989.24
28557,5499.89
28558,5313.61
28559,5435.53
28560,5374.73
28561,5172.52
28562,4999.74
28563,5394.98
28564,5101.43
28565,4799.91
28566,4518.69
28567,4949.77
28568,5105.08
28569,5436.15
28570,6999.43
28571,8000.04
28572,9500.13
28573,8000.16
28574,9100.18
28575,10281.34
28576,10003.1
28577,10274.28
28578,10263.03
28579,9500.99
28580,9500.99
28581,8743.74
28582,9700.5
28583,12050.41
28584,14288.78
28585,15841.64
28586,17530.41
28587,16250.23
28588,16050.03
28589,10115.26
28590,8588.13
28591,5999.52
28592,5089.14
28593,4469.67
28594,4400.56
28595,4469.7
28596,4404.27
28597,4570.81
28598,4460.98
28599,4300.34
28600,4170.64
28601,4401.12
28602,5013.04
28603,5018.83
28604,4818.72
28605,5109.05
28606,4842.0
28607,4818.2
28608,4269.8
28609,4502.14
28610,4189.76
28611,4189.22
28612,4189.04
28613,4079.99
28614,4079.99
28615,3811.51
28616,3821.94
28617,3800.19
28618,3600.32
28619,3548.97
28620,3548.56
28621,3550.51
28622,3548.31
28623,3546.99
28624,3299.07
28625,3219.84
28626,3545.43
28627,3589.24
28628,3850.97
28629,3897.27
28630,4189.85
28631,4860.17
28632,4860.57
28633,5499.06
28634,5999.68
28635,5999.04
28636,6999.36
28637,7755.52
28638,7277.65
28639,5600.14
28640,4989.93
28641,4503.88
28642,4503.82
28643,4250.81
28644,4250.3
28645,4502.56
28646,4860.26
28647,4860.26
28648,4989.62
28649,5499.5
28650,5849.6
28651,5989.88
28652,5499.86
28653,5466.48
28654,5100.76
28655,5241.75
28656,5203.49
28657,4999.46
28658,5087.9
28659,4989.19
28660,4860.92
28661,4799.37
28662,4550.82
28663,4860.37
28664,4800.57
28665,4860.04
28666,4799.29
28667,4860.04
28668,4860.36
28669,4504.27
28670,4671.56
28671,4860.12
28672,4949.99
28673,4949.27
28674,4860.75
28675,5091.32
28676,5199.58
28677,4860.7
28678,4969.96
28679,6969.49
28680,9501.19
28681,11096.4
28682,18287.24
28683,13000.56
28684,12007.07
28685,7989.65
28686,7989.52
28687,6000.54
28688,8588.49
28689,5750.65
28690,5998.99
28691,5133.59
28692,4860.54
28693,4671.17
28694,4850.57
28695,4860.33
28696,4504.83
28697,4860.0
28698,4860.35
28699,4860.27
28700,4250.67
28701,4209.75
28702,4209.04
28703,3989.46
28704,3919.21
28705,4949.03
28706,4818.99
28707,4818.9
28708,4818.85
28709,4841.9
28710,4818.43
28711,4818.62
28712,4818.25
28713,4818.12
28714,4500.41
28715,3989.57
28716,3909.9
28717,3889.0
28718,3700.78
28719,3548.05
28720,3548.14
28721,3382.77
28722,3548.82
28723,3889.09
28724,4503.2
28725,4500.9
28726,4818.65
28727,5007.64
28728,5008.85
28729,6999.8
28730,5999.94
28731,5290.35
28732,6999.21
28733,6999.29
28734,8000.01
28735,6400.85
28736,5800.35
28737,5300.62
28738,5499.74
28739,5499.22
28740,5762.39
28741,5084.25
28742,5082.83
28743,5408.76
28744,5442.77
28745,5019.68
28746,5000.89
28747,4894.33
28748,5017.4
28749,5000.65
28750,4837.88
28751,4818.21
28752,4818.57
28753,4949.12
28754,4949.2
28755,4876.4
28756,4824.73
28757,4499.99
28758,4199.43
28759,4199.38
28760,4499.09
28761,4818.68
28762,4818.98
28763,5000.53
28764,4949.76
28765,4818.26
28766,4502.02
28767,4818.05
28768,4818.35
28769,4485.55
28770,4199.86
28771,4035.85
28772,4485.08
28773,4199.09
28774,4818.87
28775,5000.74
28776,8588.94
28777,11096.25
28778,12007.9
28779,11096.74
28780,11096.13
28781,5969.25
28782,5310.74
28783,4999.57
28784,4818.95
28785,4600.0
28786,4818.71
28787,4969.26
28788,4800.26
28789,4818.25
28790,4989.27
28791,4818.6
28792,4502.24
28793,4469.36
28794,4503.2
28795,4504.5
28796,4469.86
28797,4500.9
28798,4199.66
28799,4199.4
28800,3989.87
28801,4630.0
28802,4349.26
28803,4303.58
28804,4200.24
28805,4349.91
28806,4301.28
28807,4301.38
28808,4269.09
28809,4079.42
28810,3989.97
28811,3989.14
28812,3889.51
28813,3703.75
28814,3553.3
28815,3548.34
28816,3548.82
28817,3548.49
28818,3721.0
28819,3889.22
28820,4974.06
28821,3889.63
28822,5489.79
28823,3928.8
28824,3589.92
28825,3811.48
28826,3989.83
28827,3919.03
28828,3889.98
28829,3724.46
28830,3821.38
28831,3889.76
28832,3989.26
28833,4079.51
28834,4079.41
28835,4349.77
28836,4312.9
28837,4349.45
28838,4500.78
28839,4927.44
28840,4974.18
28841,4931.46
28842,4974.06
28843,4920.13
28844,4899.71
28845,4808.64
28846,4509.13
28847,4733.15
28848,4821.42
28849,4825.0
28850,4815.91
28851,4705.52
28852,4509.67
28853,4000.72
28854,3989.21
28855,3989.65
28856,3989.51
28857,3950.26
28858,3989.09
28859,4269.56
28860,4269.18
28861,3949.7
28862,3989.14
28863,4269.12
28864,3989.64
28865,3989.91
28866,3989.36
28867,3919.79
28868,3889.88
28869,3889.14
28870,4301.64
28871,4269.1
28872,3989.05
28873,3699.22
28874,4300.46
28875,4303.71
28876,3989.39
28877,3811.36
28878,3548.88
28879,3499.17
28880,3208.34
28881,3499.96
28882,3366.39
28883,3548.58
28884,3561.9
28885,3659.38
28886,3659.27
28887,3548.45
28888,3408.07
28889,3659.92
28890,3919.37
28891,4250.07
28892,3989.29
28893,3989.84
28894,3919.74
28895,3919.83
28896,3889.03
28897,4599.67
28898,4302.81
28899,4000.33
28900,3919.33
28901,3989.37
28902,3889.89
28903,3889.7
28904,3811.87
28905,3550.05
28906,3659.06
28907,3555.96
28908,3548.74
28909,3659.47
28910,3548.83
28911,3562.68
28912,3550.78
28913,3548.82
28914,3717.04
28915,3989.32
28916,4877.08
28917,3028.6
28918,3063.09
28919,3499.72
28920,3509.69
28921,3889.29
28922,3919.41
28923,3795.59
28924,3919.1
28925,3659.81
28926,3719.08
28927,3989.49
28928,4300.39
28929,4079.43
28930,4301.26
28931,4300.65
28932,4500.8
28933,4989.44
28934,4989.98
28935,5299.57
28936,6999.45
28937,6999.03
28938,6999.48
28939,7989.55
28940,7949.02
28941,8744.94
28942,7000.46
28943,6999.81
28944,6999.38
28945,6999.32
28946,6999.67
28947,6336.5
28948,5349.68
28949,4877.97
28950,4877.7
28951,4877.75
28952,4877.88
28953,4989.55
28954,4989.14
28955,4989.55
28956,5199.26
28957,4877.82
28958,5405.84
28959,5405.61
28960,6500.66
28961,5999.37
28962,5405.92
28963,5405.14
28964,5405.01
28965,4469.02
28966,6999.88
28967,6999.75
28968,6500.2
28969,5999.53
28970,8590.74
28971,8590.93
28972,6999.35
28973,5560.75
28974,4269.74
28975,3703.7
28976,3659.1
28977,3889.7
28978,3889.99
28979,3919.76
28980,3919.07
28981,4469.01
28982,3989.03
28983,3919.78
28984,3811.38
28985,3919.46
28986,4300.94
28987,4300.29
28988,4301.92
28989,3989.75
28990,3919.49
28991,3889.77
28992,3687.67
28993,3909.25
28994,3820.31
28995,3811.21
28996,3612.0
28997,3889.15
28998,3724.64
28999,3720.91
29000,3659.01
29001,3548.22
29002,3548.51
29003,3548.1
29004,3499.93
29005,3453.4
29006,3332.16
29007,3214.28
29008,3135.65
29009,3250.06
29010,3373.82
29011,3548.93
29012,3599.65
29013,4200.25
29014,4866.64
29015,4989.38
29016,5006.53
29017,5500.27
29018,5019.44
29019,4866.93
29020,4985.3
29021,5199.53
29022,5200.38
29023,6000.15
29024,5982.92
29025,4989.35
29026,4989.27
29027,4989.33
29028,4999.65
29029,5199.55
29030,4989.14
29031,4866.26
29032,4866.97
29033,4850.75
29034,4809.75
29035,4866.33
29036,4866.66
29037,4849.07
29038,4800.81
29039,4599.71
29040,4500.34
29041,4304.39
29042,4052.04
29043,4300.63
29044,4469.04
29045,4303.29
29046,3989.76
29047,3989.74
29048,4035.4
29049,4260.4
29050,4304.14
29051,4866.05
29052,4866.29
29053,4866.19
29054,4866.28
29055,4866.3
29056,4866.15
29057,4302.61
29058,4469.1
29059,4866.37
29060,5299.63
29061,4866.42
29062,5003.59
29063,6500.34
29064,6999.6
29065,6999.61
29066,11092.11
29067,11092.58
29068,9500.77
29069,6999.16
29070,4469.4
29071,4269.58
29072,4269.06
29073,5299.59
29074,4303.05
29075,5500.14
29076,4430.32
29077,4469.09
29078,4401.54
29079,3989.68
29080,3909.32
29081,3889.73
29082,3989.71
29083,3989.44
29084,3889.69
29085,3889.25
29086,3659.34
29087,3548.66
29088,3499.01
29089,4079.93
29090,3989.63
29091,4000.02
29092,3909.47
29093,3989.99
29094,3909.95
29095,3989.28
29096,3909.66
29097,3800.65
29098,3889.55
29099,3706.63
29100,3548.52
29101,3391.15
29102,3315.05
29103,3109.56
29104,3059.71
29105,3160.35
29106,3548.59
29107,3800.74
29108,3800.33
29109,3820.97
29110,4599.85
29111,4793.97
29112,5005.09
29113,4855.33
29114,4800.79
29115,4793.24
29116,5001.3
29117,5000.43
29118,5089.5
29119,5989.43
29120,5349.42
29121,5235.45
29122,5199.6
29123,5216.94
29124,5299.63
29125,6889.1
29126,6800.29
29127,6889.4
29128,6889.03
29129,4793.93
29130,5489.27
29131,6999.34
29132,7500.27
29133,4793.95
29134,5306.33
29135,5508.32
29136,5504.14
29137,5501.28
29138,5378.67
29139,6889.15
29140,5989.35
29141,4989.47
29142,4793.38
29143,4793.43
29144,4793.63
29145,4793.29
29146,4793.84
29147,5004.35
29148,5006.73
29149,4793.98
29150,5003.26
29151,6889.49
29152,6999.21
29153,4793.91
29154,4793.97
29155,5998.51
29156,6003.86
29157,5989.02
29158,9500.76
29159,9500.51
29160,11092.82
29161,12000.04
29162,16000.12
29163,16000.34
29164,12004.76
29165,11092.07
29166,7816.1
29167,5500.58
29168,5299.16
29169,5989.64
29170,6650.52
29171,7000.18
29172,6500.59
29173,6500.07
29174,5435.3
29175,5002.12
29176,4793.93
29177,4793.2
29178,5010.3
29179,4793.19
29180,4249.12
29181,3989.81
29182,3909.05
29183,3889.99
29184,3668.88
1,1999.21
2,1899.96
3,1899.51
4,1899.13
5,1819.77
6,1819.32
7,1800.78
8,1749.69
9,1749.57
10,1749.45
11,1749.58
12,1749.83
13,1749.65
14,1749.71
15,1749.71
16,1999.01
17,1999.18
18,1999.29
19,1999.01
20,1999.6
21,2166.23
22,2248.38
23,2359.16
24,2388.38
25,2719.37
26,2789.05
27,2789.93
28,2939.78
29,2939.95
30,2939.51
31,2989.86
32,3738.58
33,3499.95
34,3989.38
35,4000.5
36,4099.7
37,4272.7
38,4249.09
39,4000.61
40,4000.31
41,4069.23
42,4000.74
43,4099.42
44,4132.25
45,4209.95
46,4403.25
47,4403.03
48,4015.15
49,3988.67
50,3999.32
51,3642.8
52,3500.9
53,3299.28
54,3200.34
55,3099.09
56,2992.32
57,3000.83
58,3051.21
59,3051.03
60,3099.29
61,3299.04
62,3449.26
63,3449.71
64,3738.42
65,3999.37
66,4200.88
67,4272.1
68,4561.37
69,4009.78
70,4450.1
71,4608.41
72,4757.71
73,5250.08
74,5100.94
75,4403.28
76,4403.69
77,3919.5
78,4119.65
79,4403.12
80,4351.73
81,3590.71
82,3501.36
83,3250.22
84,3099.32
85,3099.62
86,3051.84
87,2659.05
88,2599.53
89,2380.1
90,2280.72
91,2230.7
92,1999.69
93,1999.79
94,1899.72
95,1894.18
96,1749.99
2977,1999.69
2978,1999.07
2979,1801.79
2980,1791.81
2981,1954.14
2982,1801.46
2983,1800.81
2984,1749.47
2985,1793.62
2986,1780.16
2987,1698.83
2988,1698.92
2989,1780.75
2990,1787.65
2991,1999.06
2992,1999.15
2993,1801.68
2994,1999.03
2995,1801.45
2996,1999.39
2997,2180.26
2998,2318.63
2999,2437.46
3000,2402.88
3001,2679.67
3002,2679.86
3003,2699.26
3004,2730.19
3005,2716.48
3006,2789.3
3007,2916.14
3008,3449.41
3009,3488.61
3010,3543.95
3011,3543.99
3012,3509.07
3013,4000.48
3014,3711.76
3015,3250.73
3016,3200.25
3017,3750.82
3018,3543.77
3019,3794.26
3020,4000.13
3021,3543.38
3022,3779.99
3023,3500.61
3024,3299.62
3025,3500.91
3026,3509.11
3027,3299.45
3028,3185.5
3029,2818.17
3030,2520.26
3031,2491.01
3032,2502.96
3033,2713.52
3034,2769.2
3035,2523.25
3036,2531.74
3037,2799.12
3038,2881.51
3039,2939.31
3040,3125.5
3041,3543.44
3042,4000.32
3043,3700.78
3044,4119.52
3045,3709.98
3046,4119.48
3047,4403.94
3048,4403.29
3049,4669.32
3050,4403.59
3051,4209.02
3052,4209.3
3053,3950.44
3054,4000.49
3055,4000.82
3056,4050.44
3057,3547.71
3058,3449.4
3059,3150.53
3060,2990.59
3061,3050.93
3062,2814.89
3063,2699.14
3064,2595.24
3065,2482.88
3066,2378.72
3067,2248.64
3068,1999.49
3069,1998.59
3070,1749.54
3071,1749.28
3072,1499.38
5665,1999.77
5666,1999.33
5667,1899.85
5668,1899.21
5669,1801.93
5670,1801.9
5671,1801.73
5672,1801.48
5673,1780.53
5674,1700.99
5675,1700.78
5676,1700.33
5677,1698.99
5678,1801.19
5679,1780.44
5680,1800.79
5681,1999.19
5682,1999.52
5683,2166.04
5684,2270.92
5685,2419.84
5686,2469.17
5687,2606.18
5688,2699.01
5689,2732.79
5690,2789.31
5691,2789.31
5692,2799.52
5693,2878.9
5694,2939.88
5695,3100.47
5696,3449.92
5697,3600.03
5698,3700.77
5699,4209.82
5700,4119.99
5701,4396.2
5702,4200.43
5703,4119.27
5704,3750.24
5705,4100.22
5706,4000.85
5707,3850.94
5708,4100.69
5709,4331.08
5710,4403.95
5711,4403.74
5712,4331.91
5713,3808.36
5714,3739.94
5715,3506.17
5716,3349.14
5717,2939.55
5718,2934.34
5719,2930.71
5720,2935.12
5721,2733.66
5722,2780.66
5723,2799.22
5724,2785.88
5725,2808.39
5726,2930.5
5727,2939.66
5728,2999.49
5729,3738.55
5730,3499.07
5731,3850.29
5732,4119.83
5733,4119.11
5734,4540.5
5735,5002.27
5736,5001.58
5737,4996.71
5738,4119.23
5739,4119.3
5740,3999.59
5741,3738.43
5742,4119.75
5743,4312.35
5744,4403.43
5745,4250.08
5746,4086.76
5747,3700.91
5748,3449.52
5749,3130.55
5750,3078.63
5751,2980.34
5752,2699.91
5753,2589.54
5754,2589.13
5755,2579.4
5756,2353.34
5757,2219.65
5758,2166.77
5759,1999.56
5760,1899.59
8641,1999.91
8642,1999.47
8643,1999.2
8644,1901.63
8645,1901.28
8646,1901.36
8647,1901.0
8648,1800.51
8649,1850.04
8650,1800.48
8651,1800.2
8652,1800.04
8653,1700.8
8654,1901.32
8655,1800.82
8656,1901.59
8657,1901.2
8658,1999.12
8659,1999.93
8660,2139.09
8661,2300.71
8662,2300.9
8663,2369.3
8664,2369.75
8665,2609.66
8666,2599.9
8667,2789.2
8668,2789.63
8669,3000.13
8670,3200.41
8671,3449.0
8672,3999.97
8673,4213.15
8674,4403.38
8675,4600.54
8676,4530.6
8677,4717.12
8678,4403.63
8679,4200.35
8680,4000.64
8681,4200.05
8682,4200.72
8683,4300.89
8684,4403.03
8685,4119.73
8686,4403.16
8687,4119.5
8688,3750.02
8689,3999.01
8690,4119.55
8691,3543.59
8692,3299.57
8693,2849.97
8694,2773.05
8695,2639.27
8696,2723.2
8697,2802.69
8698,2849.14
8699,2849.05
8700,2837.31
8701,2919.46
8702,2939.61
8703,2970.07
8704,3300.38
8705,4006.0
8706,4400.4
8707,4648.2
8708,4654.5
8709,4105.26
8710,4403.42
8711,4500.64
8712,5000.89
8713,5000.04
8714,4403.55
8715,4119.92
8716,4209.41
8717,3449.01
8718,3700.45
8719,3999.89
8720,4000.84
8721,3949.95
8722,3709.03
8723,3229.86
8724,3229.58
8725,3099.89
8726,3098.52
8727,2716.41
8728,2639.74
8729,2539.46
8730,2509.84
8731,2249.97
8732,2200.9
8733,2200.63
8734,1999.91
8735,1999.65
8736,1901.02
11521,1901.93
11522,1901.25
11523,1899.16
11524,1799.95
11525,1799.78
11526,1799.72
11527,1799.6
11528,1799.46
11529,1799.89
11530,1799.87
11531,1799.81
11532,1799.92
11533,1799.76
11534,1799.8
11535,1799.69
11536,1899.79
11537,1901.92
11538,1999.26
11539,1901.91
11540,2109.63
11541,2318.34
11542,2359.23
11543,2406.2
11544,2409.61
11545,2699.32
11546,2699.56
11547,2789.68
11548,2799.38
11549,3000.34
11550,3099.82
11551,3449.95
11552,3999.9
11553,3989.94
11554,4400.53
11555,4600.16
11556,4600.98
11557,5000.72
11558,4999.95
11559,4475.2
11560,4312.58
11561,4119.7
11562,4150.25
11563,3799.78
11564,3800.74
11565,3799.31
11566,4119.98
11567,4119.59
11568,4403.05
11569,4000.7
11570,3949.35
11571,3543.13
11572,3150.01
11573,2516.15
11574,2483.22
11575,2532.5
11576,2755.97
11577,2849.06
11578,2849.14
11579,2849.14
11580,2849.09
11581,2939.69
11582,2955.06
11583,2992.51
11584,3100.97
11585,3450.72
11586,3299.97
11587,4119.34
11588,4403.87
11589,4049.76
11590,4403.62
11591,4999.86
11592,5001.59
11593,5200.67
11594,4862.2
11595,4500.73
11596,4400.27
11597,3500.95
11598,4119.14
11599,4575.0
11600,4500.03
11601,4000.8
11602,3708.56
11603,3205.3
11604,3059.3
11605,2849.69
11606,2726.61
11607,2599.71
11608,2612.91
11609,2437.1
11610,2345.3
11611,2297.9
11612,2160.57
11613,2219.04
11614,1780.88
11615,1700.06
11616,1499.93
14497,1900.81
14498,1900.93
14499,1849.98
14500,1849.87
14501,1849.44
14502,1849.25
14503,1849.14
14504,1799.78
14505,1749.8
14506,1749.79
14507,1749.94
14508,1799.33
14509,1849.07
14510,1849.11
14511,1849.09
14512,1849.72
14513,1999.32
14514,1999.89
14515,2235.5
14516,2249.13
14517,2299.18
14518,2299.34
14519,2299.17
14520,2260.5
14521,2419.67
14522,2318.24
14523,2419.73
14524,2679.43
14525,2864.48
14526,2939.81
14527,3359.81
14528,3449.51
14529,3919.44
14530,4209.56
14531,4300.88
14532,4800.14
14533,4999.77
14534,4999.28
14535,4600.05
14536,4403.28
14537,4200.37
14538,4200.01
14539,4000.14
14540,4000.46
14541,4051.22
14542,4050.95
14543,3997.74
14544,4200.48
14545,3800.9
14546,3750.29
14547,3997.96
14548,3600.61
14549,2855.27
14550,2789.92
14551,2798.26
14552,2789.78
14553,2839.61
14554,2839.03
14555,2849.49
14556,2839.81
14557,2799.06
14558,2810.65
14559,2799.74
14560,2839.81
14561,2985.89
14562,3509.61
14563,4250.77
14564,4401.85
14565,3999.22
14566,4169.26
14567,4119.98
14568,4974.31
14569,4119.81
14570,3739.12
14571,4049.72
14572,3919.2
14573,3999.61
14574,4509.71
14575,5000.98
14576,5100.64
14577,4403.47
14578,4212.4
14579,3573.12
14580,3199.58
14581,3052.75
14582,2849.29
14583,2509.9
14584,2509.75
14585,2549.18
14586,2500.8
14587,2479.64
14588,2429.9
14589,2479.3
14590,2420.26
14591,2219.42
14592,2109.73
17377,2219.63
17378,2219.14
17379,2109.4
17380,2109.12
17381,1999.74
17382,1999.66
17383,1999.35
17384,1999.15
17385,1999.2
17386,1899.04
17387,1849.98
17388,1899.1
17389,1849.85
17390,1849.71
17391,1849.62
17392,1849.5
17393,1849.51
17394,1849.72
17395,2109.64
17396,2231.88
17397,2350.33
17398,2379.08
17399,2379.56
17400,2379.44
17401,2699.2
17402,2699.37
17403,2699.51
17404,2800.22
17405,3000.99
17406,3199.89
17407,3600.14
17408,3929.03
17409,3999.58
17410,4169.4
17411,4500.11
17412,5000.19
17413,4403.36
17414,4403.93
17415,4403.46
17416,4209.13
17417,3994.62
17418,3998.52
17419,3995.99
17420,3996.74
17421,4051.08
17422,3993.69
17423,3779.83
17424,3509.6
17425,3997.02
17426,3700.62
17427,3500.84
17428,3250.5
17429,2756.68
17430,2729.98
17431,2532.6
17432,2660.82
17433,2679.43
17434,2679.21
17435,2679.37
17436,2679.1
17437,2733.23
17438,2756.42
17439,2789.33
17440,2789.75
17441,2875.58
17442,2939.62
17443,2939.96
17444,3150.48
17445,3411.36
17446,4000.62
17447,4099.91
17448,4209.5
17449,4119.5
17450,3738.7
17451,3709.36
17452,3449.31
17453,3411.76
17454,3900.72
17455,4250.7
17456,3902.09
17457,3493.27
17458,3204.84
17459,3199.0
17460,3055.01
17461,3000.15
17462,2814.65
17463,2719.2
17464,2699.46
17465,2479.87
17466,2424.05
17467,2350.03
17468,2256.95
17469,2357.6
17470,2219.69
17471,2200.6
17472,1859.81
20353,2109.12
20354,2000.99
20355,1950.59
20356,1899.57
20357,1899.41
20358,1849.95
20359,1849.93
20360,1849.83
20361,1849.76
20362,1849.64
20363,1849.62
20364,1849.74
20365,1849.67
20366,1849.41
20367,1849.38
20368,1849.65
20369,1999.1
20370,1999.56
20371,1999.85
20372,2160.38
20373,2314.15
20374,2379.46
20375,2379.67
20376,2379.53
20377,2699.32
20378,2699.81
20379,2789.99
20380,2939.91
20381,3199.62
20382,3509.91
20383,4209.1
20384,4717.78
20385,4050.88
20386,4117.2
20387,4800.99
20388,4992.81
20389,4900.33
20390,4900.77
20391,4999.27
20392,4501.0
20393,4500.7
20394,4500.5
20395,4500.01
20396,4409.66
20397,4374.64
20398,4409.35
20399,4200.76
20400,4200.1
20401,4117.05
20402,4000.99
20403,4115.06
20404,4056.51
20405,3414.54
20406,3200.97
20407,3200.75
20408,2888.52
20409,2939.27
20410,2970.25
20411,3100.77
20412,3150.62
20413,3100.27
20414,3500.16
20415,3750.31
20416,3969.7
20417,4409.76
20418,5008.0
20419,5296.0
20420,5689.0
20421,5300.08
20422,4999.29
20423,4500.56
20424,4990.66
20425,4500.91
20426,4209.55
20427,4409.77
20428,4282.5
20429,3799.03
20430,4000.86
20431,4300.47
20432,4400.42
20433,4117.52
20434,4117.99
20435,4210.0
20436,3499.45
20437,3494.52
20438,3392.8
20439,2999.87
20440,2770.16
20441,2699.38
20442,2569.68
20443,2517.2
20444,2444.75
20445,2432.83
20446,2395.7
20447,2291.6
20448,2159.22
23329,1999.73
23330,1999.42
23331,1999.21
23332,1999.17
23333,1849.92
23334,1849.95
23335,1849.8
23336,1849.72
23337,1849.65
23338,1849.68
23339,1849.58
23340,1849.57
23341,1849.5
23342,1849.27
23343,1849.22
23344,1849.1
23345,1849.52
23346,1950.49
23347,1999.89
23348,2000.9
23349,2249.35
23350,2249.73
23351,2249.88
23352,2249.56
23353,2402.17
23354,2689.6
23355,2706.32
23356,2789.92
23357,3000.96
23358,3199.85
23359,4009.73
23360,4500.18
23361,4009.8
23362,3900.81
23363,4200.39
23364,4500.0
23365,4209.63
23366,4272.38
23367,4312.65
23368,4209.03
23369,4197.71
23370,4192.12
23371,4117.51
23372,4056.13
23373,4100.25
23374,4056.76
23375,3545.73
23376,3360.46
23377,3499.77
23378,3250.85
23379,3200.66
23380,2760.8
23381,2750.67
23382,2699.47
23383,2699.27
23384,2699.46
23385,2699.65
23386,2699.69
23387,2760.05
23388,2760.14
23389,2909.13
23390,2939.77
23391,2959.52
23392,2909.59
23393,2939.18
23394,3255.0
23395,3500.68
23396,4117.41
23397,4050.67
23398,4200.21
23399,4209.89
23400,4300.55
23401,4350.25
23402,4200.04
23403,4250.6
23404,4169.87
23405,4009.12
23406,4500.73
23407,4409.91
23408,4200.58
23409,4117.86
23410,4000.58
23411,3644.38
23412,3491.56
23413,3249.78
23414,3239.84
23415,2739.5
23416,2699.34
23417,2469.63
23418,2434.23
23419,2419.05
23420,2369.6
23421,2319.22
23422,2319.06
23423,1999.91
23424,1999.5
26209,1948.72
26210,1948.36
26211,1948.16
26212,1909.67
26213,1909.49
26214,1909.68
26215,1909.49
26216,1909.29
26217,1901.06
26218,1900.62
26219,1869.7
26220,1869.56
26221,1909.04
26222,1948.2
26223,1948.22
26224,1948.25
26225,1948.17
26226,1948.67
26227,1999.3
26228,1999.41
26229,2000.09
26230,2110.15
26231,2159.01
26232,1999.63
26233,1999.8
26234,2249.28
26235,2309.23
26236,2369.65
26237,2699.05
26238,3250.5
26239,3719.76
26240,4409.05
26241,4600.11
26242,4009.72
26243,3950.16
26244,3655.6
26245,4117.18
26246,4250.67
26247,4300.83
26248,4409.24
26249,3662.18
26250,3991.87
26251,3998.02
26252,4009.58
26253,4009.79
26254,3997.01
26255,3700.83
26256,3929.38
26257,3499.86
26258,3131.66
26259,3049.32
26260,2699.15
26261,2295.74
26262,2273.84
26263,2262.5
26264,2279.24
26265,2342.3
26266,2346.08
26267,2489.42
26268,2512.04
26269,2846.94
26270,2699.13
26271,2699.96
26272,3049.07
26273,3230.16
26274,3800.95
26275,4000.44
26276,3929.93
26277,3800.04
26278,3929.23
26279,4117.67
26280,4050.05
26281,4117.29
26282,3962.95
26283,3982.4
26284,3914.95
26285,3199.29
26286,3300.76
26287,3991.09
26288,3991.97
26289,3792.39
26290,3794.23
26291,3580.44
26292,3204.42
26293,3077.06
26294,2699.84
26295,2639.33
26296,2369.47
26297,2300.5
26298,2309.21
26299,2279.52
26300,2270.02
26301,2192.08
26302,2109.36
26303,1999.72
26304,1999.43
29185,1999.11
29186,1935.89
29187,1935.34
29188,1935.14
29189,1935.11
29190,1909.85
29191,1909.57
29192,1909.36
29193,1909.09
29194,1901.02
29195,1826.0
29196,1909.22
29197,1801.62
29198,1801.4
29199,1801.51
29200,1801.61
29201,1801.59
29202,1935.39
29203,1999.22
29204,1999.48
29205,1999.73
29206,2019.55
29207,2019.44
29208,1999.91
29209,2386.23
29210,2699.74
29211,2799.4
29212,3000.65
29213,3300.75
29214,3850.66
29215,4250.3
29216,4500.89
29217,4369.46
29218,4209.55
29219,3450.89
29220,3957.87
29221,4312.71
29222,4500.14
29223,4409.68
29224,4409.59
29225,4300.95
29226,4209.63
29227,4409.55
29228,4409.15
29229,4200.88
29230,4000.06
29231,4000.02
29232,4000.04
29233,3009.96
29234,2849.74
29235,2719.05
29236,2699.53
29237,2387.94
29238,2376.14
29239,2349.92
29240,2406.2
29241,2510.54
29242,2586.04
29243,2699.56
29244,2799.94
29245,2819.54
29246,2849.36
29247,2930.88
29248,2819.6
29249,3250.44
29250,3357.87
29251,3500.51
29252,3500.78
29253,3583.74
29254,4019.12
29255,4290.74
29256,4009.43
29257,4069.3
29258,4000.68
29259,4009.05
29260,4000.22
29261,3800.99
29262,3899.18
29263,4019.77
29264,4000.37
29265,3793.64
29266,3639.12
29267,3250.79
29268,3199.26
29269,2995.84
29270,2699.48
29271,2479.84
29272,2369.94
29273,2339.48
29274,2329.85
29275,2319.47
29276,2309.44
29277,2191.37
29278,2000.01
29279,1999.56
29280,1999.41
32065,2050.02
32066,1999.54
32067,1999.32
32068,1928.81
32069,1928.46
32070,1928.25
32071,1928.12
32072,1909.96
32073,1928.46
32074,1928.34
32075,1928.38
32076,1928.21
32077,1801.22
32078,1801.35
32079,1801.34
32080,1801.79
32081,1928.08
32082,1928.84
32083,1999.86
32084,2110.13
32085,2149.19
32086,2159.71
32087,2209.73
32088,2149.6
32089,2432.08
32090,2459.78
32091,2930.39
32092,3409.02
32093,3738.85
32094,4000.14
32095,4409.17
32096,5000.03
32097,5000.39
32098,4900.39
32099,4200.46
32100,4600.75
32101,4999.22
32102,4999.46
32103,4999.87
32104,4999.13
32105,4900.96
32106,4900.72
32107,4900.34
32108,4900.11
32109,4500.9
32110,4409.54
32111,4008.0
32112,4000.24
32113,3500.35
32114,3500.18
32115,3300.38
32116,3150.55
32117,2923.04
32118,2838.03
32119,2810.95
32120,2799.65
32121,2863.18
32122,2900.71
32123,2930.62
32124,3200.26
32125,3409.77
32126,3409.75
32127,3469.04
32128,3459.33
32129,4009.11
32130,4009.93
32131,4600.74
32132,5038.8
32133,4300.81
32134,4409.92
32135,4534.5
32136,4409.8
32137,5297.92
32138,4509.9
32139,4500.46
32140,4409.39
32141,4409.16
32142,4502.16
32143,4450.3
32144,4434.1
32145,4209.83
32146,4117.12
32147,4000.26
32148,3739.05
32149,3572.23
32150,3369.81
32151,3079.3
32152,2923.21
32153,2399.57
32154,2349.91
32155,2329.43
32156,2262.6
32157,2229.84
32158,2182.04
32159,2110.28
32160,2110.08
1153,1999.43
1154,1999.77
1155,1999.58
1156,1999.31
1157,1999.38
1158,1999.3
1159,1999.23
1160,1999.05
1161,1923.74
1162,1923.7
1163,1923.48
1164,1923.3
1165,1923.01
1166,1923.02
1167,1923.03
1168,1923.17
1169,1923.72
1170,1999.54
1171,2000.45
1172,2050.91
1173,2109.35
1174,2120.4
1175,2139.6
1176,2120.35
1177,2415.98
1178,2923.27
1179,3500.33
1180,3999.26
1181,3999.59
1182,4312.58
1183,4409.93
1184,4600.87
1185,4500.96
1186,4999.74
1187,4999.44
1188,4999.19
1189,5010.05
1190,5250.02
1191,5239.6
1192,5088.0
1193,4300.89
1194,4000.68
1195,3896.98
1196,3899.96
1197,4409.98
1198,4600.5
1199,4400.93
1200,4018.57
1201,4000.06
1202,3499.56
1203,3000.72
1204,2780.5
1205,2461.85
1206,2497.1
1207,2442.4
1208,2413.7
1209,2490.78
1210,2486.98
1211,2500.83
1212,2591.07
1213,2532.4
1214,2799.95
1215,2929.83
1216,2979.9
1217,3500.19
1218,3909.88
1219,4000.17
1220,4050.43
1221,3500.94
1222,3950.67
1223,4117.46
1224,3999.23
1225,4170.27
1226,3999.38
1227,4050.98
1228,4000.48
1229,4117.3
1230,4409.28
1231,4374.5
1232,4209.61
1233,4400.77
1234,4117.41
1235,4000.36
1236,3635.83
1237,3689.04
1238,3099.89
1239,2999.54
1240,2699.47
1241,2470.45
1242,2449.87
1243,2359.62
1244,2319.86
1245,2319.5
1246,2199.32
1247,2193.7
1248,2120.64
1249,2120.85
1250,2109.52
1251,2050.14
1252,1999.85
1253,1999.69
1254,1999.07
1255,1923.64
1256,1923.47
1257,1923.49
1258,1923.42
1259,1923.15
1260,1900.74
1261,1846.15
1262,1846.17
1263,1844.06
1264,1843.99
1265,1923.47
1266,1923.63
1267,1999.39
1268,1999.54
1269,2109.16
1270,2120.22
1271,2159.75
1272,2120.15
1273,2699.18
1274,2998.07
1275,3500.12
1276,3738.72
1277,3689.39
1278,3909.89
1279,3909.38
1280,4169.95
1281,4312.95
1282,4006.7
1283,4169.96
1284,4514.36
1285,4514.98
1286,4514.17
1287,4000.55
1288,3895.56
1289,3499.45
1290,3500.66
1291,3891.78
1292,3891.88
1293,3798.53
1294,3798.27
1295,3792.59
1296,3230.35
1297,3317.84
1298,3230.89
1299,3000.65
1300,2799.89
1301,2538.55
1302,2524.72
1303,2484.36
1304,2450.63
1305,2433.83
1306,2399.28
1307,2432.38
1308,2452.53
1309,2464.72
1310,2500.16
1311,2510.12
1312,2586.93
1313,2939.13
1314,3139.22
1315,3275.47
1316,3409.76
1317,3450.86
1318,3529.17
1319,3199.47
1320,3199.87
1321,3319.92
1322,3200.15
1323,3529.33
1324,3529.56
1325,3750.96
1326,3798.74
1327,4117.48
1328,4117.8
1329,3999.57
1330,3850.12
1331,3799.04
1332,3579.83
1333,3249.99
1334,3200.75
1335,3098.85
1336,3058.57
1337,2699.08
1338,2472.2
1339,2270.99
1340,2242.35
1341,2199.73
1342,2191.92
1343,2109.9
1344,1999.94
1345,2120.64
1346,2060.75
1347,1999.4
1348,1925.93
1349,1925.88
1350,1925.71
1351,1925.12
1352,1939.38
1353,1959.1
1354,1939.92
1355,1959.9
1356,1925.93
1357,1925.37
1358,1799.3
1359,1799.3
1360,1799.4
1361,1925.03
1362,1925.77
1363,1999.16
1364,1999.56
1365,2200.94
1366,2270.47
1367,2300.06
1368,2289.48
1369,2699.44
1370,3150.68
1371,3738.85
1372,4114.63
1373,4000.07
1374,4114.7
1375,4626.2
1376,5000.22
1377,5250.29
1378,5250.0
1379,5250.21
1380,5250.35
1381,5250.58
1382,5250.67
1383,5000.57
1384,4800.82
1385,4500.58
1386,4500.49
1387,4800.42
1388,4800.26
1389,4800.22
1390,4800.42
1391,4800.42
1392,4300.99
1393,4000.69
1394,3991.1
1395,3695.93
1396,3556.27
1397,3400.48
1398,3320.02
1399,3200.07
1400,3060.07
1401,3200.6
1402,3150.24
1403,3200.23
1404,3170.7
1405,3357.93
1406,3529.66
1407,3581.6
1408,3529.58
1409,3909.21
1410,4000.91
1411,4000.7
1412,4000.86
1413,3529.44
1414,3950.83
1415,4114.36
1416,3799.8
1417,3689.45
1418,3595.43
1419,3689.5
1420,3689.96
1421,3597.56
1422,3815.77
1423,4000.56
1424,4000.73
1425,4114.77
1426,4169.19
1427,4000.36
1428,3999.18
1429,3708.53
1430,3139.88
1431,3000.16
1432,2996.81
1433,2699.45
1434,2699.37
1435,2539.83
1436,2451.09
1437,2300.36
1438,2200.37
1439,2200.81
1440,2120.87
1441,2050.69
1442,2010.75
1443,1999.52
1444,1999.31
1445,1999.03
1446,1959.33
1447,1922.55
1448,1922.41
1449,1922.58
1450,1922.4
1451,1922.36
1452,1922.43
1453,1922.29
1454,1922.3
1455,1922.39
1456,1922.5
1457,1800.19
1458,1749.9
1459,1801.11
1460,1801.6
1461,1999.19
1462,1999.36
1463,1999.45
1464,1999.12
1465,2364.14
1466,2759.53
1467,3000.9
1468,3738.07
1469,3799.26
1470,3799.66
1471,4406.76
1472,5000.17
1473,5250.12
1474,5250.27
1475,5250.41
1476,5250.51
1477,5250.75
1478,5250.7
1479,5000.46
1480,5000.51
1481,4500.82
1482,4500.45
1483,4999.96
1484,4406.61
1485,4014.51
1486,4200.1
1487,4406.66
1488,4200.7
1489,4019.37
1490,4000.39
1491,3700.99
1492,3699.46
1493,3691.42
1494,3664.0
1495,3496.47
1496,3422.44
1497,3458.12
1498,3499.14
1499,3499.22
1500,3500.29
1501,3519.25
1502,3589.16
1503,3693.92
1504,3691.05
1505,3780.38
1506,4019.03
1507,4406.01
1508,4406.9
1509,3589.8
1510,4114.31
1511,4296.0
1512,4019.87
1513,4019.92
1514,3709.47
1515,3709.63
1516,3738.71
1517,3597.52
1518,3700.56
1519,3599.05
1520,3738.84
1521,3950.2
1522,3709.04
1523,3486.65
1524,3549.0
1525,3232.19
1526,2999.72
1527,2993.37
1528,2849.64
1529,2629.1
1530,2549.82
1531,2478.8
1532,2361.58
1533,2325.31
1534,2249.4
1535,2249.3
1536,2200.34
1537,2249.15
1538,2189.48
1539,2110.86
1540,2050.28
1541,1999.99
1542,1999.77
1543,1999.42
1544,1999.3
1545,1999.52
1546,1999.46
1547,1999.45
1548,1999.43
1549,1999.4
1550,1999.39
1551,1999.38
1552,1999.42
1553,1922.98
1554,1999.16
1555,1999.37
1556,1999.79
1557,2120.59
1558,2249.5
1559,2249.71
1560,2249.42
1561,2479.7
1562,2939.39
1563,3300.21
1564,3779.85
1565,4200.1
1566,4200.22
1567,4500.4
1568,5000.43
1569,5250.46
1570,5250.32
1571,5250.55
1572,5250.51
1573,5250.85
1574,5250.84
1575,5000.79
1576,5000.71
1577,4600.81
1578,4500.83
1579,4809.82
1580,4406.64
1581,3799.23
1582,3796.84
1583,3779.13
1584,3779.79
1585,4000.12
1586,4000.27
1587,3779.69
1588,3499.92
1589,3000.81
1590,2921.7
1591,2921.35
1592,2921.48
1593,2921.18
1594,2930.33
1595,2939.93
1596,2999.38
1597,3200.16
1598,3259.41
1599,3275.64
1600,3262.54
1601,3686.04
1602,3749.84
1603,3999.1
1604,4300.71
1605,3929.02
1606,4200.21
1607,4371.26
1608,4372.0
1609,4285.76
1610,4367.2
1611,4019.57
1612,4000.66
1613,3796.51
1614,4000.66
1615,4050.81
1616,4114.43
1617,4000.54
1618,3779.04
1619,3597.38
1620,3594.13
1621,3591.91
1622,3250.02
1623,2735.16
1624,2699.18
1625,2532.58
1626,2479.56
1627,2419.56
1628,2339.32
1629,2329.49
1630,2283.8
1631,2249.58
1632,2249.02
1633,2249.52
1634,2249.15
1635,2200.1
1636,2183.33
1637,2009.16
1638,1999.38
1639,1999.1
1640,1999.02
1641,1999.01
1642,1922.94
1643,1922.95
1644,1922.8
1645,1922.73
1646,1922.77
1647,1922.78
1648,1922.96
1649,1922.28
1650,1922.54
1651,1922.8
1652,1999.55
1653,2259.26
1654,2417.68
1655,2425.33
1656,2347.94
1657,2809.02
1658,3400.63
1659,3738.29
1660,4200.41
1661,4200.31
1662,4050.01
1663,5000.29
1664,5000.77
1665,5000.47
1666,5000.15
1667,5000.9
1668,5250.21
1669,5250.76
1670,5614.32
1671,5591.17
1672,5520.78
1673,5342.4
1674,5000.35
1675,4809.48
1676,4809.45
1677,4568.36
1678,4450.06
1679,4809.71
1680,4649.64
1681,4406.86
1682,4520.77
1683,4406.67
1684,4200.13
1685,3709.81
1686,3549.52
1687,3428.73
1688,3301.25
1689,3549.86
1690,3560.13
1691,3549.99
1692,3519.49
1693,3549.77
1694,3709.8
1695,3900.43
1696,3999.03
1697,4114.8
1698,4406.97
1699,5303.05
1700,5617.87
1701,4169.35
1702,4406.4
1703,4406.46
1704,4100.08
1705,4050.43
1706,4114.85
1707,4250.13
1708,4114.54
1709,3896.76
1710,4209.59
1711,4406.66
1712,4406.86
1713,4312.92
1714,4209.31
1715,3798.78
1716,3779.26
1717,3779.91
1718,3549.93
1719,3524.35
1720,3159.45
1721,3029.2
1722,2921.89
1723,2741.56
1724,2699.27
1725,2599.53
1726,2549.19
1727,2484.01
1728,2404.62
1729,2300.91
1730,2270.19
1731,2249.51
1732,2249.26
1733,2200.42
1734,2050.71
1735,2050.18
1736,2009.55
1737,1999.89
1738,1999.8
1739,1999.69
1740,1999.66
1741,1999.08
1742,1999.1
1743,1999.06
1744,1999.06
1745,1922.79
1746,1999.08
1747,1999.28
1748,1999.69
1749,2249.97
1750,2389.06
1751,2389.07
1752,2367.2
1753,2700.0
1754,3028.96
1755,3900.58
1756,4300.55
1757,4406.73
1758,4406.85
1759,5000.09
1760,5000.42
1761,5000.21
1762,5000.02
1763,4748.75
1764,4500.86
1765,5250.2
1766,5250.14
1767,4766.28
1768,4600.78
1769,4354.1
1770,4114.61
1771,3999.85
1772,3999.46
1773,3995.62
1774,3786.93
1775,3780.83
1776,3500.99
1777,3400.9
1778,3555.53
1779,3779.23
1780,3519.77
1781,2939.78
1782,2921.55
1783,2750.75
1784,2749.6
1785,2921.71
1786,2939.25
1787,2939.67
1788,2990.58
1789,3299.2
1790,3300.65
1791,3299.67
1792,3299.76
1793,3428.69
1794,4114.0
1795,4406.16
1796,5685.29
1797,4169.41
1798,4500.62
1799,4406.98
1800,4500.78
1801,4199.02
1802,4406.65
1803,5200.03
1804,4576.8
1805,4344.85
1806,4406.38
1807,4500.86
1808,4435.23
1809,4019.35
1810,4000.44
1811,3779.44
1812,3549.99
1813,3428.56
1814,3289.22
1815,3159.17
1816,3000.19
1817,2699.71
1818,2479.51
1819,2439.55
1820,2419.85
1821,2419.88
1822,2419.4
1823,2419.13
1824,2382.25
1825,2244.53
1826,2110.9
1827,2050.07
1828,2009.33
1829,1999.96
1830,1999.82
1831,1999.7
1832,1999.53
1833,1999.4
1834,1999.26
1835,1999.2
1836,1999.13
1837,1999.09
1838,1999.1
1839,1999.12
1840,1999.17
1841,1922.72
1842,1999.22
1843,1999.52
1844,1999.83
1845,1999.86
1846,2010.31
1847,1999.88
1848,1999.57
1849,2276.6
1850,2700.0
1851,3249.58
1852,3678.37
1853,3678.69
1854,3779.42
1855,4008.96
1856,4269.52
1857,4052.82
1858,4289.2
1859,4199.35
1860,4199.56
1861,4500.5
1862,4406.48
1863,4272.64
1864,4051.0
1865,3895.45
1866,3779.5
1867,3891.37
1868,3891.17
1869,3892.3
1870,3779.39
1871,3894.14
1872,3800.17
1873,3800.38
1874,3750.99
1875,3589.91
1876,3400.06
1877,2520.18
1878,2499.03
1879,2410.34
1880,2443.06
1881,2507.94
1882,2728.07
1883,2749.75
1884,2799.5
1885,2949.27
1886,2949.97
1887,2991.4
1888,3159.53
1889,3589.71
1890,3589.9
1891,4008.03
1892,4019.98
1893,3709.11
1894,3929.51
1895,3731.45
1896,3904.94
1897,3995.65
1898,3998.7
1899,4000.55
1900,4114.55
1901,4150.18
1902,4406.23
1903,4114.86
1904,4066.31
1905,3929.35
1906,3899.36
1907,3709.73
1908,3696.36
1909,3497.73
1910,3409.19
1911,3159.26
1912,2921.66
1913,2651.99
1914,2501.82
1915,2389.54
1916,2359.69
1917,2359.13
1918,2249.91
1919,2249.48
1920,2230.16
1921,1999.82
1922,1999.91
1923,1999.61
1924,1999.4
1925,1999.16
1926,1922.93
1927,1922.57
1928,1922.37
1929,1922.24
1930,1922.03
1931,1801.98
1932,1801.78
1933,1801.61
1934,1801.54
1935,1801.49
1936,1801.48
1937,1801.71
1938,1922.02
1939,1922.79
1940,1999.1
1941,1999.48
1942,1999.39
1943,1999.31
1944,1749.69
1945,1999.7
1946,2500.5
1947,2829.08
1948,3500.02
1949,3678.64
1950,3678.4
1951,3800.35
1952,4008.96
1953,4008.94
1954,4200.02
1955,4200.42
1956,4200.48
1957,4400.47
1958,4250.7
1959,4114.36
1960,3999.78
1961,3795.11
1962,3793.01
1963,3600.43
1964,3791.49
1965,3793.76
1966,3793.95
1967,3733.98
1968,3600.16
1969,3409.52
1970,3359.77
1971,3000.85
1972,2949.02
1973,2543.74
1974,2519.6
1975,2520.89
1976,2517.22
1977,2543.49
1978,2542.73
1979,2542.41
1980,2541.12
1981,2544.18
1982,2539.91
1983,2519.75
1984,2533.3
1985,2939.72
1986,3100.78
1987,3150.49
1988,3549.05
1989,3289.53
1990,3549.12
1991,3549.4
1992,3300.42
1993,3500.13
1994,3199.89
1995,3549.33
1996,3549.39
1997,3199.58
1998,3549.62
1999,3591.61
2000,3596.02
2001,3549.88
2002,3398.23
2003,3391.45
2004,3165.47
2005,3159.12
2006,2829.46
2007,2699.24
2008,2519.93
2009,2399.99
2010,2389.97
2011,2389.32
2012,2350.3
2013,2259.86
2014,2259.32
2015,2249.88
2016,2249.33
2017,1999.41
2018,1999.25
2019,1999.5
2020,1999.41
2021,1999.19
2022,1921.98
2023,1921.57
2024,1921.43
2025,1921.53
2026,1801.8
2027,1921.09
2028,1841.54
2029,1801.81
2030,1801.68
2031,1801.83
2032,1801.91
2033,1921.09
2034,1921.19
2035,1921.72
2036,1921.19
2037,1999.39
2038,1999.83
2039,1999.86
2040,1999.32
2041,2432.48
2042,2699.8
2043,3000.58
2044,3519.91
2045,3500.06
2046,3900.02
2047,4019.56
2048,4411.22
2049,4200.84
2050,4400.81
2051,4400.76
2052,4400.92
2053,4900.63
2054,4500.65
2055,4500.61
2056,4499.13
2057,4499.71
2058,4411.53
2059,4350.4
2060,4410.12
2061,4113.7
2062,4113.91
2063,4113.48
2064,4080.33
2065,4000.51
2066,4020.76
2067,4300.21
2068,4199.05
2069,3469.69
2070,3399.55
2071,3249.42
2072,3249.37
2073,3288.0
2074,3300.52
2075,3301.14
2076,3300.92
2077,3239.77
2078,3399.37
2079,3549.07
2080,3549.08
2081,4113.16
2082,3678.4
2083,4113.27
2084,4289.43
2085,3709.93
2086,4169.6
2087,4300.09
2088,4371.89
2089,4411.67
2090,4411.59
2091,4199.37
2092,4169.07
2093,4000.97
2094,4199.6
2095,4259.08
2096,4250.07
2097,4019.03
2098,4000.61
2099,3815.73
2100,3693.69
2101,3549.06
2102,3097.07
2103,2963.14
2104,2925.27
2105,2586.49
2106,2487.3
2107,2422.95
2108,2390.91
2109,2389.91
2110,2389.49
2111,2384.38
2112,2277.09
2113,2050.24
2114,2009.48
2115,1999.53
2116,1921.98
2117,1921.97
2118,1921.8
2119,1855.4
2120,1801.54
2121,1801.5
2122,1801.26
2123,1799.65
2124,1799.27
2125,1799.3
2126,1787.45
2127,1794.6
2128,1789.63
2129,1799.62
2130,1801.22
2131,1801.97
2132,1921.99
2133,2010.97
2134,2244.32
2135,2230.63
2136,2327.3
2137,2699.54
2138,2900.24
2139,3346.85
2140,3800.71
2141,3903.15
2142,4200.26
2143,4300.97
2144,4989.39
2145,4700.8
2146,4700.79
2147,4700.63
2148,4700.83
2149,5250.36
2150,4800.75
2151,4921.05
2152,4800.8
2153,4800.42
2154,4700.32
2155,4700.13
2156,4700.3
2157,4400.64
2158,4400.57
2159,4400.16
2160,4200.39
2161,4169.54
2162,4300.09
2163,4300.51
2164,4199.02
2165,3569.98
2166,3569.75
2167,3549.51
2168,3549.0
2169,3500.41
2170,3494.32
2171,3498.4
2172,3480.85
2173,3549.06
2174,3678.94
2175,3678.81
2176,3519.62
2177,3980.8
2178,4019.14
2179,4113.67
2180,4411.64
2181,4000.31
2182,4189.15
2183,4113.27
2184,3919.78
2185,3919.04
2186,3795.8
2187,3779.31
2188,3779.06
2189,3795.69
2190,3919.51
2191,4000.62
2192,4019.45
2193,4000.55
2194,4000.33
2195,4000.07
2196,3709.45
2197,3549.25
2198,3159.72
2199,3099.92
2200,3094.9
2201,2796.76
2202,2734.74
2203,2669.64
2204,2449.55
2205,2419.33
2206,2409.53
2207,2402.83
2208,2399.18
2209,2120.38
2210,2050.35
2211,1999.94
2212,1999.64
2213,1999.2
2214,1999.01
2215,1921.56
2216,1921.46
2217,1849.71
2218,1849.16
2219,1801.93
2220,1801.65
2221,1801.51
2222,1801.51
2223,1801.64
2224,1801.9
2225,1921.82
2226,1999.02
2227,1999.26
2228,1999.62
2229,2160.65
2230,2249.1
2231,2299.19
2232,2349.06
2233,2699.64
2234,3028.34
2235,3985.7
2236,4113.94
2237,4411.85
2238,4800.48
2239,4900.94
2240,5361.0
2241,5400.72
2242,5784.15
2243,5300.96
2244,5400.33
2245,5372.1
2246,5400.47
2247,5450.11
2248,5300.91
2249,5200.74
2250,5200.43
2251,5200.51
2252,5200.3
2253,4900.13
2254,4900.03
2255,4900.26
2256,4657.8
2257,4411.84
2258,4370.73
2259,4189.69
2260,3999.14
2261,3253.6
2262,3300.68
2263,3170.89
2264,3060.99
2265,2992.34
2266,2999.13
2267,3000.98
2268,3100.52
2269,3220.97
2270,3399.05
2271,3400.12
2272,3500.48
2273,3600.58
2274,3780.93
2275,3749.21
2276,3752.37
2277,3689.1
2278,3999.65
2279,4169.15
2280,3780.34
2281,3750.72
2282,3895.7
2283,3999.25
2284,3909.83
2285,3999.06
2286,4113.45
2287,4312.61
2288,4169.18
2289,4000.74
2290,3999.25
2291,3999.68
2292,3909.71
2293,3529.54
2294,3172.96
2295,3139.08
2296,3093.29
2297,2796.38
2298,2728.39
2299,2699.12
2300,2402.44
2301,2379.8
2302,2379.35
2303,2366.45
2304,2240.27
2305,2300.19
2306,2257.18
2307,2230.97
2308,2120.08
2309,2050.75
2310,2050.35
2311,2010.31
2312,1999.96
2313,1921.88
2314,1921.52
2315,1921.16
2316,1921.08
2317,1921.01
2318,1921.04
2319,1921.08
2320,1921.16
2321,1921.46
2322,1999.1
2323,1999.24
2324,1999.57
2325,2120.47
2326,2243.41
2327,2409.32
2328,2449.35
2329,2699.4
2330,2930.51
2331,3359.64
2332,4008.24
2333,4411.82
2334,5000.4
2335,5000.91
2336,5850.64
2337,5000.83
2338,5000.96
2339,5000.85
2340,5000.97
2341,5001.0
2342,5000.95
2343,5000.89
2344,5000.82
2345,5000.61
2346,5000.18
2347,4749.92
2348,4411.56
2349,4218.57
2350,4143.06
2351,4113.89
2352,4100.39
2353,3797.97
2354,3694.37
2355,3469.67
2356,3469.83
2357,3000.76
2358,3100.6
2359,3000.37
2360,2909.62
2361,3000.26
2362,3100.75
2363,3200.21
2364,3249.86
2365,3275.41
2366,3399.52
2367,3500.77
2368,3686.22
2369,3800.57
2370,3989.6
2371,4366.74
2372,4644.12
2373,4411.84
2374,4941.8
2375,4450.25
2376,4200.74
2377,4199.96
2378,4411.06
2379,4500.42
2380,4411.69
2381,4312.7
2382,4411.05
2383,4113.12
2384,4000.77
2385,3698.96
2386,4030.68
2387,4199.11
2388,4113.08
2389,3809.25
2390,3599.97
2391,3099.97
2392,3091.7
2393,2791.24
2394,2699.95
2395,2699.33
2396,2489.05
2397,2449.3
2398,2409.25
2399,2396.93
2400,2391.22
2401,2306.33
2402,2258.93
2403,2249.66
2404,2249.32
2405,2235.74
2406,2230.51
2407,2229.93
2408,2229.88
2409,2229.38
2410,2229.43
2411,2229.23
2412,2229.19
2413,2120.88
2414,2120.91
2415,2120.89
2416,2120.95
2417,2120.53
2418,2120.99
2419,2110.33
2420,2120.48
2421,2389.88
2422,2439.78
2423,2484.64
2424,2485.58
2425,2985.14
2426,3482.49
2427,3900.2
2428,4199.7
2429,3909.12
2430,4008.66
2431,4300.86
2432,4999.97
2433,4800.57
2434,5250.12
2435,5250.07
2436,5250.15
2437,4999.46
2438,4649.44
2439,4199.11
2440,4008.4
2441,3894.96
2442,3779.91
2443,3700.55
2444,3519.42
2445,3194.16
2446,2939.49
2447,3011.3
2448,2990.99
2449,2925.71
2450,2908.58
2451,2780.04
2452,2518.45
2453,2329.34
2454,2311.56
2455,2350.13
2456,2330.6
2457,2443.89
2458,2440.73
2459,2490.86
2460,2457.53
2461,2484.55
2462,2481.77
2463,2499.92
2464,2499.75
2465,2728.82
2466,2829.65
2467,2859.38
2468,2899.5
2469,2999.53
2470,3165.88
2471,3199.58
2472,3190.46
2473,3413.03
2474,3489.2
2475,3892.26
2476,3893.57
2477,3792.15
2478,3799.52
2479,3797.23
2480,3892.52
2481,3697.76
2482,3693.36
2483,3691.76
2484,3524.51
2485,3096.61
2486,3092.64
2487,2509.83
2488,2480.0
2489,2389.4
2490,2350.78
2491,2308.78
2492,2229.63
2493,1999.75
2494,1999.56
2495,1999.14
2496,1921.85
2497,2200.93
2498,2030.1
2499,2010.82
2500,2010.44
2501,1999.57
2502,1999.32
2503,1999.1
2504,1959.76
2505,1959.1
2506,1939.62
2507,1921.95
2508,1921.89
2509,1921.84
2510,1999.01
2511,1999.01
2512,1999.07
2513,1999.31
2514,1999.85
2515,1999.93
2516,2010.83
2517,2289.41
2518,2289.91
2519,2313.74
2520,2289.91
2521,2799.53
2522,2919.52
2523,3519.26
2524,3681.25
2525,3724.54
2526,3949.02
2527,4269.74
2528,4500.54
2529,5000.14
2530,5000.38
2531,5000.25
2532,5000.15
2533,5000.14
2534,5000.1
2535,4800.13
2536,4500.53
2537,4400.04
2538,4199.84
2539,4200.11
2540,4000.36
2541,3900.15
2542,3999.69
2543,4200.1
2544,4199.63
2545,4199.47
2546,4113.2
2547,4050.36
2548,3649.26
2549,3100.22
2550,3170.06
2551,2999.63
2552,3150.26
2553,3000.61
2554,3200.14
2555,3205.53
2556,3200.54
2557,3060.47
2558,3200.51
2559,3233.79
2560,3519.67
2561,3989.9
2562,4113.38
2563,4411.54
2564,4500.44
2565,4300.52
2566,4922.91
2567,4822.95
2568,5096.56
2569,4999.92
2570,4834.4
2571,4999.36
2572,5048.93
2573,4999.33
2574,5139.58
2575,5400.02
2576,5486.33
2577,5001.64
2578,5031.73
2579,4999.43
2580,4411.15
2581,4113.75
2582,3722.87
2583,3639.35
2584,3432.44
2585,2925.02
2586,2794.42
2587,2739.5
2588,2481.25
2589,2391.5
2590,2319.2
2591,2244.71
2592,2229.56
2593,2229.72
2594,2229.23
2595,2030.56
2596,2030.0
2597,2019.41
2598,2010.7
2599,1999.88
2600,1999.76
2601,1999.86
2602,1999.82
2603,1999.58
2604,1999.53
2605,1999.52
2606,1999.9
2607,1999.91
2608,1999.98
2609,1999.78
2610,2000.18
2611,1999.88
2612,2029.07
2613,2030.0
2614,2279.18
2615,2307.62
2616,2331.68
2617,2451.93
2618,2481.46
2619,2919.89
2620,3409.45
2621,3700.11
2622,3999.49
2623,4008.15
2624,4008.6
2625,4008.82
2626,4250.01
2627,4469.76
2628,4516.1
2629,4999.04
2630,4999.64
2631,4516.31
2632,4199.73
2633,4000.0
2634,3795.91
2635,3909.29
2636,3798.11
2637,3779.02
2638,3699.19
2639,3700.79
2640,3696.56
2641,3689.6
2642,3519.65
2643,3357.23
2644,3149.58
2645,2499.5
2646,2499.04
2647,2440.45
2648,2397.69
2649,2499.2
2650,2490.11
2651,2499.39
2652,2499.46
2653,2499.3
2654,2529.04
2655,2516.93
2656,2522.55
2657,2919.78
2658,3079.47
2659,3089.75
2660,3199.06
2661,3139.69
2662,3529.34
2663,3237.47
2664,3199.12
2665,3199.97
2666,3199.92
2667,3529.32
2668,3529.28
2669,3199.55
2670,3529.82
2671,3618.37
2672,3678.79
2673,3597.16
2674,3596.54
2675,3599.43
2676,3596.21
2677,3098.5
2678,2999.37
2679,2959.15
2680,2925.73
2681,2494.67
2682,2441.11
2683,2368.03
2684,2350.95
2685,2229.53
2686,2229.15
2687,2030.87
2688,2010.75
2689,1999.86
2690,1999.4
2691,1999.3
2692,1999.03
2693,1999.06
2694,1939.93
2695,1939.22
2696,1922.94
2697,1922.56
2698,1922.49
2699,1922.41
2700,1922.32
2701,1922.27
2702,1922.31
2703,1922.34
2704,1922.43
2705,1922.56
2706,1922.99
2707,1922.41
2708,1999.76
2709,2030.73
2710,2291.75
2711,2352.2
2712,2377.7
2713,2699.28
2714,2699.05
2715,3200.21
2716,3359.61
2717,3779.17
2718,4169.52
2719,4413.76
2720,4600.04
2721,4600.58
2722,5000.48
2723,5000.61
2724,5000.69
2725,5000.9
2726,5000.9
2727,5000.92
2728,4999.5
2729,4999.67
2730,4999.32
2731,4999.28
2732,4999.08
2733,4999.47
2734,4999.38
2735,4999.39
2736,4999.01
2737,4999.65
2738,4999.05
2739,4000.05
2740,3647.7
2741,3100.99
2742,2999.22
2743,2930.69
2744,2927.0
2745,2926.97
2746,3000.91
2747,3199.34
2748,3249.44
2749,3199.49
2750,3308.62
2751,3395.26
2752,3519.96
2753,3989.51
2754,3999.89
2755,4000.42
2756,4115.45
2757,4199.02
2758,4550.52
2759,4200.35
2760,4413.12
2761,4413.12
2762,4050.23
2763,4008.08
2764,4000.27
2765,3693.77
2766,3699.3
2767,3779.74
2768,4009.0
2769,4999.86
2770,5121.44
2771,5121.26
2772,5121.14
2773,4000.73
2774,3999.23
2775,3674.34
2776,3524.78
2777,3529.74
2778,3478.88
2779,3139.5
2780,2985.28
2781,2350.3
2782,2230.3
2783,2030.73
2784,2030.14
2785,2010.9
2786,2010.25
2787,2010.13
2788,1999.93
2789,1999.96
2790,1999.2
2791,1950.22
2792,1922.84
2793,1922.83
2794,1922.76
2795,1922.67
2796,1922.58
2797,1922.47
2798,1922.5
2799,1922.46
2800,1922.54
2801,1999.08
2802,1999.73
2803,2010.05
2804,2010.57
2805,2030.29
2806,2160.99
2807,2236.41
2808,2270.16
2809,2499.89
2810,2509.65
2811,3249.89
2812,3749.78
2813,4008.67
2814,4800.18
2815,5000.1
2816,5000.2
2817,5000.16
2818,5000.16
2819,5000.18
2820,5000.04
2821,5000.1
2822,4999.81
2823,4792.23
2824,4649.01
2825,4499.96
2826,4499.07
2827,4450.8
2828,4413.75
2829,4300.6
2830,4115.74
2831,4115.68
2832,3999.92
2833,3699.04
2834,3645.45
2835,3642.04
2836,3400.69
2837,2699.3
2838,2499.74
2839,2499.71
2840,2499.35
2841,2499.65
2842,2586.87
2843,2810.21
2844,2849.75
2845,2930.92
2846,2969.24
2847,2999.21
2848,3200.55
2849,3641.48
2850,3643.83
2851,3357.37
2852,3119.25
2853,3400.97
2854,3779.95
2855,4008.37
2856,4000.97
2857,3949.26
2858,3799.9
2859,3999.63
2860,4200.67
2861,3949.01
2862,4050.52
2863,4115.1
2864,4350.55
2865,3599.37
2866,3599.15
2867,3591.65
2868,3300.87
2869,3119.92
2870,3300.37
2871,3095.89
2872,2989.95
2873,2491.88
2874,2479.19
2875,2419.6
2876,2419.34
2877,2300.22
2878,2030.99
2879,2030.03
2880,2010.97
2881,2030.11
2882,2010.61
2883,2000.71
2884,1922.91
2885,1922.94
2886,1922.6
2887,1922.46
2888,1922.23
2889,1922.21
2890,1922.1
2891,1922.03
2892,1801.99
2893,1801.85
2894,1900.87
2895,1890.52
2896,1911.5
2897,1922.07
2898,1922.39
2899,1999.01
2900,2010.49
2901,2219.02
2902,2219.83
2903,2233.85
2904,2219.59
2905,2489.67
2906,2500.69
2907,3680.58
2908,3779.27
2909,4008.76
2910,4769.37
2911,5000.23
2912,5000.37
2913,5000.25
2914,5000.0
2915,4999.23
2916,4413.98
2917,4500.24
2918,4499.5
2919,4600.2
2920,4413.87
2921,4289.77
2922,4115.12
2923,4413.16
2924,4199.36
2925,4049.02
2926,4099.37
2927,4115.91
2928,4199.13
2929,3780.16
2930,3643.41
2931,3300.32
2932,3310.69
2933,2908.15
2934,2849.84
2935,2899.02
2936,2849.93
2937,2849.85
2938,2899.81
2939,2919.7
2940,2926.54
2941,2926.48
2942,2960.98
2943,3199.16
2944,3399.05
2945,3644.91
2946,3519.48
2947,3500.77
2948,3500.95
2949,3529.05
2950,3999.09
2951,4289.11
2952,4100.28
2953,4115.5
2954,4008.48
2955,4030.29
2956,4000.79
2957,3829.1
2958,4100.39
2959,3734.88
2960,4008.96
2961,3706.4
2962,3744.1
2963,3599.35
2964,3595.41
2965,3094.74
2966,3092.55
2967,2739.45
2968,2739.31
2969,2469.85
2970,2728.22
2971,2500.05
2972,2486.76
2973,2339.11
2974,2229.7
2975,2160.16
2976,2030.28
