*Interval,Price (Rs./MWh)
1,2850.38
2,2733.12
3,2840.08
4,2830.47
5,2489.74
6,2489.53
7,2489.21
8,2489.01
9,2380.77
10,2339.84
11,2339.65
12,2339.53
13,2350.84
14,2449.6
15,2449.6
16,2449.57
17,2449.87
18,2449.99
19,2440.89
20,2449.18
21,2950.17
22,3000.4
23,3087.13
24,3150.42
25,3541.79
26,3600.16
27,3609.22
28,3750.68
29,4000.65
30,9500.47
31,10000
32,10000
33,10000
34,10000
35,10000
36,10000
37,10000
38,10000
39,10000
40,10000
41,10000
42,10000
43,10000
44,9172.8
45,9500.14
46,6499.68
47,5270.03
48,4545.84
49,4244.21
50,4498.2
51,4010.91
52,3690.11
53,3273.24
54,3259.33
55,3273.06
56,3350.02
57,3440.35
58,3350.16
59,3540.98
60,3639.37
61,3797.27
62,3797.05
63,3797.03
64,3719.31
65,3964.23
66,4545.95
67,10000
68,10000
69,10000
70,10000
71,10000
72,10000
73,10000
74,10000
75,10000
76,10000
77,6336.49
78,9080.59
79,5300.22
80,5149.19
81,4498.88
82,4498.32
83,4199.27
84,3647.71
85,3080.67
86,3050.94
87,3050.82
88,3050.11
89,2850.47
90,2999.51
91,2999.91
92,3000.8
93,2950.91
94,3019.6
95,3018.98
96,3023.36
97,3647.83
98,3647.53
99,3527.83
100,3500.53
101,3416.34
102,3144.77
103,3128.74
104,3119.1
105,3110.46
106,3076.7
107,3076.23
108,3021.63
109,3021.25
110,3021.3
111,3021.37
112,3021.82
113,3010.1
114,3010.41
115,3010.1
116,3010.55
117,3146.92
118,3600.04
119,3694.03
120,4500.05
121,5000.93
122,10000
123,10000
124,10000
125,10000
126,10000
127,10000
128,10000
129,10000
130,10000
131,10000
132,10000
133,10000
134,10000
135,10000
136,10000
137,10000
138,10000
139,10000
140,10000
141,10000
142,8002.11
143,6220.41
144,5414.94
145,4749.66
146,4282.06
147,4350.53
148,4257.91
149,3810.41
150,3770.9
151,3810.37
152,3810.7
153,3900.87
154,3940.7
155,4000.05
156,4279.16
157,4377.45
158,4500.58
159,4780.13
160,5000.72
161,6000.39
162,6010.88
163,10000
164,10000
165,10000
166,10000
167,10000
168,10000
169,10000
170,10000
171,10000
172,10000
173,10000
174,10000
175,10000
176,10000
177,10000
178,10000
179,10000
180,10000
181,9156.8
182,6500.74
183,5209.88
184,5000.43
185,4525.6
186,4708.8
187,4712.28
188,4538.25
189,4436.03
190,4000.17
191,3694.56
192,3647.47
193,3506.7
194,3504.67
195,3499.67
196,3435.84
197,3316.55
198,3278.66
199,3188.85
200,3185.85
201,3185.37
202,3175.67
203,3175.02
204,3160.68
205,3170.06
206,3160.85
207,3160.73
208,3160.47
209,3184
210,3300.26
211,3316.31
212,3395.21
213,3658.87
214,3769.76
215,3841.09
216,3850.38
217,4110.07
218,5150.87
219,8000.55
220,10000
221,10000
222,10000
223,10000
224,10000
225,10000
226,10000
227,10000
228,10000
229,10000
230,8650.73
231,7000.19
232,6500.55
233,5370.38
234,5000.94
235,4140.81
236,4140.77
237,3999.93
238,3999.79
239,3999.45
240,3941.76
241,3941.21
242,3999
243,3850.46
244,3636.68
245,3185.92
246,3170.96
247,3185.21
248,3316.41
249,3395.48
250,3512.98
251,3395.22
252,3395.61
253,3570.53
254,3743.07
255,3743.78
256,3743.97
257,3752.28
258,3769.23
259,3850.8
260,3936.5
261,3658.07
262,3658.11
263,3700.28
264,3841.57
265,3636.44
266,3937.38
267,4500.5
268,5446.32
269,5300.31
270,5270.89
271,4960.07
272,4140.32
273,4400.3
274,4140.9
275,3999.69
276,3971.01
277,3899.28
278,3841.29
279,3743.34
280,3636.32
281,3630.25
282,3630.06
283,3630.25
284,3500.62
285,3460.24
286,3500.12
287,3500.37
288,3500.45
289,10000
290,10000
291,9800.25
292,6254.56
293,6193.55
294,5000.92
295,4878.68
296,4878.2
297,3989.99
298,3989.66
299,3989.07
300,3674.84
301,3674.09
302,3660.57
303,3660.81
304,3660.86
305,3674.56
306,3819.67
307,3674.74
308,3855.37
309,3819.17
310,3765.52
311,4700.75
312,4719.06
313,4040.7
314,4719.77
315,4890.83
316,5309.95
317,4878.33
318,4719.2
319,3940.21
320,3603.18
321,3510.25
322,3451.03
323,3320.83
324,3280.93
325,3321
326,3510.07
327,3439.15
328,3414.61
329,3258.8
330,3280.71
331,3300.68
332,3280.07
333,3200.21
334,3100.72
335,3095.74
336,3020.61
337,3016.64
338,2999.65
339,2912.2
340,2890.48
341,2883.67
342,2883.45
343,2883.45
344,2883.91
345,3020.83
346,3210.91
347,3296.08
348,3317.82
349,3344.33
350,3330.07
351,3500.29
352,3510.16
353,3550.63
354,3674.28
355,3857.84
356,4000.37
357,3674.58
358,3660.35
359,3550.73
360,3765.68
361,3989.74
362,4650.77
363,5309.09
364,10000
365,10000
366,10000
367,10000
368,10000
369,7100.7
370,7100.64
371,7500.44
372,7500.66
373,10000
374,10000
375,10000
376,10000
377,10000
378,10000
379,10000
380,10000
381,10000
382,10000
383,10000
384,10000
385,10000
386,10000
387,10000
388,10000
389,10000
390,10000
391,10000
392,10000
393,10000
394,10000
395,10000
396,10000
397,8899.69
398,6000.67
399,5500.41
400,5000.11
401,5000.15
402,4728.77
403,4728.03
404,4719.63
405,4779.47
406,4800.68
407,4788.85
408,5000.08
409,4788.11
410,5000.76
411,4779.08
412,4366.78
413,3999.81
414,3505.19
415,3380.73
416,3060.9
417,3112.53
418,2979.19
419,2679.44
420,2380.06
421,2679.17
422,2679.49
423,2679.72
424,2679.62
425,2700.73
426,2700.2
427,2430.29
428,2695.38
429,1999.86
430,1999.4
431,1999.66
432,3220.05
433,3129.9
434,3075.8
435,3075.97
436,2775.7
437,2800.12
438,2695.8
439,3036.05
440,3220.34
441,3380.87
442,3385.73
443,3537.19
444,3574.98
445,3740.67
446,3847.41
447,3850.25
448,3900.94
449,3850.39
450,3923.65
451,3916.2
452,3985.22
453,3740.83
454,3800.94
455,3800.99
456,3850.66
457,4000.39
458,4000.79
459,4099.44
460,4379.81
461,5009.82
462,5000.45
463,5834.28
464,10000
465,10000
466,10000
467,10000
468,10000
469,10000
470,10000
471,10000
472,10000
473,10000
474,10000
475,10000
476,10000
477,10000
478,10000
479,10000
480,10000
481,10000
482,10000
483,10000
484,10000
485,10000
486,10000
487,10000
488,10000
489,8000.51
490,7000.16
491,7000.09
492,5500.96
493,5500.3
494,5061.58
495,4999.71
496,4800.48
497,4989.33
498,4999.47
499,4999.32
500,4999.8
501,4500.82
502,4999.72
503,4999.03
504,4800.11
505,4999.03
506,4999.39
507,4775.45
508,4034.38
509,3665.42
510,3505.51
511,3401.56
512,3254.78
513,3350.06
514,3012.32
515,3219.11
516,1999.34
517,2325.7
518,2575.68
519,3225.15
520,3012.02
521,2700.34
522,3012.38
523,3236.03
524,3410.16
525,2912.76
526,3229.48
527,3222.94
528,3343.35
529,3505.51
530,3665.24
531,3665.17
532,3600.26
533,3247.01
534,3355.1
535,3505.75
536,3949.86
537,4160.12
538,4240.95
539,4775.43
540,4800.47
541,4440.66
542,4800.25
543,4450.88
544,4465.07
545,4999.29
546,4999.81
547,4999.77
548,4999.54
549,4465.91
550,4499.62
551,4034.83
552,4000.43
553,3690.21
554,3890.57
555,4900.18
556,5000.33
557,7499.96
558,10000
559,10000
560,10000
561,10000
562,10000
563,10000
564,10000
565,10000
566,10000
567,10000
568,10000
569,10000
570,10000
571,10000
572,10000
573,10000
574,10000
575,10000
576,10000
577,4738.32
578,4669.89
579,4600.58
580,4499.59
581,3949.85
582,3681.01
583,3620.52
584,3588.09
585,3499.6
586,3410.41
587,3378.2
588,3248.35
589,3248.34
590,3203.99
591,3080.75
592,3080.02
593,3248.98
594,3248.6
595,3248.81
596,3248.88
597,3044.22
598,3044.39
599,3044.84
600,3080.62
601,3480.96
602,3500.54
603,3410.84
604,3340.75
605,3219.33
606,3080.56
607,3050.05
608,3035.1
609,2920.95
610,3000.07
611,2500.68
612,2117.21
613,2779.74
614,3000.24
615,2779.87
616,2172.78
617,2045.36
618,1999.81
619,2000.47
620,2000.33
621,1999.98
622,2019.07
623,2000
624,1999.99
625,1999.86
626,1999.61
627,1999.94
628,1999.99
629,1999.27
630,1999.4
631,1999.8
632,2000.98
633,2649.01
634,2649.84
635,2656.52
636,2750.44
637,3035.76
638,3044.61
639,3044.3
640,3044.64
641,3044.26
642,3044.28
643,3044.19
644,3044.41
645,3080.11
646,3044.37
647,3044.34
648,3044.11
649,3395.32
650,3408.77
651,3540.92
652,3736.39
653,4669.43
654,4669.55
655,4669.44
656,4999.33
657,6230.22
658,6653.25
659,6955.5
660,9599.48
661,10000
662,10000
663,10000
664,10000
665,10000
666,10000
667,10000
668,10000
669,10000
670,10000
671,10000
672,10000
673,10000
674,10000
675,10000
676,10000
677,10000
678,10000
679,10000
680,10000
681,10000
682,10000
683,10000
684,10000
685,10000
686,10000
687,10000
688,10000
689,10000
690,10000
691,10000
692,10000
693,5396.44
694,6501.18
695,6501.63
696,6710.02
697,6501.56
698,8150.4
699,10000
700,8150.83
701,7190.71
702,7190.62
703,5499.87
704,4710.08
705,4080.56
706,3569.33
707,3430.89
708,3398.66
709,3386.88
710,3410.04
711,3386.8
712,3386
713,3064.29
714,3064.74
715,3064.02
716,2692.93
717,3012.27
718,2877.02
719,2420.73
720,2091.46
721,2420.74
722,2091.34
723,1999.87
724,1999.84
725,1999.39
726,1999.47
727,1999.66
728,2091.27
729,2490.77
730,2665.34
731,2633.97
732,3064.73
733,3064.3
734,3386.21
735,3430.55
736,3569.31
737,3499.83
738,3900.91
739,4710.92
740,4969.62
741,5450.54
742,4969.03
743,4109.3
744,4370.32
745,5419.23
746,5740.55
747,6710.05
748,10000
749,10000
750,10000
751,10000
752,10000
753,10000
754,10000
755,10000
756,10000
757,10000
758,10000
759,10000
760,10000
761,10000
762,10000
763,10000
764,10000
765,10000
766,10000
767,10000
768,10000
769,4450.71
770,4400.78
771,4400.02
772,4197.09
773,3899.86
774,3698.14
775,3689.32
776,3549.11
777,3573.84
778,3633.8
779,3563.21
780,3519.68
781,3519.66
782,3665.14
783,3700.09
784,3646.55
785,3929.98
786,3969.32
787,3934.72
788,3899.96
789,3401.99
790,3551.88
791,3500.74
792,3500.55
793,3689.18
794,3689.37
795,3602.03
796,3470.32
797,3200.36
798,2969.09
799,2451.44
800,2140
801,1000.13
802,696.09
803,498.84
804,400.9
805,499.2
806,499.2
807,499.85
808,499.96
809,696.85
810,696.74
811,654.97
812,499.85
813,499.83
814,499.83
815,499.8
816,499.85
817,499.86
818,499.87
819,499.88
820,499.89
821,499.81
822,499.83
823,499.98
824,696.24
825,999.66
826,1100.51
827,1100.68
828,1261.84
829,1955.36
830,1955.69
831,1955.55
832,1499.58
833,1710.45
834,1100.27
835,1837.2
836,2000.79
837,1837.58
838,2053.63
839,2183.87
840,2969.48
841,2999.61
842,2999.72
843,2999.51
844,3112.89
845,4279.58
846,5000.86
847,5875.82
848,7203.47
849,6520.07
850,5999.96
851,5754.45
852,5754.05
853,5850.39
854,5754.6
855,5698.39
856,5350.85
857,5027.99
858,5054.59
859,4754.48
860,5082.25
861,4883.21
862,4883.36
863,4883.27
864,4679.51
865,6200.94
866,6200.82
867,5800.77
868,5280.1
869,5200.68
870,4900.85
871,4900.76
872,4900.71
873,4300.27
874,4300.26
875,4300.33
876,4300.22
877,4056.88
878,4039.52
879,4000.22
880,3999.62
881,3999.11
882,4022.97
883,4020.48
884,4059.23
885,3960.16
886,4019.99
887,3700.57
888,3689.41
889,4181.23
890,4500.87
891,4570.48
892,4500.28
893,4020.69
894,3698.29
895,3685.78
896,3626.35
897,3499.64
898,3280.21
899,3175.2
900,3150.1
901,2879.96
902,2879.43
903,2879.32
904,2879.5
905,2879.39
906,2879.46
907,2879.62
908,2879.94
909,2879.79
910,2879.84
911,2900.34
912,2879.81
913,2879.82
914,2999.47
915,2976
916,2879.89
917,2879.15
918,2879.1
919,2879.69
920,3032.3
921,3249.27
922,3249.49
923,3345.13
924,3345.9
925,3499.96
926,3345.47
927,3499.75
928,3621.56
929,3685.24
930,3695.71
931,3698.71
932,3698.68
933,3899.15
934,3695.36
935,3799.25
936,5000.44
937,9929.7
938,10000
939,10000
940,10000
941,10000
942,10000
943,10000
944,10000
945,10000
946,10000
947,10000
948,10000
949,10000
950,10000
951,10000
952,10000
953,10000
954,10000
955,10000
956,10000
957,10000
958,10000
959,10000
960,10000
961,2850.83
962,2859.6
963,2816.35
964,2795.37
965,2800.25
966,2785.75
967,2730.9
968,2710.64
969,2728.84
970,2707.98
971,2700.88
972,2700.6
973,2700.3
974,2700.31
975,2700.25
976,2699.92
977,2699.68
978,2699.35
979,2687.74
980,2676.48
981,2696.06
982,2700.35
983,2773.1
984,2791.15
985,2900.11
986,2900.7
987,3163.62
988,3236.35
989,3236.98
990,3236.87
991,3000.19
992,2874.99
993,2716.71
994,2656.94
995,2159.94
996,1999.78
997,1999.41
998,1999.32
999,1999.09
1000,1959.58
1001,1000.46
1002,1000.36
1003,1000.5
1004,1000.19
1005,1000.88
1006,1000.91
1007,1439.11
1008,1499.03
1009,1175.38
1010,1027.64
1011,1069.01
1012,1000.99
1013,1000.45
1014,1000.36
1015,999.74
1016,1000.08
1017,1000.74
1018,1000.43
1019,1392.39
1020,1500.1
1021,1989.72
1022,1999.11
1023,1999.45
1024,1999.74
1025,2430.51
1026,2585.21
1027,2645.41
1028,2999.07
1029,3069.11
1030,3512.75
1031,4300.37
1032,4179.06
1033,4389.5
1034,4389.87
1035,4769.58
1036,4600.34
1037,4359.2
1038,3839.76
1039,3999.25
1040,3999.6
1041,3839.93
1042,3989.39
1043,3839.84
1044,3923.96
1045,3839.04
1046,3799.67
1047,3950.55
1048,3799.71
1049,3600.74
1050,3600.51
1051,3671.42
1052,3689.75
1053,3499.07
1054,3499.75
1055,3600.11
1056,3499.9
1057,2649.5
1058,2624.08
1059,2649.01
1060,2512.69
1061,2432.11
1062,2400.73
1063,2400.35
1064,2389.5
1065,2233.74
1066,2200.43
1067,2210.34
1068,2200.75
1069,2200.35
1070,2195.48
1071,2200.44
1072,2200.5
1073,2249.84
1074,2393.02
1075,2400.7
1076,2500.07
1077,2539.95
1078,2700.54
1079,2846.45
1080,3029.01
1081,3299.18
1082,3500.19
1083,3500.14
1084,3505.28
1085,3907.94
1086,4010.99
1087,4056.68
1088,4025.58
1089,4680.28
1090,4056.03
1091,4500.55
1092,4450.47
1093,4083.31
1094,3760.08
1095,3756.98
1096,3540.57
1097,3082.01
1098,3065.33
1099,2849.07
1100,2810.3
1101,2512.48
1102,2240.78
1103,2166.9
1104,2139.56
1105,1989.06
1106,1800.9
1107,1799.95
1108,1799.9
1109,1799.65
1110,1799.62
1111,1799.7
1112,1799.87
1113,1989.26
1114,2078.43
1115,2250.81
1116,2432.37
1117,2649.33
1118,2846.14
1119,2951.27
1120,3010.47
1121,3100.48
1122,3299.17
1123,3505.46
1124,3558.84
1125,4025.39
1126,5020.06
1127,5316.7
1128,4299.92
1129,6520.94
1130,6999.08
1131,5999.03
1132,5020.37
1133,3284.18
1134,3200.67
1135,3388.08
1136,3210.43
1137,3200.02
1138,3154.15
1139,3070.5
1140,3069.09
1141,2846.41
1142,2846.18
1143,2810.64
1144,2799.88
1145,2700.07
1146,2700.57
1147,2700.72
1148,2700.86
1149,2700.43
1150,2700.26
1151,2700.11
1152,2649.81
1153,3131.86
1154,3070.69
1155,3070.47
1156,3065.18
1157,2961.44
1158,2959.45
1159,2955.44
1160,2955.12
1161,2950.84
1162,2841.2
1163,2800.21
1164,2772.35
1165,2814.82
1166,2749.54
1167,2742.27
1168,2734.7
1169,2785
1170,2937.58
1171,2957.32
1172,2961.66
1173,3070.41
1174,3080.65
1175,3326.61
1176,3509.26
1177,3541.92
1178,3800.45
1179,4200.25
1180,4750.58
1181,5209.01
1182,6000.13
1183,9080.62
1184,10000
1185,10000
1186,10000
1187,10000
1188,10000
1189,10000
1190,10000
1191,10000
1192,10000
1193,10000
1194,10000
1195,6520.53
1196,7160.6
1197,5299.06
1198,4666.6
1199,4280.73
1200,4100.16
1201,3900.34
1202,3810.32
1203,3752.05
1204,3800.25
1205,3350.62
1206,3300.35
1207,3525.16
1208,3525.88
1209,3525.2
1210,3541.02
1211,3541.73
1212,3541.46
1213,3525.7
1214,3541.3
1215,3541.84
1216,3541.48
1217,3678.35
1218,3899.52
1219,4571.04
1220,6000.05
1221,7489.54
1222,8120.71
1223,10000
1224,10000
1225,10000
1226,10000
1227,10000
1228,10000
1229,10000
1230,10000
1231,10000
1232,7010.54
1233,5810.86
1234,5300.56
1235,5039.65
1236,4708.66
1237,4439.58
1238,4028.71
1239,4000.71
1240,4000.13
1241,3461.52
1242,3569.22
1243,3525.83
1244,3462.13
1245,3300.49
1246,3273.17
1247,3224.85
1248,3187.57
1249,3359.68
1250,3359.09
1251,3287.43
1252,3231.17
1253,3200.13
1254,3170.95
1255,3161.48
1256,3110.31
1257,2979.42
1258,2955.69
1259,2955.55
1260,2955.38
1261,2955.68
1262,2955.53
1263,2955.55
1264,2955.73
1265,2959.11
1266,3000.22
1267,3099.42
1268,3110.47
1269,3200.38
1270,3287.18
1271,3359.85
1272,3506.83
1273,3709.85
1274,4109.09
1275,4219.96
1276,4999.34
1277,5240.69
1278,8000.08
1279,9225.58
1280,9302.22
1281,6283.08
1282,10000
1283,10000
1284,10000
1285,9122.14
1286,7999.59
1287,5351.74
1288,4999.44
1289,4760.48
1290,4109.87
1291,3840.92
1292,4300.54
1293,4000.51
1294,4189.37
1295,3982.27
1296,3726.59
1297,3592.25
1298,3750.84
1299,3589.1
1300,3580.76
1301,3095.55
1302,3115.18
1303,3275.14
1304,3300.28
1305,3510.39
1306,3580.35
1307,3564.76
1308,3506.54
1309,3506.46
1310,3410.56
1311,3506.98
1312,3506.12
1313,3641.17
1314,3650.95
1315,3981.21
1316,4320.33
1317,4219.98
1318,4100.17
1319,4307.36
1320,5249.56
1321,5249.68
1322,5350.84
1323,5599.52
1324,5730.35
1325,5680.1
1326,5900.72
1327,5300.18
1328,5149.68
1329,4800.33
1330,4746.87
1331,4582.46
1332,4437.77
1333,4109.33
1334,4075.7
1335,3525.36
1336,3374.8
1337,3089.97
1338,3142.9
1339,3130.95
1340,3142.78
1341,3160.5
1342,3160.48
1343,3160.06
1344,3179.06
1345,3200.31
1346,3170.74
1347,3142.4
1348,3110.24
1349,2997.8
1350,2950.94
1351,2949.29
1352,2949.16
1353,2897.35
1354,2800.33
1355,2800.12
1356,2757.99
1357,2731.4
1358,2711.44
1359,2744.84
1360,2714.12
1361,2800.85
1362,2846.46
1363,2890.2
1364,2899.64
1365,3110.91
1366,3186.21
1367,3358.38
1368,3525.71
1369,3706.38
1370,4489.5
1371,4999.93
1372,7000.32
1373,10000
1374,10000
1375,10000
1376,10000
1377,10000
1378,10000
1379,10000
1380,10000
1381,10000
1382,10000
1383,10000
1384,10000
1385,10000
1386,10000
1387,10000
1388,10000
1389,7000.43
1390,6044.64
1391,5600.94
1392,5039.28
1393,4606.11
1394,4499.32
1395,4350.7
1396,4283.83
1397,3330.86
1398,3224.25
1399,3511.41
1400,3510.8
1401,3580.89
1402,3750.26
1403,3830.06
1404,3900.43
1405,3801.83
1406,4124.26
1407,4307.99
1408,4792.91
1409,5240.77
1410,6000.35
1411,8120.14
1412,8120.83
1413,10000
1414,10000
1415,10000
1416,10000
1417,10000
1418,10000
1419,10000
1420,10000
1421,10000
1422,10000
1423,10000
1424,10000
1425,7422.9
1426,6300.27
1427,5680.71
1428,5209.48
1429,4708.54
1430,4525.2
1431,4399.38
1432,4166.95
1433,3619.77
1434,3650.26
1435,3650.02
1436,3619.04
1437,3357.44
1438,3420.45
1439,3439.26
1440,3437.56
1441,3500.89
1442,3525.72
1443,3525.16
1444,3469.5
1445,3357.75
1446,3180.72
1447,3090.06
1448,3076.47
1449,3050.43
1450,3021.29
1451,2999.85
1452,2973.11
1453,2901.96
1454,2916
1455,2930.46
1456,2973.19
1457,3004.68
1458,3050.74
1459,3076.33
1460,3150.46
1461,3469.74
1462,3525.59
1463,3609.33
1464,3647.86
1465,4109.21
1466,5500.37
1467,6079.16
1468,8999.82
1469,10000
1470,10000
1471,10000
1472,10000
1473,10000
1474,10000
1475,10000
1476,10000
1477,10000
1478,10000
1479,10000
1480,10000
1481,10000
1482,10000
1483,10000
1484,10000
1485,8000.54
1486,7000.24
1487,6000.13
1488,4999.7
1489,4350.18
1490,4280.71
1491,4100.49
1492,3899.45
1493,3490.28
1494,3300.91
1495,3560.79
1496,3610.22
1497,3592.83
1498,3560.35
1499,3560.81
1500,3592.17
1501,3580.52
1502,3800.24
1503,4468.95
1504,4499.18
1505,6000.76
1506,7000.05
1507,10000
1508,10000
1509,10000
1510,10000
1511,10000
1512,10000
1513,10000
1514,10000
1515,10000
1516,10000
1517,10000
1518,10000
1519,10000
1520,10000
1521,9000.49
1522,8000.31
1523,6700.07
1524,5422.19
1525,4999.32
1526,4525.98
1527,4489.54
1528,4307.65
1529,3650.66
1530,3619.55
1531,3619.51
1532,3619.22
1533,3438.29
1534,3509.52
1535,3525.35
1536,3490.66
1537,3180.14
1538,3310.27
1539,3300.53
1540,3179.01
1541,3076.17
1542,3019.99
1543,3000.34
1544,2930.2
1545,2870.67
1546,2870.38
1547,2870.35
1548,2870.49
1549,2870.01
1550,2825.89
1551,2848.79
1552,2750.56
1553,2870.22
1554,3018.52
1555,2870.87
1556,2930.88
1557,3490.29
1558,3525.57
1559,3647.24
1560,4189.95
1561,4130.67
1562,4799.47
1563,5850.95
1564,9958.99
1565,10000
1566,10000
1567,10000
1568,10000
1569,10000
1570,10000
1571,10000
1572,10000
1573,10000
1574,10000
1575,10000
1576,10000
1577,10000
1578,10000
1579,10000
1580,9850.91
1581,6999.08
1582,6869.24
1583,4958.38
1584,4350.71
1585,4280.79
1586,4000.17
1587,3810.96
1588,4000.52
1589,3180.49
1590,3133.53
1591,3410.4
1592,3480.89
1593,3558.59
1594,3667.44
1595,3667.93
1596,3700.97
1597,3667.48
1598,3854.22
1599,4299.96
1600,4500.32
1601,5240.56
1602,6010.58
1603,7160.74
1604,8385.06
1605,10000
1606,10000
1607,10000
1608,10000
1609,10000
1610,10000
1611,10000
1612,10000
1613,10000
1614,10000
1615,10000
1616,10000
1617,10000
1618,8979.15
1619,5989.38
1620,5362.79
1621,4799.21
1622,4525.57
1623,4489.98
1624,4361.59
1625,4000.37
1626,3650.9
1627,3619.32
1628,3525.77
1629,3490.46
1630,3490.22
1631,3525.28
1632,3560
1633,3540.5
1634,3525.94
1635,3398.29
1636,3179.89
1637,3140.83
1638,3133.11
1639,3100.28
1640,3076.61
1641,3076.32
1642,3076.06
1643,3019.22
1644,3000.74
1645,3000.62
1646,3000.55
1647,3076.16
1648,3076.11
1649,3100.04
1650,3133.54
1651,3140.97
1652,3278.45
1653,3525.86
1654,3559.71
1655,4069.34
1656,4489.53
1657,4109.85
1658,5210.24
1659,6500.69
1660,10000
1661,10000
1662,10000
1663,10000
1664,10000
1665,10000
1666,10000
1667,10000
1668,10000
1669,10000
1670,10000
1671,10000
1672,10000
1673,10000
1674,10000
1675,10000
1676,10000
1677,7500.38
1678,7500.04
1679,5039.71
1680,4394.55
1681,4299.66
1682,4350.43
1683,4300.47
1684,4000.87
1685,3500.96
1686,3230.28
1687,3540.53
1688,3610.27
1689,3708.3
1690,3752.96
1691,3840.58
1692,4069.69
1693,4300.49
1694,4500.4
1695,5209.88
1696,5240.34
1697,6500.33
1698,8000.52
1699,10000
1700,10000
1701,10000
1702,10000
1703,10000
1704,10000
1705,10000
1706,10000
1707,10000
1708,10000
1709,10000
1710,10000
1711,10000
1712,10000
1713,10000
1714,10000
1715,8000.83
1716,6500.26
1717,5499.21
1718,5039.34
1719,5000.08
1720,4525.27
1721,4190.61
1722,4190.1
1723,3650.23
1724,3619.53
1725,3460.97
1726,3500.42
1727,3525.26
1728,3500.08
1729,3133.7
1730,3133.49
1731,3076.76
1732,3021.3
1733,2920.79
1734,2900.4
1735,2900.43
1736,2890.95
1737,2890.44
1738,2880.4
1739,2853.44
1740,2750.91
1741,2699.41
1742,2700.66
1743,2699.77
1744,2639.68
1745,2639.9
1746,2901.9
1747,2980.95
1748,3010.87
1749,3140.78
1750,3300.54
1751,3731.27
1752,4499.56
1753,4600.36
1754,5700.98
1755,9375.34
1756,10000
1757,10000
1758,10000
1759,10000
1760,10000
1761,10000
1762,10000
1763,10000
1764,10000
1765,10000
1766,10000
1767,10000
1768,10000
1769,10000
1770,10000
1771,10000
1772,10000
1773,8570.88
1774,8570.52
1775,7160.83
1776,7160.54
1777,5550.36
1778,5070.8
1779,5070.34
1780,5039.35
1781,3800.17
1782,3800.02
1783,3981.96
1784,4000.2
1785,4319.72
1786,4466.15
1787,4355.23
1788,5000.08
1789,4499.38
1790,4708.04
1791,5390.07
1792,5499.65
1793,7160.74
1794,10000
1795,10000
1796,10000
1797,10000
1798,10000
1799,10000
1800,10000
1801,10000
1802,10000
1803,10000
1804,10000
1805,10000
1806,10000
1807,10000
1808,10000
1809,10000
1810,10000
1811,9000.06
1812,7000.63
1813,5499.64
1814,5209.25
1815,4710.89
1816,4702.73
1817,4069.32
1818,3525
1819,3540.01
1820,3650.1
1821,3414.62
1822,3525.88
1823,3540.01
1824,3525.68
1825,3133.66
1826,3110.99
1827,3100.12
1828,3076.02
1829,2973.88
1830,2920.35
1831,2901.88
1832,2901.66
1833,2901.36
1834,2890.1
1835,2880.5
1836,2853.97
1837,2800.42
1838,2853.15
1839,2800.65
1840,2880.08
1841,2890.69
1842,2901.93
1843,2920.34
1844,3021.01
1845,3230.55
1846,3300.78
1847,3525.32
1848,4069.12
1849,5250.52
1850,8979.09
1851,10000
1852,10000
1853,10000
1854,10000
1855,10000
1856,10000
1857,10000
1858,10000
1859,10000
1860,10000
1861,10000
1862,10000
1863,10000
1864,10000
1865,10000
1866,10000
1867,10000
1868,10000
1869,10000
1870,9570.74
1871,8270.62
1872,8270.45
1873,6500.44
1874,6070.35
1875,5240.34
1876,5183.89
1877,3790.86
1878,3667.2
1879,3810.78
1880,4000.19
1881,4250.32
1882,4090.79
1883,4100.32
1884,4350.79
1885,4350.25
1886,5000.77
1887,6440.24
1888,6999.98
1889,10000
1890,10000
1891,10000
1892,10000
1893,10000
1894,10000
1895,10000
1896,10000
1897,10000
1898,10000
1899,10000
1900,10000
1901,10000
1902,10000
1903,10000
1904,10000
1905,10000
1906,10000
1907,9500.88
1908,8050.23
1909,5810.25
1910,5499.72
1911,5000
1912,4499.68
1913,3525.6
1914,3525.35
1915,3525.62
1916,3525.77
1917,3525.91
1918,3540.38
1919,3580.24
1920,3525.58
1921,3076.82
1922,3076.58
1923,3076.1
1924,3010.89
1925,2920.12
1926,2901.56
1927,2901.33
1928,2901.19
1929,2901.08
1930,2880.44
1931,2853.67
1932,2800.67
1933,2790.53
1934,2800.24
1935,2785.67
1936,2853.02
1937,2820.11
1938,2901.2
1939,2901.02
1940,2901.78
1941,3076.94
1942,3300.94
1943,3525.23
1944,3750.34
1945,5050.3
1946,8120.54
1947,10000
1948,10000
1949,10000
1950,10000
1951,10000
1952,10000
1953,10000
1954,10000
1955,10000
1956,10000
1957,10000
1958,10000
1959,10000
1960,10000
1961,10000
1962,10000
1963,10000
1964,9080.34
1965,7748.01
1966,7160.73
1967,7160.09
1968,7160.04
1969,5499.41
1970,5499.52
1971,4585.19
1972,4499.73
1973,3790.14
1974,3750.15
1975,3667.4
1976,3540.81
1977,3667.31
1978,3667.3
1979,3667.31
1980,3667.31
1981,3780.7
1982,4000.42
1983,4299.33
1984,4189.63
1985,4679.2
1986,5000.08
1987,5050.75
1988,5183.89
1989,6989.8
1990,6499.34
1991,8298.36
1992,10000
1993,8999.8
1994,10000
1995,10000
1996,7999.82
1997,10000
1998,10000
1999,10000
2000,8500.96
2001,5300.86
2002,5240.23
2003,5191.21
2004,5010.12
2005,4499.85
2006,4100.61
2007,3900.18
2008,3820.19
2009,3230.78
2010,3290.41
2011,3500.21
2012,3400.82
2013,3500.77
2014,3330.82
2015,3476.03
2016,3300.64
2017,3076.1
2018,3010.95
2019,2901.97
2020,2901.44
2021,2901.03
2022,2810.5
2023,2639.09
2024,2628.35
2025,2628.13
2026,2586.47
2027,2586.14
2028,2520.44
2029,2512.66
2030,2520.24
2031,2520.01
2032,2586.06
2033,2560.81
2034,2628.49
2035,2628.41
2036,2628.81
2037,2901.9
2038,3290.02
2039,3800.72
2040,4466.72
2041,5183.49
2042,8999.16
2043,10000
2044,10000
2045,10000
2046,10000
2047,10000
2048,10000
2049,10000
2050,10000
2051,10000
2052,10000
2053,10000
2054,10000
2055,10000
2056,10000
2057,10000
2058,10000
2059,10000
2060,10000
2061,10000
2062,10000
2063,10000
2064,9250.92
2065,7570.55
2066,7070.08
2067,6000.18
2068,5250.9
2069,3840.84
2070,3810.18
2071,4499.25
2072,4499.02
2073,4550.25
2074,4481.35
2075,4189.02
2076,4299.93
2077,4500.15
2078,6000.11
2079,7170.41
2080,8000.24
2081,10000
2082,10000
2083,10000
2084,10000
2085,10000
2086,10000
2087,10000
2088,10000
2089,10000
2090,10000
2091,10000
2092,10000
2093,10000
2094,10000
2095,10000
2096,10000
2097,10000
2098,10000
2099,10000
2100,9000.43
2101,5700.71
2102,5475.92
2103,4958.21
2104,4510.82
2105,3525.52
2106,4000.96
2107,4069.73
2108,3790.28
2109,3300.41
2110,3300.62
2111,3414.64
2112,3400
2113,3000.35
2114,2930.12
2115,2890.34
2116,2801.85
2117,2801.37
2118,2790.23
2119,2700.38
2120,2530.91
2121,2528.88
2122,2528.46
2123,2528.12
2124,2512.64
2125,2499.22
2126,2486.89
2127,2499.52
2128,2512.28
2129,2528.26
2130,2528.85
2131,2528.67
2132,2699.15
2133,2869.86
2134,3133.34
2135,3526
2136,4468.45
2137,6150.09
2138,10000
2139,10000
2140,10000
2141,10000
2142,10000
2143,10000
2144,10000
2145,10000
2146,10000
2147,10000
2148,10000
2149,10000
2150,10000
2151,10000
2152,10000
2153,10000
2154,10000
2155,10000
2156,10000
2157,10000
2158,10000
2159,10000
2160,10000
2161,8750.01
2162,5700.14
2163,5250.44
2164,5039.29
2165,3752.56
2166,3620.11
2167,3750.75
2168,3731.95
2169,4000.91
2170,4000.02
2171,4039.84
2172,4110.46
2173,3810.33
2174,4467.39
2175,5700.45
2176,8048.82
2177,10000
2178,10000
2179,10000
2180,10000
2181,10000
2182,10000
2183,10000
2184,10000
2185,10000
2186,10000
2187,10000
2188,10000
2189,10000
2190,10000
2191,10000
2192,10000
2193,10000
2194,10000
2195,10000
2196,5810.22
2197,5400.52
2198,5400.07
2199,4750.31
2200,4200.85
2201,4000.36
2202,4152.82
2203,4000.21
2204,3300.82
2205,3300.23
2206,3290.69
2207,3300.12
2208,3290.93
2209,3290.7
2210,3150.6
2211,2976.92
2212,2976.36
2213,2869.05
2214,2801.65
2215,2801.34
2216,2801.19
2217,2801
2218,2749.3
2219,2733.61
2220,2699.93
2221,2630.81
2222,2560.96
2223,2600.96
2224,2700.34
2225,2749.92
2226,2749.08
2227,2800.74
2228,2801.59
2229,2976.14
2230,3300.36
2231,3878.81
2232,5183.48
2233,7250.54
2234,10000
2235,10000
2236,10000
2237,10000
2238,10000
2239,10000
2240,10000
2241,10000
2242,10000
2243,10000
2244,10000
2245,10000
2246,10000
2247,10000
2248,10000
2249,10000
2250,10000
2251,10000
2252,10000
2253,10000
2254,10000
2255,10000
2256,10000
2257,10000
2258,7170.94
2259,6000.5
2260,5250.97
2261,3810.34
2262,3754.39
2263,4189.01
2264,4319.17
2265,4600.07
2266,4369.2
2267,4299.88
2268,4465.71
2269,4500.45
2270,5400.89
2271,6499.03
2272,8199.12
2273,10000
2274,10000
2275,10000
2276,10000
2277,10000
2278,10000
2279,10000
2280,10000
2281,10000
2282,10000
2283,10000
2284,10000
2285,10000
2286,10000
2287,10000
2288,10000
2289,10000
2290,10000
2291,10000
2292,8000.48
2293,6650.77
2294,6000.64
2295,4900.83
2296,4510.36
2297,4200.56
2298,4499.64
2299,4250.28
2300,3655.61
2301,3525.67
2302,3438.02
2303,3290.75
2304,3240.08
2305,2930.5
2306,2930.45
2307,2921.72
2308,2890.48
2309,2801.72
2310,2801.39
2311,2749.76
2312,2699.63
2313,2530.37
2314,2528.7
2315,2528.28
2316,2528.07
2317,2528.07
2318,2512.6
2319,2512.33
2320,2528.13
2321,2749.21
2322,2749.6
2323,2699.49
2324,2801.12
2325,3010.5
2326,3330.36
2327,3667.85
2328,4700.53
2329,6250.04
2330,10000
2331,10000
2332,10000
2333,10000
2334,10000
2335,10000
2336,10000
2337,10000
2338,10000
2339,10000
2340,10000
2341,10000
2342,10000
2343,10000
2344,10000
2345,10000
2346,10000
2347,10000
2348,10000
2349,10000
2350,10000
2351,10000
2352,10000
2353,8750.17
2354,6690.63
2355,5250.53
2356,5250.1
2357,3810.26
2358,3800.53
2359,4299.55
2360,4299.12
2361,3800.95
2362,3800.82
2363,3800.8
2364,4299.22
2365,4400.06
2366,4999.58
2367,5400.84
2368,9250.02
2369,10000
2370,10000
2371,10000
2372,10000
2373,10000
2374,10000
2375,10000
2376,10000
2377,10000
2378,10000
2379,10000
2380,10000
2381,10000
2382,10000
2383,10000
2384,10000
2385,10000
2386,10000
2387,10000
2388,10000
2389,6750.08
2390,6000.2
2391,5540.6
2392,4710.25
2393,4211.71
2394,4236.4
2395,4250.38
2396,3650.72
2397,3500.89
2398,3290.69
2399,3250.73
2400,3240.98
2401,3300.29
2402,3290.09
2403,3150.19
2404,3010.82
2405,2930.53
2406,2921.54
2407,2869.99
2408,2869.2
2409,2869.01
2410,2801.86
2411,2801.74
2412,2801.55
2413,2801.66
2414,2801.49
2415,2801.55
2416,2801.52
2417,2801.83
2418,2869.29
2419,2801.86
2420,2869.48
2421,3110.89
2422,3414.78
2423,3785.24
2424,4350.98
2425,4600.24
2426,5499.01
2427,10000
2428,10000
2429,10000
2430,10000
2431,10000
2432,10000
2433,10000
2434,10000
2435,10000
2436,10000
2437,10000
2438,10000
2439,10000
2440,10000
2441,10000
2442,10000
2443,10000
2444,10000
2445,10000
2446,10000
2447,10000
2448,10000
2449,4250.08
2450,3920.8
2451,4300.25
2452,3920.77
2453,3320.69
2454,3200.79
2455,3290.05
2456,3300.14
2457,3300.24
2458,3250.92
2459,3290.87
2460,3300.36
2461,3250.62
2462,3368.21
2463,3731.21
2464,3739.81
2465,3550.92
2466,3800.42
2467,5250.67
2468,8999.05
2469,6100.96
2470,10000
2471,10000
2472,10000
2473,10000
2474,10000
2475,10000
2476,10000
2477,10000
2478,10000
2479,10000
2480,10000
2481,10000
2482,9014.67
2483,6197.6
2484,5909.24
2485,4850.55
2486,4500.79
2487,4319.05
2488,3525.36
2489,3130.68
2490,3150.17
2491,3122.33
2492,3240.16
2493,3130.09
2494,3110.71
2495,3110.41
2496,3110.58
2497,3368.35
2498,3300.01
2499,3150.21
2500,3100.04
2501,2900.84
2502,2855.53
2503,2801.9
2504,2801.8
2505,2801.95
2506,2801.83
2507,2801.61
2508,2801.36
2509,2750.41
2510,2749.87
2511,2749.83
2512,2801.09
2513,2801.5
2514,2801.95
2515,2801.75
2516,2801.87
2517,2801.96
2518,3010.05
2519,3330.79
2520,3819.04
2521,5183.06
2522,7000.84
2523,10000
2524,10000
2525,10000
2526,10000
2527,10000
2528,10000
2529,10000
2530,10000
2531,10000
2532,10000
2533,10000
2534,10000
2535,10000
2536,10000
2537,10000
2538,10000
2539,10000
2540,10000
2541,10000
2542,10000
2543,10000
2544,10000
2545,6499.08
2546,4320.83
2547,5250.51
2548,5250.46
2549,3731.13
2550,3731.42
2551,4100.12
2552,4219.65
2553,4299.51
2554,4189.91
2555,4189.03
2556,4189.28
2557,4408.76
2558,4550.15
2559,4999.26
2560,6000.94
2561,10000
2562,10000
2563,10000
2564,10000
2565,10000
2566,10000
2567,10000
2568,10000
2569,10000
2570,10000
2571,10000
2572,10000
2573,10000
2574,10000
2575,10000
2576,10000
2577,10000
2578,10000
2579,10000
2580,10000
2581,5183.76
2582,4950.4
2583,4709.68
2584,4189.72
2585,3525.07
2586,4000.61
2587,3750.05
2588,3550.02
2589,3470.88
2590,3470.06
2591,3470.63
2592,3470.54
2593,3300.66
2594,3290.82
2595,3240.01
2596,3110.36
2597,2921.01
2598,2801.86
2599,2801.6
2600,2801.44
2601,2801.29
2602,2801.11
2603,2750.94
2604,2750.68
2605,2699.72
2606,2699.11
2607,2600.89
2608,2699.48
2609,2699.07
2610,2800.08
2611,2801.34
2612,2801.85
2613,3110.34
2614,3376.94
2615,3547.32
2616,3597.34
2617,3799.94
2618,4699.21
2619,5000.1
2620,7000.24
2621,10000
2622,10000
2623,10000
2624,10000
2625,10000
2626,10000
2627,10000
2628,10000
2629,10000
2630,10000
2631,10000
2632,10000
2633,10000
2634,10000
2635,10000
2636,10000
2637,6989.04
2638,5250.75
2639,5499.15
2640,4350.99
2641,3550.13
2642,3525.22
2643,4100.86
2644,4000.28
2645,3470.09
2646,3250.09
2647,3300.46
2648,3320.71
2649,3300.99
2650,3300.81
2651,3300.98
2652,3470.18
2653,3550.43
2654,3566.95
2655,3800.62
2656,3990.56
2657,4350.83
2658,5400.35
2659,8999.18
2660,8999.74
2661,5691.41
2662,10000
2663,10000
2664,10000
2665,10000
2666,10000
2667,10000
2668,10000
2669,10000
2670,10000
2671,10000
2672,10000
2673,9100.63
2674,9100.16
2675,8000.47
2676,7400.12
2677,4999.86
2678,4750.42
2679,4700.51
2680,4319.62
2681,3110.73
2682,3250.76
2683,3300.22
2684,3414.29
2685,3290.69
2686,3290.04
2687,3290.39
2688,3290.84
2689,3240.03
2690,3150.01
2691,3010.78
2692,2976.79
2693,2900.27
2694,2850.25
2695,2801.83
2696,2801.59
2697,2801.12
2698,2750.94
2699,2750.53
2700,2747.86
2701,2700.47
2702,2699.99
2703,2747.61
2704,2750.2
2705,2801.49
2706,2801.97
2707,2801.96
2708,2820.49
2709,2921.28
2710,3133.69
2711,3376.39
2712,3667.65
2713,4467.65
2714,5499.52
2715,9999.43
2716,10000
2717,10000
2718,10000
2719,10000
2720,10000
2721,10000
2722,10000
2723,10000
2724,10000
2725,10000
2726,10000
2727,10000
2728,10000
2729,10000
2730,10000
2731,10000
2732,10000
2733,10000
2734,10000
2735,10000
2736,10000
2737,6989.11
2738,4499.58
2739,4499.96
2740,4499.64
2741,3667.25
2742,3600.68
2743,3667.56
2744,3667.25
2745,3667.21
2746,3667.03
2747,3550.98
2748,3667.06
2749,3667.9
2750,3800.27
2751,4189.34
2752,4189.19
2753,4000.5
2754,6010.53
2755,10000
2756,10000
2757,10000
2758,10000
2759,10000
2760,10000
2761,10000
2762,10000
2763,10000
2764,10000
2765,10000
2766,10000
2767,10000
2768,10000
2769,10000
2770,10000
2771,10000
2772,10000
2773,5655.61
2774,5450.21
2775,4850.26
2776,4636.67
2777,4100.39
2778,4000.05
2779,3650.88
2780,3547.97
2781,3547.1
2782,3525.18
2783,3500.1
2784,3427.95
2785,3320.47
2786,3300.41
2787,3250.74
2788,3110.94
2789,2976.19
2790,2921.28
2791,2880.88
2792,2860.09
2793,2801.8
2794,2801.68
2795,2801.55
2796,2801.43
2797,2801.01
2798,2800.67
2799,2801.13
2800,2801.25
2801,2801.7
2802,2867.18
2803,2921.83
2804,2921.48
2805,3110.38
2806,3470.26
2807,4000.6
2808,4422.78
2809,5210.52
2810,7000.02
2811,10000
2812,10000
2813,10000
2814,10000
2815,10000
2816,10000
2817,10000
2818,10000
2819,10000
2820,10000
2821,10000
2822,10000
2823,10000
2824,10000
2825,10000
2826,10000
2827,10000
2828,10000
2829,10000
2830,10000
2831,10000
2832,10000
2833,8000.3
2834,6000.33
2835,5260.9
2836,5260.42
2837,3810.28
2838,3700.04
2839,4247
2840,4069.5
2841,3754.82
2842,3667.92
2843,3706.76
2844,3810.46
2845,4100.89
2846,4299.25
2847,4299.38
2848,4500.61
2849,5499.36
2850,7500.27
2851,10000
2852,10000
2853,10000
2854,10000
2855,10000
2856,10000
2857,10000
2858,10000
2859,10000
2860,10000
2861,10000
2862,10000
2863,10000
2864,10000
2865,10000
2866,10000
2867,10000
2868,10000
2869,6627.68
2870,5750.67
2871,5000.88
2872,5000.07
2873,4189.27
2874,4189.33
2875,3750.61
2876,3580.93
2877,3525.81
2878,3482.7
2879,3470.42
2880,3427.03
2881,3414.83
2977,3007.64
2882,3391.89
2978,3003.74
2883,3391.53
2979,3000.54
2884,3300.95
2980,2940.97
2885,3150.73
2981,2850.82
2886,3110.33
2982,2850.29
2887,3021.62
2983,2580.31
2888,3010.91
2984,2512.08
2889,3000.98
2985,2500.49
2890,2967.27
2986,2489.91
2891,2901.95
2987,2489.88
2892,2901.89
2988,2489.67
2893,2901.58
2989,2540.69
2894,2901.56
2990,2540.49
2895,2901.68
2991,2733.42
2896,2901.93
2992,2733.71
2897,3010
2993,2830.39
2898,3021.08
2994,2850.31
2899,3021.49
2995,2733.6
2900,3021.72
2996,2450.36
2901,3290.71
2997,2899.22
2902,3525.5
2998,3000.87
2903,3647.95
2999,3142.03
2904,4012.01
3000,3308.28
2905,4700.36
3001,3631
2906,8070.17
3002,3820.51
2907,10000
3003,4000.44
2908,10000
3004,4498.61
2909,10000
3005,4498.53
2910,10000
3006,10000
2911,10000
3007,10000
2912,10000
3008,10000
2913,10000
3009,10000
2914,10000
3010,10000
2915,10000
3011,10000
2916,10000
3012,10000
2917,10000
3013,10000
2918,10000
3014,10000
2919,10000
3015,10000
2920,10000
3016,10000
2921,10000
3017,10000
2922,10000
3018,10000
2923,10000
3019,10000
2924,10000
3020,8273.31
2925,10000
3021,8999.37
2926,10000
3022,7500.01
2927,8199.68
3023,6000.16
2928,6220.73
3024,5426.07
2929,5499.37
3025,4545.74
2930,4665.37
3026,4249.46
2931,4850.69
3027,4110.41
2932,4499.97
3028,4000.16
2933,3550.53
3029,3490.72
2934,3500.12
3030,3259.96
2935,3525.86
3031,3560.69
2936,3525.23
3032,3630.36
2937,3527.78
3033,3630.85
2938,3550.91
3034,3630.24
2939,3527.26
3035,3752.46
2940,3527.63
3036,3797.46
2941,3731.49
3037,4106.6
2942,3800.26
3038,4106.35
2943,4100.63
3039,4106.92
2944,4189.71
3040,4199.45
2945,5039.87
3041,5183.98
2946,4999.68
3042,6499.46
2947,10000
3043,10000
2948,10000
3044,10000
2949,10000
3045,10000
2950,10000
3046,10000
2951,10000
3047,10000
2952,10000
3048,10000
2953,10000
3049,10000
2954,10000
3050,10000
2955,10000
3051,10000
2956,10000
3052,10000
2957,10000
3053,10000
2958,10000
3054,10000
2959,10000
3055,10000
2960,10000
3056,10000
2961,10000
3057,5999.9
2962,10000
3058,5367.15
2963,10000
3059,4822.4
2964,10000
3060,4209.03
2965,7000.31
3061,3909.35
2966,5750.38
3062,3350.93
2967,5000.68
3063,3142.87
2968,4700.54
3064,3120.17
2969,4250.82
3065,2940.42
2970,4411.13
3066,2999.88
2971,4249.58
3067,2999.32
2972,4012.62
3068,3000.45
2973,3590.18
3069,3110.89
2974,3590.36
3070,3130.36
2975,3527.64
3071,3091.44
2976,3476.98
3072,3070.18
3073,3076.73
3074,3076.62
3075,3076.62
3076,3076.13
3077,2950.48
3078,2901.93
3079,2901.76
3080,2901.08
3081,2847.34
3082,2847.51
3083,2847.43
3084,2847.29
3085,2700.42
3086,2699.71
3087,2699.84
3088,2700.6
3089,2512.55
3090,2620.97
3091,2700.22
3092,2600.83
3093,3000.72
3094,3290.44
3095,3476.2
3096,3647.05
3097,3470.86
3098,4519.79
3099,6499.87
3100,10000
3101,10000
3102,10000
3103,10000
3104,10000
3105,10000
3106,10000
3107,10000
3108,10000
3109,10000
3110,10000
3111,10000
3112,10000
3113,10000
3114,10000
3115,5999.76
3116,4000.16
3117,4016.79
3118,4280.18
3119,4250.35
3120,3940.69
3121,3926.81
3122,3906.96
3123,3915.29
3124,3898.44
3125,3525.18
3126,3200.91
3127,3414.47
3128,3200.42
3129,3525.83
3130,3891.6
3131,3900.1
3132,3900.15
3133,3830.84
3134,3940.49
3135,4499.38
3136,4527.68
3137,4510.19
3138,4016.25
3139,6300.79
3140,9100.48
3141,10000
3142,10000
3143,10000
3144,10000
3145,10000
3146,10000
3147,10000
3148,10000
3149,10000
3150,10000
3151,10000
3152,10000
3153,10000
3154,8140.69
3155,6499.28
3156,5627.63
3157,5507
3158,4518.89
3159,4330.35
3160,4200.23
3161,3858.6
3162,3848.34
3163,3856.28
3164,3903.03
3165,3694.6
3166,3525.74
3167,3500.62
3168,3394.98
3169,3303.5
3170,3270.1
3171,3260.6
3172,3260.28
3173,3185.89
3174,3152.6
3175,3150.43
3176,3110.64
3177,3007.12
3178,2999.75
3179,2986.61
3180,2984.81
3181,2984.86
3182,2984.19
3183,2984.88
3184,2984.87
3185,2990.03
3186,3140.9
3187,3185.77
3188,3223.06
3189,3499.83
3190,3634.67
3191,3658.92
3192,3670.12
3193,3841.47
3194,3710.59
3195,3841.23
3196,4000.41
3197,4500.72
3198,5499.28
3199,5500.86
3200,7264.92
3201,5309.73
3202,5499.61
3203,5000.83
3204,4700.92
3205,4280.72
3206,4040.22
3207,4000.75
3208,3780.75
3209,3395.15
3210,3525.43
3211,3600.4
3212,3395.98
3213,3512.68
3214,3316.69
3215,3316.6
3216,3316.87
3217,3316.64
3218,3185.82
3219,2984.67
3220,2837.52
3221,2380.01
3222,2380.73
3223,2837.33
3224,2885.3
3225,2990.04
3226,3185.25
3227,3260.64
3228,3260.98
3229,3316.78
3230,3370.06
3231,3400.74
3232,3616.28
3233,3634.6
3234,3658.21
3235,3658.79
3236,3658.86
3237,3350.15
3238,3307.52
3239,3499.03
3240,3636.1
3241,2986.08
3242,3499.23
3243,3710.65
3244,3780.02
3245,3999.84
3246,3999.32
3247,3999.23
3248,3999.62
3249,3800.55
3250,3716.79
3251,3712.64
3252,3712.57
3253,3658.32
3254,3658.14
3255,3658.01
3256,3634.61
3257,3499.25
3258,3400.43
3259,3400.22
3260,3316.67
3261,3316.58
3262,3499.84
3263,3525.51
3264,3499.54
3265,10000
3266,10000
3267,5783.46
3268,5529.58
3269,5529.52
3270,5529.05
3271,5309.12
3272,4828.11
3273,4279.54
3274,4279.35
3275,4206.47
3276,3989.91
3277,3989.08
3278,3700.83
3279,3940.49
3280,3989.3
3281,3989.7
3282,3989.81
3283,3989.66
3284,3989.99
3285,4206.61
3286,4279.32
3287,4769.15
3288,4769.21
3289,4719.44
3290,4828.71
3291,4800.99
3292,4828.85
3293,4719.13
3294,4206.74
3295,3660.97
3296,3550.2
3297,3414.65
3298,3318
3299,3260.47
3300,3100.21
3301,3112.65
3302,3317.45
3303,3280.09
3304,3210.87
3305,3016.51
3306,3022.56
3307,3100.49
3308,3100.01
3309,3016.72
3310,3016.29
3311,3000.61
3312,2999.03
3313,2919.3
3314,2916.26
3315,2883.91
3316,2883.46
3317,2800.4
3318,2789.54
3319,2883.08
3320,2883.65
3321,2919.99
3322,2999.99
3323,3020.19
3324,3050.97
3325,3159.92
3326,3200.91
3327,3317.8
3328,3400.18
3329,3510.54
3330,3603.11
3331,3700.53
3332,3999.2
3333,3940.85
3334,3700.54
3335,3899.23
3336,4206.09
3337,3989.44
3338,4300.7
3339,5000.01
3340,6500.38
3341,6636.32
3342,6999.98
3343,6999.66
3344,6500.6
3345,5000.83
3346,5000.15
3347,5160.58
3348,5339.36
3349,5500.08
3350,5500.53
3351,5529.15
3352,5500.53
3353,5529.54
3354,10000
3355,10000
3356,10000
3357,8999.25
3358,6999.66
3359,10000
3360,10000
3361,10000
3362,10000
3363,10000
3364,10000
3365,10000
3366,10000
3367,9999.26
3368,7029.73
3369,4728.21
3370,4519.64
3371,4519.13
3372,4268.88
3373,4179.58
3374,4179.33
3375,4179.07
3376,4099.03
3377,4191.08
3378,4191.38
3379,4000.39
3380,4000.11
3381,3679.1
3382,3890.5
3383,3919.4
3384,4000.11
3385,4410.94
3386,5000.2
3387,4788.11
3388,4179.25
3389,3919.96
3390,3960.65
3391,3899.56
3392,3570.92
3393,3470.39
3394,3300.97
3395,3000.2
3396,2999.97
3397,2999.5
3398,3000.56
3399,3112.07
3400,3210.36
3401,3112.18
3402,3249.19
3403,3100.06
3404,3079.45
3405,3000.41
3406,3000.61
3407,3075.41
3408,3330.75
3409,3390.95
3410,3390.57
3411,3390.24
3412,3385.85
3413,3385.29
3414,3385.45
3415,3390.57
3416,3500.14
3417,3537.67
3418,3640.5
3419,3731.68
3420,3910.29
3421,3919.92
3422,3985.5
3423,4002.9
3424,4299.91
3425,4379.1
3426,4729.73
3427,5000.46
3428,5505.47
3429,5000.86
3430,5000.97
3431,5232.55
3432,5999.62
3433,4975.5
3434,5423.79
3435,10000
3436,10000
3437,10000
3438,10000
3439,10000
3440,10000
3441,10000
3442,10000
3443,10000
3444,10000
3445,10000
3446,10000
3447,10000
3448,10000
3449,10000
3450,10000
3451,10000
3452,10000
3453,10000
3454,10000
3455,10000
3456,10000
3457,10000
3458,10000
3459,10000
3460,10000
3461,10000
3462,10000
3463,10000
3464,10000
3465,5935.62
3466,5500.45
3467,5754.08
3468,5500.74
3469,5500.31
3470,5500.23
3471,5350.16
3472,5242.86
3473,5000.6
3474,5249.74
3475,5385.2
3476,5500.01
3477,5500.41
3478,5500.99
3479,5500.67
3480,5500.08
3481,4999.66
3482,4999.17
3483,4343.9
3484,4149.48
3485,3619.75
3486,3012.31
3487,2860.97
3488,1999.95
3489,1799.92
3490,1799.41
3491,1799.57
3492,1799.07
3493,1799.07
3494,1499.85
3495,1799.05
3496,1799.06
3497,1586.89
3498,1605.58
3499,1499.75
3500,1499.87
3501,1499.81
3502,1499.9
3503,1799.09
3504,1607.22
3505,1799.06
3506,1799.03
3507,1799.11
3508,1799.15
3509,1799.11
3510,1799.19
3511,1799.42
3512,1799.9
3513,2912.51
3514,2998.57
3515,3060.8
3516,3783.89
3517,2998.81
3518,3783.55
3519,2491.39
3520,2430.3
3521,2998.53
3522,3000.76
3523,3460.44
3524,3300.34
3525,2675.04
3526,2889.64
3527,2889.06
3528,2889.57
3529,1999.21
3530,2090.57
3531,2998.06
3532,3411.04
3533,2199.83
3534,3309.3
3535,4109.93
3536,4519.52
3537,4629.94
3538,4999.18
3539,5249.86
3540,10000
3541,10000
3542,10000
3543,10000
3544,10000
3545,10000
3546,10000
3547,10000
3548,10000
3549,10000
3550,10000
3551,10000
3552,10000
3553,4050.04
3554,3949.43
3555,3750.72
3556,3736.81
3557,3530.12
3558,3340.64
3559,3340.12
3560,3203.35
3561,3044.84
3562,3044.08
3563,3044.47
3564,3000.95
3565,3044.05
3566,3000.59
3567,3000.71
3568,3000.49
3569,3080.05
3570,3044.94
3571,3044.93
3572,3080.03
3573,2890.35
3574,3012.77
3575,3035.75
3576,3044.54
3577,3248.86
3578,3410.63
3579,3410.51
3580,3340.32
3581,3203.72
3582,3080.02
3583,3050.76
3584,3044.06
3585,2890.25
3586,2639.88
3587,2488.26
3588,1806.65
3589,2519.08
3590,2519.89
3591,2519.45
3592,2519.67
3593,1974.22
3594,1799.67
3595,1799.91
3596,1799.76
3597,1799.81
3598,1799.76
3599,1799.48
3600,1799.56
3601,1799.23
3602,1799.22
3603,1799.22
3604,1799.28
3605,1499.84
3606,1499.9
3607,1799.13
3608,1799.3
3609,1799.86
3610,2550.8
3611,2800.6
3612,3000.45
3613,3044.65
3614,3299.14
3615,3203.84
3616,3299.78
3617,3044.2
3618,3012.9
3619,3044.55
3620,3044.84
3621,3150.25
3622,3080.51
3623,3139.05
3624,3203.38
3625,3340.38
3626,3400.56
3627,3540.94
3628,3736.33
3629,4219.83
3630,4460.69
3631,4539.88
3632,4669.27
3633,6230.53
3634,7400.73
3635,8640.09
3636,9499.04
3637,10000
3638,10000
3639,10000
3640,10000
3641,10000
3642,10000
3643,10000
3644,10000
3645,10000
3646,10000
3647,10000
3648,10000
3649,10000
3650,7999.41
3651,6500.6
3652,6500.21
3653,4390.93
3654,4012.93
3655,3674.63
3656,3672.29
3657,3430.4
3658,3430.14
3659,2999.83
3660,2999.5
3661,3000.49
3662,2999.99
3663,2999.82
3664,3250.15
3665,3430.57
3666,3430.7
3667,3430.7
3668,3499.19
3669,2710.29
3670,3373.63
3671,3430.87
3672,3670.68
3673,4944.02
3674,5740.39
3675,5740.95
3676,5740.94
3677,5740.63
3678,5499.33
3679,4358.8
3680,3957.82
3681,3739.35
3682,3569.97
3683,3520.37
3684,3499.57
3685,3430.35
3686,3430.6
3687,3430.36
3688,3386.75
3689,3250.99
3690,3064.44
3691,3200.44
3692,3199.24
3693,2663.81
3694,2692.03
3695,2638.2
3696,2550.4
3697,2849.56
3698,2849.87
3699,2710.03
3700,2690.29
3701,1999.93
3702,1999.83
3703,1999.99
3704,1999.96
3705,2490.41
3706,2672.05
3707,2701.64
3708,2710.79
3709,2714.81
3710,2929.84
3711,3247.8
3712,3386.31
3713,3386.06
3714,3386.98
3715,3373.92
3716,3373.85
3717,3430.88
3718,3460.1
3719,3373.64
3720,3000.98
3721,3470.8
3722,3949.6
3723,6230.28
3724,6500.77
3725,10000
3726,10000
3727,10000
3728,10000
3729,10000
3730,10000
3731,10000
3732,10000
3733,10000
3734,10000
3735,10000
3736,10000
3737,10000
3738,10000
3739,10000
3740,10000
3741,10000
3742,10000
3743,10000
3744,10000
3745,4878.12
3746,4543.16
3747,4339.46
3748,3999.48
3749,3999.16
3750,3596.16
3751,3512.16
3752,3199.98
3753,3066.75
3754,3066.38
3755,3066.06
3756,3010.35
3757,2510.2
3758,2710.21
3759,2850.07
3760,2850.15
3761,2850.22
3762,2850.62
3763,2850.76
3764,2860.13
3765,2879.79
3766,2969.43
3767,2986.74
3768,2986.67
3769,3106.73
3770,3401.88
3771,3366.23
3772,3112.28
3773,3078.73
3774,3062.99
3775,3000.53
3776,2490.18
3777,2250.28
3778,1645.29
3779,1100.87
3780,1250.51
3781,1100.9
3782,1328.48
3783,1710.75
3784,1999.24
3785,1700.71
3786,1900.5
3787,1900.74
3788,1900.74
3789,1900.39
3790,1900.87
3791,1999.24
3792,1999.33
3793,1499.82
3794,1499.68
3795,1499.71
3796,1499.51
3797,1499.09
3798,1499.21
3799,1100.91
3800,1499.71
3801,1999.18
3802,1999.79
3803,2469.08
3804,2469.58
3805,2939.27
3806,2939.58
3807,2969.94
3808,2999.81
3809,3200.94
3810,3200.57
3811,3099.59
3812,2999.49
3813,3200.4
3814,3554.19
3815,3602.74
3816,3999.21
3817,4339.53
3818,5000.17
3819,5499.82
3820,5529.39
3821,10000
3822,10000
3823,10000
3824,10000
3825,10000
3826,10000
3827,10000
3828,10000
3829,10000
3830,10000
3831,10000
3832,10000
3833,10000
3834,10000
3835,8700.62
3836,8700.39
3837,7900.26
3838,7900.09
3839,6600.86
3840,6250.98
3841,10000
3842,10000
3843,10000
3844,10000
3845,7200.9
3846,7000.36
3847,5935.26
3848,5280.21
3849,5087.67
3850,4549.94
3851,4499.46
3852,4339.51
3853,4339.53
3854,4220.62
3855,4061.44
3856,4000.97
3857,4020
3858,4062.11
3859,4048.19
3860,4070.98
3861,4019.57
3862,4098.17
3863,4207.15
3864,4109.44
3865,4039.19
3866,4039.34
3867,4019.17
3868,3936.83
3869,3695.82
3870,3685.51
3871,3621.35
3872,3251.2
3873,3150.35
3874,3035.89
3875,2915.2
3876,2771.1
3877,2600.18
3878,2369.42
3879,2320.12
3880,2199.97
3881,2119.46
3882,1596.96
3883,1596.71
3884,1596.82
3885,1596.38
3886,1936.94
3887,1999.06
3888,1999.01
3889,1740.7
3890,1799.77
3891,1740.03
3892,1935.46
3893,1999.01
3894,1999.21
3895,1999.57
3896,1999.66
3897,2240.56
3898,2399.22
3899,2499.35
3900,2600.89
3901,2741.32
3902,2984.44
3903,2984.36
3904,2999.57
3905,3099.95
3906,3150.14
3907,3150.66
3908,3211.55
3909,3399.8
3910,3591.68
3911,3695.46
3912,4146.81
3913,4234.84
3914,4310.4
3915,4529.91
3916,4800.8
3917,10000
3918,10000
3919,10000
3920,10000
3921,10000
3922,10000
3923,10000
3924,10000
3925,10000
3926,10000
3927,10000
3928,10000
3929,10000
3930,10000
3931,10000
3932,10000
3933,10000
3934,10000
3935,10000
3936,10000
3937,2689.78
3938,2653.99
3939,2651.72
3940,2600.54
3941,2566.88
3942,2519.97
3943,2482.96
3944,2478.37
3945,2519.54
3946,2501.31
3947,2466.92
3948,2440.14
3949,2430.18
3950,2159.63
3951,2022.91
3952,2022.65
3953,2000.92
3954,2000.83
3955,2000.84
3956,2000.65
3957,2000.4
3958,2000.87
3959,2200.26
3960,2450.29
3961,2556.87
3962,2554.44
3963,2696.28
3964,2699.64
3965,2770.7
3966,2731.61
3967,2676.15
3968,2519.67
3969,2215.17
3970,2133.45
3971,1959.25
3972,1799.38
3973,1664.72
3974,1500.41
3975,1500.17
3976,1298.84
3977,1250.14
3978,1250.19
3979,1250.09
3980,1250.03
3981,1250.01
3982,1250.03
3983,1120.62
3984,1120.59
3985,1000.97
3986,1000.87
3987,1000.92
3988,1000.82
3989,1000.32
3990,1000.43
3991,1000.69
3992,1000.97
3993,1120.63
3994,1250.16
3995,1250.26
3996,1250.48
3997,1500.2
3998,1520.67
3999,1799.11
4000,1799.41
4001,1799.71
4002,2250.08
4003,2430.52
4004,2592.59
4005,2732.05
4006,2971.86
4007,3388.18
4008,3469.73
4009,3700.77
4010,3999.24
4011,4089.11
4012,3923.39
4013,3989.14
4014,3989.53
4015,3700.98
4016,3689.84
4017,3470.4
4018,3469.59
4019,3459.62
4020,3469.3
4021,3410.97
4022,3390.95
4023,3410.7
4024,3410.89
4025,2839.93
4026,3000.41
4027,3388.5
4028,3069.88
4029,3069.13
4030,2817
4031,3000.14
4032,2809.48
4033,2450.32
4034,2400.41
4035,2393.18
4036,2250.96
4037,2239.61
4038,2250.08
4039,2249.32
4040,2213.5
4041,2110.52
4042,2110.05
4043,2123.22
4044,2117.02
4045,2139.23
4046,2132.6
4047,2139.77
4048,2140.37
4049,2221.05
4050,2250.44
4051,2400.41
4052,2500.62
4053,2650.54
4054,2700.41
4055,2850.01
4056,2970.86
4057,3100.25
4058,3200.14
4059,3420.51
4060,3510.44
4061,4029.59
4062,4029.36
4063,4100.48
4064,4119.44
4065,4500.54
4066,4500.08
4067,5020.73
4068,5020.6
4069,4346.26
4070,4060.44
4071,4000.05
4072,3739.41
4073,3176.56
4074,3082.92
4075,3065.82
4076,2942.57
4077,2752.67
4078,2700.8
4079,2700.34
4080,2700.33
4081,2512.19
4082,2512.44
4083,2500.26
4084,2360.94
4085,2000.8
4086,2000.55
4087,2051.54
4088,2063.07
4089,2400.77
4090,2650.05
4091,2700.69
4092,2840.41
4093,2970.86
4094,3070.14
4095,3100.79
4096,3299.81
4097,3549.04
4098,3800.4
4099,3999.27
4100,4579.45
4101,10000
4102,10000
4103,10000
4104,10000
4105,10000
4106,10000
4107,10000
4108,10000
4109,4149.45
4110,3599.7
4111,3518.98
4112,3470.29
4113,3200.32
4114,3100.66
4115,3070.73
4116,3200.06
4117,2942.89
4118,3065.72
4119,3065.39
4120,2954.89
4121,2700.33
4122,2700.29
4123,2700.44
4124,2700.54
4125,2700.07
4126,2700.43
4127,2650.82
4128,2650.47
4129,3095.33
4130,3130.24
4131,3177.26
4132,3100.23
4133,3021.28
4134,2965.62
4135,2901.94
4136,2901.8
4137,2901.63
4138,2901.04
4139,2850.84
4140,2846.13
4141,2700.93
4142,2700.83
4143,2846.22
4144,2846.45
4145,2846.72
4146,2965.04
4147,3021.73
4148,3076.92
4149,3250.35
4150,3420.64
4151,3525.83
4152,3620.33
4153,5210.27
4154,6544.95
4155,10000
4156,10000
4157,10000
4158,10000
4159,10000
4160,10000
4161,10000
4162,10000
4163,10000
4164,10000
4165,10000
4166,10000
4167,10000
4168,10000
4169,10000
4170,10000
4171,8570.47
4172,7570.09
4173,6499.44
4174,5000.56
4175,4441.61
4176,3930.54
4177,4290.11
4178,4012.2
4179,3850.37
4180,3731.78
4181,3527.44
4182,3525.26
4183,3560.32
4184,3525.34
4185,3420.21
4186,3476.75
4187,3476.62
4188,3476.5
4189,3527.25
4190,3527.27
4191,3646.58
4192,3647.8
4193,3692.51
4194,3850.76
4195,4100.7
4196,5309.32
4197,5309.4
4198,6499.62
4199,10000
4200,10000
4201,10000
4202,10000
4203,10000
4204,10000
4205,10000
4206,10000
4207,10000
4208,10000
4209,10000
4210,10000
4211,10000
4212,10000
4213,8151.38
4214,6499.77
4215,5333.64
4216,4658.18
4217,3731.74
4218,3708.66
4219,3647.67
4220,3600.74
4221,3527.11
4222,3527.76
4223,3527.23
4224,3525.02
4225,2999.04
4226,3074.96
4227,3076.16
4228,3076.32
4229,3021.52
4230,3021.03
4231,3021.29
4232,2901.93
4233,2901.74
4234,2901.72
4235,2901.59
4236,2901.36
4237,2901.28
4238,2901.23
4239,2900.33
4240,2890.09
4241,3076.81
4242,3133.39
4243,3142.74
4244,3180.13
4245,3400.37
4246,3414.27
4247,3414.5
4248,3528.12
4249,5200.36
4250,6499.27
4251,10000
4252,10000
4253,10000
4254,10000
4255,10000
4256,10000
4257,10000
4258,10000
4259,10000
4260,10000
4261,10000
4262,10000
4263,10000
4264,8000.82
4265,6443.09
4266,6359.75
4267,6499.09
4268,5000.42
4269,4408.38
4270,4246.95
4271,4289.65
4272,4219.09
4273,3850.74
4274,3850.59
4275,3731.09
4276,3648.89
4277,3414.84
4278,3320.75
4279,3414.71
4280,3414.36
4281,3476.89
4282,3476.1
4283,3414.83
4284,3400.91
4285,3476.49
4286,3648.39
4287,3648.94
4288,3755.81
4289,3755.71
4290,3850.89
4291,3809.29
4292,4500.43
4293,4300.28
4294,4658.94
4295,4999.67
4296,10000
4297,10000
4298,10000
4299,10000
4300,10000
4301,10000
4302,10000
4303,10000
4304,10000
4305,9267.8
4306,7999.95
4307,8630.19
4308,6499.01
4309,4999.65
4310,4510.3
4311,4246.39
4312,3907.59
4313,3648.07
4314,3600.36
4315,3525.39
4316,3525.56
4317,3476.15
4318,3525.82
4319,3528.12
4320,3525.91
4321,3268.72
4322,3288.97
4323,3221.88
4324,3186.5
4325,3076.99
4326,3076.1
4327,3050.99
4328,3021.73
4329,3021.11
4330,3000.36
4331,3000.03
4332,2965.31
4333,2901.91
4334,2901.97
4335,2901.58
4336,2901.3
4337,2965.19
4338,3076.42
4339,3153.89
4340,3231.29
4341,3288.65
4342,3408.1
4343,3476.95
4344,3647.96
4345,4638.84
4346,5210.26
4347,6499.34
4348,10000
4349,10000
4350,10000
4351,10000
4352,10000
4353,10000
4354,10000
4355,10000
4356,10000
4357,7180.18
4358,5439.29
4359,5000.14
4360,4700.52
4361,4694.59
4362,4780.94
4363,4173.51
4364,4176.1
4365,3755.45
4366,3692.78
4367,3692.4
4368,3549.48
4369,3692.17
4370,3647.93
4371,3647.61
4372,3580.22
4373,3224.2
4374,3180.02
4375,3200.46
4376,3190.06
4377,3177.42
4378,3190.05
4379,3180
4380,3180.9
4381,3320.5
4382,3320.98
4383,3414.48
4384,3465.05
4385,3647.26
4386,3692.77
4387,3708.55
4388,3850.75
4389,4658.05
4390,4658.52
4391,4018.66
4392,7734.74
4393,7935.85
4394,8150.44
4395,10000
4396,10000
4397,10000
4398,10000
4399,10000
4400,10000
4401,6046.6
4402,5750.96
4403,6188.81
4404,5000.69
4405,4625.43
4406,4510.75
4407,4500.06
4408,4000.3
4409,3647.13
4410,3678.39
4411,3647.07
4412,3502.5
4413,3446.77
4414,3476.5
4415,3476.22
4416,3476.07
4417,3185.5
4418,3185.87
4419,3185.39
4420,3185.02
4421,3000.91
4422,2984.25
4423,2890.07
4424,2850.52
4425,2850.08
4426,2837.83
4427,2837.35
4428,2733.19
4429,2618.31
4430,2618.33
4431,2520.38
4432,2564.2
4433,2600.2
4434,2837.93
4435,2984.52
4436,3154.08
4437,3190.92
4438,3310.24
4439,3464.91
4440,3634.35
4441,4110.28
4442,4700.97
4443,4501
4444,6117.08
4445,5500.31
4446,9299.54
4447,10000
4448,10000
4449,10000
4450,10000
4451,6499.99
4452,5723.71
4453,5999.2
4454,6430.01
4455,6200.06
4456,5900.05
4457,5900.01
4458,5182.97
4459,5182.43
4460,4300.25
4461,4000.18
4462,3743.86
4463,3731.66
4464,3658.75
4465,3850.26
4466,3849.73
4467,3849.22
4468,3658.87
4469,3420.32
4470,3313.53
4471,3320.72
4472,3300.51
4473,3310.78
4474,3320
4475,3221.9
4476,3204.92
4477,3320.44
4478,3320.71
4479,3442.57
4480,3634.49
4481,3849.19
4482,3850.97
4483,4110.19
4484,5306.44
4485,5309.48
4486,5310
4487,5999.57
4488,8800.42
4489,6565.78
4490,7787.01
4491,10000
4492,10000
4493,10000
4494,10000
4495,10000
4496,8659.32
4497,5299.1
4498,5182.38
4499,5309.85
4500,5305.87
4501,5250.92
4502,4625.27
4503,4510.36
4504,4110.23
4505,3678.38
4506,3658.03
4507,3634.82
4508,3524.53
4509,3454.37
4510,3485.39
4511,3474.77
4512,3458.44
4513,3310.08
4514,3288.22
4515,3200.59
4516,3185.48
4517,3012.73
4518,2992.64
4519,2992.05
4520,2984.44
4521,2944.24
4522,2850.86
4523,2837.97
4524,2837.76
4525,2837.42
4526,2837.52
4527,2837.26
4528,2837.16
4529,2837.38
4530,2984.77
4531,3127.09
4532,3185.01
4533,3300.56
4534,3354.94
4535,3420.37
4536,3499.62
4537,4110.78
4538,4500.46
4539,4890.16
4540,4999.29
4541,4658.33
4542,4999.42
4543,6499.2
4544,6679.95
4545,5723.99
4546,6499.93
4547,5499.86
4548,4999.99
4549,4999.39
4550,5182.69
4551,5182.49
4552,5182.18
4553,5598.68
4554,4763.3
4555,4140.29
4556,4140.08
4557,3850.21
4558,3809.99
4559,3743.78
4560,3658.26
4561,3850.17
4562,3849.89
4563,3798.09
4564,3658.19
4565,3208.4
4566,3185.32
4567,3185.41
4568,3180.82
4569,3166
4570,3180.38
4571,3161.09
4572,3170.95
4573,3185.5
4574,3190.71
4575,3411.9
4576,3528.17
4577,3849.48
4578,3850.44
4579,4000.79
4580,4718.86
4581,4718.5
4582,4718.71
4583,4484.05
4584,5817.07
4585,5046.95
4586,5723.72
4587,8889.06
4588,8977.44
4589,9264.08
4590,8811.59
4591,6499.44
4592,5499.92
4593,4999.03
4594,4949
4595,4900.96
4596,4563.89
4597,4600.57
4598,4275.69
4599,4140.45
4600,3928.73
4601,3731.47
4602,3658.19
4603,3643.12
4604,3499.91
4605,3471.34
4606,3420.19
4607,3442.15
4608,3423.98
4609,3316.42
4610,3313.92
4611,3310.43
4612,3288.81
4613,3233.68
4614,3185.93
4615,3185.05
4616,3180.31
4617,3150.72
4618,3135.42
4619,3130.93
4620,3000.65
4621,2992.48
4622,2992.6
4623,2992.47
4624,3000.08
4625,3160.86
4626,3185.84
4627,3289.5
4628,3330.82
4629,3594.07
4630,3634.86
4631,3809.18
4632,3849.82
4633,4800.86
4634,5370.35
4635,5308.02
4636,5570.8
4637,5309.88
4638,5850.25
4639,6499.22
4640,5805.77
4641,4658.82
4642,5499.29
4643,4900.69
4644,4500.66
4645,4237.63
4646,4252.09
4647,4550.03
4648,4200.99
4649,4200.3
4650,4100.5
4651,4140.27
4652,3850.47
4653,3451.53
4654,3370.24
4655,3404.56
4656,3430.92
4657,3316.44
4658,3300.44
4659,3201.21
4660,3180.69
4661,3117.61
4662,2850.36
4663,2955.96
4664,2907.79
4665,2957.54
4666,3040.03
4667,3170.01
4668,3170.8
4669,3265.44
4670,3313.6
4671,3369.21
4672,3369.83
4673,3465.86
4674,3499.97
4675,3499.7
4676,3634.17
4677,3460.42
4678,3405.38
4679,3180.92
4680,3180.6
4681,3809.61
4682,3789.76
4683,3880.34
4684,4140.29
4685,4499.17
4686,4500.92
4687,4500.22
4688,4346.79
4689,3880.5
4690,3880.99
4691,4080
4692,4079.73
4693,3944.78
4694,3849.1
4695,3743.02
4696,3525.83
4697,3197.64
4698,3316.31
4699,3313.29
4700,3210.36
4701,3185.77
4702,3200.81
4703,3201.6
4704,3213.88
4705,3180.87
4706,3148.07
4707,3146.06
4708,3003.93
4709,2984.95
4710,2900.89
4711,2860.59
4712,2860.32
4713,2837.67
4714,2837.37
4715,2837.01
4716,2760.84
4717,2760.28
4718,2800.2
4719,2800.44
4720,2837.02
4721,2850.05
4722,2920.7
4723,2984.94
4724,3100.69
4725,3222.46
4726,3343.41
4727,3507.88
4728,3630.41
4729,3850.51
4730,4300.46
4731,4227.96
4732,4750.02
4733,5210.83
4734,6499.51
4735,10000
4736,10000
4737,10000
4738,10000
4739,6000.49
4740,4410.24
4741,4220.83
4742,3899.22
4743,4262
4744,3899.09
4745,3969.15
4746,4140.2
4747,3600.43
4748,3999.34
4749,3524.02
4750,3453.81
4751,3463.23
4752,3344.16
4753,3395.16
4754,3500.49
4755,3318.13
4756,3316.57
4757,3063.94
4758,2920.63
4759,3040.14
4760,3127.36
4761,2954.38
4762,2992.62
4763,3050.27
4764,3147.45
4765,3160.08
4766,3180.46
4767,3185.85
4768,3310.03
4769,3316.64
4770,3540.85
4771,3658.32
4772,3809.58
4773,3658.07
4774,3658.48
4775,3634.21
4776,3944.32
4777,4179.94
4778,4780.41
4779,6312.72
4780,5500.92
4781,7129.22
4782,7670.6
4783,5499.61
4784,5200.7
4785,4603.18
4786,4510.79
4787,4700.02
4788,4658.71
4789,4625.68
4790,4275.45
4791,4119.71
4792,4110.48
4793,3760.02
4794,3678.93
4795,3658.64
4796,3634.56
4797,3499.04
4798,3442.52
4799,3436.72
4800,3341.63
4801,3240.64
4802,3185.97
4803,3190.33
4804,3185.15
4805,3180.23
4806,3127.63
4807,3000.04
4808,2989.69
4809,2989.61
4810,2984.82
4811,2900.21
4812,2888.41
4813,2870.92
4814,2837.98
4815,2837.9
4816,2837.61
4817,2888.04
4818,3000.08
4819,3180.15
4820,3190.98
4821,3338.21
4822,3329.1
4823,3368.75
4824,3427.56
4825,3846.03
4826,3819.88
4827,3819.55
4828,3819.63
4829,4119.37
4830,4600.69
4831,5600.94
4832,8999.69
4833,6312.05
4834,6999.05
4835,5805.72
4836,4900.87
4837,4746.71
4838,4610.78
4839,4671.37
4840,4124.77
4841,4000.53
4842,3969.07
4843,3850.76
4844,3899.94
4845,3850.24
4846,3647.55
4847,3501.41
4848,3447.48
4849,3647.72
4850,3809.64
4851,3658.57
4852,3395.47
4853,3180.4
4854,3170.5
4855,3180.95
4856,3190.66
4857,3300.17
4858,3310.7
4859,3310.61
4860,3310.24
4861,3316.74
4862,3427.02
4863,3634.99
4864,3800.47
4865,3846.03
4866,3846.27
4867,3850.72
4868,4055.07
4869,4119.67
4870,4100.62
4871,3900.35
4872,4658.17
4873,4110.15
4874,4271.45
4875,5499.1
4876,5805.24
4877,5309.7
4878,5309.3
4879,4900.27
4880,4649.59
4881,4140.69
4882,4140.64
4883,4140.64
4884,4110.87
4885,3899.53
4886,3846.6
4887,3846.5
4888,3846.55
4889,3658.45
4890,3634.57
4891,3634.58
4892,3500.17
4893,3447.07
4894,3499.26
4895,3500.26
4896,3495.56
4897,3288.49
4898,3288.96
4899,3288.32
4900,3227.84
4901,3186.42
4902,3170.66
4903,3170.74
4904,3160.99
4905,3139.96
4906,3146.66
4907,3139.9
4908,3100.77
4909,3100.77
4910,3100.61
4911,3054.31
4912,3100.07
4913,3160.41
4914,3180.72
4915,3186.7
4916,3260.54
4917,3356.84
4918,3419.41
4919,3475.05
4920,3500.23
4921,3798.03
4922,3850.03
4923,3658.56
4924,3850.43
4925,4428.44
4926,7039.51
4927,9120.93
4928,10000
4929,9120.7
4930,8999.68
4931,5499.5
4932,4012.57
4933,4300.07
4934,3850.96
4935,3850.62
4936,3526.29
4937,3428.97
4938,3525.11
4939,3440.18
4940,3570.51
4941,3426.01
4942,3511.72
4943,3478.24
4944,3525.8
4945,3525.34
4946,3525.4
4947,3500.3
4948,3318.68
4949,3160.63
4950,3050.87
4951,3150.61
4952,3169.13
4953,3170.99
4954,3189.36
4955,3260.87
4956,3365.93
4957,3635.51
4958,3744.2
4959,3846
4960,3850.06
4961,3635.29
4962,3658.11
4963,3850.02
4964,3969.62
4965,4110.39
4966,4012.68
4967,3744.34
4968,3899.33
4969,3846.18
4970,4008.94
4971,4955.12
4972,5499.85
4973,6312.32
4974,5499.18
4975,4900.71
4976,4140.78
4977,4589.73
4978,4200.65
4979,4500.38
4980,3899.94
4981,3850.31
4982,3744.29
4983,3658.91
4984,3658.53
4985,3547.26
4986,3590.22
4987,3537.54
4988,3537.64
4989,3500.31
4990,3503.94
4991,3525.68
4992,3565.05
4993,3312.93
4994,3310.93
4995,3314
4996,3312.46
4997,3298.75
4998,3298
4999,3250.24
5000,3192.75
5001,3160.8
5002,3154.36
5003,3160.16
5004,3150.79
5005,3150.14
5006,3150.01
5007,3144.94
5008,3150.17
5009,3157.73
5010,3185.39
5011,3207.08
5012,3310.98
5013,3395.95
5014,3395.71
5015,3467.91
5016,3467.5
5017,3634.49
5018,3743.6
5019,3846.95
5020,4032.77
5021,4200.2
5022,4910.36
5023,7776.78
5024,7854.61
5025,10000
5026,7190.78
5027,6817.63
5028,4239.37
5029,4741.35
5030,4500.58
5031,4350.13
5032,3899.95
5033,3899.45
5034,3850.94
5035,3850.18
5036,3850.01
5037,3846.09
5038,3730.05
5039,3653.09
5040,3658
5041,3531.63
5042,3634.35
5043,3525.78
5044,3499.39
5045,3185.33
5046,3160.55
5047,3160.49
5048,3170.13
5049,3214.15
5050,3314.05
5051,3322.84
5052,3370.22
5053,3460.26
5054,3538.64
5055,3658.84
5056,3819.94
5057,3743.71
5058,3809.78
5059,3850.9
5060,4271.81
5061,4119.86
5062,4110.69
5063,3850.72
5064,4271.63
5065,3899.03
5066,5010.37
5067,8697.41
5068,8463.89
5069,8200.53
5070,7670.5
5071,6312.06
5072,4960.9
5073,4500.36
5074,4140.98
5075,4146.74
5076,4262.99
5077,4119.1
5078,3974.74
5079,3850.64
5080,3850.56
5081,3819.46
5082,3658.11
5083,3634.16
5084,3525.49
5085,3511.7
5086,3525.14
5087,3525.85
5088,3525.57
5089,3340.4
5090,3510.37
5091,3634.38
5092,3634.38
5093,3634.29
5094,3522.35
5095,3499.93
5096,3369.65
5097,3346.91
5098,3340.99
5099,3340.5
5100,3327.9
5101,3322.63
5102,3317.05
5103,3323.91
5104,3312.62
5105,3310.1
5106,3338.36
5107,3340.51
5108,3439.45
5109,3634.65
5110,3846.17
5111,3846.32
5112,3778.35
5113,4110.39
5114,4500.08
5115,5000.81
5116,5488.22
5117,10000
5118,10000
5119,10000
5120,10000
5121,10000
5122,10000
5123,10000
5124,9100.7
5125,8000.69
5126,6600.38
5127,5723.78
5128,5100.46
5129,4770.9
5130,4770.96
5131,4770.41
5132,4770.1
5133,4025.51
5134,3850.93
5135,3846.69
5136,3846.11
5137,3819.18
5138,3819.27
5139,3743.67
5140,3658.81
5141,3499.38
5142,3300.44
5143,3310.07
5144,3310.04
5145,3340.93
5146,3395.26
5147,3499.6
5148,3501.27
5149,3658.91
5150,3846.14
5151,3850.16
5152,3850.77
5153,3850.46
5154,3899.48
5155,4300.05
5156,5000.24
5157,6465.12
5158,5772.62
5159,5135.81
5160,6312.99
5161,5000.73
5162,7300.77
5163,10000
5164,10000
5165,10000
5166,10000
5167,9718.22
5168,9200.96
5169,5750.4
5170,5750.26
5171,5307.04
5172,5010.18
5173,4628.83
5174,4271.37
5175,3999.45
5176,3850.7
5177,3750.3
5178,3658.6
5179,3648.11
5180,3634.13
5181,3538.01
5182,3594.3
5183,3520.34
5184,3520.51
5185,3599.16
5186,3635
5187,3649
5188,3658.23
5189,3648.92
5190,3563.57
5191,3560.03
5192,3499.91
5193,3499.59
5194,3439.55
5195,3431.07
5196,3340.49
5197,3340.42
5198,3340.01
5199,3340.06
5200,3318.36
5201,3308.8
5202,3340.81
5203,3395.97
5204,3510.71
5205,3658.36
5206,3810
5207,3850.22
5208,3850.4
5209,5000.65
5210,5500.87
5211,6499.61
5212,8250.57
5213,10000
5214,10000
5215,10000
5216,10000
5217,10000
5218,10000
5219,8640.33
5220,6999.43
5221,5999.74
5222,7039.29
5223,7000.03
5224,6241.67
5225,5225.38
5226,5000.17
5227,4612.07
5228,4232.64
5229,4768.14
5230,4350.98
5231,3850.69
5232,3850.7
5233,3850.17
5234,3846.25
5235,3850.04
5236,3819.05
5237,3525.11
5238,3308.73
5239,3310.29
5240,3388.34
5241,3464.16
5242,3569.36
5243,3551.65
5244,3525.65
5245,3630.76
5246,3658.5
5247,3850.14
5248,3850.95
5249,4161.83
5250,4339.31
5251,6000.15
5252,6500.87
5253,6511.66
5254,5999.04
5255,5260.77
5256,6773.79
5257,5100.28
5258,8000.96
5259,10000
5260,10000
5261,10000
5262,10000
5263,10000
5264,10000
5265,5800.72
5266,5488.42
5267,5000.1
5268,4748.33
5269,4718.29
5270,4271.1
5271,3937.07
5272,3850.65
5273,3850.27
5274,3850.23
5275,3846.31
5276,3658.9
5277,3647.72
5278,3634.73
5279,3560.86
5280,3560.3
5281,3600.47
5282,3600.76
5283,3583.08
5284,3525.76
5285,3499.66
5286,3395.7
5287,3335.51
5288,3310.67
5289,3297.97
5290,3282.34
5291,3249.15
5292,3240.59
5293,3271.89
5294,3270.7
5295,3300.56
5296,3307.26
5297,3294.35
5298,3313.49
5299,3384.8
5300,3633.43
5301,3743.5
5302,3850.22
5303,3850.85
5304,3969.19
5305,4599.83
5306,5169.43
5307,6499.1
5308,5556.71
5309,5109.94
5310,5649.74
5311,5999.2
5312,5556.33
5313,5000.49
5314,5299.83
5315,4955.86
5316,4299.38
5317,4000.12
5318,3919.53
5319,3850.55
5320,3850.4
5321,3525.47
5322,3645.32
5323,3471.22
5324,3478.9
5325,3729.01
5326,3630.39
5327,3525.22
5328,3577.61
5329,3395.8
5330,3525.47
5331,3509.75
5332,3471.52
5333,3188.68
5334,3170.02
5335,3170.9
5336,3170.78
5337,3185.22
5338,3199.73
5339,3200.84
5340,3199.84
5341,3340.2
5342,3460.31
5343,3525.3
5344,3640.99
5345,3640.21
5346,3634.44
5347,3658.2
5348,3778.89
5349,3341.46
5350,3499.75
5351,3322.63
5352,3658.53
5353,3820.04
5354,4110.38
5355,4271.28
5356,4700
5357,4906.8
5358,4500.63
5359,4299.07
5360,4149.39
5361,3935.07
5362,3850.79
5363,3879.49
5364,3879.08
5365,3850.22
5366,3846.68
5367,3778.15
5368,3658.04
5369,3634.34
5370,3577.02
5371,3545.17
5372,3460.96
5373,3388.81
5374,3469.51
5375,3425.91
5376,3340.95
5377,3308.33
5378,3250.74
5379,3200.37
5380,3185.68
5381,3180.39
5382,3160.77
5383,3143.18
5384,3100.84
5385,3050.69
5386,3050.38
5387,2999.37
5388,2984.96
5389,2984.63
5390,2984.49
5391,2984.24
5392,2984.1
5393,2999.67
5394,3150.45
5395,3170.73
5396,3191.32
5397,3502.85
5398,3634.92
5399,3841.39
5400,3850.22
5401,3899.63
5402,4600.47
5403,7770.68
5404,9130.31
5405,10000
5406,10000
5407,10000
5408,10000
5409,10000
5410,8650.5
5411,7999.2
5412,6312.66
5413,4929.51
5414,5270.82
5415,5499.03
5416,6048.72
5417,5399.86
5418,5399.35
5419,5000.42
5420,5000.31
5421,5346.72
5422,5270.91
5423,4658.64
5424,4499.32
5425,4161.29
5426,4161.4
5427,4058.14
5428,3850.96
5429,3841.84
5430,3743.98
5431,3819.58
5432,3819.57
5433,3819.14
5434,3841.35
5435,3841.94
5436,3841.85
5437,3850.52
5438,3850.61
5439,4000.85
5440,4010.45
5441,4257.31
5442,4428.79
5443,4658.52
5444,6499.41
5445,4900.58
5446,4310.11
5447,3936.24
5448,4999.61
5449,5270.39
5450,6007.06
5451,8160.2
5452,10000
5453,10000
5454,10000
5455,8000.23
5456,5309.75
5457,4349.77
5458,4472.89
5459,4257.24
5460,4126.66
5461,4075.26
5462,3850.73
5463,3850.4
5464,3841.43
5465,3658.59
5466,3634.91
5467,3634.49
5468,3502.94
5469,3520.07
5470,3504.76
5471,3460.04
5472,3317.84
5473,3160.1
5474,3129.53
5475,3090.61
5476,3019.09
5477,2994.07
5478,2984.1
5479,2910.79
5480,2910.81
5481,2885.74
5482,2885.04
5483,2860.64
5484,2840.93
5485,2860.28
5486,2860.53
5487,2860.5
5488,2843.52
5489,2850.11
5490,2986.29
5491,3090.1
5492,3160.75
5493,3199.42
5494,3316.06
5495,3570.7
5496,3630.58
5497,3575.85
5498,3658.17
5499,3850.5
5500,4800.53
5501,5999.74
5502,6500.1
5503,6499.5
5504,5499.67
5505,6500.51
5506,6499.69
5507,4960.1
5508,4100.46
5509,4047.31
5510,4960.66
5511,5150.43
5512,5270.14
5513,4499.51
5514,4140.15
5515,4029.14
5516,4000.65
5517,4100.88
5518,4140.45
5519,3850.76
5520,3850.74
5521,3850.38
5522,3850.56
5523,3830.79
5524,3740.25
5525,3634.03
5526,3316.85
5527,3499.11
5528,3525.37
5529,3634.04
5530,3658.27
5531,3658.28
5532,3743.58
5533,3743.47
5534,3841.88
5535,3850.78
5536,4010.48
5537,4658.25
5538,4161.99
5539,5309.24
5540,6720.45
5541,6250.01
5542,3850.26
5543,3658.5
5544,3809.4
5545,3841.7
5546,3899.15
5547,5270.55
5548,6500.58
5549,6796.84
5550,5999.16
5551,4900.93
5552,4140.63
5553,3850.94
5554,3850.46
5555,3841.52
5556,3841.04
5557,3841.04
5558,3830.75
5559,3700.89
5560,3658.29
5561,3658.07
5562,3630.14
5563,3499.32
5564,3316.27
5565,3300.87
5566,3316.21
5567,3316.13
5568,3307.63
5569,2986.83
5570,2986.92
5571,2986.39
5572,2910.76
5573,2885.8
5574,2860.18
5575,2837.05
5576,2790.49
5577,2700.65
5578,2750.03
5579,2700.39
5580,2618.9
5581,2700.06
5582,2640.7
5583,2618.97
5584,2700.2
5585,2618.69
5586,2860.03
5587,2895.29
5588,3010.29
5589,3249
5590,3507.7
5591,3648.44
5592,3658.05
5593,3850.66
5594,4257.1
5595,4658.47
5596,6499.55
5597,8650.67
5598,10000
5599,9130.57
5600,6000.87
5601,5499.11
5602,4900.94
5603,4350.25
5604,3850.76
5605,4000.24
5606,4500.75
5607,4800.48
5608,4350.1
5609,4238.55
5610,4000.59
5611,3819.9
5612,3850.22
5613,3850.87
5614,3851
5615,3850.47
5616,3850.07
5617,3819.9
5618,3850.23
5619,3791.35
5620,3658.19
5621,3160.61
5622,3131.81
5623,3160.17
5624,3170.6
5625,3197.2
5626,3350.53
5627,3314.19
5628,3483.42
5629,3525.92
5630,3743.97
5631,3841.25
5632,3841.57
5633,3841.93
5634,3841.59
5635,3841.48
5636,3841.78
5637,3500
5638,3634.91
5639,3658.18
5640,3841.87
5641,3899.98
5642,4414.59
5643,5270.65
5644,7027.25
5645,8000.44
5646,6279.95
5647,5057.53
5648,4900.84
5649,4449.62
5650,4450.05
5651,3937.11
5652,3899.57
5653,3841.95
5654,3850.21
5655,3841.22
5656,3658.54
5657,3658.49
5658,3658.26
5659,3582.13
5660,3499.12
5661,3307.39
5662,3318.34
5663,3435.75
5664,3395.98
5665,3317.38
5666,3308.75
5667,3260.84
5668,3229.53
5669,3185.36
5670,3185.05
5671,3180.21
5672,3170.71
5673,3160.16
5674,3139.86
5675,3100.01
5676,3050.5
5677,3010.79
5678,3010.56
5679,3010.19
5680,3012.98
5681,3157.49
5682,3185.09
5683,3200.32
5684,3307.07
5685,3630.32
5686,3658.83
5687,3841.82
5688,3850.04
5689,4500.65
5690,5250.28
5691,6499.37
5692,9600.82
5693,10000
5694,10000
5695,10000
5696,9130.43
5697,10000
5698,10000
5699,10000
5700,8933.68
5701,10000
5702,8650.94
5703,5570.92
5704,5306.62
5705,4310.46
5706,4310.48
5707,3850.81
5708,3917.7
5709,4161.91
5710,4570.03
5711,3850.79
5712,3850.3
5713,3850.17
5714,3850.52
5715,3850.32
5716,3659
5717,3227.41
5718,3170.4
5719,3300.05
5720,3316.86
5721,3395.1
5722,3395.85
5723,3395.75
5724,3572.73
5725,3770.25
5726,3850.95
5727,4161.09
5728,4161.24
5729,4161.17
5730,5000.03
5731,6499.13
5732,7999.64
5733,6500.8
5734,5000.42
5735,3809.93
5736,4140.91
5737,4140.17
5738,4800.97
5739,5616.13
5740,8160.46
5741,9899.11
5742,10000
5743,6312.06
5744,5700.35
5745,4849.18
5746,4465.74
5747,4449.65
5748,4600
5749,4500
5750,4267.47
5751,4110.68
5752,3850.86
5753,3841.58
5754,3729.76
5755,3658.34
5756,3634.03
5757,3526.75
5758,3570.28
5759,3570.7
5760,3548.91
5761,1999.66
5762,1999.51
5763,1999.54
5764,1999.66
5765,1999.49
5766,1999.4
5767,1999.34
5768,1999.28
5769,1999.2
5770,1999.13
5771,1999.13
5772,1999.12
5773,1999.04
5774,1999.02
5775,1999.01
5776,1999.01
5777,1999.05
5778,1999.09
5779,1999.01
5780,1999.02
5781,1870.16
5782,1999.42
5783,2800.46
5784,3088.44
5785,3378.63
5786,3600.88
5787,3820.42
5788,4010.67
5789,4498.57
5790,5711.7
5791,10000
5792,10000
5793,10000
5794,10000
5795,10000
5796,10000
5797,10000
5798,10000
5799,10000
5800,10000
5801,10000
5802,10000
5803,10000
5804,9570
5805,5270.12
5806,5183.5
5807,5000.79
5808,4069.16
5809,4000.18
5810,3899.45
5811,4000.05
5812,3700.26
5813,3259.07
5814,3100.78
5815,3259.1
5816,3259.1
5817,3259.58
5818,3259.54
5819,3260
5820,3609.52
5821,3609.3
5822,3541.92
5823,3541.73
5824,3541.87
5825,3964.76
5826,4227.44
5827,10000
5828,10000
5829,10000
5830,10000
5831,10000
5832,10000
5833,10000
5834,10000
5835,10000
5836,10000
5837,10000
5838,10000
5839,10000
5840,7629.64
5841,5199.49
5842,5150.05
5843,4499.61
5844,4049.29
5845,3350.61
5846,3142.34
5847,3023.08
5848,2999.39
5849,2450.88
5850,2800.07
5851,2750.06
5852,2500.53
5853,2500.5
5854,2500.57
5855,2499.81
5856,2120.47
5857,3460.85
5858,3476.43
5859,3648.66
5860,3648.64
5861,3589.77
5862,3525.36
5863,3368.99
5864,3368.16
5865,3250.94
5866,3214.31
5867,3170.35
5868,3161.25
5869,3090.25
5870,3089.55
5871,3076.93
5872,3076.94
5873,3160.53
5874,3250.9
5875,3368.15
5876,3368.11
5877,3501.92
5878,3600.63
5879,3616.45
5880,3603.8
5881,4916.88
5882,7660.57
5883,10000
5884,10000
5885,10000
5886,10000
5887,10000
5888,10000
5889,10000
5890,10000
5891,10000
5892,10000
5893,10000
5894,10000
5895,10000
5896,10000
5897,10000
5898,10000
5899,8999.39
5900,5750.78
5901,5260.11
5902,5186.59
5903,4908.77
5904,4244.27
5905,4110.27
5906,3880.37
5907,3810.18
5908,3798.68
5909,3791.15
5910,3791.01
5911,3792.58
5912,3791.62
5913,3794.01
5914,3797.58
5915,3797.28
5916,3800.45
5917,3960.82
5918,4110.02
5919,4299.51
5920,4679.91
5921,4708.94
5922,5632.86
5923,7999.5
5924,10000
5925,10000
5926,10000
5927,10000
5928,10000
5929,10000
5930,10000
5931,10000
5932,10000
5933,10000
5934,10000
5935,10000
5936,10000
5937,10000
5938,10000
5939,7500.76
5940,6232.31
5941,5999.05
5942,5500.21
5943,5000.16
5944,4815.71
5945,4110.5
5946,4110.38
5947,4110.45
5948,4173.84
5949,3940.34
5950,3667.85
5951,3552.21
5952,3501.63
5953,3159.66
5954,3120.24
5955,3110.67
5956,3110.57
5957,3100.51
5958,2990.38
5959,2984.6
5960,2913.33
5961,2885.37
5962,2850.42
5963,2837.47
5964,2837.12
5965,2790.45
5966,2740.1
5967,2837.13
5968,2820.19
5969,2847.2
5970,2984.14
5971,3029.61
5972,3110.26
5973,3185.22
5974,3249.06
5975,3249.95
5976,3252.59
5977,3316.36
5978,3253.58
5979,3316.28
5980,3465.16
5981,3646.78
5982,3520.91
5983,3658.68
5984,3743.36
5985,3634.94
5986,3637
5987,3636.19
5988,3658.61
5989,3752.2
5990,3819.77
5991,3743.8
5992,3658.28
5993,3316.73
5994,3340.38
5995,3316.6
5996,3316.59
5997,3316.65
5998,3260.92
5999,3249.83
6000,3249.66
6001,3185.75
6002,3167.78
6003,2999.78
6004,2860.9
6005,2800.19
6006,2401
6007,2373.26
6008,2373.62
6009,2618.75
6010,2837.74
6011,2840.17
6012,2879.15
6013,2984.67
6014,2999.71
6015,2986.38
6016,3110.18
6017,3110.15
6018,3185.44
6019,3249.53
6020,3251.11
6021,3110.65
6022,2997.52
6023,3185.47
6024,3249.87
6025,3185.14
6026,3340.89
6027,3658.16
6028,3743.88
6029,3841.13
6030,3850.95
6031,3850.62
6032,3850.18
6033,3743.36
6034,3658.66
6035,3658.05
6036,3634.95
6037,3580.7
6038,3580.24
6039,3570.34
6040,3470.74
6041,3430.04
6042,3316.82
6043,3316.1
6044,3249.7
6045,3249.9
6046,3250.29
6047,3249.87
6048,3249.56
6049,6254.75
6050,6254.2
6051,5999.5
6052,5529.96
6053,5529.77
6054,5529.07
6055,4850.89
6056,4649.8
6057,4500.37
6058,4350.73
6059,4210.86
6060,4206.82
6061,4148.95
6062,4206.27
6063,4206.16
6064,4206.35
6065,4206.01
6066,4100.35
6067,4058.15
6068,4206.12
6069,4206.72
6070,4206.57
6071,4649.18
6072,4649.35
6073,4700.55
6074,4828.28
6075,4669.11
6076,4800.92
6077,4247.96
6078,4206.94
6079,4000.12
6080,3899.59
6081,3510.87
6082,3510.45
6083,3425.08
6084,3380.82
6085,3344.21
6086,3359.49
6087,3380.93
6088,3319.07
6089,3080.59
6090,3159.87
6091,3080.47
6092,3080.16
6093,3016.37
6094,3016.14
6095,2999.3
6096,2999.41
6097,2960.23
6098,2919.47
6099,2916.39
6100,2883.7
6101,2883.12
6102,2800.62
6103,2755.65
6104,2883.28
6105,2919.17
6106,2919.44
6107,3000.73
6108,3016.82
6109,3210.32
6110,3258.42
6111,3318.15
6112,3414.28
6113,3510.54
6114,3600.05
6115,4000.54
6116,4206.4
6117,3989.57
6118,3900.53
6119,3530.37
6120,3991.8
6121,3949.96
6122,4220.9
6123,4649.66
6124,5409.01
6125,5999.22
6126,6000.47
6127,5695.86
6128,5500.44
6129,4649.73
6130,4630.62
6131,4933.33
6132,5000.23
6133,5500.29
6134,5409.8
6135,5500.53
6136,5309.33
6137,5529.52
6138,5529.74
6139,5529.84
6140,5999.22
6141,6254.4
6142,6070.13
6143,8899.21
6144,10000
6145,10000
6146,10000
6147,10000
6148,10000
6149,10000
6150,10000
6151,10000
6152,10000
6153,10000
6154,6499.95
6155,6499.76
6156,6499.25
6157,5719.86
6158,5529.96
6159,5529.65
6160,5508.83
6161,6029.7
6162,6029.53
6163,5719.14
6164,5009.3
6165,4589.57
6166,4788.91
6167,4788.65
6168,5000.77
6169,5000.41
6170,5009.27
6171,4800.36
6172,4600.94
6173,4200.08
6174,3890.34
6175,3699.59
6176,3405.7
6177,3318.24
6178,3180.86
6179,3000.75
6180,2789.43
6181,2789.54
6182,2999.79
6183,2870.33
6184,2789.11
6185,2679.11
6186,2695.93
6187,2679.83
6188,2679.68
6189,2679.86
6190,2610.3
6191,2679.43
6192,2710.19
6193,2979.31
6194,2945.19
6195,2679.93
6196,2679.98
6197,2679.58
6198,2679.38
6199,2773.1
6200,2800.72
6201,3000.71
6202,3288.23
6203,3179.38
6204,3385.32
6205,3590.86
6206,3647.1
6207,3790.25
6208,3824.77
6209,3899.43
6210,3899.21
6211,3899.25
6212,3985.98
6213,3860.97
6214,3899.54
6215,4000.67
6216,4099.35
6217,3985.97
6218,4500.95
6219,4519.94
6220,5009.69
6221,10000
6222,10000
6223,10000
6224,10000
6225,10000
6226,10000
6227,10000
6228,10000
6229,10000
6230,10000
6231,10000
6232,10000
6233,10000
6234,10000
6235,10000
6236,10000
6237,10000
6238,10000
6239,10000
6240,10000
6241,10000
6242,10000
6243,10000
6244,9799.46
6245,9499.23
6246,6000.34
6247,5999.92
6248,5935.83
6249,5249.77
6250,5199.9
6251,5242.08
6252,5000.14
6253,4999.79
6254,4999.36
6255,4669.37
6256,4500.87
6257,4389.15
6258,4500.65
6259,4499.25
6260,4500.79
6261,4499.99
6262,4748.82
6263,4500.88
6264,4373.55
6265,4395.67
6266,4499.11
6267,4219.21
6268,3559.5
6269,3350.27
6270,3012.69
6271,3000.18
6272,2757.8
6273,3012.87
6274,2889.07
6275,3000.12
6276,1799.85
6277,2757.56
6278,2675.71
6279,3050.91
6280,2800.83
6281,2500.65
6282,2810.96
6283,2998.37
6284,2889.67
6285,2566.63
6286,2576.65
6287,2500.73
6288,2600.67
6289,2889.22
6290,2900.89
6291,2998.43
6292,3049.69
6293,2300.06
6294,2675.72
6295,2998.09
6296,3599.64
6297,3860.22
6298,3860.96
6299,3942.9
6300,4070.66
6301,4070.85
6302,4237.51
6303,4070.26
6304,4219.79
6305,4249.43
6306,4249.75
6307,4450.58
6308,4999.33
6309,4999.54
6310,4999.17
6311,4500.5
6312,4362.64
6313,3949.7
6314,4249.68
6315,4500.98
6316,4870.42
6317,5754.43
6318,7500.65
6319,7501
6320,10000
6321,10000
6322,10000
6323,10000
6324,10000
6325,10000
6326,10000
6327,10000
6328,10000
6329,10000
6330,10000
6331,10000
6332,10000
6333,10000
6334,10000
6335,10000
6336,10000
6337,5999.86
6338,5270.53
6339,4669.49
6340,4549.03
6341,4200.59
6342,3949.64
6343,3900.53
6344,3736.68
6345,3530.36
6346,3470.56
6347,3470.78
6348,3410.54
6349,3410.67
6350,3340.62
6351,3203.4
6352,3070.8
6353,3470.43
6354,3470.47
6355,3470.56
6356,3469.54
6357,3070.11
6358,3207.84
6359,3410.38
6360,3540.01
6361,3605.67
6362,3605.92
6363,3543.72
6364,3540.01
6365,3225.63
6366,3203.36
6367,3086.02
6368,3050.5
6369,3033.62
6370,2973.39
6371,2799.93
6372,2639.13
6373,2472.21
6374,2482.08
6375,2149.79
6376,2139.91
6377,1799.49
6378,1799.37
6379,1799.29
6380,1799.25
6381,1799.26
6382,1575.6
6383,1499.76
6384,1499.64
6385,1499.52
6386,1499.47
6387,1499.47
6388,1499.49
6389,1499.45
6390,1499.37
6391,1499.36
6392,1499.78
6393,1799.05
6394,1799.81
6395,2550.06
6396,2800.97
6397,3044.75
6398,3300.72
6399,3340.88
6400,3410.8
6401,3410.39
6402,3470.1
6403,3470.3
6404,3499.65
6405,3469.46
6406,3340.68
6407,3340.2
6408,3208.53
6409,3469.65
6410,3470.53
6411,3900.49
6412,4000.09
6413,4600.48
6414,4669.59
6415,4750.22
6416,6230.57
6417,9999.52
6418,10000
6419,10000
6420,10000
6421,10000
6422,10000
6423,10000
6424,10000
6425,10000
6426,10000
6427,10000
6428,10000
6429,10000
6430,10000
6431,10000
6432,10000
6433,4970.8
6434,4350.97
6435,4450.66
6436,4350.29
6437,4710.3
6438,4130.98
6439,4080.55
6440,3979.35
6441,3919.19
6442,3749.98
6443,3750.62
6444,3779.25
6445,3779.77
6446,4000.86
6447,4016.46
6448,4012.9
6449,4358.64
6450,4358.71
6451,4358.89
6452,4450.19
6453,3899.24
6454,4080.4
6455,3899.48
6456,3749.27
6457,4780.78
6458,4780.91
6459,5484.15
6460,5484.25
6461,4780.48
6462,4130.95
6463,3979.14
6464,3670.51
6465,3437.91
6466,3437.16
6467,3430.7
6468,2929.93
6469,3386.03
6470,3348.7
6471,3348.41
6472,3319.13
6473,3249.71
6474,2956.05
6475,3247.48
6476,3100.11
6477,3079.04
6478,2929.21
6479,2700.94
6480,2556.53
6481,2710.79
6482,2679.66
6483,2465.22
6484,1999.97
6485,1999.72
6486,1999.67
6487,1999.78
6488,1999.83
6489,1999.77
6490,1999.94
6491,2465.3
6492,2692.93
6493,2602.28
6494,2849.02
6495,2929.21
6496,2929.46
6497,2929.59
6498,3079.78
6499,3319.98
6500,3373.41
6501,3247.74
6502,3437.12
6503,3430.67
6504,3437.27
6505,3209.33
6506,3437.03
6507,4012.36
6508,4944.7
6509,10000
6510,10000
6511,10000
6512,10000
6513,10000
6514,10000
6515,10000
6516,10000
6517,10000
6518,10000
6519,10000
6520,10000
6521,10000
6522,10000
6523,10000
6524,10000
6525,10000
6526,10000
6527,10000
6528,10000
6529,4339.39
6530,3931.72
6531,3899.83
6532,3871.35
6533,3689.48
6534,3147
6535,3069.94
6536,3069.28
6537,2850.62
6538,2790.41
6539,2546.66
6540,2546.69
6541,2150.91
6542,2229.31
6543,2229.38
6544,2229.43
6545,2351.37
6546,2351.43
6547,2351.03
6548,2200.9
6549,2139.05
6550,2250.97
6551,2446.14
6552,2446.2
6553,2850.27
6554,2969.47
6555,2969.07
6556,2879.8
6557,2500.84
6558,2510.56
6559,2850.09
6560,2700
6561,2476.85
6562,2500.39
6563,1327.09
6564,1059.71
6565,1029.38
6566,999.31
6567,1029.72
6568,1100.31
6569,1349.48
6570,1700.64
6571,1900.11
6572,1900.81
6573,1712.7
6574,1900.23
6575,1900.67
6576,1900.42
6577,1300.83
6578,1100.61
6579,1100.63
6580,1100.31
6581,896.71
6582,896.7
6583,999.73
6584,1499.1
6585,1900.68
6586,1999.52
6587,1999.83
6588,2139.11
6589,2451.52
6590,2451.82
6591,2500.34
6592,2500.32
6593,2800.12
6594,2969.72
6595,2969.02
6596,2879.91
6597,3129.39
6598,3300.98
6599,3500
6600,3510.22
6601,3689.92
6602,4584.47
6603,4754.01
6604,5096.43
6605,9499.8
6606,10000
6607,10000
6608,10000
6609,10000
6610,10000
6611,10000
6612,10000
6613,10000
6614,10000
6615,10000
6616,10000
6617,10000
6618,10000
6619,8849.93
6620,8849.14
6621,7999.27
6622,6829.58
6623,6661.68
6624,5796.48
6625,10000
6626,10000
6627,10000
6628,10000
6629,4800.71
6630,4799.31
6631,4469.04
6632,4181.1
6633,4109.6
6634,4039.4
6635,4000.79
6636,3979.65
6637,3979.39
6638,3979.32
6639,3979
6640,3649.88
6641,3546.75
6642,3600.2
6643,3600.83
6644,3546.95
6645,3649.44
6646,3999.46
6647,4074.9
6648,4139.87
6649,4228.19
6650,4339.29
6651,4183.13
6652,4039.96
6653,4000.88
6654,3869.6
6655,3685.14
6656,3459.49
6657,3284.04
6658,3150.99
6659,3093.9
6660,3093.31
6661,3012.01
6662,3000.19
6663,2649.26
6664,2639.4
6665,2500.46
6666,2320.52
6667,2369.42
6668,2369.86
6669,2369.35
6670,2369.85
6671,2500.27
6672,2600.5
6673,2320.36
6674,2299.74
6675,2240.21
6676,2168.94
6677,2168.11
6678,2212.95
6679,2369.53
6680,2600.31
6681,3079.03
6682,3093
6683,3079.88
6684,3079.86
6685,3093.84
6686,3140.55
6687,3349
6688,3349.65
6689,3589.52
6690,3685.6
6691,3800.5
6692,4111.53
6693,4176.03
6694,4374.29
6695,9934.07
6696,10000
6697,10000
6698,10000
6699,10000
6700,10000
6701,10000
6702,10000
6703,10000
6704,10000
6705,10000
6706,10000
6707,10000
6708,10000
6709,10000
6710,10000
6711,10000
6712,10000
6713,10000
6714,10000
6715,10000
6716,10000
6717,10000
6718,10000
6719,10000
6720,10000
6721,2750.68
6722,2725.2
6723,2700
6724,2699.63
6725,2668.2
6726,2600.27
6727,2497.6
6728,2454.15
6729,2441.26
6730,2365.43
6731,2326.73
6732,2330.71
6733,2319.75
6734,2319.04
6735,2290.94
6736,2290.86
6737,2319.35
6738,2319.68
6739,2337.63
6740,2373.1
6741,2435.83
6742,2500.23
6743,2580.68
6744,2580.63
6745,2634.91
6746,2500.9
6747,2634.55
6748,2699.61
6749,2699.52
6750,2717.96
6751,2580.62
6752,2394.82
6753,2290.34
6754,2133.62
6755,1959.46
6756,1691.5
6757,1500.54
6758,1439.62
6759,1250.92
6760,1000.5
6761,640.7
6762,640.22
6763,599.94
6764,574.72
6765,699.06
6766,640.88
6767,699.67
6768,699.12
6769,640.77
6770,640.71
6771,640.87
6772,640.56
6773,640.27
6774,640
6775,899.08
6776,899.19
6777,899.26
6778,899.76
6779,1000.55
6780,1120.76
6781,1250.77
6782,1500.12
6783,1799.07
6784,1799.46
6785,1799.44
6786,2134.98
6787,2390.98
6788,2634.62
6789,2580.63
6790,2779.22
6791,3069.68
6792,3440.92
6793,3499.69
6794,3499.62
6795,3490.17
6796,3388.13
6797,3281.53
6798,3199.87
6799,3069.93
6800,3069.95
6801,3069.66
6802,3250.32
6803,3125.6
6804,3069.91
6805,3069.96
6806,3069.88
6807,3070
6808,3069.98
6809,2990.55
6810,2818
6811,3016
6812,3069.09
6813,2779.41
6814,2779.43
6815,2779.25
6816,2779.52
6817,2250.86
6818,2250.02
6819,2250.14
6820,2236.97
6821,2184.33
6822,2123.18
6823,2111.15
6824,2102.33
6825,2092.17
6826,2071.28
6827,2092.29
6828,2092.08
6829,2092.16
6830,2092.32
6831,2092.44
6832,2093.56
6833,2100.56
6834,2136.94
6835,2200.74
6836,2238.14
6837,2512.34
6838,2700.09
6839,2846.47
6840,2921.8
6841,2975.63
6842,3263.24
6843,3348.74
6844,3550.24
6845,4026.88
6846,4026.56
6847,4026.21
6848,4026.28
6849,4101.25
6850,4026.64
6851,4057.45
6852,4000.25
6853,4000.96
6854,4050.89
6855,3999.9
6856,3800.57
6857,3154.58
6858,3060.96
6859,2954.99
6860,2942.35
6861,2752.81
6862,2752.15
6863,2700.54
6864,2700.2
6865,2250.76
6866,2250.71
6867,2250.58
6868,2250.22
6869,2000.61
6870,2000.49
6871,2000.99
6872,2057.4
6873,2500.41
6874,2650.19
6875,2700.99
6876,2840.57
6877,2975.58
6878,3060.17
6879,3082.05
6880,3100.55
6881,3499.26
6882,3518.41
6883,3559.82
6884,4026.83
6885,5446.67
6886,10000
6887,10000
6888,10000
6889,10000
6890,10000
6891,10000
6892,8165.67
6893,3999.83
6894,3469.72
6895,3500.09
6896,3300.68
6897,3060.55
6898,3060.44
6899,3000.9
6900,3000.34
6901,2846.47
6902,2846.35
6903,2752.87
6904,2700.95
6905,2400.88
6906,2400.74
6907,2500.43
6908,2510.01
6909,2440.2
6910,2400.77
6911,2400.8
6912,2400.57
6913,3989.36
6914,3749.19
6915,3658.93
6916,3658.56
6917,3646.65
6918,3563.89
6919,3442.17
6920,3392.52
6921,3368.15
6922,3347
6923,3334.25
6924,3325.38
6925,3335.29
6926,3368.25
6927,3392.27
6928,3392.33
6929,3392.49
6930,3392.78
6931,3392.61
6932,3499.73
6933,3643.56
6934,3643.55
6935,3643.25
6936,3658.01
6937,3658.07
6938,3658.37
6939,3919.81
6940,4600.86
6941,4649.33
6942,4859.02
6943,5000.17
6944,5000.67
6945,4589.31
6946,4859.13
6947,4808.53
6948,4589.82
6949,4600.91
6950,4499.69
6951,4000.6
6952,3730.85
6953,3500.25
6954,3346.63
6955,3392.16
6956,3380.92
6957,3392.18
6958,3370.77
6959,3337.25
6960,3392.15
6961,3300.39
6962,3185.78
6963,3185.52
6964,3160.22
6965,2992.08
6966,2880.47
6967,2880.32
6968,2881
6969,2999.09
6970,3160.23
6971,3160.55
6972,3160.42
6973,3185.51
6974,3199.95
6975,3250.38
6976,3333.72
6977,3392.24
6978,3392.7
6979,3540.74
6980,3658.29
6981,3658.38
6982,3658.13
6983,3770.62
6984,3840.47
6985,4470.97
6986,5050.83
6987,6500.69
6988,7500.41
6989,7999.42
6990,7899.03
6991,6500.63
6992,6000.76
6993,5000.7
6994,5000.48
6995,5000.5
6996,5000.75
6997,5000.36
6998,5000.35
6999,4999.3
7000,4649.89
7001,4470.14
7002,4070.98
7003,4070.5
7004,4456.19
7005,3750.23
7006,3750.02
7007,3743.54
7008,3658.85
7009,4563.34
7010,4500.82
7011,4497.85
7012,4456.79
7013,3999.25
7014,3819.62
7015,3658.89
7016,3658.55
7017,3634.83
7018,3634.12
7019,3550.12
7020,3501.47
7021,3499.86
7022,3504.28
7023,3525.84
7024,3600.11
7025,3658.16
7026,3710.24
7027,3743.9
7028,4279.01
7029,4499.19
7030,4456.83
7031,4456.7
7032,4912.99
7033,4999.96
7034,5066.31
7035,5510.2
7036,6017.35
7037,6000.48
7038,7000.1
7039,7000.41
7040,7000.38
7041,6359.86
7042,5649.86
7043,5400.83
7044,5100.94
7045,5100.76
7046,5466.7
7047,5000.69
7048,4600.58
7049,4499.41
7050,4131
7051,4039.32
7052,3819.84
7053,3510.05
7054,3510.06
7055,3500.24
7056,3392.71
7057,3392.27
7058,3392.23
7059,3362.22
7060,3316.83
7061,3185.07
7062,3160.06
7063,3070.08
7064,3080.39
7065,3185.65
7066,3316.11
7067,3318.42
7068,3316.7
7069,3392.57
7070,3392.76
7071,3393.96
7072,3510.88
7073,3700.18
7074,4300.02
7075,5158.47
7076,5884.38
7077,5466.64
7078,5340.18
7079,5310.89
7080,5340.24
7081,6490.35
7082,8500.81
7083,10000
7084,10000
7085,10000
7086,10000
7087,10000
7088,10000
7089,7499.82
7090,6501.73
7091,5884.28
7092,6350.21
7093,6500.15
7094,6500.95
7095,6500.99
7096,6689.87
7097,5884.18
7098,5750.19
7099,5500.75
7100,5519.05
7101,5685.69
7102,5884.23
7103,5884.48
7104,5518.45
7105,4649.15
7106,4589.08
7107,4469.23
7108,4429.46
7109,3901.98
7110,3789.77
7111,3743.2
7112,3658.99
7113,3658.25
7114,3643.92
7115,3643.4
7116,3603.94
7117,3603.89
7118,3603.84
7119,3634.51
7120,3658.16
7121,3658.31
7122,3658.98
7123,3743.27
7124,3849.08
7125,4358.7
7126,4004.42
7127,3849.78
7128,4499.19
7129,4499.74
7130,4750.32
7131,4999.36
7132,5200.13
7133,5000.46
7134,5000.74
7135,5500.22
7136,5197.02
7137,4780.8
7138,4780.64
7139,4649.67
7140,4499.2
7141,4000.92
7142,3849.85
7143,4469.27
7144,4234.16
7145,3810.49
7146,3819.33
7147,3819.95
7148,3890.49
7149,3534.67
7150,3500.94
7151,3240.71
7152,3210.77
7153,3210.99
7154,3499.03
7155,3300.96
7156,3185.72
7157,3000.57
7158,2984.48
7159,2984.18
7160,2984.58
7161,3185.06
7162,3210.82
7163,3300.45
7164,3313.04
7165,3499.23
7166,3500.09
7167,3500.55
7168,3580.4
7169,3643.01
7170,3658.82
7171,3780.91
7172,4828.49
7173,4440.44
7174,3820.26
7175,4100.99
7176,4004.93
7177,4300.59
7178,4905.41
7179,10000
7180,10000
7181,10000
7182,10000
7183,10000
7184,10000
7185,5350.42
7186,5309.61
7187,5466.27
7188,5639.52
7189,5750.25
7190,5750.34
7191,5709.74
7192,5350.37
7193,5466.95
7194,5309.11
7195,5070.76
7196,5268.44
7197,5000.22
7198,4828.84
7199,4719.79
7200,4719.94
7201,5999.45
7202,5999.26
7203,5469.5
7204,4912.17
7205,4589.83
7206,4499.06
7207,4456.28
7208,4279.3
7209,4045.8
7210,3989.62
7211,3752.77
7212,3664.82
7213,3691.68
7214,3700
7215,3718.09
7216,3789.86
7217,3819.39
7218,4271.22
7219,4340.92
7220,4429.57
7221,4462.16
7222,4500.16
7223,4456.57
7224,4499.82
7225,4300.02
7226,4500.94
7227,5090.19
7228,5649.26
7229,5066.1
7230,5000.57
7231,4999.08
7232,4828.8
7233,4700.39
7234,4649.82
7235,4600.65
7236,4300.94
7237,4234.33
7238,4499.16
7239,4499.28
7240,4445.06
7241,4100.41
7242,4000.53
7243,3935.89
7244,3819.37
7245,3603.74
7246,3603.28
7247,3603.26
7248,3525.5
7249,3510.39
7250,3510.3
7251,3525.6
7252,3518.76
7253,3500.93
7254,3500.35
7255,3500.12
7256,3500.25
7257,3510.33
7258,3510.81
7259,3525.74
7260,3550.84
7261,3518.76
7262,3510.8
7263,3510.74
7264,3587.7
7265,3780.93
7266,4499.21
7267,4912.89
7268,6659.13
7269,5989.94
7270,4900.56
7271,4649.12
7272,4589.49
7273,4905.09
7274,5800.59
7275,8199.35
7276,10000
7277,10000
7278,10000
7279,10000
7280,10000
7281,6017.51
7282,5500.83
7283,5124.93
7284,5306.04
7285,5750.89
7286,5750.84
7287,5850.64
7288,6000.86
7289,5309.14
7290,5300.5
7291,5000.36
7292,4828.93
7293,4999.62
7294,4719.77
7295,4828.89
7296,4828.94
7297,5286.33
7298,5000.29
7299,4878.2
7300,4456.92
7301,4429.15
7302,3949.46
7303,3782.19
7304,3752.53
7305,3689.28
7306,3717.19
7307,3669.86
7308,3660.24
7309,3660.05
7310,3566.3
7311,3570.03
7312,3605.81
7313,3510.85
7314,3600.71
7315,3664.08
7316,3900.81
7317,3787.02
7318,3782.16
7319,3782.55
7320,3782.76
7321,4300.31
7322,4500.63
7323,4878.97
7324,5068.68
7325,4878.43
7326,5000.59
7327,4828.76
7328,4724.39
7329,4695.71
7330,4499.23
7331,4234.8
7332,3855.54
7333,3820.79
7334,3820.56
7335,4020.09
7336,3790.84
7337,3649.31
7338,3630.75
7339,3630.7
7340,3630.35
7341,3580.6
7342,3519.98
7343,3525.1
7344,3427.28
7345,3340.52
7346,3359.56
7347,3414.71
7348,3414.28
7349,3316.58
7350,3316.28
7351,3260.57
7352,3260.14
7353,3316.29
7354,3316.67
7355,3414.48
7356,3414.11
7357,3402.32
7358,3414.4
7359,3360.22
7360,3466.6
7361,3525.65
7362,3700.13
7363,3989.2
7364,4234.29
7365,3782.65
7366,3582.98
7367,3580.3
7368,3590.46
7369,3820.39
7370,4020.36
7371,4020.64
7372,4499.49
7373,4499.65
7374,4589.53
7375,4649.64
7376,4500.75
7377,4234.69
7378,4020.74
7379,4100.63
7380,4429.2
7381,4499.63
7382,4499.81
7383,4499.99
7384,4499.81
7385,4020.02
7386,3999.29
7387,4020.33
7388,4020.98
7389,4234.7
7390,4234.12
7391,4429.59
7392,4456.44
7393,3703.8
7394,3681.1
7395,3622.48
7396,3600.56
7397,3525.41
7398,3510.25
7399,3466.68
7400,3414.76
7401,3343.42
7402,3340.86
7403,3336.45
7404,3322.93
7405,3317.95
7406,3318.85
7407,3340.02
7408,3331.34
7409,3318.39
7410,3340.27
7411,3396.44
7412,3500.73
7413,3611.71
7414,3609.79
7415,3667.97
7416,3525.56
7417,3858.09
7418,3999.26
7419,4589.31
7420,4905.38
7421,4999.29
7422,5369.89
7423,5066.58
7424,4719.24
7425,4456.76
7426,4234.05
7427,3999.49
7428,3830.31
7429,3830.63
7430,3830.53
7431,3830.54
7432,3830.45
7433,3630.99
7434,3690.48
7435,3740.41
7436,3740.08
7437,3603.44
7438,3603.08
7439,3603.02
7440,3550.24
7441,3560.84
7442,3560.69
7443,3603.01
7444,3560.91
7445,3499.04
7446,3470.03
7447,3470.19
7448,3500.19
7449,3550.42
7450,3560.9
7451,3603.33
7452,3603.24
7453,3660.99
7454,3669.13
7455,3660.7
7456,3603.91
7457,3949.65
7458,4004.03
7459,4234.76
7460,4828.98
7461,4580.65
7462,4020.31
7463,4020.9
7464,4279.94
7465,4999.85
7466,5000.13
7467,5369.79
7468,6176.65
7469,6000.21
7470,6425.9
7471,5378.65
7472,5309.35
7473,4895.49
7474,4580.44
7475,4499.11
7476,4589.03
7477,4480.35
7478,4580.24
7479,4800.3
7480,4828.06
7481,3960.11
7482,3999.92
7483,3960.05
7484,4020.38
7485,4020.23
7486,4058.64
7487,4129.36
7488,4408.07
7489,4589.88
7490,4429.41
7491,4234.84
7492,4200.14
7493,4100.15
7494,3910.22
7495,3782.31
7496,3750.87
7497,3677.44
7498,3674.48
7499,3660.68
7500,3525.95
7501,3603.09
7502,3603.23
7503,3603.24
7504,3603.08
7505,3584.65
7506,3616.29
7507,3634.5
7508,3700.88
7509,3949.82
7510,3949.88
7511,3999.41
7512,4039.08
7513,4281.04
7514,4586.4
7515,4828.48
7516,5286.52
7517,5066.57
7518,5499.68
7519,5499.51
7520,5010.15
7521,4828.56
7522,4649.06
7523,4234.84
7524,3999.42
7525,3999.96
7526,3830.78
7527,3780.86
7528,3960.08
7529,3630.57
7530,3637.65
7531,3603.83
7532,3603.88
7533,3602.92
7534,3525.32
7535,3519.24
7536,3499.74
7537,3300.35
7538,3510.12
7539,3510.16
7540,3427.22
7541,2950.44
7542,2830.96
7543,2950.16
7544,2975.29
7545,3390.93
7546,3510.06
7547,3510.15
7548,3425.75
7549,3444.58
7550,3510
7551,3510.7
7552,3520.19
7553,3630.43
7554,3782.02
7555,3830
7556,4234.32
7557,4100.61
7558,3782.68
7559,3780.13
7560,3780.41
7561,4020.46
7562,4234.8
7563,4900.74
7564,4900.17
7565,4960.53
7566,5000.05
7567,4960.54
7568,4960.8
7569,4572.52
7570,4234.98
7571,4500.08
7572,4500.1
7573,4650.32
7574,4905.23
7575,4828.78
7576,4610.48
7577,3960.38
7578,3949.24
7579,3930.33
7580,4090.56
7581,3797.29
7582,3698.56
7583,3999.33
7584,3930.6
7585,4234.8
7586,4035.88
7587,3949.76
7588,3782.94
7589,3700.31
7590,3674.94
7591,3669.22
7592,3603.91
7593,3603.27
7594,3603.14
7595,3587.44
7596,3554.41
7597,3510.97
7598,3510.88
7599,3510.42
7600,3510.28
7601,3499.17
7602,3525.6
7603,3525.39
7604,3550.91
7605,3603.34
7606,3603.67
7607,3660.47
7608,3603.97
7609,3999.05
7610,4234.81
7611,4589.26
7612,4905.33
7613,4649.95
7614,4828.02
7615,4719.54
7616,4649.35
7617,4310.5
7618,4234.36
7619,3989.23
7620,3830.22
7621,3669.84
7622,3670.9
7623,3830.1
7624,3949.35
7625,3603.58
7626,3603.76
7627,3603.67
7628,3603.69
7629,3603.58
7630,3587.21
7631,3525.05
7632,3319.31
7633,3499.2
7634,3587.27
7635,3587
7636,3525.23
7637,3160.79
7638,3040.93
7639,3199.62
7640,3199.3
7641,3392.61
7642,3500.68
7643,3450.09
7644,3392.99
7645,3480.92
7646,3550.08
7647,3603.19
7648,3603.2
7649,3603.14
7650,3603.67
7651,3660.55
7652,3674.92
7653,3660.48
7654,3674.83
7655,3780.07
7656,3782.37
7657,4234.32
7658,4234.47
7659,4649.58
7660,5309.92
7661,5500.69
7662,5999.09
7663,5377.01
7664,4990.38
7665,4610.29
7666,4250.63
7667,4500.18
7668,4589.3
7669,4450.87
7670,4281.57
7671,4281.72
7672,4281.89
7673,4020.97
7674,3960.5
7675,3960.82
7676,4020.1
7677,4039.17
7678,4050.95
7679,4121.12
7680,4121.54
7681,4206.32
7682,3949.64
7683,3814.11
7684,3729.72
7685,3639.61
7686,3603.47
7687,3590.54
7688,3510.79
7689,3510.78
7690,3510.65
7691,3510.64
7692,3510.5
7693,3500.53
7694,3499.43
7695,3480.64
7696,3480.23
7697,3380.82
7698,3466.23
7699,3427.9
7700,3480.33
7701,3587.23
7702,3587.83
7703,3600.7
7704,3550.95
7705,3603.77
7706,3999.83
7707,4281.13
7708,4429.7
7709,4500.17
7710,4456.33
7711,4310.88
7712,4206.64
7713,4206.28
7714,3999.88
7715,3769.56
7716,3587.69
7717,3587.18
7718,3587.28
7719,3603.44
7720,3603.97
7721,3603.94
7722,3642.51
7723,3603.69
7724,3603.25
7725,3587.92
7726,3539.74
7727,3587.46
7728,3582.04
7729,3350.28
7730,3395.76
7731,3258.87
7732,3150.84
7733,2900.68
7734,2830.43
7735,2950.51
7736,2999.55
7737,3050.64
7738,3210.07
7739,3210.43
7740,3210.82
7741,3480.53
7742,3501.64
7743,3510.93
7744,3587
7745,3603.94
7746,3650.35
7747,3782.05
7748,3782.34
7749,4010.51
7750,4120.58
7751,4060.82
7752,4206.07
7753,4440.04
7754,4472.94
7755,5359.01
7756,6167.54
7757,6400.11
7758,6500.46
7759,5884.73
7760,5309.92
7761,4500.78
7762,4500.41
7763,4456.89
7764,4456.22
7765,4206.9
7766,4429.13
7767,4207
7768,4281.47
7769,4120.82
7770,4121
7771,4206.03
7772,4206.32
7773,4206.24
7774,4206.14
7775,4206.3
7776,4206.59
7777,3949.01
7778,3603.54
7779,3587.47
7780,3578.23
7781,3510.74
7782,3508.83
7783,3456.18
7784,3414.55
7785,3350
7786,3340.49
7787,3334.79
7788,3317.76
7789,3300.6
7790,3300.27
7791,3300.22
7792,3317.37
7793,3300.42
7794,3319.6
7795,3348.81
7796,3414.64
7797,3456.73
7798,3486.02
7799,3500.37
7800,3510.58
7801,3510.93
7802,3603.85
7803,3771.22
7804,4142.2
7805,4000.63
7806,4000.66
7807,4200.17
7808,3949.76
7809,3637.61
7810,3603.55
7811,3603.43
7812,3587.09
7813,3538.46
7814,3525.34
7815,3587.38
7816,3587.83
7817,3500.13
7818,3525.08
7819,3587.37
7820,3587.15
7821,3340.68
7822,3340.4
7823,3210.41
7824,3210.22
7825,3100.94
7826,3040.44
7827,3030.54
7828,2858.85
7829,2760.04
7830,2700.55
7831,2760.51
7832,2760.84
7833,2860.54
7834,2950.18
7835,2950.76
7836,3016.39
7837,3260.24
7838,3260.75
7839,3317.59
7840,3334.62
7841,3441.35
7842,3414.56
7843,3466.02
7844,3510.59
7845,3510.45
7846,3510.33
7847,3510.95
7848,3603.8
7849,3830.05
7850,4120.85
7851,4500.28
7852,5499.11
7853,5499.85
7854,5999.95
7855,5499.87
7856,5000.53
7857,4400.88
7858,4400.28
7859,4500.65
7860,4400.41
7861,4206.97
7862,4317.49
7863,4206.91
7864,4400.01
7865,4120.27
7866,4000.27
7867,3989.5
7868,4000.68
7869,3949.12
7870,4000.96
7871,4206.06
7872,4000.78
7873,4279.44
7874,3989.34
7875,3819.55
7876,3782.1
7877,3700.88
7878,3603.79
7879,3603.34
7880,3519.51
7881,3510.52
7882,3510.29
7883,3510.3
7884,3510.31
7885,3500.47
7886,3510.03
7887,3501.19
7888,3510.32
7889,3500.13
7890,3510.23
7891,3500.56
7892,3510.05
7893,3525.75
7894,3603.1
7895,3603.15
7896,3603.49
7897,4206.61
7898,4500.78
7899,4828.68
7900,5175.86
7901,4790.54
7902,4649.98
7903,4576.44
7904,4429.18
7905,4250.37
7906,4020.34
7907,3830.48
7908,3782.08
7909,3674.07
7910,3674.43
7911,3603.84
7912,3603.27
7913,3603.05
7914,3603.53
7915,3603.43
7916,3603.4
7917,3340.73
7918,3340.05
7919,3330.98
7920,3260.46
7921,3100.71
7922,3030.62
7923,2975.84
7924,2975.99
7925,3019.31
7926,2975.98
7927,2975.69
7928,2975.4
7929,2950.92
7930,3047.46
7931,3160.86
7932,3210.22
7933,3318.43
7934,3344.71
7935,3420.74
7936,3427.19
7937,3603.47
7938,3603.77
7939,3660.07
7940,3750.46
7941,3782.05
7942,3674.96
7943,3782.92
7944,3790.17
7945,4000.97
7946,4190.31
7947,4960
7948,5699.4
7949,5699.5
7950,6000.87
7951,5736.35
7952,5000.81
7953,4400.37
7954,4206.16
7955,4206.76
7956,4206.79
7957,4281.64
7958,4281.58
7959,4281.04
7960,4206.27
7961,4000.06
7962,3820.1
7963,3820.91
7964,3540.35
7965,3660.23
7966,3674.27
7967,3782.53
7968,3782.28
7969,4785.96
7970,4206.47
7971,3989.37
7972,3771.72
7973,3707.61
7974,3674.19
7975,3629.81
7976,3603.37
7977,3587.35
7978,3525.86
7979,3510.93
7980,3510.89
7981,3510.86
7982,3510.71
7983,3510.92
7984,3587.14
7985,3510.85
7986,3587.04
7987,3510.98
7988,3587.68
7989,3603.29
7990,3603.78
7991,3674.65
7992,3771.26
7993,3830.7
7994,4206.99
7995,4589.76
7996,4742.94
7997,4619.22
7998,4400.05
7999,4206.12
8000,3850.3
8001,3603.33
8002,3510.37
8003,3427.45
8004,3164.03
8005,3210.87
8006,3260.45
8007,3327.11
8008,3210.47
8009,3159.77
8010,3200.99
8011,3502.36
8012,3360.69
8013,3150.84
8014,3030.85
8015,3030.58
8016,2999.98
8017,2940.27
8018,2860.63
8019,2710.08
8020,2300.16
8021,2340.21
8022,2000.15
8023,2340.26
8024,2400.96
8025,2650.23
8026,2830.99
8027,2830.49
8028,2858.44
8029,2883.59
8030,2975.59
8031,3016.47
8032,3160.65
8033,3042.39
8034,3040.41
8035,3210.91
8036,3317.75
8037,3105.86
8038,2999.84
8039,2850.11
8040,3000.6
8041,3016.48
8042,3334.31
8043,3510.48
8044,3880.59
8045,4060.71
8046,4150.44
8047,4206.61
8048,4190.13
8049,4120.59
8050,4120.33
8051,4120.7
8052,4150.88
8053,4120.08
8054,4060.1
8055,3949.69
8056,3880.5
8057,3814.82
8058,3840.29
8059,3815.51
8060,3603.85
8061,3603.04
8062,3510.86
8063,3550.47
8064,3558.95
8065,3603.31
8066,3603.58
8067,3603.03
8068,3603.08
8069,3581.84
8070,3531.3
8071,3510.83
8072,3510.3
8073,3500.41
8074,3480.4
8075,3420.25
8076,3400.62
8077,3346.47
8078,3344.99
8079,3344.19
8080,3350.58
8081,3344.85
8082,3414.78
8083,3420.03
8084,3480.2
8085,3510.3
8086,3511
8087,3603.39
8088,3603.73
8089,3629.69
8090,3603.55
8091,3819.15
8092,3949.1
8093,3603.01
8094,3510.55
8095,3450.79
8096,3300.18
8097,3040.8
8098,2819.88
8099,2499.59
8100,2009.87
8101,2000.34
8102,2000.62
8103,1999.63
8104,1999.2
8105,1800.8
8106,1800.26
8107,1326.73
8108,1325.15
8109,999.85
8110,999.92
8111,999.74
8112,999.64
8113,999.78
8114,999.78
8115,999.76
8116,999.79
8117,999.88
8118,999.75
8119,999.86
8120,1310.71
8121,1325.61
8122,1327.85
8123,1801
8124,1900.85
8125,1999.2
8126,1999.39
8127,1999.67
8128,2252.72
8129,2490.09
8130,2539.8
8131,2830.96
8132,3030.12
8133,2950.56
8134,2819.45
8135,2490.25
8136,2539.3
8137,2883.4
8138,2985.67
8139,3252.47
8140,3296.68
8141,3210.49
8142,3500.27
8143,3751.5
8144,3525.55
8145,3030.86
8146,3030.29
8147,3120.25
8148,3040.85
8149,3210.07
8150,3252.08
8151,3260.7
8152,3260.82
8153,2975.3
8154,3190.97
8155,3525.73
8156,3420.37
8157,3295.74
8158,3260.6
8159,3460.54
8160,3480.78
8161,3160.97
8162,3160.44
8163,3110.95
8164,3036.52
8165,2999.79
8166,2999.26
8167,2999.05
8168,2980.43
8169,2975.08
8170,2975.7
8171,2975.56
8172,2909.96
8173,2909.72
8174,2975.28
8175,2909.19
8176,2909.32
8177,2875.41
8178,2909.86
8179,2975.76
8180,2905.48
8181,2980.66
8182,3100.32
8183,3019.91
8184,3159.85
8185,3419.17
8186,3381.52
8187,3430.64
8188,3500.02
8189,3500.49
8190,3430.43
8191,3210.61
8192,3160.81
8193,3160.51
8194,3019.18
8195,3050.33
8196,2990.83
8197,2900.94
8198,2980.48
8199,2999.98
8200,3000.57
8201,2999.51
8202,3000.76
8203,3000.32
8204,3000.03
8205,3019.42
8206,2858.81
8207,2858.24
8208,2780.3
8209,2499.25
8210,2380.86
8211,2380.21
8212,2032.28
8213,1999.73
8214,1999.74
8215,1999.84
8216,1999.91
8217,2010.57
8218,2314.1
8219,2569.03
8220,2580.83
8221,2883.18
8222,2980.61
8223,3016.98
8224,3160.74
8225,3160.64
8226,3259.81
8227,3317.51
8228,3350.79
8229,3317.25
8230,3329.54
8231,3350.2
8232,3510.02
8233,3317.61
8234,3516.74
8235,3999.16
8236,4450.41
8237,4500.45
8238,4520.91
8239,4592.2
8240,4432.86
8241,3949.51
8242,3856.48
8243,3949.19
8244,3999.33
8245,3880.48
8246,3840.77
8247,3840.57
8248,3840.51
8249,3677.89
8250,3820.7
8251,3840.56
8252,3880.48
8253,3603.89
8254,3603.69
8255,3603.69
8256,3660.25
8257,3603.69
8258,3603.48
8259,3603.29
8260,3525.57
8261,3510.59
8262,3500.61
8263,3450.48
8264,3418.55
8265,3414.78
8266,3417.25
8267,3361.8
8268,3344.49
8269,3330.62
8270,3330.4
8271,3350.1
8272,3390.52
8273,3414.09
8274,3414.83
8275,3414.94
8276,3414.26
8277,3450.11
8278,3451.12
8279,3510.65
8280,3510.5
8281,3530.31
8282,3899.93
8283,4279.64
8284,4400.5
8285,4206.58
8286,3999.22
8287,3800.48
8288,3674.24
8289,3510.22
8290,3510.28
8291,3510.58
8292,3450.91
8293,3350.88
8294,3502.07
8295,3502.66
8296,3510.72
8297,3141.98
8298,3160.71
8299,3200.79
8300,3000.85
8301,3093.46
8302,2800.91
8303,2900.63
8304,2790.36
8305,2580.98
8306,2580.54
8307,2580.36
8308,2440.55
8309,2400.5
8310,2380.88
8311,2440.79
8312,2710.5
8313,2883.14
8314,2883.71
8315,2883.74
8316,2883.9
8317,3000.55
8318,3016.58
8319,3064.27
8320,3180.13
8321,3250.52
8322,3344.53
8323,3414.48
8324,3510.32
8325,3510.1
8326,3603.47
8327,3650.27
8328,3660.18
8329,3510.07
8330,3800.52
8331,4060.9
8332,4432.95
8333,4600.34
8334,4600.78
8335,4600.96
8336,4500.56
8337,4250.27
8338,4190.94
8339,4206.05
8340,4206.34
8341,4130.26
8342,4120.43
8343,4060.9
8344,4100.05
8345,3840.87
8346,3840.59
8347,3880
8348,3900.96
8349,3899.3
8350,3899.94
8351,4048.75
8352,4206.26
8353,4611.38
8354,4499.81
8355,4467.48
8356,4410.91
8357,4279.76
8358,4206.88
8359,4104.34
8360,3949.88
8361,3700.95
8362,3672.42
8363,3600.81
8364,3560.99
8365,3600.3
8366,3550.58
8367,3550.31
8368,3549.03
8369,3550.53
8370,3550.61
8371,3550.09
8372,3550.31
8373,3600.43
8374,3624.16
8375,3674.51
8376,3674.7
8377,4200.55
8378,4500.18
8379,4589.7
8380,4589.82
8381,4589.4
8382,4410.98
8383,4293.13
8384,4200.91
8385,3907.55
8386,3674.5
8387,3620.96
8388,3550.9
8389,3654.54
8390,3730.04
8391,3840.12
8392,3674.86
8393,3570.54
8394,3674.8
8395,3674.49
8396,3654.26
8397,3510.83
8398,3510.15
8399,3395.8
8400,3395.33
8401,3250.44
8402,3200.35
8403,3000.87
8404,2975.81
8405,2900.55
8406,2890.63
8407,2903.77
8408,2985.41
8409,3016.21
8410,3020.3
8411,3020.94
8412,3100.67
8413,3270.85
8414,3280.41
8415,3317.11
8416,3395.99
8417,3451.35
8418,3510.27
8419,3603.92
8420,3899.45
8421,3660.15
8422,3949.98
8423,3880.34
8424,3989.44
8425,3880.21
8426,4432.21
8427,5000.36
8428,5309.98
8429,5500.18
8430,5500.14
8431,5469.3
8432,5100.46
8433,4741.88
8434,4760.94
8435,4700.37
8436,4710.36
8437,4650.79
8438,4700.3
8439,4665.02
8440,4700.34
8441,4565.32
8442,4432.91
8443,4499.37
8444,4500.54
8445,4480.16
8446,4493.98
8447,4447.63
8448,4499.42
8449,10000
8450,10000
8451,6637.4
8452,6070.2
8453,6000.5
8454,5833.96
8455,5884.32
8456,5500.59
8457,5500.2
8458,5100.42
8459,4828.1
8460,4592.55
8461,4507.35
8462,4499.47
8463,4279.93
8464,4279.17
8465,4279.04
8466,4339.27
8467,4499.14
8468,4589.88
8469,4828.36
8470,4914.98
8471,5055.29
8472,4914.45
8473,4858.43
8474,5100.39
8475,5100.14
8476,5100.56
8477,4798.81
8478,4769.53
8479,4499.58
8480,4410.35
8481,3907.86
8482,3620.49
8483,3525.59
8484,3490.88
8485,3800.47
8486,3819.95
8487,3525.09
8488,3500.94
8489,3500.7
8490,3587.06
8491,3525.18
8492,3500.83
8493,3300.73
8494,3300.49
8495,3500.1
8496,3222.99
8497,3000.79
8498,3000.95
8499,2870.55
8500,2870.87
8501,2700.07
8502,2700.32
8503,2858.2
8504,2871.26
8505,2999.79
8506,3020.77
8507,3222.68
8508,3317.03
8509,3330.8
8510,3414.61
8511,3417.44
8512,3502.65
8513,3510.48
8514,3510.91
8515,3660.21
8516,4120.67
8517,3660.1
8518,4120.34
8519,3840.95
8520,4060.34
8521,3880.83
8522,4500.69
8523,6000.47
8524,7967.03
8525,8572.78
8526,8646.94
8527,8789.98
8528,6506.86
8529,5375.64
8530,5459.24
8531,5393.89
8532,5476.4
8533,5359.86
8534,5952.14
8535,5884.96
8536,6070.87
8537,5884.35
8538,5832.99
8539,6000.32
8540,6284.32
8541,7999.06
8542,6637.42
8543,10000
8544,10000
8545,10000
8546,10000
8547,10000
8548,10000
8549,7000.01
8550,6070.94
8551,5718.22
8552,4995.37
8553,5068.06
8554,4828.48
8555,4828
8556,4589.11
8557,4510.15
8558,4499.12
8559,4279.45
8560,3999.24
8561,4145.93
8562,4499.42
8563,4510.64
8564,4510.45
8565,4808.32
8566,4798.87
8567,5375.41
8568,5600.24
8569,4995.88
8570,4960.43
8571,4858.33
8572,4649.7
8573,4120.64
8574,3949.49
8575,3819.86
8576,3660.53
8577,3603.86
8578,3560.48
8579,3510.98
8580,3510.59
8581,3550.25
8582,3525.3
8583,3490.61
8584,3495.3
8585,3280.98
8586,3500.52
8587,3395.92
8588,3395.57
8589,3395.29
8590,3395.22
8591,3330.89
8592,3283.76
8593,3258.65
8594,3080.55
8595,3020.59
8596,3019.63
8597,2890.64
8598,2890.21
8599,2975.93
8600,3020.34
8601,3260.5
8602,3341.33
8603,3414.17
8604,3451.8
8605,3441.84
8606,3500.77
8607,3510.12
8608,3510.99
8609,3550.71
8610,3660.65
8611,4000.59
8612,4206.36
8613,3674.63
8614,3674.48
8615,3949.04
8616,4516.02
8617,3510.89
8618,4900.67
8619,6410.81
8620,8794
8621,9961.56
8622,10000
8623,9995.32
8624,9901.84
8625,6000.96
8626,6529.53
8627,6499.5
8628,6635.8
8629,6090.75
8630,6250.72
8631,6499.32
8632,6499.63
8633,9964.96
8634,9899.25
8635,9909.81
8636,8291.51
8637,6500.02
8638,6500.66
8639,8744.19
8640,9814.5
8641,10000
8737,2900.43
8642,10000
8738,2900.98
8643,8000.18
8739,2830.07
8644,6499.69
8740,2800.53
8645,6254.4
8741,2500.09
8646,5599.02
8742,2499.34
8647,5500.41
8743,2483.18
8648,5499.42
8744,2360.83
8649,5068.45
8745,2340.44
8650,5000.11
8746,2340.5
8651,4905.36
8747,2100.97
8652,4649.43
8748,2012.9
8653,4250.8
8749,2000.4
8654,4250.51
8750,1999.96
8655,3949.67
8751,1999.99
8656,3819.19
8752,1999.99
8657,3949.49
8753,2280.08
8658,4120.22
8754,2280.74
8659,4040.47
8755,2310.23
8660,3949.38
8756,2360.9
8661,4090.44
8757,2850.93
8662,4058.18
8758,2997.72
8663,4014.79
8759,3091.28
8664,4400.06
8760,3200.07
8665,4878.29
8761,3630.83
8666,4649.4
8762,3820.67
8667,4500.62
8763,4106.62
8668,4432.6
8764,4500.77
8669,3989.28
8765,5270.36
8670,3603.89
8766,10000
8671,3510.97
8767,10000
8672,3510.77
8768,10000
8673,3490.22
8769,10000
8674,3320.62
8770,10000
8675,3280.64
8771,10000
8676,3159.94
8772,10000
8677,3159.29
8773,10000
8678,3080.46
8774,10000
8679,3020.21
8775,10000
8680,2999.78
8776,10000
8681,2890.08
8777,10000
8682,2975.7
8778,10000
8683,2890.08
8779,10000
8684,2890.18
8780,10000
8685,2700.92
8781,10000
8686,2770.27
8782,6500.42
8687,2400.91
8783,6500.37
8688,2500.1
8784,5500.21
8689,2500.15
8785,5000.55
8690,2500.5
8786,5000.23
8691,2011.74
8787,4999.96
8692,1999.98
8788,4498.95
8693,1999.93
8789,3630.97
8694,1999.89
8790,3630.23
8695,2011.63
8791,3646.49
8696,2710.29
8792,3639.48
8697,2710.38
8793,3639.38
8698,2867.81
8794,3630.66
8699,3000.18
8795,3639.4
8700,3095.88
8796,3797.91
8701,3210.78
8797,4000.82
8702,3280.46
8798,3828.4
8703,3330.74
8799,4066.01
8704,3490.46
8800,4026.82
8705,3510.15
8801,4500.27
8706,3510.09
8802,5270.83
8707,3510.74
8803,10000
8708,3530.32
8804,10000
8709,3510.04
8805,10000
8710,3280.93
8806,10000
8711,3080.76
8807,10000
8712,3200.15
8808,10000
8713,3414.45
8809,10000
8714,3599.05
8810,10000
8715,3999.93
8811,10000
8716,4500.48
8812,10000
8717,4636.4
8813,10000
8718,4800.41
8814,10000
8719,4905.66
8815,10000
8720,4706.55
8816,10000
8721,4250.45
8817,6361.55
8722,4160.8
8818,5499.42
8723,4500.17
8819,5009.52
8724,4675.09
8820,4498.98
8725,4834.28
8821,4000.44
8726,4999.77
8822,3909.35
8727,4960.37
8823,3859.81
8728,5000.05
8824,3646.35
8729,4905.73
8825,2999.95
8730,4954.89
8826,3120.55
8731,5000.17
8827,3130.75
8732,5499.13
8828,3130.19
8733,5499.26
8829,3019.55
8734,5499.72
8830,3120.04
8735,5599.32
8831,3088.9
8736,6254.44
8832,3065.56
8833,3084.6
8834,3049.17
8835,3059.98
8836,3021.56
8837,2901.71
8838,2850.15
8839,2629.71
8840,2629.43
8841,2512.67
8842,2450.99
8843,2450.64
8844,2368.3
8845,2253.93
8846,2253.21
8847,2200.14
8848,2095.86
8849,2253.36
8850,2450.32
8851,2540.56
8852,2600.36
8853,2900.73
8854,2901.65
8855,2901.92
8856,2901.61
8857,3368.85
8858,3969.74
8859,4700.98
8860,4708.1
8861,5500.6
8862,6499.67
8863,10000
8864,10000
8865,10000
8866,10000
8867,10000
8868,10000
8869,6999.16
8870,6499.19
8871,5300.11
8872,4630.8
8873,4110.14
8874,4039
8875,4013.24
8876,3940.84
8877,4039.34
8878,4013.38
8879,4013.64
8880,3940.85
8881,3790.04
8882,3648.35
8883,3648.19
8884,3637.32
8885,3590.01
8886,3567.68
8887,3525.95
8888,3525.94
8889,3500.59
8890,3300.92
8891,3499.4
8892,3499.41
8893,3525.83
8894,3525.37
8895,3648.49
8896,3667.58
8897,3700.6
8898,3695.73
8899,3755.09
8900,4013.31
8901,4499.89
8902,5999.65
8903,4769.32
8904,4769.08
8905,4708.66
8906,4750.6
8907,5150.33
8908,6100.65
8909,6499.22
8910,6499.05
8911,6000
8912,5304.98
8913,4200.93
8914,4110.33
8915,4110.83
8916,4189.06
8917,4110.2
8918,4170.13
8919,4220.17
8920,4110.59
8921,3695.05
8922,3648.52
8923,3648.39
8924,3528.09
8925,3148.27
8926,3133.41
8927,3113.47
8928,3087.47
8929,3185.98
8930,3185.39
8931,3120.51
8932,3110.61
8933,2999.62
8934,2992.1
8935,2950.12
8936,2890.97
8937,2840.8
8938,2838
8939,2837.88
8940,2837.33
8941,2837
8942,2772.84
8943,2837.16
8944,2837.04
8945,2629.6
8946,2837.5
8947,2890.4
8948,2992.1
8949,3185.92
8950,3283.16
8951,3313.9
8952,3330.52
8953,3643.97
8954,3700.5
8955,3910.72
8956,4079.13
8957,5260.15
8958,5280.23
8959,5309.24
8960,5309.98
8961,5260.96
8962,5260.26
8963,4999.72
8964,4658.29
8965,4563.89
8966,4563.39
8967,4301
8968,3999.1
8969,3730.17
8970,3556.09
8971,3600.12
8972,3596.73
8973,3525.82
8974,3397.27
8975,3447.61
8976,3395.77
8977,3395.91
8978,3386.79
8979,3330.92
8980,3185.71
8981,2984.81
8982,2988.57
8983,2992.59
8984,3000.05
8985,3050.7
8986,3110.66
8987,3316.33
8988,3316.56
8989,3316.13
8990,3326.95
8991,3331.12
8992,3525.79
8993,3820.87
8994,3899.11
8995,3999.27
8996,3999.92
8997,3658.96
8998,3658.55
8999,3658.19
9000,3658.06
9001,3835
9002,4079.36
9003,4563.5
9004,4500.92
9005,4563.92
9006,4658.4
9007,4658.08
9008,4469.09
9009,4200.26
9010,4079.82
9011,3999.01
9012,3789.76
9013,3743.22
9014,3658.56
9015,3658.52
9016,3658.22
9017,3569.98
9018,3525.96
9019,3509.65
9020,3525.95
9021,3460.73
9022,3525.33
9023,3540.33
9024,3590.84
9025,10000
9026,10000
9027,10000
9028,10000
9029,7000.42
9030,6254.2
9031,5810.57
9032,5529.45
9033,5000.98
9034,4999.15
9035,4828.96
9036,4828.49
9037,4649.42
9038,4649.41
9039,4649.88
9040,4649.74
9041,4649.97
9042,4649.32
9043,4638.09
9044,4649.7
9045,4828.27
9046,5000.47
9047,5529.26
9048,5800.64
9049,6254.5
9050,6300.55
9051,6300.49
9052,6300.19
9053,5400.62
9054,4719.11
9055,4400.91
9056,4058.34
9057,3870.21
9058,3660.42
9059,3603.58
9060,3603.49
9061,3674.16
9062,3819.55
9063,3674.92
9064,3660.4
9065,3510.5
9066,3510.56
9067,3510.08
9068,3427.63
9069,3317.9
9070,3295.46
9071,3260.12
9072,3059.11
9073,3016.6
9074,2999.89
9075,2895.29
9076,2883.62
9077,2883.5
9078,2883.66
9079,2912.05
9080,2916.98
9081,3016.71
9082,3260.08
9083,3317.6
9084,3359.86
9085,3460.9
9086,3510.5
9087,3587.55
9088,3949.14
9089,3956.63
9090,4000.55
9091,4706.79
9092,4850.51
9093,4719.6
9094,4719.4
9095,4630.58
9096,4719.27
9097,4279.45
9098,4588.36
9099,5000.3
9100,6254.04
9101,7600.2
9102,7600.57
9103,7200.02
9104,6254.56
9105,5500.48
9106,5300.29
9107,5529.36
9108,5710.46
9109,6254.52
9110,7200.04
9111,10000
9112,10000
9113,10000
9114,7999.24
9115,8245.29
9116,7600.33
9117,7999.94
9118,7999.6
9119,10000
9120,10000
9121,10000
9122,10000
9123,10000
9124,10000
9125,10000
9126,10000
9127,10000
9128,10000
9129,8999.3
9130,6999.78
9131,6029.96
9132,6499.53
9133,5935.4
9134,5529.28
9135,5000.95
9136,4788.26
9137,5508.58
9138,5999.04
9139,5719.39
9140,5834.46
9141,4589.91
9142,4788.81
9143,5009.18
9144,5999.33
9145,5009.09
9146,5669.43
9147,5000.46
9148,4619.2
9149,4179.9
9150,4000.76
9151,3985.4
9152,3540.82
9153,3399.27
9154,3290.42
9155,3220.59
9156,3180.07
9157,3125.7
9158,3012.5
9159,2870.96
9160,2725.95
9161,2725.64
9162,2800.52
9163,2700.18
9164,2500.63
9165,2620.4
9166,2679.9
9167,2710.61
9168,2912.28
9169,3129.03
9170,3036.18
9171,3036.14
9172,2979.34
9173,2863.95
9174,2863.07
9175,3000.47
9176,3036.63
9177,3385.11
9178,3385.89
9179,3519.55
9180,3588.47
9181,3731.82
9182,3800.23
9183,3985.31
9184,4000.15
9185,3985.99
9186,4000.76
9187,4000.7
9188,4191.37
9189,4034.54
9190,4179.76
9191,4191.99
9192,4500.49
9193,4500.82
9194,4650.45
9195,4750.23
9196,5000.28
9197,10000
9198,10000
9199,10000
9200,10000
9201,10000
9202,10000
9203,10000
9204,10000
9205,10000
9206,10000
9207,10000
9208,10000
9209,10000
9210,10000
9211,10000
9212,10000
9213,10000
9214,10000
9215,10000
9216,10000
9217,10000
9218,10000
9219,10000
9220,10000
9221,10000
9222,10000
9223,10000
9224,10000
9225,8500.46
9226,8000.31
9227,8000.44
9228,6500.63
9229,6500.2
9230,6000.3
9231,6000.17
9232,6000.01
9233,6000.01
9234,6000.07
9235,6000.04
9236,6000.1
9237,5350.87
9238,6000.29
9239,6000.33
9240,6000.24
9241,5413.08
9242,5249.17
9243,4999.03
9244,4460.62
9245,4200.45
9246,4070.52
9247,3998.44
9248,3750.05
9249,3350.81
9250,3268.81
9251,3500.27
9252,3000.12
9253,3356.61
9254,3268.87
9255,3500.02
9256,3500.23
9257,3599.18
9258,3800.75
9259,3860.39
9260,3942.05
9261,3600.47
9262,3600.67
9263,3600.72
9264,3600.72
9265,3860.08
9266,3998.37
9267,3860.61
9268,3926.52
9269,3599.79
9270,3600.25
9271,3942.32
9272,3998.34
9273,4070.33
9274,4250.22
9275,4412.14
9276,4499.95
9277,4412.55
9278,4412.06
9279,4350.11
9280,4410.69
9281,4399.6
9282,4410.83
9283,4870.99
9284,5061.83
9285,4999.12
9286,5061.82
9287,4999.09
9288,4999.74
9289,4998.75
9290,5450.16
9291,5500.74
9292,6000.63
9293,8000.67
9294,10000
9295,10000
9296,10000
9297,10000
9298,10000
9299,10000
9300,10000
9301,10000
9302,10000
9303,10000
9304,10000
9305,10000
9306,10000
9307,10000
9308,10000
9309,10000
9310,10000
9311,10000
9312,10000
9313,4469.77
9314,4510.07
9315,4219.59
9316,4010.97
9317,3900.84
9318,3752.36
9319,3749.43
9320,3587.6
9321,3540.12
9322,3510.03
9323,3469.44
9324,3469.07
9325,3340.55
9326,3340.53
9327,3340.01
9328,3203.93
9329,3340.58
9330,3369.24
9331,3369.31
9332,3369.6
9333,3469.01
9334,3500.67
9335,3530.8
9336,3530.27
9337,3605.06
9338,3550.19
9339,3530.55
9340,3369.6
9341,3057.67
9342,3035.51
9343,2973.93
9344,2920.85
9345,2800.28
9346,2640.06
9347,2499.35
9348,2316.99
9349,2375.23
9350,2375.17
9351,2316.57
9352,2316.51
9353,2273.16
9354,2273.85
9355,2316.18
9356,2273.93
9357,2249.58
9358,2000.77
9359,1999.52
9360,1870.27
9361,1600.69
9362,1499.97
9363,1499.9
9364,1499.9
9365,1870.59
9366,1800.01
9367,2129.43
9368,2149.35
9369,2249.44
9370,2316.6
9371,2499.31
9372,2749.76
9373,2955.49
9374,2955.67
9375,2973.86
9376,2999.22
9377,3035.89
9378,3045.97
9379,3057.2
9380,3044.99
9381,3203.34
9382,3203.01
9383,3369.23
9384,3469.12
9385,3469.63
9386,3540.12
9387,3620.75
9388,4150.48
9389,5800.08
9390,5800.8
9391,6000.91
9392,7600.72
9393,10000
9394,10000
9395,10000
9396,10000
9397,10000
9398,10000
9399,10000
9400,10000
9401,10000
9402,10000
9403,10000
9404,10000
9405,10000
9406,10000
9407,10000
9408,10000
9409,3871.15
9410,3569.18
9411,3430.75
9412,3430.19
9413,3430.03
9414,3139.63
9415,2929.8
9416,2929.47
9417,2929.59
9418,2929.8
9419,2929.65
9420,2929.58
9421,2929.85
9422,3000.4
9423,3139.05
9424,3079.78
9425,3079.55
9426,3079.17
9427,3139.6
9428,3158.02
9429,2879.3
9430,2879.28
9431,2879.14
9432,2879.95
9433,3249.1
9434,3430.95
9435,3437.86
9436,3437.91
9437,3437.52
9438,3437.37
9439,3386.58
9440,3204.3
9441,2929.27
9442,2839.07
9443,2409.98
9444,2489.05
9445,2489.19
9446,2379.77
9447,2409.42
9448,2139.36
9449,2119.73
9450,2109.05
9451,1999.72
9452,1999.06
9453,1933.14
9454,1836.18
9455,1732.89
9456,1732.12
9457,1635.87
9458,1635.75
9459,1635.04
9460,1199.73
9461,1199.25
9462,1199.31
9463,1199.01
9464,1199.62
9465,1732.85
9466,1836.21
9467,1900.68
9468,1989.62
9469,1999.21
9470,1999.57
9471,1999.59
9472,1999.77
9473,1999.87
9474,2007.77
9475,2450.12
9476,2539.04
9477,2859.13
9478,2489.4
9479,1999.85
9480,1999.49
9481,1249.34
9482,1999.05
9483,1999.19
9484,1999.35
9485,2510.16
9486,2999.85
9487,3430.98
9488,3569.82
9489,3929.66
9490,3905.34
9491,3937.33
9492,4370.96
9493,4610.27
9494,5220.53
9495,5350.27
9496,5220.08
9497,4469.09
9498,4469.89
9499,4109.94
9500,4830.45
9501,3979.92
9502,3919.84
9503,3919.81
9504,3921.41
9505,5529.86
9506,5400.09
9507,5235.16
9508,4835.86
9509,4288.39
9510,3899.35
9511,3630.72
9512,3094.81
9513,3200.74
9514,3360.28
9515,3200.85
9516,3076.57
9517,3200.69
9518,3200.73
9519,3200.43
9520,3068.82
9521,3360.55
9522,3360.46
9523,3285.12
9524,3127.18
9525,2630.65
9526,2804.3
9527,2850.92
9528,3010.2
9529,3328.9
9530,3460.85
9531,3711.92
9532,3479.16
9533,3360.67
9534,3328.43
9535,3078.44
9536,2999.52
9537,2999.49
9538,2969.5
9539,2850.31
9540,3010.06
9541,2939.01
9542,2999.17
9543,3000.68
9544,2939.96
9545,2469.54
9546,2469.7
9547,2469.84
9548,2469.64
9549,2469.63
9550,2469.48
9551,2469.5
9552,2469.2
9553,2104.65
9554,1999.91
9555,1800.51
9556,1499.99
9557,999.27
9558,999.33
9559,1499.05
9560,1999.45
9561,2469.27
9562,2469.5
9563,2469.73
9564,2469.93
9565,2999.74
9566,3000.83
9567,3089.52
9568,3120.56
9569,3309.3
9570,3309.4
9571,3120.98
9572,3060
9573,3440.39
9574,3440.9
9575,3442.65
9576,3500.52
9577,4740.06
9578,5105.96
9579,5529.48
9580,5529.95
9581,10000
9582,10000
9583,10000
9584,10000
9585,10000
9586,10000
9587,10000
9588,10000
9589,10000
9590,10000
9591,10000
9592,10000
9593,10000
9594,10000
9595,10000
9596,10000
9597,10000
9598,9400.88
9599,7900.53
9600,6529.82
9601,10000
9602,10000
9603,10000
9604,10000
9605,5100.32
9606,4800.21
9607,4222.16
9608,4056.57
9609,4019.08
9610,4000.85
9611,4000.04
9612,4000.13
9613,3386.15
9614,3386.19
9615,3386.2
9616,3386.55
9617,3150.74
9618,3150.7
9619,3150.64
9620,3150.84
9621,3456.35
9622,3499.49
9623,3710.32
9624,4019.67
9625,4228.04
9626,4228.16
9627,4138.65
9628,4072.44
9629,4019.56
9630,3987.87
9631,3685.37
9632,3410.8
9633,3284.34
9634,3211.01
9635,3093.19
9636,2931.6
9637,2999.72
9638,2860.57
9639,2862.8
9640,2860.94
9641,2649.76
9642,2087.23
9643,2072.67
9644,2087.66
9645,2072.92
9646,2087.22
9647,2087.29
9648,2110.93
9649,2110.22
9650,2125.81
9651,2110.23
9652,2110.23
9653,2072.33
9654,2072.46
9655,2168.24
9656,2369.44
9657,3079.51
9658,3249.2
9659,3249.65
9660,3281.21
9661,3093.89
9662,3249.47
9663,3345.06
9664,3345.61
9665,3500.39
9666,3685.15
9667,3695.76
9668,4020.6
9669,6000.3
9670,6616
9671,10000
9672,10000
9673,10000
9674,10000
9675,10000
9676,10000
9677,10000
9678,10000
9679,10000
9680,10000
9681,10000
9682,10000
9683,10000
9684,10000
9685,10000
9686,10000
9687,10000
9688,10000
9689,10000
9690,10000
9691,10000
9692,10000
9693,10000
9694,10000
9695,10000
9696,10000
9697,3236.54
9698,3233.54
9699,3149.26
9700,3069.71
9701,3069.34
9702,2970.63
9703,2900.58
9704,2854.94
9705,2854.5
9706,2718.92
9707,2710.54
9708,2699.96
9709,2685.72
9710,2694.99
9711,2677.56
9712,2664.06
9713,2699.09
9714,2697.99
9715,2699.47
9716,2699.83
9717,2863.49
9718,2890.93
9719,2955.92
9720,3040.17
9721,3236.51
9722,3258.46
9723,3414.24
9724,3469.29
9725,3420.89
9726,3400.24
9727,3400.17
9728,3234.62
9729,3047.82
9730,2955.78
9731,2890.61
9732,2693.18
9733,2620.71
9734,2640.94
9735,2541.52
9736,2139.5
9737,1989.25
9738,1959.76
9739,1959.42
9740,1799.92
9741,1799.73
9742,1799.65
9743,1799.58
9744,1799.47
9745,1799.34
9746,1799.36
9747,1799.37
9748,1799.33
9749,1799.16
9750,1799.09
9751,1799.16
9752,1799.3
9753,1799.81
9754,1989.95
9755,2500.13
9756,2603.07
9757,2717.98
9758,2779.57
9759,2877.86
9760,2955.06
9761,2999.3
9762,3150.11
9763,3320.69
9764,3642.98
9765,3999.58
9766,4506.98
9767,6000.54
9768,9697.8
9769,10000
9770,10000
9771,10000
9772,8000.36
9773,5999.72
9774,5364.04
9775,5087.18
9776,4900.84
9777,4600.86
9778,4487.08
9779,4439.53
9780,4389.54
9781,4300.62
9782,4220.28
9783,4099.94
9784,4099.46
9785,3904.22
9786,3954.62
9787,3999.02
9788,3954.91
9789,3690.93
9790,3689.64
9791,3689.31
9792,3689.66
9793,1800.5
9794,1799.75
9795,1799.59
9796,1799.45
9797,1799.34
9798,1799.2
9799,1799.08
9800,1799.01
9801,1634.02
9802,1610.59
9803,1619.97
9804,1618.67
9805,1634.27
9806,1632.56
9807,1635.77
9808,1643.81
9809,1799.19
9810,1799.39
9811,1799.76
9812,1821.13
9813,2019.63
9814,2250.37
9815,2512.54
9816,2846.12
9817,3060.01
9818,3176.48
9819,3176.65
9820,3550.57
9821,4350.37
9822,4150.88
9823,4150.44
9824,4200.72
9825,4410.95
9826,4280.7
9827,4670.75
9828,4280.65
9829,3800.08
9830,3600.12
9831,3550.56
9832,3499.73
9833,3060.85
9834,3030.21
9835,2942.4
9836,2846.49
9837,2539.65
9838,2187.86
9839,2203.2
9840,2240.58
9841,2094.76
9842,2119.41
9843,2019.73
9844,1920.17
9845,1799.29
9846,1799.17
9847,1799.43
9848,1799.63
9849,1800.68
9850,2021.11
9851,2217.43
9852,2512.45
9853,2699.16
9854,2790.51
9855,2942.2
9856,3030.64
9857,3082.23
9858,3200.19
9859,3499.45
9860,4519.03
9861,5920.06
9862,8570.75
9863,9743.26
9864,9273.73
9865,10000
9866,10000
9867,10000
9868,7491
9869,4029.04
9870,3811.89
9871,3700.43
9872,3388.64
9873,3176.64
9874,3176.52
9875,3176.22
9876,3120.81
9877,2846.44
9878,2790.51
9879,2752.14
9880,2700.59
9881,2400.1
9882,2400.06
9883,2255.19
9884,2203.39
9885,2060.52
9886,2024.18
9887,2000.62
9888,2000.04
9889,5669.53
9890,5378.22
9891,5000.06
9892,4999.6
9893,4778.7
9894,4589.64
9895,4489.36
9896,4179.64
9897,3909.83
9898,3899.88
9899,3840.97
9900,3818.48
9901,3872.49
9902,3802.35
9903,3775.54
9904,3775.14
9905,3674.85
9906,3674.98
9907,3674.64
9908,3775.71
9909,3899.06
9910,3933.77
9911,4002.59
9912,4100
9913,4179.58
9914,4519.89
9915,4400.13
9916,4370.18
9917,4179.52
9918,4099.71
9919,4002.06
9920,3820.84
9921,3620.2
9922,3510.5
9923,3490.73
9924,3490.09
9925,3414.78
9926,3460.99
9927,3414.16
9928,3353.68
9929,3016.96
9930,3000.61
9931,2999.34
9932,2940.03
9933,2895.23
9934,2883.42
9935,2758.75
9936,2679.02
9937,2630.01
9938,2598.16
9939,2539.38
9940,2512.34
9941,2277.75
9942,2277.95
9943,2539.67
9944,2598.99
9945,2670.69
9946,2849.22
9947,2883.57
9948,2883.83
9949,2883.97
9950,2908.87
9951,3159.63
9952,3317.65
9953,3450.76
9954,3510.16
9955,3660.83
9956,3840.78
9957,3775.69
9958,3819.24
9959,3802.26
9960,3775.81
9961,3619.13
9962,3674.18
9963,3775.75
9964,4199.17
9965,4589.69
9966,4900.81
9967,4805.19
9968,4519.97
9969,4500.35
9970,4499.93
9971,4589.89
9972,4708.22
9973,4999.45
9974,4999.33
9975,4900.72
9976,4499.96
9977,4499.78
9978,4500.18
9979,4519.15
9980,4778.59
9981,4708.9
9982,4999.36
9983,4999.07
9984,4708.46
9985,4399.83
9986,4001
9987,3999.14
9988,3775.83
9989,3749.26
9990,3699.93
9991,3699.5
9992,3674.4
9993,3663.62
9994,3667.1
9995,3660.37
9996,3656.84
9997,3636.19
9998,3626.93
9999,3550.66
10000,3549.92
10001,3510.95
10002,3510.95
10003,3510.82
10004,3549.31
10005,3635.26
10006,3660.6
10007,3674.08
10008,3666.41
10009,3775.27
10010,4000.54
10011,4002.29
10012,4002.38
10013,4000.73
10014,4000.73
10015,3919.79
10016,3709.05
10017,3510.87
10018,3500.62
10019,3414.61
10020,3353.66
10021,3355.02
10022,3317.29
10023,3112.06
10024,3000.03
10025,2799.27
10026,2799.61
10027,2800.72
10028,2883.12
10029,2710.55
10030,2630.81
10031,2599.77
10032,2599.51
10033,2499.12
10034,2259.97
10035,2198.69
10036,2171.89
10037,2027.01
10038,2019.54
10039,2027.39
10040,2027.9
10041,2259.84
10042,2277.92
10043,2499.2
10044,2499.98
10045,2599.81
10046,2630.32
10047,2799.29
10048,2883.35
10049,2993.94
10050,3170.36
10051,3249.29
10052,3300.72
10053,3317.73
10054,3330.74
10055,3353.49
10056,3353.25
10057,3317.49
10058,3340.22
10059,3350.3
10060,3470.4
10061,3510.65
10062,3800.12
10063,3802.69
10064,3802.45
10065,3775.99
10066,3800.96
10067,3910.39
10068,3989.46
10069,3989.25
10070,3802.85
10071,3802.62
10072,3775.12
10073,3674.37
10074,3752.97
10075,3752.97
10076,3989.05
10077,3802.04
10078,3999.13
10079,3999.09
10080,3800.97
10081,4739.89
10082,4399.75
10083,4273.04
10084,4000.61
10085,3999.62
10086,3775.79
10087,3775.54
10088,3749.51
10089,3749.52
10090,3775.28
10091,3775.12
10092,3699.41
10093,3674.81
10094,3674.37
10095,3666.26
10096,3660.19
10097,3549.03
10098,3600.34
10099,3660.61
10100,3666.1
10101,3699.2
10102,3749.66
10103,3950.53
10104,3803.53
10105,3819.81
10106,4002.5
10107,4179.79
10108,4179.98
10109,4002.07
10110,4000.77
10111,3818.03
10112,3750.96
10113,3630.36
10114,3510.61
10115,3510.29
10116,3510.03
10117,3510.12
10118,3510.05
10119,3460.7
10120,3414.3
10121,3036.28
10122,3100.42
10123,3100.68
10124,3016.77
10125,2979.14
10126,2883.61
10127,2883.41
10128,2883.12
10129,2789.13
10130,2679.21
10131,2598.19
10132,2512.79
10133,2277.86
10134,2277.59
10135,2277.9
10136,2598.3
10137,2630.83
10138,2749.47
10139,2883.51
10140,2910.59
10141,3109.04
10142,3265.2
10143,3380.78
10144,3490.18
10145,3490.81
10146,3510.44
10147,3600.39
10148,3699.25
10149,3699.15
10150,3775.75
10151,4000.26
10152,4000.22
10153,3699.75
10154,3989.4
10155,4100.85
10156,4700.27
10157,5000.42
10158,5000.54
10159,4999.85
10160,4973.72
10161,4431.1
10162,4399.75
10163,4499.12
10164,4499.43
10165,4778.64
10166,4867.26
10167,4960.55
10168,4750.08
10169,4778.98
10170,4999.1
10171,4999.5
10172,5009.04
10173,5527.6
10174,5760.01
10175,5499.89
10176,5377.64
10177,5529.01
10178,5423.44
10179,5029.42
10180,5009.25
10181,4999.65
10182,4999.56
10183,4999.21
10184,4818.38
10185,4500.04
10186,4500.87
10187,4582.17
10188,4582.2
10189,4500.42
10190,4499.01
10191,4490.81
10192,4490.5
10193,4490.01
10194,4490.24
10195,4490.52
10196,4490.9
10197,4589.63
10198,4589.32
10199,4999.82
10200,5000.15
10201,4999.68
10202,5150.51
10203,5009.25
10204,5000.39
10205,4729.89
10206,4554.56
10207,4400.13
10208,4002.31
10209,3909.07
10210,3660.48
10211,3550.38
10212,3510.29
10213,3499.27
10214,3490.67
10215,3470.52
10216,3380.56
10217,2999.76
10218,2989.02
10219,2919.43
10220,2940.49
10221,2883.64
10222,2883.58
10223,2883.38
10224,2849.94
10225,2789.21
10226,2749.7
10227,2749.68
10228,2749.59
10229,2679.66
10230,2679.44
10231,2710.85
10232,2883.16
10233,2927.16
10234,3109.79
10235,3265.48
10236,3317.83
10237,3414.45
10238,3490.76
10239,3510.23
10240,3674.12
10241,4000.68
10242,4179.05
10243,4490.09
10244,4499.04
10245,4179.96
10246,4490.64
10247,4490.66
10248,4490.43
10249,4002.01
10250,4500.87
10251,4900.85
10252,5500.11
10253,6028.94
10254,6028.52
10255,5505.38
10256,5500.36
10257,4999.62
10258,4999.7
10259,5000
10260,4999.88
10261,5000.86
10262,5009.79
10263,5000.17
10264,4999.7
10265,5000.61
10266,5219.6
10267,5529.1
10268,5529.84
10269,6500.62
10270,6999.59
10271,10000
10272,10000
10273,10000
10274,10000
10275,10000
10276,10000
10277,10000
10278,10000
10279,6809.45
10280,5506.35
10281,5000.13
10282,5000.29
10283,4999.58
10284,4999.33
10285,4666.83
10286,4620.27
10287,4519.83
10288,4519.3
10289,4519.02
10290,4519.23
10291,4600.11
10292,4788.41
10293,4999.33
10294,4999.62
10295,5000.49
10296,5039.31
10297,5000.43
10298,5671.97
10299,5423.54
10300,5040
10301,4999.51
10302,4589.49
10303,4179.58
10304,4002.47
10305,3830.92
10306,3750.15
10307,3736.08
10308,3574.67
10309,3487.5
10310,3398.7
10311,3385.13
10312,3289.06
10313,3000.77
10314,3000.22
10315,2979.17
10316,2945.27
10317,2789.62
10318,2778.88
10319,2773.26
10320,2679.4
10321,2537.54
10322,2537.51
10323,2529.09
10324,2514.93
10325,2500.14
10326,2514.91
10327,2529.75
10328,2537.73
10329,2900.31
10330,2945.96
10331,3036.03
10332,3036.88
10333,3355.78
10334,3385.6
10335,3488.28
10336,3736.22
10337,3736.67
10338,3899.22
10339,4000.79
10340,4002.94
10341,4002.47
10342,4099.45
10343,4099.82
10344,4100.92
10345,4099.61
10346,4519.02
10347,4999.77
10348,6448.64
10349,6500.89
10350,6500.79
10351,6500.24
10352,5529.61
10353,5039.51
10354,5039.51
10355,5100.15
10356,5039.16
10357,5500.47
10358,5718.64
10359,5529.07
10360,5500.37
10361,6500.44
10362,9544.46
10363,10000
10364,10000
10365,10000
10366,10000
10367,10000
10368,10000
10369,10000
10370,10000
10371,10000
10372,10000
10373,10000
10374,10000
10375,10000
10376,10000
10377,10000
10378,10000
10379,10000
10380,10000
10381,10000
10382,10000
10383,9499.68
10384,9499.41
10385,9499.69
10386,9499.54
10387,9499.58
10388,9499.54
10389,7500.58
10390,8659.55
10391,9499.53
10392,9499.81
10393,6499.3
10394,9499.13
10395,6200.71
10396,6200.35
10397,5009.96
10398,5000.14
10399,4779.09
10400,4400.98
10401,4000.6
10402,4000.02
10403,3985.75
10404,3970.69
10405,4000.02
10406,3920.7
10407,3818.12
10408,3800.11
10409,3490.13
10410,3400.84
10411,3390.98
10412,3385.87
10413,3385.05
10414,3050.06
10415,3036.11
10416,2945.94
10417,2945.19
10418,2919.81
10419,2919.02
10420,2867.4
10421,2719.72
10422,2537.76
10423,2679.66
10424,2776.73
10425,2932.73
10426,3179.32
10427,3385.83
10428,3500.16
10429,3736.36
10430,3899.73
10431,4000.42
10432,4002.07
10433,4309.71
10434,4519.05
10435,4519.62
10436,4999.1
10437,4519.91
10438,4999.29
10439,4999.95
10440,5000.8
10441,4850.41
10442,5690
10443,9934.63
10444,10000
10445,10000
10446,10000
10447,10000
10448,10000
10449,10000
10450,10000
10451,10000
10452,10000
10453,10000
10454,10000
10455,10000
10456,10000
10457,10000
10458,10000
10459,10000
10460,10000
10461,10000
10462,10000
10463,10000
10464,10000
10465,10000
10466,10000
10467,10000
10468,10000
10469,10000
10470,10000
10471,10000
10472,10000
10473,10000
10474,10000
10475,10000
10476,7499.19
10477,6499.12
10478,5719.83
10479,5719.07
10480,5549.85
10481,5000.06
10482,5009.4
10483,5549.41
10484,6448.78
10485,4999.76
10486,4999.74
10487,4999.83
10488,5549.49
10489,5280.72
10490,6000.37
10491,5507.68
10492,5280.92
10493,4788.75
10494,4099.69
10495,4000.85
10496,3985.83
10497,3800.7
10498,3736.09
10499,3630.34
10500,3500.14
10501,3338.02
10502,3140.29
10503,3220.33
10504,3220.89
10505,2869.56
10506,2869.39
10507,2869.45
10508,2867.44
10509,2679.39
10510,2679.52
10511,2537.75
10512,2537.87
10513,2537.54
10514,2500.31
10515,2156.55
10516,2074.36
10517,1999.83
10518,1999.85
10519,2019.63
10520,2090.41
10521,2500.32
10522,2537.81
10523,2773.44
10524,2945.5
10525,3036.9
10526,3300.76
10527,3390.62
10528,3500.18
10529,3570.79
10530,3736.07
10531,4000.28
10532,4002.36
10533,4000.35
10534,4002.87
10535,4439.45
10536,4519.69
10537,4247.22
10538,4788.53
10539,4999.81
10540,6811.53
10541,10000
10542,10000
10543,10000
10544,10000
10545,10000
10546,10000
10547,10000
10548,10000
10549,10000
10550,10000
10551,10000
10552,10000
10553,10000
10554,10000
10555,10000
10556,10000
10557,10000
10558,10000
10559,10000
10560,10000
10561,10000
10562,10000
10563,10000
10564,10000
10565,10000
10566,10000
10567,10000
10568,10000
10569,10000
10570,10000
10571,10000
10572,10000
10573,6499.55
10574,5834.15
10575,5507.3
10576,5029.59
10577,5009.24
10578,5508.65
10579,6000.75
10580,6000.01
10581,5800.07
10582,6499.19
10583,6499.2
10584,6499.48
10585,5700.99
10586,6499.18
10587,5800.51
10588,5280.02
10589,4519.39
10590,4197.55
10591,4002.81
10592,4002.18
10593,3899.28
10594,3663.13
10595,3630.99
10596,3574.09
10597,3112.31
10598,3079.76
10599,2919.95
10600,2953
10601,2679.86
10602,2722.02
10603,2679.6
10604,2679.04
10605,2514.12
10606,2400.96
10607,2300.32
10608,2156.99
10609,2192.27
10610,2156.99
10611,2192.04
10612,2156.55
10613,2070.01
10614,2048.98
10615,2156.74
10616,2192.91
10617,2537.64
10618,2679.22
10619,2773.87
10620,2932.94
10621,3036.34
10622,3385.06
10623,3400.32
10624,3500.91
10625,3818.53
10626,4000.36
10627,4002.12
10628,4099.21
10629,4002.26
10630,4329.04
10631,4499.63
10632,4509.41
10633,4179.88
10634,4309.84
10635,4590.67
10636,5039.83
10637,6499.57
10638,6499.95
10639,6499.56
10640,6000.4
10641,5813.31
10642,5719.63
10643,6720.48
10644,8030
10645,10000
10646,10000
10647,10000
10648,10000
10649,10000
10650,10000
10651,10000
10652,10000
10653,10000
10654,10000
10655,10000
10656,10000
10657,10000
10658,10000
10659,10000
10660,10000
10661,10000
10662,7029.96
10663,6448.82
10664,5719.46
10665,4999.86
10666,5000.29
10667,4999.56
10668,4999.29
10669,4738.62
10670,4546.4
10671,4519.13
10672,4499.81
10673,4180
10674,4188.2
10675,4179.76
10676,4179.52
10677,4519.8
10678,4738.13
10679,4738.99
10680,4779.58
10681,4790.63
10682,4999.29
10683,4779.88
10684,4500.69
10685,4310.57
10686,4002.85
10687,3830.66
10688,3736.34
10689,3385.25
10690,3140.88
10691,3000.38
10692,2679.44
10693,2000.79
10694,1999.96
10695,1999.57
10696,1972.12
10697,1899.67
10698,1899.06
10699,1940.74
10700,1940.24
10701,1709.77
10702,1709.9
10703,1709.83
10704,1709.86
10705,1747.22
10706,1709.91
10707,1709.89
10708,1709.62
10709,1709.36
10710,1709.39
10711,1709.82
10712,1709.89
10713,1944.59
10714,1972.71
10715,1999.65
10716,1999.84
10717,2000.48
10718,2070.86
10719,2192.64
10720,2500.15
10721,2529.63
10722,2529.59
10723,2537.45
10724,2537.83
10725,2529.54
10726,2529.5
10727,2700.55
10728,2773.37
10729,2945.33
10730,3179.71
10731,3340.98
10732,3340.97
10733,4000.37
10734,4210.76
10735,4290.57
10736,4290.79
10737,4099.73
10738,4099.27
10739,4409.36
10740,4409.84
10741,4409.65
10742,4519.19
10743,4779.28
10744,4906.57
10745,7029.38
10746,10000
10747,10000
10748,10000
10749,10000
10750,10000
10751,10000
10752,10000
10753,10000
10754,10000
10755,10000
10756,10000
10757,10000
10758,10000
10759,10000
10760,10000
10761,6029.51
10762,5559.41
10763,5559.08
10764,4805.6
10765,4788.57
10766,4589.94
10767,4589.49
10768,4589.37
10769,4409.84
10770,4179.83
10771,4179.3
10772,4179.39
10773,4179.53
10774,4310.49
10775,4409.79
10776,4519.05
10777,4999.69
10778,5718.11
10779,4999.99
10780,4999.48
10781,4788.64
10782,4589.56
10783,4432.35
10784,4002.59
10785,3819.9
10786,3574.26
10787,3470.04
10788,3338.92
10789,2995.95
10790,2995.55
10791,2850.04
10792,2760.63
10793,2019.83
10794,2090.65
10795,2090.26
10796,2019.68
10797,1999.95
10798,1999.79
10799,1999.88
10800,1999.96
10801,2000
10802,1999.97
10803,1999.84
10804,1999.59
10805,1999.53
10806,1999.6
10807,2000
10808,2048.06
10809,2156.64
10810,2192.58
10811,2537.76
10812,2773.13
10813,2895.8
10814,3201
10815,3385.19
10816,3385.45
10817,3385.85
10818,3500.69
10819,3500.79
10820,3719
10821,3729.88
10822,3800.77
10823,3899.24
10824,4000.52
10825,4002.25
10826,4179.78
10827,4500.77
10828,4519.81
10829,5009.83
10830,5039.03
10831,5000.5
10832,5000.38
10833,4778.37
10834,4960.11
10835,5300.31
10836,6000.74
10837,8499.9
10838,10000
10839,10000
10840,10000
10841,10000
10842,10000
10843,10000
10844,10000
10845,10000
10846,10000
10847,10000
10848,10000
10849,10000
10850,10000
10851,10000
10852,10000
10853,10000
10854,10000
10855,10000
10856,10000
10857,6499.72
10858,6499.46
10859,6236.86
10860,6000.81
10861,4999.07
10862,4963.63
10863,4788.01
10864,4779.37
10865,4779.57
10866,4779.28
10867,4499.6
10868,4512.9
10869,4519.52
10870,4779.13
10871,4788.16
10872,4790.92
10873,4999.61
10874,5505.6
10875,5000.96
10876,4999.38
10877,4779.4
10878,4310.41
10879,4099.28
10880,3985.99
10881,3574.22
10882,3385.25
10883,3338.26
10884,3118.3
10885,3165.11
10886,3140.56
10887,3000.68
10888,3000.26
10889,2679.27
10890,2679.77
10891,2849.61
10892,2773.56
10893,2679.71
10894,2679.1
10895,2537.06
10896,2300.65
10897,2192.57
10898,2156.72
10899,2074.04
10900,2074.21
10901,2019.78
10902,2019.74
10903,2156.28
10904,2156.77
10905,2537.77
10906,2537.77
10907,2773.32
10908,2932.96
10909,3000.81
10910,3090.3
10911,3300.95
10912,3385.28
10913,3385.22
10914,3385.5
10915,3385.96
10916,3736.26
10917,3661.23
10918,3800.65
10919,3899.33
10920,3999.49
10921,4000.24
10922,4199.28
10923,4779.29
10924,4999.96
10925,6000.94
10926,6100.1
10927,5836.63
10928,5834.17
10929,5507.3
10930,5619.73
10931,6273.11
10932,6499.24
10933,10000
10934,10000
10935,10000
10936,10000
10937,10000
10938,10000
10939,10000
10940,10000
10941,10000
10942,10000
10943,10000
10944,10000
10945,10000
10946,10000
10947,10000
10948,10000
10949,10000
10950,10000
10951,10000
10952,8500.89
10953,5500.54
10954,5000.28
10955,4788.11
10956,4779.02
10957,4788.09
10958,4589.2
10959,4500.05
10960,4197.52
10961,4099.38
10962,4002.91
10963,4002.59
10964,4002.96
10965,4250.79
10966,4519.57
10967,4788.43
10968,4800.15
10969,4800.39
10970,5369.8
10971,4999.79
10972,4779.55
10973,4432.38
10974,4197.81
10975,4034.41
10976,3989.54
10977,3574.36
10978,3340.62
10979,3300.8
10980,3109.11
10981,3000.89
10982,3075.06
10983,2980.73
10984,2760.69
10985,2400.67
10986,2400.32
10987,2679.05
10988,2679.14
10989,2500.94
10990,2400.48
10991,2400.49
10992,2250.34
10993,2019.55
10994,2019.43
10995,2019.67
10996,2019.44
10997,2001
10998,2019.43
10999,2250.09
11000,2514.23
11001,2537.27
11002,2537.68
11003,2773.31
11004,2773.76
11005,2945.58
11006,3000.59
11007,3385.44
11008,3574.34
11009,3460.96
11010,3736.49
11011,3819.38
11012,4000.42
11013,3989.68
11014,4002.59
11015,4099.52
11016,4299.31
11017,4002.45
11018,4354.93
11019,4500.84
11020,4999.02
11021,5050.3
11022,6100.22
11023,6600.5
11024,6600.89
11025,6999.23
11026,6999.82
11027,7500.9
11028,10000
11029,10000
11030,10000
11031,10000
11032,10000
11033,10000
11034,10000
11035,10000
11036,10000
11037,10000
11038,10000
11039,10000
11040,10000
11041,10000
11042,10000
11043,10000
11044,10000
11045,6499.89
11046,5649.01
11047,4728.83
11048,4788.29
11049,4712.24
11050,4589.19
11051,4519.66
11052,4289.24
11053,4197.79
11054,4197.48
11055,4179.73
11056,4179.06
11057,4002.63
11058,4002.06
11059,4000.79
11060,4002.17
11061,4310.82
11062,4199.95
11063,4499.99
11064,4519.08
11065,4410.49
11066,4616.21
11067,4500.09
11068,4400.51
11069,4197.64
11070,4002.02
11071,3985.95
11072,3800.19
11073,3385.36
11074,3100.93
11075,3075.57
11076,2999.18
11077,2760.89
11078,3000.15
11079,2760.28
11080,2679.81
11081,2500.27
11082,2262.4
11083,2400.77
11084,2679.06
11085,2679.24
11086,2679.67
11087,2679.8
11088,2679.77
11089,2679.62
11090,2595.72
11091,2537.31
11092,2514.21
11093,2192.22
11094,2156.35
11095,2156.18
11096,2156.32
11097,2400.99
11098,2514.19
11099,2537.89
11100,2700.2
11101,2773.72
11102,2945.85
11103,3080.31
11104,3080.72
11105,3080.98
11106,3293.96
11107,3385.48
11108,3564.88
11109,3460.68
11110,3736.55
11111,3899.75
11112,3999.73
11113,3899.23
11114,4002.08
11115,4099.63
11116,4499.44
11117,4660.18
11118,4519.27
11119,4519.62
11120,4700.52
11121,4500.88
11122,4590.9
11123,5000.57
11124,5190
11125,6820
11126,10000
11127,10000
11128,10000
11129,10000
11130,10000
11131,10000
11132,10000
11133,10000
11134,10000
11135,10000
11136,10000
11137,10000
11138,10000
11139,10000
11140,10000
11141,10000
11142,10000
11143,9999.28
11144,6499.96
11145,6499.36
11146,6499.18
11147,6029.62
11148,6029.33
11149,5529.2
11150,4788.81
11151,4779.64
11152,4589.4
11153,4201.81
11154,4201.23
11155,4179.94
11156,4199.57
11157,4499.1
11158,4499.92
11159,4500.54
11160,4519.75
11161,4519.18
11162,4779.97
11163,4519.3
11164,4310.78
11165,4002.87
11166,3985.8
11167,3969.58
11168,3519.36
11169,3340.27
11170,3080.83
11171,3000.59
11172,3000.03
11173,2679.65
11174,2695.81
11175,2679.5
11176,2529.98
11177,2529.54
11178,2529.84
11179,2679.58
11180,2680
11181,2679.07
11182,2679.44
11183,2529.92
11184,2529.39
11185,2400.91
11186,2250.05
11187,2019.8
11188,2019.66
11189,2192.07
11190,2156.8
11191,2339.19
11192,2537.35
11193,2679.69
11194,2679.32
11195,2773.08
11196,2773.33
11197,3036.99
11198,3080.87
11199,3385.69
11200,3519.06
11201,3500.07
11202,3537.34
11203,3574.45
11204,3985.32
11205,3740.46
11206,4000.49
11207,4002.28
11208,4034.94
11209,3800.98
11210,4000.29
11211,4199.12
11212,4499.99
11213,4779.53
11214,4779.8
11215,5009.63
11216,4960.75
11217,4959.11
11218,5000.12
11219,5600.79
11220,5999.53
11221,10000
11222,10000
11223,10000
11224,10000
11225,10000
11226,10000
11227,10000
11228,10000
11229,10000
11230,10000
11231,10000
11232,10000
11233,10000
11234,10000
11235,10000
11236,10000
11237,10000
11238,10000
11239,10000
11240,10000
11241,10000
11242,10000
11243,10000
11244,10000
11245,10000
11246,10000
11247,10000
11248,9999.52
11249,7140.32
11250,6500.68
11251,8549.04
11252,6499.17
11253,4999.74
11254,5009.38
11255,5009.49
11256,5506.02
11257,5270.2
11258,5629.5
11259,5270.03
11260,4999.07
11261,4779.75
11262,4500.37
11263,4299.58
11264,4034.12
11265,3960.6
11266,3410.91
11267,3410.32
11268,3338.45
11269,3338.63
11270,3410.15
11271,3470.45
11272,3418
11273,2700.54
11274,2800.11
11275,2800.78
11276,3000.41
11277,2695.78
11278,2679.71
11279,2710.98
11280,2679.37
11281,2529.71
11282,2529.16
11283,2529.37
11284,2529.38
11285,2400.43
11286,2192.69
11287,2400.14
11288,2514.96
11289,2773.5
11290,3000.47
11291,3380.26
11292,3380.83
11293,3551.8
11294,3581.85
11295,3985.28
11296,4000.33
11297,4000.79
11298,4002.53
11299,4354.15
11300,4499.43
11301,4099.28
11302,4779.07
11303,4779.28
11304,4779.87
11305,4619.45
11306,5000.29
11307,6030.59
11308,7840.09
11309,10000
11310,10000
11311,10000
11312,10000
11313,10000
11314,10000
11315,10000
11316,10000
11317,10000
11318,10000
11319,10000
11320,10000
11321,10000
11322,10000
11323,10000
11324,10000
11325,10000
11326,10000
11327,10000
11328,10000
11329,10000
11330,10000
11331,10000
11332,10000
11333,10000
11334,10000
11335,10000
11336,10000
11337,10000
11338,10000
11339,10000
11340,10000
11341,10000
11342,10000
11343,10000
11344,7800.95
11345,6999.85
11346,6500
11347,6499.94
11348,6499.51
11349,4999.38
11350,4999.96
11351,5000.36
11352,4999.98
11353,5270.73
11354,5270.9
11355,5270.06
11356,4922.86
11357,4779.05
11358,4247.88
11359,4034.47
11360,4000.5
11361,3800.11
11362,3340.14
11363,3328.5
11364,2999.07
11365,2870.29
11366,2760.56
11367,2760.41
11368,2679.85
11369,2679.19
11370,2679.92
11371,2679.82
11372,2790.82
11373,2750.29
11374,2800.24
11375,2700.13
11376,2710.1
11377,2777.38
11378,2679.92
11379,2710.8
11380,2752.4
11381,2679.88
11382,2679.44
11383,2679.55
11384,2679.41
11385,2773.74
11386,2800.76
11387,2945.58
11388,3050.4
11389,3380.88
11390,3385.53
11391,3499.7
11392,3505.27
11393,3630.01
11394,3630.25
11395,3630.85
11396,3871
11397,3630.31
11398,3769.22
11399,3740.84
11400,3969.98
11401,3985.34
11402,4201.78
11403,4499.36
11404,4779.12
11405,5548.2
11406,5768.51
11407,7248.68
11408,7500.34
11409,6499.98
11410,8499.05
11411,10000
11412,10000
11413,10000
11414,10000
11415,10000
11416,10000
11417,10000
11418,10000
11419,10000
11420,10000
11421,10000
11422,10000
11423,10000
11424,10000
11425,10000
11426,10000
11427,10000
11428,10000
11429,10000
11430,10000
11431,10000
11432,10000
11433,10000
11434,10000
11435,10000
11436,10000
11437,10000
11438,10000
11439,10000
11440,6999.14
11441,6499.16
11442,6030.76
11443,6000.57
11444,6029.23
11445,4800.13
11446,4999.91
11447,6000.14
11448,6700.13
11449,5506.07
11450,6499.53
11451,6000.31
11452,4999.99
11453,4788.7
11454,4779.33
11455,4619.05
11456,4299.21
11457,4002.31
11458,3960.87
11459,3960.33
11460,3649.82
11461,3824.33
11462,3831.11
11463,3960.38
11464,3905.88
11465,3079.5
11466,3300.04
11467,3274.43
11468,3000.16
11469,3000.13
11470,2980.92
11471,3075.74
11472,2980.98
11473,3079.34
11474,3079.31
11475,3079.67
11476,3079.44
11477,2980.71
11478,2980.81
11479,3075.13
11480,3385.1
11481,3567.48
11482,3574.94
11483,3985.97
11484,4000.7
11485,4299.15
11486,4299.66
11487,4500.87
11488,4589.21
11489,4589.36
11490,4589.57
11491,4999.64
11492,5009.37
11493,5300.29
11494,6000.53
11495,6000.41
11496,6000.31
11497,4960.19
11498,5200.02
11499,10000
11500,10000
11501,10000
11502,10000
11503,10000
11504,10000
11505,10000
11506,10000
11507,10000
11508,10000
11509,10000
11510,10000
11511,10000
11512,10000
11513,10000
11514,10000
11515,10000
11516,10000
11517,10000
11518,10000
11519,10000
11520,10000
11521,10000
11522,10000
11523,10000
11524,10000
11525,10000
11526,10000
11527,10000
11528,10000
11529,10000
11530,10000
11531,10000
11532,10000
11533,10000
11534,10000
11535,10000
11536,10000
11537,10000
11538,10000
11539,10000
11540,9000.7
11541,6499.72
11542,6499.59
11543,7000.46
11544,7700.38
11545,6499.3
11546,6499.77
11547,6000.64
11548,5280.39
11549,4980.03
11550,4779.67
11551,4400.54
11552,4099.16
11553,4000.53
11554,4000.11
11555,3957.16
11556,3659.14
11557,3969.92
11558,4000.1
11559,4000.33
11560,4000.23
11561,3899.13
11562,3769.85
11563,3769.55
11564,3500.84
11565,3129.76
11566,3385.65
11567,3385.81
11568,3385.35
11569,3385.71
11570,3385.45
11571,3385.06
11572,3327.64
11573,3296.36
11574,3250.18
11575,3385.15
11576,3385.59
11577,3385.66
11578,3385.6
11579,3800.07
11580,3910.5
11581,4000.57
11582,4002.45
11583,4200
11584,4499.15
11585,4548.11
11586,4779.74
11587,4999.44
11588,5232.88
11589,4505.88
11590,4779.92
11591,4999.78
11592,5012.08
11593,4779.88
11594,4999.41
11595,5719.12
11596,10000
11597,10000
11598,10000
11599,10000
11600,10000
11601,10000
11602,10000
11603,10000
11604,10000
11605,10000
11606,10000
11607,10000
11608,10000
11609,10000
11610,10000
11611,10000
11612,10000
11613,10000
11614,10000
11615,10000
11616,10000
11617,2800.78
11618,2790.95
11619,2840.65
11620,2650.94
11621,2500.55
11622,2499.27
11623,2420.84
11624,2070.47
11625,1999.9
11626,1999.88
11627,1999.86
11628,1999.82
11629,1999.7
11630,1999.68
11631,1999.72
11632,1999.82
11633,1999.97
11634,2000.71
11635,2499.14
11636,2500.89
11637,2850.48
11638,3000.93
11639,3160.21
11640,3388.42
11641,3909.19
11642,4200.45
11643,4900.31
11644,6000.57
11645,6499.27
11646,10000
11647,10000
11648,10000
11649,10000
11650,10000
11651,10000
11652,10000
11653,10000
11654,10000
11655,10000
11656,10000
11657,10000
11658,10000
11659,10000
11660,10000
11661,10000
11662,7259.01
11663,7250.44
11664,6500.05
11665,4815.02
11666,4317.26
11667,4010.69
11668,4004.69
11669,3630.85
11670,3630.27
11671,3630.69
11672,3630.75
11673,3748.09
11674,3750.02
11675,3899.03
11676,4000.76
11677,5000.02
11678,4499.45
11679,5270.35
11680,5270.4
11681,6010.81
11682,8000.38
11683,10000
11684,10000
11685,10000
11686,10000
11687,10000
11688,10000
11689,10000
11690,10000
11691,10000
11692,10000
11693,10000
11694,10000
11695,10000
11696,10000
11697,6500.22
11698,5350.16
11699,4999.45
11700,4426.8
11701,3909.58
11702,3630.91
11703,3700.23
11704,3560.59
11705,3130.69
11706,3250.08
11707,3160.45
11708,3120.73
11709,3120.89
11710,3110.6
11711,3019.39
11712,3000.77
11713,3141.41
11714,3100.13
11715,3076.06
11716,3000.66
11717,2860.95
11718,2700.29
11719,2628.54
11720,2512.89
11721,2500.92
11722,2499.08
11723,2367.93
11724,2367.21
11725,2300.32
11726,2367.01
11727,2179.91
11728,2217.85
11729,2093.82
11730,2409.08
11731,2500.66
11732,2512.53
11733,2901.14
11734,2965.95
11735,3076.25
11736,3076.91
11737,3620.03
11738,4708.14
11739,5500.88
11740,9999.27
11741,10000
11742,10000
11743,10000
11744,10000
11745,10000
11746,10000
11747,10000
11748,10000
11749,10000
11750,10000
11751,10000
11752,10000
11753,10000
11754,9897.02
11755,7999.88
11756,5949.4
11757,4999.62
11758,4955.06
11759,4287.36
11760,3980.96
11761,3969.37
11762,3840.77
11763,3667.62
11764,3647.86
11765,3476.21
11766,3476.6
11767,3600.08
11768,3560.53
11769,3476.76
11770,3527
11771,3476.83
11772,3476.87
11773,3200.99
11774,3425.5
11775,3667.45
11776,4012.46
11777,4231.16
11778,4955.3
11779,5198.78
11780,7670.69
11781,10000
11782,10000
11783,10000
11784,10000
11785,9999.48
11786,10000
11787,10000
11788,10000
11789,10000
11790,10000
11791,10000
11792,10000
11793,9341.53
11794,8000.18
11795,6499.77
11796,6499.68
11797,5057.13
11798,5000.43
11799,4955.6
11800,4708.76
11801,4100.77
11802,3990.11
11803,3860.88
11804,3693.03
11805,3580.59
11806,3525.57
11807,3414.63
11808,3261.62
11809,3199.29
11810,3188.61
11811,3185.29
11812,3179.76
11813,3179.14
11814,3175.57
11815,3151.15
11816,3100.33
11817,2999.59
11818,2992.54
11819,2984.31
11820,2890.85
11821,2890.53
11822,2890.07
11823,2890
11824,2879.13
11825,2837.55
11826,2992.48
11827,3177.39
11828,3179.75
11829,3330.51
11830,3570.9
11831,3571.39
11832,3634.23
11833,3634.98
11834,3658.66
11835,3819.79
11836,3999.61
11837,4900.49
11838,4960.15
11839,4500.46
11840,4469.11
11841,4300.48
11842,4079.29
11843,4000.8
11844,3850.11
11845,3999.08
11846,3850.77
11847,3850.95
11848,3820.24
11849,3316.6
11850,3316.53
11851,3201
11852,3214.17
11853,3316.64
11854,3316.41
11855,3316.96
11856,3330.53
11857,3316.68
11858,3185.6
11859,3179.73
11860,3000.55
11861,2880.68
11862,2850.52
11863,2890.71
11864,2984.6
11865,3159.66
11866,3175.73
11867,3240.13
11868,3179.95
11869,3199.72
11870,3300.78
11871,3395.88
11872,3571.63
11873,3643.78
11874,3634.32
11875,3658.94
11876,3658.53
11877,3570.28
11878,3499.41
11879,3620.65
11880,3620.92
11881,3630.16
11882,3999.25
11883,4499.24
11884,4700.6
11885,4658.73
11886,4599.99
11887,4599.03
11888,4040.86
11889,4090.67
11890,4000.16
11891,3899.24
11892,3780.49
11893,3658.52
11894,3658.07
11895,3658.65
11896,3634.73
11897,3571.94
11898,3571.04
11899,3540.81
11900,3499.46
11901,3316.91
11902,3399.63
11903,3499.11
11904,3499.02
11905,10000
11906,10000
11907,10000
11908,10000
11909,9999.46
11910,8500.67
11911,7000.43
11912,6254.61
11913,5529.29
11914,5500.27
11915,5000.35
11916,4828.88
11917,5000.44
11918,4850.07
11919,4828.47
11920,4828.48
11921,4850.38
11922,4828.62
11923,4850.03
11924,4850.24
11925,5000.68
11926,5409.33
11927,6070.95
11928,6555.92
11929,6601.51
11930,7000.91
11931,8300
11932,7968.16
11933,7000.31
11934,5459.08
11935,4960.03
11936,4400.75
11937,4058.68
11938,3989.11
11939,3674.84
11940,3700.43
11941,3989.49
11942,4000.45
11943,4000.11
11944,3660.9
11945,3510.69
11946,3510.62
11947,3450.28
11948,3355.04
11949,3317.23
11950,3260.05
11951,3260.15
11952,2999.38
11953,2916.14
11954,2916.05
11955,2895.32
11956,2883.96
11957,2883.28
11958,2883.3
11959,2883.43
11960,2883.6
11961,2995.07
11962,2999.96
11963,3159.4
11964,3295.76
11965,3359.32
11966,3510.46
11967,3603.59
11968,3849.56
11969,3849.84
11970,4000.16
11971,4350.94
11972,4999
11973,4279.75
11974,4710.25
11975,4850.65
11976,5409.94
11977,4649.5
11978,6070.96
11979,8000.14
11980,8300.72
11981,9100.94
11982,9100.97
11983,10000
11984,8300.93
11985,7200.07
11986,7010.07
11987,7200.7
11988,7999.28
11989,10000
11990,10000
11991,10000
11992,10000
11993,10000
11994,10000
11995,10000
11996,10000
11997,10000
11998,10000
11999,10000
12000,10000
12001,10000
12002,10000
12003,10000
12004,10000
12005,10000
12006,10000
12007,10000
12008,9998.66
12009,9998.19
12010,9998.12
12011,6029.51
12012,6029.23
12013,5999.88
12014,5935.74
12015,5529.07
12016,4788.85
12017,4788.98
12018,5935.12
12019,5000.84
12020,5000.38
12021,4499.19
12022,4788.32
12023,5000.04
12024,5000.94
12025,5589.54
12026,5649.47
12027,4700.58
12028,4557.34
12029,4034.59
12030,3847.1
12031,3540.35
12032,3350.97
12033,3290.07
12034,3125.13
12035,3000.48
12036,2919.93
12037,3000.53
12038,2919.37
12039,2380.93
12040,2339.37
12041,2000.2
12042,1999.84
12043,1999.71
12044,1999.55
12045,1999.39
12046,1999.5
12047,1999.67
12048,1999.78
12049,2529.02
12050,2529
12051,2529.09
12052,2529.05
12053,2019.3
12054,2019.52
12055,2019.99
12056,2679.79
12057,2711.35
12058,2700.09
12059,2912.3
12060,3000.47
12061,3000.95
12062,3250.2
12063,3385.71
12064,3405.42
12065,3405.92
12066,3405.35
12067,3460.1
12068,3537.55
12069,3405.83
12070,3519.3
12071,3537.21
12072,3537.5
12073,3590.76
12074,3659.33
12075,3790.15
12076,3890.36
12077,4548.01
12078,4718.15
12079,4890.2
12080,5009.44
12081,5000.05
12082,5009.24
12083,5400.29
12084,5719.65
12085,10000
12086,10000
12087,10000
12088,10000
12089,10000
12090,10000
12091,10000
12092,10000
12093,10000
12094,10000
12095,10000
12096,10000
12097,10000
12098,10000
12099,10000
12100,10000
12101,10000
12102,10000
12103,10000
12104,10000
12105,10000
12106,10000
12107,9865.12
12108,8500.06
12109,7500.42
12110,7000.41
12111,7000.01
12112,6500.12
12113,7000.24
12114,7000.38
12115,7000.31
12116,7000.32
12117,7000.5
12118,7000.51
12119,7000.45
12120,7000.34
12121,5250.74
12122,5099.05
12123,4698.03
12124,4358.81
12125,4050.17
12126,3942.87
12127,3999.05
12128,3500.96
12129,3350.83
12130,3292.11
12131,3248.45
12132,3055.73
12133,3249.6
12134,3249.94
12135,3248.94
12136,3248.65
12137,3219.32
12138,3280.47
12139,3344.88
12140,3345.44
12141,3022.55
12142,3158.97
12143,3291.38
12144,3345.29
12145,3324.86
12146,3355.36
12147,3374.18
12148,3392.74
12149,3000.21
12150,3219.18
12151,3392.16
12152,3500.62
12153,3942.2
12154,3999.55
12155,4249.47
12156,4412.74
12157,4412.4
12158,4790.01
12159,4999.35
12160,5061.02
12161,4999.14
12162,4999.95
12163,5000.28
12164,5000.59
12165,5750.56
12166,5750.22
12167,5750.17
12168,5700.74
12169,5750.24
12170,6500.07
12171,6500.91
12172,7500.09
12173,10000
12174,10000
12175,10000
12176,10000
12177,10000
12178,10000
12179,10000
12180,10000
12181,10000
12182,10000
12183,10000
12184,10000
12185,10000
12186,10000
12187,10000
12188,10000
12189,10000
12190,10000
12191,10000
12192,10000
12193,5754.18
12194,5305.66
12195,4669.32
12196,4669.26
12197,4499.76
12198,4300.43
12199,4119.25
12200,3929.57
12201,3777.7
12202,3630.8
12203,3605.58
12204,3540.74
12205,3585.97
12206,3530.61
12207,3470.46
12208,3398.59
12209,3369.49
12210,3369.47
12211,3369.41
12212,3369.28
12213,3340.32
12214,3369.03
12215,3340.79
12216,3318.54
12217,3369.7
12218,3369.3
12219,3318.29
12220,3064.83
12221,3039.7
12222,2973.35
12223,2639.46
12224,2472.05
12225,2375.2
12226,2375.78
12227,2339.38
12228,2316.28
12229,2316.24
12230,2273.6
12231,2316.01
12232,2316.01
12233,2066.94
12234,2133.04
12235,2273.29
12236,2273.36
12237,2249.53
12238,2149.32
12239,2129.27
12240,2129.11
12241,1999.96
12242,1999.78
12243,1999.83
12244,2000.91
12245,2129.18
12246,2129.29
12247,2129.93
12248,2167.22
12249,2273.77
12250,2316.78
12251,2375.34
12252,2618.12
12253,2860.64
12254,2955.07
12255,2973.83
12256,2999.03
12257,3035.39
12258,3044.15
12259,3044.39
12260,2974
12261,3044.86
12262,3039.84
12263,3057.47
12264,3225.32
12265,3369.15
12266,3411.22
12267,3605.5
12268,3900.11
12269,4738.02
12270,5399.16
12271,5754.16
12272,5838.57
12273,5850.03
12274,6499.34
12275,9999.32
12276,10000
12277,10000
12278,10000
12279,10000
12280,10000
12281,10000
12282,10000
12283,10000
12284,10000
12285,10000
12286,10000
12287,10000
12288,8999.27
12289,3899.85
12290,3840
12291,3700.87
12292,3670.33
12293,3520.89
12294,3520.35
12295,3520.62
12296,3569.27
12297,3520.77
12298,3569.41
12299,3520.85
12300,3520.94
12301,3469.35
12302,3469.49
12303,3469.47
12304,3469.49
12305,3469.27
12306,3469.18
12307,3469.24
12308,3469.46
12309,3158.91
12310,3373.04
12311,3373.93
12312,3430.23
12313,3500.27
12314,3531.44
12315,3670.48
12316,3569.68
12317,3473.57
12318,3436.83
12319,3430.11
12320,3139.65
12321,2879.1
12322,2900.13
12323,2929.32
12324,2929.42
12325,2861.81
12326,2879.45
12327,2871.43
12328,2739.47
12329,2400.69
12330,2400.3
12331,2400.4
12332,2400.64
12333,2409.81
12334,2692.13
12335,2409.19
12336,2400.08
12337,2249.12
12338,2400.21
12339,2400.1
12340,2400.57
12341,2099.99
12342,2109.61
12343,2129.45
12344,2400.26
12345,2650.8
12346,2710.76
12347,2879.44
12348,2929.21
12349,2929.79
12350,2999.17
12351,2999.42
12352,3114.87
12353,3139.07
12354,3430.39
12355,3469.34
12356,3473.87
12357,3499.85
12358,3499.13
12359,3499.38
12360,3531.04
12361,3616.28
12362,3929.72
12363,4549.94
12364,5999.81
12365,9110.73
12366,10000
12367,10000
12368,10000
12369,10000
12370,10000
12371,10000
12372,10000
12373,10000
12374,10000
12375,10000
12376,10000
12377,10000
12378,10000
12379,10000
12380,10000
12381,10000
12382,10000
12383,10000
12384,10000
12385,3999.91
12386,3999.41
12387,3919.94
12388,3750.35
12389,3221.96
12390,3221.88
12391,3221.83
12392,3221.41
12393,3010.02
12394,3010.03
12395,2919.18
12396,2900.27
12397,2710.52
12398,2810.41
12399,2733.97
12400,2664.91
12401,2779.64
12402,2779.57
12403,2779.31
12404,2730.86
12405,2512.51
12406,2609.27
12407,2609.82
12408,2609.99
12409,2969.49
12410,2969.9
12411,2919.23
12412,2900.99
12413,2684.74
12414,2684.54
12415,2569.92
12416,2569.28
12417,2451.88
12418,2451.34
12419,2451.65
12420,2451.17
12421,2010.42
12422,2030.92
12423,2461.36
12424,2461.49
12425,1959.82
12426,2512.64
12427,2155.44
12428,2139.69
12429,2012.54
12430,2012.64
12431,2038.96
12432,2036.15
12433,1645.98
12434,1500.19
12435,1499.49
12436,1499.21
12437,1096.91
12438,1298.33
12439,1499.44
12440,1499.94
12441,2033.44
12442,2034.58
12443,2032.67
12444,2112.25
12445,2546.77
12446,2655.45
12447,2767.66
12448,2859.66
12449,3000.56
12450,3000.48
12451,3010.47
12452,3036.72
12453,3184.44
12454,3460.59
12455,3499.88
12456,3689.23
12457,4279.4
12458,4415.51
12459,4649.86
12460,4754.62
12461,10000
12462,10000
12463,10000
12464,10000
12465,10000
12466,10000
12467,10000
12468,10000
12469,10000
12470,10000
12471,10000
12472,10000
12473,8999.46
12474,9499.16
12475,5529.42
12476,5529.11
12477,5499.5
12478,5350.94
12479,4999.41
12480,4279.01
12481,5319.53
12482,5280.6
12483,4749.82
12484,4242.98
12485,4031.12
12486,4019.01
12487,3969.03
12488,3689.04
12489,3689.62
12490,3660.18
12491,3599.1
12492,3499.67
12493,3345.43
12494,3345.93
12495,3300.89
12496,3345.22
12497,3249.17
12498,3249.2
12499,3249.72
12500,3281.51
12501,3150.37
12502,3300.9
12503,3850.41
12504,3695.82
12505,3900.99
12506,3799.48
12507,3700.4
12508,3695.04
12509,3689.74
12510,3685.46
12511,3499.4
12512,3150.77
12513,3035.32
12514,2898.61
12515,2860.33
12516,2320.77
12517,2670.13
12518,2640.03
12519,2670.02
12520,2609.97
12521,2539.73
12522,2139.15
12523,2061.34
12524,2320.09
12525,2500.26
12526,2609.55
12527,2369.38
12528,2320.35
12529,2140.13
12530,2125.42
12531,1999.75
12532,1999.71
12533,1999.4
12534,1999.5
12535,1999.57
12536,1989.46
12537,2240.53
12538,2320.24
12539,2640.21
12540,2749.02
12541,2600.21
12542,2749.42
12543,3211.53
12544,3345.18
12545,3249.6
12546,3589.87
12547,3631.53
12548,3685.25
12549,3799.94
12550,4019.81
12551,4310.63
12552,4500.34
12553,7599.35
12554,10000
12555,10000
12556,10000
12557,10000
12558,10000
12559,10000
12560,10000
12561,10000
12562,10000
12563,10000
12564,10000
12565,10000
12566,10000
12567,10000
12568,10000
12569,10000
12570,10000
12571,10000
12572,10000
12573,10000
12574,10000
12575,10000
12576,10000
12577,3258.53
12578,3234.42
12579,3203.13
12580,3069.1
12581,3000.5
12582,2899.03
12583,2870.93
12584,2870.48
12585,2870.61
12586,2870.81
12587,2880.42
12588,2870.66
12589,2870.46
12590,2854.86
12591,2850.42
12592,2833.43
12593,2833.64
12594,2833.54
12595,2779.85
12596,2833.17
12597,2870.92
12598,3000.1
12599,3020.8
12600,3047.63
12601,3236.44
12602,3236.57
12603,3500.05
12604,3642.71
12605,3642.2
12606,3388.99
12607,3388.99
12608,3234.29
12609,2955.6
12610,2921.84
12611,2854.94
12612,2717.87
12613,2666.01
12614,2604.12
12615,2554.02
12616,2250.91
12617,2000.11
12618,1870.19
12619,2000.04
12620,2000.23
12621,2000.32
12622,2000.32
12623,2000.42
12624,2000.29
12625,1999.5
12626,1989.69
12627,1989.6
12628,1989.1
12629,1850.14
12630,1799.99
12631,1850.51
12632,1850.66
12633,2000.29
12634,2022.58
12635,2170.81
12636,2519.68
12637,2629.55
12638,2686.54
12639,2833.62
12640,2921.68
12641,3000.69
12642,3149
12643,3320.87
12644,3689.03
12645,4660.53
12646,5544.04
12647,10000
12648,10000
12649,10000
12650,10000
12651,10000
12652,10000
12653,10000
12654,6500.38
12655,6440.9
12656,5499.01
12657,4439.22
12658,4439.34
12659,4270.34
12660,4199.59
12661,4199.32
12662,4089.55
12663,4089.08
12664,4099.44
12665,3954.7
12666,3989.44
12667,3954.9
12668,3950.15
12669,3743.43
12670,3743.22
12671,3689.73
12672,3689.52
12673,2500.74
12674,2512.02
12675,2700.35
12676,2650.08
12677,2649.18
12678,2587.45
12679,2512.78
12680,2512.47
12681,2500.65
12682,2500.27
12683,2500.82
12684,2500.55
12685,2500.82
12686,2500.88
12687,2510.38
12688,2512.11
12689,2649.07
12690,2649.06
12691,2700.28
12692,2700.89
12693,2846.97
12694,2918.64
12695,3100.64
12696,3310.02
12697,3700.15
12698,3735.48
12699,3903.75
12700,4100.91
12701,5100.77
12702,4900.94
12703,4900.86
12704,4900.99
12705,5400.87
12706,5100.92
12707,5500.54
12708,5100.88
12709,4500.65
12710,4300.6
12711,4300.48
12712,4100.47
12713,3699.52
12714,3500.43
12715,3414.14
12716,3300.28
12717,3082.53
12718,3060.44
12719,3000.87
12720,3019.26
12721,2938.86
12722,2846.89
12723,2799.82
12724,2752.32
12725,2500.62
12726,2512.03
12727,2649.65
12728,2700.61
12729,2846.8
12730,2951.47
12731,3060.58
12732,3100.84
12733,3300.33
12734,3300.86
12735,3500.81
12736,3549.64
12737,3700.64
12738,4100.44
12739,4500.63
12740,5500.01
12741,9929.47
12742,10000
12743,10000
12744,10000
12745,10000
12746,10000
12747,10000
12748,10000
12749,5500.35
12750,5400.16
12751,5316.1
12752,4800.54
12753,4018.35
12754,3999.84
12755,3909.28
12756,3518.61
12757,3120.66
12758,3100.36
12759,2967.4
12760,2909.2
12761,2846.41
12762,2846.61
12763,2846.71
12764,2846.57
12765,2780.74
12766,2846.12
12767,2800.89
12768,2767.92
12769,10000
12770,10000
12771,9529.55
12772,6656.86
12773,6353.63
12774,5576.19
12775,5000.6
12776,4300.54
12777,4000.92
12778,3999.04
12779,4350.08
12780,4250.76
12781,3999.82
12782,3899.99
12783,3629.57
12784,3300.13
12785,3049.68
12786,3330.12
12787,3340.33
12788,3500.51
12789,3100.11
12790,3503.06
12791,3549.99
12792,3487
12793,3599.35
12794,3654.71
12795,3600.07
12796,3549.22
12797,3549.28
12798,3252.86
12799,3000.2
12800,2670.25
12801,2819.8
12802,2842.63
12803,2819.88
12804,2770.45
12805,2893.23
12806,2912.54
12807,2907.66
12808,2819.77
12809,2725.29
12810,2770.68
12811,2770.72
12812,2770.11
12813,2770.05
12814,2770.04
12815,2770.26
12816,2710.72
12817,2725.41
12818,2710.77
12819,2725.36
12820,2725.63
12821,2700.21
12822,2710.55
12823,2770.46
12824,2862.39
12825,2928.29
12826,3200.5
12827,3599.61
12828,3900.12
12829,3741.12
12830,3942.51
12831,4021.96
12832,4199.38
12833,4300.64
12834,4412.13
12835,4371.57
12836,4300.35
12837,4199.56
12838,4000.47
12839,3999.19
12840,3949.91
12841,3252.98
12842,3729.51
12843,3949.99
12844,4371.93
12845,5000.54
12846,5348.24
12847,5684.49
12848,6400.13
12849,5499.24
12850,5450.04
12851,5506.73
12852,7000.12
12853,6499.81
12854,7452.46
12855,10000
12856,10000
12857,10000
12858,10000
12859,10000
12860,10000
12861,10000
12862,10000
12863,10000
12864,10000
12865,10000
12866,10000
12867,10000
12868,10000
12869,7700.94
12870,6500.42
12871,5201.37
12872,5000.51
12873,5000.04
12874,4500.89
12875,4200.18
12876,3600.44
12877,3200.9
12878,3512.37
12879,4000.45
12880,4021.44
12881,3999.09
12882,3949.18
12883,3771.83
12884,3831.73
12885,3474.67
12886,3999.62
12887,4412.45
12888,4412.32
12889,4500.83
12890,4550.88
12891,4470.04
12892,3999.43
12893,3619.6
12894,3348.49
12895,3252.55
12896,2670.73
12897,2890.95
12898,2819.84
12899,2770.79
12900,2770.05
12901,2820.19
12902,2866.51
12903,2848.99
12904,2870.11
12905,2770.57
12906,2819.65
12907,2800.47
12908,2819.64
12909,2771
12910,2770.84
12911,2725.83
12912,2700.26
12913,2770.07
12914,2710.3
12915,2710.52
12916,2700.25
12917,1999.96
12918,2212.28
12919,2770.33
12920,2825.1
12921,3005.6
12922,3300.37
12923,3396.15
12924,3900.37
12925,3629.25
12926,3942.74
12927,4048.12
12928,4048.4
12929,4249.04
12930,4412.63
12931,4457.14
12932,4465.7
12933,4530.12
12934,4557.37
12935,4530.57
12936,4530.69
12937,4465.45
12938,4557.85
12939,5413.53
12940,5668.01
12941,4500.6
12942,5249.34
12943,6900.09
12944,7700.19
12945,6600.53
12946,6600.64
12947,6601
12948,8500.64
12949,8500.94
12950,10000
12951,10000
12952,10000
12953,10000
12954,10000
12955,10000
12956,10000
12957,10000
12958,10000
12959,10000
12960,10000
12961,10000
12962,10000
12963,10000
12964,10000
12965,10000
12966,8029.66
12967,6200.55
12968,5070.74
12969,4905.24
12970,4200.85
12971,3940.24
12972,3700.57
12973,3949.17
12974,3539.58
12975,3629.02
12976,3650.92
12977,3943.28
12978,3900.43
12979,3539.74
12980,3700.3
12981,3486.15
12982,3747.45
12983,3999.34
12984,3800.66
12985,4000.21
12986,4199.39
12987,3729.3
12988,3420.77
12989,3125.35
12990,2819.22
12991,2893.93
12992,2670.98
12993,2841.41
12994,2819.22
12995,2770.64
12996,2720.17
12997,2770.29
12998,2770.25
12999,2725.32
13000,2000
13001,2112.12
13002,2770.63
13003,2770.53
13004,2770.91
13005,2725.93
13006,2770.57
13007,2770.53
13008,2770.16
13009,2700.8
13010,2300.42
13011,2600.02
13012,2300.47
13013,1999.71
13014,1999.56
13015,1999.84
13016,1999.99
13017,2710.36
13018,2861.45
13019,2983.63
13020,3840.7
13021,3783.6
13022,3942.87
13023,3999.76
13024,4249.66
13025,4490.7
13026,4550.1
13027,4550.18
13028,4984.36
13029,5065.07
13030,5065.31
13031,5000.4
13032,5065.08
13033,4199.76
13034,4500.76
13035,4905.9
13036,5348.4
13037,5413.92
13038,7999.3
13039,9000.42
13040,9000.71
13041,9529.07
13042,8979.05
13043,9529.67
13044,10000
13045,10000
13046,10000
13047,10000
13048,10000
13049,10000
13050,10000
13051,10000
13052,10000
13053,10000
13054,10000
13055,10000
13056,10000
13057,10000
13058,10000
13059,10000
13060,10000
13061,10000
13062,10000
13063,8500.65
13064,8029.76
13065,5999.49
13066,5000.91
13067,5000.1
13068,4500.19
13069,4250.12
13070,3999.34
13071,3780.42
13072,3539.96
13073,3955.8
13074,3999.71
13075,3949.26
13076,3949.68
13077,3488.96
13078,3729.17
13079,3949.39
13080,3999.78
13081,4500.26
13082,4557.47
13083,4470.16
13084,3800.22
13085,3500.95
13086,3226.66
13087,3152.18
13088,3091.27
13089,3099.55
13090,2880.57
13091,2770.96
13092,2112.74
13093,2870.52
13094,2854.98
13095,2928.78
13096,2882.15
13097,2970.21
13098,3117.68
13099,3125.87
13100,3125.79
13101,3093.54
13102,3112.91
13103,3125.76
13104,3135.96
13105,3154.8
13106,3000.92
13107,3000.98
13108,3019.03
13109,2800.5
13110,2800.08
13111,3105.62
13112,3187.23
13113,3300.59
13114,3400.59
13115,3500.89
13116,4249.84
13117,4371
13118,4470.3
13119,4500.04
13120,4557.64
13121,5100.1
13122,5100.34
13123,5249.27
13124,5600.76
13125,5633.67
13126,5600.94
13127,5499.75
13128,5369.69
13129,4445.01
13130,4557.59
13131,5061.34
13132,5450.85
13133,5249.46
13134,9529.75
13135,10000
13136,10000
13137,10000
13138,10000
13139,10000
13140,10000
13141,10000
13142,10000
13143,10000
13144,10000
13145,10000
13146,10000
13147,10000
13148,10000
13149,10000
13150,10000
13151,10000
13152,10000
13153,10000
13154,10000
13155,10000
13156,10000
13157,10000
13158,10000
13159,10000
13160,10000
13161,6529.73
13162,5700.82
13163,5700.43
13164,5100.21
13165,5000.46
13166,4600.2
13167,4390.62
13168,3999.76
13169,4465.26
13170,4600.2
13171,4465.46
13172,4600.08
13173,3999.3
13174,4100.74
13175,4365.26
13176,4100.85
13177,5061
13178,5100.01
13179,4465.3
13180,4034.47
13181,3989.48
13182,3925.88
13183,3530.41
13184,3470.38
13185,3390.84
13186,3355.63
13187,3350.42
13188,3090.88
13189,3350.13
13190,3350.11
13191,3350.38
13192,3350.08
13193,3350.68
13194,3505.15
13195,3500.87
13196,3390.58
13197,3350.61
13198,3350.48
13199,3350.48
13200,3350.42
13201,3350.4
13202,3350.61
13203,3350.77
13204,3350.55
13205,3019.37
13206,3023.16
13207,3350.63
13208,3505.82
13209,3942.25
13210,3942.72
13211,4100.08
13212,4249.83
13213,4450.94
13214,5061.05
13215,5100.35
13216,5100.88
13217,5600.67
13218,5600.94
13219,6000.03
13220,6200
13221,5935.84
13222,5974.74
13223,5576.48
13224,5259.27
13225,5100.22
13226,5249.23
13227,5700.04
13228,6000.41
13229,8499.13
13230,10000
13231,10000
13232,10000
13233,10000
13234,10000
13235,10000
13236,10000
13237,10000
13238,10000
13239,10000
13240,10000
13241,10000
13242,10000
13243,10000
13244,10000
13245,10000
13246,10000
13247,10000
13248,10000
13249,10000
13250,10000
13251,10000
13252,10000
13253,10000
13254,10000
13255,10000
13256,8999.17
13257,5999.34
13258,5499.75
13259,4450.07
13260,4360.32
13261,4290.22
13262,4034.15
13263,3989.25
13264,3780.12
13265,3783.55
13266,3999.17
13267,3949.56
13268,3969.18
13269,3999.77
13270,4199.55
13271,4335.64
13272,4270.63
13273,4175.46
13274,4270.12
13275,4034.89
13276,3677.37
13277,3741.79
13278,3640.72
13279,3519.59
13280,3350.7
13281,3567.02
13282,3500.73
13283,3325.21
13284,3000.63
13285,3100.13
13286,3000.11
13287,3357.17
13288,3049.62
13289,3000.6
13290,3128.61
13291,3200.06
13292,3200.78
13293,2998.09
13294,3000.7
13295,2850.52
13296,2970.19
13297,2800.64
13298,3000.58
13299,2970.3
13300,2900.92
13301,2000.21
13302,1999.98
13303,2800.62
13304,3400.29
13305,3510.84
13306,3652.75
13307,3900.23
13308,3942.12
13309,3942.56
13310,3942.89
13311,3989.27
13312,4175.52
13313,4175.78
13314,4249.59
13315,4320.06
13316,4358.19
13317,3949.75
13318,3900.92
13319,3643.1
13320,3629.19
13321,3716
13322,4369.04
13323,4770.57
13324,6000.55
13325,5249.45
13326,7999.07
13327,10000
13328,10000
13329,10000
13330,10000
13331,10000
13332,10000
13333,10000
13334,10000
13335,10000
13336,10000
13337,10000
13338,10000
13339,10000
13340,10000
13341,10000
13342,10000
13343,10000
13344,10000
13345,10000
13346,10000
13347,10000
13348,10000
13349,10000
13350,10000
13351,10000
13352,10000
13353,5999.75
13354,5629.66
13355,5000.4
13356,4350.67
13357,4260.04
13358,4190.73
13359,4075.5
13360,4034.32
13361,4075.54
13362,4170.03
13363,4075.43
13364,4075.37
13365,4075.44
13366,4075.31
13367,4034.23
13368,3500.07
13369,3989.78
13370,4000.33
13371,3999.11
13372,3778.32
13373,3500.69
13374,3252.51
13375,3175.9
13376,2870.86
13377,2870.48
13378,2870.26
13379,2675.07
13380,1999.95
13381,1999.96
13382,1999.88
13383,2325.17
13384,1999.99
13385,2112.34
13386,2112.16
13387,1999.87
13388,1999.8
13389,1999.66
13390,1999.66
13391,1999.61
13392,1999.62
13393,1999.62
13394,1999.64
13395,1999.62
13396,1999.56
13397,1999.37
13398,1999.29
13399,1999.38
13400,1999.71
13401,2212.58
13402,2325.04
13403,3095.39
13404,3750.25
13405,3729.54
13406,3790.19
13407,3790.56
13408,3800.29
13409,3700.31
13410,3800.35
13411,3830.03
13412,3741.12
13413,2500.28
13414,2200.6
13415,1999.56
13416,1999.47
13417,1999.42
13418,3019.34
13419,3711.5
13420,4260.97
13421,4536.29
13422,5249.6
13423,5999.93
13424,7999.25
13425,7999.36
13426,9999.36
13427,10000
13428,10000
13429,10000
13430,10000
13431,10000
13432,10000
13433,10000
13434,10000
13435,10000
13436,10000
13437,10000
13438,10000
13439,10000
13440,10000
13441,10000
13442,10000
13443,10000
13444,10000
13445,10000
13446,10000
13447,5699.33
13448,5070.01
13449,5249.05
13450,5000.69
13451,4412
13452,4260.58
13453,4190.74
13454,4112.24
13455,3999.31
13456,3840.95
13457,4075.45
13458,4100.97
13459,4075.39
13460,4090.36
13461,4260.86
13462,4340.08
13463,4465.96
13464,4369.49
13465,4500.91
13466,4500.79
13467,4500.21
13468,4235.45
13469,3989.89
13470,3880.94
13471,3830.65
13472,3500.95
13473,3630.35
13474,3500.22
13475,3397.69
13476,2930.67
13477,3210.37
13478,3409.65
13479,3589.12
13480,3530.92
13481,3327.45
13482,3304.53
13483,3262.05
13484,3180.19
13485,2800.91
13486,2712.61
13487,2710.15
13488,2712.43
13489,2780.6
13490,2900.49
13491,2912.7
13492,2900.91
13493,2325.84
13494,2212.57
13495,2675.85
13496,3000.9
13497,3252.88
13498,3500.46
13499,3795.28
13500,3800.93
13501,3800.57
13502,3840.81
13503,3942.08
13504,3999.27
13505,4075.21
13506,4170.28
13507,4369.39
13508,4775.97
13509,4260.73
13510,4369.85
13511,4260.23
13512,4235.59
13513,4345.39
13514,5400.01
13515,5750.54
13516,7000.91
13517,7000.96
13518,10000
13519,10000
13520,10000
13521,10000
13522,10000
13523,10000
13524,10000
13525,10000
13526,10000
13527,10000
13528,10000
13529,10000
13530,10000
13531,10000
13532,10000
13533,10000
13534,10000
13535,10000
13536,10000
13537,10000
13538,10000
13539,10000
13540,10000
13541,10000
13542,10000
13543,10000
13544,6031.88
13545,5776.87
13546,5571.37
13547,4390.06
13548,4295.56
13549,4250.82
13550,4000.63
13551,3989.55
13552,3749.9
13553,4220.13
13554,4295.18
13555,4295.69
13556,4310.37
13557,4365.17
13558,4390.67
13559,4310.91
13560,4300.87
13561,4250.27
13562,4250.74
13563,3909.56
13564,3749.78
13565,3749.85
13566,3749.55
13567,3599.6
13568,3340.91
13569,3599.39
13570,3470.14
13571,3343.96
13572,2999.43
13573,2999.55
13574,2902.51
13575,2999.11
13576,2870.77
13577,2970.12
13578,3219.29
13579,3231.84
13580,3219.01
13581,2800.33
13582,2712.81
13583,2800.9
13584,2998.45
13585,3000.39
13586,3001
13587,2999.75
13588,2998.57
13589,2599.48
13590,2599.69
13591,2998.31
13592,3301.93
13593,3599.91
13594,3741.57
13595,3850.19
13596,3930.13
13597,3890.62
13598,3942.28
13599,3942.59
13600,3999.21
13601,3998.01
13602,4125.84
13603,4250.73
13604,4295.88
13605,3989.59
13606,3998.65
13607,3989.33
13608,3880.09
13609,3969.54
13610,4310.42
13611,5070.87
13612,7998.01
13613,8000.22
13614,10000
13615,10000
13616,10000
13617,10000
13618,10000
13619,10000
13620,10000
13621,10000
13622,10000
13623,10000
13624,10000
13625,10000
13626,10000
13627,10000
13628,10000
13629,10000
13630,10000
13631,10000
13632,10000
13633,10000
13634,10000
13635,10000
13636,10000
13637,10000
13638,10000
13639,5420.1
13640,5000.37
13641,4340.05
13642,4269.03
13643,4245.84
13644,4019.44
13645,4155.91
13646,3999.26
13647,3909.56
13648,3800.32
13649,3909.23
13650,3999.33
13651,3989.91
13652,3909.86
13653,4199.09
13654,4070.18
13655,4029.1
13656,4034.1
13657,3999.48
13658,4019.01
13659,3909.22
13660,3750.9
13661,3654.98
13662,3599.91
13663,3619.04
13664,3559.44
13665,3630.63
13666,3576.06
13667,3470.36
13668,3049.18
13669,3252.84
13670,3000.57
13671,3357.45
13672,3339.36
13673,3100.44
13674,3339.7
13675,3339.88
13676,3339.68
13677,2600.52
13678,2699.7
13679,2710.07
13680,2850.42
13681,2712.76
13682,2790.86
13683,2800.87
13684,2940.17
13685,2000.72
13686,2000.33
13687,2800.56
13688,3510.33
13689,3741.94
13690,3800.35
13691,3800.97
13692,3880.77
13693,3880.22
13694,3942.54
13695,3942.43
13696,4075.04
13697,3942.89
13698,3989.33
13699,4019.65
13700,4000.59
13701,3300.63
13702,3500.9
13703,3500.05
13704,3300.95
13705,3470.31
13706,3619.31
13707,4199.49
13708,4989.97
13709,4989.61
13710,5989.65
13711,9990.31
13712,9990.8
13713,9991
13714,10000
13715,10000
13716,10000
13717,10000
13718,10000
13719,10000
13720,10000
13721,10000
13722,10000
13723,10000
13724,10000
13725,10000
13726,10000
13727,10000
13728,10000
13729,10000
13730,10000
13731,10000
13732,10000
13733,10000
13734,10000
13735,10000
13736,10000
13737,5400.63
13738,5400.52
13739,5400.13
13740,5175.5
13741,5000.61
13742,5000.09
13743,4900.43
13744,4465.01
13745,4900.66
13746,4999.81
13747,5000.21
13748,5000.2
13749,5199.24
13750,5000.65
13751,5000.61
13752,5000.5
13753,4500.23
13754,4350.35
13755,4050.06
13756,4034.13
13757,3909.77
13758,3830.77
13759,3830.25
13760,3576.31
13761,3840.74
13762,3729.3
13763,3575.27
13764,3339.8
13765,3339.38
13766,3339.16
13767,3339.87
13768,3339.53
13769,3339.46
13770,3339.98
13771,3339.91
13772,3539.48
13773,3339.9
13774,3339.47
13775,3339.59
13776,3339.81
13777,3339.94
13778,3502.84
13779,3539.34
13780,3500.66
13781,3339.59
13782,3339.83
13783,3800.7
13784,3840.56
13785,3942.1
13786,3942.59
13787,3942.88
13788,4019.43
13789,3969.09
13790,4000.81
13791,4075.21
13792,4170.6
13793,4199.14
13794,4245.9
13795,4470.59
13796,5000.15
13797,4164.39
13798,4199.95
13799,3999.52
13800,3909.57
13801,4199.02
13802,4600.2
13803,5200.04
13804,6000.73
13805,6000.71
13806,10000
13807,10000
13808,10000
13809,10000
13810,10000
13811,10000
13812,10000
13813,10000
13814,10000
13815,10000
13816,10000
13817,10000
13818,10000
13819,10000
13820,10000
13821,10000
13822,10000
13823,10000
13824,10000
13825,10000
13826,10000
13827,10000
13828,10000
13829,10000
13830,10000
13831,10000
13832,10000
13833,6400.27
13834,6400.22
13835,6400.07
13836,5999.34
13837,5249.68
13838,5000.48
13839,4470.97
13840,4399.6
13841,5000.17
13842,5000.39
13843,5000.29
13844,5000.17
13845,5000.72
13846,5000.73
13847,5420.31
13848,5000.36
13849,4800.39
13850,4470.57
13851,4260.29
13852,4139.33
13853,4000.27
13854,3909.86
13855,3909.65
13856,3830.3
13857,3909.46
13858,3840.42
13859,3800.66
13860,3800.13
13861,3550.03
13862,3500.97
13863,3576.81
13864,3410.76
13865,3358.59
13866,3729.02
13867,3800.02
13868,3800.43
13869,3539.06
13870,3500.43
13871,3539.8
13872,3577.81
13873,3510.33
13874,3795.16
13875,3795.95
13876,3799.94
13877,3795.68
13878,3800.17
13879,3830.82
13880,3840.58
13881,3942.25
13882,3998.14
13883,4019.88
13884,4199.76
13885,4075.15
13886,4143.36
13887,4170
13888,4245.13
13889,4260.77
13890,4769.55
13891,5249.04
13892,5270.4
13893,4408.15
13894,4740.66
13895,5000
13896,5000.07
13897,5000.58
13898,5500.21
13899,6200.31
13900,7500.13
13901,7000.73
13902,10000
13903,10000
13904,10000
13905,10000
13906,10000
13907,10000
13908,10000
13909,10000
13910,10000
13911,10000
13912,10000
13913,10000
13914,10000
13915,10000
13916,10000
13917,10000
13918,10000
13919,10000
13920,10000
13921,10000
13922,10000
13923,10000
13924,10000
13925,10000
13926,10000
13927,10000
13928,10000
13929,10000
13930,10000
13931,10000
13932,8000.14
13933,6500.34
13934,6000.15
13935,5500.3
13936,5413.65
13937,5809.69
13938,5809.53
13939,5700.11
13940,5249.42
13941,5394.21
13942,5877.2
13943,5890.7
13944,5069.18
13945,4850.28
13946,4621.32
13947,4470.16
13948,4245.9
13949,4108.49
13950,3998.43
13951,3942.66
13952,3830.42
13953,3942.73
13954,3840.39
13955,3800.6
13956,3790.93
13957,3790.17
13958,3729.79
13959,3654.46
13960,3620.28
13961,3599.52
13962,3741.05
13963,3741.5
13964,3800.03
13965,3729.41
13966,3729.78
13967,3783.57
13968,3729.95
13969,3800.03
13970,3790.52
13971,3800.01
13972,3741.83
13973,3357.97
13974,3729.29
13975,3790.01
13976,3800.75
13977,3880.94
13978,4026.3
13979,4233.33
13980,4260.5
13981,4200.3
13982,4249.66
13983,4249.56
13984,4345.54
13985,4409.35
13986,4800.74
13987,5270.44
13988,5270.68
13989,4345.93
13990,4399.09
13991,4404.07
13992,4470.67
13993,5100.51
13994,5999.07
13995,7400.5
13996,8750.37
13997,10000
13998,10000
13999,10000
14000,10000
14001,10000
14002,10000
14003,10000
14004,10000
14005,10000
14006,10000
14007,10000
14008,10000
14009,10000
14010,10000
14011,10000
14012,10000
14013,10000
14014,10000
14015,10000
14016,10000
14017,10000
14018,10000
14019,10000
14020,10000
14021,10000
14022,9999.53
14023,9995
14024,8499.23
14025,4369.67
14026,3957.33
14027,4100.69
14028,3870.29
14029,3949.52
14030,3949.7
14031,3871.97
14032,3749.41
14033,3999.26
14034,4301.71
14035,4301.08
14036,4034.86
14037,4118.47
14038,4199.49
14039,4199.54
14040,3783.57
14041,3800.9
14042,3800.22
14043,3500.64
14044,3252.75
14045,3252.86
14046,1999.99
14047,1999.76
14048,1999.44
14049,1999.47
14050,1999.12
14051,1799.08
14052,1499.84
14053,1499.64
14054,1499.61
14055,1499.61
14056,1499.44
14057,1499.66
14058,1499.66
14059,1499.59
14060,1499.58
14061,1499.6
14062,1499.64
14063,1499.53
14064,1499.54
14065,1499.52
14066,1499.5
14067,1499.56
14068,1499.7
14069,1499.76
14070,1499.79
14071,1998.15
14072,1999.19
14073,1999.56
14074,1999.71
14075,2485.93
14076,2710.67
14077,1999.77
14078,1999.91
14079,2000.96
14080,2100.13
14081,2500.98
14082,2485.07
14083,2550.41
14084,2500.84
14085,1999.82
14086,1999.84
14087,1999.76
14088,1999.74
14089,2199.59
14090,2485.63
14091,2670.04
14092,3509.67
14093,3942.19
14094,4900.18
14095,5249.88
14096,5759.4
14097,7499.85
14098,9999.01
14099,10000
14100,10000
14101,10000
14102,10000
14103,10000
14104,10000
14105,10000
14106,10000
14107,10000
14108,10000
14109,10000
14110,10000
14111,10000
14112,10000
14113,10000
14114,10000
14115,10000
14116,9990.89
14117,7000.2
14118,5999.91
14119,5413.11
14120,5000.99
14121,4550.62
14122,4399.99
14123,4377.49
14124,4353.2
14125,4233.9
14126,4221.11
14127,4000.09
14128,3998.27
14129,4196.98
14130,4375.03
14131,4358.33
14132,4301.7
14133,4375.39
14134,4377.56
14135,4377.5
14136,4301.55
14137,4233.67
14138,4346.71
14139,4211.76
14140,4000.47
14141,3828.61
14142,3753.2
14143,3750.01
14144,3599.6
14145,3599.67
14146,3430.92
14147,3411.66
14148,3270.58
14149,3480.55
14150,3599.16
14151,3599.35
14152,3500.19
14153,2889.28
14154,2998.85
14155,2940.02
14156,2998.2
14157,2889.28
14158,2889.38
14159,2889.1
14160,2880.5
14161,2710.21
14162,2889.23
14163,2889.46
14164,2900.71
14165,2670.72
14166,2889.11
14167,3599.98
14168,3880.8
14169,4009.31
14170,4075.78
14171,4247.11
14172,4377.13
14173,4412.88
14174,4465.56
14175,4377.04
14176,4377.92
14177,4440.38
14178,4409.99
14179,4516.2
14180,4550.15
14181,4412.26
14182,4377.41
14183,4375.72
14184,4301
14185,4249.86
14186,4375.66
14187,4598.9
14188,5385.9
14189,5999.23
14190,10000
14191,10000
14192,10000
14193,10000
14194,10000
14195,10000
14196,10000
14197,10000
14198,10000
14199,10000
14200,10000
14201,10000
14202,10000
14203,10000
14204,10000
14205,10000
14206,10000
14207,10000
14208,10000
14209,10000
14210,8499.53
14211,7499.64
14212,6499.75
14213,4998.13
14214,4369.91
14215,4207.83
14216,3500.37
14217,3602.68
14218,3205.6
14219,2999.92
14220,2999.88
14221,3969.67
14222,3509.45
14223,3019.35
14224,2998.8
14225,3602.8
14226,4350.02
14227,3999.45
14228,3602.26
14229,4550.54
14230,4614.06
14231,4399.59
14232,3949.98
14233,3210.17
14234,3500.03
14235,3174.34
14236,2998.84
14237,3076.56
14238,2889.82
14239,1999.96
14240,1999.62
14241,1999.63
14242,1999.45
14243,1999.63
14244,1999.41
14245,1999.55
14246,1999.69
14247,1999.73
14248,1999.65
14249,1999.52
14250,1999.82
14251,1999.79
14252,1999.84
14253,1999.7
14254,1999.67
14255,1999.56
14256,1999.62
14257,1999.49
14258,1999.58
14259,1999.62
14260,1999.59
14261,1999.49
14262,1999.63
14263,2000.2
14264,2649.4
14265,3000.25
14266,3400.12
14267,3783.85
14268,3942.56
14269,3741.57
14270,3942.2
14271,3300.94
14272,3599.54
14273,3602.77
14274,3942.05
14275,3500.63
14276,3460.83
14277,3252.2
14278,3500
14279,3199.37
14280,3079.38
14281,2989.78
14282,3500.89
14283,4409.59
14284,5000.56
14285,4960.59
14286,6400.7
14287,10000
14288,10000
14289,10000
14290,10000
14291,10000
14292,10000
14293,10000
14294,10000
14295,10000
14296,10000
14297,10000
14298,10000
14299,10000
14300,10000
14301,10000
14302,10000
14303,10000
14304,10000
14305,9998.06
14306,6962.07
14307,5999.85
14308,5998.99
14309,5999.63
14310,5909.15
14311,5385.17
14312,5000.56
14313,4614.96
14314,4614.26
14315,4390.85
14316,4009.15
14317,3890.77
14318,3890.1
14319,3690.94
14320,3665.47
14321,3890.19
14322,3909.26
14323,3909.01
14324,3890.64
14325,4240.04
14326,4034.26
14327,3909.6
14328,3909.5
14329,3690.63
14330,3706.14
14331,3629.73
14332,3505.59
14333,3350.29
14334,3245.59
14335,2860.84
14336,1999.86
14337,1899.91
14338,1899.53
14339,1899.49
14340,1899.27
14341,1899.59
14342,1899.61
14343,1899.64
14344,1899.78
14345,1899.87
14346,1999.56
14347,1999.99
14348,2550.61
14349,2000.63
14350,2000.62
14351,1999.36
14352,1999.73
14353,1999.17
14354,2200.62
14355,2649.13
14356,2491.74
14357,1999.25
14358,1899.96
14359,2800.53
14360,3295.84
14361,3366.03
14362,3600.2
14363,3760.47
14364,3942.66
14365,3690.52
14366,3890.4
14367,3890.64
14368,3942.43
14369,4000.26
14370,4035
14371,4034.51
14372,4034.32
14373,3741.24
14374,3760.43
14375,3949.42
14376,3890.59
14377,3665.96
14378,4000.42
14379,5000.28
14380,5909
14381,5249.17
14382,5999.82
14383,9998.54
14384,10000
14385,10000
14386,10000
14387,10000
14388,10000
14389,10000
14390,10000
14391,10000
14392,10000
14393,10000
14394,10000
14395,10000
14396,10000
14397,10000
14398,10000
14399,10000
14400,10000
14401,10000
14402,10000
14403,10000
14404,10000
14405,7001
14406,7000.75
14407,6400.47
14408,6000.38
14409,5700.09
14410,5000.4
14411,5000.02
14412,4465.15
14413,4350.87
14414,4207.91
14415,4034.46
14416,3760.25
14417,3969.6
14418,4034.94
14419,4034.83
14420,4034.03
14421,4034.45
14422,4369.82
14423,4199.96
14424,4034.4
14425,3660.84
14426,3610.22
14427,3331.35
14428,3252.94
14429,3309.87
14430,3049.26
14431,2609.88
14432,1999.72
14433,1799.16
14434,1499.58
14435,1499.45
14436,1499.16
14437,1499.52
14438,1499.49
14439,1499.99
14440,1499.81
14441,1799.08
14442,1799.3
14443,1799.28
14444,1799.43
14445,1799.2
14446,1799.21
14447,1799.2
14448,1799.16
14449,1799.25
14450,1799.28
14451,1799.31
14452,1799.41
14453,1799.45
14454,1799.6
14455,2649.09
14456,3060.73
14457,3363.32
14458,3600.9
14459,3942.08
14460,4048.09
14461,3890.96
14462,4034.47
14463,3969.45
14464,4249.58
14465,4465.08
14466,4465.44
14467,4799.17
14468,4500.44
14469,3765.27
14470,3800.19
14471,3890.88
14472,3800.47
14473,3610.86
14474,3800.19
14475,5050.53
14476,5999.62
14477,5249.69
14478,8000.7
14479,10000
14480,10000
14481,10000
14482,10000
14483,10000
14484,10000
14485,10000
14486,10000
14487,10000
14488,10000
14489,10000
14490,10000
14491,10000
14492,10000
14493,10000
14494,10000
14495,10000
14496,10000
14497,10000
14593,3120.4
14498,10000
14594,3091.04
14499,10000
14595,3070.24
14500,10000
14596,3000.71
14501,10000
14597,2859.05
14502,8999.29
14598,2800.26
14503,9799.15
14599,2600.97
14504,7500.87
14600,2500.83
14505,7000.34
14601,2499.05
14506,6000.81
14602,2400.75
14507,5999.07
14603,2400.86
14508,5500.22
14604,2400.1
14509,5500.14
14605,2180.51
14510,5100.8
14606,2050.04
14511,5000.29
14607,2073.57
14512,4800.18
14608,2012.18
14513,5000.48
14609,2320.76
14514,5000.49
14610,2300.9
14515,5000.51
14611,2280.76
14516,5000.59
14612,2400.43
14517,5100.6
14613,2999.64
14518,5500.31
14614,2999.21
14519,5300.41
14615,3142.48
14520,5100.17
14616,3340.39
14521,4800
14617,3820.92
14522,4500.14
14618,4499.19
14523,3942.95
14619,4999.35
14524,3803.06
14620,5500.69
14525,3690.87
14621,10000
14526,3600.4
14622,10000
14527,3505.61
14623,10000
14528,3000.26
14624,10000
14529,2800.58
14625,10000
14530,2800.22
14626,10000
14531,2675.23
14627,10000
14532,2325.27
14628,10000
14533,2800.28
14629,10000
14534,2800.33
14630,10000
14535,2800.55
14631,10000
14536,2800.44
14632,10000
14537,2800.03
14633,10000
14538,2800.54
14634,10000
14539,2800.69
14635,10000
14540,3000.22
14636,10000
14541,2800.77
14637,8507.32
14542,2911.28
14638,5499.69
14543,3460.22
14639,5270.62
14544,3599.26
14640,5039.7
14545,3602.07
14641,4350.7
14546,3665.6
14642,4000.45
14547,3719.43
14643,3630.98
14548,3719.97
14644,3630.93
14549,3665.91
14645,3525.54
14550,3741.78
14646,3350.81
14551,3750.32
14647,3560.43
14552,4034.62
14648,3525.5
14553,4048.14
14649,3630.32
14554,4199.67
14650,3592.07
14555,4531
14651,3700.32
14556,4750.36
14652,3797.33
14557,4750.28
14653,4400.47
14558,4750.93
14654,4168.31
14559,4769.29
14655,4815.26
14560,5299.87
14656,5039.49
14561,5499.01
14657,6197.56
14562,5499.49
14658,7600.88
14563,5535.45
14659,10000
14564,5499.76
14660,10000
14565,4800.44
14661,10000
14566,4800.24
14662,10000
14567,4369.32
14663,10000
14568,4199.3
14664,10000
14569,4199.1
14665,10000
14570,4740.67
14666,10000
14571,5999.49
14667,10000
14572,6000.82
14668,10000
14573,6000.58
14669,10000
14574,9999.25
14670,10000
14575,10000
14671,10000
14576,10000
14672,10000
14577,10000
14673,6999.93
14578,10000
14674,5750.7
14579,10000
14675,5183
14580,10000
14676,4720.71
14581,10000
14677,4309.29
14582,10000
14678,4049.45
14583,10000
14679,3909.19
14584,10000
14680,3909.52
14585,10000
14681,3000.96
14586,10000
14682,3500.51
14587,10000
14683,3500.3
14588,10000
14684,3160.96
14589,10000
14685,3120.45
14590,10000
14686,3130.49
14591,10000
14687,3142.89
14592,10000
14688,3142.35
14689,3076.19
14690,3072.3
14691,3076.25
14692,3021.92
14693,2901.12
14694,2783.23
14695,2628.57
14696,2628.21
14697,2586.13
14698,2499.76
14699,2499.04
14700,2367.29
14701,2253.3
14702,2253.19
14703,2253.26
14704,2253.65
14705,2090.69
14706,2499.21
14707,2586.71
14708,2628.41
14709,2901.68
14710,3018.28
14711,3348.68
14712,3414.47
14713,4039.3
14714,5309.4
14715,6500.96
14716,10000
14717,10000
14718,10000
14719,10000
14720,10000
14721,10000
14722,10000
14723,10000
14724,10000
14725,10000
14726,10000
14727,10000
14728,10000
14729,9939.06
14730,6801.26
14731,4999.86
14732,4300.46
14733,4090.59
14734,3969.64
14735,3860.3
14736,3731.2
14737,3690.32
14738,3710.49
14739,3667.79
14740,3647.75
14741,3593.57
14742,3540.92
14743,3552.97
14744,3527.37
14745,3476.16
14746,3520.7
14747,3476.63
14748,3476.33
14749,3500.38
14750,3525.62
14751,3667.45
14752,3667.9
14753,3930.74
14754,4466.21
14755,6312.73
14756,7670.12
14757,10000
14758,10000
14759,10000
14760,10000
14761,10000
14762,10000
14763,10000
14764,10000
14765,10000
14766,10000
14767,10000
14768,10000
14769,6999.7
14770,6499.28
14771,6000.14
14772,6000.56
14773,4752.79
14774,4700.72
14775,4600.79
14776,4499.24
14777,3647.24
14778,3630.99
14779,3647.07
14780,3533.53
14781,3510.52
14782,3510.23
14783,3500.68
14784,3476.81
14785,3185.38
14786,3162.8
14787,3160.64
14788,3157.78
14789,3012.81
14790,2999.4
14791,2941.73
14792,2890.02
14793,2837.99
14794,2837.95
14795,2837.31
14796,2837.05
14797,2730.91
14798,2780.5
14799,2710.83
14800,2629.58
14801,2629.32
14802,2837.53
14803,2882.48
14804,2992.3
14805,3185.98
14806,3319.07
14807,3408.27
14808,3499.39
14809,3436.53
14810,3634.28
14811,3658.69
14812,3999.12
14813,3999.35
14814,4440.95
14815,4699.72
14816,4658.97
14817,4100.41
14818,4000.34
14819,3999.65
14820,3820.88
14821,3820.46
14822,3820.02
14823,3620.28
14824,3368.01
14825,3316.92
14826,3316.22
14827,3214.86
14828,3177.03
14829,3185.7
14830,3185.05
14831,3160.39
14832,3080.4
14833,2999.13
14834,2838
14835,2800.62
14836,2373.62
14837,2318.36
14838,2318.01
14839,2318.62
14840,2373.44
14841,2882.97
14842,2999.64
14843,3050.47
14844,3050.69
14845,3310.02
14846,3316.23
14847,3365.43
14848,3468.38
14849,3634.71
14850,3634.82
14851,3743.88
14852,3820.14
14853,3658.02
14854,3499.01
14855,3499.77
14856,3485.5
14857,3160.34
14858,3630.37
14859,3790.49
14860,3999.57
14861,4020.43
14862,4469.59
14863,4500.68
14864,4200.45
14865,3999.04
14866,3790.86
14867,3743.47
14868,3658.53
14869,3634.86
14870,3634.72
14871,3634.31
14872,3499.23
14873,3525.61
14874,3460.78
14875,3316.55
14876,3313.38
14877,3313.87
14878,3316.25
14879,3316.95
14880,3316.48
14881,10000
14882,10000
14883,10000
14884,10000
14885,10000
14886,10000
14887,10000
14888,10000
14889,10000
14890,10000
14891,10000
14892,7029.91
14893,6500.98
14894,6500.93
14895,6500.62
14896,6500.34
14897,6350.01
14898,5800.88
14899,5529.79
14900,5810.2
14901,5529.78
14902,5800.46
14903,6999.03
14904,7600.97
14905,6999.82
14906,8800.17
14907,9500.7
14908,9500.67
14909,8000.15
14910,6500.34
14911,5376.55
14912,4500.9
14913,4000.63
14914,3920.65
14915,3920.51
14916,3870.33
14917,3920.28
14918,3870.24
14919,3782.38
14920,3674.4
14921,3510.98
14922,3530.65
14923,3510.7
14924,3510.11
14925,3510.3
14926,3466.47
14927,3380.91
14928,3355.5
14929,3317.43
14930,3260.96
14931,3016.05
14932,2950.75
14933,2916.98
14934,2883.98
14935,2912.95
14936,2999.03
14937,3240.81
14938,3317.3
14939,3414.71
14940,3500.13
14941,3510.73
14942,3560.79
14943,3674.85
14944,3870.1
14945,4056.25
14946,4206.37
14947,5000
14948,5162.31
14949,4828.88
14950,5000.33
14951,5350.21
14952,5700.38
14953,5000.34
14954,5700.25
14955,10000
14956,10000
14957,10000
14958,10000
14959,10000
14960,10000
14961,10000
14962,10000
14963,10000
14964,10000
14965,10000
14966,10000
14967,10000
14968,10000
14969,10000
14970,10000
14971,10000
14972,10000
14973,10000
14974,10000
14975,10000
14976,10000
14977,10000
14978,10000
14979,10000
14980,10000
14981,10000
14982,10000
14983,10000
14984,10000
14985,7499.97
14986,7499.04
14987,5999.73
14988,5719.92
14989,5012.75
14990,4800.29
14991,4729.09
14992,4191.82
14993,4299.43
14994,4500.52
14995,4450.72
14996,4192
14997,4500.28
14998,5000.48
14999,5500.16
15000,5999.29
15001,5999.05
15002,6000.31
15003,5500.28
15004,4700.46
15005,4179.64
15006,4000.24
15007,3999.19
15008,3824.98
15009,3824.3
15010,3731.5
15011,3633.64
15012,3521.91
15013,3537.36
15014,3537.52
15015,3537.59
15016,3537.57
15017,3537.19
15018,3537.09
15019,3505.76
15020,3505.36
15021,3505.42
15022,3519.69
15023,3529.39
15024,3529.28
15025,3537.99
15026,3655.49
15027,3659.87
15028,3675.46
15029,3611.92
15030,3559.6
15031,3597.69
15032,3690.8
15033,3960.88
15034,3999.36
15035,4002.54
15036,4099.99
15037,4179.86
15038,4299.18
15039,4779.47
15040,5029.36
15041,5000.71
15042,5000.9
15043,5009.27
15044,5100.34
15045,5009.31
15046,5100.18
15047,5100.29
15048,5450.57
15049,4750.41
15050,5000.65
15051,6530.08
15052,10000
15053,10000
15054,10000
15055,10000
15056,10000
15057,10000
15058,10000
15059,10000
15060,10000
15061,10000
15062,10000
15063,10000
15064,10000
15065,10000
15066,10000
15067,10000
15068,10000
15069,10000
15070,10000
15071,10000
15072,10000
15073,10000
15074,10000
15075,10000
15076,10000
15077,10000
15078,10000
15079,10000
15080,10000
15081,10000
15082,10000
15083,7341.65
15084,5413
15085,4715.92
15086,4399.47
15087,4170.18
15088,4069.64
15089,4350.99
15090,4998.22
15091,5101.45
15092,4999.37
15093,4999.63
15094,5300.02
15095,5369.63
15096,4998.06
15097,4365.77
15098,4195.16
15099,3500.77
15100,3299.57
15101,3350.43
15102,3248.18
15103,3000.65
15104,2705.31
15105,3000.35
15106,2577.5
15107,2055.89
15108,1999.76
15109,3012.48
15110,3200.52
15111,3000.86
15112,3000.84
15113,2500.94
15114,3200.07
15115,3358.88
15116,3450.3
15117,2501
15118,2900.41
15119,3100.2
15120,3300.51
15121,3539.99
15122,3640.37
15123,3640.8
15124,3640.57
15125,2860.67
15126,2860.8
15127,3800.29
15128,3942.09
15129,3949.24
15130,4070.86
15131,4213.79
15132,4790.03
15133,4410.96
15134,4410.63
15135,4400.46
15136,4748.24
15137,4249.33
15138,4230.16
15139,4350.43
15140,4113.27
15141,4069.12
15142,4170.47
15143,4078.56
15144,4138.3
15145,4571.8
15146,5101.55
15147,6000.6
15148,6000.91
15149,10000
15150,10000
15151,10000
15152,10000
15153,10000
15154,10000
15155,10000
15156,10000
15157,10000
15158,10000
15159,10000
15160,10000
15161,10000
15162,10000
15163,10000
15164,10000
15165,10000
15166,10000
15167,10000
15168,10000
15169,10000
15170,10000
15171,10000
15172,10000
15173,10000
15174,8822.43
15175,5000.37
15176,4649.49
15177,4549.9
15178,4219.44
15179,4119.63
15180,4010.38
15181,4010.92
15182,3967.87
15183,3900.06
15184,3777.43
15185,3777.28
15186,3749.44
15187,3749.02
15188,3677.5
15189,3605.45
15190,3620.07
15191,3621
15192,3620.52
15193,3929.56
15194,3820.67
15195,3590.49
15196,3410.39
15197,3239.02
15198,3050.3
15199,3033.71
15200,2973.38
15201,2639.06
15202,2618.96
15203,2375.46
15204,2375.53
15205,2316.8
15206,2499.12
15207,2618.62
15208,2749.66
15209,2488.63
15210,2500.29
15211,2618.34
15212,2649.14
15213,2499.75
15214,2249.94
15215,2129.73
15216,2129.28
15217,2012.93
15218,1999.91
15219,1999.69
15220,1999.78
15221,1590.6
15222,1578.76
15223,1999.56
15224,2010.64
15225,2129.15
15226,2129.59
15227,2375.36
15228,2465.74
15229,2910.3
15230,2973.01
15231,2973.9
15232,2999.21
15233,3033.98
15234,3035.48
15235,3039.2
15236,3033.3
15237,3057.04
15238,3039.28
15239,3057.57
15240,3239.04
15241,3369.78
15242,3543.78
15243,3929.62
15244,4018.81
15245,7088
15246,7944.67
15247,8444
15248,7873.2
15249,8999.8
15250,10000
15251,10000
15252,10000
15253,10000
15254,10000
15255,10000
15256,10000
15257,10000
15258,10000
15259,10000
15260,10000
15261,10000
15262,10000
15263,10000
15264,10000
15265,6809.92
15266,6559.6
15267,5849.95
15268,5260.2
15269,4549.53
15270,4549.25
15271,4480.93
15272,4370.36
15273,4390.67
15274,4190.2
15275,4109.1
15276,4109.46
15277,3979.21
15278,3929.65
15279,3800.47
15280,3749.97
15281,3700.64
15282,3706.57
15283,3706.66
15284,3779.24
15285,3520.21
15286,3569.12
15287,3670.17
15288,3739.45
15289,4300.23
15290,4300.91
15291,4358.2
15292,4358.28
15293,4358.52
15294,3979.99
15295,3670.89
15296,3500.31
15297,3386.18
15298,3350.95
15299,3159.41
15300,2999.83
15301,3029.9
15302,3009.91
15303,3017.81
15304,3158.32
15305,2710.66
15306,2739.25
15307,2700.95
15308,2700.63
15309,2685.08
15310,2548.67
15311,2420.06
15312,2409.2
15313,2409.34
15314,2174.06
15315,2249.33
15316,2109.66
15317,2099.83
15318,2099.93
15319,2099.87
15320,2119.14
15321,2409.34
15322,2500.53
15323,2500.97
15324,2680.74
15325,2999.07
15326,3000.14
15327,3064.81
15328,3373.35
15329,3100.07
15330,3159.95
15331,3436.01
15332,3430.67
15333,3439.4
15334,3430.86
15335,3373.94
15336,3247.62
15337,3373.41
15338,3670.12
15339,4080.44
15340,4549.6
15341,5500.48
15342,5849.5
15343,7999.15
15344,10000
15345,10000
15346,10000
15347,10000
15348,10000
15349,10000
15350,10000
15351,10000
15352,10000
15353,10000
15354,10000
15355,10000
15356,10000
15357,10000
15358,10000
15359,10000
15360,10000
15361,3899.64
15362,3779.89
15363,3779.04
15364,3409.29
15365,3036.71
15366,2935.89
15367,2940.72
15368,2913.64
15369,2609.85
15370,2609.38
15371,2609.28
15372,2510.22
15373,2250.53
15374,2500.95
15375,2250.99
15376,2250.28
15377,2259.62
15378,2259.51
15379,2259.33
15380,2250.91
15381,2076.39
15382,2076.4
15383,2250.42
15384,2609.5
15385,2926.55
15386,3010.29
15387,3019.43
15388,2996.79
15389,2957.1
15390,2921.66
15391,2850.84
15392,2500.45
15393,2569.92
15394,1949.96
15395,1439.5
15396,1199.81
15397,1439.03
15398,1420.61
15399,1739.33
15400,1739.39
15401,1684.12
15402,1684.85
15403,2139.04
15404,2420
15405,2479.1
15406,2600.65
15407,2648.3
15408,2139.87
15409,1340.18
15410,1327.69
15411,1297.29
15412,1099.16
15413,996.88
15414,999.06
15415,1297.5
15416,1420.2
15417,2139.82
15418,2300.62
15419,1549.93
15420,2400.93
15421,2600.86
15422,2776.71
15423,2743.06
15424,2800.29
15425,2969.91
15426,2999.18
15427,2879.01
15428,2969.68
15429,2969.89
15430,3055.27
15431,3097.07
15432,3510.98
15433,4000.39
15434,4239.82
15435,4415.95
15436,5282.22
15437,6644.06
15438,8499.24
15439,9529.49
15440,10000
15441,9529.73
15442,9529.58
15443,9529.5
15444,9529.47
15445,9529.56
15446,9529.8
15447,9529.56
15448,9529.36
15449,6880
15450,7232.51
15451,5529.2
15452,5529.02
15453,4524.47
15454,4524
15455,4339.76
15456,4169.5
15457,7400.01
15458,7400.26
15459,6800.39
15460,6300.28
15461,5370.2
15462,4800.58
15463,4799.23
15464,4524.08
15465,4524.98
15466,4500.16
15467,4339.94
15468,4339.33
15469,4137.36
15470,4109.07
15471,4119.32
15472,4118.57
15473,4085.51
15474,4113.73
15475,4122.45
15476,4112.92
15477,3660.52
15478,4020.79
15479,4051.72
15480,4099.44
15481,4155.93
15482,4127.64
15483,4062.05
15484,4032.78
15485,4039.32
15486,4020.95
15487,3689.61
15488,3500.25
15489,3211.69
15490,3093.21
15491,2819.87
15492,2400.88
15493,2430.01
15494,2125.75
15495,2240.01
15496,1715.75
15497,1340.16
15498,696.61
15499,696.46
15500,696.32
15501,696.51
15502,696.44
15503,696.56
15504,696.95
15505,1297.15
15506,1499.72
15507,1500.82
15508,1580.88
15509,1499.35
15510,1499.36
15511,1499.75
15512,1580.66
15513,2145.5
15514,2299.03
15515,2500.31
15516,2499.15
15517,2369.44
15518,2859.62
15519,3281.45
15520,3460
15521,3450.11
15522,3621.02
15523,3711.56
15524,3830.1
15525,3830.09
15526,3689.05
15527,3979.2
15528,4010.53
15529,4056.85
15530,4019.26
15531,4171.59
15532,4310.87
15533,7000.67
15534,7000.18
15535,6000.17
15536,5510.32
15537,4909.7
15538,4909.73
15539,5100.6
15540,5280.2
15541,5280.58
15542,5280.77
15543,5280.51
15544,5399.51
15545,4799.71
15546,4799.82
15547,4799.95
15548,4899.79
15549,4899.07
15550,4909.36
15551,5008.35
15552,5087.69
15553,3236.88
15554,3203.52
15555,3069.04
15556,3000.72
15557,2899.79
15558,2870.72
15559,2870.18
15560,2854.71
15561,2854.1
15562,2854.09
15563,2840.73
15564,2826.4
15565,2717.75
15566,2710.23
15567,2699.67
15568,2692.3
15569,2708.29
15570,2678.14
15571,2659.86
15572,2707.21
15573,2870.24
15574,2870.69
15575,3000.66
15576,3020.33
15577,3258.01
15578,3500.59
15579,3689.04
15580,3689.11
15581,3665.88
15582,3642.57
15583,3642.21
15584,3499.6
15585,3165.09
15586,3047.14
15587,2955.13
15588,2840.23
15589,2717.71
15590,2717.07
15591,2650.66
15592,2590.4
15593,2500.51
15594,2541.78
15595,2519.94
15596,2500.25
15597,2022.16
15598,2000.65
15599,1999.58
15600,1990
15601,1850.73
15602,1850.53
15603,1850.43
15604,1850.24
15605,1799.95
15606,1799.89
15607,1810.54
15608,1850.27
15609,2000.06
15610,2000.98
15611,2583.72
15612,2672.42
15613,2717.27
15614,2833.26
15615,2921.59
15616,2955.87
15617,3040.6
15618,3203.46
15619,3500.56
15620,3739.13
15621,4439.03
15622,4944.68
15623,6827.57
15624,10000
15625,10000
15626,9499.37
15627,8728.25
15628,6500.72
15629,5499.98
15630,4949.64
15631,4439.15
15632,4200.14
15633,3989.43
15634,3999.18
15635,3850.44
15636,3850.46
15637,3800.98
15638,3739.58
15639,3739.21
15640,3609.01
15641,3469.98
15642,3469.76
15643,3460.38
15644,3388.98
15645,3069.9
15646,3069.55
15647,3069.41
15648,3060.53
15649,2800.46
15650,2752.58
15651,2700.96
15652,2700.45
15653,2649.84
15654,2649.56
15655,2649.2
15656,2610.84
15657,2512.63
15658,2512.34
15659,2512.53
15660,2512.33
15661,2512.38
15662,2512.34
15663,2512.39
15664,2512.69
15665,2562.8
15666,2610.78
15667,2550.73
15668,2598.8
15669,2951.84
15670,3225.36
15671,3329.76
15672,3518.35
15673,3980.23
15674,4149.87
15675,4300.33
15676,5020.36
15677,6400.29
15678,6400.63
15679,6400.66
15680,6400.82
15681,6700.69
15682,6700.48
15683,6700.13
15684,6000.67
15685,5800.11
15686,5332.8
15687,5000.2
15688,4512.77
15689,3471.28
15690,3299.07
15691,3176.58
15692,3176.02
15693,3120.36
15694,3100.76
15695,3060.77
15696,3030.38
15697,2752.6
15698,2650.27
15699,2570.35
15700,2512.73
15701,2250.32
15702,2250.99
15703,2512.9
15704,2649.06
15705,2752.72
15706,2892.48
15707,3034.35
15708,3060.85
15709,3176.73
15710,3225.82
15711,3449.91
15712,3518.65
15713,3699.25
15714,4149.2
15715,5163.43
15716,6000.16
15717,10000
15718,10000
15719,10000
15720,10000
15721,10000
15722,10000
15723,10000
15724,10000
15725,8000.99
15726,6000.81
15727,5450.48
15728,5000.28
15729,4250.2
15730,4029.71
15731,4018.33
15732,4018.08
15733,3500.95
15734,3500.88
15735,3299.19
15736,3299.62
15737,3010.53
15738,3000.39
15739,2917.29
15740,2846.99
15741,2846.68
15742,2846.59
15743,2846.3
15744,2846.21
15745,10000
15746,10000
15747,10000
15748,10000
15749,8999.29
15750,7200.38
15751,6700.13
15752,5499.5
15753,5119.82
15754,4999.3
15755,4869.42
15756,4510.67
15757,4499.48
15758,4450.95
15759,4250.73
15760,3869.28
15761,4614.36
15762,4738.14
15763,4738.01
15764,4614.5
15765,4738.08
15766,4499.13
15767,4614.09
15768,4069.48
15769,4238.16
15770,4433.09
15771,4069.07
15772,3830.9
15773,3420.53
15774,3340.89
15775,3249.6
15776,3219.58
15777,3219.9
15778,3000.64
15779,2325.09
15780,1999.93
15781,1799.96
15782,1999.72
15783,2920.95
15784,2870.65
15785,1799.82
15786,3000.58
15787,3050.88
15788,3050.52
15789,3012.28
15790,3230.16
15791,3230.26
15792,3230.07
15793,3152.7
15794,3228.12
15795,3050.15
15796,3050.22
15797,2810.77
15798,2860.34
15799,3257.4
15800,3340.14
15801,3340.42
15802,3499.08
15803,3647.66
15804,3949.23
15805,3647.91
15806,3775.24
15807,3869.15
15808,3949.24
15809,3949.08
15810,3850.74
15811,3900.78
15812,3949.28
15813,3800.33
15814,3830.83
15815,3420.61
15816,3460.59
15817,3420.69
15818,3830.71
15819,4499.18
15820,4710.91
15821,5050.05
15822,5700.4
15823,6700.17
15824,8196.87
15825,9998.8
15826,9999.3
15827,10000
15828,10000
15829,10000
15830,10000
15831,10000
15832,10000
15833,10000
15834,10000
15835,10000
15836,10000
15837,10000
15838,10000
15839,10000
15840,10000
15841,10000
15842,10000
15843,9499.29
15844,5998.12
15845,4499.83
15846,3920.11
15847,3830.06
15848,3590.25
15849,3600.65
15850,3800.29
15851,3920.49
15852,3920.84
15853,3800.88
15854,3590.24
15855,3600.16
15856,3420.74
15857,3830.34
15858,4069.83
15859,4139.19
15860,4366.62
15861,4000.69
15862,4159.27
15863,4299.66
15864,4159.68
15865,4366.23
15866,4366.01
15867,4270.13
15868,3999.85
15869,3420.82
15870,3340.81
15871,3259.18
15872,3210.47
15873,3210.47
15874,2705.23
15875,1799.76
15876,1799.59
15877,1799.55
15878,1799.7
15879,2325.58
15880,1799.91
15881,2700.97
15882,2940.18
15883,3000.14
15884,2890.13
15885,2470.99
15886,2600.61
15887,2710.36
15888,2800.89
15889,2890.52
15890,3000.37
15891,3050.1
15892,3050.58
15893,2705.37
15894,2890.28
15895,3243.26
15896,3340.37
15897,3340.69
15898,3450.08
15899,3416.04
15900,3568.46
15901,3547.65
15902,3600.09
15903,3604.6
15904,3775.12
15905,3780.63
15906,3780.42
15907,3869.31
15908,3920.71
15909,3736.91
15910,3830.26
15911,3499.37
15912,3568.43
15913,3420.34
15914,3920.76
15915,3949.88
15916,4300.23
15917,4790.28
15918,4999.47
15919,5064.95
15920,8196.44
15921,10000
15922,10000
15923,10000
15924,10000
15925,10000
15926,10000
15927,10000
15928,10000
15929,10000
15930,10000
15931,10000
15932,10000
15933,10000
15934,10000
15935,10000
15936,10000
15937,10000
15938,10000
15939,10000
15940,10000
15941,6000.88
15942,5500.58
15943,5500.37
15944,5200.16
15945,4600.28
15946,4790.35
15947,4750.75
15948,4750.69
15949,4535.22
15950,4239.47
15951,4239.21
15952,4052.9
15953,4614.75
15954,4790.57
15955,4790.36
15956,4790.91
15957,4469.19
15958,4738.69
15959,4790.65
15960,4678.37
15961,4460.31
15962,4678.74
15963,4402.54
15964,4159.02
15965,3568.11
15966,3470.65
15967,3340.09
15968,3170.68
15969,2912.67
15970,1999.16
15971,1799.53
15972,1799.35
15973,1799.59
15974,1799.7
15975,1999.96
15976,1799.75
15977,1799.56
15978,1799.67
15979,1799.77
15980,2470.24
15981,1799.99
15982,1799.99
15983,1799.91
15984,1799.94
15985,2055.05
15986,1799.92
15987,2470.84
15988,2325.37
15989,1799.81
15990,1799.87
15991,2491.02
15992,3219.34
15993,3255.22
15994,3500.11
15995,3547.81
15996,3877.91
15997,3736.74
15998,3765.37
15999,3604.62
16000,3690.31
16001,3590.88
16002,3604.08
16003,4000.25
16004,3949.23
16005,3687.46
16006,3568.95
16007,3230.68
16008,3279.04
16009,3389.75
16010,3550.67
16011,4400.47
16012,4050.99
16013,4790.08
16014,4999.66
16015,5651.02
16016,8700.5
16017,10000
16018,10000
16019,10000
16020,10000
16021,10000
16022,10000
16023,10000
16024,10000
16025,10000
16026,10000
16027,10000
16028,10000
16029,10000
16030,10000
16031,10000
16032,10000
16033,10000
16034,10000
16035,10000
16036,10000
16037,10000
16038,10000
16039,10000
16040,10000
16041,10000
16042,10000
16043,10000
16044,9499.68
16045,7455.32
16046,5967.16
16047,5452.99
16048,5200.96
16049,5600.64
16050,5800.6
16051,5800.58
16052,5800.37
16053,5400.16
16054,5499.37
16055,5499.79
16056,5351.41
16057,5499.94
16058,5499.91
16059,4999.71
16060,4570.71
16061,3600.56
16062,3500.04
16063,3420.28
16064,3290.85
16065,3230.74
16066,3000.68
16067,3000.55
16068,3000.22
16069,2889.89
16070,1699.98
16071,1699.98
16072,1699.65
16073,1699.97
16074,1699.68
16075,1699.76
16076,1699.54
16077,1699.43
16078,1699.45
16079,1699.45
16080,1699.35
16081,1699.4
16082,1699.49
16083,1699.36
16084,1699.52
16085,1699.42
16086,1699.58
16087,2299.98
16088,3077.48
16089,3230.93
16090,3440.28
16091,3547.36
16092,3547.88
16093,3547.93
16094,3577.51
16095,3547.49
16096,3547.31
16097,3547.07
16098,3501
16099,3577.41
16100,3420.27
16101,3230.55
16102,3230.67
16103,3160.78
16104,3170
16105,3170.6
16106,3230.51
16107,3850.53
16108,3949.79
16109,4999.55
16110,5230.29
16111,5754.57
16112,6999.78
16113,10000
16114,10000
16115,10000
16116,10000
16117,10000
16118,10000
16119,10000
16120,10000
16121,10000
16122,10000
16123,10000
16124,10000
16125,10000
16126,10000
16127,10000
16128,10000
16129,10000
16130,10000
16131,10000
16132,10000
16133,10000
16134,10000
16135,10000
16136,10000
16137,10000
16138,10000
16139,10000
16140,10000
16141,9000.45
16142,7000.93
16143,6600.72
16144,6600.62
16145,8999.27
16146,10000
16147,10000
16148,10000
16149,6000.79
16150,6500.04
16151,6600.18
16152,7000.26
16153,7000.41
16154,7000.51
16155,6600.47
16156,6200.26
16157,5100.01
16158,4649.46
16159,4345.84
16160,3850.16
16161,3290.46
16162,3230.43
16163,3160.5
16164,2870.43
16165,2999.41
16166,2920.82
16167,2920.2
16168,3000.11
16169,2706
16170,3000.01
16171,3000.29
16172,3219.79
16173,2714.85
16174,2800.26
16175,2970.97
16176,2752.55
16177,2752.24
16178,2752.49
16179,2550.79
16180,2740.09
16181,2000.61
16182,2710.19
16183,3200.28
16184,3219.6
16185,3375.71
16186,3532.25
16187,3604.44
16188,4069.99
16189,4110.68
16190,4219.14
16191,4069.71
16192,4400.14
16193,4000.95
16194,4400.17
16195,4990.05
16196,4430.62
16197,4455.73
16198,4440.89
16199,4034.49
16200,4069.65
16201,4000.93
16202,4200.37
16203,4440.55
16204,4792.74
16205,8499.43
16206,10000
16207,10000
16208,10000
16209,10000
16210,10000
16211,10000
16212,10000
16213,10000
16214,10000
16215,10000
16216,10000
16217,10000
16218,10000
16219,10000
16220,10000
16221,10000
16222,10000
16223,10000
16224,10000
16225,10000
16226,10000
16227,10000
16228,10000
16229,10000
16230,10000
16231,10000
16232,10000
16233,10000
16234,10000
16235,10000
16236,10000
16237,10000
16238,10000
16239,10000
16240,10000
16241,10000
16242,10000
16243,10000
16244,10000
16245,10000
16246,10000
16247,10000
16248,10000
16249,10000
16250,10000
16251,10000
16252,10000
16253,5064.28
16254,4539.12
16255,4159.37
16256,3920.62
16257,3510.8
16258,3400.67
16259,3230.92
16260,3230.08
16261,2199.84
16262,2500.65
16263,2705.38
16264,3069.64
16265,1999.98
16266,2200.36
16267,2500.13
16268,2400.55
16269,2140.44
16270,2500.88
16271,2757
16272,2940.61
16273,2500.19
16274,2999.89
16275,2705.58
16276,2940.34
16277,1999.91
16278,1999.9
16279,3219.98
16280,3500.04
16281,3547.42
16282,3547.93
16283,3604.55
16284,3949.11
16285,4219.9
16286,4900.09
16287,4750.47
16288,4790.16
16289,4000.84
16290,4069.66
16291,4750.01
16292,4069.45
16293,4614.1
16294,4614.75
16295,4614.36
16296,4539.8
16297,4539.41
16298,4440.69
16299,4669.66
16300,6000.43
16301,10000
16302,10000
16303,10000
16304,10000
16305,10000
16306,10000
16307,10000
16308,10000
16309,10000
16310,10000
16311,10000
16312,10000
16313,10000
16314,10000
16315,10000
16316,10000
16317,10000
16318,10000
16319,10000
16320,10000
16321,10000
16322,10000
16323,10000
16324,10000
16325,10000
16326,10000
16327,10000
16328,10000
16329,10000
16330,10000
16331,10000
16332,10000
16333,10000
16334,10000
16335,10000
16336,10000
16337,10000
16338,10000
16339,10000
16340,10000
16341,8180.96
16342,8999.8
16343,9799.03
16344,9799.88
16345,10000
16346,10000
16347,9799.24
16348,8180.55
16349,5190.6
16350,4614.92
16351,4159.35
16352,3547.82
16353,3410.09
16354,3290.06
16355,3230.35
16356,2850.36
16357,2312.95
16358,2705.39
16359,2612.67
16360,2890.08
16361,2705.06
16362,2491.75
16363,2576.03
16364,2000.82
16365,1999.77
16366,1999.71
16367,2000.22
16368,2200.56
16369,2705.48
16370,3199.14
16371,2800.19
16372,3002.94
16373,2140.24
16374,2512.31
16375,2999.94
16376,3219.94
16377,3230.2
16378,3290.12
16379,3547.24
16380,3568.26
16381,3568.08
16382,3604.91
16383,3920.43
16384,3949.27
16385,3949.72
16386,4090.08
16387,4999.12
16388,5064.07
16389,5190.12
16390,5190.36
16391,5754.64
16392,5900.03
16393,5050.49
16394,4800.29
16395,5280.7
16396,5280.86
16397,10000
16398,10000
16399,10000
16400,10000
16401,10000
16402,10000
16403,10000
16404,10000
16405,10000
16406,10000
16407,10000
16408,10000
16409,10000
16410,10000
16411,10000
16412,10000
16413,10000
16414,10000
16415,10000
16416,10000
16417,10000
16418,10000
16419,10000
16420,10000
16421,10000
16422,10000
16423,10000
16424,10000
16425,10000
16426,10000
16427,10000
16428,10000
16429,10000
16430,10000
16431,9999.14
16432,9998.34
16433,8660.04
16434,8660.02
16435,9998.17
16436,9998.5
16437,6000.48
16438,8180.01
16439,8180.24
16440,8180.3
16441,9998.22
16442,9998.22
16443,8180.78
16444,7000.8
16445,4550.25
16446,4377.05
16447,4126.64
16448,3587.94
16449,3550.17
16450,3547.61
16451,3430.71
16452,3301
16453,3199.93
16454,3000.71
16455,2999.33
16456,2920.35
16457,2870.13
16458,2500.74
16459,2705.8
16460,2705.8
16461,2890.2
16462,3000.07
16463,3000.15
16464,2999.17
16465,2199.78
16466,2512.71
16467,2470.97
16468,2401.08
16469,1999.69
16470,1999.92
16471,2658.52
16472,3288.96
16473,3408.7
16474,3450.91
16475,3547.56
16476,3550.96
16477,3568.6
16478,3604.39
16479,4034.04
16480,4377.29
16481,4377.27
16482,4377.34
16483,4614.11
16484,4614.61
16485,4377.81
16486,4377.94
16487,4377.68
16488,4500.63
16489,4770.35
16490,4740.16
16491,5385.76
16492,5450.22
16493,10000
16494,10000
16495,10000
16496,10000
16497,10000
16498,10000
16499,10000
16500,10000
16501,10000
16502,10000
16503,10000
16504,10000
16505,10000
16506,10000
16507,10000
16508,10000
16509,10000
16510,10000
16511,10000
16512,10000
16513,10000
16514,10000
16515,10000
16516,10000
16517,10000
16518,10000
16519,10000
16520,10000
16521,5007.99
16522,5003.74
16523,5001.74
16524,4999.11
16525,4530.15
16526,4345.93
16527,4345.32
16528,4200.36
16529,4345.98
16530,4450.34
16531,4800.08
16532,4530.51
16533,4159.24
16534,4518.03
16535,4530.14
16536,4800.12
16537,4999.82
16538,5280.4
16539,5190.4
16540,5001.11
16541,4069.08
16542,3930.75
16543,3590.08
16544,3547.51
16545,3369.41
16546,3369.13
16547,3044
16548,1999.63
16549,2312.87
16550,2920.34
16551,2890.78
16552,1999.91
16553,1999.8
16554,1999.76
16555,2000.05
16556,2000.21
16557,2000.16
16558,1999.91
16559,2000.49
16560,1999.77
16561,1999.65
16562,1999.47
16563,1999.32
16564,1999.2
16565,1655.49
16566,1999.26
16567,1999.65
16568,2800.17
16569,3044.11
16570,3044.4
16571,3044.63
16572,3203.91
16573,3547.03
16574,3550.02
16575,3800.18
16576,3930.63
16577,4040.33
16578,4149.39
16579,4500.68
16580,4402.87
16581,4159.24
16582,4040.37
16583,4000.77
16584,3949.72
16585,4159.07
16586,4159.74
16587,4999.3
16588,4500.56
16589,10000
16590,10000
16591,10000
16592,10000
16593,10000
16594,10000
16595,10000
16596,10000
16597,10000
16598,10000
16599,10000
16600,10000
16601,10000
16602,10000
16603,10000
16604,10000
16605,10000
16606,10000
16607,10000
16608,10000
16609,10000
16610,10000
16611,10000
16612,10000
16613,10000
16614,10000
16615,10000
16616,10000
16617,5190.95
16618,4999.64
16619,4925.37
16620,4614.94
16621,4530.47
16622,4377.21
16623,4345.78
16624,4345.41
16625,4377.8
16626,4390.24
16627,4377.79
16628,4345.95
16629,3999.84
16630,4159.51
16631,4499.73
16632,4550.75
16633,4999.63
16634,5230.43
16635,4614.95
16636,4551
16637,4301.37
16638,4159.77
16639,4069.73
16640,3639.04
16641,3547.29
16642,3470.45
16643,2995.4
16644,2325.61
16645,2920.56
16646,2964.84
16647,2870.07
16648,2500.71
16649,2000.38
16650,2012.61
16651,2325.91
16652,1999.92
16653,1999.83
16654,1999.84
16655,1999.9
16656,1999.7
16657,1999.21
16658,1999.24
16659,1999.34
16660,1999.21
16661,1870.71
16662,1999.19
16663,1999.72
16664,2820.8
16665,2921.65
16666,3300.84
16667,3499.52
16668,3547.16
16669,3590.4
16670,3775.82
16671,3949.66
16672,4069.85
16673,4100.84
16674,4069.08
16675,4149.66
16676,4377.75
16677,4345.37
16678,4345.82
16679,4469.66
16680,4469.92
16681,4550.25
16682,4614.1
16683,4999.59
16684,4999.05
16685,9998.83
16686,10000
16687,10000
16688,10000
16689,10000
16690,10000
16691,10000
16692,10000
16693,10000
16694,10000
16695,10000
16696,10000
16697,10000
16698,10000
16699,10000
16700,10000
16701,10000
16702,10000
16703,10000
16704,10000
16705,10000
16706,10000
16707,10000
16708,10000
16709,10000
16710,10000
16711,10000
16712,10000
16713,10000
16714,10000
16715,10000
16716,7998.54
16717,4999.86
16718,4700.89
16719,4550.13
16720,4455.14
16721,4378.74
16722,4530.13
16723,4550.94
16724,4614.31
16725,4089.61
16726,4159.97
16727,4159.99
16728,4189.8
16729,4376.61
16730,4539.77
16731,4345.98
16732,4345.43
16733,4159.38
16734,4149.3
16735,3949.9
16736,3559.7
16737,3420.34
16738,3248.72
16739,2790.63
16740,2012.97
16741,2510
16742,2546.99
16743,2325.24
16744,1999.06
16745,1799.22
16746,1799.42
16747,1799.21
16748,1799.01
16749,1740.83
16750,1596.83
16751,1596.56
16752,1328
16753,1199.87
16754,1199.82
16755,1199.79
16756,1199.88
16757,1326.31
16758,1596.37
16759,1657.86
16760,1799.24
16761,1799.56
16762,1799.8
16763,1870.67
16764,2568.04
16765,3101.83
16766,3395.95
16767,3550.18
16768,3550.8
16769,3550.73
16770,3550.8
16771,3568.96
16772,3590.65
16773,3660.67
16774,3590.98
16775,3550.47
16776,3550.57
16777,3550.65
16778,3550.4
16779,3590.09
16780,3550.7
16781,4219.36
16782,4530.52
16783,4999.19
16784,5600.42
16785,10000
16786,10000
16787,10000
16788,10000
16789,10000
16790,10000
16791,10000
16792,10000
16793,10000
16794,10000
16795,10000
16796,10000
16797,10000
16798,10000
16799,10000
16800,10000
16801,10000
16802,10000
16803,10000
16804,10000
16805,10000
16806,10000
16807,10000
16808,10000
16809,10000
16810,9527.47
16811,9130.08
16812,7998.05
16813,5934
16814,5754.61
16815,5349.24
16816,4999.53
16817,5499.53
16818,5754.79
16819,5967.96
16820,7998.35
16821,4900.24
16822,4900.07
16823,4900.83
16824,4999.08
16825,5000.65
16826,5499.21
16827,5499.7
16828,5289.49
16829,4690.1
16830,4440.28
16831,4200.7
16832,3982.74
16833,3830.52
16834,3550.99
16835,3547.99
16836,3420.83
16837,3499.48
16838,3470.02
16839,3500.09
16840,3000.63
16841,3000.27
16842,3000.22
16843,3000.19
16844,3000.02
16845,3000.07
16846,3000.05
16847,2739.74
16848,2600.33
16849,2710.84
16850,2600.42
16851,2600.68
16852,2600.62
16853,2600.47
16854,2660.32
16855,3300.38
16856,3547.69
16857,3900.05
16858,3982.33
16859,3982.6
16860,3982.84
16861,4000.08
16862,4000.33
16863,4000.77
16864,4149.32
16865,3982.4
16866,3982.79
16867,4000.93
16868,4000.31
16869,4000.05
16870,3982.66
16871,3982.42
16872,3982.69
16873,3982.99
16874,4000.97
16875,4539.67
16876,4549.65
16877,6100.49
16878,9130.14
16879,10000
16880,10000
16881,10000
16882,10000
16883,10000
16884,10000
16885,10000
16886,10000
16887,10000
16888,10000
16889,10000
16890,10000
16891,10000
16892,10000
16893,10000
16894,10000
16895,10000
16896,10000
16897,10000
16898,10000
16899,10000
16900,10000
16901,10000
16902,10000
16903,10000
16904,10000
16905,10000
16906,10000
16907,10000
16908,10000
16909,9130.76
16910,9130.3
16911,7106.29
16912,5967.98
16913,7199.12
16914,7106.56
16915,5900.04
16916,5967.92
16917,4614.06
16918,4614.83
16919,5266.11
16920,5385.71
16921,5754.33
16922,5754.12
16923,5500.79
16924,5134.19
16925,4669.4
16926,4520.41
16927,4273.66
16928,3929.78
16929,3604.7
16930,3580.05
16931,3540.91
16932,3470.16
16933,3540.46
16934,3540.2
16935,3540.51
16936,3547.41
16937,3540.59
16938,3540.73
16939,3540.81
16940,3540.19
16941,3540.73
16942,3540.98
16943,3547.18
16944,3540.59
16945,3540.45
16946,3540.53
16947,3540.31
16948,3540.15
16949,3420.21
16950,3540.2
16951,3568.87
16952,3730.37
16953,3982.3
16954,3982.8
16955,4249.89
16956,4377.29
16957,4400.34
16958,4400.49
16959,4424.42
16960,4424.53
16961,3930.79
16962,3949.21
16963,4377.86
16964,4424.25
16965,4376.44
16966,4159.2
16967,4159.4
16968,4299.44
16969,4455.54
16970,4455.7
16971,4614.82
16972,4700.15
16973,9130.52
16974,9999.72
16975,10000
16976,10000
16977,10000
16978,10000
16979,10000
16980,10000
16981,10000
16982,10000
16983,10000
16984,10000
16985,10000
16986,10000
16987,10000
16988,10000
16989,10000
16990,10000
16991,10000
16992,10000
16993,10000
16994,10000
16995,10000
16996,10000
16997,10000
16998,10000
16999,10000
17000,10000
17001,5999.9
17002,5900.16
17003,5385.32
17004,5385.3
17005,4750.96
17006,4738.4
17007,4614.75
17008,4614.55
17009,4738.81
17010,4871.1
17011,4738.56
17012,4746.18
17013,4455.69
17014,4520.27
17015,4849.45
17016,4818.38
17017,5543
17018,5651.46
17019,5351.59
17020,4738.83
17021,4614.13
17022,4241.05
17023,4149.37
17024,3867.12
17025,3540.32
17026,3500.83
17027,3499.59
17028,2705.05
17029,2779.22
17030,3069.75
17031,3000.66
17032,3288.25
17033,3240.73
17034,3095.65
17035,3100.74
17036,2850.87
17037,2707.78
17038,2714.34
17039,2716.08
17040,2779.24
17041,2637.31
17042,2710.72
17043,2779.83
17044,2700.13
17045,1999.99
17046,1999.83
17047,2556.21
17048,2705.68
17049,2779.45
17050,2940.4
17051,3300.03
17052,3540.19
17053,3540.29
17054,3540.36
17055,3547.99
17056,3580.9
17057,3547.37
17058,3547.56
17059,3736.36
17060,3580.51
17061,3781.65
17062,3929.92
17063,4375.33
17064,4424.4
17065,4614.38
17066,4614.4
17067,5050.86
17068,4907.24
17069,9999.35
17070,10000
17071,10000
17072,10000
17073,10000
17074,10000
17075,10000
17076,10000
17077,10000
17078,10000
17079,10000
17080,10000
17081,10000
17082,10000
17083,10000
17084,10000
17085,10000
17086,10000
17087,10000
17088,10000
17089,10000
17090,10000
17091,10000
17092,10000
17093,10000
17094,10000
17095,10000
17096,10000
17097,10000
17098,10000
17099,9130.29
17100,7999.98
17101,7199.34
17102,5900.86
17103,5800.42
17104,5753
17105,6363
17106,6756
17107,5754.21
17108,5900.26
17109,4999.23
17110,4999.6
17111,5900.01
17112,5754.43
17113,6345.75
17114,6500.28
17115,5800.12
17116,5305.61
17117,4999.34
17118,4550.7
17119,4375.54
17120,4076.51
17121,3580.64
17122,3540.13
17123,3500.07
17124,2668.53
17125,2779.42
17126,3248.57
17127,3069.46
17128,3280.06
17129,2920.78
17130,3128.53
17131,3128.7
17132,2999.78
17133,2999.66
17134,2995.72
17135,3300.89
17136,3499.13
17137,2999.47
17138,3420.97
17139,3420.42
17140,3250.88
17141,2430.47
17142,1999.84
17143,2599.91
17144,2965.1
17145,3580.63
17146,3900.04
17147,3900.45
17148,4100.25
17149,4000.94
17150,4126.02
17151,4377.72
17152,4377.63
17153,4301.36
17154,4377.39
17155,4549.04
17156,4500.58
17157,4520.17
17158,4377.13
17159,4301.31
17160,4375.32
17161,4520.51
17162,4614.84
17163,4800.7
17164,5050.35
17165,10000
17166,10000
17167,10000
17168,10000
17169,10000
17170,10000
17171,10000
17172,10000
17173,10000
17174,10000
17175,10000
17176,10000
17177,10000
17178,10000
17179,10000
17180,10000
17181,10000
17182,10000
17183,10000
17184,10000
17185,10000
17186,10000
17187,10000
17188,10000
17189,10000
17190,10000
17191,10000
17192,10000
17193,4550.32
17194,4649.28
17195,4520.43
17196,4424.49
17197,4424.7
17198,4424.21
17199,4400.67
17200,3988.38
17201,4424.06
17202,4424.08
17203,4424.28
17204,4424.4
17205,3250.07
17206,3410.76
17207,3540.52
17208,3540.46
17209,3949.46
17210,4069.69
17211,4069.45
17212,3736.4
17213,3543.55
17214,3540.54
17215,3470.35
17216,3369.42
17217,2997.38
17218,2779.7
17219,2705.35
17220,2325.02
17221,1999.73
17222,2325.8
17223,2519.91
17224,2562.23
17225,2250.83
17226,1999.95
17227,2300.36
17228,1999.81
17229,1999.72
17230,1999.54
17231,1999.26
17232,1999.17
17233,1596.89
17234,1999.34
17235,1999.01
17236,1999.13
17237,1499.9
17238,1499.92
17239,1637.18
17240,1999.46
17241,1999.82
17242,2540.01
17243,1999.7
17244,2325.45
17245,2600.91
17246,2779.09
17247,3100.94
17248,3410.35
17249,2779.1
17250,2718.29
17251,2999.34
17252,3290.56
17253,3499.63
17254,3460.3
17255,3499.09
17256,3540.33
17257,3580.06
17258,3830.22
17259,4119.18
17260,4189.16
17261,5500.57
17262,6787.5
17263,7499.03
17264,8650.06
17265,8650.74
17266,8650.91
17267,8650.97
17268,10000
17269,10000
17270,10000
17271,10000
17272,10000
17273,10000
17274,10000
17275,10000
17276,10000
17277,10000
17278,10000
17279,10000
17280,10000
17281,10000
17282,10000
17283,10000
17284,10000
17285,6718.89
17286,5900.59
17287,5307.27
17288,4999.97
17289,3499.86
17290,3540.15
17291,3410.83
17292,3540.09
17293,3410.12
17294,3378.89
17295,3239.4
17296,3057.42
17297,3057.83
17298,3000.97
17299,2973.96
17300,2973.77
17301,2250.05
17302,2475.28
17303,2623.74
17304,2710.78
17305,3290.93
17306,3540.27
17307,3568.28
17308,3499.59
17309,3207.87
17310,3057.09
17311,3044.45
17312,2973.16
17313,2596.3
17314,2477.32
17315,1999.85
17316,1999.03
17317,1999.6
17318,1999.42
17319,1999.57
17320,1999.98
17321,1999.5
17322,1999.07
17323,1999.04
17324,1655.13
17325,1799.09
17326,1340.8
17327,1327.95
17328,1326.32
17329,1299.85
17330,1299.8
17331,1299.77
17332,1299.69
17333,1299.36
17334,1299.25
17335,1299.17
17336,1096.74
17337,1499.16
17338,1499.76
17339,1870.98
17340,1999.27
17341,1999.15
17342,1999.4
17343,1999.43
17344,1999.8
17345,1999.8
17346,1999.82
17347,2337.59
17348,2500.09
17349,2544.91
17350,2519.15
17351,2547.35
17352,2649.4
17353,2920.99
17354,3043.48
17355,3499
17356,3540.9
17357,4499.05
17358,4499.67
17359,4499.95
17360,4520.62
17361,8160.69
17362,8650.17
17363,8650.36
17364,8650.45
17365,10000
17366,10000
17367,10000
17368,10000
17369,10000
17370,10000
17371,10000
17372,10000
17373,10000
17374,10000
17375,10000
17376,10000
17377,10000
17378,10000
17379,10000
17380,10000
17381,6000.6
17382,5978
17383,5002.09
17384,4520.39
17385,3920.11
17386,3920.08
17387,3681.48
17388,3580.36
17389,3540.74
17390,3540.08
17391,3369.98
17392,3369.86
17393,3369.97
17394,3410.47
17395,3410.18
17396,3378.93
17397,3378.8
17398,3540.09
17399,3681.33
17400,3602.59
17401,3628.93
17402,3602.76
17403,3580.85
17404,3540.89
17405,3359.93
17406,3290.96
17407,3248.23
17408,3062.67
17409,2973.31
17410,2920.49
17411,2477.51
17412,1999.7
17413,2129.52
17414,2040.51
17415,1799.95
17416,1799.61
17417,1328.05
17418,1199.91
17419,1199.98
17420,1199.5
17421,1199.07
17422,999.92
17423,999.08
17424,999.51
17425,999.59
17426,999.27
17427,999.09
17428,996.84
17429,996.51
17430,996.72
17431,996.88
17432,996.99
17433,999.8
17434,1327.35
17435,1340.56
17436,1499.34
17437,1499.55
17438,1500
17439,1799.34
17440,1999.28
17441,2037.36
17442,2019.97
17443,2138.19
17444,2059.86
17445,2499.16
17446,2128.81
17447,2076.16
17448,2080.77
17449,2199.81
17450,2199.75
17451,3160.23
17452,3160.96
17453,3602.93
17454,3967.23
17455,4119.5
17456,4499.42
17457,6000.32
17458,6000.37
17459,6240.99
17460,6983.5
17461,9130.16
17462,9130.72
17463,10000
17464,10000
17465,10000
17466,10000
17467,10000
17468,10000
17469,10000
17470,10000
17471,10000
17472,10000
17473,2800.23
17474,2630.71
17475,2600.81
17476,2512.43
17477,2499.5
17478,2450.47
17479,2400.82
17480,2400.07
17481,2100.29
17482,2012.79
17483,2040.79
17484,2012.56
17485,2000.49
17486,2000.03
17487,1999.93
17488,1999.63
17489,2050.82
17490,2250.13
17491,2050.2
17492,2350.2
17493,2949.06
17494,2949.41
17495,3142.59
17496,3290.98
17497,3700.95
17498,4000.54
17499,4850.74
17500,5270.23
17501,5500.28
17502,8000.98
17503,10000
17504,10000
17505,10000
17506,10000
17507,10000
17508,10000
17509,10000
17510,10000
17511,10000
17512,10000
17513,10000
17514,10000
17515,8000.4
17516,5441.66
17517,4958.45
17518,4999.45
17519,4465.54
17520,4499.06
17521,4000.53
17522,4168.09
17523,4000.2
17524,3748.23
17525,3296.6
17526,3296.38
17527,3325.3
17528,3296.72
17529,3500.4
17530,3560.91
17531,3630.59
17532,3700.22
17533,4168.41
17534,3899.56
17535,4958.69
17536,5039.71
17537,4500.85
17538,5039.46
17539,5183.78
17540,6499.68
17541,10000
17542,10000
17543,10000
17544,10000
17545,9351.96
17546,10000
17547,8429
17548,8561
17549,7746
17550,9657.12
17551,6499.99
17552,6036.53
17553,5183.78
17554,4999.66
17555,4600.56
17556,4500.3
17557,4130.08
17558,3759.8
17559,3525.67
17560,3050.06
17561,2600.21
17562,2850.78
17563,2940.35
17564,3000.87
17565,3010.4
17566,3087.84
17567,3000.87
17568,3000.35
17569,3414.22
17570,3436.62
17571,3310.85
17572,3310.17
17573,3100.01
17574,3076.06
17575,3050.41
17576,3040.21
17577,3000.59
17578,2965.93
17579,2901.89
17580,2901.37
17581,2901.04
17582,2856.63
17583,2890.47
17584,2901.11
17585,2757.88
17586,2901.59
17587,3021.45
17588,3076.57
17589,3310.41
17590,3470.63
17591,3476.32
17592,3527.91
17593,3755.98
17594,6000.86
17595,10000
17596,10000
17597,10000
17598,10000
17599,10000
17600,10000
17601,10000
17602,10000
17603,10000
17604,10000
17605,10000
17606,10000
17607,10000
17608,10000
17609,10000
17610,7500.16
17611,5500.18
17612,4685.32
17613,4500.77
17614,4284.8
17615,4060.81
17616,3700.96
17617,3880.28
17618,3755.42
17619,3693.77
17620,3647.93
17621,3476.86
17622,3476.38
17623,3527.18
17624,3527.78
17625,3520.25
17626,3525.98
17627,3476.91
17628,3476.77
17629,3580.28
17630,3667.23
17631,3667.85
17632,3809.63
17633,3750.37
17634,4679.9
17635,8199.29
17636,10000
17637,10000
17638,10000
17639,10000
17640,10000
17641,10000
17642,10000
17643,10000
17644,10000
17645,10000
17646,10000
17647,10000
17648,10000
17649,8000.41
17650,6823.24
17651,6000.29
17652,5750.84
17653,5057.72
17654,5000.69
17655,4900.7
17656,4708.58
17657,4060.94
17658,4012.97
17659,4000.6
17660,3750.34
17661,3647.25
17662,3540.72
17663,3525.65
17664,3501.37
17665,3316.08
17666,3310.94
17667,3216.23
17668,3185.69
17669,3170.86
17670,3160.65
17671,3160.01
17672,3135.89
17673,2999.48
17674,2984.97
17675,2984.14
17676,2890.98
17677,2890.54
17678,2890.21
17679,2865.35
17680,2877.66
17681,2837.92
17682,2984.91
17683,3000.04
17684,3000.69
17685,3324.1
17686,3330.58
17687,3499.51
17688,3499.63
17689,3634.1
17690,3634.75
17691,3820.24
17692,4244.47
17693,4658.66
17694,5400.72
17695,5999.41
17696,5800.4
17697,5000.46
17698,4469.86
17699,4033.33
17700,3820.24
17701,3999.48
17702,3999.06
17703,3999.29
17704,3780.72
17705,3500.16
17706,3342.87
17707,3330.62
17708,3316.4
17709,3214.81
17710,3214.16
17711,3160.62
17712,3080.04
17713,2992.49
17714,2837.84
17715,2618.14
17716,2318.99
17717,2318.21
17718,2252.78
17719,2318.34
17720,2318.58
17721,2373.21
17722,2710.36
17723,2890.42
17724,2984.71
17725,3080.29
17726,3160.22
17727,3185.56
17728,3316.6
17729,3501.51
17730,3634.63
17731,3820.78
17732,3882.07
17733,3658.81
17734,3620.83
17735,3588
17736,3567.54
17737,3185.88
17738,3630.11
17739,3790.83
17740,4020.75
17741,4600.17
17742,5000.92
17743,5000.33
17744,4960.28
17745,4000.52
17746,3999.85
17747,3790.74
17748,3725.29
17749,3658.2
17750,3658.47
17751,3658.37
17752,3643.15
17753,3658.08
17754,3634.43
17755,3630.99
17756,3499.19
17757,3499.88
17758,3596
17759,3634.57
17760,3634.16
17761,10000
17762,10000
17763,10000
17764,10000
17765,10000
17766,10000
17767,9499.32
17768,6529.05
17769,5000.73
17770,5000.3
17771,5000.29
17772,5000.24
17773,5000.64
17774,5000.51
17775,5000.47
17776,5000.14
17777,4999.8
17778,5000.13
17779,5000.04
17780,5000.67
17781,5379.49
17782,5400.98
17783,5718.85
17784,5999.35
17785,5718.73
17786,10000
17787,6100.81
17788,6100.58
17789,5190.05
17790,5000.04
17791,4432.87
17792,4000.96
17793,3674.5
17794,3510.47
17795,3482.84
17796,3480.85
17797,3479.4
17798,3480.98
17799,3473.37
17800,3470.54
17801,3317.71
17802,3317.62
17803,3260.81
17804,2919.89
17805,2916.57
17806,2883.31
17807,2883.02
17808,2760.73
17809,2679.81
17810,2679.76
17811,2630.66
17812,2598.51
17813,2539.91
17814,2539.64
17815,2539.57
17816,2539.84
17817,2660.62
17818,2679.73
17819,2883.59
17820,2995.18
17821,3100.97
17822,3260.81
17823,3344.78
17824,3355.8
17825,3400.72
17826,3414.21
17827,3481.45
17828,3510.03
17829,3483.11
17830,3484.2
17831,3510.48
17832,3660.31
17833,3660.59
17834,3949.73
17835,4120.91
17836,4589.66
17837,4828.56
17838,5000.35
17839,5000.57
17840,5000.25
17841,4960.48
17842,4999.67
17843,5000.44
17844,5000.65
17845,5378.42
17846,5300.6
17847,5529.56
17848,5000.46
17849,5116.21
17850,5500.92
17851,5485
17852,5700.82
17853,6500.43
17854,10000
17855,10000
17856,10000
17857,10000
17858,10000
17859,10000
17860,10000
17861,10000
17862,10000
17863,10000
17864,10000
17865,6029.91
17866,5999.11
17867,5000.07
17868,4589.9
17869,4519.33
17870,4519.16
17871,4500.17
17872,4179.7
17873,4510.75
17874,5012.84
17875,5063.97
17876,5012.96
17877,4361.26
17878,5000.13
17879,5000.57
17880,5500.76
17881,5249.42
17882,5999.45
17883,5500.84
17884,5000.08
17885,4320.18
17886,4000.8
17887,4000.01
17888,3640.68
17889,3570.25
17890,3537.18
17891,3418.82
17892,3219.84
17893,3248.9
17894,3410.25
17895,3519.37
17896,3300.89
17897,3000.01
17898,3000.64
17899,3000.87
17900,3000.47
17901,2710.97
17902,2679.25
17903,2679.19
17904,2679.45
17905,2800.89
17906,2810.65
17907,2894.98
17908,2725.51
17909,2529.77
17910,2529.66
17911,2529.7
17912,2710.16
17913,3109.57
17914,3369.78
17915,3537.33
17916,3573.56
17917,3666.53
17918,3731.95
17919,4002.26
17920,4099.37
17921,4002.4
17922,4002.56
17923,4000.75
17924,4000.3
17925,3971.16
17926,3999.44
17927,4002.71
17928,4000.74
17929,3824.83
17930,4099.12
17931,4778.15
17932,5190.86
17933,10000
17934,10000
17935,10000
17936,10000
17937,10000
17938,10000
17939,10000
17940,10000
17941,10000
17942,10000
17943,10000
17944,10000
17945,10000
17946,10000
17947,10000
17948,10000
17949,10000
17950,10000
17951,10000
17952,10000
17953,10000
17954,10000
17955,10000
17956,10000
17957,9999.38
17958,9998.02
17959,5280.62
17960,5000.62
17961,4999.32
17962,4999.4
17963,4999.55
17964,4999.07
17965,4614.31
17966,4614.34
17967,4500.27
17968,4399.19
17969,3949.33
17970,3949.68
17971,4012.79
17972,4000.69
17973,2969.55
17974,3519.32
17975,3584.86
17976,3592.06
17977,3736.26
17978,3707.6
17979,3528.64
17980,3500.39
17981,3410.38
17982,3350.34
17983,3268.58
17984,2705.54
17985,3012.31
17986,1999.53
17987,2000.66
17988,1950.15
17989,2000.59
17990,2000.66
17991,2890.43
17992,2325.37
17993,1799.99
17994,1799.98
17995,2400.84
17996,2199.44
17997,1870.36
17998,1870.19
17999,2199.42
18000,2430.46
18001,1799.82
18002,1799.86
18003,1799.99
18004,1799.92
18005,1799.74
18006,1799.87
18007,2100.2
18008,2890.12
18009,3300.28
18010,3350.95
18011,3500.61
18012,3647.33
18013,3572.11
18014,3647.27
18015,3528.45
18016,3620.6
18017,3568.56
18018,3647.15
18019,3660.37
18020,3614.43
18021,3568.67
18022,3775.63
18023,3690.91
18024,3667.03
18025,4000.57
18026,4012.83
18027,4999.56
18028,5070.76
18029,5050.02
18030,5196.72
18031,6000.47
18032,9998.48
18033,9999.44
18034,9999.51
18035,10000
18036,10000
18037,10000
18038,10000
18039,10000
18040,10000
18041,10000
18042,10000
18043,10000
18044,10000
18045,10000
18046,10000
18047,10000
18048,10000
18049,4119.66
18050,3949.6
18051,3900.13
18052,3749.56
18053,3605
18054,3559.61
18055,3530.01
18056,3470.39
18057,3469.42
18058,3369.63
18059,3159.71
18060,3159.89
18061,3369.38
18062,3369.04
18063,3369.02
18064,3215.29
18065,3203.6
18066,3219.31
18067,3207.59
18068,3239.03
18069,3159.39
18070,3239.33
18071,3203.94
18072,3057.73
18073,3239.29
18074,3225.58
18075,3044.41
18076,2973.4
18077,2595.61
18078,2375.11
18079,2316.23
18080,2153.94
18081,2119.75
18082,2066.36
18083,1499.69
18084,1439.42
18085,1327.29
18086,1120.99
18087,1326.94
18088,1325.26
18089,999.88
18090,999.95
18091,999.6
18092,896.99
18093,896.79
18094,896.81
18095,896.89
18096,999.08
18097,999.19
18098,896.98
18099,999.06
18100,999.11
18101,999.22
18102,999.29
18103,999.5
18104,999.76
18105,999.84
18106,1325.27
18107,1410.82
18108,1499.3
18109,1499.56
18110,1499.8
18111,1499.79
18112,1500.7
18113,1989.4
18114,1989.51
18115,2550.66
18116,2618.4
18117,2639.14
18118,2595.46
18119,2370.82
18120,2595.09
18121,2595.53
18122,2639.4
18123,2800.02
18124,3207.08
18125,3620.57
18126,3850.99
18127,4000.04
18128,3900.82
18129,4000.07
18130,4112.49
18131,4189.48
18132,4517.57
18133,4801.45
18134,5050.16
18135,5050.8
18136,5600.98
18137,6000.43
18138,7010.9
18139,7299.25
18140,7299.33
18141,7011
18142,7010.57
18143,5050.68
18144,4669.98
18145,10000
18146,10000
18147,10000
18148,8642
18149,6199.48
18150,5550.33
18151,4480.43
18152,4081.31
18153,4082.2
18154,4080.61
18155,3929.42
18156,3820.33
18157,3979.54
18158,3911.65
18159,3820.69
18160,3758.43
18161,4000.35
18162,3979.57
18163,4000.6
18164,4080.84
18165,3520.01
18166,3689.46
18167,3929.94
18168,4358.02
18169,4740.78
18170,5550.95
18171,5550.91
18172,5040.78
18173,4480.44
18174,4309.45
18175,3899.02
18176,3569.08
18177,3436.13
18178,3430.61
18179,3159.31
18180,2999.35
18181,2933.98
18182,2933.44
18183,2933
18184,2716.21
18185,2700.93
18186,2692.88
18187,2580.67
18188,2131.19
18189,2099.63
18190,2099.84
18191,2099.53
18192,2099.05
18193,1999.79
18194,1999.83
18195,1999.77
18196,1999.44
18197,1999.02
18198,1999.03
18199,1999.22
18200,1999.38
18201,1999.73
18202,1999.96
18203,2109.02
18204,2119.16
18205,2149.88
18206,2622.86
18207,2839.84
18208,2999.79
18209,2999.7
18210,3259.77
18211,3520.74
18212,3670.69
18213,3929.89
18214,3899.12
18215,3929.01
18216,4000.56
18217,4080.95
18218,4500.36
18219,5040.83
18220,5550.33
18221,10000
18222,10000
18223,10000
18224,10000
18225,10000
18226,10000
18227,10000
18228,10000
18229,10000
18230,10000
18231,10000
18232,10000
18233,10000
18234,10000
18235,10000
18236,10000
18237,10000
18238,10000
18239,10000
18240,10000
18241,4279.38
18242,4279.42
18243,4279.37
18244,4260.65
18245,3963.66
18246,3899.53
18247,3848.08
18248,3602.99
18249,3509.33
18250,3479.81
18251,3479.28
18252,3366.54
18253,3114.91
18254,3151.73
18255,3094.23
18256,3063.95
18257,3027.77
18258,3019.88
18259,3032.31
18260,3051.17
18261,2969.39
18262,2969.99
18263,2969.97
18264,2969.84
18265,3010.27
18266,3065.98
18267,3055.32
18268,3055.2
18269,3010.3
18270,2957.58
18271,2957.18
18272,2698.99
18273,2850.19
18274,2698.89
18275,2698.4
18276,1328.48
18277,1096.23
18278,861.94
18279,1096.59
18280,1096.7
18281,1181.45
18282,1181.66
18283,1297.74
18284,1325.98
18285,1565.64
18286,1567.14
18287,1567.3
18288,1565.64
18289,1096.93
18290,1096.83
18291,1096.08
18292,999.48
18293,999.3
18294,999.73
18295,1099.21
18296,1298.98
18297,1421
18298,1565.2
18299,1420.03
18300,1420.38
18301,1781.4
18302,1799.01
18303,2800.22
18304,3000.17
18305,2999.17
18306,3000
18307,3010.88
18308,2999.19
18309,2969.96
18310,3056.57
18311,3078.19
18312,3193.96
18313,3605.55
18314,3848.66
18315,4288.56
18316,4609.93
18317,5710.26
18318,5999.59
18319,9529.12
18320,9529.17
18321,7216
18322,7215.6
18323,7215.57
18324,7215.14
18325,8499.2
18326,8499.14
18327,7215.5
18328,7215.12
18329,5710.66
18330,5710.52
18331,4999.22
18332,4999.35
18333,4609.54
18334,4409.85
18335,4379.65
18336,4239.77
18337,8000.82
18338,8000.37
18339,6474.79
18340,5087.26
18341,5008.39
18342,5008.41
18343,4369.95
18344,4339.65
18345,4076.51
18346,4013.4
18347,3989.22
18348,3919.87
18349,3979.88
18350,3970.5
18351,3689.44
18352,3611.55
18353,3604.04
18354,3604.06
18355,3604.24
18356,3604.08
18357,3969.44
18358,4013.2
18359,4019.75
18360,4019.96
18361,4039.28
18362,4019.55
18363,4000.06
18364,3924.93
18365,3970.14
18366,3924.97
18367,3685.61
18368,3450.94
18369,3211.06
18370,3035.68
18371,3032.45
18372,2963.4
18373,2998.4
18374,2859.58
18375,2859.66
18376,2832.57
18377,2598.8
18378,2649.27
18379,2519.6
18380,2570.48
18381,2080.25
18382,2139.9
18383,2061.71
18384,2240.48
18385,2369.58
18386,2500.53
18387,2570.97
18388,2649.65
18389,2500.27
18390,2299.57
18391,2299.98
18392,2369.33
18393,2649.04
18394,2650.9
18395,2997.35
18396,3093.37
18397,3345.89
18398,3500.53
18399,3621.45
18400,3685.66
18401,3685.91
18402,3711.88
18403,3924.9
18404,3924.42
18405,4141.44
18406,4431.97
18407,5389.52
18408,10000
18409,10000
18410,10000
18411,10000
18412,10000
18413,10000
18414,10000
18415,10000
18416,10000
18417,10000
18418,10000
18419,10000
18420,10000
18421,10000
18422,10000
18423,10000
18424,10000
18425,10000
18426,10000
18427,10000
18428,10000
18429,10000
18430,10000
18431,10000
18432,10000
18433,2960.53
18434,2921.66
18435,2899.84
18436,2870.59
18437,2794.4
18438,2699.87
18439,2699.11
18440,2661.97
18441,2699.05
18442,2699.98
18443,2747.2
18444,2749.79
18445,2712.64
18446,2699.79
18447,2699.44
18448,2699.2
18449,2699.43
18450,2668.84
18451,2610.89
18452,2610.35
18453,2749.6
18454,2870.82
18455,2954.66
18456,3003.69
18457,3410.9
18458,3400.41
18459,3642.62
18460,3689.23
18461,3686.82
18462,3599.85
18463,3518.32
18464,3236.84
18465,3069.84
18466,2972.73
18467,2942.55
18468,2917.89
18469,2779.86
18470,2717.55
18471,2650.13
18472,2624.09
18473,2000.91
18474,2000.74
18475,2000.83
18476,2051.51
18477,2000.52
18478,2001
18479,2051.05
18480,2170.05
18481,1999.65
18482,1989.53
18483,1989.68
18484,1989.04
18485,1810.49
18486,1799.98
18487,1989.69
18488,2000.24
18489,2139.76
18490,2571.83
18491,2676.31
18492,2803.2
18493,2942.02
18494,2942.15
18495,2972.65
18496,3097.53
18497,3180.47
18498,3469.16
18499,3689.22
18500,3739.61
18501,4389.4
18502,4849.45
18503,6046.02
18504,9029.73
18505,10000
18506,10000
18507,9564.2
18508,7400.55
18509,5469.2
18510,4439.51
18511,4379.58
18512,4264.02
18513,3870.12
18514,3800.7
18515,3599.73
18516,3599.44
18517,3599.03
18518,3518.18
18519,3518.12
18520,3469.43
18521,3069.6
18522,3469.65
18523,3069.31
18524,3000.1
18525,2899.04
18526,2899.27
18527,2899.34
18528,2870.74
18529,2810.9
18530,2810.68
18531,2810.16
18532,2790.34
18533,2752.27
18534,2730.55
18535,2700.76
18536,2700.26
18537,2570.09
18538,2539.3
18539,2587.53
18540,2580.14
18541,2587.62
18542,2570.92
18543,2580.6
18544,2610.77
18545,2610.03
18546,2700.03
18547,2730.85
18548,2800.09
18549,2970.79
18550,3225.07
18551,3230.3
18552,3310.78
18553,3739.29
18554,4299.21
18555,4299.88
18556,5316.53
18557,5499.94
18558,6600.85
18559,7010.01
18560,6600.09
18561,6600.5
18562,6100.27
18563,5499.17
18564,5400.01
18565,4119.95
18566,3760.27
18567,3800.38
18568,3518.55
18569,3100.75
18570,3060.79
18571,2846.63
18572,2790.86
18573,2700.31
18574,2650.43
18575,2650.76
18576,2512.82
18577,2393.64
18578,2512.04
18579,2400.2
18580,2393.66
18581,2062.03
18582,2096.84
18583,2240.39
18584,2249.7
18585,2550.18
18586,2650.34
18587,2840.39
18588,2799.47
18589,2854.22
18590,2951.47
18591,3034.85
18592,3060.63
18593,3120.95
18594,3313
18595,3500.56
18596,3518.91
18597,4025.1
18598,4539.05
18599,4500.23
18600,4539.66
18601,10000
18602,10000
18603,7599.99
18604,5499.86
18605,3518.75
18606,3704
18607,3999.36
18608,3518.67
18609,3230.17
18610,3230.68
18611,3388.45
18612,3230.58
18613,3120.57
18614,3120.59
18615,3120.44
18616,3100.73
18617,2752.5
18618,2752.71
18619,2752.88
18620,2790.1
18621,2752.46
18622,2790.48
18623,2790.75
18624,2799.68
18625,10000
18626,10000
18627,10000
18628,10000
18629,10000
18630,10000
18631,5999.87
18632,5000.26
18633,3900.49
18634,3777.63
18635,3777.95
18636,3777.66
18637,3900.16
18638,3900.25
18639,3777.65
18640,3777.08
18641,3777.5
18642,3777.5
18643,3777.63
18644,3777.99
18645,3633
18646,3607.84
18647,3607.02
18648,3540.89
18649,3815.83
18650,3777.23
18651,3607.81
18652,3540.89
18653,3369.96
18654,3369.57
18655,3239
18656,3066.83
18657,2973.71
18658,2973.14
18659,2912.45
18660,2877.81
18661,2800.68
18662,2749.6
18663,2490.14
18664,2420.64
18665,2401.12
18666,2550.01
18667,2500.76
18668,2700.17
18669,2749.76
18670,2710.42
18671,2490.12
18672,2401.78
18673,1999.83
18674,2010.29
18675,1500
18676,1577.21
18677,1499.89
18678,1499.9
18679,2420.16
18680,2711.24
18681,2800.39
18682,3000.54
18683,3057.89
18684,3064.12
18685,3057.68
18686,3057.72
18687,3064.3
18688,3057.66
18689,3057.32
18690,3064.05
18691,3057.94
18692,3057.67
18693,3239.29
18694,3066.16
18695,3066.32
18696,3369.14
18697,3369.89
18698,3540.93
18699,3900.25
18700,5002.29
18701,10000
18702,10000
18703,10000
18704,10000
18705,10000
18706,10000
18707,10000
18708,10000
18709,10000
18710,10000
18711,10000
18712,10000
18713,10000
18714,10000
18715,10000
18716,10000
18717,10000
18718,10000
18719,10000
18720,10000
18721,7300.31
18722,5893.03
18723,4517.63
18724,4499.01
18725,4569.21
18726,4499.58
18727,4309.97
18728,4309.76
18729,4050.91
18730,4109
18731,4109.95
18732,4148.27
18733,4148.49
18734,4109.43
18735,3999.95
18736,3967.33
18737,3967.16
18738,3967.24
18739,3967.74
18740,4050.14
18741,3600.57
18742,3749.34
18743,3633.27
18744,3543.47
18745,3607.76
18746,3607.89
18747,3540.47
18748,3369.98
18749,3207.04
18750,3066.01
18751,3010.12
18752,2973.39
18753,2618.53
18754,2618.13
18755,2519.6
18756,2519.07
18757,2519.32
18758,2300.6
18759,2000.88
18760,1729.81
18761,1498.07
18762,1658.67
18763,1499.07
18764,1328.82
18765,999.73
18766,999.89
18767,999.41
18768,999.43
18769,999.04
18770,999.16
18771,999.19
18772,999.29
18773,1100.74
18774,1000.04
18775,1326.77
18776,1328.72
18777,1499.78
18778,1655.77
18779,1499.99
18780,1800.87
18781,1999.99
18782,2595.15
18783,2764.3
18784,2779.69
18785,2621.48
18786,2779.17
18787,2779.05
18788,2618.08
18789,2957.21
18790,2800.18
18791,2000.3
18792,2091.59
18793,2199.7
18794,2199.68
18795,3000.01
18796,3373.49
18797,3540.2
18798,3848.48
18799,4358.89
18800,4729.35
18801,4569.2
18802,5396.52
18803,6100.46
18804,7700.16
18805,7700.99
18806,10000
18807,10000
18808,10000
18809,10000
18810,10000
18811,10000
18812,10000
18813,10000
18814,10000
18815,10000
18816,10000
18817,10000
18818,10000
18819,10000
18820,6959.9
18821,5999.98
18822,4770.78
18823,4569.16
18824,4499.67
18825,4290.52
18826,4290.04
18827,4148.66
18828,4139.46
18829,4148.68
18830,3900.92
18831,3900.46
18832,3810.7
18833,3810.64
18834,3810.65
18835,3810.85
18836,3810.99
18837,3540.27
18838,3800.69
18839,3810.85
18840,3777.27
18841,4074.87
18842,4050.27
18843,3967.62
18844,3777.49
18845,3540.68
18846,3470.88
18847,3384.68
18848,3369.19
18849,3066.16
18850,3066.55
18851,3064.08
18852,3070.6
18853,3000.8
18854,3057.68
18855,3064.53
18856,3109.45
18857,3064.69
18858,3064.99
18859,3064.99
18860,3247.17
18861,3109.44
18862,3109.17
18863,3064.45
18864,3064.32
18865,2878.18
18866,2780
18867,2710.17
18868,2700.25
18869,2692.89
18870,2621.19
18871,2988.47
18872,3064.61
18873,3373.2
18874,3384.33
18875,3373.22
18876,3384.19
18877,3386.26
18878,3386.61
18879,3386.62
18880,3386.02
18881,3373.95
18882,3386.8
18883,3373.12
18884,3369.51
18885,3499.63
18886,3470.71
18887,3530.06
18888,3677.46
18889,3810.83
18890,4309.64
18891,5100.81
18892,6200.33
18893,10000
18894,10000
18895,10000
18896,10000
18897,10000
18898,10000
18899,10000
18900,10000
18901,10000
18902,10000
18903,10000
18904,10000
18905,10000
18906,10000
18907,10000
18908,10000
18909,10000
18910,10000
18911,10000
18912,10000
18913,10000
18914,10000
18915,10000
18916,10000
18917,10000
18918,10000
18919,6600.8
18920,6600.58
18921,6249.74
18922,5484.74
18923,5484.03
18924,5010.58
18925,4900.53
18926,4900.24
18927,4600.92
18928,4600.31
18929,4600.27
18930,4600.27
18931,4499.85
18932,4530.29
18933,3880.12
18934,4026.49
18935,4163.44
18936,4290.47
18937,4499.9
18938,4516.33
18939,4358.5
18940,4290.88
18941,4139.49
18942,4019.66
18943,3749.82
18944,3530.99
18945,3386.47
18946,3386.23
18947,3373.42
18948,3369.97
18949,3369.71
18950,3386.21
18951,3386.23
18952,3386.88
18953,3373.68
18954,3384.51
18955,3384.11
18956,3384.05
18957,3373.77
18958,3373.87
18959,3373.85
18960,3373.25
18961,3386.05
18962,3386.13
18963,3385.5
18964,3384.5
18965,3247.49
18966,3373.76
18967,3386.45
18968,3500.26
18969,3570.81
18970,3749.83
18971,3633.28
18972,3777.71
18973,3900.74
18974,3949.15
18975,3949.62
18976,3810.86
18977,3777.5
18978,3810.51
18979,3810.89
18980,3810.24
18981,3777.79
18982,3543.37
18983,3530.44
18984,3607.27
18985,3749.06
18986,4022.32
18987,5250.53
18988,5450.7
18989,10000
18990,10000
18991,10000
18992,10000
18993,10000
18994,10000
18995,10000
18996,10000
18997,10000
18998,10000
18999,10000
19000,10000
19001,10000
19002,10000
19003,10000
19004,10000
19005,10000
19006,10000
19007,10000
19008,10000
19009,10000
19010,10000
19011,10000
19012,10000
19013,10000
19014,10000
19015,7531.48
19016,6210.32
19017,5250.29
19018,4770.39
19019,4770.13
19020,4499.54
19021,4499.4
19022,4499.67
19023,4499.69
19024,4375.54
19025,4530.98
19026,4770.42
19027,4600.75
19028,4530.26
19029,3530.95
19030,3880.63
19031,4030.93
19032,4040.26
19033,4500.75
19034,5250.58
19035,5250.64
19036,5250.73
19037,4600.39
19038,4516.23
19039,4358.47
19040,3949.92
19041,3541.24
19042,3530.11
19043,3499.94
19044,3386.53
19045,3386.74
19046,3386.49
19047,3373.94
19048,3109.41
19049,3000.06
19050,2800.35
19051,2877.57
19052,2710.44
19053,2692.38
19054,2595.3
19055,2478.49
19056,2370.42
19057,2091.9
19058,2000.43
19059,2091.07
19060,2091.12
19061,1596.45
19062,1999.14
19063,1999.49
19064,1999.46
19065,2091.47
19066,2140.2
19067,2595.42
19068,2800.81
19069,3064.14
19070,3064.86
19071,3384.37
19072,3386.28
19073,3386.51
19074,3500.74
19075,3530.66
19076,3880.61
19077,3900.77
19078,3530.91
19079,3519.38
19080,3530.07
19081,3639.58
19082,3530.45
19083,3880.82
19084,4499.04
19085,10000
19086,10000
19087,10000
19088,10000
19089,10000
19090,10000
19091,10000
19092,10000
19093,10000
19094,10000
19095,10000
19096,10000
19097,10000
19098,10000
19099,10000
19100,10000
19101,10000
19102,10000
19103,10000
19104,10000
19105,10000
19106,10000
19107,10000
19108,10000
19109,10000
19110,10000
19111,10000
19112,10000
19113,10000
19114,10000
19115,10000
19116,10000
19117,10000
19118,10000
19119,10000
19120,10000
19121,10000
19122,8500.96
19123,8500.8
19124,8500.6
19125,4109.09
19126,4499.85
19127,5000.03
19128,5396.53
19129,5800.17
19130,6065.72
19131,5800.96
19132,6000.37
19133,5484.08
19134,5484.14
19135,4944.37
19136,4536.93
19137,4499.19
19138,4309.27
19139,3600.76
19140,3585.97
19141,3600.18
19142,3542.78
19143,3500.59
19144,3500.21
19145,3386.93
19146,3386.94
19147,3386.54
19148,3386.72
19149,3386.47
19150,3386.99
19151,3400.7
19152,3400.95
19153,3500.32
19154,3500.59
19155,3500.71
19156,3500.3
19157,3384.79
19158,3384.43
19159,3386.44
19160,3500.22
19161,3537.43
19162,3600.8
19163,3656.33
19164,3800.33
19165,3999.89
19166,3920.07
19167,3919.95
19168,3850.29
19169,3749.81
19170,3999.01
19171,3999.5
19172,4264.75
19173,4471.94
19174,4435.57
19175,4385.21
19176,4471.73
19177,5000.51
19178,5300.87
19179,6000.81
19180,6065.14
19181,10000
19182,10000
19183,10000
19184,10000
19185,10000
19186,10000
19187,10000
19188,10000
19189,10000
19190,10000
19191,10000
19192,10000
19193,10000
19194,10000
19195,10000
19196,10000
19197,10000
19198,10000
19199,10000
19200,10000
19201,10000
19202,10000
19203,10000
19204,10000
19205,10000
19206,10000
19207,10000
19208,10000
19209,10000
19210,10000
19211,10000
19212,10000
19213,10000
19214,10000
19215,10000
19216,8130.38
19217,6690.17
19218,6690.43
19219,6690.01
19220,5730.15
19221,3510.35
19222,3605.04
19223,3919.65
19224,4264.44
19225,5250.33
19226,5750.39
19227,6066
19228,7531.26
19229,4500.68
19230,4499.27
19231,4290.74
19232,4017.71
19233,3657.91
19234,3657.17
19235,3570.85
19236,3500.21
19237,3510.61
19238,3510.93
19239,3420.19
19240,3386.27
19241,3109.11
19242,3064.72
19243,3064.62
19244,3064.35
19245,3064.32
19246,3064.35
19247,3064.35
19248,3064.17
19249,3064.06
19250,3064.24
19251,3064.04
19252,2999.45
19253,2710.19
19254,2751.92
19255,2800.94
19256,3064.21
19257,3109.36
19258,3300.91
19259,3373.48
19260,3384.83
19261,3384.31
19262,3420.29
19263,3510.27
19264,3519.06
19265,3569.74
19266,3880.01
19267,3999.3
19268,4030.67
19269,4290.33
19270,4010.45
19271,4000.22
19272,3880.83
19273,3999.17
19274,4030.7
19275,5350.8
19276,6210.18
19277,10000
19278,10000
19279,10000
19280,10000
19281,10000
19282,10000
19283,10000
19284,10000
19285,10000
19286,10000
19287,10000
19288,10000
19289,10000
19290,10000
19291,10000
19292,10000
19293,10000
19294,10000
19295,10000
19296,10000
19297,10000
19298,10000
19299,10000
19300,10000
19301,10000
19302,10000
19303,10000
19304,10000
19305,7999.95
19306,7209.18
19307,5730.58
19308,5484.74
19309,5730.04
19310,5484.26
19311,5101.03
19312,4499.72
19313,4517.01
19314,5484.05
19315,5299.22
19316,4499.92
19317,3300.33
19318,3500.66
19319,3640.47
19320,4358.19
19321,5250.55
19322,5484.72
19323,6143
19324,7499.82
19325,4700.2
19326,4460.73
19327,4109.85
19328,3827.79
19329,3600.27
19330,3586.1
19331,3499.48
19332,3386.28
19333,3373.16
19334,3168.7
19335,3000.94
19336,2712.96
19337,2465.93
19338,2140.98
19339,2000.45
19340,2465.58
19341,2465.98
19342,2692.49
19343,2700.86
19344,2649.21
19345,2800.76
19346,2800.45
19347,2476.1
19348,2430.57
19349,2000.15
19350,2000.14
19351,1999.65
19352,1500.68
19353,2465.98
19354,2760.08
19355,2649.31
19356,3000.19
19357,3064.94
19358,3373.11
19359,3386.97
19360,3420.98
19361,3386.86
19362,3510.09
19363,3561.63
19364,3640.62
19365,3880.67
19366,3690.44
19367,3880.24
19368,3749.77
19369,4499.43
19370,5000.36
19371,6200.59
19372,6210.69
19373,10000
19374,10000
19375,10000
19376,10000
19377,10000
19378,10000
19379,10000
19380,10000
19381,10000
19382,10000
19383,10000
19384,10000
19385,10000
19386,10000
19387,10000
19388,10000
19389,10000
19390,10000
19391,10000
19392,10000
19393,10000
19394,10000
19395,10000
19396,10000
19397,10000
19398,10000
19399,10000
19400,10000
19401,10000
19402,7400.45
19403,7400.22
19404,6200.73
19405,7400.21
19406,5730.72
19407,5484.81
19408,5484.4
19409,5484.34
19410,5484.47
19411,5484.14
19412,5396.28
19413,3420.28
19414,3510.68
19415,3880.31
19416,4030.13
19417,4460.44
19418,4985.7
19419,4460.68
19420,4189.67
19421,3880.77
19422,3749.22
19423,3640.18
19424,3569.01
19425,3419.4
19426,3386.89
19427,3109.91
19428,2056.45
19429,999.93
19430,999.49
19431,999.22
19432,999.02
19433,885.87
19434,699.43
19435,680.45
19436,599.73
19437,599.32
19438,499.98
19439,499.94
19440,500.89
19441,599.29
19442,599.15
19443,599.13
19444,599.41
19445,599.22
19446,599.12
19447,599.58
19448,599.96
19449,799.28
19450,799.71
19451,799.82
19452,999.18
19453,999.07
19454,999.25
19455,999.14
19456,999.15
19457,999.07
19458,999.65
19459,1500.11
19460,1512.18
19461,1596.55
19462,1596.05
19463,1510.78
19464,1200.49
19465,1596.72
19466,1848.23
19467,2680.39
19468,3109.71
19469,3612.69
19470,4030.49
19471,6550.02
19472,9090.71
19473,10000
19474,10000
19475,10000
19476,10000
19477,10000
19478,10000
19479,10000
19480,10000
19481,10000
19482,10000
19483,10000
19484,10000
19485,10000
19486,10000
19487,10000
19488,10000
19489,10000
19490,10000
19491,10000
19492,10000
19493,10000
19494,7531.32
19495,6200.18
19496,5484.99
19497,4309.85
19498,4309.1
19499,4309.04
19500,4189.15
19501,3999.69
19502,3880.98
19503,3880.28
19504,3749.55
19505,4499.77
19506,4700.08
19507,4985.82
19508,4985.2
19509,3373.14
19510,3499.31
19511,3880.91
19512,5396.65
19513,5484.62
19514,5484.86
19515,5484.08
19516,4569.11
19517,3807.25
19518,3640.47
19519,3573.86
19520,3510.42
19521,3386.87
19522,3109.34
19523,2779.07
19524,1500.05
19525,1510.92
19526,1498.11
19527,999.9
19528,999.72
19529,1576.86
19530,1396.42
19531,1396.48
19532,1498.75
19533,1012.88
19534,1498.86
19535,1000
19536,1500.11
19537,1200.57
19538,1498.64
19539,1498.27
19540,1510.77
19541,999.79
19542,999.98
19543,1799.33
19544,2019.68
19545,2171.63
19546,2600.96
19547,2940.94
19548,3064.5
19549,3000.18
19550,3000.32
19551,3064.54
19552,3064.51
19553,2779.78
19554,3000.73
19555,3373.59
19556,3386.69
19557,3000.59
19558,2800.89
19559,2800.65
19560,2779.28
19561,3373.78
19562,3420.85
19563,4700.93
19564,5396.65
19565,10000
19566,10000
19567,10000
19568,10000
19569,10000
19570,10000
19571,10000
19572,10000
19573,10000
19574,10000
19575,10000
19576,10000
19577,10000
19578,10000
19579,10000
19580,10000
19581,10000
19582,10000
19583,10000
19584,10000
19585,10000
19586,10000
19587,10000
19588,10000
19589,10000
19590,10000
19591,10000
19592,10000
19593,4435.11
19594,4396.93
19595,4050.49
19596,4100
19597,4499.96
19598,4499.46
19599,4350.73
19600,3949.41
19601,4499.82
19602,4550.29
19603,4499.99
19604,4985.18
19605,2870.79
19606,3440.84
19607,3720.8
19608,3900.96
19609,5484.76
19610,6230.58
19611,6230.19
19612,6100.07
19613,4300.18
19614,3967.63
19615,3777.57
19616,3569.44
19617,3386.88
19618,3229
19619,3064.54
19620,2779.62
19621,3064.89
19622,3064.75
19623,2779.42
19624,2450.72
19625,2300.58
19626,2300.98
19627,2095.33
19628,2046.08
19629,2012.36
19630,1999.81
19631,1999.08
19632,1498.72
19633,999.95
19634,999.96
19635,999.99
19636,999.9
19637,999.55
19638,999.72
19639,1099.39
19640,1999
19641,1999.73
19642,2010.93
19643,2091.34
19644,2779.92
19645,3064.09
19646,3064.3
19647,3064.52
19648,3064.47
19649,2140.27
19650,2201.63
19651,2595.37
19652,2510.09
19653,2692.39
19654,2390.9
19655,2137.83
19656,2091.3
19657,2091.99
19658,2800.06
19659,3064.75
19660,3440.2
19661,10000
19662,10000
19663,10000
19664,10000
19665,10000
19666,10000
19667,10000
19668,10000
19669,10000
19670,10000
19671,10000
19672,10000
19673,10000
19674,10000
19675,10000
19676,10000
19677,10000
19678,10000
19679,10000
19680,10000
19681,10000
19682,10000
19683,10000
19684,10000
19685,10000
19686,10000
19687,10000
19688,10000
19689,5484.94
19690,4985.68
19691,4499.22
19692,4358.21
19693,4499.19
19694,4450.6
19695,4358.12
19696,3999.97
19697,4450.86
19698,4499.6
19699,4499.66
19700,4499.91
19701,3440.65
19702,3660.06
19703,4050.49
19704,4870.38
19705,6199.33
19706,7500.28
19707,7500.25
19708,6720.4
19709,4499.53
19710,4309.34
19711,3777.27
19712,3569.58
19713,3384.52
19714,3373.78
19715,3384.32
19716,3386.12
19717,3247.31
19718,3247.05
19719,3200.98
19720,3064.65
19721,2970.67
19722,2671.66
19723,2193.12
19724,2200.16
19725,2203.8
19726,2500.86
19727,2370.38
19728,2145.44
19729,2091.85
19730,2111.34
19731,2089.75
19732,2028.78
19733,1999.74
19734,1999.69
19735,1999.49
19736,2000.6
19737,2144.37
19738,2779.75
19739,3064.5
19740,3247.84
19741,3373.78
19742,3386.45
19743,3500.39
19744,3600.95
19745,3530.57
19746,3530.71
19747,3543.47
19748,3499.87
19749,3500.16
19750,3440.46
19751,3440.09
19752,2800.76
19753,3660.96
19754,3900.94
19755,4460.98
19756,4790.16
19757,10000
19758,10000
19759,10000
19760,10000
19761,10000
19762,10000
19763,10000
19764,10000
19765,10000
19766,10000
19767,10000
19768,10000
19769,10000
19770,10000
19771,10000
19772,10000
19773,10000
19774,10000
19775,10000
19776,10000
19777,10000
19778,10000
19779,10000
19780,10000
19781,8160.01
19782,6999.07
19783,5754.49
19784,4358.38
19785,3660.17
19786,3440.93
19787,3350.65
19788,3109.12
19789,3440.55
19790,3440.87
19791,3200.86
19792,3158.25
19793,2800.99
19794,3020.67
19795,2877.16
19796,3373.94
19797,2299.87
19798,2299.85
19799,2710.34
19800,2800.87
19801,3660.13
19802,3633.43
19803,3777.67
19804,3607.43
19805,3530.62
19806,3386.21
19807,3369.26
19808,3228.19
19809,2800.58
19810,2104.34
19811,2019.78
19812,1999.83
19813,2000.33
19814,2019.17
19815,2150.79
19816,2139.84
19817,2141.45
19818,2000.94
19819,1999.61
19820,1999.51
19821,2032.31
19822,2067.11
19823,2019.73
19824,1999.85
19825,1999.53
19826,1999.72
19827,1999.34
19828,1999.33
19829,1848.79
19830,1848.77
19831,1870.83
19832,1999.37
19833,1999.74
19834,2012.75
19835,2019.37
19836,2020.39
19837,2118.3
19838,2500.03
19839,3064.13
19840,3064.69
19841,2800.73
19842,3000.28
19843,3064.12
19844,3064.17
19845,3064.6
19846,3064.51
19847,3050.78
19848,3064.32
19849,3440.15
19850,3499.85
19851,3777.23
19852,4944.65
19853,9130.71
19854,10000
19855,10000
19856,10000
19857,10000
19858,10000
19859,10000
19860,10000
19861,10000
19862,10000
19863,10000
19864,10000
19865,10000
19866,10000
19867,10000
19868,10000
19869,10000
19870,10000
19871,10000
19872,10000
19873,10000
19874,10000
19875,10000
19876,10000
19877,10000
19878,6000.23
19879,4752.16
19880,4300.14
19881,4109.66
19882,3900.73
19883,3900.11
19884,3749.68
19885,3749.87
19886,3749.94
19887,3749.08
19888,3569.91
19889,3530.01
19890,3626.52
19891,3660.95
19892,3660.33
19893,3247.29
19894,3300.43
19895,3440.79
19896,3530.74
19897,4350.77
19898,4499.43
19899,4569.17
19900,4499.6
19901,4109.55
19902,3800.91
19903,3543.71
19904,3386.63
19905,3041.96
19906,3000.96
19907,3057
19908,2877.36
19909,2877.84
19910,2800.56
19911,2204.76
19912,2064.1
19913,1999.81
19914,1999.55
19915,1810.07
19916,1499.88
19917,1799.61
19918,1610.3
19919,1610.25
19920,1799.72
19921,1799.3
19922,1799.24
19923,1499.9
19924,1499.68
19925,1090.73
19926,1499.15
19927,1499.59
19928,1499.95
19929,1799.76
19930,1999.31
19931,1999.94
19932,2159.15
19933,2091.06
19934,2490.19
19935,3064.09
19936,3064.45
19937,2877.02
19938,3064.42
19939,3064.55
19940,3064.73
19941,3247.36
19942,3369.18
19943,3373.47
19944,3410.25
19945,3510.58
19946,3633.81
19947,4499.82
19948,5350.11
19949,10000
19950,10000
19951,10000
19952,10000
19953,10000
19954,10000
19955,10000
19956,10000
19957,10000
19958,10000
19959,10000
19960,10000
19961,10000
19962,10000
19963,10000
19964,10000
19965,10000
19966,10000
19967,10000
19968,10000
19969,10000
19970,10000
19971,10000
19972,10000
19973,3530.45
19974,3440.34
19975,3440.4
19976,3247.98
19977,2710.69
19978,2510.14
19979,2490.58
19980,2264.85
19981,3247.56
19982,3000.51
19983,2595.37
19984,2170.08
19985,2540.65
19986,2700.15
19987,2710.44
19988,2877.33
19989,2512.75
19990,2600.96
19991,2940.59
19992,3000.59
19993,3530.8
19994,4358.21
19995,4358.88
19996,3967.33
19997,3607.93
19998,3499.38
19999,3369.99
20000,3208.02
20001,3057.9
20002,3057.75
20003,3064.59
20004,3064.11
20005,2877.95
20006,2709.97
20007,2709.24
20008,2130.92
20009,2036.82
20010,1999.87
20011,1885
20012,1848.7
20013,1870.03
20014,1999.04
20015,1578.7
20016,1498.41
20017,1512.58
20018,1636.53
20019,1635.82
20020,1498.98
20021,999.98
20022,999.92
20023,1199.5
20024,1848.25
20025,1999.17
20026,1999.54
20027,2019.94
20028,2197.89
20029,2032.03
20030,2219.79
20031,3064.18
20032,3064.85
20033,3064.32
20034,3064.66
20035,3109.41
20036,3064.83
20037,3247.1
20038,3064.65
20039,2671.46
20040,2390.96
20041,2877.03
20042,3247.77
20043,3500.74
20044,3900.66
20045,9130.13
20046,10000
20047,10000
20048,10000
20049,10000
20050,10000
20051,10000
20052,10000
20053,10000
20054,10000
20055,10000
20056,10000
20057,10000
20058,10000
20059,10000
20060,10000
20061,10000
20062,10000
20063,10000
20064,10000
20065,10000
20066,10000
20067,10000
20068,10000
20069,5893.82
20070,5000.57
20071,4718.09
20072,4499.48
20073,4376.79
20074,4356.38
20075,4356.02
20076,4356.16
20077,4356.62
20078,4356.61
20079,4356.53
20080,4356.58
20081,4356.89
20082,4356.69
20083,4356.26
20084,4356.12
20085,3340.43
20086,3340.59
20087,3340.54
20088,3340.43
20089,3994.57
20090,4358.45
20091,4189.42
20092,3967.26
20093,3543.58
20094,3440.89
20095,3373.5
20096,3300.93
20097,3057.83
20098,3057.58
20099,2595.59
20100,2400.68
20101,2149.66
20102,2019.41
20103,1809
20104,1575.97
20105,1809.31
20106,1577.97
20107,1809.42
20108,1809.84
20109,1512.73
20110,1512.66
20111,867.68
20112,796.05
20113,699.78
20114,699.05
20115,599.92
20116,599.77
20117,599.38
20118,599.37
20119,599.2
20120,599.54
20121,599.55
20122,599.96
20123,699.56
20124,999.8
20125,796.81
20126,1299.04
20127,1919.52
20128,1999.98
20129,2117.26
20130,2200.39
20131,2877.02
20132,2595.86
20133,2465.84
20134,2595.23
20135,2490.25
20136,2430.58
20137,2199.83
20138,2199.79
20139,2199.68
20140,3247.58
20141,4358.22
20142,5999.73
20143,10000
20144,10000
20145,10000
20146,10000
20147,10000
20148,10000
20149,10000
20150,10000
20151,10000
20152,10000
20153,10000
20154,10000
20155,10000
20156,10000
20157,10000
20158,10000
20159,10000
20160,10000
20161,10000
20162,10000
20163,10000
20164,10000
20165,5484.06
20166,4710.16
20167,4130.1
20168,4080.92
20169,4309.03
20170,4080.78
20171,4080.13
20172,3930.02
20173,4130.82
20174,4090.39
20175,4080.04
20176,3930.24
20177,4300.88
20178,4300.86
20179,4300.72
20180,4300.7
20181,3430.8
20182,3500.78
20183,3520.7
20184,3650.11
20185,4700
20186,5260.46
20187,5260.23
20188,4729.42
20189,4176.83
20190,4080.4
20191,3958.97
20192,3820.28
20193,3740.41
20194,3650.02
20195,3588.05
20196,3686.27
20197,3520.37
20198,3520.07
20199,3386.16
20200,3430.12
20201,3247.79
20202,3064.14
20203,3050.56
20204,3000.94
20205,2800.16
20206,2709.28
20207,2709.09
20208,2499.37
20209,2091.14
20210,2056.93
20211,2070.35
20212,2034.63
20213,1999.78
20214,1999.7
20215,1999.65
20216,1999.91
20217,2046.66
20218,2465.7
20219,2869.05
20220,3064.39
20221,3064.01
20222,3247.25
20223,3386.49
20224,3520.32
20225,3520.85
20226,3999.03
20227,4080.23
20228,3999.66
20229,4264.04
20230,4080.39
20231,3749.88
20232,3749.62
20233,4499.45
20234,4870.77
20235,5410.71
20236,5900.49
20237,10000
20238,10000
20239,10000
20240,10000
20241,10000
20242,10000
20243,10000
20244,10000
20245,10000
20246,10000
20247,10000
20248,10000
20249,10000
20250,10000
20251,10000
20252,10000
20253,10000
20254,10000
20255,10000
20256,10000
20257,10000
20258,10000
20259,10000
20260,10000
20261,10000
20262,10000
20263,10000
20264,10000
20265,5900.85
20266,5740.16
20267,5600.74
20268,5600.46
20269,5600.57
20270,5484.88
20271,5484.52
20272,5484.27
20273,5800.95
20274,5900.26
20275,5900.06
20276,5484.87
20277,3820.25
20278,3820.79
20279,4080.47
20280,4499.1
20281,5484.25
20282,5800.74
20283,6800.06
20284,5850.19
20285,5000.04
20286,4700.7
20287,4700.52
20288,4499.82
20289,4309.6
20290,4080.99
20291,3800.29
20292,3500.67
20293,3430.64
20294,3430.31
20295,3384.6
20296,3249.56
20297,3000.67
20298,3250.44
20299,3250.08
20300,3064.59
20301,3064.96
20302,3300.64
20303,3247.99
20304,3373.03
20305,3247.45
20306,3064.2
20307,2999.51
20308,2800.9
20309,2420.76
20310,2097.88
20311,2420.2
20312,2999.13
20313,3064.76
20314,3247.19
20315,3373.24
20316,3373.73
20317,3386.78
20318,3430.57
20319,3499.44
20320,3520.62
20321,3460.78
20322,3520.71
20323,3749.5
20324,3949.28
20325,3749.62
20326,3749.85
20327,3650.26
20328,4070.65
20329,4499.61
20330,4690.12
20331,6230.97
20332,6600.31
20333,10000
20334,10000
20335,10000
20336,10000
20337,10000
20338,10000
20339,10000
20340,10000
20341,10000
20342,10000
20343,10000
20344,10000
20345,10000
20346,10000
20347,10000
20348,10000
20349,10000
20350,10000
20351,10000
20352,10000
20353,10000
20449,3091.14
20354,10000
20450,3070.2
20355,10000
20451,3000.96
20356,10000
20452,2994.19
20357,10000
20453,2992.01
20358,10000
20454,2850.41
20359,10000
20455,2733.5
20360,10000
20456,2525.69
20361,10000
20457,2499.62
20362,10000
20458,2499.1
20363,10000
20459,2499.32
20364,10000
20460,2499.18
20365,10000
20461,2499.32
20366,10000
20462,2499.32
20367,10000
20463,2450.84
20368,10000
20464,2450.43
20369,10000
20465,2499.64
20370,10000
20466,2800.06
20371,10000
20467,2835.27
20372,10000
20468,2540.21
20373,6500.77
20469,2950.4
20374,7190.01
20470,2999.28
20375,7190.5
20471,3142.83
20376,7213
20472,3428.81
20377,9999.61
20473,3800.75
20378,10000
20474,4350.66
20379,10000
20475,4999.23
20380,10000
20476,5240.85
20381,10000
20477,10000
20382,7999.6
20478,10000
20383,6700.44
20479,10000
20384,6500.95
20480,10000
20385,5500.66
20481,10000
20386,5500.41
20482,10000
20387,4800.44
20483,10000
20388,4500.14
20484,10000
20389,4499.07
20485,10000
20390,4310.27
20486,10000
20391,3698.76
20487,10000
20392,3500.03
20488,10000
20393,3386.99
20489,10000
20394,3384.96
20490,10000
20395,3373.06
20491,10000
20396,3340.65
20492,10000
20397,3340.6
20493,10000
20398,3340.96
20494,8000
20399,3340.54
20495,5632.69
20400,3340.4
20496,4999.95
20401,3340.43
20497,4525.73
20402,3340.34
20498,4958.45
20403,3250.76
20499,4850.83
20404,3247.45
20500,4219.67
20405,3240.56
20501,3610.34
20406,3095.88
20502,3592.14
20407,3064.33
20503,3630.25
20408,3109.08
20504,3630.25
20409,3373.02
20505,3748.28
20410,3373.94
20506,3630.39
20411,3384.12
20507,3752.01
20412,3386.37
20508,4000.24
20413,3430.88
20509,4550.2
20414,3650.81
20510,4278.9
20415,4130.11
20511,5209.14
20416,4300.17
20512,5209.29
20417,4300.33
20513,5240.93
20418,4499.9
20514,6010.67
20419,4800.42
20515,10000
20420,4800.23
20516,10000
20421,5100.73
20517,10000
20422,4800.28
20518,10000
20423,4780.87
20519,10000
20424,4800.01
20520,10000
20425,6230.27
20521,10000
20426,6500.41
20522,10000
20427,10000
20523,10000
20428,10000
20524,10000
20429,10000
20525,10000
20430,10000
20526,10000
20431,10000
20527,10000
20432,10000
20528,10000
20433,10000
20529,7726.92
20434,10000
20530,5240.51
20435,10000
20531,4958.49
20436,10000
20532,4168.77
20437,10000
20533,3909.67
20438,10000
20534,3899.88
20439,10000
20535,3899.8
20440,10000
20536,3525.39
20441,10000
20537,3000.3
20442,10000
20538,3000.5
20443,10000
20539,2950.9
20444,10000
20540,3010.98
20445,10000
20541,3100.19
20446,10000
20542,3120.61
20447,10000
20543,3085.29
20448,10000
20544,3015.4
20545,3180.08
20546,3076.86
20547,3076.93
20548,3076.96
20549,3050.17
20550,3021.04
20551,2901.3
20552,2860.71
20553,2900.24
20554,2846.61
20555,2750.45
20556,2712.51
20557,2629.08
20558,2587.56
20559,2587.89
20560,2587.37
20561,3055.72
20562,3133.29
20563,3147.26
20564,3143.68
20565,3300.12
20566,3310.69
20567,3133.76
20568,3200.89
20569,3620.07
20570,4800.76
20571,10000
20572,10000
20573,10000
20574,10000
20575,10000
20576,10000
20577,10000
20578,10000
20579,10000
20580,10000
20581,10000
20582,10000
20583,10000
20584,10000
20585,10000
20586,10000
20587,6570.37
20588,5309.07
20589,5500.51
20590,4999.24
20591,4428.6
20592,4355.29
20593,3890.28
20594,3755.39
20595,3750.42
20596,3709.73
20597,3525.21
20598,3501.31
20599,3502.5
20600,3437.99
20601,3437.67
20602,3525.41
20603,3693.04
20604,3693.63
20605,3846.1
20606,3850.42
20607,4129.51
20608,4428.7
20609,3850.91
20610,4100.1
20611,3850.42
20612,4100.45
20613,6500.05
20614,10000
20615,10000
20616,10000
20617,10000
20618,10000
20619,10000
20620,10000
20621,10000
20622,10000
20623,10000
20624,10000
20625,9070.64
20626,8500.27
20627,8500.12
20628,8000.01
20629,5740.48
20630,5326.89
20631,5100.02
20632,4999.4
20633,4039.06
20634,3890.67
20635,3693.02
20636,3617
20637,3525.4
20638,3525.99
20639,3570.83
20640,3550.48
20641,3800.44
20642,3658.26
20643,3634.93
20644,3634.34
20645,3634.02
20646,3506.65
20647,3499.28
20648,3316.98
20649,3310.01
20650,3300.31
20651,3298.38
20652,3260.04
20653,3190.82
20654,3185.84
20655,3185.32
20656,3185.32
20657,3184.83
20658,3272.43
20659,3287.91
20660,3305.56
20661,3658.33
20662,3658.65
20663,3749.64
20664,3850.49
20665,3730.83
20666,4039.96
20667,4469.85
20668,4783.25
20669,5722.02
20670,7499.47
20671,8000.18
20672,8000.43
20673,7000.18
20674,6500.16
20675,5000.39
20676,4800.01
20677,5000.93
20678,5181.28
20679,5000.23
20680,4000.25
20681,3658.58
20682,3658.71
20683,3658.62
20684,3658.39
20685,3500.29
20686,3330.86
20687,3214.95
20688,3140.06
20689,3000.59
20690,2850.15
20691,2837.76
20692,2837.04
20693,2400.01
20694,2373.35
20695,2374
20696,2400.02
20697,2499.74
20698,2710.51
20699,2837.89
20700,2890.97
20701,2999.82
20702,3050.59
20703,3112.91
20704,3185.99
20705,3295.96
20706,3510.65
20707,3643.62
20708,3658.94
20709,3499.98
20710,3380.28
20711,3634.46
20712,3634.5
20713,3740.77
20714,3999.2
20715,4469.72
20716,4999.1
20717,5181.36
20718,5999.83
20719,5500.24
20720,5181.58
20721,4658.11
20722,4600.76
20723,4563.41
20724,4563.14
20725,4469.68
20726,4200.58
20727,4139.32
20728,4039.73
20729,3970.03
20730,3740.51
20731,3658.89
20732,3658.8
20733,3658.4
20734,3658.64
20735,3658.64
20736,3658.17
20737,8001.66
20738,7529.7
20739,5999.68
20740,5000.86
20741,4749.92
20742,4719.79
20743,4719.14
20744,4279.71
20745,4273.82
20746,4279.02
20747,3989.57
20748,3949.7
20749,3949.78
20750,3989.29
20751,3989.05
20752,3989.16
20753,3802.11
20754,3802.81
20755,3905.5
20756,3989.43
20757,4273.4
20758,4589
20759,4719.14
20760,4649.73
20761,4960.66
20762,5270.86
20763,5376.2
20764,4890.83
20765,4279.03
20766,4000.75
20767,3855.96
20768,3550.95
20769,3510.36
20770,3460.72
20771,3400.22
20772,3414.01
20773,3470.27
20774,3510.6
20775,3510.8
20776,3510.57
20777,3470.01
20778,3500.65
20779,3380.96
20780,3353.49
20781,3260.44
20782,3159.11
20783,2989.7
20784,2883.93
20785,2883.08
20786,2849.23
20787,2883.39
20788,2883.29
20789,2760.1
20790,2760.53
20791,2760.55
20792,2883.27
20793,2989.75
20794,3000.93
20795,3260.53
20796,3353.32
20797,3510.3
20798,3530.36
20799,3642.43
20800,3989.67
20801,4279.02
20802,4516.44
20803,4719.8
20804,4999.35
20805,4710.9
20806,4999.92
20807,4719.75
20808,4999.85
20809,4589.57
20810,5070.89
20811,5500.81
20812,10000
20813,10000
20814,10000
20815,10000
20816,10000
20817,5999.3
20818,5719.02
20819,5999.13
20820,5750.63
20821,6719.43
20822,6719.58
20823,6719.9
20824,5719.87
20825,6719.89
20826,7000.7
20827,7529.12
20828,10000
20829,10000
20830,10000
20831,10000
20832,10000
20833,10000
20834,10000
20835,10000
20836,10000
20837,10000
20838,9999.72
20839,7499.95
20840,5061.81
20841,4500.27
20842,4179.5
20843,4179.11
20844,3955.08
20845,3800.34
20846,3783.45
20847,3681.42
20848,3694.25
20849,3741.37
20850,3985.35
20851,3769.34
20852,3949.14
20853,3640.43
20854,3830.91
20855,4000.86
20856,4499.06
20857,5000.09
20858,5061.42
20859,4778.44
20860,4320.93
20861,4000.56
20862,3654.51
20863,3568.26
20864,3350.16
20865,3111.11
20866,2979.64
20867,2670.4
20868,1999.99
20869,2900.02
20870,2928.44
20871,3000.02
20872,3000.7
20873,2800.32
20874,3000.25
20875,3000.08
20876,3000.35
20877,2712.69
20878,2550.16
20879,2200.36
20880,1999.97
20881,2000.99
20882,2000
20883,1999.92
20884,1999.79
20885,1999.78
20886,1999.81
20887,1999.81
20888,2000.27
20889,3125.62
20890,3125.63
20891,3000.06
20892,2900.56
20893,2912.2
20894,3487.97
20895,3599.57
20896,3824.33
20897,3730.38
20898,3824.1
20899,3730.12
20900,3741.31
20901,3690.8
20902,3619.88
20903,3682.27
20904,3539.84
20905,3252.98
20906,3599.32
20907,4012.08
20908,4519.26
20909,6000.27
20910,7499.02
20911,10000
20912,10000
20913,10000
20914,10000
20915,10000
20916,10000
20917,10000
20918,10000
20919,10000
20920,10000
20921,10000
20922,10000
20923,10000
20924,10000
20925,10000
20926,10000
20927,10000
20928,10000
20929,9999.57
20930,9799.51
20931,5280.79
20932,5050.89
20933,4999.91
20934,4799.77
20935,4799.39
20936,4455.73
20937,3219.91
20938,3251.78
20939,3350.66
20940,3299.89
20941,3000.01
20942,2940.27
20943,3000.17
20944,2749.26
20945,2350.13
20946,2900.87
20947,2808.57
20948,2925.09
20949,3219.67
20950,3398.05
20951,3368.3
20952,3219.24
20953,3268.09
20954,3250.36
20955,2890.59
20956,2890.7
20957,3268.74
20958,3219.74
20959,3010.01
20960,2705.88
20961,2000.88
20962,2000.11
20963,2325.05
20964,1699.98
20965,1999.26
20966,1799.88
20967,1799.53
20968,1699.99
20969,2400.84
20970,2705.5
20971,2613.98
20972,2705.54
20973,2700.14
20974,2325.72
20975,2700.15
20976,2525
20977,1699.99
20978,2000.4
20979,2500.92
20980,1999.16
20981,1699.78
20982,1699.95
20983,3000.03
20984,3240.28
20985,3350.76
20986,3640.14
20987,3640.83
20988,3647.89
20989,3647.22
20990,3736.73
20991,3800.21
20992,3860.01
20993,3830.45
20994,3830.21
20995,3830.67
20996,3736.35
20997,3400.19
20998,3460.16
20999,3372.13
21000,3219.96
21001,3417.54
21002,3999.04
21003,4069.76
21004,3949.19
21005,4000.75
21006,4750.42
21007,4999.3
21008,5050.41
21009,4999.89
21010,5000.44
21011,9990.15
21012,9990.55
21013,10000
21014,10000
21015,10000
21016,10000
21017,10000
21018,10000
21019,10000
21020,10000
21021,10000
21022,10000
21023,10000
21024,10000
21025,3469.57
21026,3410.55
21027,3398.99
21028,3369.62
21029,3369.09
21030,3239.09
21031,3099.14
21032,3057.13
21033,3039.34
21034,2973.72
21035,2973.13
21036,2973.1
21037,2877.24
21038,2800.48
21039,2800.34
21040,2800.04
21041,2730.31
21042,2710.99
21043,2740.52
21044,2800.73
21045,2639.47
21046,2710.33
21047,2800.6
21048,2639.98
21049,3019.19
21050,2973.65
21051,2800.78
21052,2639.2
21053,2639.4
21054,2639.19
21055,2618.22
21056,2375.36
21057,2375.58
21058,2375.47
21059,2370.66
21060,2316.4
21061,2273.16
21062,2273.49
21063,2316.97
21064,2370.37
21065,2273.84
21066,2370.01
21067,2370.17
21068,2091.91
21069,2091.08
21070,2091.02
21071,1638.62
21072,1327.08
21073,1326.85
21074,1196.84
21075,1196.98
21076,1196.95
21077,1196.76
21078,1196.49
21079,1196.83
21080,1325.81
21081,1575.84
21082,1575.35
21083,1752.74
21084,2091.41
21085,2490.51
21086,2877.26
21087,2973.67
21088,2999.22
21089,3035.89
21090,3044.32
21091,3050.41
21092,3050.51
21093,3159.82
21094,3159.39
21095,3239.18
21096,3349.21
21097,3349.5
21098,3369.79
21099,3900.88
21100,4119.45
21101,5725.69
21102,10000
21103,10000
21104,10000
21105,10000
21106,10000
21107,10000
21108,10000
21109,10000
21110,10000
21111,10000
21112,10000
21113,10000
21114,10000
21115,10000
21116,10000
21117,10000
21118,10000
21119,10000
21120,10000
21121,5260.75
21122,4300.66
21123,3911.24
21124,3512.42
21125,3499.4
21126,3430.66
21127,3430.19
21128,3421.07
21129,3340.75
21130,3196.89
21131,3128.42
21132,3160.99
21133,3340.34
21134,3145.39
21135,3048.64
21136,3039.41
21137,3430.02
21138,3399.82
21139,3430.06
21140,3430.36
21141,2710.41
21142,3018.9
21143,3100.49
21144,3430.11
21145,4064.38
21146,4130.3
21147,4139.12
21148,4130.71
21149,3689.83
21150,3520.43
21151,3436.62
21152,3384.78
21153,2871.17
21154,2871.01
21155,2749.63
21156,2680.56
21157,2689.98
21158,2435.31
21159,2285.95
21160,2129.87
21161,2119.85
21162,2109.68
21163,2119.21
21164,2109.03
21165,2099.29
21166,2099.07
21167,1999.83
21168,1999.65
21169,1999.43
21170,1999.32
21171,1999.17
21172,1928.44
21173,1846.11
21174,1850.7
21175,1989.54
21176,1999.24
21177,1999.73
21178,2099.12
21179,2012.24
21180,2119.16
21181,2129.36
21182,2149.29
21183,2558.13
21184,2749.58
21185,2749.81
21186,3079.64
21187,3430.16
21188,3430.93
21189,3448.24
21190,3439.08
21191,3373.47
21192,3430.69
21193,3520.52
21194,3700.69
21195,4710.66
21196,5100.43
21197,10000
21198,10000
21199,10000
21200,10000
21201,10000
21202,10000
21203,10000
21204,10000
21205,10000
21206,10000
21207,10000
21208,10000
21209,10000
21210,10000
21211,10000
21212,10000
21213,10000
21214,10000
21215,10000
21216,10000
21217,4200.85
21218,4169.88
21219,4169.54
21220,4146.09
21221,4019.7
21222,4000.59
21223,3800.6
21224,3499.81
21225,3366.32
21226,3279.27
21227,3000.93
21228,3100.55
21229,2900.97
21230,3000.38
21231,3000.6
21232,3000.28
21233,3000.52
21234,3000.79
21235,3114.15
21236,3279.19
21237,2870.15
21238,2900.88
21239,2919.34
21240,2969.83
21241,3000.42
21242,3100.86
21243,2999.55
21244,2969.54
21245,2900.92
21246,2879.94
21247,2782.67
21248,2499.35
21249,1989.76
21250,1509.48
21251,1439.03
21252,1509.01
21253,1199.82
21254,999.73
21255,999.16
21256,744.07
21257,698.27
21258,657.48
21259,654.96
21260,596.93
21261,675.27
21262,681.13
21263,696.71
21264,596.82
21265,596.09
21266,596.11
21267,499.68
21268,499.38
21269,471.77
21270,499.02
21271,596.78
21272,687.84
21273,747.47
21274,747.85
21275,930.53
21276,1499.3
21277,1710.14
21278,2499.83
21279,2139.28
21280,2060.22
21281,2700.08
21282,2569.69
21283,2569.89
21284,2850.1
21285,2879.28
21286,2879.04
21287,2891.71
21288,2969.04
21289,2999.07
21290,3000.56
21291,3000.09
21292,3000.23
21293,4000.7
21294,4609.89
21295,5259.05
21296,5529.18
21297,5367.51
21298,5367.71
21299,5367.86
21300,5499.02
21301,5529.8
21302,5529.82
21303,5529.81
21304,5529.75
21305,5010.81
21306,4999.68
21307,4609.45
21308,4568.2
21309,4545.05
21310,4568
21311,4379.41
21312,4239.58
21313,8600.43
21314,8600.35
21315,7100.45
21316,5700.75
21317,5500.55
21318,5439.94
21319,5000.09
21320,4799.46
21321,4099.45
21322,4000.14
21323,3979.38
21324,3962.26
21325,3990.17
21326,3979.76
21327,3980.86
21328,3960.84
21329,3599.86
21330,3599.77
21331,3600.8
21332,3600.63
21333,3799.01
21334,4010.63
21335,4285.14
21336,4285.91
21337,4469.08
21338,4450.25
21339,4240.88
21340,4010.75
21341,3979.51
21342,4000.23
21343,3695.36
21344,3685.19
21345,3500.87
21346,3211.59
21347,3120.66
21348,3060.55
21349,3060.8
21350,3032.48
21351,2880.62
21352,2880.45
21353,2799.82
21354,2870.4
21355,2880.39
21356,2880.46
21357,2799.16
21358,2799.41
21359,2749.87
21360,2799.59
21361,2859.54
21362,2880.56
21363,2880.8
21364,2900.43
21365,2880.46
21366,2799.9
21367,2799.59
21368,2799.57
21369,2880.94
21370,3060.66
21371,3093.51
21372,3210.77
21373,3599.23
21374,3685.22
21375,3695.02
21376,3704
21377,3711.91
21378,4000.8
21379,4435.28
21380,4700.84
21381,4799.27
21382,5000.76
21383,6000.81
21384,10000
21385,10000
21386,10000
21387,10000
21388,10000
21389,10000
21390,10000
21391,10000
21392,10000
21393,10000
21394,10000
21395,10000
21396,10000
21397,10000
21398,10000
21399,10000
21400,10000
21401,10000
21402,10000
21403,10000
21404,10000
21405,10000
21406,10000
21407,10000
21408,10000
21409,3000.8
21410,3020
21411,3000.37
21412,2870.94
21413,2870.03
21414,2752.45
21415,2719.16
21416,2705.06
21417,2749.19
21418,2715.69
21419,2762.2
21420,2800.09
21421,2752.46
21422,2752
21423,2752.21
21424,2736.4
21425,2749.04
21426,2719.4
21427,2650.35
21428,2663.81
21429,2870.3
21430,3000.38
21431,3176.64
21432,3176.58
21433,3519.27
21434,3642.82
21435,3699.31
21436,3743.67
21437,3689.28
21438,3649.31
21439,3642.51
21440,3414.81
21441,3165.01
21442,3000.14
21443,2921.35
21444,2749.33
21445,2717.17
21446,2717.84
21447,2717.14
21448,2675.41
21449,2547.82
21450,2610.22
21451,2594.23
21452,2610.05
21453,2139.58
21454,2300.11
21455,2100.49
21456,2100.4
21457,2051.77
21458,2000.23
21459,1989.89
21460,2000.09
21461,1850.91
21462,1870.38
21463,2100.28
21464,2500.55
21465,2542.22
21466,2500.33
21467,2592.52
21468,2660.63
21469,2870.02
21470,2921.58
21471,3022.93
21472,3180.37
21473,3258.18
21474,3518.51
21475,3689.23
21476,4000.54
21477,4963.09
21478,5499.56
21479,6900.38
21480,10000
21481,10000
21482,10000
21483,9489.32
21484,6500.85
21485,4963.91
21486,4439.69
21487,4379.17
21488,4000.26
21489,3559.14
21490,3559.68
21491,3559.02
21492,3559.08
21493,3400.79
21494,3069.93
21495,3069.71
21496,3069.55
21497,3000.11
21498,3069.02
21499,3020.71
21500,3020.28
21501,3020.11
21502,3000.78
21503,2954.41
21504,2954.48
21505,2700.94
21506,2700.62
21507,2700.55
21508,2700.13
21509,2649
21510,2624.09
21511,2610.89
21512,2600.72
21513,2512.62
21514,2512.35
21515,2512.54
21516,2512.4
21517,2512.77
21518,2512.66
21519,2512.56
21520,2512.66
21521,2610.18
21522,2649.17
21523,2700.1
21524,2752.65
21525,2854.82
21526,2951.23
21527,3100.08
21528,3089.92
21529,3388.25
21530,3510.09
21531,3500.56
21532,3510.23
21533,4029.12
21534,4056.8
21535,4500.03
21536,4256.36
21537,4115.54
21538,4256.13
21539,4056.34
21540,4000.45
21541,3739.53
21542,3550.1
21543,3403.02
21544,3127.71
21545,3030.48
21546,2790.95
21547,2790.23
21548,2595.41
21549,2360.64
21550,2360.3
21551,2360.89
21552,2393.43
21553,2360.69
21554,2360.71
21555,2254.1
21556,2232.82
21557,2010.24
21558,2000.31
21559,2080.39
21560,2088.41
21561,2223.73
21562,2393.06
21563,2432.54
21564,2459.52
21565,2629.94
21566,2765.4
21567,2846.68
21568,2952
21569,3100.81
21570,3388.17
21571,3549.38
21572,3558.81
21573,4000.23
21574,4010.69
21575,3775.17
21576,3775.89
21577,4600.5
21578,5000.69
21579,4650.55
21580,4029.9
21581,3120.3
21582,3120.77
21583,3210.04
21584,3210.09
21585,3127.17
21586,3210.36
21587,3127.42
21588,3210.51
21589,3069.54
21590,3060.92
21591,3060.56
21592,2951.97
21593,2752.04
21594,2700.15
21595,2649.99
21596,2649.92
21597,2624.79
21598,2649.55
21599,2649.18
21600,2610.42
21601,10000
21602,10000
21603,10000
21604,10000
21605,7466.41
21606,5950.75
21607,4999.54
21608,4435.71
21609,4370.89
21610,4288.74
21611,4146.71
21612,4090.51
21613,4049.37
21614,3957.66
21615,3950.49
21616,3929.9
21617,4049.65
21618,4049.86
21619,4049.67
21620,4049.9
21621,3670.46
21622,3749.22
21623,3869.59
21624,3739.27
21625,4279
21626,4279.92
21627,4279.76
21628,4279.65
21629,4070.13
21630,3749.94
21631,3510.63
21632,3439.7
21633,3430.18
21634,3373.37
21635,3159.44
21636,3079.9
21637,2877.01
21638,2749.93
21639,2607.5
21640,2528.79
21641,2510.67
21642,2510.94
21643,2500.24
21644,2568.5
21645,2510.49
21646,2510.66
21647,2140.36
21648,2129.18
21649,2099.49
21650,2099.72
21651,2099.83
21652,2099.97
21653,2099.45
21654,2099.22
21655,2099.93
21656,2109.75
21657,2149.72
21658,2510.91
21659,2692.85
21660,2510.97
21661,3064.04
21662,3000.23
21663,3373.07
21664,3384.67
21665,3430.67
21666,3474.55
21667,3474.96
21668,3510.32
21669,3531.61
21670,3480.88
21671,3510.31
21672,3689.01
21673,4064.44
21674,4690.35
21675,7000.08
21676,7500.94
21677,10000
21678,10000
21679,10000
21680,10000
21681,10000
21682,10000
21683,10000
21684,10000
21685,10000
21686,10000
21687,10000
21688,10000
21689,10000
21690,10000
21691,10000
21692,10000
21693,10000
21694,10000
21695,10000
21696,10000
21697,10000
21698,10000
21699,10000
21700,10000
21701,10000
21702,10000
21703,7489.54
21704,5679.07
21705,4999.54
21706,4769.58
21707,4288.91
21708,4279.42
21709,4288.89
21710,4370.33
21711,4288.41
21712,4187.46
21713,4370.04
21714,4288.7
21715,4288.41
21716,4288.79
21717,4370.08
21718,4370.77
21719,4401.56
21720,4396.3
21721,4679.23
21722,4900.91
21723,5064.3
21724,5000.86
21725,5328.05
21726,4600.53
21727,4279.41
21728,4070.65
21729,3645.39
21730,3510.96
21731,3480.06
21732,3478.44
21733,3386.69
21734,3418.55
21735,3500.92
21736,3500.51
21737,3386.1
21738,3373.25
21739,3247.83
21740,3178.73
21741,3114.71
21742,3114
21743,3074
21744,3024.12
21745,2999.85
21746,2999.77
21747,2999.4
21748,2999.79
21749,2999.17
21750,2940.87
21751,2999.5
21752,3019.63
21753,3070.79
21754,3171.01
21755,3309.34
21756,3373.53
21757,3399.03
21758,3499.78
21759,3499.6
21760,3510.31
21761,3690
21762,3950.12
21763,4187.33
21764,4370.47
21765,4370.01
21766,4279.1
21767,4219.42
21768,4279.58
21769,4460.31
21770,4770.46
21771,5740.69
21772,10000
21773,10000
21774,10000
21775,10000
21776,10000
21777,10000
21778,10000
21779,10000
21780,10000
21781,10000
21782,10000
21783,10000
21784,10000
21785,10000
21786,10000
21787,10000
21788,10000
21789,10000
21790,10000
21791,10000
21792,10000
21793,10000
21794,10000
21795,10000
21796,10000
21797,10000
21798,10000
21799,7489.24
21800,5729.59
21801,4539.42
21802,4480.75
21803,4475.72
21804,4480.25
21805,4290.29
21806,4288.21
21807,4290.13
21808,4349.59
21809,4480.04
21810,4480.86
21811,4480.82
21812,4539.14
21813,4279.82
21814,4349.25
21815,4435.31
21816,4288.7
21817,4679.99
21818,5000.19
21819,5000.04
21820,4480.51
21821,4279.9
21822,4279.34
21823,3646.8
21824,3386.05
21825,2900.03
21826,2692.99
21827,2614.42
21828,2569.49
21829,2350.06
21830,1667.77
21831,1600.73
21832,1328.97
21833,1325.45
21834,1302.94
21835,1297.45
21836,1200.52
21837,999.32
21838,1012.06
21839,1000.96
21840,1199.73
21841,1199.14
21842,1297.37
21843,1297.26
21844,1325.76
21845,1297
21846,1326.65
21847,1600.57
21848,1732.01
21849,1789.2
21850,1789.9
21851,1836.93
21852,1900.43
21853,2519.57
21854,2574.34
21855,2594.81
21856,2550.24
21857,2668.43
21858,2670.43
21859,2682.59
21860,2800.1
21861,2900.97
21862,2670.73
21863,2670.12
21864,2603.15
21865,2900.05
21866,2999.39
21867,3969.68
21868,4480.74
21869,10000
21870,10000
21871,10000
21872,10000
21873,10000
21874,10000
21875,10000
21876,10000
21877,10000
21878,10000
21879,10000
21880,10000
21881,10000
21882,10000
21883,10000
21884,10000
21885,10000
21886,10000
21887,10000
21888,10000
21889,10000
21890,10000
21891,10000
21892,10000
21893,10000
21894,10000
21895,7489.25
21896,5829.28
21897,5350.89
21898,4500.49
21899,4500.2
21900,4450.74
21901,4196.44
21902,4279.05
21903,4288.12
21904,4230.14
21905,4288.14
21906,4288.3
21907,4350.17
21908,4499.44
21909,4279.21
21910,4290.1
21911,4290.95
21912,5550.5
21913,5829.55
21914,7489.5
21915,5829.89
21916,5600.1
21917,5000.98
21918,4690.27
21919,3957.8
21920,3569.63
21921,3480.25
21922,3531.47
21923,3569.17
21924,3569.26
21925,3569.75
21926,3686.7
21927,3686.35
21928,3590.42
21929,3430.42
21930,3442.05
21931,3442.6
21932,3442.26
21933,3252.92
21934,3285.01
21935,3249.08
21936,3129.34
21937,3068.04
21938,3048.39
21939,3038.67
21940,3019.38
21941,2996.5
21942,2996.8
21943,3019.22
21944,3033
21945,3128.12
21946,3309.22
21947,3309.82
21948,3318.95
21949,3460.94
21950,3531.85
21951,3599
21952,3531.94
21953,3599.39
21954,3800.33
21955,4199.75
21956,4289.36
21957,4289.88
21958,3957.58
21959,3950.75
21960,4000.14
21961,5400.77
21962,5550.01
21963,8499.8
21964,10000
21965,10000
21966,10000
21967,10000
21968,10000
21969,10000
21970,10000
21971,10000
21972,10000
21973,10000
21974,10000
21975,10000
21976,10000
21977,10000
21978,10000
21979,10000
21980,10000
21981,10000
21982,10000
21983,10000
21984,10000
21985,10000
21986,10000
21987,10000
21988,10000
21989,10000
21990,8000.58
21991,5839.98
21992,5550.88
21993,4000.62
21994,4000.34
21995,3999.45
21996,3969.76
21997,4049.2
21998,4195.8
21999,4049.41
22000,4000.44
22001,4049.96
22002,4197.53
22003,4197.14
22004,4279.32
22005,3858.07
22006,3969.8
22007,4049.58
22008,4049.95
22009,4400.5
22010,4600.99
22011,4288.78
22012,4197.56
22013,4279.01
22014,4000.53
22015,3689.95
22016,3478.38
22017,3436.56
22018,3436.51
22019,3358.84
22020,3309.79
22021,3254.32
22022,3190.17
22023,3287.85
22024,3150.85
22025,3024.61
22026,3039.86
22027,3042.56
22028,3042.87
22029,3000.69
22030,2999.9
22031,2969.62
22032,2840.45
22033,2749.4
22034,2710.11
22035,2673.26
22036,2599.01
22037,2599.57
22038,2299.9
22039,2671.64
22040,2840.04
22041,2989.94
22042,3039.03
22043,3085.06
22044,3151.07
22045,3309.46
22046,3349.29
22047,3350
22048,3399.91
22049,3436.46
22050,3478.38
22051,3480.38
22052,3478.42
22053,3519.33
22054,3499.91
22055,3480.16
22056,3531.67
22057,3749.51
22058,4800.53
22059,10000
22060,10000
22061,10000
22062,10000
22063,10000
22064,10000
22065,10000
22066,10000
22067,10000
22068,10000
22069,10000
22070,10000
22071,10000
22072,10000
22073,10000
22074,10000
22075,10000
22076,10000
22077,10000
22078,10000
22079,10000
22080,10000
22081,10000
22082,10000
22083,8499.49
22084,7800.94
22085,4279.92
22086,4279.33
22087,3999.52
22088,3969.02
22089,3638.94
22090,3479.53
22091,3330.59
22092,3049.95
22093,3460.16
22094,3340.42
22095,3450.9
22096,3500.29
22097,3330.89
22098,3405.83
22099,3442.1
22100,3460.57
22101,3442.22
22102,3460.34
22103,3483.5
22104,3500.09
22105,4195.42
22106,4279.42
22107,4288.9
22108,3999.83
22109,3810.78
22110,3689.85
22111,3442.49
22112,3308.2
22113,2662.81
22114,2535.88
22115,1710.16
22116,1199.59
22117,1327.08
22118,999.86
22119,999.92
22120,999.8
22121,1000.43
22122,1326.37
22123,1340.36
22124,1870.32
22125,999.76
22126,999.76
22127,999.71
22128,999.73
22129,999.66
22130,999.66
22131,999.68
22132,999.7
22133,999.8
22134,999.67
22135,999.61
22136,999.64
22137,999.87
22138,1199.2
22139,1012.89
22140,1499.27
22141,1199.51
22142,2519.05
22143,2600.2
22144,2646.32
22145,2573.07
22146,2574.37
22147,2285.05
22148,2510.25
22149,2562.82
22150,2139.1
22151,1837.46
22152,1837.86
22153,1499.72
22154,2435.91
22155,2694.91
22156,2999.25
22157,4279.8
22158,4290
22159,5250.44
22160,5790.75
22161,5920.62
22162,7800.41
22163,7800.17
22164,10000
22165,10000
22166,10000
22167,10000
22168,10000
22169,10000
22170,10000
22171,10000
22172,10000
22173,10000
22174,10000
22175,10000
22176,8000.84
22177,6249.28
22178,5550.56
22179,4710.98
22180,5350.1
22181,4070
22182,4000.19
22183,3969.97
22184,3969.4
22185,3689.14
22186,3689.65
22187,3779.18
22188,3779.5
22189,3689.44
22190,3689.46
22191,3689.08
22192,3689.04
22193,3650.14
22194,3689.52
22195,3689.18
22196,3689.06
22197,3442.95
22198,3510.45
22199,3600.97
22200,3720.72
22201,4070.32
22202,4279.11
22203,4279.68
22204,4279.84
22205,4288.76
22206,4279.6
22207,4070.2
22208,3957.07
22209,3499.66
22210,3500.55
22211,3442.43
22212,3309.66
22213,3309.64
22214,3309.24
22215,2969.19
22216,2532.53
22217,2119.59
22218,2490.33
22219,2200.53
22220,2534.6
22221,2119.1
22222,2200.93
22223,2119.17
22224,2064.75
22225,2042.11
22226,2042.61
22227,2042.43
22228,2024.73
22229,2042.05
22230,1999.92
22231,1999.99
22232,2100.06
22233,2556.1
22234,2671
22235,2729.06
22236,2803.71
22237,2850.08
22238,2879.38
22239,2989.11
22240,2999.13
22241,2996.22
22242,3000.56
22243,3286.51
22244,3200.91
22245,3114.86
22246,2996.52
22247,2609.71
22248,2648.06
22249,3689.22
22250,3934.58
22251,4473.6
22252,5450.02
22253,10000
22254,10000
22255,10000
22256,10000
22257,10000
22258,10000
22259,10000
22260,10000
22261,10000
22262,10000
22263,10000
22264,10000
22265,10000
22266,10000
22267,10000
22268,10000
22269,10000
22270,10000
22271,10000
22272,10000
22273,5999.96
22274,5550.92
22275,5350.75
22276,4999.69
22277,4000.66
22278,4000.35
22279,3750.64
22280,3700.96
22281,3440.8
22282,3500.41
22283,3650.22
22284,3808.57
22285,3500.47
22286,3645.22
22287,3500.73
22288,3440.96
22289,3689.82
22290,3689.24
22291,3648.63
22292,3647.59
22293,3440.03
22294,3500.26
22295,3600.95
22296,3600.05
22297,4197.34
22298,4000.97
22299,3950.32
22300,3739.76
22301,3779.91
22302,3500.99
22303,3478.96
22304,3440.06
22305,3156.84
22306,3156.57
22307,3156.06
22308,2670.34
22309,2620.47
22310,2559.3
22311,2629.27
22312,2670.51
22313,2650.77
22314,2664.11
22315,2703.87
22316,2710.65
22317,2620.01
22318,2599.5
22319,2572.72
22320,2490.14
22321,2340.47
22322,2435.57
22323,2470.86
22324,2299.8
22325,2299.36
22326,2299.36
22327,2519.68
22328,2583.25
22329,2710.97
22330,2969.31
22331,2999.05
22332,3008.31
22333,3309.06
22334,3309.77
22335,3436.45
22336,3436.85
22337,3478.62
22338,3531.91
22339,3689.6
22340,3531.83
22341,3739.19
22342,3531.04
22343,3480.04
22344,3478.69
22345,3531.28
22346,3899.64
22347,4500.26
22348,5999.9
22349,10000
22350,10000
22351,10000
22352,10000
22353,10000
22354,10000
22355,10000
22356,10000
22357,10000
22358,10000
22359,10000
22360,10000
22361,10000
22362,10000
22363,10000
22364,10000
22365,10000
22366,10000
22367,10000
22368,10000
22369,4196.57
22370,3899.44
22371,3340.49
22372,3050.85
22373,2860.92
22374,2860.98
22375,2860.97
22376,2860.59
22377,2710.71
22378,2850.3
22379,2850.43
22380,2850.37
22381,2710.61
22382,2672.2
22383,2710.66
22384,2740.64
22385,2850.05
22386,2850.74
22387,2860.47
22388,2860.99
22389,2710.85
22390,2860.14
22391,2860.31
22392,2879.43
22393,3050.87
22394,3470.88
22395,3489.92
22396,3215.22
22397,3078.46
22398,3055.39
22399,2957.31
22400,2860.6
22401,1500.79
22402,1297.95
22403,1296.42
22404,1296.71
22405,1297
22406,1668.94
22407,2607.93
22408,2560.8
22409,2574.22
22410,2519.41
22411,2012.29
22412,1999.63
22413,1999.36
22414,1999.38
22415,1999.06
22416,1800.79
22417,1647.16
22418,1500.86
22419,1500.9
22420,1340.8
22421,1296.82
22422,1012.84
22423,1296.72
22424,1500.26
22425,1999.76
22426,2000.69
22427,1999.74
22428,1999.16
22429,1012.06
22430,1999.11
22431,2450.57
22432,2850.93
22433,2700.88
22434,2850.5
22435,2850.58
22436,3050.52
22437,3055
22438,3055.79
22439,3078.45
22440,3460.27
22441,3562.05
22442,3562.31
22443,3650.13
22444,4010.73
22445,5350.16
22446,5669.7
22447,9529.31
22448,9529.62
22449,9529.64
22450,9529.9
22451,9776.92
22452,9912.77
22453,9529.42
22454,10000
22455,10000
22456,10000
22457,10000
22458,9529.89
22459,9529.58
22460,9529.62
22461,9529.11
22462,5999.47
22463,5350.79
22464,4999.26
22465,4279.39
22466,4197.08
22467,4049.49
22468,3969.58
22469,3863.73
22470,3779.6
22471,3569.73
22472,3647.28
22473,3500.04
22474,3300.44
22475,3279.04
22476,3210.64
22477,3000.96
22478,3000.61
22479,3000.39
22480,3000.29
22481,3000.32
22482,3000.59
22483,3000.03
22484,3000.25
22485,2850.07
22486,2860.98
22487,3000.9
22488,3210.32
22489,3500.99
22490,3562.24
22491,3562.07
22492,3500
22493,3229.39
22494,3078.55
22495,3055.18
22496,3000.71
22497,2957.01
22498,2698.86
22499,2583.99
22500,2112.83
22501,2150.62
22502,2476.89
22503,2270.91
22504,2270.73
22505,2139.55
22506,2150.77
22507,2470.68
22508,2270.79
22509,2270.84
22510,2139.63
22511,1999.61
22512,1999.71
22513,1999.52
22514,1999.67
22515,1999.62
22516,1875.06
22517,1640.17
22518,1640.67
22519,1850.23
22520,1999.63
22521,2270.22
22522,2500.39
22523,2500.11
22524,2500.75
22525,2435.17
22526,2558.52
22527,2651.1
22528,2879.91
22529,2957.67
22530,3050.64
22531,3055.84
22532,3055.51
22533,3072.78
22534,3055.83
22535,3055.98
22536,3050.66
22537,3500.08
22538,3562.49
22539,4049.05
22540,4999.16
22541,9529.27
22542,10000
22543,10000
22544,10000
22545,10000
22546,10000
22547,10000
22548,10000
22549,10000
22550,10000
22551,10000
22552,10000
22553,10000
22554,10000
22555,10000
22556,10000
22557,9529.93
22558,9529.51
22559,9529.39
22560,9529.35
22561,5999.04
22562,5499.15
22563,5350.39
22564,4288.41
22565,4195.04
22566,4090.79
22567,3934.92
22568,3689.79
22569,3150.41
22570,3150.6
22571,3150.58
22572,3150.8
22573,3000.26
22574,3000.16
22575,3000.12
22576,3000.14
22577,3000.05
22578,3000.52
22579,3000.74
22580,3150.03
22581,3000.07
22582,3000.94
22583,3150.8
22584,3499.22
22585,3848.21
22586,3963.25
22587,3969.84
22588,3969.76
22589,3848.45
22590,3602.35
22591,3562.18
22592,3442.62
22593,3279.78
22594,2879.78
22595,2477.4
22596,1875.53
22597,2490.22
22598,1999.61
22599,1640.53
22600,1876.87
22601,2270.08
22602,2519.26
22603,2555.09
22604,2270.96
22605,1710.24
22606,1610.43
22607,1500.74
22608,1500.53
22609,1297.19
22610,1096.48
22611,1012.51
22612,1000.22
22613,999.92
22614,999.93
22615,1000.04
22616,1000.53
22617,1500.25
22618,1500.87
22619,1500.82
22620,2270.57
22621,2270.64
22622,2540.2
22623,2700.46
22624,2860.18
22625,2860.4
22626,2969.14
22627,3366.99
22628,3570.24
22629,3689.67
22630,3689.7
22631,3499.59
22632,3100.31
22633,3442.34
22634,3442.23
22635,4012.34
22636,5070.9
22637,10000
22638,10000
22639,10000
22640,10000
22641,10000
22642,10000
22643,10000
22644,10000
22645,10000
22646,10000
22647,10000
22648,10000
22649,10000
22650,10000
22651,10000
22652,10000
22653,10000
22654,9529.52
22655,7442.02
22656,5754
22657,5999.35
22658,5000
22659,4350.55
22660,4289.01
22661,3700.77
22662,3689.42
22663,3250.98
22664,3250.82
22665,3250.19
22666,3210.76
22667,3156.08
22668,3171.12
22669,2850.9
22670,2985.5
22671,2850.08
22672,2850.31
22673,2740.03
22674,2730.3
22675,2710.99
22676,2879.6
22677,2630.28
22678,2850.29
22679,2910.33
22680,3114.41
22681,3250.59
22682,3550.52
22683,3838.44
22684,3689.02
22685,3500.63
22686,3408.21
22687,3250.88
22688,3250.59
22689,2630.94
22690,2620.07
22691,2150.33
22692,1500.19
22693,1610.03
22694,1500.79
22695,1640.62
22696,1500.81
22697,1500.38
22698,1500.14
22699,1199.88
22700,996.69
22701,1199.21
22702,1199.11
22703,1199.05
22704,1199.02
22705,799.64
22706,799.48
22707,799.33
22708,799.26
22709,799.09
22710,656.52
22711,799.06
22712,799.13
22713,1499.37
22714,1500.43
22715,1500.71
22716,1640.03
22717,1999.89
22718,2150.57
22719,2630.74
22720,2630.81
22721,2630.45
22722,2800.28
22723,2879.66
22724,2879.83
22725,2700.35
22726,2860.88
22727,2860.21
22728,2860.25
22729,3210.21
22730,3250.97
22731,3442.82
22732,3934.32
22733,9053.96
22734,10000
22735,10000
22736,10000
22737,10000
22738,10000
22739,10000
22740,10000
22741,10000
22742,10000
22743,10000
22744,10000
22745,10000
22746,10000
22747,10000
22748,9529.7
22749,5350.86
22750,4450.76
22751,3899.13
22752,3460.1
22753,3350.26
22754,3250.59
22755,3250.47
22756,3210.85
22757,3210.21
22758,2900.97
22759,2900.52
22760,2900.63
22761,2900.09
22762,2713.19
22763,2677.64
22764,2697.85
22765,2681.65
22766,2900.12
22767,2900.26
22768,2900.23
22769,2900.19
22770,2900.27
22771,2900.24
22772,2900.38
22773,2630.42
22774,2710.48
22775,2710.45
22776,2728.11
22777,2969.28
22778,3100.99
22779,3114.71
22780,3000.09
22781,2999.5
22782,2969.7
22783,2647.99
22784,2569.02
22785,2150.63
22786,1499.87
22787,1325.98
22788,900.73
22789,900.55
22790,900.5
22791,900.39
22792,900.08
22793,796.98
22794,804.52
22795,800.44
22796,796.9
22797,796.91
22798,796.57
22799,656.1
22800,499.87
22801,499.57
22802,499.44
22803,499.36
22804,499.34
22805,499.28
22806,499.29
22807,499.38
22808,499.34
22809,499.67
22810,499.88
22811,900.05
22812,900.18
22813,900.34
22814,900.47
22815,900.68
22816,900.96
22817,1799.77
22818,1999.2
22819,2139.63
22820,2190.77
22821,2200.77
22822,2190.72
22823,2139.85
22824,1837.91
22825,2270.38
22826,2270.34
22827,2285.34
22828,2614.47
22829,3210.14
22830,3442.3
22831,3934.65
22832,3999.63
22833,3999.76
22834,3999.54
22835,3999.45
22836,3999.57
22837,3800.72
22838,3999.05
22839,3800.16
22840,3800.11
22841,3430.56
22842,3569.47
22843,3350.88
22844,3350.76
22845,2900.7
22846,2900.54
22847,2900.46
22848,2900.45
22849,2626.21
22850,2543.62
22851,2500.65
22852,2190.28
22853,2615.06
22854,2519.78
22855,2190.83
22856,1999.65
22857,1999.19
22858,1999.93
22859,2100.62
22860,2110.55
22861,1999.76
22862,1999.85
22863,1999.77
22864,2000.95
22865,1999.96
22866,2000.08
22867,2000.49
22868,1999.92
22869,1799.81
22870,1837.58
22871,1870.24
22872,1999.61
22873,2539.44
22874,2596.64
22875,2650.38
22876,2701.81
22877,2587.87
22878,2594.64
22879,2539.88
22880,2499.88
22881,2499.52
22882,2489.4
22883,1999.72
22884,999.95
22885,896.94
22886,867.67
22887,499.86
22888,499.66
22889,499.33
22890,499.12
22891,499.24
22892,399.89
22893,399.41
22894,399.4
22895,399.19
22896,399.22
22897,398.04
22898,299.92
22899,299.83
22900,299.78
22901,299.78
22902,299.76
22903,299.8
22904,299.85
22905,398.4
22906,399.31
22907,399.9
22908,499.22
22909,499.81
22910,499.97
22911,1499.9
22912,1878.55
22913,1999.52
22914,1999.56
22915,1999.73
22916,2000.57
22917,1999.25
22918,1999.86
22919,2390.12
22920,2390.52
22921,1999.59
22922,2499.72
22923,2579.77
22924,2752.13
22925,3360.34
22926,3442.95
22927,3540.76
22928,3730.54
22929,3730.12
22930,3620.65
22931,3569.03
22932,3591.78
22933,3620.32
22934,3620.28
22935,3569.39
22936,3510.92
22937,3000.67
22938,3000.47
22939,3000.06
22940,3000.43
22941,2860.79
22942,3000.21
22943,3000.25
22944,3000.38
22945,2630.32
22946,2630.95
22947,2620.87
22948,2525.67
22949,2530.03
22950,2390.55
22951,2390.31
22952,2285.97
22953,2030.9
22954,2390.2
22955,2620.64
22956,2700.92
22957,2620.29
22958,2620.92
22959,2620.14
22960,2620.37
22961,2620.17
22962,2620.28
22963,2500.67
22964,2270.66
22965,2024.08
22966,2042.45
22967,2119.2
22968,2150.56
22969,2620.28
22970,2860.42
22971,2879.35
22972,2996.58
22973,3019.25
22974,2996.07
22975,2804.51
22976,2609.84
22977,2119.85
22978,2042.42
22979,2042.29
22980,1999.8
22981,2004.37
22982,1999.14
22983,1999.42
22984,1888.8
22985,1888.51
22986,1888.16
22987,1839.83
22988,1710.69
22989,1710.63
22990,1679.78
22991,1679.09
22992,1651.52
22993,1420.46
22994,1304.2
22995,796.81
22996,654.67
22997,599.62
22998,599.52
22999,796.08
23000,999.69
23001,1651.19
23002,1839.16
23003,1885.6
23004,1999.4
23005,2024.38
23006,2054.52
23007,2490.71
23008,2499.44
23009,2650.46
23010,2793.71
23011,2671.78
23012,2499.61
23013,2390.54
23014,2390.12
23015,2119.99
23016,2119.27
23017,2024.99
23018,2270.59
23019,2042.89
23020,2620.46
23021,3250.86
23022,3350.72
23023,3442.87
23024,3829.21
23025,3871.52
23026,3899.1
23027,3871.87
23028,4141.17
23029,4199.88
23030,4288.53
23031,4114.01
23032,3871.51
23033,3350.89
23034,3350.94
23035,3350.5
23036,3350.92
23037,3350.07
23038,3250.09
23039,3250.1
23040,3156.51
23041,4049.16
23042,3999.3
23043,3969.83
23044,3900.98
23045,3730.25
23046,3620.55
23047,3610.81
23048,3479.32
23049,3460.1
23050,3442.82
23051,3279.48
23052,3279.37
23053,3229.25
23054,3285.48
23055,3200.62
23056,3220.17
23057,3188.13
23058,3200.53
23059,3161.59
23060,3200.99
23061,3059.71
23062,3116.79
23063,3084.95
23064,3114.07
23065,3300.62
23066,3562.02
23067,3562.44
23068,3562.27
23069,3540.72
23070,3487.49
23071,3460.87
23072,3311.42
23073,3199.82
23074,3175.14
23075,3113.88
23076,3023.02
23077,2999.2
23078,2999.22
23079,2996.24
23080,2969.87
23081,2499.65
23082,2499.48
23083,2499.4
23084,2499.21
23085,2140.26
23086,2139.1
23087,2139.25
23088,2147.2
23089,2056.49
23090,2057.23
23091,2053.93
23092,2048.83
23093,1999.84
23094,1999.92
23095,2045.35
23096,2139.37
23097,2490.6
23098,2250.65
23099,2499.35
23100,2499.69
23101,2969.51
23102,2999
23103,2999.38
23104,3019.06
23105,3078.48
23106,3125.93
23107,3199.45
23108,3114.7
23109,3215.14
23110,3161.72
23111,3124.56
23112,3089.5
23113,3019.87
23114,3145.53
23115,3300.47
23116,3440.27
23117,4288.21
23118,5040.88
23119,5999.13
23120,6100.43
23121,5920.21
23122,5796.21
23123,5900.83
23124,9529.06
23125,7999.43
23126,9529.19
23127,5999.82
23128,5875.49
23129,5739.44
23130,5754.16
23131,4800.78
23132,4999.18
23133,4861.12
23134,4800.7
23135,4230.94
23136,4422.72
23137,3260.58
23138,3360.4
23139,3360.67
23140,3360.96
23141,3401.04
23142,3442.14
23143,3379.43
23144,3360.06
23145,3260.16
23146,3260.58
23147,3162.14
23148,3159.96
23149,3200.32
23150,3260.9
23151,3366.21
23152,3442.55
23153,3440.59
23154,3401.46
23155,3260.77
23156,3260.95
23157,3113.47
23158,3174.42
23159,3200.55
23160,3229.24
23161,3410.13
23162,3200.78
23163,3188.33
23164,3188.12
23165,3200.46
23166,3158.24
23167,3078.54
23168,3062.6
23169,3010.04
23170,2969.97
23171,2969.69
23172,2949.67
23173,2879.53
23174,2804.86
23175,2500.96
23176,2470.28
23177,2270.13
23178,2499.11
23179,2499.37
23180,2499.39
23181,2139.04
23182,2000.48
23183,1899.98
23184,1899.98
23185,1899.79
23186,1899.6
23187,1899.61
23188,1899.44
23189,1899.1
23190,1899.12
23191,1899.41
23192,1899.38
23193,1899.82
23194,1899.91
23195,2139.84
23196,2140.27
23197,2860.38
23198,2879.85
23199,2969
23200,2969.29
23201,3078.04
23202,3082.64
23203,3148.69
23204,3095.36
23205,3078.63
23206,3027.14
23207,2969.67
23208,2969.11
23209,2969.49
23210,2999.65
23211,3000.93
23212,3095.73
23213,4049.18
23214,4279.65
23215,4510.83
23216,5235.81
23217,4690.51
23218,4900.78
23219,4849.2
23220,5051.37
23221,5051.75
23222,5350.85
23223,5235.43
23224,4600.95
23225,3360.74
23226,3360.57
23227,3360.38
23228,3442.44
23229,3499.42
23230,3460.69
23231,3469.64
23232,3469.32
23233,4649.41
23234,4649.09
23235,4522.69
23236,4260.85
23237,4440.7
23238,4260.91
23239,4260.46
23240,4260.04
23241,3858.66
23242,3631
23243,3479.8
23244,3479.28
23245,3479.05
23246,3479.6
23247,3479.16
23248,3442.79
23249,3442.76
23250,3469.15
23251,3442.43
23252,3401.99
23253,3442.25
23254,3479.93
23255,3689.56
23256,3871.62
23257,4100.17
23258,4260.18
23259,4260.83
23260,4260.81
23261,4260.88
23262,4260.15
23263,4000.7
23264,3829.88
23265,3309.33
23266,3092
23267,2969.99
23268,2969.28
23269,2804.19
23270,2804.39
23271,2939.21
23272,2829.71
23273,2469.3
23274,2469.27
23275,2469.31
23276,2469.05
23277,2119.07
23278,2064.39
23279,2064.55
23280,2064.92
23281,2064.74
23282,2064.15
23283,2042.26
23284,2024.58
23285,1999.45
23286,1999.29
23287,2012.75
23288,2064.16
23289,2119.82
23290,2470
23291,2469.74
23292,2469.67
23293,2969.21
23294,3019.9
23295,3141.86
23296,3309.12
23297,3311.31
23298,3311.87
23299,3442.19
23300,3442.46
23301,3442.81
23302,3179.36
23303,3056.35
23304,2969.82
23305,3084.46
23306,3153.56
23307,3309.15
23308,3499.26
23309,5619.84
23310,7529.47
23311,10000
23312,10000
23313,10000
23314,10000
23315,10000
23316,10000
23317,10000
23318,10000
23319,10000
23320,10000
23321,7529.43
23322,7529.34
23323,5999.17
23324,5400.09
23325,4545.83
23326,4881.45
23327,4881.23
23328,4279.5
23329,4881.61
23425,2500.91
23330,4350.04
23426,2499.87
23331,4197.55
23427,2500.66
23332,4195.25
23428,2499.19
23333,3820.17
23429,2450.55
23334,3648.65
23430,2300.68
23335,3545.71
23431,2400.05
23336,3512.02
23432,2146.76
23337,3442.16
23433,2000.05
23338,3288.01
23434,1999.95
23339,3200.09
23435,1999.99
23340,3010.79
23436,1999.97
23341,2850.13
23437,1999.95
23342,2850.16
23438,1999.93
23343,2850.27
23439,1999.94
23344,2710.43
23440,1999.93
23345,2730.14
23441,1999.91
23346,2730.96
23442,2263.35
23347,2850.2
23443,2499.29
23348,2850.32
23444,2600.49
23349,2250.3
23445,2750.9
23350,2710.32
23446,2920.66
23351,2850.7
23447,3131.9
23352,2850.9
23448,3172.67
23353,3442
23449,3797.18
23354,3689.56
23450,4189.55
23355,3969.28
23451,4800.07
23356,3899.27
23452,4700
23357,3999.07
23453,5240.49
23358,3539.53
23454,8999.58
23359,3442.22
23455,10000
23360,3309.31
23456,10000
23361,3150.33
23457,10000
23362,2969.75
23458,10000
23363,2860
23459,10000
23364,2860.01
23460,10000
23365,2469.55
23461,10000
23366,2139.85
23462,10000
23367,2469.02
23463,10000
23368,2139.08
23464,10000
23369,1999.23
23465,10000
23370,2139.84
23466,10000
23371,2139.72
23467,10000
23372,1999.31
23468,9182.82
23373,1837.42
23469,4999.5
23374,1837.87
23470,4600.93
23375,1837.68
23471,4350.69
23376,1810.93
23472,4280.24
23377,1667.15
23473,3810.66
23378,1500
23474,3810.2
23379,1499.32
23475,3630.88
23380,1499.32
23476,3810.57
23381,1340.5
23477,3500.3
23382,1499.29
23478,3350.07
23383,1710.09
23479,3500.36
23384,1837.77
23480,3350.27
23385,1879.87
23481,3500.06
23386,1999.22
23482,3525.71
23387,1999.47
23483,3480.75
23388,2469
23484,3500.66
23389,2939.36
23485,3560.24
23390,2939.59
23486,3630.1
23391,2969.52
23487,3964.81
23392,2969.63
23488,4000.15
23393,3114.58
23489,4004.08
23394,3366.26
23490,4004.7
23395,3442.46
23491,5209.39
23396,3469.79
23492,10000
23397,3510.36
23493,10000
23398,3469.25
23494,10000
23399,2996.81
23495,10000
23400,2969.19
23496,10000
23401,3499.3
23497,10000
23402,3550.87
23498,10000
23403,4000.75
23499,10000
23404,4460.29
23500,10000
23405,8029.19
23501,10000
23406,10000
23502,10000
23407,10000
23503,9999.94
23408,10000
23504,5500.94
23409,10000
23505,4815.33
23410,10000
23506,4280.87
23411,10000
23507,4049.73
23412,10000
23508,4049.2
23413,10000
23509,3909.02
23414,10000
23510,3525.22
23415,10000
23511,3350.47
23416,10000
23512,3350.23
23417,8029.6
23513,3100.22
23418,8029.78
23514,3100.97
23419,7406.91
23515,3000.96
23420,7999.95
23516,3017.54
23421,7252.62
23517,3100.95
23422,7195.91
23518,3100.68
23423,5999.88
23519,3100.95
23424,5999.2
23520,3091.56
23521,3167.64
23522,3076.97
23523,3102.6
23524,3076.83
23525,3050.99
23526,3050.54
23527,3019.48
23528,2966.58
23529,2901.84
23530,2901.66
23531,2901.59
23532,2901.3
23533,2901.06
23534,2901
23535,2850.49
23536,2846.22
23537,2774.05
23538,3076.44
23539,3076.58
23540,3190.22
23541,3310.73
23542,3405.4
23543,3455.86
23544,3500.13
23545,3693.96
23546,5468.86
23547,10000
23548,10000
23549,10000
23550,10000
23551,10000
23552,10000
23553,10000
23554,10000
23555,10000
23556,10000
23557,10000
23558,10000
23559,10000
23560,10000
23561,10000
23562,10000
23563,5000.32
23564,4140.47
23565,4247.92
23566,4247.06
23567,4247.4
23568,4086.78
23569,3648.33
23570,3648.86
23571,3648.05
23572,3528.15
23573,3415.84
23574,3415.52
23575,3415.11
23576,3308.91
23577,3420.32
23578,3420.04
23579,3476.45
23580,3502.32
23581,3648.37
23582,3693.33
23583,3850.22
23584,3850.82
23585,4412.1
23586,4708.16
23587,7010.44
23588,7670.31
23589,10000
23590,10000
23591,10000
23592,10000
23593,10000
23594,10000
23595,10000
23596,10000
23597,10000
23598,10000
23599,10000
23600,10000
23601,10000
23602,9000.43
23603,8630.55
23604,8630.52
23605,5895.01
23606,5740.49
23607,5309.66
23608,4679.13
23609,3890.64
23610,3890.54
23611,3709.74
23612,3693.64
23613,3648.16
23614,3648.69
23615,3648.81
23616,3648.65
23617,3634.55
23618,3634.76
23619,3634.45
23620,3590.32
23621,3501.83
23622,3394.82
23623,3316.31
23624,3314.33
23625,3298.58
23626,3298.24
23627,3240.6
23628,3185.19
23629,3170.58
23630,3170.02
23631,3160.79
23632,3160.93
23633,3160.06
23634,3160.89
23635,3170.94
23636,3209.84
23637,3634.84
23638,3658.43
23639,3850.23
23640,3850.41
23641,3850.16
23642,4000.4
23643,4999.32
23644,5999.39
23645,7000.69
23646,10000
23647,10000
23648,10000
23649,10000
23650,8500.73
23651,5000.9
23652,4999.38
23653,4999.29
23654,4950.88
23655,4859.86
23656,4350.47
23657,3949.09
23658,3780.03
23659,3612.25
23660,3579.75
23661,3300.2
23662,3214.26
23663,3185.18
23664,3160.13
23665,2984.28
23666,2837.76
23667,2837.07
23668,2373.69
23669,2252.41
23670,2252.75
23671,2400.04
23672,2800.01
23673,2890.48
23674,2890.15
23675,3050.02
23676,3160.38
23677,3185.06
23678,3316.01
23679,3460.5
23680,3634.1
23681,3780.21
23682,3850.52
23683,4708.11
23684,5000.98
23685,3900.9
23686,3820.96
23687,3820.72
23688,3820.34
23689,3820.78
23690,4120.25
23691,5000.38
23692,5999.54
23693,6637.84
23694,6500.73
23695,5999.97
23696,5309.81
23697,5000.62
23698,5000.6
23699,5000.11
23700,5000.06
23701,4700.8
23702,4700.43
23703,4701.88
23704,4563.41
23705,4120.96
23706,3937.86
23707,3750.12
23708,3658.96
23709,3658.59
23710,3658.75
23711,3688.26
23712,3658.95
23713,10000
23714,10000
23715,6100.61
23716,5000.04
23717,4848.4
23718,4600.84
23719,4589.95
23720,4279.83
23721,4279.27
23722,4273.11
23723,4000.5
23724,3999.2
23725,3775.41
23726,3775.2
23727,3775.69
23728,3775.98
23729,3775.43
23730,3775.6
23731,3778.13
23732,3899.97
23733,4000.9
23734,4206.25
23735,4273.52
23736,4273.92
23737,4500.51
23738,4699.33
23739,4699.35
23740,4554.26
23741,4206.56
23742,3989.89
23743,3510.96
23744,3493.5
23745,3470.29
23746,3380.2
23747,3340.18
23748,3340.96
23749,3318.6
23750,3380.29
23751,3353.34
23752,3317.88
23753,3200.64
23754,3159.55
23755,2995.23
23756,2910.5
23757,2883.59
23758,2883.38
23759,2869.09
23760,2760.23
23761,2630.22
23762,2598.62
23763,2600.23
23764,2505.57
23765,2499.24
23766,2499.26
23767,2598.35
23768,2630.22
23769,2710.27
23770,2850.55
23771,2869.88
23772,2883.61
23773,2989.07
23774,3016.21
23775,3317.17
23776,3460.8
23777,3414.77
23778,3491.88
23779,3674.2
23780,3802.91
23781,3802.41
23782,3989.23
23783,4147.65
23784,4279.04
23785,4206.23
23786,4279.81
23787,4500.98
23788,5009.94
23789,6100.68
23790,8529.54
23791,6694.55
23792,5070.33
23793,4890.47
23794,4828.13
23795,5000.45
23796,5000.55
23797,5350.76
23798,5700.75
23799,6710.3
23800,5000.43
23801,6100.4
23802,5700.03
23803,5538.35
23804,9500.84
23805,10000
23806,10000
23807,10000
23808,10000
23809,10000
23810,10000
23811,10000
23812,10000
23813,8299.67
23814,4499.86
23815,4250.38
23816,4000.08
23817,3800.94
23818,3663.18
23819,3642.28
23820,3574.94
23821,3500.65
23822,3399.73
23823,3399.53
23824,3399.3
23825,3380.47
23826,3380.53
23827,3380.62
23828,3380.44
23829,3380.82
23830,3399.59
23831,3399.35
23832,3399.18
23833,3999.64
23834,3778.05
23835,3605.15
23836,3470.02
23837,3550.59
23838,3350.13
23839,3252.14
23840,2950.52
23841,2680.54
23842,2619.4
23843,2619.04
23844,2479.74
23845,2619.22
23846,2619.94
23847,2670.69
23848,2619.76
23849,2479.69
23850,2559.13
23851,2559.07
23852,2200.2
23853,2139.2
23854,2000.89
23855,2000.95
23856,2200.25
23857,2619.02
23858,2000.87
23859,1999.87
23860,1999.84
23861,1999.73
23862,1999.76
23863,1999.88
23864,2000.3
23865,2800.32
23866,2850.1
23867,3000.38
23868,3000.58
23869,2912.99
23870,3000.88
23871,3125.96
23872,3399.73
23873,3399.24
23874,3300.31
23875,3019.2
23876,3000.68
23877,3399.9
23878,3399.3
23879,3252.11
23880,3060.89
23881,1999.44
23882,3119.63
23883,3581.81
23884,4010.06
23885,3899.69
23886,3949.42
23887,4779.23
23888,4800.87
23889,4778.92
23890,4779.18
23891,4960.81
23892,5249.35
23893,5500.96
23894,7499.1
23895,8499.92
23896,10000
23897,10000
23898,10000
23899,10000
23900,10000
23901,10000
23902,10000
23903,10000
23904,10000
23905,6998.31
23906,5999.47
23907,5499.43
23908,5280.87
23909,4069.37
23910,3949.26
23911,3999.25
23912,3800.94
23913,4000.03
23914,3736.58
23915,3499.11
23916,3285.45
23917,3263.93
23918,3240.79
23919,3247.57
23920,3240.88
23921,3241.34
23922,3240.57
23923,3240.22
23924,3240.15
23925,3240.01
23926,3210.99
23927,2500.47
23928,2199.78
23929,3219.2
23930,3210.75
23931,3170.26
23932,3170.27
23933,3170.24
23934,3012.51
23935,2900.8
23936,1699.79
23937,1699.82
23938,1699.57
23939,1537.31
23940,1399.78
23941,1499.43
23942,1499.81
23943,1500.27
23944,1499.6
23945,1499.88
23946,1607.76
23947,1399.89
23948,1399.95
23949,1399.38
23950,1399.52
23951,1399.85
23952,1399.8
23953,1199.98
23954,1399.22
23955,1199.98
23956,1340.88
23957,1199.67
23958,1199.84
23959,1499.93
23960,1699.3
23961,1699.52
23962,1699.95
23963,1699.92
23964,2380.77
23965,2800.24
23966,3100.03
23967,2380.97
23968,2380.67
23969,2380.51
23970,2380.53
23971,2700.32
23972,2880.1
23973,1799.89
23974,1999.23
23975,1999.57
23976,1999.48
23977,1999.84
23978,1999.96
23979,1999.98
23980,3200.59
23981,3240.48
23982,3241
23983,3300.12
23984,3300.23
23985,3300.98
23986,3350.35
23987,3420.11
23988,3798.45
23989,5000.3
23990,5070.55
23991,5050.73
23992,5799.51
23993,7210.25
23994,10000
23995,10000
23996,10000
23997,10000
23998,10000
23999,10000
24000,10000
24001,10000
24002,10000
24003,7387.6
24004,5499.28
24005,4669.57
24006,4645.19
24007,4499.98
24008,4435.48
24009,4000.68
24010,4000.73
24011,4000.48
24012,4000.52
24013,3900.37
24014,3677.71
24015,3620.59
24016,3620.47
24017,3620.62
24018,3800.04
24019,3800.74
24020,3929.91
24021,3749.25
24022,3900.24
24023,4010.92
24024,3900.28
24025,4188.37
24026,4000.74
24027,4000.1
24028,3749.69
24029,3369.94
24030,3369.16
24031,3057.75
24032,3044.13
24033,2973.18
24034,2973.27
24035,2957.18
24036,2779.74
24037,2499.04
24038,2618.88
24039,2749.14
24040,2749.59
24041,2490.13
24042,2692.46
24043,2749.23
24044,2749.04
24045,2550.6
24046,2249.88
24047,2129.39
24048,2129.13
24049,1499.82
24050,1575.65
24051,1499.98
24052,1499.8
24053,1498.45
24054,1325.09
24055,1325.85
24056,1327.67
24057,2000.65
24058,2249.11
24059,2490.85
24060,2749.67
24061,2973.73
24062,2999.95
24063,3044.03
24064,3044.51
24065,3066
24066,3159.6
24067,3289.54
24068,3340.56
24069,3369.69
24070,3369.43
24071,3469.43
24072,3543.58
24073,3469.65
24074,3620.03
24075,4375.28
24076,4499.18
24077,7619.66
24078,8999.16
24079,10000
24080,10000
24081,10000
24082,10000
24083,10000
24084,10000
24085,10000
24086,10000
24087,10000
24088,10000
24089,10000
24090,10000
24091,10000
24092,10000
24093,10000
24094,10000
24095,10000
24096,10000
24097,3979.35
24098,3570.11
24099,3520.6
24100,3434.24
24101,3430.68
24102,3168.35
24103,3076.03
24104,3048.7
24105,2760.15
24106,2718.01
24107,2700.73
24108,2700.82
24109,2700.41
24110,2718.82
24111,2710.39
24112,2970.95
24113,3013.96
24114,3040.57
24115,3064.18
24116,3114.66
24117,2703.72
24118,3019.61
24119,3064.68
24120,3197.71
24121,3474.41
24122,3480.45
24123,3520.59
24124,3500.92
24125,3436.87
24126,3430.93
24127,3156.5
24128,3055.06
24129,2715.47
24130,2804.31
24131,2703.57
24132,2749.51
24133,2695.24
24134,2420.49
24135,2435.04
24136,2551.07
24137,2119.49
24138,2109.03
24139,2099.3
24140,2091.95
24141,1999.91
24142,1999.89
24143,1999.23
24144,1900.59
24145,1846.85
24146,1844.64
24147,1842.1
24148,1836.84
24149,1834.86
24150,1836.25
24151,1836.9
24152,1870.32
24153,1999.08
24154,1999.23
24155,1999.18
24156,1999.18
24157,1999.9
24158,2149.15
24159,2285.51
24160,2749.42
24161,2999.14
24162,2933.77
24163,3016.48
24164,3020
24165,3064.14
24166,3019.32
24167,2700.92
24168,2883.17
24169,3064.4
24170,3140.72
24171,3950.23
24172,4690.4
24173,7000.34
24174,9110.22
24175,10000
24176,10000
24177,10000
24178,10000
24179,10000
24180,10000
24181,10000
24182,10000
24183,10000
24184,10000
24185,10000
24186,10000
24187,10000
24188,8499.64
24189,6500.88
24190,5759.67
24191,5260.56
24192,5070.23
24193,3969.06
24194,3664.48
24195,3639.27
24196,3479.02
24197,3324.59
24198,3300.4
24199,3188.57
24200,3000.69
24201,2900.84
24202,2900.82
24203,2900.39
24204,2900.07
24205,2850.69
24206,2879.41
24207,2879.65
24208,2879.68
24209,2900.33
24210,2900.46
24211,2900.69
24212,2969.13
24213,2861.26
24214,2882.84
24215,2940.17
24216,2969.3
24217,3000.01
24218,3010.92
24219,3010.73
24220,3010.73
24221,3000.81
24222,3000.51
24223,2969.78
24224,2879.49
24225,2756.85
24226,2569.94
24227,2569.88
24228,2250.94
24229,1837.32
24230,1837.14
24231,1837.6
24232,1837.82
24233,1679.02
24234,1651.07
24235,1679.16
24236,1679.35
24237,1679.38
24238,1679.98
24239,1837.13
24240,1837.61
24241,1599.48
24242,1599.64
24243,1599.48
24244,1599.36
24245,1599.21
24246,1599.39
24247,1599.88
24248,1599.9
24249,1837.66
24250,1839.04
24251,1839.23
24252,1839.2
24253,2677.37
24254,2767.39
24255,2859.44
24256,2874.13
24257,2879.43
24258,2969.46
24259,2969.1
24260,2969.22
24261,2969.31
24262,2969.58
24263,2996.94
24264,2969.93
24265,3689.32
24266,4146.05
24267,4279.74
24268,4379.06
24269,5710.31
24270,6957.4
24271,6888.77
24272,8000
24273,5754.43
24274,5754.01
24275,5710.77
24276,5710.86
24277,5875.89
24278,5999.67
24279,5710.93
24280,5754.69
24281,5660.2
24282,5529.86
24283,5350.94
24284,5240.43
24285,4609.47
24286,4400.84
24287,4339.74
24288,3924.96
24289,10000
24290,10000
24291,9100.04
24292,6999.42
24293,6100.52
24294,6100.5
24295,5509.52
24296,5000.87
24297,4999.44
24298,4700.39
24299,4770.06
24300,4339.6
24301,3970.28
24302,3691.83
24303,3701.42
24304,3689.41
24305,3674.42
24306,3661.97
24307,3630.78
24308,3611.7
24309,3754.99
24310,4020.32
24311,4600.95
24312,4770.78
24313,4600.47
24314,4339.88
24315,4050.19
24316,3789.51
24317,3689.24
24318,3695.26
24319,3685.1
24320,3621.2
24321,3537.62
24322,3345.3
24323,3211.44
24324,3120.19
24325,3120.54
24326,3093.06
24327,3070.02
24328,3060.69
24329,2977.6
24330,3000.78
24331,3010.61
24332,3011.6
24333,2952.4
24334,2999.14
24335,3002
24336,3050.3
24337,3032.1
24338,3050.33
24339,3036.4
24340,3060.24
24341,3032.52
24342,3032.59
24343,3060.3
24344,3070.2
24345,3200.33
24346,3420.77
24347,3519.33
24348,3558.56
24349,3624.45
24350,3695.81
24351,3695.98
24352,4000.28
24353,4020.11
24354,4700.67
24355,5000.13
24356,5400.6
24357,6000.42
24358,6000.46
24359,10000
24360,10000
24361,10000
24362,10000
24363,10000
24364,10000
24365,10000
24366,10000
24367,10000
24368,10000
24369,10000
24370,10000
24371,10000
24372,10000
24373,10000
24374,10000
24375,10000
24376,10000
24377,10000
24378,10000
24379,10000
24380,10000
24381,10000
24382,10000
24383,10000
24384,10000
24385,2885.07
24386,2870.62
24387,2870.31
24388,2850.63
24389,2794
24390,2749.03
24391,2699.97
24392,2699.47
24393,2740.92
24394,2750.38
24395,2825.75
24396,2800.17
24397,2749.09
24398,2749
24399,2740.21
24400,2717.73
24401,2717.46
24402,2707.21
24403,2620.08
24404,2670.34
24405,2800.7
24406,2718.71
24407,2921.14
24408,3000.62
24409,3210.57
24410,3450.08
24411,3642.3
24412,3689.14
24413,3642.46
24414,3499.51
24415,3500.76
24416,3236.72
24417,3089.62
24418,2942.66
24419,2942.01
24420,2870.9
24421,2821.67
24422,2717.71
24423,2644.73
24424,2614.65
24425,2500.58
24426,2519.76
24427,2519.55
24428,2505.16
24429,2110.83
24430,2110.7
24431,2110.35
24432,2110.1
24433,2000.31
24434,1989.58
24435,1989.44
24436,1989.33
24437,1850.31
24438,1850.05
24439,1989.04
24440,2012.24
24441,2500.1
24442,2250.13
24443,2534.49
24444,2622.88
24445,2921.55
24446,3000.76
24447,3082.65
24448,3204.25
24449,3236.36
24450,3499.9
24451,3689.03
24452,3800.6
24453,5020.06
24454,5400.73
24455,8391.39
24456,10000
24457,10000
24458,10000
24459,10000
24460,10000
24461,5450.45
24462,4660.79
24463,4519.28
24464,4359.29
24465,3889.2
24466,3999.57
24467,3900.75
24468,3839.36
24469,3800.58
24470,3799.36
24471,3739.34
24472,3500.92
24473,3089.52
24474,3089.64
24475,3089.4
24476,3020.72
24477,2979.56
24478,2900.51
24479,2870.83
24480,2877.2
24481,2510.71
24482,2499.95
24483,2432.39
24484,2400.89
24485,2393.7
24486,2393.64
24487,2393.45
24488,2393.04
24489,2252.8
24490,2252.19
24491,2253.72
24492,2250.93
24493,2330.68
24494,2250.68
24495,2250.69
24496,2250.9
24497,2250.53
24498,2393.02
24499,2432.2
24500,2512.46
24501,2700.72
24502,2649.66
24503,2752.12
24504,2848.83
24505,3405.79
24506,3558.1
24507,3552.79
24508,3930.26
24509,4519.38
24510,4519.54
24511,5000.15
24512,4770.2
24513,4480.14
24514,4536.5
24515,4056.06
24516,3775.38
24517,3550.18
24518,3403.65
24519,3190.33
24520,3130.17
24521,3000.11
24522,3020.59
24523,2846.91
24524,2846.55
24525,2660.75
24526,2660.66
24527,2624.58
24528,2570.93
24529,2512.14
24530,2500.09
24531,2393.97
24532,2400.1
24533,2120.41
24534,2139.5
24535,2393.14
24536,2393.72
24537,2512.7
24538,2649.49
24539,2660.1
24540,2660.45
24541,2846.36
24542,2848.4
24543,2850.39
24544,3000.17
24545,3130.47
24546,3339.41
24547,3552.36
24548,4025.2
24549,6000.53
24550,7500.98
24551,8298.13
24552,9909.46
24553,10000
24554,10000
24555,10000
24556,10000
24557,4519.03
24558,4500.76
24559,4579.06
24560,4449.1
24561,3969.45
24562,3775.28
24563,3539.26
24564,3539.91
24565,3240.6
24566,3300.35
24567,3230.75
24568,3190.57
24569,2846.07
24570,2846.1
24571,2752.57
24572,2752.49
24573,2649.13
24574,2624.86
24575,2570.18
24576,2512.75
24577,3078.86
24578,3055.57
24579,2957.99
24580,2957.24
24581,2911.32
24582,2889.38
24583,2850.77
24584,2698.69
24585,2710.1
24586,2637.28
24587,2573.91
24588,2381.59
24589,2586.31
24590,2586.45
24591,2577.85
24592,2573.22
24593,2504.02
24594,2504.54
24595,2519.13
24596,2504.96
24597,2524.89
24598,2602.39
24599,2631.55
24600,2609.22
24601,2889.07
24602,2698.99
24603,2698.18
24604,2580.84
24605,2381.8
24606,2381.53
24607,2157.6
24608,2120.02
24609,1821.51
24610,1710.72
24611,1496.22
24612,1496.37
24613,1496.91
24614,1496.76
24615,1496.7
24616,1646.44
24617,1496.59
24618,1496.1
24619,1496.03
24620,1496.16
24621,1496.32
24622,1496.61
24623,1496.84
24624,1500.04
24625,1496.04
24626,1420.49
24627,1327.58
24628,1327.08
24629,1221.93
24630,1297.02
24631,1340.67
24632,1496.27
24633,1584.31
24634,1584.71
24635,1770.59
24636,1770.92
24637,1900.2
24638,1949.13
24639,1999.24
24640,1999.8
24641,2120.01
24642,2120.7
24643,2137.06
24644,2171.06
24645,2381.15
24646,2381.55
24647,2499.8
24648,2850.33
24649,3064.54
24650,3486.04
24651,3602.33
24652,4339.64
24653,9371.12
24654,10000
24655,10000
24656,9371.41
24657,7141.48
24658,7141.63
24659,5710.77
24660,5920.99
24661,5398.23
24662,5220.52
24663,5100.49
24664,5100.97
24665,4395.5
24666,3899.96
24667,3899.02
24668,3848.24
24669,3848.66
24670,3602.55
24671,3562.29
24672,3249.97
24673,3670.36
24674,3562.92
24675,3562.7
24676,3562.38
24677,3460.2
24678,3288.24
24679,3249.39
24680,3100.61
24681,3010.74
24682,2957.95
24683,2957.46
24684,2957.51
24685,3055.39
24686,3010.87
24687,3000.03
24688,3010.1
24689,3010.45
24690,3010.44
24691,3018.64
24692,3018.89
24693,2957.56
24694,2957.82
24695,3018.87
24696,3010.84
24697,3287.35
24698,3422.66
24699,3249.63
24700,3288.84
24701,3191.64
24702,3206.64
24703,3064.69
24704,2957.55
24705,2804.26
24706,2630.41
24707,2560.73
24708,2381.01
24709,2120.65
24710,2069.47
24711,1999.41
24712,1876.32
24713,1699.55
24714,1699.22
24715,1699.27
24716,1699.08
24717,1565.19
24718,1651.57
24719,1651.36
24720,1679.31
24721,1499.63
24722,1499.88
24723,1499.58
24724,1499.88
24725,1499.71
24726,1499.82
24727,1699.24
24728,1699.1
24729,2000.28
24730,2157.88
24731,2375.55
24732,2381.69
24733,2573.72
24734,2573.84
24735,2698.01
24736,2698.13
24737,2698.14
24738,2850.6
24739,2889.19
24740,2879.76
24741,2957.6
24742,2957.26
24743,2957.44
24744,3064.28
24745,3460.2
24746,3600.88
24747,4754.78
24748,5700.77
24749,10000
24750,10000
24751,10000
24752,10000
24753,7456.33
24754,7000.13
24755,5710.62
24756,5875.93
24757,5750.43
24758,5920.5
24759,5710.82
24760,5710.82
24761,5710.2
24762,5100.75
24763,4197.11
24764,4339.06
24765,4210.19
24766,4339.06
24767,4196.25
24768,4141.24
24769,3562.99
24770,3602.57
24771,3562.9
24772,3562.55
24773,3562.06
24774,3401.95
24775,3360.69
24776,3249.53
24777,3078.38
24778,3078.12
24779,3056
24780,3055.78
24781,3078.64
24782,3078.95
24783,3078.77
24784,3078.43
24785,3078.62
24786,3078.8
24787,3078.78
24788,3109.05
24789,3078.04
24790,3064.84
24791,3064.77
24792,2969.44
24793,3055.9
24794,3018.21
24795,2969.62
24796,2969.3
24797,2945.28
24798,2889.94
24799,2573.09
24800,2375.47
24801,2120.7
24802,1970.82
24803,1429.61
24804,1259.94
24805,1149.74
24806,1149.78
24807,1150
24808,1249.32
24809,999.51
24810,996.26
24811,931.55
24812,931.1
24813,869.73
24814,869.69
24815,869.66
24816,869.47
24817,791.79
24818,791.65
24819,791.79
24820,791.66
24821,851.81
24822,851.83
24823,930.55
24824,996.38
24825,999.9
24826,1130.86
24827,1327.71
24828,1373.8
24829,1640.21
24830,1699.1
24831,1699.25
24832,1699.6
24833,1655.65
24834,1949.66
24835,2375.44
24836,2381.51
24837,2539.2
24838,2536.29
24839,2592.01
24840,2644.31
24841,2889.44
24842,3000.16
24843,3499.02
24844,3689.2
24845,4409.61
24846,4379.98
24847,4379.17
24848,4339.5
24849,4339.05
24850,4300.31
24851,4239.38
24852,4239.38
24853,4195.32
24854,4195.08
24855,4199.1
24856,4199.27
24857,3899.3
24858,3899.49
24859,3899.37
24860,3899.28
24861,3689.11
24862,3646.51
24863,3460.47
24864,3666.4
24865,3848.15
24866,3602.18
24867,3499.66
24868,3442.34
24869,3249.88
24870,3249.11
24871,3000.02
24872,2889.57
24873,2696.93
24874,2710.34
24875,2710.82
24876,2879.03
24877,2630.99
24878,2677.07
24879,2677.73
24880,2680.24
24881,2879.01
24882,2809.94
24883,2889.07
24884,2710.82
24885,2580.82
24886,2594.58
24887,2645.44
24888,2879.57
24889,3000.1
24890,3064.72
24891,3078.23
24892,3055.54
24893,2957.88
24894,2957.12
24895,2672.56
24896,2539.3
24897,2381.72
24898,2375.53
24899,2230.02
24900,2137.81
24901,1999.6
24902,2117.11
24903,2117.01
24904,2117.32
24905,2117.02
24906,1999.79
24907,1999.42
24908,1999.09
24909,1789.42
24910,1699.59
24911,1699.87
24912,1699.38
24913,1499.82
24914,1499.95
24915,1499.72
24916,1499.71
24917,1499.35
24918,1499.11
24919,1499.42
24920,1499.63
24921,1699.9
24922,1837.44
24923,1949.02
24924,1999.05
24925,2579.34
24926,2635.72
24927,2698.49
24928,2880.4
24929,2919.24
24930,2957.7
24931,2969.25
24932,2969.3
24933,2969.66
24934,2969.42
24935,3064.63
24936,3460.2
24937,3562.6
24938,4050.62
24939,4819.23
24940,5700.56
24941,10000
24942,10000
24943,10000
24944,10000
24945,10000
24946,7999.54
24947,6500.71
24948,6640.45
24949,7999.53
24950,6400.6
24951,6400.48
24952,6400.69
24953,5999.23
24954,5944.8
24955,5200.78
24956,5200.89
24957,6400.02
24958,7999.03
24959,5999.73
24960,6000
24961,4400.1
24962,4199.88
24963,3908.04
24964,3562.55
24965,3442.9
24966,3360.41
24967,3288.74
24968,3110.98
24969,3000.38
24970,2889.38
24971,2889.05
24972,2889.34
24973,2879.7
24974,2889.01
24975,2806.75
24976,2806.66
24977,2879.04
24978,2879.18
24979,2889.21
24980,2889.61
24981,2879.65
24982,2969.43
24983,3078.14
24984,3064.76
24985,3360.59
24986,3360.66
24987,3360.64
24988,3191.96
24989,3055.77
24990,2957.51
24991,2957.09
24992,2658.48
24993,2489.31
24994,2419.28
24995,2375.37
24996,2137.27
24997,2117.01
24998,2117.27
24999,2117.92
25000,2117.91
25001,2117.13
25002,2000.87
25003,1999.33
25004,1999.28
25005,1949.7
25006,1900.08
25007,1837.07
25008,1710.67
25009,1499.25
25010,1499.2
25011,1309.49
25012,1297.35
25013,1296.22
25014,1249.96
25015,1249.95
25016,1296.74
25017,1400.92
25018,1699.27
25019,1640.56
25020,1700.54
25021,1900.35
25022,1999.2
25023,2120.15
25024,2191.08
25025,2390.3
25026,2499.03
25027,2579.97
25028,2630.76
25029,2800.51
25030,2708.79
25031,2879.48
25032,2957.77
25033,3055.2
25034,3191.97
25035,3562.07
25036,4029.72
25037,10000
25038,10000
25039,10000
25040,9499.59
25041,6999.81
25042,5999.73
25043,5100.38
25044,5010.44
25045,5100.8
25046,5350.53
25047,5400.72
25048,5400.21
25049,4754.23
25050,4819.52
25051,4510.25
25052,4819.64
25053,5100.2
25054,5198.09
25055,4754.24
25056,4499.11
25057,5500.16
25058,5200.33
25059,5200.06
25060,4819.85
25061,4508.47
25062,4500.76
25063,4500.84
25064,4339.92
25065,4196.46
25066,3929.47
25067,3900.85
25068,3900.69
25069,3962.3
25070,3962.21
25071,3962.17
25072,3962.35
25073,3983
25074,3962.73
25075,3962.53
25076,3962.8
25077,3900.97
25078,4020.73
25079,4100.1
25080,4100.17
25081,4339.97
25082,4500.03
25083,4500.13
25084,4339.98
25085,3929.54
25086,3899.94
25087,3621.65
25088,3460.13
25089,3211.64
25090,2913.99
25091,2889.46
25092,2755.69
25093,2579.75
25094,2654.85
25095,2755.22
25096,2648.29
25097,2499.44
25098,2499.64
25099,2499.39
25100,2499.4
25101,2499.48
25102,2499.06
25103,2499.1
25104,2061.97
25105,1999.95
25106,1999.99
25107,2061.17
25108,2061.41
25109,1999.79
25110,1999.57
25111,2000
25112,2061.24
25113,2413.93
25114,2453.36
25115,2529.1
25116,2632.72
25117,2708.43
25118,2755.22
25119,2898.18
25120,2913.51
25121,3035.43
25122,3460.28
25123,3621.13
25124,3685.56
25125,3900.61
25126,3900.65
25127,4000.71
25128,4499.29
25129,5010.54
25130,5410.6
25131,6200.71
25132,8519.22
25133,10000
25134,10000
25135,10000
25136,10000
25137,10000
25138,10000
25139,10000
25140,10000
25141,10000
25142,10000
25143,10000
25144,10000
25145,7999.38
25146,8500.62
25147,6400.54
25148,6400.93
25149,10000
25150,10000
25151,10000
25152,10000
25153,6000.13
25154,5900.9
25155,5900.52
25156,5285.04
25157,4819.3
25158,4593.81
25159,4508.03
25160,4469.5
25161,4469.87
25162,4469.04
25163,4339.99
25164,4339.72
25165,4198.95
25166,4000.91
25167,4020.68
25168,3999.91
25169,4195.79
25170,4339.12
25171,4339.51
25172,4377.2
25173,4039.55
25174,4339.88
25175,4714.21
25176,5100.16
25177,5400.16
25178,5600.05
25179,5600.27
25180,5400.15
25181,4593.45
25182,4377.87
25183,3929.54
25184,3621.02
25185,3360.53
25186,3211.19
25187,3004.31
25188,2913.32
25189,2898.19
25190,2898.79
25191,2898.9
25192,2999.93
25193,2680.9
25194,2628.6
25195,2580.77
25196,2544.67
25197,2500.04
25198,2500.22
25199,2499.63
25200,2499.6
25201,2499.68
25202,2500.37
25203,2538.36
25204,2536.92
25205,2499.02
25206,2230.25
25207,2519.75
25208,2500.93
25209,2532.99
25210,2589.68
25211,2694.62
25212,2889.9
25213,3460.8
25214,3600.41
25215,3621.82
25216,3899.42
25217,3999.75
25218,4100.31
25219,4339.99
25220,4339.64
25221,4593.56
25222,4339.58
25223,4377.93
25224,4750.31
25225,5600.15
25226,5754.61
25227,7558.63
25228,10000
25229,10000
25230,10000
25231,10000
25232,10000
25233,10000
25234,10000
25235,10000
25236,10000
25237,10000
25238,10000
25239,10000
25240,10000
25241,7999.61
25242,10000
25243,7500.1
25244,7500.07
25245,10000
25246,10000
25247,10000
25248,9499.56
25249,7000.34
25250,6500.99
25251,6493.03
25252,6490.04
25253,5500.26
25254,5439.33
25255,5203.78
25256,4996.94
25257,4996.66
25258,4996.42
25259,4996.39
25260,4996.24
25261,4589.03
25262,4500.99
25263,4819.12
25264,4819.44
25265,4508.92
25266,4996.11
25267,4996.37
25268,4996.81
25269,4996.36
25270,4996.94
25271,5092.94
25272,5198.04
25273,6100.03
25274,6100.35
25275,6100.02
25276,5875.77
25277,5000.5
25278,4819.69
25279,4339.48
25280,3689.82
25281,3460.87
25282,3211.79
25283,3150.52
25284,3150
25285,2898.07
25286,2898.55
25287,2898.38
25288,2898.43
25289,2800.64
25290,2819.43
25291,2590.89
25292,2579.48
25293,2539.6
25294,2539.53
25295,2500.97
25296,2500.05
25297,2519.04
25298,2519.37
25299,2590.19
25300,2590.46
25301,2519.76
25302,2520.77
25303,2539.22
25304,2590.55
25305,2883.87
25306,2898.3
25307,2898.95
25308,3150.3
25309,3211.28
25310,3460.01
25311,3621.17
25312,3621.77
25313,3690.77
25314,4195.53
25315,4499.94
25316,4996.77
25317,4996.34
25318,4593.82
25319,4996.12
25320,5010.86
25321,5662.25
25322,6497.45
25323,10000
25324,10000
25325,10000
25326,10000
25327,10000
25328,10000
25329,10000
25330,10000
25331,10000
25332,10000
25333,10000
25334,10000
25335,10000
25336,10000
25337,10000
25338,10000
25339,10000
25340,10000
25341,10000
25342,10000
25343,10000
25344,10000
25345,10000
25346,10000
25347,10000
25348,8000.55
25349,6700.83
25350,6700.58
25351,6300.31
25352,5999.96
25353,5999.23
25354,5499.11
25355,5090.38
25356,4593.2
25357,5090.43
25358,4589.5
25359,4228.97
25360,4195.86
25361,4039.27
25362,4200.2
25363,4228.15
25364,4349.86
25365,3999.03
25366,4195.67
25367,4413.65
25368,4593.35
25369,5999.85
25370,6100.2
25371,5900.54
25372,5500.46
25373,4800.49
25374,4228.1
25375,3685.28
25376,3500.9
25377,3318.55
25378,3211.42
25379,3150.99
25380,3093.93
25381,3010.46
25382,3032.07
25383,3093.19
25384,3093.19
25385,2676.73
25386,2870.4
25387,2741.99
25388,2708.78
25389,2889.34
25390,3010.58
25391,3032.73
25392,3093.56
25393,3010.27
25394,3032.01
25395,3093.27
25396,3032.23
25397,2900.7
25398,2889.4
25399,2999.02
25400,2898.66
25401,3072
25402,3093.75
25403,3150.84
25404,3211.46
25405,3621.24
25406,3621.51
25407,3685.27
25408,3693.22
25409,3685.62
25410,3695.69
25411,4000.13
25412,4339.52
25413,4271.09
25414,4000.86
25415,5010.87
25416,5662.82
25417,6700.34
25418,8000.82
25419,10000
25420,10000
25421,10000
25422,10000
25423,10000
25424,10000
25425,10000
25426,10000
25427,10000
25428,10000
25429,10000
25430,10000
25431,10000
25432,10000
25433,10000
25434,10000
25435,10000
25436,10000
25437,10000
25438,10000
25439,10000
25440,10000
25441,5662.41
25442,5499.26
25443,4999.27
25444,4339.7
25445,4737.53
25446,4450.58
25447,4450.17
25448,4339.65
25449,4208.37
25450,4159.12
25451,4121.46
25452,4086.35
25453,4039.2
25454,4033.71
25455,4000.35
25456,4000.36
25457,4000.32
25458,4010.96
25459,4019.67
25460,4039.89
25461,4010.52
25462,4039.43
25463,4117.58
25464,4084.64
25465,4163.07
25466,4173.02
25467,4173.44
25468,4138.88
25469,4010.01
25470,3693.57
25471,3685.07
25472,3211.44
25473,3004.99
25474,2898.74
25475,2898.72
25476,2889.44
25477,2883.66
25478,2539.96
25479,2590.06
25480,2539.24
25481,2499.37
25482,2499.19
25483,2499.44
25484,2499.07
25485,1949.97
25486,1949.73
25487,1900.21
25488,1580.5
25489,1799.08
25490,1877.62
25491,1740.57
25492,1710.61
25493,1870.88
25494,1876.78
25495,1931.78
25496,1949.35
25497,2710.22
25498,2889.37
25499,2889.38
25500,2913.64
25501,2898.31
25502,3004.11
25503,3211.37
25504,3219.36
25505,3150.05
25506,3249.78
25507,3685.18
25508,3689.71
25509,3685.34
25510,3689.65
25511,3929.89
25512,4129.08
25513,4339.16
25514,4765.73
25515,4800.16
25516,5450.34
25517,10000
25518,10000
25519,10000
25520,10000
25521,10000
25522,9529.39
25523,9529.19
25524,9529.03
25525,7600
25526,7599.64
25527,5920.86
25528,5660.13
25529,5074.88
25530,5090.06
25531,4771.49
25532,4773.05
25533,4499.56
25534,4450.24
25535,4140.18
25536,4039.76
25537,7999.04
25538,5662.45
25539,5100.77
25540,4616.51
25541,4339.24
25542,4200.54
25543,4228.54
25544,4175.78
25545,4039.56
25546,4019.89
25547,4000.18
25548,3970.34
25549,3646.97
25550,3689.96
25551,3689.82
25552,3689.21
25553,3689.43
25554,3898.49
25555,4000.01
25556,4039.03
25557,3750.72
25558,4039.08
25559,4039.74
25560,4039.95
25561,4119.84
25562,4108.7
25563,4065.14
25564,4039.87
25565,3929.53
25566,3929.34
25567,3685.73
25568,3621.08
25569,3348.69
25570,3211.52
25571,3200.17
25572,3035.75
25573,3035.22
25574,3211.21
25575,3212.1
25576,3112.04
25577,2870.15
25578,2880.98
25579,2870.48
25580,2889.17
25581,2870.35
25582,2822
25583,2670.55
25584,2630.81
25585,2310.57
25586,2310.42
25587,2061.38
25588,2061.3
25589,2061.22
25590,2139.52
25591,2590.14
25592,2870.43
25593,3345.59
25594,3621.21
25595,3685.08
25596,3685.53
25597,3799.4
25598,3924.31
25599,4000.76
25600,4019.98
25601,3970.36
25602,4119.3
25603,4300.9
25604,4770.12
25605,5070.65
25606,5300.39
25607,6100.98
25608,7000.85
25609,8090.36
25610,10000
25611,10000
25612,10000
25613,10000
25614,10000
25615,10000
25616,10000
25617,10000
25618,10000
25619,10000
25620,10000
25621,10000
25622,10000
25623,10000
25624,10000
25625,10000
25626,10000
25627,10000
25628,10000
25629,10000
25630,10000
25631,10000
25632,10000
25633,10000
25634,10000
25635,9999.54
25636,6926.31
25637,5400.85
25638,5400.71
25639,5400.46
25640,5400.31
25641,5400.25
25642,5400.13
25643,5400.05
25644,5400.01
25645,5100.92
25646,5059.56
25647,4339.92
25648,4300.07
25649,4228.99
25650,4230.05
25651,4339.07
25652,4339.25
25653,4110.56
25654,4208.9
25655,4270.89
25656,4770.82
25657,5200.07
25658,5200.19
25659,5200.13
25660,5200.05
25661,4999.44
25662,4339.47
25663,4060.09
25664,3689.37
25665,3621.93
25666,3621.13
25667,3459.03
25668,3499.21
25669,3459.27
25670,3459.33
25671,3459.3
25672,3345.06
25673,2889.16
25674,3032.98
25675,3060.03
25676,3060.58
25677,3060.26
25678,3060.36
25679,2997.15
25680,2889.92
25681,2877.6
25682,2889.58
25683,2889.42
25684,2600.99
25685,2335.5
25686,2600.7
25687,2799.14
25688,3060.66
25689,3345.48
25690,3621.18
25691,3685.39
25692,3696
25693,4019.65
25694,4000.49
25695,4020.55
25696,4085.17
25697,4019.18
25698,4499.1
25699,4999.69
25700,5662.31
25701,5750.8
25702,6300.28
25703,8000.51
25704,9999.84
25705,10000
25706,10000
25707,10000
25708,10000
25709,10000
25710,10000
25711,10000
25712,10000
25713,10000
25714,10000
25715,10000
25716,10000
25717,10000
25718,10000
25719,10000
25720,10000
25721,10000
25722,10000
25723,10000
25724,10000
25725,10000
25726,10000
25727,10000
25728,10000
25729,10000
25730,10000
25731,10000
25732,10000
25733,7500.46
25734,7500.25
25735,7500.1
25736,5660.06
25737,5660.37
25738,5199.68
25739,5298.33
25740,5439.93
25741,5199.68
25742,4799.82
25743,4524.27
25744,4510.01
25745,4365.7
25746,4350.78
25747,4499.83
25748,4510.36
25749,4148.97
25750,4228.36
25751,4499.57
25752,5199.18
25753,5700.53
25754,5700.8
25755,5700.42
25756,5662.01
25757,4629.74
25758,4339.31
25759,4097.99
25760,3869.16
25761,3685.87
25762,3685.2
25763,3640.02
25764,3626.19
25765,3626.56
25766,3685.13
25767,3685.71
25768,3685.86
25769,3600.75
25770,3499.27
25771,3345.2
25772,3159.62
25773,3150.36
25774,3099.3
25775,3200.75
25776,3249.75
25777,3499.51
25778,3600.86
25779,3499.02
25780,3499.12
25781,3287
25782,3460.29
25783,3685.04
25784,3685.66
25785,3689.98
25786,3799.39
25787,3711.88
25788,3899.17
25789,4025.53
25790,4040.28
25791,4120.14
25792,4155.71
25793,3900
25794,4157.17
25795,4392.36
25796,4624.28
25797,4524.03
25798,5100.49
25799,10000
25800,10000
25801,10000
25802,10000
25803,10000
25804,10000
25805,10000
25806,10000
25807,10000
25808,10000
25809,10000
25810,10000
25811,10000
25812,10000
25813,10000
25814,10000
25815,10000
25816,10000
25817,10000
25818,10000
25819,10000
25820,10000
25821,10000
25822,10000
25823,10000
25824,10000
25825,7999.95
25826,7999.44
25827,5389.83
25828,4999.97
25829,4604.95
25830,4177.04
25831,4137.5
25832,4142.47
25833,4118.99
25834,4120.91
25835,4039.81
25836,4023.72
25837,4000.59
25838,4000.17
25839,4000.11
25840,3970.76
25841,3799.06
25842,3710.94
25843,3710.25
25844,3799.15
25845,3410.55
25846,3799.39
25847,3689.94
25848,4000.86
25849,4270.86
25850,4250.67
25851,4337.67
25852,4198.88
25853,4019.25
25854,3700.24
25855,3626.36
25856,3211.84
25857,3093.2
25858,2999.03
25859,2960.37
25860,2917.4
25861,2960.14
25862,3032.24
25863,3119.95
25864,3164.82
25865,2889.96
25866,2970.19
25867,2970.38
25868,2970.95
25869,2999.28
25870,3000.95
25871,3032.11
25872,3032.33
25873,3017
25874,2999.74
25875,2889.89
25876,2889.59
25877,2889.3
25878,2889.67
25879,2940.5
25880,3093.25
25881,3211.49
25882,3211.75
25883,3211.76
25884,3345.02
25885,3581.96
25886,3621.57
25887,3677.96
25888,3685.42
25889,3685.9
25890,3899.01
25891,3899.81
25892,3902.14
25893,4000.93
25894,4019.53
25895,4106.9
25896,5995.4
25897,5995.88
25898,10000
25899,10000
25900,10000
25901,10000
25902,10000
25903,10000
25904,10000
25905,10000
25906,10000
25907,10000
25908,10000
25909,10000
25910,10000
25911,10000
25912,10000
25913,10000
25914,10000
25915,10000
25916,10000
25917,10000
25918,10000
25919,9499.69
25920,9499.12
25921,5999.14
25922,5641.15
25923,5100.07
25924,4510.9
25925,4090.58
25926,4020.67
25927,4000.42
25928,3999.09
25929,3869.93
25930,3869.76
25931,3799.27
25932,3695.42
25933,3600.42
25934,3630.85
25935,3600.7
25936,3499.32
25937,3460.68
25938,3460.84
25939,3460.72
25940,3460.71
25941,3287.76
25942,3400.21
25943,3400.42
25944,3438.91
25945,3686.52
25946,3685.31
25947,3670.8
25948,3626.72
25949,3345.7
25950,3211.61
25951,3150.15
25952,3010.18
25953,2960.21
25954,2960.13
25955,2929.21
25956,2898.7
25957,2898.14
25958,2898.76
25959,2898.75
25960,2929.13
25961,2800.76
25962,2730.84
25963,2670.31
25964,2670.34
25965,2600.43
25966,2600.72
25967,2600.17
25968,2512
25969,2600.27
25970,2596.5
25971,2500.92
25972,2500.84
25973,2446.84
25974,2600.15
25975,2670
25976,2799.19
25977,2879.49
25978,2889.67
25979,2889.8
25980,2898.35
25981,3035.42
25982,3008.66
25983,3093.41
25984,3136.48
25985,3035.62
25986,3079.97
25987,3196.84
25988,3281.87
25989,3499.9
25990,3626.26
25991,3685.18
25992,4010.72
25993,4157.09
25994,5220.26
25995,7999.45
25996,10000
25997,10000
25998,10000
25999,10000
26000,10000
26001,10000
26002,10000
26003,10000
26004,10000
26005,10000
26006,10000
26007,10000
26008,10000
26009,10000
26010,10000
26011,10000
26012,10000
26013,10000
26014,10000
26015,9244.49
26016,4800.71
26017,5917.8
26018,5100.46
26019,4510.56
26020,4300.86
26021,4029.11
26022,4024.77
26023,4000.39
26024,3960.49
26025,3626.99
26026,3626.42
26027,3500.19
26028,3460.74
26029,3626.33
26030,3529.51
26031,3460.46
26032,3460.11
26033,3499.17
26034,3535.35
26035,3536.28
26036,3626.13
26037,3460.75
26038,3500.61
26039,3509.09
26040,3460.72
26041,3701.63
26042,3687.41
26043,3689.01
26044,3626.39
26045,3460.35
26046,3459.93
26047,3280.94
26048,3109.17
26049,3035.17
26050,2929.99
26051,2917.28
26052,2879.82
26053,2879.16
26054,2879.33
26055,2879.32
26056,2887.08
26057,2755.38
26058,2755.69
26059,2755.98
26060,2799.93
26061,2755.79
26062,2755.71
26063,2817
26064,2755.32
26065,2755.21
26066,2755.18
26067,2755.07
26068,2710.85
26069,2600.87
26070,2600.4
26071,2600.98
26072,2670.08
26073,2670.31
26074,2710.65
26075,2799.83
26076,2887.34
26077,3032.09
26078,3093.78
26079,3345.81
26080,3500.39
26081,3460.31
26082,3626.26
26083,3999.76
26084,4029.67
26085,4381.59
26086,4651.09
26087,5121.92
26088,7200.06
26089,7200.47
26090,10000
26091,10000
26092,10000
26093,10000
26094,10000
26095,10000
26096,10000
26097,10000
26098,10000
26099,10000
26100,10000
26101,10000
26102,10000
26103,10000
26104,10000
26105,10000
26106,10000
26107,10000
26108,10000
26109,10000
26110,10000
26111,10000
26112,10000
26113,4019.82
26114,4019.46
26115,4019.59
26116,4010.77
26117,4000.7
26118,3799.17
26119,3460.13
26120,3500.29
26121,3211.49
26122,3211.03
26123,3150.88
26124,3150.62
26125,3211.06
26126,3178.29
26127,3150.41
26128,3150.47
26129,3138.89
26130,3196.56
26131,3150.97
26132,3211.52
26133,3211.4
26134,3281.69
26135,3345.88
26136,3339.25
26137,4000.73
26138,4000.2
26139,3799.97
26140,3689.46
26141,3459.11
26142,3280.81
26143,3196.73
26144,3035.51
26145,2919.2
26146,2917.14
26147,2898.18
26148,2755.57
26149,2755.16
26150,2755.12
26151,2640.53
26152,2600.8
26153,2380.76
26154,2592.86
26155,2320.06
26156,2240.49
26157,1811.73
26158,1811.21
26159,1710.7
26160,1668.44
26161,1710.33
26162,1675.03
26163,1612.95
26164,1791.25
26165,1693.11
26166,1693.16
26167,1693.8
26168,1999.56
26169,2670.22
26170,2887.39
26171,2826.5
26172,2887.73
26173,2900.92
26174,2982.4
26175,3093.07
26176,3138.15
26177,3035.79
26178,3138.3
26179,3138.4
26180,3150.63
26181,3347.71
26182,3459.23
26183,3999.97
26184,4339.11
26185,4469.84
26186,4856.12
26187,6000.22
26188,6845.45
26189,10000
26190,10000
26191,10000
26192,10000
26193,6500.66
26194,6500.37
26195,7599.23
26196,7599.02
26197,10000
26198,10000
26199,7800.21
26200,7599.91
26201,6437.92
26202,6437.79
26203,6437.8
26204,6437.9
26205,6437.52
26206,6437.97
26207,6435.54
26208,5647.17
26209,5007.65
26210,5100.63
26211,4510.23
26212,4139.92
26213,4019.48
26214,3869.92
26215,3869.58
26216,3765.17
26217,3211.83
26218,3211.27
26219,3211.09
26220,3150.72
26221,3211.79
26222,3211.82
26223,3211.25
26224,3150.7
26225,3150.75
26226,3211.25
26227,3211.35
26228,3211.78
26229,3150.85
26230,3280.14
26231,3339.86
26232,3460.07
26233,3985.7
26234,4002.14
26235,4039.37
26236,4039.5
26237,4019.4
26238,3999.94
26239,3621.74
26240,3298.46
26241,3196.91
26242,3150.38
26243,3150.24
26244,3138.12
26245,3093.45
26246,3093.33
26247,3093.42
26248,3093.39
26249,2898.99
26250,2940.69
26251,3008.56
26252,3008.6
26253,3032.42
26254,3032.57
26255,3093.01
26256,2999.51
26257,2997.94
26258,2889.91
26259,3032.19
26260,3012.95
26261,2889.41
26262,2889.6
26263,2999.82
26264,3035.82
26265,3093.34
26266,3093.91
26267,3124.31
26268,3196.53
26269,3621.14
26270,3621.67
26271,3892.54
26272,3987.05
26273,4019.61
26274,4508.64
26275,4714.69
26276,4716.24
26277,5100.59
26278,5285.4
26279,6700.43
26280,9000.32
26281,9000.56
26282,10000
26283,10000
26284,10000
26285,10000
26286,10000
26287,10000
26288,10000
26289,10000
26290,10000
26291,10000
26292,10000
26293,10000
26294,10000
26295,10000
26296,10000
26297,10000
26298,10000
26299,10000
26300,10000
26301,10000
26302,10000
26303,7999.81
26304,7995.71
26305,2999.93
26306,2999.34
26307,2997.57
26308,2993.99
26309,2991.72
26310,2940.85
26311,2940.46
26312,2900.21
26313,2600.92
26314,2512.15
26315,2600.12
26316,2525.23
26317,2499.33
26318,2499.59
26319,2500.17
26320,2500.14
26321,2500.82
26322,2850.9
26323,2995.04
26324,2947.1
26325,3091.11
26326,3091.2
26327,3187.2
26328,3250.73
26329,3814.86
26330,4500.93
26331,4815.36
26332,5240.28
26333,10000
26334,10000
26335,10000
26336,10000
26337,10000
26338,10000
26339,10000
26340,10000
26341,10000
26342,10000
26343,10000
26344,10000
26345,10000
26346,10000
26347,10000
26348,10000
26349,6000.8
26350,5500.81
26351,5300.66
26352,5300.2
26353,4500.34
26354,4500.21
26355,4307.74
26356,4307.18
26357,3250.8
26358,3250.57
26359,3350.67
26360,3460.07
26361,3525.14
26362,3460.51
26363,3520.82
26364,3525.42
26365,3541.1
26366,3541.22
26367,3609.84
26368,3689.42
26369,3964.39
26370,5240.03
26371,9560.77
26372,10000
26373,10000
26374,10000
26375,10000
26376,10000
26377,10000
26378,10000
26379,10000
26380,10000
26381,10000
26382,10000
26383,10000
26384,6500.92
26385,5209.37
26386,4708.35
26387,4436.92
26388,4049.77
26389,4000.02
26390,4000.16
26391,3909.62
26392,3814.88
26393,3160.71
26394,3160.49
26395,3250.58
26396,3350.06
26397,3142.66
26398,3130.89
26399,3120.96
26400,3091.26
26401,3540.82
26402,3499.14
26403,3499.9
26404,3476.42
26405,3388.06
26406,3363.74
26407,3320.75
26408,3310.18
26409,3300.2
26410,3230.02
26411,3211.55
26412,3190.26
26413,3180.38
26414,3180.47
26415,3180.03
26416,3180.47
26417,3180.46
26418,3300.73
26419,3320.32
26420,3330.47
26421,3371.31
26422,3476.9
26423,3620.86
26424,3750.6
26425,5210.98
26426,7000.13
26427,10000
26428,10000
26429,10000
26430,10000
26431,10000
26432,10000
26433,10000
26434,10000
26435,10000
26436,10000
26437,10000
26438,10000
26439,10000
26440,10000
26441,10000
26442,7499.15
26443,4300.33
26444,4012.57
26445,4012.3
26446,3900.82
26447,3731.01
26448,3647.48
26449,3647.72
26450,3647.27
26451,3527.9
26452,3476.29
26453,3117.66
26454,3076.15
26455,3076.26
26456,3076.28
26457,3076.56
26458,3133.28
26459,3133.64
26460,3133.96
26461,3414.63
26462,3476.54
26463,3647.47
26464,3693.49
26465,3755.35
26466,3850.92
26467,4012.2
26468,4999.1
26469,4598.67
26470,7009.87
26471,10000
26472,10000
26473,10000
26474,10000
26475,10000
26476,10000
26477,10000
26478,10000
26479,10000
26480,10000
26481,10000
26482,9570.84
26483,8630.22
26484,6272.18
26485,5750.89
26486,5740.43
26487,5100.68
26488,4955.2
26489,4136.05
26490,3910.97
26491,3900.16
26492,3755.27
26493,3647.48
26494,3647.14
26495,3527.9
26496,3527.04
26497,3499.01
26498,3467.16
26499,3444.12
26500,3316.18
26501,3225.34
26502,3185.88
26503,3170.83
26504,3170.24
26505,3160.5
26506,3160.46
26507,3160.11
26508,3143.67
26509,3131.13
26510,3132.51
26511,3080.66
26512,3018.22
26513,3010.61
26514,3160.36
26515,3164.97
26516,3290.74
26517,3506.49
26518,3634.25
26519,3634.18
26520,3530.95
26521,3530.75
26522,3530.47
26523,3620.34
26524,3658.12
26525,3658.98
26526,3999.72
26527,4563.38
26528,4769.01
26529,4509.06
26530,4469.76
26531,3999.4
26532,3999.23
26533,3999.08
26534,3944.11
26535,3780.44
26536,3470.41
26537,3316.98
26538,3330.18
26539,3316.49
26540,3316.21
26541,3240.81
26542,3214.33
26543,3313.02
26544,3185.47
26545,3000.51
26546,2890.51
26547,2850.25
26548,2618.61
26549,2318.67
26550,2318.25
26551,2373.27
26552,2373.31
26553,2400.25
26554,2600.67
26555,2800.85
26556,2837.41
26557,2837.85
26558,2992.22
26559,3050.56
26560,3140.44
26561,3140.74
26562,3160.68
26563,3199.23
26564,3310.73
26565,3185.2
26566,3160.55
26567,3185.32
26568,3336.01
26569,3620.47
26570,3700.56
26571,4079.19
26572,4079.56
26573,4079.43
26574,4020.63
26575,4000.33
26576,3999.24
26577,3999.69
26578,3999.32
26579,3743.66
26580,3743.03
26581,3720.45
26582,3658.95
26583,3647.39
26584,3634.15
26585,3550.97
26586,3630.04
26587,3550.07
26588,3499.42
26589,3499.12
26590,3499.12
26591,3500.9
26592,3499.83
26593,10000
26594,10000
26595,9699.75
26596,5589.87
26597,5000.42
26598,4519.73
26599,4273.33
26600,4179.51
26601,4002.91
26602,4002.52
26603,4002.17
26604,4000.7
26605,3920.61
26606,3920.24
26607,3920.75
26608,3920.81
26609,3775.03
26610,3775.46
26611,3769.45
26612,3775.8
26613,4000.09
26614,4002.69
26615,4788.21
26616,4788.68
26617,4850.41
26618,5000.07
26619,4999.79
26620,4999.79
26621,4199.11
26622,4002.8
26623,4000.84
26624,3870.58
26625,3620.17
26626,3510.48
26627,3490.99
26628,3500.24
26629,3490.11
26630,3490.6
26631,3490.45
26632,3500.52
26633,3353.97
26634,3355.24
26635,3380.07
26636,3317.65
26637,3016.39
26638,2989.7
26639,2883.89
26640,2883.09
26641,2810.36
26642,2630.93
26643,2699.84
26644,2699.44
26645,2630.46
26646,2630.8
26647,2710.64
26648,2800.49
26649,2760.9
26650,2883.47
26651,2900.03
26652,3016.24
26653,3199.41
26654,3317.88
26655,3460.18
26656,3490.33
26657,3510.27
26658,3660.62
26659,4000.15
26660,4002.2
26661,4002.25
26662,4002.75
26663,4099.33
26664,4530.01
26665,4002.81
26666,4607.51
26667,4778.78
26668,6500.38
26669,10000
26670,10000
26671,10000
26672,7043.07
26673,5376.76
26674,5350.75
26675,5499.49
26676,5499.94
26677,6999.38
26678,8704.65
26679,10000
26680,5900.26
26681,10000
26682,10000
26683,10000
26684,10000
26685,10000
26686,10000
26687,10000
26688,10000
26689,10000
26690,10000
26691,10000
26692,10000
26693,7999.18
26694,5800.06
26695,5249.88
26696,4612.51
26697,5000.12
26698,4519.46
26699,4259.84
26700,4034.93
26701,3985.38
26702,3850.1
26703,3707.36
26704,3607.71
26705,3500.26
26706,3500.1
26707,3519.14
26708,3503.09
26709,3350.83
26710,3486.84
26711,3488.48
26712,3409.28
26713,3985.09
26714,4034.59
26715,3899.79
26716,3682.83
26717,3540.85
26718,3399.95
26719,3399.18
26720,3350.26
26721,3252.3
26722,2912.62
26723,2679.9
26724,2670.24
26725,2930.17
26726,3099.94
26727,3119.03
26728,3189.71
26729,2800.68
26730,2870.74
26731,2930.27
26732,2930.71
26733,3019.58
26734,3019.66
26735,2800.81
26736,2430.43
26737,2500.47
26738,2700.09
26739,2140.79
26740,1999.96
26741,1999.82
26742,1999.76
26743,1999.89
26744,2000.84
26745,3120.86
26746,3300.19
26747,3502.71
26748,3593.62
26749,3599.67
26750,3729.96
26751,3900.83
26752,3949.93
26753,3942.97
26754,3942.33
26755,3942.09
26756,3850.84
26757,3729.86
26758,3899.25
26759,3899.61
26760,3667.75
26761,3549.14
26762,3550.47
26763,4519.14
26764,5000.65
26765,4669.67
26766,5000.28
26767,5935.12
26768,5800.93
26769,5800.49
26770,5800.39
26771,6500.65
26772,6500.99
26773,9500.65
26774,10000
26775,10000
26776,10000
26777,10000
26778,10000
26779,10000
26780,10000
26781,10000
26782,10000
26783,10000
26784,10000
26785,10000
26786,10000
26787,10000
26788,10000
26789,10000
26790,8999.08
26791,5499.79
26792,5119.22
26793,5196.12
26794,4999.47
26795,4669.84
26796,4614.95
26797,4455.42
26798,4137
26799,4052.04
26800,3600.67
26801,4034.3
26802,3949.69
26803,3680.37
26804,3500.77
26805,3500.93
26806,3420.42
26807,3420.64
26808,3420.51
26809,3750.84
26810,3830.48
26811,3660.91
26812,3500.08
26813,3349.1
26814,3268.51
26815,3240.39
26816,2920.84
26817,2920.86
26818,3210.17
26819,2400.25
26820,1799.81
26821,2000.93
26822,1900.29
26823,2578.98
26824,2920.57
26825,2752.83
26826,3240.09
26827,2995.26
26828,2995.51
26829,1799.45
26830,1799.79
26831,2491.56
26832,1799.23
26833,1699.93
26834,1806.4
26835,2705.64
26836,2430.92
26837,1699.93
26838,1699.99
26839,2710.76
26840,3401.89
26841,3430.26
26842,3647.78
26843,3954.21
26844,4076.21
26845,3949.31
26846,3950.85
26847,3941.04
26848,3829.47
26849,3619.44
26850,3450.82
26851,3420.74
26852,3420.29
26853,3280.59
26854,3281.43
26855,3248.55
26856,3300.51
26857,3240.05
26858,3240.65
26859,3750.24
26860,4112.8
26861,4460.69
26862,4600.77
26863,4750.89
26864,5196.19
26865,5651.13
26866,6500.52
26867,9998.56
26868,10000
26869,10000
26870,10000
26871,10000
26872,10000
26873,10000
26874,10000
26875,10000
26876,10000
26877,10000
26878,10000
26879,10000
26880,10000
26881,10000
26882,10000
26883,10000
26884,10000
26885,10000
26886,5754.94
26887,5700.19
26888,4868.19
26889,4499.91
26890,4729
26891,4499.36
26892,4358.88
26893,4189.45
26894,4050.06
26895,4010.16
26896,3900.96
26897,3900.55
26898,4010.86
26899,4109.68
26900,4010.68
26901,3588.53
26902,4010.11
26903,4316.66
26904,4358.05
26905,4700.16
26906,4700.75
26907,4569.48
26908,4499.89
26909,3900.09
26910,3540.4
26911,3369.76
26912,3239.98
26913,3064.94
26914,3064.77
26915,3064.06
26916,3057.54
26917,3041.04
26918,3057.66
26919,3057.9
26920,3064.52
26921,2970.04
26922,2800.84
26923,2877.69
26924,2800.44
26925,2800.02
26926,2779.28
26927,2800.07
26928,2779.27
26929,2800.06
26930,2800.13
26931,2800.38
26932,2779.74
26933,2490.52
26934,2011
26935,2692.26
26936,2780.65
26937,3040.26
26938,3044.63
26939,3044.89
26940,3064.78
26941,3095.68
26942,3182.84
26943,3247.42
26944,3369.02
26945,3369.69
26946,3384.21
26947,3386.54
26948,3460.39
26949,3540.37
26950,3530.63
26951,3540.4
26952,3630.3
26953,3620.7
26954,3630.03
26955,4309.71
26956,4309.91
26957,5754.61
26958,10000
26959,10000
26960,10000
26961,10000
26962,10000
26963,10000
26964,10000
26965,10000
26966,10000
26967,10000
26968,10000
26969,10000
26970,10000
26971,10000
26972,10000
26973,10000
26974,10000
26975,10000
26976,10000
26977,5350.52
26978,4499.55
26979,4080.77
26980,4080.98
26981,3726.61
26982,3670.82
26983,3689.09
26984,3689.62
26985,3739.38
26986,3739.38
26987,3692.39
26988,3670.63
26989,3600.28
26990,3531.95
26991,3547.4
26992,3531.97
26993,3638.71
26994,3689.12
26995,3689.52
26996,3726.97
26997,3520.27
26998,3531.15
26999,3520.44
27000,3480.21
27001,3950.7
27002,4109.56
27003,4195.11
27004,4064.34
27005,3531.27
27006,3470.36
27007,3338.92
27008,3156.41
27009,2929.02
27010,2901.61
27011,2871.84
27012,2871.31
27013,2701.9
27014,2649.02
27015,2610.42
27016,2526.72
27017,2129.27
27018,2409.13
27019,2285.79
27020,2400.82
27021,2400.99
27022,2129.56
27023,1999.8
27024,1999.06
27025,1999.38
27026,1999.3
27027,1999.29
27028,1999.3
27029,1957.54
27030,1957.51
27031,1957.33
27032,1989.05
27033,1999.33
27034,1999.27
27035,1999.31
27036,1999.22
27037,2129.11
27038,2249.64
27039,2548.75
27040,2649.86
27041,2901.86
27042,2929.68
27043,3000.33
27044,3064.94
27045,3247.21
27046,3156.93
27047,3436.02
27048,3436.41
27049,3439.42
27050,3480.48
27051,3739.63
27052,5338
27053,6380.17
27054,7489.56
27055,9712.79
27056,9256.24
27057,10000
27058,10000
27059,10000
27060,10000
27061,10000
27062,10000
27063,10000
27064,10000
27065,10000
27066,10000
27067,8630.82
27068,8630.92
27069,6510.71
27070,5999.44
27071,5338.01
27072,5338.35
27073,3179.75
27074,3179.35
27075,2969.87
27076,2969.01
27077,2699.79
27078,2699.26
27079,2667.82
27080,2645.49
27081,2580.9
27082,2580.39
27083,2550.08
27084,2553.55
27085,2364.88
27086,2500.05
27087,2519.07
27088,2510.97
27089,2535.3
27090,2549.68
27091,2533.53
27092,2541.11
27093,2519.97
27094,2580.2
27095,2580.71
27096,2609.04
27097,2879.02
27098,2969.4
27099,2969.49
27100,2969.66
27101,2919.63
27102,2900.56
27103,2688
27104,2609.62
27105,2544.9
27106,2470.77
27107,2029.84
27108,2029.41
27109,1837.2
27110,1837.04
27111,1837.31
27112,1837.21
27113,1679.96
27114,1565.71
27115,1640.1
27116,1640.81
27117,1565.99
27118,1651.03
27119,1651.53
27120,1651.18
27121,1565.17
27122,1565.07
27123,1420.55
27124,1420.73
27125,1326.01
27126,1325.72
27127,1340.2
27128,1500.67
27129,1640.19
27130,1651.48
27131,1651.92
27132,1679.34
27133,1970.91
27134,1999.62
27135,2100.76
27136,2286.14
27137,2436.22
27138,2500.25
27139,2500.39
27140,2436.89
27141,2490.36
27142,2579.98
27143,2671.95
27144,2945.69
27145,3191.17
27146,3614.89
27147,4049.99
27148,4700.1
27149,5754.94
27150,5754.97
27151,5754.19
27152,5710.7
27153,5229.52
27154,5229.16
27155,4960.95
27156,4960.23
27157,5270.53
27158,5329.37
27159,5329.83
27160,5329.69
27161,4941.55
27162,4941.48
27163,4288.53
27164,4279.55
27165,4197.26
27166,4000.16
27167,3811.56
27168,3770.98
27169,10000
27170,10000
27171,8521.5
27172,7999.45
27173,7100.03
27174,7100.16
27175,6600.13
27176,5479.89
27177,5479.01
27178,4196.87
27179,4050.06
27180,4050.11
27181,3689.47
27182,3689.53
27183,3690
27184,3549.17
27185,3513.94
27186,3527.44
27187,3525.66
27188,3533.63
27189,3500.24
27190,3619.46
27191,3784.22
27192,3924.13
27193,3900.99
27194,3800.97
27195,3800.01
27196,3695.54
27197,3924.34
27198,3845.65
27199,3685.07
27200,3573
27201,3512.55
27202,3439.32
27203,3345.12
27204,3211.16
27205,3284.82
27206,3093.78
27207,3093.52
27208,3079.46
27209,3000.46
27210,3000.58
27211,2999.87
27212,2999.54
27213,2880.95
27214,2999.47
27215,2999.07
27216,2999.15
27217,2880.97
27218,2940.92
27219,2999.08
27220,2999.06
27221,2853.69
27222,2752.23
27223,2940.62
27224,2999.35
27225,3010.01
27226,3070.2
27227,3093.68
27228,3345.51
27229,3540.51
27230,3666.32
27231,3695.4
27232,3711.77
27233,3711.95
27234,4200.1
27235,4928.26
27236,5087.77
27237,6600.21
27238,6600.48
27239,10000
27240,10000
27241,10000
27242,10000
27243,10000
27244,10000
27245,10000
27246,10000
27247,10000
27248,10000
27249,10000
27250,10000
27251,10000
27252,10000
27253,10000
27254,10000
27255,10000
27256,10000
27257,10000
27258,10000
27259,10000
27260,10000
27261,10000
27262,10000
27263,10000
27264,10000
27265,2899.01
27266,2870.84
27267,2870.68
27268,2870.1
27269,2750.8
27270,2749.19
27271,2699.47
27272,2647.82
27273,2749.66
27274,2750.65
27275,2750.47
27276,2750.94
27277,2750.98
27278,2750.9
27279,2750.64
27280,2750.45
27281,2750.49
27282,2750.55
27283,2750.09
27284,2749.49
27285,2770.4
27286,2749.28
27287,2750.32
27288,2750.1
27289,2870.93
27290,2921.25
27291,2972.64
27292,3070.16
27293,2972.64
27294,2972.03
27295,2942.36
27296,2899.79
27297,2870.31
27298,2750.79
27299,2717.32
27300,2485.7
27301,2499.81
27302,2500.71
27303,2421.31
27304,2390.9
27305,1850.59
27306,1799.89
27307,1799.75
27308,1799.58
27309,1799.4
27310,1799.36
27311,1799.29
27312,1799.27
27313,1799.17
27314,1799.15
27315,1799.15
27316,1799.11
27317,1700.95
27318,1700.98
27319,1799.14
27320,1799.26
27321,1799.53
27322,1799.73
27323,1989.13
27324,2170.36
27325,2317.63
27326,2489.05
27327,2699.23
27328,2717.38
27329,2749.57
27330,2870.23
27331,3000.94
27332,3258.94
27333,3743.83
27334,4000.29
27335,4029.85
27336,4158.04
27337,4700.45
27338,4849.03
27339,4500.45
27340,4299.46
27341,3510.62
27342,3500.5
27343,3500.72
27344,3501.02
27345,3069.22
27346,3069.18
27347,3069.01
27348,3000.3
27349,2954.67
27350,2870.99
27351,2900.59
27352,2900.84
27353,2750.91
27354,2870.01
27355,2870.46
27356,2870.16
27357,2800.95
27358,2750.58
27359,2699.78
27360,2699.62
27361,2388.3
27362,2265.97
27363,2263.28
27364,2330.72
27365,2265.62
27366,2330.78
27367,2259.47
27368,2255.42
27369,2240.88
27370,2237.72
27371,2233.32
27372,2218.57
27373,2227.31
27374,2225.61
27375,2237.07
27376,2237.27
27377,2237.22
27378,2250.04
27379,2265.1
27380,2334.04
27381,2700.79
27382,2848.92
27383,3100.46
27384,3127.6
27385,3510.5
27386,3775.39
27387,3558.42
27388,4000.89
27389,4519.06
27390,4519.44
27391,5329.92
27392,5250.07
27393,4621.48
27394,4900.6
27395,4500.42
27396,4099.46
27397,3970.09
27398,3550.87
27399,3539.26
27400,3190.6
27401,3100.57
27402,3030.69
27403,3000.6
27404,2970.73
27405,2700.02
27406,2660.84
27407,2660.56
27408,2660.36
27409,2600.8
27410,2660.3
27411,2610.13
27412,2600.1
27413,2393.75
27414,2328.06
27415,2500.84
27416,2512.34
27417,2550.88
27418,2660.25
27419,2700.06
27420,2700.41
27421,2848.84
27422,2951.6
27423,3100.62
27424,3130.01
27425,3388.48
27426,3549.24
27427,3989.13
27428,4115.59
27429,7140.83
27430,7421.23
27431,9999.05
27432,10000
27433,10000
27434,10000
27435,10000
27436,10000
27437,4149.78
27438,4500.05
27439,4500.39
27440,4149.94
27441,3739.82
27442,3510.52
27443,3510.26
27444,3698.87
27445,3230.39
27446,3190.27
27447,3130.67
27448,3130.39
27449,2752.5
27450,2752.16
27451,2700.71
27452,2700.38
27453,2512.6
27454,2512.37
27455,2512.17
27456,2512.09
27457,2722.79
27458,2917.63
27459,2999.74
27460,3060.05
27461,2927.81
27462,2999.26
27463,3010.62
27464,3060.15
27465,2999.99
27466,3000.37
27467,3060.02
27468,3030.05
27469,3000.17
27470,2999.77
27471,2999.26
27472,2930.53
27473,2999.28
27474,2930.94
27475,2924.08
27476,2930.11
27477,2970.06
27478,2999.33
27479,2999.13
27480,2908.16
27481,2910.73
27482,3035.56
27483,2937.65
27484,2899.67
27485,3000.22
27486,3035.23
27487,3035.04
27488,2930.65
27489,2898.71
27490,2888.39
27491,2430.94
27492,1493.38
27493,1325.81
27494,1150.89
27495,999.61
27496,997.17
27497,997.55
27498,496.89
27499,496.88
27500,496.8
27501,496.78
27502,496.79
27503,496.81
27504,496.81
27505,496.85
27506,496.81
27507,496.76
27508,496.68
27509,496.51
27510,496.48
27511,496.44
27512,496.54
27513,499.73
27514,855.15
27515,1302.5
27516,1420.45
27517,1590.07
27518,1998.33
27519,2106.83
27520,2620.25
27521,2779.47
27522,2850.25
27523,2916.53
27524,2944.47
27525,2999.81
27526,3120.49
27527,3205.4
27528,3200.8
27529,3500.24
27530,3500.79
27531,4012.44
27532,4268.62
27533,4019.19
27534,3999.36
27535,3800.2
27536,3877.72
27537,3499.22
27538,3689.89
27539,3689.94
27540,3799.61
27541,3689.37
27542,3600.77
27543,3689.16
27544,3499.26
27545,3000.22
27546,3000.9
27547,3060.7
27548,3060.51
27549,3060.39
27550,3060.34
27551,3060.23
27552,3060.09
27553,3049.38
27554,3060.2
27555,3060.39
27556,3049.68
27557,3010.25
27558,2952.45
27559,2930.33
27560,2949.09
27561,3000.24
27562,3049.68
27563,3060.59
27564,3060.42
27565,2999.64
27566,2990.3
27567,2951.67
27568,2937.37
27569,3000.08
27570,2999.17
27571,2940.32
27572,2947.79
27573,2946.48
27574,3060.31
27575,3060.24
27576,3036.49
27577,3012.4
27578,3000.03
27579,3002.02
27580,2957.46
27581,3060.05
27582,3060.74
27583,3036.11
27584,3000.16
27585,2890.98
27586,2889.22
27587,2799.97
27588,2756.24
27589,2779.37
27590,2696.6
27591,2570.68
27592,2570.51
27593,2499.28
27594,2480.84
27595,2480.21
27596,2499.56
27597,2106.75
27598,2350.2
27599,2139.01
27600,2212.63
27601,2350.27
27602,2400.47
27603,2430.16
27604,2240.48
27605,2200.15
27606,2106.48
27607,2350.1
27608,2499.51
27609,2710.21
27610,2834.2
27611,2876.24
27612,2890.52
27613,2945.95
27614,3000.27
27615,3060.42
27616,3074.6
27617,3120.09
27618,3211.3
27619,3273.49
27620,3211.65
27621,3560.62
27622,3618.04
27623,3686.5
27624,3999.91
27625,4809.56
27626,4519.85
27627,4960.91
27628,5597.2
27629,5649.26
27630,5450.01
27631,4760.28
27632,4199.04
27633,3513
27634,3799.94
27635,3999.44
27636,3999.6
27637,3914.69
27638,4000.23
27639,3979.24
27640,3999.19
27641,3120.42
27642,3460.04
27643,3499.44
27644,3499.36
27645,3120.93
27646,3250.68
27647,3150.68
27648,3154.68
27649,3600.02
27650,3600.69
27651,3530.43
27652,3513.52
27653,3252.87
27654,3269.55
27655,3459.76
27656,3499.41
27657,3570.14
27658,3530.69
27659,3530.95
27660,3530.61
27661,3499.27
27662,3252.29
27663,3120.89
27664,3120.87
27665,3120.84
27666,3120.9
27667,3120.9
27668,3252.07
27669,3120.89
27670,3459.22
27671,3513.32
27672,3513.27
27673,3513.31
27674,3500.32
27675,3459.25
27676,3459.02
27677,3459.33
27678,3500.28
27679,3400.71
27680,3400.19
27681,3120.49
27682,3074.08
27683,3060.06
27684,2998.65
27685,3036.37
27686,2940.78
27687,2888.82
27688,2894.22
27689,2827.67
27690,2827.22
27691,2829.02
27692,2825.92
27693,2805.97
27694,2816.27
27695,2799.19
27696,2799.8
27697,2799.83
27698,2802.77
27699,2799.09
27700,2650.97
27701,2570.51
27702,2570.92
27703,2700.78
27704,2808.99
27705,2899.99
27706,2946.76
27707,2959.21
27708,2959.92
27709,2932.53
27710,2971.55
27711,3060.71
27712,3074.9
27713,3120.38
27714,3488.6
27715,3618.28
27716,3618.76
27717,3686.39
27718,3686.88
27719,4095.5
27720,4389.46
27721,4809.74
27722,4519.27
27723,5300.89
27724,6100.52
27725,6000.79
27726,5800.48
27727,4750.43
27728,4389.96
27729,3914.01
27730,4000.55
27731,4129.06
27732,4129.89
27733,4129.67
27734,4129.92
27735,4199.14
27736,4199.39
27737,3839.47
27738,3839.67
27739,3839.6
27740,3999.16
27741,3769.12
27742,3799.03
27743,3637.82
27744,3600.93
27745,4100.03
27746,3978.57
27747,3799.93
27748,3500.82
27749,3100.81
27750,3030.73
27751,3100.01
27752,3030.98
27753,3100.92
27754,3100.56
27755,3100.27
27756,3039.82
27757,3030.62
27758,3030.5
27759,3030.21
27760,3030.15
27761,3000.76
27762,3000.39
27763,2999.4
27764,3000.11
27765,2999.08
27766,3030.89
27767,3138.18
27768,3400.4
27769,3500.12
27770,3618.89
27771,3677.15
27772,3618.65
27773,3685.67
27774,3685.79
27775,3400.2
27776,3194.44
27777,3050.34
27778,3035.16
27779,3030.98
27780,3030.14
27781,2892.21
27782,2848
27783,2859.98
27784,2873.05
27785,2430.76
27786,2570.42
27787,2570.95
27788,2650.96
27789,2570.75
27790,2570.72
27791,2570.1
27792,2570.17
27793,2570.07
27794,2549.55
27795,2549.02
27796,2549.39
27797,2380.72
27798,2400.25
27799,2570.36
27800,2660.1
27801,2909.48
27802,2940.2
27803,2903.74
27804,2945.62
27805,2921.17
27806,2999.77
27807,3039.3
27808,3124.23
27809,3138.2
27810,3200.64
27811,3260.44
27812,3500.69
27813,3685.82
27814,3685.74
27815,4412.14
27816,4809.03
27817,5791.59
27818,5200.64
27819,6600.9
27820,10000
27821,7999.28
27822,6500.7
27823,5490.85
27824,4847.44
27825,4358.85
27826,4389.56
27827,4389.92
27828,4389.8
27829,4389.59
27830,4369.8
27831,4369.77
27832,4358.04
27833,4000.82
27834,4000.55
27835,4000.97
27836,4000.93
27837,3799.47
27838,3900.48
27839,3839.29
27840,3769.8
27841,4000.76
27842,4000.53
27843,4000.14
27844,3839.37
27845,3499.7
27846,3469.82
27847,3469.65
27848,3469.45
27849,3500.61
27850,3500.05
27851,3499.56
27852,3350.96
27853,3100.59
27854,3030.76
27855,3030.19
27856,3000.09
27857,2999.74
27858,3000.29
27859,2970.6
27860,2960.03
27861,3030.43
27862,3200.22
27863,3500.29
27864,3529.13
27865,3618.57
27866,3685.18
27867,3685.46
27868,3685.33
27869,3689.59
27870,3689.96
27871,3361.44
27872,3197.21
27873,3001.32
27874,3035.46
27875,3001.36
27876,3019.8
27877,3000.72
27878,2999.44
27879,2992.36
27880,2966.3
27881,2925.66
27882,2911.7
27883,2752.44
27884,2500.12
27885,2399.49
27886,2500.43
27887,2500.6
27888,2500.89
27889,2549.01
27890,2400.66
27891,2240.17
27892,2217.13
27893,2101.68
27894,2811.31
27895,2831.6
27896,2859.93
27897,2909.45
27898,2914.65
27899,2898.57
27900,2902.35
27901,2920.59
27902,2969.86
27903,3035.98
27904,3197.46
27905,3197.1
27906,3211.57
27907,3272.32
27908,3529.99
27909,3720.07
27910,4360.67
27911,4909.53
27912,6000.67
27913,10000
27914,10000
27915,10000
27916,10000
27917,10000
27918,10000
27919,10000
27920,6029.53
27921,4617
27922,4849.44
27923,4849.75
27924,4849.5
27925,4849.11
27926,4535.94
27927,4549.03
27928,4487.68
27929,4369.02
27930,4369.56
27931,4389.19
27932,4358.81
27933,4200.44
27934,4199.85
27935,4199.17
27936,4129.03
27937,3999.08
27938,4000.91
27939,4157.72
27940,4157.12
27941,3637.76
27942,3600
27943,3529.55
27944,3499.65
27945,3700.43
27946,3689.49
27947,3689.36
27948,3600.4
27949,3300.44
27950,3252.26
27951,3100.87
27952,3100.53
27953,3100.21
27954,3100.29
27955,3100.14
27956,3059.84
27957,3100.89
27958,3258.69
27959,3272.17
27960,3211.29
27961,3189.96
27962,3211.56
27963,3250.92
27964,3211.56
27965,3211.85
27966,3211.81
27967,3035.19
27968,2955.74
27969,2898.56
27970,2904.72
27971,2898.85
27972,2898.62
27973,2898.57
27974,2910.12
27975,2885.13
27976,2917.65
27977,2860.58
27978,2860.3
27979,2860.28
27980,2860.26
27981,2859.59
27982,2859.43
27983,2815.8
27984,2752.99
27985,2805.2
27986,2752.61
27987,2730.26
27988,2549.91
27989,2500
27990,2217.44
27991,2400.9
27992,2660.39
27993,2898.06
27994,2898.12
27995,2898.06
27996,2898.88
27997,2946.49
27998,2979.92
27999,3059.03
28000,3197.02
28001,3163.86
28002,3211.39
28003,3211.98
28004,3460.8
28005,3619
28006,4244.73
28007,4849.29
28008,4982.73
28009,9499.37
28010,6290.85
28011,10000
28012,10000
28013,10000
28014,9199.47
28015,6029.22
28016,4899.26
28017,4281.79
28018,4299.53
28019,4369.53
28020,4369.27
28021,4369.02
28022,4294.49
28023,4369.33
28024,4299.24
28025,4199.1
28026,4199.68
28027,4157.18
28028,4129.84
28029,4199.58
28030,4199.94
28031,4199.51
28032,4129.87
28033,4199.02
28034,4000.86
28035,3898.75
28036,3750.72
28037,3499.32
28038,3388.74
28039,3300.42
28040,3150.35
28041,3000.65
28042,2999.81
28043,3010.32
28044,3000.19
28045,3047.07
28046,3000.78
28047,3000.04
28048,2990.62
28049,2979.68
28050,2978.42
28051,2953.32
28052,2948.54
28053,2942.41
28054,3047.34
28055,3235.75
28056,3206.38
28057,2950.73
28058,3047.35
28059,3165.76
28060,3047.94
28061,3235.23
28062,3237.51
28063,3206.48
28064,3074.46
28065,3047.13
28066,3047.84
28067,3074.01
28068,3047.01
28069,2979.69
28070,2950.36
28071,2960.17
28072,2922.21
28073,2883.64
28074,2877.54
28075,2871.26
28076,2870.93
28077,2859.46
28078,2859.67
28079,2859.14
28080,2215.61
28081,2022.64
28082,2022.39
28083,2022.26
28084,2012.6
28085,1999.77
28086,1999.53
28087,2660.05
28088,2730.33
28089,2887.11
28090,2901.86
28091,2902.82
28092,2951.49
28093,2999.39
28094,3000.36
28095,3047.55
28096,3074.75
28097,3140.22
28098,3206.31
28099,3388.61
28100,3641
28101,3688.74
28102,4280.43
28103,4899.71
28104,4935.89
28105,9000.85
28106,9999.26
28107,10000
28108,10000
28109,10000
28110,7648
28111,5619.44
28112,4769.37
28113,4129.58
28114,4199.24
28115,4199.63
28116,4200.36
28117,4179.19
28118,4079.78
28119,4109.51
28120,4079.43
28121,3637.53
28122,3898.72
28123,3898.78
28124,3898.5
28125,3869.96
28126,3999.97
28127,3869.86
28128,3898.34
28129,3839.38
28130,3898.52
28131,3839.84
28132,3898.21
28133,3499.71
28134,3499.71
28135,3499.89
28136,3499.1
28137,3500.02
28138,3499.37
28139,3499.03
28140,3388.41
28141,3280.09
28142,3000.6
28143,2999.22
28144,2930.85
28145,2854.99
28146,2999.02
28147,2999.55
28148,2999.92
28149,3000.23
28150,3295.84
28151,3236.73
28152,3207.51
28153,2999.8
28154,3207.7
28155,3207.47
28156,3109.77
28157,3207.52
28158,3207.69
28159,2999.3
28160,2959.54
28161,2854.84
28162,2833.64
28163,2833.6
28164,2673.25
28165,2661.49
28166,2630.22
28167,2611.75
28168,2599.7
28169,1890.71
28170,1499.95
28171,1499.26
28172,1499.02
28173,1340.65
28174,1392.51
28175,1392.64
28176,1392.42
28177,1340.94
28178,1392.04
28179,1392.36
28180,1392.11
28181,1200.16
28182,1199.69
28183,1499.04
28184,1499.37
28185,1600.85
28186,1998.01
28187,1999.48
28188,2380.37
28189,2655.79
28190,2779.3
28191,2779.1
28192,2854.83
28193,2900.48
28194,2959.33
28195,2987.24
28196,3236.24
28197,3238.36
28198,3499.22
28199,3689.39
28200,3689.74
28201,4179.62
28202,4199.66
28203,4519.95
28204,4775.37
28205,4519.3
28206,4199.16
28207,4079
28208,4000.44
28209,3499.06
28210,3599.11
28211,3839.02
28212,3839.26
28213,3999.9
28214,3900.72
28215,3961.83
28216,3839.99
28217,3469.96
28218,3469.16
28219,3469.93
28220,3499.19
28221,3469.69
28222,3499.29
28223,3469.57
28224,3460.17
28225,3359.83
28226,3388
28227,3359.85
28228,3359.31
28229,3100.52
28230,2989.23
28231,2979.09
28232,2900.8
28233,2940.19
28234,2964.21
28235,3109.44
28236,3100.22
28237,3047.43
28238,2999.56
28239,2930.3
28240,2911.38
28241,2940.15
28242,2999.14
28243,2900.58
28244,2904.53
28245,2908.5
28246,3100.11
28247,3211.32
28248,3047.76
28249,2980.26
28250,3001.23
28251,3030.28
28252,3001.09
28253,3047.17
28254,3074.41
28255,3074.01
28256,3047.06
28257,3035.5
28258,3035.1
28259,2999.87
28260,2915.04
28261,3001.63
28262,3026.4
28263,3000.69
28264,2989.7
28265,2891.67
28266,2900.18
28267,2898.61
28268,2873.39
28269,2860.5
28270,2860.63
28271,2779.89
28272,2169.87
28273,2250.8
28274,2240.62
28275,2350.51
28276,2215.87
28277,2101.31
28278,2022.72
28279,2802.89
28280,2860.13
28281,2892.96
28282,2891.67
28283,3000.18
28284,3035.06
28285,3031.77
28286,3035.83
28287,3047.36
28288,3074.91
28289,3211.63
28290,3440.43
28291,3499.86
28292,3685.53
28293,4000.01
28294,4412.01
28295,4849.25
28296,4853.98
28297,9999.43
28298,9999.46
28299,10000
28300,10000
28301,9261.74
28302,6000.4
28303,5077.79
28304,4550.16
28305,4200.64
28306,4319.87
28307,4359.69
28308,4379.56
28309,4319.61
28310,4200.71
28311,4200.15
28312,4129.92
28313,3800.05
28314,3800.16
28315,3800.31
28316,4000.75
28317,3769.07
28318,3769.99
28319,3700.87
28320,3700.95
28321,3599.13
28322,3599.67
28323,3599.22
28324,3406.4
28325,3000.07
28326,2999.97
28327,2999.01
28328,2919.38
28329,2999.01
28330,3000.52
28331,3163.89
28332,3036.2
28333,3000.17
28334,2999.29
28335,2940.76
28336,2915.04
28337,2918.93
28338,2900.43
28339,2900.14
28340,2900.37
28341,2900.46
28342,3074.88
28343,3211.47
28344,3211.01
28345,3035.53
28346,3053.36
28347,3163.76
28348,3089.48
28349,3211.63
28350,3295.11
28351,3211.74
28352,3150.02
28353,3047.94
28354,2900.84
28355,2902.23
28356,2898.05
28357,3001.5
28358,3035.15
28359,3047.18
28360,3047.09
28361,2860.76
28362,2860.83
28363,2860.02
28364,2854.74
28365,2852.64
28366,2854.51
28367,2660.58
28368,2117.42
28369,2101.53
28370,2101.27
28371,2101.12
28372,2012.95
28373,1999.34
28374,1999.3
28375,2570.09
28376,2799.01
28377,2860.88
28378,2898.95
28379,2910.94
28380,3035.26
28381,3035.41
28382,3035.98
28383,3035.66
28384,3074.22
28385,3074.24
28386,3211.74
28387,3440.88
28388,3685.73
28389,4119.14
28390,4450.09
28391,5600.08
28392,5999.42
28393,10000
28394,10000
28395,10000
28396,9999.72
28397,6500.39
28398,5791.93
28399,5600.33
28400,5100.33
28401,4379.2
28402,4389.43
28403,4439.26
28404,4439.78
28405,4389.29
28406,4319.66
28407,4300.68
28408,4129.94
28409,3689.72
28410,3700.92
28411,3900.63
28412,4000.5
28413,3900.01
28414,3999.06
28415,3700.88
28416,3700.5
28417,3406.06
28418,3389
28419,3469.18
28420,3388.34
28421,3030.43
28422,3030.26
28423,3000.55
28424,2908.67
28425,2999.14
28426,3030.75
28427,3149.34
28428,3030.97
28429,3030.7
28430,3000.55
28431,2909.37
28432,2900.85
28433,2900.9
28434,2900.82
28435,2900.44
28436,2900.71
28437,2900.4
28438,3031
28439,3207.11
28440,3207.3
28441,2959.63
28442,2959.88
28443,3030.97
28444,3148.8
28445,3207.93
28446,3236.45
28447,3157.8
28448,3074.16
28449,2959.09
28450,2888.2
28451,2866.88
28452,2854.19
28453,2893.28
28454,2890.86
28455,2876.5
28456,2860.57
28457,2710.42
28458,2700.32
28459,2500.71
28460,2500.55
28461,2449.99
28462,2471
28463,2012.13
28464,1989.69
28465,1989.82
28466,1989.17
28467,1959.93
28468,1959.72
28469,1959.38
28470,1959.3
28471,1999.61
28472,2139.39
28473,2799.04
28474,2854.29
28475,2859.18
28476,2908.5
28477,2959.55
28478,2963.2
28479,3000.82
28480,3074.43
28481,3207.17
28482,3207.25
28483,3238.64
28484,3499.66
28485,3689.78
28486,4270.48
28487,4500.57
28488,4536.87
28489,9930.67
28490,10000
28491,10000
28492,10000
28493,7000.6
28494,6000.68
28495,5246.51
28496,4800.27
28497,3901.59
28498,3901.63
28499,3901.85
28500,3990.57
28501,3898.57
28502,3999.63
28503,3979.77
28504,3898.38
28505,3599.53
28506,3599.84
28507,3752.48
28508,3799.1
28509,3637.71
28510,3689.69
28511,3599.88
28512,3599.72
28513,3280.54
28514,3279.4
28515,3279.88
28516,3249.79
28517,2980.52
28518,2911.54
28519,2900.65
28520,2899.44
28521,2900.55
28522,2940.35
28523,2999.69
28524,2980.09
28525,2918.52
28526,2907.62
28527,2900.83
28528,2900.66
28529,2900.22
28530,2900.04
28531,2894.03
28532,2890.44
28533,2900.85
28534,3000.85
28535,3208.29
28536,3208.04
28537,2960.17
28538,2960.58
28539,2960.72
28540,3047.18
28541,3149.96
28542,3106.18
28543,3047.15
28544,2960.51
28545,2908.41
28546,2882.6
28547,2860.5
28548,2799.32
28549,2799.96
28550,2717.96
28551,2717.73
28552,2672.6
28553,2455.8
28554,2399
28555,2101.91
28556,2101.34
28557,1999.13
28558,1989.93
28559,1952.38
28560,1890.16
28561,1691.31
28562,1691.14
28563,1664.78
28564,1500.67
28565,1499.86
28566,1499.81
28567,1500.76
28568,1749.87
28569,2329.89
28570,2488.4
28571,2499.95
28572,2717.55
28573,2875.59
28574,2921.06
28575,2908.92
28576,2921.89
28577,3010.41
28578,3000.72
28579,3166.18
28580,3340.14
28581,3642.55
28582,3744.7
28583,4000.53
28584,4319.85
28585,9481.47
28586,9500.99
28587,9999.94
28588,9999.2
28589,7000.83
28590,5499.11
28591,4899.51
28592,4389.12
28593,3599.92
28594,3689.44
28595,3689.74
28596,3799.98
28597,3898.65
28598,4000.41
28599,4000.01
28600,3800.69
28601,3599.11
28602,3599.8
28603,3689.4
28604,3637.46
28605,3599.66
28606,3599.7
28607,3549.46
28608,3500.84
28609,2900.44
28610,2940.12
28611,3030.13
28612,2999.99
28613,3030.13
28614,2999.95
28615,2900.98
28616,2900.43
28617,2900.49
28618,2900.03
28619,2854.88
28620,2842.64
28621,2854.13
28622,2833.54
28623,2818.84
28624,2799.95
28625,2799.21
28626,2779.39
28627,2752.74
28628,2710.94
28629,2799.76
28630,2854.76
28631,2900.18
28632,2900.78
28633,2921.18
28634,2921.65
28635,2960.45
28636,2987.6
28637,3208.07
28638,3208.08
28639,2973.6
28640,2921.3
28641,2908.32
28642,2900.43
28643,2826.23
28644,2717.15
28645,2240.48
28646,2090.7
28647,2022.33
28648,1999.53
28649,1890.27
28650,1399.2
28651,1340.67
28652,1297.49
28653,1096.71
28654,1096.58
28655,1499.23
28656,1499.05
28657,1499.28
28658,1499.25
28659,1499.09
28660,1399.42
28661,1096.04
28662,1096.01
28663,1096.25
28664,1499.1
28665,1999.08
28666,1999.6
28667,1999.94
28668,2499.5
28669,2799.45
28670,2836.92
28671,2860.81
28672,2921.66
28673,2960.91
28674,2960.68
28675,3050.48
28676,3388.6
28677,3689.62
28678,4200.35
28679,4500.52
28680,4800.78
28681,9239.98
28682,9239.95
28683,10000
28684,10000
28685,7500.07
28686,5028.6
28687,4389.99
28688,4319.11
28689,3999.62
28690,4000.2
28691,3999.2
28692,3999.15
28693,3800.69
28694,3999.11
28695,3950.81
28696,3800.93
28697,3300.14
28698,3480.22
28699,3480.35
28700,3480.07
28701,3406.9
28702,3200.73
28703,2907.45
28704,2900.82
28705,3010.55
28706,3040.76
28707,3258.05
28708,3133.2
28709,3030.09
28710,2979.35
28711,2900.86
28712,2900.21
28713,2900.71
28714,2900.9
28715,2900.72
28716,2900.53
28717,2900.51
28718,2900.26
28719,2900.22
28720,2854.86
28721,2854.16
28722,2835.4
28723,2800.09
28724,2800.14
28725,2848.78
28726,2900.02
28727,2940.93
28728,3030.12
28729,3149.02
28730,3208.27
28731,3199.36
28732,3165.54
28733,3406.16
28734,3490.24
28735,3295.86
28736,3149.86
28737,3074.25
28738,2921.93
28739,2717.9
28740,2570.3
28741,2572.75
28742,2524.18
28743,2500.9
28744,2100.43
28745,1999.72
28746,1999.47
28747,1999.09
28748,1989.6
28749,1499.69
28750,1499.57
28751,1870.25
28752,1691.25
28753,1499.84
28754,1499.77
28755,1499.71
28756,1499.51
28757,1499.24
28758,1499.24
28759,1499.56
28760,1499.85
28761,1989.65
28762,1999.17
28763,1999.55
28764,1999.78
28765,2430.85
28766,2555.08
28767,2717.12
28768,2851.6
28769,2938.2
28770,3074.29
28771,3150.04
28772,3440.61
28773,3954.11
28774,4319.32
28775,4776.91
28776,5000.3
28777,8715.12
28778,9007.2
28779,9607.22
28780,9676.04
28781,7500.84
28782,7140.56
28783,5100.09
28784,4899.66
28785,4389.25
28786,4389.84
28787,4389.07
28788,4379.44
28789,4358.62
28790,4358.78
28791,4300.78
28792,4300.64
28793,3898.64
28794,3898.95
28795,4079.21
28796,4000.34
28797,3689.94
28798,3599.79
28799,3591.7
28800,3591.92
28801,2800.75
28802,2900.44
28803,2900.64
28804,2900.11
28805,2717.66
28806,2717.98
28807,2717.57
28808,2717.45
28809,2717.77
28810,2717.61
28811,2717.27
28812,2710.73
28813,2669.5
28814,2650.45
28815,2650.06
28816,2629.26
28817,2608.01
28818,2604.07
28819,2592.82
28820,2594.67
28821,2717.58
28822,2717.93
28823,2921.23
28824,2779.64
28825,2900.77
28826,2901
28827,2908.6
28828,2921.52
28829,2960.91
28830,3047.65
28831,2999.04
28832,2960.65
28833,2921.69
28834,2717.4
28835,2541.94
28836,1999.31
28837,1989.21
28838,1700.25
28839,1537.29
28840,1326.51
28841,999.34
28842,999.04
28843,799.69
28844,799.33
28845,696.37
28846,696.45
28847,696.35
28848,696.26
28849,696.11
28850,500.98
28851,500.88
28852,500.85
28853,500.65
28854,500.74
28855,500.21
28856,500.48
28857,500.82
28858,696.17
28859,696.56
28860,696.8
28861,1500.76
28862,1999.02
28863,1999.1
28864,2400.99
28865,2595.09
28866,2590.86
28867,2706.5
28868,2900.98
28869,2921.03
28870,3205.97
28871,3560.22
28872,3530.22
28873,3909.99
28874,3979.28
28875,4199.3
28876,4199.2
28877,3979.1
28878,3689.63
28879,3399.06
28880,3399.5
28881,3259.48
28882,3259.68
28883,3259.78
28884,3259.87
28885,3059.64
28886,3240.31
28887,3240.76
28888,3258.27
28889,2999.55
28890,3149.86
28891,3165.37
28892,3042.45
28893,3042.59
28894,2999.85
28895,2921.69
28896,2833.37
28897,2714.51
28898,2717.65
28899,2752.76
28900,2779.28
28901,2790.64
28902,2767.29
28903,2717.73
28904,2717.51
28905,2717.86
28906,2717.72
28907,2717.57
28908,2717.45
28909,2717.21
28910,2717.13
28911,2717.1
28912,2710.85
28913,2710.92
28914,2710.28
28915,2717
28916,2717.05
28917,2717.52
28918,2717.87
28919,2798.35
28920,2900.25
28921,2921.82
28922,2955.85
28923,3030.1
28924,3120.78
28925,3258.6
28926,3290.69
28927,3203.14
28928,2955.63
28929,2921.34
28930,2796.22
28931,2717.31
28932,2558.73
28933,2519.21
28934,2468.4
28935,2437.8
28936,2499.85
28937,2022.03
28938,1999.99
28939,1999.72
28940,1999.58
28941,1999.27
28942,1999.27
28943,1999.14
28944,1959.89
28945,1959.19
28946,1900.57
28947,1900.17
28948,1745.12
28949,1530.05
28950,1500.35
28951,1900.78
28952,1999
28953,1999.39
28954,1999.63
28955,1999.85
28956,2022.28
28957,2499.94
28958,2558.34
28959,2681.82
28960,2717.79
28961,2787.47
28962,2921.68
28963,3203.39
28964,3440.1
28965,3689.47
28966,4270.23
28967,5214.12
28968,5214.52
28969,7359.33
28970,9029.67
28971,9567.43
28972,8478.6
28973,7359.01
28974,5999.55
28975,4938.09
28976,4389.48
28977,4199.58
28978,4199.12
28979,4123.83
28980,4000.89
28981,3898.33
28982,4000.04
28983,4000.91
28984,4000.65
28985,2921.99
28986,3100.77
28987,3258.69
28988,3200.85
28989,2921.84
28990,2921.77
28991,2921.48
28992,2921.13
28993,3000.7
28994,3090.35
28995,3090.11
28996,3040.53
28997,2999.81
28998,2999.36
28999,2900.83
29000,2900.72
29001,2999.34
29002,2999.25
29003,2970.56
29004,2901.6
29005,2900.71
29006,2900.55
29007,2900.31
29008,2900.16
29009,2900.02
29010,2900.09
29011,2750.73
29012,2779.01
29013,2854.67
29014,2900.61
29015,2983
29016,3047.15
29017,3290.34
29018,3400.02
29019,3642.15
29020,3642.84
29021,3700.06
29022,3700.02
29023,3642.74
29024,3236.56
29025,3203.5
29026,3074.58
29027,2900.82
29028,2717.16
29029,2600.09
29030,2577.82
29031,2519.37
29032,2430.32
29033,1999.98
29034,2000.49
29035,1999.83
29036,1999.66
29037,1999.32
29038,1999.45
29039,1999.37
29040,1999.31
29041,1999.18
29042,1999.17
29043,1999.17
29044,1999.12
29045,1700.89
29046,1700.94
29047,1870.45
29048,1999
29049,1999.09
29050,1999.3
29051,1999.61
29052,1999.87
29053,2554.17
29054,2700.79
29055,2800.24
29056,2955.45
29057,3046
29058,3203.35
29059,3258.72
29060,3671.05
29061,4091.63
29062,4700.73
29063,5499.45
29064,6000.18
29065,10000
29066,10000
29067,10000
29068,10000
29069,6969.84
29070,5499.63
29071,4909.88
29072,4500.75
29073,4179.78
29074,4250.51
29075,4199.04
29076,4179.22
29077,3923.37
29078,4000.32
29079,4032.26
29080,4000.4
29081,3500.72
29082,3630.53
29083,3630.34
29084,3630.5
29085,3499.82
29086,3460.71
29087,3400.6
29088,3150.98
29089,3388.41
29090,3469.13
29091,3388.45
29092,3388.18
29093,3080.3
29094,3000.27
29095,3000.45
29096,2900.92
29097,3000.6
29098,3040.27
29099,3040.96
29100,3040.45
29101,3040.1
29102,3000.27
29103,2940.6
29104,2900.93
29105,2940.53
29106,2900.39
29107,2850.16
29108,2850.19
29109,2854.88
29110,2900.37
29111,3000.9
29112,3295.8
29113,3406.24
29114,3642.43
29115,3689.25
29116,3689.14
29117,3689.77
29118,3743.04
29119,3642.34
29120,3236.99
29121,3203.81
29122,3203.3
29123,3074.03
29124,2921.14
29125,2854.51
29126,2840.4
29127,2800.28
29128,2739.13
29129,2500.8
29130,2250.77
29131,2250.61
29132,2250.05
29133,2090.32
29134,2090.26
29135,1999.98
29136,1999.92
29137,1999.71
29138,1999.66
29139,1999.63
29140,1999.55
29141,1999.27
29142,1999.23
29143,1999.28
29144,1999.41
29145,1999.76
29146,2090.1
29147,2545.46
29148,2692.8
29149,2894.8
29150,2854.59
29151,2921.55
29152,2854.35
29153,3295.75
29154,3499.72
29155,3689.1
29156,3743.91
29157,5618.45
29158,10000
29159,10000
29160,10000
29161,10000
29162,10000
29163,10000
29164,10000
29165,10000
29166,7800.85
29167,5618.67
29168,5364.74
29169,5000.16
29170,4960.75
29171,4849.74
29172,4650.9
29173,4439.48
29174,4389.79
29175,4319.13
29176,4250.66
29177,3799.1
29178,3839.59
29179,3898.02
29180,3910.03
29181,3630.66
29182,3499.53
29183,3469.07
29184,3400.84
29185,4000.25
29281,3000.08
29186,4000.09
29282,2999.28
29187,3999.59
29283,2995.65
29188,4000.28
29284,2995.05
29189,3689.85
29285,2752.84
29190,3500.49
29286,2850.12
29191,3499.11
29287,2733.71
29192,3469.64
29288,2580.91
29193,3600.01
29289,2489.19
29194,3600.05
29290,2450.35
29195,3469.79
29291,2450.51
29196,3469.09
29292,2410.33
29197,3388.19
29293,2400.95
29198,3295.12
29294,2400.17
29199,3069.18
29295,2321.55
29200,3042.56
29296,2180.17
29201,2946.79
29297,2350
29202,2900.75
29298,2499.77
29203,2900.87
29299,2800.15
29204,2900.81
29300,2752.25
29205,3000.92
29301,2999.58
29206,3149.87
29302,2999.42
29207,3499.47
29303,3070.23
29208,3406.1
29304,3160.29
29209,3469.25
29305,3541.71
29210,3580.54
29306,3810.68
29211,3589.4
29307,4000.95
29212,3589.85
29308,4149.04
29213,3643.15
29309,4125.1
29214,3643.58
29310,4546.07
29215,3542.37
29311,7000.74
29216,3388.62
29312,10000
29217,3074.31
29313,10000
29218,2839.89
29314,10000
29219,2699.81
29315,10000
29220,2533.62
29316,10000
29221,2100.32
29317,10000
29222,1999.9
29318,10000
29223,1999.64
29319,10000
29224,1999.34
29320,10000
29225,1199.06
29321,10000
29226,999.51
29322,10000
29227,999.07
29323,10000
29228,930.88
29324,10000
29229,699.71
29325,8000.4
29230,699.63
29326,6500.6
29231,696.78
29327,6073.47
29232,696.69
29328,4999.28
29233,696.38
29329,4307.22
29234,696.25
29330,4280.93
29235,696.18
29331,4101.94
29236,696.07
29332,3899.27
29237,499.93
29333,3525.13
29238,499.84
29334,3300.09
29239,499.91
29335,3541.09
29240,499.93
29336,3525.74
29241,540.4
29337,3520.47
29242,696.04
29338,3500.3
29243,696.69
29339,3525.73
29244,699.16
29340,3541.02
29245,1000.3
29341,3525.95
29246,1000.98
29342,3525.39
29247,1901.06
29343,3541.44
29248,1999.07
29344,3541.75
29249,1999.18
29345,3814.85
29250,1999.28
29346,4000.02
29251,1999.77
29347,5000.2
29252,2500.04
29348,7010.64
29253,2740.28
29349,10000
29254,2999.16
29350,10000
29255,3839.17
29351,10000
29256,4000.34
29352,10000
29257,4899.35
29353,10000
29258,4909.66
29354,10000
29259,5999.86
29355,10000
29260,5499.92
29356,10000
29261,5028.68
29357,10000
29262,4389.49
29358,10000
29263,4000.31
29359,7010.57
29264,4000.91
29360,5750.49
29265,3690.89
29361,5000.89
29266,3900.72
29362,4499.47
29267,3689.61
29363,4009.94
29268,3689.29
29364,4009.1
29269,3510.34
29365,3829.23
29270,3510.62
29366,3700.72
29271,3510.49
29367,3539.77
29272,3510.01
29368,3539.08
29273,3069.61
29369,3120.61
29274,3069.82
29370,3120.84
29275,3380.47
29371,3142.03
29276,3380.44
29372,3142.27
29277,2790.66
29373,3091.24
29278,2699.99
29374,3091.03
29279,2699.82
29375,3091.29
29280,2710.36
29376,3065.26
29377,3306.55
29378,3308.14
29379,3306.5
29380,3300.3
29381,3166.19
29382,3143.8
29383,3076.66
29384,3076.57
29385,3050.71
29386,3050.16
29387,3049.58
29388,3021.19
29389,3019.15
29390,2965.86
29391,3019.28
29392,3000.56
29393,3021.21
29394,3076.93
29395,3180.39
29396,3308.43
29397,3311.25
29398,3315.29
29399,3323.42
29400,3308.9
29401,4012.43
29402,4246.85
29403,4246.71
29404,4246.34
29405,5000.59
29406,10000
29407,10000
29408,10000
29409,10000
29410,10000
29411,10000
29412,10000
29413,5396.18
29414,6968.29
29415,5183.5
29416,3719.31
29417,3700.35
29418,3850.95
29419,3850.03
29420,3830.13
29421,3708.09
29422,3647.64
29423,3559.73
29424,3476.45
29425,3600.96
29426,3525.59
29427,3476.41
29428,3252.2
29429,3050.68
29430,2901.79
29431,3000.75
29432,2965.27
29433,2901.34
29434,2901.7
29435,2901.02
29436,2878.31
29437,3051.74
29438,3021.08
29439,3076.29
29440,3113.02
29441,3300.6
29442,3525.55
29443,3527.83
29444,3647.18
29445,3647.43
29446,3647.34
29447,3525.8
29448,3569.64
29449,4140.13
29450,3980.52
29451,4658.69
29452,5218.33
29453,5850.54
29454,5700.54
29455,5183.58
29456,5183.44
29457,4140.24
29458,4000.72
29459,4248.19
29460,4140.2
29461,3900.51
29462,3910.11
29463,3980.66
29464,3900.17
29465,3560.26
29466,3708.38
29467,3693.4
29468,3647.53
29469,3500.91
29470,3420.3
29471,3348.67
29472,3334.15
29473,3530.29
29474,3508.81
29475,3459.1
29476,3319.18
29477,3300.57
29478,3298.14
29479,3239.62
29480,3187.38
29481,3160.83
29482,3160.63
29483,3160.22
29484,3160
29485,3142.07
29486,3140.18
29487,3130.36
29488,3080.93
29489,3135.87
29490,3171.51
29491,3185.92
29492,3239.92
29493,3499.79
29494,3634.24
29495,3634.96
29496,3658.35
29497,3658.19
29498,3658.1
29499,3800.41
29500,4500.28
29501,4910.26
29502,10000
29503,10000
29504,10000
29505,6999.28
29506,5181.8
29507,4700.61
29508,4500.4
29509,4500.68
29510,4563.65
29511,4469.75
29512,3850.51
29513,3620.79
29514,3525.98
29515,3525.88
29516,3395.24
29517,3643.65
29518,3499.51
29519,3316.69
29520,3283.18
29521,3185.18
29522,3160.58
29523,3019.07
29524,2890.03
29525,2837.18
29526,2618.66
29527,2710.15
29528,2837.07
29529,2837.74
29530,2880.28
29531,2890.44
29532,2900.19
29533,3050.89
29534,3160.53
29535,3170.67
29536,3185.86
29537,3279.84
29538,3310.71
29539,3370.76
29540,3634.19
29541,3460.65
29542,3530.08
29543,3658.87
29544,3819.59
29545,4120.58
29546,4469.86
29547,5000.94
29548,6017.84
29549,5722.82
29550,5181.19
29551,4960.47
29552,4329.01
29553,4120.77
29554,4429.47
29555,4429.84
29556,4429.43
29557,4400.13
29558,4429.43
29559,3910.56
29560,3850
29561,3740.41
29562,3730.34
29563,3658.48
29564,3634.94
29565,3634.57
29566,3643.38
29567,3658.39
29568,3658.41
29569,10000
29570,10000
29571,5095.59
29572,4699.44
29573,4500.61
29574,4240.31
29575,4002.9
29576,4002.54
29577,4000.38
29578,3800.73
29579,3775.64
29580,3775.23
29581,3674.83
29582,3674.06
29583,3660.61
29584,3550.75
29585,3539.38
29586,3539.49
29587,3510.9
29588,3512.19
29589,3674.13
29590,3775.86
29591,4000.25
29592,4000.4
29593,4199.99
29594,4519.2
29595,4179.89
29596,4119.65
29597,4179.14
29598,4002.37
29599,4000.25
29600,3759.28
29601,3510.64
29602,3470.71
29603,3425.47
29604,3429.79
29605,3399.93
29606,3414.51
29607,3398.3
29608,3398.37
29609,3309.2
29610,3309.7
29611,3119.2
29612,3059.67
29613,2993.54
29614,2912.27
29615,2883.41
29616,2812.55
29617,2630.1
29618,2598.03
29619,2400.53
29620,2500.76
29621,2277.73
29622,2277.76
29623,2500.68
29624,2630.36
29625,2883.06
29626,2883.43
29627,2883.95
29628,2910.49
29629,2995.93
29630,3016.43
29631,3309.19
29632,3338.51
29633,3407.46
29634,3427.78
29635,3510.66
29636,3674.66
29637,3775.04
29638,3789.18
29639,4000.74
29640,4002.24
29641,3850.79
29642,4002.79
29643,4200.92
29644,4519.49
29645,4999.69
29646,5319.72
29647,4999.67
29648,4592.96
29649,4700.77
29650,4589.8
29651,4728.14
29652,4728.02
29653,4982.91
29654,5000
29655,5000.91
29656,4728.21
29657,4999.88
29658,5069.59
29659,5009.14
29660,6300.27
29661,5619.97
29662,6300.64
29663,5499.1
29664,5376.55
29665,10000
29666,10000
29667,10000
29668,10000
29669,6499.9
29670,6499.26
29671,5999.88
29672,5266.93
29673,5999.71
29674,5700.03
29675,5201.19
29676,4669.44
29677,4048.81
29678,4048.24
29679,3949.8
29680,3889.84
29681,3501.66
29682,3899.12
29683,3899.73
29684,3949.48
29685,3899.59
29686,4000.37
29687,4001
29688,4034.14
29689,4191.11
29690,4191.23
29691,3980.37
29692,3830.19
29693,3640.43
29694,3599.35
29695,3409.61
29696,3350.06
29697,3308.02
29698,3119.95
29699,2927.11
29700,2725.94
29701,3019.52
29702,3000.72
29703,3004.77
29704,3019.23
29705,2800.42
29706,2928.41
29707,2933.83
29708,2957.75
29709,2812.65
29710,2711.55
29711,2710.74
29712,2140.99
29713,1999.81
29714,1999.71
29715,1999.53
29716,1999.4
29717,1999.4
29718,1999.4
29719,1999.48
29720,1999.68
29721,1999.94
29722,2812.08
29723,2950.15
29724,3008.53
29725,2858.93
29726,3000.13
29727,3260.19
29728,3690.56
29729,3490.04
29730,3300.82
29731,3460.13
29732,3125.83
29733,3019.42
29734,3599.12
29735,3252.47
29736,3460.27
29737,2680.48
29738,3100.83
29739,3999.48
29740,4410.38
29741,4500.59
29742,4700.01
29743,5400.74
29744,5684.05
29745,5000.88
29746,5000.72
29747,5249.16
29748,5999.15
29749,5999.69
29750,8999.21
29751,9999.78
29752,10000
29753,10000
29754,10000
29755,10000
29756,10000
29757,10000
29758,10000
29759,10000
29760,10000
29761,10000
29762,10000
29763,10000
29764,10000
29765,5119.19
29766,4999.11
29767,4614.94
29768,4614.04
29769,4916.93
29770,4669.87
29771,4614.94
29772,4550.74
29773,4519.25
29774,4351.6
29775,4345.15
29776,4219.41
29777,4345.22
29778,4301.46
29779,3958.14
29780,3830.46
29781,4219.66
29782,3941.8
29783,3941.06
29784,3600.85
29785,3999.85
29786,4069.9
29787,3930.69
29788,3930.24
29789,3575.1
29790,3340.82
29791,3279.84
29792,3240.6
29793,3268.14
29794,3240.57
29795,3100.45
29796,2920.24
29797,3000.1
29798,3000.2
29799,3268.05
29800,3240.87
29801,3240.39
29802,3240.52
29803,3240.52
29804,3240.36
29805,3000.46
29806,3140.18
29807,3240.31
29808,3219.22
29809,3000.4
29810,3000.62
29811,3240.21
29812,3240.53
29813,2995.22
29814,3012.61
29815,3267.89
29816,3340.5
29817,3430.8
29818,3647.49
29819,3949.07
29820,4020.12
29821,3829.86
29822,3999.54
29823,3999.84
29824,3954.44
29825,3829.13
29826,3647.91
29827,3926.88
29828,3720.59
29829,3420.39
29830,3357.89
29831,3300.98
29832,3300.05
29833,3200.41
29834,3210.42
29835,3500.06
29836,4455.34
29837,4499.28
29838,4519.04
29839,4650.47
29840,4999.96
29841,5050.61
29842,5421.35
29843,6499.4
29844,10000
29845,10000
29846,10000
29847,10000
29848,10000
29849,10000
29850,10000
29851,10000
29852,10000
29853,10000
29854,10000
29855,10000
29856,10000
29857,10000
29858,10000
29859,10000
29860,10000
29861,10000
29862,10000
29863,10000
29864,10000
29865,10000
29866,9179.72
29867,7619.53
29868,7387.35
29869,7999.23
29870,7999.07
29871,6334.98
29872,5893.26
29873,5010.82
29874,5999.5
29875,7289.61
29876,7999.09
29877,5200.37
29878,5621.42
29879,7056
29880,5999.73
29881,8000.26
29882,7999.2
29883,5220.93
29884,4868.54
29885,4358.13
29886,4300.43
29887,3749.83
29888,3410.59
29889,3369.99
29890,3369.67
29891,3369.58
29892,3369.59
29893,3369.29
29894,3369.68
29895,3369.94
29896,3384.35
29897,3064.93
29898,3150.64
29899,3084.13
29900,3064.93
29901,3094.88
29902,3109.84
29903,3064.8
29904,3064.61
29905,3064.43
29906,3064.28
29907,3064.03
29908,3019.25
29909,2550.87
29910,2500.06
29911,3048.09
29912,3064.4
29913,3300.09
29914,3369.53
29915,3369.46
29916,3369.94
29917,3470.63
29918,3500.2
29919,3530.91
29920,3503.15
29921,3530.54
29922,3540.49
29923,3540.71
29924,3540.95
29925,3580.05
29926,3585.27
29927,3543.53
29928,3749.09
29929,4470.8
29930,4505.37
29931,5000.4
29932,5400.58
29933,10000
29934,10000
29935,10000
29936,10000
29937,10000
29938,10000
29939,10000
29940,10000
29941,10000
29942,10000
29943,10000
29944,10000
29945,10000
29946,10000
29947,10000
29948,10000
29949,10000
29950,10000
29951,10000
29952,10000
29953,4999.53
29954,4800.26
29955,4469.14
29956,4147.3
29957,4049.16
29958,3858.52
29959,3749.79
29960,3726.46
29961,3789.07
29962,3749.29
29963,3670.17
29964,3569.52
29965,3638.93
29966,3531.87
29967,3531.11
29968,3480.76
29969,3531.88
29970,3600.43
29971,3616.89
29972,3689.01
29973,3600.78
29974,3600.91
29975,3689.4
29976,3689.93
29977,4049.83
29978,4064.53
29979,3859.3
29980,3600.87
29981,3474.15
29982,3436.23
29983,3156.58
29984,2871.91
29985,2850.32
29986,2855.36
29987,2855.5
29988,2718.18
29989,2680.94
29990,2601.17
29991,2524.18
29992,2519.23
29993,2119.75
29994,2285.49
29995,2409.07
29996,2129.15
29997,2099.54
29998,2091.88
29999,2000
30000,1999.85
30001,1999.83
30002,1999.68
30003,1999.58
30004,1999.52
30005,1999.3
30006,1999.35
30007,1999.39
30008,1999.39
30009,1999.47
30010,1999.42
30011,1999.26
30012,1999.33
30013,1999.84
30014,2129.56
30015,2409.56
30016,2595.53
30017,2839.37
30018,2929.24
30019,2929.82
30020,2929.7
30021,3159.53
30022,3159.01
30023,3156.63
30024,2929.29
30025,2800.41
30026,3159.33
30027,3499.17
30028,3858.51
30029,4510.67
30030,4549.28
30031,4549.75
30032,4649.98
30033,4649.43
30034,4549.65
30035,4549.07
30036,4549.65
30037,5100.96
30038,5338.59
30039,5499.04
30040,5499.34
30041,5350.15
30042,5338.61
30043,4549.89
30044,4549.94
30045,4300.19
30046,4349.03
30047,4255
30048,4121.68
30049,4049.02
30050,3969.8
30051,3963.65
30052,3667.68
30053,3460.13
30054,3460.06
30055,3460.63
30056,3460.11
30057,3360.55
30058,3360.19
30059,3350.79
30060,3200.02
30061,2900.45
30062,2900.75
30063,2900.89
30064,2900.77
30065,2919.84
30066,2999.07
30067,2919.89
30068,2900.68
30069,2829.66
30070,2839.98
30071,2850.61
30072,2900.33
30073,3078.24
30074,3078.04
30075,3055.77
30076,3064.13
30077,3055.97
30078,3055.03
30079,2957.83
30080,2850.74
30081,2580.05
30082,2569.41
30083,2500.78
30084,2569.68
30085,2573.65
30086,2719.92
30087,2804.61
30088,2569.38
30089,2000.11
30090,1999.09
30091,1888.44
30092,1888.46
30093,1888.17
30094,1888.94
30095,1970.24
30096,1970.51
30097,1970.31
30098,1999.33
30099,1999.45
30100,1999.4
30101,1970.86
30102,1888.72
30103,1999
30104,1999.11
30105,2490.66
30106,2710.75
30107,2839.72
30108,2945.26
30109,2957.19
30110,2957.19
30111,2957.96
30112,2957.66
30113,2945.88
30114,2957.35
30115,2957.54
30116,2957.05
30117,2969.26
30118,2969.08
30119,3055.32
30120,3078.02
30121,3460.54
30122,3689.63
30123,4154.22
30124,5200.36
30125,10000
30126,10000
30127,10000
30128,10000
30129,8500.53
30130,7999.06
30131,7999.33
30132,8500.02
30133,7999.54
30134,6500.66
30135,5999.64
30136,6500.25
30137,5999.2
30138,5754.36
30139,4446
30140,4279.49
30141,4210.84
30142,4154.84
30143,4000.92
30144,3963.91
30145,3506.45
30146,3499.37
30147,3300.42
30148,3399.02
30149,3000.74
30150,3060.41
30151,3399.68
30152,3418.4
30153,3345.79
30154,3448.77
30155,3434.18
30156,3399.73
30157,3399.68
30158,3345.21
30159,3399.34
30160,3220.5
30161,3060.76
30162,3060.6
30163,3060.84
30164,3060.99
30165,3060.39
30166,3060.83
30167,3345.87
30168,3425.64
30169,3485.44
30170,3510.12
30171,3546.04
30172,3610.26
30173,3686.27
30174,3686.22
30175,3548.45
30176,3435.78
30177,3406.87
30178,3281.41
30179,3211.52
30180,3060.99
30181,3093.04
30182,3070.79
30183,3093.3
30184,3070.29
30185,2999.48
30186,2950.37
30187,2880.43
30188,2880.12
30189,2710.62
30190,2570.64
30191,2489.6
30192,2223.4
30193,2061.71
30194,2012.86
30195,2070.07
30196,2061.09
30197,1989.76
30198,1989.35
30199,2070.15
30200,2610.92
30201,2999.89
30202,3093.14
30203,3211.84
30204,3356.2
30205,3273.77
30206,3399.1
30207,3500.31
30208,3618.66
30209,3618.94
30210,3686.48
30211,3799.74
30212,3850.54
30213,3799.46
30214,3689.57
30215,4000.98
30216,4909.52
30217,5999.78
30218,5920.17
30219,7669.48
30220,10000
30221,10000
30222,10000
30223,10000
30224,10000
30225,5980.77
30226,5499.05
30227,5834.72
30228,5499.57
30229,4899.57
30230,4832.93
30231,4809.23
30232,4540.14
30233,4129.26
30234,4129.55
30235,4319.62
30236,4389.01
30237,3690.68
30238,3666.06
30239,3500.88
30240,3494.82
30241,3060.76
30242,3060.06
30243,3000.79
30244,3000.16
30245,2921.44
30246,2870.97
30247,2870.46
30248,2870.04
30249,2870.78
30250,2870.21
30251,2870.07
30252,2800.81
30253,2750.43
30254,2750.05
30255,2749.03
30256,2717.98
30257,2750.23
30258,2750.29
30259,2750.79
30260,2819.41
30261,2921.2
30262,2921.62
30263,3299.93
30264,3310.83
30265,3500.77
30266,3642.16
30267,3689.89
30268,3849.27
30269,3954.26
30270,3849.75
30271,3849.63
30272,3743.85
30273,3689.35
30274,3599.46
30275,3258.8
30276,3000.84
30277,2921.85
30278,2921.6
30279,2750.28
30280,2750.01
30281,2659.12
30282,2717.19
30283,2677.19
30284,2644.33
30285,2603.14
30286,2547.4
30287,2500.2
30288,2499.65
30289,2180.32
30290,2110.95
30291,2110.88
30292,2110.85
30293,2110.24
30294,2110.1
30295,2110.47
30296,2180.86
30297,2504.49
30298,2569.37
30299,2699.82
30300,2750.66
30301,2920.29
30302,3000.76
30303,3236.65
30304,3518.23
30305,3670.77
30306,3743.59
30307,4200.02
30308,4400.97
30309,10000
30310,10000
30311,10000
30312,10000
30313,10000
30314,10000
30315,10000
30316,10000
30317,7000.14
30318,5920.87
30319,5214.49
30320,4650.55
30321,4029.6
30322,3999.5
30323,3999.67
30324,3909.24
30325,3909.78
30326,3800.79
30327,3800
30328,3800.54
30329,3518.35
30330,3500.91
30331,3469.24
30332,3299.86
30333,3069.43
30334,3060.73
30335,3060.16
30336,3060.64
30337,2510.53
30338,2351.76
30339,2351.67
30340,2388.15
30341,2351.76
30342,2388.02
30343,2388.03
30344,2388.12
30345,2334.7
30346,2334.46
30347,2334.46
30348,2334.19
30349,2334.84
30350,2334.81
30351,2334.67
30352,2351.32
30353,2351.69
30354,2351.74
30355,2512.09
30356,2512.76
30357,2800.88
30358,2846.49
30359,3190.14
30360,3230.95
30361,3558.74
30362,4025.18
30363,4039.32
30364,4839.6
30365,6049.65
30366,6200.24
30367,6900.41
30368,6900.4
30369,6000.46
30370,5800.35
30371,5446.65
30372,5250.43
30373,4500.07
30374,3969.63
30375,3560.55
30376,3510.28
30377,3127.95
30378,3127.17
30379,3100.06
30380,3030.95
30381,2800.09
30382,2799.7
30383,2790.68
30384,2750.35
30385,2750.11
30386,2750.01
30387,2600.28
30388,2530.84
30389,2388.67
30390,2388.25
30391,2393.01
30392,2393.84
30393,2649.72
30394,2800.06
30395,2800.93
30396,2846.96
30397,3100.28
30398,3127.25
30399,3230.16
30400,3299.16
30401,3549.76
30402,3858.78
30403,4100.74
30404,5019.45
30405,10000
30406,10000
30407,10000
30408,10000
30409,10000
30410,10000
30411,10000
30412,10000
30413,5070.89
30414,5100.21
30415,5019.46
30416,4839.29
30417,4115.37
30418,4039.62
30419,3989.63
30420,3989.57
30421,3240.78
30422,3190.14
30423,3130.76
30424,3130.06
30425,2800.05
30426,2790.53
30427,2752.16
30428,2752.71
30429,2530.06
30430,2752.22
30431,2752.95
30432,2752.59
30433,2899.57
30434,2870.75
30435,2870.33
30436,2870.04
30437,2717.91
30438,2710.48
30439,2699.84
30440,2699.48
30441,2717.4
30442,2800.37
30443,2800.54
30444,2749.55
30445,2800.11
30446,2749.47
30447,2717.82
30448,2717.71
30449,2717.21
30450,2686.77
30451,2649.59
30452,2651.75
30453,2717.94
30454,2860.05
30455,2899.7
30456,3000.44
30457,3469.83
30458,3530.81
30459,3739.65
30460,3928.92
30461,3849.08
30462,3760.65
30463,3928.1
30464,3849.26
30465,3400.91
30466,3165.01
30467,2921.42
30468,2870.54
30469,2860.15
30470,2860.47
30471,2717.56
30472,2660.84
30473,2524.67
30474,2500.81
30475,2350.7
30476,2499.12
30477,2150.71
30478,2150.73
30479,2150.38
30480,2150.44
30481,2150.26
30482,2150.32
30483,2150.16
30484,2150.12
30485,1850.98
30486,1850.41
30487,1989.45
30488,2150.22
30489,2292.9
30490,2440.51
30491,2660.23
30492,2717.48
30493,2872.4
30494,2900.97
30495,2990.22
30496,3150.77
30497,3504.65
30498,3642.6
30499,3849.18
30500,4639.33
30501,6000.21
30502,8360
30503,10000
30504,10000
30505,10000
30506,10000
30507,10000
30508,10000
30509,5028.27
30510,4849.1
30511,4800
30512,4299.1
30513,3800.81
30514,3800.95
30515,3800.44
30516,3739.71
30517,3410.65
30518,3400.22
30519,3400.18
30520,3400.75
30521,3000.16
30522,3060.35
30523,3050.51
30524,2999.1
30525,2900.63
30526,2900.07
30527,2899.99
30528,2899.61
30529,2870.72
30530,2870.45
30531,2870.02
30532,2799.55
30533,2799.93
30534,2727.19
30535,2699.88
30536,2699.41
30537,2717.43
30538,2749.43
30539,2799.24
30540,2749.08
30541,2717.62
30542,2717.46
30543,2717.25
30544,2717.13
30545,2717.14
30546,2699.84
30547,2672.08
30548,2707.82
30549,2717.85
30550,2749.23
30551,2870.52
30552,2900.94
30553,3069.95
30554,3199.44
30555,3363.73
30556,3499.82
30557,3518.56
30558,3499.32
30559,3599.07
30560,3510.36
30561,3236.51
30562,3060.85
30563,2917.33
30564,2860.81
30565,2860.33
30566,2860.48
30567,2749.01
30568,2714.32
30569,2546.33
30570,2566.25
30571,2591.76
30572,2559.1
30573,2380.11
30574,2300.77
30575,2240.09
30576,2200.68
30577,2150.26
30578,2150.16
30579,2139.5
30580,2150.01
30581,1850.17
30582,1799.97
30583,1850.56
30584,2012.81
30585,2500.78
30586,2440.11
30587,2623.89
30588,2717.06
30589,2717.83
30590,2900.42
30591,2959.68
30592,3207.66
30593,3258.13
30594,3642.57
30595,3700.12
30596,4500.23
30597,5999.78
30598,10000
30599,10000
30600,10000
30601,10000
30602,10000
30603,10000
30604,9300.7
30605,4900.48
30606,4299.85
30607,4236.49
30608,4029.15
30609,3699.26
30610,3679.62
30611,3679.43
30612,3502.81
30613,3469.11
30614,3469.15
30615,3400.39
30616,3069.97
30617,3000.59
30618,3060.82
30619,3000.99
30620,3000.16
30621,2900.63
30622,2900.29
30623,2900.39
30624,2900.05
30625,2900.97
30626,2900.79
30627,2900.6
30628,2900.1
30629,2870.94
30630,2870.83
30631,2870.43
30632,2870.25
30633,2839.75
30634,2833.08
30635,2800.28
30636,2749.67
30637,2799.85
30638,2799.16
30639,2749.06
30640,2717.74
30641,2717.85
30642,2717.97
30643,2799.15
30644,2810.28
30645,2870.47
30646,2881.17
30647,2959.32
30648,3000.26
30649,3339.15
30650,3400.43
30651,3510.83
30652,3689.2
30653,3642.71
30654,3642.22
30655,3689.3
30656,3642.93
30657,3500.86
30658,3469.84
30659,3300.68
30660,3082.52
30661,3082
30662,3082.16
30663,3082.01
30664,2921.16
30665,2524.24
30666,2508.67
30667,2524.91
30668,2518.65
30669,2363.64
30670,2319.23
30671,2150.91
30672,2150.84
30673,2150.08
30674,2150.07
30675,2051.25
30676,2051.21
30677,1870.82
30678,1799.99
30679,1920.3
30680,2051.7
30681,2292.6
30682,2354
30683,2524.25
30684,2717.04
30685,2900.64
30686,2921.37
30687,3207.25
30688,3258.29
30689,3469.55
30690,3670.85
30691,3739.96
30692,4270
30693,6000.38
30694,10000
30695,10000
30696,10000
30697,10000
30698,10000
30699,10000
30700,7459.66
30701,4579.17
30702,4149.4
30703,4020.27
30704,3800.1
30705,3857.33
30706,3999.32
30707,3749.69
30708,3739.82
30709,3599.13
30710,3503.5
30711,3469.81
30712,3469.78
30713,3112.25
30714,3100.34
30715,3069.82
30716,3060.71
30717,2900.74
30718,2900.45
30719,2870.99
30720,2870.64
30721,2900.07
30722,2899.02
30723,2870.73
30724,2870.28
30725,2833.5
30726,2833.09
30727,2717.85
30728,2717.04
30729,2717.63
30730,2800.03
30731,2810.49
30732,2717.99
30733,2717.97
30734,2717.87
30735,2717.56
30736,2717.61
30737,2717.82
30738,2717.65
30739,2717.94
30740,2833.41
30741,2870.02
30742,2839.78
30743,2900.15
30744,2900.83
30745,3069.61
30746,3060.68
30747,3199.1
30748,3250.61
30749,3399.71
30750,3363.55
30751,3599.56
30752,3499.23
30753,3258.39
30754,3069.98
30755,3000.67
30756,2930.51
30757,2921.59
30758,2959.18
30759,2959.43
30760,2921.08
30761,2717.49
30762,2717.03
30763,2717.27
30764,2600.42
30765,2380.96
30766,2363
30767,2319.22
30768,2290.3
30769,2150.91
30770,2150.94
30771,2150.87
30772,2150.69
30773,2099.85
30774,2000.29
30775,2137.27
30776,2150.54
30777,2323.12
30778,2444.09
30779,2500.4
30780,2717.04
30781,2717.73
30782,2833.47
30783,2907.12
30784,2959.61
30785,3000.51
30786,3208
30787,3638.22
30788,3849.05
30789,4299.05
30790,5000.63
30791,6799.32
30792,7359.69
30793,10000
30794,10000
30795,7089.59
30796,5980.07
30797,4250.74
30798,4030
30799,4080.06
30800,3999
30801,3978.3
30802,3870.72
30803,3749.09
30804,3700.98
30805,3650.01
30806,3500.8
30807,3480.23
30808,3450.96
30809,3112.64
30810,3100.68
30811,3069.67
30812,3060.49
30813,2959.64
30814,2959.26
30815,2921.55
30816,2900.99
30817,2846.56
30818,2846.08
30819,2810.84
30820,2752.87
30821,2752.3
30822,2733.82
30823,2699.64
30824,2699.38
30825,2752.61
30826,2799.86
30827,2807.1
30828,2752.82
30829,2752.22
30830,2749.09
30831,2699.86
30832,2699.98
30833,2752.51
30834,2752.84
30835,2752.66
30836,2832.24
30837,2832.35
30838,2832.63
30839,2870.1
30840,2870.05
30841,2949.56
30842,2907.02
30843,2949.61
30844,3060.42
30845,3060.4
30846,3000.8
30847,3207.75
30848,3207.6
30849,2949.98
30850,2900.99
30851,2900.2
30852,2870.31
30853,2846.64
30854,2846.98
30855,2846.12
30856,2699.74
30857,2380.88
30858,2159.42
30859,2124.77
30860,2021.78
30861,1821.73
30862,1799.96
30863,1799.98
30864,1799.9
30865,1799.57
30866,1799.5
30867,1799.37
30868,1799.25
30869,1799.11
30870,1700.84
30871,1752.72
30872,1799.16
30873,1799.64
30874,1799.95
30875,2016.59
30876,2150.74
30877,2244.08
30878,2539.71
30879,2752.6
30880,2832.83
30881,2846.65
30882,2949.19
30883,3060.37
30884,3284.86
30885,3688.61
30886,3849.14
30887,4000.28
30888,4000.54
30889,4299.84
30890,4299.83
30891,4133.73
30892,3939.14
30893,3204.85
30894,3154.9
30895,3388.39
30896,3204.96
30897,3060.09
30898,3050.76
30899,3060.4
30900,3060.21
30901,2900.59
30902,2870.88
30903,2870.42
30904,2870.04
30905,2810.98
30906,2846.12
30907,2846.37
30908,2846.02
30909,2752.04
30910,2699.83
30911,2699.18
30912,2605.72
30913,2810.5
30914,2810.17
30915,2810.03
30916,2780.61
30917,2752.16
30918,2700.95
30919,2699.53
30920,2699.09
30921,2749.73
30922,2750.94
30923,2752.06
30924,2739.45
30925,2699.93
30926,2699.55
30927,2699.13
30928,2699.02
30929,2699.65
30930,2715.6
30931,2767.62
30932,2810.8
30933,2846.67
30934,2846.86
30935,2907.94
30936,2949.59
30937,3069.66
30938,3065.27
30939,3165.17
30940,3250.46
30941,3349.22
30942,3349.38
30943,3519.6
30944,3519.32
30945,3460.38
30946,3388.56
30947,3299.75
30948,3207.46
30949,3070.64
30950,3122.92
30951,3065.59
30952,2900.72
30953,2752.72
30954,2752.65
30955,2810.21
30956,2846.16
30957,2520.43
30958,2500.01
30959,2500.36
30960,2428.4
30961,2150.63
30962,2150.07
30963,2119.01
30964,2109.79
30965,1850.92
30966,1896.08
30967,2027.82
30968,2150.53
30969,2435.8
30970,2752.44
30971,2832.62
30972,2881.32
30973,2949.04
30974,2974.75
30975,3209.14
30976,3299.91
30977,3469.77
30978,3688
30979,3953.56
30980,4449.03
30981,5100.48
30982,5800.99
30983,8260.64
30984,10000
30985,10000
30986,10000
30987,7141.88
30988,5054.95
30989,4318.14
30990,4149.58
30991,4029.68
30992,4029.03
30993,3953.62
30994,3910.35
30995,3742.5
30996,3688.54
30997,3469.55
30998,3460.24
30999,3388.83
31000,3349.09
31001,3065.64
31002,3065.16
31003,3000.95
31004,2900.53
31005,2846.62
31006,2846.07
31007,2810.97
31008,2752.6
31009,2600.82
31010,2718.12
31011,2749.57
31012,2610.8
31013,2539.36
31014,2520.24
31015,2512.83
31016,2512.46
31017,2610.03
31018,2649.24
31019,2649.34
31020,2649.2
31021,2649.17
31022,2623.6
31023,2610.97
31024,2610.98
31025,2610.97
31026,2739.98
31027,2610.61
31028,2610.52
31029,2810.37
31030,2752.85
31031,2846.87
31032,2850.45
31033,3065.53
31034,3065.2
31035,3149.62
31036,3250.47
31037,3469.72
31038,3500.87
31039,3558.57
31040,3558.77
31041,3519.4
31042,3500.27
31043,3499.29
31044,3313.96
31045,3200.19
31046,3154.18
31047,3082.64
31048,2942.61
31049,2810.83
31050,2839.67
31051,2810.79
31052,2752.97
31053,2512.15
31054,2500.14
31055,2221.91
31056,2185.14
31057,2150.46
31058,2150.48
31059,2140.08
31060,2114.64
31061,1989.78
31062,1989.5
31063,2000.45
31064,2150.55
31065,2382
31066,2499.19
31067,2512.58
31068,2649.53
31069,2846.09
31070,2900.19
31071,2951.72
31072,3065.69
31073,3070.49
31074,3330.05
31075,3505.93
31076,3805.91
31077,5019.17
31078,5499.52
31079,5999.7
31080,6789.59
31081,7546.97
31082,7546.04
31083,6000.71
31084,5019.09
31085,3621.38
31086,3599.7
31087,3500.45
31088,3475.5
31089,3420.94
31090,3420.19
31091,3284.1
31092,3070.92
31093,3065.1
31094,3065.06
31095,2919.21
31096,2900.66
31097,2846.11
31098,2846.06
31099,2846.05
31100,2752.91
31101,2610.72
31102,2600.27
31103,2610.44
31104,2600.98
31105,2752.27
31106,2752.32
31107,2752.54
31108,2752.56
31109,2749.32
31110,2749.99
31111,2749.14
31112,2624.64
31113,2624.98
31114,2610.38
31115,2586.35
31116,2539.56
31117,2539.37
31118,2539.24
31119,2539.13
31120,2539.21
31121,2539.26
31122,2539.91
31123,2600.99
31124,2739.07
31125,2846.93
31126,2900.78
31127,2951.72
31128,3029.72
31129,3320.23
31130,3257.55
31131,3469.61
31132,3519.86
31133,3599.55
31134,3600.84
31135,3859.9
31136,3859.8
31137,3599.82
31138,3558.39
31139,3519.3
31140,3349.67
31141,3082.94
31142,3082.05
31143,3065.52
31144,2900.45
31145,2520.46
31146,2510.76
31147,2393.34
31148,2370.3
31149,2079.97
31150,2020.67
31151,2060.64
31152,2050.34
31153,1890.88
31154,1850.15
31155,1800.28
31156,1799.97
31157,1799.56
31158,1799.55
31159,1799.82
31160,1804.08
31161,2047.92
31162,2189.75
31163,2512.57
31164,2700.79
31165,2649.71
31166,2752.74
31167,2871.04
31168,2951.74
31169,3069.66
31170,3330.29
31171,3505.48
31172,4000.14
31173,5019.78
31174,5589
31175,6000.49
31176,5999.87
31177,6270.83
31178,6021.15
31179,5499.05
31180,4660.72
31181,3599.67
31182,3299.32
31183,3388.34
31184,3289.91
31185,3070.42
31186,3070.45
31187,3065.48
31188,3029.98
31189,2900.68
31190,2899.28
31191,2846.94
31192,2846.49
31193,2749.24
31194,2624.14
31195,2600.86
31196,2587.39
31197,2409.6
31198,2500.07
31199,2393.42
31200,2393.12
31201,2752.19
31202,2749.69
31203,2694.6
31204,2624.06
31205,2512.36
31206,2510.14
31207,2500.33
31208,2400.91
31209,2400.12
31210,2400.21
31211,2393.83
31212,2400.39
31213,2393.61
31214,2393.35
31215,2433.01
31216,2433.85
31217,2500.8
31218,2512.73
31219,2539.52
31220,2600.14
31221,2650.63
31222,2650.65
31223,2810.45
31224,2846.55
31225,3065.81
31226,3070.29
31227,3388.36
31228,3559.14
31229,3818.12
31230,4026.08
31231,4299.39
31232,4600.02
31233,3800.44
31234,3559.79
31235,3559.83
31236,3559.4
31237,3518.83
31238,3495.76
31239,3388.24
31240,3210.77
31241,2846.89
31242,2846.43
31243,2839.54
31244,2752.42
31245,2600.04
31246,2512.12
31247,2393.13
31248,2179.24
31249,2019.21
31250,1989.99
31251,1989.33
31252,1850.83
31253,1799.86
31254,1799.78
31255,1804.51
31256,1850.43
31257,2166.43
31258,2500.47
31259,2590
31260,2752.79
31261,2900.55
31262,2971.21
31263,3065.68
31264,3065.8
31265,3388.19
31266,3559.5
31267,3927.98
31268,4449.18
31269,5800.13
31270,6300.58
31271,10000
31272,10000
31273,10000
31274,10000
31275,6300.29
31276,5400.21
31277,4555.9
31278,3909.78
31279,3699.4
31280,3610.94
31281,3500.84
31282,3480.9
31283,3070.8
31284,3070.77
31285,3065.11
31286,3029.75
31287,3065.97
31288,3065.31
31289,2846.36
31290,2846.44
31291,2767.21
31292,2810.09
31293,2672.92
31294,2752.87
31295,2749.42
31296,2749.48
31297,2749.58
31298,2749.97
31299,2749.37
31300,2649.49
31301,2600.32
31302,2587.78
31303,2539.04
31304,2512.21
31305,2512.18
31306,2500.89
31307,2508.4
31308,2500.33
31309,2479.79
31310,2479.37
31311,2479.48
31312,2500.01
31313,2512.35
31314,2539.42
31315,2539.68
31316,2600.32
31317,2810.75
31318,2846.2
31319,2902
31320,3065.16
31321,3505.72
31322,3529.42
31323,3558.29
31324,3600.94
31325,4025.6
31326,4150.45
31327,4642.94
31328,4600.47
31329,4025.98
31330,3810.8
31331,3999.42
31332,3870.52
31333,3870.83
31334,3620.81
31335,3650.52
31336,3519.05
31337,2900.31
31338,2863.4
31339,2846.46
31340,2810.23
31341,2512.85
31342,2500.67
31343,2370.4
31344,2214.75
31345,2081.8
31346,2000.02
31347,1850.36
31348,1821.05
31349,1799.64
31350,1799.79
31351,1850.54
31352,2140.68
31353,2393.17
31354,2649.48
31355,2799.84
31356,2846.95
31357,2900.83
31358,2942.52
31359,3065.39
31360,3388.75
31361,3555.56
31362,3790.09
31363,4000.85
31364,4579.56
31365,6000.16
31366,7524.36
31367,10000
31368,10000
31369,10000
31370,10000
31371,7424.96
31372,6800.05
31373,4579.34
31374,4000.68
31375,4029.97
31376,3999.09
31377,3610.95
31378,3610.92
31379,3600.26
31380,3504.66
31381,3070.71
31382,3069.77
31383,3065.61
31384,3029.58
31385,2846.39
31386,2846.86
31387,2846.72
31388,2846.13
31389,2610.99
31390,2749.41
31391,2631
31392,2749.41
31393,2810.13
31394,2810.16
31395,2767.1
31396,2752.39
31397,2600.94
31398,2600.76
31399,2600.77
31400,2600.6
31401,2600.76
31402,2600.44
31403,2600.81
31404,2600.42
31405,2600.37
31406,2600.33
31407,2600.18
31408,2600.33
31409,2600.62
31410,2600.87
31411,2600.8
31412,2610.58
31413,2846.38
31414,2846.71
31415,2951.69
31416,3065.57
31417,3558.11
31418,3558.02
31419,3699.37
31420,3927.75
31421,4218.81
31422,4750.23
31423,5220.01
31424,5400.04
31425,4839.52
31426,4200.04
31427,4256.46
31428,4100.43
31429,4000.61
31430,4029.23
31431,3859.7
31432,3589.8
31433,2942.58
31434,2850.67
31435,2846.51
31436,2846.12
31437,2600.67
31438,2512.25
31439,2393.38
31440,2173.2
31441,2067.29
31442,2000.73
31443,1821.42
31444,1799.98
31445,1799.54
31446,1799.65
31447,1804.33
31448,1850.59
31449,2200.24
31450,2370.5
31451,2512.89
31452,2846.04
31453,2850.15
31454,2900.85
31455,3040.32
31456,3314.4
31457,3505.83
31458,3858.77
31459,4025.36
31460,4510.34
31461,7000.1
31462,10000
31463,10000
31464,10000
31465,10000
31466,10000
31467,10000
31468,7300.98
31469,5100.2
31470,4210.89
31471,4149.55
31472,3950.36
31473,3650.66
31474,3600.15
31475,3599.99
31476,3518.31
31477,3139.27
31478,3070.35
31479,3065.96
31480,3065.1
31481,2749.78
31482,2810.48
31483,2846.2
31484,2846.04
31485,2719.04
31486,2749.68
31487,2749.05
31488,2749.02
31489,2730.12
31490,2649.94
31491,2649.25
31492,2649.06
31493,2590.22
31494,2512.84
31495,2512.44
31496,2510.3
31497,2510.79
31498,2510.71
31499,2500.95
31500,2500.7
31501,2500.12
31502,2500.1
31503,2500.11
31504,2500.35
31505,2512.76
31506,2512.86
31507,2512.65
31508,2590.37
31509,2810.75
31510,2810.78
31511,2846.77
31512,2900.97
31513,3090.37
31514,3065.74
31515,3250.18
31516,3305.05
31517,3515.67
31518,3555.6
31519,3620.61
31520,3999.79
31521,4000.05
31522,3900.43
31523,3999.9
31524,3870.02
31525,3589.74
31526,3495.82
31527,3219.45
31528,3012.9
31529,2620
31530,2150.84
31531,2084.19
31532,2019.38
31533,1989.61
31534,1821.75
31535,1804.37
31536,1799.9
31537,1799.58
31538,1799.51
31539,1799.43
31540,1799.31
31541,1704.8
31542,1700.61
31543,1799.07
31544,1799.36
31545,1799.71
31546,1804.37
31547,1850.65
31548,2019.95
31549,2109.69
31550,2351.74
31551,2600.85
31552,2810.66
31553,2850.94
31554,2951.62
31555,3069.39
31556,3300.76
31557,3558.7
31558,4029.27
31559,4299.44
31560,4299.67
31561,5446.57
31562,5446.17
31563,4839.68
31564,4579.73
31565,3100.37
31566,3070.78
31567,3079
31568,3070.27
31569,3069.76
31570,3069.36
31571,3065.31
31572,3065.42
31573,2846.58
31574,2846.54
31575,2810.43
31576,2752.29
31577,2512.9
31578,2600.12
31579,2600.41
31580,2539.94
31581,2393.69
31582,2500.9
31583,2500.38
31584,2400.94
31585,2539.42
31586,2512.47
31587,2432.87
31588,2393.64
31589,2351.72
31590,2350.09
31591,2300.97
31592,2249.57
31593,2351.02
31594,2330.22
31595,2249.25
31596,2204.08
31597,2249.25
31598,2249.64
31599,2330.27
31600,2351.37
31601,2393.91
31602,2399.23
31603,2393.76
31604,2500.1
31605,2767.97
31606,2846.04
31607,2900.14
31608,2951.68
31609,3388.05
31610,3460.33
31611,3519.41
31612,3558.87
31613,3999.71
31614,4299.63
31615,4839.83
31616,4920.92
31617,4299.6
31618,4056.67
31619,4010.82
31620,4000.21
31621,4029.33
31622,4025.09
31623,3859.89
31624,3529.81
31625,2999.98
31626,2942.3
31627,2850.41
31628,2846.39
31629,2600.3
31630,2600.28
31631,2510.8
31632,2393.72
31633,2150.35
31634,2145.88
31635,2036.04
31636,1989.94
31637,1804.62
31638,1821.33
31639,2000.91
31640,2150.23
31641,2393.88
31642,2544.4
31643,2649.73
31644,2752.44
31645,2850.81
31646,2942.76
31647,3119.34
31648,3500.62
31649,3500.81
31650,3600.49
31651,4029.46
31652,5252.66
31653,10000
31654,10000
31655,10000
31656,10000
31657,10000
31658,10000
31659,10000
31660,10000
31661,4299.67
31662,3599.91
31663,3600.07
31664,3469.37
31665,3420.18
31666,3410.17
31667,3330.04
31668,3284.2
31669,3069.04
31670,3029.89
31671,3000.98
31672,2900.66
31673,2610.95
31674,2624.99
31675,2699.38
31676,2610.25
31677,2539.11
31678,2539.6
31679,2539.72
31680,2539.79
31681,2650.97
31682,2650.28
31683,2600.96
31684,2600.7
31685,2512.76
31686,2512.29
31687,2500.4
31688,2499.58
31689,2500.4
31690,2499.18
31691,2499.21
31692,2480.63
31693,2500.09
31694,2499.51
31695,2499.8
31696,2500.44
31697,2512.36
31698,2600.01
31699,2600.4
31700,2600.79
31701,2872.07
31702,2872.73
31703,2971.83
31704,3154.78
31705,3519.41
31706,3504.17
31707,3559.99
31708,4029.76
31709,4500.29
31710,4500.85
31711,4875.88
31712,4839.77
31713,4500.39
31714,4299.67
31715,4299.47
31716,4200.33
31717,4000.62
31718,4000.96
31719,3739.66
31720,3560.05
31721,3082.64
31722,3045.38
31723,2914.92
31724,2900.25
31725,2752.68
31726,2752.14
31727,2600.19
31728,2512.75
31729,2150.72
31730,2150.59
31731,2150.08
31732,2091
31733,1850.7
31734,1850.93
31735,2012.68
31736,2146.74
31737,2393.8
31738,2512.53
31739,2534.5
31740,2650.71
31741,2846.58
31742,2900.44
31743,3030.52
31744,3388.08
31745,3459.81
31746,3559.38
31747,4026.41
31748,5499.12
31749,10000
31750,10000
31751,10000
31752,10000
31753,10000
31754,10000
31755,10000
31756,9529.28
31757,4020.17
31758,3518.08
31759,3599.25
31760,3480.9
31761,3440.29
31762,3400.33
31763,3230.75
31764,3082.05
31765,3045.23
31766,3000.87
31767,2900.76
31768,2900.06
31769,2749.51
31770,2749.57
31771,2799.03
31772,2799.1
31773,2752.2
31774,2752.2
31775,2749.51
31776,2650.84
31777,2749.15
31778,2650.66
31779,2650.34
31780,2650.01
31781,2512.75
31782,2512.03
31783,2500.36
31784,2500.55
31785,2500.3
31786,2499.65
31787,2499.57
31788,2480.86
31789,2433.79
31790,2480.06
31791,2480.28
31792,2499.68
31793,2515.42
31794,2515.83
31795,2587.81
31796,2600.12
31797,2846.99
31798,2900.41
31799,3030.35
31800,3080.58
31801,3559.06
31802,3559.66
31803,3859.76
31804,4450.75
31805,4999.83
31806,5252.15
31807,5641.91
31808,5900.08
31809,5214.78
31810,5020.5
31811,4990.89
31812,4686.89
31813,4207.89
31814,4000.21
31815,3810.78
31816,3800.68
31817,3200.48
31818,3070.52
31819,3040.55
31820,2942.1
31821,2752.69
31822,2752.83
31823,2624.65
31824,2600.96
31825,2150.87
31826,2150.77
31827,2150.5
31828,2150.26
31829,2000.99
31830,1989.19
31831,2014.8
31832,2019.28
31833,2143.31
31834,2218.89
31835,2393.54
31836,2534.72
31837,2851.12
31838,2942.47
31839,3082.18
31840,3399.24
31841,3549.26
31842,3989.77
31843,4500.83
31844,6500.36
31845,10000
31846,10000
31847,10000
31848,10000
31849,10000
31850,10000
31851,10000
31852,10000
31853,4500.77
31854,4029.03
31855,3999.19
31856,3510.12
31857,3400.74
31858,3388.04
31859,3230.36
31860,3210.9
31861,3070.08
31862,3069.23
31863,3065.21
31864,3000.96
31865,2752.56
31866,2766.76
31867,2846.14
31868,2846.21
31869,2749.48
31870,2749.06
31871,2749.19
31872,2630.87
31873,2539.02
31874,2515.42
31875,2515.51
31876,2512.51
31877,2393.92
31878,2352.71
31879,2352.1
31880,2350.41
31881,2251.27
31882,2300.71
31883,2352.47
31884,2352.83
31885,2433.15
31886,2433.57
31887,2433.19
31888,2433.48
31889,2500.69
31890,2512.46
31891,2512.65
31892,2512.45
31893,2799.6
31894,2846.81
31895,2971.3
31896,3065.95
31897,3518.26
31898,3556.41
31899,3710.59
31900,4026.27
31901,4953.02
31902,5316.46
31903,5446.92
31904,5499.02
31905,5250.56
31906,5020.74
31907,5090.33
31908,5214.97
31909,4963.7
31910,4685.33
31911,4358.62
31912,4200.89
31913,3200.03
31914,3070.41
31915,3065.16
31916,2942.44
31917,2730.16
31918,2624.19
31919,2512.13
31920,2500.53
31921,2350.03
31922,2249.24
31923,2200.81
31924,2160.6
31925,1989.79
31926,1853.3
31927,2025.51
31928,2089.67
31929,2108.43
31930,2352.87
31931,2512.33
31932,2650.44
31933,2872.68
31934,2971.87
31935,3200.2
31936,3330.28
31937,3499.51
31938,3559.11
31939,3895.78
31940,4510.95
31941,9499.62
31942,10000
31943,10000
31944,10000
31945,10000
31946,10000
31947,10000
31948,7999.77
31949,3599.69
31950,3504.01
31951,3500.69
31952,3460.38
31953,3200.67
31954,3085.2
31955,3065.65
31956,3029.87
31957,3029.46
31958,3065.11
31959,3000.82
31960,2954.24
31961,2799.69
31962,2752.13
31963,2749.45
31964,2752.58
31965,2539.74
31966,2600.43
31967,2610.11
31968,2600.99
31969,2352.64
31970,2352.78
31971,2352.04
31972,2352.56
31973,2250.32
31974,2243.96
31975,2256.83
31976,2239.26
31977,2196.94
31978,2187.39
31979,2212.04
31980,2201.76
31981,2178.78
31982,2168.88
31983,2150.62
31984,2161.85
31985,2250.06
31986,2352.21
31987,2350.29
31988,2393.02
31989,2534.87
31990,2650.73
31991,2872.8
31992,2971.94
31993,3400.59
31994,3420.66
31995,3518.68
31996,3559.85
31997,4600.8
31998,4890.23
31999,5446.52
32000,5446.72
32001,4770.55
32002,4600.44
32003,4500.97
32004,4500.52
32005,4050.75
32006,4090.31
32007,4026.43
32008,3699.5
32009,3020.36
32010,3040.23
32011,2999.24
32012,2850.43
32013,2624.9
32014,2600.75
32015,2512.42
32016,2259.84
32017,2150.11
32018,2150.8
32019,2140.8
32020,2076.94
32021,1799.82
32022,1799.84
32023,1876.8
32024,1989.03
32025,2089.35
32026,2250.27
32027,2500.1
32028,2520.77
32029,2752.51
32030,2846.89
32031,2942.37
32032,3065.48
32033,3200.37
32034,3420.14
32035,3549.35
32036,3989.09
32037,5999.27
32038,10000
32039,10000
32040,10000
32041,10000
32042,10000
32043,10000
32044,7369.25
32045,3460.61
32046,3388.05
32047,3414.93
32048,3388.54
32049,3300.01
32050,3300.23
32051,3210.92
32052,3070.85
32053,3065.1
32054,3000.07
32055,2999.23
32056,2900.77
32057,2752.16
32058,2752.02
32059,2700.23
32060,2650.45
32061,2610.94
32062,2534.83
32063,2515.28
32064,2512.84
32065,2624.12
32066,2534.8
32067,2534.12
32068,2512.62
32069,2400.7
32070,2400.46
32071,2400.34
32072,2400.01
32073,2250.77
32074,2250.81
32075,2252.73
32076,2250.97
32077,2330.69
32078,2352.15
32079,2352.02
32080,2352.62
32081,2400.52
32082,2400.77
32083,2433.89
32084,2512.91
32085,2700.46
32086,2752.26
32087,2872.76
32088,3010.45
32089,3498.02
32090,3500.51
32091,3556.32
32092,3600.92
32093,4141.31
32094,5400.3
32095,6000.53
32096,6000.73
32097,5900.15
32098,5499.15
32099,5446.36
32100,5332.15
32101,5020.06
32102,4963.47
32103,4770.97
32104,4250.57
32105,3500.83
32106,3112.28
32107,3010.56
32108,2942.66
32109,2752.04
32110,2700.77
32111,2667.6
32112,2624.99
32113,2231.97
32114,2240.14
32115,2143.31
32116,2118.11
32117,1800.83
32118,1800.58
32119,1989.34
32120,2000.09
32121,2139.56
32122,2433.68
32123,2700.08
32124,2800.97
32125,2971.55
32126,3057.94
32127,3388.49
32128,3556.16
32129,4029.25
32130,4500.76
32131,4600.47
32132,5100.97
32133,10000
32134,10000
32135,10000
32136,10000
32137,10000
32138,10000
32139,10000
32140,10000
32141,4600.63
32142,3999.18
32143,4000.07
32144,3599.08
32145,3400.85
32146,3388.08
32147,3289.19
32148,3200.57
32149,3070.14
32150,3070.08
32151,3070.19
32152,3065.69
32153,2800.17
32154,2800.8
32155,2752.9
32156,2752.85
32157,2700.73
32158,2700.39
32159,2700.08
32160,2650.59
32161,3065.37
32162,3000.74
32163,2999.67
32164,2961.96
32165,2957.76
32166,2955.3
32167,2940.04
32168,2845.37
32169,2692.94
32170,2641.95
32171,2600.8
32172,2571.44
32173,2523.4
32174,2500.03
32175,2500.66
32176,2508
32177,2642.88
32178,2883.4
32179,2813.34
32180,2892.09
32181,2961.92
32182,3015.92
32183,3142.48
32184,3305.84
32185,3630.09
32186,3825.35
32187,4009.34
32188,4600.43
32189,5240.78
32190,7000.16
32191,10000
32192,10000
32193,10000
32194,10000
32195,10000
32196,10000
32197,10000
32198,10000
32199,10000
32200,10000
32201,10000
32202,10000
32203,10000
32204,10000
32205,5499.76
32206,5039.9
32207,4350.59
32208,4219.29
32209,3900.94
32210,3816.86
32211,3800.08
32212,3752.7
32213,3250.78
32214,3250.01
32215,3525.79
32216,3541.14
32217,3541.14
32218,3541.15
32219,3520.23
32220,3525.38
32221,3406.7
32222,3460.14
32223,3500.84
32224,3525.26
32225,3541.48
32226,3750.2
32227,3917.68
32228,5240.65
32229,7010.23
32230,9689.31
32231,10000
32232,10000
32233,10000
32234,10000
32235,10000
32236,10000
32237,10000
32238,10000
32239,8500.4
32240,5900.88
32241,5039.21
32242,4600.32
32243,4500.43
32244,4200.18
32245,3849.21
32246,3800.9
32247,3679.74
32248,3560.16
32249,3142.87
32250,3160.56
32251,3160.3
32252,3224.73
32253,3160.38
32254,3142.08
32255,3130.16
32256,3086.59
32257,3172.72
32258,3076.33
32259,3021.66
32260,2999.12
32261,2901.34
32262,2871.71
32263,2846.26
32264,2811.99
32265,2846.14
32266,2846.03
32267,2846.42
32268,2700.53
32269,2629.52
32270,2587.92
32271,2600.07
32272,2594.92
32273,2966.63
32274,3076.06
32275,3076.53
32276,3076.53
32277,3190.57
32278,3298.38
32279,3310.63
32280,3414.64
32281,5500.38
32282,8570.26
32283,10000
32284,10000
32285,10000
32286,10000
32287,10000
32288,10000
32289,10000
32290,10000
32291,10000
32292,10000
32293,10000
32294,10000
32295,10000
32296,10000
32297,10000
32298,10000
32299,6499.39
32300,5570.85
32301,5570.4
32302,4247.73
32303,3820.81
32304,4247.09
32305,3900.68
32306,3850.19
32307,3719.43
32308,3693.08
32309,3469.36
32310,3417.74
32311,3525.33
32312,3520.77
32313,3476.2
32314,3420.53
32315,3476.39
32316,3510.73
32317,3581.29
32318,3648.48
32319,3850.05
32320,3850.91
32321,3850.69
32322,4355.49
32323,4870.29
32324,8199.58
32325,10000
32326,10000
32327,10000
32328,10000
32329,10000
32330,10000
32331,10000
32332,10000
32333,10000
32334,10000
32335,10000
32336,10000
32337,10000
32338,10000
32339,9500.64
32340,8630.07
32341,7330.56
32342,6870.15
32343,5441.8
32344,4658.21
32345,4013.39
32346,4013.34
32347,3755.71
32348,3693.77
32349,3577.37
32350,3572.56
32351,3574.02
32352,3571.06
32353,3450.25
32354,3392.95
32355,3392.62
32356,3392.3
32357,3344.85
32358,3311.27
32359,3199.84
32360,3185.5
32361,3178.8
32362,3160.74
32363,3160.62
32364,3160.26
32365,3160.12
32366,3160.28
32367,3142.16
32368,3151.73
32369,3139.2
32370,3170.24
32371,3185.43
32372,3240.99
32373,3392.59
32374,3459.34
32375,3392.89
32376,3525.69
32377,3634.3
32378,3620.02
32379,3729.83
32380,4350.07
32381,4300.67
32382,4700.63
32383,4999.07
32384,5000.94
32385,4780.63
32386,4510.48
32387,3919.14
32388,3658.82
32389,3819.23
32390,3500.88
32391,3525.73
32392,3810.23
32393,3430.93
32394,3525.29
32395,3600.55
32396,3500.36
32397,3610.93
32398,3500.05
32399,3392.25
32400,3367.65
32401,3287.59
32402,3185.51
32403,3185.07
32404,2992.72
32405,2880.48
32406,2837.6
32407,2880.06
32408,2890.25
32409,2984.06
32410,2999.82
32411,3010.32
32412,3000.5
32413,3080.39
32414,3160.84
32415,3185.53
32416,3310.07
32417,3316.56
32418,3316.03
32419,3330.2
32420,3370.38
32421,3316.14
32422,3316.87
32423,3620.4
32424,3730.66
32425,3740.2
32426,4120.89
32427,4900.63
32428,5000.23
32429,4999.47
32430,5000.04
32431,4900.26
32432,4510.2
32433,4520.49
32434,4520.33
32435,4600.26
32436,4699.75
32437,4658.82
32438,4699.94
32439,4500.59
32440,4361.63
32441,3740.22
32442,3664.49
32443,3658.61
32444,3634.65
32445,3543.36
32446,3557.16
32447,3614
32448,3510.89
32449,10000
32450,10000
32451,7529.59
32452,5378.62
32453,5000.47
32454,4788.68
32455,4699.67
32456,4490.61
32457,4490.81
32458,4490.37
32459,4000.38
32460,4000.1
32461,3870.12
32462,3775.86
32463,3674.86
32464,3660.81
32465,3674.14
32466,3674.1
32467,3660.59
32468,3674.6
32469,3840.66
32470,3921.57
32471,4002.34
32472,4002.86
32473,4490.53
32474,4999.33
32475,4999.53
32476,4999.02
32477,4589.53
32478,4499.39
32479,4179.38
32480,4000.38
32481,3674.38
32482,3630.16
32483,3510.56
32484,3510.32
32485,3460.12
32486,3490.84
32487,3490.03
32488,3460.07
32489,3338.25
32490,3338.12
32491,3317.28
32492,3170.17
32493,2993.43
32494,2910.22
32495,2883.52
32496,2883.03
32497,2679.13
32498,2630.26
32499,2598.13
32500,2598.55
32501,2349.93
32502,2500.77
32503,2598.57
32504,2630.87
32505,2758.55
32506,2883.33
32507,2919.07
32508,2999.04
32509,3000.04
32510,3016.28
32511,3317.85
32512,3380.83
32513,3490.28
32514,3510.6
32515,3870.47
32516,4000.46
32517,4000.21
32518,4000.58
32519,4002.92
32520,4179.92
32521,4000.97
32522,4390.3
32523,4519.75
32524,5009.1
32525,5718.73
32526,9499.71
32527,5500.62
32528,5000.74
32529,5000.45
32530,5000.26
32531,5190.83
32532,5230.54
32533,5695.74
32534,6090.69
32535,5798.48
32536,5000.23
32537,7529.56
32538,7529.52
32539,10000
32540,10000
32541,10000
32542,10000
32543,10000
32544,10000
32545,5499.01
32546,5249.18
32547,4570.89
32548,4350.65
32549,4570.69
32550,4350.48
32551,4112.52
32552,3985.28
32553,3731.68
32554,3597.76
32555,3500.76
32556,3200.05
32557,3331.03
32558,3220.9
32559,3131.38
32560,3019.65
32561,3000.47
32562,3049.3
32563,3049.75
32564,3330.23
32565,2923.51
32566,2996.29
32567,3049.82
32568,3019.94
32569,3385.18
32570,3308.23
32571,3049.22
32572,2954.37
32573,3119.48
32574,3049.54
32575,2844.15
32576,2090.08
32577,2112.38
32578,1999.94
32579,1999.67
32580,1999.44
32581,1999.49
32582,1999.47
32583,1999.49
32584,1999.36
32585,1999.33
32586,1999.37
32587,1999.28
32588,1999.21
32589,1999.18
32590,1999.15
32591,1999.03
32592,1900.34
32593,1199.94
32594,1230.52
32595,1340.78
32596,1586.66
32597,1536.58
32598,1608.09
32599,1900.84
32600,1999.04
32601,1999.17
32602,1999.45
32603,1999.54
32604,1999.59
32605,1999.88
32606,1999.93
32607,2000.99
32608,2700.77
32609,2800.98
32610,2819.52
32611,2800.79
32612,2819.4
32613,2112.09
32614,2725.22
32615,2550.5
32616,2712.7
32617,1999.82
32618,2819.47
32619,2873.63
32620,2867.09
32621,3019.97
32622,3420.65
32623,3501.75
32624,3800.05
32625,3741.23
32626,3600.96
32627,3420.5
32628,3410.03
32629,3470.47
32630,3783.08
32631,3942.45
32632,4000.47
32633,4750.64
32634,5249.03
32635,5499.72
32636,6499.03
32637,6499.58
32638,6499.64
32639,6499.68
32640,6499.62
32641,10000
32642,10000
32643,10000
32644,10000
32645,6100.21
32646,5999.34
32647,5700.05
32648,5328.6
32649,6100.19
32650,5700.3
32651,5385.06
32652,4999.93
32653,4600.88
32654,4345.99
32655,4259.79
32656,3949.18
32657,4345.54
32658,4550.1
32659,4455.34
32660,4345.85
32661,4614.07
32662,4345.3
32663,4219.51
32664,3941.75
32665,4034.82
32666,4201.77
32667,4034.47
32668,4034.65
32669,3920.01
32670,3499.72
32671,3368.27
32672,3290.26
32673,3340.21
32674,3230.91
32675,2708.43
32676,2708.52
32677,2920.8
32678,2920.07
32679,3219.39
32680,2850.84
32681,2550.76
32682,2920.12
32683,3000.08
32684,3128.93
32685,1999.43
32686,2705.16
32687,2900.35
32688,2890.95
32689,2500.41
32690,2600.23
32691,3219.2
32692,3230.43
32693,3012.57
32694,3230.19
32695,3256.74
32696,3400.52
32697,3647.12
32698,3830.02
32699,4034.48
32700,4219.91
32701,3949.83
32702,4000.53
32703,4034.7
32704,4069.17
32705,3830.87
32706,3954.84
32707,4000.94
32708,4000.25
32709,3590.9
32710,3590.39
32711,3736.15
32712,3720.55
32713,3313.99
32714,3420.19
32715,4367.58
32716,4748.36
32717,4999.17
32718,5050.86
32719,5700.16
32720,6100.46
32721,6100.56
32722,6500.72
32723,9998.17
32724,10000
32725,10000
32726,10000
32727,10000
32728,10000
32729,10000
32730,10000
32731,10000
32732,10000
32733,10000
32734,10000
32735,10000
32736,10000
32737,10000
32738,10000
32739,10000
32740,10000
32741,10000
32742,10000
32743,10000
32744,10000
32745,5999.64
32746,5754.38
32747,5350.62
32748,5260.45
32749,5431.14
32750,5800.12
32751,5260.88
32752,5260.67
32753,5010.86
32754,5010.91
32755,5260.4
32756,5431.33
32757,4780.14
32758,4780.03
32759,4507.89
32760,4503.59
32761,5396.3
32762,5350.49
32763,4780.5
32764,4499.89
32765,3868.85
32766,3543.72
32767,3470.75
32768,3369.99
32769,3066.5
32770,3057.88
32771,3057.21
32772,3057.4
32773,3057.2
32774,3064.27
32775,3064.02
32776,3064.32
32777,2920.71
32778,3000.96
32779,3000.83
32780,3000.43
32781,3000.5
32782,3000.74
32783,3064.12
32784,3064.09
32785,3064.9
32786,3200.21
32787,3064.86
32788,3064.96
32789,3064.48
32790,3064.52
32791,3099.74
32792,3239.31
32793,3369.03
32794,3369.47
32795,3247.19
32796,3369.03
32797,3369.51
32798,3369.39
32799,3369.93
32800,3369.77
32801,3373.4
32802,3386.42
32803,3470.49
32804,3470
32805,3607.02
32806,3530.03
32807,3522.16
32808,3540.72
32809,3607.12
32810,3749.89
32811,4500.24
32812,5725.07
32813,10000
32814,10000
32815,10000
32816,10000
32817,10000
32818,10000
32819,10000
32820,10000
32821,10000
32822,10000
32823,10000
32824,10000
32825,10000
32826,10000
32827,10000
32828,10000
32829,10000
32830,10000
32831,10000
32832,10000
32833,4396.45
32834,4469.02
32835,4450.98
32836,4279.55
32837,4080.37
32838,4000
32839,3929.55
32840,3739.98
32841,3858.02
32842,3759.9
32843,3739.86
32844,3700.49
32845,3689.39
32846,3638.82
32847,3531.64
32848,3500.78
32849,3689.88
32850,3749.45
32851,3869.12
32852,3969.37
32853,3739.21
32854,3749.26
32855,3739.72
32856,3670.13
32857,4049.32
32858,4049.62
32859,4064.38
32860,3979.81
32861,3689.94
32862,3500.52
32863,3436.53
32864,3410.45
32865,3156.36
32866,3156.16
32867,3156.07
32868,3001.97
32869,2685.86
32870,2581.8
32871,2636.95
32872,2519.77
32873,2249.17
32874,2519.07
32875,2149.4
32876,2129.32
32877,2119.78
32878,2099.83
32879,2099.27
32880,2099.17
32881,2099.06
32882,2000.43
32883,1999.95
32884,1999.3
32885,1999.13
32886,1999.19
32887,1999.85
32888,2099.06
32889,2099.24
32890,2099.73
32891,2149.98
32892,2370.57
32893,2749.44
32894,3139.95
32895,3436.13
32896,3436.16
32897,3436.36
32898,3439.76
32899,3474.55
32900,3600.15
32901,3689.82
32902,3616.96
32903,3690.09
32904,3739.92
32905,3950.04
32906,5090.33
32907,5999.65
32908,6450.59
32909,10000
32910,10000
32911,10000
32912,10000
32913,10000
32914,10000
32915,10000
32916,10000
32917,10000
32918,10000
32919,10000
32920,10000
32921,10000
32922,10000
32923,10000
32924,10000
32925,10000
32926,10000
32927,10000
32928,10000
32929,4473.24
32930,4039.94
32931,3934.54
32932,3848.69
32933,3602.75
32934,3562.71
32935,3562.19
32936,3460.35
32937,3442.52
32938,3360.03
32939,3249.12
32940,3178.79
32941,2940.1
32942,3010.8
32943,3200.75
32944,3200.2
32945,3010.05
32946,3010.41
32947,3010.46
32948,2996.15
32949,2919.79
32950,3078.07
32951,3078.41
32952,3055.87
32953,3286.86
32954,3287.35
32955,3191.33
32956,3078.28
32957,3010.97
32958,2969.67
32959,2957.31
32960,2850.52
32961,2665.78
32962,2643.76
32963,2573.74
32964,2573.31
32965,2381.86
32966,2490.69
32967,2381.28
32968,2379.57
32969,1989.97
32970,1888.29
32971,1949.16
32972,1949.61
32973,1949.78
32974,1999.05
32975,1999.02
32976,1949.96
32977,1699.83
32978,1699.85
32979,1699.71
32980,1699.78
32981,1699.56
32982,1699.53
32983,1800.95
32984,1710.98
32985,1999.82
32986,1999.83
32987,2137.19
32988,2230.85
32989,2449.77
32990,2565.89
32991,2630.52
32992,2698.27
32993,2698.59
32994,2889.21
32995,2889.64
32996,2889.75
32997,2957.97
32998,2957.53
32999,2957.67
33000,3055.99
33001,3562.47
33002,3602.52
33003,4000.43
33004,4960.21
33005,10000
33006,10000
33007,10000
33008,9499.7
33009,7744.79
33010,7744.67
33011,7744.15
33012,7351.9
33013,10000
33014,8999.02
33015,8680.2
33016,10000
33017,7999.17
33018,7000.66
33019,5100.11
33020,5000.93
33021,4861.59
33022,4861.01
33023,4339.28
33024,4039.57
33025,3472.53
33026,3499.47
33027,3600.35
33028,3799.17
33029,3501.09
33030,3500.09
33031,3477.73
33032,3437.45
33033,3420.96
33034,3400.67
33035,3300.26
33036,3100.76
33037,3399.88
33038,3000.61
33039,2872.4
33040,2800.87
33041,2862
33042,3000.08
33043,2970.34
33044,3100.15
33045,3000.89
33046,3093.34
33047,3032.63
33048,2999.56
33049,2880.08
33050,3000.48
33051,2880.47
33052,2622.4
33053,3070.91
33054,3149.77
33055,3149.03
33056,3093.23
33057,3093.4
33058,3000.83
33059,2061.37
33060,1326.62
33061,999.99
33062,999.26
33063,1000.09
33064,999.54
33065,1500.81
33066,696.93
33067,696.92
33068,696.84
33069,696.56
33070,696.57
33071,696.47
33072,696.43
33073,696.34
33074,696.21
33075,696.13
33076,696.08
33077,599.17
33078,696.06
33079,696.12
33080,696.26
33081,999.77
33082,1499.15
33083,1799.47
33084,2012.56
33085,1989.5
33086,2353.49
33087,2500.22
33088,3032.11
33089,2999.92
33090,2999.2
33091,3031.82
33092,3093.06
33093,3000.26
33094,3399.71
33095,3422.93
33096,3205.34
33097,3471.67
33098,3650.95
33099,4129.35
33100,4500.46
33101,4129.02
33102,4129.17
33103,4000.89
33104,3689.35
33105,3659.49
33106,3659.53
33107,3659.4
33108,3659.59
33109,3511.76
33110,3512.05
33111,3519.15
33112,3659.1
33113,3431.73
33114,3476.3
33115,3500.19
33116,3499.44
33117,3460.53
33118,3460.5
33119,3468.39
33120,3450.56
33121,2870.82
33122,2899
33123,2870.56
33124,2870.06
33125,2839.57
33126,2717.98
33127,2699.06
33128,2663.9
33129,2717.77
33130,2800.1
33131,2850.27
33132,2850.25
33133,2717.53
33134,2717.31
33135,2717.31
33136,2711.8
33137,2717.08
33138,2657.43
33139,2610.12
33140,2616
33141,2609.63
33142,2717.23
33143,2870.6
33144,2900.27
33145,3164.51
33146,3400.55
33147,3550.67
33148,3671
33149,3800.17
33150,3689.4
33151,3849.06
33152,3689.79
33153,3499.35
33154,3400.6
33155,3000.05
33156,2900.35
33157,2900.5
33158,2900.36
33159,2900.89
33160,2878.05
33161,2644.29
33162,2610.57
33163,2634.95
33164,2600.58
33165,2493.17
33166,2500.58
33167,2350.13
33168,2479.43
33169,2180.05
33170,2150.77
33171,2150.54
33172,2150.5
33173,1989.02
33174,1850.91
33175,2150.02
33176,2150.62
33177,2550.3
33178,2595.2
33179,2695.9
33180,2900.47
33181,2903.14
33182,2942.11
33183,3010.53
33184,3236.65
33185,3501.73
33186,3689.07
33187,4000.45
33188,4849.72
33189,7052.72
33190,8614.65
33191,10000
33192,10000
33193,10000
33194,10000
33195,10000
33196,10000
33197,5214.12
33198,4299.89
33199,4500.53
33200,4250.75
33201,3739.97
33202,3750.12
33203,3800.32
33204,3739.47
33205,3550.78
33206,3499.26
33207,3499.5
33208,3410.76
33209,2870.83
33210,2900.36
33211,2900.16
33212,2900.27
33213,2899.26
33214,2900.38
33215,2900.4
33216,2900.18
33217,2624.95
33218,2512.5
33219,2500.96
33220,2500.89
33221,2400.47
33222,2393.76
33223,2393.18
33224,2393.16
33225,2388.96
33226,2388.26
33227,2334.45
33228,2334.27
33229,2388.25
33230,2388.29
33231,2388.38
33232,2388.51
33233,2393.06
33234,2400.18
33235,2440.23
33236,2450.36
33237,2752.74
33238,2790.03
33239,3130.34
33240,3230.65
33241,4026.59
33242,4285.72
33243,4285.16
33244,4519.6
33245,6009.32
33246,7010.22
33247,8000.36
33248,8000.86
33249,7010.82
33250,6000.09
33251,5121.28
33252,4500.34
33253,4200.42
33254,4000.93
33255,4000.21
33256,3739.06
33257,3300.55
33258,3250.48
33259,3190.18
33260,3130.5
33261,2919.1
33262,2846.4
33263,2800.22
33264,2800.12
33265,2752.7
33266,2752.64
33267,2750.69
33268,2750.25
33269,2393.91
33270,2400.03
33271,2433.92
33272,2433.79
33273,2650.54
33274,2800.29
33275,2846.45
33276,2849.44
33277,3127.36
33278,3130.84
33279,3254.2
33280,3330.06
33281,3553.36
33282,4026.15
33283,4061.16
33284,4449.07
33285,6000.99
33286,10000
33287,10000
33288,10000
33289,10000
33290,10000
33291,10000
33292,10000
33293,4700.29
33294,4650.02
33295,4650.95
33296,4500.87
33297,3969.98
33298,3550.67
33299,3400.54
33300,3400.88
33301,3230.2
33302,3190.28
33303,3154.42
33304,3130.82
33305,2799.64
33306,2752.91
33307,2790.2
33308,2799.83
33309,2752.61
33310,2799.81
33311,2800.34
33312,2800.14
33313,2700.2
33314,2574.8
33315,2570.11
33316,2512.71
33317,2500.57
33318,2463.64
33319,2433.94
33320,2438.5
33321,2400.53
33322,2400.14
33323,2393.33
33324,2393.18
33325,2393.47
33326,2393.61
33327,2393.62
33328,2334.14
33329,2350.47
33330,2393.31
33331,2393.28
33332,2393.51
33333,2570.48
33334,2752.4
33335,2800.23
33336,2945
33337,3388.74
33338,3550.63
33339,3559.16
33340,4000.56
33341,4956.67
33342,5400.39
33343,6751.23
33344,6751.8
33345,5500.26
33346,6000.68
33347,5446.83
33348,5446.09
33349,5050.82
33350,5001.01
33351,4900.16
33352,4260.37
33353,3403.18
33354,3254.64
33355,3130.92
33356,3130.49
33357,3100.98
33358,3100.68
33359,3090.83
33360,3090.66
33361,2846.17
33362,2846.5
33363,2846.43
33364,2846.26
33365,2730.81
33366,2600.63
33367,2730.73
33368,2752.59
33369,2846.13
33370,2968.4
33371,2999.55
33372,2999.09
33373,2968.23
33374,2968.99
33375,3130.56
33376,3230.03
33377,3506.11
33378,3775.65
33379,4149.62
33380,4956.5
33381,8499.55
33382,10000
33383,10000
33384,10000
33385,10000
33386,10000
33387,10000
33388,10000
33389,4800.88
33390,4839.67
33391,4839.72
33392,4480.44
33393,3698.26
33394,3388.72
33395,3240.76
33396,3240.82
33397,3130.66
33398,3130.32
33399,3130.16
33400,3050.18
33401,2600.8
33402,2600.8
33403,2570.95
33404,2600.07
33405,2512.67
33406,2570.22
33407,2600.02
33408,2570.92
33409,2300.64
33410,2263.85
33411,2265.89
33412,2300.19
33413,2265.68
33414,2218.9
33415,2220.6
33416,2218.65
33417,2193.39
33418,2193.96
33419,2193.62
33420,2167.68
33421,2218.09
33422,2218.31
33423,2218.53
33424,2218.65
33425,2250.13
33426,2300.13
33427,2334.64
33428,2388.65
33429,2500.7
33430,2512.84
33431,2800.86
33432,2900.27
33433,3190.98
33434,3415.2
33435,3506.43
33436,3775.53
33437,4369.64
33438,4470.62
33439,4956.16
33440,5400.79
33441,4890.81
33442,4956.21
33443,4839.27
33444,4099.83
33445,4290.43
33446,4290.02
33447,4250.54
33448,3550.81
33449,3250.46
33450,3130.5
33451,3100.1
33452,3080.11
33453,2800.74
33454,2800.04
33455,2752.25
33456,2570.61
33457,2500.16
33458,2500.99
33459,2500.47
33460,2500.38
33461,2250.71
33462,2370.07
33463,2500.05
33464,2433.25
33465,2500.96
33466,2531.73
33467,2650.27
33468,2752.95
33469,2849.3
33470,2968.76
33471,3100.23
33472,3130.5
33473,3230.31
33474,3553.51
33475,3619.67
33476,4459.28
33477,4640.03
33478,5499.5
33479,6999.07
33480,7297.44
33481,10000
33482,10000
33483,10000
33484,10000
33485,4519.38
33486,4519.92
33487,4519.21
33488,3870.52
33489,3249.46
33490,3230.91
33491,3219
33492,3190.94
33493,3029.58
33494,3019.87
33495,3000.1
33496,2846.63
33497,2512.24
33498,2512.04
33499,2463.91
33500,2500.62
33501,2500.72
33502,2512.51
33503,2512.63
33504,2512.92
33505,2512.52
33506,2463.1
33507,2499.08
33508,2433.52
33509,2388.73
33510,2388.39
33511,2352.84
33512,2265.4
33513,2250.07
33514,2237.46
33515,2237.54
33516,2237.46
33517,2218.61
33518,2218.53
33519,2216.17
33520,2218.21
33521,2250.12
33522,2250.88
33523,2300.24
33524,2393.57
33525,2650.22
33526,2752.21
33527,2624.62
33528,2752.04
33529,3027.7
33530,3127.97
33531,3127.81
33532,3230.28
33533,3435.67
33534,3553.66
33535,3775.56
33536,4000.82
33537,4290.93
33538,4519.1
33539,4450.54
33540,4099.63
33541,4146.2
33542,4050.46
33543,3900.84
33544,3550.36
33545,3190.65
33546,3230.46
33547,3130.15
33548,3127.14
33549,2790.57
33550,2750.8
33551,2699.72
33552,2512.05
33553,2235.63
33554,2258.7
33555,2250.13
33556,2240.59
33557,2064.16
33558,2000.7
33559,1989.8
33560,2000.07
33561,2022.22
33562,2207.32
33563,2400.74
33564,2479.72
33565,2531.77
33566,2624.73
33567,2848.31
33568,3029.17
33569,3127.03
33570,3284.12
33571,3340.75
33572,3559.53
33573,3559.54
33574,4200.01
33575,4459.29
33576,4099.2
33577,4459.78
33578,4956.67
33579,4621.35
33580,4099.65
33581,3127.67
33582,3130.52
33583,3130.08
33584,3079.13
33585,3029.57
33586,3029.66
33587,3029.34
33588,3029.13
33589,2846.21
33590,2800.74
33591,2800.63
33592,2752.41
33593,2531.06
33594,2531.13
33595,2512.27
33596,2512.19
33597,2400.49
33598,2433.16
33599,2463.13
33600,2463.86
33601,2512.77
33602,2512.46
33603,2500.39
33604,2479.11
33605,2393.56
33606,2352.16
33607,2352.23
33608,2330.34
33609,2250.2
33610,2250.03
33611,2212.55
33612,2200.14
33613,2150
33614,2149.98
33615,2149.99
33616,2149.92
33617,2250.51
33618,2393.45
33619,2433.71
33620,2479.52
33621,2629.78
33622,2752.79
33623,2800.18
33624,2900.46
33625,3130.19
33626,3299.09
33627,3506.12
33628,3949.18
33629,4519.74
33630,5303.02
33631,7000.36
33632,7400.35
33633,7000.52
33634,7000.36
33635,6499.45
33636,5635.3
33637,5499.03
33638,5001.5
33639,4956.97
33640,4621.47
33641,4099.28
33642,4000.35
33643,3512.57
33644,3447.44
33645,3249.18
33646,3190.6
33647,3127.23
33648,2846.83
33649,2752.67
33650,2750.37
33651,2624.67
33652,2600.72
33653,2370.53
33654,2250.42
33655,2393.27
33656,2352.84
33657,2512.54
33658,2752.27
33659,2800.17
33660,2846.34
33661,2968.35
33662,3012.94
33663,3130.8
33664,3254.86
33665,3499.12
33666,3650.78
33667,4039.46
33668,5446.27
33669,7369.54
33670,10000
33671,10000
33672,10000
33673,10000
33674,10000
33675,10000
33676,10000
33677,5300.15
33678,5450.94
33679,5300.33
33680,4750.65
33681,4000.24
33682,3739.74
33683,3698.22
33684,3500.2
33685,3190.39
33686,3190.44
33687,3130.81
33688,3130.13
33689,2752.26
33690,2752.08
33691,2650.49
33692,2624.37
33693,2600.18
33694,2750.71
33695,2752.38
33696,2752.32
33697,2380.7
33698,2330.69
33699,2300.15
33700,2324.4
33701,2250.48
33702,2250.49
33703,2250.49
33704,2250.27
33705,2210.51
33706,2228.75
33707,2250.15
33708,2227.8
33709,2223.66
33710,2250.62
33711,2250.73
33712,2250.62
33713,2250.01
33714,2223.88
33715,2250.46
33716,2350.36
33717,2604.46
33718,2699.86
33719,2846.82
33720,3010.6
33721,3240.86
33722,3329.49
33723,3388.22
33724,3721.36
33725,4770.77
33726,5551.22
33727,7900.27
33728,8900.07
33729,8500.18
33730,8016.14
33731,8000.01
33732,6000.92
33733,6000.76
33734,5681.65
33735,5304
33736,5000.37
33737,4099.94
33738,3539.7
33739,3447.03
33740,3447.57
33741,3235.54
33742,3235.62
33743,3190.09
33744,3130.15
33745,2846.96
33746,2846.24
33747,2800.85
33748,2800.77
33749,2530.25
33750,2530.65
33751,2699.24
33752,2699.69
33753,2800.44
33754,2846.71
33755,2970.35
33756,3010.34
33757,2994.43
33758,3069.74
33759,3130.98
33760,3235.55
33761,3419.72
33762,3650.02
33763,4459.5
33764,5681.88
33765,7499.95
33766,10000
33767,10000
33768,10000
33769,10000
33770,10000
33771,10000
33772,10000
33773,5499.7
33774,5019.01
33775,5001.28
33776,4699.72
33777,3510.26
33778,3235.67
33779,3235.52
33780,3190.82
33781,3010.19
33782,3000.88
33783,2990.15
33784,2846.17
33785,2512.46
33786,2512.16
33787,2500.83
33788,2512.35
33789,2499.33
33790,2512.01
33791,2512.06
33792,2512.31
33793,2500.77
33794,2323.8
33795,2381.98
33796,2400.62
33797,2393.23
33798,2393.92
33799,2400.02
33800,2393.6
33801,2323.01
33802,2300.71
33803,2258.84
33804,2258.8
33805,2258.56
33806,2259
33807,2258.9
33808,2280.56
33809,2330.43
33810,2381.15
33811,2502.91
33812,2512.66
33813,2800.78
33814,2846.63
33815,2929.61
33816,3184.27
33817,3475.69
33818,3700.09
33819,4039.21
33820,4700.05
33821,6500.12
33822,10000
33823,10000
33824,10000
33825,10000
33826,9500.99
33827,9500.7
33828,7126.26
33829,7000.23
33830,6500.58
33831,5750.72
33832,5499.68
33833,4464.85
33834,4000.34
33835,3499.64
33836,3403.82
33837,3400.26
33838,3235.86
33839,3130.57
33840,3127.4
33841,2810.68
33842,2800.4
33843,2752.54
33844,2790.44
33845,2512.29
33846,2512.11
33847,2574.41
33848,2799.61
33849,2846.84
33850,3012.05
33851,3127.25
33852,3213.01
33853,3261.8
33854,3269.95
33855,3539.38
33856,3620.29
33857,3999.8
33858,4671.45
33859,5500.84
33860,10000
33861,10000
33862,10000
33863,10000
33864,10000
33865,10000
33866,10000
33867,10000
33868,10000
33869,10000
33870,10000
33871,10000
33872,5303.33
33873,4450.75
33874,3999.48
33875,3500.47
33876,3469.25
33877,3190.67
33878,3190.26
33879,3190.12
33880,3000.9
33881,2600.66
33882,2600.53
33883,2752.71
33884,2800.33
33885,2752.04
33886,2600.38
33887,2624.74
33888,2749.32
33889,2218.77
33890,2250.21
33891,2300.26
33892,2250.75
33893,2206.48
33894,2188.92
33895,2174.21
33896,2174.19
33897,2132.44
33898,2139.52
33899,2155.65
33900,2190.43
33901,2199.44
33902,2207.03
33903,2212.03
33904,2201.17
33905,2212.71
33906,2177.95
33907,2400.08
33908,2253.57
33909,2699.61
33910,2699.85
33911,2650.98
33912,2915.48
33913,3476.15
33914,3739.56
33915,5001.53
33916,10000
33917,10000
33918,10000
33919,10000
33920,10000
33921,10000
33922,10000
33923,10000
33924,10000
33925,8200.87
33926,7600.69
33927,6250.95
33928,6000.54
33929,4233.55
33930,4200.31
33931,3750.83
33932,3750.73
33933,3600.69
33934,3447.42
33935,3403.93
33936,3403.36
33937,2890.09
33938,2850.99
33939,2850.62
33940,2850.43
33941,2520.28
33942,2370.54
33943,2658.25
33944,2850.02
33945,2915.09
33946,3010.13
33947,3110.69
33948,3185.66
33949,3267.46
33950,3394.94
33951,3499.95
33952,3650.13
33953,3740.46
33954,4039.97
33955,6000.33
33956,10000
33957,10000
33958,10000
33959,10000
33960,10000
33961,10000
33962,10000
33963,10000
33964,10000
33965,10000
33966,10000
33967,10000
33968,6000.77
33969,4621.09
33970,4459.09
33971,3750.97
33972,3499.44
33973,2850.96
33974,3010.35
33975,3010.89
33976,2927.95
33977,2658.41
33978,2658.27
33979,2569.73
33980,2539.43
33981,2400.47
33982,2390.13
33983,2400.19
33984,2400.28
33985,2400.01
33986,2400.17
33987,2400.2
33988,2330.97
33989,2250.78
33990,2300.07
33991,2250.07
33992,2213.1
33993,2208.17
33994,2220.46
33995,2212.52
33996,2197.63
33997,2200.87
33998,2200.84
33999,2200.81
34000,2168.13
34001,2190.95
34002,2179.21
34003,2212.94
34004,2250.91
34005,2604.6
34006,2604.68
34007,2658.95
34008,2915.75
34009,3476.33
34010,3800.29
34011,4630.28
34012,10000
34013,10000
34014,10000
34015,10000
34016,10000
34017,10000
34018,10000
34019,10000
34020,10000
34021,9500.18
34022,8999.29
34023,6220.45
34024,5500.6
34025,4248.94
34026,4000.7
34027,3500.75
34028,3499.57
34029,3235.8
34030,3190.66
34031,3127.91
34032,3127.83
34033,2890.69
34034,2850.8
34035,2800.51
34036,2800.38
34037,2550.1
34038,2500.76
34039,2550.11
34040,2604.75
34041,2716.27
34042,2800.43
34043,2915.96
34044,2927.66
34045,3019.64
34046,3100.43
34047,3235.23
34048,3245.5
34049,3476.03
34050,3698.49
34051,3814.35
34052,6000.7
34053,10000
34054,10000
34055,10000
34056,10000
34057,10000
34058,10000
34059,10000
34060,10000
34061,10000
34062,6799.38
34063,5499.5
34064,4265.12
34065,3499.47
34066,3240.6
34067,3240.8
34068,3235.41
34069,3010.61
34070,3110.43
34071,3129.13
34072,2927.73
34073,2600.46
34074,2600.36
34075,2658.04
34076,2658.19
34077,2600.08
34078,2500.97
34079,2510.78
34080,2510.48
34081,2250.99
34082,2300.19
34083,2449.92
34084,2449.76
34085,2250.29
34086,2244.82
34087,2210.84
34088,2217.96
34089,2212.04
34090,2179.41
34091,2162.36
34092,2136.84
34093,2139.64
34094,2141.23
34095,2140.48
34096,2146.25
34097,2132.18
34098,2119.7
34099,2171.12
34100,2330.79
34101,2658.69
34102,2747.36
34103,2890.16
34104,2915.98
34105,3470.02
34106,3476.88
34107,3979.56
34108,5220.67
34109,10000
34110,10000
34111,10000
34112,10000
34113,10000
34114,10000
34115,10000
34116,10000
34117,10000
34118,8998.19
34119,6220.69
34120,5499.21
34121,4000.75
34122,4000.23
34123,3499.97
34124,3539.08
34125,3380.4
34126,3240.4
34127,3127.9
34128,2966.48
34129,2850.66
34130,2850.25
34131,2800.07
34132,2800.01
34133,2550.99
34134,2550.37
34135,2604.51
34136,2604.8
34137,2716.88
34138,2800.84
34139,2927.28
34140,3000.79
34141,3012.11
34142,3100.63
34143,3245.5
34144,3403.63
34145,3476.56
34146,3512.23
34147,3980.27
34148,5446.96
34149,10000
34150,10000
34151,10000
34152,10000
34153,10000
34154,10000
34155,10000
34156,10000
34157,6510.68
34158,7499.85
34159,5500.58
34160,4750.36
34161,3479.15
34162,3419.79
34163,3449.1
34164,3450.11
34165,3250.57
34166,3269.03
34167,3240.98
34168,3240.11
34169,2890.84
34170,2927.53
34171,3069.16
34172,3010.12
34173,2943.56
34174,2923.94
34175,2915.89
34176,2920.88
34177,2449.18
34178,2250.4
34179,2250.68
34180,2250.63
34181,2232.41
34182,2250.41
34183,2250.16
34184,2227.53
34185,2188.08
34186,2174.84
34187,2157.43
34188,2142.67
34189,2130.52
34190,2130.62
34191,2136.23
34192,2125.75
34193,2119.63
34194,2119.62
34195,2119.29
34196,2400.62
34197,2824.42
34198,2824.92
34199,2810.42
34200,2880.35
34201,3129.89
34202,3184.94
34203,3240.28
34204,3475.6
34205,4000.54
34206,4184.88
34207,4999.92
34208,5543.77
34209,6500.26
34210,7599.08
34211,7500.34
34212,7500.4
34213,5750.53
34214,5499.35
34215,4578.68
34216,4327.29
34217,4290.03
34218,4000.7
34219,3442.27
34220,3254.48
34221,3235.16
34222,3127.89
34223,2966.16
34224,2950.72
34225,2880.87
34226,2850.73
34227,2850.49
34228,2850.58
34229,2630.21
34230,2565.2
34231,2660.46
34232,2660.84
34233,2850.93
34234,2898.7
34235,2898.42
34236,2922.01
34237,3127.12
34238,3184.56
34239,3235.74
34240,3240.17
34241,3270.52
34242,3403.21
34243,3447.93
34244,3475.6
34245,3996.63
34246,4459.13
34247,5300.64
34248,4510.67
34249,5000.29
34250,5500.32
34251,5000.88
34252,4519.9
34253,3447.24
34254,3410.07
34255,3240.17
34256,3210.1
34257,3129.51
34258,3129.56
34259,3129.45
34260,3129.38
34261,3129.54
34262,3169.2
34263,3129.47
34264,3129.01
34265,2730.54
34266,2658.04
34267,2500.63
34268,2500.63
34269,2400.87
34270,2400.73
34271,2400.27
34272,2400.17
34273,2140.32
34274,2089.33
34275,2119.16
34276,2119.12
34277,2083.09
34278,2076.89
34279,2068.68
34280,2047.68
34281,2010.08
34282,2000.85
34283,2000.79
34284,2000.69
34285,2000.58
34286,2000.08
34287,2000.1
34288,2000.02
34289,1910.91
34290,1910.6
34291,2000.6
34292,2122.55
34293,2698.49
34294,2765.95
34295,2730.01
34296,2922.32
34297,3299.33
34298,3400.42
34299,3475.04
34300,3780.93
34301,6220.23
34302,10000
34303,10000
34304,10000
34305,10000
34306,10000
34307,10000
34308,10000
34309,10000
34310,10000
34311,7300.15
34312,6500.11
34313,5000.78
34314,5000.72
34315,4600.13
34316,4327.75
34317,4109.42
34318,4000.3
34319,3861.61
34320,3813.12
34321,3447.95
34322,3403.56
34323,3190.85
34324,3127.81
34325,2950.13
34326,2927.6
34327,2927.48
34328,2927.79
34329,3040.89
34330,3184.81
34331,3245.53
34332,3403.01
34333,3475.68
34334,3512.61
34335,3800.82
34336,3861.41
34337,4000.63
34338,3967.41
34339,4116.6
34340,5446.23
34341,10000
34342,10000
34343,10000
34344,10000
34345,10000
34346,10000
34347,10000
34348,10000
34349,5999.15
34350,5056.61
34351,4459.18
34352,4039.81
34353,3510.27
34354,3599.57
34355,3415.59
34356,3415.44
34357,3400.36
34358,3475.19
34359,3475.01
34360,3470.68
34361,3129.24
34362,3010.98
34363,2950.69
34364,2927.78
34365,2890.82
34366,2848.44
34367,2765.94
34368,2716.51
34369,2716.95
34370,2449.02
34371,2400.97
34372,2290.37
34373,2250.57
34374,2250.27
34375,2250.07
34376,2240.27
34377,2200.79
34378,2219.13
34379,2228.16
34380,2211.73
34381,2200.83
34382,2202.95
34383,2210.69
34384,2207.53
34385,2241.55
34386,2244.12
34387,2546.26
34388,2658.69
34389,2927.42
34390,2950.78
34391,3100.9
34392,3190.73
34393,3957.39
34394,3862.93
34395,3930.24
34396,4300.96
34397,8554.87
34398,10000
34399,10000
34400,10000
34401,10000
34402,10000
34403,10000
34404,10000
34405,10000
34406,10000
34407,10000
34408,10000
34409,6000.9
34410,6000.63
34411,5600.35
34412,5300.13
34413,4110.57
34414,3850.39
34415,3500.95
34416,3403.14
34417,3235.62
34418,3190.42
34419,3019.83
34420,2966.81
34421,2923.65
34422,2915.33
34423,2927.07
34424,2927.75
34425,3010.14
34426,3110.84
34427,3185.58
34428,3185.89
34429,3447.08
34430,3476.83
34431,3560.41
34432,3620.81
34433,4217.3
34434,4500.61
34435,4500.5
34436,5446.14
34437,10000
34438,10000
34439,10000
34440,10000
34441,10000
34442,10000
34443,10000
34444,10000
34445,6510.71
34446,6499.54
34447,4750.96
34448,4379.65
34449,4000.9
34450,4000.41
34451,3739.08
34452,3599.84
34453,3479.17
34454,3500.09
34455,3476.33
34456,3476.4
34457,3129.79
34458,3128
34459,2950.53
34460,2943.29
34461,2890.78
34462,2800.9
34463,2716.51
34464,2716.17
34465,2300.52
34466,2280.04
34467,2280.7
34468,2330.31
34469,2330.58
34470,2340.96
34471,2300.36
34472,2280.7
34473,2250.59
34474,2240.08
34475,2183.99
34476,2185.27
34477,2163.73
34478,2166.08
34479,2160.29
34480,2168.51
34481,2171.02
34482,2182.04
34483,2174.05
34484,2280.26
34485,2890.5
34486,2914.07
34487,2914.39
34488,2914.43
34489,3185.18
34490,3185.68
34491,3190.02
34492,3476.07
34493,3814.74
34494,4466.38
34495,5499.37
34496,6537.35
34497,7999.82
34498,10000
34499,10000
34500,10000
34501,10000
34502,10000
34503,10000
34504,10000
34505,6679.75
34506,5999.79
34507,5303.22
34508,5260.29
34509,4429.76
34510,3814.77
34511,3699.37
34512,3447.76
34513,3254.17
34514,3240.7
34515,3190.26
34516,3185.15
34517,2966.14
34518,2927.11
34519,2923.25
34520,2916.6
34521,2980.56
34522,2980.94
34523,3040.94
34524,3127.17
34525,3235.36
34526,3267.72
34527,3479.12
34528,3599.32
34529,3886.02
34530,4039.73
34531,4500.74
34532,5303.71
34533,7429.33
34534,10000
34535,10000
34536,10000
34537,10000
34538,10000
34539,10000
34540,6500.15
34541,3700.77
34542,3775.68
34543,3700.35
34544,3800.45
34545,3500.43
34546,3450.68
34547,3373.11
34548,3277.19
34549,3240.3
34550,3270.86
34551,3245.76
34552,3245.55
34553,2890.89
34554,2862.4
34555,2799.26
34556,2800.14
34557,2658.35
34558,2658.11
34559,2658.33
34560,2600.49
34561,2119.06
34562,2100.38
34563,2105.75
34564,2105.95
34565,2086.32
34566,2069.13
34567,2046.07
34568,2044.81
34569,2019.59
34570,2001.99
34571,2000.76
34572,2000.88
34573,2000.86
34574,2000.83
34575,2000.9
34576,2000.86
34577,2000.99
34578,2014.71
34579,2000.22
34580,2000.87
34581,2498.27
34582,2600.02
34583,2730.58
34584,2890.46
34585,3185.47
34586,3185.62
34587,3235.19
34588,3476.91
34589,4571.96
34590,5300.42
34591,9166.91
34592,10000
34593,10000
34594,10000
34595,10000
34596,10000
34597,10000
34598,10000
34599,10000
34600,9999.16
34601,6499.38
34602,5499.7
34603,6015.93
34604,5499.92
34605,4785.96
34606,4110.61
34607,3739.78
34608,3600.58
34609,3235.77
34610,3235.36
34611,3200.05
34612,3190.04
34613,2800.77
34614,2799.24
34615,2850.75
34616,2890.48
34617,3019.83
34618,3185.06
34619,3190.02
34620,3200.5
34621,3434.4
34622,3479.13
34623,3739.53
34624,3814.28
34625,4301.89
34626,4500.04
34627,6000
34628,7429.66
34629,10000
34630,10000
34631,10000
34632,10000
34633,10000
34634,10000
34635,10000
34636,10000
34637,6799.89
34638,5681.75
34639,4265.5
34640,4000.39
34641,3750.38
34642,3699.3
34643,3450.87
34644,3299.5
34645,3235.37
34646,3250.59
34647,3240.9
34648,3235.05
34649,2890.49
34650,2919.15
34651,2730.24
34652,2716.37
34653,2600.03
34654,2539.07
34655,2500.97
34656,2449.77
34657,2040.72
34658,2066.62
34659,2100.33
34660,2090.13
34661,2056.36
34662,2045.13
34663,2023.19
34664,2030.33
34665,2019.05
34666,2000.84
34667,2000.61
34668,2000.23
34669,1989.92
34670,2000.04
34671,2000.02
34672,2000.17
34673,1968.93
34674,1931.92
34675,1945.36
34676,2019.68
34677,2537.84
34678,2550.89
34679,2600.27
34680,2603.26
34681,2914.86
34682,3092.8
34683,3190.1
34684,3476
34685,4999.27
34686,5499.61
34687,6726.36
34688,6770.65
34689,10000
34690,10000
34691,10000
34692,10000
34693,10000
34694,10000
34695,10000
34696,10000
34697,7500.73
34698,7000.88
34699,6961.6
34700,6500.08
34701,4999.52
34702,4450.77
34703,3886.13
34704,3699.08
34705,3267.04
34706,3235.43
34707,3191
34708,3185.04
34709,2914.92
34710,2900.7
34711,2850.86
34712,2850.85
34713,2923.9
34714,3101.91
34715,3190.76
34716,3235.82
34717,3476.21
34718,3479.17
34719,3620.99
34720,3650.58
34721,4500.4
34722,4647.67
34723,5260.53
34724,7035.3
34725,10000
34726,10000
34727,10000
34728,10000
34729,10000
34730,10000
34731,10000
34732,10000
34733,4681.08
34734,4450.48
34735,3750.59
34736,3699.61
34737,3500.44
34738,3479.23
34739,3450.34
34740,3349.82
34741,3252.4
34742,3267.16
34743,3240.3
34744,3190.28
34745,2890.1
34746,2730.17
34747,2658.74
34748,2658.59
34749,2543.79
34750,2534.05
34751,2539.27
34752,2543.75
34753,2000.65
34754,2000.63
34755,2023.44
34756,2021.15
34757,2019.34
34758,2000.67
34759,2000.25
34760,2000.25
34761,1960.43
34762,1980.2
34763,1962.93
34764,1929.7
34765,1980.21
34766,1964.91
34767,1980.04
34768,1975.87
34769,1910.43
34770,1900.56
34771,1900.13
34772,2000.02
34773,2250.84
34774,2532.7
34775,2500.13
34776,2716.77
34777,3185.48
34778,3185.8
34779,3190.48
34780,3476.84
34781,3986.91
34782,4189.4
34783,4350.12
34784,4393.92
34785,4600.64
34786,5499.08
34787,7000.9
34788,9009.74
34789,8009.94
34790,7660.98
34791,7000.39
34792,5500.57
34793,4199.3
34794,4210.1
34795,4328.24
34796,4110.54
34797,3599.86
34798,3503.02
34799,3476.87
34800,3403.63
34801,3190.16
34802,3101.68
34803,3000.6
34804,3000.07
34805,2880.82
34806,2716.23
34807,2850.24
34808,2850.48
34809,2800.83
34810,2919.3
34811,3019.16
34812,3040.79
34813,3190.02
34814,3200.68
34815,3267.71
34816,3476.26
34817,3650.05
34818,3599.23
34819,3559.96
34820,3900.73
34821,4328.38
34822,5260.03
34823,7599.9
34824,8000.89
34825,7598
34826,10000
34827,10000
34828,7599.02
34829,3970.79
34830,3739.23
34831,3750.66
34832,4000.07
34833,3750.53
34834,3559.87
34835,3479.5
34836,3450.6
34837,3235.66
34838,3240.07
34839,3235.63
34840,3190.03
34841,2716.1
34842,2658.49
34843,2650.45
34844,2650.93
34845,2530.95
34846,2440.2
34847,2400.94
34848,2400.9
34849,2076.16
34850,2066.26
34851,2101.11
34852,2092.63
34853,2063.54
34854,2042.45
34855,2035.7
34856,2028.6
34857,2000.71
34858,2000.59
34859,1986.64
34860,1940.27
34861,1963.84
34862,1968.74
34863,2000.03
34864,2000.82
34865,2019.82
34866,2043.08
34867,2030.22
34868,2050.65
34869,2400.44
34870,2385.48
34871,2539.1
34872,2603.82
34873,3101.05
34874,3185.31
34875,3190.47
34876,3214.05
34877,3476.67
34878,3500.05
34879,3800.62
34880,3720.93
34881,4000.8
34882,4110.24
34883,4300.69
34884,4291.79
34885,4250.18
34886,4248.28
34887,4099.14
34888,3862.08
34889,3448
34890,3447.13
34891,3447.06
34892,3330.33
34893,3190.79
34894,3129.67
34895,3129.5
34896,3185.11
34897,2927.4
34898,2927.3
34899,2914.03
34900,2699.54
34901,2370.75
34902,2324.03
34903,2259.57
34904,2259.75
34905,2499.07
34906,2600.49
34907,2658.32
34908,2658.75
34909,2716.22
34910,2840.78
34911,2914.07
34912,2914.91
34913,3129.79
34914,3129.56
34915,3185.06
34916,3200.13
34917,3476.03
34918,3500.34
34919,3479.67
34920,3349.07
34921,4140
34922,4429.8
34923,4429.19
34924,4000.73
34925,3190.31
34926,3190.89
34927,3240.55
34928,3277.26
34929,3250.03
34930,3250.64
34931,3210.27
34932,3190.26
34933,3190.18
34934,3190.63
34935,3110.18
34936,2934.5
34937,2658.84
34938,2658
34939,2600.24
34940,2550.22
34941,2543.21
34942,2500.96
34943,2500.44
34944,2420.04
34945,2658.7
34946,2658.49
34947,2600.58
34948,2579.09
34949,2510.12
34950,2440.86
34951,2377.3
34952,2253.74
34953,2119.8
34954,2132.5
34955,2141.17
34956,2135.25
34957,2150.16
34958,2160.78
34959,2187.11
34960,2192.97
34961,2166.28
34962,2190.14
34963,2376.31
34964,2716.41
34965,2923.71
34966,2927.13
34967,2914.57
34968,2927.35
34969,3506.84
34970,3720.46
34971,3720.8
34972,4200.53
34973,4999.75
34974,5499.06
34975,8009.97
34976,10000
34977,10000
34978,10000
34979,10000
34980,10000
34981,10000
34982,10000
34983,10000
34984,8000.5
34985,5298.56
34986,5001.01
34987,5000.14
34988,4429.44
34989,3969.95
34990,3775.9
34991,3620.93
34992,3620.36
34993,3447.53
34994,3447.51
34995,3447.83
34996,3267.07
34997,3000.92
34998,2927.82
34999,2927.2
35000,2927.05
35001,3040.37
35002,3185.16
35003,3188.34
35004,3245
35005,3476.17
35006,3476.87
35007,3620.95
35008,3999.08
35009,4429.48
35010,4429.71
35011,4999.31
35012,5300.58
35013,10000
35014,10000
35015,10000
35016,10000
35017,10000
35018,10000
35019,10000
35020,10000
35021,10000
35022,7510.52
35023,5200.67
35024,4500.6
35025,4039.82
35026,4039.06
35027,3870.28
35028,3739.97
35029,3479.69
35030,3610.37
35031,3500.88
35032,3450.78
35033,3000.72
35034,3019.67
35035,3000.76
35036,3019.14
35037,2927.98
35038,2928
35039,2928.39
35040,2927.48
35041,2503.47
35042,2350.02
35043,2324.79
35044,2300.99
35045,2259.64
35046,2253.93
35047,2236.32
35048,2241.77
35049,2221.94
35050,2259.25
35051,2232.53
35052,2202.17
35053,2196.18
35054,2200.4
35055,2205.72
35056,2250.43
35057,2259.56
35058,2259.55
35059,2256.6
35060,2324.68
35061,2716.26
35062,2716.53
35063,2699.87
35064,2914.21
35065,3720.17
35066,3720.45
35067,3720.93
35068,3814.34
35069,5000.27
35070,5815.95
35071,8009.81
35072,10000
35073,10000
35074,10000
35075,10000
35076,10000
35077,10000
35078,10000
35079,9909.18
35080,8000.8
35081,5800.5
35082,5446.03
35083,4849.72
35084,4000.38
35085,3620.28
35086,3620.58
35087,3775.49
35088,3700.88
35089,3476.43
35090,3447.41
35091,3240.07
35092,3185.32
35093,2890.24
35094,2700.81
35095,2730.71
35096,2800.44
35097,2914.67
35098,2927.38
35099,2927.13
35100,2927.34
35101,2966.96
35102,3092.9
35103,3235.91
35104,3476.16
35105,3814.49
35106,3720.76
35107,4039.02
35108,5250.03
35109,8130.74
35110,10000
35111,10000
35112,10000
35113,10000
35114,10000
35115,10000
35116,10000
35117,9400.75
35118,6301.57
35119,5300.19
35120,4999.21
35121,4010.87
35122,3739.89
35123,3739.59
35124,3970.03
35125,3479.19
35126,3415.42
35127,3470.94
35128,3245.51
35129,2919.88
35130,2890.99
35131,2831.56
35132,2716.97
35133,2545.44
35134,2550.29
35135,2600.94
35136,2658.47