*Interval,Price (Rs./MWh)
97,2246.24
98,2133.35
99,2113.98
100,2113.64
101,2100.58
102,2023.76
103,2023.17
104,2010.76
105,2010.23
106,2010.26
107,1999.79
108,1999.8
109,1999.84
110,1999.9
111,1999.87
112,1999.87
113,1999.59
114,2010.35
115,2113.01
116,2113.77
117,2539.52
118,2689.59
119,2814.39
120,3099.77
121,3425.64
122,3699.56
123,4319.74
124,6060.53
125,5999.86
126,7200.76
127,7500.73
128,7500.81
129,7500.53
130,7500.44
131,7500.51
132,7500.31
133,7500.18
134,7500.33
135,7500.31
136,7500.19
137,6050.69
138,5645.98
139,5645.29
140,6050.23
141,5645.31
142,5645.71
143,5000.37
144,4500.24
145,4509.69
146,3999.11
147,4350.43
148,3800.15
149,3425.04
150,3328.26
151,3150.09
152,3024.1
153,2650.43
154,2568.54
155,2568.6
156,2568.44
157,2600.57
158,2689.15
159,2742.15
160,2761.77
161,2878.02
162,3024.53
163,3728.14
164,3979.38
165,3663.81
166,3979.33
167,5000.81
168,8500.44
169,8500.71
170,11111.3
171,11111.12
172,8800.85
173,8800.45
174,8500.82
175,8500.51
176,8370.25
177,4569.6
178,4410.45
179,4100.99
180,4090.94
181,4065.0
182,3747.89
183,3742.97
184,3659.06
185,3200.56
186,3095.41
187,3024.89
188,2939.35
189,2568.96
190,2561.19
191,2505.77
192,2250.03
3073,2405.41
3074,2402.64
3075,2400.97
3076,2260.63
3077,2246.54
3078,2200.84
3079,2133.68
3080,2125.57
3081,2113.4
3082,2113.04
3083,2023.72
3084,2023.8
3085,2023.32
3086,2023.14
3087,2022.92
3088,2023.12
3089,2016.78
3090,2023.79
3091,2118.12
3092,2133.61
3093,2561.13
3094,2742.3
3095,3000.21
3096,3159.72
3097,3500.85
3098,4210.38
3099,4999.65
3100,6989.68
3101,6900.89
3102,8010.65
3103,8011.0
3104,7777.73
3105,7500.76
3106,7500.43
3107,7500.23
3108,7500.05
3109,7500.29
3110,7500.62
3111,7500.93
3112,8010.07
3113,7500.14
3114,7500.89
3115,7999.58
3116,8602.95
3117,8127.37
3118,7500.73
3119,5645.67
3120,5211.0
3121,5020.65
3122,4610.79
3123,4910.46
3124,4510.02
3125,3425.88
3126,3420.63
3127,3200.27
3128,3024.71
3129,2814.6
3130,2761.17
3131,2761.38
3132,2800.24
3133,2761.69
3134,2755.73
3135,2761.03
3136,3020.07
3137,3024.95
3138,3499.78
3139,4000.69
3140,4510.31
3141,4689.19
3142,5646.0
3143,7500.74
3144,8510.99
3145,9999.21
3146,12000.6
3147,14501.36
3148,14426.79
3149,12000.46
3150,9999.55
3151,8510.92
3152,9350.59
3153,5801.04
3154,5110.84
3155,4710.56
3156,4710.51
3157,4710.19
3158,4000.72
3159,3598.03
3160,3593.53
3161,3419.69
3162,3095.76
3163,3002.93
3164,2738.55
3165,2539.29
3166,2251.52
3167,2010.74
3168,2010.08
5761,2504.53
5762,2502.24
5763,2500.22
5764,2260.33
5765,2250.35
5766,2246.5
5767,2246.31
5768,2210.38
5769,2125.54
5770,2118.48
5771,2113.07
5772,2050.29
5773,2023.78
5774,2050.02
5775,2023.89
5776,2023.68
5777,2023.16
5778,2023.97
5779,2110.91
5780,2113.91
5781,2349.28
5782,2561.59
5783,2814.96
5784,3095.88
5785,3425.57
5786,3989.41
5787,5800.08
5788,7500.44
5789,7500.45
5790,7500.64
5791,7500.47
5792,7500.46
5793,7500.67
5794,7500.51
5795,7500.64
5796,7500.43
5797,7500.24
5798,7500.61
5799,8000.01
5800,8000.2
5801,7500.82
5802,7500.92
5803,7500.7
5804,7500.85
5805,7500.51
5806,7500.27
5807,5989.27
5808,5645.75
5809,5000.2
5810,4000.32
5811,4606.39
5812,3900.14
5813,3425.72
5814,3425.43
5815,3420.16
5816,3060.25
5817,2890.16
5818,2738.3
5819,2710.07
5820,2720.31
5821,2738.14
5822,2742.75
5823,2900.07
5824,3024.02
5825,3150.12
5826,3328.28
5827,4000.74
5828,4954.84
5829,6500.43
5830,6500.68
5831,8000.53
5832,8520.79
5833,8000.89
5834,12510.19
5835,15000.54
5836,15000.46
5837,12510.5
5838,10510.69
5839,9999.4
5840,9999.58
5841,6510.25
5842,5510.27
5843,5240.44
5844,5000.85
5845,5296.27
5846,4410.36
5847,3993.46
5848,3609.14
5849,3419.07
5850,3164.41
5851,3024.29
5852,2868.79
5853,2568.82
5854,2561.05
5855,2552.16
5856,2514.78
8737,2200.75
8738,2194.15
8739,2200.06
8740,2133.16
8741,2118.52
8742,2113.49
8743,2113.34
8744,2113.17
8745,2023.5
8746,2023.21
8747,2022.5
8748,2022.02
8749,1999.93
8750,1999.84
8751,1999.9
8752,1999.64
8753,1999.44
8754,2000.48
8755,2022.53
8756,2023.53
8757,2246.01
8758,2514.03
8759,2738.24
8760,3000.81
8761,3420.58
8762,3509.98
8763,4100.27
8764,5000.51
8765,5999.04
8766,7500.36
8767,7500.42
8768,7500.36
8769,7500.31
8770,6989.34
8771,4600.64
8772,4300.2
8773,7399.48
8774,7500.08
8775,7500.15
8776,7500.17
8777,7500.11
8778,7500.35
8779,7500.56
8780,8000.28
8781,8000.43
8782,8000.5
8783,6510.56
8784,6510.31
8785,5200.19
8786,4500.05
8787,4444.32
8788,3691.86
8789,3425.99
8790,3425.44
8791,3420.55
8792,3024.97
8793,3000.06
8794,2738.48
8795,2738.75
8796,2730.22
8797,2867.78
8798,2900.54
8799,3000.97
8800,3024.62
8801,3150.13
8802,3289.28
8803,3500.26
8804,3979.94
8805,5800.58
8806,7500.37
8807,8000.11
8808,8000.49
8809,7500.99
8810,12810.01
8811,15310.1
8812,12000.97
8813,8279.63
8814,9231.14
8815,8000.2
8816,8000.63
8817,5999.68
8818,5000.68
8819,4749.26
8820,4747.72
8821,4744.62
8822,3999.15
8823,3744.2
8824,3509.63
8825,3419.41
8826,3149.97
8827,3024.48
8828,2989.44
8829,2650.26
8830,2600.1
8831,2561.71
8832,2561.38
11617,2260.05
11618,2250.25
11619,2246.1
11620,2133.3
11621,2133.13
11622,2118.85
11623,2113.59
11624,2113.31
11625,2023.91
11626,2023.53
11627,2022.46
11628,1999.97
11629,1999.67
11630,1999.56
11631,1999.53
11632,1999.55
11633,1999.33
11634,1999.84
11635,2023.05
11636,2093.75
11637,2349.86
11638,2561.43
11639,2700.27
11640,2900.27
11641,3328.2
11642,3526.96
11643,4200.3
11644,5610.01
11645,6359.06
11646,7500.16
11647,7500.74
11648,7500.61
11649,7500.27
11650,6989.59
11651,4989.76
11652,4950.13
11653,5000.43
11654,5000.76
11655,5000.54
11656,5645.29
11657,4989.48
11658,5500.18
11659,5500.54
11660,4989.44
11661,3979.06
11662,4989.06
11663,4989.65
11664,4319.71
11665,4500.75
11666,4500.75
11667,3649.08
11668,3500.04
11669,3420.18
11670,3202.2
11671,3024.8
11672,2820.3
11673,2689.1
11674,2620.53
11675,2600.68
11676,2568.21
11677,2650.86
11678,2650.35
11679,2761.54
11680,2920.49
11681,3000.05
11682,3000.9
11683,3498.83
11684,3499.78
11685,3979.46
11686,5999.43
11687,7399.15
11688,7500.12
11689,7500.64
11690,8000.55
11691,10781.63
11692,8000.61
11693,8000.16
11694,8000.24
11695,7989.02
11696,7500.57
11697,5000.75
11698,4500.76
11699,4499.05
11700,4494.05
11701,4493.71
11702,3500.0
11703,3494.9
11704,3451.0
11705,3339.17
11706,3088.26
11707,2989.93
11708,2920.43
11709,2624.8
11710,2568.76
11711,2561.68
11712,2539.51
14593,2406.08
14594,2404.23
14595,2402.18
14596,2400.62
14597,2250.74
14598,2246.4
14599,2246.02
14600,2133.53
14601,2125.81
14602,2118.69
14603,2113.87
14604,2113.16
14605,2023.8
14606,2023.84
14607,2023.99
14608,2023.78
14609,2023.54
14610,2113.57
14611,2133.11
14612,2246.9
14613,2561.58
14614,2710.33
14615,2910.71
14616,3024.54
14617,3425.17
14618,3810.33
14619,4610.06
14620,5645.33
14621,5000.78
14622,5005.16
14623,5008.92
14624,5002.13
14625,5000.99
14626,4509.44
14627,4319.35
14628,3900.22
14629,3500.44
14630,3499.82
14631,3499.8
14632,3900.27
14633,3588.79
14634,3750.55
14635,3979.93
14636,3691.82
14637,3979.67
14638,3800.54
14639,3710.81
14640,3696.0
14641,3979.21
14642,3979.84
14643,3582.5
14644,3499.0
14645,3200.79
14646,3024.24
14647,3000.2
14648,2738.33
14649,2600.36
14650,2568.67
14651,2568.62
14652,2561.88
14653,2561.28
14654,2561.54
14655,2706.92
14656,2750.93
14657,2761.71
14658,2920.52
14659,3024.82
14660,3290.58
14661,3289.13
14662,3499.19
14663,3500.28
14664,3989.02
14665,4151.17
14666,4497.02
14667,4498.09
14668,4499.27
14669,4496.5
14670,4491.14
14671,4494.14
14672,4494.98
14673,3930.82
14674,3749.03
14675,3745.68
14676,3743.89
14677,3730.41
14678,3497.03
14679,3492.5
14680,3419.01
14681,3169.39
14682,3024.43
14683,2989.3
14684,2761.61
14685,2568.55
14686,2561.39
14687,2539.34
14688,2507.49
17473,2251.91
17474,2250.25
17475,2246.53
17476,2246.01
17477,2125.5
17478,2113.86
17479,2113.51
17480,2113.1
17481,2109.06
17482,2023.95
17483,2023.5
17484,2022.66
17485,2022.05
17486,2018.42
17487,2022.07
17488,2018.06
17489,2018.7
17490,2023.75
17491,2113.17
17492,2125.76
17493,2509.3
17494,2568.18
17495,2761.79
17496,3000.91
17497,3339.07
17498,3659.88
17499,4100.51
17500,5000.46
17501,5000.38
17502,7500.16
17503,7500.28
17504,7500.17
17505,7500.06
17506,5645.05
17507,5000.76
17508,4500.82
17509,6250.01
17510,6250.05
17511,6250.31
17512,6770.71
17513,6770.7
17514,7408.72
17515,7500.08
17516,7408.1
17517,6989.58
17518,6170.96
17519,6170.46
17520,5570.13
17521,5570.11
17522,5570.11
17523,4220.5
17524,3600.37
17525,3499.23
17526,3425.42
17527,3412.35
17528,3202.43
17529,3020.94
17530,2999.66
17531,2999.12
17532,3000.01
17533,3000.16
17534,3000.82
17535,3143.34
17536,3231.83
17537,3328.68
17538,3499.71
17539,4400.49
17540,4650.73
17541,5020.14
17542,7020.22
17543,6702.67
17544,6702.45
17545,5629.04
17546,7408.76
17547,8000.87
17548,8000.55
17549,7500.25
17550,6498.09
17551,6497.25
17552,6359.51
17553,4509.87
17554,4500.41
17555,4319.28
17556,4300.13
17557,4319.85
17558,3979.22
17559,3509.02
17560,3496.38
17561,3425.05
17562,3200.76
17563,3088.44
17564,3024.3
17565,2755.26
17566,2654.35
17567,2624.26
17568,2568.33
20449,2401.7
20450,2400.04
20451,2350.72
20452,2300.64
20453,2250.04
20454,2246.25
20455,2129.98
20456,2129.04
20457,2113.77
20458,2113.43
20459,2109.95
20460,2088.16
20461,2023.77
20462,2022.84
20463,2022.89
20464,2022.06
20465,2023.19
20466,2088.93
20467,2113.68
20468,2129.36
20469,2561.3
20470,2738.46
20471,2868.87
20472,3000.22
20473,3328.01
20474,3798.59
20475,4399.98
20476,5610.4
20477,6000.12
20478,7500.15
20479,7500.18
20480,7500.04
20481,7500.02
20482,6110.38
20483,4500.13
20484,4319.63
20485,5000.95
20486,4087.33
20487,5645.85
20488,7408.5
20489,5000.16
20490,6100.02
20491,6145.09
20492,5000.74
20493,4989.24
20494,6810.01
20495,4498.52
20496,4491.03
20497,4319.76
20498,4000.04
20499,3545.7
20500,3425.11
20501,3024.76
20502,2890.6
20503,2738.2
20504,2568.66
20505,2561.17
20506,2555.14
20507,2561.37
20508,2568.46
20509,2561.81
20510,2568.26
20511,2568.72
20512,2736.39
20513,2890.94
20514,3024.79
20515,3499.94
20516,4480.07
20517,4410.5
20518,4610.64
20519,4250.9
20520,5000.8
20521,4600.68
20522,5495.11
20523,5500.6
20524,5498.48
20525,5000.84
20526,4709.6
20527,5200.89
20528,5497.7
20529,3999.99
20530,3998.52
20531,3996.33
20532,3993.84
20533,3991.35
20534,3495.01
20535,3419.12
20536,3169.83
20537,3088.34
20538,3019.49
20539,2989.55
20540,2989.19
20541,2736.06
20542,2585.47
20543,2561.48
20544,2458.74
23425,2501.28
23426,2500.37
23427,2492.24
23428,2300.94
23429,2246.97
23430,2246.18
23431,2200.02
23432,2129.26
23433,2113.98
23434,2113.64
23435,2109.96
23436,2088.95
23437,2023.78
23438,2023.5
23439,2023.37
23440,2023.45
23441,2088.89
23442,2113.76
23443,2129.81
23444,2251.95
23445,2561.8
23446,2755.0
23447,2920.96
23448,3143.02
23449,3412.94
23450,4100.47
23451,4910.87
23452,6600.11
23453,7100.64
23454,7500.57
23455,7500.62
23456,7500.34
23457,7500.42
23458,7500.4
23459,7500.31
23460,7500.19
23461,7500.12
23462,7500.05
23463,7000.44
23464,7000.06
23465,4499.34
23466,4100.87
23467,4100.85
23468,5645.51
23469,5510.2
23470,4989.64
23471,4499.93
23472,3979.52
23473,3600.82
23474,3425.72
23475,3412.27
23476,3139.15
23477,2738.49
23478,2599.54
23479,2561.73
23480,2555.14
23481,2514.2
23482,2269.85
23483,2450.77
23484,2462.4
23485,2555.15
23486,2561.92
23487,2650.69
23488,2738.67
23489,3024.13
23490,3024.25
23491,3499.14
23492,3500.44
23493,4600.72
23494,5999.68
23495,6000.23
23496,6359.42
23497,5110.7
23498,5210.48
23499,4998.15
23500,4998.0
23501,4997.0
23502,4994.69
23503,4996.64
23504,4999.02
23505,4000.03
23506,3756.0
23507,3744.77
23508,3741.41
23509,3700.18
23510,3609.17
23511,3339.85
23512,3169.49
23513,3024.4
23514,2989.91
23515,2989.43
23516,2899.34
23517,2650.04
23518,2561.89
23519,2556.48
23520,2555.28
26305,2552.99
26306,2551.38
26307,2551.32
26308,2539.46
26309,2351.84
26310,2260.72
26311,2246.89
26312,2246.52
26313,2129.87
26314,2129.55
26315,2125.53
26316,2113.98
26317,2113.32
26318,2113.29
26319,2113.34
26320,2113.23
26321,2113.43
26322,2129.74
26323,2246.75
26324,2349.17
26325,2568.96
26326,2761.88
26327,3024.19
26328,3169.5
26329,3509.75
26330,4500.5
26331,5610.36
26332,6359.7
26333,7500.74
26334,7500.82
26335,7676.54
26336,8000.75
26337,8000.57
26338,8000.23
26339,7500.42
26340,7500.49
26341,7500.73
26342,7500.83
26343,7500.7
26344,7500.68
26345,5999.21
26346,5645.09
26347,5000.8
26348,6010.6
26349,5645.3
26350,4948.69
26351,4491.7
26352,4319.42
26353,4150.12
26354,4000.07
26355,3700.05
26356,3499.23
26357,3100.71
26358,3110.23
26359,3024.03
26360,2761.64
26361,2700.24
26362,2653.24
26363,2800.93
26364,2800.22
26365,2850.05
26366,3000.48
26367,3143.39
26368,3220.61
26369,3412.86
26370,3499.55
26371,3979.92
26372,4030.84
26373,5210.17
26374,4399.43
26375,3689.72
26376,4709.99
26377,4709.97
26378,4745.98
26379,5510.21
26380,5510.95
26381,5999.34
26382,7500.75
26383,7500.25
26384,5800.59
26385,4510.07
26386,4150.4
26387,4100.44
26388,4016.0
26389,3700.15
26390,3503.28
26391,3400.63
26392,3393.35
26393,3100.99
26394,3024.35
26395,2989.85
26396,2989.21
26397,2700.7
26398,2648.93
26399,2641.24
26400,2620.32
29281,2100.77
29282,2113.15
29283,2113.5
29284,2113.83
29285,2113.77
29286,2113.69
29287,2113.59
29288,2113.7
29289,2109.94
29290,2100.54
29291,2109.36
29292,2032.54
29293,2023.09
29294,2018.51
29295,2018.57
29296,2018.24
29297,2011.87
29298,2113.06
29299,2113.32
29300,2113.82
29301,2514.29
29302,2539.7
29303,2720.76
29304,2848.27
29305,3024.39
29306,3609.56
29307,4200.29
29308,5645.37
29309,6359.16
29310,7500.29
29311,7500.93
29312,6989.98
29313,4300.95
29314,4151.04
29315,3503.85
29316,3574.65
29317,3489.19
29318,3600.24
29319,3979.71
29320,3989.99
29321,4989.38
29322,4199.81
29323,4199.72
29324,3989.46
29325,3979.36
29326,3800.42
29327,3159.71
29328,3024.5
29329,3024.55
29330,3024.34
29331,3024.74
29332,3024.73
29333,2800.51
29334,2650.76
29335,2568.41
29336,2555.96
29337,2514.56
29338,2514.94
29339,2502.07
29340,2450.36
29341,2514.78
29342,2561.42
29343,2650.24
29344,2910.95
29345,2920.95
29346,3100.23
29347,3300.17
29348,3502.22
29349,3600.79
29350,4199.74
29351,4199.02
29352,5000.8
29353,4989.15
29354,5070.93
29355,6010.44
29356,6010.11
29357,4800.63
29358,4700.75
29359,4500.03
29360,4199.73
29361,4040.95
29362,4050.72
29363,4015.82
29364,3995.44
29365,3659.74
29366,3500.49
29367,3169.89
29368,3169.15
29369,3000.97
29370,2848.48
29371,2807.71
29372,2761.77
29373,2620.3
29374,2561.31
29375,2500.86
29376,2359.3
32161,2408.7
32162,2407.94
32163,2407.19
32164,2406.14
32165,2355.47
32166,2353.9
32167,2352.09
32168,2351.46
32169,2350.23
32170,2300.5
32171,2251.02
32172,2246.84
32173,2246.29
32174,2246.17
32175,2246.08
32176,2246.1
32177,2246.62
32178,2352.11
32179,2355.59
32180,2561.88
32181,2736.25
32182,3000.03
32183,3239.88
32184,3412.04
32185,3899.86
32186,4770.86
32187,6500.01
32188,6810.89
32189,8000.09
32190,7500.98
32191,8000.27
32192,8000.3
32193,8000.1
32194,6989.83
32195,6510.27
32196,5989.28
32197,4230.7
32198,4689.66
32199,4199.49
32200,4279.89
32201,4989.13
32202,4904.24
32203,4500.35
32204,4742.35
32205,4742.56
32206,4199.9
32207,4199.08
32208,3989.89
32209,3979.78
32210,3800.25
32211,3574.13
32212,3425.11
32213,3078.32
32214,3024.21
32215,2920.17
32216,2761.96
32217,2700.09
32218,2660.38
32219,2700.72
32220,2620.27
32221,2738.96
32222,2859.67
32223,3000.59
32224,3100.79
32225,3300.56
32226,3609.03
32227,3989.02
32228,4008.26
32229,4750.24
32230,5200.17
32231,5200.54
32232,6100.42
32233,5000.53
32234,6100.28
32235,7000.95
32236,7250.36
32237,6070.81
32238,6071.0
32239,5801.85
32240,5645.02
32241,4620.12
32242,4400.41
32243,4300.02
32244,4300.8
32245,4015.28
32246,3939.09
32247,3669.54
32248,3503.5
32249,3249.51
32250,3195.63
32251,3066.75
32252,3000.09
32253,2768.51
32254,2738.99
32255,2561.91
32256,2539.46
4129,2561.37
4130,2550.67
4131,2539.91
4132,2514.67
4133,2500.62
4134,2450.44
4135,2408.4
4136,2407.9
4137,2407.1
4138,2406.13
4139,2404.4
4140,2403.43
4141,2402.07
4142,2401.77
4143,2401.71
4144,2401.07
4145,2402.14
4146,2406.59
4147,2561.95
4148,2596.03
4149,2920.7
4150,3150.0
4151,3351.64
4152,3419.81
4153,3939.45
4154,4189.7
4155,4299.18
4156,5999.73
4157,6309.8
4158,7408.48
4159,8000.16
4160,8000.02
4161,5000.66
4162,4500.29
4163,4199.27
4164,4008.18
4165,3500.97
4166,4000.6
4167,4003.59
4168,3680.56
4169,3500.13
4170,3425.91
4171,3650.39
4172,3425.87
4173,3469.5
4174,3489.17
4175,3545.1
4176,3500.07
4177,3434.9
4178,3425.31
4179,3328.44
4180,3049.59
4181,2689.24
4182,2561.26
4183,2539.95
4184,2246.95
4185,2246.19
4186,2139.98
4187,2285.5
4188,2246.87
4189,2555.03
4190,2561.18
4191,2539.5
4192,2561.15
4193,2660.73
4194,2848.99
4195,3024.39
4196,3049.68
4197,3216.82
4198,3475.0
4199,3799.75
4200,4002.82
4201,3989.11
4202,4200.56
4203,4492.97
4204,4629.32
4205,4497.58
4206,4629.41
4207,4496.19
4208,4496.27
4209,3899.94
4210,3749.77
4211,3748.25
4212,3746.42
4213,3700.2
4214,3392.94
4215,3329.53
4216,3279.01
4217,2959.85
4218,2959.76
4219,2959.44
4220,2920.03
4221,2650.61
4222,2624.16
4223,2604.05
4224,2600.55
4225,2557.29
4226,2539.5
4227,2557.28
4228,2550.39
4229,2550.08
4230,2550.06
4231,2539.0
4232,2514.46
4233,2499.72
4234,2499.19
4235,2450.12
4236,2400.96
4237,2300.93
4238,2260.97
4239,2260.34
4240,2260.59
4241,2246.24
4242,2260.65
4243,2390.6
4244,2514.17
4245,2689.12
4246,3024.24
4247,3140.07
4248,3414.04
4249,3939.41
4250,4200.03
4251,6000.6
4252,7777.76
4253,7777.04
4254,8000.04
4255,8000.39
4256,8000.35
4257,8000.41
4258,8000.27
4259,7170.83
4260,7000.19
4261,4904.83
4262,4199.17
4263,4199.73
4264,4300.47
4265,4279.28
4266,4279.26
4267,4904.28
4268,4174.67
4269,4250.4
4270,4400.5
4271,4250.58
4272,4199.58
4273,4199.46
4274,4199.65
4275,3700.95
4276,3414.38
4277,3024.73
4278,2848.4
4279,2738.25
4280,2670.38
4281,2650.19
4282,2568.75
4283,2730.69
4284,2757.4
4285,2848.01
4286,2900.39
4287,3000.02
4288,3024.95
4289,3100.35
4290,3710.95
4291,4199.42
4292,5000.12
4293,4500.74
4294,4500.21
4295,4999.01
4296,4720.02
4297,4904.04
4298,5645.33
4299,8000.24
4300,8000.49
4301,7500.01
4302,7500.02
4303,7000.16
4304,6600.03
4305,4299.69
4306,4090.45
4307,3899.85
4308,3800.68
4309,3600.94
4310,3496.07
4311,3493.12
4312,3495.65
4313,3250.65
4314,3159.22
4315,3024.78
4316,2959.71
4317,2738.89
4318,2700.54
4319,2624.28
4320,2568.48
4321,2561.88
4322,2561.83
4323,2570.8
4324,2568.25
4325,2552.38
4326,2550.81
4327,2539.63
4328,2530.31
4329,2510.37
4330,2500.89
4331,2251.76
4332,2246.92
4333,2246.43
4334,2246.42
4335,2246.33
4336,2246.39
4337,2246.46
4338,2500.67
4339,2510.59
4340,2539.53
4341,2617.08
4342,2858.75
4343,3169.32
4344,3239.99
4345,3939.09
4346,4904.96
4347,6900.33
4348,8000.48
4349,8000.43
4350,8000.55
4351,8000.71
4352,8000.5
4353,8000.4
4354,8000.09
4355,7140.23
4356,5999.08
4357,4229.46
4358,4199.67
4359,4400.15
4360,4999.99
4361,5000.35
4362,4904.91
4363,4499.84
4364,4904.48
4365,4700.79
4366,4500.65
4367,4230.29
4368,4230.07
4369,4189.13
4370,3989.02
4371,3691.31
4372,3576.99
4373,3414.77
4374,3328.51
4375,3145.3
4376,3024.12
4377,2761.31
4378,2761.77
4379,2848.87
4380,2848.07
4381,2920.31
4382,3024.14
4383,3024.47
4384,3145.87
4385,3328.5
4386,3500.69
4387,3979.7
4388,3699.8
4389,3500.5
4390,4150.41
4391,4199.45
4392,4500.89
4393,4650.14
4394,5000.73
4395,5000.61
4396,5004.68
4397,4600.34
4398,5200.18
4399,5480.61
4400,4700.87
4401,4491.49
4402,4189.74
4403,3991.63
4404,3939.2
4405,3600.97
4406,3500.12
4407,3419.25
4408,3493.09
4409,3216.71
4410,3024.56
4411,3024.42
4412,2959.16
4413,2738.61
4414,2652.56
4415,2650.06
4416,2581.65
4417,2656.08
4418,2651.99
4419,2651.75
4420,2650.64
4421,2594.81
4422,2585.35
4423,2568.57
4424,2558.16
4425,2558.32
4426,2557.86
4427,2554.61
4428,2554.17
4429,2450.55
4430,2500.87
4431,2537.05
4432,2500.98
4433,2500.24
4434,2537.52
4435,2558.18
4436,2600.29
4437,2908.63
4438,3169.09
4439,3419.54
4440,3521.92
4441,4042.76
4442,5645.95
4443,8000.04
4444,8000.85
4445,8000.95
4446,8500.7
4447,8500.72
4448,8000.87
4449,8000.67
4450,8000.3
4451,8000.03
4452,5999.68
4453,5000.6
4454,5000.93
4455,5420.12
4456,5800.22
4457,5800.1
4458,5000.81
4459,5520.51
4460,5645.83
4461,5600.4
4462,5400.91
4463,5100.87
4464,5100.1
4465,4500.73
4466,4800.0
4467,3818.34
4468,3521.56
4469,3425.06
4470,3333.53
4471,3314.69
4472,3231.39
4473,3054.43
4474,3054.55
4475,3054.39
4476,3000.71
4477,3054.19
4478,3054.71
4479,3217.27
4480,3425.08
4481,3500.89
4482,4299.34
4483,4950.44
4484,4750.56
4485,4904.21
4486,5501.09
4487,5220.98
4488,5620.18
4489,5800.19
4490,6500.59
4491,8000.03
4492,8000.21
4493,7777.62
4494,6451.93
4495,6520.56
4496,6451.73
4497,5400.31
4498,5000.28
4499,4610.65
4500,4189.59
4501,3939.61
4502,3918.11
4503,3818.76
4504,3818.07
4505,3425.61
4506,3329.94
4507,3239.05
4508,3054.75
4509,2959.6
4510,2789.81
4511,2755.51
4512,2729.84
4513,2620.94
4514,2620.95
4515,2650.33
4516,2650.4
4517,2650.4
4518,2624.69
4519,2624.8
4520,2620.39
4521,2600.99
4522,2594.89
4523,2594.14
4524,2585.25
4525,2537.86
4526,2537.98
4527,2568.49
4528,2568.33
4529,2594.67
4530,2624.4
4531,2650.91
4532,2733.03
4533,3140.82
4534,3419.89
4535,3609.21
4536,3848.8
4537,4900.36
4538,6500.87
4539,8301.0
4540,8500.67
4541,9999.06
4542,9999.54
4543,9999.06
4544,8500.2
4545,8300.81
4546,8300.46
4547,7764.36
4548,6800.75
4549,5000.78
4550,5500.61
4551,5645.36
4552,5999.94
4553,5645.57
4554,5500.41
4555,5000.28
4556,5645.67
4557,5901.29
4558,5901.67
4559,5645.66
4560,4299.01
4561,4150.4
4562,4199.54
4563,3900.81
4564,3660.23
4565,3440.37
4566,3425.72
4567,3425.27
4568,3239.31
4569,3100.56
4570,3098.27
4571,3150.59
4572,3054.76
4573,3054.87
4574,3216.74
4575,3425.05
4576,3425.8
4577,3750.78
4578,3900.27
4579,4989.07
4580,5700.99
4581,5700.61
4582,5999.4
4583,5645.65
4584,6309.75
4585,6079.32
4586,6079.93
4587,8000.07
4588,8000.19
4589,7764.15
4590,6079.97
4591,7000.4
4592,5994.27
4593,4189.15
4594,4090.94
4595,3997.08
4596,3994.48
4597,3500.58
4598,3497.36
4599,3492.03
4600,3494.54
4601,3329.02
4602,3216.5
4603,3088.83
4604,2959.72
4605,2750.25
4606,2700.83
4607,2650.73
4608,2624.29
4609,2624.15
4610,2605.93
4611,2602.65
4612,2594.13
4613,2578.71
4614,2568.09
4615,2537.61
4616,2499.35
4617,2450.13
4618,2300.4
4619,2288.66
4620,2288.56
4621,2288.84
4622,2300.43
4623,2446.05
4624,2450.12
4625,2450.17
4626,2578.04
4627,2578.92
4628,2620.89
4629,2848.55
4630,3190.67
4631,3425.09
4632,3440.9
4633,3989.34
4634,6309.48
4635,8007.14
4636,8300.84
4637,8300.73
4638,10000.68
4639,10000.95
4640,10502.75
4641,10000.46
4642,8300.79
4643,8300.09
4644,7500.57
4645,5645.04
4646,5000.86
4647,5500.3
4648,5500.24
4649,4500.48
4650,4450.88
4651,4299.66
4652,4200.23
4653,4500.13
4654,4904.29
4655,3989.59
4656,4199.84
4657,4150.6
4658,3989.59
4659,3707.39
4660,3521.17
4661,3314.23
4662,3146.57
4663,3098.11
4664,3054.4
4665,2900.92
4666,3054.01
4667,3054.24
4668,3054.07
4669,2950.24
4670,3054.52
4671,3200.25
4672,3250.36
4673,3239.89
4674,3239.23
4675,3425.43
4676,4500.79
4677,4279.12
4678,4700.37
4679,4800.74
4680,5000.38
4681,4900.5
4682,5000.0
4683,5009.11
4684,5480.76
4685,4995.14
4686,4600.11
4687,4750.64
4688,4300.68
4689,3996.1
4690,3996.58
4691,3991.94
4692,3900.66
4693,3239.65
4694,3239.74
4695,3169.2
4696,3100.84
4697,2959.68
4698,2959.55
4699,2959.11
4700,2737.36
4701,2650.94
4702,2624.75
4703,2609.76
4704,2594.26
4705,2747.7
4706,2737.28
4707,2733.41
4708,2685.83
4709,2659.23
4710,2624.27
4711,2607.96
4712,2605.18
4713,2602.76
4714,2600.07
4715,2594.33
4716,2540.72
4717,2537.43
4718,2537.36
4719,2537.42
4720,2537.44
4721,2537.65
4722,2601.65
4723,2650.76
4724,2733.26
4725,3000.29
4726,3329.39
4727,3440.32
4728,3500.66
4729,4200.73
4730,5645.18
4731,8000.04
4732,8300.88
4733,8520.27
4734,9999.68
4735,12000.98
4736,9999.97
4737,9999.99
4738,9745.88
4739,8300.88
4740,8300.02
4741,6500.16
4742,6200.45
4743,6500.64
4744,6500.69
4745,6020.99
4746,6020.75
4747,5645.08
4748,5750.16
4749,5645.22
4750,4904.2
4751,4999.94
4752,4450.74
4753,4500.71
4754,5009.14
4755,4070.24
4756,3818.84
4757,3426.0
4758,3400.0
4759,3425.1
4760,3300.6
4761,3239.35
4762,3239.86
4763,3239.39
4764,3191.0
4765,3250.16
4766,3350.16
4767,3490.33
4768,3600.27
4769,3609.39
4770,3872.77
4771,5000.11
4772,5780.49
4773,5009.5
4774,6250.47
4775,6020.32
4776,6309.84
4777,6250.3
4778,5999.31
4779,6500.03
4780,6500.36
4781,6000.57
4782,5600.78
4783,5645.44
4784,5260.98
4785,4310.4
4786,4189.94
4787,4199.18
4788,4151.01
4789,3939.06
4790,3818.67
4791,3609.34
4792,3500.72
4793,3494.65
4794,3490.87
4795,3300.36
4796,3150.58
4797,3020.55
4798,2950.51
4799,2950.01
4800,2757.0
4801,2655.39
4802,2653.33
4803,2655.57
4804,2652.76
4805,2568.5
4806,2555.91
4807,2553.2
4808,2552.74
4809,2551.8
4810,2537.82
4811,2537.45
4812,2530.86
4813,2400.02
4814,2450.1
4815,2450.01
4816,2450.31
4817,2450.09
4818,2551.34
4819,2558.04
4820,2710.08
4821,3088.51
4822,3419.41
4823,3425.52
4824,3939.84
4825,4200.0
4826,5009.13
4827,6715.91
4828,8300.01
4829,7295.64
4830,8300.39
4831,8300.57
4832,8300.41
4833,8300.0
4834,7499.67
4835,7604.2
4836,6890.7
4837,5645.11
4838,5645.06
4839,6666.35
4840,6666.04
4841,5645.65
4842,5645.78
4843,4904.02
4844,5989.92
4845,4904.9
4846,4199.27
4847,4000.08
4848,3879.97
4849,3879.62
4850,3500.36
4851,3440.09
4852,3349.25
4853,3054.61
4854,3054.14
4855,2747.09
4856,2700.3
4857,2659.29
4858,2595.0
4859,2685.24
4860,2729.08
4861,2848.38
4862,3010.25
4863,3054.39
4864,3054.72
4865,3010.99
4866,3054.72
4867,3054.61
4868,3680.09
4869,3800.13
4870,3989.9
4871,4199.35
4872,4199.41
4873,4199.64
4874,4391.69
4875,4199.87
4876,4391.53
4877,4199.64
4878,4199.18
4879,4199.09
4880,4199.02
4881,4090.38
4882,4174.46
4883,4060.92
4884,3939.7
4885,3800.25
4886,3634.47
4887,3600.16
4888,3329.07
4889,3010.87
4890,2959.58
4891,2747.81
4892,2700.69
4893,2699.28
4894,2659.23
4895,2624.11
4896,2600.8
4897,2537.22
4898,2500.31
4899,2512.27
4900,2450.42
4901,2450.44
4902,2320.52
4903,2288.37
4904,2235.89
4905,2235.01
4906,2079.62
4907,2075.44
4908,2058.87
4909,2075.42
4910,2058.95
4911,2075.41
4912,2079.35
4913,2079.97
4914,2288.72
4915,2450.49
4916,2537.96
4917,2737.94
4918,3065.67
4919,3239.4
4920,3329.92
4921,3939.47
4922,5999.78
4923,6309.22
4924,8000.72
4925,8550.45
4926,11389.69
4927,11603.65
4928,10870.69
4929,8500.38
4930,8000.76
4931,8000.51
4932,7500.6
4933,5000.92
4934,5645.6
4935,5645.82
4936,5645.36
4937,5989.56
4938,5645.81
4939,5999.39
4940,5645.95
4941,5401.0
4942,5000.65
4943,4600.94
4944,4900.06
4945,4600.08
4946,4199.53
4947,3818.12
4948,3521.06
4949,3425.16
4950,3356.04
4951,3136.5
4952,3054.54
4953,3000.17
4954,3000.61
4955,3054.71
4956,3119.09
4957,3231.29
4958,3411.62
4959,3425.28
4960,3425.07
4961,3425.5
4962,3600.22
4963,3879.27
4964,5000.18
4965,3425.79
4966,4299.93
4967,5000.04
4968,4700.2
4969,5000.02
4970,5500.81
4971,5645.21
4972,5009.9
4973,4950.75
4974,4904.45
4975,4700.53
4976,4610.64
4977,4264.33
4978,4283.81
4979,4236.67
4980,4189.58
4981,3879.25
4982,3498.28
4983,3425.9
4984,3329.89
4985,3088.52
4986,3054.24
4987,2959.36
4988,2835.52
4989,2624.06
4990,2609.69
4991,2585.28
4992,2568.64
4993,2620.65
4994,2606.73
4995,2620.21
4996,2594.31
4997,2507.29
4998,2505.45
4999,2501.24
5000,2500.42
5001,2450.29
5002,2300.66
5003,2288.34
5004,2288.11
5005,2250.19
5006,2235.74
5007,2235.87
5008,2251.07
5009,2288.4
5010,2450.67
5011,2537.91
5012,2594.78
5013,2800.95
5014,3160.89
5015,3419.94
5016,3900.92
5017,5120.73
5018,6770.53
5019,7506.96
5020,8279.72
5021,8500.83
5022,11111.82
5023,11111.85
5024,9999.99
5025,11814.55
5026,9999.21
5027,10040.7
5028,8500.43
5029,6850.88
5030,6700.68
5031,7500.56
5032,7500.63
5033,7001.21
5034,7001.19
5035,6120.95
5036,6250.98
5037,6350.27
5038,6350.02
5039,5645.09
5040,5009.41
5041,4400.73
5042,5009.15
5043,4570.06
5044,3818.74
5045,3425.87
5046,3425.31
5047,3190.74
5048,3054.87
5049,3054.78
5050,3000.51
5051,3054.64
5052,3054.54
5053,3202.78
5054,3409.19
5055,3425.57
5056,3425.64
5057,3818.53
5058,4199.18
5059,4444.46
5060,5009.54
5061,3663.74
5062,4444.22
5063,5709.29
5064,6003.48
5065,6820.42
5066,6820.81
5067,7500.27
5068,6805.49
5069,6333.43
5070,5999.78
5071,5645.3
5072,5600.04
5073,4495.67
5074,4497.43
5075,4495.6
5076,4419.3
5077,4200.64
5078,3600.95
5079,3494.49
5080,3390.69
5081,3160.35
5082,3088.5
5083,3088.83
5084,3038.43
5085,2789.7
5086,2752.66
5087,2747.24
5088,2729.96
5089,2722.01
5090,2624.75
5091,2722.28
5092,2718.99
5093,2653.87
5094,2652.51
5095,2650.32
5096,2620.67
5097,2609.18
5098,2600.64
5099,2594.32
5100,2585.91
5101,2568.89
5102,2585.14
5103,2585.67
5104,2594.48
5105,2609.67
5106,2718.36
5107,2700.38
5108,2729.9
5109,3088.16
5110,3425.03
5111,3939.39
5112,4250.59
5113,7500.59
5114,8520.7
5115,9539.64
5116,11000.5
5117,12222.73
5118,14485.24
5119,14286.34
5120,14012.68
5121,14000.75
5122,12222.41
5123,11266.39
5124,9535.0
5125,8279.44
5126,8000.93
5127,8000.34
5128,7777.89
5129,7500.54
5130,7500.41
5131,7520.39
5132,7520.13
5133,7000.15
5134,7000.84
5135,6020.51
5136,6020.5
5137,6020.47
5138,6020.7
5139,5520.55
5140,5520.27
5141,4020.26
5142,4020.16
5143,3879.49
5144,3440.19
5145,3425.35
5146,3425.36
5147,3425.58
5148,3425.19
5149,3800.53
5150,3879.81
5151,4020.01
5152,4020.01
5153,4250.05
5154,4400.65
5155,5139.37
5156,5780.44
5157,5300.95
5158,5709.99
5159,6520.82
5160,8000.19
5161,8279.85
5162,8500.05
5163,8500.13
5164,8500.86
5165,9130.5
5166,7777.99
5167,6520.78
5168,6601.19
5169,5520.49
5170,5600.69
5171,5026.62
5172,4672.31
5173,4199.31
5174,4199.27
5175,4199.41
5176,3818.47
5177,3750.08
5178,3498.05
5179,3425.27
5180,3239.19
5181,3054.63
5182,3000.87
5183,2959.33
5184,2789.47
5185,2850.54
5186,2850.24
5187,2835.87
5188,2761.23
5189,2733.71
5190,2733.01
5191,2707.29
5192,2706.08
5193,2702.17
5194,2702.19
5195,2700.14
5196,2624.09
5197,2594.75
5198,2594.74
5199,2594.95
5200,2609.22
5201,2620.34
5202,2703.69
5203,2733.67
5204,2941.94
5205,3425.75
5206,3639.98
5207,4019.8
5208,4419.22
5209,8000.52
5210,8520.73
5211,11632.79
5212,14432.06
5213,16705.8
5214,17342.09
5215,16865.24
5216,16070.88
5217,16040.98
5218,14204.68
5219,12900.61
5220,8000.95
5221,8000.31
5222,8000.67
5223,8000.38
5224,7500.89
5225,7500.45
5226,7500.48
5227,7352.77
5228,7500.47
5229,7352.08
5230,7352.29
5231,6259.08
5232,6520.03
5233,6309.97
5234,6131.4
5235,5645.74
5236,5500.02
5237,3879.99
5238,3818.34
5239,3660.8
5240,3660.67
5241,3558.1
5242,3521.73
5243,3600.6
5244,3639.31
5245,3800.83
5246,4199.45
5247,4289.27
5248,4500.23
5249,5020.18
5250,5020.66
5251,6020.34
5252,6600.52
5253,6600.98
5254,7352.5
5255,7500.71
5256,10014.13
5257,8520.9
5258,9950.28
5259,10515.23
5260,10529.96
5261,11111.83
5262,9826.75
5263,8571.03
5264,8653.01
5265,6992.42
5266,6500.54
5267,5850.4
5268,5500.65
5269,5260.39
5270,5000.1
5271,4500.26
5272,4120.67
5273,3939.69
5274,3495.4
5275,3419.92
5276,3239.32
5277,3088.55
5278,3024.89
5279,3000.33
5280,2876.5
5281,3200.17
5282,3190.63
5283,3190.85
5284,3169.92
5285,3140.02
5286,3088.23
5287,3054.47
5288,3049.6
5289,2848.61
5290,2800.52
5291,2789.46
5292,2757.85
5293,2751.82
5294,2750.21
5295,2750.17
5296,2747.77
5297,2751.44
5298,2789.03
5299,2940.05
5300,3054.79
5301,3329.63
5302,3440.74
5303,3566.22
5304,3828.25
5305,7352.43
5306,9800.99
5307,14687.16
5308,17777.51
5309,19218.09
5310,19948.84
5311,19501.94
5312,18969.85
5313,18900.72
5314,16346.11
5315,13455.64
5316,8000.89
5317,8520.45
5318,8520.57
5319,8520.67
5320,8020.56
5321,8000.32
5322,8000.1
5323,8000.92
5324,8020.07
5325,8020.31
5326,8000.76
5327,7020.85
5328,7020.67
5329,7020.33
5330,6520.54
5331,6020.47
5332,5849.5
5333,4120.3
5334,4120.22
5335,3980.14
5336,3900.64
5337,3879.86
5338,3980.0
5339,3980.12
5340,3879.9
5341,3980.47
5342,4520.06
5343,4520.1
5344,4800.56
5345,5520.08
5346,5520.59
5347,6520.87
5348,7352.61
5349,7500.75
5350,9365.39
5351,9558.19
5352,12545.88
5353,11096.55
5354,12507.91
5355,13052.89
5356,13061.32
5357,13631.9
5358,12362.21
5359,11109.7
5360,11174.26
5361,8000.86
5362,7520.86
5363,7352.71
5364,6020.87
5365,5645.2
5366,5260.78
5367,4904.85
5368,4189.1
5369,4199.93
5370,3939.41
5371,3770.86
5372,3440.22
5373,3329.93
5374,3240.73
5375,3190.1
5376,3099.67
5377,3054.21
5378,3054.27
5379,3054.46
5380,3054.21
5381,2904.83
5382,2848.33
5383,2737.95
5384,2733.48
5385,2733.56
5386,2733.18
5387,2700.49
5388,2650.04
5389,2600.84
5390,2594.82
5391,2594.85
5392,2594.83
5393,2602.55
5394,2659.82
5395,2737.39
5396,2959.29
5397,3102.2
5398,3239.26
5399,3419.34
5400,3500.27
5401,6309.07
5402,8520.59
5403,15600.16
5404,19993.45
5405,19998.09
5406,20000.0
5407,19998.42
5408,19997.94
5409,19998.26
5410,15600.02
5411,8000.19
5412,6000.66
5413,5645.21
5414,5645.26
5415,5645.69
5416,5900.74
5417,5600.13
5418,5600.06
5419,5900.12
5420,5009.47
5421,4350.63
5422,4199.76
5423,4012.81
5424,4199.47
5425,4480.46
5426,4400.79
5427,5000.34
5428,4999.1
5429,3900.66
5430,3750.7
5431,4000.22
5432,3639.71
5433,3710.44
5434,3775.2
5435,3999.3
5436,3700.48
5437,4100.08
5438,4199.21
5439,4199.16
5440,4300.0
5441,4800.33
5442,5000.77
5443,5000.81
5444,5645.78
5445,5009.38
5446,5645.21
5447,7352.99
5448,5645.34
5449,7352.28
5450,5645.74
5451,8520.51
5452,9999.83
5453,7500.23
5454,7500.24
5455,7352.28
5456,8000.34
5457,5460.97
5458,6309.49
5459,5000.65
5460,4700.53
5461,4700.79
5462,4610.24
5463,4400.72
5464,4199.48
5465,4100.53
5466,3828.74
5467,3425.94
5468,3329.85
5469,3171.84
5470,3099.93
5471,3079.75
5472,3054.59
5473,2624.05
5474,2620.37
5475,2620.98
5476,2594.42
5477,2594.43
5478,2585.56
5479,2568.53
5480,2537.82
5481,2537.46
5482,2537.28
5483,2450.78
5484,2450.27
5485,2325.38
5486,2316.42
5487,2350.19
5488,2300.55
5489,2537.32
5490,2594.35
5491,2624.35
5492,2733.65
5493,3088.17
5494,3314.48
5495,3440.65
5496,3633.01
5497,4199.44
5498,4299.08
5499,4419.11
5500,5645.77
5501,8000.34
5502,8000.99
5503,8000.61
5504,7899.98
5505,6309.27
5506,5000.92
5507,4199.94
5508,4299.05
5509,3750.05
5510,4150.16
5511,3680.74
5512,3521.7
5513,3440.24
5514,3521.2
5515,3521.62
5516,3500.58
5517,3521.27
5518,3549.16
5519,3500.99
5520,3660.07
5521,3521.11
5522,3521.93
5523,3440.35
5524,3199.59
5525,3000.84
5526,2747.96
5527,2733.74
5528,2700.7
5529,2659.15
5530,2620.51
5531,2620.33
5532,2624.34
5533,2733.13
5534,2800.42
5535,3054.13
5536,3088.27
5537,3054.66
5538,3055.0
5539,3239.02
5540,3400.95
5541,3425.48
5542,4000.72
5543,4199.62
5544,4400.96
5545,4204.59
5546,4299.44
5547,4402.64
5548,4580.01
5549,4402.58
5550,4700.72
5551,4800.24
5552,4904.8
5553,4700.81
5554,4350.16
5555,4469.12
5556,4189.36
5557,3633.62
5558,3633.26
5559,3419.12
5560,3171.85
5561,3099.84
5562,3099.61
5563,3088.08
5564,2900.7
5565,2795.12
5566,2733.47
5567,2659.47
5568,2620.73
5569,2537.89
5570,2537.7
5571,2537.71
5572,2537.49
5573,2537.6
5574,2450.9
5575,2450.36
5576,2400.41
5577,2250.74
5578,2237.87
5579,2081.55
5580,2077.41
5581,2058.37
5582,2058.41
5583,2058.28
5584,2058.29
5585,2081.13
5586,2288.76
5587,2500.3
5588,2568.88
5589,2957.2
5590,3149.38
5591,3409.29
5592,3500.21
5593,3900.06
5594,5150.22
5595,5709.44
5596,10989.17
5597,20000.0
5598,20000.0
5599,18046.86
5600,17003.7
5601,11111.57
5602,8000.21
5603,5999.97
5604,5645.48
5605,4500.76
5606,4500.75
5607,4900.72
5608,4904.96
5609,4500.19
5610,4500.34
5611,4900.46
5612,4900.38
5613,4000.01
5614,5000.58
5615,4650.06
5616,4650.12
5617,4904.14
5618,5520.28
5619,4252.71
5620,3711.73
5621,3250.95
5622,3194.09
5623,3194.55
5624,3088.81
5625,3150.48
5626,3300.72
5627,3425.06
5628,3425.51
5629,3444.19
5630,3521.57
5631,3639.84
5632,3750.17
5633,3660.61
5634,4299.45
5635,4999.13
5636,5600.04
5637,5600.49
5638,5709.33
5639,7500.29
5640,6497.56
5641,7349.7
5642,7349.12
5643,8550.04
5644,9999.14
5645,8000.57
5646,7349.49
5647,5999.62
5648,7349.87
5649,5709.63
5650,6145.45
5651,5709.44
5652,5645.3
5653,5133.45
5654,4904.94
5655,3939.45
5656,3661.0
5657,3633.16
5658,3444.98
5659,3444.32
5660,3425.33
5661,3175.46
5662,3099.95
5663,3088.39
5664,3079.1
193,2733.37
194,2729.92
195,2729.89
196,2725.66
197,2710.38
198,2624.17
199,2623.4
200,2594.34
201,2537.45
202,2537.07
203,2450.49
204,2440.87
205,2440.15
206,2440.24
207,2440.08
208,2420.94
209,2500.89
210,2585.81
211,2607.36
212,2733.16
213,3010.15
214,3300.11
215,3660.58
216,3893.36
217,4449.17
218,5409.3
219,6145.87
220,7500.24
221,7500.53
222,7999.69
223,7500.47
224,6799.68
225,5645.46
226,4900.28
227,3769.09
228,3521.48
229,3444.95
230,3500.39
231,4400.45
232,4000.1
233,4000.1
234,3958.27
235,3660.66
236,3639.41
237,3521.84
238,3660.13
239,3660.42
240,3660.11
241,3521.76
242,3549.2
243,3444.85
244,3315.52
245,3194.03
246,3100.92
247,3054.93
248,3054.39
249,3000.96
250,3010.17
251,2750.76
252,3010.21
253,3194.14
254,3315.3
255,3315.89
256,3315.98
257,3409.6
258,3409.53
259,3400.48
260,3315.62
261,3549.74
262,3962.74
263,3549.21
264,5409.04
265,5250.52
266,5700.85
267,5645.6
268,5645.15
269,5645.31
270,5645.13
271,5500.39
272,5999.5
273,5600.22
274,5999.92
275,5645.68
276,5200.91
277,4189.74
278,3939.88
279,3769.18
280,3510.59
281,3444.23
282,3318.99
283,3315.26
284,3160.45
285,3054.22
286,2956.31
287,2945.26
288,2752.31
961,3900.97
962,3650.08
963,3720.92
964,3720.08
965,3540.96
966,3500.13
967,3495.92
968,3500.3
969,3350.04
970,3294.13
971,3216.86
972,3199.45
973,3171.28
974,3171.65
975,3171.19
976,3171.18
977,3190.63
978,3250.15
979,3250.69
980,3495.99
981,3760.44
982,3950.4
983,4100.4
984,4047.95
985,4145.6
986,4500.09
987,4750.56
988,5249.14
989,5754.25
990,5800.19
991,5800.27
992,4999.14
993,4300.33
994,4209.71
995,4151.2
996,4145.91
997,4025.82
998,3998.36
999,3975.55
1000,3998.07
1001,3959.3
1002,3790.89
1003,3959.47
1004,3975.2
1005,3720.09
1006,3643.16
1007,3500.92
1008,3579.99
1009,3579.4
1010,3579.38
1011,3570.5
1012,3495.24
1013,3319.28
1014,3199.84
1015,3294.58
1016,3319.29
1017,3340.79
1018,3495.79
1019,3579.62
1020,3579.27
1021,3720.07
1022,3579.39
1023,3720.06
1024,3739.36
1025,3739.37
1026,3774.77
1027,3750.98
1028,3790.94
1029,4025.29
1030,4145.56
1031,4151.65
1032,5429.56
1033,5350.4
1034,6999.95
1035,8500.3
1036,8862.35
1037,7509.73
1038,6500.17
1039,5014.86
1040,4710.99
1041,4012.92
1042,4005.73
1043,3950.57
1044,3800.26
1045,3650.74
1046,3959.23
1047,4089.28
1048,4089.49
1049,4340.0
1050,4379.61
1051,4181.03
1052,4205.52
1053,3650.89
1054,3720.01
1055,3650.44
1056,3550.29
3937,3999.28
3938,3910.4
3939,3910.25
3940,3910.07
3941,3650.66
3942,3540.22
3943,3495.42
3944,3495.88
3945,3495.65
3946,3495.07
3947,3360.68
3948,3360.67
3949,3360.19
3950,3360.29
3951,3360.04
3952,3360.12
3953,3495.02
3954,3360.56
3955,3500.55
3956,3650.67
3957,3790.24
3958,4000.93
3959,4145.41
3960,4145.97
3961,4145.87
3962,4179.44
3963,4306.32
3964,4998.33
3965,4998.21
3966,5500.19
3967,5800.46
3968,5800.85
3969,5239.36
3970,4750.65
3971,4162.38
3972,4145.95
3973,4010.19
3974,3977.11
3975,3840.42
3976,3790.8
3977,3774.8
3978,3774.67
3979,3774.64
3980,3790.21
3981,3720.82
3982,3730.33
3983,3730.81
3984,3720.44
3985,3619.4
3986,3650.97
3987,3495.95
3988,3500.22
3989,3329.61
3990,3319.12
3991,3319.44
3992,3329.45
3993,3495.01
3994,3579.49
3995,3720.32
3996,3701.35
3997,3720.1
3998,3500.23
3999,3701.9
4000,3720.06
4001,3500.46
4002,3720.98
4003,3774.39
4004,3774.78
4005,4145.52
4006,4599.56
4007,5200.64
4008,6500.73
4009,6500.84
4010,8000.12
4011,10500.47
4012,10500.43
4013,7509.69
4014,7365.76
4015,6000.09
4016,4450.3
4017,4179.77
4018,4000.42
4019,3910.1
4020,3910.42
4021,3840.95
4022,4159.34
4023,4159.41
4024,4159.51
4025,4267.67
4026,4179.74
4027,4169.33
4028,4089.53
4029,3730.14
4030,3720.82
4031,3730.13
4032,3619.61
6625,4001.32
6626,3840.73
6627,3840.93
6628,3840.89
6629,3774.33
6630,3730.69
6631,3730.35
6632,3720.31
6633,3650.99
6634,3650.93
6635,3650.77
6636,3650.8
6637,3650.6
6638,3650.59
6639,3650.52
6640,3650.46
6641,3650.79
6642,3650.62
6643,3650.89
6644,3730.07
6645,4145.06
6646,4145.58
6647,4169.57
6648,4310.12
6649,4671.06
6650,4800.86
6651,5249.66
6652,5656.21
6653,5800.18
6654,6500.03
6655,7000.03
6656,7000.03
6657,6500.06
6658,5998.94
6659,5200.31
6660,5200.09
6661,4777.31
6662,4750.55
6663,4750.42
6664,4777.02
6665,4760.3
6666,4339.08
6667,4162.13
6668,4151.06
6669,4145.38
6670,4047.5
6671,4089.89
6672,4047.41
6673,3899.82
6674,3899.63
6675,3739.98
6676,3774.09
6677,3579.45
6678,3495.24
6679,3619.8
6680,3720.4
6681,3774.19
6682,3959.38
6683,4025.32
6684,4025.13
6685,3975.46
6686,3777.76
6687,4100.24
6688,4145.38
6689,4162.95
6690,4744.59
6691,4744.9
6692,4744.15
6693,5200.3
6694,5500.64
6695,6500.67
6696,7519.19
6697,7500.9
6698,9000.33
6699,11500.7
6700,11500.43
6701,8000.46
6702,6529.18
6703,5249.15
6704,4899.39
6705,4750.98
6706,4103.7
6707,4169.32
6708,4169.9
6709,4099.32
6710,4101.39
6711,4099.62
6712,3959.2
6713,3900.56
6714,3910.12
6715,4089.4
6716,4159.41
6717,4000.4
6718,4010.24
6719,3975.03
6720,3840.35
9601,4073.73
9602,3864.09
9603,3910.2
9604,3730.98
9605,3655.04
9606,3650.09
9607,3621.85
9608,3633.75
9609,3600.49
9610,3570.52
9611,3570.1
9612,3530.91
9613,3569.39
9614,3530.47
9615,3495.75
9616,3530.3
9617,3570.41
9618,3650.49
9619,3720.75
9620,3774.42
9621,4145.18
9622,4162.33
9623,4240.83
9624,4310.74
9625,4310.86
9626,4750.16
9627,5249.92
9628,5800.99
9629,5800.75
9630,6619.46
9631,6498.9
9632,6141.52
9633,6628.19
9634,5800.51
9635,5650.02
9636,5249.12
9637,4710.55
9638,4162.66
9639,4151.93
9640,4162.22
9641,4151.32
9642,4151.65
9643,4145.37
9644,4097.06
9645,4047.0
9646,3800.78
9647,3900.77
9648,3774.87
9649,3730.1
9650,3774.57
9651,3730.3
9652,3720.94
9653,3570.7
9654,3495.75
9655,3570.44
9656,3620.56
9657,3720.85
9658,3774.71
9659,3941.72
9660,4000.41
9661,4025.64
9662,4010.85
9663,4145.3
9664,4162.83
9665,4942.86
9666,4953.51
9667,4949.96
9668,5574.9
9669,5800.88
9670,7000.02
9671,7999.52
9672,8500.7
9673,8500.44
9674,10000.36
9675,12000.0
9676,12000.0
9677,10000.14
9678,7500.25
9679,5999.35
9680,5100.67
9681,5000.21
9682,4900.08
9683,4550.97
9684,4999.62
9685,4545.39
9686,4501.12
9687,4339.67
9688,4169.85
9689,5000.21
9690,5000.33
9691,5000.12
9692,4998.76
9693,4025.07
9694,4025.34
9695,3996.77
9696,3774.86
12481,4095.27
12482,4025.52
12483,4047.25
12484,4025.68
12485,4025.38
12486,4025.09
12487,4010.35
12488,3975.38
12489,3919.82
12490,3774.94
12491,3774.68
12492,3774.62
12493,3720.89
12494,3720.7
12495,3720.34
12496,3720.36
12497,3720.86
12498,3774.13
12499,3910.33
12500,4010.01
12501,4169.22
12502,4800.12
12503,4899.51
12504,5000.85
12505,5063.47
12506,5146.55
12507,5800.25
12508,6498.95
12509,5800.83
12510,7088.01
12511,7339.69
12512,5800.75
12513,5800.52
12514,5800.58
12515,5800.4
12516,5249.99
12517,5352.2
12518,5249.6
12519,4998.69
12520,5000.94
12521,4162.87
12522,4162.78
12523,4162.7
12524,4162.21
12525,4145.33
12526,4047.63
12527,4151.44
12528,4162.12
12529,4047.19
12530,4025.46
12531,3774.49
12532,3774.72
12533,3750.66
12534,3720.04
12535,3774.14
12536,3774.82
12537,4026.0
12538,4045.76
12539,4042.63
12540,4044.51
12541,4145.61
12542,4145.38
12543,4151.2
12544,4162.32
12545,4200.42
12546,5800.51
12547,5800.42
12548,5999.64
12549,5800.78
12550,7517.84
12551,9500.17
12552,12000.0
12553,12000.0
12554,12000.0
12555,12000.0
12556,12000.0
12557,12000.0
12558,8500.3
12559,7000.08
12560,5350.69
12561,5249.17
12562,5216.49
12563,5090.54
12564,5350.06
12565,5249.41
12566,4800.9
12567,4800.09
12568,4550.15
12569,4550.1
12570,4550.18
12571,4550.33
12572,4010.72
12573,4047.35
12574,4102.68
12575,4141.68
12576,4025.96
15457,4000.99
15458,3910.85
15459,3975.5
15460,3910.91
15461,3910.95
15462,3800.15
15463,3790.42
15464,3774.83
15465,3774.52
15466,3774.08
15467,3720.91
15468,3730.06
15469,3650.98
15470,3650.17
15471,3570.91
15472,3570.9
15473,3790.9
15474,3790.34
15475,3875.8
15476,3890.98
15477,4238.96
15478,4350.13
15479,4288.85
15480,4350.81
15481,4162.53
15482,4407.59
15483,4800.05
15484,4899.25
15485,4750.75
15486,5000.67
15487,5500.89
15488,5000.49
15489,4610.25
15490,4500.96
15491,4820.35
15492,4407.39
15493,4162.45
15494,4151.62
15495,4145.72
15496,4162.07
15497,4145.13
15498,4145.08
15499,4100.74
15500,4025.62
15501,3800.94
15502,3790.74
15503,3975.38
15504,3930.24
15505,3790.39
15506,3774.73
15507,3690.93
15508,3720.54
15509,3620.59
15510,3495.15
15511,3495.75
15512,3570.53
15513,3620.68
15514,3774.78
15515,3800.12
15516,3800.73
15517,4025.92
15518,4000.99
15519,4047.94
15520,4162.04
15521,4145.76
15522,4189.25
15523,4699.38
15524,4407.09
15525,4600.6
15526,5800.78
15527,5800.68
15528,7365.07
15529,7365.26
15530,7365.57
15531,7519.13
15532,8862.11
15533,7365.92
15534,6129.52
15535,5000.77
15536,4209.03
15537,4010.04
15538,3919.06
15539,4164.36
15540,4500.39
15541,4540.33
15542,4540.48
15543,4501.87
15544,4136.25
15545,4102.27
15546,4088.74
15547,4407.07
15548,4219.32
15549,3881.44
15550,3975.88
15551,3919.8
15552,3910.62
18337,4600.59
18338,4230.83
18339,4155.92
18340,4155.21
18341,4070.33
18342,4070.1
18343,4030.09
18344,4025.86
18345,4025.41
18346,4025.25
18347,3860.75
18348,3820.95
18349,3790.7
18350,3790.58
18351,3790.51
18352,3790.33
18353,3790.92
18354,4025.37
18355,4099.7
18356,4407.67
18357,4850.03
18358,4469.01
18359,4998.32
18360,4919.7
18361,4300.79
18362,4339.66
18363,4600.88
18364,5000.59
18365,5249.94
18366,5500.77
18367,5999.73
18368,5800.3
18369,5249.93
18370,5498.07
18371,4924.33
18372,4899.34
18373,4919.98
18374,5147.58
18375,4600.16
18376,4919.19
18377,5000.17
18378,5000.25
18379,4899.58
18380,4839.51
18381,4700.61
18382,4700.64
18383,4700.77
18384,4832.36
18385,4700.12
18386,4699.8
18387,4407.44
18388,4200.12
18389,4161.17
18390,4161.58
18391,4160.95
18392,4162.34
18393,4287.48
18394,4533.13
18395,4770.1
18396,4770.99
18397,4836.5
18398,4699.84
18399,5000.72
18400,5000.46
18401,4407.43
18402,4500.53
18403,4550.88
18404,5260.1
18405,4530.86
18406,5800.74
18407,7365.72
18408,12000.0
18409,12000.0
18410,12000.0
18411,12000.0
18412,12000.0
18413,12000.0
18414,7365.71
18415,5800.59
18416,4899.26
18417,4530.06
18418,4417.96
18419,4899.08
18420,4880.25
18421,4900.07
18422,4510.96
18423,4899.83
18424,4530.38
18425,4919.85
18426,5000.03
18427,5000.13
18428,4998.65
18429,4699.08
18430,4230.68
18431,4230.42
18432,4230.95
21313,4500.41
21314,4025.2
21315,4025.94
21316,4047.47
21317,4025.19
21318,4010.76
21319,4000.81
21320,3790.79
21321,3774.88
21322,3774.46
21323,3730.11
21324,3720.42
21325,3570.34
21326,3570.45
21327,3530.1
21328,3495.53
21329,3495.08
21330,3570.7
21331,3774.41
21332,3790.45
21333,4155.11
21334,4161.62
21335,4400.03
21336,4300.83
21337,4162.95
21338,4300.91
21339,4300.28
21340,4699.03
21341,4750.47
21342,4690.13
21343,4501.03
21344,4162.23
21345,4162.87
21346,4600.99
21347,4460.0
21348,4419.04
21349,4162.98
21350,4419.37
21351,4500.03
21352,4600.28
21353,4480.09
21354,4407.77
21355,4419.34
21356,4468.63
21357,4419.55
21358,4407.67
21359,4407.56
21360,4419.79
21361,4162.48
21362,4155.25
21363,4047.78
21364,4025.93
21365,4000.44
21366,3910.95
21367,3790.81
21368,3910.41
21369,3858.36
21370,4025.44
21371,4025.5
21372,4155.48
21373,4161.15
21374,4155.82
21375,4162.46
21376,4407.03
21377,4162.58
21378,4350.34
21379,4162.53
21380,4250.4
21381,4643.15
21382,4800.26
21383,4850.84
21384,6500.81
21385,7519.33
21386,12000.0
21387,12000.0
21388,12000.0
21389,8862.09
21390,7365.11
21391,5800.28
21392,4775.04
21393,4450.28
21394,4530.35
21395,4899.52
21396,4899.27
21397,4652.47
21398,5000.36
21399,4899.86
21400,4607.75
21401,4954.27
21402,4899.1
21403,4899.39
21404,4748.63
21405,4593.1
21406,4155.52
21407,4025.89
21408,4000.44
24289,4092.95
24290,3910.87
24291,3984.55
24292,4010.16
24293,3910.98
24294,3910.88
24295,3984.73
24296,3910.32
24297,3900.13
24298,3814.85
24299,3774.81
24300,3774.86
24301,3774.34
24302,3753.66
24303,3730.16
24304,3720.3
24305,3621.55
24306,3650.99
24307,3774.24
24308,3790.79
24309,4010.2
24310,4155.79
24311,4200.55
24312,4300.19
24313,4500.33
24314,4750.94
24315,4750.02
24316,5179.6
24317,5010.27
24318,4169.09
24319,4162.21
24320,4155.71
24321,4155.21
24322,4155.66
24323,4103.18
24324,4092.76
24325,4155.04
24326,4161.55
24327,4161.93
24328,4543.82
24329,4162.74
24330,4162.9
24331,4777.61
24332,4777.81
24333,4773.18
24334,4771.06
24335,4771.65
24336,4771.12
24337,4155.79
24338,4155.02
24339,3950.47
24340,3910.84
24341,3790.84
24342,3976.77
24343,3800.45
24344,3790.73
24345,4025.1
24346,4155.34
24347,4155.93
24348,4162.21
24349,4162.72
24350,4162.32
24351,4510.13
24352,4907.2
24353,4639.13
24354,4850.6
24355,4850.56
24356,4850.37
24357,5340.42
24358,5401.75
24359,5800.42
24360,7500.7
24361,8500.4
24362,12000.0
24363,9568.59
24364,9691.44
24365,8862.0
24366,6500.76
24367,5444.66
24368,4953.64
24369,5100.1
24370,5090.46
24371,5159.51
24372,5150.63
24373,5100.41
24374,5100.18
24375,4850.32
24376,4600.92
24377,5100.79
24378,5100.84
24379,5179.88
24380,5100.56
24381,4600.14
24382,4103.68
24383,4100.19
24384,4092.35
27169,4092.44
27170,3820.67
27171,3820.86
27172,3820.68
27173,3780.7
27174,3780.68
27175,3780.59
27176,3780.13
27177,3774.76
27178,3774.19
27179,3750.63
27180,3720.84
27181,3720.68
27182,3720.16
27183,3621.56
27184,3495.94
27185,3412.42
27186,3621.01
27187,3721.0
27188,3774.31
27189,3950.87
27190,4025.27
27191,4092.25
27192,4092.66
27193,4155.3
27194,4162.2
27195,4162.02
27196,4162.27
27197,4210.93
27198,4162.02
27199,4200.89
27200,4850.54
27201,5125.04
27202,5125.81
27203,4850.7
27204,4750.87
27205,5000.03
27206,5092.01
27207,5092.61
27208,5093.89
27209,5000.05
27210,5000.46
27211,5000.59
27212,5000.5
27213,4900.52
27214,4810.93
27215,5000.08
27216,4900.77
27217,4444.83
27218,4699.78
27219,4155.94
27220,4155.98
27221,4155.66
27222,4092.88
27223,4092.48
27224,4155.97
27225,4162.66
27226,4169.51
27227,4450.93
27228,4545.0
27229,4999.25
27230,5000.27
27231,5000.4
27232,5001.0
27233,5350.72
27234,5238.41
27235,5260.35
27236,5159.0
27237,5181.46
27238,5367.39
27239,5800.24
27240,6500.4
27241,6500.7
27242,7980.68
27243,11000.35
27244,8862.46
27245,7110.52
27246,6010.98
27247,5249.24
27248,4678.73
27249,4974.96
27250,4951.64
27251,5060.6
27252,5060.02
27253,4480.74
27254,4500.06
27255,4512.3
27256,4600.14
27257,4810.42
27258,4480.67
27259,4260.91
27260,4253.07
27261,4200.79
27262,4160.39
27263,4160.13
27264,4092.98
30145,4000.77
30146,3774.99
30147,3790.45
30148,3790.67
30149,3774.08
30150,3730.47
30151,3720.82
30152,3621.28
30153,3495.57
30154,3412.11
30155,3299.93
30156,3240.91
30157,3240.24
30158,3171.78
30159,3171.68
30160,3171.03
30161,3171.25
30162,3200.6
30163,3299.92
30164,3340.77
30165,3774.02
30166,3750.83
30167,3774.17
30168,3790.25
30169,3904.86
30170,4092.63
30171,4162.39
30172,4429.55
30173,4789.52
30174,4249.07
30175,4092.12
30176,4092.27
30177,4155.23
30178,4155.91
30179,4155.28
30180,4161.1
30181,4155.86
30182,4161.89
30183,4162.16
30184,4162.22
30185,4155.86
30186,4155.65
30187,4155.65
30188,4155.63
30189,4155.7
30190,4161.7
30191,4161.83
30192,4161.49
30193,4155.04
30194,4092.67
30195,4092.4
30196,4025.56
30197,4000.55
30198,3900.9
30199,3790.85
30200,3901.38
30201,4092.1
30202,4100.9
30203,4155.74
30204,4155.84
30205,4092.84
30206,4092.07
30207,4162.02
30208,4162.76
30209,4155.03
30210,4210.59
30211,4900.51
30212,5159.28
30213,5260.47
30214,5739.31
30215,5739.64
30216,7500.01
30217,7500.34
30218,7519.75
30219,12000.0
30220,6500.16
30221,5739.03
30222,4789.58
30223,4789.52
30224,4789.08
30225,4403.62
30226,4402.22
30227,4100.46
30228,4000.02
30229,4092.61
30230,4092.26
30231,4092.86
30232,4250.06
30233,4639.03
30234,4600.05
30235,4500.65
30236,4404.64
30237,4092.73
30238,4010.95
30239,3984.2
30240,3910.38
33025,4371.03
33026,4092.28
33027,3999.5
33028,3915.42
33029,3900.77
33030,3900.04
33031,3800.47
33032,3774.58
33033,3720.9
33034,3512.53
33035,3412.91
33036,3412.53
33037,3299.89
33038,3240.28
33039,3218.93
33040,3240.21
33041,3240.39
33042,3330.0
33043,3495.05
33044,3720.09
33045,3999.28
33046,4092.91
33047,4161.03
33048,4162.87
33049,4162.62
33050,4155.43
33051,4162.26
33052,4501.74
33053,5400.88
33054,4999.15
33055,4350.79
33056,4240.22
33057,4300.6
33058,4201.0
33059,4162.25
33060,4162.72
33061,4300.03
33062,4162.9
33063,4162.04
33064,4155.08
33065,4092.05
33066,4092.2
33067,4092.96
33068,4092.38
33069,4092.31
33070,4092.04
33071,4092.56
33072,4155.05
33073,4092.77
33074,4025.15
33075,3992.37
33076,3992.17
33077,3809.23
33078,3774.88
33079,3790.94
33080,3904.75
33081,3999.66
33082,4092.17
33083,4025.55
33084,4025.71
33085,4025.36
33086,4000.61
33087,4092.03
33088,4025.96
33089,4092.25
33090,4161.08
33091,4162.46
33092,4162.26
33093,4952.73
33094,5350.36
33095,5739.34
33096,8250.44
33097,7519.84
33098,7500.62
33099,7509.1
33100,7500.24
33101,6800.09
33102,5800.49
33103,5500.4
33104,5268.84
33105,5150.4
33106,5000.71
33107,5200.21
33108,4750.6
33109,4512.34
33110,4500.42
33111,4501.55
33112,4403.14
33113,4700.79
33114,5000.12
33115,4952.47
33116,4974.62
33117,4092.75
33118,3999.44
33119,3999.23
33120,3913.28
30337,3412.58
30338,3240.99
30339,3171.92
30340,3171.98
30341,3240.54
30342,3171.96
30343,3171.68
30344,3171.11
30345,3045.96
30346,3000.86
30347,2999.65
30348,2970.9
30349,2980.44
30350,2962.64
30351,2962.57
30352,2962.92
30353,3000.55
30354,3100.56
30355,3171.71
30356,3250.37
30357,3603.17
30358,3774.44
30359,3822.56
30360,3999.83
30361,4025.57
30362,3999.3
30363,4092.0
30364,4093.0
30365,4092.58
30366,4048.25
30367,3860.1
30368,4077.76
30369,4155.89
30370,4162.32
30371,4155.42
30372,4155.33
30373,4161.03
30374,4155.85
30375,4162.09
30376,4162.33
30377,4092.73
30378,4092.49
30379,4092.88
30380,4092.31
30381,4025.16
30382,3998.78
30383,3984.46
30384,3889.71
30385,3720.6
30386,3621.11
30387,3500.21
30388,3412.87
30389,3330.5
30390,3330.72
30391,3330.52
30392,3412.52
30393,3499.11
30394,3600.52
30395,3621.72
30396,3609.44
30397,3774.06
30398,3720.84
30399,3774.84
30400,3790.07
30401,3774.42
30402,3881.1
30403,3999.28
30404,3999.97
30405,4155.58
30406,4400.36
30407,4500.99
30408,4500.76
30409,5179.77
30410,5000.45
30411,5251.65
30412,5499.07
30413,5079.9
30414,5000.82
30415,4545.96
30416,4530.62
30417,4429.49
30418,4429.34
30419,4403.78
30420,4290.63
30421,4200.11
30422,4092.76
30423,4300.09
30424,4092.89
30425,4092.3
30426,4092.54
30427,4092.55
30428,4092.1
30429,3495.97
30430,3330.15
30431,3330.32
30432,3250.72
30433,3621.76
30434,3412.17
30435,3350.64
30436,3300.68
30437,3240.71
30438,3171.58
30439,3171.34
30440,3045.58
30441,3045.52
30442,3045.14
30443,3040.94
30444,3001.29
30445,3001.1
30446,2962.93
30447,2962.97
30448,2962.56
30449,3000.91
30450,3171.33
30451,3171.99
30452,3299.39
30453,3790.56
30454,4025.7
30455,4092.34
30456,4155.5
30457,4155.47
30458,4155.95
30459,4162.98
30460,4300.77
30461,4950.81
30462,4429.95
30463,4589.25
30464,4500.26
30465,4953.21
30466,4750.42
30467,4162.52
30468,4260.39
30469,4300.73
30470,4800.69
30471,4939.53
30472,4800.9
30473,4403.21
30474,4500.88
30475,4850.31
30476,4939.41
30477,4500.18
30478,4350.39
30479,4251.0
30480,4260.22
30481,4162.63
30482,4161.59
30483,4155.37
30484,4092.93
30485,4000.67
30486,3858.52
30487,4025.06
30488,4025.35
30489,4092.22
30490,4092.66
30491,4155.23
30492,4155.9
30493,4155.5
30494,4155.76
30495,4162.54
30496,4162.43
30497,4939.35
30498,5000.1
30499,4939.76
30500,5200.29
30501,5750.95
30502,6250.1
30503,6500.05
30504,8500.69
30505,8701.51
30506,7000.56
30507,8862.3
30508,8500.53
30509,7519.52
30510,6800.17
30511,5800.09
30512,5179.98
30513,5090.93
30514,5350.77
30515,5179.37
30516,5000.09
30517,4953.92
30518,4890.2
30519,4999.43
30520,4800.24
30521,5000.12
30522,5000.18
30523,5000.19
30524,4999.82
30525,4260.36
30526,3902.66
30527,3790.67
30528,3774.46
30529,3171.28
30530,3171.21
30531,3171.54
30532,3171.34
30533,3046.0
30534,3045.64
30535,3045.48
30536,3045.05
30537,3045.27
30538,2999.92
30539,2999.82
30540,2999.76
30541,2999.73
30542,2999.69
30543,2999.78
30544,2999.87
30545,3045.0
30546,3045.71
30547,3171.38
30548,3340.69
30549,3621.95
30550,3790.05
30551,3790.76
30552,3904.3
30553,4092.12
30554,4092.7
30555,4250.02
30556,4740.06
30557,5300.01
30558,5225.81
30559,4500.81
30560,4830.66
30561,4850.79
30562,4830.52
30563,4501.69
30564,4300.37
30565,4240.41
30566,4740.83
30567,5000.68
30568,4953.61
30569,4850.38
30570,4850.12
30571,4850.05
30572,4939.05
30573,4300.78
30574,4250.79
30575,4162.91
30576,4350.48
30577,4155.42
30578,4092.46
30579,4025.44
30580,3790.09
30581,3720.92
30582,3720.33
30583,3774.18
30584,3774.59
30585,3790.47
30586,3902.39
30587,3984.87
30588,4025.77
30589,4025.01
30590,4025.76
30591,4155.25
30592,4155.04
30593,3881.89
30594,4025.7
30595,4092.78
30596,4155.38
30597,4830.39
30598,5345.67
30599,5800.1
30600,5800.45
30601,7519.06
30602,8500.06
30603,9000.13
30604,9000.07
30605,7519.32
30606,5849.93
30607,5364.86
30608,4999.86
30609,4500.76
30610,4589.71
30611,4429.55
30612,4402.28
30613,4500.45
30614,4092.74
30615,4092.61
30616,3960.74
30617,4092.99
30618,4429.32
30619,4320.87
30620,4092.63
30621,3904.02
30622,3800.27
30623,3790.86
30624,3774.01
30625,3621.8
30626,3403.31
30627,3403.11
30628,3330.04
30629,3299.16
30630,3050.83
30631,3050.5
30632,3050.44
30633,3045.96
30634,3045.12
30635,3000.73
30636,2937.75
30637,2937.63
30638,2937.44
30639,2937.88
30640,2956.0
30641,3045.48
30642,3050.32
30643,3330.78
30644,3440.56
30645,3777.43
30646,3902.83
30647,4014.81
30648,4523.0
30649,4500.39
30650,4750.42
30651,4999.73
30652,5708.5
30653,5800.05
30654,5650.97
30655,4850.77
30656,4939.54
30657,4998.89
30658,5264.63
30659,4939.87
30660,4750.44
30661,4998.63
30662,5000.05
30663,5000.24
30664,5179.35
30665,4999.15
30666,4939.97
30667,4939.13
30668,4953.54
30669,4899.26
30670,4699.51
30671,4899.22
30672,4450.96
30673,4132.12
30674,4092.64
30675,4014.72
30676,4014.01
30677,3904.79
30678,3777.74
30679,3992.64
30680,4014.65
30681,4092.52
30682,4100.09
30683,4132.74
30684,4499.59
30685,4350.25
30686,4700.71
30687,4939.42
30688,5000.06
30689,4899.57
30690,4999.3
30691,4950.82
30692,5000.49
30693,5849.38
30694,6400.12
30695,6472.62
30696,6800.61
30697,8500.21
30698,9000.38
30699,9000.44
30700,9000.47
30701,8500.25
30702,6500.24
30703,4999.63
30704,4982.67
30705,4939.99
30706,4750.43
30707,4951.07
30708,4899.54
30709,4900.55
30710,4501.58
30711,4589.66
30712,4429.78
30713,4899.42
30714,4899.14
30715,4700.64
30716,4530.21
30717,4300.4
30718,3860.14
30719,3541.65
30720,3412.51
30721,3621.94
30722,3541.66
30723,3541.03
30724,3403.8
30725,3330.85
30726,3330.34
30727,3299.98
30728,3215.16
30729,3050.57
30730,3045.92
30731,3045.5
30732,3045.39
30733,2999.65
30734,2999.45
30735,3000.55
30736,3040.7
30737,3045.2
30738,3050.2
30739,3387.78
30740,3541.51
30741,4092.4
30742,4092.28
30743,4210.69
30744,4999.12
30745,4400.83
30746,4699.7
30747,5500.5
30748,5800.61
30749,6300.08
30750,6230.24
30751,5800.66
30752,5800.58
30753,5800.13
30754,5730.81
30755,4999.24
30756,4999.81
30757,4999.79
30758,5343.03
30759,5500.0
30760,5800.18
30761,5000.29
30762,5000.18
30763,5000.1
30764,5000.08
30765,4499.47
30766,4417.32
30767,4350.39
30768,4400.37
30769,4100.25
30770,4092.69
30771,4014.77
30772,4014.24
30773,3990.58
30774,3990.16
30775,4014.23
30776,4014.91
30777,4092.9
30778,4132.34
30779,4132.56
30780,4300.79
30781,4402.81
30782,4850.55
30783,4850.21
30784,4951.31
30785,4939.29
30786,5179.29
30787,4830.95
30788,5550.12
30789,5700.74
30790,5850.0
30791,7500.27
30792,8000.42
30793,9000.42
30794,9000.78
30795,9000.73
30796,9000.88
30797,9000.35
30798,7500.29
30799,5800.02
30800,5285.42
30801,5100.35
30802,4953.46
30803,4999.38
30804,4939.43
30805,4939.12
30806,4530.66
30807,4610.27
30808,4404.5
30809,4939.28
30810,5000.24
30811,5000.37
30812,4999.66
30813,4510.41
30814,4092.42
30815,3774.18
30816,3541.39
30817,4200.01
30818,3666.67
30819,3541.48
30820,3403.44
30821,3330.02
30822,3299.09
30823,3299.67
30824,3250.41
30825,3159.73
30826,3050.84
30827,3050.67
30828,3040.84
30829,3000.56
30830,2983.78
30831,3000.66
30832,3000.43
30833,3001.01
30834,3050.7
30835,3395.14
30836,3550.27
30837,4068.71
30838,4014.8
30839,4088.63
30840,4400.97
30841,4404.82
30842,4999.52
30843,5580.28
30844,5849.13
30845,6000.5
30846,5999.42
30847,5700.9
30848,5500.74
30849,5663.98
30850,5565.65
30851,5460.7
30852,4999.47
30853,4998.81
30854,5500.67
30855,5638.38
30856,5730.99
30857,5000.28
30858,4999.57
30859,4939.68
30860,4939.38
30861,4780.09
30862,4699.03
30863,4699.41
30864,4698.41
30865,4161.42
30866,4300.14
30867,4132.71
30868,4132.27
30869,3990.64
30870,3990.67
30871,4000.58
30872,4088.62
30873,4132.21
30874,4132.42
30875,4401.0
30876,4899.97
30877,4699.54
30878,4800.99
30879,4899.17
30880,4699.7
30881,4939.11
30882,5354.76
30883,5285.4
30884,5738.59
30885,5522.92
30886,5800.47
30887,6404.37
30888,9500.17
30889,9500.16
30890,9500.3
30891,9500.09
30892,9500.12
30893,8500.29
30894,6472.35
30895,5043.23
30896,4999.29
30897,5600.21
30898,5100.72
30899,5100.45
30900,5100.91
30901,4950.2
30902,4900.73
30903,4954.52
30904,4939.73
30905,5000.7
30906,5000.65
30907,5000.72
30908,5000.77
30909,4999.73
30910,4410.37
30911,3881.02
30912,3541.49
30913,3774.6
30914,3774.02
30915,3615.72
30916,3500.51
30917,3403.58
30918,3403.2
30919,3403.38
30920,3330.97
30921,3310.52
30922,3217.62
30923,3050.88
30924,3050.48
30925,3045.52
30926,3045.28
30927,3001.34
30928,3022.61
30929,3050.16
30930,3200.66
30931,3330.99
30932,3541.84
30933,3990.56
30934,4088.45
30935,4400.49
30936,4899.32
30937,4954.44
30938,5669.57
30939,5800.4
30940,6220.89
30941,7000.09
30942,6800.52
30943,5800.85
30944,5850.01
30945,5800.68
30946,5800.83
30947,5800.16
30948,5500.21
30949,4899.27
30950,4999.63
30951,5633.96
30952,5800.05
30953,4939.77
30954,4999.35
30955,4999.56
30956,4900.81
30957,4699.69
30958,4499.76
30959,4780.86
30960,4699.32
30961,4132.32
30962,4132.75
30963,4014.94
30964,4092.13
30965,4014.56
30966,4014.07
30967,4014.21
30968,4014.49
30969,4068.19
30970,4014.79
30971,4403.84
30972,4401.58
30973,4403.02
30974,4403.79
30975,4850.45
30976,4850.09
30977,5150.34
30978,5800.13
30979,5800.18
30980,5999.19
30981,5800.58
30982,6900.06
30983,5810.5
30984,8862.56
30985,9500.09
30986,8862.61
30987,8862.96
30988,8862.41
30989,6000.88
30990,5499.31
30991,4951.82
30992,5100.47
30993,5000.16
30994,4999.48
30995,5100.34
30996,5090.1
30997,4999.23
30998,4952.88
30999,4939.67
31000,4766.01
31001,5000.29
31002,5000.47
31003,5000.28
31004,4999.84
31005,4939.06
31006,4400.83
31007,3858.54
31008,3667.91
31009,3403.97
31010,3403.47
31011,3363.53
31012,3330.33
31013,3330.2
31014,3250.85
31015,3250.24
31016,3050.73
31017,3050.42
31018,3045.76
31019,3045.49
31020,3045.12
31021,2937.95
31022,2937.88
31023,2937.79
31024,2937.92
31025,3015.95
31026,3050.22
31027,3310.86
31028,3412.2
31029,3774.36
31030,3990.11
31031,4092.23
31032,4050.02
31033,4030.3
31034,4280.92
31035,4403.64
31036,4998.87
31037,4998.39
31038,5100.83
31039,4959.39
31040,5499.85
31041,5336.98
31042,4998.1
31043,4780.38
31044,4499.62
31045,4500.62
31046,4750.25
31047,4939.22
31048,4939.6
31049,4132.89
31050,4132.49
31051,4235.59
31052,4182.82
31053,4092.2
31054,4014.86
31055,4014.44
31056,4000.92
31057,3740.66
31058,3621.93
31059,3616.35
31060,3456.97
31061,3446.46
31062,3436.5
31063,3500.55
31064,3569.01
31065,3600.22
31066,3582.86
31067,3618.83
31068,3709.28
31069,3736.15
31070,3774.73
31071,3777.98
31072,4000.75
31073,4014.53
31074,4092.13
31075,4092.13
31076,4300.95
31077,4092.13
31078,4499.72
31079,4998.43
31080,5800.05
31081,4998.88
31082,4789.46
31083,4789.84
31084,4789.09
31085,4900.18
31086,4499.23
31087,4400.65
31088,4499.09
31089,4695.73
31090,4500.0
31091,4499.73
31092,4404.77
31093,4499.17
31094,4499.56
31095,4404.92
31096,4401.39
31097,4415.91
31098,4410.84
31099,3889.66
31100,3790.63
31101,3412.74
31102,3350.77
31103,3330.66
31104,3220.24
31105,3330.66
31106,3050.99
31107,3050.14
31108,3045.47
31109,3001.78
31110,2937.87
31111,2948.55
31112,2937.7
31113,2937.33
31114,2898.42
31115,2898.06
31116,2877.92
31117,2862.8
31118,2867.15
31119,2867.99
31120,2937.12
31121,3000.34
31122,3100.61
31123,3403.22
31124,3500.69
31125,3777.83
31126,3990.04
31127,4014.51
31128,4092.75
31129,4200.26
31130,4754.8
31131,4999.05
31132,5959.26
31133,6498.06
31134,6399.9
31135,5900.09
31136,5900.43
31137,5901.7
31138,5900.63
31139,5800.55
31140,5800.34
31141,5800.85
31142,6000.23
31143,6150.6
31144,6150.44
31145,5000.52
31146,5000.65
31147,5000.81
31148,5000.57
31149,5000.73
31150,5000.74
31151,5000.34
31152,5000.02
31153,4499.13
31154,4400.95
31155,4138.86
31156,4138.18
31157,4100.91
31158,4092.98
31159,4092.29
31160,4095.04
31161,4092.9
31162,4101.12
31163,4138.25
31164,4202.12
31165,4752.12
31166,5000.09
31167,5000.23
31168,5000.28
31169,5250.32
31170,5998.09
31171,5500.77
31172,6000.31
31173,7000.02
31174,8000.19
31175,7400.92
31176,9500.55
31177,9500.02
31178,8862.48
31179,8862.4
31180,7519.6
31181,5999.41
31182,4950.29
31183,4800.9
31184,4800.79
31185,4899.35
31186,4959.19
31187,4750.69
31188,4699.65
31189,4499.61
31190,4499.66
31191,4501.57
31192,4499.82
31193,4092.68
31194,4499.15
31195,4499.33
31196,4150.96
31197,3809.25
31198,3774.06
31199,3621.98
31200,3500.66
31201,3403.02
31202,3281.35
31203,3200.65
31204,3045.2
31205,3040.25
31206,3001.68
31207,3001.47
31208,2948.17
31209,2937.75
31210,2937.18
31211,2937.32
31212,2898.86
31213,2867.43
31214,2852.95
31215,2852.6
31216,2852.12
31217,2852.7
31218,2915.5
31219,3040.17
31220,3200.87
31221,3650.29
31222,3774.06
31223,3990.59
31224,4014.81
31225,4092.59
31226,4650.13
31227,5286.35
31228,5999.86
31229,6636.31
31230,7400.86
31231,6374.59
31232,6404.43
31233,6210.89
31234,6210.83
31235,6000.16
31236,5800.82
31237,5800.95
31238,6210.03
31239,6404.02
31240,6404.22
31241,6000.08
31242,5800.67
31243,5800.26
31244,5800.55
31245,5500.77
31246,5250.77
31247,5195.03
31248,5250.49
31249,4753.92
31250,4753.5
31251,4499.5
31252,4400.36
31253,4138.52
31254,4092.96
31255,4200.26
31256,4095.72
31257,4092.95
31258,4400.95
31259,4498.48
31260,5100.01
31261,5336.4
31262,5415.6
31263,5250.7
31264,5250.45
31265,4820.96
31266,4820.84
31267,5600.73
31268,5700.64
31269,5700.08
31270,7509.62
31271,7750.92
31272,9500.2
31273,8903.19
31274,8404.48
31275,8862.37
31276,8404.65
31277,6500.47
31278,6000.38
31279,6000.19
31280,6000.03
31281,5500.83
31282,5000.49
31283,4850.03
31284,5020.87
31285,4501.2
31286,4400.54
31287,4269.33
31288,4201.88
31289,4092.88
31290,4499.21
31291,4269.47
31292,4092.7
31293,3774.78
31294,3541.93
31295,3412.66
31296,3330.86
31297,3200.69
31298,3045.67
31299,3045.25
31300,2948.8
31301,2867.49
31302,2852.69
31303,2852.25
31304,2807.77
31305,2807.76
31306,2807.41
31307,2807.12
31308,2807.06
31309,2721.96
31310,2721.61
31311,2800.47
31312,2807.01
31313,2807.77
31314,2898.07
31315,2937.68
31316,3045.68
31317,3403.94
31318,3500.97
31319,3673.28
31320,3990.51
31321,4092.13
31322,4400.81
31323,5998.36
31324,6969.14
31325,7000.37
31326,7200.16
31327,6963.1
31328,6472.48
31329,6918.91
31330,7000.08
31331,5499.91
31332,6000.09
31333,5959.39
31334,6000.52
31335,5998.56
31336,5065.3
31337,4499.76
31338,4400.72
31339,4499.59
31340,4499.14
31341,4900.71
31342,4499.64
31343,4900.03
31344,4499.37
31345,4138.09
31346,4092.85
31347,4092.13
31348,4014.19
31349,3777.52
31350,3774.0
31351,3774.3
31352,3840.86
31353,3990.28
31354,4014.39
31355,4092.28
31356,4092.5
31357,4092.81
31358,4092.89
31359,4400.04
31360,5000.27
31361,5550.51
31362,5700.64
31363,6000.27
31364,5959.85
31365,6542.57
31366,8500.56
31367,8862.64
31368,11114.31
31369,9500.25
31370,8862.46
31371,7778.23
31372,7000.83
31373,5090.92
31374,4931.32
31375,4957.82
31376,5000.49
31377,4850.63
31378,4789.31
31379,4700.1
31380,4500.99
31381,4500.22
31382,4499.07
31383,4499.36
31384,4469.05
31385,4200.56
31386,4260.95
31387,4092.67
31388,4092.44
31389,3403.65
31390,3340.58
31391,3199.05
31392,3050.65
31393,3333.2
31394,3250.07
31395,3069.3
31396,3045.89
31397,3045.2
31398,3000.76
31399,3001.7
31400,2937.84
31401,2937.28
31402,2900.8
31403,2900.18
31404,2898.55
31405,2852.32
31406,2807.84
31407,2807.85
31408,2807.97
31409,2852.93
31410,2898.87
31411,2937.82
31412,3045.29
31413,3403.68
31414,3541.27
31415,3673.8
31416,4014.19
31417,4092.75
31418,4499.03
31419,5000.98
31420,6000.05
31421,6404.93
31422,7000.59
31423,6000.41
31424,6129.15
31425,6404.37
31426,5998.24
31427,5499.14
31428,5180.0
31429,6000.46
31430,5998.44
31431,6250.27
31432,5738.11
31433,5469.01
31434,4750.85
31435,4600.89
31436,4609.49
31437,4600.26
31438,4557.05
31439,4750.02
31440,4499.97
31441,4092.57
31442,4092.27
31443,4015.0
31444,4014.1
31445,3780.78
31446,3780.57
31447,3900.08
31448,3990.12
31449,3982.92
31450,4000.44
31451,4014.91
31452,4138.32
31453,4400.01
31454,4469.61
31455,4909.61
31456,4750.72
31457,4499.67
31458,4830.22
31459,4830.25
31460,5899.46
31461,5959.06
31462,9000.73
31463,10717.29
31464,12000.0
31465,11000.71
31466,10000.49
31467,10000.38
31468,10000.14
31469,6060.06
31470,7000.19
31471,6060.94
31472,5946.86
31473,5460.82
31474,5288.79
31475,4959.71
31476,4850.06
31477,4900.23
31478,4700.08
31479,4699.23
31480,4499.25
31481,4499.59
31482,4959.21
31483,4977.21
31484,4750.81
31485,4203.62
31486,3774.83
31487,3541.96
31488,3412.7
31489,3438.49
31490,3330.69
31491,3299.02
31492,3050.22
31493,3045.53
31494,3045.03
31495,2970.95
31496,2937.18
31497,2852.85
31498,2852.13
31499,2807.39
31500,2807.06
31501,2750.87
31502,2721.91
31503,2790.93
31504,2800.74
31505,2807.91
31506,2889.09
31507,3022.46
31508,3100.85
31509,3412.7
31510,3630.19
31511,4014.26
31512,4138.29
31513,4500.07
31514,4754.99
31515,5500.77
31516,5850.16
31517,7000.27
31518,7190.21
31519,7000.51
31520,7000.39
31521,6472.62
31522,5998.14
31523,5738.7
31524,5750.46
31525,5998.96
31526,6000.29
31527,6000.69
31528,6000.4
31529,6000.08
31530,5700.15
31531,5499.0
31532,5334.87
31533,4999.65
31534,4999.48
31535,4702.34
31536,4999.49
31537,4499.61
31538,4241.25
31539,4210.97
31540,4138.86
31541,4092.9
31542,4014.92
31543,4109.39
31544,4109.15
31545,4109.3
31546,4109.98
31547,4210.76
31548,4529.61
31549,4780.8
31550,5150.11
31551,5260.73
31552,5500.49
31553,5000.24
31554,5499.25
31555,5500.04
31556,5500.69
31557,5500.09
31558,6999.21
31559,7778.52
31560,12000.0
31561,12000.0
31562,8862.84
31563,8862.46
31564,7778.05
31565,7000.5
31566,6500.77
31567,5750.83
31568,4754.92
31569,5000.39
31570,5300.52
31571,5410.82
31572,5100.54
31573,4750.37
31574,4750.85
31575,4913.28
31576,4499.92
31577,4699.3
31578,5320.62
31579,5288.71
31580,4909.49
31581,4370.7
31582,3999.15
31583,3621.01
31584,3500.78
31585,3650.24
31586,3330.29
31587,3330.0
31588,3100.17
31589,3050.08
31590,3045.57
31591,3045.61
31592,3045.29
31593,3001.22
31594,2928.88
31595,2867.26
31596,2852.34
31597,2850.21
31598,2850.44
31599,2850.65
31600,2852.29
31601,2900.94
31602,3045.42
31603,3330.17
31604,3430.85
31605,3616.04
31606,3774.95
31607,4014.45
31608,4250.25
31609,4095.8
31610,4499.36
31611,4900.57
31612,5800.41
31613,5999.45
31614,7000.43
31615,6404.42
31616,6999.65
31617,6426.69
31618,5670.2
31619,5715.05
31620,5959.05
31621,5739.57
31622,5739.32
31623,5000.41
31624,4964.58
31625,4780.3
31626,5010.96
31627,5000.1
31628,4881.49
31629,4882.27
31630,4751.06
31631,4529.89
31632,4882.97
31633,4402.6
31634,4241.65
31635,4203.32
31636,4138.56
31637,4014.8
31638,4014.59
31639,4014.9
31640,4092.16
31641,4051.68
31642,4095.73
31643,4138.62
31644,4138.83
31645,4241.65
31646,4499.25
31647,4499.92
31648,4950.94
31649,4529.19
31650,4752.32
31651,4948.36
31652,5959.94
31653,6200.32
31654,7519.26
31655,7778.74
31656,12000.0
31657,12000.0
31658,10000.16
31659,10000.25
31660,8800.44
31661,8200.45
31662,7500.31
31663,6000.75
31664,5999.13
31665,6311.22
31666,5959.57
31667,5739.98
31668,5600.56
31669,5075.35
31670,5075.59
31671,4900.64
31672,4686.69
31673,5010.72
31674,4951.37
31675,4752.06
31676,5001.95
31677,4410.61
31678,3999.99
31679,3774.6
31680,3710.44
31681,3412.99
31682,3403.48
31683,3360.03
31684,3320.42
31685,3090.53
31686,3045.97
31687,3045.95
31688,3045.7
31689,3045.32
31690,3000.56
31691,2937.56
31692,2898.41
31693,2852.19
31694,2850.85
31695,2867.19
31696,2867.73
31697,3000.7
31698,3050.98
31699,3403.86
31700,3541.52
31701,3750.32
31702,3774.33
31703,3990.68
31704,4014.52
31705,4100.35
31706,4400.1
31707,4699.56
31708,4740.54
31709,4789.4
31710,4789.87
31711,4789.49
31712,5219.13
31713,5344.87
31714,5999.23
31715,5959.15
31716,5959.74
31717,5341.38
31718,5398.7
31719,4753.85
31720,4501.96
31721,4500.91
31722,4182.28
31723,4092.37
31724,4092.33
31725,3999.28
31726,3970.13
31727,3809.77
31728,3621.64
31729,3432.65
31730,3300.32
31731,3100.59
31732,3045.73
31733,3045.45
31734,3045.6
31735,3045.95
31736,3216.89
31737,3198.62
31738,3412.53
31739,3541.12
31740,3774.28
31741,3809.59
31742,3777.76
31743,3990.79
31744,4014.27
31745,4000.61
31746,4014.74
31747,4014.82
31748,4014.94
31749,4138.42
31750,4300.83
31751,4753.04
31752,5959.29
31753,5000.42
31754,4789.89
31755,5000.47
31756,5100.62
31757,5079.29
31758,4789.9
31759,4789.14
31760,4789.08
31761,4789.34
31762,4789.95
31763,4789.55
31764,4789.63
31765,4500.92
31766,4501.61
31767,4500.16
31768,4300.09
31769,4012.99
31770,4092.09
31771,4012.71
31772,3819.78
31773,3580.91
31774,3530.05
31775,3403.06
31776,3320.2
31777,3060.07
31778,3045.02
31779,2976.67
31780,2928.12
31781,2852.9
31782,2852.27
31783,2852.72
31784,2852.07
31785,2807.67
31786,2807.44
31787,2807.48
31788,2800.99
31789,2709.04
31790,2800.32
31791,2800.51
31792,2807.09
31793,2807.92
31794,2852.22
31795,3000.25
31796,3045.48
31797,3250.24
31798,3330.6
31799,3570.9
31800,3990.29
31801,4092.01
31802,4240.58
31803,4250.26
31804,5500.96
31805,5232.02
31806,5499.75
31807,4800.75
31808,4860.34
31809,4959.22
31810,5179.76
31811,5739.29
31812,5237.49
31813,5711.95
31814,5850.05
31815,5250.46
31816,5250.44
31817,5232.74
31818,5232.73
31819,5100.35
31820,4999.95
31821,4310.76
31822,4300.47
31823,4250.76
31824,4249.44
31825,4119.68
31826,4092.95
31827,4092.06
31828,4014.76
31829,3950.96
31830,3774.87
31831,3809.49
31832,3800.25
31833,4000.95
31834,4014.06
31835,4014.09
31836,4053.3
31837,4014.7
31838,4092.78
31839,4119.3
31840,4119.04
31841,4092.46
31842,4119.79
31843,4403.83
31844,4100.13
31845,4400.64
31846,5499.18
31847,5899.87
31848,8866.04
31849,9800.17
31850,9200.44
31851,9800.05
31852,8866.34
31853,6800.86
31854,5959.62
31855,5499.18
31856,5499.63
31857,5400.14
31858,5269.02
31859,5179.88
31860,4999.6
31861,4201.12
31862,4092.68
31863,4012.52
31864,3990.18
31865,3809.84
31866,3910.8
31867,3777.81
31868,3774.64
31869,3730.29
31870,3541.68
31871,3412.76
31872,3340.97
31873,3045.61
31874,3045.0
31875,3000.51
31876,2937.57
31877,2937.8
31878,2937.03
31879,2937.1
31880,2928.36
31881,2885.45
31882,2867.55
31883,2852.04
31884,2807.83
31885,2807.43
31886,2807.57
31887,2807.5
31888,2807.59
31889,2807.91
31890,2852.99
31891,2900.91
31892,2937.54
31893,3045.91
31894,3400.84
31895,3630.4
31896,3858.07
31897,4092.85
31898,4888.9
31899,5400.46
31900,6000.63
31901,5999.59
31902,6412.94
31903,5959.26
31904,5999.14
31905,6000.03
31906,6100.06
31907,5959.1
31908,5959.79
31909,6000.37
31910,6000.52
31911,5400.93
31912,5495.39
31913,5148.04
31914,5146.88
31915,5148.86
31916,5250.07
31917,4750.46
31918,4749.33
31919,4749.19
31920,4749.42
31921,4350.19
31922,4350.09
31923,4222.48
31924,4210.83
31925,4092.26
31926,4014.66
31927,4014.55
31928,4014.68
31929,4076.99
31930,4119.07
31931,4092.51
31932,4092.33
31933,4014.86
31934,4092.38
31935,4119.05
31936,4310.57
31937,4499.86
31938,5000.04
31939,5400.05
31940,5400.14
31941,5400.09
31942,5713.63
31943,7000.17
31944,8866.94
31945,7000.59
31946,7000.69
31947,6499.53
31948,6000.27
31949,5959.99
31950,5657.75
31951,5495.66
31952,5625.19
31953,5460.27
31954,5070.19
31955,4789.32
31956,4700.9
31957,4092.71
31958,4092.03
31959,3999.84
31960,3990.17
31961,3777.5
31962,3777.04
31963,3730.51
31964,3650.44
31965,3500.54
31966,3360.76
31967,3330.2
31968,3150.22
31969,3250.17
31970,3050.03
31971,2970.62
31972,3000.12
31973,2950.58
31974,2937.69
31975,2937.64
31976,2928.9
31977,2900.31
31978,2885.06
31979,2852.49
31980,2807.74
31981,2807.46
31982,2807.48
31983,2807.51
31984,2807.47
31985,2807.8
31986,2928.32
31987,3045.44
31988,3050.95
31989,3438.36
31990,3749.6
31991,4012.15
31992,4202.73
31993,5499.41
31994,5513.88
31995,5659.34
31996,6900.99
31997,6900.72
31998,7000.2
31999,6000.84
32000,6499.85
32001,6118.5
32002,6516.42
32003,6013.5
32004,5739.09
32005,5739.18
32006,6000.17
32007,5850.18
32008,5779.96
32009,5364.95
32010,5430.69
32011,5250.19
32012,5352.55
32013,5179.08
32014,5010.96
32015,5191.31
32016,5000.64
32017,4750.01
32018,4222.19
32019,4204.13
32020,4119.21
32021,4014.69
32022,4012.61
32023,4014.97
32024,4014.57
32025,4014.75
32026,4092.35
32027,4102.96
32028,4403.25
32029,4499.93
32030,4810.21
32031,4900.28
32032,4913.13
32033,5249.69
32034,5244.21
32035,5412.17
32036,5249.39
32037,5711.06
32038,5999.71
32039,7000.06
32040,10000.28
32041,8000.34
32042,8000.0
32043,7500.1
32044,6760.28
32045,6459.29
32046,5850.41
32047,5999.11
32048,5900.48
32049,5499.84
32050,5487.44
32051,5605.08
32052,5515.26
32053,5168.29
32054,4699.1
32055,4092.23
32056,3990.5
32057,3970.4
32058,3970.37
32059,3777.1
32060,3774.25
32061,3580.21
32062,3403.77
32063,3340.85
32064,3287.32
1057,3045.46
1058,2937.95
1059,2885.84
1060,2885.31
1061,2859.39
1062,2850.54
1063,2807.94
1064,2807.64
1065,2807.43
1066,2807.18
1067,2709.68
1068,2709.32
1069,2709.83
1070,2709.83
1071,2709.88
1072,2709.82
1073,2807.88
1074,2898.78
1075,2950.1
1076,3045.15
1077,3340.59
1078,3403.79
1079,3600.65
1080,4014.82
1081,4092.98
1082,4400.6
1083,5000.06
1084,6059.18
1085,7000.4
1086,7000.18
1087,6209.03
1088,6209.26
1089,6059.79
1090,6415.6
1091,6072.97
1092,6118.13
1093,6000.25
1094,6000.59
1095,5960.92
1096,6000.24
1097,5999.63
1098,5937.03
1099,5773.36
1100,5608.99
1101,5593.91
1102,4999.47
1103,5280.22
1104,5280.08
1105,4999.21
1106,4310.31
1107,4310.27
1108,4222.51
1109,4020.72
1110,4014.35
1111,4020.37
1112,4014.96
1113,4014.95
1114,4092.36
1115,4092.96
1116,4201.11
1117,4222.75
1118,4999.99
1119,5280.79
1120,5412.05
1121,5100.58
1122,5750.17
1123,5950.24
1124,5962.11
1125,6500.2
1126,6500.99
1127,8000.07
1128,9104.99
1129,8866.95
1130,9000.18
1131,9000.41
1132,8000.74
1133,7500.31
1134,7000.58
1135,7000.71
1136,6529.67
1137,5499.15
1138,5288.36
1139,5581.42
1140,5070.67
1141,4754.58
1142,4699.76
1143,4092.61
1144,4014.61
1145,3940.93
1146,3940.52
1147,3777.08
1148,3541.77
1149,3340.95
1150,3330.79
1151,3200.07
1152,3150.41
4033,3045.65
4034,3000.7
4035,2950.99
4036,2937.59
4037,2885.9
4038,2885.01
4039,2852.76
4040,2852.13
4041,2852.25
4042,2807.76
4043,2807.29
4044,2807.18
4045,2750.02
4046,2709.39
4047,2589.79
4048,2709.18
4049,2807.49
4050,2852.9
4051,2885.86
4052,2937.78
4053,3200.63
4054,3403.33
4055,3630.16
4056,3990.32
4057,4092.83
4058,4471.66
4059,4501.33
4060,5499.84
4061,5959.41
4062,6147.84
4063,6000.61
4064,7000.24
4065,6648.55
4066,7000.71
4067,5933.04
4068,5300.54
4069,5500.8
4070,5959.1
4071,5959.4
4072,5937.29
4073,5909.79
4074,5909.16
4075,5909.79
4076,5909.32
4077,5959.6
4078,5500.17
4079,4999.17
4080,5410.43
4081,4999.46
4082,4555.31
4083,4350.14
4084,4402.49
4085,4092.4
4086,4014.67
4087,4076.96
4088,4092.17
4089,4092.03
4090,4092.7
4091,4119.56
4092,4402.46
4093,4555.64
4094,4751.24
4095,5260.02
4096,5260.16
4097,5499.74
4098,4999.71
4099,4999.65
4100,4999.47
4101,6264.03
4102,6355.69
4103,6000.32
4104,6252.49
4105,7509.94
4106,7955.36
4107,10000.01
4108,9000.14
4109,8500.29
4110,7610.78
4111,6346.27
4112,5973.34
4113,4999.86
4114,4999.66
4115,4999.03
4116,4495.5
4117,4500.66
4118,4495.69
4119,4092.91
4120,4014.24
4121,4010.16
4122,4010.49
4123,3990.23
4124,3777.47
4125,3403.9
4126,3403.34
4127,3340.66
4128,3299.51
6721,3403.76
6722,3330.05
6723,3200.13
6724,3045.97
6725,3045.07
6726,3001.41
6727,2980.72
6728,2937.72
6729,2940.74
6730,2937.63
6731,2928.39
6732,2928.07
6733,2867.71
6734,2852.75
6735,2807.73
6736,2807.7
6737,2807.93
6738,2937.11
6739,3010.92
6740,3045.89
6741,3403.84
6742,3990.44
6743,4076.19
6744,4890.5
6745,5412.24
6746,6344.31
6747,6000.51
6748,6500.86
6749,7500.26
6750,7500.82
6751,7649.99
6752,8866.51
6753,8000.65
6754,8000.92
6755,7200.18
6756,7000.9
6757,6000.35
6758,6000.63
6759,6000.85
6760,5999.68
6761,6000.0
6762,5888.54
6763,5909.46
6764,5888.07
6765,5410.77
6766,4999.84
6767,5270.27
6768,5188.65
6769,4387.81
6770,4222.06
6771,4203.04
6772,4119.83
6773,4014.41
6774,3998.29
6775,4014.89
6776,4020.91
6777,4092.19
6778,4119.0
6779,4350.31
6780,4999.4
6781,4775.58
6782,4310.88
6783,4900.07
6784,4999.14
6785,5000.04
6786,6000.2
6787,6000.86
6788,7000.23
6789,7500.58
6790,7500.66
6791,9000.41
6792,10000.78
6793,10000.67
6794,10000.76
6795,11000.58
6796,10000.8
6797,10000.58
6798,9000.34
6799,8000.19
6800,7393.4
6801,5412.85
6802,5899.39
6803,5656.17
6804,5412.28
6805,5000.61
6806,4999.0
6807,4300.64
6808,4092.22
6809,4092.26
6810,4014.78
6811,3881.32
6812,3541.87
6813,3500.5
6814,3404.0
6815,3403.05
6816,3299.79
9697,3001.25
9698,2937.87
9699,2937.29
9700,2900.07
9701,2852.44
9702,2807.83
9703,2807.73
9704,2807.47
9705,2807.57
9706,2807.64
9707,2807.49
9708,2807.3
9709,2709.58
9710,2709.74
9711,2719.5
9712,2800.69
9713,2807.21
9714,2807.8
9715,2852.82
9716,2900.59
9717,3000.76
9718,3403.09
9719,3403.69
9720,3570.33
9721,4014.21
9722,4100.47
9723,4500.59
9724,5300.84
9725,5280.82
9726,5800.96
9727,5964.63
9728,5500.78
9729,4789.24
9730,4899.26
9731,4750.6
9732,4900.67
9733,5500.49
9734,5998.94
9735,5998.02
9736,5100.64
9737,4495.9
9738,4500.41
9739,4495.26
9740,4400.11
9741,4119.85
9742,4119.15
9743,4092.01
9744,4092.05
9745,4014.32
9746,3990.65
9747,3809.08
9748,3777.35
9749,3313.2
9750,3300.96
9751,3499.75
9752,3500.24
9753,3500.01
9754,3541.57
9755,3656.24
9756,3852.05
9757,4000.4
9758,3999.22
9759,4014.92
9760,4092.11
9761,4119.06
9762,4500.44
9763,4959.21
9764,4959.67
9765,5944.29
9766,6000.12
9767,5168.41
9768,5178.49
9769,5500.93
9770,5500.34
9771,5500.8
9772,5500.77
9773,5959.8
9774,6999.55
9775,8000.13
9776,7100.07
9777,5300.02
9778,4959.75
9779,4959.47
9780,4500.22
9781,4495.04
9782,4092.59
9783,3990.01
9784,3541.86
9785,3412.37
9786,3412.45
9787,3403.41
9788,3389.66
9789,3045.98
9790,3045.68
9791,3000.87
9792,2937.48
12577,2937.87
12578,2900.78
12579,2890.17
12580,2852.07
12581,2807.61
12582,2807.37
12583,2807.23
12584,2752.98
12585,2749.5
12586,2749.61
12587,2749.71
12588,2749.77
12589,2807.07
12590,2807.17
12591,2752.66
12592,2807.06
12593,2807.8
12594,2852.69
12595,2890.18
12596,2937.74
12597,3060.69
12598,3403.46
12599,3541.99
12600,3990.24
12601,4092.21
12602,4499.44
12603,4400.88
12604,6000.17
12605,6100.0
12606,7210.18
12607,7500.25
12608,7210.51
12609,6000.6
12610,5888.49
12611,5312.28
12612,5010.53
12613,6000.75
12614,7000.19
12615,7210.43
12616,7000.61
12617,6250.35
12618,6000.77
12619,6000.64
12620,6000.38
12621,5549.57
12622,5500.15
12623,5280.62
12624,5412.17
12625,4750.3
12626,4310.69
12627,4300.91
12628,4127.93
12629,4014.53
12630,4000.5
12631,4014.48
12632,4014.61
12633,4083.31
12634,4093.0
12635,4200.27
12636,4822.66
12637,5250.08
12638,5062.52
12639,5188.72
12640,5280.73
12641,5500.33
12642,5698.39
12643,6000.21
12644,6099.14
12645,8200.36
12646,8700.1
12647,10000.15
12648,11000.2
12649,11000.09
12650,11000.31
12651,12000.0
12652,11000.14
12653,9000.2
12654,8200.43
12655,7649.21
12656,5899.48
12657,5582.62
12658,5506.17
12659,5350.16
12660,5168.63
12661,4501.24
12662,4500.11
12663,4350.41
12664,4092.91
12665,4020.83
12666,4092.03
12667,3999.86
12668,3777.94
12669,3436.18
12670,3412.56
12671,3403.35
12672,3340.55
15553,3001.31
15554,2937.69
15555,2928.83
15556,2890.06
15557,2852.76
15558,2807.83
15559,2807.47
15560,2807.02
15561,2652.02
15562,2652.73
15563,2570.86
15564,2570.74
15565,2570.7
15566,2570.77
15567,2661.5
15568,2714.63
15569,2807.82
15570,2855.73
15571,2890.57
15572,2940.74
15573,3250.66
15574,3330.98
15575,3403.57
15576,3621.0
15577,4127.69
15578,5469.09
15579,5193.07
15580,5500.48
15581,6000.88
15582,6000.91
15583,7000.39
15584,5999.95
15585,5250.99
15586,5500.36
15587,5284.59
15588,5179.46
15589,5365.26
15590,5888.98
15591,7000.04
15592,6516.75
15593,6000.36
15594,6000.52
15595,6000.25
15596,6000.04
15597,5750.91
15598,5750.54
15599,5280.88
15600,5368.45
15601,5250.51
15602,4850.58
15603,4203.2
15604,4127.86
15605,4000.49
15606,3990.49
15607,4014.12
15608,4014.02
15609,4014.21
15610,4014.97
15611,4092.84
15612,4200.28
15613,4201.31
15614,4999.76
15615,5280.98
15616,5684.5
15617,5351.21
15618,5500.87
15619,5600.98
15620,5750.5
15621,5800.95
15622,6000.25
15623,7499.57
15624,8700.4
15625,7702.2
15626,9200.08
15627,8866.74
15628,8700.94
15629,7702.77
15630,7499.31
15631,6400.93
15632,5484.82
15633,5279.77
15634,5191.51
15635,5343.77
15636,5090.01
15637,4757.5
15638,4700.37
15639,4490.8
15640,4092.88
15641,4010.2
15642,4010.61
15643,3998.97
15644,3890.09
15645,3500.45
15646,3403.93
15647,3383.56
15648,3250.75
18433,3050.05
18434,3045.52
18435,3000.9
18436,2937.72
18437,2920.64
18438,2930.19
18439,2890.99
18440,2879.82
18441,2807.55
18442,2807.33
18443,2807.15
18444,2807.49
18445,2807.3
18446,2807.5
18447,2807.54
18448,2807.7
18449,2937.11
18450,3045.33
18451,3045.75
18452,3050.79
18453,3412.17
18454,3500.83
18455,3777.91
18456,4092.96
18457,4754.84
18458,6000.38
18459,6398.81
18460,6600.88
18461,7702.34
18462,7190.86
18463,8000.33
18464,7500.52
18465,6998.47
18466,7190.79
18467,7190.14
18468,7190.03
18469,6600.79
18470,7000.28
18471,7000.37
18472,7000.49
18473,6000.65
18474,6000.05
18475,5600.82
18476,5725.26
18477,5944.65
18478,5496.75
18479,5300.79
18480,5469.36
18481,5243.52
18482,4550.81
18483,4127.55
18484,4127.46
18485,4010.12
18486,3990.0
18487,4014.24
18488,4010.88
18489,4014.17
18490,4127.69
18491,5178.66
18492,5200.1
18493,5200.04
18494,5500.07
18495,6000.21
18496,6000.65
18497,6000.9
18498,6600.13
18499,6600.96
18500,6800.58
18501,6800.38
18502,7000.38
18503,7499.78
18504,7809.11
18505,10000.08
18506,10000.52
18507,10000.61
18508,10000.44
18509,6000.92
18510,6000.74
18511,7500.01
18512,6600.1
18513,5599.12
18514,5599.33
18515,5585.85
18516,5502.29
18517,5286.01
18518,5178.16
18519,4999.13
18520,4500.04
18521,4014.62
18522,4010.11
18523,3858.34
18524,3777.07
18525,3500.0
18526,3403.91
18527,3403.26
18528,3350.68
21409,3210.25
21410,3210.23
21411,3050.8
21412,3050.22
21413,2953.33
21414,2937.68
21415,2937.32
21416,2928.52
21417,2807.81
21418,2807.31
21419,2807.22
21420,2807.1
21421,2807.08
21422,2807.46
21423,2807.5
21424,2807.63
21425,2875.38
21426,2937.18
21427,3050.98
21428,3244.98
21429,3403.61
21430,3500.75
21431,3799.86
21432,4700.69
21433,5396.48
21434,5288.83
21435,6388.62
21436,7500.52
21437,8605.4
21438,8866.71
21439,9000.59
21440,8500.85
21441,8100.48
21442,8100.49
21443,7702.35
21444,7190.84
21445,7500.87
21446,7500.21
21447,7190.05
21448,7000.61
21449,6500.08
21450,6000.77
21451,6250.02
21452,6000.44
21453,6000.05
21454,5888.61
21455,5412.53
21456,5469.72
21457,5499.85
21458,5091.52
21459,4721.29
21460,4500.87
21461,4014.8
21462,4010.61
21463,4014.64
21464,4014.59
21465,4127.08
21466,4499.76
21467,5178.32
21468,5270.93
21469,5499.54
21470,5750.75
21471,6000.42
21472,6000.69
21473,6000.23
21474,6000.34
21475,6000.94
21476,6998.98
21477,5950.81
21478,6412.95
21479,5950.67
21480,6000.2
21481,6000.53
21482,6500.92
21483,6500.55
21484,6499.48
21485,6412.89
21486,6499.8
21487,5888.79
21488,5499.68
21489,5286.58
21490,5287.02
21491,5188.39
21492,5168.87
21493,5080.97
21494,4650.74
21495,4490.44
21496,4160.21
21497,3980.3
21498,3890.97
21499,3726.97
21500,3541.57
21501,3403.44
21502,3300.42
21503,3225.99
21504,3225.38
24385,3000.91
24386,2937.37
24387,2937.22
24388,2910.98
24389,2890.0
24390,2807.8
24391,2807.71
24392,2807.57
24393,2807.09
24394,2750.76
24395,2750.18
24396,2714.67
24397,2652.28
24398,2714.08
24399,2714.89
24400,2802.5
24401,2807.26
24402,2880.43
24403,2937.55
24404,3050.56
24405,3300.32
24406,3330.44
24407,3777.15
24408,4919.26
24409,4999.35
24410,5599.54
24411,6412.86
24412,7000.9
24413,7821.12
24414,8608.8
24415,9500.66
24416,9263.2
24417,8760.96
24418,8109.51
24419,7190.91
24420,7190.33
24421,7702.61
24422,7810.0
24423,7750.02
24424,7190.58
24425,7250.33
24426,7000.59
24427,7190.09
24428,7000.13
24429,6000.33
24430,6000.01
24431,5270.63
24432,5599.34
24433,5469.38
24434,5270.81
24435,5250.06
24436,4999.23
24437,4014.7
24438,3999.51
24439,4014.46
24440,4014.27
24441,4014.78
24442,4127.57
24443,4722.25
24444,5196.43
24445,5469.73
24446,5270.89
24447,5469.67
24448,6000.02
24449,5168.28
24450,5500.54
24451,6412.56
24452,5499.96
24453,5599.56
24454,6499.31
24455,7500.47
24456,7702.69
24457,7500.53
24458,7702.07
24459,7500.6
24460,7500.45
24461,7500.62
24462,7000.66
24463,5412.23
24464,5400.74
24465,5090.36
24466,5054.29
24467,4999.8
24468,4550.88
24469,4639.24
24470,4480.38
24471,4190.38
24472,4014.91
24473,3881.66
24474,3777.57
24475,3618.14
24476,3403.96
24477,3330.25
24478,3225.6
24479,3225.28
24480,3150.9
27265,2937.46
27266,2910.72
27267,2890.59
27268,2820.51
27269,2807.57
27270,2807.35
27271,2807.21
27272,2807.08
27273,2750.46
27274,2667.08
27275,2667.2
27276,2649.42
27277,2649.11
27278,2649.54
27279,2649.38
27280,2669.51
27281,2700.16
27282,2807.04
27283,2807.5
27284,2910.74
27285,3050.59
27286,3050.98
27287,3340.58
27288,3541.78
27289,4014.74
27290,4127.64
27291,4800.89
27292,5002.15
27293,6499.97
27294,7000.59
27295,7319.85
27296,7702.8
27297,7000.27
27298,7190.83
27299,6516.75
27300,5888.94
27301,5888.36
27302,5888.77
27303,5888.54
27304,5400.08
27305,4900.33
27306,4722.41
27307,4858.67
27308,4400.25
27309,4999.84
27310,4800.36
27311,4618.73
27312,4886.28
27313,4618.23
27314,4400.73
27315,4127.9
27316,4127.37
27317,4000.43
27318,3777.88
27319,3990.65
27320,3990.63
27321,4000.43
27322,4000.92
27323,4014.18
27324,4014.77
27325,4075.91
27326,4083.83
27327,4200.63
27328,4250.97
27329,4127.49
27330,4300.88
27331,4639.31
27332,4400.84
27333,4639.21
27334,4999.01
27335,4830.43
27336,4999.98
27337,5412.29
27338,5800.74
27339,5620.58
27340,6000.96
27341,6000.35
27342,5400.62
27343,5350.49
27344,5036.49
27345,4999.52
27346,4936.86
27347,4639.0
27348,4477.65
27349,4135.07
27350,4014.56
27351,3999.58
27352,3777.16
27353,3403.15
27354,3300.47
27355,3225.81
27356,3110.07
27357,3050.09
27358,2937.41
27359,2935.99
27360,2910.2
30241,2804.38
30242,2760.91
30243,2760.6
30244,2760.46
30245,2760.14
30246,2760.0
30247,2700.21
30248,2570.71
30249,2543.87
30250,2543.59
30251,2543.08
30252,2543.04
30253,2499.32
30254,2540.38
30255,2499.96
30256,2543.07
30257,2543.69
30258,2550.12
30259,2714.64
30260,2760.35
30261,2807.85
30262,2807.11
30263,2890.99
30264,2937.37
30265,3575.5
30266,3990.74
30267,4014.42
30268,4083.6
30269,4650.43
30270,4829.54
30271,5000.07
30272,5412.4
30273,4999.51
30274,6000.06
30275,5038.55
30276,4999.42
30277,4722.7
30278,4932.44
30279,4722.5
30280,5000.26
30281,4499.66
30282,4499.6
30283,4250.98
30284,4185.28
30285,4083.54
30286,4014.26
30287,4014.11
30288,3995.72
30289,3720.43
30290,3527.0
30291,3300.72
30292,3225.77
30293,2947.88
30294,2947.01
30295,2950.56
30296,3001.87
30297,3225.34
30298,3225.93
30299,3403.6
30300,3724.92
30301,3550.79
30302,3724.46
30303,3881.6
30304,4000.79
30305,4014.05
30306,4078.94
30307,4400.56
30308,4639.24
30309,4800.18
30310,4127.52
30311,4829.22
30312,4830.46
30313,5098.46
30314,5082.5
30315,4919.1
30316,4829.28
30317,4590.05
30318,4499.37
30319,4495.49
30320,4200.43
30321,4076.45
30322,3799.07
30323,3670.42
30324,3650.89
30325,3400.11
30326,3390.98
30327,3400.97
30328,3351.0
30329,3110.47
30330,3050.71
30331,3050.11
30332,2937.3
30333,2900.91
30334,2866.79
30335,2807.77
30336,2807.31
33121,2519.4
33122,2499.83
33123,2499.5
33124,2499.3
33125,2499.18
33126,2370.99
33127,2299.71
33128,2296.2
33129,2294.08
33130,2291.52
33131,2290.6
33132,2229.64
33133,2183.61
33134,2200.24
33135,2291.26
33136,2291.63
33137,2292.89
33138,2499.5
33139,2543.73
33140,2543.83
33141,2807.58
33142,2807.87
33143,3090.8
33144,3330.73
33145,4014.78
33146,4499.78
33147,5179.49
33148,5709.85
33149,5398.82
33150,5179.96
33151,5473.28
33152,5888.67
33153,5500.15
33154,6499.29
33155,5499.67
33156,5378.33
33157,5635.34
33158,6499.66
33159,6000.26
33160,5974.22
33161,5710.31
33162,5750.27
33163,5750.92
33164,5500.74
33165,5500.47
33166,5188.22
33167,5250.77
33168,5499.9
33169,5250.69
33170,5250.08
33171,4500.02
33172,4135.74
33173,3752.32
33174,3726.33
33175,3799.95
33176,3995.04
33177,4014.21
33178,4014.6
33179,4014.91
33180,4135.17
33181,4135.39
33182,4185.58
33183,4999.44
33184,5200.84
33185,4999.24
33186,5400.32
33187,5499.76
33188,4950.34
33189,5179.21
33190,4999.91
33191,5334.09
33192,6000.05
33193,6500.21
33194,6516.43
33195,6000.12
33196,6000.71
33197,5412.56
33198,5491.12
33199,5179.61
33200,4811.4
33201,4495.03
33202,4200.31
33203,3855.25
33204,3785.39
33205,3600.64
33206,3550.93
33207,3690.27
33208,3500.4
33209,3225.03
33210,3040.99
33211,3010.52
33212,2999.74
33213,2999.31
33214,2937.95
33215,2918.31
33216,2820.97
33217,2543.49
33218,2543.19
33219,2540.38
33220,2350.86
33221,2350.81
33222,2350.28
33223,2103.59
33224,2085.94
33225,2085.91
33226,2085.59
33227,2085.86
33228,2103.29
33229,2103.02
33230,2103.11
33231,2103.39
33232,2085.98
33233,2157.64
33234,2543.0
33235,2570.51
33236,2700.21
33237,2807.08
33238,2807.09
33239,3000.3
33240,3330.84
33241,4014.8
33242,4500.83
33243,4979.34
33244,6434.52
33245,6858.86
33246,6858.65
33247,7000.24
33248,7000.2
33249,6516.44
33250,6498.31
33251,5212.8
33252,5248.82
33253,5500.61
33254,6123.96
33255,6372.96
33256,5998.36
33257,5500.76
33258,5866.36
33259,6500.28
33260,5766.84
33261,5338.52
33262,4608.22
33263,4722.28
33264,4639.46
33265,4495.21
33266,4135.81
33267,4135.51
33268,4014.95
33269,3752.86
33270,3724.66
33271,3726.56
33272,3724.53
33273,3791.33
33274,3990.49
33275,3995.29
33276,4014.41
33277,4014.34
33278,4014.53
33279,4014.84
33280,4445.49
33281,4014.75
33282,4680.21
33283,4999.12
33284,5144.91
33285,5098.49
33286,5057.68
33287,5500.38
33288,6001.0
33289,6000.49
33290,6500.72
33291,6500.43
33292,6500.71
33293,5690.24
33294,4800.28
33295,4495.95
33296,4495.68
33297,4290.09
33298,4028.08
33299,4150.15
33300,4028.65
33301,3660.88
33302,3500.49
33303,3500.9
33304,3390.64
33305,3099.63
33306,3040.2
33307,2918.06
33308,2810.36
33309,2615.49
33310,2589.99
33311,2589.66
33312,2589.13
33313,2550.88
33314,2543.23
33315,2502.39
33316,2347.3
33317,2103.62
33318,2103.2
33319,2085.71
33320,2000.0
33321,2085.01
33322,1999.92
33323,1999.8
33324,1999.85
33325,1999.87
33326,1999.82
33327,1999.71
33328,1999.64
33329,1999.98
33330,2400.85
33331,2719.01
33332,2750.34
33333,2807.72
33334,2918.66
33335,3330.06
33336,3403.55
33337,4379.46
33338,4738.49
33339,4600.6
33340,4999.8
33341,5900.34
33342,6500.98
33343,7180.79
33344,7180.82
33345,6020.75
33346,6000.31
33347,5750.97
33348,5900.81
33349,6250.31
33350,6750.9
33351,6750.46
33352,6516.28
33353,5998.17
33354,5800.7
33355,5998.3
33356,5650.79
33357,5650.19
33358,4999.96
33359,5150.62
33360,5150.36
33361,4500.59
33362,4500.34
33363,4500.12
33364,4500.04
33365,4019.54
33366,4000.96
33367,4100.98
33368,4019.21
33369,4091.5
33370,4100.4
33371,4135.89
33372,4225.08
33373,4225.47
33374,4225.38
33375,4290.38
33376,4738.24
33377,4446.08
33378,4820.44
33379,5025.48
33380,5228.66
33381,5998.94
33382,5500.04
33383,4858.83
33384,5850.52
33385,5998.92
33386,5900.26
33387,6000.88
33388,6499.36
33389,5730.42
33390,5400.1
33391,4639.91
33392,4590.05
33393,4563.28
33394,4510.9
33395,4500.31
33396,4388.31
33397,3785.51
33398,3690.52
33399,3726.09
33400,3541.39
33401,3400.13
33402,3225.24
33403,3110.07
33404,3040.58
33405,2937.24
33406,2810.67
33407,2807.29
33408,2804.51
33409,2800.13
33410,2650.89
33411,2570.37
33412,2543.76
33413,2470.07
33414,2370.82
33415,2370.15
33416,2350.19
33417,2157.76
33418,2157.35
33419,2109.49
33420,2157.16
33421,2157.7
33422,2309.13
33423,2350.62
33424,2370.12
33425,2543.4
33426,2570.81
33427,2800.17
33428,2807.21
33429,3000.54
33430,3225.68
33431,3400.95
33432,3814.39
33433,4600.67
33434,4998.97
33435,5700.62
33436,5969.13
33437,6509.97
33438,7180.21
33439,7809.41
33440,7700.2
33441,6499.41
33442,6990.62
33443,6499.14
33444,5600.44
33445,5690.22
33446,6000.17
33447,6049.64
33448,6000.69
33449,5315.22
33450,5412.79
33451,5344.93
33452,5067.19
33453,4695.13
33454,4575.91
33455,4447.46
33456,4450.2
33457,4394.12
33458,4290.94
33459,4290.34
33460,4135.93
33461,4014.28
33462,3990.93
33463,4000.47
33464,4014.09
33465,4029.34
33466,4029.82
33467,4029.67
33468,4135.02
33469,4135.6
33470,4135.38
33471,4722.25
33472,4946.9
33473,4820.43
33474,5677.02
33475,5412.78
33476,5850.68
33477,5850.94
33478,5100.22
33479,6049.46
33480,6499.74
33481,6499.24
33482,6999.04
33483,7000.05
33484,7000.22
33485,6500.58
33486,5900.0
33487,4999.35
33488,5000.22
33489,4999.42
33490,4829.74
33491,4830.83
33492,4758.49
33493,4014.93
33494,4014.29
33495,4014.1
33496,3799.11
33497,3510.8
33498,3450.43
33499,3330.69
33500,3225.99
33501,3099.46
33502,3000.78
33503,2937.57
33504,2910.54
33505,2910.4
33506,2869.47
33507,2800.69
33508,2768.67
33509,2768.16
33510,2750.49
33511,2768.1
33512,2680.62
33513,2572.9
33514,2543.92
33515,2543.73
33516,2543.77
33517,2543.75
33518,2543.72
33519,2572.13
33520,2620.32
33521,2768.51
33522,2768.41
33523,2800.85
33524,2891.4
33525,3225.2
33526,3620.2
33527,3850.85
33528,4784.23
33529,5412.12
33530,6000.51
33531,7000.14
33532,6939.9
33533,7600.08
33534,8200.59
33535,8900.6
33536,8900.56
33537,8200.94
33538,8200.92
33539,7600.47
33540,7000.52
33541,7000.3
33542,7000.09
33543,7000.03
33544,6500.66
33545,5850.83
33546,5850.94
33547,6088.96
33548,5550.84
33549,5412.54
33550,5100.4
33551,4895.38
33552,4999.45
33553,4850.1
33554,4607.39
33555,4417.03
33556,4371.65
33557,4000.76
33558,3932.75
33559,4055.91
33560,4241.77
33561,4371.65
33562,4394.75
33563,4560.08
33564,4639.78
33565,4650.2
33566,4758.93
33567,5412.24
33568,5916.91
33569,6000.04
33570,5800.49
33571,6500.13
33572,7000.12
33573,5850.62
33574,7000.07
33575,7000.7
33576,7600.6
33577,7600.49
33578,8200.74
33579,8200.71
33580,8200.79
33581,7600.93
33582,7000.98
33583,6049.99
33584,6000.66
33585,5969.62
33586,5730.86
33587,5500.68
33588,5260.88
33589,4758.8
33590,4800.52
33591,4680.75
33592,4447.23
33593,3756.86
33594,3735.65
33595,3624.72
33596,3500.04
33597,3300.8
33598,3040.75
33599,3000.97
33600,2938.75
33601,3000.45
33602,2938.63
33603,2938.11
33604,2910.64
33605,2804.83
33606,2800.59
33607,2768.79
33608,2768.63
33609,2768.02
33610,2704.03
33611,2650.39
33612,2620.44
33613,2681.72
33614,2768.02
33615,2768.18
33616,2768.1
33617,2800.17
33618,2800.79
33619,2910.15
33620,2938.31
33621,3428.49
33622,3624.35
33623,5000.72
33624,5800.64
33625,6600.25
33626,7100.49
33627,8000.9
33628,8100.35
33629,8700.69
33630,10307.69
33631,11040.0
33632,11029.38
33633,9300.95
33634,9300.78
33635,8700.35
33636,7180.7
33637,7180.56
33638,7180.25
33639,7180.78
33640,7180.61
33641,7100.15
33642,7000.84
33643,7100.42
33644,6500.67
33645,6000.4
33646,5228.0
33647,5250.5
33648,5250.02
33649,5250.8
33650,4819.63
33651,4495.7
33652,4371.65
33653,4050.81
33654,4000.49
33655,4159.87
33656,4268.49
33657,4200.0
33658,4268.07
33659,4501.54
33660,4852.56
33661,4639.45
33662,4758.33
33663,4830.18
33664,6000.24
33665,5650.41
33666,5677.36
33667,5650.99
33668,6500.95
33669,6556.86
33670,6049.17
33671,7500.84
33672,8700.55
33673,8700.75
33674,11328.79
33675,11307.75
33676,9300.59
33677,8700.8
33678,8100.49
33679,7100.26
33680,7000.04
33681,6150.67
33682,4830.01
33683,4830.34
33684,4820.99
33685,4999.9
33686,4758.92
33687,4680.37
33688,4470.51
33689,3800.14
33690,3735.48
33691,3660.23
33692,3510.71
33693,3390.53
33694,3225.27
33695,3070.96
33696,3040.47
33697,2980.59
33698,2938.65
33699,2938.28
33700,2910.89
33701,2869.5
33702,2804.22
33703,2768.93
33704,2768.65
33705,2768.32
33706,2768.11
33707,2768.04
33708,2750.48
33709,2543.86
33710,2572.08
33711,2600.31
33712,2590.52
33713,2768.92
33714,2804.95
33715,2918.63
33716,3000.06
33717,3428.83
33718,3726.7
33719,4857.39
33720,6300.02
33721,5631.94
33722,6509.87
33723,6183.31
33724,7000.93
33725,6049.87
33726,8000.19
33727,8000.5
33728,8000.58
33729,8000.5
33730,8000.53
33731,7809.96
33732,5900.86
33733,7000.87
33734,7180.19
33735,7809.2
33736,7100.05
33737,7000.34
33738,6191.4
33739,5650.99
33740,5412.13
33741,5650.24
33742,4998.91
33743,4998.17
33744,4800.25
33745,4575.27
33746,4318.68
33747,4228.11
33748,4000.9
33749,4000.24
33750,3999.35
33751,4000.16
33752,4099.18
33753,4228.74
33754,4359.71
33755,4445.21
33756,4618.82
33757,4819.1
33758,4682.03
33759,4761.35
33760,5250.13
33761,5000.98
33762,6000.65
33763,6500.21
33764,6500.77
33765,5412.56
33766,5412.19
33767,5412.68
33768,6999.32
33769,7809.57
33770,8000.18
33771,6999.85
33772,6999.27
33773,6049.78
33774,5906.2
33775,5412.72
33776,5412.32
33777,5000.5
33778,4999.3
33779,5091.16
33780,4985.42
33781,4700.22
33782,4629.43
33783,4618.4
33784,4495.5
33785,3814.29
33786,3735.21
33787,3624.85
33788,3475.85
33789,3300.6
33790,3225.84
33791,3150.91
33792,3040.66
33793,3225.04
33794,3030.2
33795,2938.77
33796,2918.19
33797,2891.56
33798,2891.08
33799,2879.26
33800,2804.69
33801,2771.25
33802,2768.85
33803,2768.59
33804,2768.51
33805,2768.08
33806,2768.09
33807,2600.07
33808,2720.07
33809,2768.73
33810,2768.93
33811,2891.26
33812,2910.6
33813,3428.69
33814,3718.19
33815,4500.92
33816,5469.86
33817,4618.9
33818,6000.77
33819,6509.37
33820,7150.36
33821,7760.54
33822,9787.2
33823,10069.09
33824,10300.28
33825,8866.02
33826,8866.56
33827,8866.44
33828,8200.13
33829,8200.21
33830,8200.34
33831,8573.2
33832,8200.1
33833,8200.06
33834,8200.47
33835,8200.24
33836,7600.05
33837,6750.87
33838,6000.97
33839,6000.79
33840,6000.6
33841,6000.21
33842,5500.25
33843,5250.18
33844,4913.18
33845,4396.02
33846,4241.63
33847,4283.59
33848,4300.77
33849,4400.56
33850,4575.99
33851,4618.39
33852,4950.28
33853,5240.49
33854,5240.04
33855,5240.08
33856,6000.21
33857,7000.65
33858,7100.52
33859,7809.44
33860,12000.0
33861,8619.8
33862,8175.58
33863,12000.0
33864,12000.0
33865,11871.22
33866,12000.0
33867,12000.0
33868,12000.0
33869,11808.74
33870,9100.75
33871,8200.52
33872,7809.43
33873,5690.2
33874,6000.02
33875,5080.07
33876,5500.35
33877,4680.92
33878,4618.37
33879,4472.72
33880,4200.18
33881,3800.77
33882,3800.92
33883,3740.54
33884,3735.67
33885,3624.17
33886,3475.18
33887,3428.04
33888,3225.81
33889,3307.62
33890,3225.85
33891,3030.68
33892,3023.79
33893,2935.87
33894,2918.32
33895,2905.5
33896,2891.25
33897,2879.63
33898,2840.54
33899,2830.63
33900,2800.62
33901,2800.13
33902,2804.11
33903,2771.33
33904,2800.86
33905,2891.52
33906,2910.61
33907,3001.24
33908,3220.98
33909,3735.05
33910,3814.86
33911,4099.11
33912,4099.71
33913,4256.86
33914,4521.14
33915,4999.43
33916,7499.21
33917,7499.61
33918,7500.33
33919,7800.41
33920,7800.44
33921,7800.06
33922,7800.13
33923,7500.35
33924,7299.82
33925,7150.92
33926,8950.06
33927,9000.32
33928,8866.48
33929,8950.22
33930,8866.5
33931,8950.52
33932,7800.61
33933,7100.16
33934,6000.09
33935,5240.48
33936,5240.85
33937,5240.68
33938,4999.14
33939,4608.54
33940,4495.98
33941,4283.33
33942,4225.38
33943,4283.67
33944,4241.68
33945,4283.75
33946,4394.4
33947,4541.03
33948,4495.9
33949,4575.75
33950,4412.65
33951,4283.88
33952,5240.75
33953,5400.45
33954,6400.89
33955,8200.9
33956,10000.28
33957,8200.93
33958,10000.09
33959,12000.0
33960,12000.0
33961,12000.0
33962,12000.0
33963,12000.0
33964,12000.0
33965,12000.0
33966,10000.54
33967,9200.15
33968,8200.57
33969,6302.13
33970,6080.77
33971,5499.83
33972,4750.3
33973,4500.29
33974,4495.9
33975,4500.19
33976,4357.0
33977,3946.27
33978,3799.07
33979,3735.53
33980,3708.77
33981,3475.61
33982,3475.41
33983,3428.39
33984,3300.59
33985,3225.21
33986,3030.0
33987,3000.22
33988,2918.7
33989,2891.24
33990,2879.42
33991,2879.49
33992,2840.4
33993,2768.55
33994,2768.05
33995,2590.07
33996,2543.94
33997,2543.66
33998,2655.19
33999,2590.17
34000,2650.98
34001,2768.7
34002,2768.98
34003,2879.06
34004,2891.55
34005,3300.3
34006,3500.6
34007,3735.03
34008,3756.27
34009,4225.39
34010,4862.06
34011,6300.23
34012,8500.13
34013,9999.23
34014,9999.77
34015,9999.84
34016,9999.33
34017,8800.63
34018,8800.62
34019,7500.71
34020,6049.79
34021,6998.24
34022,6049.4
34023,6049.37
34024,5400.77
34025,5240.39
34026,4999.78
34027,5000.84
34028,5400.71
34029,5500.09
34030,5977.16
34031,5240.15
34032,5240.54
34033,5240.0
34034,4998.29
34035,5240.17
34036,4999.8
34037,4280.47
34038,4280.08
34039,4283.58
34040,4228.29
34041,4283.08
34042,4283.59
34043,4394.13
34044,4412.83
34045,4999.41
34046,4850.84
34047,4850.2
34048,5240.75
34049,5950.61
34050,6049.13
34051,9000.17
34052,8866.46
34053,5998.5
34054,6000.44
34055,8749.83
34056,12000.0
34057,12000.0
34058,12000.0
34059,12000.0
34060,12000.0
34061,11900.5
34062,11000.11
34063,10200.07
34064,5999.89
34065,5400.14
34066,5300.1
34067,5750.51
34068,4999.98
34069,4463.48
34070,4290.58
34071,4299.79
34072,4131.12
34073,3756.38
34074,3735.39
34075,3708.6
34076,3685.68
34077,3370.36
34078,3250.38
34079,3030.93
34080,3030.2
34081,3001.81
34082,2938.08
34083,2910.73
34084,2891.62
34085,2804.5
34086,2768.94
34087,2768.83
34088,2768.66
34089,2768.0
34090,2700.24
34091,2590.59
34092,2590.05
34093,2543.99
34094,2680.2
34095,2600.58
34096,2543.94
34097,2768.19
34098,2768.61
34099,2804.86
34100,2840.34
34101,3259.41
34102,3428.63
34103,3735.39
34104,3946.55
34105,4283.7
34106,4999.57
34107,6998.03
34108,8000.44
34109,10000.0
34110,11000.08
34111,10000.15
34112,9999.82
34113,8888.21
34114,8000.71
34115,8000.72
34116,6800.74
34117,6998.06
34118,7000.53
34119,7000.34
34120,6400.59
34121,6400.07
34122,6000.62
34123,6370.16
34124,6200.92
34125,6000.88
34126,6000.53
34127,6000.03
34128,5240.93
34129,4999.67
34130,4913.01
34131,4999.77
34132,4680.36
34133,4228.08
34134,4099.7
34135,4228.8
34136,4099.76
34137,4078.1
34138,4099.57
34139,4225.39
34140,4385.83
34141,4750.35
34142,4999.72
34143,4999.22
34144,6000.31
34145,7100.18
34146,7100.69
34147,10000.41
34148,11904.65
34149,9094.22
34150,10000.06
34151,11810.6
34152,12000.0
34153,12000.0
34154,12000.0
34155,12000.0
34156,12000.0
34157,10000.44
34158,10000.46
34159,8000.65
34160,7100.04
34161,5150.35
34162,5555.99
34163,5450.27
34164,4999.45
34165,4750.08
34166,4690.31
34167,4565.52
34168,4485.03
34169,3800.6
34170,3756.48
34171,3735.95
34172,3735.13
34173,3428.66
34174,3428.07
34175,3225.41
34176,3031.0
34177,2910.5
34178,2879.48
34179,2840.1
34180,2768.89
34181,2768.07
34182,2600.42
34183,2543.82
34184,2543.5
34185,2449.86
34186,2360.79
34187,2360.83
34188,2360.2
34189,2360.57
34190,2360.84
34191,2360.83
34192,2400.54
34193,2449.62
34194,2543.6
34195,2768.29
34196,2768.97
34197,3099.5
34198,3428.07
34199,3726.09
34200,3735.19
34201,4096.02
34202,4999.87
34203,7998.8
34204,9000.28
34205,11000.73
34206,11500.93
34207,11447.47
34208,11448.82
34209,10000.4
34210,9000.42
34211,9000.5
34212,8866.37
34213,8499.81
34214,9070.24
34215,8888.03
34216,7970.98
34217,7500.92
34218,7500.47
34219,7370.9
34220,7100.52
34221,6970.44
34222,6970.62
34223,6000.82
34224,6000.6
34225,5469.23
34226,5000.08
34227,4858.56
34228,4412.86
34229,4228.85
34230,4099.25
34231,4280.1
34232,4228.23
34233,4280.39
34234,4283.36
34235,4322.5
34236,4333.56
34237,4750.76
34238,4999.21
34239,5000.84
34240,6000.26
34241,8100.12
34242,8100.92
34243,12000.0
34244,12000.0
34245,12000.0
34246,12000.0
34247,12000.0
34248,12000.0
34249,12000.0
34250,12000.0
34251,12000.0
34252,12000.0
34253,12000.0
34254,12000.0
34255,11283.73
34256,8100.95
34257,6500.03
34258,4999.25
34259,4501.9
34260,4393.57
34261,4270.87
34262,4332.18
34263,4304.97
34264,4196.18
34265,3750.34
34266,3735.23
34267,3685.0
34268,3505.81
34269,3428.46
34270,3305.96
34271,3099.22
34272,3030.64
34273,2891.8
34274,2830.3
34275,2768.89
34276,2768.2
34277,2543.21
34278,2449.65
34279,2360.86
34280,2302.67
34281,2400.35
34282,2360.5
34283,2302.98
34284,2360.46
34285,2360.77
34286,2360.87
34287,2360.6
34288,2449.18
34289,2519.33
34290,2768.08
34291,2768.71
34292,2840.44
34293,3225.48
34294,3475.63
34295,3735.1
34296,3735.86
34297,4099.52
34298,6000.07
34299,6099.91
34300,8866.9
34301,12000.0
34302,12000.0
34303,12000.0
34304,12000.0
34305,12000.0
34306,12000.0
34307,11460.07
34308,11460.76
34309,9520.4
34310,10000.23
34311,10000.5
34312,9000.5
34313,8560.83
34314,8560.67
34315,8250.66
34316,6998.08
34317,5500.72
34318,4998.25
34319,4500.86
34320,4270.56
34321,4050.99
34322,3976.0
34323,3814.92
34324,3735.88
34325,3300.23
34326,3225.89
34327,3300.49
34328,3300.48
34329,3300.92
34330,3726.89
34331,3735.48
34332,3735.67
34333,3756.89
34334,3946.0
34335,4228.99
34336,4800.1
34337,4758.99
34338,6000.59
34339,8100.12
34340,9000.03
34341,12000.0
34342,12000.0
34343,12000.0
34344,12000.0
34345,12000.0
34346,12000.0
34347,12000.0
34348,12000.0
34349,12000.0
34350,12000.0
34351,12000.0
34352,8866.58
34353,6287.26
34354,4680.58
34355,4500.3
34356,4479.58
34357,3999.63
34358,4079.98
34359,4206.81
34360,4000.47
34361,3508.44
34362,3300.14
34363,3225.2
34364,3150.87
34365,3030.18
34366,3030.63
34367,2910.85
34368,2910.09
34369,2910.29
34370,2891.2
34371,2879.79
34372,2840.17
34373,2768.43
34374,2691.64
34375,2700.5
34376,2590.29
34377,2543.96
34378,2543.77
34379,2500.13
34380,2449.95
34381,2449.48
34382,2449.62
34383,2449.32
34384,2449.06
34385,2543.51
34386,2768.34
34387,2768.94
34388,2865.77
34389,3000.84
34390,3400.98
34391,3735.04
34392,3800.07
34393,4295.84
34394,4998.31
34395,5090.06
34396,5950.71
34397,6516.79
34398,8866.79
34399,11998.99
34400,12000.0
34401,12000.0
34402,11446.53
34403,11000.09
34404,9000.67
34405,9000.18
34406,9000.13
34407,8866.31
34408,8866.39
34409,8800.19
34410,8800.02
34411,8300.0
34412,6998.29
34413,5500.17
34414,5000.41
34415,4700.55
34416,4335.89
34417,4300.89
34418,4300.75
34419,4099.1
34420,3800.86
34421,3726.81
34422,3500.78
34423,3500.6
34424,3500.58
34425,3500.68
34426,3756.76
34427,3800.07
34428,3800.16
34429,3800.89
34430,4099.52
34431,4283.32
34432,4800.99
34433,5000.1
34434,6100.42
34435,8300.57
34436,9000.16
34437,8300.31
34438,5100.93
34439,6099.06
34440,8300.3
34441,8300.17
34442,8300.12
34443,6500.98
34444,6099.04
34445,8300.79
34446,8866.96
34447,8300.83
34448,6516.76
34449,5000.64
34450,4700.3
34451,4694.53
34452,4500.18
34453,4000.09
34454,3814.58
34455,3799.71
34456,3545.97
34457,3225.9
34458,3135.71
34459,3030.96
34460,3030.71
34461,2910.77
34462,2910.03
34463,2855.93
34464,2855.3
34465,2768.93
34466,2768.29
34467,2768.06
34468,2543.97
34469,2543.01
34470,2400.9
34471,2360.33
34472,2302.73
34473,2150.5
34474,2150.32
34475,2150.43
34476,2150.14
34477,2150.61
34478,2150.52
34479,2150.71
34480,2360.33
34481,2360.98
34482,2543.88
34483,2650.71
34484,2768.88
34485,3000.43
34486,3280.76
34487,3475.48
34488,3735.21
34489,4005.86
34490,4618.63
34491,6450.43
34492,6920.71
34493,12000.0
34494,12000.0
34495,12000.0
34496,12000.0
34497,12000.0
34498,12000.0
34499,12000.0
34500,12000.0
34501,12000.0
34502,12000.0
34503,12000.0
34504,10889.09
34505,10000.08
34506,10000.54
34507,9300.73
34508,9000.84
34509,8451.92
34510,7500.52
34511,6250.79
34512,6000.92
34513,6250.17
34514,5850.1
34515,5100.89
34516,4800.53
34517,4500.16
34518,4284.03
34519,4500.44
34520,4500.07
34521,4500.17
34522,4800.23
34523,4800.38
34524,4800.78
34525,4800.98
34526,5100.79
34527,5300.85
34528,5770.89
34529,6000.99
34530,9000.44
34531,11553.18
34532,12000.0
34533,12000.0
34534,12000.0
34535,12000.0
34536,12000.0
34537,12000.0
34538,12000.0
34539,12000.0
34540,12000.0
34541,12000.0
34542,12000.0
34543,12000.0
34544,10000.3
34545,7300.09
34546,5700.61
34547,4500.66
34548,4412.98
34549,4385.92
34550,4261.97
34551,4203.2
34552,3800.17
34553,3545.13
34554,3425.66
34555,3415.68
34556,3250.68
34557,3135.35
34558,3030.49
34559,2938.3
34560,2910.85
34561,2840.1
34562,2700.62
34563,2600.27
34564,2543.62
34565,2449.73
34566,2360.69
34567,2302.96
34568,2150.72
34569,2150.68
34570,2150.41
34571,2150.09
34572,2150.03
34573,2150.09
34574,2138.78
34575,2150.0
34576,2150.5
34577,2449.72
34578,2543.85
34579,2590.7
34580,2610.93
34581,2938.1
34582,3225.72
34583,3428.6
34584,3690.07
34585,4099.43
34586,4667.09
34587,4999.62
34588,6999.15
34589,9000.14
34590,12000.0
34591,12000.0
34592,12000.0
34593,12000.0
34594,12000.0
34595,12000.0
34596,12000.0
34597,12000.0
34598,12000.0
34599,12000.0
34600,12000.0
34601,11000.44
34602,11000.32
34603,10300.83
34604,10000.47
34605,9500.04
34606,8500.78
34607,7500.37
34608,7500.32
34609,7220.8
34610,7000.02
34611,6000.63
34612,5469.05
34613,4284.3
34614,4228.36
34615,4334.54
34616,4284.41
34617,4500.67
34618,4800.43
34619,4800.59
34620,4999.77
34621,4999.7
34622,5500.28
34623,5800.49
34624,6000.52
34625,7000.5
34626,10000.1
34627,12000.0
34628,12000.0
34629,12000.0
34630,12000.0
34631,12000.0
34632,12000.0
34633,12000.0
34634,12000.0
34635,12000.0
34636,12000.0
34637,12000.0
34638,12000.0
34639,11853.75
34640,8000.08
34641,5700.83
34642,6004.46
34643,5100.45
34644,5000.24
34645,4750.96
34646,4608.9
34647,4537.17
34648,4387.48
34649,3750.74
34650,3615.33
34651,3300.67
34652,3225.42
34653,3030.18
34654,3023.09
34655,2910.84
34656,2910.54
34657,2610.6
34658,2543.97
34659,2590.04
34660,2543.49
34661,2540.82
34662,2449.7
34663,2449.08
34664,2402.46
34665,2375.7
34666,2375.34
34667,2360.81
34668,2360.76
34669,2375.34
34670,2375.3
34671,2375.23
34672,2449.83
34673,2543.07
34674,2610.18
34675,2768.43
34676,2768.8
34677,2910.87
34678,3099.84
34679,3370.55
34680,3610.54
34681,4099.35
34682,4284.08
34683,4500.64
34684,5090.33
34685,7000.12
34686,7998.92
34687,9000.91
34688,12000.0
34689,9023.23
34690,10500.05
34691,9000.26
34692,9000.63
34693,8863.71
34694,9000.91
34695,10125.71
34696,8863.65
34697,8100.74
34698,8699.18
34699,8863.43
34700,8100.54
34701,8100.46
34702,8100.74
34703,7899.38
34704,7150.72
34705,7150.46
34706,6099.64
34707,5469.59
34708,5469.23
34709,4284.26
34710,4280.01
34711,4500.5
34712,4284.45
34713,4284.47
34714,4500.87
34715,5570.13
34716,5469.95
34717,5800.31
34718,5800.74
34719,6000.4
34720,6000.77
34721,7680.62
34722,9000.15
34723,8736.32
34724,11300.07
34725,8100.34
34726,8100.49
34727,11300.05
34728,12000.0
34729,12000.0
34730,12000.0
34731,12000.0
34732,12000.0
34733,12000.0
34734,12000.0
34735,12000.0
34736,9000.46
34737,5500.79
34738,5000.72
34739,4700.55
34740,4544.42
34741,4500.45
34742,4499.82
34743,3950.94
34744,3785.83
34745,3545.64
34746,3545.26
34747,3225.54
34748,3135.43
34749,3014.41
34750,2938.22
34751,2840.97
34752,2865.71
34753,2891.23
34754,2840.73
34755,2840.32
34756,2771.39
34757,2768.3
34758,2650.18
34759,2590.83
34760,2543.14
34761,2500.92
34762,2500.28
34763,2449.98
34764,2449.84
34765,2500.06
34766,2500.05
34767,2500.01
34768,2500.76
34769,2640.23
34770,2768.69
34771,2830.48
34772,2910.15
34773,3225.89
34774,3500.79
34775,3735.82
34776,4110.18
34777,4500.99
34778,5200.93
34779,5700.41
34780,6100.72
34781,8863.42
34782,11247.96
34783,10234.85
34784,12000.0
34785,12000.0
34786,12000.0
34787,12000.0
34788,10000.75
34789,10000.12
34790,10000.36
34791,11250.02
34792,10000.47
34793,10000.04
34794,10000.22
34795,10000.52
34796,9000.75
34797,8200.99
34798,9000.03
34799,8200.05
34800,7150.7
34801,7150.85
34802,6500.42
34803,5700.05
34804,4824.89
34805,4284.27
34806,4228.88
34807,4608.77
34808,4334.98
34809,4284.97
34810,4284.57
34811,4263.82
34812,4270.09
34813,4824.59
34814,4769.64
34815,5700.37
34816,6000.64
34817,7680.73
34818,7680.66
34819,8200.34
34820,11658.82
34821,8200.96
34822,9000.6
34823,8201.0
34824,12000.0
34825,12000.0
34826,12000.0
34827,12000.0
34828,10000.8
34829,10000.06
34830,10186.97
34831,10000.24
34832,7680.95
34833,5750.19
34834,5700.98
34835,5661.0
34836,5000.37
34837,4680.35
34838,4680.82
34839,4500.94
34840,4424.77
34841,3947.33
34842,3735.96
34843,3685.05
34844,3508.03
34845,3225.19
34846,3225.16
34847,2999.14
34848,2938.48
34849,2891.76
34850,2851.07
34851,2840.6
34852,2804.19
34853,2800.19
34854,2768.63
34855,2768.1
34856,2650.03
34857,2590.87
34858,2543.82
34859,2543.19
34860,2543.06
34861,2543.01
34862,2543.21
34863,2510.32
34864,2543.39
34865,2768.03
34866,2800.23
34867,2840.39
34868,2910.36
34869,3300.99
34870,3570.02
34871,3735.49
34872,4077.79
34873,4694.26
34874,6000.14
34875,6500.32
34876,9420.71
34877,12000.0
34878,12000.0
34879,12000.0
34880,12000.0
34881,12000.0
34882,12000.0
34883,12000.0
34884,12000.0
34885,12000.0
34886,12000.0
34887,12000.0
34888,12000.0
34889,11000.97
34890,11000.18
34891,11000.06
34892,8863.57
34893,8000.9
34894,8863.34
34895,7680.86
34896,7998.82
34897,7150.34
34898,5520.52
34899,5200.77
34900,4680.19
34901,4280.72
34902,4102.73
34903,4270.13
34904,4284.48
34905,4334.83
34906,4500.22
34907,4608.48
34908,4500.64
34909,4913.04
34910,5228.83
34911,4680.91
34912,5520.55
34913,7150.09
34914,7150.97
34915,7680.81
34916,12000.0
34917,6500.17
34918,7150.3
34919,10828.98
34920,12000.0
34921,12000.0
34922,12000.0
34923,8863.15
34924,7680.5
34925,8000.7
34926,8000.81
34927,6999.44
34928,6510.63
34929,5200.56
34930,5200.07
34931,4690.3
34932,4700.71
34933,4700.64
34934,5000.13
34935,4565.94
34936,4509.39
34937,3814.91
34938,3565.58
34939,3500.81
34940,3370.85
34941,3225.53
34942,3050.97
34943,2936.81
34944,2910.84
34945,2910.26
34946,2879.47
34947,2879.87
34948,2840.38
34949,2768.7
34950,2768.1
34951,2600.07
34952,2543.58
34953,2543.07
34954,2500.66
34955,2449.44
34956,2449.16
34957,2449.5
34958,2500.13
34959,2449.42
34960,2500.11
34961,2543.65
34962,2768.1
34963,2768.79
34964,2879.37
34965,3023.54
34966,3371.0
34967,3735.07
34968,3952.83
34969,4290.17
34970,4750.64
34971,7600.02
34972,8000.91
34973,7721.85
34974,8863.32
34975,12000.0
34976,12000.0
34977,12000.0
34978,12000.0
34979,12000.0
34980,12000.0
34981,12000.0
34982,12000.0
34983,12000.0
34984,12000.0
34985,11778.19
34986,12000.0
34987,12000.0
34988,10000.86
34989,9000.61
34990,9000.33
34991,8200.91
34992,8493.29
34993,7750.29
34994,6300.34
34995,6073.75
34996,5700.0
34997,4502.6
34998,4284.55
34999,4500.99
35000,4718.64
35001,5300.01
35002,5000.92
35003,5578.24
35004,5578.95
35005,6190.49
35006,6190.97
35007,6190.26
35008,6490.39
35009,8000.81
35010,8200.27
35011,9000.09
35012,10000.48
35013,8200.55
35014,8200.25
35015,8200.5
35016,12000.0
35017,12000.0
35018,12000.0
35019,12000.0
35020,12000.0
35021,11191.05
35022,12000.0
35023,10006.89
35024,8000.87
35025,6170.9
35026,6170.13
35027,5700.88
35028,5700.62
35029,5631.74
35030,5026.37
35031,4529.95
35032,4099.97
35033,3756.06
35034,3735.44
35035,3624.12
35036,3428.99
35037,3300.34
35038,3225.38
35039,3023.43
35040,2938.96
3169,3054.63
3170,3054.31
3171,3054.36
3172,3054.02
3173,3000.92
3174,3000.4
3175,2957.65
3176,2952.87
3177,2848.75
3178,2800.02
3179,2747.9
3180,2747.2
3181,2729.46
3182,2729.14
3183,2659.4
3184,2659.38
3185,2700.96
3186,2747.77
3187,2956.96
3188,3054.18
3189,3318.19
3190,3556.72
3191,3939.05
3192,3949.09
3193,4000.98
3194,5645.03
3195,6510.36
3196,8000.17
3197,8000.25
3198,8000.54
3199,8000.28
3200,7279.27
3201,5999.07
3202,5200.5
3203,4989.92
3204,4000.02
3205,3521.39
3206,3660.15
3207,4000.52
3208,3800.95
3209,3660.58
3210,3700.32
3211,4000.67
3212,4270.15
3213,4270.04
3214,4000.69
3215,3782.15
3216,3639.9
3217,3660.18
3218,3600.26
3219,3521.0
3220,3315.98
3221,3054.75
3222,3054.41
3223,3054.85
3224,3054.84
3225,3010.48
3226,3010.63
3227,3000.3
3228,3010.71
3229,3194.42
3230,3315.52
3231,3315.96
3232,3444.03
3233,3521.93
3234,3870.3
3235,3870.79
3236,4111.45
3237,4020.51
3238,3987.81
3239,4000.83
3240,5645.27
3241,5000.06
3242,5070.8
3243,5645.82
3244,6079.84
3245,5645.14
3246,5250.49
3247,5070.89
3248,5409.1
3249,4949.95
3250,4884.12
3251,4189.54
3252,3939.27
3253,3782.55
3254,3939.03
3255,3608.08
3256,3359.36
3257,3175.95
3258,3079.49
3259,3054.08
3260,3000.74
3261,3000.07
3262,2952.31
3263,2800.73
3264,2747.28
5857,3010.08
5858,2958.59
5859,2952.32
5860,2953.44
5861,2800.92
5862,2788.83
5863,2748.8
5864,2725.79
5865,2644.82
5866,2623.26
5867,2594.08
5868,2537.1
5869,2450.91
5870,2476.28
5871,2464.45
5872,2500.72
5873,2537.43
5874,2594.87
5875,2637.76
5876,2750.68
5877,3000.92
5878,3150.49
5879,3444.63
5880,3899.19
5881,4189.0
5882,4900.1
5883,5500.41
5884,7349.77
5885,7500.88
5886,8000.63
5887,8000.37
5888,7349.46
5889,5409.8
5890,4904.9
5891,4250.36
5892,4151.27
5893,3639.03
5894,3650.84
5895,4151.24
5896,3660.78
5897,4500.11
5898,4200.62
5899,4570.03
5900,4000.9
5901,3700.95
5902,3639.5
5903,3560.99
5904,3521.61
5905,3600.27
5906,3521.37
5907,3318.71
5908,3315.87
5909,3054.47
5910,2900.66
5911,2900.01
5912,2747.85
5913,2694.72
5914,2747.33
5915,2747.29
5916,2747.45
5917,3010.77
5918,3054.96
5919,3150.14
5920,3194.1
5921,3315.0
5922,3315.76
5923,3315.65
5924,3700.25
5925,3560.16
5926,3500.67
5927,4200.83
5928,4904.81
5929,5645.61
5930,5250.31
5931,5070.27
5932,5000.74
5933,5009.44
5934,5009.67
5935,5000.76
5936,4904.49
5937,4100.7
5938,4189.59
5939,4150.97
5940,3939.81
5941,3390.04
5942,3700.58
5943,3350.91
5944,3400.5
5945,3350.94
5946,3350.68
5947,3329.65
5948,3315.04
5949,3149.22
5950,3099.82
5951,3099.03
5952,3054.73
8833,3054.41
8834,3054.14
8835,3053.59
8836,3000.92
8837,3000.33
8838,2900.63
8839,2835.55
8840,2806.79
8841,2803.6
8842,2800.33
8843,2733.54
8844,2733.13
8845,2700.52
8846,2659.44
8847,2659.19
8848,2636.35
8849,2659.13
8850,2747.51
8851,2850.13
8852,3000.95
8853,3149.95
8854,3500.24
8855,4189.26
8856,4920.62
8857,4989.03
8858,5720.04
8859,6113.29
8860,7349.66
8861,8000.59
8862,8520.16
8863,8000.55
8864,7349.06
8865,5645.02
8866,4904.01
8867,4750.68
8868,4989.97
8869,4600.1
8870,4600.47
8871,5000.38
8872,4600.31
8873,5020.04
8874,4904.48
8875,4989.55
8876,4570.5
8877,4270.44
8878,4270.1
8879,4270.03
8880,4270.31
8881,4270.55
8882,4270.38
8883,3870.21
8884,3782.7
8885,3444.98
8886,3443.4
8887,3443.52
8888,3370.06
8889,3315.5
8890,3315.41
8891,3315.38
8892,3315.58
8893,3444.72
8894,3570.04
8895,3570.19
8896,3570.34
8897,3870.49
8898,4150.16
8899,5035.89
8900,5112.82
8901,5134.0
8902,4889.76
8903,4870.74
8904,5645.41
8905,5709.4
8906,5645.25
8907,5709.49
8908,6079.58
8909,6079.36
8910,5645.25
8911,5451.48
8912,5000.5
8913,4989.89
8914,4989.75
8915,4800.33
8916,4470.06
8917,3900.18
8918,4199.5
8919,3782.47
8920,3782.08
8921,3549.5
8922,3521.38
8923,3444.78
8924,3315.88
8925,3200.28
8926,3169.6
8927,3149.1
8928,3080.71
11713,3315.61
11714,3315.6
11715,3315.32
11716,3315.03
11717,3300.07
11718,3300.24
11719,3100.19
11720,3080.15
11721,3054.02
11722,3054.05
11723,3050.66
11724,3007.59
11725,3006.97
11726,3005.61
11727,3002.84
11728,3000.47
11729,3001.73
11730,3054.63
11731,3194.98
11732,3315.78
11733,3521.16
11734,3939.81
11735,4989.08
11736,5989.87
11737,6079.42
11738,6300.95
11739,9000.54
11740,10536.0
11741,10800.64
11742,11196.75
11743,10903.72
11744,8500.78
11745,6600.33
11746,5800.08
11747,5800.2
11748,5800.42
11749,5645.12
11750,5005.41
11751,5570.29
11752,5153.09
11753,4989.23
11754,4889.33
11755,4904.23
11756,4904.2
11757,4500.7
11758,4200.33
11759,4050.51
11760,4050.7
11761,4286.53
11762,4407.14
11763,3800.07
11764,3521.87
11765,3315.47
11766,3100.89
11767,3194.81
11768,3110.67
11769,3054.84
11770,3194.23
11771,3149.93
11772,3194.92
11773,3444.3
11774,3521.75
11775,3800.16
11776,4170.41
11777,4400.69
11778,4770.66
11779,5570.81
11780,6000.67
11781,6126.51
11782,6169.75
11783,6199.1
11784,8000.26
11785,7500.5
11786,7349.85
11787,7500.82
11788,8000.37
11789,7742.89
11790,7349.97
11791,7146.02
11792,6999.83
11793,6150.08
11794,6079.86
11795,5500.67
11796,5409.68
11797,5306.76
11798,4904.79
11799,4419.41
11800,4419.04
11801,4120.47
11802,4000.8
11803,3639.43
11804,3500.5
11805,3329.95
11806,3329.62
11807,3329.48
11808,3329.04
14689,3419.39
14690,3329.94
14691,3329.89
14692,3329.62
14693,3315.84
14694,3315.14
14695,3239.68
14696,3149.78
14697,3099.05
14698,3079.61
14699,3054.98
14700,3054.39
14701,3054.34
14702,3054.28
14703,3054.11
14704,3053.12
14705,3079.18
14706,3239.03
14707,3315.46
14708,3521.69
14709,3939.13
14710,4189.68
14711,5209.62
14712,6309.83
14713,6079.72
14714,6900.85
14715,8000.71
14716,8000.82
14717,11700.47
14718,12000.24
14719,8000.6
14720,7500.73
14721,5500.62
14722,5209.13
14723,4989.89
14724,5444.0
14725,5500.99
14726,5500.3
14727,4900.41
14728,4549.12
14729,5002.28
14730,4549.98
14731,5209.89
14732,4900.75
14733,3900.89
14734,3521.49
14735,3500.07
14736,3500.42
14737,3559.9
14738,3521.78
14739,3444.77
14740,3315.03
14741,3054.78
14742,2900.19
14743,2798.87
14744,2730.69
14745,2623.58
14746,2623.88
14747,2623.9
14748,2594.4
14749,2594.98
14750,2850.44
14751,3000.65
14752,3054.36
14753,3194.14
14754,3300.61
14755,3900.72
14756,4249.43
14757,4249.95
14758,4500.9
14759,3979.52
14760,4249.3
14761,4549.76
14762,4299.62
14763,4402.95
14764,4700.07
14765,4500.4
14766,4400.12
14767,4549.83
14768,4500.19
14769,4249.42
14770,4249.17
14771,4189.98
14772,3999.77
14773,3509.75
14774,3700.75
14775,3329.96
14776,3329.94
14777,3329.55
14778,3444.26
14779,3444.05
14780,3329.95
14781,3329.53
14782,3329.22
14783,3329.03
14784,3315.8
17569,3800.75
17570,3800.84
17571,3939.42
17572,3700.22
17573,3500.41
17574,3444.34
17575,3329.85
17576,3329.53
17577,3329.37
17578,3329.26
17579,3315.35
17580,3315.09
17581,3193.96
17582,3193.97
17583,3193.63
17584,3193.82
17585,3315.09
17586,3329.33
17587,3329.92
17588,3848.5
17589,3939.37
17590,4249.68
17591,5000.61
17592,6000.12
17593,6230.09
17594,8000.8
17595,13333.5
17596,13430.31
17597,15001.22
17598,15001.45
17599,15000.48
17600,8000.93
17601,7500.65
17602,6700.06
17603,6700.08
17604,6700.3
17605,6500.3
17606,6500.4
17607,6500.37
17608,6000.03
17609,5800.7
17610,5800.81
17611,6000.53
17612,5800.1
17613,5270.25
17614,5000.42
17615,4901.11
17616,4670.89
17617,4870.72
17618,4904.89
17619,4499.59
17620,4270.8
17621,3870.28
17622,3570.0
17623,3570.19
17624,3570.32
17625,3521.9
17626,3570.06
17627,3570.3
17628,3570.42
17629,4020.63
17630,4055.01
17631,4370.57
17632,4570.16
17633,4750.84
17634,5270.85
17635,5950.81
17636,6145.73
17637,6001.62
17638,6145.19
17639,6001.73
17640,8742.15
17641,9999.46
17642,9808.1
17643,9999.24
17644,9999.63
17645,9999.65
17646,9999.59
17647,9999.39
17648,9999.21
17649,6841.63
17650,6750.52
17651,6374.71
17652,6079.21
17653,5502.49
17654,5382.71
17655,4883.86
17656,4755.2
17657,4665.87
17658,4861.71
17659,4861.16
17660,4636.95
17661,4249.32
17662,3999.09
17663,3848.96
17664,3556.17
20545,3521.56
20546,3799.79
20547,3809.41
20548,3500.91
20549,3444.06
20550,3315.94
20551,3315.63
20552,3315.35
20553,3239.13
20554,3193.77
20555,3132.52
20556,3099.8
20557,3054.93
20558,3054.93
20559,3053.57
20560,3053.4
20561,3079.11
20562,3200.69
20563,3315.64
20564,3500.1
20565,3979.24
20566,4470.86
20567,5333.86
20568,5500.46
20569,7500.88
20570,10100.71
20571,15003.31
20572,15005.39
20573,15006.78
20574,15005.45
20575,15005.35
20576,15003.46
20577,13430.41
20578,9999.51
20579,7500.87
20580,7600.17
20581,7500.68
20582,7500.12
20583,7400.09
20584,6470.52
20585,6470.57
20586,6470.49
20587,6470.43
20588,6470.35
20589,5500.39
20590,5500.1
20591,5670.26
20592,5020.39
20593,5570.61
20594,5570.52
20595,4770.25
20596,4770.09
20597,3979.15
20598,3521.77
20599,3809.76
20600,3799.72
20601,3500.08
20602,3700.95
20603,3999.33
20604,4000.04
20605,4249.05
20606,4500.61
20607,4999.98
20608,5000.41
20609,5570.38
20610,5570.96
20611,7000.21
20612,7187.32
20613,5645.9
20614,7500.67
20615,7500.47
20616,9999.18
20617,7500.82
20618,8520.17
20619,7500.34
20620,12000.6
20621,11111.42
20622,10800.14
20623,9999.66
20624,9999.05
20625,7650.47
20626,7600.73
20627,7500.63
20628,6333.71
20629,5974.51
20630,5400.82
20631,4904.57
20632,4611.43
20633,4419.34
20634,4419.22
20635,4419.43
20636,4150.11
20637,4008.06
20638,3900.34
20639,3610.36
20640,3419.37
23521,3848.08
23522,3809.96
23523,4000.4
23524,3907.8
23525,3799.94
23526,3444.55
23527,3444.83
23528,3444.1
23529,3315.76
23530,3315.72
23531,3315.4
23532,3315.06
23533,3239.02
23534,3200.14
23535,3174.34
23536,3169.76
23537,3174.23
23538,3315.4
23539,3315.52
23540,3315.58
23541,3521.53
23542,3999.39
23543,4989.84
23544,6020.88
23545,8627.84
23546,12600.81
23547,16019.33
23548,16042.59
23549,16047.47
23550,16034.96
23551,16005.52
23552,15506.87
23553,8000.42
23554,5645.57
23555,4540.57
23556,4500.09
23557,4500.66
23558,4499.94
23559,4900.54
23560,4749.45
23561,4749.73
23562,4989.42
23563,5645.92
23564,6309.31
23565,5000.07
23566,4989.75
23567,5000.47
23568,4989.94
23569,5645.68
23570,5770.1
23571,5000.91
23572,4989.32
23573,3660.91
23574,3660.65
23575,3999.98
23576,4000.49
23577,3818.96
23578,4000.32
23579,3720.98
23580,3999.08
23581,4000.63
23582,4500.61
23583,4600.2
23584,5520.06
23585,5500.38
23586,6020.17
23587,7500.52
23588,7570.36
23589,5709.32
23590,7700.6
23591,9999.63
23592,14366.67
23593,12650.09
23594,13444.93
23595,13430.66
23596,16000.48
23597,16000.34
23598,16000.23
23599,15000.07
23600,13430.1
23601,9999.74
23602,9999.15
23603,8632.91
23604,7500.92
23605,7000.5
23606,6911.66
23607,5645.49
23608,4500.5
23609,5000.2
23610,5409.48
23611,5120.32
23612,4950.7
23613,4500.96
23614,4270.56
23615,3848.64
23616,3610.64
26401,4499.41
26402,4249.11
26403,4800.04
26404,4499.08
26405,4000.81
26406,3979.24
26407,3660.6
26408,3521.63
26409,3521.33
26410,3444.77
26411,3400.29
26412,3329.67
26413,3315.47
26414,3315.26
26415,3315.21
26416,3239.78
26417,3315.24
26418,3329.49
26419,3444.16
26420,3444.62
26421,3798.42
26422,3999.83
26423,4989.04
26424,5500.41
26425,7500.39
26426,12000.78
26427,17935.31
26428,17963.81
26429,17965.17
26430,17961.79
26431,17927.07
26432,12000.74
26433,5645.94
26434,4800.82
26435,4499.76
26436,4600.1
26437,4989.42
26438,4989.19
26439,5570.82
26440,5570.73
26441,5570.17
26442,5570.96
26443,6770.72
26444,6770.8
26445,5570.75
26446,5570.65
26447,5570.74
26448,5570.59
26449,6270.18
26450,6270.41
26451,5570.29
26452,4499.98
26453,3999.11
26454,3979.19
26455,3999.13
26456,3999.27
26457,3710.8
26458,3999.09
26459,4299.49
26460,4000.55
26461,4499.22
26462,5270.03
26463,5270.19
26464,6120.06
26465,6120.55
26466,6923.8
26467,8000.06
26468,8120.39
26469,7500.08
26470,8120.15
26471,8142.7
26472,16525.46
26473,16010.28
26474,17777.9
26475,17902.04
26476,17909.95
26477,17900.73
26478,16388.25
26479,13430.52
26480,14697.82
26481,11999.43
26482,8000.84
26483,8000.15
26484,6666.81
26485,7850.15
26486,7500.73
26487,7200.67
26488,6020.01
26489,6020.41
26490,5870.79
26491,5670.25
26492,5670.92
26493,5000.3
26494,5000.97
26495,4400.03
26496,3939.73
29377,4449.69
29378,4570.17
29379,4249.34
29380,4189.52
29381,3999.03
29382,3939.96
29383,3616.13
29384,3444.88
29385,3444.29
29386,3400.23
29387,3315.84
29388,3315.75
29389,3315.06
29390,3315.11
29391,3193.86
29392,3239.73
29393,3315.5
29394,3444.29
29395,3521.13
29396,3639.62
29397,4249.39
29398,4989.52
29399,6309.17
29400,7500.88
29401,8020.99
29402,15555.76
29403,18531.94
29404,19577.91
29405,19995.12
29406,19994.58
29407,18888.4
29408,10079.12
29409,6309.85
29410,6145.87
29411,6309.41
29412,5149.16
29413,5570.87
29414,5570.3
29415,5970.06
29416,4989.16
29417,4599.98
29418,4599.31
29419,4989.07
29420,4989.68
29421,4419.34
29422,4419.15
29423,4250.52
29424,4200.04
29425,4189.92
29426,3999.77
29427,3800.59
29428,3444.87
29429,3317.1
29430,3400.79
29431,3317.67
29432,3317.57
29433,3317.01
29434,3400.14
29435,3444.79
29436,3444.6
29437,3444.64
29438,3600.93
29439,3949.95
29440,3979.96
29441,4449.07
29442,6555.05
29443,6309.53
29444,6555.85
29445,5645.99
29446,7479.76
29447,8320.43
29448,12000.59
29449,7500.41
29450,13430.69
29451,13430.45
29452,18888.36
29453,17810.29
29454,17200.21
29455,15500.21
29456,12000.87
29457,9999.07
29458,7998.9
29459,7500.57
29460,5709.42
29461,5709.71
29462,5000.33
29463,4469.95
29464,4419.69
29465,4419.91
29466,5409.82
29467,5409.74
29468,4599.56
29469,4000.43
29470,4299.82
29471,3978.54
29472,4000.14
32257,6545.68
32258,6639.43
32259,6334.61
32260,6145.99
32261,5409.85
32262,4816.92
32263,4499.16
32264,4350.95
32265,3999.25
32266,3999.33
32267,3900.26
32268,3900.06
32269,3799.75
32270,3839.8
32271,3839.27
32272,3799.76
32273,3839.41
32274,3999.29
32275,4249.16
32276,4289.31
32277,5645.73
32278,7007.55
32279,8437.02
32280,9653.47
32281,13430.77
32282,18888.94
32283,19998.9
32284,20000.0
32285,19999.88
32286,19999.42
32287,19998.09
32288,16000.41
32289,7400.95
32290,7400.61
32291,7400.74
32292,6600.5
32293,6319.53
32294,5645.35
32295,5645.76
32296,4500.45
32297,4289.98
32298,4289.84
32299,4289.96
32300,4289.16
32301,4289.07
32302,4289.57
32303,4500.22
32304,4770.49
32305,4570.71
32306,4570.55
32307,4570.43
32308,3870.99
32309,3870.55
32310,3870.39
32311,3870.34
32312,3870.4
32313,3870.38
32314,3870.44
32315,3870.54
32316,3870.67
32317,3870.86
32318,4070.92
32319,4570.89
32320,4570.92
32321,5645.37
32322,7250.06
32323,7500.47
32324,7600.73
32325,7500.48
32326,8000.87
32327,8000.88
32328,13430.21
32329,13430.9
32330,16000.55
32331,17560.71
32332,19010.32
32333,17731.91
32334,17471.24
32335,17220.25
32336,16000.73
32337,11999.53
32338,11008.13
32339,10601.22
32340,8812.67
32341,8810.87
32342,8124.18
32343,7533.97
32344,7500.91
32345,7504.35
32346,8501.21
32347,8505.58
32348,6892.13
32349,6507.24
32350,6503.48
32351,5830.88
32352,5645.42
6817,6555.41
6818,6555.51
6819,6500.38
6820,5645.8
6821,5499.84
6822,5409.17
6823,5409.9
6824,4904.47
6825,4289.41
6826,4289.29
6827,4239.39
6828,3979.47
6829,3839.56
6830,3839.47
6831,3798.7
6832,3750.37
6833,3800.08
6834,4170.9
6835,4289.99
6836,4370.82
6837,5645.75
6838,6555.64
6839,10594.04
6840,10989.02
6841,7500.82
6842,8000.04
6843,10079.27
6844,11111.81
6845,11111.93
6846,8000.83
6847,8000.11
6848,6319.06
6849,5645.14
6850,5000.65
6851,4650.96
6852,4489.82
6853,4023.5
6854,3710.08
6855,4289.02
6856,3660.38
6857,3521.22
6858,3660.57
6859,3979.39
6860,4289.29
6861,3860.67
6862,3660.26
6863,3710.88
6864,3720.07
6865,3710.52
6866,3750.27
6867,3521.66
6868,3444.77
6869,3200.91
6870,3193.33
6871,3193.02
6872,3100.75
6873,3054.84
6874,3100.42
6875,3100.3
6876,3100.31
6877,3100.24
6878,3174.83
6879,3315.15
6880,3300.2
6881,3315.63
6882,3500.51
6883,3600.64
6884,4444.49
6885,3979.73
6886,4551.76
6887,4700.54
6888,5409.58
6889,4989.02
6890,5000.4
6891,6999.17
6892,8989.25
6893,6999.39
6894,6840.36
6895,6319.69
6896,5500.63
6897,4904.51
6898,4989.47
6899,5200.42
6900,4904.8
6901,4989.29
6902,4289.81
6903,4289.23
6904,4289.05
6905,4555.34
6906,5409.03
6907,5409.82
6908,5000.3
6909,4555.55
6910,4289.44
6911,3977.06
6912,3909.01
6913,7223.15
6914,6544.47
6915,6319.26
6916,5645.36
6917,5365.86
6918,5365.69
6919,4979.89
6920,4289.89
6921,4289.18
6922,3999.8
6923,3950.43
6924,3839.5
6925,3892.03
6926,3892.23
6927,3839.72
6928,3839.32
6929,3999.08
6930,4194.68
6931,4289.83
6932,4489.09
6933,5500.46
6934,6333.43
6935,9999.88
6936,10989.64
6937,9999.96
6938,19998.41
6939,20000.0
6940,20000.0
6941,20000.0
6942,20000.0
6943,20000.0
6944,19999.85
6945,10517.35
6946,9999.39
6947,8000.56
6948,5645.68
6949,5645.23
6950,5645.03
6951,5645.71
6952,5409.44
6953,5040.0
6954,5499.01
6955,6319.41
6956,6145.0
6957,5409.97
6958,5304.84
6959,5270.79
6960,5270.67
6961,5170.67
6962,5170.43
6963,5170.05
6964,4370.18
6965,3500.82
6966,3315.79
6967,3315.91
6968,3436.12
6969,3315.81
6970,3436.4
6971,3500.67
6972,3521.36
6973,3900.97
6974,4200.76
6975,4500.75
6976,4400.19
6977,4900.53
6978,7500.46
6979,7500.29
6980,8370.08
6981,6145.37
6982,7500.04
6983,6145.27
6984,12000.92
6985,11111.39
6986,13430.83
6987,19999.94
6988,20000.0
6989,19998.61
6990,13999.98
6991,13999.73
6992,13999.52
6993,10501.0
6994,12000.35
6995,12702.37
6996,8142.33
6997,8000.46
6998,7500.38
6999,7209.2
7000,5645.38
7001,8000.84
7002,11624.74
7003,11623.3
7004,9902.01
7005,7500.24
7006,7170.57
7007,6170.23
7008,5499.64
7009,7500.44
7010,7070.91
7011,7499.13
7012,5645.78
7013,5645.42
7014,5645.08
7015,5409.59
7016,5000.47
7017,4989.12
7018,4444.83
7019,4444.12
7020,4289.4
7021,3999.83
7022,3999.64
7023,3839.66
7024,3969.47
7025,3999.85
7026,4289.4
7027,4289.54
7028,4500.03
7029,5400.19
7030,6500.61
7031,5709.66
7032,5645.44
7033,5400.25
7034,8000.75
7035,8000.62
7036,13430.27
7037,14999.92
7038,13430.32
7039,8000.26
7040,7499.11
7041,5000.81
7042,4599.06
7043,4200.59
7044,4151.8
7045,4989.06
7046,4729.7
7047,5344.25
7048,4989.72
7049,4500.1
7050,4500.03
7051,5000.35
7052,5250.43
7053,5000.63
7054,5000.14
7055,5770.11
7056,5645.99
7057,5570.46
7058,5570.73
7059,5570.36
7060,4870.28
7061,4020.13
7062,3944.74
7063,3909.43
7064,3999.06
7065,3710.15
7066,3909.4
7067,4020.04
7068,4020.12
7069,4500.99
7070,4570.45
7071,5070.22
7072,5070.37
7073,5409.39
7074,7500.79
7075,7500.35
7076,7500.81
7077,6000.73
7078,6319.06
7079,6319.41
7080,6319.91
7081,6124.1
7082,10532.54
7083,13999.09
7084,13999.62
7085,13999.34
7086,13999.0
7087,13430.56
7088,12000.6
7089,7500.92
7090,7500.38
7091,5500.16
7092,5645.16
7093,5645.19
7094,5645.37
7095,6145.9
7096,6860.54
7097,8520.04
7098,8520.34
7099,8142.61
7100,8520.43
7101,8020.29
7102,8000.55
7103,6145.4
7104,5645.29
7105,8111.84
7106,8504.46
7107,8111.98
7108,7761.86
7109,7132.92
7110,7003.24
7111,6319.11
7112,5710.31
7113,5499.4
7114,5000.23
7115,4970.39
7116,4470.9
7117,4400.22
7118,4369.25
7119,4289.26
7120,4289.25
7121,4289.38
7122,4670.02
7123,4989.49
7124,5070.49
7125,5645.03
7126,6000.85
7127,5645.63
7128,6000.13
7129,5645.79
7130,8000.79
7131,9201.85
7132,13430.77
7133,15079.23
7134,9999.28
7135,8000.72
7136,8000.22
7137,7500.86
7138,6504.22
7139,7500.31
7140,6500.46
7141,5550.88
7142,5645.2
7143,6094.93
7144,6004.07
7145,5176.29
7146,5550.2
7147,5570.76
7148,5570.77
7149,5570.2
7150,5570.2
7151,6170.09
7152,6170.37
7153,5970.57
7154,5970.68
7155,5970.18
7156,5270.06
7157,4000.65
7158,3999.1
7159,3800.88
7160,3400.75
7161,3370.78
7162,3500.65
7163,3507.94
7164,3567.95
7165,3700.61
7166,3999.75
7167,4500.81
7168,5400.92
7169,5709.34
7170,7500.62
7171,8000.26
7172,8320.19
7173,7500.53
7174,8000.36
7175,8000.79
7176,12000.74
7177,9000.1
7178,12000.86
7179,15750.27
7180,16001.24
7181,13999.79
7182,13999.44
7183,12729.85
7184,8142.16
7185,8629.21
7186,8142.2
7187,8000.94
7188,8950.65
7189,8142.6
7190,8000.13
7191,7500.82
7192,7896.4
7193,9805.62
7194,9804.22
7195,9367.42
7196,9500.05
7197,9244.74
7198,9244.82
7199,8518.54
7200,8109.59
7201,10742.91
7202,10458.56
7203,10464.09
7204,9436.89
7205,8206.68
7206,7690.03
7207,7165.44
7208,6959.28
7209,6790.55
7210,6790.08
7211,6500.67
7212,5796.84
7213,5661.26
7214,5653.51
7215,5566.27
7216,5645.26
7217,5645.22
7218,5970.54
7219,6152.42
7220,6274.62
7221,7609.56
7222,8349.4
7223,9232.18
7224,9641.6
7225,9139.18
7226,9999.56
7227,10989.39
7228,19998.92
7229,20000.0
7230,19994.71
7231,13430.63
7232,9998.79
7233,8000.84
7234,8000.65
7235,7603.59
7236,5645.98
7237,4444.41
7238,4150.48
7239,6670.12
7240,6670.22
7241,6972.86
7242,7215.17
7243,7500.55
7244,7456.59
7245,7472.77
7246,6999.82
7247,7101.36
7248,6999.81
7249,6770.92
7250,6874.25
7251,6770.86
7252,6370.59
7253,4250.36
7254,4066.57
7255,4289.44
7256,4289.95
7257,4000.72
7258,4370.1
7259,4370.46
7260,4370.58
7261,4770.84
7262,5809.38
7263,5500.54
7264,6370.69
7265,6568.14
7266,8629.34
7267,9200.25
7268,10107.08
7269,8619.0
7270,9316.47
7271,8938.47
7272,11800.9
7273,9999.76
7274,14999.77
7275,18121.74
7276,18004.18
7277,14999.88
7278,14999.73
7279,14999.41
7280,14405.66
7281,11910.31
7282,12304.03
7283,11802.61
7284,9999.56
7285,9998.07
7286,9206.05
7287,8627.76
7288,8520.42
7289,8520.22
7290,8520.88
7291,7999.68
7292,7609.99
7293,7999.4
7294,7959.7
7295,7728.47
7296,7210.63
7297,11804.79
7298,12000.51
7299,12040.17
7300,11800.77
7301,9502.98
7302,9501.33
7303,8989.51
7304,8520.95
7305,7999.94
7306,7500.58
7307,7370.99
7308,8142.32
7309,7999.55
7310,7500.34
7311,7499.35
7312,6666.98
7313,6666.93
7314,7499.47
7315,8000.38
7316,8000.56
7317,9244.15
7318,9900.05
7319,10624.79
7320,11095.81
7321,12244.95
7322,20000.0
7323,19501.7
7324,20000.0
7325,20000.0
7326,20000.0
7327,20000.0
7328,19998.58
7329,9244.74
7330,5645.43
7331,5000.53
7332,4979.72
7333,3800.41
7334,3700.7
7335,3700.06
7336,3824.38
7337,3700.23
7338,3491.93
7339,3757.88
7340,3507.46
7341,3540.88
7342,3720.85
7343,3750.75
7344,3772.05
7345,3798.17
7346,3798.91
7347,3320.58
7348,3315.7
7349,3257.51
7350,3183.09
7351,3202.73
7352,3123.97
7353,3123.35
7354,3123.63
7355,3231.65
7356,3720.21
7357,3713.78
7358,3950.64
7359,4289.56
7360,4989.16
7361,4199.11
7362,4699.14
7363,5199.04
7364,5645.15
7365,4700.87
7366,4979.11
7367,4150.07
7368,4289.21
7369,4000.95
7370,4699.59
7371,5000.21
7372,6556.0
7373,5899.19
7374,5645.67
7375,5645.96
7376,5523.02
7377,5000.2
7378,4979.03
7379,4979.24
7380,4699.26
7381,4494.43
7382,4289.91
7383,4289.76
7384,4493.08
7385,4491.16
7386,4498.37
7387,4979.97
7388,5419.92
7389,4979.76
7390,4200.34
7391,4599.33
7392,4699.53
7393,7499.52
7394,6500.93
7395,5709.47
7396,5709.86
7397,5709.41
7398,5709.67
7399,5709.79
7400,5709.97
7401,5645.4
7402,5499.31
7403,4989.39
7404,4989.29
7405,4199.89
7406,4000.9
7407,3798.9
7408,3798.36
7409,3798.22
7410,4979.72
7411,4989.08
7412,5455.8
7413,6500.09
7414,7500.0
7415,6500.66
7416,8520.29
7417,18503.17
7418,19991.47
7419,20000.0
7420,20000.0
7421,20000.0
7422,19998.16
7423,15831.5
7424,11950.11
7425,9244.81
7426,6500.84
7427,6618.21
7428,4999.54
7429,5999.64
7430,5499.91
7431,5199.24
7432,5999.72
7433,5500.27
7434,5709.2
7435,7257.85
7436,8020.48
7437,8020.29
7438,7570.76
7439,7570.73
7440,7570.69
7441,7570.29
7442,7570.17
7443,7298.01
7444,4999.88
7445,3749.42
7446,3500.77
7447,3510.66
7448,3507.81
7449,3507.38
7450,3507.11
7451,3700.52
7452,4900.07
7453,5500.21
7454,6470.07
7455,6000.43
7456,6500.8
7457,7269.66
7458,7754.88
7459,8222.1
7460,8700.92
7461,7807.32
7462,8022.07
7463,7272.65
7464,12398.52
7465,6000.45
7466,6400.0
7467,12999.1
7468,13430.93
7469,19501.32
7470,19998.06
7471,19998.27
7472,18831.0
7473,12999.02
7474,9500.76
7475,8090.7
7476,9500.79
7477,12000.59
7478,9592.37
7479,10412.0
7480,9500.05
7481,9500.89
7482,9999.39
7483,9902.66
7484,9350.6
7485,9244.32
7486,8520.98
7487,8005.75
7488,9244.54
7489,6500.6
7490,6000.63
7491,6000.01
7492,5709.93
7493,5709.65
7494,6000.53
7495,6000.98
7496,7499.85
7497,8000.93
7498,6024.85
7499,5709.24
7500,5645.25
7501,5400.1
7502,4979.77
7503,4400.36
7504,4000.68
7505,3999.28
7506,4249.13
7507,4979.19
7508,4150.24
7509,4989.62
7510,5709.37
7511,5645.57
7512,4989.17
7513,4989.54
7514,7499.75
7515,8000.09
7516,8000.62
7517,7999.22
7518,7899.09
7519,5709.07
7520,4699.45
7521,4499.24
7522,4151.98
7523,4402.16
7524,3999.19
7525,3645.19
7526,3777.39
7527,3507.07
7528,3750.19
7529,3699.01
7530,3699.29
7531,3699.44
7532,3699.48
7533,3699.77
7534,3699.55
7535,3699.9
7536,3999.67
7537,3990.66
7538,3999.74
7539,3798.97
7540,3699.8
7541,3300.76
7542,3315.07
7543,3304.59
7544,3304.51
7545,3370.34
7546,3370.3
7547,3370.72
7548,3406.38
7549,3699.54
7550,3890.46
7551,3800.8
7552,3990.32
7553,3611.72
7554,3999.61
7555,4979.18
7556,5645.12
7557,4473.45
7558,4630.41
7559,4979.14
7560,4979.6
7561,3999.08
7562,3999.51
7563,5099.03
7564,6200.34
7565,7799.88
7566,7899.75
7567,7899.88
7568,7499.13
7569,6500.27
7570,5560.85
7571,5560.06
7572,5000.53
7573,5709.82
7574,5819.97
7575,5709.61
7576,5709.45
7577,5709.76
7578,7500.74
7579,7500.02
7580,8456.92
7581,7641.48
7582,7499.65
7583,7989.54
7584,7500.39
7585,6999.51
7586,6999.08
7587,6500.94
7588,6145.01
7589,6670.32
7590,6301.64
7591,6145.88
7592,6311.3
7593,6019.45
7594,5720.42
7595,5645.27
7596,4989.67
7597,4670.99
7598,4979.27
7599,4570.97
7600,4570.16
7601,4570.99
7602,5720.38
7603,5770.33
7604,6145.89
7605,6500.37
7606,6999.26
7607,6679.13
7608,5645.72
7609,6279.65
7610,8000.21
7611,10079.47
7612,19998.73
7613,19998.99
7614,10079.35
7615,8000.12
7616,6999.53
7617,5645.68
7618,5500.27
7619,5645.75
7620,4989.68
7621,5469.93
7622,5000.36
7623,6277.35
7624,6570.24
7625,6413.68
7626,6570.78
7627,7499.0
7628,8050.98
7629,7499.54
7630,7499.89
7631,8212.48
7632,8320.19
7633,8320.45
7634,8320.32
7635,8320.0
7636,6070.5
7637,4670.38
7638,4670.35
7639,4670.37
7640,4670.3
7641,4670.24
7642,4670.43
7643,4670.63
7644,5207.22
7645,6145.47
7646,6506.29
7647,6999.85
7648,6999.97
7649,7500.09
7650,8320.12
7651,8520.46
7652,8520.66
7653,7500.26
7654,7500.62
7655,7499.99
7656,8212.95
7657,5720.66
7658,7499.43
7659,10989.98
7660,12999.64
7661,12999.54
7662,12999.36
7663,12999.06
7664,8000.88
7665,6999.9
7666,6999.39
7667,6999.5
7668,6999.76
7669,8056.0
7670,8212.23
7671,8212.06
7672,8212.36
7673,8520.07
7674,8212.98
7675,7500.62
7676,8212.45
7677,8500.12
7678,7500.89
7679,6999.88
7680,6999.2
7681,9999.72
7682,10002.4
7683,9999.05
7684,9999.29
7685,9913.51
7686,9999.07
7687,9224.88
7688,9009.3
7689,8875.07
7690,8520.45
7691,7500.69
7692,7500.05
7693,6500.76
7694,6409.29
7695,6409.5
7696,6145.62
7697,6400.02
7698,6500.96
7699,6777.05
7700,6999.6
7701,7500.13
7702,8320.64
7703,8520.93
7704,8719.41
7705,9319.35
7706,11900.51
7707,15000.09
7708,19999.51
7709,19002.38
7710,11900.91
7711,8000.31
7712,7500.92
7713,6500.54
7714,6500.72
7715,6721.19
7716,5900.67
7717,6409.52
7718,6145.71
7719,6999.91
7720,6999.8
7721,6999.91
7722,7370.5
7723,8020.29
7724,8190.66
7725,8370.24
7726,8370.29
7727,8370.58
7728,8520.62
7729,8520.45
7730,8520.38
7731,8520.12
7732,8520.17
7733,5999.15
7734,5950.13
7735,5886.24
7736,5645.65
7737,5899.81
7738,6000.84
7739,5900.21
7740,6145.77
7741,6999.24
7742,7499.11
7743,7770.74
7744,8000.2
7745,8320.17
7746,8520.01
7747,8520.14
7748,8520.81
7749,7499.88
7750,7500.23
7751,6999.3
7752,7500.27
7753,6999.73
7754,6870.2
7755,9999.66
7756,12999.24
7757,12999.87
7758,12999.85
7759,12999.32
7760,12999.02
7761,9009.8
7762,9333.08
7763,9333.44
7764,10013.22
7765,11050.0
7766,11309.57
7767,10047.75
7768,8520.9
7769,9350.23
7770,11333.7
7771,10629.85
7772,11322.44
7773,11629.91
7774,10646.4
7775,10060.58
7776,10058.34
7777,12999.6
7778,12999.64
7779,12999.49
7780,12999.45
7781,12999.24
7782,12999.25
7783,12999.08
7784,12217.78
7785,10853.1
7786,10520.88
7787,9999.89
7788,9520.68
7789,8212.79
7790,8020.83
7791,8020.48
7792,8000.8
7793,8020.14
7794,8212.2
7795,9999.35
7796,10084.0
7797,11600.26
7798,12425.24
7799,12631.02
7800,12858.69
7801,12999.63
7802,13686.87
7803,20000.0
7804,20000.0
7805,16999.62
7806,10853.03
7807,10853.1
7808,10520.99
7809,9634.99
7810,9607.19
7811,8212.76
7812,7500.52
7813,7777.09
7814,7500.94
7815,8212.09
7816,8999.15
7817,8212.66
7818,8520.6
7819,9999.28
7820,10003.54
7821,10853.07
7822,9999.69
7823,9999.61
7824,9520.99
7825,9520.85
7826,9520.89
7827,9520.53
7828,9520.36
7829,8020.12
7830,8020.01
7831,7920.49
7832,7500.63
7833,7906.68
7834,7500.46
7835,8009.42
7836,8020.36
7837,8520.11
7838,8520.7
7839,9520.54
7840,9520.63
7841,9568.88
7842,10950.37
7843,12602.24
7844,12618.01
7845,11543.5
7846,11640.84
7847,11073.83
7848,20000.0
7849,20000.0
7850,15555.88
7851,11550.91
7852,12999.84
7853,12999.66
7854,12999.69
7855,12999.6
7856,12999.52
7857,12999.68
7858,12999.72
7859,12999.85
7860,14101.29
7861,12999.32
7862,12999.53
7863,12999.2
7864,12622.82
7865,13333.42
7866,13333.65
7867,13333.36
7868,13333.02
7869,11509.76
7870,11509.96
7871,12000.59
7872,12999.26
7873,15999.53
7874,15597.72
7875,15598.79
7876,16000.06
7877,15585.79
7878,15587.77
7879,15577.43
7880,14999.79
7881,14999.81
7882,14999.51
7883,14999.37
7884,14999.24
7885,14999.06
7886,13389.47
7887,12000.26
7888,11190.57
7889,11171.54
7890,11381.12
7891,13069.48
7892,13173.25
7893,14785.77
7894,15569.62
7895,15789.19
7896,15976.97
7897,20000.0
7898,19998.87
7899,20000.0
7900,20000.0
7901,20000.0
7902,20000.0
7903,20000.0
7904,20000.0
7905,12794.48
7906,12790.91
7907,12505.0
7908,12000.02
7909,11111.11
7910,11111.43
7911,11398.48
7912,12073.7
7913,12000.08
7914,12000.71
7915,13070.8
7916,13166.58
7917,13971.93
7918,13075.72
7919,13077.06
7920,12688.83
7921,12699.68
7922,12698.82
7923,12694.53
7924,12684.88
7925,12000.19
7926,11948.15
7927,12502.73
7928,13508.11
7929,15000.97
7930,15498.65
7931,15498.71
7932,15498.94
7933,15310.45
7934,15000.66
7935,15000.15
7936,15000.76
7937,15498.54
7938,15498.98
7939,16786.31
7940,16775.38
7941,15674.4
7942,15762.28
7943,15143.78
7944,16000.93
7945,16000.3
7946,16000.15
7947,14999.89
7948,19998.03
7949,19998.67
7950,19998.67
7951,20000.0
7952,19998.17
7953,17005.92
7954,17010.17
7955,17012.16
7956,18218.24
7957,17017.06
7958,17018.99
7959,17024.94
7960,16712.35
7961,15498.7
7962,15350.9
7963,15350.92
7964,15498.85
7965,15616.79
7966,15639.45
7967,16127.38
7968,17019.96
7969,20000.0
7970,20000.0
7971,20000.0
7972,20000.0
7973,20000.0
7974,20000.0
7975,20000.0
7976,20000.0
7977,20000.0
7978,20000.0
7979,20000.0
7980,20000.0
7981,18755.0
7982,18699.35
7983,18855.0
7984,18971.98
7985,17562.5
7986,16999.41
7987,17192.85
7988,17286.47
7989,18884.72
7990,18691.93
7991,18874.95
7992,19036.7
7993,20000.0
7994,20000.0
7995,20000.0
7996,20000.0
7997,20000.0
7998,20000.0
7999,20000.0
8000,20000.0
8001,16879.11
8002,16888.85
8003,16691.52
8004,16191.56
8005,15287.73
8006,15282.8
8007,15460.8
8008,16142.19
8009,16000.23
8010,16000.87
8011,16999.08
8012,16000.23
8013,16000.77
8014,17000.69
8015,17100.25
8016,16000.76
8017,16707.2
8018,16707.91
8019,16000.79
8020,16000.07
8021,15997.46
8022,15901.21
8023,15995.56
8024,17616.14
8025,19117.23
8026,19518.93
8027,19538.25
8028,19546.53
8029,19456.7
8030,19164.71
8031,19168.5
8032,19165.65
8033,19569.11
8034,19558.18
8035,20000.0
8036,20000.0
8037,19764.66
8038,19879.62
8039,19274.42
8040,20000.0
8041,20000.0
8042,19999.63
8043,18999.84
8044,19999.78
8045,20000.0
8046,20000.0
8047,20000.0
8048,20000.0
8049,19989.65
8050,19999.67
8051,20000.0
8052,20000.0
8053,20000.0
8054,20000.0
8055,20000.0
8056,20000.0
8057,18065.83
8058,17966.11
8059,17979.85
8060,18089.84
8061,19501.51
8062,18699.65
8063,19999.03
8064,19999.16
8065,20000.0
8066,20000.0
8067,20000.0
8068,20000.0
8069,20000.0
8070,20000.0
8071,19699.23
8072,15555.39
8073,15555.25
8074,15000.86
8075,15000.58
8076,15000.48
8077,14999.42
8078,14999.09
8079,14959.74
8080,14900.96
8081,14516.6
8082,14900.6
8083,14900.47
8084,14999.59
8085,15000.03
8086,18000.05
8087,15471.0
8088,14900.92
8089,15555.03
8090,16000.31
8091,19989.45
8092,20000.0
8093,20000.0
8094,20000.0
8095,20000.0
8096,20000.0
8097,19483.6
8098,19476.52
8099,19278.43
8100,18760.27
8101,17842.3
8102,17823.4
8103,18028.76
8104,18725.66
8105,16000.95
8106,16000.86
8107,17500.09
8108,15000.18
8109,13500.32
8110,13000.84
8111,13000.71
8112,13500.7
8113,13500.28
8114,14999.9
8115,13500.13
8116,13000.49
8117,10277.25
8118,10000.99
8119,12000.39
8120,14999.57
8121,16000.64
8122,16000.8
8123,16000.88
8124,19989.06
8125,20000.0
8126,20000.0
8127,20000.0
8128,20000.0
8129,20000.0
8130,20000.0
8131,20000.0
8132,19995.48
8133,19699.76
8134,19699.26
8135,16000.66
8136,16000.4
8137,15000.66
8138,16000.44
8139,15555.75
8140,16000.93
8141,20000.0
8142,20000.0
8143,20000.0
8144,20000.0
8145,20000.0
8146,20000.0
8147,17499.95
8148,17499.94
8149,17499.71
8150,17499.89
8151,17499.9
8152,20000.0
8153,20000.0
8154,20000.0
8155,20000.0
8156,20000.0
8157,20000.0
8158,20000.0
8159,17499.83
8160,17499.83
8161,16000.98
8162,16000.66
8163,16000.09
8164,16000.27
8165,16000.03
8166,16000.17
8167,16000.15
8168,15000.79
8169,13050.9
8170,15000.16
8171,14999.4
8172,14999.86
8173,11083.33
8174,12000.49
8175,12000.05
8176,10277.49
8177,9000.58
8178,10277.78
8179,11415.88
8180,10277.0
8181,12000.4
8182,15498.04
8183,14999.0
8184,13864.31
8185,12000.72
8186,12000.04
8187,12000.43
8188,11000.91
8189,10277.63
8190,10277.96
8191,11000.86
8192,9989.46
8193,8777.24
8194,9000.37
8195,8777.07
8196,6999.32
8197,3780.9
8198,3798.18
8199,4989.86
8200,4500.75
8201,5500.06
8202,6999.19
8203,7999.62
8204,7499.21
8205,6999.31
8206,6999.67
8207,8000.39
8208,8500.3
8209,8777.15
8210,8777.86
8211,8104.03
8212,6999.8
8213,6999.2
8214,5500.52
8215,5900.64
8216,5900.98
8217,6399.9
8218,6399.08
8219,6999.98
8220,8777.54
8221,9000.3
8222,9000.09
8223,9000.58
8224,8777.81
8225,8777.24
8226,9000.29
8227,9000.21
8228,8778.0
8229,7499.92
8230,8777.5
8231,8777.14
8232,8777.45
8233,7499.59
8234,7900.1
8235,8777.24
8236,8777.46
8237,17499.22
8238,17499.24
8239,17499.29
8240,16000.7
8241,16000.03
8242,15498.89
8243,17499.12
8244,17499.54
8245,16000.62
8246,16000.84
8247,16000.86
8248,16000.22
8249,13369.91
8250,11791.67
8251,13000.55
8252,10277.07
8253,14999.4
8254,15000.78
8255,13706.62
8256,14900.19
8257,9999.37
8258,6999.73
8259,7000.3
8260,6999.83
8261,6999.76
8262,6999.14
8263,6999.3
8264,5999.94
8265,4989.95
8266,4989.14
8267,4500.3
8268,4500.44
8269,4500.09
8270,4400.32
8271,4000.89
8272,3798.33
8273,3798.84
8274,4500.07
8275,4499.48
8276,4500.46
8277,6999.02
8278,6999.74
8279,7509.59
8280,6999.63
8281,6999.07
8282,6999.85
8283,9000.42
8284,9000.67
8285,10839.14
8286,15550.75
8287,20000.0
8288,20000.0
8289,20000.0
8290,20000.0
8291,18875.0
8292,16000.77
8293,16000.04
8294,16000.41
8295,15550.99
8296,15550.3
8297,14999.73
8298,15000.34
8299,15000.14
8300,15000.13
8301,15000.19
8302,15000.18
8303,14999.88
8304,14000.61
8305,14500.11
8306,14498.07
8307,10839.13
8308,10204.42
8309,7000.73
8310,10204.53
8311,14498.5
8312,14500.53
8313,14999.49
8314,15000.32
8315,15000.78
8316,15550.51
8317,16000.28
8318,20000.0
8319,20000.0
8320,20000.0
8321,20000.0
8322,20000.0
8323,19989.4
8324,18699.43
8325,14498.95
8326,14498.73
8327,13000.5
8328,10839.17
8329,10204.6
8330,14500.61
8331,18000.05
8332,18000.33
8333,15550.12
8334,10839.75
8335,10204.66
8336,10003.41
8337,10006.91
8338,10204.19
8339,10204.35
8340,10839.34
8341,13369.23
8342,10839.76
8343,10839.65
8344,10839.75
8345,10839.61
8346,10204.98
8347,10839.19
8348,10839.21
8349,14498.48
8350,15500.13
8351,13380.0
8352,13590.51
8353,12520.77
8354,12520.65
8355,12520.54
8356,12520.15
8357,10839.17
8358,10204.43
8359,10020.82
8360,10020.43
8361,7520.72
8362,7520.21
8363,7509.68
8364,7509.7
8365,7509.37
8366,7499.38
8367,7509.12
8368,7100.45
8369,7509.39
8370,7509.37
8371,7520.51
8372,7520.35
8373,10000.49
8374,10839.7
8375,12001.57
8376,12008.51
8377,20000.0
8378,18000.97
8379,19992.35
8380,16000.25
8381,12004.08
8382,16000.11
8383,10839.74
8384,10839.67
8385,6999.68
8386,5000.4
8387,6046.7
8388,5000.85
8389,6870.86
8390,6399.05
8391,10020.45
8392,10020.98
8393,7000.76
8394,10020.04
8395,7509.04
8396,7000.23
8397,6999.84
8398,6999.69
8399,6999.06
8400,5200.91
8401,6000.45
8402,5000.02
8403,4170.77
8404,3611.64
8405,3700.5
8406,4150.12
8407,5000.2
8408,5989.89
8409,6999.93
8410,10204.56
8411,10839.18
8412,10839.18
8413,10204.15
8414,10204.27
8415,10204.93
8416,10839.78
8417,16000.69
8418,16000.66
8419,10989.4
8420,10204.39
8421,10204.46
8422,10204.96
8423,7000.71
8424,6999.95
8425,10839.23
8426,10989.79
8427,10204.4
8428,12004.9
8429,12003.43
8430,16000.02
8431,16000.15
8432,12006.99
8433,12008.31
8434,12000.86
8435,12003.26
8436,14920.41
8437,11999.95
8438,14901.97
8439,14902.29
8440,10839.81
8441,10839.14
8442,10204.7
8443,10204.35
8444,10839.25
8445,15000.85
8446,15498.34
8447,15498.73
8448,15498.92
8449,15387.37
8450,15387.25
8451,14020.93
8452,14020.76
8453,12260.89
8454,14378.03
8455,14378.25
8456,14378.45
8457,12250.34
8458,10839.91
8459,10839.3
8460,10839.14
8461,9999.83
8462,9000.55
8463,9000.08
8464,8509.91
8465,8509.06
8466,8509.84
8467,9000.02
8468,9000.13
8469,10839.51
8470,12250.23
8471,13500.12
8472,13500.16
8473,12000.57
8474,10839.74
8475,9000.02
8476,9000.1
8477,7540.5
8478,9000.49
8479,10000.58
8480,9999.75
8481,6999.16
8482,7199.29
8483,7499.28
8484,6999.97
8485,8509.81
8486,7000.76
8487,10204.24
8488,10839.1
8489,10204.25
8490,10204.86
8491,9999.96
8492,9999.35
8493,8020.28
8494,7000.85
8495,7199.71
8496,7520.1
8497,7000.06
8498,6520.04
8499,4900.37
8500,3900.69
8501,3849.83
8502,4900.03
8503,5645.84
8504,8020.06
8505,7440.0
8506,6999.57
8507,8006.67
8508,12000.43
8509,10989.54
8510,12020.04
8511,12020.44
8512,12020.89
8513,15000.25
8514,18000.08
8515,18000.08
8516,18000.29
8517,15498.56
8518,14000.2
8519,10520.74
8520,10520.66
8521,12520.88
8522,14000.29
8523,14201.03
8524,8006.59
8525,8509.85
8526,10204.04
8527,10204.96
8528,10000.59
8529,9999.43
8530,9999.86
8531,10204.35
8532,12000.68
8533,15000.42
8534,12000.91
8535,12000.85
8536,12000.81
8537,8004.41
8538,8002.15
8539,10000.67
8540,15000.27
8541,16000.46
8542,16000.18
8543,15498.19
8544,16000.29
8545,17000.15
8546,17000.3
8547,16000.86
8548,16000.85
8549,16001.0
8550,17000.75
8551,17000.46
8552,17000.3
8553,15000.1
8554,15000.43
8555,12520.81
8556,12520.51
8557,10839.94
8558,10520.5
8559,10520.09
8560,10204.52
8561,9795.9
8562,10204.97
8563,10204.34
8564,10174.35
8565,10839.88
8566,14115.38
8567,14520.39
8568,14900.23
8569,10839.41
8570,10839.65
8571,9999.4
8572,9500.92
8573,14000.32
8574,10839.91
8575,13000.71
8576,14000.3
8577,14416.43
8578,13000.19
8579,9999.52
8580,7499.71
8581,7500.74
8582,7500.61
8583,10204.64
8584,10204.81
8585,13802.37
8586,14810.96
8587,13904.3
8588,11520.98
8589,10204.96
8590,8520.64
8591,8520.07
8592,7000.84
8593,7000.79
8594,6999.35
8595,5645.28
8596,4400.08
8597,4000.75
8598,5645.14
8599,6999.66
8600,8520.01
8601,8520.6
8602,8520.88
8603,12000.33
8604,12000.78
8605,13020.11
8606,13020.82
8607,13020.96
8608,13824.75
8609,18000.82
8610,18036.21
8611,18032.87
8612,18031.11
8613,16000.89
8614,7500.62
8615,8000.6
8616,7499.01
8617,10204.8
8618,10204.32
8619,16000.4
8620,16000.57
8621,18006.79
8622,18006.39
8623,18006.19
8624,16000.83
8625,13705.39
8626,12000.44
8627,12000.21
8628,15605.26
8629,15000.73
8630,13801.51
8631,13801.9
8632,14301.97
8633,10839.36
8634,10204.83
8635,11501.52
8636,10839.8
8637,18017.42
8638,18020.24
8639,17860.04
8640,18056.39
289,20000.0
290,20000.0
291,20000.0
292,20000.0
293,20000.0
294,20000.0
295,19313.05
296,19523.17
297,18000.93
298,18000.73
299,15672.75
300,15625.7
301,13902.57
302,10839.67
303,10839.44
304,10839.1
305,10204.52
306,10204.72
307,7500.01
308,8000.84
309,10839.37
310,10839.57
311,14999.89
312,17000.63
313,20000.0
314,20000.0
315,20000.0
316,14999.69
317,10204.59
318,10839.88
319,15000.21
320,10839.72
321,10839.52
322,10839.84
323,10839.44
324,9000.87
325,10000.41
326,9000.74
327,10204.24
328,10839.3
329,15873.2
330,14999.15
331,10839.85
332,13249.07
333,11736.25
334,10003.49
335,9798.47
336,8051.77
337,7500.65
338,7000.09
339,5645.28
340,4229.63
341,4200.68
342,6492.23
343,7000.99
344,9520.04
345,9520.81
346,10204.02
347,10839.44
348,10839.71
349,10839.6
350,14974.83
351,16000.47
352,16000.4
353,18000.73
354,19999.26
355,20000.0
356,20000.0
357,18401.13
358,10655.76
359,11128.28
360,10538.89
361,15000.99
362,15000.72
363,16000.38
364,16000.09
365,16000.41
366,16000.65
367,16000.74
368,16000.29
369,15761.63
370,15105.7
371,15107.73
372,16000.79
373,16000.21
374,15872.9
375,16000.12
376,16000.49
377,13929.05
378,13330.89
379,14623.61
380,13929.04
381,17999.57
382,16000.29
383,20000.0
384,20000.0
3265,15000.13
3266,14677.31
3267,15000.26
3268,11999.3
3269,10839.55
3270,10839.54
3271,10204.86
3272,10000.91
3273,8000.05
3274,8000.01
3275,7000.6
3276,7000.04
3277,9050.03
3278,7499.29
3279,8000.11
3280,6999.95
3281,6999.95
3282,7419.22
3283,7000.72
3284,7469.58
3285,7469.39
3286,10000.02
3287,10000.68
3288,10204.12
3289,10839.59
3290,10839.48
3291,10839.75
3292,10839.82
3293,10839.7
3294,10000.27
3295,7499.04
3296,5200.23
3297,4999.16
3298,4200.08
3299,3798.33
3300,3498.53
3301,3427.26
3302,3427.48
3303,3427.77
3304,3500.96
3305,3503.49
3306,4170.67
3307,4500.96
3308,4999.27
3309,4600.21
3310,4400.49
3311,4999.59
3312,4999.56
3313,3800.39
3314,3798.64
3315,3500.59
3316,3427.65
3317,3311.76
3318,3301.78
3319,3231.95
3320,3311.02
3321,3301.19
3322,3189.9
3323,3189.25
3324,3231.64
3325,3311.01
3326,3427.18
3327,3427.33
3328,3427.6
3329,3427.15
3330,3498.12
3331,3920.94
3332,5000.32
3333,5800.59
3334,8000.4
3335,7499.28
3336,10204.06
3337,10000.05
3338,6999.24
3339,6999.83
3340,10000.54
3341,7583.64
3342,10839.44
3343,10839.85
3344,10839.49
3345,7499.19
3346,7000.89
3347,7000.63
3348,7513.31
3349,10839.56
3350,10839.54
3351,10839.55
3352,10839.33
3353,10000.4
3354,10839.01
3355,10839.39
3356,10839.54
3357,12000.18
3358,13000.46
3359,10839.86
3360,14999.5
5953,5999.68
5954,5999.78
5955,5999.53
5956,5999.69
5957,5999.68
5958,5999.76
5959,5999.68
5960,5999.33
5961,5999.91
5962,6416.17
5963,5999.38
5964,5999.02
5965,5999.01
5966,5000.62
5967,5380.11
5968,5000.19
5969,5000.77
5970,5000.53
5971,5000.8
5972,5645.87
5973,5999.0
5974,5645.61
5975,5645.09
5976,5645.48
5977,5999.95
5978,5999.13
5979,5000.42
5980,4999.04
5981,4500.37
5982,4402.49
5983,3889.83
5984,3798.73
5985,3427.96
5986,3311.65
5987,3169.82
5988,2999.82
5989,2953.97
5990,2950.88
5991,3189.23
5992,3232.85
5993,3253.29
5994,3311.78
5995,3427.53
5996,3427.63
5997,3427.55
5998,3427.47
5999,3427.97
6000,3427.89
6001,3489.93
6002,3427.67
6003,3311.83
6004,3253.91
6005,2950.85
6006,2870.74
6007,2848.06
6008,2900.64
6009,2800.99
6010,2700.81
6011,2700.46
6012,2880.92
6013,2995.49
6014,3036.21
6015,3068.66
6016,3189.47
6017,3189.05
6018,3300.34
6019,3427.09
6020,3649.87
6021,3649.66
6022,3999.06
6023,3798.06
6024,4200.41
6025,4459.49
6026,4520.24
6027,4709.29
6028,5000.66
6029,5000.43
6030,5999.25
6031,5999.73
6032,5999.11
6033,5645.08
6034,5560.66
6035,5400.39
6036,5645.68
6037,5999.39
6038,5999.32
6039,5645.45
6040,5110.72
6041,4500.89
6042,4500.95
6043,4500.58
6044,4500.79
6045,4889.93
6046,4889.9
6047,5645.1
6048,5645.16
8929,8000.68
8930,8000.69
8931,10000.86
8932,10000.43
8933,8000.12
8934,6999.69
8935,6989.14
8936,6999.36
8937,5380.07
8938,5638.2
8939,5635.03
8940,4989.24
8941,4904.7
8942,4889.48
8943,4889.78
8944,4889.28
8945,5483.45
8946,5645.29
8947,5532.57
8948,6999.04
8949,6999.01
8950,6999.16
8951,6999.22
8952,6989.17
8953,7000.48
8954,6999.28
8955,6999.12
8956,6999.04
8957,6999.05
8958,6989.51
8959,6000.58
8960,6000.03
8961,6000.38
8962,5000.9
8963,5607.81
8964,5000.5
8965,5000.04
8966,5000.66
8967,5645.67
8968,6999.04
8969,6000.04
8970,5504.92
8971,5621.31
8972,5531.37
8973,5469.75
8974,4000.1
8975,3798.61
8976,3701.03
8977,3609.19
8978,3498.5
8979,3498.23
8980,3489.01
8981,3232.23
8982,3297.57
8983,3427.64
8984,3499.61
8985,4000.18
8986,4000.39
8987,4400.16
8988,4400.5
8989,4890.0
8990,6000.48
8991,6000.52
8992,6999.2
8993,6000.82
8994,7000.1
8995,7000.62
8996,8000.41
8997,6999.66
8998,6989.7
8999,5645.85
9000,6000.54
9001,6999.18
9002,6999.11
9003,8000.92
9004,8520.48
9005,8520.85
9006,9011.76
9007,10204.4
9008,10204.16
9009,7499.86
9010,7000.39
9011,7000.51
9012,8602.39
9013,6999.17
9014,6709.97
9015,6709.44
9016,6709.35
9017,6999.78
9018,5861.49
9019,6000.48
9020,6000.97
9021,11904.5
9022,11912.79
9023,11905.13
9024,11923.39
11809,6981.61
11810,7000.48
11811,7499.0
11812,6938.79
11813,6904.73
11814,5000.72
11815,4889.09
11816,4400.75
11817,4889.88
11818,4989.95
11819,4889.63
11820,4400.57
11821,4400.72
11822,4400.91
11823,4400.04
11824,3801.84
11825,4190.34
11826,4500.48
11827,5000.1
11828,5000.34
11829,5645.51
11830,7622.36
11831,7000.88
11832,7000.56
11833,7622.63
11834,6989.04
11835,5000.56
11836,4889.46
11837,4430.99
11838,4190.09
11839,3900.82
11840,3489.79
11841,3427.45
11842,3297.17
11843,3123.34
11844,2858.28
11845,2900.35
11846,3100.02
11847,3123.41
11848,3287.39
11849,3297.06
11850,3297.69
11851,3427.96
11852,3489.23
11853,3520.73
11854,3757.58
11855,3757.76
11856,3609.7
11857,3609.11
11858,3500.18
11859,3489.05
11860,3427.38
11861,3189.58
11862,3123.37
11863,3123.55
11864,3123.91
11865,3123.99
11866,3123.51
11867,3231.94
11868,3287.56
11869,3297.93
11870,3427.5
11871,3427.9
11872,3489.25
11873,3489.31
11874,3798.05
11875,4400.21
11876,5000.29
11877,5000.53
11878,5000.57
11879,5400.02
11880,5000.43
11881,6789.43
11882,6893.11
11883,6999.38
11884,6999.77
11885,6999.58
11886,6999.76
11887,6999.76
11888,6999.54
11889,6200.41
11890,5645.17
11891,5709.36
11892,6999.12
11893,6999.32
11894,5709.96
11895,6709.49
11896,6953.83
11897,5709.51
11898,7000.36
11899,7000.32
11900,7000.55
11901,6999.98
11902,7000.74
11903,7000.99
11904,7622.6
14785,10054.48
14786,10175.44
14787,10597.9
14788,10097.44
14789,10088.93
14790,8709.45
14791,8655.42
14792,8000.64
14793,8000.33
14794,8060.05
14795,7995.74
14796,7575.44
14797,7542.75
14798,7529.1
14799,7531.3
14800,6961.84
14801,7225.11
14802,7619.15
14803,7500.42
14804,8000.55
14805,8000.72
14806,8520.57
14807,8655.69
14808,8655.43
14809,9999.89
14810,8888.48
14811,9999.04
14812,10000.16
14813,9999.71
14814,8655.42
14815,8000.52
14816,5999.79
14817,5999.42
14818,5000.55
14819,5999.09
14820,5999.54
14821,5709.58
14822,5645.18
14823,5645.03
14824,5349.36
14825,5000.2
14826,5319.98
14827,5709.82
14828,5645.8
14829,5000.06
14830,4900.89
14831,4650.98
14832,4500.47
14833,4400.59
14834,4000.69
14835,3798.7
14836,3500.68
14837,3297.19
14838,3297.98
14839,3427.94
14840,3540.21
14841,3606.5
14842,3798.95
14843,4100.21
14844,4650.21
14845,5415.43
14846,6000.39
14847,5999.81
14848,6000.63
14849,7100.27
14850,7100.96
14851,8519.01
14852,9135.71
14853,9126.86
14854,9103.37
14855,7000.68
14856,7000.74
14857,6777.09
14858,7500.84
14859,8520.33
14860,8520.56
14861,8520.53
14862,8520.36
14863,8520.26
14864,8000.89
14865,8000.42
14866,8000.29
14867,8000.5
14868,8000.71
14869,8000.18
14870,8000.05
14871,8000.51
14872,8000.75
14873,8000.75
14874,9520.17
14875,9520.41
14876,9520.47
14877,9520.49
14878,9520.78
14879,9999.26
14880,10000.91
17665,12000.0
17666,12000.0
17667,12000.0
17668,12000.0
17669,12000.0
17670,12000.0
17671,12000.0
17672,12000.0
17673,12000.0
17674,12000.0
17675,12000.0
17676,12000.0
17677,10636.85
17678,10641.63
17679,10633.74
17680,10029.87
17681,10311.53
17682,10400.24
17683,10400.58
17684,10311.23
17685,10311.36
17686,10311.29
17687,10000.87
17688,10000.81
17689,10520.39
17690,10520.05
17691,9000.6
17692,9000.09
17693,7000.47
17694,6145.81
17695,7000.74
17696,7000.16
17697,7000.3
17698,7000.37
17699,7000.27
17700,7000.96
17701,7000.6
17702,7169.48
17703,7000.03
17704,6000.85
17705,6009.2
17706,6000.95
17707,7000.61
17708,7000.09
17709,6009.58
17710,5999.09
17711,4889.17
17712,4500.28
17713,4500.01
17714,4010.56
17715,3798.12
17716,3427.76
17717,3189.23
17718,3189.55
17719,3240.85
17720,3427.34
17721,3427.82
17722,3740.02
17723,4259.44
17724,5999.04
17725,6000.59
17726,7000.14
17727,7000.48
17728,6145.45
17729,5000.63
17730,5999.16
17731,7000.39
17732,8000.0
17733,7924.0
17734,5645.87
17735,4889.54
17736,8000.13
17737,10311.17
17738,10311.53
17739,10500.37
17740,10500.53
17741,10500.44
17742,10311.5
17743,10311.76
17744,10311.82
17745,10000.78
17746,10000.57
17747,10000.58
17748,10000.77
17749,10000.58
17750,10000.48
17751,10000.83
17752,10000.65
17753,10000.35
17754,10000.92
17755,10311.57
17756,11500.66
17757,11900.62
17758,12000.0
17759,12000.0
17760,12000.0
20641,12000.0
20642,12000.0
20643,12000.0
20644,12000.0
20645,12000.0
20646,12000.0
20647,12000.0
20648,12000.0
20649,12000.0
20650,12000.0
20651,12000.0
20652,12000.0
20653,12000.0
20654,12000.0
20655,12000.0
20656,12000.0
20657,12000.0
20658,12000.0
20659,12000.0
20660,12000.0
20661,11989.7
20662,12000.0
20663,12000.0
20664,12000.0
20665,12000.0
20666,12000.0
20667,12000.0
20668,12000.0
20669,10020.2
20670,9520.96
20671,9500.95
20672,8655.07
20673,8500.51
20674,8269.27
20675,8000.77
20676,8000.62
20677,8000.47
20678,8000.97
20679,8900.86
20680,10000.53
20681,8655.14
20682,8000.55
20683,8655.84
20684,7499.92
20685,8000.03
20686,7000.79
20687,6500.02
20688,5645.37
20689,5500.54
20690,5500.38
20691,4500.21
20692,3489.21
20693,3427.14
20694,3427.55
20695,3489.96
20696,4500.05
20697,5500.44
20698,4500.81
20699,4000.92
20700,7400.01
20701,7400.08
20702,8655.7
20703,9500.19
20704,9500.56
20705,9500.65
20706,9500.9
20707,10006.04
20708,10043.31
20709,10046.0
20710,10041.58
20711,10039.0
20712,10041.24
20713,11700.98
20714,12000.0
20715,12000.0
20716,12000.0
20717,12000.0
20718,12000.0
20719,12000.0
20720,11998.22
20721,12000.0
20722,11998.09
20723,11276.5
20724,11869.76
20725,11869.41
20726,10900.99
20727,12000.0
20728,12000.0
20729,11998.29
20730,12000.0
20731,12000.0
20732,12000.0
20733,12000.0
20734,12000.0
20735,12000.0
20736,12000.0
23617,12000.0
23618,12000.0
23619,12000.0
23620,12000.0
23621,12000.0
23622,12000.0
23623,12000.0
23624,12000.0
23625,12000.0
23626,12000.0
23627,12000.0
23628,12000.0
23629,12000.0
23630,12000.0
23631,12000.0
23632,12000.0
23633,12000.0
23634,12000.0
23635,12000.0
23636,12000.0
23637,12000.0
23638,12000.0
23639,12000.0
23640,12000.0
23641,12000.0
23642,12000.0
23643,12000.0
23644,12000.0
23645,12000.0
23646,12000.0
23647,12000.0
23648,12000.0
23649,10500.78
23650,9000.84
23651,8655.66
23652,7499.3
23653,6000.62
23654,8200.03
23655,8200.29
23656,5999.47
23657,5000.92
23658,5000.37
23659,5000.75
23660,5000.76
23661,4900.89
23662,4900.01
23663,4889.99
23664,4400.12
23665,4889.3
23666,4350.07
23667,3798.28
23668,3489.81
23669,3427.39
23670,3427.2
23671,3489.67
23672,4000.19
23673,5400.73
23674,5500.8
23675,6500.11
23676,8551.11
23677,10000.38
23678,10200.74
23679,11989.42
23680,12000.0
23681,12000.0
23682,12000.0
23683,12000.0
23684,12000.0
23685,12000.0
23686,12000.0
23687,12000.0
23688,12000.0
23689,12000.0
23690,12000.0
23691,12000.0
23692,12000.0
23693,12000.0
23694,12000.0
23695,12000.0
23696,12000.0
23697,12000.0
23698,12000.0
23699,12000.0
23700,12000.0
23701,12000.0
23702,12000.0
23703,12000.0
23704,12000.0
23705,12000.0
23706,12000.0
23707,12000.0
23708,12000.0
23709,12000.0
23710,12000.0
23711,12000.0
23712,12000.0
26497,12000.0
26498,12000.0
26499,12000.0
26500,12000.0
26501,12000.0
26502,12000.0
26503,12000.0
26504,12000.0
26505,12000.0
26506,12000.0
26507,12000.0
26508,12000.0
26509,12000.0
26510,12000.0
26511,12000.0
26512,12000.0
26513,12000.0
26514,12000.0
26515,12000.0
26516,12000.0
26517,12000.0
26518,12000.0
26519,12000.0
26520,12000.0
26521,12000.0
26522,12000.0
26523,12000.0
26524,12000.0
26525,12000.0
26526,9000.98
26527,9000.26
26528,6989.64
26529,4400.99
26530,4402.8
26531,3828.78
26532,3500.8
26533,3427.03
26534,3427.04
26535,3427.34
26536,3427.07
26537,3427.34
26538,3427.69
26539,3427.95
26540,3427.57
26541,3427.88
26542,3427.81
26543,3489.51
26544,3500.02
26545,3609.86
26546,3609.47
26547,3500.62
26548,3427.64
26549,3297.67
26550,3232.91
26551,3189.94
26552,3232.72
26553,3232.1
26554,3232.39
26555,3297.23
26556,3297.96
26557,3297.99
26558,3370.67
26559,3427.86
26560,3740.36
26561,3828.02
26562,3952.74
26563,5999.12
26564,6500.82
26565,6500.06
26566,6000.09
26567,6500.83
26568,5999.29
26569,4000.82
26570,4999.93
26571,8000.08
26572,12000.0
26573,12000.0
26574,11989.95
26575,10311.05
26576,8655.98
26577,7000.12
26578,6999.34
26579,6999.59
26580,6999.81
26581,8009.11
26582,8009.47
26583,12000.0
26584,10311.18
26585,12000.0
26586,12000.0
26587,12000.0
26588,12000.0
26589,12000.0
26590,12000.0
26591,12000.0
26592,12000.0
29473,12000.0
29474,12000.0
29475,12000.0
29476,12000.0
29477,12000.0
29478,12000.0
29479,12000.0
29480,12000.0
29481,12000.0
29482,12000.0
29483,12000.0
29484,12000.0
29485,12000.0
29486,12000.0
29487,12000.0
29488,12000.0
29489,12000.0
29490,12000.0
29491,12000.0
29492,12000.0
29493,12000.0
29494,12000.0
29495,12000.0
29496,12000.0
29497,12000.0
29498,12000.0
29499,12000.0
29500,12000.0
29501,12000.0
29502,12000.0
29503,12000.0
29504,12000.0
29505,12000.0
29506,12000.0
29507,10049.46
29508,9500.68
29509,9009.57
29510,10045.76
29511,10053.88
29512,10031.38
29513,9000.08
29514,10004.72
29515,10037.99
29516,10039.08
29517,10029.12
29518,10011.82
29519,9000.95
29520,7500.74
29521,6999.49
29522,6999.73
29523,6145.13
29524,5000.26
29525,4259.83
29526,4450.97
29527,6145.59
29528,7000.14
29529,8655.02
29530,10005.73
29531,10023.33
29532,10027.07
29533,12000.0
29534,12000.0
29535,12000.0
29536,12000.0
29537,12000.0
29538,12000.0
29539,12000.0
29540,12000.0
29541,12000.0
29542,12000.0
29543,12000.0
29544,12000.0
29545,12000.0
29546,12000.0
29547,12000.0
29548,12000.0
29549,12000.0
29550,12000.0
29551,12000.0
29552,12000.0
29553,12000.0
29554,12000.0
29555,12000.0
29556,12000.0
29557,12000.0
29558,12000.0
29559,12000.0
29560,12000.0
29561,12000.0
29562,12000.0
29563,12000.0
29564,12000.0
29565,12000.0
29566,12000.0
29567,12000.0
29568,12000.0
32353,12000.0
32354,12000.0
32355,12000.0
32356,12000.0
32357,12000.0
32358,12000.0
32359,12000.0
32360,12000.0
32361,12000.0
32362,12000.0
32363,12000.0
32364,12000.0
32365,12000.0
32366,12000.0
32367,12000.0
32368,12000.0
32369,12000.0
32370,12000.0
32371,12000.0
32372,12000.0
32373,12000.0
32374,12000.0
32375,12000.0
32376,12000.0
32377,12000.0
32378,12000.0
32379,12000.0
32380,12000.0
32381,12000.0
32382,12000.0
32383,12000.0
32384,12000.0
32385,12000.0
32386,12000.0
32387,12000.0
32388,10075.7
32389,10311.84
32390,11638.94
32391,11632.79
32392,11629.59
32393,10311.32
32394,10311.02
32395,10311.13
32396,8655.85
32397,8025.56
32398,6999.85
32399,6999.32
32400,6999.01
32401,6000.53
32402,5000.46
32403,4900.64
32404,4500.27
32405,3828.07
32406,4000.4
32407,4400.7
32408,6145.07
32409,6999.46
32410,7499.32
32411,10311.74
32412,12000.0
32413,12000.0
32414,12000.0
32415,12000.0
32416,12000.0
32417,12000.0
32418,12000.0
32419,12000.0
32420,12000.0
32421,12000.0
32422,12000.0
32423,12000.0
32424,12000.0
32425,12000.0
32426,12000.0
32427,12000.0
32428,12000.0
32429,12000.0
32430,12000.0
32431,12000.0
32432,12000.0
32433,12000.0
32434,12000.0
32435,12000.0
32436,12000.0
32437,12000.0
32438,12000.0
32439,12000.0
32440,12000.0
32441,12000.0
32442,12000.0
32443,12000.0
32444,12000.0
32445,12000.0
32446,12000.0
32447,12000.0
32448,12000.0
9793,12000.0
9794,12000.0
9795,12000.0
9796,12000.0
9797,12000.0
9798,12000.0
9799,12000.0
9800,12000.0
9801,12000.0
9802,12000.0
9803,12000.0
9804,12000.0
9805,12000.0
9806,12000.0
9807,12000.0
9808,12000.0
9809,12000.0
9810,12000.0
9811,12000.0
9812,12000.0
9813,12000.0
9814,12000.0
9815,12000.0
9816,12000.0
9817,12000.0
9818,12000.0
9819,12000.0
9820,12000.0
9821,12000.0
9822,12000.0
9823,12000.0
9824,12000.0
9825,12000.0
9826,8989.21
9827,8000.78
9828,8000.34
9829,8000.29
9830,8000.34
9831,8000.0
9832,7000.7
9833,7000.74
9834,8000.22
9835,8000.56
9836,10200.07
9837,8655.69
9838,10027.44
9839,10041.15
9840,10061.36
9841,9009.16
9842,8115.95
9843,7500.82
9844,7500.15
9845,6500.4
9846,6500.51
9847,6500.29
9848,7000.79
9849,6000.66
9850,6999.97
9851,8194.62
9852,10311.2
9853,12000.0
9854,12000.0
9855,12000.0
9856,12000.0
9857,12000.0
9858,12000.0
9859,12000.0
9860,12000.0
9861,12000.0
9862,12000.0
9863,12000.0
9864,12000.0
9865,12000.0
9866,12000.0
9867,12000.0
9868,12000.0
9869,12000.0
9870,12000.0
9871,12000.0
9872,12000.0
9873,12000.0
9874,12000.0
9875,12000.0
9876,12000.0
9877,12000.0
9878,12000.0
9879,12000.0
9880,12000.0
9881,12000.0
9882,12000.0
9883,12000.0
9884,12000.0
9885,12000.0
9886,12000.0
9887,12000.0
9888,12000.0
9889,12000.0
9890,12000.0
9891,12000.0
9892,12000.0
9893,12000.0
9894,12000.0
9895,12000.0
9896,12000.0
9897,12000.0
9898,12000.0
9899,12000.0
9900,12000.0
9901,12000.0
9902,12000.0
9903,12000.0
9904,12000.0
9905,12000.0
9906,12000.0
9907,12000.0
9908,12000.0
9909,12000.0
9910,12000.0
9911,12000.0
9912,12000.0
9913,12000.0
9914,12000.0
9915,12000.0
9916,12000.0
9917,12000.0
9918,12000.0
9919,8998.2
9920,8000.72
9921,8000.07
9922,6998.7
9923,5500.26
9924,4400.44
9925,5500.03
9926,5500.14
9927,4660.13
9928,4038.36
9929,4000.4
9930,4400.92
9931,4500.18
9932,4500.5
9933,4900.4
9934,5000.52
9935,5000.3
9936,5000.34
9937,4900.86
9938,5000.13
9939,4000.95
9940,3944.39
9941,3520.03
9942,3520.52
9943,3520.23
9944,3609.61
9945,3520.58
9946,3828.7
9947,4600.7
9948,5000.4
9949,4900.4
9950,4900.95
9951,5000.69
9952,6000.1
9953,5645.43
9954,6999.04
9955,8000.65
9956,12000.0
9957,12000.0
9958,12000.0
9959,12000.0
9960,12000.0
9961,12000.0
9962,12000.0
9963,12000.0
9964,12000.0
9965,12000.0
9966,12000.0
9967,12000.0
9968,12000.0
9969,12000.0
9970,12000.0
9971,12000.0
9972,12000.0
9973,12000.0
9974,12000.0
9975,12000.0
9976,12000.0
9977,12000.0
9978,12000.0
9979,12000.0
9980,12000.0
9981,12000.0
9982,12000.0
9983,12000.0
9984,12000.0
9985,12000.0
9986,12000.0
9987,12000.0
9988,12000.0
9989,12000.0
9990,12000.0
9991,12000.0
9992,12000.0
9993,12000.0
9994,12000.0
9995,12000.0
9996,12000.0
9997,12000.0
9998,12000.0
9999,12000.0
10000,12000.0
10001,12000.0
10002,12000.0
10003,12000.0
10004,12000.0
10005,12000.0
10006,12000.0
10007,12000.0
10008,12000.0
10009,12000.0
10010,10427.21
10011,9998.1
10012,9000.38
10013,8000.68
10014,8000.64
10015,8000.67
10016,8000.48
10017,8000.02
10018,6500.67
10019,6500.07
10020,6400.2
10021,6000.96
10022,6999.92
10023,8000.23
10024,7499.17
10025,6999.89
10026,7400.59
10027,8000.13
10028,7400.53
10029,7400.92
10030,7400.8
10031,7400.99
10032,8655.1
10033,6999.95
10034,8655.04
10035,6999.97
10036,6500.8
10037,6000.35
10038,6000.32
10039,5000.98
10040,6000.16
10041,4998.65
10042,4459.72
10043,5000.36
10044,6000.79
10045,6500.43
10046,6145.17
10047,6779.32
10048,6500.93
10049,6998.28
10050,6999.74
10051,8000.09
10052,8000.64
10053,8578.27
10054,8389.61
10055,12000.0
10056,12000.0
10057,12000.0
10058,12000.0
10059,12000.0
10060,12000.0
10061,12000.0
10062,12000.0
10063,12000.0
10064,12000.0
10065,12000.0
10066,12000.0
10067,12000.0
10068,12000.0
10069,12000.0
10070,12000.0
10071,12000.0
10072,12000.0
10073,12000.0
10074,12000.0
10075,12000.0
10076,12000.0
10077,12000.0
10078,12000.0
10079,12000.0
10080,12000.0
10081,12000.0
10082,12000.0
10083,12000.0
10084,12000.0
10085,12000.0
10086,12000.0
10087,12000.0
10088,12000.0
10089,12000.0
10090,12000.0
10091,12000.0
10092,12000.0
10093,12000.0
10094,12000.0
10095,12000.0
10096,12000.0
10097,12000.0
10098,12000.0
10099,12000.0
10100,12000.0
10101,12000.0
10102,12000.0
10103,12000.0
10104,12000.0
10105,12000.0
10106,12000.0
10107,12000.0
10108,12000.0
10109,12000.0
10110,11000.68
10111,10250.2
10112,9000.87
10113,8500.23
10114,6999.98
10115,6999.86
10116,6999.18
10117,6000.21
10118,6998.17
10119,6999.36
10120,6998.11
10121,6145.89
10122,8000.22
10123,8000.23
10124,8000.23
10125,8000.03
10126,7789.2
10127,7789.53
10128,6999.5
10129,6999.66
10130,6999.76
10131,6449.83
10132,6001.0
10133,5000.38
10134,5000.59
10135,5000.58
10136,5000.94
10137,5900.56
10138,5900.74
10139,6999.37
10140,8000.13
10141,8655.44
10142,8300.56
10143,8000.32
10144,7000.93
10145,8655.33
10146,9500.71
10147,10312.0
10148,12000.0
10149,12000.0
10150,12000.0
10151,12000.0
10152,12000.0
10153,12000.0
10154,12000.0
10155,12000.0
10156,12000.0
10157,12000.0
10158,12000.0
10159,12000.0
10160,12000.0
10161,12000.0
10162,12000.0
10163,12000.0
10164,12000.0
10165,12000.0
10166,12000.0
10167,12000.0
10168,12000.0
10169,12000.0
10170,12000.0
10171,12000.0
10172,12000.0
10173,12000.0
10174,12000.0
10175,12000.0
10176,12000.0
10177,12000.0
10178,12000.0
10179,12000.0
10180,12000.0
10181,12000.0
10182,12000.0
10183,12000.0
10184,12000.0
10185,12000.0
10186,12000.0
10187,12000.0
10188,12000.0
10189,12000.0
10190,12000.0
10191,12000.0
10192,12000.0
10193,8509.52
10194,8251.5
10195,8509.2
10196,8226.0
10197,8000.25
10198,8655.42
10199,8200.0
10200,8000.22
10201,8251.95
10202,8655.34
10203,6999.82
10204,6999.07
10205,6145.38
10206,4555.96
10207,4200.7
10208,3750.69
10209,3427.97
10210,3427.92
10211,3427.7
10212,3498.18
10213,3150.78
10214,3100.52
10215,3130.51
10216,3089.75
10217,3127.6
10218,3332.07
10219,3427.31
10220,3427.49
10221,3427.85
10222,3500.76
10223,3496.87
10224,3427.66
10225,3427.44
10226,3427.39
10227,3300.28
10228,3250.25
10229,3089.72
10230,3070.43
10231,3089.42
10232,3089.59
10233,3280.71
10234,3150.35
10235,3332.29
10236,3333.0
10237,3280.97
10238,3332.37
10239,3427.19
10240,3427.0
10241,3427.34
10242,3332.95
10243,3280.97
10244,3332.39
10245,3427.2
10246,3427.16
10247,3427.22
10248,3427.76
10249,4320.7
10250,4650.54
10251,5460.53
10252,6000.65
10253,6999.89
10254,7789.56
10255,8655.14
10256,10311.03
10257,8000.63
10258,8000.74
10259,8000.1
10260,8114.0
10261,10311.05
10262,10311.33
10263,12000.0
10264,12000.0
10265,12000.0
10266,12000.0
10267,12000.0
10268,12000.0
10269,12000.0
10270,12000.0
10271,12000.0
10272,12000.0
10273,12000.0
10274,12000.0
10275,12000.0
10276,12000.0
10277,12000.0
10278,12000.0
10279,12000.0
10280,12000.0
10281,12000.0
10282,12000.0
10283,12000.0
10284,12000.0
10285,12000.0
10286,12000.0
10287,12000.0
10288,12000.0
10289,12000.0
10290,12000.0
10291,12000.0
10292,12000.0
10293,12000.0
10294,12000.0
10295,12000.0
10296,12000.0
10297,12000.0
10298,12000.0
10299,12000.0
10300,12000.0
10301,12000.0
10302,11875.13
10303,9000.68
10304,8999.0
10305,7400.2
10306,7400.19
10307,7400.06
10308,7400.16
10309,7400.78
10310,7499.44
10311,7400.05
10312,7990.07
10313,7499.3
10314,8000.08
10315,8000.02
10316,7400.45
10317,7990.44
10318,8000.23
10319,8183.18
10320,7499.86
10321,7400.11
10322,6999.45
10323,6999.52
10324,5500.31
10325,5500.02
10326,5500.12
10327,6000.28
10328,6000.96
10329,7499.07
10330,8000.01
10331,10000.23
10332,10000.43
10333,12000.0
10334,12000.0
10335,12000.0
10336,12000.0
10337,12000.0
10338,12000.0
10339,12000.0
10340,12000.0
10341,12000.0
10342,12000.0
10343,12000.0
10344,12000.0
10345,12000.0
10346,12000.0
10347,12000.0
10348,12000.0
10349,12000.0
10350,12000.0
10351,12000.0
10352,12000.0
10353,12000.0
10354,12000.0
10355,12000.0
10356,12000.0
10357,12000.0
10358,12000.0
10359,12000.0
10360,12000.0
10361,12000.0
10362,12000.0
10363,12000.0
10364,12000.0
10365,12000.0
10366,12000.0
10367,12000.0
10368,12000.0
10369,12000.0
10370,12000.0
10371,12000.0
10372,12000.0
10373,12000.0
10374,12000.0
10375,12000.0
10376,12000.0
10377,12000.0
10378,12000.0
10379,12000.0
10380,12000.0
10381,12000.0
10382,12000.0
10383,12000.0
10384,12000.0
10385,12000.0
10386,12000.0
10387,12000.0
10388,12000.0
10389,12000.0
10390,12000.0
10391,12000.0
10392,12000.0
10393,12000.0
10394,12000.0
10395,12000.0
10396,12000.0
10397,11998.15
10398,9000.71
10399,9000.44
10400,8999.28
10401,7400.84
10402,7400.23
10403,7400.05
10404,7400.92
10405,8411.34
10406,8500.34
10407,8500.39
10408,8467.84
10409,8666.96
10410,8000.36
10411,8431.06
10412,8500.23
10413,8999.32
10414,8999.39
10415,8545.56
10416,8000.15
10417,7400.71
10418,8000.61
10419,8000.31
10420,7365.0
10421,4999.68
10422,4999.68
10423,4999.51
10424,4500.99
10425,7900.01
10426,7400.24
10427,8999.16
10428,10000.0
10429,8999.9
10430,8999.99
10431,8999.77
10432,8787.74
10433,10000.53
10434,10000.91
10435,12000.0
10436,12000.0
10437,12000.0
10438,12000.0
10439,12000.0
10440,12000.0
10441,12000.0
10442,12000.0
10443,12000.0
10444,12000.0
10445,12000.0
10446,12000.0
10447,12000.0
10448,12000.0
10449,12000.0
10450,12000.0
10451,12000.0
10452,12000.0
10453,12000.0
10454,12000.0
10455,12000.0
10456,12000.0
10457,12000.0
10458,12000.0
10459,12000.0
10460,12000.0
10461,12000.0
10462,12000.0
10463,12000.0
10464,12000.0
10465,12000.0
10466,12000.0
10467,12000.0
10468,12000.0
10469,12000.0
10470,12000.0
10471,12000.0
10472,12000.0
10473,12000.0
10474,12000.0
10475,12000.0
10476,12000.0
10477,12000.0
10478,12000.0
10479,12000.0
10480,12000.0
10481,12000.0
10482,12000.0
10483,12000.0
10484,12000.0
10485,12000.0
10486,12000.0
10487,12000.0
10488,12000.0
10489,12000.0
10490,12000.0
10491,12000.0
10492,12000.0
10493,12000.0
10494,12000.0
10495,11000.82
10496,11000.34
10497,9000.95
10498,9257.4
10499,9000.84
10500,9520.32
10501,9520.43
10502,10000.49
10503,10900.5
10504,11000.41
10505,10900.76
10506,10667.27
10507,11002.92
10508,11109.77
10509,11034.9
10510,10900.86
10511,10900.47
10512,10311.56
10513,10000.71
10514,10311.0
10515,10311.92
10516,9915.11
10517,8000.81
10518,8000.4
10519,9003.21
10520,8655.21
10521,11015.4
10522,10534.88
10523,12000.0
10524,12000.0
10525,12000.0
10526,12000.0
10527,12000.0
10528,11856.75
10529,12000.0
10530,12000.0
10531,12000.0
10532,12000.0
10533,12000.0
10534,12000.0
10535,12000.0
10536,12000.0
10537,12000.0
10538,12000.0
10539,12000.0
10540,12000.0
10541,12000.0
10542,12000.0
10543,12000.0
10544,12000.0
10545,12000.0
10546,12000.0
10547,12000.0
10548,12000.0
10549,12000.0
10550,12000.0
10551,12000.0
10552,12000.0
10553,12000.0
10554,12000.0
10555,12000.0
10556,12000.0
10557,12000.0
10558,12000.0
10559,12000.0
10560,12000.0
10561,12000.0
10562,12000.0
10563,12000.0
10564,12000.0
10565,12000.0
10566,12000.0
10567,12000.0
10568,12000.0
10569,12000.0
10570,12000.0
10571,12000.0
10572,12000.0
10573,12000.0
10574,12000.0
10575,12000.0
10576,12000.0
10577,12000.0
10578,12000.0
10579,12000.0
10580,12000.0
10581,12000.0
10582,12000.0
10583,12000.0
10584,12000.0
10585,12000.0
10586,12000.0
10587,12000.0
10588,12000.0
10589,12000.0
10590,12000.0
10591,12000.0
10592,12000.0
10593,11159.05
10594,11305.29
10595,11119.93
10596,11044.7
10597,11250.18
10598,11520.61
10599,11750.5
10600,11023.33
10601,11750.59
10602,11750.67
10603,11750.53
10604,11750.64
10605,12000.0
10606,11750.87
10607,11750.9
10608,11500.97
10609,11116.03
10610,11449.46
10611,11443.32
10612,11054.68
10613,10188.57
10614,10191.48
10615,11191.34
10616,12000.0
10617,12000.0
10618,12000.0
10619,12000.0
10620,12000.0
10621,12000.0
10622,12000.0
10623,12000.0
10624,12000.0
10625,12000.0
10626,12000.0
10627,12000.0
10628,12000.0
10629,12000.0
10630,12000.0
10631,12000.0
10632,12000.0
10633,12000.0
10634,12000.0
10635,12000.0
10636,12000.0
10637,12000.0
10638,12000.0
10639,12000.0
10640,12000.0
10641,12000.0
10642,12000.0
10643,12000.0
10644,12000.0
10645,12000.0
10646,12000.0
10647,12000.0
10648,12000.0
10649,12000.0
10650,12000.0
10651,12000.0
10652,12000.0
10653,12000.0
10654,12000.0
10655,12000.0
10656,12000.0
10657,12000.0
10658,12000.0
10659,12000.0
10660,12000.0
10661,12000.0
10662,12000.0
10663,12000.0
10664,12000.0
10665,12000.0
10666,12000.0
10667,12000.0
10668,12000.0
10669,12000.0
10670,12000.0
10671,12000.0
10672,12000.0
10673,12000.0
10674,12000.0
10675,12000.0
10676,12000.0
10677,12000.0
10678,12000.0
10679,12000.0
10680,12000.0
10681,12000.0
10682,12000.0
10683,12000.0
10684,12000.0
10685,12000.0
10686,12000.0
10687,12000.0
10688,12000.0
10689,12000.0
10690,12000.0
10691,12000.0
10692,12000.0
10693,12000.0
10694,12000.0
10695,12000.0
10696,12000.0
10697,12000.0
10698,12000.0
10699,12000.0
10700,12000.0
10701,12000.0
10702,12000.0
10703,12000.0
10704,12000.0
10705,12000.0
10706,12000.0
10707,12000.0
10708,12000.0
10709,12000.0
10710,12000.0
10711,12000.0
10712,12000.0
10713,12000.0
10714,12000.0
10715,12000.0
10716,12000.0
10717,12000.0
10718,12000.0
10719,12000.0
10720,12000.0
10721,12000.0
10722,12000.0
10723,12000.0
10724,12000.0
10725,12000.0
10726,12000.0
10727,12000.0
10728,12000.0
10729,12000.0
10730,12000.0
10731,12000.0
10732,12000.0
10733,12000.0
10734,12000.0
10735,12000.0
10736,12000.0
10737,12000.0
10738,12000.0
10739,12000.0
10740,12000.0
10741,12000.0
10742,12000.0
10743,12000.0
10744,12000.0
10745,12000.0
10746,12000.0
10747,12000.0
10748,12000.0
10749,12000.0
10750,12000.0
10751,12000.0
10752,12000.0
10753,12000.0
10754,12000.0
10755,12000.0
10756,12000.0
10757,12000.0
10758,12000.0
10759,12000.0
10760,12000.0
10761,12000.0
10762,12000.0
10763,12000.0
10764,12000.0
10765,12000.0
10766,12000.0
10767,12000.0
10768,12000.0
10769,12000.0
10770,12000.0
10771,12000.0
10772,12000.0
10773,12000.0
10774,12000.0
10775,12000.0
10776,12000.0
10777,12000.0
10778,12000.0
10779,12000.0
10780,12000.0
10781,12000.0
10782,12000.0
10783,12000.0
10784,12000.0
10785,12000.0
10786,12000.0
10787,12000.0
10788,12000.0
10789,12000.0
10790,12000.0
10791,12000.0
10792,12000.0
10793,12000.0
10794,12000.0
10795,12000.0
10796,12000.0
10797,12000.0
10798,12000.0
10799,12000.0
10800,12000.0
10801,12000.0
10802,12000.0
10803,12000.0
10804,12000.0
10805,12000.0
10806,12000.0
10807,12000.0
10808,12000.0
10809,12000.0
10810,12000.0
10811,12000.0
10812,12000.0
10813,12000.0
10814,12000.0
10815,12000.0
10816,12000.0
10817,12000.0
10818,12000.0
10819,12000.0
10820,12000.0
10821,12000.0
10822,12000.0
10823,12000.0
10824,12000.0
10825,12000.0
10826,12000.0
10827,12000.0
10828,12000.0
10829,12000.0
10830,12000.0
10831,12000.0
10832,12000.0
10833,12000.0
10834,12000.0
10835,12000.0
10836,12000.0
10837,12000.0
10838,12000.0
10839,12000.0
10840,12000.0
10841,12000.0
10842,12000.0
10843,12000.0
10844,12000.0
10845,12000.0
10846,12000.0
10847,12000.0
10848,12000.0
10849,12000.0
10850,12000.0
10851,12000.0
10852,12000.0
10853,12000.0
10854,12000.0
10855,12000.0
10856,12000.0
10857,12000.0
10858,12000.0
10859,12000.0
10860,12000.0
10861,12000.0
10862,12000.0
10863,12000.0
10864,12000.0
10865,12000.0
10866,12000.0
10867,12000.0
10868,12000.0
10869,12000.0
10870,12000.0
10871,12000.0
10872,12000.0
10873,12000.0
10874,12000.0
10875,12000.0
10876,12000.0
10877,12000.0
10878,12000.0
10879,12000.0
10880,12000.0
10881,12000.0
10882,11450.64
10883,10999.1
10884,9000.8
10885,9000.88
10886,9000.76
10887,9000.71
10888,9000.52
10889,9000.59
10890,9000.48
10891,9000.79
10892,9000.76
10893,9000.77
10894,9000.92
10895,10311.03
10896,10311.6
10897,9000.92
10898,10999.24
10899,9206.11
10900,10311.05
10901,9000.56
10902,6000.7
10903,7400.82
10904,9000.91
10905,12000.0
10906,12000.0
10907,12000.0
10908,12000.0
10909,12000.0
10910,12000.0
10911,12000.0
10912,12000.0
10913,12000.0
10914,12000.0
10915,12000.0
10916,12000.0
10917,12000.0
10918,12000.0
10919,12000.0
10920,12000.0
10921,12000.0
10922,12000.0
10923,12000.0
10924,12000.0
10925,12000.0
10926,12000.0
10927,12000.0
10928,12000.0
10929,12000.0
10930,12000.0
10931,12000.0
10932,12000.0
10933,12000.0
10934,12000.0
10935,12000.0
10936,12000.0
10937,12000.0
10938,12000.0
10939,12000.0
10940,12000.0
10941,12000.0
10942,12000.0
10943,12000.0
10944,12000.0
10945,12000.0
10946,12000.0
10947,12000.0
10948,12000.0
10949,12000.0
10950,12000.0
10951,12000.0
10952,12000.0
10953,12000.0
10954,12000.0
10955,12000.0
10956,12000.0
10957,12000.0
10958,12000.0
10959,12000.0
10960,12000.0
10961,12000.0
10962,12000.0
10963,12000.0
10964,12000.0
10965,12000.0
10966,12000.0
10967,12000.0
10968,12000.0
10969,12000.0
10970,12000.0
10971,12000.0
10972,12000.0
10973,12000.0
10974,12000.0
10975,12000.0
10976,12000.0
10977,12000.0
10978,12000.0
10979,12000.0
10980,12000.0
10981,12000.0
10982,12000.0
10983,12000.0
10984,12000.0
10985,12000.0
10986,12000.0
10987,12000.0
10988,12000.0
10989,12000.0
10990,12000.0
10991,12000.0
10992,12000.0
10993,12000.0
10994,12000.0
10995,12000.0
10996,12000.0
10997,12000.0
10998,12000.0
10999,12000.0
11000,12000.0
11001,12000.0
11002,12000.0
11003,12000.0
11004,12000.0
11005,12000.0
11006,12000.0
11007,12000.0
11008,12000.0
11009,12000.0
11010,12000.0
11011,12000.0
11012,12000.0
11013,12000.0
11014,12000.0
11015,12000.0
11016,12000.0
11017,12000.0
11018,12000.0
11019,12000.0
11020,12000.0
11021,12000.0
11022,12000.0
11023,12000.0
11024,12000.0
11025,12000.0
11026,12000.0
11027,12000.0
11028,12000.0
11029,12000.0
11030,12000.0
11031,12000.0
11032,12000.0
11033,12000.0
11034,12000.0
11035,12000.0
11036,12000.0
11037,12000.0
11038,12000.0
11039,12000.0
11040,12000.0
11041,12000.0
11042,12000.0
11043,12000.0
11044,12000.0
11045,12000.0
11046,12000.0
11047,12000.0
11048,12000.0
11049,12000.0
11050,12000.0
11051,12000.0
11052,12000.0
11053,12000.0
11054,12000.0
11055,12000.0
11056,12000.0
11057,12000.0
11058,12000.0
11059,12000.0
11060,12000.0
11061,12000.0
11062,12000.0
11063,12000.0
11064,12000.0
11065,12000.0
11066,12000.0
11067,12000.0
11068,12000.0
11069,12000.0
11070,12000.0
11071,12000.0
11072,12000.0
11073,12000.0
11074,12000.0
11075,12000.0
11076,12000.0
11077,12000.0
11078,12000.0
11079,12000.0
11080,12000.0
11081,12000.0
11082,12000.0
11083,12000.0
11084,12000.0
11085,12000.0
11086,12000.0
11087,12000.0
11088,12000.0
11089,12000.0
11090,12000.0
11091,12000.0
11092,12000.0
11093,12000.0
11094,12000.0
11095,12000.0
11096,12000.0
11097,12000.0
11098,12000.0
11099,12000.0
11100,12000.0
11101,12000.0
11102,12000.0
11103,12000.0
11104,12000.0
11105,12000.0
11106,12000.0
11107,12000.0
11108,12000.0
11109,12000.0
11110,12000.0
11111,12000.0
11112,12000.0
11113,12000.0
11114,12000.0
11115,12000.0
11116,12000.0
11117,12000.0
11118,12000.0
11119,12000.0
11120,12000.0
11121,12000.0
11122,12000.0
11123,12000.0
11124,12000.0
11125,12000.0
11126,12000.0
11127,12000.0
11128,12000.0
11129,12000.0
11130,12000.0
11131,12000.0
11132,12000.0
11133,12000.0
11134,12000.0
11135,12000.0
11136,12000.0
11137,12000.0
11138,12000.0
11139,12000.0
11140,12000.0
11141,12000.0
11142,12000.0
11143,12000.0
11144,12000.0
11145,12000.0
11146,12000.0
11147,12000.0
11148,12000.0
11149,12000.0
11150,12000.0
11151,12000.0
11152,12000.0
11153,12000.0
11154,12000.0
11155,12000.0
11156,12000.0
11157,12000.0
11158,12000.0
11159,12000.0
11160,12000.0
11161,12000.0
11162,12000.0
11163,12000.0
11164,12000.0
11165,12000.0
11166,12000.0
11167,12000.0
11168,12000.0
11169,12000.0
11170,12000.0
11171,12000.0
11172,12000.0
11173,12000.0
11174,12000.0
11175,12000.0
11176,12000.0
11177,12000.0
11178,12000.0
11179,12000.0
11180,12000.0
11181,12000.0
11182,12000.0
11183,12000.0
11184,12000.0
11185,12000.0
11186,12000.0
11187,12000.0
11188,12000.0
11189,12000.0
11190,12000.0
11191,12000.0
11192,12000.0
11193,12000.0
11194,12000.0
11195,12000.0
11196,12000.0
11197,12000.0
11198,12000.0
11199,12000.0
11200,12000.0
11201,12000.0
11202,12000.0
11203,12000.0
11204,12000.0
11205,12000.0
11206,12000.0
11207,12000.0
11208,12000.0
11209,12000.0
11210,12000.0
11211,12000.0
11212,12000.0
11213,12000.0
11214,12000.0
11215,12000.0
11216,12000.0
11217,12000.0
11218,12000.0
11219,12000.0
11220,12000.0
11221,12000.0
11222,12000.0
11223,12000.0
11224,12000.0
11225,12000.0
11226,12000.0
11227,12000.0
11228,12000.0
11229,12000.0
11230,12000.0
11231,12000.0
11232,12000.0
11233,12000.0
11234,12000.0
11235,12000.0
11236,12000.0
11237,12000.0
11238,12000.0
11239,12000.0
11240,12000.0
11241,12000.0
11242,12000.0
11243,12000.0
11244,12000.0
11245,12000.0
11246,12000.0
11247,12000.0
11248,12000.0
11249,12000.0
11250,12000.0
11251,12000.0
11252,12000.0
11253,12000.0
11254,12000.0
11255,12000.0
11256,12000.0
11257,12000.0
11258,12000.0
11259,12000.0
11260,12000.0
11261,12000.0
11262,12000.0
11263,12000.0
11264,12000.0
11265,12000.0
11266,12000.0
11267,12000.0
11268,12000.0
11269,12000.0
11270,12000.0
11271,12000.0
11272,12000.0
11273,12000.0
11274,12000.0
11275,12000.0
11276,12000.0
11277,12000.0
11278,12000.0
11279,12000.0
11280,12000.0
11281,12000.0
11282,12000.0
11283,12000.0
11284,12000.0
11285,12000.0
11286,12000.0
11287,12000.0
11288,12000.0
11289,12000.0
11290,12000.0
11291,12000.0
11292,12000.0
11293,12000.0
11294,12000.0
11295,12000.0
11296,12000.0
11297,12000.0
11298,12000.0
11299,12000.0
11300,12000.0
11301,12000.0
11302,12000.0
11303,12000.0
11304,12000.0
11305,12000.0
11306,12000.0
11307,12000.0
11308,12000.0
11309,12000.0
11310,12000.0
11311,12000.0
11312,12000.0
11313,12000.0
11314,12000.0
11315,12000.0
11316,12000.0
11317,12000.0
11318,12000.0
11319,12000.0
11320,12000.0
11321,12000.0
11322,12000.0
11323,12000.0
11324,12000.0
11325,12000.0
11326,12000.0
11327,12000.0
11328,12000.0
11329,12000.0
11330,12000.0
11331,12000.0
11332,12000.0
11333,12000.0
11334,12000.0
11335,12000.0
11336,12000.0
11337,12000.0
11338,12000.0
11339,12000.0
11340,12000.0
11341,12000.0
11342,12000.0
11343,12000.0
11344,12000.0
11345,12000.0
11346,12000.0
11347,12000.0
11348,12000.0
11349,12000.0
11350,12000.0
11351,12000.0
11352,12000.0
11353,12000.0
11354,12000.0
11355,12000.0
11356,12000.0
11357,12000.0
11358,12000.0
11359,12000.0
11360,12000.0
11361,12000.0
11362,12000.0
11363,12000.0
11364,12000.0
11365,12000.0
11366,12000.0
11367,12000.0
11368,12000.0
11369,12000.0
11370,12000.0
11371,12000.0
11372,12000.0
11373,12000.0
11374,12000.0
11375,12000.0
11376,12000.0
11377,12000.0
11378,12000.0
11379,12000.0
11380,12000.0
11381,12000.0
11382,12000.0
11383,12000.0
11384,12000.0
11385,12000.0
11386,12000.0
11387,12000.0
11388,12000.0
11389,12000.0
11390,12000.0
11391,12000.0
11392,12000.0
11393,12000.0
11394,12000.0
11395,12000.0
11396,12000.0
11397,12000.0
11398,12000.0
11399,12000.0
11400,12000.0
11401,12000.0
11402,12000.0
11403,12000.0
11404,12000.0
11405,12000.0
11406,12000.0
11407,12000.0
11408,12000.0
11409,12000.0
11410,12000.0
11411,12000.0
11412,12000.0
11413,12000.0
11414,12000.0
11415,12000.0
11416,12000.0
11417,12000.0
11418,12000.0
11419,12000.0
11420,12000.0
11421,12000.0
11422,12000.0
11423,12000.0
11424,12000.0
11425,12000.0
11426,12000.0
11427,12000.0
11428,12000.0
11429,12000.0
11430,12000.0
11431,12000.0
11432,12000.0
11433,12000.0
11434,12000.0
11435,12000.0
11436,12000.0
11437,12000.0
11438,12000.0
11439,12000.0
11440,12000.0
11441,12000.0
11442,12000.0
11443,12000.0
11444,12000.0
11445,12000.0
11446,12000.0
11447,12000.0
11448,12000.0
11449,12000.0
11450,12000.0
11451,12000.0
11452,12000.0
11453,12000.0
11454,12000.0
11455,12000.0
11456,12000.0
11457,12000.0
11458,12000.0
11459,12000.0
11460,12000.0
11461,12000.0
11462,12000.0
11463,12000.0
11464,12000.0
11465,12000.0
11466,12000.0
11467,12000.0
11468,12000.0
11469,12000.0
11470,12000.0
11471,12000.0
11472,12000.0
11473,12000.0
11474,12000.0
11475,12000.0
11476,12000.0
11477,12000.0
11478,12000.0
11479,12000.0
11480,12000.0
11481,12000.0
11482,12000.0
11483,12000.0
11484,12000.0
11485,12000.0
11486,12000.0
11487,12000.0
11488,12000.0
11489,12000.0
11490,12000.0
11491,12000.0
11492,12000.0
11493,12000.0
11494,12000.0
11495,12000.0
11496,12000.0
11497,12000.0
11498,12000.0
11499,12000.0
11500,12000.0
11501,12000.0
11502,12000.0
11503,12000.0
11504,12000.0
11505,12000.0
11506,12000.0
11507,12000.0
11508,12000.0
11509,12000.0
11510,12000.0
11511,12000.0
11512,12000.0
11513,12000.0
11514,12000.0
11515,12000.0
11516,12000.0
11517,12000.0
11518,12000.0
11519,12000.0
11520,12000.0
385,12000.0
386,12000.0
387,12000.0
388,12000.0
389,12000.0
390,12000.0
391,12000.0
392,12000.0
393,12000.0
394,12000.0
395,12000.0
396,12000.0
397,12000.0
398,12000.0
399,12000.0
400,12000.0
401,12000.0
402,12000.0
403,12000.0
404,12000.0
405,12000.0
406,12000.0
407,12000.0
408,12000.0
409,12000.0
410,12000.0
411,12000.0
412,12000.0
413,12000.0
414,12000.0
415,12000.0
416,12000.0
417,12000.0
418,12000.0
419,12000.0
420,12000.0
421,12000.0
422,12000.0
423,12000.0
424,12000.0
425,12000.0
426,12000.0
427,12000.0
428,12000.0
429,12000.0
430,12000.0
431,12000.0
432,12000.0
433,10999.63
434,12000.0
435,12000.0
436,12000.0
437,12000.0
438,12000.0
439,10995.21
440,10996.48
441,12000.0
442,12000.0
443,12000.0
444,12000.0
445,12000.0
446,12000.0
447,12000.0
448,12000.0
449,12000.0
450,12000.0
451,12000.0
452,12000.0
453,12000.0
454,12000.0
455,12000.0
456,12000.0
457,12000.0
458,12000.0
459,12000.0
460,12000.0
461,12000.0
462,12000.0
463,12000.0
464,12000.0
465,12000.0
466,12000.0
467,12000.0
468,12000.0
469,12000.0
470,12000.0
471,12000.0
472,12000.0
473,12000.0
474,12000.0
475,12000.0
476,12000.0
477,12000.0
478,12000.0
479,12000.0
480,12000.0
3361,12000.0
3362,12000.0
3363,12000.0
3364,12000.0
3365,12000.0
3366,12000.0
3367,12000.0
3368,12000.0
3369,12000.0
3370,12000.0
3371,12000.0
3372,12000.0
3373,12000.0
3374,12000.0
3375,12000.0
3376,12000.0
3377,12000.0
3378,12000.0
3379,12000.0
3380,12000.0
3381,12000.0
3382,12000.0
3383,12000.0
3384,12000.0
3385,12000.0
3386,12000.0
3387,12000.0
3388,12000.0
3389,12000.0
3390,12000.0
3391,12000.0
3392,12000.0
3393,12000.0
3394,12000.0
3395,12000.0
3396,12000.0
3397,12000.0
3398,12000.0
3399,12000.0
3400,12000.0
3401,12000.0
3402,12000.0
3403,12000.0
3404,12000.0
3405,12000.0
3406,12000.0
3407,12000.0
3408,12000.0
3409,12000.0
3410,12000.0
3411,12000.0
3412,12000.0
3413,12000.0
3414,12000.0
3415,12000.0
3416,12000.0
3417,12000.0
3418,12000.0
3419,12000.0
3420,12000.0
3421,12000.0
3422,12000.0
3423,12000.0
3424,12000.0
3425,12000.0
3426,12000.0
3427,12000.0
3428,12000.0
3429,12000.0
3430,12000.0
3431,12000.0
3432,12000.0
3433,12000.0
3434,12000.0
3435,12000.0
3436,12000.0
3437,12000.0
3438,12000.0
3439,12000.0
3440,12000.0
3441,12000.0
3442,12000.0
3443,12000.0
3444,12000.0
3445,12000.0
3446,12000.0
3447,12000.0
3448,12000.0
3449,12000.0
3450,12000.0
3451,12000.0
3452,12000.0
3453,12000.0
3454,12000.0
3455,12000.0
3456,12000.0
6049,12000.0
6050,12000.0
6051,12000.0
6052,12000.0
6053,12000.0
6054,12000.0
6055,12000.0
6056,12000.0
6057,12000.0
6058,12000.0
6059,12000.0
6060,12000.0
6061,12000.0
6062,12000.0
6063,12000.0
6064,12000.0
6065,12000.0
6066,12000.0
6067,12000.0
6068,12000.0
6069,12000.0
6070,12000.0
6071,12000.0
6072,12000.0
6073,12000.0
6074,12000.0
6075,12000.0
6076,12000.0
6077,12000.0
6078,12000.0
6079,12000.0
6080,12000.0
6081,12000.0
6082,10945.37
6083,10942.52
6084,10942.5
6085,10943.29
6086,10945.84
6087,10945.28
6088,10946.13
6089,10945.65
6090,10946.77
6091,10946.99
6092,10947.36
6093,10944.92
6094,10944.02
6095,10943.65
6096,10943.65
6097,10339.14
6098,10941.29
6099,10942.25
6100,10942.08
6101,10941.08
6102,10941.73
6103,10947.08
6104,11389.08
6105,12000.0
6106,12000.0
6107,12000.0
6108,12000.0
6109,12000.0
6110,12000.0
6111,12000.0
6112,12000.0
6113,12000.0
6114,12000.0
6115,12000.0
6116,12000.0
6117,12000.0
6118,12000.0
6119,12000.0
6120,12000.0
6121,12000.0
6122,12000.0
6123,12000.0
6124,12000.0
6125,12000.0
6126,12000.0
6127,12000.0
6128,12000.0
6129,12000.0
6130,12000.0
6131,12000.0
6132,12000.0
6133,12000.0
6134,12000.0
6135,12000.0
6136,12000.0
6137,12000.0
6138,12000.0
6139,12000.0
6140,12000.0
6141,12000.0
6142,12000.0
6143,12000.0
6144,12000.0
9025,12000.0
9026,12000.0
9027,12000.0
9028,12000.0
9029,12000.0
9030,12000.0
9031,12000.0
9032,12000.0
9033,12000.0
9034,12000.0
9035,12000.0
9036,12000.0
9037,12000.0
9038,12000.0
9039,12000.0
9040,12000.0
9041,12000.0
9042,12000.0
9043,12000.0
9044,12000.0
9045,12000.0
9046,12000.0
9047,12000.0
9048,12000.0
9049,12000.0
9050,12000.0
9051,12000.0
9052,12000.0
9053,12000.0
9054,12000.0
9055,12000.0
9056,12000.0
9057,11839.29
9058,10339.0
9059,7400.72
9060,6999.92
9061,9945.03
9062,10339.19
9063,10339.13
9064,10339.53
9065,10000.31
9066,10339.62
9067,9949.6
9068,10339.44
9069,10340.0
9070,11524.0
9071,11895.42
9072,12000.0
9073,10339.86
9074,10339.75
9075,11660.85
9076,12000.0
9077,12000.0
9078,12000.0
9079,12000.0
9080,12000.0
9081,12000.0
9082,12000.0
9083,12000.0
9084,12000.0
9085,12000.0
9086,12000.0
9087,12000.0
9088,12000.0
9089,12000.0
9090,12000.0
9091,12000.0
9092,12000.0
9093,12000.0
9094,12000.0
9095,12000.0
9096,12000.0
9097,12000.0
9098,12000.0
9099,12000.0
9100,12000.0
9101,12000.0
9102,12000.0
9103,12000.0
9104,12000.0
9105,12000.0
9106,12000.0
9107,12000.0
9108,12000.0
9109,12000.0
9110,12000.0
9111,12000.0
9112,12000.0
9113,12000.0
9114,12000.0
9115,12000.0
9116,12000.0
9117,12000.0
9118,12000.0
9119,12000.0
9120,12000.0
11905,12000.0
11906,12000.0
11907,12000.0
11908,12000.0
11909,12000.0
11910,12000.0
11911,12000.0
11912,12000.0
11913,12000.0
11914,12000.0
11915,12000.0
11916,12000.0
11917,12000.0
11918,12000.0
11919,12000.0
11920,12000.0
11921,12000.0
11922,12000.0
11923,12000.0
11924,12000.0
11925,12000.0
11926,12000.0
11927,12000.0
11928,12000.0
11929,12000.0
11930,12000.0
11931,12000.0
11932,12000.0
11933,12000.0
11934,12000.0
11935,12000.0
11936,12000.0
11937,10339.05
11938,7999.14
11939,7400.57
11940,6081.18
11941,7400.61
11942,7992.7
11943,7994.27
11944,7994.74
11945,7993.21
11946,8599.0
11947,10389.32
11948,10999.55
11949,11004.57
11950,11004.19
11951,11001.8
11952,11004.36
11953,7996.73
11954,7999.59
11955,9000.1
11956,9000.34
11957,9000.48
11958,9000.96
11959,12000.0
11960,12000.0
11961,12000.0
11962,12000.0
11963,12000.0
11964,12000.0
11965,12000.0
11966,12000.0
11967,12000.0
11968,12000.0
11969,12000.0
11970,12000.0
11971,12000.0
11972,12000.0
11973,12000.0
11974,12000.0
11975,12000.0
11976,12000.0
11977,12000.0
11978,12000.0
11979,12000.0
11980,12000.0
11981,12000.0
11982,12000.0
11983,12000.0
11984,12000.0
11985,12000.0
11986,12000.0
11987,12000.0
11988,12000.0
11989,12000.0
11990,12000.0
11991,12000.0
11992,12000.0
11993,12000.0
11994,12000.0
11995,12000.0
11996,12000.0
11997,12000.0
11998,12000.0
11999,12000.0
12000,12000.0
14881,12000.0
14882,12000.0
14883,12000.0
14884,12000.0
14885,12000.0
14886,12000.0
14887,12000.0
14888,12000.0
14889,12000.0
14890,12000.0
14891,12000.0
14892,12000.0
14893,12000.0
14894,12000.0
14895,12000.0
14896,12000.0
14897,12000.0
14898,12000.0
14899,12000.0
14900,12000.0
14901,12000.0
14902,12000.0
14903,12000.0
14904,12000.0
14905,12000.0
14906,12000.0
14907,12000.0
14908,12000.0
14909,12000.0
14910,12000.0
14911,11038.77
14912,7999.68
14913,4999.37
14914,4238.07
14915,4600.38
14916,4873.08
14917,4035.6
14918,4999.2
14919,4999.79
14920,4999.87
14921,4999.22
14922,4999.7
14923,4999.99
14924,7992.6
14925,7400.25
14926,7992.74
14927,7996.58
14928,7994.08
14929,4999.74
14930,4999.91
14931,4999.88
14932,4999.78
14933,4999.31
14934,5000.19
14935,6999.17
14936,9993.38
14937,10339.06
14938,12000.0
14939,12000.0
14940,12000.0
14941,12000.0
14942,12000.0
14943,12000.0
14944,12000.0
14945,12000.0
14946,12000.0
14947,12000.0
14948,12000.0
14949,12000.0
14950,12000.0
14951,12000.0
14952,12000.0
14953,12000.0
14954,12000.0
14955,12000.0
14956,12000.0
14957,12000.0
14958,12000.0
14959,12000.0
14960,12000.0
14961,12000.0
14962,12000.0
14963,12000.0
14964,12000.0
14965,12000.0
14966,12000.0
14967,12000.0
14968,12000.0
14969,12000.0
14970,12000.0
14971,12000.0
14972,12000.0
14973,12000.0
14974,12000.0
14975,12000.0
14976,12000.0
17761,12000.0
17762,12000.0
17763,12000.0
17764,12000.0
17765,12000.0
17766,12000.0
17767,12000.0
17768,12000.0
17769,12000.0
17770,12000.0
17771,12000.0
17772,12000.0
17773,12000.0
17774,12000.0
17775,12000.0
17776,12000.0
17777,12000.0
17778,12000.0
17779,12000.0
17780,12000.0
17781,12000.0
17782,12000.0
17783,12000.0
17784,12000.0
17785,12000.0
17786,12000.0
17787,12000.0
17788,12000.0
17789,10339.31
17790,5997.79
17791,4700.89
17792,4369.48
17793,3999.82
17794,3999.81
17795,3999.73
17796,3999.58
17797,3999.21
17798,3999.43
17799,3999.45
17800,3999.59
17801,3999.63
17802,4491.07
17803,4491.56
17804,4492.75
17805,4493.75
17806,4492.09
17807,4492.81
17808,4494.34
17809,4022.94
17810,4491.21
17811,4493.94
17812,4491.02
17813,3999.9
17814,3999.96
17815,4491.89
17816,5010.73
17817,5996.13
17818,6000.23
17819,7400.28
17820,9991.41
17821,10369.46
17822,12000.0
17823,12000.0
17824,12000.0
17825,12000.0
17826,12000.0
17827,12000.0
17828,12000.0
17829,12000.0
17830,12000.0
17831,12000.0
17832,12000.0
17833,12000.0
17834,12000.0
17835,12000.0
17836,12000.0
17837,12000.0
17838,12000.0
17839,12000.0
17840,12000.0
17841,12000.0
17842,12000.0
17843,12000.0
17844,12000.0
17845,12000.0
17846,12000.0
17847,12000.0
17848,12000.0
17849,12000.0
17850,12000.0
17851,12000.0
17852,12000.0
17853,12000.0
17854,12000.0
17855,12000.0
17856,12000.0
20737,12000.0
20738,12000.0
20739,12000.0
20740,12000.0
20741,12000.0
20742,12000.0
20743,12000.0
20744,12000.0
20745,12000.0
20746,12000.0
20747,12000.0
20748,12000.0
20749,12000.0
20750,12000.0
20751,12000.0
20752,10339.18
20753,8000.81
20754,8000.95
20755,8000.56
20756,8000.71
20757,8399.14
20758,9799.95
20759,8580.82
20760,10339.11
20761,7997.2
20762,7999.54
20763,7997.69
20764,7400.92
20765,3944.25
20766,3499.76
20767,3449.7
20768,3445.85
20769,3443.98
20770,3443.24
20771,3300.95
20772,3070.93
20773,2950.67
20774,2900.77
20775,2900.08
20776,2846.27
20777,3000.16
20778,3000.42
20779,3000.19
20780,3000.18
20781,3070.01
20782,3100.13
20783,3100.39
20784,3100.54
20785,3160.25
20786,3250.73
20787,3127.93
20788,3100.86
20789,3100.35
20790,3038.95
20791,3127.66
20792,3441.23
20793,3444.26
20794,3445.19
20795,3446.78
20796,3449.78
20797,3499.6
20798,3567.67
20799,4000.12
20800,4500.3
20801,3959.12
20802,3959.74
20803,4000.42
20804,4000.88
20805,4100.14
20806,5460.15
20807,3987.17
20808,3987.84
20809,3828.77
20810,3828.87
20811,4100.47
20812,4369.05
20813,5019.61
20814,5500.43
20815,7400.32
20816,7991.94
20817,7992.12
20818,7991.63
20819,7991.2
20820,7993.83
20821,8499.99
20822,12000.0
20823,12000.0
20824,12000.0
20825,12000.0
20826,12000.0
20827,12000.0
20828,12000.0
20829,12000.0
20830,12000.0
20831,12000.0
20832,12000.0
23713,12000.0
23714,11999.68
23715,11001.58
23716,9999.58
23717,9799.23
23718,8750.5
23719,7400.54
23720,7400.56
23721,5822.8
23722,5808.66
23723,7389.57
23724,5999.34
23725,5500.85
23726,5500.62
23727,5500.53
23728,5500.12
23729,5500.36
23730,5500.79
23731,5500.67
23732,5500.52
23733,5376.98
23734,5000.51
23735,5950.6
23736,6000.4
23737,6509.39
23738,5999.28
23739,6000.81
23740,5450.41
23741,4500.44
23742,4000.1
23743,3828.79
23744,3750.93
23745,3213.36
23746,3205.85
23747,2999.54
23748,2999.58
23749,2999.65
23750,3149.32
23751,3155.4
23752,3177.86
23753,3300.74
23754,3384.71
23755,3450.62
23756,3568.5
23757,3765.18
23758,3828.79
23759,4001.0
23760,4000.48
23761,4500.82
23762,4500.11
23763,4000.73
23764,4000.75
23765,3800.92
23766,3987.61
23767,7520.1
23768,7520.85
23769,8520.62
23770,8520.95
23771,11689.95
23772,12000.0
23773,12000.0
23774,12000.0
23775,12000.0
23776,12000.0
23777,12000.0
23778,12000.0
23779,12000.0
23780,12000.0
23781,12000.0
23782,12000.0
23783,12000.0
23784,12000.0
23785,12000.0
23786,12000.0
23787,12000.0
23788,12000.0
23789,12000.0
23790,12000.0
23791,12000.0
23792,12000.0
23793,12000.0
23794,12000.0
23795,12000.0
23796,12000.0
23797,12000.0
23798,12000.0
23799,12000.0
23800,12000.0
23801,12000.0
23802,12000.0
23803,12000.0
23804,12000.0
23805,12000.0
23806,12000.0
23807,12000.0
23808,12000.0
26593,8000.91
26594,8500.4
26595,8500.31
26596,8000.23
26597,7999.29
26598,6999.58
26599,6500.72
26600,6009.28
26601,5999.16
26602,5999.82
26603,5500.95
26604,5500.71
26605,5500.35
26606,5500.39
26607,5500.31
26608,5499.74
26609,5500.41
26610,5500.68
26611,5500.7
26612,5500.56
26613,5499.66
26614,6499.74
26615,7400.13
26616,6800.89
26617,6000.58
26618,6289.77
26619,6289.51
26620,4060.89
26621,3857.9
26622,3828.11
26623,3828.23
26624,3789.47
26625,3450.68
26626,3450.98
26627,3502.71
26628,2999.76
26629,2999.76
26630,3123.0
26631,3123.54
26632,3123.15
26633,3000.69
26634,3190.15
26635,3457.31
26636,3510.79
26637,3510.56
26638,3772.42
26639,3800.25
26640,3800.89
26641,3800.9
26642,3800.52
26643,3789.07
26644,3772.03
26645,3112.96
26646,3112.27
26647,3500.16
26648,3800.57
26649,3510.76
26650,4999.61
26651,7000.6
26652,7000.58
26653,6000.05
26654,6289.59
26655,7999.4
26656,7000.83
26657,6000.67
26658,7000.5
26659,6000.77
26660,5500.61
26661,5499.04
26662,5499.34
26663,5499.01
26664,5499.56
26665,5499.24
26666,5550.42
26667,4750.25
26668,5999.63
26669,5999.6
26670,6999.28
26671,6999.83
26672,6999.4
26673,6500.17
26674,5999.6
26675,5999.34
26676,5999.58
26677,5999.71
26678,6450.15
26679,6289.94
26680,5999.74
26681,5999.56
26682,6999.64
26683,6999.89
26684,6999.94
26685,8000.1
26686,8000.3
26687,8000.07
26688,6999.97
29569,8000.44
29570,8000.39
29571,8000.26
29572,7400.92
29573,7199.04
29574,6999.52
29575,6999.17
29576,6505.36
29577,6999.48
29578,6999.7
29579,6999.47
29580,5999.07
29581,5999.3
29582,5500.9
29583,5500.76
29584,5500.31
29585,6489.95
29586,5999.26
29587,5999.11
29588,5999.84
29589,5555.62
29590,6000.45
29591,5999.05
29592,6489.31
29593,6000.15
29594,5999.32
29595,5999.97
29596,5499.73
29597,4000.41
29598,3828.16
29599,3615.69
29600,3000.19
29601,2999.52
29602,2999.45
29603,2999.44
29604,2999.5
29605,2999.56
29606,2999.82
29607,2999.77
29608,2999.75
29609,2870.7
29610,3190.59
29611,3250.79
29612,3300.97
29613,3800.33
29614,3800.54
29615,3800.82
29616,3993.38
29617,3993.87
29618,4400.4
29619,4500.18
29620,4500.32
29621,3789.25
29622,3800.12
29623,4500.4
29624,5500.42
29625,4500.73
29626,6489.04
29627,7994.34
29628,7999.02
29629,6099.87
29630,7000.28
29631,9389.46
29632,7999.22
29633,6489.19
29634,7389.94
29635,7199.01
29636,7400.69
29637,7400.05
29638,6489.44
29639,5460.35
29640,6489.13
29641,5300.95
29642,5200.4
29643,5999.56
29644,5999.62
29645,5999.96
29646,6999.82
29647,7400.84
29648,7400.06
29649,6999.62
29650,6999.72
29651,6999.56
29652,6999.75
29653,6999.92
29654,7400.1
29655,7400.73
29656,7199.52
29657,6999.85
29658,8000.48
29659,8000.56
29660,8000.49
29661,8000.79
29662,8000.76
29663,8000.75
29664,8000.26
32449,8000.07
32450,8000.16
32451,8000.14
32452,8000.01
32453,6999.78
32454,6999.89
32455,6999.4
32456,6204.96
32457,6698.69
32458,6698.59
32459,6698.25
32460,5698.29
32461,5698.31
32462,5199.52
32463,5199.3
32464,5199.17
32465,5500.63
32466,5500.77
32467,5500.52
32468,5500.72
32469,4998.19
32470,5250.71
32471,5250.09
32472,4999.73
32473,5699.02
32474,5555.49
32475,4999.52
32476,4607.21
32477,3699.52
32478,3527.14
32479,3314.87
32480,2699.93
32481,2698.67
32482,2698.65
32483,2698.55
32484,2698.66
32485,2698.81
32486,3000.24
32487,3006.88
32488,3200.78
32489,3312.14
32490,3500.35
32491,3789.59
32492,3959.51
32493,4998.61
32494,4999.18
32495,4999.28
32496,4999.26
32497,4999.0
32498,6000.04
32499,5500.08
32500,6000.03
32501,3993.35
32502,4012.08
32503,4400.27
32504,6520.01
32505,4199.8
32506,6188.82
32507,7693.39
32508,7698.51
32509,7000.83
32510,7400.27
32511,8000.27
32512,7698.61
32513,6188.82
32514,7088.44
32515,6898.58
32516,7099.79
32517,7099.35
32518,6188.81
32519,5159.79
32520,6188.49
32521,5000.62
32522,4999.09
32523,5698.36
32524,5698.62
32525,6999.95
32526,7400.07
32527,7500.28
32528,8400.14
32529,7199.48
32530,7000.07
32531,7389.3
32532,7400.04
32533,7999.3
32534,7999.71
32535,8000.06
32536,8000.02
32537,7010.32
32538,8000.8
32539,8086.0
32540,8000.85
32541,8000.88
32542,8000.99
32543,8000.85
32544,8000.57
12673,8000.87
12674,8000.52
12675,8000.22
12676,7999.46
12677,6999.91
12678,6999.5
12679,6999.25
12680,4550.18
12681,4500.44
12682,4370.19
12683,4100.01
12684,4350.12
12685,4500.24
12686,3993.31
12687,3772.72
12688,3499.98
12689,3789.66
12690,3989.12
12691,3993.96
12692,3993.98
12693,3502.24
12694,4000.01
12695,3993.95
12696,4000.17
12697,4000.43
12698,4100.43
12699,4100.75
12700,3993.14
12701,3600.58
12702,2750.43
12703,1999.03
12704,1499.76
12705,1499.63
12706,1499.64
12707,1499.67
12708,1499.52
12709,1499.7
12710,1499.87
12711,1499.8
12712,1499.82
12713,1499.94
12714,2760.41
12715,3000.15
12716,3150.59
12717,3006.28
12718,3150.49
12719,2979.19
12720,3000.54
12721,3200.2
12722,3500.77
12723,3959.66
12724,3800.68
12725,3000.02
12726,2979.69
12727,3400.64
12728,4100.12
12729,4100.07
12730,6000.28
12731,4100.72
12732,4370.7
12733,3701.27
12734,4100.1
12735,6454.67
12736,6441.7
12737,6389.48
12738,4500.71
12739,4100.5
12740,4303.85
12741,3959.14
12742,3959.05
12743,3959.04
12744,4100.28
12745,4100.57
12746,4999.51
12747,4999.04
12748,6700.0
12749,6999.51
12750,6999.65
12751,7359.2
12752,7999.06
12753,6999.86
12754,6999.76
12755,6999.8
12756,6999.97
12757,7999.72
12758,7999.04
12759,7230.2
12760,7303.9
12761,7999.47
12762,9000.26
12763,9000.23
12764,9000.21
12765,9000.09
12766,9000.08
12767,9000.02
12768,9000.0
12769,7229.88
12770,6999.91
12771,6999.63
12772,6999.1
12773,6509.95
12774,6319.4
12775,5930.0
12776,4671.17
12777,3979.96
12778,3993.79
12779,3993.14
12780,3979.86
12781,3998.29
12782,3993.21
12783,3993.28
12784,3789.03
12785,4500.57
12786,4999.88
12787,4998.87
12788,4999.22
12789,4000.09
12790,5070.14
12791,3998.66
12792,4000.99
12793,4100.15
12794,4400.52
12795,4100.55
12796,3959.84
12797,3700.86
12798,3450.1
12799,2799.88
12800,1999.9
12801,1604.29
12802,1600.32
12803,1199.9
12804,1199.78
12805,1199.92
12806,1605.86
12807,1605.39
12808,1608.91
12809,1601.46
12810,1999.69
12811,1999.99
12812,2550.68
12813,2550.94
12814,2750.75
12815,2500.81
12816,2979.24
12817,2951.34
12818,3000.15
12819,3100.65
12820,3010.73
12821,2800.01
12822,2750.92
12823,2998.03
12824,3050.07
12825,2979.91
12826,3199.16
12827,3699.22
12828,4500.89
12829,3959.9
12830,4999.13
12831,4998.36
12832,4500.36
12833,3699.67
12834,3699.28
12835,3500.97
12836,3699.79
12837,3699.39
12838,3699.26
12839,3000.43
12840,3250.07
12841,3749.76
12842,3700.62
12843,3749.57
12844,4000.43
12845,5201.71
12846,6415.4
12847,6999.41
12848,6999.48
12849,6989.34
12850,6999.14
12851,6999.27
12852,6999.25
12853,6999.55
12854,6999.52
12855,6999.45
12856,6999.41
12857,6999.73
12858,7998.66
12859,7229.17
12860,7229.41
12861,7199.32
12862,7229.33
12863,6999.93
12864,6999.79
12865,6999.18
12866,6998.15
12867,6000.81
12868,5999.85
12869,5499.6
12870,4899.74
12871,3999.95
12872,3999.86
12873,3979.21
12874,3979.02
12875,3979.24
12876,3750.56
12877,3199.63
12878,3169.78
12879,3000.05
12880,2999.87
12881,3169.56
12882,3169.37
12883,3169.83
12884,3230.45
12885,3020.41
12886,3800.44
12887,3189.45
12888,3129.63
12889,3129.95
12890,3500.22
12891,3129.73
12892,3127.03
12893,2500.4
12894,2499.54
12895,1999.5
12896,1700.48
12897,1556.83
12898,1554.3
12899,1553.85
12900,1199.77
12901,1199.61
12902,1199.64
12903,1199.67
12904,1199.62
12905,1199.58
12906,1199.66
12907,1199.77
12908,1199.79
12909,1199.74
12910,1199.69
12911,1199.7
12912,1199.79
12913,1199.9
12914,1199.99
12915,1552.46
12916,1500.78
12917,1550.05
12918,1557.13
12919,1700.9
12920,1700.53
12921,1645.64
12922,2000.09
12923,2309.66
12924,2850.88
12925,2850.15
12926,2850.03
12927,2850.28
12928,2989.03
12929,2799.09
12930,2799.19
12931,2900.31
12932,2900.95
12933,2399.89
12934,2399.6
12935,2399.79
12936,2399.99
12937,2500.9
12938,2799.43
12939,2799.51
12940,2999.29
12941,3500.96
12942,3999.66
12943,4899.12
12944,4999.26
12945,4320.53
12946,4899.89
12947,4999.93
12948,5499.58
12949,5999.9
12950,6009.37
12951,6489.88
12952,6489.77
12953,5999.22
12954,6499.7
12955,6998.6
12956,6998.99
12957,6999.25
12958,6999.2
12959,6998.75
12960,6998.44
12961,6999.15
12962,6999.29
12963,6999.0
12964,5999.94
12965,5000.67
12966,5000.52
12967,4499.37
12968,4499.21
12969,3979.93
12970,3999.68
12971,3993.41
12972,3979.33
12973,3989.58
12974,3500.76
12975,3500.49
12976,3499.98
12977,3500.04
12978,3499.86
12979,3500.16
12980,3500.06
12981,3500.29
12982,4000.05
12983,3600.97
12984,3800.96
12985,4320.81
12986,4499.82
12987,4400.9
12988,3993.51
12989,4000.67
12990,3518.45
12991,3453.14
12992,3189.23
12993,3098.62
12994,2959.73
12995,2911.13
12996,2800.96
12997,2810.98
12998,2911.22
12999,2911.93
13000,2960.36
13001,2967.18
13002,2981.31
13003,2989.05
13004,3450.0
13005,3255.63
13006,3358.47
13007,3450.16
13008,3450.72
13009,3491.78
13010,3493.47
13011,3494.53
13012,3496.05
13013,3792.74
13014,3792.76
13015,3793.02
13016,3795.6
13017,3799.94
13018,3993.64
13019,4500.54
13020,4500.43
13021,4989.66
13022,4989.45
13023,6070.27
13024,5570.54
13025,4770.31
13026,4770.12
13027,4770.0
13028,4770.11
13029,4770.36
13030,4770.15
13031,4770.36
13032,4770.71
13033,4320.11
13034,4320.4
13035,4499.77
13036,4750.24
13037,6489.81
13038,6999.24
13039,6999.4
13040,6999.45
13041,6999.33
13042,6999.28
13043,6999.28
13044,6999.42
13045,6999.43
13046,6999.49
13047,6999.53
13048,6999.58
13049,6999.64
13050,6999.89
13051,6999.98
13052,7000.04
13053,7000.21
13054,7000.27
13055,6999.98
13056,6999.98
13057,6999.65
13058,6999.53
13059,6999.36
13060,6999.2
13061,6989.14
13062,6489.16
13063,6009.76
13064,6009.42
13065,5771.38
13066,5999.41
13067,5999.32
13068,5500.0
13069,5499.9
13070,4500.04
13071,4499.85
13072,4209.95
13073,4499.56
13074,4500.37
13075,4500.03
13076,4998.24
13077,4998.88
13078,4998.87
13079,4320.47
13080,3500.51
13081,4200.42
13082,4209.35
13083,4000.9
13084,3989.08
13085,3700.09
13086,3499.3
13087,3468.05
13088,3459.72
13089,3000.2
13090,2760.45
13091,2738.78
13092,2750.33
13093,2900.49
13094,3000.22
13095,2989.98
13096,3200.67
13097,3000.41
13098,3457.63
13099,3518.31
13100,3600.11
13101,3789.52
13102,3989.94
13103,3991.92
13104,3993.37
13105,3994.47
13106,3995.85
13107,3996.16
13108,3996.39
13109,4492.93
13110,4492.11
13111,4491.6
13112,4493.12
13113,3993.12
13114,4209.07
13115,4495.46
13116,5000.2
13117,4989.21
13118,4899.42
13119,5244.92
13120,5571.36
13121,5000.03
13122,4899.87
13123,4899.57
13124,5000.44
13125,5000.09
13126,4899.99
13127,4749.25
13128,4499.36
13129,4499.3
13130,4499.35
13131,4500.47
13132,5000.81
13133,5999.4
13134,6999.14
13135,6999.54
13136,6999.67
13137,6999.59
13138,6999.59
13139,6999.62
13140,6999.72
13141,6999.92
13142,6999.97
13143,7499.07
13144,7499.98
13145,7999.27
13146,8000.21
13147,8000.47
13148,8000.48
13149,8000.42
13150,8000.42
13151,7999.93
13152,7999.5
13153,8000.6
13154,8000.44
13155,8000.15
13156,6999.98
13157,6999.7
13158,6999.6
13159,6999.25
13160,6999.13
13161,6999.05
13162,6989.46
13163,6549.88
13164,6333.02
13165,6000.93
13166,5999.12
13167,5513.75
13168,4502.75
13169,5634.75
13170,6000.46
13171,6000.64
13172,6070.82
13173,6777.82
13174,6777.94
13175,5489.69
13176,5000.38
13177,5050.02
13178,5050.08
13179,4750.43
13180,4500.34
13181,4499.71
13182,4250.26
13183,4052.7
13184,3816.48
13185,3468.19
13186,3499.54
13187,3497.24
13188,3518.49
13189,3333.49
13190,3677.05
13191,3738.9
13192,3800.38
13193,3993.04
13194,3897.12
13195,4209.58
13196,4492.61
13197,4493.76
13198,4494.23
13199,4494.7
13200,4496.39
13201,4499.14
13202,4499.55
13203,4499.7
13204,4499.71
13205,4991.5
13206,4992.89
13207,4993.12
13208,4996.36
13209,4994.89
13210,4999.92
13211,4999.63
13212,6000.04
13213,5818.43
13214,6000.14
13215,6000.73
13216,6489.23
13217,5888.85
13218,5888.15
13219,5291.14
13220,5000.42
13221,4500.57
13222,5489.43
13223,5002.47
13224,4850.7
13225,4850.8
13226,5489.34
13227,5570.51
13228,6009.49
13229,6735.79
13230,6999.82
13231,6999.95
13232,8000.18
13233,6999.96
13234,8000.17
13235,8000.23
13236,8000.72
13237,8170.77
13238,8170.75
13239,8520.88
13240,8698.47
13241,9020.89
13242,9020.67
13243,9020.69
13244,9020.58
13245,9020.36
13246,9020.08
13247,8999.74
13248,8698.84
13249,11998.35
13250,10339.92
13251,9270.7
13252,9000.94
13253,8000.96
13254,8000.66
13255,8000.48
13256,8000.28
13257,7000.22
13258,8000.02
13259,6999.82
13260,6999.67
13261,6999.21
13262,6989.99
13263,6989.11
13264,6009.6
13265,6989.79
13266,6999.17
13267,6999.45
13268,6999.49
13269,6999.47
13270,6999.51
13271,6489.1
13272,6181.72
13273,5629.26
13274,6489.04
13275,5500.88
13276,4931.35
13277,3990.96
13278,3600.95
13279,3989.73
13280,4111.43
13281,4008.0
13282,3993.57
13283,3993.12
13284,3518.74
13285,3468.1
13286,3800.19
13287,3800.48
13288,3777.45
13289,3991.62
13290,3993.81
13291,3993.64
13292,3993.81
13293,3994.27
13294,3997.13
13295,3998.76
13296,4998.15
13297,4998.96
13298,5000.09
13299,5000.24
13300,5000.05
13301,4931.73
13302,4998.74
13303,4999.56
13304,5000.72
13305,4999.72
13306,5000.22
13307,5000.43
13308,5492.71
13309,5489.47
13310,6989.16
13311,7000.63
13312,7000.83
13313,6989.73
13314,7000.44
13315,6770.51
13316,6770.45
13317,6520.1
13318,6489.51
13319,6010.0
13320,5581.48
13321,4999.65
13322,6009.9
13323,6489.36
13324,6647.47
13325,6999.35
13326,6999.75
13327,8000.69
13328,8698.62
13329,7750.59
13330,6999.96
13331,7750.04
13332,8000.77
13333,9000.85
13334,9000.69
13335,9000.68
13336,9000.56
13337,9000.59
13338,10520.07
13339,10520.04
13340,10520.11
13341,10339.6
13342,10339.18
13343,9999.83
13344,9000.8
13345,12000.0
13346,12000.0
13347,11000.78
13348,11000.79
13349,10000.97
13350,10000.59
13351,10000.19
13352,9500.27
13353,9000.07
13354,9000.18
13355,8570.1
13356,7250.68
13357,6999.63
13358,6999.14
13359,6989.75
13360,5999.53
13361,6009.26
13362,6123.87
13363,5999.36
13364,5999.0
13365,6000.91
13366,6000.02
13367,4999.79
13368,4499.9
13369,4998.57
13370,5500.36
13371,5989.6
13372,5948.68
13373,4998.23
13374,4500.68
13375,4000.96
13376,3900.19
13377,3499.93
13378,3815.16
13379,3906.47
13380,3897.31
13381,3992.64
13382,3998.93
13383,4000.38
13384,4000.14
13385,3999.64
13386,5000.21
13387,5000.78
13388,5000.58
13389,5000.31
13390,4931.59
13391,4998.48
13392,4989.62
13393,5000.15
13394,5000.57
13395,5000.59
13396,5000.85
13397,5000.44
13398,5000.43
13399,5000.81
13400,6000.94
13401,5999.34
13402,5999.83
13403,7020.02
13404,7500.19
13405,7520.07
13406,8698.07
13407,9000.06
13408,8698.86
13409,7009.7
13410,6489.52
13411,5999.77
13412,7009.02
13413,6759.65
13414,6489.56
13415,5989.03
13416,4999.57
13417,5460.65
13418,6000.42
13419,6489.73
13420,6489.83
13421,6999.62
13422,6999.97
13423,7777.01
13424,7777.84
13425,7750.11
13426,6999.99
13427,7750.42
13428,8698.26
13429,10339.72
13430,10339.36
13431,10339.36
13432,10339.56
13433,11000.05
13434,12000.0
13435,12000.0
13436,10339.74
13437,10339.19
13438,10339.18
13439,10000.9
13440,10000.3
13441,12000.0
13442,12000.0
13443,12000.0
13444,12000.0
13445,12000.0
13446,12000.0
13447,11852.67
13448,11570.58
13449,9500.84
13450,9500.46
13451,9000.42
13452,8370.16
13453,7287.92
13454,6478.27
13455,6009.15
13456,5499.33
13457,6478.57
13458,5910.18
13459,5499.92
13460,6009.28
13461,6426.06
13462,6426.36
13463,4499.87
13464,3999.78
13465,3999.89
13466,4000.5
13467,3999.69
13468,2999.87
13469,3000.0
13470,2999.9
13471,2999.75
13472,2999.68
13473,2999.46
13474,2999.56
13475,2999.63
13476,2999.64
13477,2999.8
13478,3468.1
13479,3468.41
13480,3468.48
13481,2999.82
13482,3200.6
13483,3789.38
13484,3798.8
13485,3991.1
13486,3319.04
13487,3319.26
13488,3499.99
13489,3615.09
13490,3991.0
13491,3999.29
13492,3999.33
13493,3999.27
13494,3999.32
13495,3999.21
13496,3999.33
13497,4000.63
13498,4492.95
13499,4494.46
13500,4495.68
13501,4495.96
13502,4499.77
13503,4500.29
13504,5910.51
13505,4499.89
13506,4499.98
13507,5499.95
13508,5910.88
13509,4850.62
13510,5499.69
13511,4499.62
13512,4498.9
13513,4499.48
13514,4499.69
13515,5000.79
13516,5910.48
13517,6000.22
13518,8250.98
13519,9020.97
13520,9020.53
13521,8698.87
13522,9000.32
13523,9020.12
13524,10020.36
13525,12000.0
13526,12000.0
13527,12000.0
13528,12000.0
13529,12000.0
13530,12000.0
13531,12000.0
13532,12000.0
13533,12000.0
13534,12000.0
13535,11520.88
13536,11520.76
13537,4999.69
13538,4999.63
13539,4999.64
13540,4999.47
13541,4749.23
13542,4500.74
13543,4100.38
13544,3999.23
13545,3709.77
13546,3993.25
13547,3709.92
13548,3709.25
13549,3400.41
13550,3600.39
13551,3500.71
13552,3169.81
13553,3169.74
13554,3169.27
13555,3169.32
13556,3169.09
13557,3129.28
13558,3190.88
13559,2999.76
13560,2999.73
13561,3400.07
13562,3297.02
13563,3129.23
13564,2999.41
13565,2499.32
13566,1999.74
13567,1999.79
13568,1999.41
13569,1999.13
13570,1999.05
13571,1499.69
13572,1499.36
13573,1499.15
13574,1499.12
13575,1499.07
13576,1499.07
13577,1199.12
13578,1199.12
13579,1199.12
13580,1199.16
13581,1199.07
13582,1199.1
13583,998.4
13584,998.43
13585,998.5
13586,998.54
13587,998.57
13588,998.54
13589,998.5
13590,1199.25
13591,1199.32
13592,1199.28
13593,1499.26
13594,1499.34
13595,1499.4
13596,1499.47
13597,1999.18
13598,1999.22
13599,1999.28
13600,1999.54
13601,1999.11
13602,2250.9
13603,2100.57
13604,2650.67
13605,2730.26
13606,2500.98
13607,2199.98
13608,2500.76
13609,2999.31
13610,3459.97
13611,3459.64
13612,3499.1
13613,2999.55
13614,3499.79
13615,3990.65
13616,4100.69
13617,3820.76
13618,3999.79
13619,3999.17
13620,4052.61
13621,3999.24
13622,4499.77
13623,4749.13
13624,4931.35
13625,4980.74
13626,4999.12
13627,4999.36
13628,4999.21
13629,4999.0
13630,4980.39
13631,4499.97
13632,4499.3
13633,4000.45
13634,3999.33
13635,3772.97
13636,3530.2
13637,3229.81
13638,3100.62
13639,3100.1
13640,3000.14
13641,3002.29
13642,3453.84
13643,3450.58
13644,3450.21
13645,3500.52
13646,3500.28
13647,3450.96
13648,3326.53
13649,3100.37
13650,3200.08
13651,3298.78
13652,3297.34
13653,2999.78
13654,3001.62
13655,3100.72
13656,3100.5
13657,3100.97
13658,3092.62
13659,2911.71
13660,2755.66
13661,2486.54
13662,2486.32
13663,2508.29
13664,2508.24
13665,2486.67
13666,2508.27
13667,2486.19
13668,2500.63
13669,2091.56
13670,2091.55
13671,2091.17
13672,1999.71
13673,1999.88
13674,2359.06
13675,2625.68
13676,2629.15
13677,2629.68
13678,2629.48
13679,2629.8
13680,2720.41
13681,2730.6
13682,2755.14
13683,2750.14
13684,2629.82
13685,1999.75
13686,1999.86
13687,2400.37
13688,2629.15
13689,2750.1
13690,2755.74
13691,2886.35
13692,2911.35
13693,2989.11
13694,2989.08
13695,2999.58
13696,3000.06
13697,3030.97
13698,3219.39
13699,3250.61
13700,3289.53
13701,3358.6
13702,3358.12
13703,3289.49
13704,3269.38
13705,3730.25
13706,3820.23
13707,4044.92
13708,4450.36
13709,4749.1
13710,4760.71
13711,5112.5
13712,5499.73
13713,5138.74
13714,4999.48
13715,4998.22
13716,4931.66
13717,4998.28
13718,5100.54
13719,5251.28
13720,5499.16
13721,5499.54
13722,5550.54
13723,6030.01
13724,6489.66
13725,5999.53
13726,5999.7
13727,5499.92
13728,5499.32
13729,3459.28
13730,3499.93
13731,3499.81
13732,3500.73
13733,3400.61
13734,3200.8
13735,3100.62
13736,3100.98
13737,3498.08
13738,3600.36
13739,3498.38
13740,3359.02
13741,3359.66
13742,3359.32
13743,3289.55
13744,3224.51
13745,3200.64
13746,3468.47
13747,3817.71
13748,3870.62
13749,3358.49
13750,3499.48
13751,3600.08
13752,3400.43
13753,3518.01
13754,3190.04
13755,3097.39
13756,2911.97
13757,2799.55
13758,2508.66
13759,2508.15
13760,2499.43
13761,2486.72
13762,2499.06
13763,2091.88
13764,2091.65
13765,2091.08
13766,2091.56
13767,2091.9
13768,2359.82
13769,2091.91
13770,2193.56
13771,2391.74
13772,2511.18
13773,2629.12
13774,2621.47
13775,2629.37
13776,2629.52
13777,2629.51
13778,2629.3
13779,2629.29
13780,2629.29
13781,1999.6
13782,1999.63
13783,2000.73
13784,2375.87
13785,2500.52
13786,2911.21
13787,2989.82
13788,3100.21
13789,3120.11
13790,3186.16
13791,3190.58
13792,3150.27
13793,3000.73
13794,3000.84
13795,2989.63
13796,3035.14
13797,3499.44
13798,3500.04
13799,3690.71
13800,4009.64
13801,4279.6
13802,4279.76
13803,4599.06
13804,4999.68
13805,4998.55
13806,5000.41
13807,5389.88
13808,5500.12
13809,5350.2
13810,5002.81
13811,5000.81
13812,5000.93
13813,5501.91
13814,5573.13
13815,5965.37
13816,5528.51
13817,5543.28
13818,5831.01
13819,6000.0
13820,5501.81
13821,5719.68
13822,5928.71
13823,5501.9
13824,5501.66
13825,5989.03
13826,5989.57
13827,5989.56
13828,5500.41
13829,5563.18
13830,5000.98
13831,5000.79
13832,5000.52
13833,5072.79
13834,5258.72
13835,5047.93
13836,5000.24
13837,5000.2
13838,4998.89
13839,4931.84
13840,4888.18
13841,4877.21
13842,5000.7
13843,5000.94
13844,5136.24
13845,4947.49
13846,5024.09
13847,5227.92
13848,5023.96
13849,5135.03
13850,4757.37
13851,4197.72
13852,4500.5
13853,4200.38
13854,3798.99
13855,3798.1
13856,3599.98
13857,3573.87
13858,3573.01
13859,3453.35
13860,3359.54
13861,3180.36
13862,3190.28
13863,3183.33
13864,3289.3
13865,3100.11
13866,3100.53
13867,3100.34
13868,3100.24
13869,3129.69
13870,3150.03
13871,3129.92
13872,3219.12
13873,3129.95
13874,3219.83
13875,3269.63
13876,3289.05
13877,3071.81
13878,3092.54
13879,3146.37
13880,3296.88
13881,3459.52
13882,3535.55
13883,4000.49
13884,4100.29
13885,4998.08
13886,4998.49
13887,4999.26
13888,5000.15
13889,5000.75
13890,5107.99
13891,5016.66
13892,5109.33
13893,5389.21
13894,5271.03
13895,5389.72
13896,6000.32
13897,6000.3
13898,6000.54
13899,6489.69
13900,7000.83
13901,7000.07
13902,7000.02
13903,7000.14
13904,7000.07
13905,5999.43
13906,5999.57
13907,6009.36
13908,6489.15
13909,6490.26
13910,6489.71
13911,6490.82
13912,6490.78
13913,7000.52
13914,7000.43
13915,7000.46
13916,7000.34
13917,7000.54
13918,7000.62
13919,7000.33
13920,7000.26
13921,9050.66
13922,9054.12
13923,9041.53
13924,8639.98
13925,8633.63
13926,8139.67
13927,8114.62
13928,8105.79
13929,8000.15
13930,8000.06
13931,7000.99
13932,7000.67
13933,7000.61
13934,7000.46
13935,7000.4
13936,7000.33
13937,7000.36
13938,7000.34
13939,7000.26
13940,7000.32
13941,7000.29
13942,7000.56
13943,7000.65
13944,7000.71
13945,7000.73
13946,7000.18
13947,6070.23
13948,5750.67
13949,4998.87
13950,4998.42
13951,4279.93
13952,4009.52
13953,3880.16
13954,3700.06
13955,3600.2
13956,3549.79
13957,3549.79
13958,3750.47
13959,3863.59
13960,3912.48
13961,3798.46
13962,3863.15
13963,4008.72
13964,3883.76
13965,4000.17
13966,4279.29
13967,4049.87
13968,4092.08
13969,4279.19
13970,4770.17
13971,4770.25
13972,4770.31
13973,4049.8
13974,4279.15
13975,4770.28
13976,5070.0
13977,5070.64
13978,5070.97
13979,5845.55
13980,6100.64
13981,6570.69
13982,6570.75
13983,7000.1
13984,7000.45
13985,7100.98
13986,7100.56
13987,6570.98
13988,6570.79
13989,7070.41
13990,7000.76
13991,6558.89
13992,6762.31
13993,7000.27
13994,7111.94
13995,8698.41
13996,9999.66
13997,9999.69
13998,10339.04
13999,10339.21
14000,10339.26
14001,10000.5
14002,7000.95
14003,7000.66
14004,7000.93
14005,7501.78
14006,7505.35
14007,8000.03
14008,8000.06
14009,8698.7
14010,10000.75
14011,8698.06
14012,8000.72
14013,8570.69
14014,8570.66
14015,8570.38
14016,8570.31
14017,12000.0
14018,12000.0
14019,12000.0
14020,12000.0
14021,11405.98
14022,10031.87
14023,9556.28
14024,7300.68
14025,6120.9
14026,5999.56
14027,5999.59
14028,5999.05
14029,5999.05
14030,5989.69
14031,5989.06
14032,4999.28
14033,5669.5
14034,5967.66
14035,5989.01
14036,5886.18
14037,5280.0
14038,5989.44
14039,6000.49
14040,5989.88
14041,6000.2
14042,5669.81
14043,5251.12
14044,4998.7
14045,4500.17
14046,4049.15
14047,4009.63
14048,3700.88
14049,3549.69
14050,3549.36
14051,3518.19
14052,3359.84
14053,3298.23
14054,3359.25
14055,3486.89
14056,3525.67
14057,3749.22
14058,3749.43
14059,3760.06
14060,3550.85
14061,3999.35
14062,4009.72
14063,4279.74
14064,4279.38
14065,4049.42
14066,4100.77
14067,4299.52
14068,4840.23
14069,4049.86
14070,4049.29
14071,4500.86
14072,4998.37
14073,4998.74
14074,5138.52
14075,6000.83
14076,7020.45
14077,6998.11
14078,8698.26
14079,8698.05
14080,8500.01
14081,8698.51
14082,8698.04
14083,6770.84
14084,6294.58
14085,5860.06
14086,5669.97
14087,6000.01
14088,5460.96
14089,5200.61
14090,6489.25
14091,8500.34
14092,10333.81
14093,12000.0
14094,12000.0
14095,12000.0
14096,12000.0
14097,12000.0
14098,12000.0
14099,12000.0
14100,12000.0
14101,12000.0
14102,12000.0
14103,12000.0
14104,12000.0
14105,12000.0
14106,11998.52
14107,10333.53
14108,10333.23
14109,8698.7
14110,8698.44
14111,8698.04
14112,7300.33
14113,8735.52
14114,7999.84
14115,6826.93
14116,6489.16
14117,6000.5
14118,6000.48
14119,5989.18
14120,5499.45
14121,5299.63
14122,4989.6
14123,4989.47
14124,4190.49
14125,4399.84
14126,4000.03
14127,4400.48
14128,4010.23
14129,3600.3
14130,3000.95
14131,3100.48
14132,3224.38
14133,3300.75
14134,4299.7
14135,4989.23
14136,4399.77
14137,4299.77
14138,4200.37
14139,4200.67
14140,4000.5
14141,3880.23
14142,3649.03
14143,3549.03
14144,3500.29
14145,3048.99
14146,3048.67
14147,2695.62
14148,2351.54
14149,2531.61
14150,2595.78
14151,2663.94
14152,2770.32
14153,3000.34
14154,3000.92
14155,3100.26
14156,3090.43
14157,3081.23
14158,2990.17
14159,3129.05
14160,3239.75
14161,3239.57
14162,3299.32
14163,3399.59
14164,3518.9
14165,3499.19
14166,3453.04
14167,3630.15
14168,3518.12
14169,3649.77
14170,3999.43
14171,3600.79
14172,4050.0
14173,4998.95
14174,4998.21
14175,4998.51
14176,5299.17
14177,5049.72
14178,5299.15
14179,5049.07
14180,4998.11
14181,4399.75
14182,4000.14
14183,3760.12
14184,3600.2
14185,4300.38
14186,4998.45
14187,5049.92
14188,5299.35
14189,5499.99
14190,5669.74
14191,6489.28
14192,6000.92
14193,5669.76
14194,5921.48
14195,5869.01
14196,6400.49
14197,9227.27
14198,11998.07
14199,12000.0
14200,12000.0
14201,12000.0
14202,12000.0
14203,11500.73
14204,11500.99
14205,11738.05
14206,11714.57
14207,11394.42
14208,10439.92
14209,7000.7
14210,7000.81
14211,7000.84
14212,7000.49
14213,7000.34
14214,7000.05
14215,6009.72
14216,6009.46
14217,5249.07
14218,5249.64
14219,5669.1
14220,5249.9
14221,5669.72
14222,5669.22
14223,5249.89
14224,4989.54
14225,4989.44
14226,4998.54
14227,4998.69
14228,4998.04
14229,4998.82
14230,4998.76
14231,4998.85
14232,4989.97
14233,4200.61
14234,3999.25
14235,3863.97
14236,3649.2
14237,3549.68
14238,3518.84
14239,3312.13
14240,2911.86
14241,2900.38
14242,2583.12
14243,1999.85
14244,1999.77
14245,1999.55
14246,1999.58
14247,1999.39
14248,1999.32
14249,1919.75
14250,1999.17
14251,1999.02
14252,1979.49
14253,1799.85
14254,1799.29
14255,1999.24
14256,2467.06
14257,1999.2
14258,1999.42
14259,1999.44
14260,2568.48
14261,2629.1
14262,2629.27
14263,2629.44
14264,2629.18
14265,2629.25
14266,2900.3
14267,3029.35
14268,3186.63
14269,3299.36
14270,3500.8
14271,3518.49
14272,3518.37
14273,3518.26
14274,3590.02
14275,3989.33
14276,3600.14
14277,3518.1
14278,3500.62
14279,3358.91
14280,3400.8
14281,3989.04
14282,4010.76
14283,4999.61
14284,4999.62
14285,5299.33
14286,5299.16
14287,5669.15
14288,6314.53
14289,5099.91
14290,5210.64
14291,5099.16
14292,4999.88
14293,5499.36
14294,5699.14
14295,5954.19
14296,7000.39
14297,5998.68
14298,6489.79
14299,7000.41
14300,7000.27
14301,8000.5
14302,8000.73
14303,8000.7
14304,8000.49
14305,12000.0
14306,11998.0
14307,11093.67
14308,10333.2
14309,8989.61
14310,7999.96
14311,6489.8
14312,6489.77
14313,5989.52
14314,6489.14
14315,6634.79
14316,6464.73
14317,5989.34
14318,5669.41
14319,5499.39
14320,5299.32
14321,5499.75
14322,5669.16
14323,5989.24
14324,6159.37
14325,6692.79
14326,7000.51
14327,7000.43
14328,7000.41
14329,5872.74
14330,5669.56
14331,5557.99
14332,5251.98
14333,4492.33
14334,3999.65
14335,3749.79
14336,3518.74
14337,3000.13
14338,3097.68
14339,3097.43
14340,3030.43
14341,2900.47
14342,2873.97
14343,2886.88
14344,2900.0
14345,2911.96
14346,3029.45
14347,3129.91
14348,3129.85
14349,3269.8
14350,3399.11
14351,3399.86
14352,3500.39
14353,3518.08
14354,3518.63
14355,3559.43
14356,3559.81
14357,3500.67
14358,3518.68
14359,3650.66
14360,3399.6
14361,4299.64
14362,5000.92
14363,5000.98
14364,5999.32
14365,6720.42
14366,6720.37
14367,6720.96
14368,6720.44
14369,6720.35
14370,6720.58
14371,6720.76
14372,5999.56
14373,5940.51
14374,5499.19
14375,5399.84
14376,5399.31
14377,5049.38
14378,5220.03
14379,5499.31
14380,5670.0
14381,8526.62
14382,8745.79
14383,9581.67
14384,9127.18
14385,7999.95
14386,7999.83
14387,8000.16
14388,9000.04
14389,10820.82
14390,12000.0
14391,12000.0
14392,12000.0
14393,12000.0
14394,12000.0
14395,12000.0
14396,12000.0
14397,12000.0
14398,12000.0
14399,12000.0
14400,12000.0
14401,11998.02
14402,10333.11
14403,9000.74
14404,9000.48
14405,8000.25
14406,6489.44
14407,6469.98
14408,5569.79
14409,5569.24
14410,5989.43
14411,5000.88
14412,4989.01
14413,4499.54
14414,4989.3
14415,4989.3
14416,4499.72
14417,4989.71
14418,5019.24
14419,5000.83
14420,5000.8
14421,5049.52
14422,4989.76
14423,4989.98
14424,4989.89
14425,5138.43
14426,4500.42
14427,4100.76
14428,3749.76
14429,3649.63
14430,3549.28
14431,3515.93
14432,3400.34
14433,3200.72
14434,3190.75
14435,3008.83
14436,2780.99
14437,2880.77
14438,2911.53
14439,3030.85
14440,3078.06
14441,3129.25
14442,3129.72
14443,3269.74
14444,3269.87
14445,3299.92
14446,3399.16
14447,3399.92
14448,3559.8
14449,3518.14
14450,3906.54
14451,3800.29
14452,4059.12
14453,3999.91
14454,4289.46
14455,4700.13
14456,4700.74
14457,5000.38
14458,5000.93
14459,5049.7
14460,6009.39
14461,6000.21
14462,6489.08
14463,8000.06
14464,8120.0
14465,8000.2
14466,6489.65
14467,6489.13
14468,6469.16
14469,6865.94
14470,6475.94
14471,6705.46
14472,6705.24
14473,4300.14
14474,4370.89
14475,4700.62
14476,4499.42
14477,4950.96
14478,5404.58
14479,8000.17
14480,8000.66
14481,5570.54
14482,6450.73
14483,5829.29
14484,7100.19
14485,8723.34
14486,9000.5
14487,10333.46
14488,10333.73
14489,9999.34
14490,11999.17
14491,12000.0
14492,12000.0
14493,12000.0
14494,12000.0
14495,12000.0
14496,12000.0
481,12000.0
482,12000.0
483,11701.27
484,11438.61
485,9000.76
486,7385.86
487,6000.88
488,6512.57
489,6009.97
490,6009.99
491,6020.11
492,6000.05
493,5800.73
494,5500.77
495,5136.22
496,5000.72
497,5569.52
498,5989.59
499,5569.89
500,5500.13
501,5000.64
502,5000.44
503,5000.96
504,5000.44
505,5135.23
506,5000.86
507,5000.41
508,4500.74
509,3798.72
510,3629.96
511,3600.36
512,3358.05
513,3295.42
514,3215.14
515,2999.84
516,2911.7
517,2800.8
518,2911.41
519,2911.13
520,2912.0
521,3299.46
522,3299.94
523,3399.02
524,3399.61
525,3518.03
526,3629.3
527,4000.06
528,4059.32
529,4099.68
530,4289.76
531,4289.39
532,4289.44
533,4300.07
534,4998.1
535,5000.15
536,5000.81
537,5379.97
538,6469.97
539,6469.36
540,7517.96
541,7572.61
542,8036.3
543,8723.66
544,9000.97
545,8000.83
546,8000.88
547,8000.98
548,6000.56
549,5049.55
550,5049.25
551,4999.05
552,5049.66
553,4998.75
554,5049.35
555,6000.83
556,6705.61
557,8723.5
558,8723.96
559,10333.57
560,10333.84
561,6705.6
562,6469.87
563,7269.47
564,9000.5
565,11809.3
566,12000.0
567,12000.0
568,12000.0
569,12000.0
570,12000.0
571,12000.0
572,12000.0
573,12000.0
574,12000.0
575,12000.0
576,12000.0
3457,12000.0
3458,12000.0
3459,12000.0
3460,12000.0
3461,11458.4
3462,9020.1
3463,8000.69
3464,8000.57
3465,7250.62
3466,8000.08
3467,7989.43
3468,8000.09
3469,6469.37
3470,5989.36
3471,6389.42
3472,5819.76
3473,6998.5
3474,7300.22
3475,6998.89
3476,7000.04
3477,5135.38
3478,5750.26
3479,5989.52
3480,5750.6
3481,6333.04
3482,6921.23
3483,5750.93
3484,5041.32
3485,4998.61
3486,4400.62
3487,3518.74
3488,3098.07
3489,2740.03
3490,2499.6
3491,2499.31
3492,2499.21
3493,2499.21
3494,2499.3
3495,2499.67
3496,2500.29
3497,2900.07
3498,3299.11
3499,3399.41
3500,3453.28
3501,3518.26
3502,3999.98
3503,4299.09
3504,4998.15
3505,4998.92
3506,5000.07
3507,5000.26
3508,5000.41
3509,5000.29
3510,5000.45
3511,5000.74
3512,5049.76
3513,5049.66
3514,7000.02
3515,7500.39
3516,8000.45
3517,8000.6
3518,9000.27
3519,9000.57
3520,9000.6
3521,9000.02
3522,9000.09
3523,9000.03
3524,7020.72
3525,6120.75
3526,5400.8
3527,5049.62
3528,5049.43
3529,4998.75
3530,5999.18
3531,5999.79
3532,5999.83
3533,8723.45
3534,12000.0
3535,12000.0
3536,12000.0
3537,10333.21
3538,9000.67
3539,9000.95
3540,12000.0
3541,12000.0
3542,12000.0
3543,12000.0
3544,12000.0
3545,12000.0
3546,12000.0
3547,12000.0
3548,12000.0
3549,12000.0
3550,12000.0
3551,12000.0
3552,12000.0
6145,12000.0
6146,10333.95
6147,10333.33
6148,9000.67
6149,8723.4
6150,7962.53
6151,6989.68
6152,6769.65
6153,6009.08
6154,6769.18
6155,6469.01
6156,5999.29
6157,5080.58
6158,5080.71
6159,6000.38
6160,5000.84
6161,5619.29
6162,6655.68
6163,6948.4
6164,6469.36
6165,5049.81
6166,5902.54
6167,6009.17
6168,6009.61
6169,5290.82
6170,5867.27
6171,5000.52
6172,5135.16
6173,4874.21
6174,4100.56
6175,3649.38
6176,3358.38
6177,3098.14
6178,2911.72
6179,2550.46
6180,2500.21
6181,2750.68
6182,3051.41
6183,3098.86
6184,3150.7
6185,3399.1
6186,3399.63
6187,3399.05
6188,3448.22
6189,3650.98
6190,4019.43
6191,4059.69
6192,4103.81
6193,4400.87
6194,4998.75
6195,5000.05
6196,5000.16
6197,4748.5
6198,4998.77
6199,5000.53
6200,5000.92
6201,5049.25
6202,5049.84
6203,6389.76
6204,8000.08
6205,6469.5
6206,8723.17
6207,8227.99
6208,8723.15
6209,6469.52
6210,5619.27
6211,5049.89
6212,5049.45
6213,5049.42
6214,5049.05
6215,5002.28
6216,5049.39
6217,5049.24
6218,5049.98
6219,6469.17
6220,6514.56
6221,7000.69
6222,10333.51
6223,11999.56
6224,11999.68
6225,10333.6
6226,10333.1
6227,10333.82
6228,11999.84
6229,12000.0
6230,12000.0
6231,12000.0
6232,12000.0
6233,12000.0
6234,12000.0
6235,12000.0
6236,12000.0
6237,12000.0
6238,12000.0
6239,12000.0
6240,12000.0
9121,12000.0
9122,12000.0
9123,12000.0
9124,12000.0
9125,12000.0
9126,12000.0
9127,12000.0
9128,12000.0
9129,9000.74
9130,9000.11
9131,9000.77
9132,8723.64
9133,7000.5
9134,7000.4
9135,7000.55
9136,6469.74
9137,7000.93
9138,8000.27
9139,8000.16
9140,8000.18
9141,4998.31
9142,5989.28
9143,6989.38
9144,7000.27
9145,7000.34
9146,7000.51
9147,6520.2
9148,4989.7
9149,4400.59
9150,4000.7
9151,3649.98
9152,3518.34
9153,3098.91
9154,3329.19
9155,3098.39
9156,2550.95
9157,2900.82
9158,3358.3
9159,3359.67
9160,3399.13
9161,3399.42
9162,3518.1
9163,3502.29
9164,3999.08
9165,4059.77
9166,4002.45
9167,4059.22
9168,4299.48
9169,4499.86
9170,4499.97
9171,4999.18
9172,5000.64
9173,4998.28
9174,5000.12
9175,6000.14
9176,6000.5
9177,6000.67
9178,6469.44
9179,8000.25
9180,9000.12
9181,8120.57
9182,10120.0
9183,9520.14
9184,9900.53
9185,6863.02
9186,6770.65
9187,6951.26
9188,6770.4
9189,6770.43
9190,6770.11
9191,6000.56
9192,6000.32
9193,5000.06
9194,4999.65
9195,6469.1
9196,8020.02
9197,8723.97
9198,12000.0
9199,12000.0
9200,12000.0
9201,12000.0
9202,12000.0
9203,12000.0
9204,12000.0
9205,12000.0
9206,12000.0
9207,12000.0
9208,12000.0
9209,12000.0
9210,12000.0
9211,12000.0
9212,12000.0
9213,12000.0
9214,12000.0
9215,12000.0
9216,12000.0
12001,12000.0
12002,12000.0
12003,12000.0
12004,12000.0
12005,12000.0
12006,12000.0
12007,12000.0
12008,12000.0
12009,12000.0
12010,12000.0
12011,12000.0
12012,12000.0
12013,9074.0
12014,9043.81
12015,9026.85
12016,8517.54
12017,8575.94
12018,9000.25
12019,9000.21
12020,8384.73
12021,6009.43
12022,6891.42
12023,6989.85
12024,7660.05
12025,6443.19
12026,6934.64
12027,6532.78
12028,4998.13
12029,4300.82
12030,4030.72
12031,4017.61
12032,3649.57
12033,3209.51
12034,3150.41
12035,2780.73
12036,1656.11
12037,1499.74
12038,1499.62
12039,1499.45
12040,1499.38
12041,1499.28
12042,1499.7
12043,1499.93
12044,1979.86
12045,2622.39
12046,2730.24
12047,2960.0
12048,3020.23
12049,2960.69
12050,3150.6
12051,3299.34
12052,3399.26
12053,3209.05
12054,3209.34
12055,3518.08
12056,3999.76
12057,4250.8
12058,4989.35
12059,4999.33
12060,5500.38
12061,5500.99
12062,6099.17
12063,6822.49
12064,7999.22
12065,5998.12
12066,6099.27
12067,6099.2
12068,4999.6
12069,5500.18
12070,5619.26
12071,6469.21
12072,5526.47
12073,4998.04
12074,4989.38
12075,5000.07
12076,5049.27
12077,9038.7
12078,10333.23
12079,11843.13
12080,11939.78
12081,10000.96
12082,10000.6
12083,9000.22
12084,8723.67
12085,10000.52
12086,11612.63
12087,11977.53
12088,12000.0
12089,11824.33
12090,12000.0
12091,12000.0
12092,12000.0
12093,12000.0
12094,12000.0
12095,10333.78
12096,10333.65
14977,12000.0
14978,12000.0
14979,12000.0
14980,12000.0
14981,12000.0
14982,12000.0
14983,12000.0
14984,12000.0
14985,12000.0
14986,12000.0
14987,12000.0
14988,10000.96
14989,9000.92
14990,8465.04
14991,7998.61
14992,7989.09
14993,7998.35
14994,9000.19
14995,9902.31
14996,8465.42
14997,5989.95
14998,7469.73
14999,7998.71
15000,8000.01
15001,7989.76
15002,8000.33
15003,8000.18
15004,4998.64
15005,6000.01
15006,4030.59
15007,3649.57
15008,3200.73
15009,3209.98
15010,3060.08
15011,2499.99
15012,2499.85
15013,2780.26
15014,3001.0
15015,3098.6
15016,3098.27
15017,3000.79
15018,3399.75
15019,3500.63
15020,3600.9
15021,3888.78
15022,3999.4
15023,4059.11
15024,4299.94
15025,4400.63
15026,5000.24
15027,5049.86
15028,5526.03
15029,5000.14
15030,4998.78
15031,5526.98
15032,6000.1
15033,5500.03
15034,6000.33
15035,7000.53
15036,7855.47
15037,7607.74
15038,7998.93
15039,8465.38
15040,9000.7
15041,7998.75
15042,7227.33
15043,7000.99
15044,7000.75
15045,8579.6
15046,8644.9
15047,8465.63
15048,8248.41
15049,6989.37
15050,6989.71
15051,8465.12
15052,9001.0
15053,12000.0
15054,12000.0
15055,12000.0
15056,12000.0
15057,12000.0
15058,12000.0
15059,12000.0
15060,12000.0
15061,12000.0
15062,12000.0
15063,12000.0
15064,12000.0
15065,12000.0
15066,12000.0
15067,12000.0
15068,12000.0
15069,12000.0
15070,12000.0
15071,12000.0
15072,12000.0
17857,12000.0
17858,12000.0
17859,12000.0
17860,10333.93
17861,10000.02
17862,8465.42
17863,7400.07
17864,6655.18
17865,7998.0
17866,7999.72
17867,7989.13
17868,6469.03
17869,6009.04
17870,5989.94
17871,5989.51
17872,5000.03
17873,6000.48
17874,6989.0
17875,7989.22
17876,6000.45
17877,3999.53
17878,5526.86
17879,6000.27
17880,4998.73
17881,4000.51
17882,4402.0
17883,4022.1
17884,3649.4
17885,3380.23
17886,2911.96
17887,2801.18
17888,2299.55
17889,2199.38
17890,2199.26
17891,2199.32
17892,2199.35
17893,2199.6
17894,2199.97
17895,2751.79
17896,2751.77
17897,2850.25
17898,2911.07
17899,3001.63
17900,3030.29
17901,3020.97
17902,3000.41
17903,3150.03
17904,3100.23
17905,2950.86
17906,3150.07
17907,3190.19
17908,3358.71
17909,3000.44
17910,3250.0
17911,3399.85
17912,3500.6
17913,3559.58
17914,4002.62
17915,4998.75
17916,5000.53
17917,5000.81
17918,6000.8
17919,8267.3
17920,7999.72
17921,6000.29
17922,5989.26
17923,5049.45
17924,5000.13
17925,5000.68
17926,4571.44
17927,4299.89
17928,3999.57
17929,3999.14
17930,4100.83
17931,4998.4
17932,5049.66
17933,7100.0
17934,7400.34
17935,8465.66
17936,9133.96
17937,7400.96
17938,7711.65
17939,8465.14
17940,8465.59
17941,10333.81
17942,12000.0
17943,12000.0
17944,12000.0
17945,12000.0
17946,12000.0
17947,12000.0
17948,12000.0
17949,12000.0
17950,12000.0
17951,12000.0
17952,12000.0
20833,12000.0
20834,12000.0
20835,12000.0
20836,10333.54
20837,7998.86
20838,7400.68
20839,7400.22
20840,6469.86
20841,6469.16
20842,6469.88
20843,7300.91
20844,6469.33
20845,5989.98
20846,5000.69
20847,4989.91
20848,4500.41
20849,6565.12
20850,7400.48
20851,7481.57
20852,5989.9
20853,4989.17
20854,5989.53
20855,7000.48
20856,6510.11
20857,4700.53
20858,5520.15
20859,5500.63
20860,4500.62
20861,4200.58
20862,3800.63
20863,3749.54
20864,3518.8
20865,3098.52
20866,2911.97
20867,2911.09
20868,2499.99
20869,2911.21
20870,2999.2
20871,3077.97
20872,3000.29
20873,2950.51
20874,2950.28
20875,3150.23
20876,3250.55
20877,3150.41
20878,3150.22
20879,3186.42
20880,3190.77
20881,3399.14
20882,3399.61
20883,3399.9
20884,3518.15
20885,3499.03
20886,3640.65
20887,3895.04
20888,4299.65
20889,4750.54
20890,5000.47
20891,6000.63
20892,6520.17
20893,6520.2
20894,5520.57
20895,7998.03
20896,6655.32
20897,6469.37
20898,6469.2
20899,6520.31
20900,6469.7
20901,6520.19
20902,6227.71
20903,4500.62
20904,4299.18
20905,3999.86
20906,4200.72
20907,5526.56
20908,6233.07
20909,7400.57
20910,8000.55
20911,8465.4
20912,10333.78
20913,8000.0
20914,8000.23
20915,7999.97
20916,8465.17
20917,11285.44
20918,12000.0
20919,12000.0
20920,12000.0
20921,12000.0
20922,12000.0
20923,12000.0
20924,12000.0
20925,12000.0
20926,12000.0
20927,12000.0
20928,12000.0
23809,12000.0
23810,12000.0
23811,12000.0
23812,12000.0
23813,10558.07
23814,10152.64
23815,9020.9
23816,8236.66
23817,8128.13
23818,8020.88
23819,8861.58
23820,7841.91
23821,7400.05
23822,6520.18
23823,6000.93
23824,6000.69
23825,7400.91
23826,7509.43
23827,7400.9
23828,6469.19
23829,6469.18
23830,7000.27
23831,6333.56
23832,5989.59
23833,5500.3
23834,6001.0
23835,6333.09
23836,4998.96
23837,4444.96
23838,4022.79
23839,3540.12
23840,3150.36
23841,3000.87
23842,2850.48
23843,2523.13
23844,2499.53
23845,2499.81
23846,2614.87
23847,2685.77
23848,2691.2
23849,2818.95
23850,2850.61
23851,2850.69
23852,2911.05
23853,2911.27
23854,2911.76
23855,2911.8
23856,3080.55
23857,3101.14
23858,3190.67
23859,3300.44
23860,3399.42
23861,3359.54
23862,3399.67
23863,3518.38
23864,4002.54
23865,4998.05
23866,5000.27
23867,5969.28
23868,7000.54
23869,7718.13
23870,7805.19
23871,8310.5
23872,7998.6
23873,7097.84
23874,5989.8
23875,6399.81
23876,6827.61
23877,6000.54
23878,5049.24
23879,4299.94
23880,4299.74
23881,3999.12
23882,3999.88
23883,5049.36
23884,5969.08
23885,8000.18
23886,10333.14
23887,12000.0
23888,12000.0
23889,10499.72
23890,10499.72
23891,12000.0
23892,12000.0
23893,12000.0
23894,12000.0
23895,12000.0
23896,12000.0
23897,12000.0
23898,12000.0
23899,12000.0
23900,12000.0
23901,12000.0
23902,12000.0
23903,12000.0
23904,12000.0
26689,12000.0
26690,12000.0
26691,12000.0
26692,12000.0
26693,12000.0
26694,10000.83
26695,8390.42
26696,7999.69
26697,8310.34
26698,8999.35
26699,8999.39
26700,8499.84
26701,8198.0
26702,7999.58
26703,7031.82
26704,7000.65
26705,8310.37
26706,8500.5
26707,8499.67
26708,7499.33
26709,6366.19
26710,7027.14
26711,6469.24
26712,6612.68
26713,5500.65
26714,7000.31
26715,7000.68
26716,5969.23
26717,4500.19
26718,4022.92
26719,3896.04
26720,3333.82
26721,3070.02
26722,3000.83
26723,2599.33
26724,2499.99
26725,2678.13
26726,2750.96
26727,2725.26
26728,2680.92
26729,2751.62
26730,2950.95
26731,3101.56
26732,3190.96
26733,3299.16
26734,3333.43
26735,3399.42
26736,3399.48
26737,3399.7
26738,3499.33
26739,3518.97
26740,3661.26
26741,3399.61
26742,3500.19
26743,4099.8
26744,5000.27
26745,4500.36
26746,5000.69
26747,6000.7
26748,6989.14
26749,7235.87
26750,8400.45
26751,9900.16
26752,8311.0
26753,7400.36
26754,6111.61
26755,6469.42
26756,5049.95
26757,4444.48
26758,3999.96
26759,3799.99
26760,3799.91
26761,3799.98
26762,4100.4
26763,5049.39
26764,6420.4
26765,7999.91
26766,8310.77
26767,12000.0
26768,12000.0
26769,10000.67
26770,10333.91
26771,12000.0
26772,12000.0
26773,12000.0
26774,12000.0
26775,12000.0
26776,12000.0
26777,12000.0
26778,12000.0
26779,12000.0
26780,12000.0
26781,12000.0
26782,12000.0
26783,12000.0
26784,12000.0
29665,12000.0
29666,12000.0
29667,12000.0
29668,12000.0
29669,12000.0
29670,12000.0
29671,12000.0
29672,10333.63
29673,10333.21
29674,10500.68
29675,10500.89
29676,10333.0
29677,9520.6
29678,9520.11
29679,8499.62
29680,8310.98
29681,10020.45
29682,10020.92
29683,10333.45
29684,9020.71
29685,8310.92
29686,9020.17
29687,8020.77
29688,8020.78
29689,7020.95
29690,8520.47
29691,8520.39
29692,7520.46
29693,6020.25
29694,5550.01
29695,4299.27
29696,3649.92
29697,3518.4
29698,3400.69
29699,3182.63
29700,3049.27
29701,3070.8
29702,3165.76
29703,3167.03
29704,3190.27
29705,3250.84
29706,3350.27
29707,3358.12
29708,3358.87
29709,3399.87
29710,3400.71
29711,3518.44
29712,3518.0
29713,3518.27
29714,3559.05
29715,3970.3
29716,4103.44
29717,4299.42
29718,5000.24
29719,5049.15
29720,6099.03
29721,5969.68
29722,6000.52
29723,7400.42
29724,8310.31
29725,9000.8
29726,8310.94
29727,8310.12
29728,8310.51
29729,6989.32
29730,6000.9
29731,6469.19
29732,6655.19
29733,4299.21
29734,3999.09
29735,4100.04
29736,4002.36
29737,3518.93
29738,3948.13
29739,5049.03
29740,6469.72
29741,10511.14
29742,12000.0
29743,12000.0
29744,12000.0
29745,12000.0
29746,12000.0
29747,12000.0
29748,12000.0
29749,12000.0
29750,12000.0
29751,12000.0
29752,12000.0
29753,12000.0
29754,12000.0
29755,12000.0
29756,12000.0
29757,12000.0
29758,12000.0
29759,12000.0
29760,12000.0
32545,12000.0
32546,12000.0
32547,12000.0
32548,12000.0
32549,12000.0
32550,11674.63
32551,10333.94
32552,10333.75
32553,10096.77
32554,9000.78
32555,9000.61
32556,8999.82
32557,8999.57
32558,8769.81
32559,8794.38
32560,8500.58
32561,10271.57
32562,10430.34
32563,10048.76
32564,9000.42
32565,8500.21
32566,9000.67
32567,8750.63
32568,8750.66
32569,6469.87
32570,7400.02
32571,6983.75
32572,4570.75
32573,3999.23
32574,3649.21
32575,3400.9
32576,3150.34
32577,3000.36
32578,2751.74
32579,1550.63
32580,1248.58
32581,999.67
32582,999.82
32583,999.26
32584,999.27
32585,999.17
32586,999.22
32587,999.21
32588,999.28
32589,999.17
32590,999.44
32591,999.79
32592,1248.55
32593,1000.0
32594,1248.07
32595,1248.99
32596,1979.21
32597,1799.15
32598,1979.54
32599,2800.6
32600,3000.79
32601,1799.85
32602,2730.32
32603,3011.22
32604,3150.89
32605,3150.36
32606,3150.0
32607,3080.56
32608,2999.25
32609,2750.99
32610,2100.76
32611,2750.26
32612,2585.96
32613,1873.76
32614,1413.64
32615,1326.85
32616,1344.35
32617,2199.56
32618,2199.97
32619,3518.23
32620,3999.03
32621,6500.93
32622,7509.79
32623,9323.29
32624,10333.33
32625,8120.32
32626,7509.89
32627,7998.44
32628,7509.37
32629,8310.31
32630,8500.11
32631,10000.05
32632,10000.57
32633,10000.56
32634,11998.98
32635,12000.0
32636,12000.0
32637,12000.0
32638,12000.0
32639,12000.0
32640,12000.0
15649,12000.0
15650,12000.0
15651,12000.0
15652,12000.0
15653,12000.0
15654,11957.37
15655,10449.5
15656,10588.31
15657,10000.12
15658,10000.39
15659,10000.56
15660,10000.62
15661,10000.58
15662,10000.58
15663,10000.72
15664,10000.76
15665,11250.7
15666,12000.0
15667,11250.55
15668,10500.1
15669,10333.31
15670,10500.11
15671,10050.8
15672,10089.75
15673,9500.04
15674,9500.63
15675,9500.75
15676,9000.17
15677,6999.2
15678,5137.94
15679,4299.33
15680,4000.26
15681,3749.89
15682,3559.78
15683,3518.31
15684,3399.67
15685,3358.91
15686,3399.45
15687,3399.5
15688,3399.7
15689,3399.52
15690,3399.81
15691,3402.71
15692,3518.39
15693,3999.28
15694,4299.61
15695,4800.49
15696,5000.1
15697,5000.17
15698,5000.2
15699,5000.54
15700,5000.68
15701,5000.87
15702,5001.0
15703,5049.82
15704,6999.07
15705,6499.26
15706,7000.26
15707,9000.05
15708,9000.55
15709,9000.01
15710,9000.37
15711,8310.68
15712,8310.21
15713,8000.02
15714,7000.75
15715,7508.07
15716,7400.41
15717,5750.03
15718,5750.11
15719,5750.19
15720,5681.77
15721,5250.14
15722,5250.64
15723,6500.48
15724,7500.28
15725,12000.0
15726,12000.0
15727,12000.0
15728,12000.0
15729,12000.0
15730,12000.0
15731,12000.0
15732,12000.0
15733,12000.0
15734,12000.0
15735,12000.0
15736,12000.0
15737,12000.0
15738,12000.0
15739,12000.0
15740,12000.0
15741,12000.0
15742,12000.0
15743,12000.0
15744,12000.0
15745,12000.0
15746,12000.0
15747,12000.0
15748,12000.0
15749,12000.0
15750,12000.0
15751,12000.0
15752,12000.0
15753,12000.0
15754,12000.0
15755,12000.0
15756,12000.0
15757,12000.0
15758,12000.0
15759,12000.0
15760,12000.0
15761,12000.0
15762,12000.0
15763,12000.0
15764,12000.0
15765,10333.28
15766,10500.73
15767,10333.85
15768,10333.77
15769,10500.47
15770,10500.74
15771,10500.79
15772,10000.96
15773,8005.89
15774,6999.03
15775,6499.71
15776,5049.9
15777,4700.22
15778,4500.4
15779,4500.6
15780,4500.68
15781,4500.28
15782,4500.92
15783,5000.51
15784,5000.6
15785,4820.85
15786,5000.03
15787,5000.31
15788,5000.6
15789,5520.93
15790,5520.8
15791,6120.39
15792,6820.03
15793,6520.2
15794,6520.26
15795,6520.2
15796,6520.26
15797,6000.87
15798,6508.19
15799,6520.47
15800,8000.97
15801,8520.26
15802,9020.22
15803,10000.87
15804,10333.13
15805,10333.71
15806,10333.55
15807,9902.92
15808,9901.83
15809,9820.35
15810,8820.9
15811,8820.57
15812,8820.3
15813,7020.56
15814,7020.22
15815,6655.98
15816,7020.01
15817,6469.34
15818,6820.08
15819,7998.23
15820,9880.34
15821,12000.0
15822,12000.0
15823,12000.0
15824,12000.0
15825,12000.0
15826,12000.0
15827,12000.0
15828,12000.0
15829,12000.0
15830,12000.0
15831,12000.0
15832,12000.0
15833,12000.0
15834,12000.0
15835,12000.0
15836,12000.0
15837,12000.0
15838,12000.0
15839,12000.0
15840,12000.0
15841,12000.0
15842,12000.0
15843,12000.0
15844,12000.0
15845,12000.0
15846,12000.0
15847,12000.0
15848,12000.0
15849,12000.0
15850,12000.0
15851,12000.0
15852,12000.0
15853,12000.0
15854,12000.0
15855,12000.0
15856,12000.0
15857,12000.0
15858,12000.0
15859,12000.0
15860,12000.0
15861,12000.0
15862,12000.0
15863,12000.0
15864,12000.0
15865,12000.0
15866,12000.0
15867,12000.0
15868,11000.79
15869,9835.81
15870,8310.97
15871,7400.18
15872,6000.75
15873,6175.56
15874,6000.48
15875,5099.96
15876,5099.48
15877,4468.09
15878,4499.27
15879,4468.94
15880,4851.02
15881,6655.46
15882,7000.02
15883,6655.07
15884,5999.19
15885,5999.62
15886,7000.95
15887,7494.0
15888,7991.08
15889,7992.03
15890,7994.48
15891,7995.49
15892,7996.94
15893,7992.91
15894,7994.53
15895,7994.82
15896,7999.63
15897,8996.44
15898,8999.59
15899,10333.52
15900,11000.64
15901,12000.0
15902,12000.0
15903,11520.86
15904,11520.97
15905,11520.95
15906,11000.49
15907,11034.03
15908,11000.61
15909,9020.82
15910,9020.51
15911,8737.95
15912,9020.41
15913,8520.55
15914,8520.71
15915,11998.95
15916,12000.0
15917,12000.0
15918,12000.0
15919,12000.0
15920,12000.0
15921,12000.0
15922,12000.0
15923,12000.0
15924,12000.0
15925,12000.0
15926,12000.0
15927,12000.0
15928,12000.0
15929,12000.0
15930,12000.0
15931,12000.0
15932,12000.0
15933,12000.0
15934,12000.0
15935,12000.0
15936,12000.0
15937,12000.0
15938,12000.0
15939,12000.0
15940,12000.0
15941,12000.0
15942,12000.0
15943,12000.0
15944,12000.0
15945,12000.0
15946,12000.0
15947,12000.0
15948,12000.0
15949,12000.0
15950,12000.0
15951,12000.0
15952,12000.0
15953,12000.0
15954,12000.0
15955,12000.0
15956,12000.0
15957,9303.05
15958,11000.78
15959,9901.45
15960,11000.64
15961,9303.9
15962,11000.62
15963,9902.76
15964,9303.43
15965,8310.6
15966,7000.27
15967,5349.22
15968,4851.87
15969,4549.44
15970,4549.1
15971,4500.2
15972,4468.8
15973,3675.16
15974,3499.95
15975,3600.95
15976,3970.45
15977,4270.99
15978,4500.76
15979,4500.84
15980,4500.97
15981,4549.33
15982,4549.24
15983,4549.27
15984,4549.29
15985,4549.89
15986,4999.45
15987,5099.37
15988,5099.06
15989,4549.58
15990,4549.98
15991,5099.14
15992,5349.4
15993,5349.76
15994,5500.76
15995,6000.82
15996,7263.0
15997,6655.46
15998,7000.85
15999,7950.0
16000,7347.0
16001,6000.82
16002,6111.91
16003,7061.0
16004,7509.37
16005,7018.0
16006,6655.52
16007,7000.23
16008,6111.99
16009,5099.58
16010,5099.48
16011,5969.47
16012,8999.64
16013,12000.0
16014,12000.0
16015,12000.0
16016,12000.0
16017,12000.0
16018,12000.0
16019,12000.0
16020,12000.0
16021,12000.0
16022,12000.0
16023,12000.0
16024,12000.0
16025,12000.0
16026,12000.0
16027,12000.0
16028,12000.0
16029,12000.0
16030,12000.0
16031,12000.0
16032,12000.0
16033,12000.0
16034,12000.0
16035,12000.0
16036,12000.0
16037,11499.92
16038,11499.16
16039,7509.21
16040,6655.88
16041,4800.85
16042,5500.43
16043,5500.54
16044,5500.87
16045,5500.57
16046,5136.4
16047,5500.35
16048,5000.21
16049,5969.68
16050,7400.37
16051,7509.56
16052,8000.19
16053,8000.31
16054,8000.97
16055,8000.97
16056,8465.45
16057,6166.67
16058,7000.22
16059,7000.22
16060,5138.81
16061,4500.36
16062,4200.46
16063,3800.98
16064,3543.28
16065,3498.98
16066,3363.3
16067,2959.23
16068,2880.64
16069,2680.81
16070,2577.97
16071,2532.46
16072,2608.68
16073,2900.36
16074,2959.25
16075,2959.9
16076,3000.81
16077,3299.54
16078,3299.66
16079,3369.93
16080,3369.92
16081,3700.49
16082,3750.02
16083,3680.0
16084,3660.81
16085,3499.14
16086,3600.22
16087,3631.8
16088,3750.32
16089,3800.46
16090,4190.18
16091,4500.9
16092,4549.44
16093,4549.62
16094,4999.03
16095,5099.28
16096,5099.67
16097,5099.3
16098,4510.42
16099,4549.84
16100,4900.26
16101,4500.61
16102,4500.79
16103,4509.24
16104,4580.77
16105,4549.28
16106,5061.1
16107,5969.04
16108,8998.26
16109,11499.93
16110,9469.67
16111,9900.0
16112,11499.07
16113,7400.14
16114,7400.79
16115,11499.28
16116,11702.0
16117,12000.0
16118,12000.0
16119,12000.0
16120,12000.0
16121,12000.0
16122,12000.0
16123,12000.0
16124,12000.0
16125,12000.0
16126,12000.0
16127,12000.0
16128,12000.0
16129,11499.88
16130,10985.0
16131,9303.36
16132,8620.81
16133,7400.04
16134,8430.11
16135,7400.65
16136,6000.64
16137,6103.75
16138,6260.18
16139,6260.13
16140,6260.01
16141,5969.81
16142,5349.76
16143,5137.53
16144,4800.21
16145,5135.43
16146,5349.59
16147,5349.2
16148,5349.09
16149,5500.92
16150,6260.4
16151,6000.4
16152,6175.95
16153,5290.87
16154,5290.23
16155,4999.48
16156,4310.23
16157,3850.66
16158,3523.51
16159,3047.78
16160,2574.21
16161,2278.5
16162,1999.48
16163,1799.34
16164,1550.36
16165,1277.44
16166,1550.21
16167,1799.93
16168,1979.81
16169,1979.77
16170,1999.22
16171,1999.64
16172,2500.19
16173,2550.91
16174,2790.82
16175,2843.5
16176,2843.76
16177,2959.66
16178,2999.13
16179,3000.94
16180,3035.44
16181,2950.98
16182,2959.04
16183,2999.38
16184,3088.69
16185,3358.85
16186,3500.82
16187,3826.32
16188,3899.07
16189,3925.25
16190,3925.36
16191,3925.19
16192,3826.48
16193,3725.73
16194,3660.14
16195,3631.31
16196,3523.95
16197,3523.36
16198,3523.59
16199,3608.98
16200,3649.29
16201,4113.3
16202,4468.22
16203,5099.71
16204,5969.86
16205,8430.48
16206,8199.05
16207,6999.04
16208,6998.09
16209,6435.79
16210,6000.36
16211,6000.88
16212,6829.49
16213,7400.48
16214,7398.78
16215,9303.96
16216,9303.68
16217,7509.95
16218,8620.73
16219,9303.31
16220,9303.13
16221,8620.54
16222,8500.84
16223,8430.5
16224,7400.54
16225,8620.61
16226,8620.09
16227,6469.27
16228,6000.31
16229,5990.04
16230,5969.4
16231,5750.42
16232,5750.33
16233,5349.4
16234,5349.46
16235,5135.74
16236,4468.74
16237,5000.18
16238,4500.69
16239,4468.67
16240,4468.15
16241,4550.29
16242,5136.64
16243,4500.58
16244,4468.97
16245,5750.08
16246,5969.62
16247,5349.15
16248,4468.49
16249,4468.95
16250,4320.97
16251,4190.74
16252,3925.28
16253,3649.35
16254,3498.26
16255,3000.56
16256,2789.71
16257,2789.2
16258,2739.36
16259,2066.25
16260,2065.18
16261,2062.64
16262,2063.88
16263,2065.32
16264,2066.09
16265,2159.23
16266,2159.93
16267,2500.41
16268,2510.57
16269,2159.62
16270,2159.76
16271,2569.17
16272,2569.23
16273,2569.72
16274,2600.4
16275,2739.16
16276,2739.71
16277,2569.33
16278,2569.36
16279,2065.2
16280,2066.65
16281,2067.74
16282,2789.29
16283,2843.53
16284,2918.73
16285,3179.43
16286,3179.79
16287,3160.03
16288,3060.5
16289,2900.6
16290,2850.4
16291,2843.71
16292,2843.76
16293,2739.61
16294,2789.57
16295,2843.31
16296,2843.37
16297,2850.03
16298,3179.96
16299,3700.65
16300,4030.87
16301,4468.51
16302,4538.26
16303,5138.73
16304,6000.04
16305,5349.38
16306,5349.38
16307,5349.77
16308,7000.73
16309,7000.67
16310,7509.57
16311,8620.13
16312,8620.06
16313,7001.0
16314,7230.44
16315,7230.53
16316,7230.95
16317,7230.21
16318,7230.08
16319,6469.03
16320,6000.16
16321,7509.91
16322,6469.2
16323,6000.25
16324,5969.92
16325,5349.94
16326,5349.67
16327,4900.67
16328,4890.03
16329,4250.67
16330,4190.76
16331,4102.68
16332,4000.09
16333,4190.51
16334,4190.6
16335,4000.89
16336,3896.32
16337,3989.11
16338,4001.0
16339,3989.09
16340,4250.75
16341,4190.77
16342,4999.14
16343,4468.8
16344,4890.09
16345,4999.21
16346,4500.67
16347,4468.37
16348,3925.88
16349,3542.56
16350,3279.0
16351,2971.04
16352,2789.4
16353,2750.97
16354,2739.97
16355,2618.29
16356,2589.75
16357,2569.31
16358,2569.62
16359,2569.92
16360,2618.24
16361,2618.48
16362,2618.1
16363,2585.14
16364,2618.28
16365,2569.52
16366,2618.61
16367,2739.68
16368,2789.23
16369,2789.5
16370,2843.05
16371,2843.23
16372,2843.21
16373,2739.63
16374,2789.15
16375,2789.58
16376,2843.11
16377,2843.5
16378,2959.92
16379,3219.45
16380,3369.26
16381,3399.46
16382,3452.06
16383,3502.23
16384,3495.46
16385,3350.05
16386,3239.35
16387,3219.67
16388,3212.73
16389,3000.31
16390,2959.5
16391,3106.76
16392,3190.16
16393,3303.07
16394,3519.06
16395,4300.81
16396,4999.09
16397,5969.43
16398,6369.87
16399,7000.3
16400,7500.13
16401,7000.97
16402,7200.31
16403,7000.73
16404,7500.18
16405,7200.0
16406,7500.55
16407,8465.49
16408,8465.6
16409,7500.9
16410,7969.64
16411,7829.96
16412,8199.0
16413,7509.94
16414,7201.0
16415,7200.2
16416,6394.65
16417,4349.09
16418,4310.6
16419,4310.21
16420,4190.17
16421,3930.98
16422,3548.41
16423,3498.83
16424,3400.82
16425,3239.01
16426,3239.11
16427,3239.22
16428,3141.98
16429,3041.34
16430,3107.8
16431,2950.21
16432,2900.51
16433,2825.61
16434,2850.63
16435,2799.7
16436,2850.08
16437,3200.86
16438,3340.59
16439,3300.21
16440,3436.07
16441,3399.43
16442,3350.91
16443,3048.32
16444,2802.49
16445,2739.16
16446,2582.16
16447,2536.84
16448,2541.76
16449,2579.43
16450,2545.99
16451,2558.07
16452,2332.97
16453,1999.93
16454,1999.97
16455,2219.22
16456,2219.2
16457,2324.72
16458,2583.99
16459,2550.22
16460,2518.88
16461,2566.41
16462,2618.97
16463,2671.82
16464,2843.44
16465,2700.1
16466,2790.17
16467,2669.1
16468,2694.1
16469,2526.8
16470,2579.05
16471,2557.31
16472,2750.95
16473,2540.58
16474,2843.2
16475,2918.18
16476,3011.81
16477,3000.32
16478,3100.74
16479,3103.95
16480,3160.67
16481,2977.85
16482,2959.48
16483,2959.61
16484,3150.28
16485,2861.12
16486,2880.85
16487,2843.53
16488,2900.16
16489,3163.89
16490,3387.08
16491,3900.05
16492,4468.92
16493,4549.37
16494,5000.01
16495,5220.05
16496,5349.5
16497,5099.41
16498,5099.4
16499,5099.73
16500,5100.08
16501,5135.17
16502,5380.35
16503,5349.06
16504,5969.77
16505,5969.81
16506,6713.36
16507,6900.15
16508,7000.25
16509,6999.2
16510,6430.29
16511,5969.14
16512,5349.67
16513,5000.72
16514,4999.23
16515,4800.99
16516,5000.18
16517,5000.01
16518,4549.84
16519,4549.4
16520,4468.09
16521,4349.81
16522,4468.24
16523,4349.77
16524,4349.02
16525,4349.18
16526,4349.19
16527,4341.69
16528,3899.93
16529,4000.32
16530,3899.93
16531,3899.53
16532,3899.13
16533,3517.21
16534,4190.81
16535,4349.03
16536,4190.27
16537,4030.65
16538,4000.53
16539,3900.15
16540,3732.91
16541,3608.31
16542,3498.64
16543,3449.13
16544,3299.14
16545,3049.44
16546,3049.4
16547,3049.4
16548,3049.01
16549,3000.36
16550,3000.88
16551,3000.05
16552,2973.86
16553,3000.03
16554,2949.93
16555,2949.45
16556,2949.76
16557,2949.77
16558,2949.61
16559,2949.67
16560,2949.66
16561,2949.86
16562,2959.82
16563,2961.72
16564,2949.95
16565,2949.33
16566,2949.71
16567,2949.53
16568,2949.72
16569,2959.44
16570,3000.83
16571,3299.25
16572,3499.38
16573,3510.39
16574,3510.95
16575,3827.29
16576,3800.97
16577,3800.46
16578,3800.38
16579,3541.56
16580,3827.11
16581,3600.81
16582,3600.1
16583,3600.83
16584,3925.66
16585,4128.28
16586,4549.07
16587,5099.93
16588,5500.24
16589,6111.97
16590,6111.77
16591,6500.65
16592,6500.9
16593,6111.24
16594,6000.99
16595,6111.56
16596,6622.83
16597,6111.66
16598,6111.89
16599,6111.38
16600,6111.03
16601,6111.47
16602,6111.19
16603,7500.4
16604,7132.16
16605,6666.71
16606,6666.65
16607,6111.92
16608,6000.7
16609,7622.58
16610,7585.31
16611,7551.17
16612,7070.61
16613,6000.83
16614,6000.01
16615,6000.44
16616,5899.24
16617,5800.6
16618,5800.38
16619,5349.88
16620,5099.8
16621,5800.4
16622,5800.18
16623,5800.11
16624,5400.63
16625,5099.8
16626,5099.77
16627,5349.75
16628,5349.49
16629,5023.77
16630,5099.05
16631,5099.2
16632,5099.02
16633,4468.12
16634,4299.76
16635,4100.9
16636,3925.94
16637,3826.33
16638,3732.94
16639,3631.57
16640,3560.34
16641,3498.91
16642,3498.53
16643,3457.91
16644,3449.83
16645,3300.07
16646,3313.97
16647,3299.96
16648,3300.55
16649,3399.26
16650,3399.91
16651,3400.35
16652,3400.35
16653,3399.94
16654,3329.92
16655,3300.45
16656,3306.74
16657,3309.91
16658,3299.87
16659,3299.8
16660,3364.3
16661,3049.7
16662,3221.74
16663,3200.85
16664,3236.31
16665,3399.85
16666,3500.57
16667,3827.52
16668,3930.28
16669,4000.18
16670,4000.46
16671,4000.64
16672,4100.34
16673,4100.86
16674,4128.93
16675,4128.69
16676,4128.72
16677,4128.31
16678,4128.69
16679,4150.03
16680,4190.8
16681,4190.65
16682,4468.96
16683,5349.05
16684,6000.27
16685,8000.55
16686,8000.56
16687,8888.79
16688,8903.5
16689,8596.94
16690,8508.29
16691,8501.86
16692,8500.94
16693,8430.26
16694,8651.0
16695,8500.0
16696,8626.0
16697,8430.88
16698,8500.45
16699,8430.87
16700,8430.37
16701,7777.44
16702,7777.24
16703,7500.08
16704,6666.56
16705,12000.0
16706,12000.0
16707,12000.0
16708,12000.0
16709,11737.83
16710,11518.21
16711,10000.49
16712,9999.71
16713,8999.15
16714,8520.54
16715,7509.67
16716,6290.91
16717,7509.1
16718,6069.8
16719,5969.82
16720,5959.04
16721,6341.82
16722,7466.46
16723,7520.03
16724,7520.14
16725,6500.96
16726,6500.77
16727,6500.98
16728,6738.67
16729,5099.66
16730,5500.56
16731,6499.43
16732,6500.14
16733,5500.72
16734,5099.99
16735,4500.02
16736,4195.52
16737,3925.61
16738,3899.42
16739,3772.39
16740,3772.07
16741,3560.46
16742,3600.71
16743,3772.53
16744,3899.01
16745,3999.78
16746,4111.26
16747,4100.6
16748,4100.6
16749,4190.6
16750,4299.05
16751,4299.41
16752,4408.21
16753,4000.63
16754,4009.12
16755,4000.72
16756,4000.85
16757,3899.89
16758,3899.95
16759,4000.08
16760,4000.95
16761,4268.83
16762,4299.56
16763,4400.39
16764,4468.52
16765,4549.0
16766,4549.35
16767,4549.64
16768,4700.87
16769,4750.97
16770,5000.0
16771,5000.15
16772,5000.65
16773,5349.03
16774,5349.11
16775,5349.02
16776,5959.15
16777,4580.61
16778,5210.63
16779,7509.62
16780,9136.52
16781,11499.38
16782,12000.0
16783,12000.0
16784,12000.0
16785,12000.0
16786,12000.0
16787,12000.0
16788,12000.0
16789,12000.0
16790,12000.0
16791,12000.0
16792,12000.0
16793,12000.0
16794,12000.0
16795,12000.0
16796,12000.0
16797,11817.0
16798,11804.5
16799,10000.42
16800,9520.76
16801,11619.06
16802,11499.32
16803,11499.18
16804,9108.91
16805,8999.26
16806,7711.19
16807,7509.52
16808,6039.92
16809,6310.59
16810,5969.26
16811,5775.0
16812,5349.06
16813,5099.02
16814,4600.2
16815,4550.61
16816,4550.1
16817,5000.12
16818,5099.31
16819,5091.91
16820,5099.78
16821,5959.36
16822,5959.8
16823,6000.84
16824,6323.58
16825,4500.16
16826,4500.36
16827,4600.33
16828,4575.86
16829,4549.67
16830,4500.5
16831,4299.95
16832,4190.61
16833,4000.2
16834,4000.43
16835,3925.86
16836,3930.88
16837,3399.92
16838,3400.93
16839,3399.41
16840,3399.12
16841,3500.47
16842,3550.07
16843,3510.99
16844,3550.67
16845,3660.7
16846,3750.4
16847,3827.57
16848,3899.18
16849,3600.66
16850,3600.98
16851,3660.33
16852,3600.25
16853,3399.93
16854,3399.75
16855,3500.12
16856,3500.27
16857,3500.43
16858,3510.39
16859,3600.4
16860,3660.23
16861,3900.99
16862,3960.57
16863,3929.8
16864,4190.69
16865,3900.79
16866,3929.28
16867,3999.51
16868,4000.46
16869,4220.57
16870,4220.19
16871,4190.53
16872,4190.86
16873,4100.74
16874,4200.15
16875,4549.17
16876,5002.36
16877,7000.04
16878,7000.47
16879,7250.0
16880,7499.89
16881,7000.21
16882,7000.86
16883,6500.49
16884,7900.06
16885,8000.81
16886,8999.9
16887,9032.5
16888,9032.42
16889,9032.95
16890,9108.07
16891,9032.79
16892,9108.9
16893,9561.0
16894,9108.94
16895,9032.31
16896,8500.23
16897,9000.33
16898,8999.33
16899,8999.15
16900,8111.89
16901,8111.93
16902,8111.1
16903,7499.42
16904,5969.02
16905,5349.8
16906,5349.04
16907,5099.56
16908,4750.66
16909,4999.86
16910,4750.92
16911,4550.06
16912,4549.71
16913,4750.91
16914,5000.54
16915,5099.23
16916,5349.05
16917,5969.48
16918,6000.93
16919,6301.98
16920,6109.54
16921,4999.19
16922,4750.51
16923,4549.39
16924,4468.03
16925,4145.42
16926,3999.86
16927,3993.11
16928,3800.47
16929,3542.68
16930,3498.54
16931,3399.97
16932,3399.65
16933,3200.13
16934,3183.56
16935,3100.55
16936,3255.68
16937,3097.56
16938,3097.55
16939,3097.8
16940,3097.14
16941,3070.29
16942,3001.59
16943,3001.6
16944,3001.0
16945,2959.61
16946,2959.63
16947,2918.37
16948,3000.06
16949,2064.49
16950,2800.34
16951,2800.96
16952,2700.79
16953,2843.52
16954,2950.75
16955,3000.62
16956,3100.18
16957,3255.54
16958,3450.02
16959,3450.45
16960,3499.75
16961,3459.13
16962,3499.13
16963,3599.39
16964,3631.53
16965,3599.42
16966,3599.5
16967,3772.39
16968,3899.04
16969,3993.79
16970,4000.07
16971,4549.33
16972,4598.07
16973,6060.67
16974,6771.01
16975,7499.47
16976,7499.73
16977,7499.69
16978,7499.38
16979,6733.48
16980,6971.93
16981,7499.1
16982,7499.1
16983,7499.23
16984,7499.15
16985,7509.76
16986,7677.98
16987,8430.71
16988,8999.34
16989,9000.25
16990,9000.22
16991,8820.91
16992,8500.41
16993,10500.28
16994,10500.18
16995,10500.06
16996,10278.96
16997,9199.5
16998,9000.18
16999,8999.64
17000,8000.53
17001,5969.86
17002,5999.93
17003,5969.49
17004,5909.42
17005,5349.38
17006,5349.14
17007,5000.64
17008,5000.3
17009,5705.44
17010,5999.04
17011,5500.03
17012,5500.72
17013,6500.76
17014,6650.39
17015,6827.43
17016,6803.75
17017,5572.28
17018,5586.51
17019,5500.76
17020,5099.13
17021,5099.88
17022,4990.35
17023,4468.86
17024,4200.35
17025,4000.18
17026,3999.51
17027,3900.0
17028,3900.69
17029,3498.05
17030,3498.62
17031,3399.26
17032,3360.82
17033,3430.12
17034,3520.16
17035,3500.51
17036,3772.97
17037,3510.66
17038,3772.11
17039,3700.11
17040,3772.96
17041,3360.09
17042,3300.34
17043,3299.89
17044,3299.76
17045,3299.37
17046,3299.77
17047,3399.43
17048,3450.81
17049,3500.97
17050,3993.06
17051,4000.66
17052,4190.17
17053,4468.77
17054,4549.27
17055,4500.38
17056,4500.68
17057,4468.78
17058,4468.75
17059,4468.13
17060,4549.09
17061,4180.81
17062,4190.37
17063,4268.69
17064,4299.58
17065,4299.1
17066,4468.93
17067,4999.21
17068,5500.4
17069,7499.7
17070,8000.25
17071,8500.96
17072,9000.38
17073,9108.12
17074,9000.81
17075,9108.36
17076,9108.75
17077,9860.67
17078,10000.44
17079,11499.46
17080,11499.69
17081,11369.23
17082,11499.21
17083,11499.86
17084,11782.91
17085,11499.33
17086,11499.54
17087,11171.87
17088,11000.69
17089,12000.0
17090,12000.0
17091,12000.0
17092,12000.0
17093,10000.87
17094,9592.91
17095,10000.08
17096,9592.22
17097,7499.58
17098,7499.45
17099,7499.36
17100,7000.78
17101,7499.15
17102,6000.06
17103,5800.28
17104,5349.59
17105,7499.37
17106,7769.89
17107,5969.84
17108,7000.4
17109,7300.87
17110,7300.63
17111,7769.23
17112,7769.97
17113,4549.2
17114,4851.92
17115,4999.96
17116,4750.01
17117,4577.73
17118,4300.44
17119,4190.22
17120,3899.89
17121,3827.2
17122,3631.89
17123,3700.11
17124,3690.23
17125,3399.65
17126,3400.09
17127,3399.35
17128,3399.7
17129,3789.92
17130,3999.8
17131,4190.23
17132,4190.24
17133,4000.51
17134,4190.36
17135,3999.55
17136,4000.73
17137,3631.88
17138,3629.44
17139,3615.54
17140,3500.37
17141,3450.07
17142,3500.9
17143,3615.8
17144,3827.31
17145,3827.82
17146,4299.38
17147,4500.81
17148,4549.31
17149,5349.6
17150,5969.74
17151,5099.98
17152,5000.95
17153,4549.23
17154,4549.81
17155,4549.77
17156,4549.78
17157,4500.64
17158,4500.67
17159,4500.74
17160,4468.26
17161,3899.85
17162,4000.83
17163,4549.69
17164,4800.07
17165,5977.95
17166,9097.04
17167,9954.98
17168,10446.12
17169,10315.67
17170,9824.44
17171,11000.78
17172,11100.5
17173,12000.0
17174,12000.0
17175,12000.0
17176,12000.0
17177,12000.0
17178,12000.0
17179,12000.0
17180,12000.0
17181,12000.0
17182,12000.0
17183,12000.0
17184,12000.0
17185,12000.0
17186,12000.0
17187,12000.0
17188,12000.0
17189,12000.0
17190,12000.0
17191,11592.0
17192,11550.0
17193,9820.04
17194,8715.58
17195,8430.74
17196,8430.77
17197,8715.11
17198,8020.02
17199,7566.65
17200,6374.38
17201,7400.67
17202,7999.03
17203,7400.2
17204,7769.65
17205,8006.87
17206,8035.43
17207,8430.84
17208,8715.25
17209,7120.23
17210,7120.37
17211,7120.58
17212,7120.52
17213,7120.73
17214,6446.88
17215,5969.25
17216,5099.34
17217,4599.18
17218,4500.12
17219,4246.56
17220,4190.32
17221,3819.32
17222,3789.76
17223,3789.73
17224,3789.18
17225,4468.31
17226,4468.84
17227,4468.91
17228,4468.19
17229,4268.93
17230,4468.49
17231,4500.37
17232,4578.95
17233,4468.6
17234,4348.23
17235,4468.46
17236,4468.57
17237,4000.4
17238,4190.61
17239,4468.64
17240,4599.32
17241,4599.15
17242,4999.07
17243,5099.89
17244,5969.66
17245,6000.68
17246,6000.94
17247,6000.19
17248,5969.3
17249,5099.41
17250,5099.44
17251,5099.43
17252,5099.58
17253,5099.48
17254,5099.64
17255,5099.72
17256,5359.68
17257,5099.03
17258,5099.87
17259,5964.11
17260,5964.84
17261,7520.65
17262,8430.48
17263,11770.0
17264,12000.0
17265,11617.0
17266,12000.0
17267,12000.0
17268,12000.0
17269,12000.0
17270,12000.0
17271,12000.0
17272,12000.0
17273,12000.0
17274,12000.0
17275,12000.0
17276,12000.0
17277,12000.0
17278,12000.0
17279,12000.0
17280,12000.0
17281,7509.24
17282,6976.95
17283,7400.47
17284,6469.97
17285,5969.07
17286,4500.45
17287,3800.52
17288,3651.0
17289,4100.19
17290,4190.16
17291,4100.04
17292,3999.71
17293,3827.48
17294,3750.94
17295,3629.83
17296,3500.02
17297,3827.02
17298,3999.65
17299,3629.23
17300,3500.66
17301,3631.23
17302,3900.12
17303,4575.22
17304,4999.54
17305,4190.43
17306,4220.36
17307,4190.57
17308,3999.56
17309,3498.62
17310,2959.68
17311,2536.19
17312,2219.95
17313,2054.22
17314,1999.76
17315,1989.55
17316,1999.22
17317,1999.68
17318,2054.23
17319,2032.48
17320,2054.33
17321,2054.32
17322,2116.64
17323,2219.25
17324,2219.2
17325,2116.87
17326,2219.17
17327,2219.84
17328,2278.34
17329,2219.52
17330,2219.37
17331,2219.29
17332,2116.93
17333,2116.51
17334,2219.08
17335,2260.22
17336,2278.02
17337,2278.63
17338,2524.81
17339,2536.23
17340,2536.26
17341,2536.28
17342,2536.09
17343,2536.25
17344,2536.06
17345,2219.49
17346,2054.97
17347,2116.08
17348,2116.16
17349,2054.14
17350,1999.11
17351,1999.71
17352,2600.85
17353,2959.82
17354,3269.64
17355,3721.57
17356,4190.09
17357,5001.78
17358,5359.23
17359,6000.61
17360,6000.97
17361,6000.58
17362,6000.69
17363,5970.77
17364,5969.94
17365,5500.68
17366,5500.36
17367,5000.84
17368,5000.68
17369,6000.75
17370,8496.8
17371,8410.81
17372,8430.2
17373,6913.9
17374,6852.1
17375,5969.89
17376,5500.25
577,5229.52
578,5229.35
579,5229.32
580,5000.88
581,5000.45
582,4800.12
583,4190.53
584,4101.15
585,4190.8
586,4190.54
587,4200.71
588,4190.36
589,3827.64
590,3600.66
591,3631.11
592,3500.36
593,3629.15
594,3400.06
595,3010.06
596,3500.3
597,3996.02
598,4000.35
599,4400.63
600,5049.29
601,5000.17
602,5049.17
603,5001.0
604,4400.33
605,4000.03
606,3660.9
607,2843.25
608,2618.7
609,2536.2
610,2260.72
611,2066.93
612,2063.58
613,2116.16
614,2252.71
615,2297.78
616,2536.21
617,2536.09
618,2536.11
619,2536.13
620,2536.2
621,2536.14
622,2536.3
623,2536.41
624,2536.52
625,2536.75
626,2536.81
627,2536.78
628,2536.7
629,2536.67
630,2536.7
631,2579.07
632,2579.36
633,2818.98
634,2843.29
635,2880.04
636,2918.19
637,3047.73
638,3047.55
639,3047.39
640,3047.11
641,2989.11
642,2843.84
643,2843.74
644,2843.4
645,2900.08
646,2959.62
647,3350.9
648,3881.68
649,4000.24
650,4200.68
651,5229.27
652,5309.1
653,6100.1
654,6577.88
655,7769.08
656,7769.02
657,6469.18
658,6100.81
659,6100.46
660,6100.75
661,6100.73
662,6972.49
663,7068.76
664,6469.54
665,6989.45
666,6499.2
667,6891.16
668,6769.48
669,5309.66
670,5309.85
671,5309.38
672,5309.22
3553,4500.22
3554,4500.53
3555,4500.23
3556,4500.25
3557,4500.16
3558,4350.08
3559,4068.84
3560,4102.57
3561,4500.11
3562,4252.73
3563,4196.36
3564,4068.92
3565,4068.45
3566,4000.32
3567,4000.85
3568,3999.53
3569,3999.55
3570,4000.24
3571,4000.49
3572,4000.02
3573,4619.37
3574,5049.01
3575,5049.99
3576,5969.01
3577,5969.3
3578,5899.29
3579,5049.41
3580,5000.99
3581,5000.02
3582,4246.72
3583,3999.36
3584,3799.57
3585,3535.52
3586,3522.81
3587,3473.46
3588,3356.05
3589,3300.04
3590,3400.58
3591,3350.58
3592,3285.12
3593,3190.13
3594,3183.74
3595,3183.18
3596,3200.39
3597,3097.41
3598,3130.05
3599,3063.53
3600,3063.93
3601,3097.24
3602,3097.34
3603,3097.46
3604,3097.08
3605,3000.97
3606,3034.89
3607,3000.76
3608,3050.29
3609,3150.06
3610,3250.3
3611,3450.26
3612,3640.54
3613,3640.95
3614,3789.63
3615,3827.95
3616,3999.01
3617,3939.93
3618,3993.23
3619,3827.33
3620,3700.39
3621,3925.31
3622,3925.45
3623,3925.34
3624,3925.6
3625,3999.53
3626,4190.94
3627,5253.24
3628,5309.88
3629,6000.83
3630,6500.26
3631,6896.97
3632,6500.89
3633,7039.31
3634,7039.23
3635,6582.46
3636,6500.78
3637,6684.61
3638,7039.65
3639,7039.6
3640,7039.55
3641,6500.04
3642,6000.54
3643,5949.18
3644,5969.04
3645,5309.5
3646,5309.01
3647,4900.72
3648,4750.66
6241,5229.42
6242,5229.45
6243,5229.41
6244,5229.11
6245,5000.94
6246,5000.35
6247,4800.81
6248,4498.71
6249,4230.74
6250,4196.41
6251,4000.13
6252,3999.78
6253,3999.22
6254,3993.47
6255,3826.12
6256,3729.61
6257,3999.99
6258,4196.24
6259,4000.24
6260,4000.06
6261,4009.41
6262,4498.58
6263,5049.04
6264,5049.72
6265,5000.42
6266,4700.95
6267,4499.0
6268,4000.57
6269,3900.34
6270,3789.2
6271,3669.92
6272,3548.55
6273,3400.24
6274,3400.19
6275,3039.84
6276,2843.85
6277,2818.76
6278,2818.97
6279,2589.78
6280,2400.25
6281,1999.67
6282,2252.93
6283,2361.79
6284,2360.34
6285,1999.25
6286,1999.39
6287,1999.45
6288,1999.52
6289,1989.83
6290,1989.24
6291,1868.07
6292,1868.72
6293,1800.39
6294,1863.43
6295,1861.73
6296,1866.84
6297,1999.1
6298,1999.87
6299,2360.11
6300,2700.35
6301,2959.05
6302,2959.95
6303,3097.31
6304,3187.31
6305,3035.26
6306,3100.39
6307,3250.86
6308,3000.3
6309,3450.39
6310,3450.21
6311,3450.43
6312,3459.06
6313,3609.97
6314,3828.87
6315,4039.92
6316,4851.67
6317,5229.98
6318,5500.32
6319,5500.79
6320,5555.2
6321,5555.22
6322,5760.21
6323,5400.47
6324,5400.92
6325,5555.33
6326,5969.52
6327,5969.55
6328,5949.74
6329,5969.44
6330,6000.15
6331,6000.69
6332,5995.14
6333,5969.27
6334,5969.38
6335,5555.48
6336,5555.45
9217,5500.9
9218,5309.91
9219,5309.77
9220,5199.56
9221,5049.42
9222,4498.32
9223,4229.38
9224,4197.04
9225,3978.14
9226,3975.18
9227,3975.11
9228,3939.62
9229,3700.94
9230,3606.04
9231,3588.35
9232,3500.06
9233,3600.76
9234,3580.54
9235,3827.73
9236,3975.6
9237,4068.63
9238,5049.32
9239,5309.96
9240,6000.52
9241,5309.71
9242,5309.83
9243,5249.38
9244,4499.16
9245,4190.4
9246,4000.62
9247,3700.94
9248,3523.9
9249,3400.39
9250,3523.61
9251,3356.58
9252,3156.22
9253,3145.26
9254,3108.49
9255,3036.35
9256,3000.57
9257,3000.74
9258,2959.9
9259,2918.62
9260,2918.85
9261,2850.61
9262,2853.04
9263,2959.38
9264,2959.49
9265,3000.0
9266,2959.94
9267,2861.01
9268,2850.31
9269,2829.24
9270,2829.32
9271,2829.12
9272,2829.39
9273,2851.01
9274,2918.05
9275,3131.73
9276,3150.19
9277,3202.33
9278,3324.66
9279,3474.0
9280,3521.06
9281,3605.41
9282,3602.35
9283,3700.75
9284,3500.58
9285,3825.08
9286,3772.5
9287,3925.39
9288,3925.83
9289,4197.03
9290,4499.3
9291,4630.93
9292,5309.36
9293,6500.14
9294,7000.21
9295,6999.84
9296,7000.08
9297,6500.46
9298,6769.53
9299,5970.12
9300,6000.32
9301,5969.55
9302,6000.21
9303,6106.27
9304,7000.4
9305,7919.24
9306,7959.13
9307,8550.16
9308,8500.31
9309,8550.0
9310,8060.71
9311,7876.81
9312,7000.03
12097,7695.46
12098,6550.82
12099,6550.65
12100,6000.38
12101,5309.7
12102,5229.99
12103,4578.2
12104,4498.46
12105,4449.9
12106,4252.4
12107,4068.49
12108,3993.75
12109,3993.66
12110,3729.43
12111,3500.66
12112,3499.68
12113,3500.5
12114,3422.89
12115,3422.67
12116,3500.32
12117,3422.69
12118,4229.78
12119,5229.07
12120,5250.6
12121,5229.29
12122,5250.68
12123,5309.44
12124,5309.07
12125,5309.3
12126,5229.11
12127,5049.24
12128,4259.94
12129,4132.67
12130,3721.75
12131,3471.59
12132,3349.8
12133,3321.76
12134,3287.15
12135,3269.65
12136,3229.57
12137,3229.44
12138,3229.05
12139,3190.12
12140,3200.03
12141,3249.17
12142,3229.98
12143,3260.22
12144,3264.87
12145,3323.67
12146,3300.28
12147,3249.34
12148,3229.45
12149,3097.6
12150,3097.95
12151,3000.17
12152,3000.22
12153,2950.58
12154,3101.16
12155,3229.21
12156,3229.57
12157,3340.26
12158,3379.81
12159,3440.36
12160,3500.44
12161,3499.55
12162,3610.29
12163,3422.16
12164,3340.88
12165,3324.58
12166,3211.57
12167,3340.98
12168,3415.79
12169,3789.59
12170,3993.81
12171,4549.56
12172,5249.74
12173,6000.52
12174,6500.44
12175,6500.89
12176,6542.34
12177,6500.44
12178,6500.59
12179,6500.45
12180,6500.69
12181,7105.45
12182,7500.6
12183,6993.67
12184,7500.91
12185,9000.39
12186,10000.04
12187,10449.84
12188,10449.3
12189,10449.08
12190,10000.2
12191,10000.01
12192,8500.62
15073,12000.0
15074,11682.21
15075,11299.01
15076,10992.81
15077,10000.32
15078,8000.07
15079,6750.01
15080,5969.99
15081,6000.31
15082,5969.64
15083,5969.22
15084,5249.34
15085,4502.66
15086,4498.62
15087,4498.37
15088,4444.91
15089,4498.41
15090,4499.21
15091,4449.16
15092,4444.97
15093,4499.67
15094,4549.47
15095,5292.14
15096,5969.83
15097,5611.05
15098,6000.72
15099,6416.38
15100,6432.25
15101,6500.37
15102,6238.58
15103,5049.89
15104,4549.99
15105,4498.59
15106,4498.04
15107,4444.62
15108,4444.36
15109,4259.38
15110,4444.11
15111,4444.38
15112,4190.7
15113,4190.8
15114,4198.42
15115,3827.25
15116,3769.57
15117,3500.27
15118,3500.11
15119,3340.68
15120,3360.43
15121,3340.92
15122,3250.33
15123,3250.18
15124,3249.23
15125,3229.05
15126,3229.15
15127,3190.91
15128,3229.4
15129,3229.67
15130,3300.09
15131,3769.15
15132,4259.22
15133,4549.33
15134,4549.98
15135,5049.38
15136,5049.74
15137,5049.67
15138,5049.81
15139,5032.62
15140,4919.97
15141,4638.71
15142,4549.8
15143,5049.81
15144,5229.71
15145,4700.11
15146,5229.27
15147,6949.65
15148,9704.74
15149,11000.32
15150,12000.0
15151,12000.0
15152,12000.0
15153,12000.0
15154,12000.0
15155,12000.0
15156,12000.0
15157,12000.0
15158,12000.0
15159,12000.0
15160,12000.0
15161,12000.0
15162,12000.0
15163,12000.0
15164,12000.0
15165,12000.0
15166,12000.0
15167,12000.0
15168,12000.0
17953,12000.0
17954,12000.0
17955,12000.0
17956,12000.0
17957,11458.0
17958,10106.17
17959,9427.47
17960,8010.71
17961,6991.77
17962,6402.31
17963,6991.53
17964,5969.21
17965,5576.28
17966,5570.72
17967,5558.88
17968,5309.32
17969,5309.95
17970,5049.95
17971,4498.99
17972,4498.2
17973,4498.21
17974,4549.21
17975,5049.72
17976,5561.09
17977,5556.49
17978,5969.38
17979,6000.78
17980,6000.55
17981,5400.96
17982,5309.05
17983,5049.64
17984,4576.65
17985,4499.97
17986,4461.68
17987,4058.9
17988,3850.0
17989,3700.31
17990,3719.16
17991,3600.33
17992,3345.45
17993,3229.2
17994,3200.01
17995,3100.05
17996,3100.13
17997,3069.79
17998,3071.26
17999,3069.29
18000,3069.9
18001,3065.15
18002,3002.0
18003,2850.5
18004,2850.54
18005,2850.04
18006,2850.28
18007,2850.08
18008,2850.71
18009,2900.66
18010,3065.61
18011,3073.77
18012,3100.55
18013,3500.49
18014,3769.51
18015,3999.1
18016,4101.75
18017,3881.74
18018,3999.89
18019,3769.47
18020,3457.32
18021,3769.67
18022,3729.59
18023,3800.24
18024,4259.11
18025,4470.04
18026,4500.91
18027,4919.96
18028,5969.69
18029,8400.55
18030,12000.0
18031,12000.0
18032,12000.0
18033,12000.0
18034,12000.0
18035,12000.0
18036,12000.0
18037,12000.0
18038,12000.0
18039,12000.0
18040,12000.0
18041,12000.0
18042,12000.0
18043,12000.0
18044,12000.0
18045,12000.0
18046,12000.0
18047,12000.0
18048,12000.0
20929,12000.0
20930,12000.0
20931,12000.0
20932,12000.0
20933,12000.0
20934,12000.0
20935,11999.73
20936,9406.54
20937,8010.72
20938,8010.74
20939,8010.54
20940,8010.13
20941,8010.63
20942,8010.42
20943,8010.15
20944,7919.47
20945,8010.54
20946,7474.92
20947,5750.04
20948,5310.0
20949,5750.34
20950,5750.75
20951,6550.55
20952,7166.36
20953,6500.25
20954,7039.02
20955,7400.6
20956,7039.13
20957,5750.87
20958,5309.55
20959,5049.52
20960,4500.97
20961,4449.46
20962,4330.91
20963,4058.94
20964,3993.18
20965,3750.61
20966,3772.06
20967,3789.31
20968,3500.95
20969,3255.49
20970,3300.18
20971,3229.66
20972,3229.75
20973,3249.75
20974,3255.58
20975,3450.12
20976,3450.41
20977,3769.4
20978,3772.28
20979,3459.04
20980,3349.09
20981,3150.89
20982,3150.95
20983,3229.34
20984,3229.37
20985,3200.1
20986,3229.85
20987,3450.38
20988,3769.73
20989,4499.55
20990,4750.46
20991,5049.0
20992,5049.58
20993,5049.22
20994,5020.89
20995,5020.84
20996,4949.39
20997,4949.15
20998,4919.18
20999,4949.75
21000,5969.07
21001,5949.6
21002,7400.87
21003,11002.17
21004,12000.0
21005,12000.0
21006,12000.0
21007,12000.0
21008,12000.0
21009,12000.0
21010,12000.0
21011,12000.0
21012,12000.0
21013,12000.0
21014,12000.0
21015,12000.0
21016,12000.0
21017,12000.0
21018,12000.0
21019,12000.0
21020,12000.0
21021,12000.0
21022,12000.0
21023,12000.0
21024,12000.0
23905,12000.0
23906,12000.0
23907,12000.0
23908,12000.0
23909,12000.0
23910,12000.0
23911,10494.43
23912,9000.62
23913,9000.1
23914,7731.91
23915,6497.71
23916,6491.77
23917,6493.09
23918,5969.97
23919,5529.63
23920,5309.4
23921,5249.34
23922,4922.15
23923,4498.71
23924,4549.4
23925,4829.35
23926,5309.12
23927,6989.07
23928,7400.66
23929,5529.62
23930,5668.13
23931,5969.41
23932,5469.7
23933,5309.63
23934,5083.52
23935,4851.17
23936,4549.4
23937,4200.76
23938,4120.76
23939,3993.7
23940,3880.65
23941,3772.41
23942,3769.18
23943,3721.3
23944,3349.74
23945,3249.33
23946,3249.78
23947,3229.41
23948,3229.73
23949,3229.98
23950,3250.63
23951,3300.23
23952,3450.06
23953,3450.58
23954,3255.07
23955,3280.29
23956,3255.17
23957,3229.04
23958,3229.24
23959,3229.75
23960,3250.07
23961,3229.09
23962,3255.39
23963,3450.75
23964,3769.04
23965,3900.73
23966,4449.29
23967,4549.24
23968,4549.56
23969,4425.0
23970,4259.85
23971,4190.47
23972,4120.48
23973,4120.47
23974,4120.51
23975,4120.43
23976,4259.69
23977,4200.28
23978,4499.87
23979,4700.35
23980,5049.99
23981,5969.66
23982,8015.13
23983,9090.02
23984,10095.38
23985,9000.73
23986,9000.87
23987,9000.58
23988,9000.46
23989,8500.56
23990,8500.7
23991,8015.51
23992,9000.21
23993,9000.58
23994,9633.92
23995,12000.0
23996,12000.0
23997,12000.0
23998,11900.85
23999,9293.16
24000,9000.68
26785,5000.29
26786,4999.41
26787,4922.27
26788,4189.33
26789,3993.61
26790,3993.83
26791,3789.34
26792,3696.59
26793,3050.33
26794,3001.0
26795,3000.86
26796,3000.27
26797,2999.59
26798,2999.33
26799,3000.77
26800,3000.31
26801,2900.57
26802,3000.39
26803,3000.35
26804,2950.12
26805,2908.42
26806,3000.68
26807,3190.82
26808,3598.04
26809,3598.98
26810,3993.51
26811,3993.67
26812,3993.26
26813,3919.22
26814,3859.03
26815,3700.45
26816,3598.62
26817,2729.48
26818,2502.13
26819,1999.61
26820,1799.59
26821,1999.23
26822,1999.06
26823,1999.09
26824,1499.92
26825,1499.96
26826,1799.46
26827,1499.93
26828,1499.87
26829,1499.89
26830,1499.78
26831,1499.69
26832,1499.65
26833,1499.59
26834,1499.6
26835,1499.51
26836,1499.49
26837,1499.46
26838,1499.5
26839,1499.55
26840,1499.59
26841,1499.62
26842,1499.6
26843,1499.71
26844,1499.86
26845,1499.59
26846,1499.77
26847,1499.85
26848,1499.75
26849,1499.71
26850,1499.83
26851,1499.99
26852,1499.87
26853,1799.37
26854,2400.18
26855,2700.69
26856,2729.91
26857,2899.89
26858,3050.83
26859,3500.3
26860,3700.07
26861,4120.51
26862,4843.1
26863,4999.67
26864,5249.85
26865,5249.78
26866,5259.03
26867,5259.26
26868,5259.24
26869,5249.29
26870,5249.98
26871,5249.31
26872,5249.73
26873,5259.42
26874,5259.72
26875,5259.74
26876,5249.67
26877,5000.24
26878,4999.79
26879,4120.49
26880,3696.15
29761,5638.04
29762,5638.56
29763,5529.47
29764,5529.28
29765,4102.45
29766,3935.8
29767,3800.13
29768,3789.77
29769,3598.72
29770,3580.44
29771,3580.29
29772,3447.57
29773,3378.53
29774,3333.34
29775,3308.36
29776,3243.28
29777,3302.05
29778,3225.38
29779,3000.35
29780,3000.54
29781,3160.12
29782,3160.1
29783,3160.49
29784,3160.95
29785,3369.2
29786,3459.1
29787,3459.97
29788,3459.42
29789,3500.37
29790,3556.94
29791,3434.68
29792,3353.22
29793,3250.33
29794,3185.69
29795,3090.32
29796,3050.71
29797,3000.27
29798,3016.25
29799,3050.67
29800,3125.8
29801,3034.19
29802,3092.9
29803,3050.49
29804,3077.33
29805,3067.11
29806,3040.92
29807,3012.91
29808,3001.22
29809,3000.74
29810,3000.33
29811,2984.31
29812,3000.22
29813,2887.56
29814,2887.66
29815,2952.93
29816,2908.49
29817,2900.06
29818,2950.85
29819,3020.45
29820,3188.26
29821,3250.94
29822,3300.97
29823,3396.5
29824,3388.01
29825,3499.63
29826,3600.85
29827,3900.82
29828,4117.72
29829,3789.71
29830,3881.88
29831,3751.9
29832,3898.57
29833,3972.94
29834,4039.88
29835,4338.82
29836,5002.39
29837,7469.6
29838,11499.11
29839,12000.0
29840,12000.0
29841,12000.0
29842,12000.0
29843,12000.0
29844,12000.0
29845,12000.0
29846,12000.0
29847,12000.0
29848,11933.11
29849,10578.79
29850,10637.32
29851,9879.84
29852,9527.1
29853,9000.44
29854,8500.22
29855,8010.74
29856,8010.34
32641,10000.01
32642,9000.67
32643,8399.25
32644,5639.0
32645,5295.99
32646,5291.95
32647,4499.89
32648,4129.03
32649,4126.36
32650,4092.43
32651,4105.06
32652,3993.0
32653,3838.17
32654,3746.06
32655,3742.29
32656,3623.12
32657,3660.23
32658,3772.0
32659,3509.06
32660,3500.1
32661,3598.69
32662,3655.65
32663,3742.65
32664,3656.4
32665,3772.55
32666,3716.38
32667,3598.93
32668,3660.25
32669,3659.58
32670,3660.54
32671,3630.85
32672,3577.42
32673,3475.79
32674,3450.57
32675,3380.16
32676,3092.47
32677,3088.06
32678,3091.17
32679,3093.61
32680,3055.65
32681,2999.67
32682,3000.34
32683,2918.76
32684,3000.25
32685,3050.66
32686,3050.42
32687,3249.77
32688,3330.76
32689,3450.09
32690,3450.26
32691,3349.64
32692,3450.0
32693,3249.23
32694,3160.63
32695,3249.77
32696,3325.31
32697,3249.56
32698,3361.27
32699,3350.88
32700,3450.99
32701,3644.81
32702,3660.88
32703,3772.18
32704,3660.19
32705,3580.57
32706,3660.66
32707,3789.74
32708,4190.63
32709,3789.82
32710,3827.01
32711,3827.54
32712,4000.25
32713,4190.39
32714,4499.88
32715,5501.02
32716,5969.14
32717,5969.86
32718,8000.97
32719,11999.74
32720,12000.0
32721,11999.72
32722,12000.0
32723,12000.0
32724,12000.0
32725,12000.0
32726,12000.0
32727,12000.0
32728,12000.0
32729,12000.0
32730,12000.0
32731,12000.0
32732,12000.0
32733,12000.0
32734,12000.0
32735,12000.0
32736,12000.0
18529,4999.59
18530,4999.28
18531,4999.09
18532,4012.92
18533,3100.47
18534,3050.83
18535,3000.53
18536,2999.89
18537,2999.75
18538,2999.64
18539,2999.44
18540,2999.31
18541,2999.02
18542,2735.85
18543,2729.6
18544,2729.42
18545,2729.54
18546,2729.58
18547,2899.38
18548,2800.66
18549,2999.07
18550,2999.77
18551,3150.47
18552,3500.77
18553,3700.21
18554,3704.12
18555,3729.92
18556,3791.26
18557,3700.06
18558,3594.47
18559,3651.51
18560,3619.94
18561,3500.69
18562,3353.37
18563,3000.11
18564,2779.49
18565,2798.53
18566,2730.8
18567,2729.02
18568,2670.82
18569,2729.06
18570,2729.18
18571,2550.95
18572,2500.78
18573,1999.96
18574,1999.93
18575,1999.96
18576,1999.97
18577,1999.93
18578,2500.42
18579,1999.85
18580,1999.85
18581,1999.52
18582,1999.52
18583,1999.52
18584,1999.69
18585,1999.78
18586,2000.5
18587,2790.77
18588,2843.66
18589,2843.23
18590,2843.93
18591,3000.87
18592,3000.86
18593,2935.45
18594,3100.72
18595,3486.81
18596,3501.93
18597,3500.2
18598,3584.59
18599,3716.95
18600,3827.01
18601,4190.93
18602,4400.2
18603,5150.09
18604,6129.47
18605,6500.44
18606,7000.18
18607,8009.7
18608,8009.81
18609,9849.06
18610,8009.87
18611,7919.99
18612,8009.17
18613,8000.44
18614,8000.1
18615,6989.35
18616,6499.59
18617,6061.44
18618,6999.69
18619,7000.3
18620,6499.43
18621,6000.63
18622,5934.71
18623,5338.09
18624,5249.22
18625,5999.07
18626,6000.0
18627,5999.94
18628,5969.77
18629,4926.89
18630,4158.48
18631,4158.86
18632,4000.83
18633,4000.61
18634,4000.7
18635,4000.37
18636,4000.1
18637,3791.96
18638,3704.61
18639,3509.81
18640,3450.61
18641,3160.24
18642,3160.17
18643,3450.68
18644,3500.33
18645,3658.27
18646,3704.35
18647,3930.31
18648,3995.13
18649,3925.32
18650,3925.56
18651,3925.94
18652,3950.97
18653,3925.57
18654,3925.41
18655,3925.44
18656,3850.57
18657,3791.6
18658,3704.04
18659,3590.22
18660,3350.71
18661,3050.09
18662,3150.04
18663,3100.75
18664,3000.62
18665,2900.63
18666,2843.93
18667,2843.24
18668,2843.01
18669,2730.39
18670,2770.87
18671,2618.95
18672,2730.61
18673,2770.48
18674,2729.51
18675,2399.33
18676,2020.58
18677,2200.95
18678,1999.61
18679,1999.56
18680,1999.84
18681,1999.7
18682,2349.7
18683,2720.89
18684,2730.49
18685,2843.08
18686,2900.83
18687,3188.14
18688,3262.08
18689,3262.23
18690,3564.21
18691,3724.86
18692,3827.28
18693,3740.83
18694,3827.94
18695,4001.2
18696,4430.03
18697,4500.26
18698,4899.47
18699,6500.23
18700,8000.74
18701,9766.24
18702,10398.85
18703,12000.0
18704,11888.0
18705,11729.71
18706,11743.14
18707,11485.07
18708,12000.0
18709,12000.0
18710,12000.0
18711,11499.51
18712,12000.0
18713,11499.05
18714,9766.4
18715,8000.78
18716,7499.52
18717,7000.79
18718,6999.82
18719,5999.0
18720,5249.48
18721,7989.38
18722,7989.7
18723,7916.48
18724,6000.29
18725,6499.07
18726,5969.99
18727,5249.21
18728,4869.87
18729,4499.16
18730,4269.73
18731,4259.23
18732,3995.74
18733,3724.99
18734,3724.6
18735,3639.24
18736,3509.98
18737,3580.43
18738,3580.28
18739,3540.93
18740,3540.51
18741,3791.59
18742,4300.6
18743,4499.26
18744,4499.95
18745,4248.64
18746,4235.95
18747,4190.84
18748,4100.02
18749,3995.59
18750,3925.96
18751,3925.57
18752,3827.98
18753,3659.25
18754,3630.21
18755,3509.53
18756,3200.62
18757,3000.61
18758,3030.83
18759,2959.78
18760,2908.55
18761,2843.65
18762,2843.17
18763,2752.67
18764,2770.76
18765,2783.26
18766,2866.08
18767,2959.73
18768,2900.47
18769,2900.17
18770,2950.08
18771,2880.02
18772,2843.51
18773,2729.82
18774,2469.28
18775,2720.02
18776,2843.17
18777,2800.53
18778,3000.79
18779,3050.84
18780,3190.64
18781,3327.38
18782,3450.35
18783,3550.2
18784,3500.54
18785,3450.49
18786,3540.31
18787,3791.16
18788,3995.85
18789,3995.63
18790,4000.62
18791,4126.43
18792,4190.81
18793,4220.89
18794,4749.6
18795,8000.59
18796,9000.6
18797,10013.38
18798,11260.07
18799,12000.0
18800,12000.0
18801,12000.0
18802,12000.0
18803,12000.0
18804,12000.0
18805,12000.0
18806,12000.0
18807,12000.0
18808,12000.0
18809,12000.0
18810,11000.91
18811,10000.83
18812,9000.8
18813,9000.61
18814,9000.51
18815,8000.71
18816,8000.71
18817,8000.29
18818,8000.54
18819,7999.95
18820,7900.85
18821,6779.83
18822,6529.46
18823,6297.44
18824,5969.94
18825,5699.49
18826,5699.18
18827,5638.16
18828,5250.42
18829,5200.83
18830,4101.0
18831,3565.09
18832,3367.43
18833,3293.07
18834,3645.34
18835,4500.04
18836,4400.87
18837,5200.75
18838,5469.34
18839,5500.11
18840,5500.31
18841,5500.69
18842,5500.62
18843,5500.75
18844,5603.53
18845,5000.59
18846,4829.43
18847,4500.89
18848,4353.63
18849,3980.02
18850,3855.61
18851,3657.1
18852,3450.03
18853,3180.62
18854,3109.41
18855,3000.76
18856,3000.36
18857,3000.47
18858,3109.22
18859,3020.25
18860,3109.8
18861,2986.5
18862,3000.04
18863,3020.91
18864,3012.95
18865,3020.53
18866,3097.69
18867,2910.71
18868,2763.05
18869,2284.02
18870,2212.47
18871,2188.91
18872,2383.08
18873,2409.14
18874,2357.91
18875,2680.12
18876,2950.25
18877,2875.19
18878,3000.97
18879,3240.63
18880,3180.83
18881,3091.8
18882,3251.7
18883,3450.06
18884,3500.12
18885,3350.4
18886,3400.58
18887,3649.17
18888,4358.78
18889,3855.76
18890,4854.82
18891,6870.0
18892,9500.13
18893,11499.22
18894,12000.0
18895,12000.0
18896,12000.0
18897,12000.0
18898,12000.0
18899,12000.0
18900,12000.0
18901,12000.0
18902,12000.0
18903,12000.0
18904,12000.0
18905,12000.0
18906,12000.0
18907,11500.55
18908,10500.36
18909,10499.78
18910,10000.12
18911,9500.07
18912,8499.61
18913,5999.4
18914,6999.07
18915,5969.11
18916,5699.79
18917,5699.58
18918,5699.48
18919,5657.33
18920,5338.6
18921,4705.55
18922,4189.47
18923,4189.66
18924,4189.45
18925,3995.07
18926,3859.98
18927,3716.56
18928,3639.35
18929,3716.71
18930,3716.54
18931,3521.88
18932,3553.67
18933,3800.46
18934,4448.01
18935,4349.8
18936,5000.49
18937,4500.92
18938,5100.08
18939,5100.22
18940,5100.02
18941,4800.35
18942,4709.96
18943,4677.89
18944,4498.66
18945,4174.82
18946,3859.84
18947,3500.42
18948,3180.12
18949,3000.18
18950,2802.8
18951,2729.59
18952,2214.31
18953,2174.38
18954,1999.37
18955,1999.18
18956,1999.46
18957,1989.36
18958,1867.86
18959,1867.52
18960,1866.53
18961,1861.21
18962,1799.48
18963,1799.31
18964,1568.13
18965,1566.76
18966,1861.16
18967,1799.83
18968,1564.39
18969,1861.9
18970,1799.73
18971,1863.89
18972,1866.62
18973,1999.07
18974,1999.24
18975,1999.61
18976,1999.32
18977,2220.95
18978,2409.29
18979,2510.95
18980,2729.46
18981,2649.47
18982,2748.85
18983,2822.2
18984,3050.06
18985,2899.22
18986,3322.95
18987,4240.89
18988,5399.84
18989,5638.11
18990,5969.59
18991,6998.43
18992,7919.61
18993,8009.75
18994,8009.51
18995,8695.08
18996,9438.9
18997,8572.48
18998,9952.23
18999,9952.23
19000,9280.0
19001,8009.18
19002,8009.56
19003,7333.76
19004,6496.4
19005,6189.62
19006,5969.56
19007,5699.17
19008,5399.13
19009,6989.35
19010,6092.11
19011,5499.87
19012,5399.62
19013,5249.75
19014,5129.3
19015,5129.56
19016,4922.77
19017,3859.16
19018,3859.28
19019,3859.03
19020,3655.81
19021,3509.07
19022,3200.2
19023,3050.48
19024,3050.81
19025,3509.46
19026,3509.7
19027,3484.25
19028,3493.07
19029,4500.48
19030,5500.78
19031,5474.65
19032,5699.39
19033,5638.85
19034,5699.17
19035,5989.84
19036,6999.02
19037,5969.02
19038,5969.96
19039,5699.55
19040,5249.13
19041,4503.03
19042,4500.17
19043,4100.77
19044,3871.07
19045,3658.76
19046,3551.28
19047,3500.25
19048,3455.6
19049,3150.58
19050,3099.63
19051,2950.12
19052,3010.25
19053,2999.35
19054,2999.84
19055,3000.5
19056,2999.12
19057,2950.47
19058,2860.75
19059,2729.65
19060,2729.99
19061,2500.56
19062,2500.99
19063,2409.95
19064,2700.88
19065,2684.35
19066,2783.22
19067,3060.3
19068,3100.36
19069,3249.59
19070,3360.97
19071,3466.13
19072,3500.18
19073,3459.63
19074,3459.41
19075,3499.28
19076,3637.17
19077,3649.52
19078,4000.47
19079,4400.45
19080,5503.78
19081,4922.44
19082,7906.2
19083,10041.08
19084,12000.0
19085,12000.0
19086,12000.0
19087,12000.0
19088,12000.0
19089,12000.0
19090,12000.0
19091,12000.0
19092,12000.0
19093,12000.0
19094,12000.0
19095,12000.0
19096,12000.0
19097,12000.0
19098,12000.0
19099,12000.0
19100,12000.0
19101,12000.0
19102,12000.0
19103,12000.0
19104,12000.0
19105,9454.0
19106,8000.74
19107,8000.29
19108,7999.55
19109,6989.88
19110,5777.36
19111,5769.09
19112,5769.03
19113,5699.18
19114,5638.79
19115,5129.76
19116,5129.49
19117,5539.11
19118,5539.48
19119,5399.89
19120,5385.92
19121,5500.42
19122,5539.14
19123,5399.01
19124,5199.66
19125,5638.36
19126,5769.06
19127,5699.68
19128,6500.28
19129,5638.62
19130,5638.57
19131,6000.45
19132,6500.05
19133,5969.7
19134,5699.29
19135,5555.63
19136,5000.91
19137,4709.33
19138,4922.35
19139,4500.8
19140,4250.39
19141,4178.19
19142,3865.96
19143,3871.35
19144,3800.0
19145,3459.16
19146,3386.54
19147,3380.34
19148,3459.3
19149,3459.1
19150,3459.09
19151,3339.59
19152,3338.27
19153,3299.62
19154,3249.9
19155,3250.07
19156,3299.04
19157,3150.1
19158,3150.4
19159,3150.24
19160,3190.89
19161,3249.75
19162,3339.16
19163,3459.77
19164,3500.32
19165,3339.72
19166,3459.2
19167,3500.58
19168,3475.27
19169,3657.31
19170,3855.05
19171,3871.57
19172,3900.66
19173,3878.94
19174,4000.36
19175,4887.79
19176,4178.58
19177,4500.19
19178,5969.54
19179,10000.95
19180,12000.0
19181,12000.0
19182,12000.0
19183,12000.0
19184,12000.0
19185,12000.0
19186,12000.0
19187,12000.0
19188,12000.0
19189,12000.0
19190,12000.0
19191,12000.0
19192,12000.0
19193,12000.0
19194,12000.0
19195,12000.0
19196,12000.0
19197,12000.0
19198,12000.0
19199,12000.0
19200,11499.74
19201,11000.17
19202,9995.09
19203,9993.25
19204,9966.95
19205,6989.41
19206,5699.75
19207,5699.03
19208,5529.38
19209,5491.43
19210,4593.58
19211,4593.77
19212,4592.51
19213,3859.42
19214,3859.31
19215,3859.16
19216,3859.25
19217,3859.12
19218,3859.48
19219,3859.35
19220,3859.22
19221,4248.35
19222,4709.39
19223,4709.89
19224,5399.08
19225,4922.01
19226,5199.79
19227,5638.38
19228,5699.25
19229,5638.01
19230,5500.76
19231,5249.16
19232,4142.31
19233,3814.96
19234,3814.62
19235,3640.54
19236,3459.94
19237,3109.55
19238,3109.1
19239,3100.55
19240,3099.83
19241,3099.63
19242,3099.61
19243,3099.61
19244,3099.86
19245,3000.27
19246,3000.9
19247,2999.95
19248,2999.75
19249,2999.42
19250,2999.25
19251,2999.23
19252,2999.31
19253,2770.91
19254,2771.0
19255,2766.57
19256,2901.16
19257,2999.16
19258,2999.54
19259,3099.43
19260,3099.6
19261,3099.43
19262,3109.84
19263,3180.59
19264,3190.38
19265,3249.25
19266,3249.51
19267,3249.42
19268,3249.66
19269,3294.54
19270,3350.92
19271,3505.9
19272,3523.09
19273,3640.67
19274,4709.04
19275,7400.09
19276,10499.76
19277,12000.0
19278,12000.0
19279,12000.0
19280,12000.0
19281,12000.0
19282,12000.0
19283,12000.0
19284,12000.0
19285,12000.0
19286,12000.0
19287,12000.0
19288,12000.0
19289,11900.4
19290,11900.12
19291,11498.55
19292,11496.62
19293,11491.81
19294,10499.78
19295,8957.12
19296,7400.18
19297,10499.56
19298,10353.52
19299,8999.21
19300,7319.38
19301,6839.74
19302,6579.33
19303,5529.94
19304,5529.3
19305,5199.47
19306,5199.23
19307,4927.77
19308,4709.85
19309,5009.65
19310,5009.05
19311,4709.65
19312,4179.75
19313,4550.4
19314,4709.53
19315,4500.59
19316,4400.9
19317,4706.26
19318,4778.23
19319,4925.61
19320,5399.96
19321,4922.35
19322,5699.01
19323,6989.23
19324,8000.25
19325,7400.72
19326,6600.94
19327,5500.9
19328,4989.78
19329,4000.48
19330,3509.5
19331,3459.11
19332,3180.78
19333,3099.3
19334,3099.34
19335,3099.21
19336,3099.19
19337,3010.44
19338,3050.5
19339,2900.23
19340,3050.69
19341,2999.37
19342,2999.51
19343,2999.32
19344,2999.44
19345,2999.14
19346,2924.98
19347,2900.46
19348,2938.32
19349,2842.09
19350,2899.84
19351,2999.19
19352,2999.82
19353,3094.04
19354,3109.5
19355,3326.45
19356,3444.11
19357,3500.08
19358,3540.8
19359,3814.12
19360,3814.94
19361,3871.73
19362,3859.05
19363,3814.92
19364,3814.85
19365,3887.89
19366,4122.75
19367,4709.46
19368,4922.04
19369,4709.45
19370,5499.39
19371,12000.0
19372,12000.0
19373,12000.0
19374,12000.0
19375,12000.0
19376,12000.0
19377,12000.0
19378,12000.0
19379,12000.0
19380,12000.0
19381,12000.0
19382,12000.0
19383,12000.0
19384,12000.0
19385,12000.0
19386,12000.0
19387,12000.0
19388,12000.0
19389,12000.0
19390,12000.0
19391,12000.0
19392,12000.0
19393,7919.26
19394,7400.38
19395,5969.84
19396,5699.12
19397,4989.12
19398,4989.65
19399,4529.51
19400,4400.85
19401,3929.9
19402,3929.55
19403,3859.75
19404,3859.69
19405,3548.3
19406,3509.22
19407,3509.33
19408,3499.13
19409,3509.55
19410,3600.87
19411,3859.09
19412,3859.8
19413,3871.43
19414,4043.52
19415,4709.15
19416,4989.35
19417,4709.75
19418,5638.1
19419,5969.76
19420,6500.77
19421,5638.42
19422,5638.32
19423,5469.84
19424,4167.33
19425,3814.34
19426,3814.11
19427,3509.74
19428,3355.93
19429,3180.68
19430,3184.35
19431,3220.87
19432,3180.9
19433,3099.9
19434,3060.81
19435,3099.39
19436,3094.02
19437,3050.29
19438,3000.79
19439,3102.22
19440,3090.01
19441,3109.24
19442,3109.38
19443,3050.79
19444,3019.2
19445,3000.94
19446,3000.29
19447,3050.05
19448,3109.43
19449,3202.66
19450,3459.69
19451,3506.16
19452,3609.37
19453,3540.2
19454,3800.18
19455,3871.05
19456,4000.35
19457,4059.39
19458,4111.12
19459,3887.24
19460,3859.98
19461,3636.25
19462,3649.0
19463,3649.7
19464,3855.07
19465,3799.09
19466,4600.79
19467,8000.97
19468,12000.0
19469,12000.0
19470,12000.0
19471,12000.0
19472,12000.0
19473,12000.0
19474,12000.0
19475,12000.0
19476,12000.0
19477,12000.0
19478,12000.0
19479,12000.0
19480,12000.0
19481,12000.0
19482,12000.0
19483,12000.0
19484,12000.0
19485,12000.0
19486,12000.0
19487,10652.48
19488,10499.19
19489,5709.23
19490,5529.46
19491,5399.79
19492,5399.52
19493,4700.89
19494,4700.48
19495,4700.66
19496,4700.84
19497,4139.38
19498,4139.22
19499,4021.54
19500,4000.43
19501,3656.3
19502,3655.54
19503,3580.3
19504,3580.58
19505,3716.02
19506,4171.95
19507,4200.01
19508,4200.43
19509,4239.7
19510,4709.03
19511,4709.99
19512,5399.68
19513,5199.96
19514,5638.92
19515,6424.29
19516,8000.01
19517,7000.12
19518,6000.64
19519,6000.02
19520,5500.06
19521,4709.27
19522,4100.49
19523,3859.58
19524,3814.61
19525,3534.82
19526,3565.45
19527,3600.17
19528,3770.16
19529,3459.86
19530,3499.96
19531,3529.69
19532,3518.77
19533,3599.41
19534,3500.05
19535,3459.69
19536,3459.25
19537,3299.54
19538,3299.53
19539,3299.16
19540,3299.14
19541,3109.67
19542,3150.43
19543,3180.35
19544,3249.68
19545,3182.5
19546,3500.87
19547,3855.6
19548,3859.65
19549,3856.0
19550,3855.57
19551,4239.03
19552,4699.58
19553,4173.49
19554,4173.98
19555,3881.66
19556,3871.41
19557,3871.5
19558,3871.52
19559,3855.28
19560,3871.2
19561,3950.4
19562,4709.56
19563,7400.74
19564,12000.0
19565,12000.0
19566,12000.0
19567,12000.0
19568,12000.0
19569,12000.0
19570,12000.0
19571,12000.0
19572,12000.0
19573,10569.6
19574,10569.51
19575,10569.89
19576,10569.38
19577,9000.62
19578,9000.63
19579,9000.12
19580,8509.61
19581,8409.55
19582,7919.61
19583,7339.29
19584,6379.81
19585,5119.55
19586,4569.68
19587,4999.95
19588,5119.56
19589,4948.18
19590,4639.44
19591,4101.01
19592,4005.39
19593,3850.58
19594,3686.84
19595,3679.38
19596,3679.39
19597,3655.28
19598,3600.78
19599,3609.75
19600,3657.51
19601,3658.73
19602,3679.2
19603,3679.13
19604,3679.25
19605,3859.42
19606,4639.62
19607,5119.25
19608,5638.41
19609,5386.07
19610,5499.16
19611,5699.06
19612,5699.57
19613,5386.64
19614,5199.17
19615,4699.02
19616,4039.13
19617,3819.21
19618,3535.67
19619,3459.17
19620,3340.36
19621,3099.06
19622,3035.66
19623,2999.67
19624,2885.03
19625,2750.12
19626,2700.46
19627,2730.16
19628,2700.65
19629,2599.71
19630,2100.58
19631,2599.15
19632,2599.29
19633,1999.23
19634,1999.18
19635,1999.16
19636,1999.04
19637,1989.77
19638,1999.0
19639,1999.16
19640,1999.14
19641,1999.03
19642,1999.58
19643,1999.83
19644,2099.56
19645,2099.9
19646,2700.41
19647,2999.95
19648,3099.12
19649,3099.38
19650,3109.42
19651,3150.56
19652,3109.74
19653,3180.01
19654,3180.84
19655,3249.07
19656,3249.41
19657,3249.99
19658,3855.56
19659,4500.54
19660,5529.59
19661,6999.59
19662,7000.66
19663,7000.71
19664,7000.43
19665,7000.17
19666,6999.49
19667,6999.26
19668,6989.44
19669,6989.38
19670,6999.35
19671,6999.94
19672,6999.29
19673,5999.63
19674,7400.16
19675,5817.1
19676,5699.79
19677,6210.73
19678,5699.45
19679,5249.05
19680,4989.26
19681,4101.9
19682,4091.41
19683,4136.98
19684,3750.24
19685,3580.35
19686,3500.47
19687,3050.51
19688,3050.78
19689,3252.88
19690,3050.7
19691,3050.19
19692,3050.78
19693,3000.58
19694,3000.86
19695,3050.94
19696,3050.43
19697,3000.43
19698,3001.05
19699,3001.84
19700,2999.78
19701,3150.95
19702,3500.85
19703,3831.86
19704,4705.9
19705,4705.26
19706,5249.75
19707,5800.17
19708,5969.8
19709,5969.92
19710,6149.18
19711,5969.64
19712,5638.6
19713,4290.22
19714,3995.56
19715,3855.9
19716,3855.76
19717,3519.42
19718,3509.88
19719,3521.11
19720,3509.4
19721,3509.17
19722,3499.91
19723,3455.42
19724,3459.02
19725,3459.53
19726,3459.53
19727,3299.97
19728,3299.33
19729,3240.76
19730,3240.2
19731,3207.45
19732,3180.16
19733,3099.03
19734,3099.92
19735,3115.2
19736,3180.83
19737,3256.16
19738,3352.33
19739,3476.24
19740,3607.82
19741,3600.15
19742,3871.66
19743,4111.56
19744,4185.29
19745,4195.6
19746,4195.16
19747,3887.01
19748,3814.9
19749,3814.2
19750,3795.94
19751,3814.07
19752,3855.66
19753,4142.03
19754,4778.7
19755,6529.74
19756,8611.99
19757,10400.48
19758,9500.69
19759,9500.49
19760,9500.51
19761,9500.23
19762,9172.22
19763,9045.86
19764,9500.19
19765,9500.1
19766,9500.61
19767,9500.81
19768,9941.55
19769,9500.07
19770,7400.68
19771,7400.06
19772,7400.27
19773,6941.71
19774,6529.49
19775,6462.16
19776,4500.68
19777,4568.08
19778,4941.86
19779,4942.56
19780,4941.36
19781,4492.24
19782,4491.93
19783,4378.77
19784,4239.19
19785,3656.87
19786,3600.72
19787,3657.7
19788,3656.37
19789,3841.27
19790,3685.5
19791,3600.19
19792,3580.59
19793,3509.76
19794,3500.02
19795,3252.74
19796,3500.24
19797,4010.14
19798,4179.83
19799,4742.5
19800,5385.86
19801,5199.96
19802,5500.84
19803,5638.07
19804,6989.37
19805,6989.07
19806,6989.51
19807,6223.78
19808,5509.06
19809,5099.97
19810,4699.11
19811,4026.61
19812,3887.82
19813,3814.67
19814,3855.82
19815,3887.08
19816,3887.15
19817,3887.14
19818,3988.23
19819,4003.7
19820,4005.98
19821,3887.1
19822,3871.55
19823,3871.34
19824,3859.26
19825,3871.41
19826,3855.53
19827,3814.6
19828,3855.14
19829,3590.94
19830,3600.21
19831,3609.44
19832,3800.77
19833,3859.75
19834,4019.4
19835,4400.13
19836,4750.33
19837,4699.99
19838,5250.11
19839,5499.46
19840,5399.05
19841,5699.49
19842,5969.66
19843,5638.63
19844,5499.21
19845,4778.46
19846,4168.19
19847,4168.16
19848,6000.51
19849,5638.98
19850,6500.88
19851,12000.0
19852,12000.0
19853,12000.0
19854,12000.0
19855,12000.0
19856,12000.0
19857,12000.0
19858,12000.0
19859,12000.0
19860,12000.0
19861,12000.0
19862,12000.0
19863,12000.0
19864,12000.0
19865,12000.0
19866,12000.0
19867,12000.0
19868,12000.0
19869,11499.19
19870,8500.75
19871,7844.2
19872,7400.2
19873,5695.7
19874,5638.39
19875,5529.94
19876,5529.43
19877,4496.8
19878,4493.79
19879,4491.11
19880,3744.75
19881,3587.52
19882,3542.1
19883,3509.87
19884,3509.61
19885,3373.45
19886,3326.3
19887,3307.33
19888,3339.54
19889,3500.09
19890,3509.64
19891,3509.57
19892,3548.16
19893,3859.64
19894,4492.49
19895,5249.16
19896,6000.4
19897,5509.81
19898,5969.65
19899,6989.27
19900,6989.64
19901,6500.49
19902,6671.95
19903,6000.58
19904,5509.87
19905,5009.93
19906,4707.68
19907,4042.19
19908,3919.24
19909,3814.33
19910,3814.31
19911,3814.2
19912,3626.65
19913,3500.22
19914,3500.25
19915,3459.79
19916,3435.78
19917,3249.47
19918,3233.1
19919,3180.57
19920,3136.8
19921,3056.93
19922,3050.36
19923,3000.85
19924,3020.9
19925,2999.15
19926,3000.32
19927,3061.88
19928,3100.25
19929,3109.42
19930,3180.71
19931,3250.01
19932,3421.8
19933,3620.83
19934,4067.36
19935,4380.86
19936,5199.65
19937,5499.51
19938,5399.16
19939,5099.9
19940,5099.73
19941,5385.43
19942,5548.18
19943,5387.36
19944,6500.16
19945,6469.74
19946,7919.37
19947,12000.0
19948,12000.0
19949,12000.0
19950,12000.0
19951,12000.0
19952,12000.0
19953,12000.0
19954,12000.0
19955,12000.0
19956,12000.0
19957,12000.0
19958,12000.0
19959,12000.0
19960,12000.0
19961,12000.0
19962,12000.0
19963,12000.0
19964,12000.0
19965,12000.0
19966,10145.85
19967,7989.99
19968,7400.57
19969,5969.9
19970,5969.61
19971,5709.66
19972,5999.44
19973,5638.94
19974,5529.77
19975,5456.57
19976,4928.88
19977,4989.21
19978,4850.21
19979,4161.18
19980,4052.25
19981,3855.32
19982,3600.17
19983,3513.81
19984,3500.75
19985,3540.83
19986,3581.43
19987,3540.12
19988,3600.71
19989,3871.11
19990,4197.77
19991,5199.14
19992,6515.25
19993,5199.09
19994,6500.2
19995,7658.18
19996,8000.13
19997,8000.22
19998,7986.02
19999,7000.72
20000,5769.39
20001,4709.16
20002,4000.21
20003,3887.86
20004,3845.72
20005,3749.89
20006,3814.17
20007,3814.26
20008,3814.14
20009,3795.34
20010,3814.48
20011,3814.19
20012,3814.78
20013,3556.57
20014,3530.99
20015,3530.71
20016,3530.6
20017,3509.49
20018,3496.28
20019,3459.66
20020,3459.24
20021,3299.26
20022,3250.35
20023,3250.86
20024,3299.64
20025,3250.18
20026,3249.61
20027,3338.8
20028,3484.45
20029,3659.84
20030,4195.06
20031,5199.02
20032,5969.17
20033,5638.46
20034,4709.13
20035,4699.01
20036,4851.14
20037,4001.85
20038,4379.7
20039,5460.79
20040,8219.48
20041,8000.79
20042,10515.32
20043,12000.0
20044,12000.0
20045,12000.0
20046,12000.0
20047,12000.0
20048,12000.0
20049,12000.0
20050,12000.0
20051,12000.0
20052,12000.0
20053,12000.0
20054,12000.0
20055,12000.0
20056,12000.0
20057,12000.0
20058,12000.0
20059,12000.0
20060,12000.0
20061,12000.0
20062,12000.0
20063,12000.0
20064,12000.0
20065,8000.25
20066,6989.85
20067,5969.56
20068,5699.83
20069,5699.98
20070,5699.74
20071,5699.34
20072,5691.4
20073,5638.09
20074,5529.27
20075,5399.46
20076,5000.55
20077,5199.01
20078,5000.21
20079,5199.07
20080,4780.61
20081,4780.29
20082,4709.08
20083,4709.06
20084,4780.38
20085,4709.15
20086,4709.95
20087,5638.01
20088,5699.56
20089,5500.69
20090,5699.4
20091,6000.51
20092,8000.4
20093,8000.78
20094,8000.38
20095,7400.01
20096,5638.71
20097,5009.76
20098,4520.15
20099,4000.93
20100,3887.82
20101,3855.86
20102,3887.61
20103,3887.79
20104,3887.58
20105,3814.96
20106,3859.77
20107,3855.31
20108,3814.73
20109,3814.09
20110,3814.1
20111,3720.86
20112,3720.28
20113,3720.25
20114,3720.43
20115,3720.32
20116,3720.04
20117,3686.18
20118,3720.09
20119,3720.22
20120,3720.59
20121,3782.12
20122,3855.7
20123,3855.21
20124,3859.43
20125,4709.46
20126,5199.62
20127,5638.98
20128,7400.81
20129,6500.36
20130,5699.61
20131,5638.95
20132,5638.79
20133,5399.49
20134,5638.63
20135,7400.01
20136,8500.78
20137,11101.47
20138,12000.0
20139,12000.0
20140,12000.0
20141,12000.0
20142,12000.0
20143,12000.0
20144,12000.0
20145,12000.0
20146,12000.0
20147,12000.0
20148,12000.0
20149,12000.0
20150,12000.0
20151,12000.0
20152,12000.0
20153,12000.0
20154,12000.0
20155,12000.0
20156,12000.0
20157,12000.0
20158,12000.0
20159,12000.0
20160,12000.0
20161,11168.76
20162,10061.33
20163,9025.87
20164,8708.76
20165,8713.12
20166,7400.98
20167,7400.54
20168,6469.65
20169,6989.93
20170,5989.92
20171,6469.37
20172,5979.88
20173,6776.79
20174,5699.91
20175,5699.93
20176,5699.64
20177,5720.2
20178,6189.22
20179,5969.66
20180,6076.96
20181,5969.31
20182,6469.05
20183,7400.25
20184,7625.75
20185,6000.45
20186,7400.35
20187,9106.39
20188,11124.08
20189,11110.76
20190,11106.5
20191,9303.37
20192,8219.16
20193,5699.02
20194,5699.22
20195,5638.48
20196,5296.78
20197,4989.71
20198,5199.16
20199,5399.81
20200,5199.48
20201,5199.0
20202,4709.93
20203,4709.64
20204,4709.07
20205,4200.18
20206,4138.86
20207,3871.43
20208,3871.24
20209,3720.56
20210,3720.89
20211,3720.54
20212,3720.37
20213,3686.77
20214,3686.97
20215,3720.16
20216,3782.43
20217,3720.7
20218,3855.95
20219,4000.59
20220,4709.68
20221,4709.78
20222,5099.39
20223,5499.26
20224,5969.9
20225,5969.39
20226,5699.8
20227,5399.98
20228,5249.81
20229,4709.11
20230,4499.16
20231,4709.03
20232,5699.95
20233,12000.0
20234,12000.0
20235,12000.0
20236,12000.0
20237,12000.0
20238,12000.0
20239,12000.0
20240,12000.0
20241,12000.0
20242,12000.0
20243,12000.0
20244,12000.0
20245,12000.0
20246,12000.0
20247,12000.0
20248,12000.0
20249,12000.0
20250,12000.0
20251,12000.0
20252,12000.0
20253,12000.0
20254,12000.0
20255,12000.0
20256,12000.0
20257,5296.38
20258,5298.68
20259,4500.71
20260,4500.31
20261,4601.82
20262,4500.32
20263,4249.18
20264,4247.72
20265,4138.79
20266,4194.16
20267,4185.03
20268,4140.99
20269,4138.85
20270,4124.19
20271,4138.23
20272,4039.99
20273,4161.16
20274,4142.51
20275,4659.22
20276,4705.2
20277,4659.43
20278,5149.86
20279,5349.34
20280,5529.47
20281,5529.07
20282,5638.53
20283,5638.85
20284,5649.95
20285,5529.54
20286,5529.54
20287,5529.01
20288,4800.04
20289,4065.01
20290,3950.35
20291,3871.72
20292,3819.62
20293,3530.92
20294,3500.44
20295,3252.15
20296,3240.01
20297,3109.34
20298,3109.07
20299,3106.88
20300,3106.63
20301,3000.16
20302,2900.69
20303,2730.68
20304,2673.02
20305,2623.88
20306,2400.37
20307,2198.21
20308,2185.25
20309,2068.54
20310,2066.91
20311,2068.03
20312,2184.8
20313,2192.27
20314,2220.23
20315,2712.25
20316,2999.57
20317,3106.36
20318,3109.59
20319,3204.75
20320,3250.83
20321,3330.59
20322,3339.59
20323,3330.58
20324,3387.44
20325,3180.02
20326,3180.72
20327,3300.49
20328,3418.37
20329,3871.32
20330,4155.07
20331,4845.5
20332,5349.2
20333,6999.01
20334,8000.25
20335,8999.3
20336,11749.2
20337,12000.0
20338,8999.77
20339,8000.27
20340,7400.77
20341,6999.88
20342,7400.17
20343,7000.79
20344,7000.07
20345,6529.28
20346,6500.77
20347,5999.14
20348,5499.57
20349,5395.13
20350,5392.38
20351,4999.72
20352,4999.15
673,4299.25
674,4299.5
675,4230.77
676,4113.48
677,4136.86
678,4100.95
679,3989.4
680,3929.01
681,3499.84
682,3524.75
683,3504.6
684,3430.95
685,3435.71
686,3300.12
687,3332.55
688,3250.86
689,3500.51
690,3540.77
691,3649.15
692,3756.52
693,3855.4
694,3994.1
695,4138.34
696,5129.93
697,4700.04
698,5000.46
699,5000.63
700,5330.0
701,5329.17
702,5329.13
703,5329.46
704,4138.97
705,3919.76
706,3919.09
707,3887.62
708,3871.78
709,3814.72
710,3814.78
711,3855.43
712,3800.78
713,3333.66
714,3339.8
715,3312.76
716,3249.49
717,3249.68
718,3255.72
719,3250.17
720,3249.7
721,3180.26
722,3200.16
723,3180.69
724,3120.21
725,3109.55
726,3120.01
727,3180.16
728,3184.05
729,3249.01
730,3322.95
731,3459.48
732,3598.13
733,3855.08
734,3998.84
735,4498.86
736,4709.08
737,4376.37
738,4353.38
739,4191.25
740,3929.78
741,3887.88
742,3887.3
743,3871.41
744,4725.16
745,4744.2
746,5387.67
747,8000.54
748,12000.0
749,12000.0
750,12000.0
751,12000.0
752,12000.0
753,12000.0
754,12000.0
755,12000.0
756,12000.0
757,12000.0
758,12000.0
759,12000.0
760,9601.92
761,8080.35
762,8509.73
763,7499.92
764,7000.82
765,6529.1
766,5950.27
767,4498.99
768,4494.45
3649,5638.86
3650,5638.73
3651,5500.64
3652,5329.61
3653,5249.39
3654,4230.67
3655,3989.06
3656,3656.44
3657,3625.13
3658,3566.31
3659,3509.99
3660,3509.71
3661,3423.51
3662,3377.19
3663,3432.73
3664,3250.95
3665,3565.02
3666,3622.19
3667,3756.4
3668,3700.33
3669,3649.15
3670,3687.23
3671,3871.94
3672,4138.75
3673,4851.08
3674,5329.04
3675,5329.14
3676,5329.16
3677,5329.14
3678,5099.09
3679,4928.01
3680,4000.76
3681,3859.73
3682,3859.05
3683,3814.82
3684,3814.8
3685,3814.45
3686,3814.49
3687,3814.36
3688,3814.78
3689,3800.25
3690,3778.5
3691,3530.73
3692,3459.75
3693,3459.65
3694,3407.89
3695,3400.67
3696,3340.29
3697,3250.36
3698,3274.91
3699,3265.02
3700,3249.85
3701,3231.3
3702,3249.76
3703,3249.75
3704,3249.88
3705,3340.02
3706,3500.42
3707,3592.58
3708,3814.75
3709,3871.01
3710,3887.1
3711,4353.16
3712,4709.09
3713,4709.21
3714,4709.36
3715,4709.41
3716,4709.42
3717,4709.22
3718,3871.05
3719,3871.11
3720,5444.26
3721,5000.8
3722,6494.67
3723,8393.88
3724,12000.0
3725,12000.0
3726,12000.0
3727,12000.0
3728,12000.0
3729,12000.0
3730,12000.0
3731,12000.0
3732,12000.0
3733,12000.0
3734,12000.0
3735,12000.0
3736,12000.0
3737,12000.0
3738,12000.0
3739,12000.0
3740,12000.0
3741,12000.0
3742,9601.86
3743,9601.39
3744,8000.48
6337,7400.84
6338,7400.05
6339,6000.3
6340,6000.44
6341,5699.31
6342,5638.29
6343,5638.57
6344,5329.49
6345,4945.61
6346,4942.73
6347,4499.67
6348,4170.05
6349,4057.45
6350,3929.97
6351,3929.11
6352,3855.95
6353,3871.78
6354,3871.86
6355,3871.58
6356,4046.83
6357,4709.94
6358,5329.47
6359,5638.19
6360,6134.33
6361,6500.58
6362,6989.26
6363,7169.16
6364,6500.19
6365,5699.1
6366,5500.73
6367,5329.3
6368,4738.66
6369,4499.95
6370,4300.68
6371,4191.24
6372,4007.78
6373,3871.41
6374,3919.33
6375,3800.3
6376,3658.77
6377,3558.53
6378,3500.26
6379,3500.12
6380,3459.71
6381,3469.78
6382,3459.56
6383,3500.17
6384,3500.25
6385,3375.32
6386,3352.95
6387,3299.86
6388,3282.67
6389,3249.31
6390,3249.76
6391,3250.2
6392,3299.85
6393,3445.0
6394,3600.77
6395,3720.65
6396,3871.23
6397,4000.23
6398,4709.0
6399,4709.53
6400,5249.92
6401,5399.15
6402,5638.74
6403,5699.78
6404,6279.46
6405,5699.39
6406,5399.54
6407,5050.88
6408,4709.83
6409,4709.92
6410,5399.08
6411,6529.13
6412,6529.85
6413,11499.86
6414,12000.0
6415,12000.0
6416,12000.0
6417,12000.0
6418,12000.0
6419,12000.0
6420,12000.0
6421,12000.0
6422,12000.0
6423,12000.0
6424,12000.0
6425,10849.47
6426,11499.19
6427,10848.73
6428,10844.99
6429,8996.17
6430,6500.59
6431,5969.2
6432,5846.4
9313,11860.0
9314,11000.9
9315,8469.04
9316,8339.84
9317,7400.4
9318,6941.07
9319,6667.52
9320,6498.14
9321,6251.26
9322,6315.83
9323,6029.55
9324,5969.98
9325,6029.28
9326,5969.45
9327,5969.11
9328,5638.92
9329,6029.21
9330,6200.12
9331,6200.24
9332,6200.29
9333,6700.0
9334,6279.4
9335,7400.16
9336,6029.69
9337,5500.99
9338,6279.39
9339,7400.25
9340,7400.38
9341,7400.44
9342,6999.58
9343,6029.29
9344,6029.22
9345,5699.43
9346,5699.22
9347,5638.37
9348,5638.14
9349,5000.4
9350,5000.95
9351,5399.16
9352,5638.2
9353,5399.46
9354,5638.11
9355,5500.02
9356,5399.25
9357,5399.55
9358,5399.17
9359,5399.36
9360,5399.27
9361,5000.44
9362,5000.32
9363,5000.01
9364,4709.73
9365,4709.17
9366,4709.24
9367,4709.17
9368,4709.53
9369,4738.64
9370,5338.64
9371,5399.28
9372,5699.09
9373,5699.19
9374,5499.14
9375,6329.0
9376,5699.89
9377,5969.68
9378,7400.55
9379,7400.14
9380,7400.98
9381,5969.58
9382,5000.8
9383,5000.64
9384,5000.57
9385,5248.1
9386,5699.89
9387,6529.68
9388,8816.45
9389,12000.0
9390,12000.0
9391,12000.0
9392,12000.0
9393,12000.0
9394,12000.0
9395,12000.0
9396,12000.0
9397,12000.0
9398,12000.0
9399,12000.0
9400,12000.0
9401,12000.0
9402,12000.0
9403,12000.0
9404,12000.0
9405,11000.21
9406,8000.81
9407,8000.1
9408,7400.03
12193,6819.61
12194,6039.96
12195,6029.23
12196,6029.26
12197,5969.8
12198,5638.69
12199,5379.98
12200,5379.57
12201,5379.54
12202,5379.55
12203,5338.87
12204,5259.52
12205,5160.0
12206,5159.52
12207,5159.11
12208,5029.35
12209,5159.2
12210,5159.82
12211,5159.88
12212,5297.15
12213,5989.94
12214,6029.3
12215,6269.46
12216,6196.21
12217,5295.21
12218,5969.49
12219,6029.25
12220,6029.41
12221,6279.29
12222,6029.72
12223,5989.59
12224,5500.53
12225,5338.6
12226,5000.61
12227,5000.08
12228,5000.07
12229,5000.19
12230,5000.0
12231,4450.78
12232,4096.51
12233,4499.99
12234,4168.78
12235,4100.51
12236,4000.85
12237,4706.64
12238,4499.17
12239,4948.85
12240,5000.01
12241,4499.88
12242,4185.55
12243,4000.88
12244,3999.04
12245,3800.54
12246,3871.81
12247,3995.76
12248,4200.88
12249,4185.46
12250,5000.11
12251,4185.19
12252,4350.04
12253,4230.97
12254,5000.17
12255,5000.52
12256,5000.71
12257,5338.85
12258,6329.9
12259,6329.53
12260,7969.28
12261,6529.59
12262,6339.04
12263,5338.87
12264,5969.19
12265,5379.91
12266,6529.46
12267,10679.79
12268,12000.0
12269,12000.0
12270,12000.0
12271,12000.0
12272,12000.0
12273,12000.0
12274,12000.0
12275,12000.0
12276,12000.0
12277,12000.0
12278,12000.0
12279,12000.0
12280,12000.0
12281,12000.0
12282,12000.0
12283,12000.0
12284,12000.0
12285,11900.14
12286,12000.0
12287,10137.12
12288,9009.13
15169,6029.5
15170,6029.27
15171,5969.91
15172,5969.04
15173,5969.23
15174,5500.43
15175,4838.44
15176,4449.48
15177,4248.96
15178,4247.55
15179,4245.35
15180,4244.56
15181,3995.08
15182,3994.32
15183,3994.0
15184,3993.69
15185,4492.78
15186,4493.15
15187,4493.03
15188,4494.32
15189,5338.71
15190,5638.74
15191,5989.27
15192,6000.89
15193,5869.72
15194,6000.55
15195,6029.04
15196,6029.31
15197,5969.81
15198,5989.09
15199,5869.2
15200,5500.86
15201,4989.73
15202,4700.57
15203,4000.72
15204,3995.42
15205,3867.96
15206,3855.83
15207,3704.51
15208,3700.57
15209,3530.42
15210,3657.98
15211,3530.41
15212,3657.37
15213,3704.23
15214,3704.06
15215,3650.69
15216,3704.17
15217,3540.23
15218,3600.82
15219,3540.9
15220,3540.03
15221,3450.71
15222,3450.9
15223,3499.52
15224,3600.06
15225,3540.61
15226,3540.73
15227,3704.03
15228,3749.94
15229,3791.19
15230,3838.69
15231,3838.97
15232,3855.83
15233,3959.77
15234,3995.84
15235,4499.7
15236,5387.8
15237,5385.92
15238,5500.35
15239,5386.66
15240,5491.31
15241,5109.57
15242,5995.85
15243,7400.59
15244,11100.08
15245,12000.0
15246,12000.0
15247,12000.0
15248,12000.0
15249,12000.0
15250,12000.0
15251,12000.0
15252,12000.0
15253,12000.0
15254,12000.0
15255,12000.0
15256,12000.0
15257,12000.0
15258,12000.0
15259,9998.74
15260,9009.53
15261,8000.39
15262,6529.31
15263,6529.18
15264,5500.25
18049,6379.58
18050,6259.91
18051,5969.95
18052,5869.02
18053,5529.95
18054,5638.02
18055,4639.07
18056,4639.93
18057,4999.53
18058,4340.0
18059,4170.42
18060,3995.46
18061,3995.13
18062,3959.22
18063,3679.88
18064,3679.6
18065,3724.84
18066,3929.61
18067,3679.98
18068,3679.98
18069,3859.66
18070,4060.75
18071,4138.8
18072,4499.81
18073,4520.58
18074,4540.28
18075,4750.25
18076,4750.39
18077,4200.17
18078,4138.36
18079,3900.13
18080,3800.37
18081,3350.29
18082,3109.73
18083,2989.73
18084,2989.23
18085,2800.65
18086,2769.78
18087,2649.16
18088,2500.83
18089,2649.37
18090,2649.22
18091,2229.79
18092,2229.83
18093,2064.87
18094,2061.95
18095,1999.56
18096,1999.04
18097,1562.69
18098,1562.63
18099,1562.78
18100,1565.56
18101,1561.78
18102,1565.3
18103,1565.68
18104,1565.99
18105,1567.7
18106,1567.09
18107,1799.61
18108,1999.64
18109,2500.41
18110,2649.69
18111,2649.75
18112,2867.72
18113,2980.55
18114,3012.18
18115,3100.58
18116,3180.58
18117,3109.67
18118,3120.93
18119,3180.0
18120,3180.98
18121,3180.95
18122,3720.36
18123,4012.69
18124,4999.26
18125,5638.25
18126,6029.74
18127,6379.11
18128,6379.99
18129,6500.55
18130,6852.13
18131,6379.79
18132,6766.25
18133,6379.39
18134,6379.23
18135,6259.83
18136,6279.02
18137,6259.84
18138,6379.02
18139,6159.63
18140,6159.19
18141,6159.32
18142,6143.66
18143,6029.63
18144,5795.48
21025,4989.73
21026,4989.38
21027,4989.32
21028,4838.43
21029,4999.74
21030,4707.57
21031,4168.15
21032,3929.45
21033,3919.15
21034,3919.22
21035,3859.2
21036,3657.99
21037,3657.09
21038,3509.39
21039,3500.05
21040,3339.52
21041,3250.53
21042,3509.98
21043,3400.08
21044,3300.61
21045,3495.21
21046,3649.2
21047,3685.9
21048,4138.93
21049,4500.85
21050,4600.38
21051,4902.58
21052,4500.92
21053,3859.99
21054,3859.34
21055,3849.32
21056,3338.84
21057,3250.73
21058,3338.99
21059,3400.89
21060,3375.15
21061,3240.39
21062,3400.13
21063,3250.72
21064,3000.01
21065,2900.49
21066,2999.56
21067,2999.02
21068,3000.28
21069,2999.44
21070,2950.47
21071,2689.89
21072,2689.52
21073,2185.22
21074,1995.57
21075,1724.74
21076,1704.77
21077,1499.84
21078,1499.89
21079,1499.96
21080,1639.3
21081,1995.65
21082,2649.41
21083,2910.87
21084,3250.35
21085,3300.44
21086,3338.95
21087,3338.96
21088,3550.85
21089,3550.92
21090,4000.35
21091,4000.32
21092,4000.64
21093,4012.68
21094,5249.25
21095,5529.17
21096,5529.41
21097,5379.7
21098,5529.03
21099,6029.34
21100,6269.73
21101,6500.15
21102,8881.54
21103,9000.64
21104,9000.86
21105,9000.45
21106,9000.21
21107,8881.27
21108,8881.57
21109,7409.84
21110,7409.31
21111,7400.43
21112,7400.05
21113,6339.14
21114,6339.82
21115,6079.22
21116,6113.79
21117,6269.91
21118,6079.97
21119,6029.64
21120,5869.32
24001,3500.56
24002,3450.82
24003,3399.96
24004,3399.9
24005,3249.55
24006,3189.4
24007,3189.23
24008,3189.17
24009,3039.93
24010,3039.88
24011,3039.95
24012,3039.96
24013,3189.23
24014,3189.07
24015,3039.95
24016,3039.9
24017,3189.03
24018,3189.13
24019,3189.12
24020,3039.97
24021,3379.39
24022,3379.38
24023,3379.7
24024,3399.52
24025,4429.35
24026,4185.68
24027,4138.57
24028,4096.08
24029,3859.78
24030,3859.32
24031,3500.91
24032,3450.67
24033,3400.15
24034,3450.2
24035,3300.02
24036,3012.32
24037,2989.39
24038,3200.02
24039,3100.35
24040,2999.16
24041,2689.69
24042,2689.56
24043,2689.23
24044,2620.58
24045,2689.2
24046,2650.34
24047,2140.4
24048,2500.38
24049,1799.14
24050,1499.98
24051,1499.97
24052,1499.98
24053,1499.82
24054,1499.89
24055,1499.86
24056,1500.28
24057,1499.99
24058,1940.05
24059,2200.42
24060,2650.36
24061,2100.81
24062,2649.21
24063,2649.07
24064,2657.03
24065,2899.99
24066,2900.35
24067,2924.59
24068,3106.61
24069,3109.09
24070,3450.72
24071,3499.08
24072,3638.1
24073,4220.68
24074,5529.62
24075,5969.82
24076,5999.99
24077,6000.79
24078,7147.14
24079,6029.79
24080,6029.74
24081,7214.64
24082,6029.98
24083,6852.08
24084,6029.02
24085,5999.52
24086,5999.37
24087,5999.32
24088,5999.4
24089,6029.03
24090,6029.6
24091,6029.84
24092,6029.76
24093,6029.02
24094,5969.7
24095,4989.18
24096,4919.62
26881,4099.84
26882,4000.7
26883,3995.97
26884,3704.21
26885,3532.28
26886,3450.99
26887,3479.49
26888,3450.53
26889,3450.6
26890,3450.31
26891,3350.75
26892,3219.49
26893,3250.44
26894,3219.21
26895,3200.79
26896,3200.58
26897,3189.77
26898,3040.57
26899,3219.37
26900,3259.02
26901,3300.77
26902,3450.0
26903,3671.84
26904,3600.86
26905,3989.52
26906,4199.57
26907,3658.74
26908,3500.52
26909,3500.01
26910,3500.74
26911,3350.35
26912,3209.76
26913,3000.67
26914,2989.9
26915,2989.1
26916,2989.08
26917,2924.88
26918,2989.7
26919,3106.79
26920,3000.62
26921,2609.33
26922,2609.45
26923,2400.6
26924,2400.05
26925,2609.75
26926,2609.6
26927,2609.15
26928,2500.87
26929,1815.05
26930,1500.0
26931,1499.98
26932,1499.99
26933,1499.89
26934,1499.94
26935,1499.95
26936,1499.99
26937,1499.81
26938,1499.91
26939,1989.16
26940,1999.89
26941,1999.91
26942,2449.17
26943,2649.06
26944,2649.76
26945,3109.16
26946,3109.71
26947,3129.57
26948,3219.89
26949,3250.82
26950,3259.92
26951,3400.2
26952,3479.38
26953,3871.44
26954,4369.92
26955,4998.73
26956,5509.55
26957,7158.24
26958,6529.17
26959,6529.3
26960,6529.27
26961,6529.19
26962,5999.11
26963,6529.44
26964,6529.87
26965,6529.88
26966,7014.12
26967,6529.78
26968,6529.73
26969,6529.3
26970,6538.83
26971,7385.69
26972,7400.14
26973,6989.05
26974,6529.06
26975,5509.1
26976,4499.89
29857,3450.2
29858,3450.34
29859,3400.05
29860,3450.2
29861,3500.59
29862,3450.9
29863,3450.68
29864,3450.3
29865,3450.51
29866,3450.38
29867,3350.25
29868,3200.57
29869,3300.17
29870,3189.52
29871,3100.85
29872,2999.92
29873,2999.8
29874,3000.01
29875,3000.65
29876,3189.18
29877,3659.01
29878,3659.33
29879,3659.88
29880,3871.88
29881,4079.65
29882,4079.01
29883,3814.78
29884,3700.58
29885,3658.25
29886,3559.9
29887,3450.49
29888,3350.0
29889,2924.76
29890,2908.2
29891,2689.72
29892,2657.76
29893,2689.23
29894,2899.07
29895,2620.17
29896,1899.86
29897,1499.9
29898,1500.88
29899,1499.86
29900,1499.8
29901,1499.72
29902,1499.68
29903,1499.66
29904,1499.65
29905,1499.72
29906,1499.71
29907,1499.7
29908,1499.7
29909,1499.61
29910,1499.59
29911,1499.57
29912,1499.63
29913,1499.66
29914,1499.74
29915,1499.81
29916,1499.91
29917,1499.69
29918,1499.74
29919,1499.81
29920,1499.73
29921,1499.7
29922,1989.73
29923,2649.03
29924,2649.34
29925,1989.87
29926,2730.27
29927,2510.28
29928,2800.91
29929,3450.26
29930,3871.47
29931,4200.73
29932,5158.77
29933,5699.34
29934,6500.33
29935,6500.21
29936,6529.29
29937,6000.4
29938,5850.95
29939,5850.53
29940,5989.87
29941,5969.05
29942,5969.11
29943,5969.52
29944,6169.48
29945,5699.49
29946,5699.8
29947,5699.22
29948,5549.4
29949,4879.31
29950,4799.43
29951,4079.51
29952,3989.24
32737,3239.09
32738,3107.02
32739,3000.51
32740,2999.07
32741,2899.67
32742,2899.55
32743,2600.91
32744,2589.67
32745,2589.24
32746,2500.87
32747,2500.16
32748,2439.92
32749,2440.0
32750,2439.92
32751,2439.81
32752,2439.8
32753,2439.97
32754,2589.26
32755,2589.5
32756,2599.31
32757,2799.7
32758,3200.57
32759,3549.74
32760,3969.21
32761,3900.15
32762,3900.88
32763,3871.55
32764,3871.63
32765,3989.75
32766,3999.26
32767,3880.07
32768,3400.89
32769,2900.97
32770,2512.87
32771,2485.6
32772,2390.59
32773,2390.98
32774,2390.88
32775,2000.83
32776,2000.65
32777,2000.17
32778,2000.28
32779,2000.12
32780,2000.0
32781,1999.91
32782,1989.39
32783,1799.25
32784,1500.0
32785,1989.93
32786,1999.58
32787,1500.35
32788,1499.97
32789,1500.0
32790,1499.97
32791,1499.97
32792,1989.43
32793,1499.89
32794,1500.29
32795,1989.6
32796,1999.95
32797,1999.35
32798,1999.58
32799,2390.33
32800,2500.15
32801,2657.89
32802,2842.89
32803,2842.21
32804,2842.7
32805,2924.36
32806,2932.84
32807,2989.96
32808,3109.6
32809,3500.51
32810,3999.95
32811,4998.98
32812,5852.58
32813,7400.19
32814,6529.53
32815,6529.75
32816,6529.74
32817,6529.11
32818,6027.94
32819,6058.0
32820,6529.52
32821,6009.97
32822,6529.02
32823,6529.06
32824,6529.04
32825,6009.59
32826,6529.11
32827,5969.78
32828,5900.47
32829,4409.83
32830,3999.98
32831,3512.87
32832,3429.53
21505,3549.36
21506,3550.08
21507,3519.99
21508,3500.3
21509,3449.1
21510,3260.61
21511,3260.44
21512,3239.79
21513,3239.1
21514,3000.74
21515,2899.52
21516,2870.23
21517,2800.18
21518,2602.73
21519,2490.25
21520,2500.45
21521,2800.59
21522,2900.3
21523,3189.52
21524,3239.5
21525,3430.0
21526,4017.16
21527,4500.35
21528,5399.03
21529,5099.16
21530,5398.76
21531,5499.9
21532,5398.52
21533,4748.68
21534,4619.06
21535,4500.25
21536,4200.6
21537,3814.07
21538,3690.79
21539,3339.02
21540,3109.32
21541,2770.88
21542,2500.88
21543,2060.49
21544,2000.92
21545,1999.15
21546,1999.83
21547,1999.43
21548,1989.47
21549,1999.46
21550,1999.11
21551,1989.49
21552,1989.8
21553,1989.49
21554,1989.5
21555,1920.49
21556,1840.72
21557,1840.7
21558,1989.22
21559,1989.29
21560,1999.19
21561,1999.06
21562,1999.99
21563,2060.64
21564,2500.48
21565,2400.18
21566,2550.8
21567,2899.84
21568,3106.1
21569,2770.91
21570,3109.58
21571,3250.13
21572,3200.44
21573,3190.33
21574,3109.42
21575,3109.21
21576,3109.92
21577,4112.61
21578,4444.26
21579,5338.78
21580,5650.45
21581,7000.04
21582,6529.13
21583,6529.03
21584,6500.81
21585,6500.41
21586,5989.51
21587,5969.73
21588,6529.01
21589,5977.89
21590,5977.97
21591,5977.9
21592,6529.52
21593,6529.16
21594,6529.11
21595,6327.89
21596,5999.99
21597,6009.17
21598,5000.92
21599,3998.59
21600,3449.27
21601,4500.44
21602,4500.8
21603,4500.61
21604,4500.33
21605,4096.12
21606,3890.21
21607,3450.5
21608,3248.98
21609,3199.76
21610,3197.31
21611,3196.15
21612,3195.49
21613,3194.58
21614,3194.31
21615,3192.75
21616,3192.04
21617,3193.67
21618,3195.82
21619,3197.03
21620,3250.62
21621,4244.7
21622,4709.61
21623,5398.42
21624,5399.16
21625,5200.27
21626,5398.74
21627,5500.7
21628,5699.0
21629,5398.97
21630,4998.78
21631,4398.08
21632,3855.99
21633,3550.46
21634,3335.99
21635,3144.3
21636,3109.28
21637,3106.47
21638,3106.05
21639,2870.83
21640,2833.8
21641,2509.74
21642,2400.76
21643,1799.89
21644,1757.8
21645,2000.91
21646,1989.25
21647,1399.99
21648,1399.88
21649,1502.93
21650,1680.12
21651,1700.81
21652,1700.9
21653,1399.58
21654,1399.65
21655,1399.34
21656,1399.89
21657,1309.58
21658,1690.94
21659,1700.64
21660,1999.04
21661,2620.11
21662,2870.57
21663,3106.32
21664,3106.52
21665,3107.0
21666,3109.47
21667,3109.89
21668,3109.66
21669,3106.4
21670,2924.96
21671,2924.84
21672,2998.51
21673,3109.79
21674,3855.5
21675,4246.75
21676,5228.64
21677,5601.98
21678,5987.19
21679,6400.22
21680,6009.54
21681,5999.68
21682,5569.89
21683,5499.93
21684,5969.37
21685,5458.87
21686,5699.4
21687,5969.1
21688,5969.11
21689,5601.22
21690,5509.62
21691,4752.04
21692,4709.76
21693,4709.43
21694,4709.91
21695,4100.08
21696,3799.55
21697,3449.7
21698,3429.92
21699,3429.56
21700,3250.38
21701,3000.98
21702,2999.93
21703,2870.8
21704,2870.08
21705,2629.37
21706,2629.22
21707,2629.25
21708,2629.24
21709,2629.2
21710,2629.78
21711,2720.94
21712,2870.64
21713,2999.02
21714,3001.52
21715,3189.98
21716,3239.81
21717,3519.17
21718,3798.09
21719,4018.09
21720,4209.6
21721,4100.98
21722,4630.06
21723,4701.97
21724,4685.24
21725,4020.99
21726,3999.09
21727,3798.55
21728,3199.64
21729,3109.49
21730,3106.31
21731,2499.3
21732,2380.66
21733,2380.63
21734,2179.96
21735,1999.35
21736,1499.15
21737,1449.68
21738,1499.13
21739,1309.18
21740,1309.27
21741,1326.05
21742,1326.14
21743,1309.68
21744,1309.68
21745,1326.33
21746,1309.93
21747,1309.9
21748,1325.78
21749,1309.66
21750,1309.89
21751,1309.84
21752,1328.04
21753,1309.97
21754,1328.05
21755,1497.78
21756,1499.15
21757,1499.24
21758,1499.16
21759,1799.12
21760,1920.13
21761,1999.22
21762,1999.32
21763,1999.6
21764,2012.53
21765,2620.38
21766,2500.15
21767,2770.61
21768,2998.7
21769,2939.59
21770,3250.87
21771,3798.63
21772,4700.55
21773,5119.99
21774,5419.58
21775,5549.64
21776,5569.03
21777,5969.28
21778,5398.64
21779,5398.7
21780,5969.04
21781,5398.66
21782,5650.48
21783,5969.21
21784,5969.73
21785,5549.68
21786,5549.53
21787,5458.68
21788,5419.98
21789,4998.68
21790,4629.86
21791,4479.9
21792,4319.45
21793,3429.29
21794,3350.74
21795,3429.05
21796,3350.26
21797,3239.97
21798,2998.28
21799,2380.48
21800,2380.23
21801,2300.49
21802,2109.98
21803,2109.93
21804,2109.98
21805,2109.92
21806,2109.97
21807,2199.36
21808,2199.13
21809,2439.87
21810,2699.73
21811,3150.02
21812,3239.35
21813,3429.42
21814,3519.61
21815,3817.28
21816,4409.36
21817,4096.6
21818,4409.73
21819,4701.0
21820,5398.6
21821,4789.31
21822,4789.02
21823,4500.13
21824,4209.03
21825,4589.65
21826,4700.13
21827,4500.89
21828,4209.4
21829,3948.86
21830,3948.83
21831,3950.4
21832,3512.59
21833,3350.53
21834,3350.42
21835,3350.05
21836,3250.23
21837,3200.68
21838,3223.78
21839,3100.54
21840,3121.6
21841,3097.77
21842,2901.0
21843,2900.89
21844,2897.95
21845,2509.41
21846,2732.14
21847,2766.19
21848,2839.2
21849,2700.1
21850,3000.08
21851,3000.66
21852,3097.76
21853,3249.99
21854,3459.05
21855,3632.05
21856,4099.08
21857,4099.61
21858,4444.63
21859,4709.56
21860,4709.99
21861,4709.28
21862,4500.3
21863,5148.67
21864,5399.86
21865,6400.95
21866,7117.35
21867,12000.0
21868,12000.0
21869,12000.0
21870,12000.0
21871,12000.0
21872,12000.0
21873,12000.0
21874,12000.0
21875,12000.0
21876,12000.0
21877,12000.0
21878,12000.0
21879,12000.0
21880,12000.0
21881,12000.0
21882,12000.0
21883,12000.0
21884,12000.0
21885,10309.79
21886,10168.39
21887,8749.88
21888,7008.31
21889,4709.83
21890,4709.7
21891,4629.71
21892,4629.85
21893,4629.28
21894,4520.85
21895,4369.26
21896,3669.94
21897,3579.49
21898,3500.61
21899,3400.45
21900,3389.37
21901,3389.66
21902,3389.44
21903,3389.56
21904,3389.32
21905,3459.58
21906,3500.15
21907,3579.36
21908,3669.68
21909,4369.13
21910,4520.81
21911,5399.25
21912,5969.69
21913,5500.03
21914,5699.18
21915,6000.18
21916,7069.73
21917,5969.35
21918,5500.74
21919,5399.68
21920,4709.65
21921,4428.34
21922,4099.58
21923,3980.79
21924,3859.13
21925,3673.98
21926,3794.76
21927,3842.65
21928,3509.46
21929,3400.11
21930,3459.35
21931,3350.05
21932,3250.47
21933,3250.96
21934,3249.05
21935,3189.73
21936,3224.19
21937,3190.61
21938,3146.78
21939,2978.98
21940,2817.67
21941,2720.14
21942,2749.73
21943,2795.25
21944,2978.52
21945,2998.73
21946,3181.95
21947,3249.16
21948,3249.81
21949,3249.19
21950,3299.27
21951,3540.45
21952,4071.4
21953,4099.25
21954,4433.62
21955,4099.63
21956,4099.8
21957,4099.55
21958,4433.81
21959,4352.88
21960,4352.47
21961,4701.27
21962,5199.42
21963,11749.2
21964,12000.0
21965,12000.0
21966,12000.0
21967,12000.0
21968,12000.0
21969,12000.0
21970,12000.0
21971,12000.0
21972,12000.0
21973,12000.0
21974,12000.0
21975,12000.0
21976,12000.0
21977,6529.09
21978,5988.31
21979,5978.3
21980,5922.01
21981,5969.06
21982,5539.55
21983,4629.57
21984,4559.74
21985,3549.33
21986,3519.88
21987,3519.72
21988,3480.96
21989,3450.03
21990,3429.25
21991,3300.92
21992,3248.26
21993,3230.21
21994,3000.83
21995,2998.44
21996,2800.7
21997,2735.94
21998,2500.45
21999,2439.91
22000,2439.9
22001,2978.56
22002,2979.74
22003,2998.02
22004,3189.2
22005,3429.79
22006,3549.26
22007,4428.77
22008,5975.06
22009,5000.41
22010,6000.27
22011,6000.95
22012,6050.65
22013,5500.86
22014,5500.24
22015,4861.43
22016,4428.44
22017,4099.33
22018,3900.37
22019,3673.3
22020,3450.55
22021,3350.26
22022,3350.11
22023,3300.52
22024,3300.94
22025,2800.09
22026,2899.82
22027,2910.64
22028,2900.34
22029,2550.57
22030,2276.64
22031,2461.73
22032,2495.33
22033,2260.91
22034,2260.83
22035,2260.5
22036,2260.14
22037,2176.14
22038,2186.78
22039,2184.22
22040,2413.95
22041,2260.43
22042,2363.45
22043,2579.88
22044,2783.4
22045,2920.98
22046,3250.44
22047,3600.76
22048,3871.45
22049,4000.76
22050,4099.45
22051,4099.67
22052,4099.75
22053,4099.43
22054,4099.2
22055,4099.18
22056,4099.16
22057,4320.17
22058,4748.85
22059,12000.0
22060,12000.0
22061,12000.0
22062,12000.0
22063,12000.0
22064,12000.0
22065,12000.0
22066,12000.0
22067,12000.0
22068,12000.0
22069,12000.0
22070,12000.0
22071,12000.0
22072,12000.0
22073,7400.72
22074,7400.23
22075,6000.91
22076,6000.23
22077,5559.32
22078,4969.67
22079,4320.49
22080,4012.41
22081,6700.05
22082,5989.06
22083,5869.34
22084,5398.76
22085,4700.34
22086,4700.83
22087,5398.01
22088,4778.57
22089,4778.58
22090,4778.17
22091,4588.4
22092,4588.29
22093,4998.19
22094,4998.11
22095,4438.45
22096,4268.61
22097,4438.68
22098,4316.59
22099,3800.17
22100,4050.15
22101,4000.92
22102,4000.7
22103,4438.94
22104,4677.36
22105,4099.19
22106,3998.06
22107,3900.14
22108,3794.82
22109,3673.76
22110,3673.91
22111,3794.11
22112,3804.45
22113,3673.85
22114,3600.25
22115,3690.13
22116,3509.89
22117,3455.8
22118,3509.04
22119,3509.52
22120,3509.55
22121,3500.12
22122,3500.53
22123,3500.35
22124,3500.51
22125,3500.3
22126,3500.33
22127,3500.16
22128,3500.2
22129,3500.79
22130,3500.6
22131,3500.48
22132,3500.43
22133,3450.81
22134,3499.28
22135,3500.0
22136,3500.66
22137,3500.89
22138,3600.18
22139,3815.02
22140,3998.41
22141,3881.16
22142,3998.13
22143,4200.59
22144,4200.03
22145,4427.44
22146,4748.25
22147,4458.63
22148,4099.41
22149,3881.45
22150,3948.87
22151,3500.26
22152,3881.13
22153,4748.22
22154,4748.21
22155,4701.86
22156,4701.23
22157,5439.51
22158,5750.78
22159,5869.29
22160,5869.69
22161,5869.42
22162,6213.29
22163,7400.05
22164,7400.6
22165,7400.44
22166,7400.39
22167,7400.45
22168,7400.01
22169,7400.31
22170,7400.89
22171,6500.84
22172,6500.58
22173,7400.26
22174,5969.74
22175,5000.75
22176,5000.45
22177,10857.19
22178,7400.88
22179,7400.94
22180,6900.73
22181,5998.52
22182,5700.9
22183,5969.46
22184,5398.16
22185,4420.91
22186,4420.37
22187,4350.07
22188,4420.17
22189,4420.08
22190,4420.02
22191,4209.91
22192,4096.2
22193,4209.03
22194,3900.81
22195,3809.89
22196,3809.06
22197,4750.78
22198,4750.83
22199,5500.79
22200,6000.02
22201,5398.45
22202,5500.02
22203,4701.06
22204,4433.25
22205,4420.43
22206,4129.18
22207,3998.74
22208,3673.77
22209,3673.49
22210,3673.59
22211,3509.97
22212,3455.54
22213,3160.71
22214,3172.81
22215,3437.65
22216,3437.76
22217,3349.86
22218,3437.8
22219,3437.56
22220,3400.32
22221,3172.79
22222,3250.01
22223,3523.07
22224,3661.23
22225,3661.73
22226,3540.59
22227,3523.49
22228,3523.72
22229,3500.76
22230,3437.66
22231,3437.88
22232,3523.59
22233,3661.21
22234,3523.92
22235,3523.64
22236,3523.53
22237,3437.53
22238,3523.14
22239,3661.78
22240,3661.66
22241,3661.52
22242,3673.13
22243,3661.17
22244,3540.03
22245,3500.93
22246,3523.35
22247,3661.16
22248,3673.79
22249,4071.91
22250,4500.05
22251,6422.15
22252,9000.03
22253,12000.0
22254,12000.0
22255,12000.0
22256,12000.0
22257,12000.0
22258,12000.0
22259,12000.0
22260,12000.0
22261,12000.0
22262,12000.0
22263,12000.0
22264,12000.0
22265,11900.14
22266,10857.26
22267,10500.9
22268,7999.35
22269,8500.54
22270,7000.84
22271,6000.29
22272,5969.98
22273,3389.63
22274,3389.33
22275,3389.43
22276,3250.92
22277,3200.91
22278,3160.5
22279,3001.39
22280,3000.09
22281,2998.27
22282,2939.67
22283,2939.46
22284,2939.16
22285,2770.11
22286,2770.73
22287,2720.38
22288,2709.86
22289,2999.53
22290,2999.71
22291,2999.78
22292,3239.2
22293,3519.43
22294,3998.99
22295,4209.21
22296,4438.39
22297,4438.64
22298,5000.14
22299,5000.01
22300,4900.79
22301,4438.08
22302,4071.83
22303,3998.01
22304,3599.31
22305,3250.29
22306,3160.6
22307,3160.48
22308,2821.12
22309,2554.93
22310,2700.98
22311,2770.44
22312,2770.09
22313,2509.75
22314,2701.0
22315,2770.92
22316,2790.19
22317,2898.19
22318,2500.34
22319,1999.1
22320,1999.68
22321,1989.41
22322,1599.09
22323,1499.9
22324,1799.3
22325,1499.94
22326,1500.5
22327,1499.85
22328,1500.86
22329,1599.51
22330,1799.31
22331,1800.91
22332,1999.48
22333,1999.78
22334,2209.88
22335,2899.08
22336,2939.22
22337,2700.05
22338,2899.76
22339,3060.65
22340,3000.73
22341,2209.34
22342,2509.38
22343,2500.15
22344,3000.77
22345,3559.21
22346,3690.41
22347,4689.02
22348,5101.0
22349,5960.11
22350,6000.29
22351,6368.98
22352,6500.25
22353,6000.99
22354,5400.28
22355,5500.66
22356,5969.97
22357,5799.34
22358,5799.03
22359,5139.73
22360,5139.39
22361,4929.18
22362,4929.01
22363,4000.91
22364,3800.75
22365,3800.66
22366,3519.54
22367,3389.82
22368,3389.62
22369,3519.61
22370,3429.92
22371,3429.24
22372,3429.07
22373,3400.48
22374,3400.1
22375,3239.7
22376,3239.15
22377,3140.16
22378,3000.04
22379,3000.72
22380,3000.66
22381,2999.92
22382,3000.52
22383,2999.88
22384,2999.74
22385,2999.9
22386,3250.74
22387,3140.78
22388,3140.82
22389,4429.16
22390,4438.86
22391,5398.38
22392,5989.48
22393,5587.46
22394,5969.89
22395,5980.97
22396,5969.48
22397,5500.46
22398,5500.78
22399,5100.49
22400,4433.72
22401,4018.98
22402,3948.49
22403,3948.76
22404,3812.46
22405,3673.56
22406,3948.03
22407,3948.71
22408,3995.05
22409,3817.24
22410,3948.61
22411,3948.01
22412,3724.99
22413,3673.56
22414,3673.11
22415,3590.99
22416,3251.0
22417,3250.79
22418,3250.63
22419,3100.73
22420,3050.18
22421,2998.23
22422,2998.72
22423,3020.11
22424,3250.07
22425,3250.64
22426,3995.13
22427,3995.69
22428,3995.85
22429,4071.63
22430,4099.44
22431,4099.76
22432,4100.97
22433,4099.98
22434,4426.1
22435,4352.31
22436,4433.23
22437,4099.57
22438,3998.12
22439,3812.77
22440,3948.41
22441,4429.82
22442,4998.01
22443,6309.28
22444,6639.19
22445,8500.53
22446,10857.04
22447,9000.26
22448,8500.34
22449,9000.59
22450,7803.2
22451,7400.34
22452,7400.12
22453,6500.84
22454,6500.96
22455,6639.37
22456,6529.58
22457,6309.87
22458,6309.94
22459,6309.62
22460,6309.08
22461,6309.53
22462,5963.51
22463,5139.3
22464,4929.22
22465,5000.38
22466,5000.27
22467,5000.16
22468,5000.0
22469,4549.59
22470,4405.76
22471,4309.82
22472,3803.27
22473,3639.49
22474,3619.52
22475,3529.44
22476,3359.87
22477,3359.77
22478,3489.05
22479,3359.61
22480,3377.78
22481,3489.24
22482,3506.75
22483,4520.02
22484,4520.31
22485,4638.79
22486,5149.77
22487,5398.26
22488,6500.0
22489,5500.63
22490,5969.93
22491,5569.54
22492,5569.4
22493,5500.13
22494,5499.41
22495,5179.83
22496,4433.9
22497,4000.18
22498,3673.88
22499,3549.75
22500,3509.75
22501,3419.05
22502,3419.76
22503,3419.81
22504,3437.22
22505,3107.52
22506,3140.8
22507,3080.0
22508,3079.74
22509,3079.02
22510,3079.11
22511,3079.52
22512,3250.53
22513,3419.23
22514,3419.39
22515,3099.45
22516,3099.6
22517,3049.96
22518,3079.12
22519,3049.84
22520,3079.09
22521,3079.25
22522,3079.2
22523,3250.26
22524,3360.87
22525,3639.14
22526,3639.7
22527,3673.4
22528,3673.61
22529,3812.68
22530,3948.26
22531,3823.86
22532,3673.54
22533,3673.55
22534,3549.93
22535,3549.57
22536,3549.84
22537,4071.23
22538,4309.09
22539,5239.82
22540,5499.29
22541,6769.17
22542,7400.6
22543,8500.23
22544,7400.72
22545,6769.57
22546,6769.85
22547,6078.44
22548,6500.62
22549,5499.69
22550,5500.99
22551,5501.0
22552,5499.8
22553,5969.61
22554,5903.21
22555,6500.55
22556,5499.82
22557,5499.76
22558,5469.72
22559,5239.06
22560,5149.55
22561,3549.33
22562,3549.09
22563,3549.24
22564,3549.39
22565,3549.15
22566,3530.79
22567,3529.83
22568,3529.3
22569,3359.7
22570,3359.47
22571,3359.3
22572,3359.11
22573,3250.55
22574,3189.93
22575,3150.68
22576,3150.28
22577,3189.9
22578,3250.45
22579,3549.62
22580,3639.51
22581,3998.68
22582,4309.87
22583,5227.44
22584,5969.93
22585,5398.47
22586,5969.25
22587,5398.49
22588,5469.53
22589,5349.15
22590,5179.21
22591,4998.34
22592,4275.5
22593,4000.2
22594,3948.36
22595,3855.19
22596,3673.79
22597,3549.58
22598,3549.33
22599,3549.09
22600,3549.03
22601,3339.75
22602,3240.92
22603,3109.97
22604,3109.83
22605,3339.55
22606,3250.85
22607,3419.39
22608,3500.73
22609,3549.01
22610,3500.56
22611,3339.19
22612,3250.27
22613,3106.31
22614,3079.8
22615,3079.75
22616,3079.7
22617,3079.67
22618,3106.77
22619,3140.64
22620,3349.42
22621,3549.63
22622,3639.17
22623,3657.29
22624,3700.97
22625,3948.31
22626,3948.75
22627,3948.86
22628,3948.58
22629,3823.41
22630,3673.17
22631,3639.52
22632,3823.85
22633,4099.77
22634,4500.55
22635,5239.36
22636,5650.87
22637,7400.21
22638,7400.92
22639,8500.07
22640,9000.18
22641,6769.97
22642,6529.91
22643,6012.25
22644,6529.44
22645,5499.88
22646,5500.98
22647,5499.99
22648,5499.7
22649,5499.16
22650,5499.73
22651,5969.63
22652,5499.74
22653,5499.01
22654,5349.15
22655,5049.89
22656,5049.06
22657,5049.8
22658,4998.32
22659,4500.25
22660,4405.15
22661,3620.5
22662,3620.6
22663,3620.19
22664,3600.75
22665,3549.75
22666,3549.18
22667,3530.84
22668,3530.16
22669,3529.53
22670,3489.96
22671,3400.02
22672,3359.71
22673,3359.36
22674,3529.63
22675,3594.46
22676,3620.53
22677,4549.65
22678,5232.8
22679,6529.3
22680,8000.18
22681,6999.94
22682,7500.07
22683,6695.41
22684,7000.63
22685,5469.76
22686,5398.99
22687,4700.69
22688,4500.52
22689,4448.36
22690,4339.66
22691,4099.76
22692,4099.89
22693,4099.44
22694,4099.46
22695,4187.7
22696,4099.44
22697,4096.24
22698,4099.39
22699,4000.57
22700,4000.76
22701,4099.94
22702,4099.49
22703,4099.59
22704,4187.22
22705,4309.23
22706,4051.1
22707,3998.26
22708,3639.27
22709,3549.28
22710,3547.96
22711,3549.49
22712,3549.89
22713,3639.43
22714,4000.51
22715,4500.09
22716,4549.76
22717,5000.03
22718,5150.12
22719,5150.18
22720,5150.19
22721,4998.7
22722,4998.38
22723,5179.81
22724,5349.88
22725,5398.51
22726,5349.82
22727,5349.11
22728,5809.11
22729,5299.77
22730,6000.47
22731,7500.92
22732,9067.99
22733,12000.0
22734,12000.0
22735,12000.0
22736,12000.0
22737,11000.99
22738,11000.67
22739,11000.19
22740,9999.15
22741,8987.43
22742,8984.24
22743,9000.1
22744,8977.09
22745,8302.16
22746,8181.63
22747,8058.62
22748,8000.4
22749,8000.35
22750,7750.37
22751,7434.73
22752,7400.75
22753,6010.7
22754,6010.19
22755,5989.41
22756,5950.77
22757,5000.47
22758,5000.48
22759,5000.18
22760,5000.01
22761,4100.39
22762,3649.29
22763,3620.66
22764,3620.42
22765,3620.01
22766,3549.95
22767,3549.47
22768,3530.89
22769,3530.48
22770,3549.41
22771,3875.22
22772,4369.78
22773,5049.45
22774,6000.71
22775,6999.85
22776,8500.53
22777,8000.01
22778,8888.61
22779,8888.49
22780,9000.61
22781,8586.33
22782,8500.3
22783,7874.47
22784,7400.33
22785,6500.08
22786,5398.26
22787,4749.19
22788,4450.41
22789,4200.51
22790,4426.33
22791,4433.83
22792,4998.03
22793,4638.65
22794,4638.46
22795,4433.27
22796,4266.56
22797,4433.56
22798,4433.53
22799,4450.22
22800,4309.86
22801,4365.84
22802,4433.71
22803,3653.23
22804,3639.49
22805,3530.82
22806,3530.2
22807,3549.69
22808,3639.61
22809,3639.74
22810,4309.77
22811,4950.13
22812,5149.01
22813,4998.89
22814,5149.53
22815,5349.32
22816,5398.55
22817,5500.81
22818,6000.67
22819,6601.97
22820,7400.49
22821,6500.65
22822,5969.76
22823,5950.33
22824,6500.09
22825,5999.72
22826,6998.21
22827,12000.0
22828,12000.0
22829,12000.0
22830,12000.0
22831,12000.0
22832,12000.0
22833,12000.0
22834,12000.0
22835,12000.0
22836,12000.0
22837,12000.0
22838,12000.0
22839,12000.0
22840,12000.0
22841,12000.0
22842,12000.0
22843,11499.65
22844,9000.92
22845,9000.61
22846,8500.49
22847,8500.28
22848,8500.06
22849,7500.3
22850,7500.18
22851,7500.21
22852,7500.14
22853,6010.88
22854,6010.56
22855,6010.03
22856,5500.68
22857,5500.44
22858,5239.39
22859,5049.53
22860,5020.96
22861,5020.48
22862,5020.28
22863,5020.13
22864,5020.15
22865,5020.58
22866,5020.9
22867,5650.12
22868,5650.23
22869,6500.75
22870,7500.56
22871,8500.81
22872,9999.05
22873,9750.6
22874,10000.76
22875,11000.3
22876,11000.28
22877,11000.63
22878,10600.66
22879,9500.4
22880,7529.29
22881,7029.69
22882,5969.0
22883,5147.26
22884,4500.6
22885,4448.27
22886,4749.94
22887,4433.86
22888,4448.8
22889,4549.13
22890,4479.6
22891,4448.16
22892,4433.49
22893,4448.21
22894,4433.96
22895,4448.37
22896,5000.66
22897,5000.69
22898,5000.71
22899,4433.63
22900,4409.14
22901,3612.28
22902,3600.06
22903,3639.48
22904,4317.57
22905,4000.42
22906,4433.82
22907,4898.97
22908,5179.41
22909,5349.92
22910,5400.36
22911,6000.19
22912,7000.05
22913,5500.01
22914,5500.6
22915,6000.69
22916,6889.67
22917,6300.15
22918,5900.82
22919,5458.61
22920,5900.72
22921,7103.33
22922,8500.36
22923,12000.0
22924,12000.0
22925,12000.0
22926,12000.0
22927,12000.0
22928,12000.0
22929,12000.0
22930,12000.0
22931,12000.0
22932,12000.0
22933,12000.0
22934,12000.0
22935,12000.0
22936,12000.0
22937,12000.0
22938,12000.0
22939,12000.0
22940,12000.0
22941,12000.0
22942,12000.0
22943,11092.97
22944,10998.59
22945,9000.03
22946,7400.59
22947,7400.3
22948,7029.47
22949,6737.67
22950,6000.94
22951,6000.8
22952,5500.51
22953,5239.1
22954,5239.2
22955,5049.64
22956,5129.25
22957,5200.31
22958,5129.83
22959,5049.6
22960,4998.75
22961,5049.22
22962,5000.15
22963,5458.78
22964,6000.21
22965,7500.06
22966,9000.18
22967,11000.3
22968,11000.46
22969,11000.37
22970,11000.64
22971,11499.38
22972,11000.96
22973,7000.79
22974,6400.74
22975,5500.2
22976,4998.4
22977,4200.98
22978,4433.01
22979,4099.81
22980,4099.12
22981,3948.28
22982,3948.45
22983,3823.34
22984,3648.4
22985,3300.51
22986,3430.18
22987,3250.01
22988,3212.11
22989,3430.83
22990,3520.08
22991,3549.48
22992,3549.25
22993,3430.41
22994,3419.42
22995,3250.74
22996,3142.53
22997,3049.99
22998,3079.17
22999,3079.53
23000,3141.83
23001,3172.67
23002,3239.53
23003,3430.31
23004,3549.03
23005,3608.3
23006,3639.32
23007,4071.57
23008,4099.64
23009,4105.28
23010,4469.48
23011,4433.34
23012,4433.64
23013,4300.52
23014,4105.48
23015,4250.11
23016,4469.92
23017,4701.69
23018,5458.83
23019,6900.18
23020,12000.0
23021,12000.0
23022,12000.0
23023,12000.0
23024,9000.32
23025,8998.0
23026,9000.28
23027,8000.89
23028,8000.13
23029,7529.68
23030,7440.87
23031,7529.27
23032,7440.51
23033,7529.63
23034,8469.23
23035,11499.84
23036,11900.56
23037,8469.39
23038,8469.42
23039,7400.63
23040,5969.73
23041,7029.3
23042,6000.33
23043,5969.11
23044,5490.62
23045,5239.75
23046,5029.48
23047,4529.38
23048,4529.38
23049,5000.74
23050,4479.65
23051,4479.85
23052,4469.32
23053,4300.23
23054,4469.56
23055,3649.46
23056,3649.49
23057,3640.16
23058,3640.52
23059,5000.82
23060,5458.13
23061,7029.28
23062,9500.88
23063,11900.66
23064,12000.0
23065,11500.38
23066,11500.75
23067,11500.62
23068,11500.77
23069,9500.96
23070,9118.46
23071,7529.32
23072,6863.57
23073,5969.56
23074,5467.42
23075,5458.63
23076,5250.52
23077,5225.12
23078,5349.23
23079,5000.65
23080,5000.54
23081,5000.1
23082,4549.55
23083,4433.29
23084,4419.12
23085,4500.08
23086,4500.11
23087,5149.41
23088,5149.71
23089,4990.99
23090,5179.52
23091,4500.72
23092,4433.7
23093,4000.05
23094,3998.42
23095,4000.78
23096,4071.82
23097,4071.51
23098,4316.0
23099,4500.8
23100,5000.54
23101,5179.12
23102,5179.79
23103,5490.47
23104,5969.59
23105,6500.07
23106,6500.46
23107,7500.31
23108,7500.46
23109,7029.71
23110,7029.09
23111,7000.13
23112,7000.32
23113,7591.94
23114,10000.04
23115,12000.0
23116,12000.0
23117,12000.0
23118,12000.0
23119,12000.0
23120,12000.0
23121,12000.0
23122,12000.0
23123,12000.0
23124,12000.0
23125,12000.0
23126,12000.0
23127,12000.0
23128,12000.0
23129,12000.0
23130,12000.0
23131,12000.0
23132,12000.0
23133,12000.0
23134,12000.0
23135,12000.0
23136,11366.53
23137,7000.67
23138,7000.34
23139,7000.2
23140,6500.6
23141,6000.05
23142,5469.61
23143,5969.06
23144,5428.41
23145,5469.86
23146,5405.66
23147,5405.09
23148,5400.76
23149,5289.85
23150,5179.63
23151,5000.41
23152,4898.5
23153,4998.49
23154,4798.22
23155,5969.85
23156,5999.7
23157,7573.04
23158,9000.39
23159,9000.61
23160,9000.75
23161,9000.47
23162,9000.83
23163,9000.82
23164,10499.04
23165,9000.15
23166,9000.01
23167,7529.14
23168,6500.08
23169,5969.64
23170,5405.94
23171,5158.25
23172,4750.35
23173,4459.62
23174,5349.25
23175,5349.33
23176,5349.51
23177,5179.38
23178,5179.47
23179,5000.59
23180,4500.97
23181,5155.03
23182,5179.51
23183,5338.04
23184,5200.68
23185,5155.98
23186,5200.4
23187,5179.31
23188,4500.46
23189,4016.17
23190,4071.63
23191,4071.76
23192,4433.8
23193,4998.43
23194,5149.6
23195,5149.83
23196,5338.11
23197,5349.51
23198,5405.72
23199,5349.98
23200,5969.57
23201,5499.73
23202,5499.07
23203,5800.64
23204,6000.36
23205,6000.03
23206,5700.92
23207,5969.05
23208,6758.34
23209,7029.44
23210,9000.36
23211,12000.0
23212,12000.0
23213,12000.0
23214,12000.0
23215,12000.0
23216,12000.0
23217,12000.0
23218,12000.0
23219,12000.0
23220,12000.0
23221,12000.0
23222,12000.0
23223,12000.0
23224,12000.0
23225,12000.0
23226,12000.0
23227,12000.0
23228,12000.0
23229,12000.0
23230,12000.0
23231,12000.0
23232,12000.0
23233,8000.55
23234,8000.5
23235,8000.45
23236,8000.4
23237,7000.48
23238,7000.49
23239,7000.37
23240,6500.46
23241,6500.3
23242,6500.04
23243,5700.21
23244,5700.29
23245,5999.86
23246,5398.7
23247,5398.71
23248,5129.72
23249,5226.33
23250,5129.22
23251,5700.03
23252,6000.54
23253,8620.33
23254,9000.19
23255,9000.48
23256,9000.79
23257,9000.75
23258,9000.94
23259,9000.84
23260,9000.7
23261,9000.28
23262,9000.14
23263,7400.08
23264,6000.15
23265,5227.2
23266,4998.31
23267,4500.46
23268,4499.01
23269,4099.19
23270,4550.34
23271,5145.49
23272,5000.26
23273,4499.13
23274,4900.12
23275,4998.81
23276,4998.58
23277,4500.51
23278,4891.05
23279,4892.09
23280,4893.61
23281,4892.2
23282,4891.29
23283,4459.78
23284,4309.45
23285,3855.61
23286,3995.51
23287,4190.23
23288,4891.46
23289,4891.86
23290,4892.25
23291,4894.12
23292,4891.1
23293,5179.14
23294,5179.57
23295,5349.3
23296,5800.02
23297,5349.33
23298,5349.26
23299,5349.19
23300,5405.94
23301,6469.96
23302,6800.07
23303,5469.02
23304,6469.21
23305,7029.53
23306,9000.04
23307,12000.0
23308,12000.0
23309,12000.0
23310,12000.0
23311,12000.0
23312,12000.0
23313,12000.0
23314,12000.0
23315,12000.0
23316,12000.0
23317,12000.0
23318,12000.0
23319,12000.0
23320,12000.0
23321,12000.0
23322,12000.0
23323,12000.0
23324,12000.0
23325,12000.0
23326,12000.0
23327,12000.0
23328,12000.0
769,10000.87
770,10000.85
771,10000.69
772,10000.56
773,8750.62
774,8750.52
775,8750.36
776,8000.6
777,8000.39
778,8000.21
779,7000.23
780,7000.2
781,7000.49
782,6500.22
783,6500.21
784,6500.18
785,6469.11
786,6469.03
787,6999.14
788,7000.39
789,10000.33
790,10000.62
791,10000.92
792,10750.02
793,10499.27
794,10750.15
795,10000.9
796,10000.8
797,10000.34
798,10000.32
799,8500.63
800,7000.18
801,5500.23
802,5398.61
803,5349.62
804,5249.23
805,5149.32
806,5349.7
807,5338.35
808,5179.85
809,5179.23
810,5338.99
811,5227.96
812,5338.87
813,5381.57
814,5349.03
815,5381.06
816,5382.87
817,5349.94
818,5382.82
819,5338.22
820,5179.49
821,4998.64
822,5020.14
823,5179.39
824,5349.41
825,5349.76
826,5387.67
827,5499.44
828,5405.71
829,6200.25
830,6200.82
831,6500.36
832,7000.72
833,6500.98
834,6500.79
835,6500.83
836,6550.82
837,8000.48
838,7994.27
839,7440.2
840,8000.14
841,12000.0
842,12000.0
843,12000.0
844,12000.0
845,12000.0
846,12000.0
847,12000.0
848,12000.0
849,12000.0
850,12000.0
851,12000.0
852,12000.0
853,12000.0
854,12000.0
855,12000.0
856,12000.0
857,12000.0
858,12000.0
859,12000.0
860,12000.0
861,12000.0
862,12000.0
863,12000.0
864,12000.0
3745,11500.98
3746,11500.95
3747,11500.86
3748,11500.76
3749,10350.7
3750,10350.46
3751,10350.28
3752,9750.22
3753,9000.98
3754,9000.85
3755,8000.77
3756,8000.7
3757,8000.68
3758,8000.54
3759,8000.53
3760,8000.45
3761,8000.29
3762,8000.45
3763,8000.45
3764,8000.41
3765,11000.03
3766,11000.1
3767,11000.27
3768,11750.42
3769,11750.9
3770,12000.0
3771,11000.92
3772,11000.97
3773,11000.57
3774,11000.49
3775,10000.39
3776,8000.35
3777,6500.51
3778,6500.53
3779,6500.21
3780,6309.2
3781,5770.41
3782,5770.81
3783,5770.61
3784,5770.22
3785,5770.05
3786,5770.23
3787,5600.85
3788,5609.59
3789,5770.53
3790,5770.3
3791,5770.91
3792,6309.11
3793,6309.33
3794,6309.66
3795,5969.28
3796,5770.92
3797,5405.47
3798,5499.68
3799,5770.4
3800,6309.3
3801,6309.48
3802,6500.01
3803,6500.1
3804,6500.22
3805,7250.9
3806,8000.04
3807,8000.4
3808,8000.56
3809,8000.51
3810,8000.64
3811,8000.67
3812,8000.65
3813,9250.18
3814,9250.23
3815,9250.09
3816,9000.91
3817,12000.0
3818,12000.0
3819,12000.0
3820,12000.0
3821,12000.0
3822,12000.0
3823,12000.0
3824,12000.0
3825,12000.0
3826,12000.0
3827,12000.0
3828,12000.0
3829,12000.0
3830,12000.0
3831,12000.0
3832,12000.0
3833,12000.0
3834,12000.0
3835,12000.0
3836,12000.0
3837,12000.0
3838,12000.0
3839,12000.0
3840,12000.0
6433,12000.0
6434,12000.0
6435,12000.0
6436,12000.0
6437,8779.36
6438,7467.38
6439,7400.08
6440,7341.71
6441,7400.12
6442,6999.08
6443,6739.87
6444,6740.07
6445,6740.8
6446,6739.81
6447,6469.25
6448,5609.19
6449,5969.92
6450,6739.49
6451,6762.85
6452,6858.69
6453,6740.36
6454,7394.46
6455,6740.75
6456,7178.82
6457,7400.56
6458,8577.29
6459,11000.08
6460,11000.02
6461,8686.11
6462,7800.22
6463,6740.16
6464,6400.67
6465,6500.07
6466,5398.83
6467,4701.66
6468,4433.51
6469,4000.43
6470,3800.61
6471,3900.27
6472,3500.81
6473,3500.19
6474,3998.1
6475,3998.6
6476,3998.05
6477,4316.83
6478,4433.83
6479,5349.21
6480,5349.47
6481,5349.91
6482,5349.8
6483,5349.15
6484,5349.04
6485,4071.52
6486,4023.58
6487,4071.55
6488,4350.54
6489,3800.02
6490,4071.38
6491,4433.01
6492,5349.23
6493,5349.69
6494,6309.2
6495,6634.39
6496,6999.06
6497,6309.8
6498,6806.77
6499,6816.09
6500,6999.93
6501,7257.35
6502,6844.04
6503,7400.36
6504,7078.99
6505,6739.11
6506,7464.3
6507,12000.0
6508,12000.0
6509,12000.0
6510,12000.0
6511,12000.0
6512,12000.0
6513,12000.0
6514,12000.0
6515,12000.0
6516,12000.0
6517,12000.0
6518,12000.0
6519,12000.0
6520,12000.0
6521,12000.0
6522,12000.0
6523,12000.0
6524,12000.0
6525,12000.0
6526,12000.0
6527,12000.0
6528,12000.0
9409,7950.24
9410,8147.2
9411,7308.91
9412,7400.29
9413,6815.9
9414,6769.33
9415,6471.22
9416,6600.7
9417,6469.24
9418,5500.94
9419,5049.95
9420,5130.0
9421,5049.55
9422,4979.33
9423,4800.23
9424,4252.08
9425,4233.02
9426,4285.16
9427,5049.8
9428,5239.91
9429,5398.42
9430,5609.83
9431,6000.63
9432,6500.4
9433,7400.48
9434,7850.55
9435,7400.02
9436,7400.23
9437,6483.98
9438,6000.07
9439,5200.51
9440,4448.06
9441,4448.39
9442,4071.33
9443,3700.51
9444,3309.06
9445,2803.43
9446,2579.88
9447,1799.79
9448,1499.97
9449,1506.87
9450,1799.7
9451,1799.25
9452,1499.97
9453,1499.98
9454,1505.33
9455,2499.05
9456,2500.9
9457,2579.45
9458,2500.98
9459,2499.77
9460,2300.2
9461,1989.23
9462,1989.94
9463,2122.07
9464,2499.86
9465,1989.96
9466,2750.71
9467,2802.56
9468,2810.39
9469,3012.6
9470,3463.21
9471,3836.23
9472,4071.03
9473,4023.14
9474,4071.37
9475,4071.43
9476,4071.93
9477,4800.16
9478,4071.34
9479,4000.8
9480,4071.96
9481,4701.26
9482,4999.72
9483,5609.25
9484,6500.95
9485,8939.0
9486,11915.11
9487,9532.88
9488,12000.0
9489,8841.08
9490,8830.48
9491,8500.43
9492,8500.97
9493,8500.99
9494,8500.95
9495,8500.42
9496,8567.77
9497,8830.32
9498,8658.83
9499,8830.22
9500,8500.26
9501,8500.7
9502,8500.9
9503,7589.28
9504,6998.7
12289,7400.39
12290,6998.98
12291,6750.61
12292,6620.53
12293,5339.54
12294,5209.2
12295,5129.58
12296,4629.32
12297,5129.24
12298,4701.07
12299,4252.0
12300,4000.36
12301,3649.43
12302,3649.19
12303,3629.84
12304,3600.74
12305,3629.84
12306,3649.39
12307,3969.05
12308,3969.21
12309,3509.25
12310,4998.04
12311,6309.56
12312,6750.28
12313,7649.35
12314,9051.53
12315,9999.0
12316,9469.9
12317,8608.36
12318,7548.17
12319,5500.39
12320,4600.01
12321,4998.41
12322,4448.4
12323,4071.99
12324,4200.74
12325,3400.72
12326,3400.56
12327,3690.96
12328,3500.12
12329,3208.86
12330,3463.74
12331,3208.75
12332,3050.67
12333,3201.88
12334,3208.04
12335,3463.5
12336,3600.8
12337,3700.6
12338,3800.48
12339,3012.07
12340,3206.48
12341,2998.61
12342,2910.75
12343,2998.72
12344,3240.22
12345,3249.56
12346,4200.82
12347,4433.6
12348,5398.34
12349,6309.42
12350,6309.77
12351,7140.73
12352,7777.91
12353,7250.44
12354,7820.51
12355,8000.39
12356,8000.24
12357,8250.1
12358,8000.46
12359,7820.43
12360,7500.92
12361,7500.96
12362,7820.09
12363,8858.86
12364,10475.6
12365,12000.0
12366,12000.0
12367,12000.0
12368,12000.0
12369,12000.0
12370,12000.0
12371,12000.0
12372,12000.0
12373,12000.0
12374,12000.0
12375,12000.0
12376,12000.0
12377,12000.0
12378,12000.0
12379,12000.0
12380,12000.0
12381,12000.0
12382,12000.0
12383,12000.0
12384,12000.0
15265,9000.64
15266,9000.61
15267,9000.47
15268,9000.53
15269,7000.83
15270,7000.85
15271,7000.83
15272,6270.3
15273,6270.75
15274,6260.5
15275,6069.11
15276,6270.19
15277,5250.95
15278,5250.85
15279,5250.7
15280,5250.53
15281,5250.53
15282,5250.7
15283,5500.59
15284,5500.33
15285,5500.06
15286,6500.31
15287,7630.52
15288,7736.08
15289,7579.96
15290,10000.11
15291,10000.04
15292,10000.1
15293,10000.22
15294,9000.3
15295,7963.1
15296,6750.81
15297,6000.59
15298,5999.07
15299,5000.26
15300,5000.09
15301,4433.54
15302,4433.57
15303,4433.85
15304,4433.64
15305,4400.07
15306,4400.63
15307,4400.48
15308,4071.42
15309,4433.37
15310,4433.48
15311,4998.65
15312,5000.05
15313,5000.58
15314,5000.67
15315,4071.91
15316,4500.07
15317,4071.23
15318,3755.0
15319,4071.05
15320,4676.26
15321,5000.14
15322,5850.8
15323,5850.88
15324,7000.15
15325,7400.38
15326,7833.49
15327,8500.02
15328,8830.24
15329,8300.46
15330,8500.94
15331,8830.06
15332,9000.06
15333,8500.41
15334,8345.3
15335,8405.31
15336,8467.99
15337,7820.42
15338,7820.77
15339,10000.32
15340,11500.62
15341,12000.0
15342,12000.0
15343,12000.0
15344,12000.0
15345,12000.0
15346,12000.0
15347,12000.0
15348,12000.0
15349,12000.0
15350,12000.0
15351,12000.0
15352,12000.0
15353,12000.0
15354,12000.0
15355,12000.0
15356,12000.0
15357,12000.0
15358,12000.0
15359,12000.0
15360,12000.0
18145,11000.24
18146,11000.09
18147,11000.06
18148,11000.02
18149,9000.17
18150,8830.79
18151,8830.14
18152,8000.1
18153,8000.01
18154,7500.71
18155,7500.55
18156,7150.38
18157,7150.05
18158,6999.29
18159,6998.42
18160,6769.77
18161,6998.67
18162,6998.04
18163,6769.67
18164,6500.94
18165,6500.45
18166,7500.07
18167,8500.05
18168,9000.06
18169,9000.3
18170,9600.66
18171,11000.46
18172,11000.38
18173,11000.06
18174,10000.01
18175,8400.29
18176,7400.59
18177,7316.01
18178,6070.0
18179,6000.05
18180,5924.89
18181,5500.22
18182,5500.37
18183,5500.44
18184,5500.41
18185,5500.26
18186,5500.31
18187,5500.28
18188,5500.31
18189,5500.99
18190,5500.96
18191,6309.03
18192,6069.08
18193,6069.4
18194,6309.05
18195,5500.87
18196,5500.9
18197,5349.3
18198,5349.35
18199,5300.99
18200,6000.38
18201,6000.6
18202,7500.16
18203,7500.2
18204,8000.23
18205,8405.53
18206,8830.82
18207,10000.04
18208,10000.14
18209,10000.3
18210,10000.43
18211,10000.63
18212,10000.55
18213,10000.35
18214,8999.08
18215,8417.37
18216,7820.77
18217,8669.53
18218,9000.27
18219,12000.0
18220,12000.0
18221,12000.0
18222,12000.0
18223,12000.0
18224,12000.0
18225,12000.0
18226,12000.0
18227,12000.0
18228,12000.0
18229,12000.0
18230,12000.0
18231,12000.0
18232,12000.0
18233,12000.0
18234,12000.0
18235,12000.0
18236,12000.0
18237,12000.0
18238,12000.0
18239,12000.0
18240,12000.0
21121,9799.58
21122,8830.27
21123,8676.73
21124,8500.54
21125,7400.3
21126,7400.56
21127,7249.85
21128,7400.67
21129,6999.42
21130,6998.65
21131,7400.59
21132,6750.9
21133,6750.65
21134,6750.99
21135,6069.51
21136,5499.54
21137,5969.34
21138,5969.83
21139,6750.31
21140,6769.07
21141,5999.22
21142,6500.09
21143,6999.63
21144,7400.78
21145,8056.67
21146,8677.0
21147,8676.09
21148,7998.53
21149,7401.0
21150,7230.8
21151,6750.61
21152,6750.26
21153,5999.56
21154,5969.05
21155,5800.54
21156,5145.43
21157,4448.75
21158,4433.3
21159,4200.46
21160,4071.23
21161,4000.63
21162,4023.22
21163,4000.97
21164,4000.9
21165,4071.96
21166,4316.3
21167,4998.39
21168,4433.55
21169,5338.62
21170,4678.96
21171,4023.69
21172,4023.73
21173,4000.38
21174,4051.48
21175,4071.51
21176,4433.93
21177,5349.19
21178,5349.78
21179,6309.62
21180,7998.24
21181,7400.72
21182,7998.35
21183,8672.9
21184,8676.31
21185,8676.2
21186,8830.41
21187,8830.64
21188,8676.64
21189,7969.76
21190,7400.83
21191,7440.75
21192,7131.38
21193,7820.61
21194,8197.53
21195,12000.0
21196,12000.0
21197,12000.0
21198,12000.0
21199,12000.0
21200,12000.0
21201,12000.0
21202,12000.0
21203,12000.0
21204,12000.0
21205,12000.0
21206,12000.0
21207,12000.0
21208,12000.0
21209,12000.0
21210,12000.0
21211,12000.0
21212,12000.0
21213,12000.0
21214,12000.0
21215,12000.0
21216,12000.0
24097,11000.36
24098,10000.25
24099,10000.19
24100,10000.1
24101,8500.18
24102,8500.03
24103,7440.65
24104,7998.7
24105,6998.41
24106,7400.01
24107,6399.88
24108,5338.85
24109,5969.33
24110,6680.4
24111,6069.73
24112,6069.79
24113,6750.06
24114,5969.81
24115,6673.2
24116,6069.64
24117,5239.76
24118,6500.92
24119,7400.43
24120,8500.09
24121,8830.24
24122,8830.59
24123,8830.33
24124,7998.96
24125,6678.8
24126,6500.9
24127,6000.75
24128,5398.7
24129,4512.5
24130,4071.8
24131,4000.87
24132,4000.37
24133,3998.61
24134,4071.28
24135,4071.28
24136,4000.91
24137,4000.87
24138,4000.17
24139,4000.3
24140,3998.49
24141,4023.42
24142,4071.1
24143,4023.48
24144,4071.08
24145,4071.5
24146,4071.4
24147,4000.22
24148,4000.7
24149,3649.1
24150,3845.2
24151,4000.41
24152,4071.44
24153,4071.94
24154,4998.43
24155,5014.78
24156,5850.76
24157,5349.96
24158,5969.78
24159,6309.92
24160,6769.22
24161,6309.3
24162,6399.25
24163,6769.05
24164,7400.4
24165,7440.18
24166,6998.32
24167,7400.71
24168,6998.95
24169,7400.39
24170,7820.97
24171,12000.0
24172,12000.0
24173,12000.0
24174,12000.0
24175,12000.0
24176,12000.0
24177,12000.0
24178,12000.0
24179,12000.0
24180,12000.0
24181,12000.0
24182,12000.0
24183,12000.0
24184,12000.0
24185,12000.0
24186,12000.0
24187,12000.0
24188,12000.0
24189,12000.0
24190,12000.0
24191,12000.0
24192,12000.0
26977,11000.21
26978,11000.1
26979,9174.26
26980,8830.77
26981,8676.69
26982,7998.22
26983,8299.67
26984,8676.55
26985,8000.05
26986,8400.01
26987,6998.65
26988,6500.15
26989,6500.29
26990,6998.31
26991,6750.66
26992,6739.77
26993,6750.2
26994,6750.46
26995,6750.44
26996,6750.4
26997,6250.14
26998,6999.97
26999,8400.07
27000,8676.0
27001,8676.29
27002,8830.31
27003,8830.08
27004,7998.98
27005,7400.85
27006,6750.7
27007,5969.56
27008,5569.5
27009,5239.35
27010,5000.05
27011,4546.76
27012,4071.58
27013,4000.23
27014,3869.74
27015,3815.41
27016,3777.44
27017,3615.12
27018,3619.16
27019,3550.02
27020,3549.76
27021,3649.59
27022,3704.19
27023,3650.94
27024,3649.08
27025,3649.71
27026,3782.92
27027,3600.53
27028,3619.1
27029,3463.97
27030,3549.54
27031,3750.61
27032,4000.27
27033,4000.87
27034,4071.76
27035,4998.0
27036,4810.83
27037,4998.18
27038,5109.23
27039,6249.93
27040,6309.48
27041,5239.5
27042,5969.2
27043,6309.02
27044,7469.6
27045,8400.05
27046,7820.8
27047,8169.33
27048,8400.04
27049,8400.46
27050,8850.41
27051,12000.0
27052,12000.0
27053,12000.0
27054,12000.0
27055,12000.0
27056,12000.0
27057,12000.0
27058,12000.0
27059,12000.0
27060,12000.0
27061,12000.0
27062,12000.0
27063,12000.0
27064,12000.0
27065,12000.0
27066,12000.0
27067,12000.0
27068,12000.0
27069,12000.0
27070,12000.0
27071,12000.0
27072,12000.0
29953,8490.03
29954,7400.78
29955,8676.31
29956,7998.09
29957,7400.15
29958,6750.4
29959,6496.84
29960,6674.16
29961,6750.93
29962,6750.39
29963,5969.77
29964,5969.25
29965,5969.09
29966,5569.67
29967,5338.53
29968,5109.65
29969,5109.41
29970,5108.69
29971,5109.02
29972,4811.44
29973,5029.47
29974,5200.28
29975,5131.93
29976,5029.9
29977,5497.32
29978,6019.15
29979,6739.71
29980,5908.69
29981,5109.46
29982,5001.71
29983,4850.23
29984,4071.42
29985,3619.71
29986,3500.35
29987,3463.2
29988,3200.22
29989,3150.39
29990,3100.44
29991,2800.76
29992,2579.29
29993,2400.51
29994,2550.45
29995,2300.84
29996,2300.03
29997,1999.04
29998,1500.32
29999,1799.56
30000,2300.04
30001,2300.6
30002,2300.93
30003,1999.89
30004,1999.49
30005,1696.78
30006,1696.92
30007,1799.94
30008,1999.16
30009,1989.54
30010,2300.48
30011,2579.77
30012,2947.71
30013,3172.02
30014,3172.54
30015,3262.21
30016,3331.21
30017,3173.0
30018,3250.59
30019,3172.84
30020,3189.15
30021,3500.84
30022,3529.64
30023,3549.38
30024,3600.93
30025,3869.93
30026,4071.61
30027,5850.48
30028,6515.72
30029,8210.21
30030,8210.48
30031,8210.51
30032,8210.14
30033,7400.36
30034,7999.54
30035,8210.05
30036,8210.86
30037,8676.0
30038,8676.29
30039,8676.71
30040,8500.57
30041,7999.9
30042,8676.51
30043,8676.2
30044,7999.58
30045,7999.76
30046,7998.99
30047,6990.98
30048,6649.12
32833,5149.38
32834,5029.19
32835,4650.98
32836,4209.0
32837,4071.88
32838,3869.09
32839,3529.77
32840,3500.69
32841,3409.38
32842,3100.35
32843,2999.89
32844,2998.72
32845,3489.5
32846,3249.23
32847,3100.75
32848,3046.87
32849,3100.64
32850,3250.28
32851,3529.41
32852,3529.03
32853,3650.04
32854,3998.84
32855,4900.99
32856,5204.72
32857,5109.01
32858,5969.94
32859,5969.3
32860,5969.69
32861,5239.68
32862,5109.0
32863,5007.33
32864,4650.82
32865,3998.72
32866,3649.58
32867,3500.78
32868,3172.98
32869,3172.27
32870,3172.11
32871,3020.16
32872,3050.18
32873,2579.68
32874,2872.59
32875,2809.08
32876,2520.57
32877,2465.02
32878,2507.87
32879,2579.83
32880,2837.8
32881,2800.97
32882,2998.77
32883,2600.19
32884,2579.41
32885,2200.84
32886,1999.25
32887,2200.89
32888,2579.48
32889,2579.18
32890,3000.41
32891,3172.54
32892,3172.79
32893,3400.61
32894,3619.52
32895,3869.37
32896,3995.27
32897,3869.46
32898,3998.79
32899,4071.91
32900,4426.15
32901,4200.54
32902,4099.6
32903,4071.52
32904,4426.83
32905,4629.39
32906,5200.54
32907,6469.29
32908,7500.07
32909,8830.02
32910,10000.36
32911,9500.59
32912,10000.35
32913,8830.56
32914,8830.69
32915,8830.77
32916,11000.35
32917,11199.11
32918,9500.68
32919,11199.23
32920,8830.71
32921,9500.04
32922,11199.03
32923,11199.9
32924,8500.76
32925,11199.76
32926,8830.09
32927,7000.79
32928,6739.41
24481,5200.84
24482,5109.23
24483,5029.71
24484,4809.68
24485,4809.32
24486,4433.69
24487,3869.64
24488,3649.9
24489,3550.67
24490,3530.0
24491,3489.88
24492,3489.85
24493,3529.45
24494,3489.35
24495,3489.41
24496,3250.9
24497,3250.25
24498,3100.76
24499,3240.53
24500,3529.19
24501,3649.93
24502,4071.77
24503,4433.86
24504,5104.0
24505,5239.22
24506,5300.57
24507,5300.24
24508,5100.51
24509,5000.91
24510,4629.87
24511,4436.31
24512,4209.48
24513,3850.81
24514,3724.48
24515,3250.64
24516,3172.52
24517,3000.75
24518,3000.52
24519,2998.8
24520,2998.72
24521,2880.66
24522,2966.88
24523,3012.59
24524,2880.35
24525,2850.87
24526,2800.59
24527,3000.35
24528,3097.53
24529,3097.08
24530,3097.81
24531,2923.67
24532,2880.92
24533,2677.71
24534,2800.07
24535,2880.29
24536,2900.28
24537,2998.16
24538,3120.19
24539,3172.62
24540,3229.78
24541,3450.14
24542,3704.89
24543,3869.98
24544,4071.47
24545,3881.0
24546,4071.27
24547,4400.45
24548,4426.19
24549,4071.48
24550,4071.81
24551,4127.67
24552,4629.25
24553,5001.72
24554,5300.14
24555,7500.45
24556,8500.48
24557,10000.43
24558,11402.59
24559,11000.95
24560,11000.93
24561,10000.31
24562,10000.36
24563,10000.22
24564,12000.0
24565,12000.0
24566,12000.0
24567,9750.92
24568,10000.06
24569,10500.27
24570,12000.0
24571,12000.0
24572,11000.23
24573,12000.0
24574,10000.06
24575,8000.04
24576,6998.24
24577,4330.17
24578,4071.85
24579,4071.66
24580,4071.27
24581,4071.46
24582,4023.36
24583,3850.04
24584,3649.85
24585,3489.89
24586,3529.5
24587,3489.42
24588,3409.45
24589,3172.13
24590,3001.46
24591,2998.66
24592,2948.04
24593,3079.41
24594,3079.81
24595,3172.82
24596,3489.19
24597,3768.89
24598,4433.18
24599,5000.12
24600,5200.61
24601,5700.04
24602,5500.43
24603,5129.24
24604,4700.08
24605,4071.58
24606,4071.11
24607,4000.28
24608,3784.9
24609,3172.69
24610,3172.21
24611,2998.81
24612,2873.76
24613,2640.93
24614,2821.05
24615,2821.45
24616,2821.28
24617,2579.77
24618,2542.67
24619,2500.74
24620,2279.75
24621,2200.89
24622,2279.7
24623,2518.31
24624,2552.0
24625,2518.07
24626,2579.46
24627,2300.74
24628,2200.63
24629,1989.17
24630,1989.31
24631,1998.12
24632,1998.97
24633,1989.77
24634,2279.29
24635,2677.12
24636,2880.96
24637,2891.72
24638,2998.25
24639,3150.97
24640,3172.18
24641,3172.18
24642,3172.97
24643,3320.61
24644,3343.67
24645,3350.12
24646,3549.88
24647,3788.74
24648,4071.64
24649,4800.86
24650,5800.07
24651,8500.84
24652,12000.0
24653,12000.0
24654,12000.0
24655,12000.0
24656,12000.0
24657,8470.86
24658,8470.1
24659,8470.91
24660,8499.58
24661,8470.45
24662,8470.78
24663,8470.51
24664,8470.94
24665,8470.6
24666,8470.6
24667,7400.86
24668,6769.46
24669,6769.09
24670,6270.1
24671,5049.52
24672,3998.71
24673,3409.7
24674,3409.27
24675,3409.32
24676,3359.28
24677,3359.05
24678,3249.62
24679,3359.19
24680,3070.67
24681,3100.09
24682,3001.57
24683,2998.57
24684,2947.08
24685,2900.91
24686,2910.68
24687,2829.85
24688,2629.93
24689,2878.01
24690,2998.91
24691,3001.2
24692,3172.55
24693,3359.22
24694,3567.09
24695,4023.43
24696,4071.52
24697,4820.45
24698,5018.01
24699,5250.64
24700,5069.27
24701,5000.01
24702,4330.38
24703,3998.88
24704,3068.49
24705,2998.16
24706,2677.8
24707,2555.0
24708,2158.83
24709,2083.88
24710,2083.97
24711,2023.83
24712,2023.55
24713,1998.48
24714,1998.96
24715,1998.61
24716,1989.41
24717,1799.76
24718,1499.01
24719,1201.9
24720,1201.79
24721,1201.27
24722,1201.25
24723,1200.0
24724,1201.16
24725,1201.01
24726,1201.06
24727,1201.84
24728,1201.87
24729,1201.99
24730,1949.03
24731,1999.04
24732,1999.91
24733,2158.32
24734,2318.16
24735,2518.47
24736,2554.94
24737,2821.15
24738,2821.46
24739,2720.05
24740,2821.2
24741,2899.37
24742,3065.03
24743,3172.6
24744,3785.06
24745,4071.96
24746,5239.33
24747,8500.7
24748,12000.0
24749,12000.0
24750,12000.0
24751,12000.0
24752,12000.0
24753,8830.01
24754,8407.53
24755,8314.28
24756,8314.45
24757,6769.9
24758,6769.92
24759,6769.35
24760,5969.1
24761,5049.11
24762,4549.47
24763,3998.84
24764,3700.77
24765,3619.79
24766,3529.49
24767,3519.93
24768,3489.6
24769,3209.96
24770,3209.48
24771,3001.32
24772,2930.52
24773,2909.77
24774,2829.64
24775,2900.22
24776,2669.63
24777,2669.63
24778,2669.04
24779,2669.35
24780,2669.26
24781,2522.62
24782,2451.45
24783,2515.65
24784,2466.98
24785,2557.98
24786,2629.49
24787,2813.33
24788,2909.81
24789,3001.44
24790,3509.1
24791,3766.08
24792,3831.79
24793,4870.12
24794,5069.74
24795,5407.57
24796,5250.13
24797,4706.4
24798,4000.07
24799,3619.84
24800,3250.44
24801,2909.34
24802,2900.04
24803,2909.16
24804,2832.28
24805,2641.72
24806,2703.1
24807,2641.8
24808,2641.92
24809,2641.22
24810,2641.16
24811,2579.79
24812,2579.29
24813,2579.75
24814,2579.07
24815,2579.54
24816,2641.01
24817,2579.19
24818,2420.69
24819,1799.54
24820,1499.89
24821,1499.77
24822,1926.81
24823,1989.21
24824,1999.39
24825,2641.48
24826,2703.79
24827,2801.28
24828,2900.57
24829,2832.76
24830,2909.05
24831,2909.17
24832,2909.6
24833,2984.32
24834,3000.95
24835,2984.83
24836,3019.14
24837,2998.33
24838,3200.36
24839,3600.05
24840,3766.18
24841,4413.6
24842,5300.2
24843,11000.59
24844,12000.0
24845,12000.0
24846,12000.0
24847,11006.57
24848,8830.57
24849,7500.71
24850,7400.4
24851,6769.78
24852,6769.66
24853,6270.28
24854,5999.11
24855,6270.19
24856,5999.21
24857,5240.0
24858,5239.76
24859,5129.53
24860,5000.44
24861,4820.06
24862,3998.14
24863,3700.06
24864,3489.1
24865,2500.54
24866,2410.34
24867,2375.27
24868,2219.79
24869,2297.17
24870,2219.92
24871,2276.18
24872,2219.71
24873,2410.58
24874,2300.91
24875,2267.34
24876,2219.87
24877,2219.52
24878,2219.42
24879,2219.45
24880,2219.31
24881,2299.72
24882,2629.21
24883,2629.1
24884,2629.23
24885,2729.05
24886,3100.8
24887,3509.82
24888,3850.6
24889,4276.8
24890,4660.47
24891,4650.88
24892,4480.47
24893,4050.1
24894,3878.28
24895,3831.36
24896,3382.95
24897,2984.85
24898,3000.88
24899,2947.97
24900,2909.6
24901,2909.42
24902,2909.74
24903,2909.62
24904,2909.33
24905,2703.97
24906,2790.46
24907,2800.87
24908,2700.23
24909,2641.38
24910,2689.0
24911,2610.5
24912,2600.8
24913,2500.57
24914,2420.29
24915,2500.8
24916,2400.89
24917,2000.2
24918,1999.94
24919,1989.89
24920,1999.05
24921,2250.51
24922,2579.14
24923,2689.75
24924,2832.42
24925,2929.28
24926,2947.86
24927,3104.52
24928,3012.99
24929,3250.74
24930,3475.44
24931,3400.01
24932,3382.29
24933,3500.21
24934,3457.6
24935,3475.84
24936,3523.93
24937,4000.62
24938,5129.51
24939,8314.57
24940,12000.0
24941,12000.0
24942,12000.0
24943,12000.0
24944,8830.58
24945,8500.15
24946,8314.32
24947,7147.66
24948,6999.75
24949,5800.71
24950,5239.12
24951,5406.75
24952,5500.93
24953,4549.99
24954,4880.04
24955,4549.1
24956,4019.86
24957,3930.03
24958,3881.09
24959,3540.22
24960,3462.67
24961,2900.43
24962,2800.58
24963,2765.0
24964,2669.44
24965,2750.72
24966,2800.47
24967,2809.48
24968,2700.91
24969,2880.72
24970,2880.34
24971,2797.33
24972,2550.03
24973,2220.9
24974,2220.01
24975,2099.1
24976,2089.11
24977,2220.65
24978,2880.57
24979,2998.66
24980,3000.04
24981,3450.62
24982,3600.78
24983,3831.92
24984,4400.13
24985,5000.15
24986,5023.42
24987,4520.95
24988,4239.89
24989,3831.98
24990,3766.77
24991,3500.46
24992,3027.67
24993,2909.64
24994,2801.0
24995,2641.69
24996,2641.09
24997,2580.79
24998,2641.09
24999,2641.03
25000,2598.06
25001,2549.51
25002,2549.17
25003,2409.85
25004,2370.29
25005,2216.98
25006,2109.76
25007,2092.62
25008,2220.46
25009,1999.6
25010,1999.15
25011,1999.03
25012,1998.55
25013,1998.87
25014,1999.17
25015,1999.25
25016,1999.55
25017,2220.29
25018,2220.96
25019,2549.03
25020,2598.24
25021,2549.75
25022,2598.09
25023,2641.21
25024,2720.79
25025,2832.43
25026,3104.39
25027,3147.67
25028,2984.29
25029,3475.05
25030,3382.03
25031,3450.79
25032,3737.72
25033,3831.65
25034,4529.62
25035,6998.68
25036,8500.23
25037,8500.42
25038,8500.23
25039,8366.54
25040,7500.88
25041,7400.46
25042,7219.29
25043,7073.63
25044,7183.5
25045,6000.96
25046,5999.5
25047,5999.6
25048,5830.61
25049,4529.8
25050,5029.29
25051,4998.54
25052,4000.85
25053,3619.33
25054,3529.23
25055,3200.37
25056,3079.62
25057,3650.0
25058,3619.44
25059,3549.68
25060,3489.4
25061,3409.6
25062,3409.66
25063,3409.38
25064,3350.71
25065,2998.5
25066,2998.1
25067,2948.76
25068,2870.74
25069,2870.77
25070,2870.63
25071,2870.42
25072,2870.38
25073,2870.97
25074,2998.13
25075,2998.81
25076,3001.71
25077,3509.42
25078,4320.59
25079,5000.36
25080,5500.31
25081,6000.42
25082,6000.74
25083,6000.76
25084,5500.68
25085,5000.53
25086,4850.99
25087,3831.61
25088,3766.46
25089,3500.11
25090,3400.58
25091,3500.33
25092,3350.75
25093,3079.24
25094,3079.29
25095,3079.85
25096,3079.75
25097,2909.95
25098,2909.86
25099,2910.57
25100,2909.79
25101,2909.41
25102,2909.04
25103,2883.43
25104,2909.51
25105,2909.46
25106,2909.16
25107,2870.35
25108,2909.22
25109,2900.19
25110,2909.04
25111,2909.4
25112,2909.6
25113,2947.87
25114,2923.64
25115,2937.43
25116,2984.88
25117,3079.75
25118,3250.48
25119,3382.25
25120,3475.19
25121,3650.79
25122,3624.77
25123,3624.9
25124,3766.8
25125,3881.81
25126,3998.25
25127,4500.4
25128,5029.85
25129,5500.06
25130,7999.55
25131,12000.0
25132,12000.0
25133,12000.0
25134,12000.0
25135,12000.0
25136,12000.0
25137,9500.76
25138,9500.44
25139,8200.73
25140,8200.58
25141,7000.64
25142,7000.58
25143,7000.66
25144,7000.63
25145,6000.16
25146,6000.98
25147,6000.78
25148,5280.46
25149,5000.95
25150,5000.82
25151,4529.02
25152,4500.67
25153,5000.47
25154,5000.34
25155,5000.0
25156,4979.9
25157,4979.32
25158,4800.76
25159,4800.23
25160,4750.94
25161,4000.96
25162,4000.66
25163,4000.63
25164,4000.46
25165,4000.37
25166,4000.25
25167,4000.2
25168,4000.05
25169,4000.01
25170,4000.48
25171,4000.87
25172,4285.0
25173,5000.37
25174,5500.74
25175,6000.84
25176,7000.66
25177,7500.02
25178,7500.63
25179,7469.37
25180,7000.95
25181,6000.8
25182,6000.47
25183,5000.52
25184,5000.01
25185,4505.78
25186,4131.87
25187,4000.86
25188,3907.38
25189,3831.36
25190,3831.72
25191,3831.52
25192,3831.74
25193,3766.49
25194,3831.07
25195,3831.42
25196,3831.71
25197,3737.74
25198,3737.93
25199,3766.66
25200,3831.24
25201,3907.57
25202,4000.12
25203,3998.67
25204,3998.47
25205,3844.22
25206,3831.25
25207,3831.66
25208,3831.92
25209,4000.06
25210,4000.32
25211,4000.58
25212,4000.67
25213,4000.77
25214,4500.09
25215,4349.98
25216,4320.89
25217,4599.87
25218,4998.79
25219,5000.18
25220,5000.1
25221,5000.71
25222,5000.63
25223,6000.12
25224,6500.56
25225,7000.98
25226,10440.27
25227,12000.0
25228,12000.0
25229,12000.0
25230,12000.0
25231,12000.0
25232,12000.0
25233,11191.22
25234,11000.95
25235,10000.82
25236,10000.87
25237,9000.75
25238,9000.52
25239,9000.22
25240,9000.12
25241,8000.2
25242,8000.43
25243,8000.03
25244,8000.08
25245,7000.36
25246,7000.33
25247,7000.16
25248,6989.41
25249,3907.55
25250,3831.18
25251,3830.34
25252,3706.64
25253,3779.16
25254,3649.7
25255,3529.79
25256,3409.49
25257,3519.82
25258,3519.16
25259,3529.18
25260,3519.58
25261,3350.87
25262,3350.86
25263,3350.55
25264,3250.36
25265,3500.63
25266,3809.6
25267,3831.26
25268,3831.9
25269,4320.15
25270,4683.62
25271,5000.5
25272,5448.3
25273,6100.16
25274,6601.39
25275,6029.33
25276,5418.93
25277,4998.52
25278,4589.31
25279,4029.79
25280,3737.54
25281,3624.93
25282,3624.59
25283,3509.96
25284,3450.87
25285,3475.29
25286,3509.55
25287,3475.1
25288,3475.73
25289,3109.76
25290,3259.53
25291,3350.43
25292,3350.37
25293,3250.4
25294,3290.83
25295,3382.33
25296,3500.84
25297,3400.63
25298,3475.42
25299,3475.78
25300,3475.99
25301,3350.12
25302,3110.0
25303,3250.37
25304,3350.58
25305,3475.24
25306,3624.13
25307,3737.12
25308,3706.35
25309,3737.76
25310,3624.43
25311,3831.43
25312,3831.96
25313,3791.19
25314,3831.52
25315,3891.26
25316,4314.0
25317,4500.43
25318,4500.48
25319,4771.43
25320,4979.55
25321,5830.69
25322,6634.68
25323,12000.0
25324,12000.0
25325,12000.0
25326,12000.0
25327,12000.0
25328,11537.85
25329,8000.34
25330,7400.21
25331,6529.91
25332,6529.58
25333,5280.67
25334,5280.65
25335,5280.41
25336,5280.34
25337,5000.49
25338,5280.09
25339,5280.41
25340,5280.22
25341,5015.18
25342,4979.75
25343,4350.19
25344,3998.04
25345,3831.44
25346,3831.63
25347,3831.87
25348,3831.75
25349,3907.01
25350,3831.71
25351,3831.01
25352,3529.06
25353,3831.12
25354,3831.17
25355,3649.4
25356,3649.1
25357,3409.46
25358,3409.64
25359,3489.15
25360,3409.02
25361,3489.0
25362,3699.18
25363,3766.15
25364,3831.04
25365,3998.29
25366,4369.86
25367,4718.03
25368,5016.88
25369,5908.67
25370,6579.85
25371,6814.13
25372,6099.04
25373,5209.99
25374,5000.41
25375,4500.62
25376,3907.36
25377,3766.41
25378,3766.06
25379,3523.88
25380,3500.77
25381,3400.96
25382,3500.05
25383,3400.55
25384,3400.23
25385,3250.53
25386,3382.11
25387,3452.7
25388,3382.95
25389,3160.78
25390,3160.75
25391,3382.39
25392,3509.17
25393,3259.47
25394,3400.28
25395,3475.18
25396,3523.4
25397,3475.29
25398,3230.46
25399,3160.57
25400,3200.87
25401,3160.34
25402,3190.96
25403,3382.45
25404,3290.71
25405,3523.29
25406,3499.52
25407,3624.3
25408,3523.84
25409,3523.98
25410,3738.0
25411,3766.65
25412,3831.64
25413,3907.47
25414,4400.97
25415,5136.45
25416,5280.31
25417,5615.23
25418,6999.38
25419,12000.0
25420,12000.0
25421,12000.0
25422,12000.0
25423,12000.0
25424,8658.16
25425,6769.26
25426,5999.44
25427,5999.08
25428,6588.98
25429,5460.84
25430,5280.46
25431,5280.17
25432,5239.9
25433,4650.54
25434,5049.84
25435,4998.35
25436,4716.11
25437,4369.91
25438,4345.87
25439,3881.71
25440,3600.85
25441,3529.91
25442,3519.48
25443,3495.67
25444,3409.14
25445,3250.44
25446,3006.98
25447,2948.27
25448,2910.14
25449,2699.5
25450,2699.37
25451,2720.77
25452,2669.39
25453,2669.98
25454,2669.93
25455,2669.36
25456,2669.28
25457,2862.06
25458,3189.36
25459,3302.33
25460,3502.11
25461,3509.98
25462,3809.62
25463,4320.65
25464,4529.5
25465,5000.92
25466,5040.18
25467,5119.07
25468,5000.04
25469,4529.52
25470,4239.35
25471,3844.72
25472,3737.87
25473,3737.2
25474,3730.14
25475,3500.31
25476,3475.52
25477,3475.27
25478,3475.64
25479,3500.37
25480,3475.88
25481,3289.45
25482,3289.66
25483,3289.11
25484,3289.4
25485,3099.45
25486,3079.98
25487,3079.76
25488,3079.23
25489,3000.51
25490,2998.97
25491,3000.12
25492,2984.28
25493,2909.6
25494,2909.58
25495,2909.57
25496,2909.35
25497,2909.87
25498,2909.98
25499,2959.46
25500,2959.48
25501,2999.51
25502,3060.75
25503,3079.63
25504,3099.23
25505,3290.64
25506,3433.67
25507,3500.69
25508,3500.96
25509,3766.83
25510,3881.29
25511,4239.08
25512,4919.15
25513,5000.22
25514,5999.34
25515,10499.11
25516,12000.0
25517,11749.75
25518,10499.09
25519,8830.28
25520,7599.75
25521,5999.82
25522,5652.3
25523,5280.94
25524,5650.58
25525,5199.17
25526,5059.18
25527,4800.24
25528,4499.23
25529,4252.31
25530,4320.87
25531,3999.16
25532,3881.16
25533,3809.18
25534,3649.05
25535,3529.05
25536,3519.06
25537,3350.11
25538,3250.05
25539,3001.23
25540,2953.09
25541,3189.07
25542,3189.6
25543,3189.02
25544,3001.07
25545,3250.82
25546,3253.0
25547,3251.0
25548,3250.64
25549,3001.52
25550,3000.65
25551,2999.4
25552,2951.65
25553,3250.83
25554,3349.73
25555,3350.5
25556,3409.71
25557,3350.64
25558,3500.57
25559,3907.06
25560,3831.6
25561,4680.28
25562,4998.05
25563,5119.64
25564,5119.57
25565,4550.59
25566,4250.04
25567,3697.64
25568,3382.31
25569,3240.43
25570,3000.92
25571,2953.67
25572,2909.08
25573,2832.69
25574,2832.22
25575,2711.77
25576,2711.53
25577,2711.37
25578,2711.92
25579,2711.83
25580,2711.41
25581,2598.83
25582,2598.56
25583,2598.27
25584,2641.64
25585,2641.13
25586,2598.02
25587,2370.26
25588,2250.62
25589,2216.01
25590,2216.11
25591,2216.28
25592,2216.4
25593,2216.64
25594,2370.32
25595,2500.67
25596,2598.3
25597,2832.63
25598,2870.08
25599,2870.56
25600,2909.23
25601,2984.55
25602,3289.06
25603,3449.53
25604,3523.7
25605,3831.85
25606,3998.33
25607,4250.31
25608,5350.47
25609,6529.2
25610,9615.34
25611,12000.0
25612,12000.0
25613,12000.0
25614,12000.0
25615,10499.62
25616,7747.84
25617,6500.28
25618,5418.97
25619,5199.78
25620,5418.26
25621,5101.6
25622,5059.08
25623,4938.42
25624,4600.18
25625,4227.86
25626,4000.57
25627,3998.8
25628,3881.86
25629,3809.78
25630,3800.18
25631,3519.72
25632,3349.32
25633,3446.5
25634,3500.02
25635,3409.1
25636,3250.75
25637,3282.5
25638,3060.28
25639,3000.23
25640,2950.61
25641,2951.79
25642,2700.96
25643,2951.38
25644,2750.95
25645,2669.3
25646,2530.79
25647,2260.57
25648,2260.33
25649,2469.33
25650,2899.46
25651,2950.18
25652,2951.14
25653,3099.59
25654,3449.25
25655,3509.49
25656,3800.48
25657,4000.89
25658,4389.41
25659,4389.34
25660,4000.53
25661,3831.91
25662,3766.04
25663,3421.0
25664,2950.86
25665,2819.24
25666,2641.79
25667,2500.28
25668,2216.61
25669,2216.22
25670,2070.82
25671,1999.53
25672,1999.27
25673,1837.9
25674,1837.55
25675,1980.48
25676,1989.46
25677,1920.66
25678,1837.45
25679,1799.83
25680,1802.52
25681,1699.97
25682,1699.88
25683,1799.53
25684,1799.28
25685,1699.72
25686,1699.62
25687,1699.6
25688,1799.29
25689,1799.0
25690,1799.31
25691,1799.9
25692,1980.53
25693,1999.58
25694,2062.05
25695,2180.37
25696,2370.54
25697,2370.67
25698,2641.57
25699,2819.24
25700,2832.34
25701,2953.94
25702,3250.46
25703,3737.15
25704,3998.12
25705,4279.85
25706,4850.28
25707,6530.23
25708,7509.31
25709,8830.22
25710,7999.43
25711,7747.47
25712,6954.0
25713,5199.37
25714,5119.51
25715,5199.13
25716,5100.32
25717,4935.84
25718,4649.75
25719,4499.21
25720,4279.69
25721,3999.25
25722,4252.39
25723,3929.83
25724,3929.45
25725,3881.41
25726,3810.87
25727,3550.35
25728,3520.34
25729,3530.96
25730,3520.94
25731,3520.09
25732,3500.3
25733,3375.0
25734,3409.07
25735,3234.86
25736,3100.3
25737,3250.57
25738,3080.59
25739,3080.0
25740,3010.16
25741,3000.14
25742,3000.03
25743,2959.42
25744,2959.19
25745,2959.61
25746,3080.94
25747,3409.34
25748,3387.86
25749,3500.64
25750,3671.14
25751,4399.26
25752,4453.73
25753,5209.8
25754,7315.15
25755,7543.3
25756,7400.3
25757,5500.1
25758,5209.26
25759,4399.43
25760,3766.44
25761,3475.34
25762,3475.94
25763,3475.98
25764,3475.2
25765,3382.63
25766,3382.79
25767,3400.34
25768,3382.81
25769,2984.63
25770,2980.41
25771,3190.57
25772,3281.96
25773,3250.75
25774,3038.94
25775,3013.63
25776,3366.96
25777,3018.11
25778,3020.45
25779,3020.45
25780,3000.07
25781,2953.16
25782,2909.89
25783,2909.72
25784,2909.96
25785,2954.18
25786,2954.33
25787,2984.33
25788,3204.58
25789,3382.1
25790,3500.17
25791,3697.35
25792,3737.96
25793,3852.18
25794,4131.25
25795,4239.15
25796,4239.76
25797,5187.67
25798,5209.2
25799,6441.0
25800,9500.19
25801,10079.38
25802,12000.0
25803,12000.0
25804,12000.0
25805,12000.0
25806,12000.0
25807,12000.0
25808,12000.0
25809,10222.76
25810,9449.75
25811,8830.89
25812,8830.59
25813,7400.81
25814,7400.09
25815,6500.86
25816,6500.16
25817,5209.28
25818,5209.41
25819,4453.32
25820,4239.76
25821,3998.93
25822,3998.17
25823,3878.09
25824,3810.94
25825,5500.15
25826,5500.04
25827,5310.28
25828,4999.0
25829,4998.42
25830,4500.79
25831,4998.94
25832,4938.32
25833,4938.26
25834,4000.72
25835,4000.08
25836,4203.33
25837,4313.0
25838,4000.27
25839,3877.86
25840,3850.55
25841,3850.88
25842,3989.75
25843,3800.1
25844,4100.24
25845,4000.79
25846,4938.9
25847,6099.77
25848,7747.32
25849,9973.73
25850,11000.32
25851,11883.45
25852,11743.64
25853,9837.82
25854,8514.34
25855,6500.68
25856,5000.56
25857,5000.68
25858,5000.65
25859,4600.91
25860,4500.03
25861,4131.81
25862,4131.6
25863,4131.94
25864,4131.42
25865,3998.28
25866,3998.56
25867,4131.08
25868,4131.13
25869,3907.79
25870,3831.99
25871,3850.67
25872,3998.93
25873,3850.74
25874,3831.38
25875,3766.87
25876,3737.9
25877,3737.78
25878,3737.42
25879,3737.21
25880,3737.68
25881,3831.6
25882,3831.67
25883,3875.18
25884,4131.01
25885,4131.32
25886,4450.25
25887,5119.33
25888,5779.58
25889,6099.0
25890,6234.93
25891,7747.86
25892,8824.69
25893,9500.79
25894,11000.54
25895,12000.0
25896,12000.0
25897,12000.0
25898,12000.0
25899,12000.0
25900,12000.0
25901,12000.0
25902,12000.0
25903,12000.0
25904,12000.0
25905,12000.0
25906,12000.0
25907,12000.0
25908,12000.0
25909,9000.55
25910,9000.6
25911,8824.03
25912,8500.82
25913,8139.42
25914,8328.06
25915,7747.85
25916,7509.47
25917,7400.33
25918,7100.0
25919,6514.57
25920,5500.56
25921,5209.32
25922,5209.01
25923,5137.65
25924,5018.79
25925,4609.15
25926,4450.59
25927,4079.99
25928,4079.78
25929,4069.41
25930,4000.88
25931,3869.72
25932,3878.84
25933,3779.63
25934,3779.58
25935,3491.43
25936,3449.8
25937,3350.6
25938,3350.37
25939,3299.91
25940,3299.86
25941,3499.54
25942,3998.69
25943,4919.09
25944,5209.39
25945,5489.34
25946,6000.58
25947,7400.16
25948,6000.93
25949,5209.33
25950,4998.01
25951,4399.55
25952,3831.92
25953,3831.4
25954,3599.88
25955,3624.14
25956,3599.92
25957,3407.65
25958,3500.5
25959,3599.46
25960,3599.31
25961,3259.45
25962,3259.77
25963,3259.91
25964,3250.44
25965,2998.6
25966,2959.92
25967,3000.42
25968,3011.67
25969,3000.72
25970,3001.75
25971,2998.81
25972,2959.45
25973,2943.89
25974,2943.94
25975,2943.57
25976,2998.56
25977,3250.09
25978,3230.98
25979,3382.21
25980,3406.55
25981,3599.69
25982,3630.68
25983,3737.93
25984,3831.12
25985,3907.25
25986,3998.26
25987,4150.44
25988,3998.76
25989,3989.17
25990,4450.33
25991,5229.5
25992,7509.39
25993,6450.5
25994,10999.43
25995,12000.0
25996,12000.0
25997,12000.0
25998,12000.0
25999,12000.0
26000,12000.0
26001,8407.58
26002,7774.15
26003,6809.76
26004,6809.43
26005,5529.28
26006,5489.78
26007,5269.35
26008,5229.83
26009,5016.93
26010,5129.24
26011,5129.09
26012,5199.32
26013,4999.37
26014,4999.29
26015,4500.53
26016,4499.84
26017,5209.76
26018,5209.75
26019,5059.3
26020,5019.36
26021,4609.85
26022,4659.0
26023,4288.29
26024,4239.66
26025,3989.77
26026,4069.25
26027,4100.22
26028,3929.03
26029,3829.06
26030,3800.78
26031,3649.22
26032,3619.59
26033,3619.79
26034,3829.2
26035,3929.93
26036,4251.71
26037,4109.34
26038,4453.57
26039,5209.56
26040,5779.43
26041,6103.44
26042,7000.36
26043,8079.79
26044,7000.31
26045,5500.98
26046,5418.78
26047,4490.64
26048,3859.87
26049,3737.87
26050,3737.38
26051,3690.46
26052,3624.7
26053,3523.52
26054,3580.52
26055,3737.06
26056,3624.29
26057,3449.61
26058,3449.44
26059,3498.04
26060,3350.59
26061,3300.85
26062,3349.67
26063,3449.52
26064,3523.2
26065,3509.26
26066,3435.1
26067,3382.3
26068,3369.11
26069,3079.86
26070,3079.61
26071,3250.02
26072,3335.18
26073,3382.75
26074,3523.07
26075,3523.69
26076,3523.99
26077,3737.11
26078,3737.72
26079,3831.35
26080,3831.5
26081,4131.12
26082,4131.42
26083,4131.77
26084,5489.03
26085,5489.06
26086,5605.56
26087,6998.49
26088,8500.26
26089,8500.94
26090,12000.0
26091,12000.0
26092,12000.0
26093,12000.0
26094,12000.0
26095,12000.0
26096,12000.0
26097,10000.87
26098,10000.63
26099,8500.83
26100,8500.93
26101,7509.87
26102,7509.17
26103,7509.22
26104,7000.35
26105,6500.17
26106,6500.18
26107,5999.82
26108,5605.78
26109,5209.65
26110,5209.63
26111,5009.72
26112,4869.99
26113,4320.57
26114,4312.71
26115,4368.64
26116,4879.71
26117,4454.01
26118,4348.14
26119,4222.92
26120,4109.8
26121,3989.11
26122,3995.47
26123,3929.7
26124,3877.02
26125,3829.31
26126,3829.22
26127,3705.63
26128,3649.29
26129,3649.46
26130,3929.76
26131,3999.34
26132,4200.18
26133,3998.01
26134,3999.49
26135,4399.02
26136,4919.95
26137,5400.08
26138,6000.54
26139,6000.94
26140,5999.67
26141,5188.01
26142,4399.13
26143,4109.02
26144,3737.87
26145,3831.12
26146,3831.13
26147,3624.93
26148,3624.52
26149,3706.45
26150,3831.06
26151,3831.38
26152,3831.38
26153,3624.75
26154,3737.29
26155,3831.08
26156,3737.79
26157,3737.16
26158,3624.07
26159,3624.75
26160,3737.22
26161,3624.79
26162,3523.7
26163,3500.78
26164,3475.52
26165,3449.87
26166,3449.87
26167,3475.19
26168,3475.69
26169,3737.13
26170,3737.82
26171,3831.7
26172,3831.92
26173,3831.23
26174,3881.68
26175,4131.46
26176,4131.48
26177,4188.57
26178,4188.96
26179,5119.21
26180,4850.14
26181,5119.79
26182,5229.83
26183,7400.81
26184,8824.43
26185,7509.47
26186,12000.0
26187,12000.0
26188,12000.0
26189,12000.0
26190,12000.0
26191,12000.0
26192,12000.0
26193,12000.0
26194,8824.71
26195,7981.95
26196,7981.17
26197,7400.1
26198,6496.41
26199,5623.63
26200,5229.65
26201,4500.59
26202,4500.84
26203,4400.68
26204,3998.58
26205,3800.7
26206,3829.97
26207,3829.1
26208,3700.19
865,3977.42
866,3829.86
867,3829.7
868,3829.35
869,3829.62
870,3977.6
871,3995.06
872,3829.81
873,3630.36
874,3649.72
875,3649.22
876,3630.29
877,3600.16
878,3630.07
879,3619.27
880,3549.81
881,3600.98
882,3630.42
883,3704.13
884,3829.1
885,3995.84
886,4200.18
887,4188.99
888,4188.67
889,4444.23
890,4453.73
891,4350.51
892,4188.33
893,4131.92
894,4109.96
895,3831.49
896,3737.08
897,3700.68
898,3540.41
899,3540.88
900,3540.48
901,3475.16
902,3475.7
903,3624.32
904,3570.52
905,3475.4
906,3523.05
907,3523.65
908,3523.41
909,3475.87
910,3475.89
911,3475.41
912,3475.17
913,3435.21
914,3345.71
915,3340.46
916,3333.64
917,3230.84
918,3150.24
919,3099.97
920,3099.99
921,3099.87
922,3230.64
923,3333.65
924,3435.23
925,3523.11
926,3540.37
927,3624.64
928,3650.13
929,3766.34
930,3989.51
931,3831.18
932,3907.26
933,4109.12
934,4188.49
935,4499.21
936,5600.27
937,6099.82
938,8824.12
939,12000.0
940,12000.0
941,12000.0
942,12000.0
943,12000.0
944,12000.0
945,12000.0
946,8407.53
947,7981.2
948,7509.86
949,6559.43
950,5830.08
951,5199.64
952,5199.71
953,5009.27
954,5009.59
955,4879.78
956,4500.49
957,3995.95
958,4220.63
959,3995.41
960,3989.1
3841,3829.26
3842,3649.99
3843,3800.45
3844,3630.23
3845,3619.72
3846,3600.82
3847,3529.14
3848,3440.7
3849,3338.39
3850,3255.0
3851,3250.4
3852,3079.87
3853,3001.16
3854,3001.24
3855,3000.63
3856,2979.7
3857,3000.53
3858,3119.24
3859,3250.39
3860,3379.54
3861,3459.82
3862,3529.83
3863,3649.75
3864,3831.91
3865,3989.74
3866,4131.25
3867,4131.0
3868,3989.54
3869,3766.95
3870,3730.83
3871,3475.21
3872,3320.18
3873,3119.84
3874,3150.56
3875,3150.06
3876,3100.4
3877,2943.87
3878,2953.96
3879,2984.66
3880,2959.58
3881,2909.34
3882,2909.62
3883,2909.43
3884,2909.21
3885,2252.64
3886,2500.44
3887,2400.56
3888,2860.15
3889,2860.83
3890,2860.12
3891,2219.66
3892,2219.89
3893,2039.21
3894,2039.21
3895,2219.1
3896,2219.07
3897,2100.98
3898,2860.4
3899,2909.38
3900,2909.29
3901,2832.96
3902,2860.58
3903,2950.13
3904,2950.15
3905,3200.75
3906,3250.49
3907,3250.27
3908,3301.48
3909,3523.94
3910,3829.13
3911,3881.14
3912,4151.67
3913,4998.38
3914,5214.03
3915,5820.55
3916,6079.71
3917,8824.03
3918,8824.99
3919,9149.05
3920,6999.01
3921,6079.13
3922,6030.48
3923,5489.61
3924,5489.87
3925,5418.88
3926,5101.02
3927,5059.87
3928,5059.61
3929,4451.74
3930,4879.24
3931,3998.47
3932,3995.63
3933,3649.97
3934,3829.11
3935,3619.86
3936,3529.16
6529,3530.39
6530,3520.12
6531,3520.14
6532,3429.32
6533,3250.02
6534,3239.88
6535,3250.41
6536,3001.0
6537,3001.47
6538,3000.96
6539,3000.34
6540,2960.13
6541,2954.63
6542,2954.59
6543,2951.85
6544,2950.6
6545,2954.91
6546,3080.78
6547,3080.89
6548,3110.0
6549,3520.97
6550,3620.6
6551,3791.55
6552,3977.88
6553,3831.05
6554,3831.98
6555,3995.28
6556,3995.08
6557,3831.21
6558,3706.11
6559,3500.09
6560,3250.82
6561,2984.98
6562,3002.54
6563,3161.0
6564,3160.09
6565,3050.47
6566,3250.43
6567,3450.41
6568,3450.0
6569,3382.95
6570,3449.25
6571,3369.93
6572,3349.94
6573,3307.5
6574,3109.71
6575,3120.57
6576,3109.65
6577,3000.05
6578,2984.81
6579,2984.69
6580,2959.87
6581,2959.54
6582,2953.2
6583,2954.4
6584,2959.11
6585,3001.53
6586,3250.71
6587,3259.67
6588,3250.85
6589,3230.95
6590,3379.62
6591,3449.26
6592,3449.66
6593,3455.5
6594,3523.02
6595,3435.72
6596,3523.9
6597,3831.56
6598,4131.22
6599,4860.95
6600,7000.71
6601,6989.38
6602,8418.73
6603,12000.0
6604,12000.0
6605,12000.0
6606,12000.0
6607,8824.96
6608,8824.32
6609,7509.24
6610,7400.52
6611,7000.77
6612,5250.05
6613,4980.33
6614,4919.57
6615,4919.07
6616,4880.26
6617,4212.5
6618,4453.89
6619,3998.79
6620,3995.17
6621,3810.83
6622,3810.94
6623,3881.75
6624,3810.19
9505,3830.59
9506,3800.56
9507,3830.38
9508,3450.95
9509,3379.0
9510,3429.83
9511,3280.37
9512,3250.12
9513,3250.62
9514,3250.04
9515,3006.55
9516,2959.95
9517,2959.24
9518,2952.62
9519,2790.39
9520,2499.47
9521,2850.83
9522,2959.39
9523,3001.51
9524,3250.13
9525,3412.67
9526,3750.97
9527,3831.06
9528,3880.9
9529,3969.0
9530,4185.09
9531,5000.28
9532,5000.23
9533,5000.04
9534,4271.43
9535,3912.36
9536,3888.26
9537,3766.98
9538,3747.66
9539,3475.78
9540,3435.57
9541,2984.43
9542,3006.27
9543,3000.7
9544,2959.76
9545,2984.64
9546,2984.74
9547,2959.66
9548,2959.76
9549,2984.95
9550,2959.4
9551,2959.07
9552,2959.17
9553,2909.41
9554,2909.58
9555,2909.34
9556,2909.53
9557,2909.52
9558,2909.39
9559,2909.47
9560,2950.15
9561,2909.72
9562,3000.14
9563,2984.95
9564,3006.37
9565,2984.06
9566,3006.31
9567,3280.06
9568,3445.66
9569,3640.34
9570,3640.06
9571,3697.99
9572,3831.13
9573,3740.94
9574,3831.65
9575,3998.49
9576,4919.35
9577,6788.58
9578,7999.63
9579,12000.0
9580,12000.0
9581,12000.0
9582,12000.0
9583,10000.09
9584,7509.66
9585,5999.14
9586,5740.98
9587,5460.02
9588,5100.37
9589,4919.05
9590,4560.17
9591,4370.59
9592,4450.86
9593,3830.97
9594,3969.09
9595,3830.9
9596,3830.66
9597,3830.49
9598,3830.48
9599,3491.33
9600,3450.16
12385,4000.34
12386,3850.86
12387,3907.18
12388,3831.83
12389,3550.3
12390,3530.42
12391,3332.0
12392,3250.97
12393,3080.98
12394,3080.41
12395,3020.48
12396,2980.54
12397,2959.5
12398,2800.25
12399,2499.35
12400,1999.87
12401,2199.7
12402,2959.16
12403,3250.55
12404,3475.39
12405,3810.24
12406,4028.1
12407,4450.79
12408,4700.22
12409,4700.06
12410,5000.24
12411,5468.85
12412,5469.0
12413,5000.6
12414,4700.69
12415,4350.28
12416,3831.66
12417,3766.43
12418,3391.0
12419,2959.31
12420,2909.89
12421,2499.33
12422,2420.25
12423,2299.53
12424,2299.14
12425,1999.83
12426,1999.93
12427,1999.72
12428,1999.58
12429,1999.28
12430,1989.58
12431,1999.2
12432,1999.16
12433,1989.49
12434,1989.71
12435,1989.93
12436,1999.14
12437,1999.29
12438,1999.16
12439,1999.31
12440,1999.59
12441,1999.61
12442,2299.58
12443,2299.69
12444,2420.26
12445,2420.79
12446,2790.11
12447,2850.74
12448,2909.44
12449,2984.38
12450,3139.5
12451,3600.74
12452,3640.07
12453,3740.04
12454,3969.2
12455,3999.19
12456,4028.56
12457,5001.03
12458,5468.74
12459,6048.81
12460,7400.16
12461,7400.24
12462,7008.38
12463,6000.13
12464,5468.52
12465,5060.13
12466,4980.51
12467,3969.9
12468,3900.27
12469,3740.31
12470,3580.75
12471,3520.22
12472,3501.56
12473,3250.49
12474,3250.31
12475,3080.26
12476,2899.27
12477,2496.03
12478,2487.02
12479,2437.67
12480,2381.57
15361,3250.19
15362,3080.38
15363,3001.64
15364,2899.24
15365,2499.27
15366,2349.65
15367,2150.77
15368,1999.99
15369,2047.89
15370,2009.35
15371,1999.92
15372,1999.82
15373,1999.6
15374,1999.47
15375,1999.39
15376,1999.23
15377,1999.35
15378,2000.84
15379,2476.14
15380,2800.14
15381,3160.62
15382,3250.55
15383,3160.43
15384,3160.77
15385,3475.92
15386,3500.0
15387,3501.05
15388,3523.88
15389,3475.5
15390,3475.53
15391,3382.4
15392,2959.05
15393,2909.64
15394,2832.88
15395,2710.87
15396,2710.49
15397,2641.57
15398,2641.8
15399,2752.17
15400,2832.02
15401,2710.43
15402,2832.64
15403,2900.42
15404,2832.88
15405,2790.62
15406,2780.04
15407,2832.06
15408,2832.65
15409,2832.22
15410,2710.38
15411,2641.81
15412,2641.57
15413,2641.83
15414,2641.05
15415,2641.44
15416,2641.74
15417,2750.62
15418,2670.23
15419,2752.95
15420,2710.02
15421,2832.26
15422,2832.83
15423,2900.29
15424,2909.61
15425,2909.77
15426,3120.26
15427,3449.59
15428,3500.7
15429,3740.83
15430,3907.72
15431,3998.97
15432,4880.01
15433,5960.47
15434,8189.78
15435,12000.0
15436,12000.0
15437,12000.0
15438,12000.0
15439,11247.27
15440,7981.12
15441,6099.96
15442,5850.19
15443,5000.78
15444,4919.87
15445,4510.08
15446,4053.44
15447,3810.83
15448,3810.61
15449,3810.39
15450,3810.77
15451,3810.75
15452,3810.16
15453,3650.05
15454,3650.04
15455,3530.38
15456,3530.03
18241,3810.37
18242,3650.51
18243,3620.12
18244,3520.02
18245,3349.96
18246,3250.66
18247,3080.08
18248,2984.59
18249,2984.18
18250,2959.65
18251,2909.6
18252,2900.25
18253,2752.81
18254,2790.46
18255,2869.38
18256,2700.82
18257,2909.07
18258,2909.93
18259,3080.16
18260,3080.52
18261,3364.83
18262,3620.53
18263,3550.89
18264,3640.31
18265,3843.03
18266,4185.22
18267,3995.8
18268,3969.03
18269,3831.7
18270,3766.64
18271,3562.95
18272,3475.91
18273,3475.11
18274,3382.48
18275,3382.13
18276,3271.83
18277,2974.0
18278,3160.69
18279,3296.25
18280,3252.74
18281,3160.74
18282,3252.12
18283,3296.98
18284,3347.17
18285,3160.63
18286,3160.58
18287,3000.7
18288,3093.04
18289,3000.33
18290,2984.39
18291,2947.21
18292,2909.95
18293,2909.6
18294,2909.2
18295,2909.74
18296,2936.33
18297,2910.49
18298,2909.84
18299,2959.53
18300,2936.26
18301,2936.21
18302,2920.74
18303,2937.0
18304,2984.29
18305,3000.84
18306,3279.5
18307,3381.67
18308,3450.04
18309,3740.15
18310,3831.35
18311,3969.31
18312,4389.03
18313,4860.58
18314,6500.56
18315,12000.0
18316,12000.0
18317,12000.0
18318,12000.0
18319,10153.66
18320,8043.75
18321,5969.41
18322,5830.41
18323,5119.33
18324,5000.9
18325,4919.05
18326,4500.12
18327,4279.8
18328,4350.6
18329,3810.58
18330,3969.28
18331,3969.13
18332,3881.58
18333,3810.77
18334,3810.93
18335,3810.77
18336,3810.21
21217,3640.85
21218,3640.7
21219,3640.06
21220,3365.0
21221,3250.62
21222,3099.85
21223,3054.67
21224,3000.91
21225,2959.13
21226,2900.39
21227,2820.98
21228,2820.22
21229,2650.52
21230,2752.15
21231,2750.54
21232,2699.92
21233,2800.59
21234,2870.38
21235,2850.89
21236,3001.4
21237,3109.25
21238,3000.72
21239,2837.31
21240,2780.0
21241,3140.69
21242,3240.12
21243,3382.5
21244,3382.53
21245,3449.84
21246,3382.97
21247,3382.39
21248,3306.83
21249,3349.62
21250,3289.0
21251,3060.34
21252,3100.01
21253,3060.05
21254,3060.9
21255,3049.44
21256,2984.77
21257,2909.13
21258,2909.07
21259,2899.87
21260,2900.56
21261,2832.62
21262,2832.36
21263,2832.3
21264,2899.7
21265,2832.55
21266,2801.13
21267,2710.55
21268,2710.07
21269,2641.57
21270,2641.61
21271,2641.67
21272,2641.74
21273,2641.48
21274,2641.88
21275,2700.99
21276,2790.57
21277,2832.2
21278,2861.88
21279,2909.07
21280,2909.16
21281,2984.46
21282,3060.28
21283,3250.8
21284,3292.0
21285,3487.33
21286,3737.41
21287,3523.79
21288,3999.05
21289,4799.1
21290,5199.92
21291,7400.22
21292,8084.68
21293,8824.79
21294,8824.02
21295,6998.74
21296,6099.04
21297,5360.8
21298,5110.95
21299,4919.57
21300,4750.6
21301,4710.64
21302,4279.41
21303,4110.29
21304,3999.96
21305,3630.58
21306,3640.07
21307,3449.77
21308,3449.31
21309,3160.59
21310,3250.86
21311,3289.1
21312,3277.17
24193,3998.24
24194,3998.45
24195,3969.1
24196,3620.97
24197,3540.2
24198,3499.71
24199,3449.48
24200,3349.33
24201,3289.51
24202,3250.96
24203,3250.17
24204,3109.53
24205,3060.45
24206,3060.1
24207,3072.5
24208,3060.77
24209,3109.15
24210,3109.75
24211,3289.39
24212,3434.5
24213,3540.16
24214,3349.14
24215,3060.02
24216,2854.47
24217,2799.65
24218,2779.57
24219,2710.81
24220,2710.11
24221,2641.64
24222,2641.82
24223,2641.92
24224,2641.62
24225,2641.82
24226,2779.14
24227,2710.75
24228,2710.64
24229,2752.14
24230,2779.37
24231,2710.46
24232,2641.91
24233,2641.2
24234,2598.88
24235,2600.41
24236,2598.2
24237,2598.43
24238,2598.58
24239,2598.02
24240,2529.98
24241,2529.54
24242,2370.59
24243,2250.79
24244,2250.07
24245,2370.11
24246,2216.91
24247,2216.9
24248,2370.23
24249,2370.12
24250,2529.93
24251,2598.65
24252,2600.29
24253,2610.88
24254,2641.75
24255,2641.86
24256,2700.9
24257,2641.68
24258,2641.84
24259,2779.95
24260,2899.86
24261,3000.38
24262,3382.1
24263,3523.62
24264,3737.71
24265,4131.31
24266,4870.62
24267,5050.83
24268,5418.13
24269,6000.33
24270,5996.32
24271,5653.45
24272,5290.37
24273,5101.8
24274,4919.67
24275,4650.54
24276,4400.37
24277,4499.01
24278,4239.85
24279,4239.43
24280,4239.92
24281,3999.05
24282,3881.81
24283,3650.55
24284,3550.13
24285,3550.37
24286,3550.27
24287,3550.3
24288,3540.64
27073,3252.51
27074,3330.29
27075,3250.65
27076,3093.5
27077,3001.49
27078,3020.38
27079,3001.4
27080,2959.2
27081,2910.88
27082,2910.77
27083,2870.79
27084,2870.62
27085,2830.49
27086,2830.08
27087,2800.41
27088,2752.25
27089,2870.79
27090,2910.83
27091,3000.32
27092,3109.11
27093,3109.69
27094,2899.21
27095,2870.65
27096,2870.89
27097,3416.62
27098,3523.01
27099,3382.77
27100,3382.72
27101,3250.12
27102,3000.46
27103,2870.86
27104,2870.39
27105,2832.22
27106,2832.42
27107,3060.33
27108,3060.98
27109,3109.64
27110,3250.9
27111,3379.57
27112,3482.79
27113,3319.9
27114,3319.46
27115,3252.22
27116,3250.12
27117,3313.9
27118,3289.05
27119,3238.12
27120,3238.55
27121,3080.73
27122,2959.93
27123,2910.95
27124,2863.28
27125,2832.71
27126,2832.04
27127,2832.78
27128,2932.43
27129,2953.91
27130,2932.62
27131,2959.46
27132,2959.2
27133,3099.12
27134,3289.4
27135,3319.13
27136,3319.49
27137,3319.68
27138,3382.64
27139,3449.24
27140,3435.22
27141,3700.97
27142,4131.68
27143,4499.24
27144,6056.36
27145,7500.46
27146,9998.44
27147,10499.58
27148,11391.42
27149,12000.0
27150,10499.99
27151,9742.73
27152,8084.07
27153,5500.59
27154,5418.36
27155,5290.38
27156,5229.15
27157,5000.68
27158,4609.89
27159,4319.14
27160,4279.73
27161,3969.92
27162,3650.05
27163,3707.48
27164,3550.95
27165,3550.86
27166,3550.15
27167,3540.43
27168,3540.38
30049,3000.31
30050,3000.76
30051,2870.9
30052,2870.86
30053,2752.58
30054,2710.18
30055,2710.39
30056,2500.2
30057,2430.89
30058,2430.86
30059,2430.82
30060,2430.79
30061,2430.65
30062,2430.64
30063,2430.65
30064,2430.66
30065,2430.87
30066,2500.19
30067,2710.52
30068,2870.57
30069,3000.57
30070,2870.53
30071,2838.16
30072,2870.56
30073,3250.99
30074,3501.11
30075,3523.93
30076,3557.88
30077,3449.59
30078,3382.6
30079,3379.13
30080,3200.12
30081,3000.46
30082,2948.77
30083,3060.47
30084,3099.1
30085,3109.16
30086,3296.7
30087,3319.17
30088,3273.83
30089,2910.07
30090,2932.31
30091,2905.0
30092,2860.66
30093,2832.04
30094,2809.16
30095,2770.14
30096,2809.06
30097,2770.46
30098,2710.82
30099,2641.21
30100,2641.24
30101,2641.27
30102,2641.28
30103,2641.6
30104,2641.83
30105,2809.21
30106,2832.35
30107,2899.34
30108,2862.06
30109,3080.83
30110,3150.42
30111,3312.6
30112,3316.31
30113,3318.95
30114,3472.17
30115,3523.27
30116,3523.94
30117,3737.78
30118,4239.57
30119,4919.02
30120,7219.17
30121,7400.03
30122,8084.25
30123,10238.96
30124,10053.03
30125,10499.46
30126,8824.28
30127,5808.0
30128,5290.94
30129,5119.18
30130,5000.45
30131,4919.01
30132,4499.77
30133,4279.44
30134,4239.17
30135,4150.91
30136,4010.32
30137,3540.8
30138,3530.6
30139,3502.92
30140,3450.0
30141,3392.17
30142,3349.52
30143,3349.78
30144,3296.73
32929,2899.98
32930,2870.73
32931,2870.74
32932,2870.25
32933,2430.91
32934,2430.9
32935,2430.83
32936,2430.76
32937,2430.71
32938,2430.69
32939,2430.58
32940,2430.61
32941,2430.59
32942,2430.56
32943,2430.52
32944,2430.42
32945,2430.58
32946,2430.79
32947,2550.57
32948,2899.93
32949,3001.29
32950,3219.92
32951,3382.34
32952,3540.72
32953,3650.08
32954,3959.58
32955,4000.62
32956,4000.58
32957,4000.11
32958,3739.36
32959,3700.3
32960,3579.31
32961,3452.06
32962,3319.68
32963,3319.12
32964,3000.95
32965,2706.74
32966,2809.3
32967,2810.0
32968,2832.06
32969,2709.24
32970,2709.68
32971,2709.79
32972,2709.43
32973,2709.61
32974,2709.24
32975,2709.1
32976,2709.04
32977,2641.85
32978,2641.86
32979,2641.67
32980,2641.67
32981,2598.82
32982,2598.26
32983,2598.66
32984,2641.49
32985,2706.14
32986,2700.63
32987,2709.35
32988,2709.04
32989,2809.74
32990,2832.96
32991,3029.61
32992,3219.69
32993,3296.41
32994,3482.83
32995,3549.95
32996,3579.67
32997,3737.68
32998,4047.07
32999,4599.22
33000,6047.67
33001,8000.49
33002,8824.39
33003,9500.63
33004,9500.7
33005,10804.97
33006,8299.37
33007,6800.49
33008,5653.48
33009,5229.23
33010,5229.1
33011,4750.95
33012,4159.92
33013,3959.62
33014,3739.12
33015,3689.34
33016,3689.31
33017,3579.88
33018,3579.79
33019,3579.48
33020,3579.1
33021,3550.28
33022,3540.72
33023,3350.49
33024,3329.11
27361,3579.09
27362,3579.05
27363,3460.99
27364,3371.57
27365,3250.89
27366,3250.42
27367,3219.68
27368,3029.88
27369,3202.83
27370,3029.55
27371,2870.2
27372,2870.08
27373,2799.36
27374,2799.09
27375,2800.59
27376,2799.84
27377,2947.75
27378,3000.84
27379,3039.7
27380,3250.39
27381,3329.41
27382,3523.54
27383,3523.05
27384,3579.8
27385,3989.01
27386,4379.38
27387,4420.47
27388,4500.16
27389,4379.52
27390,4131.2
27391,3739.76
27392,3579.97
27393,3435.89
27394,3319.5
27395,3319.12
27396,3219.94
27397,3219.12
27398,3219.3
27399,3219.6
27400,3219.51
27401,2905.01
27402,2905.14
27403,2832.51
27404,2809.99
27405,2809.62
27406,2799.47
27407,2770.76
27408,2770.03
27409,2709.09
27410,2706.38
27411,2641.94
27412,2642.0
27413,2641.69
27414,2641.53
27415,2641.67
27416,2641.96
27417,2706.17
27418,2680.01
27419,2700.89
27420,2680.08
27421,2709.55
27422,2709.07
27423,2709.91
27424,2832.38
27425,3219.42
27426,3319.1
27427,3329.92
27428,3523.78
27429,3579.67
27430,3739.86
27431,4379.73
27432,7000.01
27433,10740.52
27434,12000.0
27435,12000.0
27436,12000.0
27437,12000.0
27438,12000.0
27439,10190.64
27440,7981.9
27441,6009.53
27442,5760.14
27443,5488.94
27444,5290.25
27445,5001.78
27446,5000.3
27447,4759.8
27448,4599.92
27449,4500.44
27450,4400.07
27451,4290.24
27452,4186.99
27453,4089.28
27454,3959.6
27455,3739.97
27456,3689.52
27457,3739.23
27458,3739.19
27459,3610.06
27460,3579.9
27461,3579.59
27462,3579.38
27463,3579.35
27464,3579.05
27465,3296.34
27466,3250.7
27467,3160.88
27468,3109.89
27469,2779.57
27470,2779.33
27471,2752.15
27472,2790.52
27473,2799.59
27474,3001.53
27475,3160.16
27476,3160.16
27477,3579.17
27478,3579.21
27479,3624.41
27480,3689.49
27481,3737.92
27482,4047.34
27483,4131.11
27484,4131.3
27485,4089.41
27486,3959.33
27487,3624.5
27488,3369.72
27489,3319.46
27490,3100.35
27491,2932.51
27492,2870.67
27493,2819.15
27494,2832.91
27495,2932.12
27496,2870.25
27497,2641.77
27498,2709.73
27499,2799.88
27500,2809.9
27501,2799.07
27502,2709.61
27503,2709.59
27504,2709.37
27505,2641.99
27506,2641.67
27507,2641.42
27508,2641.16
27509,2598.25
27510,2598.12
27511,2529.65
27512,2598.44
27513,2641.56
27514,2641.73
27515,2641.62
27516,2641.4
27517,2641.97
27518,2706.77
27519,2832.06
27520,2832.01
27521,3109.7
27522,3219.76
27523,3296.4
27524,3319.13
27525,3400.21
27526,3579.83
27527,3959.26
27528,4407.28
27529,6064.47
27530,8824.1
27531,10072.11
27532,10496.67
27533,9161.25
27534,7981.67
27535,6500.44
27536,5100.31
27537,4450.15
27538,4440.78
27539,4430.04
27540,4339.9
27541,4286.63
27542,4099.43
27543,4110.89
27544,4159.09
27545,3980.56
27546,3959.74
27547,3959.31
27548,3739.7
27549,3739.31
27550,3700.21
27551,3579.96
27552,3579.84
27553,3959.17
27554,3959.11
27555,3711.5
27556,3579.99
27557,3579.29
27558,3468.25
27559,3329.32
27560,3296.75
27561,3160.63
27562,3109.73
27563,3029.46
27564,2980.01
27565,2799.61
27566,2750.63
27567,2680.31
27568,2619.49
27569,2499.74
27570,2619.31
27571,2750.34
27572,2819.61
27573,3296.02
27574,3737.03
27575,3980.04
27576,3990.69
27577,4131.31
27578,4131.99
27579,4407.43
27580,4407.19
27581,4131.59
27582,4131.24
27583,3849.2
27584,3470.8
27585,3319.7
27586,3319.2
27587,3109.25
27588,2953.85
27589,2832.52
27590,2870.22
27591,2953.56
27592,2932.97
27593,2809.6
27594,2750.22
27595,2779.08
27596,2706.55
27597,2641.31
27598,2641.16
27599,2641.26
27600,2641.02
27601,2581.58
27602,2581.17
27603,2499.04
27604,2469.89
27605,2300.55
27606,2283.38
27607,2390.18
27608,2500.88
27609,2709.71
27610,2709.52
27611,2752.01
27612,2709.92
27613,2809.32
27614,2809.51
27615,2870.23
27616,2870.36
27617,3319.35
27618,3320.88
27619,3400.0
27620,3523.55
27621,3624.04
27622,3959.61
27623,4450.22
27624,5406.89
27625,7500.55
27626,9500.66
27627,11109.28
27628,12000.0
27629,9500.43
27630,7981.43
27631,5969.05
27632,5448.46
27633,4650.97
27634,4650.27
27635,4440.09
27636,4339.61
27637,4599.69
27638,4440.43
27639,4300.48
27640,4169.71
27641,4440.37
27642,4384.86
27643,4159.58
27644,4005.62
27645,3959.49
27646,3722.59
27647,3689.67
27648,3579.51
27649,3380.65
27650,3400.17
27651,3349.9
27652,3300.84
27653,3280.55
27654,3250.85
27655,3219.67
27656,3205.58
27657,3000.82
27658,2988.39
27659,2899.3
27660,2830.97
27661,2709.72
27662,2709.32
27663,2678.71
27664,2602.71
27665,2529.28
27666,2602.63
27667,2750.17
27668,2799.95
27669,2900.52
27670,3171.7
27671,3171.28
27672,3250.58
27673,3312.85
27674,3501.02
27675,3720.84
27676,3720.76
27677,3500.94
27678,3495.61
27679,3319.21
27680,3134.24
27681,2953.02
27682,2870.23
27683,2770.67
27684,2769.83
27685,2529.41
27686,2469.78
27687,2502.84
27688,2469.78
27689,2302.22
27690,2460.85
27691,2469.31
27692,2390.32
27693,2314.43
27694,2283.61
27695,2250.21
27696,2250.56
27697,2250.22
27698,1999.98
27699,2100.45
27700,1999.94
27701,1977.88
27702,1971.91
27703,1971.81
27704,1999.31
27705,1999.05
27706,1999.96
27707,2134.86
27708,2114.36
27709,2177.69
27710,2314.07
27711,2469.57
27712,2500.55
27713,2769.19
27714,2938.95
27715,2962.24
27716,3150.59
27717,3260.25
27718,3452.88
27719,3720.21
27720,3998.52
27721,5998.11
27722,6400.6
27723,6612.15
27724,7099.57
27725,7299.74
27726,6711.82
27727,5000.57
27728,4760.02
27729,4169.28
27730,4099.56
27731,4000.34
27732,3849.93
27733,3900.97
27734,3726.3
27735,3739.12
27736,3724.59
27737,3500.84
27738,3500.87
27739,3500.72
27740,3500.53
27741,3500.2
27742,3400.16
27743,3329.83
27744,3291.0
27745,3219.04
27746,3219.42
27747,3219.31
27748,3219.13
27749,3029.01
27750,3010.54
27751,2959.93
27752,2899.11
27753,2750.13
27754,2710.6
27755,2709.74
27756,2700.5
27757,2700.63
27758,2670.55
27759,2710.32
27760,2700.72
27761,2529.88
27762,2709.26
27763,2959.19
27764,3001.94
27765,3119.55
27766,3080.11
27767,3219.42
27768,3329.98
27769,3620.53
27770,3750.64
27771,3774.81
27772,3790.86
27773,3750.51
27774,3650.74
27775,3530.28
27776,3296.2
27777,3050.49
27778,2953.47
27779,2959.76
27780,2953.62
27781,2802.46
27782,2809.81
27783,2809.93
27784,2800.41
27785,2769.13
27786,2710.31
27787,2690.07
27788,2469.99
27789,2469.71
27790,2469.25
27791,2469.03
27792,2469.23
27793,2430.94
27794,2430.4
27795,2405.8
27796,2375.22
27797,2370.39
27798,2369.56
27799,2407.75
27800,2430.14
27801,2430.45
27802,2430.41
27803,2430.72
27804,2469.86
27805,2769.19
27806,2809.16
27807,2962.57
27808,3029.52
27809,3250.36
27810,3313.16
27811,3360.89
27812,3530.84
27813,3750.95
27814,4025.36
27815,4152.37
27816,4650.41
27817,5998.36
27818,8824.21
27819,11999.0
27820,12000.0
27821,12000.0
27822,12000.0
27823,8129.72
27824,6500.88
27825,4650.22
27826,4599.28
27827,4159.89
27828,4089.83
27829,4159.28
27830,3959.89
27831,3750.38
27832,3739.83
27833,3650.99
27834,3739.08
27835,3709.16
27836,3650.31
27837,3620.55
27838,3540.8
27839,3500.33
27840,3320.71
27841,3739.42
27842,3739.14
27843,3714.25
27844,3653.8
27845,3550.4
27846,3369.62
27847,3579.01
27848,3329.79
27849,3296.64
27850,3296.07
27851,3171.52
27852,3119.31
27853,3050.63
27854,3050.21
27855,3050.41
27856,3050.42
27857,3050.16
27858,3171.51
27859,3219.91
27860,3296.39
27861,3701.6
27862,3739.85
27863,3780.33
27864,3780.68
27865,3790.3
27866,4000.89
27867,4025.96
27868,4152.85
27869,4025.51
27870,4000.59
27871,3791.0
27872,3669.8
27873,3435.15
27874,3319.62
27875,3319.04
27876,3171.85
27877,2962.38
27878,2970.31
27879,2970.72
27880,2970.51
27881,2962.55
27882,2962.72
27883,2867.69
27884,2769.81
27885,2709.75
27886,2680.92
27887,2680.86
27888,2680.81
27889,2529.7
27890,2250.5
27891,2180.36
27892,2177.96
27893,2177.57
27894,2177.21
27895,2177.69
27896,2177.44
27897,2177.67
27898,2250.49
27899,2314.44
27900,2715.52
27901,2769.19
27902,2916.74
27903,3171.51
27904,3219.43
27905,3319.56
27906,3319.43
27907,3435.3
27908,3714.09
27909,3870.45
27910,4025.68
27911,4500.95
27912,5800.17
27913,6000.39
27914,10000.11
27915,12000.0
27916,12000.0
27917,12000.0
27918,12000.0
27919,8824.17
27920,7500.2
27921,5448.5
27922,5000.99
27923,5000.7
27924,4980.56
27925,4998.53
27926,4499.3
27927,4089.34
27928,4089.35
27929,4089.0
27930,4020.85
27931,3998.46
27932,3959.15
27933,3790.77
27934,3790.93
27935,3780.65
27936,3739.13
27937,3959.12
27938,3900.49
27939,3900.6
27940,3800.54
27941,3790.91
27942,3790.94
27943,3790.52
27944,3739.9
27945,3724.06
27946,3708.53
27947,3700.27
27948,3579.47
27949,3495.13
27950,3435.7
27951,3445.11
27952,3435.67
27953,3330.13
27954,3330.63
27955,3435.63
27956,3445.59
27957,3790.58
27958,3982.16
27959,4025.87
27960,4089.25
27961,4047.16
27962,4162.65
27963,4407.9
27964,4420.9
27965,4162.07
27966,4158.14
27967,4152.85
27968,4152.01
27969,3774.79
27970,3669.44
27971,3495.1
27972,3319.8
27973,3171.18
27974,3171.85
27975,3171.38
27976,3130.91
27977,3029.24
27978,2962.97
27979,2916.66
27980,2820.64
27981,2809.44
27982,2780.34
27983,2769.87
27984,2769.05
27985,2529.75
27986,2480.29
27987,2469.79
27988,2314.73
27989,2302.77
27990,2302.05
27991,2314.99
27992,2469.53
27993,2565.33
27994,2769.42
27995,2900.67
27996,2970.12
27997,3171.25
27998,3300.46
27999,3330.04
28000,3504.85
28001,3495.82
28002,3495.36
28003,3579.98
28004,3774.04
28005,4020.54
28006,4250.07
28007,5500.46
28008,7000.51
28009,7500.48
28010,12000.0
28011,12000.0
28012,12000.0
28013,12000.0
28014,12000.0
28015,12000.0
28016,8824.51
28017,6000.93
28018,6000.63
28019,6000.02
28020,5450.09
28021,5040.81
28022,4750.54
28023,5000.42
28024,5040.09
28025,4689.59
28026,4689.01
28027,4499.95
28028,4089.92
28029,4020.67
28030,4020.18
28031,3959.61
28032,3800.37
28033,3739.88
28034,3739.76
28035,3739.62
28036,3739.61
28037,3701.97
28038,3650.71
28039,3739.42
28040,3723.25
28041,3669.83
28042,3669.52
28043,3530.92
28044,3495.24
28045,3319.1
28046,3319.08
28047,3319.03
28048,3300.39
28049,3264.14
28050,3319.07
28051,3319.21
28052,3319.9
28053,3650.64
28054,3739.57
28055,3982.44
28056,4047.31
28057,4152.05
28058,4407.55
28059,4750.36
28060,4740.88
28061,4400.88
28062,4400.08
28063,4152.35
28064,3790.5
28065,3579.17
28066,3495.9
28067,3319.72
28068,3219.29
28069,3000.92
28070,3080.43
28071,3208.08
28072,3171.88
28073,3171.33
28074,3171.71
28075,3171.31
28076,3080.45
28077,2962.39
28078,2962.43
28079,2962.4
28080,2962.07
28081,2799.71
28082,2769.4
28083,2750.84
28084,2715.59
28085,2643.74
28086,2580.46
28087,2709.42
28088,2769.21
28089,2809.2
28090,2962.96
28091,3000.92
28092,3080.01
28093,3250.39
28094,3319.26
28095,3425.12
28096,3495.91
28097,3530.4
28098,3579.12
28099,3720.48
28100,3770.53
28101,3982.09
28102,4152.94
28103,5099.89
28104,7000.39
28105,7361.89
28106,12000.0
28107,12000.0
28108,12000.0
28109,12000.0
28110,12000.0
28111,12000.0
28112,7361.31
28113,6051.7
28114,6500.46
28115,5660.46
28116,5380.88
28117,5249.56
28118,4848.62
28119,4951.73
28120,5100.97
28121,5290.92
28122,5100.25
28123,4810.35
28124,4089.54
28125,3900.88
28126,3881.82
28127,3770.07
28128,3739.45
28129,3774.4
28130,3770.81
28131,3774.21
28132,3774.9
28133,3739.74
28134,3739.54
28135,3721.11
28136,3706.8
28137,3620.01
28138,3550.12
28139,3495.9
28140,3495.07
28141,3347.51
28142,3319.73
28143,3319.47
28144,3319.49
28145,3319.45
28146,3329.64
28147,3435.69
28148,3435.86
28149,3550.64
28150,3739.0
28151,3790.28
28152,4025.1
28153,4152.88
28154,4500.65
28155,4500.96
28156,4500.69
28157,4407.31
28158,4339.46
28159,4152.51
28160,3790.54
28161,3540.96
28162,3495.56
28163,3495.4
28164,3319.38
28165,3080.49
28166,3080.76
28167,3171.34
28168,3050.94
28169,2999.68
28170,3080.17
28171,3080.57
28172,3029.34
28173,2962.95
28174,2962.57
28175,2962.07
28176,2962.39
28177,2916.32
28178,2800.0
28179,2769.92
28180,2769.77
28181,2529.64
28182,2469.76
28183,2715.55
28184,2799.59
28185,2953.22
28186,3080.71
28187,3080.89
28188,3080.53
28189,3171.29
28190,3250.6
28191,3319.49
28192,3435.97
28193,3579.85
28194,3739.76
28195,3770.07
28196,3881.32
28197,4152.78
28198,4162.91
28199,5800.25
28200,7999.28
28201,8000.24
28202,12000.0
28203,12000.0
28204,12000.0
28205,12000.0
28206,12000.0
28207,12000.0
28208,8000.25
28209,5999.31
28210,5249.21
28211,4954.14
28212,4670.12
28213,4410.08
28214,4169.4
28215,4339.77
28216,4500.42
28217,4599.24
28218,4599.0
28219,4499.3
28220,4499.4
28221,4025.19
28222,3982.26
28223,3650.04
28224,3530.78
28225,3739.74
28226,3739.46
28227,3739.42
28228,3739.49
28229,3739.14
28230,3705.06
28231,3650.43
28232,3620.15
28233,3540.36
28234,3530.17
28235,3435.83
28236,3395.19
28237,3329.08
28238,3296.35
28239,3300.26
28240,3270.87
28241,3300.16
28242,3300.71
28243,3319.18
28244,3329.19
28245,3669.71
28246,3959.25
28247,4407.21
28248,4599.94
28249,5001.0
28250,5500.26
28251,5500.54
28252,5500.66
28253,5500.42
28254,5500.37
28255,5500.19
28256,5000.43
28257,4179.41
28258,4100.78
28259,3839.65
28260,3703.05
28261,3540.66
28262,3456.82
28263,3540.52
28264,3329.12
28265,3203.97
28266,3190.97
28267,3219.04
28268,3050.32
28269,3033.9
28270,3029.7
28271,2961.93
28272,2950.08
28273,2809.1
28274,2799.99
28275,2709.59
28276,2709.04
28277,2314.99
28278,2322.15
28279,2530.04
28280,2709.86
28281,3031.37
28282,3080.57
28283,3307.07
28284,3329.01
28285,3384.07
28286,3540.22
28287,3579.14
28288,3579.36
28289,3739.34
28290,3959.56
28291,4159.34
28292,4810.1
28293,5500.35
28294,5500.86
28295,7000.62
28296,9000.77
28297,9000.6
28298,12000.0
28299,12000.0
28300,12000.0
28301,12000.0
28302,12000.0
28303,12000.0
28304,7219.14
28305,5000.99
28306,4950.53
28307,4599.68
28308,4560.23
28309,4169.56
28310,4089.93
28311,3770.46
28312,3950.64
28313,3770.28
28314,3739.58
28315,3716.94
28316,3669.34
28317,3550.73
28318,3550.35
28319,3530.66
28320,3499.46
28321,3280.57
28322,3280.76
28323,3300.6
28324,3300.6
28325,3296.77
28326,3290.3
28327,3290.52
28328,3219.97
28329,3280.12
28330,3050.48
28331,3050.14
28332,3029.21
28333,3000.08
28334,2899.92
28335,2900.55
28336,2991.0
28337,3001.01
28338,3100.36
28339,3002.0
28340,3001.74
28341,3370.16
28342,3435.9
28343,3520.96
28344,3900.29
28345,4200.88
28346,4899.75
28347,5488.82
28348,5914.09
28349,5672.47
28350,5800.06
28351,5450.36
28352,5000.55
28353,4779.17
28354,4190.25
28355,3824.29
28356,3739.36
28357,3319.84
28358,3307.18
28359,3280.34
28360,3029.11
28361,2831.59
28362,2809.31
28363,2752.54
28364,2749.71
28365,2641.29
28366,2370.75
28367,2283.21
28368,1999.84
28369,2280.23
28370,1999.55
28371,1999.71
28372,1999.46
28373,1949.65
28374,1901.96
28375,1935.58
28376,1999.48
28377,2283.14
28378,2642.61
28379,2649.1
28380,2953.35
28381,2850.58
28382,3290.82
28383,3290.45
28384,3319.48
28385,3550.11
28386,3669.25
28387,3946.56
28388,4159.47
28389,4448.32
28390,5100.78
28391,5500.69
28392,7361.27
28393,7219.07
28394,9499.05
28395,12000.0
28396,12000.0
28397,7237.51
28398,6000.51
28399,5960.43
28400,5249.49
28401,4880.85
28402,4286.31
28403,4089.73
28404,3959.77
28405,4000.36
28406,3959.5
28407,4089.16
28408,4089.27
28409,3959.02
28410,3739.34
28411,3722.53
28412,3579.28
28413,3579.13
28414,3520.73
28415,3370.52
28416,3300.24
28417,3520.51
28418,3520.32
28419,3579.17
28420,3520.99
28421,3579.44
28422,3435.69
28423,3435.28
28424,3400.1
28425,3435.57
28426,3370.74
28427,3370.1
28428,3329.14
28429,3319.48
28430,3319.5
28431,3319.56
28432,3319.45
28433,3319.43
28434,3319.67
28435,3319.98
28436,3435.66
28437,3669.59
28438,3669.12
28439,3998.76
28440,4047.97
28441,4599.3
28442,5130.88
28443,5998.94
28444,6266.8
28445,5998.36
28446,5792.18
28447,4998.53
28448,4407.81
28449,3669.09
28450,3400.47
28451,2839.08
28452,2819.78
28453,2557.77
28454,2000.24
28455,1680.8
28456,1680.56
28457,1680.06
28458,1680.05
28459,1680.18
28460,1680.0
28461,1545.37
28462,1220.75
28463,1220.36
28464,1199.78
28465,1199.52
28466,1199.4
28467,1199.37
28468,1199.38
28469,1199.22
28470,1199.22
28471,1199.19
28472,1199.17
28473,1120.92
28474,1199.31
28475,1199.88
28476,1619.33
28477,1680.05
28478,1680.62
28479,2330.1
28480,2330.49
28481,2630.43
28482,2800.63
28483,2780.67
28484,3000.22
28485,3280.68
28486,3301.0
28487,3669.89
28488,4899.27
28489,4998.43
28490,5500.17
28491,6000.11
28492,5517.96
28493,5350.79
28494,4899.11
28495,4120.62
28496,3429.36
28497,3290.45
28498,3280.43
28499,3000.94
28500,2749.83
28501,2749.1
28502,2749.72
28503,2940.03
28504,2940.07
28505,2940.13
28506,2940.16
28507,2940.22
28508,2940.26
28509,2940.32
28510,2940.29
28511,2940.3
28512,2940.13
28513,2830.76
28514,2830.66
28515,2830.57
28516,2830.53
28517,2722.0
28518,2698.01
28519,2731.37
28520,2679.07
28521,2720.19
28522,2690.72
28523,2643.59
28524,2630.9
28525,2630.63
28526,2630.51
28527,2630.34
28528,2630.39
28529,2630.48
28530,2819.94
28531,2819.44
28532,2830.52
28533,2870.5
28534,2962.52
28535,3171.86
28536,3171.98
28537,3435.44
28538,3790.08
28539,3774.08
28540,3720.37
28541,3435.09
28542,3435.76
28543,3200.21
28544,3120.37
28545,3171.68
28546,3171.24
28547,2962.64
28548,2769.99
28549,2604.18
28550,2749.71
28551,2602.14
28552,2570.4
28553,2314.38
28554,2469.67
28555,2700.21
28556,2469.46
28557,2283.67
28558,2283.19
28559,2000.38
28560,1999.99
28561,1999.88
28562,1999.69
28563,1999.27
28564,1999.32
28565,1700.38
28566,1850.6
28567,1999.01
28568,1999.16
28569,1999.22
28570,1999.69
28571,2141.17
28572,2141.88
28573,2314.54
28574,2469.66
28575,2679.17
28576,2710.07
28577,2710.05
28578,2769.65
28579,2769.35
28580,2962.04
28581,2962.56
28582,3171.36
28583,3720.05
28584,3881.14
28585,4144.06
28586,4439.84
28587,5800.96
28588,6000.19
28589,6000.72
28590,5880.29
28591,4428.48
28592,4169.48
28593,4169.14
28594,4089.31
28595,3959.08
28596,3580.33
28597,3436.66
28598,3250.56
28599,3329.96
28600,3329.47
28601,3429.55
28602,3448.38
28603,3429.72
28604,3429.9
28605,3429.22
28606,3287.93
28607,3219.34
28608,3171.2
28609,2819.43
28610,2569.55
28611,2314.78
28612,2314.43
28613,2569.17
28614,2500.17
28615,2500.61
28616,2385.44
28617,2250.31
28618,2177.97
28619,2250.23
28620,2177.94
28621,2177.7
28622,2177.38
28623,2177.69
28624,2177.87
28625,2314.35
28626,2569.05
28627,2569.14
28628,2569.46
28629,2679.41
28630,2769.12
28631,2769.49
28632,2769.99
28633,3379.45
28634,3495.75
28635,3435.64
28636,3171.88
28637,3149.4
28638,3171.16
28639,3171.5
28640,3099.2
28641,2962.74
28642,2960.3
28643,2960.59
28644,2769.88
28645,2769.76
28646,2809.92
28647,2769.81
28648,2769.58
28649,2769.55
28650,2769.41
28651,2769.18
28652,2619.84
28653,2200.49
28654,2200.11
28655,2200.32
28656,2200.4
28657,2200.13
28658,2200.11
28659,2180.11
28660,2180.78
28661,2177.44
28662,2147.9
28663,2177.67
28664,2180.4
28665,2177.76
28666,2200.38
28667,2250.93
28668,2250.93
28669,2769.05
28670,2769.69
28671,2769.59
28672,2769.75
28673,2769.42
28674,2809.99
28675,2769.95
28676,2769.99
28677,2960.62
28678,3149.83
28679,3171.87
28680,3774.34
28681,4549.3
28682,4863.12
28683,5001.32
28684,6073.32
28685,6415.77
28686,5800.28
28687,5409.38
28688,5000.71
28689,3800.96
28690,3800.21
28691,3739.69
28692,3600.28
28693,3549.01
28694,3539.39
28695,3578.32
28696,3549.35
28697,3529.57
28698,3539.11
28699,3529.61
28700,3378.52
28701,3079.42
28702,2769.69
28703,2769.27
28704,2736.87
28705,2819.27
28706,2819.71
28707,2819.68
28708,2819.45
28709,2819.53
28710,2769.95
28711,2819.11
28712,2769.81
28713,2770.0
28714,2769.88
28715,2769.68
28716,2769.47
28717,2769.18
28718,2769.03
28719,2750.88
28720,2769.05
28721,2749.86
28722,2749.55
28723,2769.41
28724,2819.33
28725,2911.12
28726,3001.1
28727,3171.78
28728,3171.99
28729,3435.64
28730,3499.82
28731,3500.67
28732,3720.74
28733,3774.38
28734,3774.42
28735,3720.12
28736,3670.38
28737,3569.54
28738,3501.94
28739,3720.57
28740,3495.17
28741,3319.75
28742,3435.09
28743,3319.97
28744,3319.67
28745,3171.74
28746,3171.86
28747,3202.38
28748,3171.37
28749,2962.1
28750,2953.22
28751,2950.88
28752,2950.93
28753,2809.87
28754,2809.18
28755,2710.9
28756,2699.94
28757,2699.06
28758,2599.18
28759,2610.45
28760,2699.17
28761,2699.46
28762,2710.57
28763,2769.62
28764,2809.33
28765,2962.46
28766,2962.08
28767,3050.47
28768,3171.91
28769,3171.43
28770,3435.41
28771,3319.29
28772,3499.34
28773,3774.71
28774,3974.18
28775,4144.11
28776,5000.37
28777,6000.22
28778,7529.62
28779,8551.03
28780,9659.4
28781,9747.21
28782,9452.88
28783,7409.8
28784,6500.4
28785,5001.53
28786,5000.11
28787,4549.71
28788,4159.76
28789,4073.77
28790,3959.32
28791,3800.83
28792,3759.79
28793,3759.16
28794,3739.73
28795,3739.14
28796,3570.88
28797,3495.31
28798,3329.13
28799,3204.03
28800,3171.44
28801,3001.28
28802,3079.11
28803,3079.34
28804,3001.41
28805,2962.06
28806,2962.36
28807,2962.33
28808,2850.65
28809,2870.66
28810,2819.55
28811,2769.8
28812,2819.68
28813,2769.78
28814,2769.74
28815,2769.89
28816,2769.96
28817,2819.88
28818,2962.29
28819,3050.07
28820,3082.62
28821,3171.53
28822,3495.26
28823,3579.09
28824,3790.65
28825,3959.61
28826,4300.64
28827,4500.26
28828,5000.17
28829,5000.06
28830,5000.09
28831,4750.13
28832,4047.4
28833,3790.64
28834,3720.87
28835,3569.41
28836,3551.64
28837,3568.95
28838,3568.88
28839,3559.04
28840,3563.08
28841,3553.31
28842,3589.55
28843,3602.66
28844,3749.51
28845,3549.18
28846,3549.67
28847,3495.75
28848,3495.66
28849,3319.61
28850,3319.24
28851,3203.02
28852,3171.15
28853,3149.31
28854,2962.96
28855,3002.39
28856,3049.44
28857,3171.49
28858,3171.48
28859,3319.36
28860,3171.24
28861,3202.78
28862,3171.51
28863,3319.68
28864,3435.27
28865,3319.83
28866,3774.35
28867,3739.97
28868,4089.6
28869,4599.8
28870,4700.89
28871,5300.85
28872,7529.19
28873,7500.58
28874,9000.99
28875,10500.8
28876,10500.82
28877,10500.59
28878,10300.49
28879,8000.87
28880,7400.21
28881,5901.98
28882,5500.37
28883,5000.47
28884,5000.3
28885,4549.03
28886,4136.03
28887,3959.24
28888,3739.73
28889,3600.38
28890,3579.2
28891,3569.61
28892,3579.31
28893,3579.4
28894,3619.19
28895,3549.8
28896,3499.7
28897,2962.46
28898,2962.85
28899,3099.18
28900,3079.18
28901,3001.03
28902,3012.08
28903,3048.46
28904,3000.73
28905,2962.35
28906,2950.07
28907,2819.94
28908,2819.53
28909,2819.0
28910,2769.77
28911,2769.92
28912,2819.42
28913,2962.81
28914,3001.44
28915,3079.02
28916,3171.23
28917,3171.26
28918,3495.24
28919,3569.36
28920,3720.94
28921,3720.81
28922,4025.81
28923,4100.57
28924,4850.75
28925,4750.99
28926,4998.1
28927,4500.2
28928,4025.93
28929,3974.99
28930,3774.15
28931,3612.7
28932,3618.26
28933,3581.18
28934,3569.45
28935,3549.12
28936,3539.01
28937,3529.36
28938,3539.32
28939,3529.86
28940,3500.5
28941,3250.92
28942,3400.84
28943,3319.21
28944,3189.37
28945,3089.55
28946,3079.78
28947,3014.7
28948,3016.91
28949,2962.41
28950,2911.26
28951,2909.16
28952,2909.87
28953,2950.8
28954,2953.57
28955,3143.21
28956,3018.99
28957,3145.79
28958,3178.85
28959,3540.76
28960,3591.2
28961,3591.88
28962,3774.69
28963,3570.8
28964,3774.4
28965,3881.54
28966,3998.57
28967,5800.37
28968,8500.53
28969,8500.19
28970,10000.61
28971,12000.0
28972,12000.0
28973,11500.92
28974,8862.81
28975,7365.18
28976,6450.14
28977,5383.37
28978,4799.39
28979,4339.83
28980,4089.34
28981,3759.61
28982,3759.27
28983,3670.84
28984,3739.35
28985,3539.3
28986,3539.64
28987,3529.52
28988,3529.46
28989,3495.42
28990,3495.22
28991,3189.44
28992,3100.57
28993,3171.89
28994,3171.35
28995,3171.89
28996,3171.21
28997,3171.4
28998,3171.5
28999,3171.8
29000,3171.73
29001,3029.85
29002,3029.63
29003,3029.86
29004,3029.35
29005,3000.86
29006,2999.95
29007,2999.99
29008,3000.82
29009,3171.27
29010,3200.21
29011,3250.48
29012,3495.57
29013,3320.33
29014,3720.03
29015,3774.94
29016,3774.04
29017,3774.06
29018,4025.56
29019,4144.28
29020,4998.54
29021,5000.46
29022,4998.72
29023,4159.95
29024,4047.99
29025,4025.06
29026,3790.09
29027,3670.98
29028,3720.33
29029,3495.43
29030,3319.69
29031,3435.2
29032,3429.01
29033,3319.79
29034,3400.72
29035,3319.33
29036,3319.17
29037,3319.12
29038,3297.7
29039,3250.26
29040,3171.89
29041,3002.1
29042,2962.17
29043,2953.65
29044,2911.48
29045,2839.01
29046,2749.51
29047,2630.6
29048,2722.36
29049,2769.82
29050,2911.37
29051,2948.53
29052,2911.51
29053,2960.15
29054,2960.25
29055,3171.88
29056,3319.32
29057,3319.55
29058,3495.93
29059,3435.53
29060,3569.77
29061,3774.74
29062,3998.68
29063,4599.13
29064,5000.98
29065,5500.15
29066,5800.15
29067,6034.52
29068,6529.25
29069,6500.86
29070,6005.66
29071,5249.75
29072,5000.82
29073,4750.78
29074,3998.4
29075,3539.48
29076,3250.05
29077,3000.93
29078,3400.24
29079,3250.39
29080,3099.63
29081,3189.95
29082,3189.64
29083,3189.04
29084,3079.48
29085,3002.51
29086,2999.73
29087,2860.27
29088,2750.48
29089,3579.03
29090,3579.71
29091,3720.05
29092,3579.69
29093,3720.34
29094,3579.21
29095,3569.51
29096,3569.82
29097,3495.52
29098,3329.87
29099,3495.35
29100,3329.5
29101,3294.1
29102,3250.58
29103,3250.21
29104,3250.08
29105,3429.55
29106,3400.74
29107,3495.76
29108,3579.48
29109,3739.82
29110,3790.25
29111,3800.28
29112,3774.84
29113,3774.11
29114,4100.65
29115,4900.22
29116,5800.96
29117,6000.09
29118,5800.95
29119,5500.04
29120,5000.09
29121,4954.57
29122,5000.06
29123,4953.73
29124,4599.21
29125,4500.14
29126,4500.01
29127,4454.24
29128,4100.1
29129,4025.98
29130,4025.91
29131,4047.6
29132,4010.02
29133,3959.92
29134,3870.04
29135,3870.4
29136,3790.14
29137,3750.58
29138,3774.46
29139,3739.91
29140,3750.97
29141,3495.61
29142,3340.92
29143,3340.5
29144,3495.58
29145,3720.83
29146,3774.71
29147,3790.91
29148,3790.21
29149,3959.61
29150,3881.16
29151,3975.45
29152,4025.77
29153,4089.37
29154,4648.15
29155,4648.43
29156,5000.27
29157,5000.81
29158,5000.8
29159,7000.23
29160,10000.61
29161,10000.55
29162,11000.68
29163,12000.0
29164,12000.0
29165,7529.29
29166,6999.01
29167,5620.93
29168,5249.08
29169,4900.59
29170,4169.54
29171,4010.52
29172,3739.4
29173,3500.95
29174,3650.97
29175,3739.0
29176,3500.31
29177,3650.94
29178,3739.17
29179,3900.16
29180,3739.27
29181,3650.8
29182,3579.57
29183,3580.0
29184,3500.3
1,1999.11
2,1999.35
3,1999.5
4,1999.44
5,1999.24
6,1999.01
7,1899.81
8,1899.55
9,1899.07
10,1899.03
11,1899.06
12,1800.55
13,1899.51
14,1899.69
15,1899.87
16,1900.1
17,1899.91
18,1899.98
19,1999.06
20,1999.32
21,2355.5
22,2538.69
23,2599.69
24,2808.62
25,3019.23
26,3419.26
27,3499.59
28,3699.44
29,3715.52
30,3959.21
31,4200.67
32,4100.29
33,4613.35
34,4613.28
35,5770.06
36,5770.11
37,5550.06
38,5550.3
39,5550.19
40,5250.47
41,4468.19
42,4599.04
43,4613.23
44,4350.2
45,3750.88
46,3900.86
47,3699.3
48,3569.79
49,3569.46
50,3569.09
51,3415.45
52,3170.64
53,2819.72
54,2819.37
55,2669.48
56,2649.24
57,2539.17
58,2559.34
59,2539.0
60,2559.06
61,2923.29
62,3000.39
63,3001.35
64,3250.2
65,3415.17
66,3500.4
67,3800.02
68,4359.45
69,4468.07
70,3959.67
71,3800.94
72,3800.02
73,4067.38
74,4469.0
75,4468.88
76,3991.03
77,3959.81
78,3991.19
79,4000.06
80,3899.31
81,3499.9
82,3449.87
83,3446.25
84,3446.03
85,3219.59
86,3000.5
87,2929.68
88,2819.37
89,2579.5
90,2579.56
91,2529.6
92,2505.44
93,2203.39
94,2202.41
95,2189.75
96,2149.47
2977,2000.15
2978,2000.0
2979,1999.99
2980,1999.84
2981,1999.78
2982,1999.6
2983,1999.47
2984,1999.3
2985,1899.58
2986,1899.63
2987,1899.25
2988,1899.15
2989,1899.59
2990,1899.76
2991,1970.25
2992,1899.91
2993,1999.27
2994,1999.5
2995,1999.82
2996,2036.46
2997,2411.13
2998,2505.74
2999,2505.6
3000,2599.08
3001,3004.73
3002,3479.68
3003,3800.48
3004,3969.92
3005,3808.95
3006,3959.77
3007,4359.94
3008,4468.07
3009,4989.35
3010,4100.69
3011,4359.5
3012,4989.08
3013,4000.37
3014,4200.92
3015,4468.49
3016,4500.89
3017,3433.33
3018,3699.16
3019,3959.1
3020,3499.88
3021,3433.89
3022,3381.19
3023,3219.49
3024,3202.87
3025,2929.93
3026,2950.88
3027,2819.94
3028,2819.08
3029,2650.19
3030,2539.6
3031,2529.15
3032,2430.59
3033,2409.11
3034,2409.72
3035,2538.93
3036,2539.61
3037,2700.72
3038,2819.82
3039,3147.13
3040,3349.16
3041,3415.13
3042,3415.85
3043,3780.74
3044,4000.6
3045,3499.89
3046,3849.15
3047,3699.45
3048,4000.54
3049,4200.19
3050,4468.11
3051,3989.64
3052,3989.62
3053,3959.69
3054,3900.34
3055,3499.96
3056,3479.92
3057,3479.49
3058,3449.56
3059,3449.11
3060,3099.97
3061,2871.87
3062,2869.33
3063,2819.02
3064,2599.91
3065,2239.71
3066,2300.0
3067,2036.9
3068,2036.63
3069,1999.96
3070,1999.94
3071,1999.99
3072,2000.24
5665,1899.06
5666,1800.74
5667,1899.05
5668,1739.13
5669,1739.83
5670,1724.28
5671,1644.48
5672,1641.92
5673,1641.58
5674,1641.9
5675,1621.89
5676,1621.68
5677,1621.38
5678,1621.19
5679,1621.04
5680,1621.29
5681,1641.94
5682,1799.49
5683,1899.05
5684,1899.17
5685,1899.89
5686,2239.82
5687,2239.68
5688,2499.34
5689,2850.42
5690,3415.05
5691,3499.96
5692,3899.45
5693,3898.01
5694,4200.64
5695,4468.23
5696,4350.09
5697,4700.73
5698,4989.2
5699,6100.81
5700,6100.89
5701,6070.09
5702,6070.4
5703,6070.3
5704,5790.31
5705,5170.23
5706,5170.22
5707,5170.0
5708,4500.17
5709,4250.94
5710,4250.68
5711,4400.01
5712,3959.89
5713,3950.51
5714,3969.65
5715,3600.29
5716,3435.72
5717,3199.27
5718,3050.23
5719,3000.43
5720,2869.3
5721,2923.11
5722,2869.29
5723,2819.01
5724,2819.89
5725,3200.75
5726,3375.62
5727,3415.09
5728,3415.68
5729,3415.6
5730,3499.59
5731,3969.13
5732,4100.17
5733,3989.28
5734,3989.82
5735,3989.39
5736,4800.23
5737,5000.46
5738,6399.03
5739,5000.97
5740,4468.89
5741,4471.23
5742,4468.77
5743,3998.66
5744,3898.08
5745,3509.14
5746,3509.22
5747,3499.32
5748,3339.33
5749,3220.36
5750,3099.28
5751,3000.19
5752,2746.92
5753,2746.63
5754,2669.62
5755,2559.89
5756,2500.91
5757,2239.75
5758,2239.1
5759,2000.82
5760,2000.19
8641,1899.01
8642,1899.07
8643,1899.04
8644,1724.78
8645,1724.93
8646,1724.31
8647,1644.26
8648,1641.32
8649,1621.96
8650,1641.31
8651,1621.05
8652,1600.69
8653,1644.01
8654,1644.91
8655,1724.39
8656,1724.4
8657,1750.08
8658,1899.51
8659,1999.15
8660,1999.69
8661,2502.48
8662,2539.77
8663,2599.13
8664,2819.13
8665,3381.75
8666,3600.54
8667,4300.36
8668,4700.42
8669,4700.45
8670,5000.69
8671,5300.53
8672,5300.32
8673,5500.19
8674,5800.03
8675,6350.17
8676,6350.1
8677,5645.8
8678,6280.01
8679,6100.91
8680,6070.02
8681,4468.76
8682,4549.36
8683,5370.33
8684,4980.77
8685,4670.36
8686,4670.19
8687,4046.91
8688,4468.0
8689,3989.91
8690,4270.02
8691,3989.01
8692,3770.14
8693,3415.39
8694,3300.81
8695,3199.15
8696,3050.11
8697,2923.1
8698,2819.92
8699,2819.82
8700,2819.51
8701,2857.93
8702,2923.27
8703,3171.31
8704,3317.17
8705,3171.55
8706,3465.78
8707,3700.94
8708,3701.0
8709,3989.21
8710,4872.22
8711,5229.26
8712,5312.5
8713,5000.31
8714,5999.59
8715,5999.28
8716,5500.54
8717,5281.01
8718,5120.12
8719,4745.33
8720,4000.82
8721,3800.8
8722,3500.57
8723,3495.23
8724,3493.84
8725,3491.75
8726,3298.59
8727,3200.86
8728,3000.03
8729,2746.67
8730,2700.4
8731,2559.3
8732,2239.15
8733,2036.45
8734,2036.9
8735,2000.0
8736,1999.92
11521,1724.84
11522,1699.98
11523,1724.19
11524,1700.0
11525,1699.75
11526,1699.63
11527,1699.45
11528,1699.4
11529,1699.32
11530,1699.33
11531,1699.23
11532,1699.23
11533,1699.22
11534,1699.23
11535,1699.24
11536,1699.27
11537,1699.24
11538,1699.4
11539,1699.54
11540,1699.75
11541,1999.48
11542,2399.58
11543,2579.85
11544,2819.11
11545,3415.09
11546,3730.41
11547,4718.45
11548,5500.46
11549,5500.28
11550,5900.2
11551,5999.9
11552,5643.03
11553,5989.07
11554,5000.02
11555,4549.79
11556,5000.38
11557,4468.49
11558,5645.15
11559,5977.36
11560,5645.97
11561,4468.68
11562,4549.8
11563,4689.63
11564,4870.2
11565,4468.12
11566,4302.7
11567,4250.19
11568,4250.42
11569,3989.76
11570,3700.96
11571,3600.7
11572,3435.57
11573,3100.51
11574,3000.26
11575,3000.96
11576,2923.76
11577,2819.22
11578,2819.01
11579,2819.84
11580,2819.84
11581,2869.71
11582,3100.67
11583,3196.0
11584,3199.58
11585,3200.18
11586,3479.18
11587,3950.72
11588,4468.47
11589,4900.09
11590,5209.53
11591,5000.81
11592,6100.47
11593,6100.97
11594,7520.76
11595,7023.02
11596,6182.38
11597,5645.32
11598,5209.91
11599,4906.87
11600,4562.87
11601,3959.76
11602,3898.11
11603,3700.08
11604,3505.02
11605,3499.41
11606,3492.32
11607,3069.34
11608,2869.93
11609,2669.47
11610,2584.24
11611,2538.61
11612,2528.53
11613,2199.59
11614,2199.1
11615,2189.05
11616,2117.01
14497,2167.11
14498,2117.38
14499,2117.0
14500,2036.94
14501,2033.39
14502,1999.87
14503,1999.47
14504,1999.14
14505,1900.18
14506,1900.69
14507,1841.04
14508,1829.9
14509,1830.41
14510,1850.92
14511,1841.85
14512,1979.22
14513,1799.88
14514,1999.2
14515,1999.82
14516,2036.21
14517,2355.74
14518,2539.06
14519,2624.68
14520,2929.14
14521,3339.34
14522,3656.95
14523,4100.16
14524,4050.46
14525,4000.73
14526,4468.82
14527,4468.69
14528,4549.83
14529,6100.35
14530,4500.99
14531,4000.31
14532,4200.26
14533,3959.28
14534,3800.1
14535,4000.54
14536,4300.5
14537,3800.37
14538,4250.01
14539,4468.41
14540,4468.28
14541,4444.05
14542,4000.61
14543,3959.39
14544,4250.51
14545,3899.24
14546,3610.01
14547,3499.44
14548,3423.02
14549,3326.55
14550,3143.9
14551,3050.92
14552,2929.23
14553,2840.67
14554,2819.62
14555,2923.95
14556,2923.91
14557,3100.46
14558,3143.63
14559,3326.62
14560,3326.38
14561,3219.7
14562,3199.42
14563,3499.5
14564,3500.77
14565,4468.39
14566,4468.79
14567,5509.76
14568,6997.26
14569,7257.22
14570,8029.53
14571,7975.64
14572,7142.81
14573,6151.7
14574,5999.99
14575,5489.56
14576,5144.31
14577,4468.64
14578,4000.46
14579,3931.03
14580,3899.45
14581,3499.37
14582,3419.48
14583,3199.75
14584,2979.44
14585,2819.17
14586,2746.2
14587,2584.96
14588,2538.11
14589,2239.95
14590,2100.22
14591,1999.99
14592,1999.85
17377,2000.32
17378,1999.64
17379,2000.36
17380,1999.76
17381,1999.37
17382,1999.05
17383,1799.89
17384,1799.56
17385,1799.26
17386,1799.23
17387,1799.07
17388,1739.53
17389,1759.74
17390,1799.11
17391,1799.03
17392,1799.16
17393,1799.24
17394,1799.56
17395,1800.9
17396,1999.27
17397,2189.52
17398,2411.29
17399,2539.22
17400,2701.07
17401,2929.17
17402,3415.61
17403,3423.67
17404,3569.19
17405,3766.3
17406,3959.4
17407,3989.3
17408,3959.65
17409,3989.45
17410,3825.63
17411,3989.64
17412,4300.39
17413,4000.45
17414,4470.08
17415,4250.21
17416,4870.26
17417,4250.06
17418,4870.75
17419,5000.3
17420,5000.22
17421,3800.86
17422,3825.26
17423,3719.04
17424,3600.13
17425,3209.77
17426,3219.49
17427,3435.94
17428,3251.98
17429,3143.53
17430,2929.39
17431,2819.72
17432,2800.32
17433,2731.23
17434,2731.65
17435,2800.15
17436,2819.42
17437,2929.79
17438,3100.71
17439,3171.34
17440,3219.72
17441,3326.85
17442,3499.55
17443,3499.05
17444,3499.95
17445,3600.11
17446,3849.74
17447,3989.85
17448,5039.21
17449,5039.89
17450,6244.52
17451,8000.55
17452,6244.42
17453,5645.79
17454,5509.3
17455,5000.16
17456,4480.53
17457,4015.45
17458,3899.6
17459,3569.76
17460,3499.41
17461,3423.33
17462,3281.1
17463,3328.01
17464,3000.44
17465,2845.27
17466,2746.79
17467,2584.82
17468,2538.63
17469,2500.66
17470,2400.06
17471,2239.4
17472,2189.44
20353,1799.9
20354,1799.99
20355,1799.7
20356,1799.45
20357,1799.29
20358,1799.02
20359,1724.8
20360,1724.15
20361,1724.14
20362,1699.39
20363,1669.67
20364,1644.81
20365,1644.57
20366,1644.3
20367,1644.61
20368,1669.38
20369,1699.4
20370,1799.07
20371,1799.55
20372,1799.95
20373,1999.88
20374,2167.68
20375,2411.22
20376,2505.9
20377,2779.09
20378,3381.82
20379,3569.93
20380,3700.03
20381,3879.86
20382,3989.44
20383,3989.06
20384,3989.44
20385,4200.79
20386,4391.41
20387,4800.21
20388,4750.64
20389,3709.97
20390,3750.64
20391,3709.86
20392,3709.79
20393,3709.12
20394,3750.73
20395,3800.22
20396,3750.31
20397,3709.13
20398,3777.28
20399,3709.71
20400,3656.06
20401,3479.06
20402,3415.94
20403,3333.77
20404,2989.69
20405,2923.57
20406,2923.33
20407,2819.61
20408,2819.03
20409,2819.98
20410,2900.6
20411,2989.66
20412,2989.28
20413,3250.02
20414,3300.23
20415,3326.05
20416,3326.4
20417,3199.15
20418,3499.76
20419,3748.07
20420,3899.45
20421,3899.93
20422,4750.73
20423,4500.07
20424,4048.93
20425,5039.34
20426,5999.92
20427,6100.96
20428,6100.06
20429,5039.35
20430,4649.52
20431,4494.04
20432,4498.5
20433,3798.54
20434,3699.97
20435,3500.89
20436,3499.56
20437,3479.63
20438,3339.62
20439,3199.04
20440,3019.59
20441,2750.17
20442,2584.66
20443,2539.18
20444,2355.97
20445,2130.37
20446,2036.92
20447,2000.53
20448,1999.78
23329,1999.48
23330,1999.46
23331,1999.37
23332,1999.2
23333,1899.57
23334,1829.75
23335,1799.54
23336,1799.3
23337,1724.54
23338,1724.53
23339,1724.57
23340,1700.61
23341,1724.22
23342,1724.45
23343,1724.8
23344,1739.89
23345,1799.32
23346,1830.06
23347,1899.72
23348,1999.34
23349,2117.38
23350,2202.27
23351,2339.96
23352,2518.47
23353,2624.28
23354,2979.25
23355,3317.27
23356,3400.06
23357,3219.96
23358,3333.97
23359,3499.36
23360,3710.44
23361,3617.57
23362,3800.0
23363,3959.75
23364,4151.33
23365,3899.01
23366,3656.27
23367,3748.45
23368,3748.36
23369,3415.31
23370,3415.74
23371,3435.57
23372,3415.95
23373,3250.63
23374,3250.57
23375,3172.0
23376,2958.16
23377,2800.78
23378,2579.56
23379,2409.64
23380,2409.26
23381,2239.96
23382,2239.32
23383,2239.1
23384,1999.91
23385,2079.99
23386,2239.67
23387,2409.58
23388,2411.69
23389,2538.64
23390,2568.92
23391,2819.39
23392,2819.56
23393,2819.3
23394,2923.15
23395,2900.96
23396,2929.54
23397,2929.57
23398,3328.39
23399,3415.84
23400,3499.4
23401,4150.03
23402,4492.31
23403,4500.47
23404,4249.24
23405,3989.7
23406,3959.83
23407,3748.43
23408,3569.47
23409,3479.06
23410,3449.89
23411,3449.4
23412,3339.01
23413,3200.98
23414,3099.77
23415,2998.21
23416,2819.81
23417,2746.48
23418,2584.34
23419,2538.04
23420,2381.46
23421,2036.9
23422,1999.99
23423,1999.84
23424,1999.74
26209,1999.08
26210,1979.45
26211,1999.01
26212,1899.44
26213,1799.76
26214,1799.42
26215,1799.24
26216,1799.04
26217,1756.84
26218,1751.65
26219,1750.78
26220,1730.91
26221,1799.05
26222,1799.05
26223,1799.12
26224,1799.2
26225,1799.42
26226,1799.87
26227,1999.15
26228,1999.5
26229,2043.54
26230,2199.82
26231,2411.54
26232,2539.88
26233,2799.25
26234,3196.23
26235,3415.99
26236,3600.27
26237,3748.24
26238,3879.69
26239,3960.0
26240,3959.87
26241,4150.07
26242,3800.91
26243,4000.16
26244,3959.36
26245,4050.17
26246,4000.02
26247,4150.24
26248,4500.32
26249,4300.95
26250,4250.03
26251,4500.21
26252,4977.56
26253,3959.8
26254,3700.86
26255,3419.09
26256,3339.77
26257,3339.02
26258,3339.25
26259,3249.48
26260,3249.05
26261,2923.64
26262,2866.91
26263,2819.22
26264,2669.93
26265,2600.36
26266,2584.87
26267,2800.95
26268,2819.19
26269,2923.19
26270,3000.8
26271,3199.89
26272,3249.72
26273,3200.64
26274,3350.17
26275,3469.38
26276,3479.22
26277,3899.42
26278,4720.66
26279,4924.41
26280,5720.06
26281,5039.93
26282,6090.79
26283,8000.23
26284,6090.74
26285,6090.87
26286,5039.71
26287,4900.28
26288,4100.01
26289,3989.31
26290,3748.62
26291,3569.08
26292,3460.0
26293,3469.79
26294,3339.3
26295,3249.34
26296,3019.88
26297,2919.9
26298,2819.62
26299,2746.6
26300,2579.84
26301,2507.85
26302,2504.11
26303,2499.07
26304,2411.21
29185,1999.39
29186,1999.45
29187,1999.66
29188,1999.48
29189,1999.21
29190,1999.1
29191,1950.01
29192,1799.89
29193,1799.67
29194,1799.58
29195,1799.51
29196,1799.46
29197,1799.62
29198,1799.61
29199,1799.54
29200,1799.66
29201,1799.86
29202,1979.08
29203,1999.52
29204,1999.96
29205,2239.44
29206,2499.23
29207,2529.82
29208,2579.79
29209,2900.21
29210,3249.94
29211,3449.49
29212,3656.12
29213,3789.5
29214,3869.51
29215,3959.48
29216,4380.15
29217,4520.88
29218,3919.5
29219,4500.65
29220,4900.44
29221,4500.75
29222,4500.11
29223,4935.54
29224,4599.43
29225,3777.62
29226,3900.1
29227,3469.75
29228,3469.72
29229,3500.05
29230,3469.6
29231,3249.96
29232,3419.4
29233,3339.82
29234,3419.44
29235,3249.69
29236,3249.09
29237,2819.68
29238,2800.29
29239,2746.58
29240,2669.39
29241,2584.66
29242,2579.41
29243,2584.66
29244,2584.6
29245,2650.08
29246,2700.92
29247,2923.15
29248,2923.86
29249,2866.66
29250,2929.21
29251,3249.19
29252,3419.59
29253,3469.9
29254,3509.09
29255,4048.97
29256,5000.69
29257,4989.25
29258,5977.22
29259,6337.55
29260,5977.18
29261,5509.57
29262,4500.86
29263,4370.89
29264,4050.56
29265,3931.95
29266,3569.14
29267,3490.14
29268,3318.03
29269,3219.43
29270,3099.74
29271,3069.14
29272,2869.95
29273,2740.11
29274,2579.95
29275,2550.13
29276,2318.75
29277,2239.64
29278,2239.94
29279,2239.09
29280,2199.79
32065,1849.66
32066,1849.57
32067,1849.5
32068,1849.3
32069,1829.41
32070,1799.72
32071,1800.49
32072,1699.28
32073,1699.2
32074,1699.12
32075,1699.06
32076,1650.14
32077,1669.21
32078,1650.75
32079,1650.63
32080,1699.01
32081,1699.06
32082,1699.86
32083,1730.12
32084,1800.04
32085,1999.82
32086,2239.23
32087,2251.56
32088,2469.02
32089,2746.31
32090,3169.96
32091,3509.39
32092,3659.35
32093,3519.76
32094,3869.14
32095,4000.24
32096,4151.59
32097,4300.65
32098,3900.98
32099,3850.97
32100,3850.23
32101,3509.52
32102,3659.33
32103,4000.41
32104,4000.75
32105,3869.51
32106,4613.11
32107,4319.99
32108,4319.32
32109,4319.16
32110,3825.14
32111,3500.6
32112,3509.27
32113,3419.1
32114,3365.47
32115,3110.12
32116,3000.76
32117,2746.83
32118,2584.51
32119,2556.53
32120,2538.71
32121,2500.46
32122,2538.11
32123,2538.58
32124,2538.58
32125,2584.88
32126,2746.76
32127,2900.66
32128,2929.88
32129,2850.94
32130,2866.87
32131,3030.0
32132,3509.49
32133,3659.5
32134,3748.03
32135,3869.43
32136,4399.57
32137,5509.28
32138,6244.96
32139,6666.17
32140,6244.49
32141,6100.6
32142,4900.55
32143,4499.67
32144,4048.73
32145,3931.19
32146,3700.75
32147,3500.85
32148,3498.48
32149,3497.45
32150,3491.7
32151,3328.33
32152,3077.26
32153,2800.24
32154,2746.39
32155,2624.08
32156,2539.82
32157,2318.99
32158,2239.38
32159,2100.63
32160,1999.94
1153,1849.89
1154,1849.77
1155,1849.79
1156,1849.6
1157,1849.27
1158,1849.28
1159,1849.13
1160,1699.5
1161,1699.47
1162,1699.38
1163,1699.32
1164,1699.2
1165,1699.16
1166,1699.12
1167,1699.13
1168,1699.13
1169,1699.28
1170,1714.51
1171,1800.79
1172,1849.85
1173,1999.68
1174,2201.96
1175,2239.19
1176,2239.78
1177,2819.28
1178,2999.85
1179,3415.99
1180,3447.95
1181,3509.79
1182,3769.02
1183,3825.94
1184,3900.14
1185,4155.18
1186,4319.0
1187,4319.57
1188,4935.3
1189,3825.02
1190,4100.07
1191,4800.07
1192,4800.44
1193,4319.1
1194,4005.45
1195,4319.12
1196,3900.98
1197,3600.72
1198,3659.9
1199,3419.74
1200,3415.74
1201,3414.55
1202,3399.46
1203,3169.51
1204,2999.75
1205,2800.4
1206,2584.55
1207,2559.25
1208,2538.39
1209,2527.51
1210,2411.76
1211,2527.95
1212,2538.08
1213,2538.53
1214,2538.87
1215,2538.5
1216,2539.19
1217,2538.41
1218,2584.81
1219,2929.08
1220,2999.96
1221,3500.06
1222,4068.36
1223,4935.17
1224,5200.29
1225,6400.73
1226,8000.52
1227,8602.83
1228,7570.51
1229,6912.04
1230,5800.43
1231,4989.34
1232,4500.87
1233,4200.03
1234,3869.58
1235,3509.63
1236,3500.07
1237,3492.29
1238,3438.4
1239,3414.74
1240,3148.49
1241,2819.71
1242,2755.6
1243,2584.42
1244,2539.1
1245,2319.52
1246,2239.2
1247,2035.1
1248,1999.92
1249,1849.39
1250,1849.04
1251,1800.86
1252,1739.06
1253,1749.67
1254,1714.86
1255,1701.83
1256,1698.19
1257,1694.76
1258,1694.22
1259,1694.22
1260,1674.85
1261,1674.57
1262,1674.01
1263,1674.21
1264,1674.44
1265,1674.1
1266,1694.27
1267,1699.15
1268,1699.71
1269,1999.06
1270,1999.95
1271,1999.89
1272,2149.03
1273,2559.88
1274,2923.6
1275,3169.42
1276,3370.25
1277,3338.28
1278,3419.03
1279,3659.75
1280,3779.91
1281,3899.03
1282,3659.16
1283,3659.02
1284,3659.28
1285,3509.6
1286,3509.8
1287,3659.57
1288,3750.91
1289,3509.77
1290,3600.92
1291,3659.16
1292,3509.02
1293,3415.67
1294,3415.45
1295,3169.79
1296,3169.5
1297,3000.17
1298,2999.82
1299,2820.0
1300,2779.65
1301,2539.07
1302,2538.16
1303,2411.98
1304,2239.78
1305,2239.14
1306,2189.44
1307,2189.87
1308,2189.39
1309,2359.56
1310,2411.5
1311,2411.75
1312,2500.37
1313,2359.35
1314,2538.08
1315,2599.24
1316,2819.65
1317,2819.69
1318,2950.03
1319,2869.23
1320,2999.51
1321,3365.56
1322,3853.51
1323,4380.44
1324,4599.46
1325,4270.61
1326,4380.78
1327,4300.65
1328,4100.45
1329,3659.29
1330,3700.47
1331,3419.42
1332,3360.02
1333,3219.49
1334,3169.75
1335,3000.32
1336,2899.3
1337,2624.59
1338,2559.66
1339,2469.57
1340,2251.1
1341,1999.92
1342,1999.63
1343,1999.19
1344,1989.57
1345,1989.29
1346,1869.19
1347,1849.95
1348,1849.57
1349,1849.27
1350,1849.07
1351,1849.03
1352,1699.46
1353,1699.44
1354,1699.26
1355,1699.16
1356,1699.04
1357,1699.08
1358,1698.96
1359,1699.28
1360,1699.3
1361,1699.24
1362,1699.92
1363,1750.17
1364,1849.72
1365,1999.49
1366,2239.49
1367,2239.22
1368,2251.33
1369,2599.46
1370,2999.05
1371,3169.1
1372,3220.0
1373,3414.7
1374,3419.19
1375,3447.23
1376,3509.47
1377,3600.79
1378,3490.71
1379,3600.76
1380,3659.43
1381,3749.39
1382,3700.1
1383,4200.13
1384,4613.11
1385,3749.4
1386,3900.68
1387,3900.15
1388,3900.23
1389,3659.72
1390,3509.89
1391,3365.34
1392,3169.86
1393,3169.05
1394,3000.45
1395,2969.56
1396,2929.79
1397,2700.59
1398,2584.37
1399,2539.14
1400,2538.34
1401,2500.52
1402,2339.14
1403,2318.04
1404,2239.93
1405,2450.33
1406,2538.14
1407,2538.89
1408,2538.83
1409,2500.0
1410,2538.02
1411,2799.48
1412,2999.84
1413,3219.02
1414,3500.53
1415,3399.24
1416,3659.44
1417,5402.23
1418,5034.89
1419,6100.06
1420,5509.14
1421,4594.25
1422,3825.54
1423,3883.85
1424,3659.37
1425,3399.94
1426,3414.94
1427,3339.29
1428,3169.28
1429,2999.16
1430,2929.81
1431,2989.91
1432,2819.31
1433,2599.85
1434,2469.95
1435,2400.68
1436,2306.16
1437,2239.17
1438,2035.51
1439,1999.65
1440,1999.47
1441,1714.19
1442,1700.19
1443,1700.54
1444,1698.52
1445,1698.79
1446,1694.38
1447,1674.96
1448,1659.92
1449,1674.32
1450,1650.09
1451,1578.74
1452,1619.45
1453,1619.43
1454,1619.51
1455,1577.83
1456,1623.23
1457,1639.21
1458,1694.34
1459,1699.06
1460,1699.74
1461,1979.86
1462,2102.38
1463,2114.0
1464,2000.97
1465,2319.73
1466,2868.6
1467,2999.26
1468,3024.3
1469,2999.78
1470,3024.36
1471,3199.24
1472,3328.2
1473,3329.0
1474,3339.49
1475,3415.25
1476,3415.95
1477,3419.82
1478,3419.92
1479,3447.57
1480,3509.14
1481,3419.86
1482,3447.58
1483,3498.39
1484,3509.02
1485,3447.81
1486,3447.45
1487,3169.71
1488,3100.6
1489,2999.72
1490,2999.18
1491,2750.3
1492,2600.0
1493,2539.49
1494,2538.72
1495,2499.9
1496,2318.89
1497,2189.64
1498,2189.04
1499,2189.29
1500,2189.11
1501,2333.34
1502,2411.43
1503,2500.99
1504,2527.55
1505,2189.3
1506,2359.73
1507,2527.44
1508,2538.66
1509,2920.1
1510,3000.64
1511,2999.87
1512,3079.52
1513,3758.03
1514,3737.0
1515,3659.85
1516,3900.26
1517,3662.9
1518,3419.64
1519,3409.19
1520,3409.2
1521,3409.06
1522,3339.89
1523,3339.46
1524,3200.16
1525,3024.71
1526,3024.01
1527,2999.31
1528,2755.54
1529,2599.46
1530,2469.48
1531,2333.16
1532,2200.03
1533,2029.02
1534,1999.71
1535,1999.24
1536,1989.73
1537,1849.37
1538,1800.32
1539,1849.09
1540,1800.81
1541,1815.24
1542,1710.9
1543,1710.13
1544,1699.12
1545,1699.35
1546,1699.18
1547,1699.04
1548,1694.95
1549,1694.64
1550,1694.55
1551,1694.11
1552,1694.99
1553,1694.59
1554,1699.72
1555,1710.19
1556,1710.44
1557,1849.26
1558,1999.2
1559,1999.48
1560,1999.61
1561,2319.07
1562,2919.46
1563,3029.28
1564,3249.41
1565,3339.38
1566,3415.43
1567,3459.85
1568,3601.07
1569,3659.77
1570,3656.91
1571,3700.2
1572,3759.39
1573,3759.89
1574,3759.55
1575,4319.28
1576,5500.92
1577,4319.1
1578,4319.44
1579,4319.46
1580,4000.64
1581,4599.77
1582,4319.42
1583,3742.72
1584,3700.16
1585,3419.22
1586,3277.69
1587,3219.07
1588,3139.11
1589,2845.29
1590,2650.58
1591,2571.63
1592,2561.14
1593,2539.13
1594,2539.11
1595,2561.03
1596,2561.16
1597,2571.12
1598,2650.4
1599,2761.45
1600,2761.38
1601,2740.1
1602,2761.19
1603,2939.51
1604,3029.49
1605,3500.33
1606,3509.3
1607,3419.99
1608,3728.7
1609,4689.7
1610,5645.63
1611,6100.17
1612,5645.69
1613,5000.74
1614,4500.82
1615,4101.44
1616,4000.89
1617,4000.07
1618,3728.87
1619,3419.54
1620,3300.23
1621,3199.14
1622,3202.6
1623,3169.28
1624,3024.42
1625,2761.77
1626,2624.42
1627,2508.43
1628,2469.16
1629,2319.81
1630,2149.86
1631,2149.36
1632,2050.4
1633,1999.52
1634,1999.4
1635,1999.63
1636,1999.55
1637,1999.26
1638,1990.65
1639,1989.23
1640,1849.31
1641,1849.35
1642,1849.14
1643,1849.01
1644,1800.71
1645,1849.06
1646,1800.19
1647,1816.43
1648,1800.06
1649,1816.55
1650,1979.41
1651,1999.04
1652,1999.26
1653,2246.09
1654,2406.92
1655,2561.96
1656,2808.06
1657,3049.25
1658,3415.9
1659,3770.29
1660,4200.57
1661,4200.91
1662,4572.42
1663,4572.08
1664,4500.89
1665,4500.61
1666,4500.37
1667,4700.08
1668,4700.07
1669,4700.08
1670,4700.22
1671,5300.3
1672,6100.74
1673,5300.01
1674,5300.1
1675,5300.36
1676,5270.85
1677,5270.77
1678,5270.77
1679,4700.64
1680,4319.95
1681,4319.39
1682,3700.73
1683,3588.17
1684,3472.02
1685,3246.23
1686,3024.24
1687,3000.29
1688,2845.53
1689,2761.92
1690,2762.0
1691,2761.58
1692,2845.09
1693,2999.34
1694,3020.44
1695,3024.67
1696,3139.08
1697,3219.56
1698,3249.95
1699,3500.51
1700,3900.19
1701,4319.91
1702,4500.63
1703,4500.57
1704,4700.04
1705,5509.56
1706,6500.71
1707,7500.79
1708,7139.93
1709,6570.13
1710,5971.1
1711,5180.0
1712,5000.98
1713,4492.66
1714,4102.14
1715,3800.41
1716,3728.31
1717,3500.93
1718,3509.59
1719,3509.14
1720,3414.78
1721,3139.33
1722,3024.81
1723,2939.7
1724,2761.91
1725,2561.9
1726,2514.47
1727,2406.97
1728,2402.17
1729,2202.86
1730,2202.79
1731,2202.8
1732,2200.73
1733,2059.47
1734,2000.87
1735,1999.7
1736,1999.03
1737,1999.1
1738,1999.07
1739,1989.7
1740,1989.7
1741,1989.55
1742,1989.25
1743,1989.98
1744,1989.54
1745,1989.27
1746,1999.47
1747,1999.55
1748,2000.59
1749,2514.91
1750,2562.0
1751,2845.77
1752,3049.29
1753,3415.19
1754,3659.67
1755,4989.12
1756,5300.78
1757,5300.18
1758,5600.39
1759,5600.74
1760,5600.6
1761,5600.42
1762,5600.13
1763,5800.17
1764,5800.05
1765,5000.4
1766,5450.94
1767,5870.05
1768,6100.04
1769,5645.15
1770,5645.91
1771,6048.44
1772,5646.0
1773,4999.91
1774,4399.87
1775,5000.64
1776,4319.58
1777,4319.12
1778,4319.45
1779,3700.84
1780,3596.11
1781,3419.07
1782,3339.94
1783,3302.29
1784,3250.38
1785,3119.49
1786,3100.0
1787,3159.57
1788,3200.31
1789,3400.64
1790,3414.13
1791,3415.96
1792,3472.6
1793,3500.47
1794,3989.89
1795,4500.73
1796,5000.05
1797,5300.85
1798,5645.5
1799,5838.57
1800,6043.54
1801,6600.9
1802,7500.85
1803,8761.64
1804,8392.96
1805,7847.08
1806,7170.11
1807,6100.31
1808,5999.35
1809,5370.29
1810,4934.42
1811,4312.93
1812,4000.45
1813,3893.93
1814,3659.14
1815,3499.1
1816,3359.24
1817,3025.0
1818,3024.75
1819,3024.03
1820,2761.79
1821,2571.95
1822,2500.44
1823,2469.8
1824,2319.04
1825,2149.79
1826,2142.0
1827,2141.17
1828,2100.48
1829,2010.79
1830,1999.91
1831,1999.78
1832,1999.37
1833,1999.44
1834,1999.38
1835,1999.3
1836,1999.28
1837,1999.3
1838,1999.11
1839,1999.21
1840,1999.22
1841,1999.16
1842,1999.74
1843,1999.82
1844,1999.73
1845,2150.17
1846,2469.35
1847,2469.59
1848,2761.27
1849,3029.24
1850,3509.61
1851,5570.26
1852,4750.57
1853,4250.03
1854,5050.19
1855,6038.16
1856,6038.84
1857,6359.55
1858,6359.58
1859,7000.1
1860,7000.08
1861,6500.9
1862,6270.93
1863,7000.01
1864,7000.2
1865,6500.03
1866,6700.08
1867,6870.95
1868,6370.77
1869,5900.28
1870,5645.28
1871,5670.75
1872,5170.41
1873,4989.37
1874,4989.26
1875,3989.15
1876,3691.07
1877,3472.62
1878,3415.28
1879,3328.73
1880,3328.92
1881,3162.03
1882,3100.48
1883,3159.4
1884,3302.26
1885,3359.69
1886,3414.37
1887,3455.13
1888,3472.96
1889,3600.87
1890,4100.87
1891,5500.64
1892,5900.29
1893,6200.15
1894,6500.21
1895,6700.34
1896,8081.28
1897,8624.14
1898,9549.53
1899,10000.02
1900,9999.8
1901,8650.91
1902,8000.39
1903,6970.22
1904,6100.24
1905,4900.5
1906,4112.62
1907,4000.93
1908,3599.17
1909,3509.41
1910,3495.99
1911,3365.93
1912,3235.95
1913,3029.38
1914,3024.08
1915,2939.96
1916,2599.98
1917,2602.55
1918,2561.17
1919,2514.55
1920,2319.73
1921,2100.2
1922,2100.49
1923,2100.07
1924,2059.71
1925,1999.88
1926,1999.55
1927,1999.43
1928,1989.65
1929,1989.11
1930,1979.86
1931,1979.25
1932,1949.9
1933,1949.98
1934,1949.99
1935,1949.99
1936,1989.03
1937,1981.07
1938,1999.14
1939,1999.37
1940,1999.55
1941,2149.75
1942,2539.0
1943,2571.7
1944,2738.35
1945,3024.13
1946,3415.58
1947,3798.12
1948,4151.33
1949,3989.11
1950,4450.34
1951,6028.31
1952,6297.28
1953,7000.22
1954,7000.18
1955,7000.52
1956,7000.8
1957,7000.8
1958,7000.85
1959,7500.46
1960,7500.93
1961,7000.96
1962,7000.7
1963,7000.45
1964,6970.22
1965,5645.31
1966,5000.41
1967,5999.96
1968,5870.47
1969,5490.67
1970,5490.92
1971,4770.57
1972,4319.15
1973,3499.91
1974,3251.39
1975,3519.32
1976,3365.62
1977,3400.77
1978,3300.06
1979,3415.38
1980,3415.57
1981,3472.85
1982,3472.55
1983,3472.19
1984,3472.6
1985,3359.26
1986,3328.03
1987,3365.28
1988,3659.54
1989,3989.74
1990,4900.4
1991,5000.9
1992,7500.0
1993,5645.4
1994,6359.31
1995,7500.85
1996,6028.68
1997,6028.55
1998,6028.06
1999,5645.96
2000,5999.52
2001,4900.55
2002,4319.93
2003,4319.44
2004,4200.46
2005,3609.74
2006,3500.98
2007,3169.71
2008,3024.77
2009,2755.87
2010,2700.83
2011,2469.71
2012,2469.2
2013,2319.15
2014,2149.68
2015,2149.63
2016,2149.29
2017,1999.46
2018,1999.49
2019,1999.69
2020,1999.46
2021,1999.3
2022,1999.02
2023,1979.6
2024,1869.74
2025,1869.49
2026,1800.69
2027,1710.81
2028,1710.66
2029,1710.28
2030,1710.57
2031,1710.57
2032,1710.3
2033,1710.39
2034,1847.67
2035,1899.22
2036,1899.7
2037,2010.67
2038,2194.59
2039,2319.47
2040,2427.5
2041,2845.5
2042,3299.51
2043,3472.89
2044,3549.8
2045,3629.03
2046,3849.65
2047,4050.13
2048,4500.85
2049,4399.79
2050,4500.73
2051,4959.33
2052,6028.01
2053,5000.62
2054,5500.24
2055,6028.78
2056,6028.91
2057,4399.63
2058,4300.9
2059,4200.62
2060,4200.85
2061,3749.58
2062,3749.71
2063,3749.4
2064,3596.15
2065,3500.37
2066,3414.12
2067,3159.81
2068,3108.15
2069,3024.25
2070,2920.11
2071,2845.58
2072,2755.97
2073,2738.3
2074,2650.59
2075,2738.19
2076,2738.04
2077,2761.75
2078,2845.8
2079,2920.45
2080,3024.27
2081,2870.25
2082,3000.39
2083,3024.5
2084,3251.21
2085,3400.4
2086,3549.21
2087,3549.92
2088,3676.54
2089,5000.03
2090,5500.96
2091,6028.25
2092,6028.14
2093,5400.85
2094,4800.22
2095,5000.12
2096,4700.16
2097,4319.87
2098,4000.11
2099,3825.58
2100,3509.89
2101,3414.78
2102,3339.0
2103,3029.62
2104,2845.09
2105,2599.99
2106,2561.11
2107,2469.22
2108,2400.86
2109,2246.14
2110,2031.01
2111,2031.3
2112,2031.9
2113,1869.87
2114,1849.71
2115,1849.79
2116,1849.4
2117,1845.77
2118,1710.61
2119,1710.09
2120,1699.12
2121,1699.28
2122,1694.78
2123,1694.47
2124,1690.77
2125,1690.0
2126,1690.08
2127,1670.82
2128,1670.98
2129,1670.47
2130,1699.34
2131,1699.97
2132,1710.29
2133,1999.46
2134,2122.67
2135,2402.62
2136,2507.81
2137,2568.38
2138,2938.83
2139,3250.24
2140,3419.16
2141,3415.51
2142,3459.65
2143,3779.34
2144,3749.79
2145,3769.06
2146,3798.86
2147,3900.77
2148,4000.48
2149,3779.26
2150,3979.25
2151,4150.72
2152,4200.14
2153,3750.58
2154,4000.67
2155,4100.46
2156,3749.63
2157,3659.47
2158,3588.16
2159,3550.62
2160,3472.32
2161,3299.9
2162,3200.35
2163,2761.94
2164,2568.96
2165,2539.76
2166,2514.04
2167,2246.37
2168,2141.47
2169,2113.53
2170,2022.05
2171,2022.85
2172,2023.67
2173,2122.48
2174,2141.16
2175,2246.61
2176,2539.2
2177,2561.89
2178,2650.16
2179,2900.92
2180,3024.79
2181,3139.56
2182,3139.47
2183,3150.01
2184,3300.53
2185,3899.53
2186,4500.27
2187,4509.05
2188,4520.82
2189,4410.15
2190,3997.06
2191,3996.62
2192,3730.13
2193,3549.56
2194,3499.02
2195,3494.96
2196,3495.51
2197,3390.13
2198,3339.83
2199,3148.57
2200,3024.23
2201,2815.95
2202,2761.43
2203,2568.18
2204,2561.08
2205,2319.78
2206,2149.4
2207,2031.91
2208,1999.6
2209,1999.01
2210,1990.2
2211,1999.12
2212,1990.33
2213,1869.41
2214,1849.91
2215,1849.97
2216,1750.03
2217,1706.54
2218,1700.59
2219,1699.98
2220,1699.96
2221,1699.77
2222,1699.83
2223,1699.75
2224,1699.77
2225,1699.74
2226,1706.43
2227,1849.33
2228,1849.75
2229,1999.64
2230,2319.37
2231,2561.12
2232,2568.52
2233,2878.56
2234,3415.61
2235,3549.9
2236,3900.94
2237,3699.98
2238,3779.68
2239,4600.02
2240,4989.97
2241,4520.54
2242,5500.77
2243,5801.03
2244,5801.65
2245,5999.16
2246,6100.06
2247,6100.16
2248,5999.95
2249,4989.9
2250,5379.89
2251,5645.77
2252,5645.75
2253,5500.55
2254,4319.87
2255,4499.7
2256,4319.02
2257,3699.08
2258,3589.8
2259,3549.58
2260,3465.35
2261,3156.37
2262,3024.24
2263,2878.87
2264,2710.25
2265,2600.43
2266,2568.1
2267,2738.16
2268,2738.72
2269,2920.52
2270,3000.44
2271,3024.46
2272,3156.23
2273,3024.41
2274,3328.89
2275,3465.95
2276,3659.43
2277,4509.37
2278,5900.04
2279,5645.78
2280,7105.67
2281,7777.21
2282,8000.89
2283,8000.99
2284,9213.28
2285,7000.83
2286,7000.81
2287,6500.77
2288,6800.46
2289,5350.02
2290,4509.31
2291,4196.85
2292,4195.28
2293,3599.46
2294,3509.37
2295,3497.32
2296,3491.04
2297,3169.12
2298,3100.06
2299,2942.9
2300,2755.91
2301,2507.32
2302,2502.26
2303,2500.17
2304,2149.93
2305,2027.31
2306,2000.87
2307,2027.12
2308,2000.12
2309,1999.42
2310,1999.21
2311,1999.07
2312,1869.7
2313,1869.69
2314,1849.96
2315,1849.7
2316,1849.06
2317,1750.58
2318,1849.04
2319,1799.38
2320,1706.92
2321,1799.01
2322,1869.91
2323,1866.84
2324,1858.0
2325,2050.64
2326,2319.33
2327,2502.09
2328,2568.14
2329,2808.13
2330,3415.31
2331,3589.08
2332,3798.18
2333,3809.14
2334,4151.76
2335,5008.24
2336,5800.09
2337,5500.41
2338,6343.09
2339,6800.27
2340,6800.28
2341,6800.06
2342,6998.9
2343,7000.03
2344,6989.97
2345,5800.18
2346,5500.98
2347,5645.53
2348,5645.42
2349,4599.46
2350,4989.55
2351,4399.0
2352,4399.34
2353,3944.3
2354,3928.79
2355,3588.43
2356,3465.98
2357,3100.91
2358,3024.32
2359,2920.7
2360,2755.34
2361,2740.18
2362,2624.36
2363,2732.74
2364,2738.1
2365,2738.94
2366,2755.58
2367,2920.26
2368,3099.37
2369,2921.0
2370,3024.94
2371,3415.24
2372,3677.97
2373,3600.82
2374,3979.01
2375,3989.8
2376,5379.13
2377,5999.52
2378,8888.7
2379,10492.66
2380,10259.77
2381,7500.33
2382,6017.56
2383,5645.71
2384,5379.74
2385,4399.83
2386,4150.91
2387,4090.37
2388,3998.03
2389,3549.0
2390,3500.16
2391,3492.7
2392,3359.7
2393,3024.72
2394,3024.26
2395,2755.94
2396,2599.51
2397,2469.47
2398,2319.86
2399,2149.77
2400,2134.3
2401,1999.62
2402,1999.59
2403,1999.83
2404,1999.59
2405,1999.24
2406,1999.08
2407,1989.87
2408,1849.44
2409,1849.45
2410,1849.18
2411,1847.25
2412,1750.45
2413,1706.43
2414,1706.44
2415,1700.82
2416,1700.53
2417,1700.81
2418,1800.52
2419,1849.68
2420,1989.11
2421,2121.43
2422,2300.1
2423,2319.56
2424,2561.67
2425,2761.45
2426,3199.41
2427,3415.54
2428,3465.83
2429,3465.47
2430,3629.69
2431,4200.23
2432,5842.75
2433,5989.42
2434,6990.0
2435,7000.41
2436,7000.21
2437,6100.33
2438,5645.3
2439,4989.41
2440,4319.61
2441,3755.46
2442,3549.32
2443,3800.87
2444,3599.56
2445,3159.58
2446,3024.91
2447,3024.39
2448,3000.46
2449,2819.09
2450,2755.61
2451,2755.61
2452,2738.51
2453,2500.9
2454,2027.83
2455,1999.97
2456,1999.66
2457,1999.47
2458,1999.37
2459,1999.4
2460,1999.73
2461,1999.89
2462,2020.68
2463,2499.39
2464,2566.26
2465,2561.81
2466,2568.58
2467,2738.72
2468,2820.94
2469,3100.83
2470,3267.21
2471,3199.84
2472,3415.68
2473,3989.58
2474,3989.9
2475,3999.56
2476,3999.96
2477,3991.96
2478,3991.47
2479,3994.59
2480,3798.93
2481,3496.37
2482,3491.64
2483,3493.24
2484,3491.37
2485,3339.79
2486,3199.74
2487,3029.51
2488,2939.79
2489,2599.84
2490,2500.62
2491,2469.25
2492,2000.0
2493,2027.12
2494,1999.81
2495,1999.67
2496,1999.32
2497,1910.29
2498,1865.8
2499,1979.19
2500,1830.83
2501,1799.36
2502,1706.44
2503,1701.02
2504,1691.62
2505,1691.68
2506,1691.15
2507,1691.37
2508,1686.87
2509,1686.36
2510,1686.17
2511,1667.87
2512,1667.97
2513,1667.5
2514,1700.17
2515,1706.95
2516,1999.12
2517,2010.49
2518,2149.99
2519,2400.69
2520,2469.38
2521,2878.48
2522,3328.05
2523,3415.94
2524,3465.96
2525,3465.8
2526,3600.71
2527,4099.74
2528,4599.47
2529,5842.61
2530,4934.44
2531,5379.65
2532,5690.74
2533,5500.14
2534,5971.75
2535,7000.01
2536,7000.17
2537,6101.35
2538,6200.41
2539,6412.86
2540,6101.96
2541,5379.46
2542,5006.0
2543,5000.68
2544,4599.0
2545,3749.68
2546,3691.83
2547,3589.37
2548,3509.36
2549,3199.18
2550,3024.73
2551,3024.36
2552,2885.13
2553,2755.21
2554,2650.46
2555,2755.43
2556,2755.47
2557,2761.14
2558,2819.28
2559,2900.18
2560,2950.69
2561,3024.11
2562,3156.71
2563,3415.89
2564,3800.15
2565,4204.15
2566,4800.44
2567,4206.06
2568,5645.47
2569,6800.94
2570,8000.1
2571,7500.94
2572,8000.49
2573,7500.98
2574,7170.13
2575,5998.4
2576,5993.6
2577,4100.44
2578,3995.03
2579,3979.57
2580,3728.46
2581,3469.96
2582,3339.31
2583,3169.16
2584,3029.41
2585,2761.31
2586,2738.4
2587,2599.48
2588,2469.76
2589,2210.33
2590,2113.4
2591,2081.48
2592,2020.53
2593,1999.48
2594,1999.5
2595,1999.84
2596,1999.59
2597,1999.39
2598,1999.11
2599,1979.7
2600,1800.86
2601,1849.81
2602,1849.0
2603,1706.82
2604,1706.92
2605,1706.54
2606,1706.37
2607,1706.45
2608,1706.24
2609,1706.92
2610,1849.76
2611,1999.03
2612,1999.25
2613,1999.54
2614,2113.64
2615,2149.82
2616,2566.08
2617,3005.08
2618,3415.14
2619,3509.0
2620,3659.18
2621,3659.88
2622,3845.18
2623,4500.98
2624,4646.86
2625,4319.67
2626,5192.05
2627,5379.64
2628,5006.7
2629,5935.71
2630,5999.29
2631,5950.46
2632,7000.02
2633,5645.5
2634,6359.52
2635,5008.41
2636,5379.79
2637,4200.94
2638,4200.24
2639,3951.0
2640,3800.7
2641,3680.98
2642,3589.1
2643,3465.41
2644,3415.06
2645,2800.47
2646,2568.77
2647,2568.1
2648,2561.28
2649,2514.45
2650,2246.45
2651,2246.71
2652,2246.58
2653,2514.99
2654,2561.28
2655,2561.31
2656,2561.8
2657,2568.0
2658,2571.52
2659,2920.42
2660,3024.51
2661,3199.01
2662,3499.92
2663,3500.72
2664,5006.0
2665,6359.17
2666,8000.18
2667,8000.55
2668,8000.46
2669,8000.39
2670,7500.15
2671,5004.75
2672,4240.38
2673,3950.15
2674,3600.89
2675,3659.21
2676,3498.06
2677,3494.1
2678,3493.49
2679,3359.36
2680,3159.32
2681,3024.16
2682,2920.07
2683,2738.56
2684,2539.41
2685,2113.92
2686,2113.37
2687,2027.79
2688,2010.63
2689,1999.6
2690,1999.58
2691,1999.89
2692,1999.57
2693,1999.51
2694,1999.33
2695,1999.13
2696,1979.72
2697,1868.88
2698,1900.94
2699,1800.6
2700,1865.46
2701,1800.93
2702,1801.68
2703,1800.33
2704,1799.18
2705,1706.85
2706,1999.01
2707,1999.39
2708,1999.69
2709,2246.74
2710,2504.82
2711,2624.23
2712,2920.86
2713,3415.01
2714,3465.91
2715,3659.61
2716,4008.95
2717,3989.61
2718,4700.49
2719,5700.48
2720,5700.75
2721,5700.47
2722,6300.36
2723,6500.3
2724,6300.34
2725,7000.24
2726,7000.18
2727,7000.19
2728,7000.26
2729,5811.35
2730,5999.54
2731,6070.44
2732,6300.46
2733,5370.16
2734,5370.14
2735,4989.99
2736,4499.15
2737,4000.89
2738,3691.47
2739,3545.79
2740,3448.62
2741,3159.93
2742,3024.36
2743,2920.12
2744,2738.33
2745,2568.09
2746,2561.92
2747,2566.88
2748,2561.93
2749,2650.4
2750,2700.23
2751,2650.99
2752,2700.01
2753,2571.83
2754,2885.0
2755,3147.92
2756,3156.26
2757,3749.95
2758,4299.63
2759,4300.12
2760,5811.82
2761,7200.67
2762,8000.94
2763,8000.77
2764,8000.93
2765,8000.72
2766,8000.35
2767,5900.79
2768,5275.86
2769,4300.71
2770,4200.16
2771,3950.21
2772,3550.63
2773,3496.88
2774,3494.94
2775,3448.72
2776,3339.36
2777,3024.5
2778,2920.75
2779,2755.77
2780,2568.51
2781,2400.52
2782,2260.42
2783,2113.48
2784,2079.98
2785,2137.43
2786,2121.05
2787,2113.83
2788,2113.45
2789,2027.69
2790,2023.23
2791,2022.51
2792,2000.03
2793,1999.87
2794,1999.84
2795,1999.71
2796,1999.68
2797,1999.53
2798,1999.54
2799,1999.49
2800,1999.49
2801,1999.29
2802,1999.77
2803,2010.52
2804,2050.33
2805,2503.01
2806,2566.41
2807,2759.22
2808,2888.42
2809,3250.01
2810,3509.11
2811,3668.72
2812,4319.05
2813,4460.77
2814,5200.53
2815,6400.06
2816,6400.16
2817,6400.05
2818,5989.75
2819,5989.54
2820,5000.94
2821,3900.5
2822,4000.29
2823,3989.67
2824,3999.11
2825,3589.65
2826,3691.56
2827,4000.49
2828,5000.21
2829,3999.54
2830,3731.75
2831,3680.84
2832,3580.6
2833,3465.4
2834,3415.64
2835,3415.12
2836,3025.0
2837,2738.61
2838,2566.2
2839,2539.05
2840,2246.48
2841,2137.12
2842,2121.66
2843,2137.14
2844,2125.97
2845,2137.65
2846,2150.85
2847,2246.18
2848,2539.22
2849,2514.4
2850,2561.65
2851,2738.9
2852,2981.93
2853,2920.41
2854,3024.74
2855,3540.13
2856,3899.27
2857,4200.35
2858,5000.82
2859,5645.8
2860,7500.69
2861,5800.81
2862,5509.95
2863,5275.92
2864,4151.29
2865,3749.59
2866,3748.04
2867,3500.51
2868,3359.43
2869,3346.96
2870,3346.31
2871,3342.76
2872,3341.01
2873,3000.94
2874,2899.76
2875,2755.7
2876,2568.93
2877,2400.54
2878,2194.4
2879,2113.55
2880,2113.19
2881,2500.18
2882,2246.27
2883,2208.72
2884,2205.97
2885,2113.69
2886,2113.16
2887,2106.84
2888,2104.3
2889,2102.29
2890,2101.42
2891,2093.13
2892,2023.52
2893,2022.74
2894,2022.35
2895,2023.07
2896,2023.31
2897,2023.27
2898,2100.84
2899,2105.69
2900,2113.59
2901,2539.29
2902,2738.07
2903,2920.86
2904,3250.23
2905,3494.96
2906,3659.87
2907,4509.09
2908,5300.16
2909,5645.6
2910,6200.74
2911,7000.9
2912,7000.78
2913,7000.58
2914,7000.95
2915,7000.97
2916,7000.63
2917,7000.35
2918,7000.53
2919,7000.48
2920,7000.54
2921,6800.08
2922,6800.41
2923,7000.85
2924,6989.61
2925,6309.93
2926,5989.51
2927,6070.15
2928,5570.83
2929,4770.36
2930,4570.52
2931,4570.01
2932,3886.16
2933,3415.72
2934,3328.11
2935,3095.65
2936,3000.96
2937,2730.96
2938,2650.28
2939,2650.63
2940,2650.79
2941,2738.19
2942,2761.89
2943,2805.5
2944,2880.17
2945,2738.94
2946,3000.67
2947,3500.94
2948,3765.68
2949,4399.33
2950,5300.88
2951,5350.4
2952,8097.74
2953,8888.19
2954,10503.79
2955,11261.35
2956,11271.17
2957,8664.18
2958,8870.0
2959,8791.64
2960,7500.48
2961,5500.51
2962,4900.48
2963,4509.21
2964,4500.33
2965,4319.11
2966,3999.22
2967,3659.63
2968,3645.89
2969,3493.44
2970,3415.84
2971,3328.1
2972,3024.57
2973,2755.89
2974,2650.13
2975,2561.72
2976,2514.36
