*Interval,Price (Rs./MWh)
97,3181.19
98,3136.24
99,3136.12
100,3058.25
101,2958.91
102,2958.0
103,2910.22
104,2870.78
105,2870.43
106,2870.38
107,2860.82
108,2860.65
109,2850.0
110,2822.86
111,2822.71
112,2822.56
113,2822.51
114,2860.31
115,2958.41
116,2958.46
117,3136.47
118,3136.43
119,3250.32
120,3457.89
121,4170.23
122,4350.41
123,4999.26
124,5499.39
125,5950.6
126,6000.48
127,6240.81
128,7000.06
129,6998.28
130,7000.39
131,8250.09
132,7998.93
133,6031.99
134,7720.32
135,7020.54
136,6000.29
137,6000.0
138,6000.21
139,6000.03
140,5730.36
141,4450.34
142,4427.61
143,4300.73
144,4222.21
145,4037.15
146,3750.82
147,3595.74
148,3500.49
149,3491.72
150,3500.2
151,3491.13
152,3450.8
153,3457.29
154,3457.23
155,3457.61
156,3595.09
157,3614.32
158,3719.42
159,3832.74
160,3832.11
161,3998.67
162,4222.64
163,4271.64
164,4500.41
165,4412.5
166,4391.55
167,4999.24
168,8250.67
169,8874.9
170,12000.0
171,12000.0
172,12000.0
173,12000.0
174,12000.0
175,12000.0
176,8874.84
177,5500.73
178,5730.49
179,5999.27
180,7600.25
181,4374.82
182,4320.3
183,4289.76
184,4222.64
185,3999.76
186,3832.21
187,3719.18
188,3719.96
189,3650.27
190,3650.12
191,3614.51
192,3595.76
3073,3250.55
3074,3186.61
3075,3250.08
3076,3136.91
3077,3058.51
3078,3001.9
3079,3000.52
3080,2999.09
3081,2990.34
3082,2969.1
3083,2958.21
3084,2910.78
3085,2870.96
3086,2870.48
3087,2870.56
3088,2870.87
3089,2910.98
3090,3000.62
3091,3058.56
3092,3136.47
3093,3251.0
3094,3457.15
3095,3595.18
3096,3680.25
3097,4230.41
3098,4503.27
3099,5250.27
3100,6499.58
3101,6690.05
3102,7150.62
3103,8874.67
3104,8250.67
3105,7300.2
3106,8251.0
3107,6250.83
3108,6690.1
3109,6099.66
3110,6500.96
3111,6999.66
3112,6500.47
3113,6770.2
3114,6500.75
3115,6500.15
3116,5730.72
3117,4999.6
3118,4999.94
3119,4650.89
3120,4412.34
3121,4264.67
3122,4222.15
3123,3832.82
3124,3607.03
3125,3500.85
3126,3312.44
3127,3250.71
3128,3250.46
3129,3250.54
3130,3200.68
3131,3136.94
3132,3250.24
3133,3548.76
3134,3595.3
3135,3680.03
3136,3719.29
3137,3614.93
3138,3802.98
3139,4037.32
3140,4222.96
3141,4000.63
3142,4037.97
3143,4600.25
3144,8250.19
3145,12000.0
3146,12000.0
3147,12000.0
3148,12000.0
3149,12000.0
3150,12000.0
3151,12000.0
3152,12000.0
3153,6099.18
3154,5999.93
3155,5999.67
3156,5999.96
3157,4790.51
3158,4512.7
3159,4412.26
3160,4266.11
3161,3832.88
3162,3790.52
3163,3614.3
3164,3595.76
3165,3595.79
3166,3595.84
3167,3595.06
3168,3491.8
5761,3310.09
5762,3250.35
5763,3200.71
5764,3136.69
5765,3058.26
5766,3001.21
5767,3000.59
5768,2999.63
5769,2988.47
5770,2969.85
5771,2958.59
5772,2958.48
5773,2958.32
5774,2958.08
5775,2958.08
5776,2958.32
5777,2958.8
5778,3001.75
5779,3058.45
5780,3136.95
5781,3310.52
5782,3595.27
5783,3595.98
5784,3614.66
5785,4250.66
5786,4500.24
5787,5250.13
5788,6100.65
5789,6100.11
5790,6690.1
5791,6999.41
5792,7999.47
5793,6999.11
5794,8255.89
5795,7700.2
5796,7700.23
5797,6000.27
5798,6099.87
5799,6500.34
5800,6099.71
5801,6099.15
5802,4999.79
5803,4770.81
5804,4503.91
5805,4411.6
5806,4411.51
5807,4264.85
5808,3832.69
5809,3614.31
5810,3595.73
5811,3595.26
5812,3457.31
5813,3250.95
5814,3250.3
5815,3160.24
5816,3136.72
5817,3250.75
5818,3250.23
5819,3189.27
5820,3250.06
5821,3250.71
5822,3250.73
5823,3595.08
5824,3595.41
5825,3607.74
5826,3832.29
5827,3999.77
5828,4290.33
5829,4222.8
5830,4159.22
5831,4512.72
5832,6210.77
5833,6998.69
5834,12000.0
5835,12000.0
5836,12000.0
5837,12000.0
5838,12000.0
5839,12000.0
5840,12000.0
5841,6500.75
5842,6099.34
5843,6099.94
5844,5999.22
5845,4400.2
5846,4373.51
5847,4329.68
5848,4222.71
5849,3832.18
5850,3680.87
5851,3595.84
5852,3595.7
5853,3607.25
5854,3599.2
5855,3610.07
5856,3607.7
8737,3595.78
8738,3595.45
8739,3595.36
8740,3491.54
8741,3250.51
8742,3250.19
8743,3136.99
8744,3136.61
8745,3136.07
8746,3058.97
8747,3058.79
8748,3058.44
8749,3058.39
8750,3058.14
8751,3058.23
8752,3058.3
8753,3058.23
8754,3136.02
8755,3197.0
8756,3250.09
8757,3595.06
8758,3607.76
8759,3650.75
8760,3832.37
8761,4391.26
8762,4999.45
8763,6000.01
8764,6499.62
8765,6690.5
8766,7650.76
8767,8000.31
8768,8874.35
8769,7600.99
8770,8000.24
8771,5998.49
8772,6500.67
8773,5730.75
8774,6000.07
8775,6778.43
8776,5730.38
8777,5730.74
8778,4770.74
8779,4411.46
8780,4280.13
8781,4188.51
8782,4087.66
8783,3832.31
8784,3719.43
8785,3719.25
8786,3700.08
8787,3595.76
8788,3400.99
8789,3250.99
8790,3250.27
8791,3200.36
8792,3136.54
8793,3250.4
8794,3250.32
8795,3200.75
8796,3250.15
8797,3250.65
8798,3250.71
8799,3491.07
8800,3548.38
8801,3614.66
8802,3832.37
8803,4037.94
8804,4222.02
8805,4262.84
8806,4230.69
8807,4412.97
8808,5730.1
8809,6500.44
8810,11499.57
8811,12000.0
8812,12000.0
8813,12000.0
8814,12000.0
8815,12000.0
8816,12000.0
8817,5730.26
8818,5200.76
8819,5118.84
8820,5500.96
8821,4790.31
8822,4411.37
8823,4280.56
8824,4246.14
8825,4171.72
8826,4090.07
8827,3832.62
8828,3832.4
8829,3832.51
8830,3832.53
8831,3750.42
8832,3719.51
11617,3808.51
11618,3719.48
11619,3680.05
11620,3614.6
11621,3595.48
11622,3595.2
11623,3510.89
11624,3510.19
11625,3457.93
11626,3410.26
11627,3410.2
11628,3310.28
11629,3250.73
11630,3250.7
11631,3250.53
11632,3250.65
11633,3300.22
11634,3491.46
11635,3491.55
11636,3595.36
11637,3752.99
11638,3832.88
11639,3999.15
11640,4107.97
11641,4222.67
11642,4800.9
11643,5060.64
11644,5400.1
11645,5200.14
11646,5030.37
11647,6039.47
11648,6031.17
11649,5900.39
11650,5800.82
11651,5500.54
11652,5998.19
11653,4998.34
11654,5900.41
11655,5900.85
11656,5100.14
11657,5800.15
11658,4770.56
11659,4411.62
11660,4280.36
11661,4136.8
11662,4000.05
11663,3999.59
11664,3832.34
11665,3500.78
11666,3491.96
11667,3290.24
11668,3058.94
11669,3000.54
11670,2950.19
11671,2999.78
11672,2961.89
11673,3000.17
11674,2999.98
11675,3000.16
11676,3000.62
11677,3058.33
11678,3058.82
11679,3250.08
11680,3250.51
11681,3312.18
11682,3504.74
11683,3607.0
11684,3832.17
11685,3999.26
11686,3999.44
11687,4206.1
11688,4400.32
11689,4998.99
11690,5250.92
11691,6039.11
11692,6210.53
11693,6210.64
11694,6210.24
11695,5900.42
11696,5608.99
11697,5101.72
11698,5300.04
11699,4999.01
11700,4880.92
11701,4500.79
11702,4511.5
11703,4236.88
11704,4222.63
11705,4084.13
11706,3999.71
11707,3999.0
11708,3832.7
11709,3881.41
11710,3832.93
11711,3808.57
11712,3700.97
14593,3614.62
14594,3614.58
14595,3548.11
14596,3310.68
14597,3250.21
14598,3181.71
14599,3181.2
14600,3136.51
14601,3076.25
14602,3058.49
14603,3058.2
14604,3000.13
14605,2991.56
14606,2999.07
14607,2978.52
14608,2988.61
14609,2999.41
14610,3058.18
14611,3058.27
14612,3058.74
14613,3310.7
14614,3595.73
14615,3618.27
14616,4125.08
14617,5000.61
14618,5980.72
14619,7000.69
14620,7700.01
14621,7700.8
14622,8000.77
14623,8874.47
14624,9520.34
14625,8874.12
14626,8874.57
14627,7020.76
14628,7270.81
14629,6500.83
14630,7520.36
14631,7700.65
14632,6770.41
14633,6770.18
14634,5770.46
14635,5370.47
14636,5230.63
14637,4800.05
14638,4450.32
14639,4500.69
14640,4300.87
14641,4419.58
14642,4280.24
14643,4280.28
14644,4089.49
14645,3614.9
14646,3614.58
14647,3599.92
14648,3491.85
14649,3512.64
14650,3500.38
14651,3491.08
14652,3491.07
14653,3614.63
14654,3614.42
14655,3666.6
14656,3719.33
14657,3843.25
14658,4050.83
14659,4235.02
14660,4300.12
14661,4512.57
14662,4760.46
14663,4998.87
14664,6190.91
14665,7470.36
14666,12000.0
14667,12000.0
14668,12000.0
14669,12000.0
14670,12000.0
14671,12000.0
14672,8874.25
14673,5710.92
14674,5710.61
14675,5500.56
14676,5500.07
14677,4830.14
14678,4500.72
14679,4270.84
14680,4235.22
14681,4000.57
14682,3843.54
14683,3843.01
14684,3614.76
14685,3680.21
14686,3719.6
14687,3614.56
14688,3548.68
17473,3419.15
17474,3306.77
17475,3250.42
17476,3181.44
17477,3136.07
17478,3058.94
17479,3058.86
17480,3058.15
17481,3000.59
17482,2999.25
17483,2988.14
17484,2958.61
17485,2958.21
17486,2958.28
17487,2910.25
17488,2910.18
17489,2940.87
17490,2999.59
17491,3058.67
17492,3136.61
17493,3310.12
17494,3310.93
17495,3491.76
17496,3595.77
17497,4235.54
17498,5000.69
17499,5989.21
17500,5710.38
17501,4999.01
17502,4998.6
17503,6000.06
17504,6450.99
17505,6000.34
17506,6500.56
17507,4998.62
17508,5989.43
17509,5710.03
17510,5989.26
17511,6450.83
17512,6000.75
17513,5710.08
17514,4949.26
17515,4760.05
17516,4412.12
17517,4216.47
17518,4172.55
17519,3999.76
17520,3719.4
17521,3850.08
17522,3800.38
17523,3800.26
17524,3599.29
17525,3310.77
17526,3200.49
17527,3181.93
17528,3058.8
17529,3058.33
17530,3058.43
17531,3058.69
17532,3058.95
17533,3136.8
17534,3200.59
17535,3310.03
17536,3312.91
17537,3612.23
17538,3719.91
17539,3843.98
17540,4061.67
17541,3843.88
17542,4059.78
17543,4000.02
17544,4280.91
17545,4999.29
17546,6450.52
17547,6670.09
17548,8874.78
17549,8874.43
17550,12000.0
17551,7903.99
17552,5900.25
17553,4999.31
17554,4999.38
17555,4830.69
17556,4998.69
17557,4192.16
17558,4212.02
17559,4144.35
17560,3843.93
17561,3680.66
17562,3595.97
17563,3595.46
17564,3595.08
17565,3508.2
17566,3595.12
17567,3500.12
17568,3450.8
20449,3312.76
20450,3312.32
20451,3250.91
20452,3250.11
20453,3089.93
20454,3058.71
20455,3058.38
20456,3058.29
20457,3058.16
20458,3058.1
20459,3000.94
20460,3000.43
20461,2978.57
20462,2978.77
20463,2958.74
20464,2958.81
20465,2999.64
20466,3058.36
20467,3058.75
20468,3136.78
20469,3250.71
20470,3595.1
20471,3614.89
20472,4000.22
20473,4808.36
20474,5770.02
20475,7000.32
20476,7000.26
20477,5998.23
20478,6400.42
20479,7000.55
20480,7500.23
20481,6000.37
20482,7000.31
20483,5030.22
20484,6000.71
20485,5989.55
20486,6500.97
20487,6500.21
20488,6500.78
20489,6000.73
20490,4999.99
20491,4999.13
20492,4760.63
20493,4235.76
20494,4235.17
20495,3843.66
20496,4000.07
20497,4061.43
20498,3719.4
20499,3719.17
20500,3595.75
20501,3457.9
20502,3250.9
20503,3250.95
20504,3181.85
20505,3250.06
20506,3250.26
20507,3250.51
20508,3250.62
20509,3548.28
20510,3491.81
20511,3614.16
20512,3618.95
20513,4100.65
20514,4235.5
20515,4235.26
20516,4150.97
20517,3999.78
20518,4190.13
20519,4235.48
20520,4999.15
20521,5998.85
20522,8874.24
20523,12000.0
20524,12000.0
20525,12000.0
20526,12000.0
20527,12000.0
20528,8874.48
20529,5710.01
20530,5710.9
20531,5770.09
20532,5770.24
20533,4808.21
20534,4400.85
20535,4235.86
20536,4185.53
20537,3999.25
20538,3843.85
20539,3843.06
20540,3719.31
20541,3614.13
20542,3614.81
20543,3595.7
20544,3595.4
23425,3658.96
23426,3658.1
23427,3618.67
23428,3595.94
23429,3562.81
23430,3562.47
23431,3562.12
23432,3510.44
23433,3457.14
23434,3390.64
23435,3250.38
23436,3250.43
23437,3250.42
23438,3250.04
23439,3202.48
23440,3200.19
23441,3136.82
23442,3250.49
23443,3250.86
23444,3390.98
23445,3595.96
23446,3999.97
23447,4125.34
23448,4257.97
23449,5370.02
23450,6848.85
23451,8000.48
23452,8000.95
23453,9028.0
23454,9205.67
23455,8874.65
23456,9000.34
23457,7207.11
23458,7570.79
23459,6070.12
23460,6700.76
23461,7000.2
23462,7500.91
23463,7500.81
23464,7500.84
23465,7000.23
23466,5500.31
23467,5252.19
23468,4998.52
23469,4405.21
23470,4400.72
23471,4260.57
23472,4235.23
23473,3843.33
23474,4049.61
23475,4049.51
23476,4000.27
23477,3574.84
23478,3562.89
23479,3562.98
23480,3562.33
23481,3562.29
23482,3562.45
23483,3595.19
23484,3612.46
23485,3800.24
23486,3800.07
23487,3843.94
23488,4150.5
23489,4229.1
23490,4235.26
23491,4412.15
23492,4400.83
23493,4280.84
23494,4503.25
23495,4550.84
23496,5989.46
23497,6700.1
23498,12000.0
23499,12000.0
23500,12000.0
23501,12000.0
23502,12000.0
23503,12000.0
23504,7903.76
23505,5450.1
23506,5100.34
23507,5000.67
23508,5000.59
23509,4830.68
23510,4400.6
23511,4235.8
23512,4165.28
23513,4102.98
23514,4096.27
23515,3881.38
23516,3843.56
23517,3808.04
23518,3719.81
23519,3719.04
23520,3688.86
26305,4059.64
26306,3999.25
26307,3999.58
26308,3810.57
26309,3719.37
26310,3650.25
26311,3618.25
26312,3595.54
26313,3595.28
26314,3562.99
26315,3562.61
26316,3562.52
26317,3562.13
26318,3562.04
26319,3489.77
26320,3493.83
26321,3450.28
26322,3562.77
26323,3574.9
26324,3595.21
26325,3843.86
26326,4192.6
26327,4278.61
26328,4770.41
26329,6500.08
26330,8200.34
26331,9370.26
26332,10000.8
26333,11000.02
26334,12000.0
26335,10000.38
26336,9500.55
26337,6450.35
26338,5989.05
26339,5450.35
26340,6450.43
26341,7818.72
26342,8570.54
26343,8570.71
26344,8570.32
26345,8070.11
26346,6500.21
26347,6500.14
26348,5998.82
26349,5000.38
26350,4999.0
26351,4870.8
26352,4412.98
26353,4503.11
26354,4400.79
26355,4400.47
26356,4370.76
26357,3999.76
26358,3750.94
26359,3700.08
26360,3767.56
26361,3680.14
26362,3630.47
26363,3800.29
26364,3800.89
26365,4061.81
26366,4049.63
26367,4195.81
26368,4150.64
26369,4059.39
26370,4105.32
26371,4235.61
26372,4405.69
26373,4500.34
26374,4524.5
26375,4998.74
26376,6500.27
26377,8874.81
26378,12000.0
26379,12000.0
26380,12000.0
26381,12000.0
26382,12000.0
26383,12000.0
26384,9070.26
26385,6270.14
26386,6000.15
26387,5770.56
26388,5570.9
26389,5070.25
26390,4999.89
26391,4848.96
26392,4750.71
26393,4265.61
26394,4235.88
26395,4235.15
26396,4169.77
26397,4087.38
26398,3999.74
26399,3843.48
26400,3881.35
29281,3562.66
29282,3525.32
29283,3480.05
29284,3328.09
29285,3136.96
29286,3136.12
29287,3058.84
29288,2992.99
29289,2992.18
29290,2978.65
29291,2958.52
29292,2958.09
29293,2910.38
29294,2900.91
29295,2900.35
29296,2882.0
29297,2992.32
29298,3136.01
29299,3322.92
29300,3595.21
29301,3843.17
29302,4235.43
29303,4998.18
29304,5500.65
29305,7500.64
29306,9200.94
29307,12000.0
29308,12000.0
29309,12000.0
29310,12000.0
29311,12000.0
29312,12000.0
29313,12000.0
29314,12000.0
29315,7500.56
29316,7500.37
29317,8770.49
29318,9600.14
29319,9600.34
29320,7500.87
29321,7500.15
29322,6499.33
29323,5499.05
29324,4760.98
29325,4848.89
29326,4645.83
29327,4800.41
29328,4590.98
29329,4500.35
29330,4310.97
29331,4310.72
29332,4235.94
29333,3800.03
29334,3768.11
29335,3767.33
29336,3700.4
29337,3574.12
29338,3600.38
29339,3719.49
29340,3767.52
29341,3843.43
29342,3881.86
29343,4280.07
29344,4405.06
29345,4760.59
29346,5000.38
29347,5230.11
29348,5500.43
29349,6900.83
29350,5600.05
29351,6190.52
29352,12000.0
29353,12000.0
29354,12000.0
29355,12000.0
29356,12000.0
29357,12000.0
29358,12000.0
29359,12000.0
29360,11000.65
29361,6190.12
29362,5500.73
29363,5100.94
29364,5499.73
29365,4848.32
29366,4848.01
29367,4510.34
29368,4273.22
29369,4235.28
29370,4195.52
29371,4098.88
29372,3999.05
29373,3750.51
29374,3618.44
29375,3590.23
29376,3562.19
32161,3618.77
32162,3595.63
32163,3595.51
32164,3595.02
32165,3390.64
32166,3322.31
32167,3250.4
32168,3210.58
32169,3136.13
32170,3080.55
32171,3000.87
32172,3000.58
32173,2999.13
32174,2992.89
32175,2992.7
32176,2992.85
32177,3080.57
32178,3250.95
32179,3562.02
32180,3719.44
32181,4121.79
32182,4999.04
32183,6000.33
32184,6600.07
32185,8600.08
32186,10200.19
32187,11000.34
32188,12000.0
32189,12000.0
32190,12000.0
32191,12000.0
32192,12000.0
32193,12000.0
32194,10200.31
32195,8600.25
32196,6670.45
32197,6501.0
32198,8600.14
32199,7000.98
32200,6499.82
32201,5710.63
32202,5000.79
32203,5000.37
32204,4760.8
32205,4998.66
32206,4897.63
32207,4580.17
32208,4580.58
32209,4499.57
32210,4499.05
32211,4280.75
32212,4280.02
32213,3562.59
32214,3562.38
32215,3390.74
32216,3390.11
32217,3390.67
32218,3390.89
32219,3328.48
32220,3322.08
32221,3562.15
32222,3562.42
32223,3767.74
32224,3900.13
32225,4405.57
32226,4580.3
32227,4949.83
32228,4998.31
32229,4760.39
32230,4848.95
32231,4580.55
32232,4998.93
32233,4998.62
32234,5587.28
32235,6000.36
32236,6190.03
32237,5985.97
32238,5500.88
32239,5230.95
32240,4998.62
32241,4580.3
32242,4500.99
32243,4200.93
32244,4139.56
32245,4040.66
32246,4054.65
32247,4172.34
32248,4156.3
32249,3999.46
32250,4000.26
32251,3843.8
32252,3768.19
32253,3595.93
32254,3562.64
32255,3500.6
32256,3390.05
4129,4340.23
4130,4194.36
4131,4059.17
4132,3870.82
4133,3835.03
4134,3719.91
4135,3719.49
4136,3595.97
4137,3595.05
4138,3562.6
4139,3500.48
4140,3457.16
4141,3390.67
4142,3328.64
4143,3322.75
4144,3390.12
4145,3562.5
4146,3595.87
4147,3719.77
4148,3790.31
4149,4100.07
4150,4290.69
4151,5038.8
4152,5989.26
4153,9800.04
4154,12000.0
4155,12000.0
4156,12000.0
4157,12000.0
4158,12000.0
4159,12000.0
4160,12000.0
4161,12000.0
4162,12000.0
4163,9800.68
4164,9800.65
4165,9998.74
4166,11000.82
4167,12000.0
4168,8874.23
4169,8770.06
4170,7600.13
4171,6500.59
4172,5670.64
4173,5770.35
4174,5770.35
4175,5499.64
4176,5499.66
4177,5000.53
4178,4998.31
4179,4949.5
4180,4395.66
4181,3900.46
4182,3870.2
4183,3835.24
4184,3835.36
4185,3900.72
4186,4040.99
4187,4225.02
4188,4225.34
4189,4225.5
4190,4290.56
4191,4725.2
4192,5000.85
4193,5500.72
4194,7400.78
4195,11100.71
4196,10890.78
4197,11484.41
4198,9998.64
4199,11000.65
4200,12000.0
4201,12000.0
4202,12000.0
4203,12000.0
4204,12000.0
4205,12000.0
4206,12000.0
4207,12000.0
4208,12000.0
4209,7600.2
4210,6300.74
4211,5998.8
4212,6300.88
4213,5500.41
4214,5770.0
4215,5420.67
4216,5009.97
4217,5009.46
4218,5038.15
4219,4580.48
4220,4900.15
4221,4265.8
4222,4261.16
4223,4225.28
4224,4175.14
4225,3870.42
4226,3850.67
4227,3870.37
4228,3870.69
4229,3835.2
4230,3767.33
4231,3719.74
4232,3719.55
4233,3595.69
4234,3595.53
4235,3590.03
4236,3562.89
4237,3457.13
4238,3450.82
4239,3457.84
4240,3500.69
4241,3562.66
4242,3595.84
4243,3767.4
4244,3835.47
4245,4340.26
4246,5250.76
4247,5998.54
4248,6270.88
4249,10000.15
4250,12000.0
4251,12000.0
4252,12000.0
4253,12000.0
4254,12000.0
4255,12000.0
4256,12000.0
4257,12000.0
4258,12000.0
4259,10250.73
4260,10570.11
4261,11020.26
4262,12000.0
4263,12000.0
4264,9998.85
4265,9850.42
4266,8600.85
4267,7500.69
4268,7000.5
4269,6520.46
4270,6520.82
4271,6020.99
4272,5800.48
4273,5480.04
4274,5000.24
4275,5480.64
4276,4695.94
4277,4232.25
4278,4225.3
4279,4212.47
4280,4040.23
4281,4100.64
4282,4000.07
4283,4000.3
4284,4100.99
4285,4225.21
4286,4225.24
4287,4350.39
4288,4419.05
4289,4770.5
4290,5499.61
4291,6499.76
4292,8835.63
4293,6999.43
4294,8000.15
4295,12000.0
4296,12000.0
4297,12000.0
4298,12000.0
4299,12000.0
4300,12000.0
4301,12000.0
4302,12000.0
4303,12000.0
4304,12000.0
4305,8600.06
4306,7500.43
4307,7500.05
4308,7120.54
4309,6020.28
4310,6238.63
4311,5499.88
4312,5700.02
4313,5770.65
4314,5499.71
4315,5020.36
4316,4795.7
4317,4225.05
4318,4225.07
4319,4173.05
4320,4105.0
4321,5000.13
4322,5000.09
4323,5000.39
4324,5000.62
4325,4411.84
4326,4233.99
4327,4225.47
4328,4225.04
4329,3900.55
4330,3900.2
4331,3900.57
4332,3835.83
4333,3768.76
4334,3768.74
4335,3790.84
4336,3835.11
4337,3900.73
4338,4040.7
4339,4225.74
4340,4725.54
4341,5156.36
4342,6500.88
4343,7370.71
4344,7600.95
4345,11570.93
4346,12000.0
4347,12000.0
4348,12000.0
4349,12000.0
4350,12000.0
4351,12000.0
4352,12000.0
4353,12000.0
4354,12000.0
4355,12000.0
4356,12000.0
4357,12000.0
4358,12000.0
4359,12000.0
4360,12000.0
4361,12000.0
4362,10070.26
4363,8600.37
4364,8000.88
4365,7520.66
4366,7520.84
4367,7000.17
4368,6750.22
4369,6250.36
4370,5770.76
4371,6070.43
4372,5070.03
4373,4725.84
4374,4395.25
4375,4395.77
4376,4225.79
4377,4412.6
4378,4395.67
4379,4343.76
4380,4503.23
4381,4412.68
4382,4514.05
4383,4662.81
4384,4948.45
4385,4770.85
4386,6031.83
4387,7600.72
4388,9613.87
4389,5989.51
4390,5000.5
4391,6210.84
4392,12000.0
4393,12000.0
4394,12000.0
4395,12000.0
4396,12000.0
4397,12000.0
4398,12000.0
4399,12000.0
4400,12000.0
4401,10020.23
4402,8600.77
4403,8600.86
4404,8600.56
4405,7600.57
4406,7600.6
4407,7000.73
4408,7000.13
4409,7000.58
4410,6500.38
4411,5800.31
4412,5800.21
4413,5500.29
4414,5500.39
4415,5038.33
4416,4580.83
4417,5344.83
4418,5260.44
4419,5211.67
4420,4868.74
4421,4800.81
4422,4580.17
4423,4500.12
4424,4324.23
4425,4324.34
4426,4165.32
4427,4135.69
4428,4000.5
4429,3877.79
4430,4000.47
4431,3877.96
4432,4000.48
4433,4135.52
4434,4165.98
4435,4500.42
4436,4787.82
4437,5500.75
4438,7600.45
4439,8700.35
4440,9020.11
4441,12000.0
4442,12000.0
4443,12000.0
4444,12000.0
4445,12000.0
4446,12000.0
4447,12000.0
4448,12000.0
4449,12000.0
4450,12000.0
4451,12000.0
4452,12000.0
4453,12000.0
4454,12000.0
4455,12000.0
4456,12000.0
4457,12000.0
4458,12000.0
4459,10000.04
4460,9700.73
4461,8570.18
4462,8570.31
4463,8000.48
4464,7700.61
4465,7300.27
4466,7300.21
4467,7300.07
4468,6200.01
4469,4800.57
4470,4570.95
4471,4580.79
4472,4559.49
4473,4559.67
4474,4559.13
4475,4560.0
4476,4770.14
4477,5448.04
4478,5450.03
4479,5500.39
4480,5875.87
4481,5850.46
4482,7070.52
4483,8500.48
4484,11000.02
4485,8874.46
4486,6499.05
4487,8000.17
4488,11999.76
4489,12000.0
4490,12000.0
4491,12000.0
4492,12000.0
4493,12000.0
4494,12000.0
4495,12000.0
4496,12000.0
4497,12000.0
4498,9701.0
4499,9700.9
4500,9700.83
4501,7650.74
4502,8000.9
4503,7500.56
4504,5602.98
4505,7000.72
4506,6500.68
4507,6000.02
4508,6031.52
4509,5038.99
4510,5038.8
4511,4570.06
4512,4438.48
4513,6000.25
4514,5509.01
4515,5038.75
4516,4848.23
4517,4438.57
4518,4438.39
4519,4324.8
4520,4177.61
4521,4165.52
4522,4165.38
4523,4165.3
4524,4128.26
4525,3877.57
4526,3877.75
4527,4100.87
4528,3877.97
4529,4094.41
4530,4324.39
4531,4949.76
4532,5500.67
4533,6499.78
4534,8700.15
4535,10000.4
4536,12000.0
4537,12000.0
4538,12000.0
4539,12000.0
4540,12000.0
4541,12000.0
4542,12000.0
4543,12000.0
4544,12000.0
4545,12000.0
4546,12000.0
4547,12000.0
4548,12000.0
4549,12000.0
4550,12000.0
4551,12000.0
4552,12000.0
4553,12000.0
4554,12000.0
4555,11570.96
4556,11020.23
4557,10000.54
4558,10000.43
4559,9000.73
4560,8700.75
4561,8300.94
4562,8300.71
4563,8300.46
4564,7500.26
4565,5000.01
4566,4998.33
4567,4848.35
4568,4800.59
4569,4990.49
4570,4848.76
4571,4998.41
4572,4999.09
4573,5989.01
4574,6499.17
4575,6500.45
4576,7100.46
4577,7177.41
4578,8300.78
4579,10000.01
4580,12000.0
4581,12000.0
4582,7600.04
4583,12000.0
4584,12000.0
4585,12000.0
4586,12000.0
4587,12000.0
4588,12000.0
4589,12000.0
4590,12000.0
4591,12000.0
4592,12000.0
4593,12000.0
4594,12000.0
4595,12000.0
4596,12000.0
4597,9000.66
4598,9000.44
4599,8520.42
4600,8254.0
4601,7970.41
4602,7500.43
4603,7100.39
4604,7100.68
4605,6000.35
4606,6000.38
4607,5500.03
4608,5000.64
4609,8874.19
4610,7600.5
4611,6600.88
4612,6600.97
4613,5500.75
4614,5250.4
4615,5250.02
4616,5000.39
4617,4770.67
4618,4800.3
4619,4770.89
4620,4765.83
4621,4700.69
4622,4700.5
4623,4770.2
4624,4700.99
4625,4949.5
4626,5509.92
4627,6100.87
4628,7600.53
4629,8130.99
4630,10000.19
4631,11000.79
4632,12000.0
4633,12000.0
4634,12000.0
4635,12000.0
4636,12000.0
4637,12000.0
4638,12000.0
4639,12000.0
4640,12000.0
4641,12000.0
4642,12000.0
4643,12000.0
4644,12000.0
4645,12000.0
4646,12000.0
4647,12000.0
4648,12000.0
4649,12000.0
4650,12000.0
4651,12000.0
4652,12000.0
4653,11000.66
4654,11000.23
4655,10000.33
4656,10000.21
4657,8874.91
4658,8874.08
4659,7650.34
4660,6148.26
4661,4878.57
4662,4570.12
4663,4340.03
4664,4240.41
4665,4324.43
4666,4165.8
4667,4165.78
4668,4294.46
4669,4960.79
4670,5038.07
4671,7000.09
4672,8200.15
4673,8270.26
4674,9500.63
4675,12000.0
4676,12000.0
4677,12000.0
4678,9090.23
4679,12000.0
4680,12000.0
4681,12000.0
4682,12000.0
4683,12000.0
4684,12000.0
4685,12000.0
4686,12000.0
4687,12000.0
4688,12000.0
4689,12000.0
4690,12000.0
4691,12000.0
4692,12000.0
4693,11000.16
4694,10520.25
4695,9500.76
4696,9500.25
4697,9070.46
4698,8600.21
4699,8200.41
4700,8200.51
4701,7000.79
4702,7000.88
4703,7000.76
4704,6100.85
4705,8000.02
4706,7600.15
4707,6509.91
4708,5989.12
4709,5730.32
4710,4949.65
4711,4868.52
4712,4629.98
4713,4629.69
4714,4629.37
4715,4629.51
4716,4629.54
4717,4438.56
4718,4438.16
4719,4549.59
4720,4570.85
4721,4868.43
4722,5000.16
4723,5730.58
4724,6210.16
4725,6000.14
4726,8000.47
4727,8255.06
4728,9000.5
4729,8255.91
4730,9553.27
4731,12000.0
4732,12000.0
4733,12000.0
4734,12000.0
4735,12000.0
4736,12000.0
4737,12000.0
4738,12000.0
4739,9770.48
4740,9674.85
4741,9000.4
4742,8874.14
4743,8874.51
4744,8000.69
4745,8000.0
4746,6499.74
4747,6999.14
4748,5250.57
4749,4948.75
4750,5000.7
4751,5000.29
4752,4999.03
4753,4559.62
4754,4438.64
4755,4290.93
4756,4100.61
4757,3870.58
4758,3767.22
4759,3570.22
4760,3562.82
4761,3563.0
4762,3562.81
4763,3600.72
4764,3662.46
4765,4000.39
4766,4100.56
4767,4324.4
4768,4438.89
4769,4786.93
4770,5000.06
4771,4989.02
4772,4800.66
4773,4549.56
4774,4438.86
4775,4438.18
4776,4700.74
4777,5100.14
4778,5499.76
4779,6509.85
4780,7500.92
4781,8255.81
4782,8000.65
4783,7330.5
4784,6000.2
4785,5100.96
4786,5000.55
4787,5000.57
4788,5000.31
4789,5000.03
4790,4999.44
4791,5000.69
4792,5000.06
4793,5000.74
4794,5038.09
4795,5250.03
4796,5000.79
4797,5000.98
4798,5038.01
4799,5000.83
4800,4800.37
4801,4549.06
4802,4549.28
4803,4549.06
4804,4438.82
4805,4438.48
4806,4324.36
4807,4300.78
4808,4154.08
4809,4154.53
4810,4154.42
4811,4154.58
4812,4083.37
4813,3877.83
4814,4083.45
4815,4100.41
4816,4154.29
4817,4324.29
4818,4570.47
4819,4868.81
4820,5509.67
4821,6000.48
4822,8000.31
4823,8874.96
4824,11027.03
4825,12000.0
4826,12000.0
4827,12000.0
4828,12000.0
4829,12000.0
4830,12000.0
4831,12000.0
4832,12000.0
4833,12000.0
4834,12000.0
4835,12000.0
4836,12000.0
4837,12000.0
4838,12000.0
4839,12000.0
4840,12000.0
4841,12000.0
4842,12000.0
4843,12000.0
4844,12000.0
4845,8874.58
4846,8874.12
4847,8874.06
4848,8874.55
4849,8000.76
4850,7600.7
4851,5999.97
4852,5999.72
4853,4840.49
4854,4650.16
4855,4400.63
4856,4400.64
4857,4427.13
4858,4400.96
4859,4570.66
4860,4949.15
4861,5070.77
4862,5754.5
4863,8000.19
4864,8874.96
4865,8874.63
4866,9785.37
4867,11163.25
4868,11241.66
4869,12000.0
4870,12000.0
4871,12000.0
4872,12000.0
4873,12000.0
4874,12000.0
4875,12000.0
4876,12000.0
4877,12000.0
4878,12000.0
4879,12000.0
4880,12000.0
4881,8000.17
4882,6499.86
4883,7509.31
4884,7650.75
4885,6000.35
4886,5600.45
4887,5260.38
4888,5060.38
4889,5260.46
4890,5500.62
4891,5260.57
4892,5350.33
4893,5000.86
4894,5500.41
4895,5260.16
4896,5000.11
4897,5740.09
4898,5636.8
4899,5000.94
4900,5000.5
4901,5000.22
4902,4949.7
4903,4725.79
4904,4438.5
4905,4154.96
4906,4154.52
4907,4154.65
4908,4154.05
4909,3790.86
4910,3767.17
4911,3767.76
4912,3767.06
4913,4154.94
4914,4340.89
4915,4725.87
4916,6009.83
4917,7000.1
4918,8255.06
4919,8150.66
4920,9998.18
4921,12000.0
4922,12000.0
4923,12000.0
4924,12000.0
4925,12000.0
4926,12000.0
4927,12000.0
4928,12000.0
4929,12000.0
4930,12000.0
4931,12000.0
4932,12000.0
4933,12000.0
4934,12000.0
4935,12000.0
4936,12000.0
4937,12000.0
4938,12000.0
4939,12000.0
4940,10296.46
4941,9000.4
4942,8950.33
4943,8874.32
4944,8874.52
4945,7998.73
4946,6009.19
4947,5139.45
4948,5260.26
4949,4848.6
4950,4570.55
4951,4650.09
4952,4570.42
4953,4570.41
4954,4570.62
4955,4770.15
4956,5000.71
4957,5370.53
4958,6070.44
4959,8170.2
4960,8911.35
4961,9000.17
4962,11000.14
4963,12000.0
4964,12000.0
4965,12000.0
4966,12000.0
4967,12000.0
4968,12000.0
4969,12000.0
4970,12000.0
4971,12000.0
4972,12000.0
4973,12000.0
4974,12000.0
4975,12000.0
4976,12000.0
4977,9000.09
4978,8500.44
4979,8000.17
4980,8000.85
4981,7000.76
4982,6600.82
4983,5800.32
4984,5260.1
4985,5260.65
4986,6009.64
4987,5458.58
4988,5260.81
4989,5386.88
4990,5429.13
4991,5260.49
4992,5440.53
4993,6710.89
4994,6800.07
4995,6000.83
4996,5252.33
4997,5000.16
4998,4999.88
4999,4659.32
5000,4580.93
5001,4549.1
5002,4438.38
5003,4340.54
5004,4324.29
5005,4154.04
5006,4122.07
5007,4100.03
5008,3877.91
5009,4154.84
5010,4570.1
5011,4570.54
5012,4580.65
5013,4570.65
5014,8000.75
5015,9300.79
5016,12000.0
5017,12000.0
5018,12000.0
5019,12000.0
5020,12000.0
5021,12000.0
5022,12000.0
5023,12000.0
5024,12000.0
5025,12000.0
5026,12000.0
5027,12000.0
5028,12000.0
5029,12000.0
5030,12000.0
5031,10000.66
5032,8500.3
5033,10000.98
5034,10000.4
5035,8874.53
5036,8255.78
5037,8255.9
5038,8000.74
5039,8000.86
5040,8000.95
5041,6009.92
5042,4800.34
5043,4580.26
5044,4580.19
5045,4071.14
5046,3930.98
5047,3820.03
5048,3767.58
5049,3767.52
5050,3767.59
5051,3767.71
5052,4100.67
5053,4570.72
5054,4570.56
5055,4800.75
5056,6009.11
5057,5000.23
5058,6499.07
5059,7650.68
5060,8255.92
5061,12000.0
5062,10400.0
5063,12000.0
5064,9110.11
5065,8874.37
5066,7650.16
5067,12000.0
5068,12000.0
5069,12000.0
5070,12000.0
5071,12000.0
5072,8000.32
5073,6009.94
5074,5740.41
5075,5260.48
5076,5260.59
5077,6009.02
5078,5252.56
5079,5000.95
5080,5252.63
5081,5000.14
5082,5000.31
5083,5000.61
5084,5000.47
5085,5000.33
5086,4999.93
5087,4878.25
5088,4878.31
5089,6574.24
5090,6009.0
5091,6999.02
5092,6009.3
5093,5000.85
5094,5000.56
5095,5000.43
5096,4878.69
5097,4800.23
5098,4650.4
5099,4650.45
5100,4570.98
5101,4510.68
5102,4545.55
5103,4538.61
5104,4538.87
5105,4780.02
5106,4800.71
5107,5038.63
5108,5600.31
5109,6000.34
5110,7600.1
5111,9000.65
5112,12000.0
5113,12000.0
5114,12000.0
5115,12000.0
5116,12000.0
5117,12000.0
5118,12000.0
5119,12000.0
5120,12000.0
5121,12000.0
5122,12000.0
5123,12000.0
5124,12000.0
5125,10000.98
5126,10000.5
5127,10000.39
5128,8000.75
5129,10000.37
5130,8874.14
5131,8255.37
5132,8255.1
5133,8800.21
5134,8000.96
5135,8000.78
5136,8000.72
5137,7070.12
5138,5500.76
5139,5000.65
5140,4580.84
5141,4133.08
5142,4070.32
5143,4350.78
5144,4340.31
5145,4200.07
5146,4570.85
5147,4650.23
5148,5000.15
5149,5000.48
5150,5600.01
5151,6000.98
5152,8255.19
5153,8255.4
5154,9000.71
5155,12000.0
5156,12000.0
5157,12000.0
5158,12000.0
5159,9110.33
5160,11950.09
5161,9999.45
5162,12000.0
5163,12000.0
5164,12000.0
5165,12000.0
5166,12000.0
5167,12000.0
5168,12000.0
5169,7500.19
5170,7100.74
5171,7100.26
5172,7100.0
5173,7100.19
5174,6300.22
5175,6009.91
5176,6300.18
5177,6009.75
5178,6000.84
5179,6000.9
5180,6000.95
5181,6000.62
5182,6000.53
5183,6000.3
5184,6000.44
5185,6009.0
5186,6999.55
5187,7650.35
5188,7000.87
5189,6000.35
5190,5971.95
5191,5999.3
5192,5971.16
5193,5770.6
5194,5000.36
5195,5000.99
5196,5000.3
5197,4780.77
5198,4949.61
5199,5000.06
5200,5000.6
5201,6500.95
5202,6500.85
5203,6499.61
5204,6600.85
5205,6999.09
5206,8100.81
5207,9974.29
5208,12000.0
5209,12000.0
5210,12000.0
5211,12000.0
5212,12000.0
5213,12000.0
5214,12000.0
5215,12000.0
5216,12000.0
5217,12000.0
5218,12000.0
5219,12000.0
5220,12000.0
5221,12000.0
5222,11000.13
5223,10200.08
5224,8750.18
5225,8874.78
5226,8999.15
5227,8874.22
5228,8100.63
5229,7650.33
5230,7650.71
5231,5260.73
5232,6500.72
5233,6031.49
5234,4948.95
5235,4800.77
5236,4870.39
5237,4570.81
5238,4785.61
5239,4645.34
5240,4580.79
5241,4800.65
5242,4848.95
5243,5000.4
5244,5677.38
5245,5999.77
5246,6031.43
5247,7000.25
5248,8048.06
5249,8874.39
5250,9110.11
5251,12000.0
5252,12000.0
5253,12000.0
5254,12000.0
5255,12000.0
5256,12000.0
5257,12000.0
5258,12000.0
5259,12000.0
5260,12000.0
5261,12000.0
5262,12000.0
5263,12000.0
5264,12000.0
5265,12000.0
5266,8101.0
5267,8100.89
5268,8100.62
5269,8100.57
5270,7500.82
5271,7650.51
5272,7600.21
5273,7650.0
5274,7500.65
5275,7000.93
5276,7000.78
5277,7600.39
5278,7650.21
5279,7971.56
5280,8048.57
5281,8874.54
5282,9677.42
5283,9478.73
5284,8874.39
5285,8874.73
5286,8000.37
5287,8000.01
5288,7600.1
5289,7325.59
5290,7325.6
5291,7038.18
5292,6982.15
5293,6499.15
5294,6009.67
5295,6009.41
5296,6031.4
5297,8150.39
5298,8556.55
5299,8501.25
5300,8874.21
5301,8500.8
5302,9200.81
5303,11000.96
5304,12000.0
5305,12000.0
5306,12000.0
5307,12000.0
5308,12000.0
5309,12000.0
5310,12000.0
5311,12000.0
5312,12000.0
5313,12000.0
5314,12000.0
5315,12000.0
5316,12000.0
5317,12000.0
5318,12000.0
5319,11570.51
5320,10000.75
5321,10000.3
5322,10000.19
5323,8874.02
5324,8000.64
5325,8000.29
5326,8000.09
5327,7520.02
5328,7520.03
5329,6009.04
5330,5000.04
5331,4800.53
5332,4848.69
5333,4173.49
5334,4148.74
5335,4128.22
5336,4170.32
5337,4128.77
5338,4400.04
5339,4427.29
5340,4580.63
5341,4785.87
5342,4868.25
5343,6230.9
5344,7325.91
5345,8000.08
5346,8874.08
5347,9110.03
5348,9110.7
5349,9110.95
5350,12000.0
5351,12000.0
5352,12000.0
5353,12000.0
5354,12000.0
5355,12000.0
5356,12000.0
5357,12000.0
5358,12000.0
5359,12000.0
5360,12000.0
5361,11999.97
5362,9200.02
5363,8874.74
5364,8874.44
5365,8000.49
5366,8000.37
5367,8000.6
5368,8000.79
5369,8700.26
5370,8700.52
5371,8000.92
5372,8250.78
5373,8874.52
5374,8874.86
5375,9790.78
5376,9428.77
5377,10000.93
5378,10500.41
5379,10500.07
5380,10000.08
5381,8462.75
5382,8462.22
5383,8462.03
5384,8000.53
5385,8000.55
5386,8000.69
5387,8000.03
5388,7325.63
5389,7325.0
5390,7000.16
5391,7000.08
5392,6999.67
5393,8000.99
5394,8150.53
5395,8150.96
5396,8462.24
5397,8462.92
5398,9999.38
5399,10000.71
5400,12000.0
5401,12000.0
5402,12000.0
5403,11999.53
5404,12000.0
5405,12000.0
5406,12000.0
5407,12000.0
5408,12000.0
5409,12000.0
5410,12000.0
5411,11999.45
5412,12000.0
5413,12000.0
5414,10000.1
5415,9770.29
5416,8999.35
5417,8999.64
5418,8000.9
5419,8000.48
5420,7650.2
5421,7325.49
5422,5989.49
5423,6999.17
5424,5677.62
5425,4819.14
5426,4605.75
5427,4570.09
5428,4547.54
5429,4250.07
5430,4148.47
5431,4109.48
5432,4102.16
5433,4059.38
5434,4066.33
5435,4100.05
5436,4158.81
5437,4570.32
5438,4570.51
5439,4848.98
5440,5989.41
5441,6000.67
5442,8000.59
5443,8462.55
5444,11000.1
5445,9110.49
5446,8000.26
5447,5989.63
5448,6499.54
5449,5499.59
5450,5780.11
5451,8000.24
5452,8000.98
5453,8000.82
5454,8000.24
5455,8000.41
5456,8000.33
5457,8462.06
5458,8000.99
5459,8000.27
5460,8000.23
5461,8000.74
5462,8000.77
5463,8000.43
5464,8000.42
5465,8000.3
5466,8000.53
5467,8000.7
5468,8000.86
5469,8462.46
5470,10000.04
5471,10167.08
5472,10348.15
5473,8137.96
5474,7999.18
5475,7650.05
5476,6336.6
5477,6260.81
5478,6260.6
5479,6260.5
5480,6260.58
5481,5000.87
5482,5000.86
5483,5000.6
5484,5000.43
5485,5000.55
5486,5000.39
5487,5000.17
5488,5000.15
5489,5000.21
5490,5409.6
5491,6500.81
5492,7600.63
5493,7600.93
5494,8137.56
5495,12000.0
5496,12000.0
5497,12000.0
5498,12000.0
5499,12000.0
5500,12000.0
5501,12000.0
5502,12000.0
5503,12000.0
5504,12000.0
5505,12000.0
5506,12000.0
5507,12000.0
5508,12000.0
5509,12000.0
5510,12000.0
5511,12000.0
5512,11000.55
5513,11000.54
5514,11000.31
5515,9500.32
5516,9000.17
5517,9000.04
5518,8470.13
5519,8300.72
5520,8300.71
5521,7020.6
5522,6000.3
5523,6000.09
5524,6000.22
5525,5200.02
5526,5020.64
5527,5200.11
5528,5200.16
5529,5200.39
5530,5250.64
5531,5250.9
5532,5500.68
5533,6000.68
5534,6000.69
5535,7200.04
5536,8070.87
5537,9000.45
5538,10000.61
5539,11000.9
5540,12000.0
5541,12000.0
5542,12000.0
5543,12000.0
5544,12000.0
5545,12000.0
5546,12000.0
5547,12000.0
5548,12000.0
5549,12000.0
5550,12000.0
5551,12000.0
5552,12000.0
5553,12000.0
5554,11000.48
5555,10000.47
5556,10000.55
5557,9000.29
5558,9000.22
5559,9000.13
5560,9000.14
5561,9770.73
5562,9770.82
5563,9020.87
5564,9020.81
5565,10000.06
5566,10774.91
5567,10645.24
5568,9770.48
5569,9200.46
5570,9200.23
5571,8700.19
5572,7500.11
5573,7213.15
5574,6499.93
5575,7200.81
5576,6000.67
5577,6000.04
5578,5500.15
5579,5500.02
5580,5000.48
5581,5000.61
5582,5000.99
5583,5000.26
5584,5000.78
5585,5000.67
5586,6500.48
5587,7500.1
5588,8020.78
5589,8700.17
5590,9200.2
5591,12000.0
5592,12000.0
5593,12000.0
5594,12000.0
5595,12000.0
5596,12000.0
5597,12000.0
5598,12000.0
5599,12000.0
5600,12000.0
5601,12000.0
5602,12000.0
5603,12000.0
5604,12000.0
5605,12000.0
5606,12000.0
5607,12000.0
5608,12000.0
5609,12000.0
5610,12000.0
5611,10770.27
5612,10000.07
5613,9870.95
5614,9020.06
5615,8870.99
5616,8500.03
5617,7213.96
5618,7000.11
5619,7000.06
5620,7000.12
5621,5677.65
5622,5000.08
5623,5000.83
5624,5677.02
5625,5989.33
5626,6000.05
5627,6270.09
5628,6120.22
5629,6770.78
5630,6770.9
5631,7770.13
5632,8820.01
5633,9000.52
5634,11000.06
5635,11770.51
5636,12000.0
5637,9000.87
5638,12000.0
5639,12000.0
5640,12000.0
5641,12000.0
5642,12000.0
5643,12000.0
5644,12000.0
5645,12000.0
5646,12000.0
5647,12000.0
5648,12000.0
5649,12000.0
5650,12000.0
5651,9000.62
5652,7650.32
5653,9000.21
5654,10000.05
5655,7213.69
5656,6999.32
5657,9000.0
5658,9000.03
5659,9000.49
5660,7364.46
5661,7213.69
5662,7364.27
5663,7364.62
5664,7364.63
193,10200.92
194,10200.6
195,10000.82
196,10000.09
197,8500.54
198,8500.39
199,8500.14
200,7500.95
201,7000.31
202,6800.03
203,6500.87
204,6000.85
205,6000.53
206,6000.1
207,6000.06
208,5989.57
209,7600.14
210,8820.9
211,8500.95
212,8820.89
213,9500.83
214,11000.05
215,12000.0
216,12000.0
217,12000.0
218,12000.0
219,12000.0
220,12000.0
221,12000.0
222,12000.0
223,12000.0
224,12000.0
225,12000.0
226,12000.0
227,12000.0
228,12000.0
229,12000.0
230,12000.0
231,12000.0
232,12000.0
233,12000.0
234,10520.61
235,10270.11
236,10020.78
237,9900.44
238,8998.67
239,8500.29
240,7989.06
241,7410.44
242,7020.9
243,7020.42
244,6499.78
245,5000.0
246,5000.01
247,5000.48
248,5000.6
249,5627.31
250,6200.02
251,6400.42
252,6400.83
253,7500.07
254,6970.59
255,7998.3
256,9020.49
257,9500.79
258,12000.0
259,12000.0
260,12000.0
261,12000.0
262,11999.23
263,7998.65
264,7998.11
265,11499.56
266,12000.0
267,12000.0
268,12000.0
269,12000.0
270,12000.0
271,12000.0
272,12000.0
273,12000.0
274,12000.0
275,11000.64
276,11000.57
277,9500.95
278,10800.74
279,10000.58
280,10000.6
281,11000.42
282,11000.52
283,10200.59
284,10200.51
285,11000.01
286,11499.67
287,11499.97
288,11000.49
961,4109.27
962,4023.75
963,4023.95
964,4029.09
965,4023.16
966,4023.69
967,4023.92
968,4023.99
969,4023.64
970,4023.48
971,4023.87
972,4000.69
973,4000.59
974,4000.45
975,3999.98
976,4023.44
977,4023.65
978,4000.99
979,3999.16
980,3685.46
981,4110.4
982,5000.5
983,5339.98
984,5400.08
985,5500.31
986,5400.08
987,5638.63
988,5500.77
989,5500.04
990,5500.59
991,5400.14
992,4906.41
993,4023.5
994,4023.1
995,4029.53
996,4091.81
997,4100.51
998,4440.91
999,4350.23
1000,4023.05
1001,3623.59
1002,3850.04
1003,3850.8
1004,4000.34
1005,3830.75
1006,3649.96
1007,3623.65
1008,3623.34
1009,3566.4
1010,3566.15
1011,3566.13
1012,3425.83
1013,3322.7
1014,3327.61
1015,3349.26
1016,3425.14
1017,3499.62
1018,3605.26
1019,3623.7
1020,3623.66
1021,3800.27
1022,3840.09
1023,3776.2
1024,4110.84
1025,5000.15
1026,5188.97
1027,10000.0
1028,10000.0
1029,10000.0
1030,10000.0
1031,10000.0
1032,10000.0
1033,10000.0
1034,10000.0
1035,10000.0
1036,10000.0
1037,10000.0
1038,10000.0
1039,5529.05
1040,4751.78
1041,5012.82
1042,4700.86
1043,4725.04
1044,4588.11
1045,4278.8
1046,4250.62
1047,4048.78
1048,4250.13
1049,3999.49
1050,4506.99
1051,4598.14
1052,4598.16
1053,4074.8
1054,4072.68
1055,4023.41
1056,4023.55
3937,4278.23
3938,4200.99
3939,4119.55
3940,4029.54
3941,4000.86
3942,4029.03
3943,4000.99
3944,4000.75
3945,3998.41
3946,3999.81
3947,4000.73
3948,4000.33
3949,4241.4
3950,4109.92
3951,4023.61
3952,4029.82
3953,4023.42
3954,3999.58
3955,3998.74
3956,3998.69
3957,4100.27
3958,4688.12
3959,5158.64
3960,5000.96
3961,5000.03
3962,5000.64
3963,5499.65
3964,5800.53
3965,5779.3
3966,5909.33
3967,6029.43
3968,5499.93
3969,4853.36
3970,4688.39
3971,4688.46
3972,4688.3
3973,4976.31
3974,4906.04
3975,4976.05
3976,4500.32
3977,3659.59
3978,3998.55
3979,3998.53
3980,3998.44
3981,3869.9
3982,3998.28
3983,3800.09
3984,3623.88
3985,3605.86
3986,3605.95
3987,3623.01
3988,3499.35
3989,3349.75
3990,3349.82
3991,3425.12
3992,3494.26
3993,3566.2
3994,3623.07
3995,3623.73
3996,3649.31
3997,4154.94
3998,4465.67
3999,4465.26
4000,4720.21
4001,5000.14
4002,5389.6
4003,5909.9
4004,10000.0
4005,10000.0
4006,10000.0
4007,10000.0
4008,10000.0
4009,10000.0
4010,10000.0
4011,10000.0
4012,10000.0
4013,10000.0
4014,8999.08
4015,5718.1
4016,5350.9
4017,4910.4
4018,4740.75
4019,4700.14
4020,4499.63
4021,4500.46
4022,4381.62
4023,4278.5
4024,4522.87
4025,4499.08
4026,4588.19
4027,4354.05
4028,4350.8
4029,4023.83
4030,4029.76
4031,4029.3
4032,4023.91
6625,4029.21
6626,4050.17
6627,4050.85
6628,4050.74
6629,4000.8
6630,4000.73
6631,3998.22
6632,3969.44
6633,3700.25
6634,3628.72
6635,3628.89
6636,3628.58
6637,3628.19
6638,3628.14
6639,3628.01
6640,3502.0
6641,3500.94
6642,3969.54
6643,3949.14
6644,3725.51
6645,4000.88
6646,4110.81
6647,4688.57
6648,4688.22
6649,4700.99
6650,4588.95
6651,5090.6
6652,5090.63
6653,5090.56
6654,5400.66
6655,5000.25
6656,4745.4
6657,4490.13
6658,4350.77
6659,4500.67
6660,4490.51
6661,4350.6
6662,4500.7
6663,4130.02
6664,3998.83
6665,3623.42
6666,3810.56
6667,3623.96
6668,3623.98
6669,3623.1
6670,3605.68
6671,3605.64
6672,3566.34
6673,3426.35
6674,3426.76
6675,3426.81
6676,3349.0
6677,3200.35
6678,3101.0
6679,3240.15
6680,3345.86
6681,3494.95
6682,3566.45
6683,3623.07
6684,3700.91
6685,4160.29
6686,4688.83
6687,4000.58
6688,4054.83
6689,4400.58
6690,5000.16
6691,5000.87
6692,5400.36
6693,8977.75
6694,10000.0
6695,10000.0
6696,10000.0
6697,10000.0
6698,10000.0
6699,10000.0
6700,10000.0
6701,10000.0
6702,6023.88
6703,5529.78
6704,4923.8
6705,4023.44
6706,4000.23
6707,4023.82
6708,4023.88
6709,4000.48
6710,4023.49
6711,4023.55
6712,4192.81
6713,4000.56
6714,4023.05
6715,4029.96
6716,4100.64
6717,4023.43
6718,4023.73
6719,4023.88
6720,4085.29
9601,4500.19
9602,4241.61
9603,4388.95
9604,4144.03
9605,4023.73
9606,4023.07
9607,3998.02
9608,3869.21
9609,3750.22
9610,3895.42
9611,3998.56
9612,3999.85
9613,3998.84
9614,3895.7
9615,3998.17
9616,3998.27
9617,3998.0
9618,3998.11
9619,3998.22
9620,3998.09
9621,4386.94
9622,4688.81
9623,5021.74
9624,5000.91
9625,4688.69
9626,4522.76
9627,4618.82
9628,5100.47
9629,5260.16
9630,5250.67
9631,4793.39
9632,4950.25
9633,4598.11
9634,4500.15
9635,4520.93
9636,4500.8
9637,4607.7
9638,4600.59
9639,4500.03
9640,4200.92
9641,3998.13
9642,4000.23
9643,3998.1
9644,3980.22
9645,3623.71
9646,3810.19
9647,3623.94
9648,3623.39
9649,3605.85
9650,3623.0
9651,3605.75
9652,3566.95
9653,3566.24
9654,3540.61
9655,3605.39
9656,3623.41
9657,3628.23
9658,3748.54
9659,3811.33
9660,3998.09
9661,4078.5
9662,4193.02
9663,4193.19
9664,4200.49
9665,4688.74
9666,5076.87
9667,10000.0
9668,10000.0
9669,10000.0
9670,10000.0
9671,10000.0
9672,10000.0
9673,10000.0
9674,10000.0
9675,10000.0
9676,10000.0
9677,10000.0
9678,10000.0
9679,5779.9
9680,5509.41
9681,5000.47
9682,5000.21
9683,5000.07
9684,4688.9
9685,4500.13
9686,4023.85
9687,4199.65
9688,4264.6
9689,4023.06
9690,4278.57
9691,4450.14
9692,4450.04
9693,4199.08
9694,4024.0
9695,4023.58
9696,4023.73
12481,4023.58
12482,4029.61
12483,4100.26
12484,4100.96
12485,4100.36
12486,4100.02
12487,3998.44
12488,3998.27
12489,3998.17
12490,3800.6
12491,3725.09
12492,3700.14
12493,3512.34
12494,3500.93
12495,3500.7
12496,3500.17
12497,3512.2
12498,3998.33
12499,3998.93
12500,4050.83
12501,4500.26
12502,5000.25
12503,5050.54
12504,5500.01
12505,4998.83
12506,4500.28
12507,4500.51
12508,4500.52
12509,4500.83
12510,4498.33
12511,4242.26
12512,4450.51
12513,4576.39
12514,4500.75
12515,4242.18
12516,4197.12
12517,4193.69
12518,4078.97
12519,4193.2
12520,4078.35
12521,3623.82
12522,3623.93
12523,3623.63
12524,3623.11
12525,3566.56
12526,3500.75
12527,3499.76
12528,3425.89
12529,3420.38
12530,3425.61
12531,3425.35
12532,3420.48
12533,3100.04
12534,3100.16
12535,3250.3
12536,3540.21
12537,3512.94
12538,3623.59
12539,3623.96
12540,3659.09
12541,3945.41
12542,4000.65
12543,4073.94
12544,4197.56
12545,4193.53
12546,4242.2
12547,4998.27
12548,5330.1
12549,5709.87
12550,5749.83
12551,6438.13
12552,9967.71
12553,8200.92
12554,8200.44
12555,8111.73
12556,7479.55
12557,5509.48
12558,4998.95
12559,4998.53
12560,4999.2
12561,4740.13
12562,4650.31
12563,4588.76
12564,4600.96
12565,4500.34
12566,4500.09
12567,4500.94
12568,4598.1
12569,4050.88
12570,4228.91
12571,4401.34
12572,4240.16
12573,4000.95
12574,3998.84
12575,3598.4
12576,3512.73
15457,4077.62
15458,4000.33
15459,3999.47
15460,3998.92
15461,3895.09
15462,3659.97
15463,3500.76
15464,3500.78
15465,3449.73
15466,3449.36
15467,3425.81
15468,3425.43
15469,3400.93
15470,3400.2
15471,3400.43
15472,3400.15
15473,3400.98
15474,3450.33
15475,3500.06
15476,3599.34
15477,3998.69
15478,4350.95
15479,4688.16
15480,4688.99
15481,4588.03
15482,4195.99
15483,4199.55
15484,4200.51
15485,4199.58
15486,4241.9
15487,4429.47
15488,4500.13
15489,4199.26
15490,4199.1
15491,4199.3
15492,4199.15
15493,4500.58
15494,4598.02
15495,4521.68
15496,4337.56
15497,3998.8
15498,4025.44
15499,3998.69
15500,3950.06
15501,3659.46
15502,3623.8
15503,3623.69
15504,3623.42
15505,3425.86
15506,3425.1
15507,3470.88
15508,3425.49
15509,3268.06
15510,3252.44
15511,3330.18
15512,3425.25
15513,3565.34
15514,3623.97
15515,3659.43
15516,3700.04
15517,4081.52
15518,4195.21
15519,4050.86
15520,4195.78
15521,4588.52
15522,4976.08
15523,5000.47
15524,10000.0
15525,10000.0
15526,10000.0
15527,10000.0
15528,10000.0
15529,10000.0
15530,10000.0
15531,10000.0
15532,10000.0
15533,10000.0
15534,5718.75
15535,5350.16
15536,5150.06
15537,5499.3
15538,5000.95
15539,5000.64
15540,5000.21
15541,5000.02
15542,4800.17
15543,4800.9
15544,4740.25
15545,4688.12
15546,4688.11
15547,4598.52
15548,4500.85
15549,4302.45
15550,4050.49
15551,3998.82
15552,3659.57
18337,3722.42
18338,3700.63
18339,3659.54
18340,3998.0
18341,3608.67
18342,3608.63
18343,3401.0
18344,3400.29
18345,3270.51
18346,3300.28
18347,3250.25
18348,3231.05
18349,3208.29
18350,3208.03
18351,3024.89
18352,3100.64
18353,3257.06
18354,3400.6
18355,3499.76
18356,3722.58
18357,3896.92
18358,3998.24
18359,4500.24
18360,4500.56
18361,4470.35
18362,3850.2
18363,3800.25
18364,3999.78
18365,4099.41
18366,4195.03
18367,4099.96
18368,3998.5
18369,4195.26
18370,4130.28
18371,4029.22
18372,3998.14
18373,3850.09
18374,3998.72
18375,3884.32
18376,3696.3
18377,3623.07
18378,3623.07
18379,3605.88
18380,3566.77
18381,3452.44
18382,3453.13
18383,3451.36
18384,3426.09
18385,3349.95
18386,3349.61
18387,3339.76
18388,3287.34
18389,3229.31
18390,3079.53
18391,3268.03
18392,3349.26
18393,3426.94
18394,3523.73
18395,3605.16
18396,3623.09
18397,3800.97
18398,3998.15
18399,3999.25
18400,4350.09
18401,4976.81
18402,5419.98
18403,5539.17
18404,6500.08
18405,6902.2
18406,8999.36
18407,10000.0
18408,10000.0
18409,10000.0
18410,10000.0
18411,10000.0
18412,6749.09
18413,5456.82
18414,5160.16
18415,4800.32
18416,4699.02
18417,4617.26
18418,4194.21
18419,4029.96
18420,4023.65
18421,4000.46
18422,4000.33
18423,4029.28
18424,4199.77
18425,3998.56
18426,4023.24
18427,4500.09
18428,4221.05
18429,3998.91
18430,3998.75
18431,3659.65
18432,3599.69
21313,3760.11
21314,3523.7
21315,3499.39
21316,3459.68
21317,3425.22
21318,3400.48
21319,3198.7
21320,3212.72
21321,3198.55
21322,3212.22
21323,3198.51
21324,3198.08
21325,3198.14
21326,3198.03
21327,3000.6
21328,3029.06
21329,3141.19
21330,3198.67
21331,3300.4
21332,3400.1
21333,3523.15
21334,4023.31
21335,4500.85
21336,4500.61
21337,4000.38
21338,3659.41
21339,3840.58
21340,3999.97
21341,3998.98
21342,3999.88
21343,3998.47
21344,4000.12
21345,3998.88
21346,3998.25
21347,3740.54
21348,3623.7
21349,3700.24
21350,3999.16
21351,3998.01
21352,3769.46
21353,3605.48
21354,3605.09
21355,3566.43
21356,3566.16
21357,3426.57
21358,3426.15
21359,3426.0
21360,3330.01
21361,3290.87
21362,3250.03
21363,3112.88
21364,2944.97
21365,2900.84
21366,2851.0
21367,2994.26
21368,3030.13
21369,3100.7
21370,3293.07
21371,3349.2
21372,3425.47
21373,3623.31
21374,3651.0
21375,3800.18
21376,3998.98
21377,3909.1
21378,4250.1
21379,4976.03
21380,5509.11
21381,6500.69
21382,6500.09
21383,10000.0
21384,10000.0
21385,10000.0
21386,10000.0
21387,10000.0
21388,9723.42
21389,6641.02
21390,5718.86
21391,5121.92
21392,4720.59
21393,4700.44
21394,4688.06
21395,4598.0
21396,4200.71
21397,4200.97
21398,4000.23
21399,4012.17
21400,3998.08
21401,3499.92
21402,3998.21
21403,4000.92
21404,4000.16
21405,3958.75
21406,3768.94
21407,3628.38
21408,3499.7
24289,3600.5
24290,3569.56
24291,3569.59
24292,3569.26
24293,3500.01
24294,3500.54
24295,3499.9
24296,3425.9
24297,3425.03
24298,3425.19
24299,3316.1
24300,3300.17
24301,3299.13
24302,3299.12
24303,3265.39
24304,3299.59
24305,3352.81
24306,3467.79
24307,3500.03
24308,3500.12
24309,3500.88
24310,3969.73
24311,4500.53
24312,4500.8
24313,4381.81
24314,3998.24
24315,4023.02
24316,4195.74
24317,4100.96
24318,4195.06
24319,4100.55
24320,3998.75
24321,3998.73
24322,3998.45
24323,3935.15
24324,3969.33
24325,4100.33
24326,4210.95
24327,4023.93
24328,3850.45
24329,3623.12
24330,3623.21
24331,3605.29
24332,3605.0
24333,3500.91
24334,3500.87
24335,3500.6
24336,3500.17
24337,3349.82
24338,3349.98
24339,3295.77
24340,3262.7
24341,3250.1
24342,3250.68
24343,3265.62
24344,3349.34
24345,3425.63
24346,3500.8
24347,3566.82
24348,3623.07
24349,3776.97
24350,4023.27
24351,4195.93
24352,4200.35
24353,4500.79
24354,4688.76
24355,5000.67
24356,6550.92
24357,8934.98
24358,10000.0
24359,10000.0
24360,10000.0
24361,10000.0
24362,10000.0
24363,10000.0
24364,10000.0
24365,5775.32
24366,5775.06
24367,5150.41
24368,4700.41
24369,4900.89
24370,4688.01
24371,4500.32
24372,4499.78
24373,4250.64
24374,4110.16
24375,4130.48
24376,4023.2
24377,3969.1
24378,3969.96
24379,4190.29
24380,4100.42
24381,3969.55
24382,3969.2
24383,3618.66
24384,3549.18
27169,3722.61
27170,3550.1
27171,3479.63
27172,3425.79
27173,3318.69
27174,3299.87
27175,3212.86
27176,3212.23
27177,3212.51
27178,3250.09
27179,3100.83
27180,3051.76
27181,2994.55
27182,2948.63
27183,2948.45
27184,2994.72
27185,3089.59
27186,3231.78
27187,3300.98
27188,3212.31
27189,3512.85
27190,3830.68
27191,3999.61
27192,4500.0
27193,4500.24
27194,4200.97
27195,4500.64
27196,4548.47
27197,4688.95
27198,4700.14
27199,4627.64
27200,4488.84
27201,4418.13
27202,4319.0
27203,4071.2
27204,4000.89
27205,4000.97
27206,4023.53
27207,4050.48
27208,4023.36
27209,4000.46
27210,4000.06
27211,3860.5
27212,3840.59
27213,3680.04
27214,3500.85
27215,3500.78
27216,3440.5
27217,3269.61
27218,3250.44
27219,3235.19
27220,3100.58
27221,2994.44
27222,3000.25
27223,3000.78
27224,3250.06
27225,3270.57
27226,3499.29
27227,3700.8
27228,3500.4
27229,3998.45
27230,3999.6
27231,4150.9
27232,4500.21
27233,4500.66
27234,4688.3
27235,5000.24
27236,5000.66
27237,5000.31
27238,5459.47
27239,7500.17
27240,10000.0
27241,10000.0
27242,10000.0
27243,10000.0
27244,8708.65
27245,4900.21
27246,4600.87
27247,4253.69
27248,4023.97
27249,4200.84
27250,4190.97
27251,4190.61
27252,4000.28
27253,4023.13
27254,4012.85
27255,4023.69
27256,4000.52
27257,3523.19
27258,3425.21
27259,3722.73
27260,3880.87
27261,3500.88
27262,3500.0
27263,3425.14
27264,3425.12
30145,3722.77
30146,3500.8
30147,3450.76
30148,3425.68
30149,3292.08
30150,3297.74
30151,3212.36
30152,3172.23
30153,2994.74
30154,2994.97
30155,2994.21
30156,2930.87
30157,2920.19
30158,2920.01
30159,2890.72
30160,2899.98
30161,3000.65
30162,3029.13
30163,3157.94
30164,3029.42
30165,3512.37
30166,3769.22
30167,3998.14
30168,3999.69
30169,4010.97
30170,4130.51
30171,4350.14
30172,4500.14
30173,4189.81
30174,4189.66
30175,4110.41
30176,4100.48
30177,4100.84
30178,4049.96
30179,4023.34
30180,4000.97
30181,4000.8
30182,4000.25
30183,3998.41
30184,3840.42
30185,3500.91
30186,3600.6
30187,3500.14
30188,3500.09
30189,3286.25
30190,3268.54
30191,3259.74
30192,3246.5
30193,3024.82
30194,3000.98
30195,2994.61
30196,2978.29
30197,2637.02
30198,2506.88
30199,2700.04
30200,2839.53
30201,3024.86
30202,3250.31
30203,3412.53
30204,3399.97
30205,3519.71
30206,3500.51
30207,3800.16
30208,3998.56
30209,4064.6
30210,4250.24
30211,4500.01
30212,4688.56
30213,4500.8
30214,4976.47
30215,5450.18
30216,10000.0
30217,7000.32
30218,6500.62
30219,6500.35
30220,5509.05
30221,4688.65
30222,4253.53
30223,4001.03
30224,3999.55
30225,4023.32
30226,4012.73
30227,4023.63
30228,4012.61
30229,3909.83
30230,3909.38
30231,3800.96
30232,3909.03
30233,3608.95
30234,3523.64
30235,3769.71
30236,3528.42
30237,3425.48
30238,3399.31
30239,3200.28
30240,3130.64
33025,3250.18
33026,3307.24
33027,3300.87
33028,3276.59
33029,3029.12
33030,3024.9
33031,2994.45
33032,2920.82
33033,2700.56
33034,2800.16
33035,2764.35
33036,2764.7
33037,2700.69
33038,2764.16
33039,2500.9
33040,2500.86
33041,2506.73
33042,2753.83
33043,2839.16
33044,2839.31
33045,3024.89
33046,3064.73
33047,3399.89
33048,3425.61
33049,3769.61
33050,3523.09
33051,3749.36
33052,3749.96
33053,3749.86
33054,3749.0
33055,3350.44
33056,3299.57
33057,3024.2
33058,3000.45
33059,3155.56
33060,3100.54
33061,3155.66
33062,3024.82
33063,2994.5
33064,2899.78
33065,2506.35
33066,2506.34
33067,2506.41
33068,2506.23
33069,2506.51
33070,2506.21
33071,2506.35
33072,2506.51
33073,2500.1
33074,2460.12
33075,2380.73
33076,2250.95
33077,2000.03
33078,1999.85
33079,1999.77
33080,1999.74
33081,1999.83
33082,1999.87
33083,1999.94
33084,2200.38
33085,1999.95
33086,1999.91
33087,2350.96
33088,2489.5
33089,2489.68
33090,2700.18
33091,3112.31
33092,3371.98
33093,3308.91
33094,3500.32
33095,3399.9
33096,3500.49
33097,3749.08
33098,3324.51
33099,3273.87
33100,3399.73
33101,2999.89
33102,2899.29
33103,2489.88
33104,2999.93
33105,3299.6
33106,3330.77
33107,3330.92
33108,3399.08
33109,3129.68
33110,3144.37
33111,3000.85
33112,2799.62
33113,2489.06
33114,2400.14
33115,2500.93
33116,2540.53
33117,2800.64
33118,2779.11
33119,2500.75
33120,2500.7
30337,2900.08
30338,2900.17
30339,2900.02
30340,2899.93
30341,2839.8
30342,2764.39
30343,2489.99
30344,2489.26
30345,2250.63
30346,2250.57
30347,2250.54
30348,2250.18
30349,2250.32
30350,2250.21
30351,2130.98
30352,2130.32
30353,2250.38
30354,2250.14
30355,2349.45
30356,2450.57
30357,2880.76
30358,2994.54
30359,3200.47
30360,3200.81
30361,3200.65
30362,3155.66
30363,3200.04
30364,3006.88
30365,2909.31
30366,2909.7
30367,2900.84
30368,3024.21
30369,2876.35
30370,2850.63
30371,2900.12
30372,2900.23
30373,2499.66
30374,2489.39
30375,2400.67
30376,2349.01
30377,2131.42
30378,2100.34
30379,1999.93
30380,1999.94
30381,2349.3
30382,2250.95
30383,2250.54
30384,2250.24
30385,2250.02
30386,2132.0
30387,2100.58
30388,1999.92
30389,1999.58
30390,1999.58
30391,1999.55
30392,1999.56
30393,1999.83
30394,1999.9
30395,1999.99
30396,2155.62
30397,2250.65
30398,2250.3
30399,2250.94
30400,2400.56
30401,2808.96
30402,2899.02
30403,3050.54
30404,3308.21
30405,3250.31
30406,3400.71
30407,3749.22
30408,3999.83
30409,3749.93
30410,3098.28
30411,3029.36
30412,3375.98
30413,3129.69
30414,3308.1
30415,3129.38
30416,3399.28
30417,3749.13
30418,3250.52
30419,3241.76
30420,3399.26
30421,3200.11
30422,3250.04
30423,3129.2
30424,3029.04
30425,2899.65
30426,2700.27
30427,2850.28
30428,2899.31
30429,2700.52
30430,2700.01
30431,2500.93
30432,2500.63
30433,2920.45
30434,2932.49
30435,2814.85
30436,2779.54
30437,2700.17
30438,2600.72
30439,2500.21
30440,2500.03
30441,2380.01
30442,2380.93
30443,2131.54
30444,2150.29
30445,2100.75
30446,2100.43
30447,2150.16
30448,2131.67
30449,2500.03
30450,2400.24
30451,2400.71
30452,2400.81
30453,2750.11
30454,2994.27
30455,3024.17
30456,2994.68
30457,2994.96
30458,2850.6
30459,2904.46
30460,3000.45
30461,3024.12
30462,3079.69
30463,3024.87
30464,3011.66
30465,2850.64
30466,2831.74
30467,2850.24
30468,2876.15
30469,2876.33
30470,2909.99
30471,2994.76
30472,2965.04
30473,2700.33
30474,2700.18
30475,2700.15
30476,2764.07
30477,2600.06
30478,2506.73
30479,2506.39
30480,2506.27
30481,2500.39
30482,2400.03
30483,2155.55
30484,2150.78
30485,2131.26
30486,2150.93
30487,2150.53
30488,2150.06
30489,2500.35
30490,2500.19
30491,2500.83
30492,2500.68
30493,2750.99
30494,2750.54
30495,2800.97
30496,2805.44
30497,2850.28
30498,2920.25
30499,3000.8
30500,3299.26
30501,3500.13
30502,3500.73
30503,3560.76
30504,4200.55
30505,4479.28
30506,3919.04
30507,3919.66
30508,3769.05
30509,3700.75
30510,3058.12
30511,3055.8
30512,3299.1
30513,3425.92
30514,3489.37
30515,3449.71
30516,3489.8
30517,3449.2
30518,3425.5
30519,3425.03
30520,3299.63
30521,3024.37
30522,3024.21
30523,3000.31
30524,2994.99
30525,2850.42
30526,2830.35
30527,2779.58
30528,2779.25
30529,3002.42
30530,3001.45
30531,3000.84
30532,2933.91
30533,2900.1
30534,2899.56
30535,2754.65
30536,2753.57
30537,2749.89
30538,2823.81
30539,2828.99
30540,2850.16
30541,2762.96
30542,2700.88
30543,2700.78
30544,2700.71
30545,2899.39
30546,2900.75
30547,2910.12
30548,2910.44
30549,3008.43
30550,3200.07
30551,3118.24
30552,3007.17
30553,3425.31
30554,3199.79
30555,3245.03
30556,3349.45
30557,3299.29
30558,3200.46
30559,3184.74
30560,3425.59
30561,3299.17
30562,3299.64
30563,3250.8
30564,3425.06
30565,3425.87
30566,3500.91
30567,3510.75
30568,3425.64
30569,3155.7
30570,3200.26
30571,3140.82
30572,3092.09
30573,2940.19
30574,2900.7
30575,2890.01
30576,2860.97
30577,2850.89
30578,2850.41
30579,2830.65
30580,2815.05
30581,2813.01
30582,2811.22
30583,2813.6
30584,2813.41
30585,2813.77
30586,2815.1
30587,2850.08
30588,2815.6
30589,2850.38
30590,2850.58
30591,2876.92
30592,2900.39
30593,3011.88
30594,3129.08
30595,3349.81
30596,3560.75
30597,4100.53
30598,5000.03
30599,5000.88
30600,5510.94
30601,6000.3
30602,5000.97
30603,5000.54
30604,5000.24
30605,4300.93
30606,4050.01
30607,4009.0
30608,4009.68
30609,4230.04
30610,4250.8
30611,4250.37
30612,4199.1
30613,4010.09
30614,3749.89
30615,3700.74
30616,3299.29
30617,3299.31
30618,3250.73
30619,3200.89
30620,3200.25
30621,3007.35
30622,3005.99
30623,3003.46
30624,3002.07
30625,3126.79
30626,3110.6
30627,3028.62
30628,2900.7
30629,2749.47
30630,2700.91
30631,2700.96
30632,2777.97
30633,2779.18
30634,2779.09
30635,2730.86
30636,2700.93
30637,2579.44
30638,2550.71
30639,2700.57
30640,2730.45
30641,2700.19
30642,2890.07
30643,2900.3
30644,2900.21
30645,3200.47
30646,3299.7
30647,3299.35
30648,3251.5
30649,3425.43
30650,3349.06
30651,3349.79
30652,3200.75
30653,3560.49
30654,3501.49
30655,3565.86
30656,3623.03
30657,3570.07
30658,3570.29
30659,3501.94
30660,3461.46
30661,3560.26
30662,3623.13
30663,3501.68
30664,3449.18
30665,3425.14
30666,3425.08
30667,3425.06
30668,3425.07
30669,3350.73
30670,3350.7
30671,3324.4
30672,3250.07
30673,3150.84
30674,3150.17
30675,3000.31
30676,2900.78
30677,2850.53
30678,2817.89
30679,2850.68
30680,2850.75
30681,2876.68
30682,2900.61
30683,2900.33
30684,2900.04
30685,2900.25
30686,2899.58
30687,2948.12
30688,3200.1
30689,3349.69
30690,3425.05
30691,3623.95
30692,3919.1
30693,4479.95
30694,5509.41
30695,9999.9
30696,10000.0
30697,8999.63
30698,6500.81
30699,5510.34
30700,5499.31
30701,4530.44
30702,4500.61
30703,4479.26
30704,4200.21
30705,4253.03
30706,4369.27
30707,4479.01
30708,4369.29
30709,4275.53
30710,4000.56
30711,3749.55
30712,3749.01
30713,3510.99
30714,3570.2
30715,3489.68
30716,3449.12
30717,3200.97
30718,3200.21
30719,2930.41
30720,2900.72
30721,2899.85
30722,2900.89
30723,2950.33
30724,2900.75
30725,2890.02
30726,2798.21
30727,2779.86
30728,2830.9
30729,2779.41
30730,2779.07
30731,2749.08
30732,2700.59
30733,2600.79
30734,2500.53
30735,2400.07
30736,2380.22
30737,2500.64
30738,2850.85
30739,2899.43
30740,2850.25
30741,2950.59
30742,2995.42
30743,2995.18
30744,2995.59
30745,3201.0
30746,3299.38
30747,3349.18
30748,3426.11
30749,3605.35
30750,3623.2
30751,3605.25
30752,3605.55
30753,3570.77
30754,3566.19
30755,3523.46
30756,3425.91
30757,3350.8
30758,3501.72
30759,3554.23
30760,3425.45
30761,3349.93
30762,3349.19
30763,3349.52
30764,3300.11
30765,3000.79
30766,2909.35
30767,3011.12
30768,3000.81
30769,3000.91
30770,2950.03
30771,2876.93
30772,2876.38
30773,2650.75
30774,2700.3
30775,2778.89
30776,2800.92
30777,2900.27
30778,2900.74
30779,2900.49
30780,3000.02
30781,3160.45
30782,3328.54
30783,3425.86
30784,3560.17
30785,3524.0
30786,3548.61
30787,3659.13
30788,4199.4
30789,5000.79
30790,8529.43
30791,10000.0
30792,10000.0
30793,10000.0
30794,10000.0
30795,8500.47
30796,5510.08
30797,5000.01
30798,4600.66
30799,4009.81
30800,4000.1
30801,4000.21
30802,4130.54
30803,4000.2
30804,4000.36
30805,3850.49
30806,3550.65
30807,3425.76
30808,3425.03
30809,3130.43
30810,2995.87
30811,3200.29
30812,2995.93
30813,2995.52
30814,2995.19
30815,2930.39
30816,2850.63
30817,3197.91
30818,3172.6
30819,3200.01
30820,3169.37
30821,3118.61
30822,3000.81
30823,2970.74
30824,2966.91
30825,2910.87
30826,2910.84
30827,2909.17
30828,2900.97
30829,2899.66
30830,2840.77
30831,2753.52
30832,2842.5
30833,2900.52
30834,2958.61
30835,2993.76
30836,3000.78
30837,3217.58
30838,3500.44
30839,3570.86
30840,3399.23
30841,3623.6
30842,3623.62
30843,3623.6
30844,3623.71
30845,3700.17
30846,3710.12
30847,3749.03
30848,3776.26
30849,3720.87
30850,3707.0
30851,3700.74
30852,3659.52
30853,3623.31
30854,3623.34
30855,3623.58
30856,3623.26
30857,3566.63
30858,3566.29
30859,3566.0
30860,3548.31
30861,3426.21
30862,3349.69
30863,3349.53
30864,3349.59
30865,3217.91
30866,3217.08
30867,3182.29
30868,3127.92
30869,2900.29
30870,2860.9
30871,2900.41
30872,2900.81
30873,3217.14
30874,3224.69
30875,3349.67
30876,3350.06
30877,3426.12
30878,3566.15
30879,3623.25
30880,3623.69
30881,3623.83
30882,3710.03
30883,3950.07
30884,5000.12
30885,5510.23
30886,10000.0
30887,10000.0
30888,10000.0
30889,10000.0
30890,10000.0
30891,10000.0
30892,7723.52
30893,5449.91
30894,4507.22
30895,4479.83
30896,4479.22
30897,4479.74
30898,4479.06
30899,4250.32
30900,4130.7
30901,4099.5
30902,3948.35
30903,3830.47
30904,3523.25
30905,3254.01
30906,3299.53
30907,3450.61
30908,3450.66
30909,3217.21
30910,3130.16
30911,2999.81
30912,2994.72
30913,3004.79
30914,3004.81
30915,3004.75
30916,3004.78
30917,3004.51
30918,3004.29
30919,3000.79
30920,3000.42
30921,2999.79
30922,2999.38
30923,2910.96
30924,2909.64
30925,2800.5
30926,2800.04
30927,2700.47
30928,2800.7
30929,2850.48
30930,3000.26
30931,3004.47
30932,3004.66
30933,3250.91
30934,3273.73
30935,3619.52
30936,3523.87
30937,3560.5
30938,3560.04
30939,3560.65
30940,3570.33
30941,3718.27
30942,3718.55
30943,3718.7
30944,4000.48
30945,3859.38
30946,3749.39
30947,3945.25
30948,3990.02
30949,3900.01
30950,3900.96
30951,3900.28
30952,3749.38
30953,3523.51
30954,3570.48
30955,3570.77
30956,3559.12
30957,3500.93
30958,3399.18
30959,3254.56
30960,3250.96
30961,3000.95
30962,3000.74
30963,3000.27
30964,2999.88
30965,2899.33
30966,2899.4
30967,3000.04
30968,3000.47
30969,3060.2
30970,3152.01
30971,3217.48
30972,3217.63
30973,3300.13
30974,3480.17
30975,3561.57
30976,3718.17
30977,3800.5
30978,3749.26
30979,3990.7
30980,4189.4
30981,4000.85
30982,4479.7
30983,5249.23
30984,6499.69
30985,6386.38
30986,5510.71
30987,5434.61
30988,4949.74
30989,4309.58
30990,4309.03
30991,4009.56
30992,4069.93
30993,3785.91
30994,3749.88
30995,3749.77
30996,3749.6
30997,3554.78
30998,3388.78
30999,3389.16
31000,3254.42
31001,3004.63
31002,3004.45
31003,3010.61
31004,3004.53
31005,3000.11
31006,2900.72
31007,2848.41
31008,2779.7
31009,3010.94
31010,3010.75
31011,3010.59
31012,3010.3
31013,2996.26
31014,2920.41
31015,2920.65
31016,2900.92
31017,2900.25
31018,2910.7
31019,2890.14
31020,2850.85
31021,2733.82
31022,2760.54
31023,2813.46
31024,2800.01
31025,2899.93
31026,3010.1
31027,3010.91
31028,3126.01
31029,3254.93
31030,3295.51
31031,3351.0
31032,3350.1
31033,3810.53
31034,3749.31
31035,3850.39
31036,4000.61
31037,4199.14
31038,4319.39
31039,4319.46
31040,4400.41
31041,4400.69
31042,4479.53
31043,4479.19
31044,4300.75
31045,3999.13
31046,3990.64
31047,4100.86
31048,3990.72
31049,3749.24
31050,3600.02
31051,3570.46
31052,3673.2
31053,3539.34
31054,3350.77
31055,3350.16
31056,3350.58
31057,3254.9
31058,3254.6
31059,3217.7
31060,3217.5
31061,3150.25
31062,3150.42
31063,3150.64
31064,3217.85
31065,3350.05
31066,3340.23
31067,3449.17
31068,3489.35
31069,3710.53
31070,3990.92
31071,4479.91
31072,5000.68
31073,5718.76
31074,6699.44
31075,7848.31
31076,10000.0
31077,10000.0
31078,10000.0
31079,10000.0
31080,10000.0
31081,10000.0
31082,10000.0
31083,10000.0
31084,10000.0
31085,10000.0
31086,9938.42
31087,5500.64
31088,5000.68
31089,4479.39
31090,4250.39
31091,4130.07
31092,4069.78
31093,3990.92
31094,3990.43
31095,3948.04
31096,3650.52
31097,3273.39
31098,3280.3
31099,3449.64
31100,3350.33
31101,3254.35
31102,3239.07
31103,3217.3
31104,3179.49
31105,3073.1
31106,3009.34
31107,3000.56
31108,2994.7
31109,2948.04
31110,2945.14
31111,2900.73
31112,2900.72
31113,2900.36
31114,2900.55
31115,2900.34
31116,2900.33
31117,2899.92
31118,2894.22
31119,2694.64
31120,2694.21
31121,2694.58
31122,2900.26
31123,2948.26
31124,2994.84
31125,3217.56
31126,3318.57
31127,3350.99
31128,3700.36
31129,3374.68
31130,3493.04
31131,3718.08
31132,3718.19
31133,3749.55
31134,3799.3
31135,3950.59
31136,4199.08
31137,3749.38
31138,3810.34
31139,3990.09
31140,4001.14
31141,4069.81
31142,4150.33
31143,4130.36
31144,4199.86
31145,3865.09
31146,3990.8
31147,3865.1
31148,3800.48
31149,3570.03
31150,3500.72
31151,3500.12
31152,3482.06
31153,3250.9
31154,3239.49
31155,3217.71
31156,3151.0
31157,3150.05
31158,3114.52
31159,3114.49
31160,3114.97
31161,3217.2
31162,3239.74
31163,3474.98
31164,3482.73
31165,3493.76
31166,3570.08
31167,3718.65
31168,3749.32
31169,3727.6
31170,4000.97
31171,4319.52
31172,8529.03
31173,10000.0
31174,10000.0
31175,10000.0
31176,10000.0
31177,10000.0
31178,10000.0
31179,10000.0
31180,10000.0
31181,6430.17
31182,5499.39
31183,4479.54
31184,4600.23
31185,4479.98
31186,4319.66
31187,4150.83
31188,4069.57
31189,3865.71
31190,3749.71
31191,3800.21
31192,3450.02
31193,3217.96
31194,3254.35
31195,3350.39
31196,3254.05
31197,3199.55
31198,3134.34
31199,3115.62
31200,3054.36
31201,3063.02
31202,3011.56
31203,3010.62
31204,3005.46
31205,3000.13
31206,2900.85
31207,2900.31
31208,2900.29
31209,2899.77
31210,2900.22
31211,2900.06
31212,2899.17
31213,2867.03
31214,2899.13
31215,2810.34
31216,2810.62
31217,2890.61
31218,2944.85
31219,3126.56
31220,3150.57
31221,3303.81
31222,3382.12
31223,3500.15
31224,3750.17
31225,3850.37
31226,3523.63
31227,3727.18
31228,4009.07
31229,4161.74
31230,4161.8
31231,4082.44
31232,4069.29
31233,4082.93
31234,4009.13
31235,4001.43
31236,4000.89
31237,4000.38
31238,3990.43
31239,3920.5
31240,3749.66
31241,3539.54
31242,3539.5
31243,3510.55
31244,3560.86
31245,3493.95
31246,3512.67
31247,3523.38
31248,3523.18
31249,3380.74
31250,3340.8
31251,3239.03
31252,3150.95
31253,3087.78
31254,3087.22
31255,3087.53
31256,3087.96
31257,3150.88
31258,3254.27
31259,3482.3
31260,3493.3
31261,3539.69
31262,3560.16
31263,3560.36
31264,3630.62
31265,3749.07
31266,3990.74
31267,4479.68
31268,9999.24
31269,10000.0
31270,10000.0
31271,10000.0
31272,10000.0
31273,10000.0
31274,10000.0
31275,10000.0
31276,10000.0
31277,10000.0
31278,5509.67
31279,5150.93
31280,4910.36
31281,4479.57
31282,4250.45
31283,4150.68
31284,4000.32
31285,3990.71
31286,3749.41
31287,3800.79
31288,3523.43
31289,3279.14
31290,3269.0
31291,3299.39
31292,3299.82
31293,3250.74
31294,3223.58
31295,3209.82
31296,3150.67
31297,3217.96
31298,3217.39
31299,3184.75
31300,3162.98
31301,3143.4
31302,3149.71
31303,3126.36
31304,3126.31
31305,3118.17
31306,3100.9
31307,3060.67
31308,3037.9
31309,3011.35
31310,3006.13
31311,3000.57
31312,3000.34
31313,3006.63
31314,3150.47
31315,3161.69
31316,3213.31
31317,3538.04
31318,3752.8
31319,3990.95
31320,4009.2
31321,4130.49
31322,4001.53
31323,3749.74
31324,4479.13
31325,4500.82
31326,4510.9
31327,4655.18
31328,5000.93
31329,4777.54
31330,4500.82
31331,5000.15
31332,4754.77
31333,4600.09
31334,4600.07
31335,4757.0
31336,4570.8
31337,4215.34
31338,4074.3
31339,4053.08
31340,4000.79
31341,4000.25
31342,3999.31
31343,3731.88
31344,3630.35
31345,3482.86
31346,3482.09
31347,3450.71
31348,3340.94
31349,3239.91
31350,3250.06
31351,3375.56
31352,3450.22
31353,3560.0
31354,3560.79
31355,3630.71
31356,3718.16
31357,3749.17
31358,3886.67
31359,4001.03
31360,4001.68
31361,4082.37
31362,4479.18
31363,5000.04
31364,9000.32
31365,10000.0
31366,10000.0
31367,10000.0
31368,10000.0
31369,10000.0
31370,10000.0
31371,10000.0
31372,10000.0
31373,7023.52
31374,6000.15
31375,5000.71
31376,5000.46
31377,5000.12
31378,4488.39
31379,4479.21
31380,4299.66
31381,4009.05
31382,4000.45
31383,4000.21
31384,3865.43
31385,3388.11
31386,3749.03
31387,3780.17
31388,3749.03
31389,3450.51
31390,3387.46
31391,3254.91
31392,3246.13
31393,3500.3
31394,3480.75
31395,3382.56
31396,3254.76
31397,3207.7
31398,3223.53
31399,3193.26
31400,3189.24
31401,3179.97
31402,3175.28
31403,3163.39
31404,3153.28
31405,3129.82
31406,3104.19
31407,3100.72
31408,3126.6
31409,3126.47
31410,3222.76
31411,3250.23
31412,3254.15
31413,3500.74
31414,3865.74
31415,3865.95
31416,3867.22
31417,3810.12
31418,3731.92
31419,3749.2
31420,3927.35
31421,4100.82
31422,4500.52
31423,4910.67
31424,5500.06
31425,5000.39
31426,5000.7
31427,5270.03
31428,5270.03
31429,5270.97
31430,5282.89
31431,5270.66
31432,5080.6
31433,4150.66
31434,4150.89
31435,4069.41
31436,3920.78
31437,3865.93
31438,3800.6
31439,3500.65
31440,3500.37
31441,3493.09
31442,3482.59
31443,3430.13
31444,3254.16
31445,3126.95
31446,3126.42
31447,3185.34
31448,3217.71
31449,3482.09
31450,3493.32
31451,3493.37
31452,3539.62
31453,3560.85
31454,3718.24
31455,3727.97
31456,3749.55
31457,3919.33
31458,3990.87
31459,5080.25
31460,9000.63
31461,10000.0
31462,10000.0
31463,10000.0
31464,10000.0
31465,10000.0
31466,10000.0
31467,10000.0
31468,10000.0
31469,10000.0
31470,7010.2
31471,5070.5
31472,5499.73
31473,6269.05
31474,5000.86
31475,5000.3
31476,4720.13
31477,4199.59
31478,4000.21
31479,4000.23
31480,3865.19
31481,3379.19
31482,3570.22
31483,3749.82
31484,3731.38
31485,3381.06
31486,3384.74
31487,3300.67
31488,3254.52
31489,3205.85
31490,3200.95
31491,3178.76
31492,3136.73
31493,3050.93
31494,3045.22
31495,3011.35
31496,3006.73
31497,3010.65
31498,3031.72
31499,3050.34
31500,3050.39
31501,3027.26
31502,3009.51
31503,3004.65
31504,3000.3
31505,3004.68
31506,3063.84
31507,3126.48
31508,3126.42
31509,3277.17
31510,3508.55
31511,3600.18
31512,3600.29
31513,3508.9
31514,3523.52
31515,3600.87
31516,3718.33
31517,3718.99
31518,3749.53
31519,3810.75
31520,4000.06
31521,4000.52
31522,4058.21
31523,4355.14
31524,4150.81
31525,4150.12
31526,4158.55
31527,4199.34
31528,4130.12
31529,3700.54
31530,3865.44
31531,3800.38
31532,3523.38
31533,3482.26
31534,3410.56
31535,3254.92
31536,3250.51
31537,3239.48
31538,3239.03
31539,3239.07
31540,3217.91
31541,3114.45
31542,3100.61
31543,3114.48
31544,3173.86
31545,3254.44
31546,3280.6
31547,3299.31
31548,3373.08
31549,3493.77
31550,3560.38
31551,3623.94
31552,3718.42
31553,3727.8
31554,3749.56
31555,4150.78
31556,5568.0
31557,10000.0
31558,10000.0
31559,10000.0
31560,10000.0
31561,10000.0
31562,10000.0
31563,10000.0
31564,10000.0
31565,5499.71
31566,4509.8
31567,4182.54
31568,4329.01
31569,4329.19
31570,4010.75
31571,4058.85
31572,3768.92
31573,3376.04
31574,3306.89
31575,3260.4
31576,3217.46
31577,3011.93
31578,3153.11
31579,3217.4
31580,3217.19
31581,3130.2
31582,3126.5
31583,3100.78
31584,3064.12
31585,2968.41
31586,2972.37
31587,2974.16
31588,2960.23
31589,2860.28
31590,2833.23
31591,2500.8
31592,2500.15
31593,2500.61
31594,2469.85
31595,2469.63
31596,2469.49
31597,2469.13
31598,2440.12
31599,2347.08
31600,2130.29
31601,2130.84
31602,2679.57
31603,2860.45
31604,2955.07
31605,3068.7
31606,3159.28
31607,3299.77
31608,3318.7
31609,3240.0
31610,3280.23
31611,3461.79
31612,3400.06
31613,3482.95
31614,3493.4
31615,3539.14
31616,3560.46
31617,3718.15
31618,3659.85
31619,3560.84
31620,3560.37
31621,3493.6
31622,3523.7
31623,3534.4
31624,3523.97
31625,3493.51
31626,3493.81
31627,3482.44
31628,3432.0
31629,3450.02
31630,3450.97
31631,3299.39
31632,3254.27
31633,3087.46
31634,3087.03
31635,3050.2
31636,3000.71
31637,2943.54
31638,2950.2
31639,2950.62
31640,3000.53
31641,3087.83
31642,3092.64
31643,3087.87
31644,3087.99
31645,3239.02
31646,3239.54
31647,3239.7
31648,3250.4
31649,3450.95
31650,3474.89
31651,3254.99
31652,3367.89
31653,4069.24
31654,4439.95
31655,5183.52
31656,5599.41
31657,4998.89
31658,4319.33
31659,4189.0
31660,3896.25
31661,3250.77
31662,3176.98
31663,3126.82
31664,3127.82
31665,3450.59
31666,3523.91
31667,3450.99
31668,3282.55
31669,3217.75
31670,3171.13
31671,3150.41
31672,3106.74
31673,2660.26
31674,2920.93
31675,3000.85
31676,3000.6
31677,2999.61
31678,2945.33
31679,2790.17
31680,2720.47
31681,3059.6
31682,3018.14
31683,3000.16
31684,2900.99
31685,2800.05
31686,2733.26
31687,2429.07
31688,2429.06
31689,2400.09
31690,2380.02
31691,2300.34
31692,2300.12
31693,2230.29
31694,2171.66
31695,2250.28
31696,2143.96
31697,2300.47
31698,2469.72
31699,2700.66
31700,2995.92
31701,3109.08
31702,3129.88
31703,3229.57
31704,3299.27
31705,3273.71
31706,3400.59
31707,3300.45
31708,3474.67
31709,3560.07
31710,3560.73
31711,3630.17
31712,3718.22
31713,3727.02
31714,3727.35
31715,3718.67
31716,3718.35
31717,3539.34
31718,3523.66
31719,3613.23
31720,3493.97
31721,3493.88
31722,3523.98
31723,3534.22
31724,3523.19
31725,3493.75
31726,3493.94
31727,3493.23
31728,3482.94
31729,3239.9
31730,3239.43
31731,3217.35
31732,3185.89
31733,3050.36
31734,3050.47
31735,3087.13
31736,3087.6
31737,3217.18
31738,3239.31
31739,3254.64
31740,3273.22
31741,3350.6
31742,3350.88
31743,3493.08
31744,3523.27
31745,3582.67
31746,3718.23
31747,3560.96
31748,4240.52
31749,5509.95
31750,10000.0
31751,10000.0
31752,10000.0
31753,10000.0
31754,6962.26
31755,5599.72
31756,4600.95
31757,4258.12
31758,4189.32
31759,3619.76
31760,3650.79
31761,3896.44
31762,3800.93
31763,3729.52
31764,3383.24
31765,3340.14
31766,3254.43
31767,3217.72
31768,3217.22
31769,3131.0
31770,3155.13
31771,3142.78
31772,3126.89
31773,3126.44
31774,3126.05
31775,3112.04
31776,3079.8
31777,2953.42
31778,2897.51
31779,2899.92
31780,2733.11
31781,2500.14
31782,2469.65
31783,2469.22
31784,2469.5
31785,2469.27
31786,2385.4
31787,2380.12
31788,2135.11
31789,2019.75
31790,2019.51
31791,2000.59
31792,1999.96
31793,1999.99
31794,2660.43
31795,2660.77
31796,2800.54
31797,3020.68
31798,3126.6
31799,3254.9
31800,3500.12
31801,3239.55
31802,3254.4
31803,3482.81
31804,3512.92
31805,3630.94
31806,3648.73
31807,3630.71
31808,3630.9
31809,3718.21
31810,3718.21
31811,3560.53
31812,3493.53
31813,3493.32
31814,3482.56
31815,3520.95
31816,3474.71
31817,3239.38
31818,3239.81
31819,3239.87
31820,3239.59
31821,3239.93
31822,3239.73
31823,3217.64
31824,3217.46
31825,3133.51
31826,3114.78
31827,3113.9
31828,3087.93
31829,3050.34
31830,3050.34
31831,3059.39
31832,3061.63
31833,3094.45
31834,3114.46
31835,3139.28
31836,3126.66
31837,3217.35
31838,3217.29
31839,3239.98
31840,3474.26
31841,3534.14
31842,3534.14
31843,3560.3
31844,4757.19
31845,4800.13
31846,5699.41
31847,10000.0
31848,10000.0
31849,10000.0
31850,5509.86
31851,5270.2
31852,4700.78
31853,4499.71
31854,4319.16
31855,3749.88
31856,3731.89
31857,3896.8
31858,3896.3
31859,3896.54
31860,3749.84
31861,3340.98
31862,3340.3
31863,3328.68
31864,3273.33
31865,3179.72
31866,3217.65
31867,3139.25
31868,3130.61
31869,3130.12
31870,3126.17
31871,3103.95
31872,3061.25
31873,3019.7
31874,3046.16
31875,3057.9
31876,3042.47
31877,3005.57
31878,3003.67
31879,3000.82
31880,2999.99
31881,2987.29
31882,2928.26
31883,2890.14
31884,2850.18
31885,2708.67
31886,2600.16
31887,2500.16
31888,2500.78
31889,2679.05
31890,2920.52
31891,2975.64
31892,3000.55
31893,3107.85
31894,3126.62
31895,3273.18
31896,3273.06
31897,3217.23
31898,3239.73
31899,3379.82
31900,3493.5
31901,3560.88
31902,3630.14
31903,3718.01
31904,3718.2
31905,3718.05
31906,3560.24
31907,3500.68
31908,3493.59
31909,3493.95
31910,3640.82
31911,3749.27
31912,3523.25
31913,3482.76
31914,3493.17
31915,3483.0
31916,3482.14
31917,3299.37
31918,3299.83
31919,3254.09
31920,3217.54
31921,3114.09
31922,3114.34
31923,3087.92
31924,3087.75
31925,3048.73
31926,3039.42
31927,3083.65
31928,3087.04
31929,3087.29
31930,3083.61
31931,3087.38
31932,3087.2
31933,3087.43
31934,3087.26
31935,3087.25
31936,3087.82
31937,3209.3
31938,3273.62
31939,3482.57
31940,3999.27
31941,5499.55
31942,10000.0
31943,10000.0
31944,10000.0
31945,10000.0
31946,10000.0
31947,10000.0
31948,7723.18
31949,5000.27
31950,4319.62
31951,4329.05
31952,4089.55
31953,3999.32
31954,3999.95
31955,3749.89
31956,3523.01
31957,3500.28
31958,3254.86
31959,3254.54
31960,3217.97
31961,3098.86
31962,3090.74
31963,3099.47
31964,3080.27
31965,3103.33
31966,3109.91
31967,3089.65
31968,3058.24
31969,2899.44
31970,2814.35
31971,2899.05
31972,2899.79
31973,2899.02
31974,2790.88
31975,2800.76
31976,2697.12
31977,2500.99
31978,2500.96
31979,2469.87
31980,2469.53
31981,2450.37
31982,2440.18
31983,2423.34
31984,2400.72
31985,2469.63
31986,2800.19
31987,2899.95
31988,2999.19
31989,3008.45
31990,3015.65
31991,3159.32
31992,3200.88
31993,3166.81
31994,3217.56
31995,3273.67
31996,3461.92
31997,3493.1
31998,3493.06
31999,3493.11
32000,3482.86
32001,3482.57
32002,3474.79
32003,3350.42
32004,3482.46
32005,3254.17
32006,3350.43
32007,3500.56
32008,3350.28
32009,3217.83
32010,3239.28
32011,3217.96
32012,3217.84
32013,3217.13
32014,3185.6
32015,3217.04
32016,3217.5
32017,3114.57
32018,3114.47
32019,3087.98
32020,3087.54
32021,2943.81
32022,2943.96
32023,3087.1
32024,3023.95
32025,3087.12
32026,3087.33
32027,3087.65
32028,3087.36
32029,3087.65
32030,3087.59
32031,3087.55
32032,3087.71
32033,3474.42
32034,3493.34
32035,3999.44
32036,5509.56
32037,5509.84
32038,8529.12
32039,10000.0
32040,10000.0
32041,10000.0
32042,10000.0
32043,10000.0
32044,7999.67
32045,5499.0
32046,4333.94
32047,4130.39
32048,4000.94
32049,4089.09
32050,3896.52
32051,3896.44
32052,3500.05
32053,3273.77
32054,3217.93
32055,3217.42
32056,3157.59
32057,3007.44
32058,3015.63
32059,3023.14
32060,3124.93
32061,3019.67
32062,3015.99
32063,3007.53
32064,3000.65
1057,2999.82
1058,2999.97
1059,3001.0
1060,3000.69
1061,2999.64
1062,2999.66
1063,2999.52
1064,2999.45
1065,2850.88
1066,2840.59
1067,2800.37
1068,2800.09
1069,2700.56
1070,2626.04
1071,2700.44
1072,2696.48
1073,2790.35
1074,2999.02
1075,2999.37
1076,3000.44
1077,3008.3
1078,3017.27
1079,3109.65
1080,3299.03
1081,3493.36
1082,3560.86
1083,3699.92
1084,3718.3
1085,3727.97
1086,4009.89
1087,4100.3
1088,4089.87
1089,3718.96
1090,3718.73
1091,3699.68
1092,3549.65
1093,3482.65
1094,3534.7
1095,3534.7
1096,3500.72
1097,3239.23
1098,3239.69
1099,3217.52
1100,3217.28
1101,3087.84
1102,3087.7
1103,3087.8
1104,3087.94
1105,3087.5
1106,3087.68
1107,3087.72
1108,3087.45
1109,2900.05
1110,2900.87
1111,3023.1
1112,3087.05
1113,3087.44
1114,3087.58
1115,3087.66
1116,3087.49
1117,3130.77
1118,3217.5
1119,3217.64
1120,3254.12
1121,3340.66
1122,3493.27
1123,3718.9
1124,5049.52
1125,9000.2
1126,10000.0
1127,10000.0
1128,10000.0
1129,10000.0
1130,10000.0
1131,10000.0
1132,9780.31
1133,5434.51
1134,5049.05
1135,4333.64
1136,4319.42
1137,4319.04
1138,4189.84
1139,4130.97
1140,4030.26
1141,3699.54
1142,3699.16
1143,3340.62
1144,3254.39
1145,3023.55
1146,3028.65
1147,3015.97
1148,3130.53
1149,3016.45
1150,3009.25
1151,3004.04
1152,3001.04
4033,3019.53
4034,3017.4
4035,3015.68
4036,3017.82
4037,3013.72
4038,3013.31
4039,3007.13
4040,3002.05
4041,3000.33
4042,2966.45
4043,2949.59
4044,2949.26
4045,2900.6
4046,2899.02
4047,2766.55
4048,2660.08
4049,2739.63
4050,2949.61
4051,3001.0
4052,3005.43
4053,3199.83
4054,3299.04
4055,3379.96
4056,3551.31
4057,3557.39
4058,3558.77
4059,3560.67
4060,3718.02
4061,3731.81
4062,4000.14
4063,4009.52
4064,4089.62
4065,3726.23
4066,3726.0
4067,3726.06
4068,3726.66
4069,4118.8
4070,4140.42
4071,3731.03
4072,3718.28
4073,3326.94
4074,3327.22
4075,3250.97
4076,3217.76
4077,3200.78
4078,3180.34
4079,3193.45
4080,3113.68
4081,3050.35
4082,3050.8
4083,3086.0
4084,3050.08
4085,2949.13
4086,2938.19
4087,2949.11
4088,2949.85
4089,3020.09
4090,3086.12
4091,3086.05
4092,3049.37
4093,3049.34
4094,3049.81
4095,3113.42
4096,3238.95
4097,3539.23
4098,3551.64
4099,3780.12
4100,4549.91
4101,7726.26
4102,10000.0
4103,10000.0
4104,10000.0
4105,10000.0
4106,10000.0
4107,10000.0
4108,6999.61
4109,5434.3
4110,5183.02
4111,4816.93
4112,4280.84
4113,4189.19
4114,4009.24
4115,3560.84
4116,3560.5
4117,3549.66
4118,3549.57
4119,3217.93
4120,3217.63
4121,3024.87
4122,3025.76
4123,3049.31
4124,3049.35
4125,3023.15
4126,3014.62
4127,3011.31
4128,3005.24
6721,2994.31
6722,2969.63
6723,2988.13
6724,2985.72
6725,3000.37
6726,3000.17
6727,2860.66
6728,2860.35
6729,2800.36
6730,2660.06
6731,2549.48
6732,2506.77
6733,2500.7
6734,2469.03
6735,2449.14
6736,2449.28
6737,2469.84
6738,2738.18
6739,2899.86
6740,2899.28
6741,3032.64
6742,3050.53
6743,3129.82
6744,3204.28
6745,3246.09
6746,3482.39
6747,3560.19
6748,3560.91
6749,3630.19
6750,3630.14
6751,3630.41
6752,3630.85
6753,3727.19
6754,3718.66
6755,3718.14
6756,3560.68
6757,3493.63
6758,3482.15
6759,3299.77
6760,3137.82
6761,2549.96
6762,2860.59
6763,2850.84
6764,2800.76
6765,2860.66
6766,2860.58
6767,2860.39
6768,2800.56
6769,2549.89
6770,2499.86
6771,2449.95
6772,2449.22
6773,2254.65
6774,2149.93
6775,2380.23
6776,2449.65
6777,2449.94
6778,2597.16
6779,2852.3
6780,2800.76
6781,2899.9
6782,3039.94
6783,3087.75
6784,3094.2
6785,3280.1
6786,3273.43
6787,3493.27
6788,3560.06
6789,3956.2
6790,4000.54
6791,4049.51
6792,4439.26
6793,4300.67
6794,4049.01
6795,4000.92
6796,3896.16
6797,3179.14
6798,3150.59
6799,3049.87
6800,3049.27
6801,3049.3
6802,3049.91
6803,3084.92
6804,3153.42
6805,3061.37
6806,3073.52
6807,3078.25
6808,3049.83
6809,2750.35
6810,2800.99
6811,2899.31
6812,2850.87
6813,2549.84
6814,2600.77
6815,2759.44
6816,2850.07
9697,2649.52
9698,2604.02
9699,2612.64
9700,2469.73
9701,2469.66
9702,2429.6
9703,2370.02
9704,2149.98
9705,2149.63
9706,2149.42
9707,2149.23
9708,2149.22
9709,2149.19
9710,2149.06
9711,2149.03
9712,2070.8
9713,2049.77
9714,2149.7
9715,2429.16
9716,2700.56
9717,2949.65
9718,3012.66
9719,3049.18
9720,3075.02
9721,3254.6
9722,3493.01
9723,3560.01
9724,3560.38
9725,3620.11
9726,3620.8
9727,3718.03
9728,3718.27
9729,3566.91
9730,3560.64
9731,3549.03
9732,3700.55
9733,3896.37
9734,3460.28
9735,3283.46
9736,3250.05
9737,3200.73
9738,3217.06
9739,3200.67
9740,3087.98
9741,3087.31
9742,3087.01
9743,3087.05
9744,3087.13
9745,3087.03
9746,3049.99
9747,3050.93
9748,3040.53
9749,2949.27
9750,2798.59
9751,2949.82
9752,2951.76
9753,3023.67
9754,3049.93
9755,3087.26
9756,3087.67
9757,3087.98
9758,3156.53
9759,3230.75
9760,3230.32
9761,3330.28
9762,3493.32
9763,3561.0
9764,4549.98
9765,5509.66
9766,6412.98
9767,7500.31
9768,8000.74
9769,6500.87
9770,6500.99
9771,6500.55
9772,6313.54
9773,3999.82
9774,3750.17
9775,3549.65
9776,3252.36
9777,3258.28
9778,3225.84
9779,3144.57
9780,3106.18
9781,3049.84
9782,3049.75
9783,3049.77
9784,3049.61
9785,2949.81
9786,2980.6
9787,3000.7
9788,3000.96
9789,3000.38
9790,3000.92
9791,3000.91
9792,3000.93
12577,2660.92
12578,2689.58
12579,2700.72
12580,2689.14
12581,2660.27
12582,2660.27
12583,2549.82
12584,2549.25
12585,2400.31
12586,2370.86
12587,2370.59
12588,2370.23
12589,2269.33
12590,2149.94
12591,2149.78
12592,2149.89
12593,2335.54
12594,2469.2
12595,2549.4
12596,2689.45
12597,2899.71
12598,3040.29
12599,3049.11
12600,3093.26
12601,3252.71
12602,3456.97
12603,3482.41
12604,3493.8
12605,3560.28
12606,3620.33
12607,3700.62
12608,3718.57
12609,4099.87
12610,4150.38
12611,4099.17
12612,4099.55
12613,4117.71
12614,4100.84
12615,4000.35
12616,3800.31
12617,3718.4
12618,3549.71
12619,3500.96
12620,3500.68
12621,3304.74
12622,3254.08
12623,3217.54
12624,3217.11
12625,3127.96
12626,3069.12
12627,3171.93
12628,3049.43
12629,2943.29
12630,2700.94
12631,3049.32
12632,3087.1
12633,3087.65
12634,3087.91
12635,3114.15
12636,3150.15
12637,3217.83
12638,3250.31
12639,3357.03
12640,3411.26
12641,3565.09
12642,3569.24
12643,3700.45
12644,4549.67
12645,5250.83
12646,5509.02
12647,6499.71
12648,6999.03
12649,6199.98
12650,5509.83
12651,5499.27
12652,5183.97
12653,4258.66
12654,4189.94
12655,3900.48
12656,3549.31
12657,3549.02
12658,3266.54
12659,3217.36
12660,3165.39
12661,3056.56
12662,3049.92
12663,3049.92
12664,3049.83
12665,3000.24
12666,3000.43
12667,3000.89
12668,3030.89
12669,3000.81
12670,3000.96
12671,3000.42
12672,3000.07
15553,2549.53
15554,2549.62
15555,2549.36
15556,2549.23
15557,2149.76
15558,2149.62
15559,2149.57
15560,2149.49
15561,2149.37
15562,2149.28
15563,2149.24
15564,2149.22
15565,2149.11
15566,2149.08
15567,2149.04
15568,2147.31
15569,2149.0
15570,2149.24
15571,2149.28
15572,2600.96
15573,2689.58
15574,2700.95
15575,3000.46
15576,3040.74
15577,3200.56
15578,3382.91
15579,3491.5
15580,3549.69
15581,3620.16
15582,3718.56
15583,4172.29
15584,4569.21
15585,4319.17
15586,4350.73
15587,4200.71
15588,4460.55
15589,4350.35
15590,4110.06
15591,4200.98
15592,4098.5
15593,3800.81
15594,3731.7
15595,3620.28
15596,3500.45
15597,3250.35
15598,3250.0
15599,3164.7
15600,3049.96
15601,3040.8
15602,3097.31
15603,3070.14
15604,3049.73
15605,2689.21
15606,2549.99
15607,2689.23
15608,2760.22
15609,3023.48
15610,3049.25
15611,3049.15
15612,3049.94
15613,3150.88
15614,3200.11
15615,3200.73
15616,3200.46
15617,3238.84
15618,3483.39
15619,3560.38
15620,4549.08
15621,5049.81
15622,5239.8
15623,5509.08
15624,6500.41
15625,6500.1
15626,5500.83
15627,5499.09
15628,5049.92
15629,4052.89
15630,3949.63
15631,3549.85
15632,3330.78
15633,3254.55
15634,3126.96
15635,3120.46
15636,3130.14
15637,3049.94
15638,3049.91
15639,3049.83
15640,3049.73
15641,2689.94
15642,2899.94
15643,2800.13
15644,2763.81
15645,2689.84
15646,2689.83
15647,2689.68
15648,2689.62
18433,2549.28
18434,2549.28
18435,2549.62
18436,2549.5
18437,2119.65
18438,2119.66
18439,2119.65
18440,2119.48
18441,2119.38
18442,2119.35
18443,2119.33
18444,2119.32
18445,2119.29
18446,2119.25
18447,2119.24
18448,2119.27
18449,2119.58
18450,2119.68
18451,2119.8
18452,2549.61
18453,2899.39
18454,3033.83
18455,3049.46
18456,3252.85
18457,3620.28
18458,3560.7
18459,3718.65
18460,4000.3
18461,4843.7
18462,5100.42
18463,5718.01
18464,6000.4
18465,5499.63
18466,5499.69
18467,5499.06
18468,5199.26
18469,5203.47
18470,5000.67
18471,4700.06
18472,4464.5
18473,4000.54
18474,3727.37
18475,3620.77
18476,3549.37
18477,3330.7
18478,3330.23
18479,3250.37
18480,3217.42
18481,3087.53
18482,3087.66
18483,3087.71
18484,3087.28
18485,2928.89
18486,2850.18
18487,3000.81
18488,3050.76
18489,3087.22
18490,3087.3
18491,3087.65
18492,3113.11
18493,3217.04
18494,3217.82
18495,3300.77
18496,3340.93
18497,3560.66
18498,3660.77
18499,3731.06
18500,5289.41
18501,8630.83
18502,8680.05
18503,10000.0
18504,10000.0
18505,10000.0
18506,10000.0
18507,10000.0
18508,8751.3
18509,5313.02
18510,4800.76
18511,4499.65
18512,3969.06
18513,3899.08
18514,3330.61
18515,3330.25
18516,3330.37
18517,3049.87
18518,3049.75
18519,3049.69
18520,3049.62
18521,2689.89
18522,2800.33
18523,2800.89
18524,2884.35
18525,2689.73
18526,2689.71
18527,2689.5
18528,2689.42
21409,2469.13
21410,2469.39
21411,2469.32
21412,2469.09
21413,2099.6
21414,2099.57
21415,2099.52
21416,2099.52
21417,2099.46
21418,2099.4
21419,2099.37
21420,2099.33
21421,2099.32
21422,2099.29
21423,2099.28
21424,2099.32
21425,2099.51
21426,2099.61
21427,2099.68
21428,2529.47
21429,2975.4
21430,3040.9
21431,3140.61
21432,3254.99
21433,3620.0
21434,3718.42
21435,4049.09
21436,4478.91
21437,4850.34
21438,5509.78
21439,6500.34
21440,7000.41
21441,6999.06
21442,6999.0
21443,6000.87
21444,6000.53
21445,6000.83
21446,5499.5
21447,5250.37
21448,4559.98
21449,3899.71
21450,3899.83
21451,3896.7
21452,3726.01
21453,3600.08
21454,3400.24
21455,3330.44
21456,3254.73
21457,3137.41
21458,3127.06
21459,3129.16
21460,3113.9
21461,3000.51
21462,2800.93
21463,2999.03
21464,3042.18
21465,3113.07
21466,3127.04
21467,3127.84
21468,3217.72
21469,3243.3
21470,3254.95
21471,3491.61
21472,3300.68
21473,3548.66
21474,3560.86
21475,4500.08
21476,9000.97
21477,10000.0
21478,10000.0
21479,10000.0
21480,10000.0
21481,10000.0
21482,10000.0
21483,10000.0
21484,10000.0
21485,5800.46
21486,5800.79
21487,5800.58
21488,4530.81
21489,4319.29
21490,4000.09
21491,3549.24
21492,3330.34
21493,3049.91
21494,3049.85
21495,3049.74
21496,3049.68
21497,2649.85
21498,2649.89
21499,2649.99
21500,2649.94
21501,2649.69
21502,2649.69
21503,2649.69
21504,2649.67
24385,2099.68
24386,2099.7
24387,2099.98
24388,2200.51
24389,2099.41
24390,2099.38
24391,2099.35
24392,2099.28
24393,2099.17
24394,2099.14
24395,2099.1
24396,2099.03
24397,2064.05
24398,2070.87
24399,2072.83
24400,2048.79
24401,2099.11
24402,2099.34
24403,2099.38
24404,2529.18
24405,2529.78
24406,2800.2
24407,3004.84
24408,3049.51
24409,3185.81
24410,3482.02
24411,3560.1
24412,3718.1
24413,4049.99
24414,4640.86
24415,5644.22
24416,7000.82
24417,5250.55
24418,4590.09
24419,4161.64
24420,4582.47
24421,4010.91
24422,3899.07
24423,3800.64
24424,3482.99
24425,3731.22
24426,3490.47
24427,3620.02
24428,3330.14
24429,3300.66
24430,3239.79
24431,3181.32
24432,3049.69
24433,3049.08
24434,3127.07
24435,3111.47
24436,3127.31
24437,2649.05
24438,2529.87
24439,2649.31
24440,2800.49
24441,3000.55
24442,3000.97
24443,3049.74
24444,3049.44
24445,3273.86
24446,3372.01
24447,3460.12
24448,3140.9
24449,3300.17
24450,3239.71
24451,3493.51
24452,4009.35
24453,6499.99
24454,10000.0
24455,10000.0
24456,10000.0
24457,10000.0
24458,10000.0
24459,10000.0
24460,10000.0
24461,5250.41
24462,4999.28
24463,4500.55
24464,4000.19
24465,4000.17
24466,3731.28
24467,3330.01
24468,3254.3
24469,3049.78
24470,3049.76
24471,3049.66
24472,3049.62
24473,2649.87
24474,2649.86
24475,2649.65
24476,2649.54
24477,2649.31
24478,2649.26
24479,2649.26
24480,2649.3
27265,2800.24
27266,2764.63
27267,2800.92
27268,2820.42
27269,2585.56
27270,2536.7
27271,2500.73
27272,2465.79
27273,2400.59
27274,2374.18
27275,2098.96
27276,2098.87
27277,2098.81
27278,2098.75
27279,2098.69
27280,2098.72
27281,2098.59
27282,2168.68
27283,2500.47
27284,2528.75
27285,2719.24
27286,3000.51
27287,3049.27
27288,3086.43
27289,3217.77
27290,3418.24
27291,3460.98
27292,3491.32
27293,3718.02
27294,3726.18
27295,4099.08
27296,4290.02
27297,3900.08
27298,3750.99
27299,3726.66
27300,3718.39
27301,3718.3
27302,3330.09
27303,3280.38
27304,3217.68
27305,3217.24
27306,3217.16
27307,3040.86
27308,3049.62
27309,3023.09
27310,3019.91
27311,2999.3
27312,2770.2
27313,2648.65
27314,2648.52
27315,2648.46
27316,2528.58
27317,2499.64
27318,2098.12
27319,2400.34
27320,2400.66
27321,2648.06
27322,2499.94
27323,2648.02
27324,2527.25
27325,2648.68
27326,2850.82
27327,3049.71
27328,3086.69
27329,3113.72
27330,3217.91
27331,3254.13
27332,3484.0
27333,3560.2
27334,4319.19
27335,4587.52
27336,5039.08
27337,4900.31
27338,5000.02
27339,4751.38
27340,4399.97
27341,3899.72
27342,3731.99
27343,3619.45
27344,3549.22
27345,3254.72
27346,3230.67
27347,3049.88
27348,3150.18
27349,3049.74
27350,3049.74
27351,3049.57
27352,3049.31
27353,2800.03
27354,2768.3
27355,2700.66
27356,2648.92
27357,2648.55
27358,2648.48
27359,2648.24
27360,2648.05
30241,2805.04
30242,2801.01
30243,2801.01
30244,2799.2
30245,2528.78
30246,2528.74
30247,2528.51
30248,2528.48
30249,2528.38
30250,2528.15
30251,2528.06
30252,2520.73
30253,2469.95
30254,2528.01
30255,2500.32
30256,2500.04
30257,2469.7
30258,2528.25
30259,2528.78
30260,2735.76
30261,2899.27
30262,3044.85
30263,3074.76
30264,3086.75
30265,3320.26
30266,3504.24
30267,3718.51
30268,4009.39
30269,4750.63
30270,5039.32
30271,6000.81
30272,7500.52
30273,5500.06
30274,5499.33
30275,5209.62
30276,5000.29
30277,4569.0
30278,4500.5
30279,4500.27
30280,4350.18
30281,4000.08
30282,3731.53
30283,3726.1
30284,3640.98
30285,3549.58
30286,3320.54
30287,3292.96
30288,3254.86
30289,3200.81
30290,3217.41
30291,3238.57
30292,3200.01
30293,3030.49
30294,2961.65
30295,3100.24
30296,3127.24
30297,3130.54
30298,3130.56
30299,3130.01
30300,3175.0
30301,3189.31
30302,3217.36
30303,3371.71
30304,3439.86
30305,3504.65
30306,3600.43
30307,3731.24
30308,5183.72
30309,7997.79
30310,10000.0
30311,10000.0
30312,10000.0
30313,10000.0
30314,10000.0
30315,10000.0
30316,10000.0
30317,6300.45
30318,6300.39
30319,6300.85
30320,5509.53
30321,4500.21
30322,3850.85
30323,3560.56
30324,3549.4
30325,3217.5
30326,3217.65
30327,3100.65
30328,3100.5
30329,3085.37
30330,3086.76
30331,3086.24
30332,3086.25
30333,3049.37
30334,3019.93
30335,2999.56
30336,2860.39
33121,3019.29
33122,3019.37
33123,3018.1
33124,2999.76
33125,2807.6
33126,2805.03
33127,2801.64
33128,2799.24
33129,2795.49
33130,2793.28
33131,2730.7
33132,2648.45
33133,2528.95
33134,2528.86
33135,2528.87
33136,2528.86
33137,2648.17
33138,2793.36
33139,2730.76
33140,2807.17
33141,3086.3
33142,3159.35
33143,3086.25
33144,3159.3
33145,3504.23
33146,3726.18
33147,4009.15
33148,5230.19
33149,5619.28
33150,8000.26
33151,9000.2
33152,9022.0
33153,8426.09
33154,8000.28
33155,7000.35
33156,6000.75
33157,6000.99
33158,5510.0
33159,5230.12
33160,5000.58
33161,4194.14
33162,3923.5
33163,3600.95
33164,3600.61
33165,3370.17
33166,3320.37
33167,3320.11
33168,3291.68
33169,3320.66
33170,3370.28
33171,3320.9
33172,3291.47
33173,3058.34
33174,3023.94
33175,3113.06
33176,3119.27
33177,3113.29
33178,3139.35
33179,3160.73
33180,3238.89
33181,3250.57
33182,3335.17
33183,3440.25
33184,3504.4
33185,3560.61
33186,3718.33
33187,4110.7
33188,5509.64
33189,10000.0
33190,10000.0
33191,10000.0
33192,10000.0
33193,10000.0
33194,10000.0
33195,10000.0
33196,10000.0
33197,6529.39
33198,5509.56
33199,5619.73
33200,6529.24
33201,4500.71
33202,3999.51
33203,3646.67
33204,3549.94
33205,3298.13
33206,3287.24
33207,3236.76
33208,3211.09
33209,3023.11
33210,3060.59
33211,3086.19
33212,3086.44
33213,3019.88
33214,3019.13
33215,2990.74
33216,2900.0
33217,3114.48
33218,3114.42
33219,3114.17
33220,3087.98
33221,3077.71
33222,3085.07
33223,3019.76
33224,3000.98
33225,2999.42
33226,3000.08
33227,2869.42
33228,2733.15
33229,2648.04
33230,2540.63
33231,2528.92
33232,2528.95
33233,2648.79
33234,3000.71
33235,3060.18
33236,3114.85
33237,3240.0
33238,3493.73
33239,3560.5
33240,3615.62
33241,3718.35
33242,4276.16
33243,5789.08
33244,7500.86
33245,10000.0
33246,10000.0
33247,10000.0
33248,10000.0
33249,10000.0
33250,10000.0
33251,10000.0
33252,7199.51
33253,8500.16
33254,7000.84
33255,5789.06
33256,5750.16
33257,4194.2
33258,3999.06
33259,3670.94
33260,3670.8
33261,3547.63
33262,3550.06
33263,3500.09
33264,3387.67
33265,3320.36
33266,3320.92
33267,3373.7
33268,3320.44
33269,3158.59
33270,3030.04
33271,3184.88
33272,3166.13
33273,3250.51
33274,3273.66
33275,3474.65
33276,3504.98
33277,3670.16
33278,3672.1
33279,3727.65
33280,3969.18
33281,4498.02
33282,4582.33
33283,6499.57
33284,10000.0
33285,10000.0
33286,10000.0
33287,10000.0
33288,10000.0
33289,10000.0
33290,10000.0
33291,10000.0
33292,10000.0
33293,7000.86
33294,6529.32
33295,5300.68
33296,4560.01
33297,4545.35
33298,4009.44
33299,4000.07
33300,3647.42
33301,3440.85
33302,3440.92
33303,3440.58
33304,3440.37
33305,3254.71
33306,3254.67
33307,3239.94
33308,3239.51
33309,3217.31
33310,3254.36
33311,3239.53
33312,3206.23
33313,3112.49
33314,3086.65
33315,3085.2
33316,3057.64
33317,3019.72
33318,3000.73
33319,2961.54
33320,2899.73
33321,2870.4
33322,2807.12
33323,2805.31
33324,2803.48
33325,2799.91
33326,2799.3
33327,2700.48
33328,2648.78
33329,2803.12
33330,2870.77
33331,3023.66
33332,3086.23
33333,3217.01
33334,3238.52
33335,3310.28
33336,3500.86
33337,3729.63
33338,4458.78
33339,4999.72
33340,7000.46
33341,10000.0
33342,10000.0
33343,10000.0
33344,10000.0
33345,10000.0
33346,10000.0
33347,10000.0
33348,10000.0
33349,10000.0
33350,9000.8
33351,5509.44
33352,5230.7
33353,4750.03
33354,4250.92
33355,4250.22
33356,4026.71
33357,3969.57
33358,3750.8
33359,3550.46
33360,3383.12
33361,3320.44
33362,3320.76
33363,3354.63
33364,3320.7
33365,3238.46
33366,3198.81
33367,3254.36
33368,3310.03
33369,3286.25
33370,3310.52
33371,3310.96
33372,3430.58
33373,3500.27
33374,3560.6
33375,3718.26
33376,3726.52
33377,4100.49
33378,4480.06
33379,5759.78
33380,10000.0
33381,10000.0
33382,10000.0
33383,10000.0
33384,10000.0
33385,10000.0
33386,10000.0
33387,10000.0
33388,10000.0
33389,10000.0
33390,10000.0
33391,8500.04
33392,5999.05
33393,4580.44
33394,4319.58
33395,4194.52
33396,4049.44
33397,3549.87
33398,3700.83
33399,3350.56
33400,3350.04
33401,3273.75
33402,3280.29
33403,3254.33
33404,3278.28
33405,3217.37
33406,3205.56
33407,3130.64
33408,3113.29
33409,3113.4
33410,3086.59
33411,3023.56
33412,3010.57
33413,3010.3
33414,3000.0
33415,2980.84
33416,2982.41
33417,2925.98
33418,2867.49
33419,2860.76
33420,2850.92
33421,2865.62
33422,2899.35
33423,2860.71
33424,2899.51
33425,2961.82
33426,3010.44
33427,3086.74
33428,3140.32
33429,3280.84
33430,3368.57
33431,3504.67
33432,3590.26
33433,3880.86
33434,4188.96
33435,4999.53
33436,9080.0
33437,10000.0
33438,10000.0
33439,10000.0
33440,10000.0
33441,10000.0
33442,10000.0
33443,10000.0
33444,10000.0
33445,10000.0
33446,7000.04
33447,4900.63
33448,4188.76
33449,4026.48
33450,4000.12
33451,4024.17
33452,3880.86
33453,3969.29
33454,3850.77
33455,3718.63
33456,3650.28
33457,3560.06
33458,3547.03
33459,3504.67
33460,3425.46
33461,3290.17
33462,3238.69
33463,3291.37
33464,3359.95
33465,3340.93
33466,3432.62
33467,3496.0
33468,3504.95
33469,3560.96
33470,3600.29
33471,3561.0
33472,3610.04
33473,3726.92
33474,3726.74
33475,4104.49
33476,6499.77
33477,10000.0
33478,10000.0
33479,10000.0
33480,10000.0
33481,10000.0
33482,10000.0
33483,10000.0
33484,10000.0
33485,10000.0
33486,7629.87
33487,5500.99
33488,5000.81
33489,4839.67
33490,4749.14
33491,4275.25
33492,4000.16
33493,3731.43
33494,3718.49
33495,3504.58
33496,3379.94
33497,3290.89
33498,3290.22
33499,3278.66
33500,3278.41
33501,3235.17
33502,3140.88
33503,3130.62
33504,3113.77
33505,3086.38
33506,3086.08
33507,3047.48
33508,3019.32
33509,3010.4
33510,3010.38
33511,3010.01
33512,2980.92
33513,2961.07
33514,2961.21
33515,2959.52
33516,2961.23
33517,2959.68
33518,2959.3
33519,2959.41
33520,2961.03
33521,2959.96
33522,3010.39
33523,3023.18
33524,3086.36
33525,3140.22
33526,3238.0
33527,3290.4
33528,3495.01
33529,3718.43
33530,3760.96
33531,4109.01
33532,4800.28
33533,7629.42
33534,10000.0
33535,10000.0
33536,10000.0
33537,10000.0
33538,10000.0
33539,10000.0
33540,10000.0
33541,10000.0
33542,10000.0
33543,6500.8
33544,5000.64
33545,4188.51
33546,4188.57
33547,4188.41
33548,4026.81
33549,3969.45
33550,3726.41
33551,3726.17
33552,3718.76
33553,3718.02
33554,3700.93
33555,3560.32
33556,3495.68
33557,3280.78
33558,3238.67
33559,3290.81
33560,3359.56
33561,3290.69
33562,3359.29
33563,3493.73
33564,3500.41
33565,3534.47
33566,3561.23
33567,3600.57
33568,3600.66
33569,3999.01
33570,4100.66
33571,4829.14
33572,10000.0
33573,10000.0
33574,10000.0
33575,10000.0
33576,10000.0
33577,10000.0
33578,10000.0
33579,10000.0
33580,10000.0
33581,10000.0
33582,10000.0
33583,7832.0
33584,5718.08
33585,5499.33
33586,5000.81
33587,4510.64
33588,4498.18
33589,3909.69
33590,3726.1
33591,3718.13
33592,3560.1
33593,3290.99
33594,3290.4
33595,3290.17
33596,3290.21
33597,3205.79
33598,3140.72
33599,3130.72
33600,3113.61
33601,3110.67
33602,3086.82
33603,3030.11
33604,3014.63
33605,3010.71
33606,3010.14
33607,2980.43
33608,2980.0
33609,2970.08
33610,2959.76
33611,2959.55
33612,2959.69
33613,2959.14
33614,2959.01
33615,2959.09
33616,2959.04
33617,2955.55
33618,2980.35
33619,3000.53
33620,3010.16
33621,3047.4
33622,3205.07
33623,3224.94
33624,3290.02
33625,3549.67
33626,3691.29
33627,3691.34
33628,3972.16
33629,4276.9
33630,4339.27
33631,4829.46
33632,5859.51
33633,5619.44
33634,6190.79
33635,5183.76
33636,5000.42
33637,5859.65
33638,4800.86
33639,4283.93
33640,4000.34
33641,3759.54
33642,3500.77
33643,3400.31
33644,3360.35
33645,3290.81
33646,3290.6
33647,3290.2
33648,3290.55
33649,3142.98
33650,3142.96
33651,3160.62
33652,3200.61
33653,3030.55
33654,3023.55
33655,3142.06
33656,3160.25
33657,3140.13
33658,3150.06
33659,3180.46
33660,3215.37
33661,3220.13
33662,3220.9
33663,3220.77
33664,3281.05
33665,3300.05
33666,3344.86
33667,3592.32
33668,3691.4
33669,4249.43
33670,5230.48
33671,4999.68
33672,5230.18
33673,4670.34
33674,4700.2
33675,4499.15
33676,4250.5
33677,3358.5
33678,3500.8
33679,3290.69
33680,3290.88
33681,3290.43
33682,3290.56
33683,3290.82
33684,3340.81
33685,3366.99
33686,3291.0
33687,3290.53
33688,3281.22
33689,3107.4
33690,3078.32
33691,3110.21
33692,3085.02
33693,3014.15
33694,3000.24
33695,2959.89
33696,2959.17
33697,2953.19
33698,2900.71
33699,2900.05
33700,2850.03
33701,2820.5
33702,2850.28
33703,2840.18
33704,2700.18
33705,2600.08
33706,2489.88
33707,2489.73
33708,2489.42
33709,2450.15
33710,2450.36
33711,2489.03
33712,2450.4
33713,2339.68
33714,2500.03
33715,2850.45
33716,2899.51
33717,2959.97
33718,3000.96
33719,3006.34
33720,3142.21
33721,3330.92
33722,3491.76
33723,3500.45
33724,3691.49
33725,3870.46
33726,4130.75
33727,5509.97
33728,7500.65
33729,6690.75
33730,6690.41
33731,6499.85
33732,5619.81
33733,5989.95
33734,6499.92
33735,5509.87
33736,4600.34
33737,4090.54
33738,3899.13
33739,3610.95
33740,3610.02
33741,3500.7
33742,3500.5
33743,3500.52
33744,3500.21
33745,3381.85
33746,3440.11
33747,3454.3
33748,3359.22
33749,3220.33
33750,3142.97
33751,3250.01
33752,3250.76
33753,3250.18
33754,3281.19
33755,3281.37
33756,3359.17
33757,3359.35
33758,3500.17
33759,3500.34
33760,3340.52
33761,3590.79
33762,3600.28
33763,3691.37
33764,3760.39
33765,5499.41
33766,7999.89
33767,10000.0
33768,10000.0
33769,10000.0
33770,10000.0
33771,10000.0
33772,7950.45
33773,4269.99
33774,4500.49
33775,4269.73
33776,4130.22
33777,3360.02
33778,3360.23
33779,3500.28
33780,3500.92
33781,3500.06
33782,3340.2
33783,3154.62
33784,3050.86
33785,2980.39
33786,2980.63
33787,3023.31
33788,3100.5
33789,3000.48
33790,2999.08
33791,2980.06
33792,2960.0
33793,2955.9
33794,2953.87
33795,2953.28
33796,2948.67
33797,2899.71
33798,2899.23
33799,2870.1
33800,2800.42
33801,2510.25
33802,2489.0
33803,2400.3
33804,2410.68
33805,2450.48
33806,2450.15
33807,2400.42
33808,2450.93
33809,2450.59
33810,2700.18
33811,2899.22
33812,2899.66
33813,2959.44
33814,2959.87
33815,3006.68
33816,3200.98
33817,3400.18
33818,3556.87
33819,3691.92
33820,3961.83
33821,4700.61
33822,4999.15
33823,6919.39
33824,10000.0
33825,10000.0
33826,10000.0
33827,9090.89
33828,10000.0
33829,10000.0
33830,8000.86
33831,6500.75
33832,5500.1
33833,3870.84
33834,3800.76
33835,3611.0
33836,3610.15
33837,3500.23
33838,3500.07
33839,3350.23
33840,3350.35
33841,3330.74
33842,3330.99
33843,3340.85
33844,3331.0
33845,3250.48
33846,3200.17
33847,3278.49
33848,3281.44
33849,3241.29
33850,3250.19
33851,3250.24
33852,3334.45
33853,3340.22
33854,3359.3
33855,3360.74
33856,3500.93
33857,3759.98
33858,3961.46
33859,4399.41
33860,5718.75
33861,9500.51
33862,10000.0
33863,10000.0
33864,10000.0
33865,10000.0
33866,10000.0
33867,10000.0
33868,10000.0
33869,5509.73
33870,5509.93
33871,5499.06
33872,5000.37
33873,4549.24
33874,4500.38
33875,4099.11
33876,3909.91
33877,3500.98
33878,3486.83
33879,3330.01
33880,3202.07
33881,3030.22
33882,3044.66
33883,3086.39
33884,3142.37
33885,3000.61
33886,2999.77
33887,2999.16
33888,2960.0
33889,2870.24
33890,2866.73
33891,2850.75
33892,2700.94
33893,2500.57
33894,2489.92
33895,2500.98
33896,2500.86
33897,2500.54
33898,2489.56
33899,2489.61
33900,2489.63
33901,2489.26
33902,2489.28
33903,2489.03
33904,2450.28
33905,2489.57
33906,2500.1
33907,2800.29
33908,2600.62
33909,2959.47
33910,3083.9
33911,3142.37
33912,3224.43
33913,3556.67
33914,3860.05
33915,4038.55
33916,4650.7
33917,6000.12
33918,6500.91
33919,8000.83
33920,10000.0
33921,10000.0
33922,10000.0
33923,10000.0
33924,10000.0
33925,10000.0
33926,8999.98
33927,7000.74
33928,5750.02
33929,4194.64
33930,4194.8
33931,3860.2
33932,3610.57
33933,3500.88
33934,3500.94
33935,3500.54
33936,3500.26
33937,3500.38
33938,3500.45
33939,3500.52
33940,3460.98
33941,3273.98
33942,3250.08
33943,3281.66
33944,3281.36
33945,3241.76
33946,3241.64
33947,3241.79
33948,3250.95
33949,3500.55
33950,3610.2
33951,3611.72
33952,3691.55
33953,4271.66
33954,5000.03
33955,6000.83
33956,10000.0
33957,10000.0
33958,10000.0
33959,10000.0
33960,10000.0
33961,10000.0
33962,10000.0
33963,10000.0
33964,10000.0
33965,8000.7
33966,8000.23
33967,6000.52
33968,5730.27
33969,5730.35
33970,5199.41
33971,4749.76
33972,4373.89
33973,4009.67
33974,3909.53
33975,3749.76
33976,3500.29
33977,3142.01
33978,3101.0
33979,3130.92
33980,3142.77
33981,3023.21
33982,3019.28
33983,3019.62
33984,3000.85
33985,3000.79
33986,3019.39
33987,3019.16
33988,3000.92
33989,3000.29
33990,3000.28
33991,3000.63
33992,3000.67
33993,2999.89
33994,2999.03
33995,2951.0
33996,2950.72
33997,2950.28
33998,2950.01
33999,2899.2
34000,2850.59
34001,2850.98
34002,2950.71
34003,2999.02
34004,2999.43
34005,3080.12
34006,3100.82
34007,3200.05
34008,3220.52
34009,3692.71
34010,4000.49
34011,4590.91
34012,6499.53
34013,10000.0
34014,10000.0
34015,10000.0
34016,10000.0
34017,10000.0
34018,10000.0
34019,10000.0
34020,10000.0
34021,10000.0
34022,10000.0
34023,9000.5
34024,8000.4
34025,5000.91
34026,5000.77
34027,4500.15
34028,3999.29
34029,3960.48
34030,3750.59
34031,3760.48
34032,3690.03
34033,3700.49
34034,3669.0
34035,3460.7
34036,3335.21
34037,3235.97
34038,3220.89
34039,3282.33
34040,3298.42
34041,3282.05
34042,3242.98
34043,3282.65
34044,3334.55
34045,3440.89
34046,3610.36
34047,3611.78
34048,3700.77
34049,4271.44
34050,5000.09
34051,6499.96
34052,10000.0
34053,10000.0
34054,10000.0
34055,10000.0
34056,10000.0
34057,10000.0
34058,10000.0
34059,10000.0
34060,10000.0
34061,8501.0
34062,8999.7
34063,9000.47
34064,8000.13
34065,6000.41
34066,5638.01
34067,4991.68
34068,4399.64
34069,3999.59
34070,3909.29
34071,3692.35
34072,3592.02
34073,3077.28
34074,3106.05
34075,3080.83
34076,3130.3
34077,3000.34
34078,3018.53
34079,3000.55
34080,3000.94
34081,3220.09
34082,3217.79
34083,3192.93
34084,3150.7
34085,3100.77
34086,3098.18
34087,3080.97
34088,3070.81
34089,3050.39
34090,3024.22
34091,3019.58
34092,3019.32
34093,3010.31
34094,3000.75
34095,2999.95
34096,3000.13
34097,2999.89
34098,3019.09
34099,3070.54
34100,3070.89
34101,3200.22
34102,3201.0
34103,3400.88
34104,3335.31
34105,4049.06
34106,4999.34
34107,8000.39
34108,10000.0
34109,10000.0
34110,10000.0
34111,10000.0
34112,10000.0
34113,10000.0
34114,10000.0
34115,10000.0
34116,10000.0
34117,10000.0
34118,10000.0
34119,10000.0
34120,10000.0
34121,8499.75
34122,8000.48
34123,6500.18
34124,5499.29
34125,5183.25
34126,5000.62
34127,4750.98
34128,4750.54
34129,4249.32
34130,4300.6
34131,3692.76
34132,3690.31
34133,3359.96
34134,3359.53
34135,3610.23
34136,3611.11
34137,3690.85
34138,3692.03
34139,3692.89
34140,3961.96
34141,4194.8
34142,4801.48
34143,5000.04
34144,5000.38
34145,6010.44
34146,10000.0
34147,10000.0
34148,10000.0
34149,10000.0
34150,10000.0
34151,10000.0
34152,10000.0
34153,10000.0
34154,10000.0
34155,10000.0
34156,10000.0
34157,10000.0
34158,10000.0
34159,9000.71
34160,7629.19
34161,5799.61
34162,5509.78
34163,5000.42
34164,4510.85
34165,4498.61
34166,4049.61
34167,3909.85
34168,3692.87
34169,3254.95
34170,3268.06
34171,3282.17
34172,3282.98
34173,3254.93
34174,3278.15
34175,3278.35
34176,3282.02
34177,3242.74
34178,3242.25
34179,3220.67
34180,3220.4
34181,3220.09
34182,3220.04
34183,3220.03
34184,3156.32
34185,3142.92
34186,3142.63
34187,3142.49
34188,3142.21
34189,3138.5
34190,3136.97
34191,3131.72
34192,3135.12
34193,3131.43
34194,3150.16
34195,3220.02
34196,3220.16
34197,3282.15
34198,3301.0
34199,3494.22
34200,3690.57
34201,3978.98
34202,4271.98
34203,5183.13
34204,10000.0
34205,10000.0
34206,10000.0
34207,10000.0
34208,10000.0
34209,10000.0
34210,10000.0
34211,10000.0
34212,10000.0
34213,10000.0
34214,10000.0
34215,10000.0
34216,10000.0
34217,10000.0
34218,10000.0
34219,9999.72
34220,9000.77
34221,8499.97
34222,6683.75
34223,5000.53
34224,5000.06
34225,4000.64
34226,3800.56
34227,3760.53
34228,3692.14
34229,3440.56
34230,3350.02
34231,3440.51
34232,3600.29
34233,3641.36
34234,3690.92
34235,3692.84
34236,3760.88
34237,3760.03
34238,3961.19
34239,4194.15
34240,4570.33
34241,9000.15
34242,10000.0
34243,10000.0
34244,10000.0
34245,10000.0
34246,10000.0
34247,10000.0
34248,10000.0
34249,10000.0
34250,10000.0
34251,10000.0
34252,10000.0
34253,10000.0
34254,10000.0
34255,10000.0
34256,10000.0
34257,8000.07
34258,7590.0
34259,5350.13
34260,5000.23
34261,4700.43
34262,4498.6
34263,4075.0
34264,3909.69
34265,3510.73
34266,3426.99
34267,3335.55
34268,3282.23
34269,3220.59
34270,3220.99
34271,3220.68
34272,3220.59
34273,3080.65
34274,3080.6
34275,3023.36
34276,3019.31
34277,2999.7
34278,2950.56
34279,2950.63
34280,2940.66
34281,2921.43
34282,2859.03
34283,2840.62
34284,2850.42
34285,2850.79
34286,2850.89
34287,2850.35
34288,2810.81
34289,2850.31
34290,2950.96
34291,2999.28
34292,2950.56
34293,3100.37
34294,3111.86
34295,3120.77
34296,3150.92
34297,3460.49
34298,3591.6
34299,3750.52
34300,4000.91
34301,4177.64
34302,4900.93
34303,6210.41
34304,9000.59
34305,8499.73
34306,8499.03
34307,9811.75
34308,8499.77
34309,8400.24
34310,8400.18
34311,7116.79
34312,5500.43
34313,4189.63
34314,4499.27
34315,4290.01
34316,4189.37
34317,3850.72
34318,3662.02
34319,3500.85
34320,3381.96
34321,3302.22
34322,3285.88
34323,3200.85
34324,3150.52
34325,3082.74
34326,3070.3
34327,3080.44
34328,3088.4
34329,3100.24
34330,3137.8
34331,3142.6
34332,3181.06
34333,3181.44
34334,3170.77
34335,3200.06
34336,3234.94
34337,3591.92
34338,3810.95
34339,4171.29
34340,4569.76
34341,6999.86
34342,8499.56
34343,9851.8
34344,7900.92
34345,5250.47
34346,5350.64
34347,5250.67
34348,5250.33
34349,4130.98
34350,4650.16
34351,4569.95
34352,4569.47
34353,3669.68
34354,3999.11
34355,3899.06
34356,3650.14
34357,3385.74
34358,3070.44
34359,3040.67
34360,3040.76
34361,2999.21
34362,3000.96
34363,3070.53
34364,3126.06
34365,3019.23
34366,3000.71
34367,3000.04
34368,3000.28
34369,3111.22
34370,3107.19
34371,3070.39
34372,3023.23
34373,2999.33
34374,2966.4
34375,2999.13
34376,2950.44
34377,3000.03
34378,2800.48
34379,2752.44
34380,2750.98
34381,2899.23
34382,2850.96
34383,2899.5
34384,2899.07
34385,2752.26
34386,3000.01
34387,3000.32
34388,2999.99
34389,3111.58
34390,3113.5
34391,3120.08
34392,3181.19
34393,3550.41
34394,3631.61
34395,3850.73
34396,4110.66
34397,4598.53
34398,4500.76
34399,5000.84
34400,7629.03
34401,8000.67
34402,9500.89
34403,9500.67
34404,9500.48
34405,9500.09
34406,9500.96
34407,8999.89
34408,5500.8
34409,6500.17
34410,9499.54
34411,7000.91
34412,4780.91
34413,5499.77
34414,5499.37
34415,4320.41
34416,4160.48
34417,4014.59
34418,3850.8
34419,3669.13
34420,3591.96
34421,3259.62
34422,3259.08
34423,3278.23
34424,3259.34
34425,3259.37
34426,3291.68
34427,3300.92
34428,3350.8
34429,3440.93
34430,3440.48
34431,3456.84
34432,3460.35
34433,3659.07
34434,3850.74
34435,4000.09
34436,5260.83
34437,5499.04
34438,10000.0
34439,10000.0
34440,10000.0
34441,10000.0
34442,10000.0
34443,10000.0
34444,10000.0
34445,4680.68
34446,5000.98
34447,5199.87
34448,5199.84
34449,5199.39
34450,5000.01
34451,4249.33
34452,4049.21
34453,3909.41
34454,3700.39
34455,3669.77
34456,3591.0
34457,3080.65
34458,3130.02
34459,3181.22
34460,3200.77
34461,3150.41
34462,3150.35
34463,3141.8
34464,3120.72
34465,3115.82
34466,3100.37
34467,3023.89
34468,3023.17
34469,2997.99
34470,2997.66
34471,2997.67
34472,2997.62
34473,2997.29
34474,2997.36
34475,2997.29
34476,2997.11
34477,2997.04
34478,2995.86
34479,2997.22
34480,2997.15
34481,2997.18
34482,2997.97
34483,3023.17
34484,3023.93
34485,3120.63
34486,3142.31
34487,3440.78
34488,3591.36
34489,3908.32
34490,4160.32
34491,4999.62
34492,7000.65
34493,10000.0
34494,10000.0
34495,10000.0
34496,10000.0
34497,10000.0
34498,10000.0
34499,10000.0
34500,10000.0
34501,10000.0
34502,10000.0
34503,10000.0
34504,10000.0
34505,10000.0
34506,10000.0
34507,10000.0
34508,9000.53
34509,9000.25
34510,7000.42
34511,5441.77
34512,4780.92
34513,4498.76
34514,4160.09
34515,3854.29
34516,3659.08
34517,3470.7
34518,3372.48
34519,3591.17
34520,3591.45
34521,3591.37
34522,3591.91
34523,3600.82
34524,3690.33
34525,3776.86
34526,3850.73
34527,4000.98
34528,4014.96
34529,6010.99
34530,10000.0
34531,10000.0
34532,10000.0
34533,10000.0
34534,10000.0
34535,10000.0
34536,10000.0
34537,10000.0
34538,10000.0
34539,10000.0
34540,10000.0
34541,10000.0
34542,10000.0
34543,10000.0
34544,10000.0
34545,7200.25
34546,7000.37
34547,5529.96
34548,5426.69
34549,4800.3
34550,4498.3
34551,4139.65
34552,4000.33
34553,3650.93
34554,3591.94
34555,3591.21
34556,3500.87
34557,3350.11
34558,3259.88
34559,3259.17
34560,3181.15
34561,3080.45
34562,3070.51
34563,3070.15
34564,3007.83
34565,3007.36
34566,3007.01
34567,3005.52
34568,3003.52
34569,3000.79
34570,3001.63
34571,3001.52
34572,3000.98
34573,3001.95
34574,3003.02
34575,3001.75
34576,3001.6
34577,3007.11
34578,3007.77
34579,3080.1
34580,3080.76
34581,3120.61
34582,3142.06
34583,3456.35
34584,3600.3
34585,4049.33
34586,4749.55
34587,9000.98
34588,10000.0
34589,10000.0
34590,10000.0
34591,10000.0
34592,10000.0
34593,10000.0
34594,10000.0
34595,10000.0
34596,10000.0
34597,10000.0
34598,10000.0
34599,10000.0
34600,10000.0
34601,10000.0
34602,10000.0
34603,10000.0
34604,10000.0
34605,10000.0
34606,10000.0
34607,9000.87
34608,7259.29
34609,5500.14
34610,5000.65
34611,4500.33
34612,4250.56
34613,3659.94
34614,3659.16
34615,3659.74
34616,3850.28
34617,3669.64
34618,3690.98
34619,3800.45
34620,3850.86
34621,3899.13
34622,4000.38
34623,4120.03
34624,4548.83
34625,6499.31
34626,10000.0
34627,10000.0
34628,10000.0
34629,10000.0
34630,10000.0
34631,10000.0
34632,10000.0
34633,10000.0
34634,10000.0
34635,10000.0
34636,10000.0
34637,10000.0
34638,10000.0
34639,10000.0
34640,10000.0
34641,8642.52
34642,6673.78
34643,5199.9
34644,4750.72
34645,4510.46
34646,4160.03
34647,3978.78
34648,3850.6
34649,3224.5
34650,3440.17
34651,3418.46
34652,3400.3
34653,3200.1
34654,3200.15
34655,3181.35
34656,3141.09
34657,3088.06
34658,3080.39
34659,3019.85
34660,3004.95
34661,3004.39
34662,3004.07
34663,3002.19
34664,3000.66
34665,3000.45
34666,3000.12
34667,3000.17
34668,2999.91
34669,3000.68
34670,3000.65
34671,3000.8
34672,3000.84
34673,3004.44
34674,3004.53
34675,3006.1
34676,3070.57
34677,3120.33
34678,3141.11
34679,3300.86
34680,3591.12
34681,4014.51
34682,4600.77
34683,4999.57
34684,8999.12
34685,10000.0
34686,10000.0
34687,10000.0
34688,10000.0
34689,10000.0
34690,10000.0
34691,10000.0
34692,10000.0
34693,10000.0
34694,10000.0
34695,10000.0
34696,10000.0
34697,10000.0
34698,10000.0
34699,10000.0
34700,10000.0
34701,8999.09
34702,6499.91
34703,6040.41
34704,4281.1
34705,4160.78
34706,4014.82
34707,4000.9
34708,3820.1
34709,3591.46
34710,3460.97
34711,3600.67
34712,3659.4
34713,3600.54
34714,3600.73
34715,3690.09
34716,3820.95
34717,3820.52
34718,3790.55
34719,4000.8
34720,4249.47
34721,9000.23
34722,10000.0
34723,10000.0
34724,10000.0
34725,10000.0
34726,10000.0
34727,10000.0
34728,10000.0
34729,10000.0
34730,10000.0
34731,10000.0
34732,10000.0
34733,10000.0
34734,10000.0
34735,10000.0
34736,10000.0
34737,8000.92
34738,6810.0
34739,5426.68
34740,5000.87
34741,4500.25
34742,4160.43
34743,4014.06
34744,3850.29
34745,3591.06
34746,3456.29
34747,3350.59
34748,3259.64
34749,3150.27
34750,3150.48
34751,3141.87
34752,3120.41
34753,3007.72
34754,3007.42
34755,3005.27
34756,3003.64
34757,3000.48
34758,2999.09
34759,2996.48
34760,2996.19
34761,2992.25
34762,2986.56
34763,2992.49
34764,2986.89
34765,2996.21
34766,2996.16
34767,2992.37
34768,2986.65
34769,2986.21
34770,2996.92
34771,3003.44
34772,3007.62
34773,3115.04
34774,3115.83
34775,3181.7
34776,3456.56
34777,3700.46
34778,4014.21
34779,4498.0
34780,4549.54
34781,10000.0
34782,10000.0
34783,10000.0
34784,10000.0
34785,10000.0
34786,10000.0
34787,10000.0
34788,10000.0
34789,10000.0
34790,10000.0
34791,10000.0
34792,10000.0
34793,10000.0
34794,10000.0
34795,9575.22
34796,9010.26
34797,8000.57
34798,7500.94
34799,6499.27
34800,4252.87
34801,4160.79
34802,4014.57
34803,4000.05
34804,3790.74
34805,3540.14
34806,3456.19
34807,3591.53
34808,3591.66
34809,3501.95
34810,3591.14
34811,3591.33
34812,3600.15
34813,3640.2
34814,3600.79
34815,3776.65
34816,3850.55
34817,4999.12
34818,9304.72
34819,10000.0
34820,10000.0
34821,10000.0
34822,10000.0
34823,10000.0
34824,10000.0
34825,10000.0
34826,10000.0
34827,10000.0
34828,10000.0
34829,10000.0
34830,10000.0
34831,10000.0
34832,9970.88
34833,5070.63
34834,4999.1
34835,4619.41
34836,4160.77
34837,3909.98
34838,3850.59
34839,3659.28
34840,3591.47
34841,3080.85
34842,3080.38
34843,3080.68
34844,3130.69
34845,3120.82
34846,3120.37
34847,3088.33
34848,3009.66
34849,3012.95
34850,3012.76
34851,3012.44
34852,3012.14
34853,3002.91
34854,3000.39
34855,2980.11
34856,2950.52
34857,2950.59
34858,2950.34
34859,2950.14
34860,2880.44
34861,2930.5
34862,2950.33
34863,2950.43
34864,2930.66
34865,2950.23
34866,3002.16
34867,3012.22
34868,3012.85
34869,3070.65
34870,3080.31
34871,3176.47
34872,3398.96
34873,3820.1
34874,3820.74
34875,4010.61
34876,4999.05
34877,5025.53
34878,10000.0
34879,10000.0
34880,10000.0
34881,10000.0
34882,10000.0
34883,10000.0
34884,10000.0
34885,10000.0
34886,10000.0
34887,10000.0
34888,10000.0
34889,10000.0
34890,10000.0
34891,10000.0
34892,10000.0
34893,8500.23
34894,8999.57
34895,6424.57
34896,5499.82
34897,4999.53
34898,4194.52
34899,4110.84
34900,3964.12
34901,3600.07
34902,3541.27
34903,3600.45
34904,3700.87
34905,3609.94
34906,3609.75
34907,3820.21
34908,3964.94
34909,4110.39
34910,4012.14
34911,4498.21
34912,4500.5
34913,8000.17
34914,10000.0
34915,10000.0
34916,10000.0
34917,10000.0
34918,10000.0
34919,10000.0
34920,10000.0
34921,10000.0
34922,10000.0
34923,10000.0
34924,10000.0
34925,10000.0
34926,10000.0
34927,10000.0
34928,10000.0
34929,8000.03
34930,7113.38
34931,5509.91
34932,4900.77
34933,4498.56
34934,4049.59
34935,3909.51
34936,3609.8
34937,3150.33
34938,3142.3
34939,3131.69
34940,3142.98
34941,3100.42
34942,3091.17
34943,3070.8
34944,3065.03
34945,3002.32
34946,3002.09
34947,3000.82
34948,2999.0
34949,2994.9
34950,2950.49
34951,2850.3
34952,2830.78
34953,2500.23
34954,2850.16
34955,2693.36
34956,2587.45
34957,2489.88
34958,2500.35
34959,2500.84
34960,2450.16
34961,2450.31
34962,2800.01
34963,2980.83
34964,3000.02
34965,3002.79
34966,3023.43
34967,3080.61
34968,3175.02
34969,3609.21
34970,3600.67
34971,3669.62
34972,3800.18
34973,3899.2
34974,5509.65
34975,10000.0
34976,10000.0
34977,10000.0
34978,10000.0
34979,10000.0
34980,10000.0
34981,10000.0
34982,10000.0
34983,10000.0
34984,10000.0
34985,10000.0
34986,10000.0
34987,10000.0
34988,10000.0
34989,5426.74
34990,4252.54
34991,4228.12
34992,3620.48
34993,3600.9
34994,3750.72
34995,3776.03
34996,3640.9
34997,3142.99
34998,3142.58
34999,3150.19
35000,3150.51
35001,3400.63
35002,3510.55
35003,3451.63
35004,3541.27
35005,3541.19
35006,3541.7
35007,3600.66
35008,3600.14
35009,3620.87
35010,4110.11
35011,9999.21
35012,10000.0
35013,10000.0
35014,10000.0
35015,10000.0
35016,10000.0
35017,10000.0
35018,10000.0
35019,10000.0
35020,9498.44
35021,4500.68
35022,5000.54
35023,4800.87
35024,4498.57
35025,3899.29
35026,3650.48
35027,3340.67
35028,3200.85
35029,3050.91
35030,3080.65
35031,3070.24
35032,3050.8
35033,2899.14
35034,2850.87
35035,2900.37
35036,3000.52
35037,3023.76
35038,3070.29
35039,3000.84
35040,3002.22
3169,6000.79
3170,5677.87
3171,5038.56
3172,5000.58
3173,5000.09
3174,4949.13
3175,4780.57
3176,4786.38
3177,4538.81
3178,4538.08
3179,4500.45
3180,4500.52
3181,4545.17
3182,4538.84
3183,4538.48
3184,4538.86
3185,4549.82
3186,4949.66
3187,4787.3
3188,4629.94
3189,4580.16
3190,4548.64
3191,5000.42
3192,5989.46
3193,5500.74
3194,7600.38
3195,12000.0
3196,12000.0
3197,12000.0
3198,12000.0
3199,12000.0
3200,12000.0
3201,12000.0
3202,12000.0
3203,11999.82
3204,7600.31
3205,7559.75
3206,6000.45
3207,6000.83
3208,6000.86
3209,6230.76
3210,6998.31
3211,6031.17
3212,5260.91
3213,5252.87
3214,5000.56
3215,5000.1
3216,4800.76
3217,4235.37
3218,4210.61
3219,4154.28
3220,4127.77
3221,3618.61
3222,3618.62
3223,3790.86
3224,3870.32
3225,4100.68
3226,4110.4
3227,4169.33
3228,4500.35
3229,4800.84
3230,4800.41
3231,5000.25
3232,5500.6
3233,7509.08
3234,7998.09
3235,7600.93
3236,8500.74
3237,5999.51
3238,5989.21
3239,5000.25
3240,5999.34
3241,5999.85
3242,8500.03
3243,12000.0
3244,12000.0
3245,12000.0
3246,11999.28
3247,6999.79
3248,6849.18
3249,5999.95
3250,5999.07
3251,5999.17
3252,5999.54
3253,6496.91
3254,5999.92
3255,5989.64
3256,5409.66
3257,5260.73
3258,7310.13
3259,5500.75
3260,6499.4
3261,5260.49
3262,5409.29
3263,5653.29
3264,5677.5
5857,8500.18
5858,8157.61
5859,7993.25
5860,7998.01
5861,7213.03
5862,6999.12
5863,6999.17
5864,6999.49
5865,6127.2
5866,6000.58
5867,6000.18
5868,5000.97
5869,5989.72
5870,5989.11
5871,5677.08
5872,4949.76
5873,6500.3
5874,6500.8
5875,7213.21
5876,7365.54
5877,7365.67
5878,7500.65
5879,7509.37
5880,8998.1
5881,7600.91
5882,8998.41
5883,12000.0
5884,12000.0
5885,12000.0
5886,12000.0
5887,12000.0
5888,12000.0
5889,12000.0
5890,12000.0
5891,11999.47
5892,8600.28
5893,8500.46
5894,7000.52
5895,7000.49
5896,7365.04
5897,7500.6
5898,8000.31
5899,7000.6
5900,6500.22
5901,5800.85
5902,5500.72
5903,5260.68
5904,4946.26
5905,4575.39
5906,4575.03
5907,4394.72
5908,4300.79
5909,3618.91
5910,3562.99
5911,3618.29
5912,3767.17
5913,4324.72
5914,4394.74
5915,4570.76
5916,4575.2
5917,4998.34
5918,5009.96
5919,7284.31
5920,7509.44
5921,9040.24
5922,9213.71
5923,12000.0
5924,12000.0
5925,12000.0
5926,9317.35
5927,10336.17
5928,9701.14
5929,7213.95
5930,7600.54
5931,12000.0
5932,12000.0
5933,12000.0
5934,12000.0
5935,12000.0
5936,11999.51
5937,8000.36
5938,7800.64
5939,7800.01
5940,7509.37
5941,7509.24
5942,7509.47
5943,7509.78
5944,7650.36
5945,8500.05
5946,8600.37
5947,8499.59
5948,9064.84
5949,8430.21
5950,8500.55
5951,8500.6
5952,8500.58
8833,9700.48
8834,9700.66
8835,9236.97
8836,9100.71
8837,7998.46
8838,7365.96
8839,7365.29
8840,7213.93
8841,5998.82
8842,5677.42
8843,5500.01
8844,4919.87
8845,4919.19
8846,4919.47
8847,4868.6
8848,4868.64
8849,5677.97
8850,6499.73
8851,7213.97
8852,7600.43
8853,8600.28
8854,8600.6
8855,8600.97
8856,10000.82
8857,11529.89
8858,12000.0
8859,12000.0
8860,12000.0
8861,12000.0
8862,12000.0
8863,12000.0
8864,12000.0
8865,12000.0
8866,12000.0
8867,10529.54
8868,10000.52
8869,9600.07
8870,8600.55
8871,8600.74
8872,8600.88
8873,8600.52
8874,9100.15
8875,8200.26
8876,7365.98
8877,7000.3
8878,6500.14
8879,6499.67
8880,5000.54
8881,4848.89
8882,4799.13
8883,4466.41
8884,4394.34
8885,3900.15
8886,3848.61
8887,3912.66
8888,4000.87
8889,4457.43
8890,4570.52
8891,4800.09
8892,4998.25
8893,5989.48
8894,6200.42
8895,7650.02
8896,7998.67
8897,10000.88
8898,12000.0
8899,12000.0
8900,12000.0
8901,12000.0
8902,12000.0
8903,12000.0
8904,12000.0
8905,7650.21
8906,11499.23
8907,11999.21
8908,12000.0
8909,12000.0
8910,12000.0
8911,12000.0
8912,12000.0
8913,9200.3
8914,9100.61
8915,8564.25
8916,8600.03
8917,8499.17
8918,8499.25
8919,8499.5
8920,8499.4
8921,9600.51
8922,9600.83
8923,9600.98
8924,10000.64
8925,9600.62
8926,9600.94
8927,9700.53
8928,9700.8
11713,10500.5
11714,9962.3
11715,8284.79
11716,7739.93
11717,7244.44
11718,6770.23
11719,5999.55
11720,5999.26
11721,5016.87
11722,5545.9
11723,4949.31
11724,4819.92
11725,4949.3
11726,4949.74
11727,4949.13
11728,5500.11
11729,5999.23
11730,7365.46
11731,7365.58
11732,7110.15
11733,6496.1
11734,6999.43
11735,7998.6
11736,10000.0
11737,7998.8
11738,8000.38
11739,7519.66
11740,8519.67
11741,7998.83
11742,9519.5
11743,8519.39
11744,7739.69
11745,6496.66
11746,7433.0
11747,7365.05
11748,7739.54
11749,8500.38
11750,8500.44
11751,8500.13
11752,7600.44
11753,7365.43
11754,5999.5
11755,5850.21
11756,5850.04
11757,5850.84
11758,5000.81
11759,4998.52
11760,4645.74
11761,4438.5
11762,4162.66
11763,4083.56
11764,3821.0
11765,3700.1
11766,3562.95
11767,3600.79
11768,3500.97
11769,3767.46
11770,3820.97
11771,3999.1
11772,4152.06
11773,4500.88
11774,4538.4
11775,4799.4
11776,4780.93
11777,5000.22
11778,5000.48
11779,5000.25
11780,4979.89
11781,4979.84
11782,4619.52
11783,4570.81
11784,5000.83
11785,5000.63
11786,5999.21
11787,6000.7
11788,6519.59
11789,7365.67
11790,7110.81
11791,9191.43
11792,7739.59
11793,7519.76
11794,7365.73
11795,6979.07
11796,6979.05
11797,6519.31
11798,6000.04
11799,5999.71
11800,5999.66
11801,6998.76
11802,7650.06
11803,8000.1
11804,8000.36
11805,7739.9
11806,8467.55
11807,8499.88
11808,9064.93
14689,5998.06
14690,4998.31
14691,4547.97
14692,4547.39
14693,4538.59
14694,4438.61
14695,4324.47
14696,4282.02
14697,3999.5
14698,3998.84
14699,3850.78
14700,3767.57
14701,3850.88
14702,3850.91
14703,3652.8
14704,3653.68
14705,4060.81
14706,4282.96
14707,4427.88
14708,4492.97
14709,4549.69
14710,5350.73
14711,6000.16
14712,6999.08
14713,7650.54
14714,7998.24
14715,7365.48
14716,11529.68
14717,12000.0
14718,12000.0
14719,12000.0
14720,11999.51
14721,7409.03
14722,7998.15
14723,11499.9
14724,11999.11
14725,12000.0
14726,12000.0
14727,12000.0
14728,10000.32
14729,7998.4
14730,7365.63
14731,7365.07
14732,7110.26
14733,6496.41
14734,5999.72
14735,5677.01
14736,4998.77
14737,4488.26
14738,4300.21
14739,4012.59
14740,3618.97
14741,3600.62
14742,3562.82
14743,3562.75
14744,3540.15
14745,3998.43
14746,4153.42
14747,4153.7
14748,4324.0
14749,4998.62
14750,5499.05
14751,5999.72
14752,6230.38
14753,6230.96
14754,6490.64
14755,6000.9
14756,6000.08
14757,4547.74
14758,4538.42
14759,4998.6
14760,5989.3
14761,5999.62
14762,7410.0
14763,10999.29
14764,12000.0
14765,12000.0
14766,12000.0
14767,12000.0
14768,11999.31
14769,7998.38
14770,7998.77
14771,7365.72
14772,6999.53
14773,7365.2
14774,7000.73
14775,6998.63
14776,6999.22
14777,6998.75
14778,7365.2
14779,7365.47
14780,7365.86
14781,7650.58
14782,7650.61
14783,8500.71
14784,8999.93
17569,7800.21
17570,7365.62
17571,7509.75
17572,7365.87
17573,6497.1
17574,6652.4
17575,5989.34
17576,5738.65
17577,4949.51
17578,4946.56
17579,4848.44
17580,4829.16
17581,4819.02
17582,4819.47
17583,4575.6
17584,4570.74
17585,4848.38
17586,5000.91
17587,5385.65
17588,6000.19
17589,5998.78
17590,7365.2
17591,7998.37
17592,8376.44
17593,11529.84
17594,12000.0
17595,10300.66
17596,12000.0
17597,12000.0
17598,12000.0
17599,12000.0
17600,12000.0
17601,7600.94
17602,7998.17
17603,6999.03
17604,6758.81
17605,6000.14
17606,6000.72
17607,6069.51
17608,6069.39
17609,6499.09
17610,6499.67
17611,5999.52
17612,4998.3
17613,4570.99
17614,4800.63
17615,4570.28
17616,4492.56
17617,4153.33
17618,3899.59
17619,3600.12
17620,3477.83
17621,3477.06
17622,3390.68
17623,3455.57
17624,3455.5
17625,3500.82
17626,3562.58
17627,3618.48
17628,3594.3
17629,3870.82
17630,3870.45
17631,3870.71
17632,4102.0
17633,4250.78
17634,4324.5
17635,4324.97
17636,4350.36
17637,4153.36
17638,3990.13
17639,4163.32
17640,4800.16
17641,4800.85
17642,4570.99
17643,4999.42
17644,5038.1
17645,5250.92
17646,5350.16
17647,5677.62
17648,5000.55
17649,5000.88
17650,4800.67
17651,4800.96
17652,4800.6
17653,4800.15
17654,4800.32
17655,4800.61
17656,4799.01
17657,5000.16
17658,5499.73
17659,5998.15
17660,5999.05
17661,5999.64
17662,6000.82
17663,6499.3
17664,6758.14
20545,4799.3
20546,4819.91
20547,4848.13
20548,4580.74
20549,4580.03
20550,4575.46
20551,4799.17
20552,4580.89
20553,4575.16
20554,4394.9
20555,4394.3
20556,4250.5
20557,3916.88
20558,3917.67
20559,3790.98
20560,3767.72
20561,3767.4
20562,3946.65
20563,3996.23
20564,3930.57
20565,4100.92
20566,4499.93
20567,4200.7
20568,4848.64
20569,4499.6
20570,4102.5
20571,4629.63
20572,4689.92
20573,4850.27
20574,4981.61
20575,4700.82
20576,4549.33
20577,3879.42
20578,3800.3
20579,3450.94
20580,3500.06
20581,3630.78
20582,3600.01
20583,3630.65
20584,3630.19
20585,3300.08
20586,3322.27
20587,3322.04
20588,3100.56
20589,3000.58
20590,3000.47
20591,3000.51
20592,3000.62
20593,2999.27
20594,2999.22
20595,2998.09
20596,2998.56
20597,2989.88
20598,2989.36
20599,2992.01
20600,2989.99
20601,2992.52
20602,2992.65
20603,2992.77
20604,2992.9
20605,2999.42
20606,3000.07
20607,3000.32
20608,3001.0
20609,3115.08
20610,3388.51
20611,3390.84
20612,3562.61
20613,3600.66
20614,3482.56
20615,3390.01
20616,3322.68
20617,3700.87
20618,3710.67
20619,3999.99
20620,4059.72
20621,3900.19
20622,3870.18
20623,3768.84
20624,3800.14
20625,4050.65
20626,3999.22
20627,4000.9
20628,4045.33
20629,4059.87
20630,4074.61
20631,4062.35
20632,4059.35
20633,3574.75
20634,3574.47
20635,3574.67
20636,3630.14
20637,3562.04
20638,3630.02
20639,3630.99
20640,4394.35
23521,7365.0
23522,6531.84
23523,6031.81
23524,5899.99
23525,5999.47
23526,5999.49
23527,5899.71
23528,5677.93
23529,5499.4
23530,5499.81
23531,5499.89
23532,5499.09
23533,4949.08
23534,4999.35
23535,4999.17
23536,4999.86
23537,4999.57
23538,5499.09
23539,5196.67
23540,5480.3
23541,5899.7
23542,5639.64
23543,5260.9
23544,4848.53
23545,5635.91
23546,5899.53
23547,7109.74
23548,8000.16
23549,7365.13
23550,7109.0
23551,6069.4
23552,4805.33
23553,4502.41
23554,4549.01
23555,4502.82
23556,4502.92
23557,4538.4
23558,4538.02
23559,4570.72
23560,4800.18
23561,4438.84
23562,4547.39
23563,4570.32
23564,4570.12
23565,4438.14
23566,4488.01
23567,4340.01
23568,4153.97
23569,3899.77
23570,3930.1
23571,3653.33
23572,3618.1
23573,3500.21
23574,3477.51
23575,3477.07
23576,3468.81
23577,3649.79
23578,3767.06
23579,3653.96
23580,3800.4
23581,4324.65
23582,4438.06
23583,4500.94
23584,4547.91
23585,4800.86
23586,4848.71
23587,4999.35
23588,5426.69
23589,4570.86
23590,4547.25
23591,4570.36
23592,4580.27
23593,4800.67
23594,5460.26
23595,7109.97
23596,7800.53
23597,8888.1
23598,7998.34
23599,7800.75
23600,7800.63
23601,7491.83
23602,7365.47
23603,6999.31
23604,6998.95
23605,7365.09
23606,6998.01
23607,6009.33
23608,5460.79
23609,6230.25
23610,6499.23
23611,6230.87
23612,6499.33
23613,6230.65
23614,6998.01
23615,6999.96
23616,6973.57
26401,5004.31
26402,4858.0
26403,4578.03
26404,4547.76
26405,4500.07
26406,4457.08
26407,4324.97
26408,4324.15
26409,4300.51
26410,4300.04
26411,4173.11
26412,4153.53
26413,4153.93
26414,4153.83
26415,4153.9
26416,4153.83
26417,4300.99
26418,4488.57
26419,4497.7
26420,4547.22
26421,4500.79
26422,4556.68
26423,5296.14
26424,5785.02
26425,6600.98
26426,7000.26
26427,5785.1
26428,6998.94
26429,7365.32
26430,7998.72
26431,7675.9
26432,7365.2
26433,5600.43
26434,5980.31
26435,5500.55
26436,5000.02
26437,5600.18
26438,5623.88
26439,6520.67
26440,6478.88
26441,4848.93
26442,4848.64
26443,4799.75
26444,4780.7
26445,4547.71
26446,4946.0
26447,4819.33
26448,4547.53
26449,4300.76
26450,4282.34
26451,4130.01
26452,4084.28
26453,3778.86
26454,3700.69
26455,3562.61
26456,3519.3
26457,3999.08
26458,3999.29
26459,4061.74
26460,4091.63
26461,4324.86
26462,4324.22
26463,4484.8
26464,4948.32
26465,5000.23
26466,5820.66
26467,6337.14
26468,7000.16
26469,4948.61
26470,5000.5
26471,5150.29
26472,6201.6
26473,4999.78
26474,6999.78
26475,7800.18
26476,8499.11
26477,11499.82
26478,9400.58
26479,8000.15
26480,7998.87
26481,7365.66
26482,7365.04
26483,7365.14
26484,7109.72
26485,5999.98
26486,5999.19
26487,5677.97
26488,4999.83
26489,5009.12
26490,6998.89
26491,7365.06
26492,6999.65
26493,6499.04
26494,6499.83
26495,6998.48
26496,6998.93
29377,5586.75
29378,5499.72
29379,4999.83
29380,4999.43
29381,4819.28
29382,4819.75
29383,4575.9
29384,4547.83
29385,4538.35
29386,4438.41
29387,4438.49
29388,4324.54
29389,4324.66
29390,4324.42
29391,4324.27
29392,4324.23
29393,4438.67
29394,4547.4
29395,4958.19
29396,4999.38
29397,4999.07
29398,5270.95
29399,6490.76
29400,7000.11
29401,7600.12
29402,7998.88
29403,6998.2
29404,7998.89
29405,8500.59
29406,11999.64
29407,8500.64
29408,7800.2
29409,5250.71
29410,5250.82
29411,4999.6
29412,4998.39
29413,5260.81
29414,5260.91
29415,5500.06
29416,4981.11
29417,4538.59
29418,4999.12
29419,4928.07
29420,4492.75
29421,4324.26
29422,4282.91
29423,4237.46
29424,4170.96
29425,4059.92
29426,4069.07
29427,3700.97
29428,3618.51
29429,3477.63
29430,3477.38
29431,3455.57
29432,3455.71
29433,3560.26
29434,3649.66
29435,3653.51
29436,3652.89
29437,4153.34
29438,4153.85
29439,4426.89
29440,4999.12
29441,4928.56
29442,5260.09
29443,5390.86
29444,5500.01
29445,4999.44
29446,4600.5
29447,4600.5
29448,5012.17
29449,4981.82
29450,5740.04
29451,7190.58
29452,7998.25
29453,12000.0
29454,10520.96
29455,7509.62
29456,7600.45
29457,5993.02
29458,6049.2
29459,6998.2
29460,6049.54
29461,5795.76
29462,5797.03
29463,5499.14
29464,5009.97
29465,5570.34
29466,7109.67
29467,7365.63
29468,7365.29
29469,7356.62
29470,7403.5
29471,7600.59
29472,7428.02
32257,6984.94
32258,6100.59
32259,6049.62
32260,6998.04
32261,5677.81
32262,5500.94
32263,5499.0
32264,5400.23
32265,5499.63
32266,5400.95
32267,5499.42
32268,5400.7
32269,5294.87
32270,5294.3
32271,5000.35
32272,5000.39
32273,5499.15
32274,5937.0
32275,5969.57
32276,5969.58
32277,5500.66
32278,6999.45
32279,6049.28
32280,5500.91
32281,6499.59
32282,7846.85
32283,7109.94
32284,7998.81
32285,7998.09
32286,7998.94
32287,7600.03
32288,7365.5
32289,4729.19
32290,5100.98
32291,5260.63
32292,4999.23
32293,4999.37
32294,4999.81
32295,5260.38
32296,4999.43
32297,4502.16
32298,4499.76
32299,4502.23
32300,4324.27
32301,3739.01
32302,3700.59
32303,3600.91
32304,3560.88
32305,3358.04
32306,3250.35
32307,3070.74
32308,2999.71
32309,2923.96
32310,2923.52
32311,2923.26
32312,2870.61
32313,2948.55
32314,2948.37
32315,3250.01
32316,3316.52
32317,3510.43
32318,3600.23
32319,3618.66
32320,3999.15
32321,4130.92
32322,4153.85
32323,4427.14
32324,4499.28
32325,4324.89
32326,4250.97
32327,4324.95
32328,4438.18
32329,4130.69
32330,4729.41
32331,4999.4
32332,6000.13
32333,7365.56
32334,7509.35
32335,6999.94
32336,6499.85
32337,5260.54
32338,6049.09
32339,6499.33
32340,5999.88
32341,4999.83
32342,4999.02
32343,4900.97
32344,4928.08
32345,4999.02
32346,4999.59
32347,5499.83
32348,6998.56
32349,6499.57
32350,6999.34
32351,6999.85
32352,6999.78
6817,7365.09
6818,6390.71
6819,6000.97
6820,5999.49
6821,5469.9
6822,5252.89
6823,4999.05
6824,4958.48
6825,4958.28
6826,4958.37
6827,4949.27
6828,4877.01
6829,4556.23
6830,4544.65
6831,4544.35
6832,4544.51
6833,4999.28
6834,5250.86
6835,5250.99
6836,5500.63
6837,4999.89
6838,5999.32
6839,6031.47
6840,6990.93
6841,7365.51
6842,7509.16
6843,6049.24
6844,7000.96
6845,7110.83
6846,7365.67
6847,7000.66
6848,5749.75
6849,4544.61
6850,4949.39
6851,4799.49
6852,4499.59
6853,5250.7
6854,5500.84
6855,5749.11
6856,5270.59
6857,5000.88
6858,5252.37
6859,4949.74
6860,4544.74
6861,4538.72
6862,4819.16
6863,4654.12
6864,4538.5
6865,4250.32
6866,4126.98
6867,3618.8
6868,3510.46
6869,3455.67
6870,3455.76
6871,3468.02
6872,3468.9
6873,3900.52
6874,3618.7
6875,3700.55
6876,3999.86
6877,4324.22
6878,4438.63
6879,4928.8
6880,5270.49
6881,5252.97
6882,5750.3
6883,6999.09
6884,6499.86
6885,5318.4
6886,4999.3
6887,4928.35
6888,4999.64
6889,4981.41
6890,5500.19
6891,7365.26
6892,7999.22
6893,11499.08
6894,10998.22
6895,9000.06
6896,8377.1
6897,7365.53
6898,7365.45
6899,7600.52
6900,7490.53
6901,6999.66
6902,6520.22
6903,5999.53
6904,5318.62
6905,5999.39
6906,7400.59
6907,7365.14
6908,7365.73
6909,7365.19
6910,7551.18
6911,7990.11
6912,8000.61
6913,6536.74
6914,6887.2
6915,6998.24
6916,6527.51
6917,6321.66
6918,5998.83
6919,5677.16
6920,5499.33
6921,5477.83
6922,5499.23
6923,4999.32
6924,4958.52
6925,4501.0
6926,4500.57
6927,4500.0
6928,4500.46
6929,4729.85
6930,4999.37
6931,4999.02
6932,4999.43
6933,4999.41
6934,5999.6
6935,5499.63
6936,5499.25
6937,7110.97
6938,7365.78
6939,5499.84
6940,5270.14
6941,6998.02
6942,7069.83
6943,5499.51
6944,5370.2
6945,4729.97
6946,4958.51
6947,4928.2
6948,4981.58
6949,5499.14
6950,6020.39
6951,6570.31
6952,6270.09
6953,5270.24
6954,5270.95
6955,5270.23
6956,4999.09
6957,4500.11
6958,4544.75
6959,4450.28
6960,4426.5
6961,4150.06
6962,3930.69
6963,3571.67
6964,3477.37
6965,3455.66
6966,3455.49
6967,3455.63
6968,3455.81
6969,3618.18
6970,3477.86
6971,3600.59
6972,3931.73
6973,4484.27
6974,4500.24
6975,4928.32
6976,4565.57
6977,4928.23
6978,4999.16
6979,5499.96
6980,5499.97
6981,5499.72
6982,5499.08
6983,5499.47
6984,5750.46
6985,5499.14
6986,6499.19
6987,7800.58
6988,9529.8
6989,10467.34
6990,11149.67
6991,7800.67
6992,7365.94
6993,7365.39
6994,7365.09
6995,7365.76
6996,7600.11
6997,7365.45
6998,5742.0
6999,5318.43
7000,5278.2
7001,5270.79
7002,5499.15
7003,5499.87
7004,5694.2
7005,4998.8
7006,5017.05
7007,5499.23
7008,5899.01
7009,7365.19
7010,6999.48
7011,5999.86
7012,5833.69
7013,5050.83
7014,4958.22
7015,4950.65
7016,4950.19
7017,4950.44
7018,4544.56
7019,4538.37
7020,4544.43
7021,4544.11
7022,4538.71
7023,4538.92
7024,4538.56
7025,4544.83
7026,4958.13
7027,5000.39
7028,5199.19
7029,5499.06
7030,6018.42
7031,6969.02
7032,6999.91
7033,7365.14
7034,7365.3
7035,7365.65
7036,6490.5
7037,7365.08
7038,7365.88
7039,6500.36
7040,6500.45
7041,5499.83
7042,5677.92
7043,5677.23
7044,4928.75
7045,5469.69
7046,5611.72
7047,5677.54
7048,5662.59
7049,4544.93
7050,5199.01
7051,5310.13
7052,5020.29
7053,4928.82
7054,4928.3
7055,4900.48
7056,4900.32
7057,4500.58
7058,4300.75
7059,4250.4
7060,4150.42
7061,3818.84
7062,3618.63
7063,3750.29
7064,3649.57
7065,4150.87
7066,4150.81
7067,4150.93
7068,4300.66
7069,4538.31
7070,4544.47
7071,5270.19
7072,5199.91
7073,5580.47
7074,6699.73
7075,7365.61
7076,7365.92
7077,6950.88
7078,6950.52
7079,6950.37
7080,5999.38
7081,6490.15
7082,7365.77
7083,9378.65
7084,11380.7
7085,12000.0
7086,12000.0
7087,10000.72
7088,9023.85
7089,8250.0
7090,7998.65
7091,7999.28
7092,8000.1
7093,8322.02
7094,8565.34
7095,8565.16
7096,8565.07
7097,7365.86
7098,8000.97
7099,7999.44
7100,7800.02
7101,6906.38
7102,6597.95
7103,6566.38
7104,7099.02
7105,6822.13
7106,6919.33
7107,6507.42
7108,6283.89
7109,6250.22
7110,5677.58
7111,5499.24
7112,5000.84
7113,4958.61
7114,4650.93
7115,4565.89
7116,4395.7
7117,4316.76
7118,4316.53
7119,4300.34
7120,4300.49
7121,4729.42
7122,5000.73
7123,5199.51
7124,5199.89
7125,5682.17
7126,6000.33
7127,6000.31
7128,6989.96
7129,6989.05
7130,7365.84
7131,8000.19
7132,8000.07
7133,7600.5
7134,7653.89
7135,7365.64
7136,6998.24
7137,5359.82
7138,5239.23
7139,4981.09
7140,5239.33
7141,5499.95
7142,5850.33
7143,6283.43
7144,6666.35
7145,5499.93
7146,5728.67
7147,5580.67
7148,5199.87
7149,4426.51
7150,4419.85
7151,4565.14
7152,4500.63
7153,4161.13
7154,4127.23
7155,4127.07
7156,4014.83
7157,3750.14
7158,3571.17
7159,3768.12
7160,3571.1
7161,4049.35
7162,4059.81
7163,4127.26
7164,4099.15
7165,4395.61
7166,4316.99
7167,4651.96
7168,4780.62
7169,5199.09
7170,5270.0
7171,6319.78
7172,6283.49
7173,5199.7
7174,5009.7
7175,4800.85
7176,5802.67
7177,5499.09
7178,7365.13
7179,10598.08
7180,12000.0
7181,12000.0
7182,11991.01
7183,8998.28
7184,7509.69
7185,7365.64
7186,7365.02
7187,7365.21
7188,6999.46
7189,7365.28
7190,6283.21
7191,5999.99
7192,5999.51
7193,5898.37
7194,7365.6
7195,7502.24
7196,7495.01
7197,6009.41
7198,6989.45
7199,7335.76
7200,7158.15
7201,5677.11
7202,5677.6
7203,5677.17
7204,5199.81
7205,4958.26
7206,4899.68
7207,4499.71
7208,4426.32
7209,4316.52
7210,4250.65
7211,4169.77
7212,4169.71
7213,4127.79
7214,4127.48
7215,4127.23
7216,4120.75
7217,4127.66
7218,4300.65
7219,4316.46
7220,4300.9
7221,4395.67
7222,4609.16
7223,5199.62
7224,5794.09
7225,5999.82
7226,7365.68
7227,6283.52
7228,5960.82
7229,6283.93
7230,6998.31
7231,6283.76
7232,5720.17
7233,4899.96
7234,4981.67
7235,4946.19
7236,4819.05
7237,5499.31
7238,6005.66
7239,5999.95
7240,6283.56
7241,4729.98
7242,4729.58
7243,4426.58
7244,4316.56
7245,4300.89
7246,4316.84
7247,4394.68
7248,4394.44
7249,3820.98
7250,3768.48
7251,3700.17
7252,3535.54
7253,3500.21
7254,3477.58
7255,3477.47
7256,3477.46
7257,3535.65
7258,3768.56
7259,3999.37
7260,3900.66
7261,4300.77
7262,4316.49
7263,4499.65
7264,5199.32
7265,5998.1
7266,5499.1
7267,5999.48
7268,5999.29
7269,4316.92
7270,4199.93
7271,4127.57
7272,4127.8
7273,4499.41
7274,5350.04
7275,6999.45
7276,10999.0
7277,9999.23
7278,9529.5
7279,6999.87
7280,6999.7
7281,5750.61
7282,5500.4
7283,5250.65
7284,5412.77
7285,5999.26
7286,5745.28
7287,5499.93
7288,5499.02
7289,5270.4
7290,5199.9
7291,5199.7
7292,5199.91
7293,4499.62
7294,4499.53
7295,4499.84
7296,4729.37
7297,5999.52
7298,5677.65
7299,5199.44
7300,5199.03
7301,4958.46
7302,4819.54
7303,4499.54
7304,4394.93
7305,4300.31
7306,4250.31
7307,4199.18
7308,4199.61
7309,3999.89
7310,3999.82
7311,3915.44
7312,3813.94
7313,3813.89
7314,3916.79
7315,3999.37
7316,4090.36
7317,4250.23
7318,4300.94
7319,4819.94
7320,4958.71
7321,4900.57
7322,5499.52
7323,5009.46
7324,6283.5
7325,5677.38
7326,5999.55
7327,5499.7
7328,5100.33
7329,5499.17
7330,5289.16
7331,4949.43
7332,4928.43
7333,5289.88
7334,5500.0
7335,5499.05
7336,5499.19
7337,4946.18
7338,4819.36
7339,4300.83
7340,4215.66
7341,4120.71
7342,4111.2
7343,4115.79
7344,4059.2
7345,3571.43
7346,3358.87
7347,3358.77
7348,3335.98
7349,3253.17
7350,3190.18
7351,3300.58
7352,3300.9
7353,3358.26
7354,3500.32
7355,3510.92
7356,3700.56
7357,3813.91
7358,3999.43
7359,4135.31
7360,4153.76
7361,4160.0
7362,4350.75
7363,5199.82
7364,5999.6
7365,4928.54
7366,5199.58
7367,5199.28
7368,5499.04
7369,5499.48
7370,5750.85
7371,5999.88
7372,9529.87
7373,7800.51
7374,7309.09
7375,5677.53
7376,5500.84
7377,5677.9
7378,5499.35
7379,5499.78
7380,5499.51
7381,5499.76
7382,6000.15
7383,5499.83
7384,5499.28
7385,6470.29
7386,7600.58
7387,6470.99
7388,6470.67
7389,5929.2
7390,5677.13
7391,5199.84
7392,4958.33
7393,6654.4
7394,6249.83
7395,5999.72
7396,5677.68
7397,5199.48
7398,4958.39
7399,4556.53
7400,4555.03
7401,4250.34
7402,4130.79
7403,4120.81
7404,4120.45
7405,3999.31
7406,3999.24
7407,3999.28
7408,3999.13
7409,3999.04
7410,3999.35
7411,3999.52
7412,3999.75
7413,4819.14
7414,5199.79
7415,4958.28
7416,4958.42
7417,4946.22
7418,6249.19
7419,4958.89
7420,5100.85
7421,4819.93
7422,4819.5
7423,4819.99
7424,4575.73
7425,4575.19
7426,4700.76
7427,4394.81
7428,4199.08
7429,4250.89
7430,4230.08
7431,4394.07
7432,4371.12
7433,4106.89
7434,4106.28
7435,3999.41
7436,3998.93
7437,3957.16
7438,3900.63
7439,3900.8
7440,3700.5
7441,3358.74
7442,3340.55
7443,3313.13
7444,3238.54
7445,2948.82
7446,2948.51
7447,2989.15
7448,2989.13
7449,2989.92
7450,3143.99
7451,3313.21
7452,3330.92
7453,3358.09
7454,3358.75
7455,3630.26
7456,3999.13
7457,3999.16
7458,4120.83
7459,4130.06
7460,4120.8
7461,4109.92
7462,4100.71
7463,4106.36
7464,5199.2
7465,5199.71
7466,6008.36
7467,6814.33
7468,6319.75
7469,7000.05
7470,6249.77
7471,5318.94
7472,4981.81
7473,5495.8
7474,5496.56
7475,5494.24
7476,5497.7
7477,5492.0
7478,5491.55
7479,5199.96
7480,5199.47
7481,5199.16
7482,5199.64
7483,5199.18
7484,5199.85
7485,5677.78
7486,6319.57
7487,6249.02
7488,5677.4
7489,3889.96
7490,3379.89
7491,3340.32
7492,3253.62
7493,3000.72
7494,3000.4
7495,2900.91
7496,2900.52
7497,2900.93
7498,2900.43
7499,2900.09
7500,2861.92
7501,2861.43
7502,2861.16
7503,2850.55
7504,2850.54
7505,2923.61
7506,3000.59
7507,3099.53
7508,3300.84
7509,3304.44
7510,3304.89
7511,3304.09
7512,3304.28
7513,3340.53
7514,3413.65
7515,3477.72
7516,3550.3
7517,3770.92
7518,3989.08
7519,3800.3
7520,3750.88
7521,3670.95
7522,3639.31
7523,3550.59
7524,3550.91
7525,3900.18
7526,3999.81
7527,4059.8
7528,4000.1
7529,3477.72
7530,3477.66
7531,3477.05
7532,3358.96
7533,3477.03
7534,3477.14
7535,3531.4
7536,3477.85
7537,3300.92
7538,3100.81
7539,2990.15
7540,2989.14
7541,2900.63
7542,2861.84
7543,2900.0
7544,2800.54
7545,2903.12
7546,3135.24
7547,3285.5
7548,3304.11
7549,3477.16
7550,3477.7
7551,3531.4
7552,3770.58
7553,3536.0
7554,3535.95
7555,3535.51
7556,3535.68
7557,3531.54
7558,3531.54
7559,3535.48
7560,3900.93
7561,4199.56
7562,4700.23
7563,5600.7
7564,8998.23
7565,8998.99
7566,8998.26
7567,7365.79
7568,7365.39
7569,7309.73
7570,7299.58
7571,7297.23
7572,7297.26
7573,7292.78
7574,7309.26
7575,6499.49
7576,6246.01
7577,5699.63
7578,5412.76
7579,5260.86
7580,4928.37
7581,4199.42
7582,4128.62
7583,4089.68
7584,4059.04
7585,2923.02
7586,2759.26
7587,2759.16
7588,2759.53
7589,2707.69
7590,2707.71
7591,2707.57
7592,2707.19
7593,2700.76
7594,2694.94
7595,2600.15
7596,2500.97
7597,2600.01
7598,2550.67
7599,2550.25
7600,2535.46
7601,2500.9
7602,2600.89
7603,2707.24
7604,2707.67
7605,2707.73
7606,2794.95
7607,2815.89
7608,2923.31
7609,3304.06
7610,3304.73
7611,3477.54
7612,3499.38
7613,3500.26
7614,3500.74
7615,3500.19
7616,3477.13
7617,3304.9
7618,3304.73
7619,3313.18
7620,3304.54
7621,3135.58
7622,3304.51
7623,3304.67
7624,3304.15
7625,2948.38
7626,2948.12
7627,2923.46
7628,2948.56
7629,2923.23
7630,2923.88
7631,3041.1
7632,2948.36
7633,2600.49
7634,2550.22
7635,2500.17
7636,2499.59
7637,2399.45
7638,2399.57
7639,2399.31
7640,2399.19
7641,2399.3
7642,2399.65
7643,2399.49
7644,2399.81
7645,2623.83
7646,2707.05
7647,2707.3
7648,2707.63
7649,2750.25
7650,2903.48
7651,2923.1
7652,2999.68
7653,2923.72
7654,3000.44
7655,3041.34
7656,3304.92
7657,3499.87
7658,4170.74
7659,4699.19
7660,5250.6
7661,5509.34
7662,6319.51
7663,4981.75
7664,4981.11
7665,4870.31
7666,5000.24
7667,5150.29
7668,5150.36
7669,5260.22
7670,4928.56
7671,4210.86
7672,3770.3
7673,3531.05
7674,3499.43
7675,3499.43
7676,3499.11
7677,3477.83
7678,3370.13
7679,3358.21
7680,3313.62
7681,3304.83
7682,3304.83
7683,3304.84
7684,3304.91
7685,3300.21
7686,3250.5
7687,3041.92
7688,2903.78
7689,2900.77
7690,2903.49
7691,2900.38
7692,2861.77
7693,2861.74
7694,2850.99
7695,2850.76
7696,2859.5
7697,2923.26
7698,3041.77
7699,3135.94
7700,3304.23
7701,3304.85
7702,3358.18
7703,3413.31
7704,3477.65
7705,3770.48
7706,3820.25
7707,3800.89
7708,4000.44
7709,4017.16
7710,4112.35
7711,4000.83
7712,3820.63
7713,3499.49
7714,3477.99
7715,3531.81
7716,3531.03
7717,3500.18
7718,3571.88
7719,3531.04
7720,3477.38
7721,3250.06
7722,3068.0
7723,2948.39
7724,2948.23
7725,2948.83
7726,3041.21
7727,3135.88
7728,3135.72
7729,2707.96
7730,2707.19
7731,2500.09
7732,2399.5
7733,2360.16
7734,2360.02
7735,2360.52
7736,2224.67
7737,2399.86
7738,2500.9
7739,2502.77
7740,2503.04
7741,2707.69
7742,2903.02
7743,2948.95
7744,3200.75
7745,3304.16
7746,3339.75
7747,3358.4
7748,3413.26
7749,3477.55
7750,3501.01
7751,3531.6
7752,3999.22
7753,4000.33
7754,4928.09
7755,5699.56
7756,7997.8
7757,8998.58
7758,8700.56
7759,7457.69
7760,7365.06
7761,7334.61
7762,7365.43
7763,7365.37
7764,7212.47
7765,6319.97
7766,5150.66
7767,4499.11
7768,4129.63
7769,4017.53
7770,4051.14
7771,3999.08
7772,3999.18
7773,3531.52
7774,3531.34
7775,3501.59
7776,3477.83
7777,3481.74
7778,3477.32
7779,3358.78
7780,3350.12
7781,3329.09
7782,3340.01
7783,3329.91
7784,3304.96
7785,3304.64
7786,3304.59
7787,3304.19
7788,3304.1
7789,3304.02
7790,3300.2
7791,3250.95
7792,3253.55
7793,3304.59
7794,3313.57
7795,3350.2
7796,3358.09
7797,3477.54
7798,3630.74
7799,3999.32
7800,4129.4
7801,4189.72
7802,4350.72
7803,4112.19
7804,4140.86
7805,4358.56
7806,4600.77
7807,4500.75
7808,4130.12
7809,3770.72
7810,3770.84
7811,3850.4
7812,3770.94
7813,4051.16
7814,4150.64
7815,4129.82
7816,4093.48
7817,3535.19
7818,3477.55
7819,3477.18
7820,3358.94
7821,3339.34
7822,3340.99
7823,3340.85
7824,3305.0
7825,2948.38
7826,2861.13
7827,2707.67
7828,2707.45
7829,2701.5
7830,2707.02
7831,2701.99
7832,2500.52
7833,2707.72
7834,2722.57
7835,2815.48
7836,2815.49
7837,3190.42
7838,3304.19
7839,3340.72
7840,3388.03
7841,3499.79
7842,3571.97
7843,4012.82
7844,4129.77
7845,4051.73
7846,4051.11
7847,3899.49
7848,4000.38
7849,4358.38
7850,4981.95
7851,5499.45
7852,7500.84
7853,8998.57
7854,8612.62
7855,7949.04
7856,7365.8
7857,7309.88
7858,7365.79
7859,7499.07
7860,7365.58
7861,7289.42
7862,6499.22
7863,5318.34
7864,4928.19
7865,4300.2
7866,4199.65
7867,4100.86
7868,4044.05
7869,3772.77
7870,3770.38
7871,3568.66
7872,3653.86
7873,4017.72
7874,3999.6
7875,4051.41
7876,3999.08
7877,3900.97
7878,3772.33
7879,3749.16
7880,3535.87
7881,3358.64
7882,3358.61
7883,3358.33
7884,3358.13
7885,3340.33
7886,3313.4
7887,3340.36
7888,3340.54
7889,3358.62
7890,3531.24
7891,3593.16
7892,3649.63
7893,3999.76
7894,4150.81
7895,4500.69
7896,4555.3
7897,4600.49
7898,4804.61
7899,4650.13
7900,4600.48
7901,4729.66
7902,4750.86
7903,4900.27
7904,4880.07
7905,4109.59
7906,4129.69
7907,4129.16
7908,4120.67
7909,4129.95
7910,4371.14
7911,4350.89
7912,4129.06
7913,3770.89
7914,3770.3
7915,3571.85
7916,3699.62
7917,3568.46
7918,3477.58
7919,3531.22
7920,3477.25
7921,3135.37
7922,3100.62
7923,2923.85
7924,2839.15
7925,2707.7
7926,2707.38
7927,2707.49
7928,2707.55
7929,2861.24
7930,2815.68
7931,2861.7
7932,2903.28
7933,3304.27
7934,3313.65
7935,3499.45
7936,3531.37
7937,3531.39
7938,3770.63
7939,3999.98
7940,3999.14
7941,3999.52
7942,3900.1
7943,3999.99
7944,3999.79
7945,3900.12
7946,4700.12
7947,4928.22
7948,6072.04
7949,7800.36
7950,7365.53
7951,7365.61
7952,7365.0
7953,7365.65
7954,7499.06
7955,7365.48
7956,7365.17
7957,7309.45
7958,7365.08
7959,7309.31
7960,7213.6
7961,4996.39
7962,4958.46
7963,4958.06
7964,4839.06
7965,4300.57
7966,4300.34
7967,4300.62
7968,4300.36
7969,4909.41
7970,4556.64
7971,4017.14
7972,3999.23
7973,3772.07
7974,3770.59
7975,3595.27
7976,3531.39
7977,3408.75
7978,3380.68
7979,3358.86
7980,3358.67
7981,3358.88
7982,3477.09
7983,3531.42
7984,3535.3
7985,3770.52
7986,3915.97
7987,3900.64
7988,4017.06
7989,4129.73
7990,4500.84
7991,4839.1
7992,4650.69
7993,5000.16
7994,5774.75
7995,5000.09
7996,5000.34
7997,5000.76
7998,5000.07
7999,4909.87
8000,4909.61
8001,4051.81
8002,4051.33
8003,3950.79
8004,3900.76
8005,4120.37
8006,4150.26
8007,4300.26
8008,4100.28
8009,3535.11
8010,3535.74
8011,3477.12
8012,3477.93
8013,3450.77
8014,3358.88
8015,3340.91
8016,3339.16
8017,2923.99
8018,2861.84
8019,2707.77
8020,2707.31
8021,2500.49
8022,2399.59
8023,2399.98
8024,2399.9
8025,2707.95
8026,2794.77
8027,2815.82
8028,2800.77
8029,3041.14
8030,3304.11
8031,3304.95
8032,3340.02
8033,3304.92
8034,3535.31
8035,3900.57
8036,4017.65
8037,4100.81
8038,3999.3
8039,3970.01
8040,4120.34
8041,4650.66
8042,5260.38
8043,7883.96
8044,8999.09
8045,9500.87
8046,9499.81
8047,9303.87
8048,8000.94
8049,7500.36
8050,7499.89
8051,7365.94
8052,7365.45
8053,7325.12
8054,7213.72
8055,6996.91
8056,6838.64
8057,5499.41
8058,4958.58
8059,4839.18
8060,4426.07
8061,4129.92
8062,4199.28
8063,4130.96
8064,4145.61
8065,4120.22
8066,4129.17
8067,4120.55
8068,4129.11
8069,4089.22
8070,4017.12
8071,3808.45
8072,3770.97
8073,3770.86
8074,3770.31
8075,3600.0
8076,3535.81
8077,3565.5
8078,3700.31
8079,3770.71
8080,3999.37
8081,4051.75
8082,4089.73
8083,4129.86
8084,4165.75
8085,4978.47
8086,5289.94
8087,5783.31
8088,5556.22
8089,5100.87
8090,5359.05
8091,4729.43
8092,4576.12
8093,4749.25
8094,4750.17
8095,4600.27
8096,4129.67
8097,3630.61
8098,3630.45
8099,3535.01
8100,3531.95
8101,3770.33
8102,3772.14
8103,3900.39
8104,3519.83
8105,3304.86
8106,3304.69
8107,3313.47
8108,3304.58
8109,3304.41
8110,3304.01
8111,3041.61
8112,2970.13
8113,2707.2
8114,2694.13
8115,2449.31
8116,2399.69
8117,2360.58
8118,2360.12
8119,2360.37
8120,2399.25
8121,2399.56
8122,2500.41
8123,2550.32
8124,2512.67
8125,2707.47
8126,2815.27
8127,2903.87
8128,3135.28
8129,3041.59
8130,3253.24
8131,3358.43
8132,3477.37
8133,3358.93
8134,3358.16
8135,3477.47
8136,3531.18
8137,3999.68
8138,4150.1
8139,5040.84
8140,6319.38
8141,7232.76
8142,6499.82
8143,6319.86
8144,6696.17
8145,6099.8
8146,6200.99
8147,6099.15
8148,5880.55
8149,5330.06
8150,5100.29
8151,4804.13
8152,4749.35
8153,4499.23
8154,4300.85
8155,4163.57
8156,4300.16
8157,3772.73
8158,4000.43
8159,4097.61
8160,4120.33
8161,4609.29
8162,4556.75
8163,4140.85
8164,4140.44
8165,4089.45
8166,4062.2
8167,4111.15
8168,4089.4
8169,3999.66
8170,3999.28
8171,3808.32
8172,3780.61
8173,3780.44
8174,3916.55
8175,3999.69
8176,4062.06
8177,4362.28
8178,4599.07
8179,4599.65
8180,4600.48
8181,5499.66
8182,5817.75
8183,6443.1
8184,6319.2
8185,6443.59
8186,7359.54
8187,6443.61
8188,6200.85
8189,6443.04
8190,6319.6
8191,6000.29
8192,5000.15
8193,4162.79
8194,4261.79
8195,4175.74
8196,4130.04
8197,4500.08
8198,4483.21
8199,4396.61
8200,4140.4
8201,3535.91
8202,3531.85
8203,3571.57
8204,3549.26
8205,3750.42
8206,3549.88
8207,3772.44
8208,3531.7
8209,3113.42
8210,2999.2
8211,2911.06
8212,2801.87
8213,2707.32
8214,2701.4
8215,2694.05
8216,2701.38
8217,2722.13
8218,2815.5
8219,2911.76
8220,2948.46
8221,3304.57
8222,3330.43
8223,3531.32
8224,3571.59
8225,3531.36
8226,3781.0
8227,4028.9
8228,4250.86
8229,4140.18
8230,4108.23
8231,4120.48
8232,4172.46
8233,4949.36
8234,6099.76
8235,7359.82
8236,9770.82
8237,12000.0
8238,11999.8
8239,11937.43
8240,9400.13
8241,8120.37
8242,8120.61
8243,8000.01
8244,8000.12
8245,7289.79
8246,6499.75
8247,6443.1
8248,5999.03
8249,6500.42
8250,6443.11
8251,6000.48
8252,6000.28
8253,4928.62
8254,4949.27
8255,5469.9
8256,6443.24
8257,4899.14
8258,4839.48
8259,4899.57
8260,4555.58
8261,4140.86
8262,4120.41
8263,4049.18
8264,4000.14
8265,3999.35
8266,4000.4
8267,4000.47
8268,4028.92
8269,4028.37
8270,4049.25
8271,4049.68
8272,4062.03
8273,4140.87
8274,4140.33
8275,4062.84
8276,4140.34
8277,4599.1
8278,4599.67
8279,5289.16
8280,5289.36
8281,5499.39
8282,6500.3
8283,5500.86
8284,5400.71
8285,5500.42
8286,5500.57
8287,5399.26
8288,4750.22
8289,4140.1
8290,4250.15
8291,4120.43
8292,4059.33
8293,4316.06
8294,4250.93
8295,4316.12
8296,4140.17
8297,3477.46
8298,3535.74
8299,3535.24
8300,3499.48
8301,3477.21
8302,3477.86
8303,3477.96
8304,3477.0
8305,3150.35
8306,3150.42
8307,2948.9
8308,2816.0
8309,2815.1
8310,2801.92
8311,2801.53
8312,2733.85
8313,2911.14
8314,3049.38
8315,3176.04
8316,3250.82
8317,3330.48
8318,3477.67
8319,3627.93
8320,3780.65
8321,3780.62
8322,4099.16
8323,4290.64
8324,4700.17
8325,4290.89
8326,4250.51
8327,4290.58
8328,4599.71
8329,5500.88
8330,7499.76
8331,12000.0
8332,12000.0
8333,12000.0
8334,12000.0
8335,12000.0
8336,12000.0
8337,8998.78
8338,8770.76
8339,8500.89
8340,8499.14
8341,7499.5
8342,7359.59
8343,6499.81
8344,5880.62
8345,7470.71
8346,7500.11
8347,7391.05
8348,7470.06
8349,6499.51
8350,4999.54
8351,5999.9
8352,6314.89
8353,5869.64
8354,5869.03
8355,5869.08
8356,5869.01
8357,5399.37
8358,5399.6
8359,5047.3
8360,5019.05
8361,4599.82
8362,4599.92
8363,4384.51
8364,4250.93
8365,4140.8
8366,4250.59
8367,4557.83
8368,4599.51
8369,4999.96
8370,5110.66
8371,5110.75
8372,5110.91
8373,6443.3
8374,6259.9
8375,7998.38
8376,7998.05
8377,7359.74
8378,7489.41
8379,8241.58
8380,8500.97
8381,7998.35
8382,7800.99
8383,6696.95
8384,5800.14
8385,4500.16
8386,4500.24
8387,4150.25
8388,4110.02
8389,4050.86
8390,4050.7
8391,4150.27
8392,4140.05
8393,3531.72
8394,3772.44
8395,3772.16
8396,3531.98
8397,3477.53
8398,3477.01
8399,3358.7
8400,3330.88
8401,3135.75
8402,3008.96
8403,2911.36
8404,2815.21
8405,2709.21
8406,2707.56
8407,2800.52
8408,2801.03
8409,2999.86
8410,3000.74
8411,3135.01
8412,3190.71
8413,3313.49
8414,3358.56
8415,3549.33
8416,3780.57
8417,3780.51
8418,4130.48
8419,4500.22
8420,4928.83
8421,4599.49
8422,4290.6
8423,4140.78
8424,4850.52
8425,5499.05
8426,6099.52
8427,7800.68
8428,12000.0
8429,12000.0
8430,12000.0
8431,12000.0
8432,12000.0
8433,9500.82
8434,9500.73
8435,9500.1
8436,9500.21
8437,7499.82
8438,7600.92
8439,7499.13
8440,7359.8
8441,8294.55
8442,8616.23
8443,8492.31
8444,8560.49
8445,7229.31
8446,6696.72
8447,6532.64
8448,6834.26
8449,7500.83
8450,7500.78
8451,7500.32
8452,7500.61
8453,7359.49
8454,7000.43
8455,5499.98
8456,5499.19
8457,4827.59
8458,4729.91
8459,4558.9
8460,4748.62
8461,4749.1
8462,4763.7
8463,5098.04
8464,5148.62
8465,5949.29
8466,6310.12
8467,6500.56
8468,6749.38
8469,7359.82
8470,8248.38
8471,8998.8
8472,8998.33
8473,7800.4
8474,8500.23
8475,8500.55
8476,8500.15
8477,8500.37
8478,7359.61
8479,5349.28
8480,4811.36
8481,4316.55
8482,4316.98
8483,4386.16
8484,4386.46
8485,4395.58
8486,4500.46
8487,4700.7
8488,4497.11
8489,3780.8
8490,3627.11
8491,3772.71
8492,3531.62
8493,3358.73
8494,3477.75
8495,3358.98
8496,3477.25
8497,3262.18
8498,3176.27
8499,3049.69
8500,2989.6
8501,2869.61
8502,2815.8
8503,2815.96
8504,2815.98
8505,3049.52
8506,3135.24
8507,3135.16
8508,3250.96
8509,3313.87
8510,3330.64
8511,3477.7
8512,3571.33
8513,3531.89
8514,4028.73
8515,4315.47
8516,4609.53
8517,4290.78
8518,4140.21
8519,3999.06
8520,4089.84
8521,4160.44
8522,4750.03
8523,5499.81
8524,7359.16
8525,7359.81
8526,7800.02
8527,6210.6
8528,6210.1
8529,6668.53
8530,7249.48
8531,7309.77
8532,7359.23
8533,8500.98
8534,8500.98
8535,7499.89
8536,6443.47
8537,7359.43
8538,7309.84
8539,8358.87
8540,8098.48
8541,5749.47
8542,5749.59
8543,5749.13
8544,5709.28
8545,5487.02
8546,5000.96
8547,4250.49
8548,4250.61
8549,4140.63
8550,4120.28
8551,3999.4
8552,3999.52
8553,3571.74
8554,3535.86
8555,3549.84
8556,3772.48
8557,3780.56
8558,3835.6
8559,3999.73
8560,4028.57
8561,4140.8
8562,4499.92
8563,4556.17
8564,4499.71
8565,5487.61
8566,5148.17
8567,5487.32
8568,5250.89
8569,4276.78
8570,4900.39
8571,4900.49
8572,4899.73
8573,5100.54
8574,6000.02
8575,4899.19
8576,4386.96
8577,4071.24
8578,4100.83
8579,4050.8
8580,4000.17
8581,4086.7
8582,4062.78
8583,4140.57
8584,4050.72
8585,3358.82
8586,3330.42
8587,3339.04
8588,3330.96
8589,3304.33
8590,3304.53
8591,3304.32
8592,3304.17
8593,2923.24
8594,2923.77
8595,2869.58
8596,2869.13
8597,2707.5
8598,2707.37
8599,2707.79
8600,2707.79
8601,2815.37
8602,2815.86
8603,2869.47
8604,2815.82
8605,2815.33
8606,2815.67
8607,3102.25
8608,3304.07
8609,3304.28
8610,3336.05
8611,3500.49
8612,3531.94
8613,3477.57
8614,3358.78
8615,3358.93
8616,3506.41
8617,4134.85
8618,4500.23
8619,5009.28
8620,6000.15
8621,5600.45
8622,5999.5
8623,5499.05
8624,5499.14
8625,5200.01
8626,5151.88
8627,5499.44
8628,5509.76
8629,5500.3
8630,5499.25
8631,5009.67
8632,5250.59
8633,5318.29
8634,5100.0
8635,5009.54
8636,4899.9
8637,4140.82
8638,4140.92
8639,4140.41
8640,4140.4
289,5487.6
290,6043.92
291,6668.4
292,6668.23
293,6195.77
294,6016.05
295,5487.06
296,5340.91
297,4972.84
298,4972.38
299,4972.05
300,4811.06
301,4769.07
302,4978.36
303,5228.15
304,5047.89
305,5393.21
306,5756.32
307,5756.63
308,5823.74
309,6668.42
310,6609.45
311,7000.97
312,7000.64
313,5250.84
314,5250.41
315,6043.12
316,5700.06
317,5289.94
318,5200.56
319,4729.32
320,4089.58
321,3950.21
322,3700.9
323,3535.65
324,3531.29
325,3526.59
326,3526.78
327,3531.43
328,3400.94
329,3135.22
330,3000.71
331,2999.27
332,2911.05
333,2707.96
334,2801.89
335,2815.31
336,2707.88
337,2707.09
338,2701.56
339,2500.84
340,2500.08
341,2224.96
342,2224.62
343,2224.93
344,2360.55
345,2399.06
346,2560.88
347,2694.03
348,2707.17
349,2801.13
350,2815.76
351,2957.38
352,3100.7
353,3135.13
354,3304.95
355,3526.44
356,3531.34
357,3313.35
358,3304.58
359,3313.07
360,3599.94
361,4000.06
362,4089.43
363,4250.78
364,4729.84
365,5000.28
366,4999.19
367,4875.77
368,4729.19
369,4290.37
370,4290.95
371,4299.93
372,4616.52
373,4729.5
374,4729.21
375,4350.84
376,4670.96
377,4999.79
378,5348.33
379,6001.0
380,6099.34
381,4978.44
382,4998.64
383,4918.24
384,4729.24
3265,4065.23
3266,4200.41
3267,4556.81
3268,4458.29
3269,4556.75
3270,4386.15
3271,4150.12
3272,4122.84
3273,4150.35
3274,4050.08
3275,3999.56
3276,3999.05
3277,3999.13
3278,4032.18
3279,4072.39
3280,4059.28
3281,4123.02
3282,4150.56
3283,4150.12
3284,4199.01
3285,4500.56
3286,4426.84
3287,4558.25
3288,4649.13
3289,4260.45
3290,4112.09
3291,4089.43
3292,3999.49
3293,3627.71
3294,3479.25
3295,3531.6
3296,3526.17
3297,3313.92
3298,3304.8
3299,3304.4
3300,3253.12
3301,2948.6
3302,2911.18
3303,2923.25
3304,2815.99
3305,2707.78
3306,2707.12
3307,2669.32
3308,2399.79
3309,2399.3
3310,2399.08
3311,2360.77
3312,2300.55
3313,2300.88
3314,2360.35
3315,2224.52
3316,2224.27
3317,2104.28
3318,2009.56
3319,2018.0
3320,2009.25
3321,2045.54
3322,2200.22
3323,2224.89
3324,2300.49
3325,2300.65
3326,2360.71
3327,2497.2
3328,2707.32
3329,2707.75
3330,2815.89
3331,2869.62
3332,2850.39
3333,2815.45
3334,2760.83
3335,2815.53
3336,3100.61
3337,3387.63
3338,3531.72
3339,3999.39
3340,4050.61
3341,4600.08
3342,4500.26
3343,4050.5
3344,4000.43
3345,3999.63
3346,3999.62
3347,4085.83
3348,4555.37
3349,4290.72
3350,4290.76
3351,4290.48
3352,4290.13
3353,4290.68
3354,4415.3
3355,4500.28
3356,4558.43
3357,4290.3
3358,4290.88
3359,4309.64
3360,4290.78
5953,4401.97
5954,4500.37
5955,4567.35
5956,4555.71
5957,4555.04
5958,4386.47
5959,4309.85
5960,4130.86
5961,4120.39
5962,4148.98
5963,4120.99
5964,4104.29
5965,4050.82
5966,4059.1
5967,4144.72
5968,4169.22
5969,4309.39
5970,4499.68
5971,4150.01
5972,4169.67
5973,4990.61
5974,5301.53
5975,6000.16
5976,6975.06
5977,4928.49
5978,4862.08
5979,5289.98
5980,5070.49
5981,4889.88
5982,4499.07
5983,4500.95
5984,4567.04
5985,4048.2
5986,3999.32
5987,3999.16
5988,3999.92
5989,3800.18
5990,3782.69
5991,3782.53
5992,3772.53
5993,3313.27
5994,3304.8
5995,3304.13
5996,2980.89
5997,2923.08
5998,2923.55
5999,2923.68
6000,2900.36
6001,2707.24
6002,2700.85
6003,2608.03
6004,2608.35
6005,2500.04
6006,2450.2
6007,2500.67
6008,2602.13
6009,2620.08
6010,2699.21
6011,2707.67
6012,2815.37
6013,2997.3
6014,3135.34
6015,3304.57
6016,3304.92
6017,3320.14
6018,3358.97
6019,3526.81
6020,3531.73
6021,3519.52
6022,3526.46
6023,3601.89
6024,4120.65
6025,4309.28
6026,4575.18
6027,5667.62
6028,5499.03
6029,5667.4
6030,5499.47
6031,4600.85
6032,4500.74
6033,4299.9
6034,4299.14
6035,4250.89
6036,4601.36
6037,4499.2
6038,4928.94
6039,4556.76
6040,4500.15
6041,4928.81
6042,5999.78
6043,5999.86
6044,5650.27
6045,4563.73
6046,5194.66
6047,5277.76
6048,5667.09
8929,4928.53
8930,4928.72
8931,4928.84
8932,4949.1
8933,4949.0
8934,4811.07
8935,4458.4
8936,4384.25
8937,4250.74
8938,4386.04
8939,4255.22
8940,4123.51
8941,4130.18
8942,4146.68
8943,4227.16
8944,4143.4
8945,4403.32
8946,4567.83
8947,4748.67
8948,4749.78
8949,5289.11
8950,5500.04
8951,5500.81
8952,5667.95
8953,4949.99
8954,4981.49
8955,5264.4
8956,5010.46
8957,4625.26
8958,4250.44
8959,4135.32
8960,4046.16
8961,4030.15
8962,4000.24
8963,3782.47
8964,3602.09
8965,3749.99
8966,3627.71
8967,3568.76
8968,3526.52
8969,3135.84
8970,3135.7
8971,3100.93
8972,2999.06
8973,2923.76
8974,2997.36
8975,2948.65
8976,2923.46
8977,2901.3
8978,2902.63
8979,2815.71
8980,2815.39
8981,2707.05
8982,2701.3
8983,2701.6
8984,2707.46
8985,2707.98
8986,2800.76
8987,2815.69
8988,2871.82
8989,2899.38
8990,2900.67
8991,3150.59
8992,3304.1
8993,3304.07
8994,3320.11
8995,3358.43
8996,3501.41
8997,3526.6
8998,3531.51
8999,3531.39
9000,4124.26
9001,4642.6
9002,5000.57
9003,5499.93
9004,5750.7
9005,6100.83
9006,6100.72
9007,5338.05
9008,4949.68
9009,5050.85
9010,5000.93
9011,5240.16
9012,5290.8
9013,5499.02
9014,5999.25
9015,5999.15
9016,6000.65
9017,6047.48
9018,6033.36
9019,5947.1
9020,5697.5
9021,5240.83
9022,5460.56
9023,5667.48
9024,5546.48
11809,6141.02
11810,5677.56
11811,5667.05
11812,5562.7
11813,4928.84
11814,4636.23
11815,4609.11
11816,4458.95
11817,4139.8
11818,4150.1
11819,4104.06
11820,4101.57
11821,4100.37
11822,4105.83
11823,4108.0
11824,4107.08
11825,4250.94
11826,4557.35
11827,4609.55
11828,4749.1
11829,6176.01
11830,5515.51
11831,6200.08
11832,6200.51
11833,4928.65
11834,4800.85
11835,5800.16
11836,4970.55
11837,4260.45
11838,4101.87
11839,4000.37
11840,3915.94
11841,3782.41
11842,3999.32
11843,3782.44
11844,3571.34
11845,3531.08
11846,3531.54
11847,3531.41
11848,3506.76
11849,3304.77
11850,3304.29
11851,3304.09
11852,3050.65
11853,2948.31
11854,2997.18
11855,3051.44
11856,3051.95
11857,2996.28
11858,2923.16
11859,2750.88
11860,2707.94
11861,2650.83
11862,2629.59
11863,2669.11
11864,2669.82
11865,2707.02
11866,2712.96
11867,2815.73
11868,2912.67
11869,2991.04
11870,2998.52
11871,3300.09
11872,3304.21
11873,3304.09
11874,3320.72
11875,3500.05
11876,3526.85
11877,3358.42
11878,3526.24
11879,3526.41
11880,4100.88
11881,4250.44
11882,4577.06
11883,5499.17
11884,6975.33
11885,7160.82
11886,7359.14
11887,5945.05
11888,5667.86
11889,5499.52
11890,5499.6
11891,5667.1
11892,5667.6
11893,5499.27
11894,5499.93
11895,5499.29
11896,5240.8
11897,5499.79
11898,6103.01
11899,5915.75
11900,5499.58
11901,4870.67
11902,5240.11
11903,5240.78
11904,5240.95
14785,7111.62
14786,7111.23
14787,7111.39
14788,7111.16
14789,6314.67
14790,5898.39
14791,5677.3
14792,5244.25
14793,4800.38
14794,4811.15
14795,4811.39
14796,4800.59
14797,4540.52
14798,4384.62
14799,4609.5
14800,4609.54
14801,4950.92
14802,5240.54
14803,5240.79
14804,5583.36
14805,5891.64
14806,5500.09
14807,5715.5
14808,6000.86
14809,5500.21
14810,5000.65
14811,4981.73
14812,4750.14
14813,4609.02
14814,3999.63
14815,3999.24
14816,3782.95
14817,3998.58
14818,3998.33
14819,3915.01
14820,3772.82
14821,3772.9
14822,3782.22
14823,3772.36
14824,3535.95
14825,3358.47
14826,3320.22
14827,3313.99
14828,3304.85
14829,2999.96
14830,2948.0
14831,2912.99
14832,2912.91
14833,3051.6
14834,2999.69
14835,2948.82
14836,2923.9
14837,2707.55
14838,2707.45
14839,2707.66
14840,2707.74
14841,2803.1
14842,2871.54
14843,2930.85
14844,2999.64
14845,3149.38
14846,3301.83
14847,3304.51
14848,3304.93
14849,3320.15
14850,3358.17
14851,3526.2
14852,3526.03
14853,3358.42
14854,3500.92
14855,3531.22
14856,4130.67
14857,4600.23
14858,5010.7
14859,5200.8
14860,6768.75
14861,7860.8
14862,6768.68
14863,6000.72
14864,6099.9
14865,6099.3
14866,6043.61
14867,6314.73
14868,6600.15
14869,5836.97
14870,6070.84
14871,5880.65
14872,6469.14
14873,7073.41
14874,7073.26
14875,6600.76
14876,6140.58
14877,5410.0
14878,5499.68
14879,6210.14
14880,6210.63
17665,5500.37
17666,6099.39
17667,5609.76
17668,5609.71
17669,5200.68
17670,4928.6
17671,5499.31
17672,5000.49
17673,4800.41
17674,4556.39
17675,4380.71
17676,4250.12
17677,4250.6
17678,4210.74
17679,4250.49
17680,4250.35
17681,4625.03
17682,4998.14
17683,5240.27
17684,5240.69
17685,5289.37
17686,5390.03
17687,6970.46
17688,6970.99
17689,6200.48
17690,6000.79
17691,4950.68
17692,4800.65
17693,4609.24
17694,4089.17
17695,3749.81
17696,3531.37
17697,3358.36
17698,3350.95
17699,3313.41
17700,3304.54
17701,3304.72
17702,3320.89
17703,3304.77
17704,3304.08
17705,3000.24
17706,2998.77
17707,2998.03
17708,2923.46
17709,2815.42
17710,2815.64
17711,2815.29
17712,2803.93
17713,2800.75
17714,2803.16
17715,2707.69
17716,2707.05
17717,2450.25
17718,2399.63
17719,2419.5
17720,2450.69
17721,2629.04
17722,2707.22
17723,2750.6
17724,2852.93
17725,2871.01
17726,3051.74
17727,3254.55
17728,3304.04
17729,3313.36
17730,3358.35
17731,3503.14
17732,3526.45
17733,3388.2
17734,3526.46
17735,3531.34
17736,4507.61
17737,4900.95
17738,5180.9
17739,5499.53
17740,6209.79
17741,7999.92
17742,7250.77
17743,5590.97
17744,5500.71
17745,5289.9
17746,5582.74
17747,6200.66
17748,6107.7
17749,6099.29
17750,6768.54
17751,6209.56
17752,6144.19
17753,6099.22
17754,6773.97
17755,7000.69
17756,6768.54
17757,5289.23
17758,5000.12
17759,5499.99
17760,6209.51
20641,7840.56
20642,7600.88
20643,7999.17
20644,7894.74
20645,7858.16
20646,7999.03
20647,8049.19
20648,7387.18
20649,6998.98
20650,6871.3
20651,5850.5
20652,5770.81
20653,5220.49
20654,5220.98
20655,5220.72
20656,5220.19
20657,5500.77
20658,6210.53
20659,6367.71
20660,6816.78
20661,7243.51
20662,7473.76
20663,7940.61
20664,7940.09
20665,6099.72
20666,5973.48
20667,6200.65
20668,5600.34
20669,4800.29
20670,4254.14
20671,3999.16
20672,3749.73
20673,3526.37
20674,3519.43
20675,3358.64
20676,3320.96
20677,3339.02
20678,3358.46
20679,3320.27
20680,3304.37
20681,3051.79
20682,3000.77
20683,3000.55
20684,2940.94
20685,2871.81
20686,2815.79
20687,2803.34
20688,2800.77
20689,2750.72
20690,2803.79
20691,2750.73
20692,2707.56
20693,2620.01
20694,2500.08
20695,2629.21
20696,2632.31
20697,2697.96
20698,2707.94
20699,2871.0
20700,2975.98
20701,3200.63
20702,3304.46
20703,3350.81
20704,3358.56
20705,3500.21
20706,3531.21
20707,3700.44
20708,3772.29
20709,3526.81
20710,3571.88
20711,4059.3
20712,4500.06
20713,4981.36
20714,5240.83
20715,6998.75
20716,9013.35
20717,10000.0
20718,10000.0
20719,8595.6
20720,7999.6
20721,6209.8
20722,6871.56
20723,7359.73
20724,7427.84
20725,7500.83
20726,7314.09
20727,7287.0
20728,7000.89
20729,8883.35
20730,8419.95
20731,7999.15
20732,7970.18
20733,7165.14
20734,7179.76
20735,7179.24
20736,6989.86
23617,10000.0
23618,10000.0
23619,10000.0
23620,10000.0
23621,10000.0
23622,8873.71
23623,8500.42
23624,8445.82
23625,7500.03
23626,7359.26
23627,6998.47
23628,6929.57
23629,5289.3
23630,5499.13
23631,5499.34
23632,5499.59
23633,5500.0
23634,6975.49
23635,7114.85
23636,7359.32
23637,8500.88
23638,8500.47
23639,8500.06
23640,8499.55
23641,7170.06
23642,6929.42
23643,6099.95
23644,5070.39
23645,4928.01
23646,4092.75
23647,3772.9
23648,3535.43
23649,3519.75
23650,3519.07
23651,3519.41
23652,3358.25
23653,3358.73
23654,3519.41
23655,3358.25
23656,3304.88
23657,3250.87
23658,3200.39
23659,2760.36
23660,2701.86
23661,2669.19
23662,2550.07
23663,2632.33
23664,2500.81
23665,2399.75
23666,2400.1
23667,2224.9
23668,2224.77
23669,2139.43
23670,2139.36
23671,2139.29
23672,2139.25
23673,2224.18
23674,2224.62
23675,2399.24
23676,2629.25
23677,2669.09
23678,2707.16
23679,2815.62
23680,2871.94
23681,2871.15
23682,3000.86
23683,3300.68
23684,3304.35
23685,3304.14
23686,3304.14
23687,3313.46
23688,3637.98
23689,4239.08
23690,4609.23
23691,4839.34
23692,5289.67
23693,6899.53
23694,6800.24
23695,6099.2
23696,5649.3
23697,5500.15
23698,6099.3
23699,6372.48
23700,6998.54
23701,6367.73
23702,6554.28
23703,6279.59
23704,6174.37
23705,6998.93
23706,7973.9
23707,8049.29
23708,7999.39
23709,6999.37
23710,7359.81
23711,7500.12
23712,7500.07
26497,9994.29
26498,10000.0
26499,10000.0
26500,9500.96
26501,9215.95
26502,9154.58
26503,7999.62
26504,8667.64
26505,8049.66
26506,8049.97
26507,8106.21
26508,8154.42
26509,7380.59
26510,7500.12
26511,7359.88
26512,7359.8
26513,7999.89
26514,8329.16
26515,8421.74
26516,8998.78
26517,10000.0
26518,10000.0
26519,9470.29
26520,9499.47
26521,7359.89
26522,7359.61
26523,8049.9
26524,7359.76
26525,6128.42
26526,4912.85
26527,4140.03
26528,4061.67
26529,4000.15
26530,3999.64
26531,3999.5
26532,3964.61
26533,3959.96
26534,3999.55
26535,3991.22
26536,3779.12
26537,3388.72
26538,3437.19
26539,3501.94
26540,3350.27
26541,3304.35
26542,3300.47
26543,3300.86
26544,3270.65
26545,3049.71
26546,3135.66
26547,3049.68
26548,3200.01
26549,2869.57
26550,2869.47
26551,2910.68
26552,2910.64
26553,3135.45
26554,3295.55
26555,3300.61
26556,3304.81
26557,3358.38
26558,3360.96
26559,3571.4
26560,3749.62
26561,3847.8
26562,4099.71
26563,4200.77
26564,4316.58
26565,4200.96
26566,4880.87
26567,5250.67
26568,7000.75
26569,8000.39
26570,9500.1
26571,10000.0
26572,10000.0
26573,10000.0
26574,10000.0
26575,10000.0
26576,10000.0
26577,10000.0
26578,10000.0
26579,10000.0
26580,10000.0
26581,10000.0
26582,10000.0
26583,10000.0
26584,10000.0
26585,10000.0
26586,10000.0
26587,10000.0
26588,10000.0
26589,10000.0
26590,10000.0
26591,10000.0
26592,10000.0
29473,10000.0
29474,10000.0
29475,10000.0
29476,10000.0
29477,10000.0
29478,10000.0
29479,10000.0
29480,9500.4
29481,8049.36
29482,8049.12
29483,7359.84
29484,7359.41
29485,6999.06
29486,6999.21
29487,7359.09
29488,7359.15
29489,7359.28
29490,7359.95
29491,8654.65
29492,8755.6
29493,8998.65
29494,8871.85
29495,9147.47
29496,9561.13
29497,9019.9
29498,8500.2
29499,9202.57
29500,7359.6
29501,6872.42
29502,5289.42
29503,4400.83
29504,4260.59
29505,4130.95
29506,4130.18
29507,4130.78
29508,4098.76
29509,4103.07
29510,4089.46
29511,4000.73
29512,3968.76
29513,3535.59
29514,3535.33
29515,3531.11
29516,3437.07
29517,3304.94
29518,3304.18
29519,3135.47
29520,3250.52
29521,3135.67
29522,3300.78
29523,3300.29
29524,3300.72
29525,2923.78
29526,2923.88
29527,3049.26
29528,3140.17
29529,3304.81
29530,3304.92
29531,3313.72
29532,3350.84
29533,3388.57
29534,3434.06
29535,3650.26
29536,3772.85
29537,4017.07
29538,4450.75
29539,4839.1
29540,5250.07
29541,4998.85
29542,5000.12
29543,5250.01
29544,7999.63
29545,7359.4
29546,10000.0
29547,10000.0
29548,10000.0
29549,10000.0
29550,10000.0
29551,10000.0
29552,10000.0
29553,10000.0
29554,10000.0
29555,10000.0
29556,10000.0
29557,10000.0
29558,10000.0
29559,10000.0
29560,10000.0
29561,10000.0
29562,10000.0
29563,10000.0
29564,10000.0
29565,10000.0
29566,10000.0
29567,10000.0
29568,10000.0
32353,10000.0
32354,10000.0
32355,10000.0
32356,10000.0
32357,10000.0
32358,10000.0
32359,10000.0
32360,10000.0
32361,10000.0
32362,10000.0
32363,10000.0
32364,10000.0
32365,9959.95
32366,9500.77
32367,9500.65
32368,9500.85
32369,10000.0
32370,10000.0
32371,10000.0
32372,10000.0
32373,10000.0
32374,10000.0
32375,10000.0
32376,10000.0
32377,10000.0
32378,10000.0
32379,8328.51
32380,7359.28
32381,4958.84
32382,4350.14
32383,4384.5
32384,4316.5
32385,4137.77
32386,4038.05
32387,4003.13
32388,3985.95
32389,4020.47
32390,3996.76
32391,3779.18
32392,3700.23
32393,3514.31
32394,3526.39
32395,3526.47
32396,3510.69
32397,3425.28
32398,3304.91
32399,3304.45
32400,3304.21
32401,3049.29
32402,3049.05
32403,3049.4
32404,3032.76
32405,2899.41
32406,2869.53
32407,2910.55
32408,3032.88
32409,3079.61
32410,3140.53
32411,3304.07
32412,3304.42
32413,3330.37
32414,3400.49
32415,3531.45
32416,3535.99
32417,3800.97
32418,3969.43
32419,4100.8
32420,4023.98
32421,4129.13
32422,4039.22
32423,3772.63
32424,5000.12
32425,5250.61
32426,10000.0
32427,10000.0
32428,10000.0
32429,10000.0
32430,10000.0
32431,10000.0
32432,10000.0
32433,10000.0
32434,10000.0
32435,10000.0
32436,10000.0
32437,10000.0
32438,10000.0
32439,10000.0
32440,10000.0
32441,10000.0
32442,10000.0
32443,10000.0
32444,10000.0
32445,10000.0
32446,10000.0
32447,10000.0
32448,10000.0
9793,10000.0
9794,10000.0
9795,10000.0
9796,10000.0
9797,10000.0
9798,10000.0
9799,10000.0
9800,10000.0
9801,10000.0
9802,10000.0
9803,10000.0
9804,10000.0
9805,9686.03
9806,7999.34
9807,8998.69
9808,9299.55
9809,10000.0
9810,10000.0
9811,10000.0
9812,10000.0
9813,10000.0
9814,10000.0
9815,10000.0
9816,10000.0
9817,10000.0
9818,10000.0
9819,7359.88
9820,6210.85
9821,5000.73
9822,4501.92
9823,4316.32
9824,4140.25
9825,4129.09
9826,4061.74
9827,3980.85
9828,3940.64
9829,3779.76
9830,3779.69
9831,3620.2
9832,3550.01
9833,3498.81
9834,3498.76
9835,3455.36
9836,3450.98
9837,3330.41
9838,3250.96
9839,3070.72
9840,3049.87
9841,3100.99
9842,3300.86
9843,3049.51
9844,3049.38
9845,2869.69
9846,2869.7
9847,2911.98
9848,3250.48
9849,3304.61
9850,3330.18
9851,3330.45
9852,3397.05
9853,3451.19
9854,3501.19
9855,3535.91
9856,3600.37
9857,3779.39
9858,3964.53
9859,4091.82
9860,4150.3
9861,4158.66
9862,4086.14
9863,4140.48
9864,5000.44
9865,5250.68
9866,6049.81
9867,10000.0
9868,10000.0
9869,10000.0
9870,10000.0
9871,10000.0
9872,10000.0
9873,10000.0
9874,10000.0
9875,10000.0
9876,10000.0
9877,10000.0
9878,10000.0
9879,10000.0
9880,10000.0
9881,10000.0
9882,10000.0
9883,10000.0
9884,10000.0
9885,10000.0
9886,10000.0
9887,10000.0
9888,10000.0
9889,10000.0
9890,10000.0
9891,10000.0
9892,10000.0
9893,10000.0
9894,10000.0
9895,10000.0
9896,10000.0
9897,10000.0
9898,10000.0
9899,10000.0
9900,10000.0
9901,10000.0
9902,10000.0
9903,10000.0
9904,10000.0
9905,10000.0
9906,10000.0
9907,10000.0
9908,10000.0
9909,10000.0
9910,10000.0
9911,10000.0
9912,10000.0
9913,10000.0
9914,10000.0
9915,8020.9
9916,6975.39
9917,4999.79
9918,4316.37
9919,4074.64
9920,4008.15
9921,3779.08
9922,3772.73
9923,3772.29
9924,3600.21
9925,3500.79
9926,3526.2
9927,3535.22
9928,3535.01
9929,3526.18
9930,3531.84
9931,3526.39
9932,3498.36
9933,3304.81
9934,3304.08
9935,3202.52
9936,3070.22
9937,3032.19
9938,3049.52
9939,2911.91
9940,2910.72
9941,2800.66
9942,2801.08
9943,2850.09
9944,2869.89
9945,3200.87
9946,3207.51
9947,3304.4
9948,3330.51
9949,3498.35
9950,3501.6
9951,3535.79
9952,3550.67
9953,3779.81
9954,3940.68
9955,4033.21
9956,4033.7
9957,3940.06
9958,3779.99
9959,3927.9
9960,4550.4
9961,4610.06
9962,7359.32
9963,10000.0
9964,10000.0
9965,10000.0
9966,10000.0
9967,10000.0
9968,10000.0
9969,10000.0
9970,10000.0
9971,10000.0
9972,10000.0
9973,10000.0
9974,10000.0
9975,10000.0
9976,10000.0
9977,10000.0
9978,10000.0
9979,10000.0
9980,10000.0
9981,10000.0
9982,10000.0
9983,10000.0
9984,10000.0
9985,10000.0
9986,10000.0
9987,10000.0
9988,10000.0
9989,10000.0
9990,10000.0
9991,10000.0
9992,10000.0
9993,10000.0
9994,10000.0
9995,10000.0
9996,10000.0
9997,10000.0
9998,10000.0
9999,10000.0
10000,10000.0
10001,10000.0
10002,10000.0
10003,10000.0
10004,10000.0
10005,10000.0
10006,10000.0
10007,10000.0
10008,10000.0
10009,10000.0
10010,10000.0
10011,8049.5
10012,6975.21
10013,6000.0
10014,4538.78
10015,4395.41
10016,4260.17
10017,4078.12
10018,4108.62
10019,4129.23
10020,4077.08
10021,4021.94
10022,4002.39
10023,3874.85
10024,3959.28
10025,3620.89
10026,3750.86
10027,3650.48
10028,3620.64
10029,3531.28
10030,3500.41
10031,3400.76
10032,3419.27
10033,3304.74
10034,3304.68
10035,3304.46
10036,3304.2
10037,3049.54
10038,2911.49
10039,3032.29
10040,3100.38
10041,3304.51
10042,3330.31
10043,3400.74
10044,3526.4
10045,3570.73
10046,3959.11
10047,4072.63
10048,4130.84
10049,4126.7
10050,4438.36
10051,4600.22
10052,5100.26
10053,5100.31
10054,5100.51
10055,5096.33
10056,6999.65
10057,7600.14
10058,10000.0
10059,10000.0
10060,10000.0
10061,10000.0
10062,10000.0
10063,10000.0
10064,10000.0
10065,10000.0
10066,10000.0
10067,10000.0
10068,10000.0
10069,10000.0
10070,10000.0
10071,10000.0
10072,10000.0
10073,10000.0
10074,10000.0
10075,10000.0
10076,10000.0
10077,10000.0
10078,10000.0
10079,10000.0
10080,10000.0
10081,10000.0
10082,10000.0
10083,10000.0
10084,10000.0
10085,10000.0
10086,10000.0
10087,10000.0
10088,10000.0
10089,10000.0
10090,10000.0
10091,10000.0
10092,10000.0
10093,10000.0
10094,10000.0
10095,10000.0
10096,10000.0
10097,10000.0
10098,10000.0
10099,10000.0
10100,10000.0
10101,10000.0
10102,10000.0
10103,10000.0
10104,10000.0
10105,7359.56
10106,6210.16
10107,5561.43
10108,4896.28
10109,4303.27
10110,4126.63
10111,4086.73
10112,4074.27
10113,4033.28
10114,4023.81
10115,4023.2
10116,3985.56
10117,3650.3
10118,3650.57
10119,3529.39
10120,3511.92
10121,3498.12
10122,3498.41
10123,3402.25
10124,3330.9
10125,3000.12
10126,2955.47
10127,3250.58
10128,3330.06
10129,3050.09
10130,3032.98
10131,2953.89
10132,2953.51
10133,2890.21
10134,2807.71
10135,2890.53
10136,2948.67
10137,3032.38
10138,3330.18
10139,3330.73
10140,3402.62
10141,3511.56
10142,3529.13
10143,3756.28
10144,3757.71
10145,3758.3
10146,4000.32
10147,4023.21
10148,4023.74
10149,4020.07
10150,4070.46
10151,4049.02
10152,4075.24
10153,4091.75
10154,4596.05
10155,5010.24
10156,6367.31
10157,7999.66
10158,10000.0
10159,10000.0
10160,10000.0
10161,10000.0
10162,10000.0
10163,10000.0
10164,10000.0
10165,10000.0
10166,10000.0
10167,10000.0
10168,10000.0
10169,10000.0
10170,10000.0
10171,10000.0
10172,10000.0
10173,10000.0
10174,10000.0
10175,10000.0
10176,10000.0
10177,10000.0
10178,10000.0
10179,10000.0
10180,10000.0
10181,10000.0
10182,10000.0
10183,10000.0
10184,10000.0
10185,10000.0
10186,10000.0
10187,10000.0
10188,10000.0
10189,10000.0
10190,10000.0
10191,10000.0
10192,10000.0
10193,10000.0
10194,10000.0
10195,10000.0
10196,10000.0
10197,10000.0
10198,10000.0
10199,10000.0
10200,10000.0
10201,9018.55
10202,4588.58
10203,3529.8
10204,3529.56
10205,3511.45
10206,3511.06
10207,3511.97
10208,3529.32
10209,3529.62
10210,3699.82
10211,4028.01
10212,3976.64
10213,3921.38
10214,3901.61
10215,3618.42
10216,3618.74
10217,3529.39
10218,3618.23
10219,3549.19
10220,3511.99
10221,3430.07
10222,3399.0
10223,3340.38
10224,3340.7
10225,3204.07
10226,3103.19
10227,2877.99
10228,2877.78
10229,2678.34
10230,2273.9
10231,2678.44
10232,2807.56
10233,2877.21
10234,2877.92
10235,2912.68
10236,2990.51
10237,3340.09
10238,3340.14
10239,3511.01
10240,3511.01
10241,3511.06
10242,3529.04
10243,3511.97
10244,3511.91
10245,3511.88
10246,3571.82
10247,3571.55
10248,4065.42
10249,4096.5
10250,4600.77
10251,9499.05
10252,10000.0
10253,10000.0
10254,10000.0
10255,10000.0
10256,10000.0
10257,10000.0
10258,10000.0
10259,10000.0
10260,10000.0
10261,10000.0
10262,10000.0
10263,10000.0
10264,10000.0
10265,10000.0
10266,10000.0
10267,10000.0
10268,10000.0
10269,10000.0
10270,10000.0
10271,10000.0
10272,10000.0
10273,10000.0
10274,10000.0
10275,10000.0
10276,10000.0
10277,10000.0
10278,10000.0
10279,10000.0
10280,10000.0
10281,10000.0
10282,10000.0
10283,10000.0
10284,10000.0
10285,10000.0
10286,10000.0
10287,10000.0
10288,10000.0
10289,10000.0
10290,10000.0
10291,10000.0
10292,10000.0
10293,10000.0
10294,10000.0
10295,10000.0
10296,10000.0
10297,8018.12
10298,4065.31
10299,3600.75
10300,3511.91
10301,3340.23
10302,2884.99
10303,3340.61
10304,3338.47
10305,3511.06
10306,3511.92
10307,3529.56
10308,3529.84
10309,3618.96
10310,3620.44
10311,3571.43
10312,3571.92
10313,3618.4
10314,3579.28
10315,3529.8
10316,3529.3
10317,3511.1
10318,3402.73
10319,3340.86
10320,3340.54
10321,2990.24
10322,2990.05
10323,2877.61
10324,2807.85
10325,2807.12
10326,2629.57
10327,2629.3
10328,2799.77
10329,2807.26
10330,2958.24
10331,3023.1
10332,3103.5
10333,3158.12
10334,3218.61
10335,3402.57
10336,3340.86
10337,3511.13
10338,3511.83
10339,3511.72
10340,3511.43
10341,3511.97
10342,3529.83
10343,3511.76
10344,3529.78
10345,4023.12
10346,4023.82
10347,4750.52
10348,7582.08
10349,10000.0
10350,10000.0
10351,10000.0
10352,10000.0
10353,10000.0
10354,10000.0
10355,10000.0
10356,10000.0
10357,10000.0
10358,10000.0
10359,10000.0
10360,10000.0
10361,10000.0
10362,10000.0
10363,10000.0
10364,10000.0
10365,10000.0
10366,10000.0
10367,10000.0
10368,10000.0
10369,10000.0
10370,10000.0
10371,10000.0
10372,10000.0
10373,10000.0
10374,10000.0
10375,10000.0
10376,10000.0
10377,10000.0
10378,10000.0
10379,10000.0
10380,10000.0
10381,10000.0
10382,10000.0
10383,10000.0
10384,10000.0
10385,10000.0
10386,10000.0
10387,10000.0
10388,10000.0
10389,10000.0
10390,10000.0
10391,10000.0
10392,10000.0
10393,10000.0
10394,4588.4
10395,4023.25
10396,3658.99
10397,3511.29
10398,3402.25
10399,3511.16
10400,3511.77
10401,4023.4
10402,4065.86
10403,4096.09
10404,4339.02
10405,4023.77
10406,4065.8
10407,3882.06
10408,4023.41
10409,4065.88
10410,4065.62
10411,4065.88
10412,4065.6
10413,3618.82
10414,3618.09
10415,3571.9
10416,3571.46
10417,3511.88
10418,3511.64
10419,3511.28
10420,3402.4
10421,2807.6
10422,2678.74
10423,2807.09
10424,2807.46
10425,2807.94
10426,2884.51
10427,2899.67
10428,2884.82
10429,3340.21
10430,3340.69
10431,3511.19
10432,3511.14
10433,3511.43
10434,3511.88
10435,3511.65
10436,3511.27
10437,3511.83
10438,3529.37
10439,3511.7
10440,3571.4
10441,4096.14
10442,4500.69
10443,5999.41
10444,10000.0
10445,10000.0
10446,10000.0
10447,10000.0
10448,10000.0
10449,10000.0
10450,10000.0
10451,10000.0
10452,10000.0
10453,10000.0
10454,10000.0
10455,10000.0
10456,10000.0
10457,10000.0
10458,10000.0
10459,10000.0
10460,10000.0
10461,10000.0
10462,10000.0
10463,10000.0
10464,10000.0
10465,10000.0
10466,10000.0
10467,10000.0
10468,10000.0
10469,10000.0
10470,10000.0
10471,10000.0
10472,10000.0
10473,10000.0
10474,10000.0
10475,10000.0
10476,10000.0
10477,10000.0
10478,10000.0
10479,10000.0
10480,10000.0
10481,10000.0
10482,10000.0
10483,10000.0
10484,10000.0
10485,10000.0
10486,10000.0
10487,10000.0
10488,10000.0
10489,7000.73
10490,4588.3
10491,3529.5
10492,3529.22
10493,3340.64
10494,2990.17
10495,2990.81
10496,3338.95
10497,3511.52
10498,3529.58
10499,3699.05
10500,4023.1
10501,3571.95
10502,3658.17
10503,3529.79
10504,3618.8
10505,3699.37
10506,3699.09
10507,3882.71
10508,3620.91
10509,3529.92
10510,3529.54
10511,3529.61
10512,3511.81
10513,3402.66
10514,3340.73
10515,3340.1
10516,2884.77
10517,2807.22
10518,2629.63
10519,2807.12
10520,2807.21
10521,2807.65
10522,2877.07
10523,2877.01
10524,2807.98
10525,3340.01
10526,3340.03
10527,3402.87
10528,3340.72
10529,3402.41
10530,3500.23
10531,3340.86
10532,2990.23
10533,3402.12
10534,3402.76
10535,3402.21
10536,3511.19
10537,3529.54
10538,3618.74
10539,5999.43
10540,10000.0
10541,10000.0
10542,10000.0
10543,10000.0
10544,10000.0
10545,10000.0
10546,10000.0
10547,10000.0
10548,10000.0
10549,10000.0
10550,10000.0
10551,10000.0
10552,10000.0
10553,10000.0
10554,10000.0
10555,10000.0
10556,10000.0
10557,10000.0
10558,10000.0
10559,10000.0
10560,10000.0
10561,10000.0
10562,10000.0
10563,10000.0
10564,10000.0
10565,10000.0
10566,10000.0
10567,10000.0
10568,10000.0
10569,10000.0
10570,10000.0
10571,10000.0
10572,10000.0
10573,10000.0
10574,10000.0
10575,10000.0
10576,10000.0
10577,10000.0
10578,10000.0
10579,10000.0
10580,10000.0
10581,10000.0
10582,10000.0
10583,10000.0
10584,10000.0
10585,9100.53
10586,7300.28
10587,4588.45
10588,4339.37
10589,4023.32
10590,3571.72
10591,3571.98
10592,3571.41
10593,3618.02
10594,3571.6
10595,3618.05
10596,3618.42
10597,3529.46
10598,3529.9
10599,3511.15
10600,3511.45
10601,3511.72
10602,3511.65
10603,3511.64
10604,3511.53
10605,3419.98
10606,3419.87
10607,3511.14
10608,3511.05
10609,3402.66
10610,3340.64
10611,3340.18
10612,3103.03
10613,2807.43
10614,2807.14
10615,2807.49
10616,2807.88
10617,2884.84
10618,3103.23
10619,2990.87
10620,3000.65
10621,3340.45
10622,3103.57
10623,3402.12
10624,3402.06
10625,3402.52
10626,3402.48
10627,3340.74
10628,3402.46
10629,3511.26
10630,3511.72
10631,3511.38
10632,3529.91
10633,3882.2
10634,4538.77
10635,10000.0
10636,10000.0
10637,10000.0
10638,10000.0
10639,10000.0
10640,10000.0
10641,10000.0
10642,10000.0
10643,10000.0
10644,10000.0
10645,10000.0
10646,10000.0
10647,10000.0
10648,10000.0
10649,10000.0
10650,10000.0
10651,10000.0
10652,10000.0
10653,10000.0
10654,10000.0
10655,10000.0
10656,10000.0
10657,10000.0
10658,10000.0
10659,10000.0
10660,10000.0
10661,10000.0
10662,10000.0
10663,10000.0
10664,10000.0
10665,10000.0
10666,10000.0
10667,10000.0
10668,7999.29
10669,6209.14
10670,5500.4
10671,4898.73
10672,4588.9
10673,5260.78
10674,5999.62
10675,5499.49
10676,5999.23
10677,6400.91
10678,6879.81
10679,10000.0
10680,10000.0
10681,6500.93
10682,4588.59
10683,4065.65
10684,4065.01
10685,3529.32
10686,3511.61
10687,3511.51
10688,3511.13
10689,3402.34
10690,3412.59
10691,3511.09
10692,3419.64
10693,3246.85
10694,3355.59
10695,3340.23
10696,3402.0
10697,3430.94
10698,3430.28
10699,3430.85
10700,3469.05
10701,3402.18
10702,3340.7
10703,3402.58
10704,3498.22
10705,3402.17
10706,3140.37
10707,3140.42
10708,3140.94
10709,2629.77
10710,2629.73
10711,2807.46
10712,2877.06
10713,2877.82
10714,2912.19
10715,2877.88
10716,2990.53
10717,3140.2
10718,2990.6
10719,3402.52
10720,3402.36
10721,3402.38
10722,3511.04
10723,3402.76
10724,3340.71
10725,3340.31
10726,3402.7
10727,3340.41
10728,3511.28
10729,3529.0
10730,3529.93
10731,4065.78
10732,5102.2
10733,10000.0
10734,10000.0
10735,10000.0
10736,10000.0
10737,10000.0
10738,10000.0
10739,10000.0
10740,10000.0
10741,10000.0
10742,10000.0
10743,10000.0
10744,10000.0
10745,10000.0
10746,10000.0
10747,10000.0
10748,10000.0
10749,10000.0
10750,10000.0
10751,10000.0
10752,10000.0
10753,6899.93
10754,6749.09
10755,6209.59
10756,5999.33
10757,4897.61
10758,4588.5
10759,4210.56
10760,3999.15
10761,3908.79
10762,3899.44
10763,3879.47
10764,3859.76
10765,3799.84
10766,3799.23
10767,3799.43
10768,3800.08
10769,3710.71
10770,3885.43
10771,3918.77
10772,3955.0
10773,4020.6
10774,4300.45
10775,4300.11
10776,4300.48
10777,4130.48
10778,4129.07
10779,3618.1
10780,3572.0
10781,3511.81
10782,3511.24
10783,3402.12
10784,3340.63
10785,2877.49
10786,2877.16
10787,2877.66
10788,2807.75
10789,2807.33
10790,2807.42
10791,2750.93
10792,2750.68
10793,2629.57
10794,2701.7
10795,2629.54
10796,2629.55
10797,2620.69
10798,2599.6
10799,2599.77
10800,2629.06
10801,2629.02
10802,2599.01
10803,2096.5
10804,2096.44
10805,1779.11
10806,1779.07
10807,1779.54
10808,1779.67
10809,2599.67
10810,2629.28
10811,2629.45
10812,2629.72
10813,2629.83
10814,2678.15
10815,2807.45
10816,2807.79
10817,2807.89
10818,2877.12
10819,2850.84
10820,2850.42
10821,2884.1
10822,3103.42
10823,2990.08
10824,3250.36
10825,3529.03
10826,3618.22
10827,4023.14
10828,4096.93
10829,4981.89
10830,5020.17
10831,5000.62
10832,5000.84
10833,5000.57
10834,5040.26
10835,5260.42
10836,5500.56
10837,5500.22
10838,6209.03
10839,6209.38
10840,5999.28
10841,5510.18
10842,6209.28
10843,6209.64
10844,6744.54
10845,5510.16
10846,5999.64
10847,5999.3
10848,5500.56
10849,6209.36
10850,6975.25
10851,6209.79
10852,5869.78
10853,5500.1
10854,4339.59
10855,4339.16
10856,3951.4
10857,4130.64
10858,4046.82
10859,4000.36
10860,4000.08
10861,4000.93
10862,4000.83
10863,4000.32
10864,4000.85
10865,4006.94
10866,4000.89
10867,4129.06
10868,4129.93
10869,4500.32
10870,4588.04
10871,4588.93
10872,4950.05
10873,4510.64
10874,4209.71
10875,4059.53
10876,4059.24
10877,3529.33
10878,3511.83
10879,3511.17
10880,3402.42
10881,3358.15
10882,3402.23
10883,3402.04
10884,3099.95
10885,2807.65
10886,2807.91
10887,2650.22
10888,2880.08
10889,2986.11
10890,3070.61
10891,3070.51
10892,3070.34
10893,2873.09
10894,2880.1
10895,2912.62
10896,3070.74
10897,2999.03
10898,2948.9
10899,2911.37
10900,2911.12
10901,2629.53
10902,2629.64
10903,2807.47
10904,2807.7
10905,2880.3
10906,2986.77
10907,2986.23
10908,2912.71
10909,2986.98
10910,2880.61
10911,2986.8
10912,2986.4
10913,2880.95
10914,2986.94
10915,2912.11
10916,2912.47
10917,3340.97
10918,3402.82
10919,3340.43
10920,3511.06
10921,3511.49
10922,3529.17
10923,3618.6
10924,4765.5
10925,10000.0
10926,10000.0
10927,10000.0
10928,8999.84
10929,6975.11
10930,6975.72
10931,7359.36
10932,8160.26
10933,9499.72
10934,9667.78
10935,9499.24
10936,9560.05
10937,10000.0
10938,10000.0
10939,10000.0
10940,10000.0
10941,10000.0
10942,10000.0
10943,10000.0
10944,10000.0
10945,4937.96
10946,4937.86
10947,4898.21
10948,4799.23
10949,4500.25
10950,4350.09
10951,4050.07
10952,4020.29
10953,3940.34
10954,4020.5
10955,3914.13
10956,3900.64
10957,3937.14
10958,3859.68
10959,3799.55
10960,3859.61
10961,3886.08
10962,3940.4
10963,3880.29
10964,3940.08
10965,4499.66
10966,4598.68
10967,4799.96
10968,4800.97
10969,4500.09
10970,3876.39
10971,3846.32
10972,3618.08
10973,3511.93
10974,3511.63
10975,3511.13
10976,3402.23
10977,3340.46
10978,3300.9
10979,3348.47
10980,3300.13
10981,2873.95
10982,2880.04
10983,2807.66
10984,2880.86
10985,2897.32
10986,2896.33
10987,2896.52
10988,2893.77
10989,2807.95
10990,2873.72
10991,2894.81
10992,2897.55
10993,2807.13
10994,2807.59
10995,2807.21
10996,2760.16
10997,2599.71
10998,2599.5
10999,2701.84
11000,2807.46
11001,2986.1
11002,3100.61
11003,3358.64
11004,3340.27
11005,3402.16
11006,3419.18
11007,3511.41
11008,3511.38
11009,3511.35
11010,3511.41
11011,3436.44
11012,3402.85
11013,3511.05
11014,3511.43
11015,3511.03
11016,3511.01
11017,3511.62
11018,3529.02
11019,3511.92
11020,4528.5
11021,5869.89
11022,5899.84
11023,5667.51
11024,5000.13
11025,5300.08
11026,5102.1
11027,4981.03
11028,4617.22
11029,6230.12
11030,6230.03
11031,6209.23
11032,5870.0
11033,6999.31
11034,6999.93
11035,7000.0
11036,7200.24
11037,6500.85
11038,7029.67
11039,6999.93
11040,6500.26
11041,5662.8
11042,5500.72
11043,4819.85
11044,4598.47
11045,4500.87
11046,4500.9
11047,4252.87
11048,4020.45
11049,3965.61
11050,3940.74
11051,3820.98
11052,3820.37
11053,3800.09
11054,3800.34
11055,3820.05
11056,3820.56
11057,3820.66
11058,3940.13
11059,3950.61
11060,3999.38
11061,4339.37
11062,4598.66
11063,4700.95
11064,5000.44
11065,4339.03
11066,4209.56
11067,3618.02
11068,3618.66
11069,3511.84
11070,3511.43
11071,3511.25
11072,3402.4
11073,3348.44
11074,3348.6
11075,3357.72
11076,3348.77
11077,3099.07
11078,3300.61
11079,2986.52
11080,3099.8
11081,2948.16
11082,2911.04
11083,2940.83
11084,2880.1
11085,2798.39
11086,2799.33
11087,2848.05
11088,2858.64
11089,2793.17
11090,2795.1
11091,2760.06
11092,2700.42
11093,2629.16
11094,2629.16
11095,2629.92
11096,2793.77
11097,2873.97
11098,2986.3
11099,2880.05
11100,2807.72
11101,2880.97
11102,3150.01
11103,3099.67
11104,3099.64
11105,2873.54
11106,2880.49
11107,2807.88
11108,2807.59
11109,2873.13
11110,2880.88
11111,2873.12
11112,2873.31
11113,3340.04
11114,3402.73
11115,3511.21
11116,4528.09
11117,6209.04
11118,6462.14
11119,6209.59
11120,6209.16
11121,5999.2
11122,5500.18
11123,5102.16
11124,4800.89
11125,5999.46
11126,5999.77
11127,6209.56
11128,6209.46
11129,6720.96
11130,7000.86
11131,6862.45
11132,6651.18
11133,6760.41
11134,6720.75
11135,6563.27
11136,6588.26
11137,4990.4
11138,4990.23
11139,4650.4
11140,4598.23
11141,4598.51
11142,4500.5
11143,4209.2
11144,4168.21
11145,4100.0
11146,4099.47
11147,4019.99
11148,4019.63
11149,3999.6
11150,3918.13
11151,3883.93
11152,3900.58
11153,3896.79
11154,3880.0
11155,3845.84
11156,3891.16
11157,4020.25
11158,4129.93
11159,4189.69
11160,4800.21
11161,4500.03
11162,4210.97
11163,4023.54
11164,4020.09
11165,3529.78
11166,3511.86
11167,3511.78
11168,3511.13
11169,3412.56
11170,3348.71
11171,3511.22
11172,3419.06
11173,3340.61
11174,3348.69
11175,3099.61
11176,3340.8
11177,3032.05
11178,3032.69
11179,2990.6
11180,2911.57
11181,2807.91
11182,2807.95
11183,2880.16
11184,2911.16
11185,2839.52
11186,2838.94
11187,2832.86
11188,2832.26
11189,2807.61
11190,2807.37
11191,2807.88
11192,2837.87
11193,2807.93
11194,2873.89
11195,2807.9
11196,2807.76
11197,2986.47
11198,2880.97
11199,2880.75
11200,2880.31
11201,2880.87
11202,2880.95
11203,2807.75
11204,2807.82
11205,2873.59
11206,2999.73
11207,2986.69
11208,3099.99
11209,4129.09
11210,4275.45
11211,4488.79
11212,4700.84
11213,5102.66
11214,5000.27
11215,4870.85
11216,4790.29
11217,4598.11
11218,4500.77
11219,4500.35
11220,4421.39
11221,4820.75
11222,4870.48
11223,4598.75
11224,4598.84
11225,5150.74
11226,5828.87
11227,5500.4
11228,5999.07
11229,4800.79
11230,5999.39
11231,5999.3
11232,5869.69
11233,5054.41
11234,5000.8
11235,4528.76
11236,4528.2
11237,4400.79
11238,4500.11
11239,4130.24
11240,4100.38
11241,3999.74
11242,4000.75
11243,4020.65
11244,4020.52
11245,3890.2
11246,3859.95
11247,3755.75
11248,3868.59
11249,3869.98
11250,3799.87
11251,3700.99
11252,3676.58
11253,4129.16
11254,4129.97
11255,4487.86
11256,4598.58
11257,4209.34
11258,4209.14
11259,4020.21
11260,3931.02
11261,3529.44
11262,3511.71
11263,3511.61
11264,3511.25
11265,3412.85
11266,3511.19
11267,3511.56
11268,3511.43
11269,3412.96
11270,3511.13
11271,3340.97
11272,3412.31
11273,3397.12
11274,3341.0
11275,3340.68
11276,3397.52
11277,3200.67
11278,3340.71
11279,3498.02
11280,3449.69
11281,3340.85
11282,3340.16
11283,3169.52
11284,3169.12
11285,2860.47
11286,2807.06
11287,2880.59
11288,2950.9
11289,3099.45
11290,3340.49
11291,3099.96
11292,2999.07
11293,3402.23
11294,2986.55
11295,2999.55
11296,2873.01
11297,2808.0
11298,2873.17
11299,2807.3
11300,2807.18
11301,2807.68
11302,2807.69
11303,2807.57
11304,2807.92
11305,2873.85
11306,3402.94
11307,4129.7
11308,4310.92
11309,5449.77
11310,5670.85
11311,5449.97
11312,4500.58
11313,4598.35
11314,4598.53
11315,4598.88
11316,4598.16
11317,4790.52
11318,4790.53
11319,4790.14
11320,4790.58
11321,5999.22
11322,6999.62
11323,6209.52
11324,5869.99
11325,4790.68
11326,4790.49
11327,4790.19
11328,4790.39
11329,5502.93
11330,5389.23
11331,4898.52
11332,4598.7
11333,4598.12
11334,4450.14
11335,4500.24
11336,4079.98
11337,4130.36
11338,4100.59
11339,4079.41
11340,4011.19
11341,4000.54
11342,3999.75
11343,3997.34
11344,3959.17
11345,3833.99
11346,3940.45
11347,4000.01
11348,4079.5
11349,4219.18
11350,4500.34
11351,4598.88
11352,4809.48
11353,4339.26
11354,4209.67
11355,4079.45
11356,3869.56
11357,3536.13
11358,3529.08
11359,3498.96
11360,3446.89
11361,3402.96
11362,3402.24
11363,3300.82
11364,2880.79
11365,2807.95
11366,2873.6
11367,2807.92
11368,2873.85
11369,2949.99
11370,2949.76
11371,2949.84
11372,2949.5
11373,2807.95
11374,2873.14
11375,2949.34
11376,2949.29
11377,2800.67
11378,2800.99
11379,2750.29
11380,2760.06
11381,2500.65
11382,2529.19
11383,2629.63
11384,2807.2
11385,2807.77
11386,2807.67
11387,2807.29
11388,2678.73
11389,2807.45
11390,2807.22
11391,2807.89
11392,2807.86
11393,2807.58
11394,2807.83
11395,2807.57
11396,2807.8
11397,2986.36
11398,3099.3
11399,3287.03
11400,3340.38
11401,3297.93
11402,3499.82
11403,4020.56
11404,4100.84
11405,4669.18
11406,4669.4
11407,4598.62
11408,4510.96
11409,4410.15
11410,4500.18
11411,4500.84
11412,4400.05
11413,4598.85
11414,4669.54
11415,4600.97
11416,4598.73
11417,4669.56
11418,4669.21
11419,4669.13
11420,4598.86
11421,4450.66
11422,4130.27
11423,4250.09
11424,4500.4
11425,3782.86
11426,3846.37
11427,4001.0
11428,3934.04
11429,3940.79
11430,3999.26
11431,3882.74
11432,3676.24
11433,3869.24
11434,3900.15
11435,4000.59
11436,3869.57
11437,3559.37
11438,3532.33
11439,3320.91
11440,3231.04
11441,3000.72
11442,3385.27
11443,3550.62
11444,3519.4
11445,3499.37
11446,3575.63
11447,3648.49
11448,3900.08
11449,3623.56
11450,3498.71
11451,3498.89
11452,3498.65
11453,3050.96
11454,2999.21
11455,2807.9
11456,2807.65
11457,2750.01
11458,2750.23
11459,2750.02
11460,2629.3
11461,2273.4
11462,2149.65
11463,2629.09
11464,2529.22
11465,2000.57
11466,1890.6
11467,1799.92
11468,1799.58
11469,1779.42
11470,1779.33
11471,1779.57
11472,1779.57
11473,1779.01
11474,1500.97
11475,1419.85
11476,1419.85
11477,1419.1
11478,1419.09
11479,1419.21
11480,1419.31
11481,1419.45
11482,1419.5
11483,1419.49
11484,1419.45
11485,1779.63
11486,1890.53
11487,2077.65
11488,2088.18
11489,2088.57
11490,2172.73
11491,2172.14
11492,2200.91
11493,2273.86
11494,2273.98
11495,2500.02
11496,2380.96
11497,2678.47
11498,2750.3
11499,2873.17
11500,3000.29
11501,3940.4
11502,3850.5
11503,3940.1
11504,3940.5
11505,3999.41
11506,3755.1
11507,3676.11
11508,3500.69
11509,3788.68
11510,3999.42
11511,4000.74
11512,3848.62
11513,3699.93
11514,3627.89
11515,3850.57
11516,3999.03
11517,3839.7
11518,3999.78
11519,4020.19
11520,4129.19
385,3638.56
386,3638.77
387,3637.15
388,3549.46
389,3500.63
390,3502.24
391,3350.56
392,3099.97
393,3495.29
394,3500.79
395,3511.71
396,3550.8
397,3498.8
398,3469.52
399,3435.09
400,3415.3
401,3435.68
402,3358.84
403,3358.15
404,3358.52
405,3436.2
406,3425.55
407,3498.01
408,3498.1
409,3068.67
410,2980.41
411,2900.62
412,2980.23
413,2750.13
414,2750.67
415,2710.65
416,2678.45
417,2273.11
418,2168.82
419,2273.17
420,1999.96
421,1999.55
422,1999.45
423,1999.22
424,1999.25
425,1999.2
426,1999.31
427,1999.48
428,1999.48
429,1999.19
430,1999.18
431,1999.2
432,1999.2
433,1999.17
434,1999.19
435,1999.08
436,1999.07
437,1779.62
438,1779.42
439,1989.72
440,1999.05
441,1999.15
442,1999.25
443,1999.35
444,1999.39
445,1999.79
446,1999.94
447,2003.95
448,2077.73
449,2088.03
450,2088.71
451,2088.15
452,2088.71
453,2088.79
454,2145.31
455,2145.86
456,2145.69
457,2273.44
458,2359.09
459,2807.75
460,3093.79
461,3532.81
462,3999.72
463,3999.3
464,3755.65
465,3638.3
466,3592.85
467,3636.62
468,3800.69
469,3627.85
470,3799.65
471,3755.67
472,3999.58
473,3627.97
474,3700.98
475,3638.96
476,3638.33
477,3758.94
478,3799.09
479,3758.67
480,3900.59
3361,3558.54
3362,3550.59
3363,3529.41
3364,3498.91
3365,3499.01
3366,3499.77
3367,3498.58
3368,3437.76
3369,3435.36
3370,3397.8
3371,3350.9
3372,3250.21
3373,3000.18
3374,2988.74
3375,2988.58
3376,2999.53
3377,3000.91
3378,3032.02
3379,3000.7
3380,3032.5
3381,3250.01
3382,3397.13
3383,3425.18
3384,3425.65
3385,3397.49
3386,3032.25
3387,2980.46
3388,2920.03
3389,2807.5
3390,2807.27
3391,2807.3
3392,2807.08
3393,2420.76
3394,2380.57
3395,2359.47
3396,2273.47
3397,2273.68
3398,2273.1
3399,2168.94
3400,2145.87
3401,2088.35
3402,2088.54
3403,2088.85
3404,2088.64
3405,2088.06
3406,2077.42
3407,2088.58
3408,2077.46
3409,2077.61
3410,2077.54
3411,2077.14
3412,2003.71
3413,1999.76
3414,1999.75
3415,2003.23
3416,2003.17
3417,2077.59
3418,2088.16
3419,2088.73
3420,2088.68
3421,2273.34
3422,2359.81
3423,2420.51
3424,2528.26
3425,2528.56
3426,2528.46
3427,2528.53
3428,2528.73
3429,2750.19
3430,2807.31
3431,2807.58
3432,2807.37
3433,3425.19
3434,3498.49
3435,3499.35
3436,3800.92
3437,4209.59
3438,4510.62
3439,4200.98
3440,4129.95
3441,4000.81
3442,4020.61
3443,4200.09
3444,4129.62
3445,4200.21
3446,4530.64
3447,4263.5
3448,4510.09
3449,4020.31
3450,4129.29
3451,4129.75
3452,4130.65
3453,4488.89
3454,4510.82
3455,4384.08
3456,4130.09
6049,3549.8
6050,3589.03
6051,3529.89
6052,3529.38
6053,3498.67
6054,3479.98
6055,3368.7
6056,3368.45
6057,3368.7
6058,3368.5
6059,3200.52
6060,3000.6
6061,3000.26
6062,3000.06
6063,2988.8
6064,3000.54
6065,3000.94
6066,3032.86
6067,3032.63
6068,3397.55
6069,3479.66
6070,3529.26
6071,3616.3
6072,3749.98
6073,3658.2
6074,3658.46
6075,3511.68
6076,3546.28
6077,3397.24
6078,3298.16
6079,3292.29
6080,2899.88
6081,2807.34
6082,2807.4
6083,2750.04
6084,2634.14
6085,2629.45
6086,2594.28
6087,2528.77
6088,2528.82
6089,2380.32
6090,2168.09
6091,1999.99
6092,1999.8
6093,1999.66
6094,1999.71
6095,1999.59
6096,1999.5
6097,1999.46
6098,1999.38
6099,1999.39
6100,1999.28
6101,1989.33
6102,1900.62
6103,1989.81
6104,1999.01
6105,1999.19
6106,1999.47
6107,1999.61
6108,1999.84
6109,2088.84
6110,2168.71
6111,2359.51
6112,2380.87
6113,2529.32
6114,2629.83
6115,2629.92
6116,2750.59
6117,2860.8
6118,2874.29
6119,2860.47
6120,2867.1
6121,3350.07
6122,3436.5
6123,3676.18
6124,4020.11
6125,5203.92
6126,5999.3
6127,5650.26
6128,5000.05
6129,4549.39
6130,4340.91
6131,4019.68
6132,4000.85
6133,4019.19
6134,4022.46
6135,4000.87
6136,3999.35
6137,3699.78
6138,3749.47
6139,3800.88
6140,3846.09
6141,3769.79
6142,3769.88
6143,3749.92
6144,3672.31
9025,4209.54
9026,4210.78
9027,4209.56
9028,4209.01
9029,4019.01
9030,3769.62
9031,3610.69
9032,3570.22
9033,3600.0
9034,3572.23
9035,3559.59
9036,3498.9
9037,3544.97
9038,3498.93
9039,3437.85
9040,3498.73
9041,3544.8
9042,3613.73
9043,3628.56
9044,3769.9
9045,3578.57
9046,3600.21
9047,3850.24
9048,4000.04
9049,4020.43
9050,4300.34
9051,4410.4
9052,4420.76
9053,4100.72
9054,4100.25
9055,4130.47
9056,3999.99
9057,3679.97
9058,3634.85
9059,3550.59
9060,3559.73
9061,3479.96
9062,3397.4
9063,3249.18
9064,3100.53
9065,3032.71
9066,2911.62
9067,2920.41
9068,2911.53
9069,2528.49
9070,2528.62
9071,2528.3
9072,2498.31
9073,2420.55
9074,2420.32
9075,2380.15
9076,2369.26
9077,1999.97
9078,1999.86
9079,1999.9
9080,1999.94
9081,2250.92
9082,2369.13
9083,2380.71
9084,2528.14
9085,2629.37
9086,2860.34
9087,2926.7
9088,3048.8
9089,3249.46
9090,3397.3
9091,3499.28
9092,3501.03
9093,3570.27
9094,3792.39
9095,3795.7
9096,3899.07
9097,4200.6
9098,4500.27
9099,4488.23
9100,4568.14
9101,5600.59
9102,6127.72
9103,5944.49
9104,5313.09
9105,4900.17
9106,4605.94
9107,4528.77
9108,4510.85
9109,4400.37
9110,4129.61
9111,3999.61
9112,3899.31
9113,3627.42
9114,3738.83
9115,3900.95
9116,4021.0
9117,3800.72
9118,3999.52
9119,3850.89
9120,3999.28
11905,4130.28
11906,4129.11
11907,4020.41
11908,4129.02
11909,3899.43
11910,3628.43
11911,3610.94
11912,3600.33
11913,3559.53
11914,3600.21
11915,3559.72
11916,3550.19
11917,3498.36
11918,3480.94
11919,3435.71
11920,3437.75
11921,3500.05
11922,3500.48
11923,3580.89
11924,3700.26
11925,3883.77
11926,3599.45
11927,3942.5
11928,4150.87
11929,4200.36
11930,4339.85
11931,4339.25
11932,4219.41
11933,4000.17
11934,3616.33
11935,3440.83
11936,3350.49
11937,3210.42
11938,3211.0
11939,3250.55
11940,3350.01
11941,3050.77
11942,3240.0
11943,3264.32
11944,3143.11
11945,3059.53
11946,3032.53
11947,3032.58
11948,3000.58
11949,2980.4
11950,2899.37
11951,3032.07
11952,2911.24
11953,2807.21
11954,2760.84
11955,2699.72
11956,2630.87
11957,2528.32
11958,2420.64
11959,2528.54
11960,2528.62
11961,2629.24
11962,2630.69
11963,2699.88
11964,2807.75
11965,2911.28
11966,2911.63
11967,2980.77
11968,3032.25
11969,3314.99
11970,3330.34
11971,3330.26
11972,3350.43
11973,3498.06
11974,3540.55
11975,3570.09
11976,3501.15
11977,3800.96
11978,4050.61
11979,4247.35
11980,4850.01
11981,5600.72
11982,6001.0
11983,5801.97
11984,5882.14
11985,4750.2
11986,4512.59
11987,4510.41
11988,4410.96
11989,4378.85
11990,4298.64
11991,4293.74
11992,4219.96
11993,4071.81
11994,4102.36
11995,4129.43
11996,4129.73
11997,4000.31
11998,4012.03
11999,4000.4
12000,4100.93
14881,4609.19
14882,4528.32
14883,4130.32
14884,4528.04
14885,4150.44
14886,4297.68
14887,4129.74
14888,4020.36
14889,3666.2
14890,3658.04
14891,3600.8
14892,3570.3
14893,3500.46
14894,3550.95
14895,3650.15
14896,3650.32
14897,3680.51
14898,3808.87
14899,3899.13
14900,4112.61
14901,3883.17
14902,3750.79
14903,4189.33
14904,4250.31
14905,4000.86
14906,4000.32
14907,4129.06
14908,4020.5
14909,3808.05
14910,3650.51
14911,3498.35
14912,3398.0
14913,3350.57
14914,3368.05
14915,3368.29
14916,3350.91
14917,3364.85
14918,3368.82
14919,3350.87
14920,3350.24
14921,3120.95
14922,3132.98
14923,3100.4
14924,3032.91
14925,3032.11
14926,3000.99
14927,3000.11
14928,2948.64
14929,2850.25
14930,2812.98
14931,2770.11
14932,2760.34
14933,2528.88
14934,2528.53
14935,2550.25
14936,2550.96
14937,2752.33
14938,2774.79
14939,2807.8
14940,2900.05
14941,3099.11
14942,3099.09
14943,3240.58
14944,3349.6
14945,3350.32
14946,3393.66
14947,3397.42
14948,3350.84
14949,3425.31
14950,3498.51
14951,3498.49
14952,3498.18
14953,3500.52
14954,3900.6
14955,4630.72
14956,5151.45
14957,6000.37
14958,6209.51
14959,6355.47
14960,6209.82
14961,5750.56
14962,5209.5
14963,4981.07
14964,4630.02
14965,4999.12
14966,4900.45
14967,4870.72
14968,4750.99
14969,5100.05
14970,4839.67
14971,4710.69
14972,4656.0
14973,4528.4
14974,4510.57
14975,4130.28
14976,4129.62
17761,5700.45
17762,5700.15
17763,5600.59
17764,5337.62
17765,5300.17
17766,5300.2
17767,4862.96
17768,4534.33
17769,4400.23
17770,4400.34
17771,4130.8
17772,3999.76
17773,3700.78
17774,3700.39
17775,3658.32
17776,3550.5
17777,3558.52
17778,3600.37
17779,3658.12
17780,3600.34
17781,3425.74
17782,3498.06
17783,3529.66
17784,3600.41
17785,3550.03
17786,3498.78
17787,3498.25
17788,3435.71
17789,3032.57
17790,3032.3
17791,3068.67
17792,2996.38
17793,2678.52
17794,2629.49
17795,2629.19
17796,2528.38
17797,2420.43
17798,2420.58
17799,2359.79
17800,2528.17
17801,2528.33
17802,2529.68
17803,2613.45
17804,2599.69
17805,2599.96
17806,2629.04
17807,2600.95
17808,2600.99
17809,2528.6
17810,2528.48
17811,2528.21
17812,2420.69
17813,1999.91
17814,1999.83
17815,1999.92
17816,2130.53
17817,2273.43
17818,2436.2
17819,2528.29
17820,2629.05
17821,2807.02
17822,2770.68
17823,2807.63
17824,2860.31
17825,2899.58
17826,2980.6
17827,2996.06
17828,2948.49
17829,2999.09
17830,3000.92
17831,2999.71
17832,2996.34
17833,3480.93
17834,3422.86
17835,3899.53
17836,4500.24
17837,4630.41
17838,4999.46
17839,4850.9
17840,4999.09
17841,4600.18
17842,4580.01
17843,4600.35
17844,4528.26
17845,4780.35
17846,4870.61
17847,5012.2
17848,5000.07
17849,5057.03
17850,5600.89
17851,5634.73
17852,5700.16
17853,5600.08
17854,5700.01
17855,5209.51
17856,5300.23
20737,6999.35
20738,6800.71
20739,6800.15
20740,6249.32
20741,6400.01
20742,6249.56
20743,6000.89
20744,4999.93
20745,4549.34
20746,4528.51
20747,4499.98
20748,4020.6
20749,4000.25
20750,3900.48
20751,3900.77
20752,3900.8
20753,4000.06
20754,4000.82
20755,4528.18
20756,4280.97
20757,4400.16
20758,4021.26
20759,4500.56
20760,4500.15
20761,4000.84
20762,3600.68
20763,4000.34
20764,4250.23
20765,4020.18
20766,3550.16
20767,3500.26
20768,3425.14
20769,3335.75
20770,3340.75
20771,3150.44
20772,3150.84
20773,3335.23
20774,3397.87
20775,3400.16
20776,3397.81
20777,3314.16
20778,3314.25
20779,3314.52
20780,3397.88
20781,3350.89
20782,3351.84
20783,3498.32
20784,3314.87
20785,3115.94
20786,3080.9
20787,3032.15
20788,3000.57
20789,2929.65
20790,2911.49
20791,2929.46
20792,2929.34
20793,2995.42
20794,3059.96
20795,3250.17
20796,3335.95
20797,3549.11
20798,3532.54
20799,3589.95
20800,3618.72
20801,3589.74
20802,3656.0
20803,3586.22
20804,3559.67
20805,3600.65
20806,3850.34
20807,3600.18
20808,3550.48
20809,4130.51
20810,4916.99
20811,5799.23
20812,8000.54
20813,10000.0
20814,10000.0
20815,10000.0
20816,10000.0
20817,10000.0
20818,10000.0
20819,10000.0
20820,9823.15
20821,10000.0
20822,10000.0
20823,10000.0
20824,10000.0
20825,10000.0
20826,10000.0
20827,10000.0
20828,10000.0
20829,10000.0
20830,10000.0
20831,9237.83
20832,9064.18
23713,10000.0
23714,10000.0
23715,10000.0
23716,10000.0
23717,10000.0
23718,9839.61
23719,7999.99
23720,7416.36
23721,5600.87
23722,5600.68
23723,5600.62
23724,5100.58
23725,5100.12
23726,4549.99
23727,4518.7
23728,4350.94
23729,4150.17
23730,3950.03
23731,3899.07
23732,3830.66
23733,3698.15
23734,3716.26
23735,4298.88
23736,3999.67
23737,3899.57
23738,3660.11
23739,3624.11
23740,3650.7
23741,3650.79
23742,3570.58
23743,3596.43
23744,3397.26
23745,2948.97
23746,3059.53
23747,3059.17
23748,3000.21
23749,2985.99
23750,3022.84
23751,3028.74
23752,3030.21
23753,2970.19
23754,3005.89
23755,3059.33
23756,3093.31
23757,3059.88
23758,3091.96
23759,3335.94
23760,3228.46
23761,3102.48
23762,3094.58
23763,3011.49
23764,2980.44
23765,2888.07
23766,2860.89
23767,2881.52
23768,2883.4
23769,2884.36
23770,2899.98
23771,3050.94
23772,3059.46
23773,3425.18
23774,3425.32
23775,3425.84
23776,3498.17
23777,3498.8
23778,3501.97
23779,3501.24
23780,3510.89
23781,3500.24
23782,3600.78
23783,3619.88
23784,3639.03
23785,3729.53
23786,4970.65
23787,5000.09
23788,6899.37
23789,10000.0
23790,10000.0
23791,10000.0
23792,10000.0
23793,7999.32
23794,7416.85
23795,7529.46
23796,7529.77
23797,10000.0
23798,10000.0
23799,10000.0
23800,10000.0
23801,10000.0
23802,10000.0
23803,10000.0
23804,10000.0
23805,10000.0
23806,10000.0
23807,10000.0
23808,10000.0
26593,10000.0
26594,10000.0
26595,10000.0
26596,10000.0
26597,10000.0
26598,10000.0
26599,10000.0
26600,10000.0
26601,10000.0
26602,7416.77
26603,7416.48
26604,7416.36
26605,6600.27
26606,6000.55
26607,6000.26
26608,6000.27
26609,5137.68
26610,5288.94
26611,5600.05
26612,5600.2
26613,4999.45
26614,5135.72
26615,5600.04
26616,5505.38
26617,5099.15
26618,4981.35
26619,4648.96
26620,4500.36
26621,4000.3
26622,3900.87
26623,3820.42
26624,3679.32
26625,3559.79
26626,3550.34
26627,3500.42
26628,3498.67
26629,3287.32
26630,3412.83
26631,3412.67
26632,3425.05
26633,3397.83
26634,3401.74
26635,3397.6
26636,3498.21
26637,3498.89
26638,3499.79
26639,3527.28
26640,3511.66
26641,3498.73
26642,3498.05
26643,3314.89
26644,3314.09
26645,3199.43
26646,2989.45
26647,3199.33
26648,3050.5
26649,3050.34
26650,3050.32
26651,3050.13
26652,3314.04
26653,3340.86
26654,3340.84
26655,3511.59
26656,3626.29
26657,3820.35
26658,3932.88
26659,3830.72
26660,3850.76
26661,4400.05
26662,4360.42
26663,3850.88
26664,3750.41
26665,4360.73
26666,4870.49
26667,6300.6
26668,10000.0
26669,10000.0
26670,10000.0
26671,10000.0
26672,10000.0
26673,10000.0
26674,10000.0
26675,10000.0
26676,10000.0
26677,10000.0
26678,10000.0
26679,10000.0
26680,10000.0
26681,10000.0
26682,10000.0
26683,10000.0
26684,10000.0
26685,10000.0
26686,10000.0
26687,10000.0
26688,10000.0
29569,10000.0
29570,10000.0
29571,10000.0
29572,10000.0
29573,10000.0
29574,8908.4
29575,7071.56
29576,6529.37
29577,5830.73
29578,5379.72
29579,5136.48
29580,4818.7
29581,4669.82
29582,4419.76
29583,4081.55
29584,3680.7
29585,3830.9
29586,3732.89
29587,3830.42
29588,3750.65
29589,3637.4
29590,3658.19
29591,4009.23
29592,3899.53
29593,4023.2
29594,3769.24
29595,3529.97
29596,3527.45
29597,3589.34
29598,3511.43
29599,3396.96
29600,3368.48
29601,3215.19
29602,3226.5
29603,3226.18
29604,3297.3
29605,3176.66
29606,3314.11
29607,3396.11
29608,3489.02
29609,3449.96
29610,3452.22
29611,3475.43
29612,3440.74
29613,3481.05
29614,3489.31
29615,3500.31
29616,3489.67
29617,3466.86
29618,3419.04
29619,3396.93
29620,3396.31
29621,3291.21
29622,3258.92
29623,3299.66
29624,3395.78
29625,3511.67
29626,3511.94
29627,3556.17
29628,3629.39
29629,3629.78
29630,3629.2
29631,3679.31
29632,3637.91
29633,3692.03
29634,3695.8
29635,3656.42
29636,3680.41
29637,4100.22
29638,4538.97
29639,4400.07
29640,4495.41
29641,4360.93
29642,4842.69
29643,4981.31
29644,6300.82
29645,10000.0
29646,10000.0
29647,10000.0
29648,10000.0
29649,10000.0
29650,10000.0
29651,10000.0
29652,10000.0
29653,10000.0
29654,10000.0
29655,10000.0
29656,10000.0
29657,10000.0
29658,10000.0
29659,10000.0
29660,10000.0
29661,10000.0
29662,10000.0
29663,10000.0
29664,10000.0
32449,10000.0
32450,10000.0
32451,10000.0
32452,10000.0
32453,10000.0
32454,10000.0
32455,8500.27
32456,7246.38
32457,6998.59
32458,6209.33
32459,6529.15
32460,6008.98
32461,5600.69
32462,5379.71
32463,4999.95
32464,4815.21
32465,4528.07
32466,5000.19
32467,5150.23
32468,5000.64
32469,4528.35
32470,4800.04
32471,4669.37
32472,4100.96
32473,4023.53
32474,3830.82
32475,3654.74
32476,3598.61
32477,3511.72
32478,3511.31
32479,3511.3
32480,3396.7
32481,3299.92
32482,3299.72
32483,3314.9
32484,3396.06
32485,3348.11
32486,3399.53
32487,3511.19
32488,3527.54
32489,3511.26
32490,3529.15
32491,3529.84
32492,3529.6
32493,3559.38
32494,3529.62
32495,3549.2
32496,3549.01
32497,3481.46
32498,3510.15
32499,3399.93
32500,3399.71
32501,3398.33
32502,3396.81
32503,3396.38
32504,3396.87
32505,3527.75
32506,3529.14
32507,3562.07
32508,3600.06
32509,3680.0
32510,3750.62
32511,3868.66
32512,3900.96
32513,4019.14
32514,4150.87
32515,4581.47
32516,4669.65
32517,5000.0
32518,4852.67
32519,4445.45
32520,4280.58
32521,4110.72
32522,4800.48
32523,5012.39
32524,5505.65
32525,10000.0
32526,10000.0
32527,10000.0
32528,10000.0
32529,10000.0
32530,10000.0
32531,10000.0
32532,10000.0
32533,10000.0
32534,10000.0
32535,10000.0
32536,10000.0
32537,10000.0
32538,10000.0
32539,10000.0
32540,10000.0
32541,10000.0
32542,10000.0
32543,10000.0
32544,10000.0
12673,10000.0
12674,10000.0
12675,10000.0
12676,10000.0
12677,7246.37
12678,6809.06
12679,6209.62
12680,5600.58
12681,5479.04
12682,5379.33
12683,5033.18
12684,4547.3
12685,4999.58
12686,4486.38
12687,4528.73
12688,4627.59
12689,4150.73
12690,4069.93
12691,4360.41
12692,4360.02
12693,4486.39
12694,4500.92
12695,4500.02
12696,4110.18
12697,4250.01
12698,3750.65
12699,3527.05
12700,3498.21
12701,3314.82
12702,3299.24
12703,3299.39
12704,3081.62
12705,2899.53
12706,2899.25
12707,3000.86
12708,3102.58
12709,2919.25
12710,3052.8
12711,3102.1
12712,3226.08
12713,3199.06
12714,3314.14
12715,3299.96
12716,3299.88
12717,3396.17
12718,3299.39
12719,3300.94
12720,3396.19
12721,3396.1
12722,3396.12
12723,3240.26
12724,3226.12
12725,3176.1
12726,3160.77
12727,3199.03
12728,3199.8
12729,3299.98
12730,3396.06
12731,3396.66
12732,3482.41
12733,3529.0
12734,3529.86
12735,3549.86
12736,3527.82
12737,3511.56
12738,3511.95
12739,3501.9
12740,3429.38
12741,3501.43
12742,3499.19
12743,3396.08
12744,3340.12
12745,3396.79
12746,3527.85
12747,4400.39
12748,4500.44
12749,5000.36
12750,5500.55
12751,6327.1
12752,7246.21
12753,5956.57
12754,4981.57
12755,4910.95
12756,5505.65
12757,6209.75
12758,7246.56
12759,8999.39
12760,10000.0
12761,10000.0
12762,10000.0
12763,10000.0
12764,10000.0
12765,10000.0
12766,10000.0
12767,10000.0
12768,10000.0
12769,10000.0
12770,10000.0
12771,10000.0
12772,8666.89
12773,6529.85
12774,6344.08
12775,5600.99
12776,4800.05
12777,4499.43
12778,4900.38
12779,4547.33
12780,4547.56
12781,4438.18
12782,4250.54
12783,4290.22
12784,4112.53
12785,4019.9
12786,4000.69
12787,4140.97
12788,4000.46
12789,4000.47
12790,3899.92
12791,3750.25
12792,3850.08
12793,4063.02
12794,4000.11
12795,3529.05
12796,3483.66
12797,3110.26
12798,2999.9
12799,2989.24
12800,2900.49
12801,2860.77
12802,2807.44
12803,2807.76
12804,2807.51
12805,2678.67
12806,2807.43
12807,2807.99
12808,2883.9
12809,2860.19
12810,2860.12
12811,2860.55
12812,2860.04
12813,2800.35
12814,2860.13
12815,2899.09
12816,2860.78
12817,2609.2
12818,2609.72
12819,2379.89
12820,2390.89
12821,1999.87
12822,2169.0
12823,2169.16
12824,2169.87
12825,2745.0
12826,2996.23
12827,3010.16
12828,3226.15
12829,3299.12
12830,3396.27
12831,3396.92
12832,3441.04
12833,3401.21
12834,3396.82
12835,3358.1
12836,3299.36
12837,3307.04
12838,3145.34
12839,3000.63
12840,2875.59
12841,3314.64
12842,3511.35
12843,3545.05
12844,3999.15
12845,4200.49
12846,4250.9
12847,4500.4
12848,4900.63
12849,4700.2
12850,4600.04
12851,4700.39
12852,4800.64
12853,5100.75
12854,5499.2
12855,5532.12
12856,5500.23
12857,5012.75
12858,5650.84
12859,5600.64
12860,6209.18
12861,5849.66
12862,5849.07
12863,6209.03
12864,5505.84
12865,10000.0
12866,9799.5
12867,7246.33
12868,5667.11
12869,4547.29
12870,4150.87
12871,4012.34
12872,3700.15
12873,3680.15
12874,3602.41
12875,3499.11
12876,3360.36
12877,3471.91
12878,3228.0
12879,3480.85
12880,3435.52
12881,3000.79
12882,3475.09
12883,3545.86
12884,3518.21
12885,3794.5
12886,3600.36
12887,3650.02
12888,3800.21
12889,3850.99
12890,3571.91
12891,3511.9
12892,3498.11
12893,3314.14
12894,3112.98
12895,3198.79
12896,3102.08
12897,3000.14
12898,3100.9
12899,3081.94
12900,3102.2
12901,3000.31
12902,3194.67
12903,3199.74
12904,3396.61
12905,3300.19
12906,3300.5
12907,3396.1
12908,3396.23
12909,3396.44
12910,3396.87
12911,3453.7
12912,3500.49
12913,3499.05
12914,3500.5
12915,3500.26
12916,3400.05
12917,3396.34
12918,3396.01
12919,3370.4
12920,3396.89
12921,3510.36
12922,3571.86
12923,3604.02
12924,3754.4
12925,4064.31
12926,4064.34
12927,4095.17
12928,4064.62
12929,4500.06
12930,4500.45
12931,4500.09
12932,4500.27
12933,4500.43
12934,4000.97
12935,3560.23
12936,3529.88
12937,3571.02
12938,4438.08
12939,4750.44
12940,4856.76
12941,6209.47
12942,6209.62
12943,6209.73
12944,8500.54
12945,7249.89
12946,7246.81
12947,7416.4
12948,8499.14
12949,7999.96
12950,8529.65
12951,8499.99
12952,8529.72
12953,7999.0
12954,9799.79
12955,10000.0
12956,10000.0
12957,10000.0
12958,10000.0
12959,10000.0
12960,10000.0
12961,7416.86
12962,7416.32
12963,5529.91
12964,5529.21
12965,4100.76
12966,3999.59
12967,3999.02
12968,3750.1
12969,3750.55
12970,3850.24
12971,3999.53
12972,3793.11
12973,3500.75
12974,3396.52
12975,3460.06
12976,3210.11
12977,3000.99
12978,3396.38
12979,3396.92
12980,3459.48
12981,3346.62
12982,3396.95
12983,3657.46
12984,3595.87
12985,3750.24
12986,3659.12
12987,3498.88
12988,3452.21
12989,3299.67
12990,3158.81
12991,3158.02
12992,2999.24
12993,2847.27
12994,2814.86
12995,2847.54
12996,2814.5
12997,2790.14
12998,2799.72
12999,2783.67
13000,2847.49
13001,2790.99
13002,2799.59
13003,2906.38
13004,2910.73
13005,2909.16
13006,2912.49
13007,2928.46
13008,2931.59
13009,2907.58
13010,2912.93
13011,2916.46
13012,2915.0
13013,2700.62
13014,2810.65
13015,2916.69
13016,2926.48
13017,3396.4
13018,3492.2
13019,3503.09
13020,3528.1
13021,3629.63
13022,3629.72
13023,3629.84
13024,3679.38
13025,3650.34
13026,3731.25
13027,3650.64
13028,3571.16
13029,3500.42
13030,3456.59
13031,3452.87
13032,3452.91
13033,3477.59
13034,3659.11
13035,4000.55
13036,5350.17
13037,7416.26
13038,8529.08
13039,7249.46
13040,6500.76
13041,5999.25
13042,6209.29
13043,7000.5
13044,7999.2
13045,8529.46
13046,9499.23
13047,10000.0
13048,10000.0
13049,10000.0
13050,10000.0
13051,10000.0
13052,10000.0
13053,10000.0
13054,10000.0
13055,10000.0
13056,10000.0
13057,10000.0
13058,10000.0
13059,6999.18
13060,5529.87
13061,5529.94
13062,5529.28
13063,5529.83
13064,5529.19
13065,5504.6
13066,5436.44
13067,5499.42
13068,5071.53
13069,5600.53
13070,5428.03
13071,5500.27
13072,5400.27
13073,5000.41
13074,5052.95
13075,4999.73
13076,5096.29
13077,5096.41
13078,5463.59
13079,5529.41
13080,5999.23
13081,4720.92
13082,4488.25
13083,4100.96
13084,3678.05
13085,3452.0
13086,3210.63
13087,2874.4
13088,2847.79
13089,2800.21
13090,2800.86
13091,2814.61
13092,2814.72
13093,2790.98
13094,2814.42
13095,2814.94
13096,2952.73
13097,2940.37
13098,2991.4
13099,2996.09
13100,2999.12
13101,3050.78
13102,3081.67
13103,3215.73
13104,3200.52
13105,3226.87
13106,3300.33
13107,3396.22
13108,3396.2
13109,3000.56
13110,3200.53
13111,3340.94
13112,3396.7
13113,3489.51
13114,3650.77
13115,3999.61
13116,4257.88
13117,5096.2
13118,5096.2
13119,5220.85
13120,5799.15
13121,5600.88
13122,6000.88
13123,5799.92
13124,5600.38
13125,5600.72
13126,5600.42
13127,5136.76
13128,4999.6
13129,5096.15
13130,5500.91
13131,6300.47
13132,7400.11
13133,10000.0
13134,10000.0
13135,10000.0
13136,10000.0
13137,10000.0
13138,10000.0
13139,10000.0
13140,10000.0
13141,10000.0
13142,10000.0
13143,10000.0
13144,10000.0
13145,10000.0
13146,10000.0
13147,10000.0
13148,10000.0
13149,10000.0
13150,10000.0
13151,10000.0
13152,10000.0
13153,10000.0
13154,10000.0
13155,10000.0
13156,10000.0
13157,10000.0
13158,10000.0
13159,10000.0
13160,10000.0
13161,9124.56
13162,8873.97
13163,8500.96
13164,8500.43
13165,7100.23
13166,6999.16
13167,6709.98
13168,6749.37
13169,6700.18
13170,6500.75
13171,6700.89
13172,6749.43
13173,7197.97
13174,7095.59
13175,7100.51
13176,7409.52
13177,6010.09
13178,5690.25
13179,5690.33
13180,5200.02
13181,4452.38
13182,3900.53
13183,3510.47
13184,3452.92
13185,3452.24
13186,3452.08
13187,3452.11
13188,3396.79
13189,3383.87
13190,3440.83
13191,3452.04
13192,3452.7
13193,3396.67
13194,3394.93
13195,3396.02
13196,3396.38
13197,3423.15
13198,3479.14
13199,3489.47
13200,3489.79
13201,3502.67
13202,3541.67
13203,3529.18
13204,3521.77
13205,3489.8
13206,3499.6
13207,3524.44
13208,3560.61
13209,3850.37
13210,3892.93
13211,4019.37
13212,4500.56
13213,5109.79
13214,5849.39
13215,6000.92
13216,6769.0
13217,6970.16
13218,7500.05
13219,7300.18
13220,7100.07
13221,6570.87
13222,6570.98
13223,6637.04
13224,6499.66
13225,5096.81
13226,5799.5
13227,6450.72
13228,9529.29
13229,10000.0
13230,10000.0
13231,10000.0
13232,10000.0
13233,10000.0
13234,10000.0
13235,10000.0
13236,10000.0
13237,10000.0
13238,10000.0
13239,10000.0
13240,10000.0
13241,10000.0
13242,10000.0
13243,10000.0
13244,10000.0
13245,10000.0
13246,10000.0
13247,10000.0
13248,10000.0
13249,10000.0
13250,10000.0
13251,10000.0
13252,10000.0
13253,10000.0
13254,10000.0
13255,10000.0
13256,10000.0
13257,7599.37
13258,7088.48
13259,6999.46
13260,6969.23
13261,6689.05
13262,6702.53
13263,6000.93
13264,5505.96
13265,6209.18
13266,6499.36
13267,6569.95
13268,6935.96
13269,6935.58
13270,7529.63
13271,8200.29
13272,8500.47
13273,7100.28
13274,6900.41
13275,6900.06
13276,5799.87
13277,5096.09
13278,4498.25
13279,3510.7
13280,3452.42
13281,3370.61
13282,3452.46
13283,3452.02
13284,3299.76
13285,3178.52
13286,3452.21
13287,3452.18
13288,3452.62
13289,3452.09
13290,3456.45
13291,3466.96
13292,3497.63
13293,3597.36
13294,3600.43
13295,3650.62
13296,3659.19
13297,3719.42
13298,3729.09
13299,3686.43
13300,3681.51
13301,3637.09
13302,3650.58
13303,3729.29
13304,3823.77
13305,4167.01
13306,4438.36
13307,5096.42
13308,5600.13
13309,5109.46
13310,5096.51
13311,5443.69
13312,5096.15
13313,5096.73
13314,5443.6
13315,5096.61
13316,4869.05
13317,6209.17
13318,5956.64
13319,5799.47
13320,5799.21
13321,5350.18
13322,5499.4
13323,5505.92
13324,6209.83
13325,10000.0
13326,10000.0
13327,10000.0
13328,10000.0
13329,10000.0
13330,10000.0
13331,10000.0
13332,10000.0
13333,10000.0
13334,10000.0
13335,10000.0
13336,10000.0
13337,10000.0
13338,10000.0
13339,10000.0
13340,10000.0
13341,10000.0
13342,10000.0
13343,10000.0
13344,10000.0
13345,10000.0
13346,10000.0
13347,10000.0
13348,10000.0
13349,10000.0
13350,10000.0
13351,10000.0
13352,10000.0
13353,9515.67
13354,9799.19
13355,8771.54
13356,8735.96
13357,7939.25
13358,7479.84
13359,6999.25
13360,6756.2
13361,6500.52
13362,5779.62
13363,5600.74
13364,5500.62
13365,6749.82
13366,6935.14
13367,6935.28
13368,6935.06
13369,5000.55
13370,4981.66
13371,4167.1
13372,3800.08
13373,3610.3
13374,3459.75
13375,3459.28
13376,3456.58
13377,3452.54
13378,3489.41
13379,3489.95
13380,3510.98
13381,3456.09
13382,3456.59
13383,3459.81
13384,3489.46
13385,3452.69
13386,3480.73
13387,3489.0
13388,3489.34
13389,3510.73
13390,3510.52
13391,3510.76
13392,3500.36
13393,3525.74
13394,3544.42
13395,3521.58
13396,3529.38
13397,3529.87
13398,3559.81
13399,3650.19
13400,3769.07
13401,4360.34
13402,4499.36
13403,5096.92
13404,5199.76
13405,5398.88
13406,6000.37
13407,6500.23
13408,6346.15
13409,6209.98
13410,5779.62
13411,5540.86
13412,5497.03
13413,6209.34
13414,6000.83
13415,6569.02
13416,6147.72
13417,5779.64
13418,6749.2
13419,6756.55
13420,7299.01
13421,10000.0
13422,10000.0
13423,10000.0
13424,10000.0
13425,10000.0
13426,10000.0
13427,10000.0
13428,10000.0
13429,10000.0
13430,10000.0
13431,10000.0
13432,10000.0
13433,10000.0
13434,10000.0
13435,10000.0
13436,10000.0
13437,10000.0
13438,10000.0
13439,10000.0
13440,10000.0
13441,10000.0
13442,10000.0
13443,10000.0
13444,10000.0
13445,10000.0
13446,10000.0
13447,10000.0
13448,10000.0
13449,10000.0
13450,8596.78
13451,7529.36
13452,6935.81
13453,6749.72
13454,6749.16
13455,5512.98
13456,4990.68
13457,5000.01
13458,5505.23
13459,5600.04
13460,5443.57
13461,5343.48
13462,5096.13
13463,4850.93
13464,4985.17
13465,4257.5
13466,4167.64
13467,3719.03
13468,3490.08
13469,3452.08
13470,3168.54
13471,2948.22
13472,2750.32
13473,2280.76
13474,2169.59
13475,2169.53
13476,2169.37
13477,2299.54
13478,2750.61
13479,2370.06
13480,1999.88
13481,1999.62
13482,1999.7
13483,1999.76
13484,1999.76
13485,1999.88
13486,1999.95
13487,2280.02
13488,2370.62
13489,2200.52
13490,2280.37
13491,2169.76
13492,2000.78
13493,2169.01
13494,2169.5
13495,2280.12
13496,2370.99
13497,2695.56
13498,2710.84
13499,3299.5
13500,3300.63
13501,3396.45
13502,3396.91
13503,3400.24
13504,3396.63
13505,3396.2
13506,3396.73
13507,3396.63
13508,3300.76
13509,3396.23
13510,3396.7
13511,3396.65
13512,3396.83
13513,3547.22
13514,3609.07
13515,3550.55
13516,3750.32
13517,3750.34
13518,4749.6
13519,6209.97
13520,7099.82
13521,5490.16
13522,5505.37
13523,6209.95
13524,7099.5
13525,8600.61
13526,10000.0
13527,10000.0
13528,10000.0
13529,10000.0
13530,10000.0
13531,10000.0
13532,10000.0
13533,10000.0
13534,10000.0
13535,10000.0
13536,10000.0
13537,10000.0
13538,10000.0
13539,10000.0
13540,10000.0
13541,9999.21
13542,8434.78
13543,5999.63
13544,4953.97
13545,4360.24
13546,4094.6
13547,3850.84
13548,3829.65
13549,4095.37
13550,3898.95
13551,3850.93
13552,3900.08
13553,3750.61
13554,3650.43
13555,3595.78
13556,3601.41
13557,3850.03
13558,3751.0
13559,3850.04
13560,3650.32
13561,4227.61
13562,3900.08
13563,3659.96
13564,3551.48
13565,3452.63
13566,3452.31
13567,3452.31
13568,3396.73
13569,3350.16
13570,3299.8
13571,3299.22
13572,3226.67
13573,3198.79
13574,3400.13
13575,3300.95
13576,3350.95
13577,3200.72
13578,3226.32
13579,3226.87
13580,3226.86
13581,3335.21
13582,3350.69
13583,3398.58
13584,3400.99
13585,3461.77
13586,3502.04
13587,3476.82
13588,3469.88
13589,3396.13
13590,3396.14
13591,3500.13
13592,3576.84
13593,3650.41
13594,3830.97
13595,3899.17
13596,4360.75
13597,5210.11
13598,5779.99
13599,6500.88
13600,6500.33
13601,5210.71
13602,5297.97
13603,5210.19
13604,5505.94
13605,5600.98
13606,5991.27
13607,5137.87
13608,4869.7
13609,4438.45
13610,4530.01
13611,4800.26
13612,5135.0
13613,7299.7
13614,9999.35
13615,9999.53
13616,9999.66
13617,9999.62
13618,9999.71
13619,10000.0
13620,10000.0
13621,10000.0
13622,10000.0
13623,10000.0
13624,10000.0
13625,10000.0
13626,10000.0
13627,10000.0
13628,10000.0
13629,10000.0
13630,10000.0
13631,10000.0
13632,10000.0
13633,9999.78
13634,9999.69
13635,9999.56
13636,9999.41
13637,9999.26
13638,9999.07
13639,6949.53
13640,6471.62
13641,5062.06
13642,5352.84
13643,5352.01
13644,4841.06
13645,4821.51
13646,4496.16
13647,4100.1
13648,3830.68
13649,3830.74
13650,4009.83
13651,3850.86
13652,4320.6
13653,4518.82
13654,4600.19
13655,4850.94
13656,5096.74
13657,4320.33
13658,4153.37
13659,3719.5
13660,3598.74
13661,3452.5
13662,3452.04
13663,3452.34
13664,3440.9
13665,3215.67
13666,3176.73
13667,3226.42
13668,3226.7
13669,3148.21
13670,3198.26
13671,3226.22
13672,3350.76
13673,3226.62
13674,3226.61
13675,3300.23
13676,3299.94
13677,3301.0
13678,3396.35
13679,3401.5
13680,3490.48
13681,3450.79
13682,3450.93
13683,3490.14
13684,3480.89
13685,3226.46
13686,3198.99
13687,3299.2
13688,3396.55
13689,3590.28
13690,3700.9
13691,4000.36
13692,4000.9
13693,4000.21
13694,4000.96
13695,4020.92
13696,4009.64
13697,4000.94
13698,4000.46
13699,3650.62
13700,3512.9
13701,3564.22
13702,3456.1
13703,3465.93
13704,3456.83
13705,3630.26
13706,3719.15
13707,4153.25
13708,4300.55
13709,4780.29
13710,4950.38
13711,5000.86
13712,5500.99
13713,4999.48
13714,5136.67
13715,5300.79
13716,5443.17
13717,5443.74
13718,6209.09
13719,7299.84
13720,9999.07
13721,9999.18
13722,9999.33
13723,9999.45
13724,9999.55
13725,9999.42
13726,9999.4
13727,9999.39
13728,9999.3
13729,9999.46
13730,9999.39
13731,9999.29
13732,9999.25
13733,9799.6
13734,6749.1
13735,5600.75
13736,4800.25
13737,3850.49
13738,3850.77
13739,4009.08
13740,3830.97
13741,4100.61
13742,4000.14
13743,4225.11
13744,4100.55
13745,4100.75
13746,4228.54
13747,3930.21
13748,3900.6
13749,3830.09
13750,4009.31
13751,4499.71
13752,4500.07
13753,4320.78
13754,4009.58
13755,3719.37
13756,3499.22
13757,3350.63
13758,3270.9
13759,3299.35
13760,3226.94
13761,3176.87
13762,3062.81
13763,2948.07
13764,2800.7
13765,2864.32
13766,3188.22
13767,3350.27
13768,3396.21
13769,3350.32
13770,3396.43
13771,3396.87
13772,3420.63
13773,3488.11
13774,3473.57
13775,3510.24
13776,3560.15
13777,3650.03
13778,3830.13
13779,3830.13
13780,3750.72
13781,3510.9
13782,3510.32
13783,3560.3
13784,3607.94
13785,3700.59
13786,3850.14
13787,4100.14
13788,4153.16
13789,4110.62
13790,3884.77
13791,3899.71
13792,3750.77
13793,4153.43
13794,4153.76
13795,3719.97
13796,3719.15
13797,3750.06
13798,3630.71
13799,3609.86
13800,3456.56
13801,3628.09
13802,3719.66
13803,3884.78
13804,4153.32
13805,4981.6
13806,5138.98
13807,6100.84
13808,6669.77
13809,5869.11
13810,6300.63
13811,6300.28
13812,7689.43
13813,8180.81
13814,8180.82
13815,8434.27
13816,8999.85
13817,9999.11
13818,9999.29
13819,9999.42
13820,9999.47
13821,9999.41
13822,9999.32
13823,9999.27
13824,9999.16
13825,4999.02
13826,4499.6
13827,4360.3
13828,4252.09
13829,3869.32
13830,3869.26
13831,3869.7
13832,3869.11
13833,3750.32
13834,3750.64
13835,3597.38
13836,3550.9
13837,3533.36
13838,3495.31
13839,3490.64
13840,3488.59
13841,3396.11
13842,3396.09
13843,3396.68
13844,3396.09
13845,3396.6
13846,3396.19
13847,3300.2
13848,3299.46
13849,3215.02
13850,2899.3
13851,2744.91
13852,2614.74
13853,2099.43
13854,2099.02
13855,2342.23
13856,2280.47
13857,2099.02
13858,2064.67
13859,2064.83
13860,2064.53
13861,2040.67
13862,2040.67
13863,2064.2
13864,2064.78
13865,2064.98
13866,2342.02
13867,2499.66
13868,2614.31
13869,2614.74
13870,2614.76
13871,2744.73
13872,2783.54
13873,2783.17
13874,2783.14
13875,2783.03
13876,2744.63
13877,2614.17
13878,2580.35
13879,2650.88
13880,2744.17
13881,2783.55
13882,2783.68
13883,2814.93
13884,2899.31
13885,3050.33
13886,3022.17
13887,3010.15
13888,2899.69
13889,3148.31
13890,3081.71
13891,3050.07
13892,2942.69
13893,2900.92
13894,2837.01
13895,2814.82
13896,2814.99
13897,3050.5
13898,3299.87
13899,3410.57
13900,3439.86
13901,4999.1
13902,5096.78
13903,5096.06
13904,5100.55
13905,4800.7
13906,4528.74
13907,4700.36
13908,4528.29
13909,4800.45
13910,4800.36
13911,4810.75
13912,4999.26
13913,5096.94
13914,6000.17
13915,6000.84
13916,6010.44
13917,6659.09
13918,6000.68
13919,5779.03
13920,5280.61
13921,4000.08
13922,3889.21
13923,3622.98
13924,3519.5
13925,3350.15
13926,3246.81
13927,3107.31
13928,3000.82
13929,2870.5
13930,2820.61
13931,2799.98
13932,2551.0
13933,2696.18
13934,2550.36
13935,2487.92
13936,2487.43
13937,2395.76
13938,2500.75
13939,2703.06
13940,2600.13
13941,2298.78
13942,2500.52
13943,2850.54
13944,2870.37
13945,3178.87
13946,3188.81
13947,3210.98
13948,3100.63
13949,2814.65
13950,2814.57
13951,2814.61
13952,2814.32
13953,2783.23
13954,2783.46
13955,2783.58
13956,2783.73
13957,2729.3
13958,2729.86
13959,2783.03
13960,2783.68
13961,2783.61
13962,2799.32
13963,2837.03
13964,2888.75
13965,2942.72
13966,3000.5
13967,3195.35
13968,3226.02
13969,3299.54
13970,3350.78
13971,3350.95
13972,3299.54
13973,3081.07
13974,3081.16
13975,3196.37
13976,3360.59
13977,3452.17
13978,3456.23
13979,3598.95
13980,3630.04
13981,3632.89
13982,3640.85
13983,3659.2
13984,3619.88
13985,3899.24
13986,3992.09
13987,3640.4
13988,3560.88
13989,3614.91
13990,3612.79
13991,3613.98
13992,3608.64
13993,3719.04
13994,3936.05
13995,4153.16
13996,3750.26
13997,4540.85
13998,4950.38
13999,4749.33
14000,4600.65
14001,4528.96
14002,4500.88
14003,4320.87
14004,4320.09
14005,4607.75
14006,5000.07
14007,5000.17
14008,5000.18
14009,5000.34
14010,5163.85
14011,5469.07
14012,6010.09
14013,5127.47
14014,5000.51
14015,4800.95
14016,4400.85
14017,3252.0
14018,3250.1
14019,2999.83
14020,2950.66
14021,2626.26
14022,2539.42
14023,2500.08
14024,2450.01
14025,2379.6
14026,2300.88
14027,2169.86
14028,2169.01
14029,2169.14
14030,2000.25
14031,1999.88
14032,1999.65
14033,1999.38
14034,1999.52
14035,1999.5
14036,1999.77
14037,1841.44
14038,1999.48
14039,2142.53
14040,1999.95
14041,1999.0
14042,1999.35
14043,1999.57
14044,1999.63
14045,1999.21
14046,1999.57
14047,1999.98
14048,1999.64
14049,1999.23
14050,1999.23
14051,1999.22
14052,1999.08
14053,1999.21
14054,1999.4
14055,1999.47
14056,1999.48
14057,1999.84
14058,2130.26
14059,1999.97
14060,2169.3
14061,2169.33
14062,2169.04
14063,1999.9
14064,1999.61
14065,1999.54
14066,1999.6
14067,1999.64
14068,1999.5
14069,1999.08
14070,1999.22
14071,1999.7
14072,2169.6
14073,2550.54
14074,2948.47
14075,3396.16
14076,3400.08
14077,3452.51
14078,3396.9
14079,3270.87
14080,2942.17
14081,3000.75
14082,3081.98
14083,2837.67
14084,2814.62
14085,2990.37
14086,2990.12
14087,2999.07
14088,2999.71
14089,3410.28
14090,3487.82
14091,3646.39
14092,3719.59
14093,4250.31
14094,4457.28
14095,4700.62
14096,4500.63
14097,4358.35
14098,4001.0
14099,3913.06
14100,3890.0
14101,4230.16
14102,4358.76
14103,4530.55
14104,4880.37
14105,4880.3
14106,5565.27
14107,5569.27
14108,5569.02
14109,5427.85
14110,5406.21
14111,5332.35
14112,4479.83
14113,6717.07
14114,6510.89
14115,6170.78
14116,5600.2
14117,5600.77
14118,4999.54
14119,4999.62
14120,4609.95
14121,4510.5
14122,4438.05
14123,4510.04
14124,4208.94
14125,4139.79
14126,4139.26
14127,4139.81
14128,4139.45
14129,3900.07
14130,4037.0
14131,4050.96
14132,4129.82
14133,3889.37
14134,4159.93
14135,4153.76
14136,4139.66
14137,3659.05
14138,3595.42
14139,3542.79
14140,3452.42
14141,2837.38
14142,2783.45
14143,2379.18
14144,2169.53
14145,1999.66
14146,1999.53
14147,1999.37
14148,1999.33
14149,1900.79
14150,1900.18
14151,1840.67
14152,1799.17
14153,1900.05
14154,1900.13
14155,1900.67
14156,1989.03
14157,1900.64
14158,1900.08
14159,1900.79
14160,1989.96
14161,1999.1
14162,1999.31
14163,1999.35
14164,1999.35
14165,1999.07
14166,1999.14
14167,1999.2
14168,1999.29
14169,1999.59
14170,2000.54
14171,2280.34
14172,2379.26
14173,2379.2
14174,2380.82
14175,2380.8
14176,2380.79
14177,2799.03
14178,3000.5
14179,3000.29
14180,3270.75
14181,3000.06
14182,3000.09
14183,2900.72
14184,3000.06
14185,3612.8
14186,3653.11
14187,3719.62
14188,3600.57
14189,4479.51
14190,4700.97
14191,4500.18
14192,4350.87
14193,4500.35
14194,4499.59
14195,4500.05
14196,4498.86
14197,4999.51
14198,5500.66
14199,6000.07
14200,6000.44
14201,6500.77
14202,6500.39
14203,6613.75
14204,6657.53
14205,6729.7
14206,6669.44
14207,6496.57
14208,6342.99
14209,10000.0
14210,10000.0
14211,9880.72
14212,7990.57
14213,7000.22
14214,7377.32
14215,7377.06
14216,6759.89
14217,5999.11
14218,4942.61
14219,4816.21
14220,4500.64
14221,4500.83
14222,4418.31
14223,4340.95
14224,4315.56
14225,3947.47
14226,3990.29
14227,4456.69
14228,4500.63
14229,4881.34
14230,5600.7
14231,6000.31
14232,6000.75
14233,4360.09
14234,3947.98
14235,3850.2
14236,3456.74
14237,2870.72
14238,2990.92
14239,3100.25
14240,2990.72
14241,2862.76
14242,2836.8
14243,2836.21
14244,2814.96
14245,2750.97
14246,2750.45
14247,2783.33
14248,2783.86
14249,2783.56
14250,2814.08
14251,2814.79
14252,2870.21
14253,2900.45
14254,2940.17
14255,3200.52
14256,3000.98
14257,3219.25
14258,3299.67
14259,3250.54
14260,3230.13
14261,2923.1
14262,2990.41
14263,3262.37
14264,3456.52
14265,3610.62
14266,3612.92
14267,3700.09
14268,3780.62
14269,4225.96
14270,5010.02
14271,5260.32
14272,5136.05
14273,4700.31
14274,5000.78
14275,4150.91
14276,4150.33
14277,4479.91
14278,4360.15
14279,4225.96
14280,3899.67
14281,4500.27
14282,5100.01
14283,5779.6
14284,8100.15
14285,10000.0
14286,10000.0
14287,10000.0
14288,10000.0
14289,10000.0
14290,10000.0
14291,10000.0
14292,10000.0
14293,10000.0
14294,10000.0
14295,10000.0
14296,10000.0
14297,10000.0
14298,10000.0
14299,10000.0
14300,10000.0
14301,10000.0
14302,10000.0
14303,10000.0
14304,10000.0
14305,10000.0
14306,10000.0
14307,10000.0
14308,10000.0
14309,10000.0
14310,9243.05
14311,7508.65
14312,7377.64
14313,7233.02
14314,6869.5
14315,5600.2
14316,4710.81
14317,4719.91
14318,4500.92
14319,4428.98
14320,4316.42
14321,4360.57
14322,4214.46
14323,4428.53
14324,4428.35
14325,4428.95
14326,4510.9
14327,4935.92
14328,5000.54
14329,4000.69
14330,4000.47
14331,3850.37
14332,3492.72
14333,3219.26
14334,3219.19
14335,3037.91
14336,3000.43
14337,2891.24
14338,2940.44
14339,3146.06
14340,3000.79
14341,2814.69
14342,2836.85
14343,2870.27
14344,2940.77
14345,2887.14
14346,3146.84
14347,3252.22
14348,3452.06
14349,3452.65
14350,3456.12
14351,3488.2
14352,3452.85
14353,3456.53
14354,3456.51
14355,3452.71
14356,3456.21
14357,3200.68
14358,3193.48
14359,3473.94
14360,3552.95
14361,3612.97
14362,3659.39
14363,3750.93
14364,3988.21
14365,4120.84
14366,4120.66
14367,4000.51
14368,4240.11
14369,3719.58
14370,3850.59
14371,3719.53
14372,3750.55
14373,4000.69
14374,3899.25
14375,3850.26
14376,3750.58
14377,3659.01
14378,3775.0
14379,4350.58
14380,5000.89
14381,8000.53
14382,10000.0
14383,9545.3
14384,9529.83
14385,7377.77
14386,7377.06
14387,6759.97
14388,6749.77
14389,9803.02
14390,10000.0
14391,10000.0
14392,10000.0
14393,10000.0
14394,10000.0
14395,10000.0
14396,10000.0
14397,10000.0
14398,10000.0
14399,10000.0
14400,10000.0
14401,10000.0
14402,10000.0
14403,10000.0
14404,10000.0
14405,10000.0
14406,10000.0
14407,10000.0
14408,10000.0
14409,10000.0
14410,10000.0
14411,9000.34
14412,8000.16
14413,5886.75
14414,5490.96
14415,5500.61
14416,5250.38
14417,5135.47
14418,5084.04
14419,5250.86
14420,5293.31
14421,5180.1
14422,5380.59
14423,5250.6
14424,5250.02
14425,4097.1
14426,3889.41
14427,3498.37
14428,3396.17
14429,2999.44
14430,2950.69
14431,2940.53
14432,2888.34
14433,2829.72
14434,2888.73
14435,2940.49
14436,2950.16
14437,2870.91
14438,2950.08
14439,3452.29
14440,3452.69
14441,3420.33
14442,3525.54
14443,3595.79
14444,3595.71
14445,3650.38
14446,3711.41
14447,3764.37
14448,3744.48
14449,3740.97
14450,3650.98
14451,3650.34
14452,3644.03
14453,3598.51
14454,3560.87
14455,3620.88
14456,3617.28
14457,3803.53
14458,3899.45
14459,3971.74
14460,4150.2
14461,4000.34
14462,3959.32
14463,4121.73
14464,4150.13
14465,3960.21
14466,4009.63
14467,3719.87
14468,3719.38
14469,3899.52
14470,4000.03
14471,3910.74
14472,3850.35
14473,3850.33
14474,4400.71
14475,4850.29
14476,5291.04
14477,10000.0
14478,10000.0
14479,10000.0
14480,10000.0
14481,10000.0
14482,10000.0
14483,10000.0
14484,8999.15
14485,10000.0
14486,10000.0
14487,10000.0
14488,10000.0
14489,10000.0
14490,10000.0
14491,10000.0
14492,10000.0
14493,10000.0
14494,10000.0
14495,10000.0
14496,10000.0
481,10000.0
482,10000.0
483,10000.0
484,10000.0
485,10000.0
486,10000.0
487,10000.0
488,10000.0
489,10000.0
490,10000.0
491,8093.25
492,6000.2
493,5332.52
494,4750.12
495,5029.82
496,4428.83
497,4250.55
498,4428.24
499,4499.32
500,4951.59
501,3899.86
502,3988.59
503,4809.49
504,4428.68
505,3850.2
506,3560.06
507,3498.37
508,3452.92
509,3219.43
510,3000.27
511,2978.49
512,2948.85
513,2888.82
514,3140.25
515,3193.23
516,3100.98
517,3062.59
518,3253.9
519,3456.94
520,3500.6
521,3499.29
522,3564.67
523,3590.31
524,3590.55
525,3640.75
526,3650.6
527,3690.93
528,3730.14
529,3730.8
530,3730.43
531,3690.02
532,3650.33
533,3590.94
534,3537.73
535,3620.58
536,3650.96
537,3870.27
538,4239.34
539,4239.41
540,4239.64
541,4499.15
542,5000.01
543,5000.08
544,5000.07
545,4500.58
546,4979.17
547,4500.88
548,4979.44
549,5000.76
550,5000.46
551,5352.12
552,5352.06
553,5500.73
554,6500.29
555,7426.35
556,7479.08
557,10000.0
558,10000.0
559,10000.0
560,10000.0
561,10000.0
562,10000.0
563,10000.0
564,10000.0
565,10000.0
566,10000.0
567,10000.0
568,10000.0
569,10000.0
570,10000.0
571,10000.0
572,10000.0
573,10000.0
574,10000.0
575,10000.0
576,10000.0
3457,10000.0
3458,10000.0
3459,10000.0
3460,10000.0
3461,10000.0
3462,10000.0
3463,10000.0
3464,9799.64
3465,7678.18
3466,6510.32
3467,5600.61
3468,4499.77
3469,4988.75
3470,4455.41
3471,4499.44
3472,4249.27
3473,4000.16
3474,3900.75
3475,3999.25
3476,3899.92
3477,3499.11
3478,3499.73
3479,3549.7
3480,3549.8
3481,3358.69
3482,3146.34
3483,2869.74
3484,2814.89
3485,2799.23
3486,2783.64
3487,2783.24
3488,2783.01
3489,2642.3
3490,2783.71
3491,2814.25
3492,2814.75
3493,2799.31
3494,2862.16
3495,3034.24
3496,3358.23
3497,3257.84
3498,3241.06
3499,3250.38
3500,3250.96
3501,3370.05
3502,3459.39
3503,3449.88
3504,3459.58
3505,3449.36
3506,3449.64
3507,3460.77
3508,3459.81
3509,3364.78
3510,3292.9
3511,3486.88
3512,3475.45
3513,3510.81
3514,3659.65
3515,3899.78
3516,4150.07
3517,4239.27
3518,4340.53
3519,4800.35
3520,5000.23
3521,4388.32
3522,4250.68
3523,3999.11
3524,3999.71
3525,3659.96
3526,3850.53
3527,4499.93
3528,4499.99
3529,4408.83
3530,5049.36
3531,5940.14
3532,6655.91
3533,10000.0
3534,10000.0
3535,10000.0
3536,10000.0
3537,10000.0
3538,10000.0
3539,10000.0
3540,10000.0
3541,10000.0
3542,10000.0
3543,10000.0
3544,10000.0
3545,10000.0
3546,10000.0
3547,10000.0
3548,10000.0
3549,10000.0
3550,10000.0
3551,10000.0
3552,10000.0
6145,10000.0
6146,10000.0
6147,10000.0
6148,10000.0
6149,10000.0
6150,9948.13
6151,8000.38
6152,6510.06
6153,6510.12
6154,6000.17
6155,5999.81
6156,5693.03
6157,5510.97
6158,5136.41
6159,5099.02
6160,5138.65
6161,4732.04
6162,4519.15
6163,5029.08
6164,5029.53
6165,5000.18
6166,5029.67
6167,5499.5
6168,5500.17
6169,4360.9
6170,4428.4
6171,3749.07
6172,3452.51
6173,3250.67
6174,3075.64
6175,2899.46
6176,2836.96
6177,2830.22
6178,2864.86
6179,2899.65
6180,2940.2
6181,2836.89
6182,2940.77
6183,3250.39
6184,3452.25
6185,3347.9
6186,3380.88
6187,3489.22
6188,3498.63
6189,3543.59
6190,3560.47
6191,3549.9
6192,3539.46
6193,3549.03
6194,3549.18
6195,3540.73
6196,3515.43
6197,3498.84
6198,3420.22
6199,3500.78
6200,3559.08
6201,3690.0
6202,3810.9
6203,4091.74
6204,4000.17
6205,4029.65
6206,4150.57
6207,4150.36
6208,4200.12
6209,4250.98
6210,4409.03
6211,4200.47
6212,4315.64
6213,4500.17
6214,4519.61
6215,4499.48
6216,4100.65
6217,4428.61
6218,4519.32
6219,4981.16
6220,5099.31
6221,10000.0
6222,10000.0
6223,10000.0
6224,10000.0
6225,10000.0
6226,10000.0
6227,10000.0
6228,10000.0
6229,10000.0
6230,10000.0
6231,10000.0
6232,10000.0
6233,10000.0
6234,10000.0
6235,10000.0
6236,10000.0
6237,10000.0
6238,10000.0
6239,10000.0
6240,10000.0
9121,10000.0
9122,10000.0
9123,10000.0
9124,10000.0
9125,10000.0
9126,10000.0
9127,10000.0
9128,10000.0
9129,10000.0
9130,8999.99
9131,7480.44
9132,6656.11
9133,6500.47
9134,5669.38
9135,5600.7
9136,5510.83
9137,5510.74
9138,5510.55
9139,5510.03
9140,5510.05
9141,5500.53
9142,5500.25
9143,5510.02
9144,5500.26
9145,4540.29
9146,4899.43
9147,4350.16
9148,3659.89
9149,3452.95
9150,3452.49
9151,3452.23
9152,3255.6
9153,2821.8
9154,2940.43
9155,2888.89
9156,2948.63
9157,2814.58
9158,2814.75
9159,2888.79
9160,3000.5
9161,2699.89
9162,2920.07
9163,3000.32
9164,3050.1
9165,3153.27
9166,3228.21
9167,3150.51
9168,3170.48
9169,3097.28
9170,3250.14
9171,3294.68
9172,3300.35
9173,3000.51
9174,2940.34
9175,3100.23
9176,3161.41
9177,3459.32
9178,3510.74
9179,3611.84
9180,3659.79
9181,3889.01
9182,3889.44
9183,3988.66
9184,4000.61
9185,4000.78
9186,4150.88
9187,4150.3
9188,4000.73
9189,3889.67
9190,3850.54
9191,3659.01
9192,3611.44
9193,3611.81
9194,3850.53
9195,3889.93
9196,4421.09
9197,6656.72
9198,8000.18
9199,8000.56
9200,8999.0
9201,8000.32
9202,8000.36
9203,8393.76
9204,8999.82
9205,10000.0
9206,10000.0
9207,10000.0
9208,10000.0
9209,10000.0
9210,10000.0
9211,10000.0
9212,10000.0
9213,10000.0
9214,10000.0
9215,10000.0
9216,10000.0
12001,10000.0
12002,10000.0
12003,10000.0
12004,9799.5
12005,7204.75
12006,6510.72
12007,6209.86
12008,5683.38
12009,4999.44
12010,4999.81
12011,5029.23
12012,4850.26
12013,4850.62
12014,4850.36
12015,4139.94
12016,4250.92
12017,4428.05
12018,4428.0
12019,4428.69
12020,4499.31
12021,4428.67
12022,4428.11
12023,5029.12
12024,4999.58
12025,4100.9
12026,4100.97
12027,3850.87
12028,3456.91
12029,3452.19
12030,3396.51
12031,3240.11
12032,3340.34
12033,3147.49
12034,3219.94
12035,3396.08
12036,3396.19
12037,3299.33
12038,3396.87
12039,3396.99
12040,3396.93
12041,3200.43
12042,3200.86
12043,3299.13
12044,3299.79
12045,3396.55
12046,3420.22
12047,3410.78
12048,3420.55
12049,3500.97
12050,3528.1
12051,3527.02
12052,3547.54
12053,3500.59
12054,3465.34
12055,3527.28
12056,3549.74
12057,3780.49
12058,4029.17
12059,4500.03
12060,4659.88
12061,5000.35
12062,5500.18
12063,5510.03
12064,5679.14
12065,5500.7
12066,5510.81
12067,5500.11
12068,5137.88
12069,4899.04
12070,4600.28
12071,4317.72
12072,4240.87
12073,4499.34
12074,4750.27
12075,4981.0
12076,5510.22
12077,10000.0
12078,10000.0
12079,10000.0
12080,10000.0
12081,10000.0
12082,10000.0
12083,10000.0
12084,10000.0
12085,10000.0
12086,10000.0
12087,10000.0
12088,10000.0
12089,10000.0
12090,10000.0
12091,10000.0
12092,10000.0
12093,10000.0
12094,10000.0
12095,10000.0
12096,10000.0
14977,10000.0
14978,10000.0
14979,10000.0
14980,10000.0
14981,10000.0
14982,10000.0
14983,10000.0
14984,10000.0
14985,10000.0
14986,10000.0
14987,7999.64
14988,6510.3
14989,6656.77
14990,6689.56
14991,6209.02
14992,6000.83
14993,5510.71
14994,5510.56
14995,5638.36
14996,5679.18
14997,5904.01
14998,5510.73
14999,5510.8
15000,5679.9
15001,5000.04
15002,5070.95
15003,4000.77
15004,3628.34
15005,3452.92
15006,3452.76
15007,3452.48
15008,3452.12
15009,3396.82
15010,3452.37
15011,3452.77
15012,3456.61
15013,3452.78
15014,3506.14
15015,3567.47
15016,3650.41
15017,3560.37
15018,3595.15
15019,3650.5
15020,3779.76
15021,3793.72
15022,3820.43
15023,3820.8
15024,3850.52
15025,3889.43
15026,3895.71
15027,3889.96
15028,3889.73
15029,3807.21
15030,3779.24
15031,3820.9
15032,3880.65
15033,3950.35
15034,5029.11
15035,5190.63
15036,5510.54
15037,5679.44
15038,6000.26
15039,6000.4
15040,6200.09
15041,6000.3
15042,6200.31
15043,6000.95
15044,6000.91
15045,5869.08
15046,5679.21
15047,5510.58
15048,5510.79
15049,5510.24
15050,6656.21
15051,9000.27
15052,10000.0
15053,10000.0
15054,10000.0
15055,10000.0
15056,10000.0
15057,10000.0
15058,10000.0
15059,10000.0
15060,10000.0
15061,10000.0
15062,10000.0
15063,10000.0
15064,10000.0
15065,10000.0
15066,10000.0
15067,10000.0
15068,10000.0
15069,10000.0
15070,10000.0
15071,10000.0
15072,10000.0
17857,10000.0
17858,10000.0
17859,10000.0
17860,10000.0
17861,10000.0
17862,10000.0
17863,10000.0
17864,10000.0
17865,10000.0
17866,9799.51
17867,9799.21
17868,7200.12
17869,7171.01
17870,6000.7
17871,5999.72
17872,5750.12
17873,6000.09
17874,6000.76
17875,6029.51
17876,6000.76
17877,5750.64
17878,5510.98
17879,5510.99
17880,5699.11
17881,4508.7
17882,4360.06
17883,4000.59
17884,3659.63
17885,3452.92
17886,3452.32
17887,3396.96
17888,3389.03
17889,3290.45
17890,3400.63
17891,3400.54
17892,3452.14
17893,3400.17
17894,3480.53
17895,3611.12
17896,3659.39
17897,3650.93
17898,3831.2
17899,3844.51
17900,3852.99
17901,3880.1
17902,3880.47
17903,3999.08
17904,4000.61
17905,4139.29
17906,4139.3
17907,4139.26
17908,4120.84
17909,3880.76
17910,3880.2
17911,4120.07
17912,4139.13
17913,4438.52
17914,5510.83
17915,5510.95
17916,5529.83
17917,5699.71
17918,6209.99
17919,6500.65
17920,7171.13
17921,6209.8
17922,7000.68
17923,6500.4
17924,6500.66
17925,5529.65
17926,5500.41
17927,4790.55
17928,4438.68
17929,4790.15
17930,5137.78
17931,6209.52
17932,7171.38
17933,10000.0
17934,10000.0
17935,10000.0
17936,10000.0
17937,10000.0
17938,10000.0
17939,10000.0
17940,10000.0
17941,10000.0
17942,10000.0
17943,10000.0
17944,10000.0
17945,10000.0
17946,10000.0
17947,10000.0
17948,10000.0
17949,10000.0
17950,10000.0
17951,10000.0
17952,10000.0
20833,10000.0
20834,10000.0
20835,10000.0
20836,10000.0
20837,10000.0
20838,10000.0
20839,7171.85
20840,6993.84
20841,7171.16
20842,7171.04
20843,6553.98
20844,6553.12
20845,6000.3
20846,5750.83
20847,5669.51
20848,5510.22
20849,5500.32
20850,5136.36
20851,5500.99
20852,5500.68
20853,5500.72
20854,4508.49
20855,4259.44
20856,4009.17
20857,3889.99
20858,3750.09
20859,3611.54
20860,3456.31
20861,3383.21
20862,3342.58
20863,3342.33
20864,3334.64
20865,3376.06
20866,3322.94
20867,3428.09
20868,3459.1
20869,3516.89
20870,3650.92
20871,3800.79
20872,3801.85
20873,3656.4
20874,3781.72
20875,3785.09
20876,3798.59
20877,3820.06
20878,3880.47
20879,3889.04
20880,3889.49
20881,3999.12
20882,3999.13
20883,3889.89
20884,3889.41
20885,3820.39
20886,3800.46
20887,3820.6
20888,4000.5
20889,5510.92
20890,5999.93
20891,6000.83
20892,6499.44
20893,6553.2
20894,7000.89
20895,6955.1
20896,6553.79
20897,6499.11
20898,6689.28
20899,6553.63
20900,6499.51
20901,5669.53
20902,5510.79
20903,5480.3
20904,5012.73
20905,5060.23
20906,5060.72
20907,5500.65
20908,5750.27
20909,10000.0
20910,10000.0
20911,10000.0
20912,10000.0
20913,10000.0
20914,10000.0
20915,10000.0
20916,10000.0
20917,10000.0
20918,10000.0
20919,10000.0
20920,10000.0
20921,10000.0
20922,10000.0
20923,10000.0
20924,10000.0
20925,10000.0
20926,10000.0
20927,10000.0
20928,10000.0
23809,10000.0
23810,10000.0
23811,10000.0
23812,10000.0
23813,10000.0
23814,10000.0
23815,10000.0
23816,10000.0
23817,7171.38
23818,7171.83
23819,8393.29
23820,7171.2
23821,6500.96
23822,6499.9
23823,6250.58
23824,6000.4
23825,5750.95
23826,5750.73
23827,5750.77
23828,5510.53
23829,5999.91
23830,6000.19
23831,6000.27
23832,5750.73
23833,4498.11
23834,4240.81
23835,4240.56
23836,4151.79
23837,3659.46
23838,3659.67
23839,3650.1
23840,3650.61
23841,3650.9
23842,3749.48
23843,3880.14
23844,3850.19
23845,3750.85
23846,3820.77
23847,3880.28
23848,3880.7
23849,3800.05
23850,3820.12
23851,3817.97
23852,3850.2
23853,3988.03
23854,3999.13
23855,3999.41
23856,3999.81
23857,3889.49
23858,3850.62
23859,3889.22
23860,3880.69
23861,3850.88
23862,3889.63
23863,4141.19
23864,4438.45
23865,5699.33
23866,5999.56
23867,6000.76
23868,6250.27
23869,6510.49
23870,6510.31
23871,6510.82
23872,6656.01
23873,6499.53
23874,6499.95
23875,6499.22
23876,6000.98
23877,5930.6
23878,5529.73
23879,5510.72
23880,5480.46
23881,5012.14
23882,4999.67
23883,4981.32
23884,5510.42
23885,6209.96
23886,7171.68
23887,8000.39
23888,8000.58
23889,8999.76
23890,10000.0
23891,10000.0
23892,10000.0
23893,10000.0
23894,10000.0
23895,10000.0
23896,10000.0
23897,10000.0
23898,10000.0
23899,10000.0
23900,10000.0
23901,10000.0
23902,10000.0
23903,10000.0
23904,10000.0
26689,10000.0
26690,10000.0
26691,10000.0
26692,10000.0
26693,10000.0
26694,10000.0
26695,10000.0
26696,10000.0
26697,10000.0
26698,10000.0
26699,10000.0
26700,10000.0
26701,10000.0
26702,9500.13
26703,8000.61
26704,7700.45
26705,6656.76
26706,6552.29
26707,6500.54
26708,6500.17
26709,6499.2
26710,6500.08
26711,6500.23
26712,6250.82
26713,5478.3
26714,4830.5
26715,4812.32
26716,4240.88
26717,3749.68
26718,3719.5
26719,3628.51
26720,3611.47
26721,3554.21
26722,3659.15
26723,3719.15
26724,3690.45
26725,3690.38
26726,3749.75
26727,3749.84
26728,3749.55
26729,3589.14
26730,3588.84
26731,3589.19
26732,3620.04
26733,3714.4
26734,3749.22
26735,3749.5
26736,3820.4
26737,3880.32
26738,3988.65
26739,3880.53
26740,3880.29
26741,3749.78
26742,3780.64
26743,3880.1
26744,4000.94
26745,4708.97
26746,4500.44
26747,4788.13
26748,4788.9
26749,5529.54
26750,5529.98
26751,5500.65
26752,5529.26
26753,5000.61
26754,5500.97
26755,4788.99
26756,4495.7
26757,5138.98
26758,5012.59
26759,4788.09
26760,4257.71
26761,4788.99
26762,4750.84
26763,4708.92
26764,5460.68
26765,8500.08
26766,9799.09
26767,9799.82
26768,10000.0
26769,10000.0
26770,10000.0
26771,10000.0
26772,10000.0
26773,10000.0
26774,10000.0
26775,10000.0
26776,10000.0
26777,10000.0
26778,10000.0
26779,10000.0
26780,10000.0
26781,10000.0
26782,10000.0
26783,10000.0
26784,10000.0
29665,10000.0
29666,10000.0
29667,10000.0
29668,10000.0
29669,10000.0
29670,10000.0
29671,9540.39
29672,8370.45
29673,8805.15
29674,9081.79
29675,6656.95
29676,6656.98
29677,6500.5
29678,6000.36
29679,6000.89
29680,5980.31
29681,6000.12
29682,6000.45
29683,6000.09
29684,5750.21
29685,5500.39
29686,5500.6
29687,4999.45
29688,4999.91
29689,4979.18
29690,4316.13
29691,4123.24
29692,3749.3
29693,3555.24
29694,3552.97
29695,3456.36
29696,3452.12
29697,3100.97
29698,3322.55
29699,2960.64
29700,2948.09
29701,2948.11
29702,2899.11
29703,2899.32
29704,2870.76
29705,2790.85
29706,2848.9
29707,2848.97
29708,2899.81
29709,2960.69
29710,3050.07
29711,3060.7
29712,3100.35
29713,2920.8
29714,2960.19
29715,2960.92
29716,3010.85
29717,2760.01
29718,2848.38
29719,3050.07
29720,3200.41
29721,3342.68
29722,3459.39
29723,3462.04
29724,3382.65
29725,3550.21
29726,3555.74
29727,3555.75
29728,3560.53
29729,3549.19
29730,3541.23
29731,3539.28
29732,3550.44
29733,3481.01
29734,3459.3
29735,3459.03
29736,3426.32
29737,3544.62
29738,3555.39
29739,3523.7
29740,3459.43
29741,3587.94
29742,3749.96
29743,3800.54
29744,4009.62
29745,3913.08
29746,4440.23
29747,4690.49
29748,4999.38
29749,6000.51
29750,6795.14
29751,7171.86
29752,10000.0
29753,10000.0
29754,10000.0
29755,10000.0
29756,10000.0
29757,10000.0
29758,10000.0
29759,10000.0
29760,10000.0
32545,10000.0
32546,9799.48
32547,7171.82
32548,6656.45
32549,8529.68
32550,7171.21
32551,6656.19
32552,6499.52
32553,6499.95
32554,6656.03
32555,6499.72
32556,5999.9
32557,5569.79
32558,5138.86
32559,5000.64
32560,5000.2
32561,4718.49
32562,5000.21
32563,5136.28
32564,5000.79
32565,4718.86
32566,4999.12
32567,4718.49
32568,4499.22
32569,4039.77
32570,4240.13
32571,4151.92
32572,3719.11
32573,3555.8
32574,3555.53
32575,3456.27
32576,3290.83
32577,2960.73
32578,3100.74
32579,3140.85
32580,3152.77
32581,2960.22
32582,3000.74
32583,2960.05
32584,3050.63
32585,3000.47
32586,3322.05
32587,3342.52
32588,3500.27
32589,3587.73
32590,3585.02
32591,3592.86
32592,3596.26
32593,3560.05
32594,3582.47
32595,3560.18
32596,3549.91
32597,3550.48
32598,3574.43
32599,3650.18
32600,3863.17
32601,4120.95
32602,4380.58
32603,4499.17
32604,5000.03
32605,5190.78
32606,5529.92
32607,5599.22
32608,5529.8
32609,5500.22
32610,5110.63
32611,4380.34
32612,4100.36
32613,4000.76
32614,3900.08
32615,3749.34
32616,3749.69
32617,4000.72
32618,4300.11
32619,4300.41
32620,4200.12
32621,5999.03
32622,6656.15
32623,7171.63
32624,7171.93
32625,10000.0
32626,10000.0
32627,10000.0
32628,10000.0
32629,10000.0
32630,10000.0
32631,10000.0
32632,10000.0
32633,10000.0
32634,10000.0
32635,10000.0
32636,10000.0
32637,10000.0
32638,10000.0
32639,10000.0
32640,10000.0
15649,10000.0
15650,10000.0
15651,10000.0
15652,10000.0
15653,10000.0
15654,8529.53
15655,8200.03
15656,7171.55
15657,7999.87
15658,8200.12
15659,6499.18
15660,6000.49
15661,5999.2
15662,5510.49
15663,4999.95
15664,4788.17
15665,4788.41
15666,4668.06
15667,4668.39
15668,4700.43
15669,5510.78
15670,5510.22
15671,5500.55
15672,5500.5
15673,4690.29
15674,4450.37
15675,4149.6
15676,3737.66
15677,3650.96
15678,3586.71
15679,3250.3
15680,2948.36
15681,2750.91
15682,2699.72
15683,2037.54
15684,2000.0
15685,1999.76
15686,2280.38
15687,2870.14
15688,2899.62
15689,2701.5
15690,2800.5
15691,2960.07
15692,3000.19
15693,3322.41
15694,3342.0
15695,3342.36
15696,3342.23
15697,3549.13
15698,3555.95
15699,3559.43
15700,3588.97
15701,3595.57
15702,3620.07
15703,3640.54
15704,3653.8
15705,3672.5
15706,3750.41
15707,3950.2
15708,4227.36
15709,4000.76
15710,4009.27
15711,4150.13
15712,4009.33
15713,4228.66
15714,4018.31
15715,3988.25
15716,3725.91
15717,3988.26
15718,3800.86
15719,3719.23
15720,3689.22
15721,3742.92
15722,4238.13
15723,4257.42
15724,4530.05
15725,5138.96
15726,5999.2
15727,6449.06
15728,7171.38
15729,6449.95
15730,7171.9
15731,9799.08
15732,10000.0
15733,10000.0
15734,10000.0
15735,10000.0
15736,10000.0
15737,10000.0
15738,10000.0
15739,10000.0
15740,10000.0
15741,10000.0
15742,10000.0
15743,10000.0
15744,10000.0
15745,10000.0
15746,10000.0
15747,10000.0
15748,10000.0
15749,10000.0
15750,10000.0
15751,10000.0
15752,9799.47
15753,8750.05
15754,7171.29
15755,6449.44
15756,6000.82
15757,6209.06
15758,6000.33
15759,6000.13
15760,6000.13
15761,6000.04
15762,5750.68
15763,5500.87
15764,5500.26
15765,5999.93
15766,5750.42
15767,5730.6
15768,5510.54
15769,4718.33
15770,4238.93
15771,4149.21
15772,3800.52
15773,3659.32
15774,3560.84
15775,3150.98
15776,2999.85
15777,2750.89
15778,2699.35
15779,2370.76
15780,2370.45
15781,2000.88
15782,2280.58
15783,2280.2
15784,2499.58
15785,2650.44
15786,2750.28
15787,2980.23
15788,3050.62
15789,3302.83
15790,3343.0
15791,3555.2
15792,3560.88
15793,3560.83
15794,3640.52
15795,3650.75
15796,3650.72
15797,3650.21
15798,3690.38
15799,3749.64
15800,3820.18
15801,3880.65
15802,3930.11
15803,4000.24
15804,3988.61
15805,4000.01
15806,3988.95
15807,4100.26
15808,4149.28
15809,4000.28
15810,4149.09
15811,3980.34
15812,3853.49
15813,3988.37
15814,3941.54
15815,3816.8
15816,3719.59
15817,3870.68
15818,4149.02
15819,4238.49
15820,5510.16
15821,5999.95
15822,6449.04
15823,7171.14
15824,7171.04
15825,6500.36
15826,7171.77
15827,10000.0
15828,10000.0
15829,10000.0
15830,10000.0
15831,10000.0
15832,10000.0
15833,10000.0
15834,10000.0
15835,10000.0
15836,10000.0
15837,10000.0
15838,10000.0
15839,10000.0
15840,10000.0
15841,10000.0
15842,10000.0
15843,10000.0
15844,10000.0
15845,10000.0
15846,10000.0
15847,7171.96
15848,6500.9
15849,6209.7
15850,6000.46
15851,5750.28
15852,5529.54
15853,5969.04
15854,5969.46
15855,5730.72
15856,5750.27
15857,5510.87
15858,5529.35
15859,5750.15
15860,5510.44
15861,5969.97
15862,5511.0
15863,5510.61
15864,5510.36
15865,4238.18
15866,4000.99
15867,3659.03
15868,3499.93
15869,3152.83
15870,3000.75
15871,2600.15
15872,2280.74
15873,1999.76
15874,1999.65
15875,1999.45
15876,1999.35
15877,1999.33
15878,1999.51
15879,1999.59
15880,1999.8
15881,1999.97
15882,2000.85
15883,2280.98
15884,2699.84
15885,2379.61
15886,2699.84
15887,2899.48
15888,2948.52
15889,2350.9
15890,2379.21
15891,2280.28
15892,2270.0
15893,2380.05
15894,2379.04
15895,2699.3
15896,2379.94
15897,3303.54
15898,3350.09
15899,3500.44
15900,3611.49
15901,3659.21
15902,3719.71
15903,3700.69
15904,3719.28
15905,3659.55
15906,3780.32
15907,3719.03
15908,3650.11
15909,3659.27
15910,3611.42
15911,3613.43
15912,3611.84
15913,4018.41
15914,4238.82
15915,4499.34
15916,5000.08
15917,6000.17
15918,6449.83
15919,7171.68
15920,6499.38
15921,6500.34
15922,8200.77
15923,10000.0
15924,10000.0
15925,10000.0
15926,10000.0
15927,10000.0
15928,10000.0
15929,10000.0
15930,10000.0
15931,10000.0
15932,10000.0
15933,10000.0
15934,10000.0
15935,10000.0
15936,10000.0
15937,10000.0
15938,10000.0
15939,10000.0
15940,10000.0
15941,10000.0
15942,10000.0
15943,10000.0
15944,10000.0
15945,10000.0
15946,10000.0
15947,10000.0
15948,7171.36
15949,7171.9
15950,7000.69
15951,6500.75
15952,6500.9
15953,6000.82
15954,6000.9
15955,6000.59
15956,6000.07
15957,6449.48
15958,6000.37
15959,6000.25
15960,5800.46
15961,5029.13
15962,5500.9
15963,4650.28
15964,4143.66
15965,3679.0
15966,3610.72
15967,3303.9
15968,2999.08
15969,2750.15
15970,2280.19
15971,1999.82
15972,1999.8
15973,1999.5
15974,1999.68
15975,1999.75
15976,2280.6
15977,2499.04
15978,2646.62
15979,2750.11
15980,2750.85
15981,2779.05
15982,2800.51
15983,2885.31
15984,2940.43
15985,2699.05
15986,2701.51
15987,2885.21
15988,2885.97
15989,2899.58
15990,3024.94
15991,3322.19
15992,3322.99
15993,3480.75
15994,3600.87
15995,3678.35
15996,3930.59
15997,4143.26
15998,4297.24
15999,4380.12
16000,4500.57
16001,4300.0
16002,4999.15
16003,4788.46
16004,4788.0
16005,5000.44
16006,4629.54
16007,4380.33
16008,4297.35
16009,4297.23
16010,4788.68
16011,5060.57
16012,6000.66
16013,10000.0
16014,10000.0
16015,10000.0
16016,10000.0
16017,10000.0
16018,10000.0
16019,10000.0
16020,10000.0
16021,10000.0
16022,10000.0
16023,10000.0
16024,10000.0
16025,10000.0
16026,10000.0
16027,10000.0
16028,10000.0
16029,10000.0
16030,10000.0
16031,10000.0
16032,10000.0
16033,10000.0
16034,10000.0
16035,10000.0
16036,10000.0
16037,10000.0
16038,10000.0
16039,10000.0
16040,10000.0
16041,10000.0
16042,10000.0
16043,10000.0
16044,10000.0
16045,10000.0
16046,10000.0
16047,10000.0
16048,10000.0
16049,8000.48
16050,8000.42
16051,8000.35
16052,8000.33
16053,8000.73
16054,8000.59
16055,8000.67
16056,8000.75
16057,7000.29
16058,6500.48
16059,5594.08
16060,4499.98
16061,3939.04
16062,3678.41
16063,3342.7
16064,3000.73
16065,2999.6
16066,2999.38
16067,2999.01
16068,2999.22
16069,2999.35
16070,2999.59
16071,3152.1
16072,3303.82
16073,3322.45
16074,3322.63
16075,3342.41
16076,3350.31
16077,3549.18
16078,3556.0
16079,3559.62
16080,3604.86
16081,3700.55
16082,3730.18
16083,3879.71
16084,3820.71
16085,3670.82
16086,3578.25
16087,3688.96
16088,3978.11
16089,4297.35
16090,4468.15
16091,4750.33
16092,4788.37
16093,5594.08
16094,6500.1
16095,6500.39
16096,6500.31
16097,6449.6
16098,6500.52
16099,6449.65
16100,6449.72
16101,5529.21
16102,5510.05
16103,4788.93
16104,4750.44
16105,4788.12
16106,4600.12
16107,4565.79
16108,4718.19
16109,10000.0
16110,10000.0
16111,10000.0
16112,10000.0
16113,10000.0
16114,10000.0
16115,10000.0
16116,10000.0
16117,10000.0
16118,10000.0
16119,10000.0
16120,10000.0
16121,10000.0
16122,10000.0
16123,10000.0
16124,10000.0
16125,10000.0
16126,10000.0
16127,10000.0
16128,10000.0
16129,10000.0
16130,10000.0
16131,10000.0
16132,10000.0
16133,10000.0
16134,10000.0
16135,10000.0
16136,10000.0
16137,10000.0
16138,10000.0
16139,10000.0
16140,10000.0
16141,7510.39
16142,7171.73
16143,6863.74
16144,6500.07
16145,6000.84
16146,5999.62
16147,6000.42
16148,6209.77
16149,6209.93
16150,6000.88
16151,5999.33
16152,5750.75
16153,4300.76
16154,4149.35
16155,3673.78
16156,3611.5
16157,3452.26
16158,3362.53
16159,2870.99
16160,2649.35
16161,2099.05
16162,1809.01
16163,1596.41
16164,1596.34
16165,1329.0
16166,1499.97
16167,1596.22
16168,1596.57
16169,1596.42
16170,1596.81
16171,1799.1
16172,1999.08
16173,1999.29
16174,1999.37
16175,1999.69
16176,1999.97
16177,2750.08
16178,2848.01
16179,2940.09
16180,3000.17
16181,2999.91
16182,3311.21
16183,3342.44
16184,3350.16
16185,3359.02
16186,3550.46
16187,3559.31
16188,3584.84
16189,3697.18
16190,3742.44
16191,3739.56
16192,3930.47
16193,3731.2
16194,3719.89
16195,3719.08
16196,3666.35
16197,3675.08
16198,3646.06
16199,3611.02
16200,3555.94
16201,3410.86
16202,3558.27
16203,3560.66
16204,3558.44
16205,5499.88
16206,6000.35
16207,6510.42
16208,6511.0
16209,6510.82
16210,6510.44
16211,7171.16
16212,8000.94
16213,8500.71
16214,10000.0
16215,10000.0
16216,10000.0
16217,10000.0
16218,10000.0
16219,10000.0
16220,10000.0
16221,10000.0
16222,10000.0
16223,10000.0
16224,10000.0
16225,10000.0
16226,10000.0
16227,10000.0
16228,10000.0
16229,10000.0
16230,10000.0
16231,10000.0
16232,10000.0
16233,6000.65
16234,6000.68
16235,5000.66
16236,4787.48
16237,4999.73
16238,5000.81
16239,4999.3
16240,4697.66
16241,4499.49
16242,4697.17
16243,4697.07
16244,4697.52
16245,4380.76
16246,4697.44
16247,4697.98
16248,5750.37
16249,4148.0
16250,4147.99
16251,3719.14
16252,3650.33
16253,3498.48
16254,3452.7
16255,3452.17
16256,3350.97
16257,3242.43
16258,2848.16
16259,1999.74
16260,1864.94
16261,1999.01
16262,2357.75
16263,2820.33
16264,3218.43
16265,3050.39
16266,3200.31
16267,3322.82
16268,3342.69
16269,3400.91
16270,3420.59
16271,3420.65
16272,3555.93
16273,3648.88
16274,3653.82
16275,3726.47
16276,3749.11
16277,3575.57
16278,3576.86
16279,3700.58
16280,3950.92
16281,4236.66
16282,4495.11
16283,4495.74
16284,4565.84
16285,4791.02
16286,4788.0
16287,5500.57
16288,5594.74
16289,4750.27
16290,4729.49
16291,4495.9
16292,4495.01
16293,4495.8
16294,4147.96
16295,4147.58
16296,4147.02
16297,4147.5
16298,4236.85
16299,4789.8
16300,5300.83
16301,10000.0
16302,10000.0
16303,10000.0
16304,10000.0
16305,10000.0
16306,10000.0
16307,10000.0
16308,10000.0
16309,10000.0
16310,10000.0
16311,10000.0
16312,10000.0
16313,10000.0
16314,10000.0
16315,10000.0
16316,10000.0
16317,10000.0
16318,10000.0
16319,10000.0
16320,10000.0
16321,10000.0
16322,10000.0
16323,10000.0
16324,10000.0
16325,10000.0
16326,7171.94
16327,6499.49
16328,6000.54
16329,4999.25
16330,5292.75
16331,5730.09
16332,4786.0
16333,4678.94
16334,4678.42
16335,4678.03
16336,4518.86
16337,4678.31
16338,4678.11
16339,4678.32
16340,4499.84
16341,4499.84
16342,4785.48
16343,4999.88
16344,5730.28
16345,5300.2
16346,4788.99
16347,4028.0
16348,3718.29
16349,3452.48
16350,3400.67
16351,3309.56
16352,3059.51
16353,2938.96
16354,2938.09
16355,2600.47
16356,2110.45
16357,2158.56
16358,2820.13
16359,2850.79
16360,2948.73
16361,2900.25
16362,2948.12
16363,2960.39
16364,2960.36
16365,3000.12
16366,3000.22
16367,3024.39
16368,3024.82
16369,3139.12
16370,3169.65
16371,3250.17
16372,3183.0
16373,2948.44
16374,3024.82
16375,3182.61
16376,3322.04
16377,3500.13
16378,3555.82
16379,3604.4
16380,3658.98
16381,3707.97
16382,3800.27
16383,3999.82
16384,4147.15
16385,4000.25
16386,4147.32
16387,4100.11
16388,4147.5
16389,4147.53
16390,4118.41
16391,4018.61
16392,3999.47
16393,4147.74
16394,4668.1
16395,5428.12
16396,5510.83
16397,10000.0
16398,10000.0
16399,10000.0
16400,10000.0
16401,10000.0
16402,10000.0
16403,10000.0
16404,10000.0
16405,10000.0
16406,10000.0
16407,10000.0
16408,10000.0
16409,10000.0
16410,10000.0
16411,10000.0
16412,10000.0
16413,10000.0
16414,10000.0
16415,10000.0
16416,10000.0
16417,10000.0
16418,10000.0
16419,10000.0
16420,10000.0
16421,10000.0
16422,10000.0
16423,10000.0
16424,10000.0
16425,10000.0
16426,10000.0
16427,10000.0
16428,9799.44
16429,6173.35
16430,5550.67
16431,5081.54
16432,5000.64
16433,4718.61
16434,4718.4
16435,4786.89
16436,4939.28
16437,4718.18
16438,4897.33
16439,5500.6
16440,5850.93
16441,4718.14
16442,4540.14
16443,4499.4
16444,4000.9
16445,3452.39
16446,3350.08
16447,3210.74
16448,2860.62
16449,2790.41
16450,2783.82
16451,2783.49
16452,2783.85
16453,2783.75
16454,2850.65
16455,3024.57
16456,3303.12
16457,3170.09
16458,3217.0
16459,3289.72
16460,3250.82
16461,3303.45
16462,3322.2
16463,3322.19
16464,3342.09
16465,3488.17
16466,3488.63
16467,3500.13
16468,3488.82
16469,3342.53
16470,3350.57
16471,3560.7
16472,3558.06
16473,3569.83
16474,3651.96
16475,3719.5
16476,3850.94
16477,4250.14
16478,4499.47
16479,4499.96
16480,4499.77
16481,4380.94
16482,4186.66
16483,4499.08
16484,4499.5
16485,4499.72
16486,4499.13
16487,4499.15
16488,4499.19
16489,4550.38
16490,5000.47
16491,6000.5
16492,6863.82
16493,10000.0
16494,10000.0
16495,10000.0
16496,10000.0
16497,10000.0
16498,10000.0
16499,10000.0
16500,10000.0
16501,10000.0
16502,10000.0
16503,10000.0
16504,10000.0
16505,10000.0
16506,10000.0
16507,10000.0
16508,10000.0
16509,10000.0
16510,10000.0
16511,10000.0
16512,10000.0
16513,10000.0
16514,10000.0
16515,10000.0
16516,10000.0
16517,10000.0
16518,10000.0
16519,10000.0
16520,10000.0
16521,10000.0
16522,10000.0
16523,8000.11
16524,7171.29
16525,6269.29
16526,5500.71
16527,4718.85
16528,4786.28
16529,5000.2
16530,5500.35
16531,4718.74
16532,4902.43
16533,4567.57
16534,4718.28
16535,4718.62
16536,4788.3
16537,4499.19
16538,4499.31
16539,3999.41
16540,3538.65
16541,3412.41
16542,3342.23
16543,3213.99
16544,2906.5
16545,2733.55
16546,2733.39
16547,2733.07
16548,2743.77
16549,2751.16
16550,2755.48
16551,2779.53
16552,2960.67
16553,2850.56
16554,2948.99
16555,2960.54
16556,2960.66
16557,3060.35
16558,3169.04
16559,3210.03
16560,3226.89
16561,3322.53
16562,3350.03
16563,3350.42
16564,3342.6
16565,3322.07
16566,3322.13
16567,3366.87
16568,3480.2
16569,3480.58
16570,3493.92
16571,3524.26
16572,3549.47
16573,3559.24
16574,3559.12
16575,3559.54
16576,3678.19
16577,3560.42
16578,3678.14
16579,3560.25
16580,3559.18
16581,3559.32
16582,3559.16
16583,3559.35
16584,3524.38
16585,3983.94
16586,4700.75
16587,5290.17
16588,5730.01
16589,10000.0
16590,10000.0
16591,10000.0
16592,10000.0
16593,10000.0
16594,10000.0
16595,10000.0
16596,10000.0
16597,10000.0
16598,10000.0
16599,10000.0
16600,10000.0
16601,10000.0
16602,10000.0
16603,10000.0
16604,10000.0
16605,10000.0
16606,10000.0
16607,10000.0
16608,10000.0
16609,10000.0
16610,10000.0
16611,8906.49
16612,7171.71
16613,6863.18
16614,6260.17
16615,5594.27
16616,4785.96
16617,4499.09
16618,4380.04
16619,4000.59
16620,3999.62
16621,3840.74
16622,3840.66
16623,3840.65
16624,3840.7
16625,3840.72
16626,3840.78
16627,3840.91
16628,3999.39
16629,3900.12
16630,3999.33
16631,4499.75
16632,4718.14
16633,4119.98
16634,3749.96
16635,3611.46
16636,3500.94
16637,3281.25
16638,2999.27
16639,3200.05
16640,2999.01
16641,2219.77
16642,2219.25
16643,2110.48
16644,2097.29
16645,2573.82
16646,2814.52
16647,2938.6
16648,3169.99
16649,2790.38
16650,2848.04
16651,2899.82
16652,2899.52
16653,2899.61
16654,2999.29
16655,2999.85
16656,3085.38
16657,3185.16
16658,3200.43
16659,3210.13
16660,3167.95
16661,2750.56
16662,2750.27
16663,3100.59
16664,3140.59
16665,3184.71
16666,3303.2
16667,3322.99
16668,3354.65
16669,3362.16
16670,3380.25
16671,3488.06
16672,3490.49
16673,3530.96
16674,3504.31
16675,3488.07
16676,3452.15
16677,3456.52
16678,3459.54
16679,3501.61
16680,3510.78
16681,3611.68
16682,4186.78
16683,4550.07
16684,4769.28
16685,7999.58
16686,7900.26
16687,7999.22
16688,7900.82
16689,10000.0
16690,10000.0
16691,10000.0
16692,10000.0
16693,10000.0
16694,10000.0
16695,10000.0
16696,10000.0
16697,10000.0
16698,10000.0
16699,10000.0
16700,10000.0
16701,10000.0
16702,10000.0
16703,10000.0
16704,10000.0
16705,10000.0
16706,10000.0
16707,10000.0
16708,10000.0
16709,10000.0
16710,8999.77
16711,8500.89
16712,8500.82
16713,6500.56
16714,6500.37
16715,6500.13
16716,5500.82
16717,5500.1
16718,5499.11
16719,4899.4
16720,4899.15
16721,4718.84
16722,4718.79
16723,4320.78
16724,4320.55
16725,4380.92
16726,4499.45
16727,4659.49
16728,4899.5
16729,3719.21
16730,3659.77
16731,3625.23
16732,3558.77
16733,3452.16
16734,3350.79
16735,3350.52
16736,3342.51
16737,2814.92
16738,2860.19
16739,2860.83
16740,2860.59
16741,2699.23
16742,2834.59
16743,2921.49
16744,2980.24
16745,2750.34
16746,2750.48
16747,2750.12
16748,2800.27
16749,3000.25
16750,3000.1
16751,3150.83
16752,3178.2
16753,3304.2
16754,3322.44
16755,3322.12
16756,3322.11
16757,3166.96
16758,3210.66
16759,3342.81
16760,3350.68
16761,3350.49
16762,3360.96
16763,3382.93
16764,3499.19
16765,3459.3
16766,3501.78
16767,3544.57
16768,3526.05
16769,3532.17
16770,3511.61
16771,3500.12
16772,3456.93
16773,3366.34
16774,3456.26
16775,3500.25
16776,3500.85
16777,3625.37
16778,3719.39
16779,4499.36
16780,4500.87
16781,8999.86
16782,10000.0
16783,10000.0
16784,10000.0
16785,10000.0
16786,10000.0
16787,10000.0
16788,10000.0
16789,10000.0
16790,10000.0
16791,10000.0
16792,10000.0
16793,10000.0
16794,10000.0
16795,10000.0
16796,10000.0
16797,10000.0
16798,10000.0
16799,10000.0
16800,10000.0
16801,10000.0
16802,10000.0
16803,10000.0
16804,10000.0
16805,9799.79
16806,7999.16
16807,6966.29
16808,5999.64
16809,6966.65
16810,6000.96
16811,5999.45
16812,5500.47
16813,4080.8
16814,4027.2
16815,3999.79
16816,3750.42
16817,3999.6
16818,4044.8
16819,4449.17
16820,4000.7
16821,3650.11
16822,3657.05
16823,3940.9
16824,3900.94
16825,3620.68
16826,3555.19
16827,3452.84
16828,3452.11
16829,2814.48
16830,2750.73
16831,2783.72
16832,2469.14
16833,1799.03
16834,1499.83
16835,1499.59
16836,1499.21
16837,1499.92
16838,1999.18
16839,1999.21
16840,2000.44
16841,1799.94
16842,1799.98
16843,1499.66
16844,1499.85
16845,1500.54
16846,1685.57
16847,1701.75
16848,1499.98
16849,1499.88
16850,1799.01
16851,1799.24
16852,1799.47
16853,1799.6
16854,1799.52
16855,1999.21
16856,1999.12
16857,1999.67
16858,2110.15
16859,2400.01
16860,2699.51
16861,2899.89
16862,3000.07
16863,3000.95
16864,3100.0
16865,3079.32
16866,2899.66
16867,3000.02
16868,2999.85
16869,2702.05
16870,2578.79
16871,2469.93
16872,2700.02
16873,3323.93
16874,3364.2
16875,3361.57
16876,3176.48
16877,3999.63
16878,4380.56
16879,4499.73
16880,4600.01
16881,4600.62
16882,4660.16
16883,5201.0
16884,5499.71
16885,6499.17
16886,6510.64
16887,6999.99
16888,9799.3
16889,9949.57
16890,10000.0
16891,10000.0
16892,10000.0
16893,10000.0
16894,10000.0
16895,8500.97
16896,6966.99
16897,3600.59
16898,3549.85
16899,3516.44
16900,3459.8
16901,3100.97
16902,3000.66
16903,2999.89
16904,2999.64
16905,2948.05
16906,2701.64
16907,2499.75
16908,2499.69
16909,2319.11
16910,2469.19
16911,2226.92
16912,2340.58
16913,2189.82
16914,2189.79
16915,2199.02
16916,2169.53
16917,2169.35
16918,2040.0
16919,2110.22
16920,2020.02
16921,2000.37
16922,1999.77
16923,1912.24
16924,1800.0
16925,1684.88
16926,1666.14
16927,1999.24
16928,1893.69
16929,1540.88
16930,1549.24
16931,1523.91
16932,1502.69
16933,1629.07
16934,1629.42
16935,1629.23
16936,1629.87
16937,1629.72
16938,1629.91
16939,1632.51
16940,1630.0
16941,1642.85
16942,1677.29
16943,1683.21
16944,1740.64
16945,1930.9
16946,1999.02
16947,1799.98
16948,1999.04
16949,1684.06
16950,1684.72
16951,1683.32
16952,1930.15
16953,1999.14
16954,1999.58
16955,2000.36
16956,2110.39
16957,2169.72
16958,2469.17
16959,2750.81
16960,2750.07
16961,2469.38
16962,2469.65
16963,2450.87
16964,2469.03
16965,2000.47
16966,2000.39
16967,2000.66
16968,2051.43
16969,2169.62
16970,2445.87
16971,2726.89
16972,2493.71
16973,3679.08
16974,4100.29
16975,4568.77
16976,4787.47
16977,4970.13
16978,4787.06
16979,5499.15
16980,5499.43
16981,6000.8
16982,6209.82
16983,6510.22
16984,6510.79
16985,8999.99
16986,9799.68
16987,10000.0
16988,9597.7
16989,8999.07
16990,7171.26
16991,6510.72
16992,6510.21
16993,4300.19
16994,4250.22
16995,3650.55
16996,3617.36
16997,3010.52
16998,3210.08
16999,3010.68
17000,3099.1
17001,3199.09
17002,3000.65
17003,2924.5
17004,2800.72
17005,2820.16
17006,2790.57
17007,2700.63
17008,2700.3
17009,2600.56
17010,2600.25
17011,2715.44
17012,2750.25
17013,2848.78
17014,2760.38
17015,2848.2
17016,3000.71
17017,2860.94
17018,2834.01
17019,2814.33
17020,2783.06
17021,2480.95
17022,2449.92
17023,2649.13
17024,2449.99
17025,2000.76
17026,1999.62
17027,1999.36
17028,1988.77
17029,1999.58
17030,1999.77
17031,2110.86
17032,2449.46
17033,2110.62
17034,2169.25
17035,2110.22
17036,2110.55
17037,2199.41
17038,2250.52
17039,2285.22
17040,2449.24
17041,2106.79
17042,2129.01
17043,2100.93
17044,2110.18
17045,2000.75
17046,2110.51
17047,2110.6
17048,2449.62
17049,2250.87
17050,2580.11
17051,2699.19
17052,2749.49
17053,2779.71
17054,2899.59
17055,3000.96
17056,3049.5
17057,3199.09
17058,3199.41
17059,3199.51
17060,3049.37
17061,2849.64
17062,2800.49
17063,2849.84
17064,2980.75
17065,3009.81
17066,3049.05
17067,3322.89
17068,3360.15
17069,4449.83
17070,4499.94
17071,4500.71
17072,4520.33
17073,4500.24
17074,4499.6
17075,4500.98
17076,4628.24
17077,4550.83
17078,4785.89
17079,5000.88
17080,5500.91
17081,6209.8
17082,6499.02
17083,6499.62
17084,6260.8
17085,6499.66
17086,6499.99
17087,6000.99
17088,5969.1
17089,4499.54
17090,4499.05
17091,4499.2
17092,4499.05
17093,3617.64
17094,3649.82
17095,3560.76
17096,3549.13
17097,3462.46
17098,3350.66
17099,3210.31
17100,3050.33
17101,3049.23
17102,3001.42
17103,3001.64
17104,3001.95
17105,3000.79
17106,3000.71
17107,3001.66
17108,3049.57
17109,3199.04
17110,3278.61
17111,3350.52
17112,3400.93
17113,3452.98
17114,3464.64
17115,3452.74
17116,3393.66
17117,3049.3
17118,3000.97
17119,2834.64
17120,2783.31
17121,2449.78
17122,2169.29
17123,1999.66
17124,1999.18
17125,1999.98
17126,2110.36
17127,2169.61
17128,2169.84
17129,1999.41
17130,1999.32
17131,1999.19
17132,1999.26
17133,1999.16
17134,1999.2
17135,1999.26
17136,1999.38
17137,1999.33
17138,1999.52
17139,1999.3
17140,1999.29
17141,1989.28
17142,1999.13
17143,1999.09
17144,1999.09
17145,1999.31
17146,2052.6
17147,2646.03
17148,2646.48
17149,2649.19
17150,2749.81
17151,2700.91
17152,2779.63
17153,2885.15
17154,2885.43
17155,2885.78
17156,2779.9
17157,2649.41
17158,2749.03
17159,2749.68
17160,2849.25
17161,3001.37
17162,3230.85
17163,3400.05
17164,3486.88
17165,4499.21
17166,4549.11
17167,4862.97
17168,4981.07
17169,4800.51
17170,4788.43
17171,5969.98
17172,6510.88
17173,6510.59
17174,7159.64
17175,8999.4
17176,9160.13
17177,8499.89
17178,8500.7
17179,8500.71
17180,8500.81
17181,8500.72
17182,8500.1
17183,6510.96
17184,6510.34
17185,3499.46
17186,3499.73
17187,3499.93
17188,3499.66
17189,3165.9
17190,3049.68
17191,3049.36
17192,2999.89
17193,2825.99
17194,2820.99
17195,2820.28
17196,2749.67
17197,2750.56
17198,2749.38
17199,2701.72
17200,2749.02
17201,2701.06
17202,2699.59
17203,2800.49
17204,2820.88
17205,2999.84
17206,3024.08
17207,3100.61
17208,3303.0
17209,3322.65
17210,3359.57
17211,3400.52
17212,3342.51
17213,3024.29
17214,2938.92
17215,2820.19
17216,2649.72
17217,2169.22
17218,2000.05
17219,1999.76
17220,1999.57
17221,2169.34
17222,2449.52
17223,2449.32
17224,2449.9
17225,1999.73
17226,1999.74
17227,1999.48
17228,1999.49
17229,1999.64
17230,1999.67
17231,1999.65
17232,1999.61
17233,1999.58
17234,1999.41
17235,1999.41
17236,1999.35
17237,1999.07
17238,1999.16
17239,1999.36
17240,1999.4
17241,1999.61
17242,1999.8
17243,1999.78
17244,1999.85
17245,1999.89
17246,2000.42
17247,2449.2
17248,2646.02
17249,2646.2
17250,2646.3
17251,2646.54
17252,2646.11
17253,2110.17
17254,2449.05
17255,2449.78
17256,2600.68
17257,2646.78
17258,2779.38
17259,2993.98
17260,2999.51
17261,3477.4
17262,3500.69
17263,3649.27
17264,3649.54
17265,3649.28
17266,3649.52
17267,4000.31
17268,4421.61
17269,4380.08
17270,4499.34
17271,4700.38
17272,4981.41
17273,4549.75
17274,4999.43
17275,4999.71
17276,4549.56
17277,4499.66
17278,4499.06
17279,4380.18
17280,3999.81
17281,4549.74
17282,4499.08
17283,4499.03
17284,4000.35
17285,3555.54
17286,3513.17
17287,3549.27
17288,3350.68
17289,3299.67
17290,3322.11
17291,3217.2
17292,3199.72
17293,3217.84
17294,3210.31
17295,3000.27
17296,2999.0
17297,2993.01
17298,2990.44
17299,2993.08
17300,2993.71
17301,3200.69
17302,3299.01
17303,3322.1
17304,3342.7
17305,3382.15
17306,3350.57
17307,3322.46
17308,3150.65
17309,2783.45
17310,2730.42
17311,2725.42
17312,2723.41
17313,2469.5
17314,2449.76
17315,2449.73
17316,2110.46
17317,2646.37
17318,2646.31
17319,2646.98
17320,2649.85
17321,2500.88
17322,2500.49
17323,2449.32
17324,2449.24
17325,2390.03
17326,2390.09
17327,2200.24
17328,2250.49
17329,2250.99
17330,2200.42
17331,2110.97
17332,2110.54
17333,1999.75
17334,1999.81
17335,2110.69
17336,2110.89
17337,2449.24
17338,2449.48
17339,2449.46
17340,2449.6
17341,2449.65
17342,2646.06
17343,2600.07
17344,2700.79
17345,2727.17
17346,2783.18
17347,2783.14
17348,2779.4
17349,2646.69
17350,2646.88
17351,2646.92
17352,2779.16
17353,2783.6
17354,2834.29
17355,3303.04
17356,3400.04
17357,4239.74
17358,4499.05
17359,4550.83
17360,4574.27
17361,4566.47
17362,4800.74
17363,5290.89
17364,5999.54
17365,6510.18
17366,8000.43
17367,9000.63
17368,9000.91
17369,9000.71
17370,9000.76
17371,9000.91
17372,9063.38
17373,9000.81
17374,9000.37
17375,8190.89
17376,7713.43
577,3650.36
578,3999.39
579,4018.47
580,3987.78
581,3519.56
582,3342.95
583,3322.99
584,3322.59
585,3299.5
586,3199.21
587,2948.75
588,2780.0
589,2749.7
590,2660.95
591,2646.74
592,2646.37
593,2646.07
594,2562.45
595,2543.95
596,2544.39
597,2779.68
598,2885.05
599,3100.72
600,3252.3
601,3322.34
602,3303.59
603,3126.51
604,2779.74
605,2749.06
606,2747.21
607,2646.58
608,2499.37
609,2169.2
610,2110.26
611,2049.4
612,2049.1
613,2049.56
614,2049.66
615,2049.02
616,2000.19
617,1999.7
618,1999.86
619,2020.91
620,2049.25
621,2049.42
622,2049.55
623,2049.71
624,2049.83
625,2049.06
626,2049.19
627,2012.89
628,2049.02
629,1999.54
630,1999.78
631,2000.75
632,2049.11
633,2049.04
634,2049.09
635,2049.09
636,2049.35
637,2049.34
638,2049.5
639,2049.95
640,2110.87
641,2169.06
642,2169.17
643,2169.09
644,2169.22
645,2049.7
646,2399.26
647,2469.58
648,2646.17
649,2699.49
650,2755.83
651,3303.55
652,3457.44
653,4169.68
654,4400.01
655,4449.74
656,4549.45
657,4632.53
658,4700.34
659,5042.47
660,5290.78
661,6000.82
662,6510.14
663,9749.24
664,10000.0
665,10000.0
666,10000.0
667,10000.0
668,10000.0
669,9249.92
670,7732.97
671,6510.52
672,6499.23
3553,5500.55
3554,5000.32
3555,5000.08
3556,4810.66
3557,4295.41
3558,4100.13
3559,4250.55
3560,3930.17
3561,3550.13
3562,3560.62
3563,3549.62
3564,3489.8
3565,3499.86
3566,3459.17
3567,3382.95
3568,3342.36
3569,3322.79
3570,3322.24
3571,3322.11
3572,3303.79
3573,3322.73
3574,3335.41
3575,3500.8
3576,3600.83
3577,3987.38
3578,3649.37
3579,3499.2
3580,3299.56
3581,2771.74
3582,2753.8
3583,2739.0
3584,2469.21
3585,2169.61
3586,2110.7
3587,1999.92
3588,1723.68
3589,1989.71
3590,1799.45
3591,1723.41
3592,1629.52
3593,1457.7
3594,1419.93
3595,1419.44
3596,1419.46
3597,1419.71
3598,1419.73
3599,1465.89
3600,1499.29
3601,1499.38
3602,1499.28
3603,1499.12
3604,1499.11
3605,1499.27
3606,1499.25
3607,1499.28
3608,1499.33
3609,1499.56
3610,1500.63
3611,1999.51
3612,2049.21
3613,1999.96
3614,2152.81
3615,2205.51
3616,2232.69
3617,2169.52
3618,2192.92
3619,2210.23
3620,2469.84
3621,2469.35
3622,2646.23
3623,2469.89
3624,2469.65
3625,2499.08
3626,2755.29
3627,3030.79
3628,3107.36
3629,3504.86
3630,3840.95
3631,3840.22
3632,3840.25
3633,3840.95
3634,3999.74
3635,4320.92
3636,4320.89
3637,4449.68
3638,5000.46
3639,4999.98
3640,5000.58
3641,4999.28
3642,5099.44
3643,5064.07
3644,5882.07
3645,5500.64
3646,5742.9
3647,5500.82
3648,4999.38
6241,6510.27
6242,6240.57
6243,5499.8
6244,5099.53
6245,4788.36
6246,4499.15
6247,4499.87
6248,4380.43
6249,3930.08
6250,3650.97
6251,3650.0
6252,3586.37
6253,3560.92
6254,3562.57
6255,3558.76
6256,3555.02
6257,3555.98
6258,3550.17
6259,3530.36
6260,3500.56
6261,3549.03
6262,3560.94
6263,3800.03
6264,4074.19
6265,4219.21
6266,4000.72
6267,4000.44
6268,3673.72
6269,3480.77
6270,3340.19
6271,3303.77
6272,3064.82
6273,2779.86
6274,2771.74
6275,2755.38
6276,2755.22
6277,2755.48
6278,2755.97
6279,2779.13
6280,2779.65
6281,2699.32
6282,2670.99
6283,2699.28
6284,2699.05
6285,2779.19
6286,2779.11
6287,2646.86
6288,2646.91
6289,2646.46
6290,2646.79
6291,2646.66
6292,2646.6
6293,2646.44
6294,2646.29
6295,2646.45
6296,2646.71
6297,2646.99
6298,2948.43
6299,3169.79
6300,3299.4
6301,3303.47
6302,3322.52
6303,3459.17
6304,3480.52
6305,3480.3
6306,3480.54
6307,3480.57
6308,3490.47
6309,3493.22
6310,3480.81
6311,3480.36
6312,3473.09
6313,3480.62
6314,3499.85
6315,4000.39
6316,4499.65
6317,5499.06
6318,5999.58
6319,6510.52
6320,6510.69
6321,7501.58
6322,8999.94
6323,9949.48
6324,10000.0
6325,10000.0
6326,10000.0
6327,10000.0
6328,10000.0
6329,10000.0
6330,10000.0
6331,10000.0
6332,10000.0
6333,10000.0
6334,10000.0
6335,10000.0
6336,10000.0
9217,10000.0
9218,10000.0
9219,9249.77
9220,8000.51
9221,6510.82
9222,6510.26
9223,6000.86
9224,5758.08
9225,5270.53
9226,5270.0
9227,4900.86
9228,4579.74
9229,4239.31
9230,4100.8
9231,4100.24
9232,4000.84
9233,3999.67
9234,3999.38
9235,3827.91
9236,3827.45
9237,3630.91
9238,3630.29
9239,3900.37
9240,4239.84
9241,4300.02
9242,4239.16
9243,4000.28
9244,3560.51
9245,3322.93
9246,3303.06
9247,3230.47
9248,3000.26
9249,2848.58
9250,2771.99
9251,2755.53
9252,2755.21
9253,2755.08
9254,2753.99
9255,2755.06
9256,2755.93
9257,2755.85
9258,2771.98
9259,2779.05
9260,2779.86
9261,2860.27
9262,2799.65
9263,2960.01
9264,2960.75
9265,3000.22
9266,3000.23
9267,3040.65
9268,3100.05
9269,3000.99
9270,3000.21
9271,3200.18
9272,3303.01
9273,3322.1
9274,3322.75
9275,3480.04
9276,3480.73
9277,3480.6
9278,3480.24
9279,3480.11
9280,3480.04
9281,3322.51
9282,3322.57
9283,3322.22
9284,3322.25
9285,3322.47
9286,3257.65
9287,3088.24
9288,3000.27
9289,3474.82
9290,3607.14
9291,4000.44
9292,4788.28
9293,5499.64
9294,6209.84
9295,6510.46
9296,6999.93
9297,8489.89
9298,7888.45
9299,7159.66
9300,6999.51
9301,10000.0
9302,10000.0
9303,10000.0
9304,10000.0
9305,10000.0
9306,10000.0
9307,10000.0
9308,10000.0
9309,10000.0
9310,10000.0
9311,10000.0
9312,10000.0
12097,10000.0
12098,10000.0
12099,10000.0
12100,10000.0
12101,9000.07
12102,8500.64
12103,7500.29
12104,7130.87
12105,4990.74
12106,4788.73
12107,4788.38
12108,4788.2
12109,4788.13
12110,4424.72
12111,4300.73
12112,4172.62
12113,4000.34
12114,4000.74
12115,4239.31
12116,4000.72
12117,3999.91
12118,4000.45
12119,4334.57
12120,4568.26
12121,4678.08
12122,4720.6
12123,4787.82
12124,3999.93
12125,3555.3
12126,3340.06
12127,3322.48
12128,3252.87
12129,2948.59
12130,2771.85
12131,2755.62
12132,2755.26
12133,2755.02
12134,2755.18
12135,2755.74
12136,2848.63
12137,2755.88
12138,2779.84
12139,2885.89
12140,2885.56
12141,3000.8
12142,2913.29
12143,3000.04
12144,2913.13
12145,2779.76
12146,2771.91
12147,2790.07
12148,2771.03
12149,2771.23
12150,2771.77
12151,2885.88
12152,2960.23
12153,3008.82
12154,3110.11
12155,3255.48
12156,3303.99
12157,3322.74
12158,3350.31
12159,3322.77
12160,3322.88
12161,3322.02
12162,3460.06
12163,3350.31
12164,3350.83
12165,3480.2
12166,3480.01
12167,3382.12
12168,3322.99
12169,3827.5
12170,4100.58
12171,4499.08
12172,4990.46
12173,7159.55
12174,8170.22
12175,8170.96
12176,9000.04
12177,9690.19
12178,8999.79
12179,8714.95
12180,8500.99
12181,10000.0
12182,10000.0
12183,10000.0
12184,10000.0
12185,10000.0
12186,10000.0
12187,10000.0
12188,10000.0
12189,10000.0
12190,10000.0
12191,10000.0
12192,10000.0
15073,10000.0
15074,10000.0
15075,8000.9
15076,7036.75
15077,6109.25
15078,5369.83
15079,5600.11
15080,4678.37
15081,4678.64
15082,4678.61
15083,4678.04
15084,4678.12
15085,4499.2
15086,4380.12
15087,4250.48
15088,4000.65
15089,3950.21
15090,3827.43
15091,4000.26
15092,4000.84
15093,3649.68
15094,3650.72
15095,4000.34
15096,4000.53
15097,4400.72
15098,4410.66
15099,4499.32
15100,4239.9
15101,3555.31
15102,3480.48
15103,3342.22
15104,3303.25
15105,3000.01
15106,2970.77
15107,2960.19
15108,2948.51
15109,2771.36
15110,2913.45
15111,3168.83
15112,3216.77
15113,3257.42
15114,3257.16
15115,3322.07
15116,3303.68
15117,3303.96
15118,3322.14
15119,3303.64
15120,3322.02
15121,3322.13
15122,3322.07
15123,3300.78
15124,3303.86
15125,3300.57
15126,3030.64
15127,3095.89
15128,3252.2
15129,3303.59
15130,3322.76
15131,3476.06
15132,3480.77
15133,3480.99
15134,3491.31
15135,3480.22
15136,3480.19
15137,3459.3
15138,3480.67
15139,3480.7
15140,3480.76
15141,3501.78
15142,3493.69
15143,3555.94
15144,3591.76
15145,3818.39
15146,4380.44
15147,4981.53
15148,5956.5
15149,7210.77
15150,8999.45
15151,10000.0
15152,10000.0
15153,10000.0
15154,10000.0
15155,10000.0
15156,10000.0
15157,10000.0
15158,10000.0
15159,10000.0
15160,10000.0
15161,10000.0
15162,10000.0
15163,10000.0
15164,10000.0
15165,10000.0
15166,10000.0
15167,10000.0
15168,10000.0
17953,4788.56
17954,4678.67
17955,4678.02
17956,4499.91
17957,4239.71
17958,3700.18
17959,3560.43
17960,3548.27
17961,3560.36
17962,3550.05
17963,3548.89
17964,3410.51
17965,3250.6
17966,3198.78
17967,3198.26
17968,3166.55
17969,3000.64
17970,3000.23
17971,3198.26
17972,3000.94
17973,2990.07
17974,2970.83
17975,2970.52
17976,3198.63
17977,3400.78
17978,3584.95
17979,3582.18
17980,3559.86
17981,3480.34
17982,3168.72
17983,2970.06
17984,2771.3
17985,2743.16
17986,2739.49
17987,2745.37
17988,2745.6
17989,2646.19
17990,2646.6
17991,2747.21
17992,2753.19
17993,2353.44
17994,2325.54
17995,2259.9
17996,2189.76
17997,2255.17
17998,2287.1
17999,2300.72
18000,2316.67
18001,2297.45
18002,2263.48
18003,2262.51
18004,2258.19
18005,2298.12
18006,2261.5
18007,2250.75
18008,2112.24
18009,2328.89
18010,2646.04
18011,2650.06
18012,2779.6
18013,3000.47
18014,3024.41
18015,3024.88
18016,3303.64
18017,3200.41
18018,3322.84
18019,3322.69
18020,3322.53
18021,3342.04
18022,3342.59
18023,3342.32
18024,3412.86
18025,3500.35
18026,3724.9
18027,4153.12
18028,4239.9
18029,4906.81
18030,4999.64
18031,5270.16
18032,5270.32
18033,5600.45
18034,5600.48
18035,6510.09
18036,7159.0
18037,8000.22
18038,10000.0
18039,10000.0
18040,10000.0
18041,9230.84
18042,10000.0
18043,10000.0
18044,10000.0
18045,10000.0
18046,10000.0
18047,8924.07
18048,8000.04
20929,3700.04
20930,3586.6
20931,3571.38
20932,3533.16
20933,3250.19
20934,3200.25
20935,3000.16
20936,2950.73
20937,3200.5
20938,3200.42
20939,3200.35
20940,3000.88
20941,3112.74
20942,3000.51
20943,3000.09
20944,2950.41
20945,3000.01
20946,2950.56
20947,3000.61
20948,2948.99
20949,2848.72
20950,2848.68
20951,2860.61
20952,3200.69
20953,3480.94
20954,3493.35
20955,3500.62
20956,3500.51
20957,3342.02
20958,3200.02
20959,2913.73
20960,2755.2
20961,2747.21
20962,2747.09
20963,2749.39
20964,2747.97
20965,2749.41
20966,2753.02
20967,2755.49
20968,2771.58
20969,2469.81
20970,2400.78
20971,2350.91
20972,2350.79
20973,2350.53
20974,2350.65
20975,2350.7
20976,2350.96
20977,2350.89
20978,2350.63
20979,2350.56
20980,2350.27
20981,2350.8
20982,2380.01
20983,2649.24
20984,2649.29
20985,2700.05
20986,2755.78
20987,2779.38
20988,2771.16
20989,2799.4
20990,2848.6
20991,2755.95
20992,2848.03
20993,2755.49
20994,2771.4
20995,2755.31
20996,2755.21
20997,2755.05
20998,2753.56
20999,2751.27
21000,2749.45
21001,2771.91
21002,3303.78
21003,3555.12
21004,4171.94
21005,4619.1
21006,4564.76
21007,4678.65
21008,4986.01
21009,4999.77
21010,4981.07
21011,5250.57
21012,5499.43
21013,6240.53
21014,6510.42
21015,6510.28
21016,6240.99
21017,6510.18
21018,6240.36
21019,6240.09
21020,6068.82
21021,5780.48
21022,5749.96
21023,5499.93
21024,5099.58
23905,3930.17
23906,3555.42
23907,3555.78
23908,3568.0
23909,3509.37
23910,3500.12
23911,3218.6
23912,3001.0
23913,3462.81
23914,3218.02
23915,2999.61
23916,2906.06
23917,2902.28
23918,2900.58
23919,2610.84
23920,2684.27
23921,2169.44
23922,2169.05
23923,2169.05
23924,2110.52
23925,2169.09
23926,2169.3
23927,2169.58
23928,2469.87
23929,2169.89
23930,2747.33
23931,2743.34
23932,2741.93
23933,2700.6
23934,2169.47
23935,1999.8
23936,1708.6
23937,1707.26
23938,1703.43
23939,1629.97
23940,1629.33
23941,1489.18
23942,1419.71
23943,1419.62
23944,1419.28
23945,1325.83
23946,1120.64
23947,1000.56
23948,1000.17
23949,999.99
23950,1000.18
23951,1000.29
23952,1000.71
23953,999.84
23954,999.95
23955,999.84
23956,999.84
23957,1000.8
23958,1120.55
23959,1170.57
23960,1349.44
23961,1419.1
23962,1419.51
23963,1499.42
23964,1629.24
23965,1799.0
23966,1999.15
23967,1999.3
23968,1999.5
23969,1799.38
23970,1999.18
23971,1999.4
23972,1999.57
23973,1999.2
23974,1799.35
23975,1629.23
23976,1419.93
23977,1526.78
23978,1629.58
23979,1999.12
23980,2169.0
23981,3309.64
23982,3500.37
23983,3504.24
23984,3539.51
23985,3795.95
23986,3749.63
23987,3828.0
23988,3999.76
23989,3650.86
23990,4162.64
23991,4239.19
23992,4317.32
23993,4119.11
23994,4303.81
23995,4566.78
23996,4700.09
23997,4500.07
23998,4499.37
23999,4380.02
24000,4000.33
26785,3700.65
26786,3608.56
26787,3606.32
26788,3606.15
26789,3603.9
26790,3603.84
26791,3257.37
26792,3255.42
26793,3258.13
26794,3257.31
26795,3055.61
26796,3053.48
26797,3054.16
26798,3053.39
26799,2903.23
26800,2900.75
26801,2701.97
26802,2701.78
26803,2684.09
26804,2581.56
26805,2850.34
26806,2800.52
26807,2900.52
26808,2999.7
26809,3480.36
26810,3500.38
26811,3578.08
26812,3509.9
26813,3322.91
26814,3259.9
26815,2771.94
26816,2753.59
26817,2749.36
26818,2743.79
26819,2739.93
26820,2733.2
26821,2733.9
26822,2739.01
26823,2739.92
26824,2743.5
26825,2603.53
26826,2602.09
26827,2520.38
26828,2500.52
26829,2469.71
26830,2469.65
26831,2500.69
26832,2500.93
26833,2469.62
26834,2469.76
26835,2499.35
26836,2469.69
26837,2469.44
26838,2400.74
26839,2189.98
26840,2189.82
26841,2469.46
26842,2605.05
26843,2608.39
26844,2755.39
26845,2999.26
26846,3167.23
26847,3000.68
26848,3024.72
26849,2948.75
26850,2999.3
26851,2963.05
26852,3000.34
26853,3170.62
26854,3170.52
26855,3024.26
26856,2999.11
26857,3205.26
26858,3322.56
26859,3906.42
26860,4250.36
26861,4999.9
26862,6000.85
26863,6129.02
26864,6109.5
26865,7000.0
26866,6510.85
26867,6659.18
26868,7000.72
26869,7000.66
26870,8000.43
26871,8249.3
26872,8500.04
26873,8500.01
26874,8500.14
26875,8500.13
26876,8500.14
26877,8000.44
26878,7986.5
26879,6605.46
26880,6299.68
29761,10000.0
29762,10000.0
29763,9749.66
29764,7159.42
29765,6999.77
29766,6129.79
29767,5499.32
29768,4643.65
29769,4708.31
29770,4549.37
29771,4528.32
29772,4060.32
29773,4012.99
29774,3770.2
29775,3600.55
29776,3574.51
29777,3571.63
29778,3548.93
29779,3548.06
29780,3514.89
29781,3548.81
29782,3923.26
29783,4100.37
29784,4528.49
29785,4981.44
29786,5099.94
29787,5000.57
29788,5000.23
29789,4421.32
29790,3950.0
29791,3480.08
29792,3322.51
29793,3217.41
29794,3170.84
29795,3020.77
29796,3020.61
29797,3020.11
29798,3020.74
29799,3170.35
29800,3303.04
29801,3020.72
29802,3059.27
29803,3020.73
29804,3020.84
29805,3170.88
29806,3170.89
29807,3299.37
29808,3259.7
29809,3210.89
29810,3199.39
29811,3259.32
29812,3199.99
29813,3170.8
29814,3170.15
29815,3279.27
29816,3303.96
29817,3315.45
29818,3322.88
29819,3322.52
29820,3322.15
29821,3303.75
29822,3322.34
29823,3259.99
29824,3303.2
29825,3210.75
29826,3315.13
29827,3303.87
29828,3322.43
29829,3337.5
29830,3335.29
29831,3382.56
29832,3342.09
29833,3549.74
29834,4510.11
29835,5121.56
29836,6940.49
29837,10000.0
29838,10000.0
29839,8000.89
29840,10000.0
29841,10000.0
29842,10000.0
29843,10000.0
29844,10000.0
29845,10000.0
29846,10000.0
29847,10000.0
29848,10000.0
29849,10000.0
29850,10000.0
29851,10000.0
29852,10000.0
29853,10000.0
29854,10000.0
29855,10000.0
29856,10000.0
32641,5499.59
32642,5499.01
32643,5099.88
32644,4560.47
32645,4499.41
32646,4449.18
32647,3940.0
32648,3939.4
32649,3939.48
32650,3939.05
32651,3759.58
32652,3700.06
32653,3649.5
32654,3548.52
32655,3340.24
32656,3320.71
32657,3320.55
32658,3320.13
32659,3320.71
32660,3320.69
32661,3340.54
32662,3499.23
32663,3400.89
32664,3939.25
32665,4400.46
32666,4785.02
32667,4786.71
32668,4528.42
32669,3939.67
32670,3493.97
32671,3480.33
32672,3320.52
32673,3177.84
32674,3177.06
32675,2948.33
32676,2915.79
32677,2999.08
32678,3050.25
32679,3170.86
32680,3177.81
32681,3062.31
32682,3177.62
32683,3194.62
32684,3215.44
32685,3240.39
32686,3199.11
32687,3304.05
32688,3299.23
32689,3333.87
32690,3315.19
32691,3370.05
32692,3259.61
32693,3299.4
32694,3230.2
32695,3315.57
32696,3304.92
32697,3340.37
32698,3340.95
32699,3359.17
32700,3341.0
32701,3480.06
32702,3410.17
32703,3340.93
32704,3420.64
32705,3480.43
32706,3480.7
32707,3400.56
32708,3315.39
32709,3340.98
32710,3259.1
32711,3304.73
32712,3304.8
32713,3480.97
32714,3939.06
32715,4310.31
32716,4549.53
32717,10000.0
32718,10000.0
32719,10000.0
32720,10000.0
32721,10000.0
32722,10000.0
32723,10000.0
32724,10000.0
32725,10000.0
32726,10000.0
32727,10000.0
32728,10000.0
32729,10000.0
32730,10000.0
32731,10000.0
32732,10000.0
32733,10000.0
32734,10000.0
32735,7510.3
32736,6500.15
18529,9949.5
18530,7618.05
18531,7478.32
18532,6510.77
18533,6109.02
18534,5048.76
18535,5048.21
18536,5056.99
18537,5259.13
18538,5048.04
18539,4510.16
18540,4499.55
18541,4499.75
18542,4600.13
18543,4600.91
18544,4499.95
18545,4050.01
18546,4000.71
18547,4060.02
18548,4250.46
18549,4239.76
18550,4768.4
18551,4768.63
18552,5500.06
18553,5499.86
18554,5600.52
18555,5600.74
18556,5259.44
18557,4566.56
18558,3999.93
18559,3493.02
18560,3480.35
18561,3250.91
18562,3309.28
18563,3250.26
18564,3250.43
18565,3250.66
18566,3250.93
18567,3250.99
18568,3340.91
18569,3250.78
18570,3250.78
18571,3250.61
18572,3250.38
18573,3300.82
18574,3250.93
18575,3340.83
18576,3340.51
18577,3340.16
18578,3304.66
18579,3340.13
18580,3315.47
18581,3259.61
18582,3230.91
18583,3340.13
18584,3349.45
18585,3388.81
18586,3410.44
18587,3480.2
18588,3480.35
18589,3501.15
18590,3493.86
18591,3480.61
18592,3480.9
18593,3480.3
18594,3480.8
18595,3480.76
18596,3480.76
18597,3500.21
18598,3480.91
18599,3600.63
18600,3600.97
18601,4000.43
18602,4512.81
18603,5259.7
18604,7479.8
18605,10000.0
18606,10000.0
18607,10000.0
18608,10000.0
18609,10000.0
18610,10000.0
18611,10000.0
18612,10000.0
18613,10000.0
18614,10000.0
18615,10000.0
18616,10000.0
18617,10000.0
18618,10000.0
18619,10000.0
18620,10000.0
18621,10000.0
18622,10000.0
18623,10000.0
18624,10000.0
18625,10000.0
18626,10000.0
18627,10000.0
18628,10000.0
18629,8999.75
18630,7159.57
18631,7159.02
18632,5969.11
18633,4808.99
18634,4600.5
18635,4419.16
18636,4249.18
18637,4249.65
18638,4170.0
18639,4000.07
18640,3939.43
18641,3759.84
18642,3939.33
18643,3939.82
18644,4000.75
18645,3939.9
18646,4169.55
18647,4469.32
18648,4779.81
18649,5700.69
18650,5969.32
18651,6079.36
18652,5700.16
18653,4500.63
18654,4239.26
18655,3939.73
18656,3493.19
18657,3369.21
18658,3328.2
18659,3320.72
18660,3315.97
18661,3335.08
18662,3340.39
18663,3428.25
18664,3480.63
18665,3472.26
18666,3459.32
18667,3410.94
18668,3419.99
18669,3480.24
18670,3454.09
18671,3459.35
18672,3480.45
18673,3480.19
18674,3480.03
18675,3480.45
18676,3480.26
18677,3440.33
18678,3424.26
18679,3480.31
18680,3480.47
18681,3493.85
18682,3493.55
18683,3493.64
18684,3493.95
18685,3524.42
18686,3520.36
18687,3480.96
18688,3480.54
18689,3460.74
18690,3480.03
18691,3460.76
18692,3480.02
18693,3500.76
18694,3480.74
18695,3480.86
18696,3800.19
18697,4000.68
18698,4700.77
18699,6500.47
18700,10000.0
18701,10000.0
18702,10000.0
18703,10000.0
18704,10000.0
18705,10000.0
18706,10000.0
18707,10000.0
18708,10000.0
18709,10000.0
18710,10000.0
18711,10000.0
18712,10000.0
18713,10000.0
18714,10000.0
18715,10000.0
18716,10000.0
18717,10000.0
18718,10000.0
18719,10000.0
18720,10000.0
18721,10000.0
18722,10000.0
18723,10000.0
18724,9999.99
18725,7499.37
18726,5969.27
18727,6109.15
18728,5499.26
18729,5038.83
18730,4771.71
18731,4500.19
18732,4250.27
18733,4209.73
18734,4209.92
18735,4060.37
18736,4000.97
18737,4060.78
18738,4209.89
18739,4239.96
18740,4250.3
18741,4239.16
18742,4768.62
18743,5500.78
18744,6500.04
18745,6000.39
18746,6500.35
18747,6500.21
18748,5999.32
18749,5089.17
18750,4060.9
18751,3569.48
18752,3480.13
18753,3310.44
18754,3300.04
18755,3219.61
18756,3220.0
18757,3315.47
18758,3318.65
18759,3340.32
18760,3480.32
18761,3340.02
18762,3328.41
18763,3328.15
18764,3319.56
18765,3440.03
18766,3328.83
18767,3369.15
18768,3369.32
18769,3315.37
18770,3312.76
18771,3315.05
18772,3311.19
18773,3311.35
18774,3259.03
18775,3314.73
18776,3315.12
18777,3328.86
18778,3410.64
18779,3440.76
18780,3469.26
18781,3480.82
18782,3480.58
18783,3480.24
18784,3480.7
18785,3480.57
18786,3480.94
18787,3468.06
18788,3480.61
18789,3501.51
18790,3500.72
18791,3559.5
18792,3939.43
18793,4000.2
18794,4489.26
18795,5500.13
18796,8999.92
18797,10000.0
18798,10000.0
18799,10000.0
18800,10000.0
18801,10000.0
18802,10000.0
18803,10000.0
18804,10000.0
18805,10000.0
18806,10000.0
18807,10000.0
18808,10000.0
18809,10000.0
18810,10000.0
18811,10000.0
18812,10000.0
18813,10000.0
18814,10000.0
18815,10000.0
18816,10000.0
18817,10000.0
18818,10000.0
18819,10000.0
18820,10000.0
18821,10000.0
18822,9999.21
18823,8999.65
18824,7479.93
18825,6499.29
18826,5743.6
18827,5499.49
18828,4500.87
18829,4363.25
18830,4300.04
18831,4300.18
18832,4060.86
18833,4182.93
18834,4249.4
18835,4300.35
18836,4300.4
18837,4419.57
18838,5000.26
18839,5499.78
18840,6500.14
18841,5500.94
18842,5500.74
18843,5631.16
18844,5149.34
18845,3899.56
18846,3480.88
18847,3369.2
18848,3194.81
18849,2759.77
18850,2753.89
18851,2749.8
18852,2745.64
18853,2747.5
18854,2747.22
18855,2749.51
18856,2755.33
18857,2751.11
18858,2685.3
18859,2643.96
18860,2596.89
18861,2593.77
18862,2552.15
18863,2553.43
18864,2535.19
18865,2546.87
18866,2568.03
18867,2557.56
18868,2559.01
18869,2500.76
18870,2500.86
18871,2547.55
18872,2573.35
18873,2625.2
18874,2624.74
18875,2618.77
18876,2701.22
18877,2759.39
18878,2771.02
18879,2759.54
18880,2771.17
18881,2915.66
18882,2948.21
18883,2771.52
18884,2772.0
18885,3000.43
18886,2963.44
18887,2963.1
18888,2963.52
18889,3199.21
18890,3468.51
18891,3809.02
18892,3939.58
18893,5359.1
18894,7000.85
18895,10000.0
18896,10000.0
18897,10000.0
18898,10000.0
18899,10000.0
18900,10000.0
18901,10000.0
18902,10000.0
18903,10000.0
18904,10000.0
18905,10000.0
18906,10000.0
18907,10000.0
18908,10000.0
18909,10000.0
18910,10000.0
18911,10000.0
18912,10000.0
18913,10000.0
18914,7029.73
18915,6000.16
18916,5359.67
18917,5000.41
18918,4499.61
18919,4499.36
18920,4280.85
18921,4060.57
18922,4000.34
18923,4000.16
18924,3949.08
18925,3809.2
18926,3700.76
18927,3700.4
18928,3700.95
18929,3570.89
18930,3635.32
18931,3949.12
18932,3949.12
18933,4000.6
18934,4258.43
18935,4499.74
18936,5359.13
18937,5480.5
18938,6500.23
18939,6500.53
18940,5499.69
18941,5000.83
18942,4170.17
18943,3463.95
18944,3410.19
18945,3246.92
18946,3219.57
18947,3215.62
18948,3177.53
18949,3177.63
18950,3177.96
18951,3289.11
18952,3378.51
18953,3289.83
18954,3300.97
18955,3300.72
18956,3310.5
18957,3315.91
18958,3315.7
18959,3369.28
18960,3320.55
18961,3250.23
18962,3251.46
18963,3215.51
18964,3215.09
18965,3177.33
18966,3140.13
18967,3194.68
18968,3215.41
18969,3215.42
18970,3300.77
18971,3310.19
18972,3315.74
18973,3369.29
18974,3320.98
18975,3315.81
18976,3320.93
18977,3369.94
18978,3369.84
18979,3369.19
18980,3369.19
18981,3460.34
18982,3460.03
18983,3463.92
18984,3463.53
18985,3819.96
18986,4390.41
18987,4844.98
18988,8000.0
18989,10000.0
18990,10000.0
18991,10000.0
18992,10000.0
18993,10000.0
18994,10000.0
18995,10000.0
18996,10000.0
18997,10000.0
18998,10000.0
18999,10000.0
19000,10000.0
19001,10000.0
19002,10000.0
19003,10000.0
19004,10000.0
19005,10000.0
19006,10000.0
19007,10000.0
19008,10000.0
19009,8090.77
19010,6871.91
19011,5494.6
19012,4999.87
19013,4638.07
19014,4499.22
19015,4419.47
19016,4050.74
19017,3939.86
19018,3809.06
19019,3625.76
19020,3569.42
19021,3540.02
19022,3460.92
19023,3410.47
19024,3369.89
19025,3315.03
19026,3315.48
19027,3459.76
19028,3410.41
19029,3320.32
19030,3320.96
19031,3500.63
19032,3939.29
19033,3939.85
19034,4258.37
19035,4499.24
19036,4000.7
19037,3603.64
19038,3463.73
19039,3378.83
19040,3246.98
19041,3059.91
19042,3007.66
19043,3007.59
19044,3000.03
19045,2976.0
19046,3007.48
19047,3199.1
19048,3300.55
19049,3219.27
19050,3219.85
19051,3215.24
19052,3219.54
19053,3310.3
19054,3300.12
19055,3369.26
19056,3310.64
19057,3177.87
19058,3177.89
19059,3194.0
19060,3177.52
19061,3000.91
19062,3000.78
19063,3069.63
19064,3177.33
19065,3177.17
19066,3194.93
19067,3215.61
19068,3310.17
19069,3310.83
19070,3370.26
19071,3310.97
19072,3315.03
19073,3369.28
19074,3320.69
19075,3199.52
19076,3177.79
19077,3215.42
19078,3200.14
19079,3240.79
19080,3250.88
19081,3369.97
19082,3939.06
19083,4400.45
19084,4999.86
19085,10000.0
19086,10000.0
19087,10000.0
19088,10000.0
19089,10000.0
19090,10000.0
19091,10000.0
19092,10000.0
19093,10000.0
19094,10000.0
19095,10000.0
19096,10000.0
19097,10000.0
19098,10000.0
19099,10000.0
19100,10000.0
19101,10000.0
19102,10000.0
19103,10000.0
19104,10000.0
19105,4499.64
19106,4499.57
19107,4250.49
19108,4060.32
19109,3999.7
19110,3819.88
19111,3752.57
19112,3618.17
19113,3528.78
19114,3513.66
19115,3492.8
19116,3464.4
19117,3289.98
19118,3289.33
19119,3240.24
19120,3210.77
19121,3210.17
19122,3210.08
19123,3240.51
19124,3289.02
19125,3200.22
19126,3410.08
19127,3500.75
19128,3537.51
19129,3622.57
19130,3645.25
19131,3750.61
19132,3800.03
19133,3463.64
19134,3410.22
19135,3199.42
19136,3007.05
19137,2796.73
19138,2796.55
19139,2796.49
19140,2796.15
19141,2796.56
19142,2808.56
19143,2960.36
19144,2980.77
19145,2880.48
19146,2808.89
19147,2759.91
19148,2759.81
19149,2948.5
19150,2910.93
19151,2910.44
19152,2910.73
19153,2889.68
19154,2889.27
19155,2889.78
19156,2866.24
19157,2750.89
19158,2759.25
19159,2894.13
19160,2948.37
19161,2999.63
19162,3062.86
19163,3069.48
19164,3069.89
19165,3194.28
19166,3210.09
19167,3215.19
19168,3240.11
19169,3177.91
19170,3177.78
19171,3177.28
19172,3059.17
19173,3177.98
19174,3194.96
19175,3215.28
19176,3304.94
19177,3463.91
19178,3858.32
19179,4339.29
19180,4499.66
19181,5499.18
19182,6510.09
19183,10000.0
19184,10000.0
19185,10000.0
19186,10000.0
19187,10000.0
19188,10000.0
19189,10000.0
19190,10000.0
19191,10000.0
19192,10000.0
19193,10000.0
19194,10000.0
19195,10000.0
19196,10000.0
19197,10000.0
19198,10000.0
19199,9999.83
19200,7500.95
19201,8000.07
19202,8000.02
19203,6832.52
19204,4999.87
19205,4868.88
19206,4499.8
19207,4060.68
19208,4000.53
19209,4000.5
19210,3939.79
19211,3939.2
19212,3827.49
19213,3752.59
19214,3543.93
19215,3530.7
19216,3528.75
19217,3500.02
19218,3505.7
19219,3521.08
19220,3530.39
19221,3196.8
19222,3304.0
19223,3315.57
19224,3315.82
19225,3688.09
19226,3749.42
19227,3688.74
19228,3632.05
19229,3412.08
19230,3378.12
19231,3198.46
19232,2975.99
19233,2880.94
19234,2796.35
19235,2796.13
19236,2796.18
19237,2796.96
19238,2960.69
19239,3059.63
19240,3210.64
19241,3177.52
19242,3177.28
19243,3000.43
19244,3059.22
19245,3177.3
19246,3177.25
19247,3177.37
19248,3177.35
19249,3059.42
19250,3177.18
19251,3177.16
19252,3177.08
19253,3000.32
19254,3000.88
19255,3170.19
19256,3177.56
19257,3177.8
19258,3194.57
19259,3210.42
19260,3304.34
19261,3315.8
19262,3410.05
19263,3378.67
19264,3378.41
19265,3378.09
19266,3378.32
19267,3215.35
19268,3246.83
19269,3378.56
19270,3340.82
19271,3412.55
19272,3463.91
19273,3632.04
19274,4209.59
19275,4958.13
19276,6000.19
19277,10000.0
19278,10000.0
19279,10000.0
19280,10000.0
19281,10000.0
19282,10000.0
19283,10000.0
19284,10000.0
19285,10000.0
19286,10000.0
19287,10000.0
19288,10000.0
19289,10000.0
19290,10000.0
19291,10000.0
19292,10000.0
19293,10000.0
19294,10000.0
19295,10000.0
19296,10000.0
19297,10000.0
19298,10000.0
19299,10000.0
19300,10000.0
19301,9510.43
19302,7159.15
19303,5999.9
19304,5739.27
19305,4717.1
19306,4650.94
19307,4227.79
19308,4000.62
19309,4129.12
19310,3999.89
19311,3979.8
19312,3979.2
19313,4000.15
19314,4000.14
19315,3999.81
19316,3939.38
19317,3536.01
19318,3570.29
19319,3800.71
19320,3939.79
19321,4170.51
19322,4388.91
19323,4293.11
19324,3999.99
19325,3603.48
19326,3463.92
19327,3410.72
19328,3378.22
19329,3000.32
19330,3059.12
19331,3007.35
19332,3177.87
19333,3177.73
19334,3378.21
19335,3463.5
19336,3549.48
19337,3400.38
19338,3410.91
19339,3215.21
19340,3210.92
19341,3300.38
19342,3369.97
19343,3300.53
19344,3304.6
19345,3210.75
19346,3215.79
19347,3215.52
19348,3210.61
19349,3177.71
19350,3194.92
19351,3194.88
19352,3194.54
19353,3194.33
19354,3215.74
19355,3350.08
19356,3410.21
19357,3481.36
19358,3501.89
19359,3519.75
19360,3500.45
19361,3469.64
19362,3497.4
19363,3420.89
19364,3463.16
19365,3549.41
19366,3581.04
19367,3609.02
19368,3609.93
19369,3900.58
19370,4060.9
19371,4499.1
19372,4759.88
19373,10000.0
19374,10000.0
19375,10000.0
19376,10000.0
19377,10000.0
19378,10000.0
19379,10000.0
19380,10000.0
19381,10000.0
19382,10000.0
19383,10000.0
19384,10000.0
19385,10000.0
19386,10000.0
19387,10000.0
19388,10000.0
19389,10000.0
19390,10000.0
19391,10000.0
19392,10000.0
19393,9999.83
19394,9999.08
19395,8338.79
19396,7159.74
19397,8133.28
19398,6651.19
19399,5999.84
19400,5926.19
19401,4915.9
19402,4807.72
19403,4735.74
19404,4700.5
19405,4625.67
19406,4539.02
19407,4499.77
19408,4499.0
19409,3939.73
19410,3954.03
19411,4000.15
19412,4000.76
19413,3570.5
19414,3827.35
19415,3619.57
19416,3939.44
19417,4466.89
19418,4499.05
19419,4108.36
19420,4000.24
19421,3541.61
19422,3412.93
19423,3315.75
19424,3370.29
19425,3059.73
19426,3195.76
19427,3194.31
19428,3215.9
19429,3199.59
19430,3378.21
19431,3410.89
19432,3490.89
19433,3369.32
19434,3315.38
19435,3270.97
19436,3280.82
19437,3270.55
19438,3277.32
19439,3270.95
19440,3296.67
19441,3240.67
19442,3270.62
19443,3270.32
19444,3270.13
19445,3177.71
19446,3198.85
19447,3249.54
19448,3249.89
19449,3270.65
19450,3283.65
19451,3304.78
19452,3351.97
19453,3447.52
19454,3500.14
19455,3540.0
19456,3570.32
19457,3557.49
19458,3581.33
19459,3499.24
19460,3477.75
19461,3518.97
19462,3500.73
19463,3570.8
19464,3581.13
19465,3688.09
19466,3688.92
19467,4019.9
19468,4620.95
19469,8123.63
19470,9999.5
19471,10000.0
19472,10000.0
19473,10000.0
19474,10000.0
19475,10000.0
19476,10000.0
19477,10000.0
19478,10000.0
19479,10000.0
19480,10000.0
19481,10000.0
19482,10000.0
19483,10000.0
19484,10000.0
19485,10000.0
19486,10000.0
19487,10000.0
19488,10000.0
19489,7889.47
19490,7510.55
19491,5954.03
19492,5599.59
19493,5599.19
19494,4759.85
19495,4759.0
19496,4499.49
19497,4598.79
19498,4499.01
19499,4221.46
19500,4188.05
19501,4201.73
19502,4162.42
19503,4000.61
19504,3999.7
19505,4209.41
19506,4499.18
19507,4499.57
19508,3412.45
19509,2980.6
19510,2999.03
19511,3000.2
19512,3000.48
19513,3409.64
19514,3225.89
19515,3206.08
19516,3000.22
19517,2948.33
19518,2759.9
19519,2379.39
19520,2112.93
19521,2101.36
19522,2379.23
19523,2379.48
19524,2379.57
19525,2380.0
19526,2481.39
19527,2442.16
19528,2431.46
19529,2379.08
19530,2199.52
19531,2112.11
19532,2110.23
19533,2000.09
19534,2072.5
19535,2101.41
19536,2110.63
19537,2012.36
19538,2091.18
19539,2101.34
19540,2012.63
19541,1999.69
19542,2000.99
19543,2064.89
19544,1999.93
19545,2060.22
19546,2101.84
19547,2254.49
19548,2341.0
19549,2565.89
19550,2948.6
19551,2800.91
19552,2759.82
19553,2482.84
19554,2446.49
19555,2400.56
19556,2379.82
19557,2379.92
19558,2400.41
19559,2379.73
19560,2379.4
19561,2461.97
19562,2759.01
19563,2759.14
19564,2550.7
19565,3570.36
19566,4469.9
19567,5100.74
19568,8529.21
19569,10000.0
19570,10000.0
19571,10000.0
19572,10000.0
19573,10000.0
19574,10000.0
19575,10000.0
19576,10000.0
19577,10000.0
19578,10000.0
19579,10000.0
19580,10000.0
19581,10000.0
19582,10000.0
19583,10000.0
19584,9747.4
19585,4499.55
19586,4499.94
19587,4499.57
19588,4250.83
19589,4000.36
19590,3750.21
19591,3570.74
19592,3410.0
19593,3500.53
19594,3701.0
19595,3700.56
19596,3500.16
19597,3315.89
19598,3304.38
19599,3263.88
19600,3240.34
19601,3210.43
19602,3210.62
19603,3197.94
19604,3195.21
19605,2800.15
19606,2800.17
19607,2800.02
19608,2800.27
19609,3200.59
19610,3485.68
19611,3581.33
19612,3490.85
19613,3328.46
19614,3300.64
19615,3196.39
19616,3197.74
19617,3000.36
19618,3007.54
19619,3008.0
19620,3199.18
19621,3177.41
19622,3250.81
19623,3369.79
19624,3400.27
19625,3177.13
19626,3177.11
19627,3060.92
19628,3140.65
19629,3177.59
19630,3177.65
19631,3177.56
19632,3177.69
19633,3177.36
19634,3177.74
19635,3177.67
19636,3177.37
19637,2999.98
19638,3000.93
19639,3150.98
19640,3000.46
19641,3177.3
19642,3177.82
19643,3194.99
19644,3194.45
19645,3215.9
19646,3469.78
19647,3500.18
19648,3482.81
19649,3501.14
19650,3581.64
19651,3463.9
19652,3420.16
19653,3510.66
19654,3581.12
19655,3501.71
19656,3581.12
19657,3899.28
19658,4551.04
19659,5106.98
19660,6759.54
19661,10000.0
19662,10000.0
19663,10000.0
19664,10000.0
19665,10000.0
19666,10000.0
19667,10000.0
19668,10000.0
19669,10000.0
19670,10000.0
19671,10000.0
19672,10000.0
19673,10000.0
19674,10000.0
19675,10000.0
19676,10000.0
19677,10000.0
19678,10000.0
19679,10000.0
19680,10000.0
19681,9999.05
19682,7334.48
19683,6239.87
19684,5457.88
19685,5620.79
19686,5399.36
19687,5105.03
19688,4877.55
19689,4851.0
19690,4447.67
19691,4065.12
19692,4000.11
19693,3880.08
19694,3588.19
19695,3487.38
19696,3300.77
19697,2999.35
19698,3378.81
19699,3458.58
19700,3499.1
19701,2780.88
19702,2999.19
19703,2980.88
19704,2999.31
19705,3999.94
19706,4000.91
19707,3688.97
19708,3581.86
19709,3412.1
19710,3210.62
19711,2991.44
19712,2960.83
19713,2905.04
19714,2960.48
19715,2960.77
19716,3000.57
19717,3007.5
19718,3194.48
19719,3378.21
19720,3410.84
19721,3177.35
19722,3177.34
19723,3088.28
19724,3177.27
19725,3060.25
19726,3060.15
19727,3012.25
19728,3048.2
19729,3060.17
19730,3060.73
19731,3047.53
19732,3047.85
19733,3000.3
19734,3000.62
19735,3012.38
19736,3000.75
19737,3000.69
19738,3177.01
19739,3198.88
19740,3194.93
19741,3300.82
19742,3350.97
19743,3400.56
19744,3215.92
19745,3215.75
19746,3424.71
19747,3400.03
19748,3378.02
19749,3378.81
19750,3378.59
19751,3378.4
19752,3378.08
19753,3581.47
19754,3688.78
19755,4019.38
19756,4718.43
19757,6750.39
19758,8149.39
19759,9999.73
19760,10000.0
19761,10000.0
19762,10000.0
19763,10000.0
19764,10000.0
19765,10000.0
19766,10000.0
19767,10000.0
19768,10000.0
19769,10000.0
19770,10000.0
19771,10000.0
19772,10000.0
19773,10000.0
19774,10000.0
19775,10000.0
19776,9999.99
19777,9529.82
19778,9529.58
19779,9529.01
19780,8000.61
19781,7026.75
19782,6635.61
19783,6499.46
19784,5743.91
19785,5172.47
19786,4499.67
19787,4499.24
19788,4499.06
19789,4499.49
19790,4112.19
19791,3999.25
19792,3500.77
19793,3500.68
19794,3500.73
19795,3500.32
19796,3304.78
19797,2999.6
19798,2687.73
19799,2999.19
19800,3095.52
19801,4000.89
19802,4001.0
19803,3688.99
19804,3680.42
19805,3412.55
19806,3378.19
19807,3300.47
19808,3007.61
19809,2973.8
19810,2999.94
19811,3007.96
19812,3059.91
19813,3200.74
19814,3369.38
19815,3436.56
19816,3609.73
19817,3240.13
19818,3300.55
19819,3210.89
19820,3215.78
19821,3210.47
19822,3200.23
19823,3198.31
19824,3200.49
19825,3194.91
19826,3210.43
19827,3210.3
19828,3210.87
19829,3046.93
19830,3194.51
19831,3060.87
19832,3000.12
19833,3095.95
19834,3210.95
19835,3210.07
19836,3210.26
19837,3304.32
19838,3409.47
19839,3425.74
19840,3409.52
19841,3409.69
19842,3549.09
19843,3501.8
19844,3498.47
19845,3501.39
19846,3480.88
19847,3450.66
19848,3443.61
19849,3681.61
19850,3999.69
19851,4499.02
19852,4981.95
19853,6499.86
19854,9799.22
19855,10000.0
19856,10000.0
19857,10000.0
19858,10000.0
19859,10000.0
19860,10000.0
19861,10000.0
19862,10000.0
19863,10000.0
19864,10000.0
19865,10000.0
19866,10000.0
19867,10000.0
19868,10000.0
19869,10000.0
19870,10000.0
19871,10000.0
19872,10000.0
19873,7029.98
19874,7029.19
19875,5704.49
19876,5704.26
19877,5069.61
19878,5069.41
19879,5048.83
19880,4770.63
19881,4209.96
19882,4209.03
19883,4019.22
19884,3999.39
19885,3930.15
19886,3570.62
19887,3500.69
19888,3315.91
19889,3000.61
19890,3000.9
19891,3112.93
19892,2999.66
19893,2948.35
19894,2800.2
19895,3000.39
19896,3000.65
19897,3500.48
19898,3463.71
19899,3400.81
19900,3378.07
19901,2999.44
19902,2960.41
19903,2905.13
19904,2960.06
19905,2796.57
19906,2818.13
19907,2905.54
19908,2905.7
19909,2960.02
19910,3007.02
19911,3244.81
19912,3378.85
19913,3300.38
19914,3315.2
19915,3207.9
19916,3199.29
19917,3095.89
19918,3000.68
19919,3000.28
19920,3000.69
19921,2866.5
19922,2999.6
19923,2999.42
19924,2999.07
19925,2900.72
19926,2867.4
19927,2948.53
19928,2800.12
19929,2948.38
19930,2999.26
19931,3196.55
19932,3215.21
19933,3315.22
19934,3331.8
19935,3376.88
19936,3400.84
19937,3463.01
19938,3412.89
19939,3315.19
19940,3210.79
19941,3309.32
19942,3244.31
19943,3300.4
19944,3210.78
19945,3369.52
19946,3632.11
19947,4100.12
19948,4499.13
19949,4900.02
19950,5600.69
19951,7097.45
19952,9799.34
19953,8529.62
19954,8529.93
19955,8999.66
19956,10000.0
19957,8999.39
19958,9799.71
19959,9999.09
19960,9999.18
19961,9999.28
19962,9999.23
19963,9980.76
19964,9848.09
19965,9541.8
19966,8529.22
19967,7097.22
19968,6750.02
19969,3500.44
19970,3500.88
19971,3400.39
19972,3630.05
19973,3315.87
19974,3367.92
19975,3315.72
19976,3250.99
19977,3240.79
19978,3046.13
19979,3112.37
19980,3000.45
19981,2999.45
19982,2999.21
19983,2800.55
19984,2759.84
19985,2759.55
19986,2759.32
19987,2899.58
19988,2759.73
19989,2790.67
19990,2818.89
19991,2809.3
19992,2759.83
19993,3065.06
19994,3250.87
19995,3315.65
19996,3244.49
19997,2999.71
19998,2960.57
19999,2796.81
20000,2794.59
20001,2792.74
20002,2794.02
20003,2792.5
20004,2738.75
20005,2792.27
20006,2796.33
20007,2960.3
20008,2999.54
20009,2759.79
20010,2759.57
20011,2700.9
20012,2700.98
20013,2700.55
20014,2700.99
20015,2700.75
20016,2700.79
20017,2700.11
20018,2700.29
20019,2700.72
20020,2700.63
20021,2534.78
20022,2510.62
20023,2700.5
20024,2700.33
20025,2700.39
20026,2700.5
20027,2700.23
20028,2700.65
20029,2759.14
20030,2840.18
20031,2840.48
20032,2895.9
20033,2759.29
20034,2800.89
20035,2866.89
20036,2899.27
20037,2948.43
20038,2899.83
20039,2759.92
20040,2759.87
20041,3244.78
20042,3463.57
20043,3800.32
20044,4849.06
20045,4700.85
20046,4999.64
20047,5149.84
20048,5929.45
20049,5250.35
20050,5501.01
20051,5580.59
20052,5880.04
20053,6102.53
20054,6510.83
20055,7097.5
20056,7097.73
20057,7097.82
20058,7312.04
20059,7466.06
20060,7097.39
20061,6697.17
20062,6154.14
20063,5870.1
20064,5069.76
20065,3422.89
20066,3510.93
20067,3530.94
20068,3749.93
20069,3530.07
20070,3467.23
20071,3274.24
20072,3160.92
20073,3299.47
20074,3160.9
20075,3160.82
20076,3099.96
20077,3099.73
20078,3099.97
20079,3160.21
20080,3160.27
20081,3160.02
20082,3099.75
20083,3112.32
20084,3099.76
20085,2948.75
20086,3099.27
20087,3045.28
20088,3099.29
20089,3210.72
20090,3264.0
20091,3240.16
20092,3068.69
20093,2796.28
20094,2792.04
20095,2759.14
20096,2500.11
20097,2500.03
20098,2500.19
20099,2500.64
20100,2500.12
20101,2500.95
20102,2759.6
20103,2794.22
20104,2796.44
20105,2500.55
20106,2500.06
20107,2000.35
20108,2000.46
20109,1999.51
20110,1999.84
20111,1999.68
20112,1999.54
20113,1999.1
20114,1999.2
20115,1999.19
20116,1999.21
20117,1999.1
20118,1999.22
20119,1999.01
20120,1999.37
20121,1999.81
20122,2184.27
20123,2182.5
20124,2110.77
20125,2192.97
20126,2200.71
20127,2550.16
20128,2948.29
20129,2948.91
20130,3007.19
20131,2960.2
20132,2960.21
20133,2973.08
20134,2899.2
20135,2899.92
20136,2800.96
20137,3007.46
20138,3278.58
20139,3468.99
20140,4060.38
20141,4499.23
20142,4981.02
20143,5400.39
20144,5500.91
20145,5700.28
20146,5750.52
20147,5669.93
20148,5746.85
20149,5800.81
20150,6279.94
20151,6510.43
20152,6510.6
20153,6510.49
20154,6510.76
20155,6510.57
20156,6510.19
20157,5494.7
20158,5343.01
20159,5048.79
20160,4830.06
20161,3694.14
20162,3694.69
20163,3749.44
20164,3749.62
20165,3500.84
20166,3500.09
20167,3274.94
20168,3210.56
20169,3099.8
20170,3199.31
20171,3099.83
20172,3199.07
20173,3059.13
20174,3059.68
20175,2999.11
20176,2899.22
20177,2759.2
20178,2759.11
20179,2759.08
20180,2600.47
20181,2180.83
20182,2199.02
20183,2199.29
20184,2199.38
20185,2379.14
20186,2700.7
20187,2463.01
20188,2350.45
20189,2151.06
20190,2110.63
20191,2111.27
20192,2089.32
20193,1999.55
20194,1999.06
20195,1999.51
20196,1799.58
20197,2000.2
20198,1689.4
20199,1499.84
20200,1499.44
20201,1429.56
20202,1429.82
20203,1429.83
20204,1429.82
20205,1429.4
20206,1429.59
20207,1500.45
20208,1689.25
20209,1619.06
20210,1689.24
20211,1689.68
20212,1689.79
20213,1689.53
20214,1689.9
20215,1689.82
20216,1820.47
20217,1872.27
20218,1999.23
20219,1999.41
20220,1999.59
20221,1999.63
20222,2300.48
20223,2700.3
20224,2737.36
20225,2259.84
20226,2379.92
20227,2379.55
20228,2379.47
20229,2379.04
20230,2379.32
20231,2379.56
20232,2379.77
20233,2759.57
20234,2899.99
20235,3000.27
20236,3000.52
20237,4000.78
20238,4000.85
20239,4019.36
20240,4019.65
20241,4500.73
20242,4550.63
20243,4716.99
20244,4810.07
20245,4810.19
20246,4810.89
20247,5069.62
20248,5669.38
20249,4810.85
20250,5494.93
20251,5669.14
20252,5494.44
20253,4810.44
20254,4810.84
20255,4510.31
20256,4229.92
20257,4060.82
20258,4019.28
20259,3999.79
20260,3939.96
20261,3749.22
20262,3500.71
20263,3315.19
20264,3199.62
20265,3240.52
20266,3315.18
20267,3199.86
20268,3099.59
20269,2999.4
20270,2948.7
20271,2948.4
20272,2850.95
20273,2759.72
20274,2759.56
20275,2759.78
20276,2759.57
20277,2800.62
20278,2999.52
20279,3194.61
20280,3309.08
20281,3581.42
20282,3624.57
20283,3581.86
20284,3490.88
20285,3262.67
20286,3210.76
20287,2999.97
20288,2960.21
20289,2796.1
20290,2796.36
20291,2796.6
20292,2796.36
20293,2796.58
20294,2960.12
20295,2999.15
20296,3127.88
20297,2759.24
20298,2759.26
20299,2650.71
20300,2549.08
20301,2750.71
20302,2500.7
20303,2499.38
20304,2499.18
20305,2188.72
20306,2194.47
20307,2197.13
20308,2194.86
20309,2187.85
20310,2190.9
20311,2196.2
20312,2252.38
20313,2820.75
20314,2948.23
20315,3000.83
20316,3000.7
20317,3048.82
20318,3000.86
20319,3133.42
20320,3177.61
20321,3194.65
20322,3250.75
20323,3194.21
20324,3194.38
20325,3309.64
20326,3315.86
20327,3378.34
20328,3384.75
20329,3581.34
20330,4060.97
20331,4700.27
20332,6149.89
20333,10000.0
20334,10000.0
20335,10000.0
20336,10000.0
20337,10000.0
20338,10000.0
20339,10000.0
20340,10000.0
20341,10000.0
20342,10000.0
20343,10000.0
20344,10000.0
20345,10000.0
20346,10000.0
20347,10000.0
20348,10000.0
20349,10000.0
20350,10000.0
20351,9999.56
20352,9999.62
673,10000.0
674,10000.0
675,10000.0
676,9499.05
677,6029.7
678,5999.29
679,5000.59
680,4661.85
681,3936.5
682,3800.86
683,3320.03
684,3315.93
685,3112.18
686,3099.83
687,3010.5
688,3048.75
689,3331.25
690,3310.06
691,3315.26
692,3240.51
693,3500.02
694,3500.81
695,3510.1
696,3640.12
697,4200.74
698,4499.16
699,4294.42
700,3939.96
701,3581.38
702,3463.38
703,3315.65
704,3177.54
705,3007.56
706,3050.99
707,3007.9
708,3007.22
709,2972.58
710,2999.75
711,3099.13
712,3181.74
713,3177.92
714,3177.87
715,3177.65
716,3177.15
717,3128.14
718,3062.89
719,3099.99
720,3099.52
721,2790.31
722,2910.42
723,2800.11
724,2860.99
725,2499.4
726,2499.88
727,2800.49
728,2948.25
729,3062.01
730,3134.01
731,3177.28
732,3177.54
733,3215.28
734,3253.94
735,3316.76
736,3378.04
737,3378.43
738,3412.3
739,3326.91
740,3243.31
741,3315.93
742,3378.34
743,3410.26
744,3463.01
745,3581.75
746,4700.5
747,6029.39
748,8999.41
749,10000.0
750,10000.0
751,10000.0
752,10000.0
753,10000.0
754,10000.0
755,10000.0
756,10000.0
757,10000.0
758,10000.0
759,10000.0
760,10000.0
761,10000.0
762,10000.0
763,10000.0
764,10000.0
765,10000.0
766,10000.0
767,10000.0
768,10000.0
3649,3800.77
3650,3570.05
3651,3500.27
3652,3315.82
3653,3500.02
3654,3099.38
3655,2999.99
3656,3000.47
3657,3510.02
3658,3500.87
3659,3500.87
3660,3099.68
3661,3000.72
3662,2899.41
3663,2750.18
3664,2899.07
3665,2948.08
3666,2900.81
3667,2899.29
3668,2948.16
3669,3099.16
3670,3281.22
3671,3300.19
3672,3240.55
3673,3939.41
3674,4019.03
3675,3999.15
3676,3581.65
3677,3463.37
3678,3315.06
3679,3177.72
3680,2960.87
3681,2866.28
3682,2796.5
3683,2792.58
3684,2792.32
3685,2784.43
3686,2788.29
3687,2750.42
3688,2600.95
3689,2499.18
3690,2499.54
3691,2340.31
3692,2350.76
3693,2110.79
3694,2110.88
3695,2112.09
3696,2117.47
3697,2097.36
3698,2110.4
3699,2110.55
3700,2110.95
3701,2080.18
3702,2091.56
3703,2110.94
3704,2140.26
3705,2380.92
3706,2800.96
3707,2650.04
3708,2480.31
3709,2680.85
3710,2680.67
3711,2680.98
3712,2948.39
3713,2960.73
3714,2960.88
3715,2948.98
3716,2903.9
3717,2960.51
3718,2960.18
3719,2960.69
3720,2989.25
3721,3243.06
3722,3800.09
3723,4700.45
3724,5048.95
3725,5359.48
3726,5397.67
3727,5500.11
3728,5999.77
3729,6029.79
3730,6400.34
3731,6510.3
3732,6750.01
3733,7097.13
3734,7999.54
3735,7999.26
3736,8499.4
3737,7097.06
3738,8499.55
3739,7999.95
3740,6999.61
3741,6029.98
3742,6029.46
3743,6029.46
3744,5900.74
6337,3348.35
6338,3500.15
6339,3420.14
6340,3500.66
6341,3099.91
6342,2999.78
6343,2999.53
6344,2948.86
6345,2948.63
6346,2948.35
6347,2701.28
6348,2500.78
6349,2500.85
6350,2500.9
6351,2500.71
6352,2500.55
6353,2500.75
6354,2500.71
6355,2501.0
6356,2899.01
6357,2900.88
6358,2999.61
6359,3177.12
6360,3194.58
6361,3536.89
6362,3675.43
6363,3640.31
6364,3500.03
6365,3250.74
6366,3177.27
6367,3000.81
6368,2948.04
6369,2788.42
6370,2784.93
6371,2784.93
6372,2782.33
6373,2778.56
6374,2782.33
6375,2729.21
6376,2500.8
6377,2500.34
6378,2500.3
6379,2498.78
6380,2112.28
6381,1999.97
6382,2000.17
6383,2000.46
6384,2000.42
6385,1999.81
6386,1999.9
6387,1999.9
6388,1999.88
6389,1999.75
6390,1999.74
6391,1999.75
6392,1999.91
6393,2000.46
6394,2113.92
6395,2110.36
6396,2180.74
6397,2500.26
6398,2500.69
6399,2894.31
6400,2903.66
6401,2948.63
6402,2960.09
6403,2903.37
6404,2899.49
6405,2960.17
6406,2960.19
6407,2989.65
6408,3020.93
6409,3378.23
6410,3412.8
6411,4000.46
6412,4469.43
6413,5500.54
6414,5999.18
6415,5999.37
6416,5715.94
6417,6000.09
6418,5494.37
6419,5089.01
6420,5089.43
6421,5731.0
6422,5999.89
6423,6008.15
6424,6029.35
6425,6029.31
6426,6029.59
6427,6029.27
6428,6029.08
6429,5999.46
6430,5499.92
6431,5499.4
6432,5499.05
9313,3749.84
9314,4019.17
9315,4019.93
9316,4019.33
9317,3809.4
9318,3809.8
9319,3809.8
9320,3719.33
9321,3484.4
9322,3469.65
9323,3315.92
9324,3200.5
9325,3210.69
9326,3199.24
9327,3048.21
9328,3000.17
9329,2999.02
9330,3069.6
9331,3214.41
9332,3315.59
9333,3369.8
9334,3369.18
9335,3471.93
9336,3750.31
9337,4209.29
9338,4209.33
9339,4209.47
9340,4134.74
9341,3463.11
9342,3410.37
9343,3289.03
9344,3177.06
9345,2960.46
9346,2903.51
9347,2903.89
9348,2841.95
9349,2796.4
9350,2796.98
9351,2910.03
9352,2960.95
9353,2910.84
9354,2960.24
9355,2910.98
9356,2910.21
9357,2759.66
9358,2729.57
9359,2502.24
9360,2500.12
9361,2380.24
9362,2355.56
9363,2499.24
9364,2312.61
9365,2193.16
9366,2297.54
9367,2307.44
9368,2499.59
9369,2669.76
9370,2894.71
9371,2910.39
9372,2910.4
9373,3069.23
9374,3007.6
9375,2999.87
9376,3008.0
9377,3177.88
9378,3177.64
9379,3177.17
9380,3177.5
9381,3219.98
9382,3369.23
9383,3378.48
9384,3412.34
9385,3999.09
9386,4354.05
9387,4555.37
9388,4999.34
9389,6029.04
9390,6029.43
9391,6029.82
9392,6029.99
9393,7000.18
9394,6510.15
9395,6119.53
9396,6029.81
9397,6750.95
9398,9949.63
9399,9949.05
9400,9799.12
9401,7917.66
9402,7800.09
9403,6999.24
9404,6510.61
9405,5600.82
9406,4999.93
9407,4779.4
9408,4469.88
12193,5999.03
12194,5089.43
12195,5089.78
12196,5000.68
12197,4999.19
12198,4803.5
12199,4469.14
12200,4019.24
12201,3939.37
12202,3800.24
12203,3809.39
12204,3749.07
12205,3700.37
12206,3750.23
12207,3510.85
12208,3510.61
12209,3589.75
12210,3800.15
12211,3800.99
12212,3939.13
12213,3800.43
12214,3939.31
12215,4019.36
12216,4779.69
12217,4806.2
12218,4981.16
12219,4990.63
12220,4800.92
12221,4469.86
12222,4469.23
12223,3749.4
12224,3581.3
12225,3219.28
12226,3007.7
12227,3000.81
12228,2910.64
12229,2902.98
12230,2910.86
12231,2960.36
12232,2999.44
12233,2889.24
12234,2759.92
12235,2756.0
12236,2729.39
12237,2701.86
12238,2700.94
12239,2701.02
12240,2729.1
12241,2699.98
12242,2699.69
12243,2699.26
12244,2699.73
12245,2669.76
12246,2669.37
12247,2669.81
12248,2729.12
12249,2860.15
12250,2860.52
12251,2860.63
12252,2860.93
12253,2910.94
12254,3000.66
12255,3006.92
12256,3069.82
12257,3102.4
12258,3086.79
12259,3007.06
12260,2989.43
12261,3099.93
12262,3148.54
12263,3219.37
12264,3369.29
12265,3581.55
12266,3939.76
12267,4331.61
12268,4800.12
12269,5359.7
12270,5250.19
12271,6029.02
12272,6029.57
12273,5800.56
12274,6000.93
12275,6029.05
12276,6029.66
12277,6380.0
12278,9229.77
12279,10000.0
12280,10000.0
12281,8149.29
12282,9499.7
12283,9744.97
12284,9999.04
12285,6510.21
12286,6029.06
12287,6029.26
12288,6029.1
15169,5069.23
15170,5069.73
15171,5069.12
15172,4889.31
15173,4708.0
15174,4679.72
15175,4474.54
15176,4319.81
15177,3786.0
15178,3700.96
15179,3549.15
15180,3230.81
15181,3230.26
15182,3230.17
15183,3210.33
15184,3119.97
15185,3210.73
15186,3269.08
15187,3469.22
15188,3477.57
15189,3549.61
15190,3709.46
15191,3801.0
15192,4499.2
15193,4500.13
15194,4500.4
15195,4440.98
15196,4209.12
15197,3412.68
15198,3243.58
15199,3099.98
15200,2989.69
15201,2796.19
15202,2792.41
15203,2784.36
15204,2759.73
15205,2729.99
15206,2699.61
15207,2569.64
15208,2406.49
15209,1999.98
15210,2011.87
15211,1999.82
15212,1999.61
15213,1999.6
15214,1999.52
15215,1999.19
15216,1999.1
15217,1979.8
15218,1989.63
15219,1989.87
15220,1989.89
15221,1989.18
15222,1989.74
15223,1983.02
15224,1989.39
15225,1999.02
15226,1993.83
15227,1999.1
15228,1999.08
15229,1999.31
15230,1999.45
15231,1999.52
15232,1999.85
15233,2000.93
15234,2031.9
15235,2042.06
15236,2400.32
15237,2569.4
15238,2569.98
15239,2569.89
15240,2796.41
15241,2969.9
15242,3177.73
15243,3300.34
15244,4149.79
15245,4319.96
15246,4410.29
15247,4510.63
15248,4715.02
15249,4800.25
15250,4679.23
15251,4550.58
15252,4679.55
15253,4750.17
15254,4950.51
15255,5069.09
15256,5510.32
15257,5004.98
15258,5494.25
15259,5269.51
15260,5500.15
15261,4889.57
15262,4679.79
15263,4474.78
15264,4149.3
18049,5000.16
18050,4660.92
18051,4779.19
18052,4660.77
18053,4500.57
18054,4500.95
18055,4469.97
18056,4300.07
18057,3930.55
18058,3702.85
18059,3580.92
18060,3510.53
18061,3499.93
18062,3426.44
18063,3370.91
18064,3369.09
18065,3450.36
18066,3499.63
18067,3510.38
18068,3505.1
18069,3690.38
18070,3690.36
18071,4100.95
18072,4889.97
18073,6000.45
18074,6000.7
18075,6000.01
18076,5089.74
18077,4779.95
18078,4500.23
18079,3749.52
18080,3412.99
18081,3177.24
18082,3031.89
18083,2948.33
18084,2866.87
18085,2792.8
18086,2796.21
18087,2859.41
18088,2910.36
18089,2700.6
18090,2640.51
18091,2519.91
18092,2519.59
18093,2406.48
18094,2406.24
18095,2406.14
18096,2406.2
18097,2406.03
18098,2372.94
18099,2406.12
18100,2406.33
18101,2149.57
18102,2149.71
18103,2406.3
18104,2406.83
18105,2519.39
18106,2519.85
18107,2729.34
18108,2729.99
18109,2910.09
18110,2911.0
18111,2948.89
18112,2996.19
18113,3099.1
18114,3099.03
18115,3102.2
18116,3177.29
18117,3369.7
18118,3378.55
18119,3412.04
18120,3472.05
18121,3749.25
18122,4510.42
18123,5700.1
18124,9000.17
18125,10000.0
18126,10000.0
18127,10000.0
18128,10000.0
18129,10000.0
18130,10000.0
18131,10000.0
18132,10000.0
18133,10000.0
18134,10000.0
18135,10000.0
18136,10000.0
18137,10000.0
18138,10000.0
18139,10000.0
18140,10000.0
18141,10000.0
18142,10000.0
18143,10000.0
18144,10000.0
21025,6125.81
21026,5999.07
21027,6500.01
21028,6499.07
21029,5999.57
21030,5999.08
21031,4779.42
21032,4717.91
21033,4474.08
21034,4419.57
21035,4249.92
21036,4000.6
21037,3999.38
21038,3962.6
21039,3647.24
21040,3480.86
21041,3569.45
21042,3850.51
21043,3809.25
21044,3850.04
21045,3961.06
21046,4779.17
21047,4999.93
21048,5494.45
21049,5758.52
21050,6250.92
21051,5800.23
21052,5500.38
21053,4500.89
21054,4440.5
21055,3442.88
21056,3369.05
21057,3000.71
21058,2986.8
21059,2904.24
21060,2889.24
21061,2800.01
21062,2889.36
21063,2910.39
21064,2960.19
21065,2800.42
21066,2699.31
21067,2519.99
21068,2519.95
21069,2519.15
21070,2502.25
21071,2406.92
21072,2406.92
21073,2501.0
21074,2406.61
21075,2406.46
21076,2406.34
21077,2406.01
21078,2380.84
21079,2406.86
21080,2500.85
21081,2861.15
21082,2870.41
21083,2901.86
21084,2908.14
21085,2977.18
21086,3000.29
21087,3000.11
21088,3000.01
21089,2993.03
21090,2986.66
21091,2986.36
21092,3040.06
21093,3200.01
21094,3239.0
21095,3463.52
21096,3501.52
21097,3960.06
21098,4610.92
21099,5800.57
21100,10000.0
21101,10000.0
21102,10000.0
21103,10000.0
21104,10000.0
21105,10000.0
21106,10000.0
21107,10000.0
21108,10000.0
21109,10000.0
21110,10000.0
21111,10000.0
21112,10000.0
21113,10000.0
21114,10000.0
21115,10000.0
21116,10000.0
21117,10000.0
21118,10000.0
21119,10000.0
21120,10000.0
24001,10000.0
24002,10000.0
24003,10000.0
24004,10000.0
24005,10000.0
24006,10000.0
24007,10000.0
24008,8113.53
24009,6999.55
24010,6499.21
24011,6029.77
24012,5700.7
24013,5090.0
24014,5079.19
24015,5000.14
24016,4716.61
24017,5000.11
24018,5000.93
24019,5089.18
24020,5269.72
24021,6000.58
24022,6855.52
24023,7764.01
24024,10000.0
24025,10000.0
24026,10000.0
24027,10000.0
24028,7832.15
24029,6499.43
24030,6000.28
24031,5504.29
24032,4848.84
24033,3628.98
24034,3479.4
24035,3378.41
24036,3289.31
24037,3239.42
24038,3289.03
24039,3290.88
24040,3378.18
24041,3239.06
24042,3219.55
24043,3226.27
24044,3219.83
24045,3225.67
24046,3228.31
24047,3219.37
24048,3215.76
24049,3210.85
24050,3215.54
24051,3222.05
24052,3210.95
24053,3177.02
24054,3177.38
24055,3069.64
24056,3194.02
24057,3219.53
24058,3369.06
24059,3369.77
24060,3369.95
24061,3412.58
24062,3450.87
24063,3463.34
24064,3499.15
24065,3632.52
24066,3809.87
24067,4150.12
24068,4209.86
24069,4700.71
24070,4700.99
24071,5089.44
24072,6500.21
24073,7789.24
24074,10000.0
24075,10000.0
24076,10000.0
24077,10000.0
24078,10000.0
24079,10000.0
24080,10000.0
24081,10000.0
24082,10000.0
24083,10000.0
24084,10000.0
24085,10000.0
24086,10000.0
24087,10000.0
24088,10000.0
24089,10000.0
24090,10000.0
24091,10000.0
24092,10000.0
24093,10000.0
24094,10000.0
24095,10000.0
24096,10000.0
26881,10000.0
26882,10000.0
26883,10000.0
26884,10000.0
26885,10000.0
26886,10000.0
26887,10000.0
26888,10000.0
26889,10000.0
26890,10000.0
26891,9930.5
26892,7479.34
26893,6999.01
26894,6500.62
26895,6121.47
26896,6029.64
26897,6029.87
26898,7065.44
26899,10000.0
26900,10000.0
26901,10000.0
26902,10000.0
26903,10000.0
26904,10000.0
26905,10000.0
26906,10000.0
26907,10000.0
26908,10000.0
26909,10000.0
26910,10000.0
26911,8149.26
26912,5729.23
26913,4779.83
26914,4419.88
26915,4419.15
26916,4000.7
26917,4060.47
26918,4369.12
26919,4469.05
26920,4648.91
26921,4469.02
26922,4419.73
26923,4419.52
26924,4419.23
26925,4419.39
26926,4419.12
26927,4249.41
26928,4249.55
26929,4100.71
26930,3809.95
26931,4000.84
26932,3809.03
26933,3581.4
26934,3581.14
26935,3581.69
26936,3809.23
26937,3809.49
26938,4419.13
26939,4419.38
26940,4419.82
26941,4419.99
26942,4469.16
26943,4469.45
26944,4469.89
26945,4718.23
26946,5090.0
26947,4932.9
26948,5089.21
26949,5700.67
26950,6200.08
26951,6810.73
26952,10000.0
26953,10000.0
26954,10000.0
26955,10000.0
26956,10000.0
26957,10000.0
26958,10000.0
26959,10000.0
26960,10000.0
26961,10000.0
26962,10000.0
26963,10000.0
26964,10000.0
26965,10000.0
26966,10000.0
26967,10000.0
26968,10000.0
26969,10000.0
26970,10000.0
26971,10000.0
26972,10000.0
26973,10000.0
26974,10000.0
26975,10000.0
26976,10000.0
29857,10000.0
29858,10000.0
29859,10000.0
29860,10000.0
29861,10000.0
29862,10000.0
29863,10000.0
29864,10000.0
29865,10000.0
29866,10000.0
29867,10000.0
29868,10000.0
29869,10000.0
29870,10000.0
29871,10000.0
29872,9303.7
29873,9577.42
29874,8286.0
29875,7500.96
29876,7500.67
29877,7723.13
29878,10000.0
29879,10000.0
29880,10000.0
29881,10000.0
29882,10000.0
29883,10000.0
29884,10000.0
29885,10000.0
29886,10000.0
29887,7097.88
29888,6500.82
29889,5633.34
29890,5496.4
29891,5494.61
29892,5288.21
29893,5112.83
29894,4999.93
29895,5052.68
29896,5575.96
29897,5269.72
29898,5000.0
29899,4788.27
29900,4469.8
29901,4560.62
29902,4474.19
29903,4469.98
29904,4249.15
29905,4001.96
29906,4044.08
29907,4099.95
29908,4001.37
29909,3920.49
29910,3914.69
29911,4004.77
29912,4469.88
29913,4788.03
29914,5494.05
29915,5500.9
29916,5700.51
29917,5500.85
29918,5559.83
29919,5700.29
29920,5801.55
29921,6500.02
29922,6500.44
29923,7203.39
29924,8023.42
29925,9000.51
29926,10000.0
29927,10000.0
29928,10000.0
29929,10000.0
29930,10000.0
29931,10000.0
29932,10000.0
29933,10000.0
29934,10000.0
29935,10000.0
29936,10000.0
29937,10000.0
29938,10000.0
29939,10000.0
29940,10000.0
29941,10000.0
29942,10000.0
29943,10000.0
29944,10000.0
29945,10000.0
29946,10000.0
29947,10000.0
29948,10000.0
29949,10000.0
29950,10000.0
29951,10000.0
29952,10000.0
32737,10000.0
32738,10000.0
32739,10000.0
32740,10000.0
32741,10000.0
32742,10000.0
32743,10000.0
32744,10000.0
32745,10000.0
32746,10000.0
32747,10000.0
32748,10000.0
32749,10000.0
32750,10000.0
32751,10000.0
32752,10000.0
32753,10000.0
32754,10000.0
32755,10000.0
32756,10000.0
32757,10000.0
32758,10000.0
32759,10000.0
32760,10000.0
32761,10000.0
32762,10000.0
32763,10000.0
32764,10000.0
32765,10000.0
32766,10000.0
32767,10000.0
32768,10000.0
32769,9000.26
32770,6500.4
32771,5089.58
32772,4999.09
32773,4419.72
32774,4249.89
32775,4419.01
32776,4500.02
32777,4249.18
32778,4247.38
32779,3978.27
32780,3972.6
32781,4000.92
32782,4044.12
32783,4000.57
32784,4099.97
32785,4099.08
32786,4000.38
32787,4249.18
32788,4099.48
32789,4044.15
32790,4030.59
32791,4100.0
32792,4249.5
32793,4249.98
32794,4566.11
32795,4778.88
32796,5004.74
32797,4778.67
32798,4999.59
32799,4469.99
32800,4778.12
32801,4469.43
32802,4779.8
32803,5552.94
32804,5510.11
32805,5348.88
32806,4999.4
32807,5348.13
32808,6500.55
32809,10000.0
32810,10000.0
32811,10000.0
32812,10000.0
32813,10000.0
32814,10000.0
32815,10000.0
32816,10000.0
32817,10000.0
32818,10000.0
32819,10000.0
32820,10000.0
32821,10000.0
32822,10000.0
32823,10000.0
32824,10000.0
32825,10000.0
32826,10000.0
32827,10000.0
32828,10000.0
32829,10000.0
32830,10000.0
32831,10000.0
32832,10000.0
21505,10000.0
21506,10000.0
21507,10000.0
21508,10000.0
21509,8000.38
21510,6510.81
21511,6500.16
21512,6029.68
21513,6029.14
21514,5109.15
21515,4650.93
21516,4650.49
21517,4999.07
21518,4838.17
21519,4650.76
21520,4474.12
21521,4838.14
21522,5004.39
21523,5397.52
21524,5528.65
21525,5297.45
21526,6529.8
21527,8000.02
21528,8500.2
21529,10000.0
21530,10000.0
21531,8999.83
21532,6529.33
21533,4650.62
21534,3919.18
21535,3450.13
21536,3378.44
21537,3126.94
21538,3121.77
21539,3074.0
21540,3007.22
21541,2968.01
21542,3007.48
21543,3079.44
21544,3127.02
21545,3028.64
21546,3028.35
21547,3060.32
21548,3028.92
21549,3040.8
21550,3030.82
21551,3050.86
21552,3060.99
21553,3070.08
21554,3097.54
21555,3097.02
21556,3099.69
21557,3097.79
21558,3100.41
21559,3139.46
21560,3200.31
21561,3338.4
21562,3369.93
21563,3410.69
21564,3410.42
21565,3500.31
21566,3551.47
21567,3450.37
21568,3443.77
21569,3463.61
21570,3446.15
21571,3378.91
21572,3378.87
21573,3412.55
21574,3463.19
21575,3499.71
21576,3500.36
21577,4012.61
21578,5494.64
21579,10000.0
21580,10000.0
21581,10000.0
21582,10000.0
21583,10000.0
21584,10000.0
21585,10000.0
21586,10000.0
21587,10000.0
21588,10000.0
21589,10000.0
21590,10000.0
21591,10000.0
21592,10000.0
21593,10000.0
21594,10000.0
21595,10000.0
21596,10000.0
21597,10000.0
21598,10000.0
21599,10000.0
21600,10000.0
21601,10000.0
21602,10000.0
21603,10000.0
21604,10000.0
21605,8000.14
21606,6029.84
21607,6029.19
21608,5999.73
21609,5397.43
21610,5269.25
21611,5169.72
21612,5283.5
21613,4474.46
21614,4400.4
21615,4250.75
21616,4004.79
21617,4009.87
21618,5000.8
21619,4708.68
21620,4708.22
21621,5297.39
21622,6510.19
21623,6749.68
21624,8000.28
21625,10000.0
21626,10000.0
21627,10000.0
21628,10000.0
21629,7500.36
21630,5800.9
21631,4708.8
21632,4109.53
21633,3549.88
21634,3412.88
21635,3412.54
21636,3378.19
21637,3370.53
21638,3378.6
21639,3463.55
21640,3581.74
21641,3466.0
21642,3458.19
21643,3463.35
21644,3463.23
21645,3463.99
21646,3463.74
21647,3463.86
21648,3581.1
21649,3465.4
21650,3509.5
21651,3581.64
21652,3581.52
21653,3581.34
21654,3581.31
21655,3599.43
21656,3684.17
21657,3999.49
21658,4159.14
21659,4159.21
21660,4439.05
21661,4159.65
21662,4439.12
21663,4100.91
21664,4439.1
21665,4310.2
21666,4246.28
21667,3684.34
21668,3632.72
21669,4248.76
21670,4520.16
21671,4400.2
21672,4788.93
21673,5650.35
21674,6999.03
21675,10000.0
21676,10000.0
21677,10000.0
21678,10000.0
21679,10000.0
21680,10000.0
21681,10000.0
21682,10000.0
21683,10000.0
21684,10000.0
21685,10000.0
21686,10000.0
21687,10000.0
21688,10000.0
21689,10000.0
21690,10000.0
21691,10000.0
21692,10000.0
21693,10000.0
21694,10000.0
21695,10000.0
21696,10000.0
21697,10000.0
21698,10000.0
21699,6999.35
21700,6510.21
21701,6029.4
21702,5999.11
21703,5407.59
21704,5428.11
21705,4829.72
21706,4718.95
21707,5078.12
21708,5000.27
21709,4958.95
21710,4970.13
21711,4805.72
21712,4768.98
21713,4970.95
21714,5139.3
21715,5499.07
21716,5494.34
21717,5000.12
21718,6344.28
21719,6500.52
21720,6500.84
21721,6500.61
21722,6500.88
21723,6500.74
21724,6500.44
21725,5297.38
21726,4811.55
21727,4369.3
21728,3999.14
21729,3463.79
21730,3403.87
21731,3338.02
21732,3277.19
21733,3277.23
21734,3000.66
21735,2948.79
21736,2850.41
21737,2639.55
21738,2299.57
21739,2299.55
21740,2289.91
21741,2299.11
21742,2289.7
21743,2299.14
21744,2369.25
21745,2500.1
21746,2629.49
21747,2639.36
21748,2502.97
21749,2500.32
21750,2500.09
21751,2502.06
21752,2639.61
21753,2639.56
21754,2860.33
21755,2999.98
21756,3018.55
21757,2948.19
21758,2948.67
21759,3018.89
21760,3153.8
21761,3099.38
21762,3153.03
21763,3153.86
21764,3199.14
21765,3250.15
21766,3210.2
21767,3128.19
21768,3018.09
21769,3018.05
21770,3309.94
21771,4679.07
21772,4949.48
21773,10000.0
21774,10000.0
21775,10000.0
21776,10000.0
21777,10000.0
21778,10000.0
21779,10000.0
21780,10000.0
21781,10000.0
21782,10000.0
21783,10000.0
21784,10000.0
21785,10000.0
21786,10000.0
21787,10000.0
21788,10000.0
21789,10000.0
21790,10000.0
21791,10000.0
21792,10000.0
21793,10000.0
21794,10000.0
21795,10000.0
21796,10000.0
21797,10000.0
21798,10000.0
21799,10000.0
21800,10000.0
21801,10000.0
21802,10000.0
21803,10000.0
21804,6999.34
21805,6029.69
21806,6029.16
21807,6000.92
21808,6000.48
21809,6000.71
21810,6029.1
21811,6029.51
21812,6029.5
21813,6000.62
21814,7000.98
21815,9998.25
21816,10000.0
21817,10000.0
21818,10000.0
21819,10000.0
21820,10000.0
21821,10000.0
21822,10000.0
21823,8149.3
21824,7000.8
21825,6000.85
21826,5946.66
21827,5701.85
21828,5563.74
21829,5814.02
21830,5494.65
21831,5469.75
21832,5999.92
21833,5738.59
21834,5700.19
21835,5060.27
21836,5386.0
21837,4999.87
21838,4999.66
21839,4999.87
21840,5500.27
21841,5139.26
21842,5494.56
21843,5139.78
21844,5000.85
21845,4999.09
21846,4768.49
21847,5000.6
21848,5494.88
21849,5700.99
21850,5969.1
21851,6000.13
21852,6000.92
21853,6280.0
21854,6000.98
21855,6000.68
21856,6000.7
21857,6128.77
21858,6529.42
21859,6529.63
21860,7000.54
21861,7000.96
21862,7000.63
21863,6810.98
21864,6529.98
21865,8210.57
21866,10000.0
21867,10000.0
21868,10000.0
21869,10000.0
21870,10000.0
21871,10000.0
21872,10000.0
21873,10000.0
21874,10000.0
21875,10000.0
21876,10000.0
21877,10000.0
21878,10000.0
21879,10000.0
21880,10000.0
21881,10000.0
21882,10000.0
21883,10000.0
21884,10000.0
21885,10000.0
21886,10000.0
21887,10000.0
21888,10000.0
21889,10000.0
21890,10000.0
21891,10000.0
21892,10000.0
21893,10000.0
21894,10000.0
21895,10000.0
21896,10000.0
21897,10000.0
21898,10000.0
21899,10000.0
21900,10000.0
21901,10000.0
21902,10000.0
21903,10000.0
21904,8149.39
21905,9799.31
21906,10000.0
21907,10000.0
21908,10000.0
21909,10000.0
21910,10000.0
21911,10000.0
21912,10000.0
21913,10000.0
21914,10000.0
21915,10000.0
21916,10000.0
21917,10000.0
21918,10000.0
21919,10000.0
21920,10000.0
21921,9454.28
21922,7000.36
21923,5740.97
21924,5000.69
21925,5494.22
21926,5800.99
21927,6010.53
21928,7000.07
21929,6010.74
21930,6010.52
21931,5700.75
21932,5700.21
21933,5700.71
21934,6000.65
21935,6010.77
21936,6500.66
21937,6500.43
21938,6500.46
21939,6500.72
21940,6500.33
21941,6300.0
21942,6010.05
21943,6500.42
21944,7000.56
21945,7097.16
21946,9000.17
21947,9000.43
21948,9000.42
21949,9000.36
21950,9000.16
21951,9000.05
21952,9000.15
21953,10000.0
21954,10000.0
21955,10000.0
21956,9799.22
21957,9799.27
21958,9799.39
21959,9799.83
21960,9799.0
21961,10000.0
21962,10000.0
21963,10000.0
21964,10000.0
21965,10000.0
21966,10000.0
21967,10000.0
21968,10000.0
21969,10000.0
21970,10000.0
21971,10000.0
21972,10000.0
21973,10000.0
21974,10000.0
21975,10000.0
21976,10000.0
21977,10000.0
21978,10000.0
21979,10000.0
21980,10000.0
21981,10000.0
21982,10000.0
21983,10000.0
21984,10000.0
21985,10000.0
21986,10000.0
21987,10000.0
21988,10000.0
21989,10000.0
21990,10000.0
21991,10000.0
21992,10000.0
21993,10000.0
21994,10000.0
21995,10000.0
21996,10000.0
21997,10000.0
21998,10000.0
21999,10000.0
22000,10000.0
22001,10000.0
22002,10000.0
22003,10000.0
22004,10000.0
22005,10000.0
22006,10000.0
22007,10000.0
22008,10000.0
22009,10000.0
22010,10000.0
22011,10000.0
22012,10000.0
22013,10000.0
22014,10000.0
22015,10000.0
22016,8510.53
22017,6500.36
22018,6010.04
22019,5740.7
22020,5622.37
22021,5999.64
22022,6010.22
22023,6010.96
22024,7613.4
22025,7152.21
22026,7097.8
22027,6718.9
22028,6010.44
22029,6500.65
22030,7065.06
22031,7360.64
22032,8000.14
22033,8000.2
22034,8000.15
22035,8000.2
22036,8000.18
22037,8000.1
22038,7097.9
22039,8000.15
22040,8500.05
22041,8500.33
22042,10000.0
22043,10000.0
22044,10000.0
22045,10000.0
22046,10000.0
22047,10000.0
22048,10000.0
22049,10000.0
22050,10000.0
22051,10000.0
22052,10000.0
22053,10000.0
22054,10000.0
22055,10000.0
22056,10000.0
22057,10000.0
22058,10000.0
22059,10000.0
22060,10000.0
22061,10000.0
22062,10000.0
22063,10000.0
22064,10000.0
22065,10000.0
22066,10000.0
22067,10000.0
22068,10000.0
22069,10000.0
22070,10000.0
22071,10000.0
22072,10000.0
22073,10000.0
22074,10000.0
22075,10000.0
22076,10000.0
22077,10000.0
22078,10000.0
22079,10000.0
22080,10000.0
22081,10000.0
22082,10000.0
22083,10000.0
22084,10000.0
22085,10000.0
22086,10000.0
22087,10000.0
22088,10000.0
22089,10000.0
22090,10000.0
22091,10000.0
22092,10000.0
22093,10000.0
22094,10000.0
22095,10000.0
22096,10000.0
22097,10000.0
22098,10000.0
22099,10000.0
22100,10000.0
22101,10000.0
22102,10000.0
22103,10000.0
22104,10000.0
22105,10000.0
22106,10000.0
22107,10000.0
22108,10000.0
22109,10000.0
22110,10000.0
22111,10000.0
22112,10000.0
22113,9000.05
22114,5500.26
22115,5376.02
22116,5269.48
22117,5377.24
22118,5500.41
22119,6010.33
22120,6253.71
22121,6000.46
22122,6000.3
22123,5500.4
22124,5313.17
22125,5500.37
22126,5700.06
22127,5700.12
22128,6000.1
22129,5700.71
22130,5700.66
22131,6000.72
22132,6000.35
22133,5494.83
22134,5139.3
22135,5494.25
22136,5588.98
22137,6136.38
22138,9799.72
22139,10000.0
22140,10000.0
22141,10000.0
22142,10000.0
22143,10000.0
22144,10000.0
22145,10000.0
22146,10000.0
22147,10000.0
22148,10000.0
22149,10000.0
22150,10000.0
22151,10000.0
22152,10000.0
22153,10000.0
22154,10000.0
22155,10000.0
22156,10000.0
22157,10000.0
22158,10000.0
22159,10000.0
22160,10000.0
22161,10000.0
22162,10000.0
22163,10000.0
22164,10000.0
22165,10000.0
22166,10000.0
22167,10000.0
22168,10000.0
22169,10000.0
22170,10000.0
22171,10000.0
22172,10000.0
22173,10000.0
22174,10000.0
22175,10000.0
22176,10000.0
22177,10000.0
22178,10000.0
22179,10000.0
22180,10000.0
22181,10000.0
22182,10000.0
22183,10000.0
22184,10000.0
22185,10000.0
22186,10000.0
22187,10000.0
22188,10000.0
22189,10000.0
22190,8000.98
22191,7097.93
22192,7000.05
22193,7000.37
22194,7002.94
22195,9989.21
22196,10000.0
22197,5999.44
22198,5999.76
22199,4800.77
22200,4768.22
22201,4751.0
22202,10000.0
22203,10000.0
22204,10000.0
22205,9989.88
22206,10000.0
22207,6500.84
22208,5494.01
22209,4768.83
22210,4500.24
22211,4399.87
22212,3832.74
22213,3832.37
22214,3896.63
22215,3913.35
22216,4248.86
22217,3896.51
22218,3896.85
22219,3896.7
22220,3896.26
22221,3999.83
22222,3999.52
22223,3999.81
22224,3999.44
22225,3800.26
22226,3800.03
22227,3550.68
22228,3635.8
22229,3500.55
22230,3420.45
22231,3501.15
22232,3510.99
22233,3915.48
22234,4200.84
22235,4599.21
22236,4790.01
22237,4772.05
22238,4709.61
22239,4599.82
22240,4709.55
22241,4771.41
22242,4790.38
22243,4999.41
22244,4790.76
22245,4399.05
22246,4246.82
22247,4111.4
22248,4111.22
22249,4500.25
22250,4901.75
22251,5740.69
22252,7000.23
22253,10000.0
22254,10000.0
22255,10000.0
22256,10000.0
22257,10000.0
22258,10000.0
22259,10000.0
22260,10000.0
22261,10000.0
22262,10000.0
22263,10000.0
22264,10000.0
22265,10000.0
22266,10000.0
22267,10000.0
22268,10000.0
22269,10000.0
22270,10000.0
22271,10000.0
22272,10000.0
22273,10000.0
22274,10000.0
22275,10000.0
22276,10000.0
22277,10000.0
22278,10000.0
22279,10000.0
22280,10000.0
22281,10000.0
22282,10000.0
22283,10000.0
22284,10000.0
22285,10000.0
22286,10000.0
22287,7529.08
22288,7000.52
22289,6999.95
22290,9799.63
22291,10000.0
22292,10000.0
22293,6510.21
22294,6510.51
22295,6510.99
22296,8500.1
22297,8510.98
22298,10000.0
22299,10000.0
22300,10000.0
22301,10000.0
22302,10000.0
22303,10000.0
22304,10000.0
22305,10000.0
22306,6010.85
22307,5589.65
22308,5625.09
22309,5740.99
22310,5743.97
22311,5783.39
22312,5841.26
22313,5594.64
22314,5494.96
22315,5227.33
22316,5397.07
22317,5135.3
22318,4999.52
22319,5135.68
22320,4970.53
22321,4710.0
22322,4709.57
22323,4788.56
22324,4788.48
22325,4541.56
22326,4500.24
22327,4646.97
22328,4650.29
22329,5269.19
22330,5700.8
22331,5950.78
22332,6254.64
22333,6347.11
22334,6793.67
22335,7080.84
22336,7410.66
22337,7085.09
22338,7479.25
22339,7374.87
22340,7002.9
22341,6810.47
22342,6627.77
22343,5938.56
22344,6387.27
22345,8210.14
22346,10000.0
22347,10000.0
22348,10000.0
22349,10000.0
22350,10000.0
22351,10000.0
22352,10000.0
22353,10000.0
22354,10000.0
22355,10000.0
22356,10000.0
22357,10000.0
22358,10000.0
22359,10000.0
22360,10000.0
22361,10000.0
22362,10000.0
22363,10000.0
22364,10000.0
22365,10000.0
22366,10000.0
22367,10000.0
22368,10000.0
22369,10000.0
22370,10000.0
22371,10000.0
22372,10000.0
22373,10000.0
22374,10000.0
22375,10000.0
22376,10000.0
22377,10000.0
22378,10000.0
22379,10000.0
22380,10000.0
22381,10000.0
22382,10000.0
22383,10000.0
22384,10000.0
22385,10000.0
22386,10000.0
22387,10000.0
22388,10000.0
22389,10000.0
22390,10000.0
22391,10000.0
22392,10000.0
22393,10000.0
22394,10000.0
22395,10000.0
22396,10000.0
22397,10000.0
22398,10000.0
22399,10000.0
22400,10000.0
22401,10000.0
22402,10000.0
22403,10000.0
22404,10000.0
22405,10000.0
22406,10000.0
22407,10000.0
22408,10000.0
22409,8648.45
22410,8496.55
22411,6500.01
22412,6250.41
22413,6010.29
22414,6010.21
22415,6000.97
22416,6010.05
22417,6000.6
22418,6000.58
22419,6000.79
22420,6000.78
22421,6000.07
22422,6000.07
22423,6000.76
22424,6010.07
22425,7000.83
22426,9999.45
22427,10000.0
22428,10000.0
22429,10000.0
22430,10000.0
22431,10000.0
22432,10000.0
22433,10000.0
22434,10000.0
22435,10000.0
22436,10000.0
22437,10000.0
22438,10000.0
22439,10000.0
22440,10000.0
22441,10000.0
22442,10000.0
22443,10000.0
22444,10000.0
22445,10000.0
22446,10000.0
22447,10000.0
22448,10000.0
22449,10000.0
22450,10000.0
22451,10000.0
22452,10000.0
22453,10000.0
22454,10000.0
22455,10000.0
22456,10000.0
22457,10000.0
22458,10000.0
22459,10000.0
22460,10000.0
22461,10000.0
22462,10000.0
22463,10000.0
22464,10000.0
22465,10000.0
22466,10000.0
22467,10000.0
22468,10000.0
22469,10000.0
22470,10000.0
22471,10000.0
22472,10000.0
22473,10000.0
22474,10000.0
22475,10000.0
22476,10000.0
22477,10000.0
22478,10000.0
22479,10000.0
22480,10000.0
22481,10000.0
22482,10000.0
22483,10000.0
22484,10000.0
22485,10000.0
22486,10000.0
22487,10000.0
22488,10000.0
22489,10000.0
22490,10000.0
22491,10000.0
22492,10000.0
22493,10000.0
22494,10000.0
22495,10000.0
22496,10000.0
22497,10000.0
22498,10000.0
22499,10000.0
22500,10000.0
22501,10000.0
22502,9999.84
22503,9373.64
22504,7220.68
22505,6677.83
22506,6010.86
22507,5715.31
22508,5715.46
22509,5715.68
22510,6010.31
22511,6010.59
22512,6010.6
22513,6533.17
22514,6721.33
22515,6740.05
22516,6740.26
22517,6010.59
22518,6010.74
22519,6740.17
22520,6999.33
22521,8500.22
22522,9890.61
22523,9999.07
22524,10000.0
22525,10000.0
22526,10000.0
22527,10000.0
22528,10000.0
22529,10000.0
22530,10000.0
22531,10000.0
22532,10000.0
22533,10000.0
22534,10000.0
22535,10000.0
22536,10000.0
22537,10000.0
22538,10000.0
22539,10000.0
22540,10000.0
22541,10000.0
22542,10000.0
22543,10000.0
22544,10000.0
22545,10000.0
22546,10000.0
22547,10000.0
22548,10000.0
22549,10000.0
22550,10000.0
22551,10000.0
22552,10000.0
22553,10000.0
22554,10000.0
22555,10000.0
22556,10000.0
22557,10000.0
22558,10000.0
22559,10000.0
22560,10000.0
22561,10000.0
22562,10000.0
22563,10000.0
22564,10000.0
22565,10000.0
22566,10000.0
22567,10000.0
22568,10000.0
22569,10000.0
22570,10000.0
22571,10000.0
22572,10000.0
22573,10000.0
22574,10000.0
22575,10000.0
22576,10000.0
22577,10000.0
22578,10000.0
22579,10000.0
22580,10000.0
22581,10000.0
22582,10000.0
22583,10000.0
22584,10000.0
22585,10000.0
22586,10000.0
22587,10000.0
22588,10000.0
22589,10000.0
22590,10000.0
22591,10000.0
22592,10000.0
22593,9999.89
22594,5700.35
22595,5494.53
22596,4910.9
22597,5290.29
22598,5000.08
22599,4901.57
22600,4728.7
22601,4709.65
22602,4709.87
22603,4709.73
22604,4568.67
22605,4399.89
22606,4320.83
22607,4071.34
22608,3999.76
22609,3999.52
22610,3999.57
22611,3999.45
22612,3999.38
22613,3999.24
22614,3930.48
22615,3999.32
22616,3999.76
22617,4159.23
22618,4399.52
22619,4599.71
22620,4788.95
22621,5000.88
22622,5494.55
22623,6255.06
22624,7885.41
22625,6499.74
22626,6510.58
22627,7672.68
22628,9850.37
22629,10000.0
22630,10000.0
22631,9471.42
22632,7002.34
22633,10000.0
22634,10000.0
22635,10000.0
22636,10000.0
22637,10000.0
22638,10000.0
22639,10000.0
22640,10000.0
22641,10000.0
22642,10000.0
22643,10000.0
22644,10000.0
22645,10000.0
22646,10000.0
22647,10000.0
22648,10000.0
22649,10000.0
22650,10000.0
22651,10000.0
22652,10000.0
22653,10000.0
22654,10000.0
22655,10000.0
22656,10000.0
22657,10000.0
22658,10000.0
22659,10000.0
22660,10000.0
22661,10000.0
22662,10000.0
22663,10000.0
22664,10000.0
22665,10000.0
22666,10000.0
22667,10000.0
22668,9580.0
22669,7529.69
22670,7002.07
22671,7000.63
22672,7000.53
22673,7002.27
22674,7529.95
22675,10000.0
22676,10000.0
22677,10000.0
22678,10000.0
22679,10000.0
22680,10000.0
22681,10000.0
22682,10000.0
22683,10000.0
22684,10000.0
22685,10000.0
22686,10000.0
22687,10000.0
22688,10000.0
22689,10000.0
22690,10000.0
22691,7807.26
22692,6192.43
22693,6192.26
22694,6000.19
22695,5755.9
22696,5494.0
22697,4718.25
22698,4709.87
22699,4709.14
22700,4500.88
22701,4599.72
22702,4599.3
22703,4500.94
22704,4439.14
22705,4320.84
22706,4399.76
22707,4399.66
22708,4320.67
22709,4000.64
22710,4000.59
22711,4000.7
22712,4439.97
22713,4599.52
22714,4568.85
22715,4604.88
22716,5322.26
22717,5700.53
22718,6000.5
22719,7818.16
22720,9172.9
22721,8760.04
22722,10000.0
22723,10000.0
22724,10000.0
22725,10000.0
22726,10000.0
22727,10000.0
22728,10000.0
22729,10000.0
22730,10000.0
22731,10000.0
22732,10000.0
22733,10000.0
22734,10000.0
22735,10000.0
22736,10000.0
22737,10000.0
22738,10000.0
22739,10000.0
22740,10000.0
22741,10000.0
22742,10000.0
22743,10000.0
22744,10000.0
22745,10000.0
22746,10000.0
22747,10000.0
22748,10000.0
22749,10000.0
22750,10000.0
22751,10000.0
22752,10000.0
22753,10000.0
22754,10000.0
22755,10000.0
22756,10000.0
22757,10000.0
22758,10000.0
22759,10000.0
22760,10000.0
22761,9000.96
22762,7529.56
22763,7262.53
22764,6648.78
22765,6808.61
22766,6510.44
22767,6500.18
22768,6192.77
22769,6510.67
22770,7034.92
22771,7529.92
22772,10000.0
22773,10000.0
22774,10000.0
22775,10000.0
22776,10000.0
22777,10000.0
22778,10000.0
22779,10000.0
22780,10000.0
22781,10000.0
22782,10000.0
22783,10000.0
22784,10000.0
22785,10000.0
22786,7782.2
22787,6583.11
22788,5494.2
22789,4999.83
22790,5000.48
22791,5397.08
22792,5494.34
22793,4768.31
22794,4768.57
22795,4768.69
22796,4768.16
22797,4500.92
22798,4500.53
22799,4500.15
22800,4320.22
22801,4100.19
22802,4100.11
22803,4159.25
22804,3999.72
22805,3999.11
22806,3930.31
22807,3999.34
22808,3999.84
22809,4709.18
22810,4768.11
22811,4768.78
22812,4768.29
22813,4718.44
22814,5494.26
22815,6000.77
22816,7500.14
22817,6999.41
22818,8000.97
22819,10000.0
22820,10000.0
22821,8000.8
22822,8100.8
22823,10000.0
22824,10000.0
22825,10000.0
22826,10000.0
22827,10000.0
22828,10000.0
22829,10000.0
22830,10000.0
22831,10000.0
22832,10000.0
22833,10000.0
22834,10000.0
22835,10000.0
22836,10000.0
22837,10000.0
22838,10000.0
22839,10000.0
22840,10000.0
22841,10000.0
22842,10000.0
22843,10000.0
22844,10000.0
22845,10000.0
22846,10000.0
22847,10000.0
22848,10000.0
22849,10000.0
22850,10000.0
22851,10000.0
22852,10000.0
22853,10000.0
22854,10000.0
22855,10000.0
22856,10000.0
22857,6999.67
22858,7479.32
22859,7529.13
22860,6400.22
22861,6000.91
22862,6000.21
22863,5999.48
22864,5999.67
22865,5999.44
22866,5999.59
22867,5999.27
22868,5499.29
22869,5499.46
22870,7529.27
22871,10000.0
22872,10000.0
22873,10000.0
22874,10000.0
22875,10000.0
22876,10000.0
22877,10000.0
22878,10000.0
22879,4768.72
22880,4419.05
22881,3999.54
22882,4000.68
22883,3618.15
22884,3512.35
22885,3511.78
22886,3567.11
22887,3567.3
22888,3512.98
22889,3338.9
22890,3338.92
22891,3338.0
22892,3153.9
22893,3079.49
22894,3027.04
22895,3079.14
22896,2955.07
22897,3000.56
22898,3027.75
22899,2955.47
22900,2808.24
22901,2768.32
22902,2768.27
22903,2768.49
22904,2870.89
22905,2939.27
22906,3095.96
22907,3128.27
22908,3153.1
22909,3153.7
22910,3277.27
22911,3338.73
22912,3350.62
22913,3338.89
22914,3567.32
22915,3576.32
22916,3576.04
22917,3501.96
22918,3549.68
22919,3567.64
22920,3832.7
22921,4249.5
22922,4500.76
22923,4939.06
22924,5494.66
22925,10000.0
22926,10000.0
22927,10000.0
22928,10000.0
22929,10000.0
22930,10000.0
22931,10000.0
22932,10000.0
22933,10000.0
22934,10000.0
22935,10000.0
22936,10000.0
22937,10000.0
22938,10000.0
22939,10000.0
22940,10000.0
22941,10000.0
22942,10000.0
22943,10000.0
22944,10000.0
22945,10000.0
22946,10000.0
22947,10000.0
22948,10000.0
22949,10000.0
22950,10000.0
22951,10000.0
22952,10000.0
22953,10000.0
22954,8999.31
22955,6745.35
22956,6529.09
22957,6529.27
22958,6510.54
22959,5494.09
22960,5500.55
22961,5049.98
22962,5494.24
22963,5999.62
22964,6529.67
22965,10000.0
22966,10000.0
22967,10000.0
22968,10000.0
22969,10000.0
22970,10000.0
22971,10000.0
22972,10000.0
22973,10000.0
22974,10000.0
22975,10000.0
22976,9999.72
22977,8069.04
22978,7000.55
22979,5494.63
22980,4768.33
22981,5494.31
22982,5755.0
22983,6500.63
22984,5000.87
22985,4709.61
22986,4439.94
22987,4109.41
22988,4109.23
22989,4109.79
22990,4109.51
22991,4439.01
22992,4439.38
22993,4439.66
22994,4489.61
22995,4439.68
22996,4411.64
22997,4248.12
22998,4102.35
22999,4246.59
23000,4439.26
23001,4320.93
23002,4709.45
23003,4709.59
23004,4788.28
23005,5000.84
23006,6999.22
23007,8015.9
23008,9212.14
23009,9811.35
23010,10000.0
23011,10000.0
23012,10000.0
23013,10000.0
23014,10000.0
23015,10000.0
23016,10000.0
23017,10000.0
23018,10000.0
23019,10000.0
23020,10000.0
23021,10000.0
23022,10000.0
23023,10000.0
23024,10000.0
23025,10000.0
23026,10000.0
23027,10000.0
23028,10000.0
23029,10000.0
23030,10000.0
23031,10000.0
23032,10000.0
23033,10000.0
23034,10000.0
23035,10000.0
23036,10000.0
23037,10000.0
23038,10000.0
23039,10000.0
23040,10000.0
23041,10000.0
23042,10000.0
23043,10000.0
23044,10000.0
23045,10000.0
23046,10000.0
23047,10000.0
23048,10000.0
23049,8017.08
23050,8255.19
23051,6999.41
23052,6529.08
23053,6500.93
23054,6400.32
23055,6119.0
23056,6192.47
23057,6463.0
23058,6500.82
23059,6999.59
23060,8999.37
23061,6999.5
23062,10000.0
23063,10000.0
23064,10000.0
23065,10000.0
23066,10000.0
23067,10000.0
23068,10000.0
23069,10000.0
23070,10000.0
23071,10000.0
23072,10000.0
23073,10000.0
23074,7074.85
23075,6000.95
23076,4768.39
23077,5494.37
23078,5494.26
23079,6572.96
23080,6100.89
23081,5500.85
23082,5494.02
23083,4768.23
23084,4754.9
23085,4709.23
23086,4568.9
23087,4439.2
23088,4360.44
23089,4300.92
23090,4439.23
23091,4439.94
23092,4439.01
23093,4159.4
23094,4159.64
23095,4323.0
23096,4500.79
23097,4500.67
23098,4788.22
23099,5458.4
23100,5943.75
23101,5609.47
23102,6000.6
23103,7500.54
23104,8500.93
23105,7831.96
23106,8529.15
23107,8999.13
23108,10000.0
23109,7500.32
23110,7500.24
23111,7500.26
23112,10000.0
23113,8500.62
23114,10000.0
23115,10000.0
23116,10000.0
23117,10000.0
23118,10000.0
23119,10000.0
23120,10000.0
23121,10000.0
23122,10000.0
23123,10000.0
23124,10000.0
23125,10000.0
23126,10000.0
23127,10000.0
23128,10000.0
23129,10000.0
23130,10000.0
23131,10000.0
23132,10000.0
23133,10000.0
23134,10000.0
23135,10000.0
23136,10000.0
23137,10000.0
23138,10000.0
23139,10000.0
23140,10000.0
23141,10000.0
23142,10000.0
23143,10000.0
23144,10000.0
23145,10000.0
23146,10000.0
23147,10000.0
23148,10000.0
23149,10000.0
23150,10000.0
23151,10000.0
23152,10000.0
23153,10000.0
23154,10000.0
23155,10000.0
23156,10000.0
23157,10000.0
23158,10000.0
23159,10000.0
23160,10000.0
23161,10000.0
23162,10000.0
23163,10000.0
23164,10000.0
23165,10000.0
23166,10000.0
23167,10000.0
23168,10000.0
23169,7824.65
23170,6999.19
23171,6999.98
23172,6572.95
23173,6572.86
23174,7388.97
23175,7682.64
23176,7225.75
23177,6572.76
23178,6572.43
23179,5299.74
23180,5299.35
23181,4798.49
23182,4798.29
23183,4798.17
23184,4999.55
23185,4798.42
23186,4999.5
23187,4798.41
23188,4709.93
23189,4798.03
23190,4709.78
23191,4709.59
23192,4798.04
23193,4970.04
23194,5135.9
23195,5000.15
23196,5609.44
23197,6500.15
23198,6572.93
23199,8000.14
23200,10000.0
23201,10000.0
23202,10000.0
23203,10000.0
23204,10000.0
23205,10000.0
23206,10000.0
23207,10000.0
23208,10000.0
23209,9000.62
23210,10000.0
23211,10000.0
23212,10000.0
23213,10000.0
23214,10000.0
23215,10000.0
23216,10000.0
23217,10000.0
23218,10000.0
23219,10000.0
23220,10000.0
23221,10000.0
23222,10000.0
23223,10000.0
23224,10000.0
23225,10000.0
23226,10000.0
23227,10000.0
23228,10000.0
23229,10000.0
23230,10000.0
23231,10000.0
23232,10000.0
23233,10000.0
23234,10000.0
23235,10000.0
23236,10000.0
23237,10000.0
23238,10000.0
23239,10000.0
23240,10000.0
23241,10000.0
23242,10000.0
23243,10000.0
23244,10000.0
23245,10000.0
23246,9999.76
23247,7529.52
23248,7529.17
23249,5000.63
23250,7529.19
23251,7529.19
23252,7529.52
23253,4999.78
23254,9999.44
23255,10000.0
23256,10000.0
23257,10000.0
23258,10000.0
23259,10000.0
23260,10000.0
23261,10000.0
23262,10000.0
23263,10000.0
23264,9999.86
23265,6209.04
23266,5700.79
23267,6057.8
23268,6500.75
23269,8250.76
23270,9999.99
23271,9376.45
23272,8529.69
23273,7610.86
23274,8542.82
23275,10000.0
23276,10000.0
23277,7074.59
23278,7610.0
23279,7610.06
23280,7610.21
23281,7610.11
23282,7000.59
23283,7479.75
23284,6500.28
23285,5500.41
23286,6050.29
23287,6050.63
23288,6057.21
23289,6745.08
23290,7610.52
23291,9999.1
23292,10000.0
23293,10000.0
23294,10000.0
23295,10000.0
23296,10000.0
23297,10000.0
23298,10000.0
23299,10000.0
23300,10000.0
23301,10000.0
23302,10000.0
23303,10000.0
23304,10000.0
23305,10000.0
23306,10000.0
23307,10000.0
23308,10000.0
23309,10000.0
23310,10000.0
23311,10000.0
23312,10000.0
23313,10000.0
23314,10000.0
23315,10000.0
23316,10000.0
23317,10000.0
23318,10000.0
23319,10000.0
23320,10000.0
23321,10000.0
23322,10000.0
23323,10000.0
23324,10000.0
23325,10000.0
23326,10000.0
23327,10000.0
23328,10000.0
769,10000.0
770,10000.0
771,10000.0
772,10000.0
773,10000.0
774,10000.0
775,10000.0
776,10000.0
777,10000.0
778,10000.0
779,10000.0
780,10000.0
781,10000.0
782,10000.0
783,10000.0
784,10000.0
785,10000.0
786,10000.0
787,10000.0
788,10000.0
789,10000.0
790,10000.0
791,10000.0
792,10000.0
793,10000.0
794,10000.0
795,10000.0
796,10000.0
797,10000.0
798,10000.0
799,10000.0
800,10000.0
801,10000.0
802,10000.0
803,10000.0
804,10000.0
805,10000.0
806,10000.0
807,10000.0
808,10000.0
809,10000.0
810,10000.0
811,10000.0
812,10000.0
813,10000.0
814,10000.0
815,10000.0
816,10000.0
817,10000.0
818,10000.0
819,10000.0
820,10000.0
821,10000.0
822,10000.0
823,10000.0
824,10000.0
825,10000.0
826,10000.0
827,10000.0
828,10000.0
829,10000.0
830,10000.0
831,10000.0
832,10000.0
833,10000.0
834,10000.0
835,10000.0
836,10000.0
837,10000.0
838,10000.0
839,10000.0
840,10000.0
841,10000.0
842,10000.0
843,10000.0
844,10000.0
845,10000.0
846,10000.0
847,10000.0
848,10000.0
849,10000.0
850,10000.0
851,10000.0
852,10000.0
853,10000.0
854,10000.0
855,10000.0
856,10000.0
857,10000.0
858,10000.0
859,10000.0
860,10000.0
861,10000.0
862,10000.0
863,10000.0
864,10000.0
3745,10000.0
3746,10000.0
3747,10000.0
3748,10000.0
3749,10000.0
3750,10000.0
3751,10000.0
3752,10000.0
3753,10000.0
3754,10000.0
3755,10000.0
3756,10000.0
3757,10000.0
3758,10000.0
3759,10000.0
3760,10000.0
3761,10000.0
3762,10000.0
3763,10000.0
3764,10000.0
3765,10000.0
3766,10000.0
3767,10000.0
3768,10000.0
3769,10000.0
3770,10000.0
3771,10000.0
3772,10000.0
3773,10000.0
3774,10000.0
3775,10000.0
3776,10000.0
3777,10000.0
3778,10000.0
3779,10000.0
3780,10000.0
3781,10000.0
3782,10000.0
3783,10000.0
3784,10000.0
3785,10000.0
3786,10000.0
3787,10000.0
3788,10000.0
3789,10000.0
3790,10000.0
3791,10000.0
3792,10000.0
3793,10000.0
3794,10000.0
3795,10000.0
3796,10000.0
3797,10000.0
3798,10000.0
3799,10000.0
3800,10000.0
3801,10000.0
3802,10000.0
3803,10000.0
3804,10000.0
3805,10000.0
3806,10000.0
3807,10000.0
3808,10000.0
3809,10000.0
3810,10000.0
3811,10000.0
3812,10000.0
3813,10000.0
3814,10000.0
3815,10000.0
3816,10000.0
3817,10000.0
3818,10000.0
3819,10000.0
3820,10000.0
3821,10000.0
3822,10000.0
3823,10000.0
3824,10000.0
3825,10000.0
3826,10000.0
3827,10000.0
3828,10000.0
3829,10000.0
3830,10000.0
3831,10000.0
3832,10000.0
3833,10000.0
3834,10000.0
3835,10000.0
3836,10000.0
3837,10000.0
3838,10000.0
3839,10000.0
3840,10000.0
6433,10000.0
6434,10000.0
6435,10000.0
6436,10000.0
6437,10000.0
6438,10000.0
6439,10000.0
6440,10000.0
6441,10000.0
6442,10000.0
6443,10000.0
6444,10000.0
6445,10000.0
6446,10000.0
6447,10000.0
6448,10000.0
6449,10000.0
6450,10000.0
6451,10000.0
6452,10000.0
6453,10000.0
6454,10000.0
6455,10000.0
6456,10000.0
6457,10000.0
6458,10000.0
6459,10000.0
6460,10000.0
6461,10000.0
6462,10000.0
6463,10000.0
6464,10000.0
6465,10000.0
6466,10000.0
6467,10000.0
6468,10000.0
6469,10000.0
6470,10000.0
6471,10000.0
6472,10000.0
6473,10000.0
6474,10000.0
6475,10000.0
6476,10000.0
6477,10000.0
6478,10000.0
6479,10000.0
6480,10000.0
6481,10000.0
6482,10000.0
6483,10000.0
6484,10000.0
6485,10000.0
6486,10000.0
6487,10000.0
6488,10000.0
6489,10000.0
6490,10000.0
6491,10000.0
6492,10000.0
6493,10000.0
6494,10000.0
6495,10000.0
6496,10000.0
6497,10000.0
6498,10000.0
6499,10000.0
6500,10000.0
6501,10000.0
6502,10000.0
6503,10000.0
6504,10000.0
6505,10000.0
6506,10000.0
6507,10000.0
6508,10000.0
6509,10000.0
6510,10000.0
6511,10000.0
6512,10000.0
6513,10000.0
6514,10000.0
6515,10000.0
6516,10000.0
6517,10000.0
6518,10000.0
6519,10000.0
6520,10000.0
6521,10000.0
6522,10000.0
6523,10000.0
6524,10000.0
6525,10000.0
6526,10000.0
6527,10000.0
6528,10000.0
9409,10000.0
9410,10000.0
9411,10000.0
9412,10000.0
9413,10000.0
9414,10000.0
9415,10000.0
9416,10000.0
9417,10000.0
9418,10000.0
9419,10000.0
9420,10000.0
9421,10000.0
9422,10000.0
9423,10000.0
9424,10000.0
9425,10000.0
9426,10000.0
9427,10000.0
9428,10000.0
9429,10000.0
9430,10000.0
9431,10000.0
9432,10000.0
9433,10000.0
9434,10000.0
9435,10000.0
9436,10000.0
9437,10000.0
9438,10000.0
9439,10000.0
9440,10000.0
9441,10000.0
9442,10000.0
9443,10000.0
9444,10000.0
9445,10000.0
9446,10000.0
9447,10000.0
9448,10000.0
9449,10000.0
9450,10000.0
9451,10000.0
9452,10000.0
9453,10000.0
9454,10000.0
9455,10000.0
9456,10000.0
9457,10000.0
9458,10000.0
9459,10000.0
9460,10000.0
9461,10000.0
9462,10000.0
9463,10000.0
9464,10000.0
9465,10000.0
9466,10000.0
9467,10000.0
9468,10000.0
9469,10000.0
9470,10000.0
9471,10000.0
9472,10000.0
9473,10000.0
9474,10000.0
9475,10000.0
9476,10000.0
9477,10000.0
9478,10000.0
9479,10000.0
9480,10000.0
9481,10000.0
9482,10000.0
9483,10000.0
9484,10000.0
9485,10000.0
9486,10000.0
9487,10000.0
9488,10000.0
9489,10000.0
9490,10000.0
9491,10000.0
9492,10000.0
9493,10000.0
9494,10000.0
9495,10000.0
9496,10000.0
9497,10000.0
9498,10000.0
9499,10000.0
9500,10000.0
9501,10000.0
9502,10000.0
9503,10000.0
9504,10000.0
12289,10000.0
12290,10000.0
12291,10000.0
12292,10000.0
12293,10000.0
12294,10000.0
12295,10000.0
12296,10000.0
12297,10000.0
12298,10000.0
12299,10000.0
12300,10000.0
12301,10000.0
12302,10000.0
12303,10000.0
12304,10000.0
12305,10000.0
12306,10000.0
12307,10000.0
12308,10000.0
12309,10000.0
12310,10000.0
12311,10000.0
12312,10000.0
12313,10000.0
12314,10000.0
12315,10000.0
12316,10000.0
12317,10000.0
12318,10000.0
12319,10000.0
12320,9893.52
12321,7220.25
12322,7220.98
12323,7220.76
12324,7220.59
12325,7700.36
12326,8471.63
12327,7700.11
12328,7365.77
12329,6625.0
12330,6209.71
12331,6057.59
12332,5700.78
12333,6060.33
12334,6057.04
12335,6042.41
12336,6057.22
12337,5700.1
12338,6057.35
12339,5341.43
12340,5700.44
12341,5000.5
12342,5770.57
12343,6057.78
12344,6285.72
12345,6500.53
12346,6598.14
12347,6763.14
12348,7500.26
12349,7999.69
12350,10000.0
12351,10000.0
12352,10000.0
12353,9605.1
12354,10000.0
12355,10000.0
12356,10000.0
12357,10000.0
12358,10000.0
12359,10000.0
12360,10000.0
12361,10000.0
12362,10000.0
12363,10000.0
12364,10000.0
12365,10000.0
12366,10000.0
12367,10000.0
12368,10000.0
12369,10000.0
12370,10000.0
12371,10000.0
12372,10000.0
12373,10000.0
12374,10000.0
12375,10000.0
12376,10000.0
12377,10000.0
12378,10000.0
12379,10000.0
12380,10000.0
12381,10000.0
12382,10000.0
12383,10000.0
12384,10000.0
15265,10000.0
15266,10000.0
15267,10000.0
15268,10000.0
15269,10000.0
15270,10000.0
15271,10000.0
15272,10000.0
15273,10000.0
15274,10000.0
15275,10000.0
15276,9643.41
15277,10000.0
15278,9202.75
15279,8499.7
15280,7837.7
15281,6887.62
15282,6551.32
15283,8499.82
15284,8906.01
15285,10000.0
15286,10000.0
15287,10000.0
15288,10000.0
15289,10000.0
15290,10000.0
15291,10000.0
15292,10000.0
15293,10000.0
15294,10000.0
15295,10000.0
15296,7500.36
15297,5689.44
15298,5539.46
15299,5500.15
15300,5000.68
15301,4919.95
15302,4870.44
15303,4950.75
15304,4801.84
15305,4449.17
15306,4453.87
15307,4438.24
15308,4448.0
15309,4437.47
15310,4440.58
15311,4422.11
15312,4436.67
15313,4390.39
15314,4381.95
15315,4356.76
15316,4250.42
15317,4246.01
15318,4356.84
15319,4392.66
15320,4464.45
15321,4662.94
15322,5000.21
15323,5689.25
15324,6557.03
15325,7000.64
15326,7283.63
15327,7510.15
15328,7510.72
15329,7000.7
15330,7000.69
15331,7000.57
15332,7000.89
15333,7000.83
15334,8180.8
15335,8499.61
15336,9214.31
15337,10000.0
15338,10000.0
15339,10000.0
15340,10000.0
15341,10000.0
15342,10000.0
15343,10000.0
15344,10000.0
15345,10000.0
15346,10000.0
15347,10000.0
15348,10000.0
15349,10000.0
15350,10000.0
15351,10000.0
15352,10000.0
15353,10000.0
15354,10000.0
15355,10000.0
15356,10000.0
15357,10000.0
15358,10000.0
15359,10000.0
15360,10000.0
18145,10000.0
18146,10000.0
18147,10000.0
18148,10000.0
18149,10000.0
18150,10000.0
18151,10000.0
18152,7242.35
18153,7000.45
18154,6250.81
18155,6009.51
18156,5679.17
18157,6250.9
18158,5640.28
18159,5431.63
18160,5347.48
18161,5399.17
18162,5348.39
18163,5728.7
18164,5999.2
18165,5399.52
18166,6510.09
18167,7000.12
18168,7000.68
18169,7321.23
18170,10000.0
18171,9301.68
18172,7827.5
18173,7500.5
18174,7000.9
18175,7000.46
18176,6009.32
18177,5149.0
18178,4981.4
18179,4530.7
18180,4245.15
18181,3800.53
18182,3800.94
18183,3800.83
18184,3630.75
18185,3338.44
18186,3300.88
18187,3300.34
18188,3281.92
18189,3338.37
18190,3338.56
18191,3338.61
18192,3338.64
18193,3338.43
18194,3338.15
18195,3338.1
18196,3338.22
18197,3300.12
18198,3315.97
18199,3380.39
18200,3630.35
18201,3630.68
18202,4112.76
18203,4562.22
18204,5399.91
18205,5612.99
18206,5950.46
18207,5612.3
18208,5600.38
18209,5320.66
18210,5399.22
18211,5689.91
18212,5990.28
18213,5689.96
18214,6009.58
18215,6000.38
18216,6000.32
18217,8063.32
18218,8013.1
18219,10000.0
18220,10000.0
18221,10000.0
18222,10000.0
18223,10000.0
18224,10000.0
18225,10000.0
18226,10000.0
18227,10000.0
18228,10000.0
18229,10000.0
18230,10000.0
18231,10000.0
18232,10000.0
18233,10000.0
18234,10000.0
18235,10000.0
18236,10000.0
18237,10000.0
18238,10000.0
18239,10000.0
18240,10000.0
21121,8198.25
21122,8253.51
21123,7367.59
21124,7000.99
21125,6891.41
21126,6871.48
21127,6787.25
21128,6250.41
21129,5499.03
21130,5000.39
21131,5000.76
21132,5499.07
21133,4970.56
21134,4788.71
21135,4788.17
21136,4772.78
21137,4000.69
21138,4500.26
21139,4788.17
21140,4568.93
21141,4806.39
21142,5299.24
21143,5723.8
21144,6000.71
21145,6128.3
21146,6271.55
21147,6500.4
21148,6250.22
21149,5400.11
21150,5148.39
21151,4700.58
21152,4000.8
21153,3128.91
21154,2999.78
21155,2999.35
21156,2920.95
21157,2999.98
21158,3450.92
21159,3592.9
21160,3500.39
21161,3000.93
21162,2999.97
21163,2999.71
21164,2999.41
21165,3140.76
21166,3284.23
21167,3400.5
21168,3500.28
21169,3399.59
21170,3500.02
21171,3500.27
21172,3500.27
21173,3200.26
21174,3300.22
21175,3629.41
21176,3731.41
21177,3731.38
21178,4208.9
21179,4637.92
21180,5299.47
21181,4945.21
21182,5600.01
21183,5499.47
21184,5600.34
21185,4238.52
21186,4428.55
21187,4500.72
21188,4600.82
21189,5280.25
21190,5612.65
21191,5499.89
21192,5600.59
21193,6304.96
21194,7479.11
21195,9999.52
21196,10000.0
21197,10000.0
21198,10000.0
21199,10000.0
21200,10000.0
21201,10000.0
21202,10000.0
21203,10000.0
21204,10000.0
21205,10000.0
21206,10000.0
21207,10000.0
21208,10000.0
21209,10000.0
21210,10000.0
21211,10000.0
21212,10000.0
21213,10000.0
21214,10000.0
21215,10000.0
21216,10000.0
24097,9999.93
24098,9998.09
24099,7576.18
24100,7499.8
24101,7000.65
24102,7000.25
24103,6499.21
24104,6009.34
24105,5372.93
24106,4915.32
24107,4802.33
24108,4600.26
24109,4788.39
24110,4542.26
24111,4000.71
24112,3857.96
24113,3857.79
24114,4000.23
24115,4000.99
24116,4000.95
24117,4900.98
24118,4968.85
24119,5689.86
24120,5839.73
24121,5800.01
24122,6000.54
24123,6057.36
24124,6250.33
24125,5800.54
24126,5600.72
24127,5499.41
24128,4300.93
24129,3950.16
24130,4060.36
24131,3857.84
24132,3857.16
24133,3499.38
24134,3530.3
24135,3450.92
24136,3350.91
24137,3117.46
24138,3026.98
24139,3000.7
24140,2805.97
24141,3026.3
24142,3100.83
24143,3117.95
24144,3117.36
24145,3128.43
24146,3250.2
24147,3300.6
24148,3399.11
24149,3250.3
24150,3250.97
24151,3499.28
24152,3501.72
24153,3857.0
24154,4046.65
24155,4300.03
24156,4728.56
24157,4788.18
24158,4769.5
24159,4915.52
24160,5018.6
24161,4772.42
24162,5359.3
24163,5685.16
24164,5000.84
24165,4772.2
24166,4772.36
24167,4800.13
24168,5359.86
24169,5759.89
24170,6009.91
24171,6500.58
24172,7000.3
24173,10000.0
24174,10000.0
24175,10000.0
24176,10000.0
24177,10000.0
24178,10000.0
24179,10000.0
24180,10000.0
24181,10000.0
24182,10000.0
24183,10000.0
24184,10000.0
24185,10000.0
24186,10000.0
24187,10000.0
24188,10000.0
24189,10000.0
24190,10000.0
24191,10000.0
24192,10000.0
26977,5770.33
26978,5770.12
26979,5484.91
26980,5475.21
26981,4800.4
26982,4688.76
26983,4500.95
26984,4500.48
26985,4010.68
26986,4010.15
26987,4246.97
26988,3999.89
26989,4542.15
26990,4280.32
26991,3930.08
26992,3857.42
26993,3857.11
26994,3750.87
26995,3800.29
26996,3800.95
26997,3200.73
26998,3857.03
26999,3857.36
27000,3857.44
27001,4500.13
27002,4641.95
27003,4846.33
27004,4800.78
27005,4250.92
27006,4000.84
27007,3731.91
27008,3350.81
27009,3048.63
27010,3000.49
27011,2948.12
27012,1999.99
27013,1999.92
27014,2464.44
27015,2499.43
27016,2464.46
27017,1999.9
27018,1999.84
27019,1999.47
27020,1999.45
27021,1999.15
27022,1999.18
27023,1999.13
27024,1999.15
27025,1700.33
27026,1799.93
27027,1874.6
27028,1989.57
27029,1989.06
27030,1989.38
27031,1999.24
27032,1999.39
27033,1999.41
27034,1999.67
27035,1999.91
27036,2350.63
27037,2350.53
27038,2899.07
27039,2899.64
27040,2910.16
27041,2800.36
27042,2948.06
27043,2948.85
27044,2900.59
27045,2810.3
27046,2948.21
27047,2948.34
27048,2800.99
27049,2199.96
27050,3399.05
27051,3857.82
27052,4688.66
27053,4750.39
27054,4922.24
27055,5000.66
27056,5000.71
27057,4900.14
27058,5049.09
27059,5300.89
27060,5484.3
27061,5400.12
27062,5484.2
27063,5484.06
27064,5000.72
27065,5049.5
27066,5999.78
27067,6009.23
27068,6250.81
27069,6250.17
27070,6009.42
27071,5999.77
27072,5484.68
29953,4688.01
29954,4248.02
29955,3930.1
29956,3399.2
29957,3300.58
29958,2999.45
29959,2899.63
29960,2899.69
29961,3000.2
29962,2948.32
29963,2999.37
29964,2948.14
29965,3000.88
29966,2999.12
29967,2948.04
29968,2900.78
29969,2948.63
29970,2899.98
29971,2899.64
29972,2899.83
29973,2763.82
29974,2800.6
29975,3250.55
29976,3360.32
29977,4500.69
29978,5000.02
29979,5500.55
29980,5867.94
29981,5750.2
29982,5500.98
29983,5000.71
29984,4500.3
29985,3857.82
29986,3600.4
29987,3450.14
29988,3048.78
29989,3450.57
29990,3450.45
29991,3450.56
29992,3399.61
29993,2948.78
29994,2806.83
29995,2499.82
29996,2499.18
29997,1999.76
29998,1999.05
29999,1989.92
30000,1999.01
30001,1501.0
30002,1500.97
30003,1647.05
30004,1989.07
30005,1500.94
30006,1999.02
30007,1999.74
30008,2781.14
30009,2948.26
30010,3300.99
30011,3731.83
30012,3857.21
30013,4500.72
30014,4012.76
30015,5475.51
30016,5717.9
30017,5757.29
30018,5981.35
30019,6211.05
30020,6057.42
30021,5649.33
30022,5826.39
30023,5919.34
30024,5919.69
30025,5544.8
30026,6000.38
30027,6270.52
30028,6270.78
30029,8500.15
30030,7499.96
30031,7499.03
30032,7240.6
30033,6786.78
30034,6570.03
30035,6533.92
30036,6534.33
30037,6563.34
30038,6828.6
30039,6400.39
30040,6396.46
30041,6786.51
30042,7000.72
30043,7240.44
30044,7499.33
30045,7499.37
30046,7499.07
30047,7499.37
30048,7240.37
32833,6009.24
32834,5919.73
32835,5096.87
32836,4802.19
32837,4248.84
32838,3900.59
32839,3850.35
32840,3649.57
32841,3649.08
32842,3559.66
32843,3650.13
32844,3499.5
32845,3650.94
32846,3499.32
32847,3478.3
32848,3360.89
32849,3360.15
32850,3360.49
32851,3360.45
32852,3400.21
32853,3478.99
32854,3500.16
32855,3857.71
32856,4248.46
32857,4999.42
32858,5500.53
32859,5649.93
32860,5839.67
32861,5919.68
32862,6009.8
32863,5201.62
32864,4110.29
32865,3857.27
32866,3857.8
32867,3857.93
32868,3800.98
32869,3731.64
32870,3650.54
32871,3540.75
32872,3499.85
32873,3089.28
32874,3100.2
32875,3079.12
32876,3050.24
32877,2947.35
32878,3000.49
32879,3000.94
32880,3050.24
32881,2950.89
32882,2950.12
32883,2890.08
32884,2867.55
32885,2855.06
32886,2871.66
32887,3000.75
32888,3000.85
32889,3360.72
32890,3712.09
32891,3731.88
32892,3857.27
32893,4219.83
32894,4248.6
32895,4500.38
32896,4976.32
32897,4644.32
32898,4644.32
32899,5464.37
32900,4976.12
32901,4642.33
32902,4644.43
32903,4976.09
32904,4688.85
32905,5464.64
32906,5649.65
32907,6057.65
32908,6570.88
32909,10000.0
32910,10000.0
32911,10000.0
32912,10000.0
32913,9000.87
32914,7510.44
32915,7240.65
32916,7240.97
32917,7240.84
32918,7240.85
32919,7489.81
32920,7499.06
32921,7510.8
32922,9000.2
32923,9000.84
32924,9999.19
32925,7510.68
32926,7499.12
32927,7240.95
32928,7240.52
24481,6009.66
24482,6786.36
24483,5999.57
24484,5611.7
24485,5387.23
24486,4976.8
24487,4688.85
24488,4542.44
24489,4427.2
24490,3930.92
24491,3800.87
24492,3800.21
24493,3800.1
24494,3721.8
24495,3650.9
24496,3650.37
24497,3750.52
24498,3800.08
24499,3790.38
24500,3700.74
24501,3650.22
24502,4248.45
24503,5179.53
24504,5500.12
24505,6009.51
24506,6634.16
24507,7099.15
24508,7499.46
24509,6751.0
24510,6750.21
24511,5808.74
24512,5300.6
24513,4688.96
24514,4999.07
24515,4688.78
24516,4500.15
24517,4542.32
24518,4550.22
24519,4660.93
24520,4421.33
24521,3731.99
24522,3650.99
24523,3550.16
24524,3550.17
24525,3550.44
24526,3550.36
24527,3550.45
24528,3650.51
24529,3700.09
24530,3649.84
24531,3650.91
24532,3650.28
24533,3360.32
24534,3360.91
24535,3649.13
24536,3857.43
24537,4150.59
24538,4622.67
24539,4850.16
24540,5000.29
24541,5290.54
24542,5295.8
24543,5295.69
24544,5600.16
24545,5295.16
24546,5295.72
24547,5808.03
24548,5600.71
24549,5600.37
24550,5611.07
24551,5600.49
24552,5612.25
24553,7449.21
24554,8500.89
24555,10000.0
24556,10000.0
24557,10000.0
24558,10000.0
24559,10000.0
24560,10000.0
24561,10000.0
24562,10000.0
24563,10000.0
24564,10000.0
24565,10000.0
24566,10000.0
24567,10000.0
24568,10000.0
24569,10000.0
24570,10000.0
24571,10000.0
24572,10000.0
24573,10000.0
24574,10000.0
24575,10000.0
24576,10000.0
24577,10000.0
24578,10000.0
24579,9000.98
24580,9000.62
24581,7000.92
24582,7000.66
24583,6000.43
24584,5500.63
24585,5500.26
24586,5000.17
24587,5000.21
24588,4700.78
24589,4999.21
24590,4999.97
24591,5000.06
24592,4802.5
24593,4802.2
24594,4700.91
24595,4700.8
24596,4701.0
24597,4700.8
24598,5916.76
24599,6097.44
24600,7000.06
24601,6500.74
24602,8000.25
24603,8499.55
24604,10000.0
24605,8000.72
24606,8000.28
24607,7499.51
24608,5400.67
24609,4999.97
24610,5000.25
24611,4688.85
24612,4688.03
24613,4688.37
24614,4650.55
24615,5000.33
24616,4688.78
24617,4091.16
24618,4069.29
24619,3869.31
24620,3896.11
24621,3896.08
24622,3896.16
24623,3896.54
24624,3896.74
24625,4000.14
24626,4091.03
24627,4091.49
24628,4091.22
24629,4069.28
24630,4069.97
24631,4322.74
24632,4500.11
24633,4999.9
24634,5357.61
24635,5464.92
24636,5790.3
24637,5800.97
24638,5800.8
24639,6009.23
24640,6476.63
24641,6009.36
24642,6057.69
24643,6270.93
24644,6218.64
24645,6057.44
24646,6476.61
24647,6984.45
24648,7500.98
24649,10000.0
24650,10000.0
24651,10000.0
24652,10000.0
24653,10000.0
24654,10000.0
24655,10000.0
24656,10000.0
24657,10000.0
24658,10000.0
24659,10000.0
24660,10000.0
24661,10000.0
24662,10000.0
24663,10000.0
24664,10000.0
24665,10000.0
24666,10000.0
24667,10000.0
24668,10000.0
24669,10000.0
24670,10000.0
24671,10000.0
24672,10000.0
24673,10000.0
24674,10000.0
24675,10000.0
24676,10000.0
24677,10000.0
24678,10000.0
24679,10000.0
24680,10000.0
24681,9999.5
24682,8000.97
24683,7499.18
24684,6500.38
24685,6500.16
24686,6500.01
24687,6270.74
24688,6000.51
24689,6000.46
24690,6000.03
24691,6000.28
24692,6000.25
24693,6000.96
24694,7000.74
24695,7479.82
24696,7750.17
24697,8999.8
24698,10000.0
24699,10000.0
24700,10000.0
24701,10000.0
24702,10000.0
24703,10000.0
24704,8000.99
24705,5360.59
24706,5357.94
24707,5050.81
24708,5299.06
24709,5231.16
24710,5475.29
24711,5425.88
24712,5649.1
24713,5475.81
24714,5404.61
24715,5275.19
24716,5275.97
24717,4952.85
24718,4620.6
24719,4550.18
24720,4542.14
24721,4620.33
24722,4542.02
24723,5000.13
24724,5000.33
24725,4820.37
24726,4820.28
24727,5250.54
24728,5299.01
24729,5750.93
24730,6000.74
24731,6500.08
24732,6500.13
24733,6500.33
24734,6500.57
24735,6650.52
24736,7100.73
24737,6964.4
24738,7663.57
24739,10000.0
24740,7253.47
24741,7908.43
24742,10000.0
24743,10000.0
24744,10000.0
24745,10000.0
24746,10000.0
24747,10000.0
24748,10000.0
24749,10000.0
24750,10000.0
24751,10000.0
24752,10000.0
24753,10000.0
24754,10000.0
24755,10000.0
24756,10000.0
24757,10000.0
24758,10000.0
24759,10000.0
24760,10000.0
24761,10000.0
24762,10000.0
24763,10000.0
24764,10000.0
24765,10000.0
24766,10000.0
24767,10000.0
24768,10000.0
24769,10000.0
24770,10000.0
24771,9999.32
24772,7593.18
24773,5839.83
24774,5500.77
24775,4360.78
24776,4250.35
24777,4480.67
24778,4500.24
24779,4542.51
24780,4620.53
24781,4999.3
24782,4688.89
24783,4688.75
24784,4688.71
24785,4499.99
24786,4500.31
24787,4698.12
24788,4698.91
24789,5919.36
24790,5999.15
24791,6009.18
24792,6057.56
24793,7140.0
24794,8000.94
24795,9999.03
24796,10000.0
24797,10000.0
24798,8999.94
24799,6653.41
24800,5499.76
24801,5028.51
24802,5028.98
24803,4910.01
24804,5028.18
24805,5028.53
24806,5309.21
24807,5309.04
24808,5783.43
24809,5475.61
24810,5475.13
24811,5309.64
24812,5475.09
24813,5299.04
24814,5300.7
24815,5300.35
24816,5299.91
24817,4999.89
24818,5299.15
24819,4688.98
24820,4330.77
24821,4091.67
24822,4467.43
24823,4150.89
24824,4467.66
24825,4500.7
24826,4976.83
24827,5299.26
24828,5464.28
24829,5600.09
24830,5919.55
24831,5999.78
24832,6057.2
24833,6057.85
24834,7499.37
24835,8500.54
24836,7499.5
24837,5999.3
24838,5649.05
24839,5612.24
24840,6057.51
24841,7479.09
24842,10000.0
24843,10000.0
24844,10000.0
24845,10000.0
24846,10000.0
24847,10000.0
24848,10000.0
24849,10000.0
24850,10000.0
24851,10000.0
24852,10000.0
24853,10000.0
24854,10000.0
24855,10000.0
24856,10000.0
24857,10000.0
24858,10000.0
24859,10000.0
24860,10000.0
24861,10000.0
24862,10000.0
24863,10000.0
24864,10000.0
24865,4980.67
24866,4500.33
24867,4688.44
24868,4999.38
24869,4688.2
24870,4999.25
24871,4980.78
24872,4688.19
24873,4688.17
24874,4688.52
24875,4499.66
24876,4250.95
24877,3930.39
24878,4000.66
24879,3999.42
24880,4465.74
24881,3900.85
24882,3999.0
24883,4467.7
24884,4771.51
24885,4250.13
24886,4999.26
24887,5038.6
24888,5038.81
24889,5038.59
24890,5201.57
24891,5475.11
24892,5340.9
24893,5340.02
24894,4999.88
24895,4160.63
24896,3537.68
24897,3360.27
24898,3360.05
24899,3360.13
24900,3360.82
24901,3195.25
24902,3249.66
24903,3360.67
24904,3414.65
24905,3249.5
24906,3249.03
24907,3249.39
24908,3149.11
24909,2899.92
24910,2882.17
24911,2873.33
24912,2782.68
24913,2763.92
24914,2724.38
24915,2708.48
24916,2700.69
24917,2664.08
24918,2581.61
24919,2899.4
24920,2899.29
24921,2899.51
24922,2899.63
24923,2948.77
24924,3259.13
24925,3480.15
24926,3599.07
24927,3540.51
24928,3749.18
24929,3750.0
24930,3800.71
24931,3775.98
24932,3749.65
24933,3656.57
24934,3624.51
24935,3624.9
24936,3656.53
24937,3999.5
24938,3999.9
24939,4750.21
24940,4800.78
24941,5016.3
24942,5250.42
24943,5023.1
24944,5085.8
24945,4660.68
24946,4499.49
24947,4465.12
24948,4499.22
24949,4499.19
24950,4500.06
24951,4688.56
24952,4688.58
24953,4542.88
24954,4999.61
24955,4688.96
24956,4688.57
24957,4999.27
24958,4688.83
24959,4499.23
24960,3999.88
24961,4802.06
24962,4688.19
24963,4999.02
24964,4688.46
24965,4629.67
24966,4629.56
24967,4500.22
24968,4499.21
24969,4250.99
24970,4000.21
24971,3721.14
24972,3600.14
24973,3379.93
24974,3379.9
24975,3401.73
24976,3448.9
24977,3379.97
24978,3379.95
24979,3599.89
24980,3749.86
24981,3999.61
24982,3999.84
24983,4000.81
24984,4000.03
24985,4509.24
24986,4509.44
24987,4509.77
24988,4509.69
24989,3802.7
24990,3624.61
24991,3624.07
24992,3500.21
24993,3249.49
24994,3154.31
24995,3131.85
24996,3130.05
24997,3053.09
24998,2783.84
24999,3131.0
25000,3100.56
25001,2751.85
25002,2699.73
25003,2501.39
25004,2429.56
25005,2429.36
25006,2249.09
25007,2249.04
25008,2249.09
25009,2249.25
25010,2249.2
25011,2249.26
25012,2249.28
25013,2249.14
25014,2249.17
25015,2810.01
25016,2899.27
25017,2899.6
25018,2899.91
25019,3149.65
25020,3259.76
25021,3379.9
25022,3599.91
25023,3749.48
25024,3749.57
25025,3749.7
25026,3749.88
25027,3749.73
25028,3749.43
25029,3749.46
25030,3749.4
25031,3656.96
25032,3730.8
25033,3999.57
25034,4170.94
25035,4688.34
25036,4999.55
25037,7510.61
25038,9529.9
25039,7647.06
25040,7510.93
25041,6500.22
25042,6009.22
25043,5702.04
25044,5722.12
25045,5600.89
25046,5600.8
25047,5649.43
25048,5500.28
25049,4999.92
25050,5000.24
25051,5000.35
25052,4999.82
25053,4999.61
25054,4999.42
25055,4688.44
25056,4688.57
25057,5458.54
25058,5079.68
25059,5079.56
25060,5079.16
25061,5016.72
25062,5000.73
25063,4688.65
25064,4549.56
25065,4399.79
25066,4399.3
25067,4399.22
25068,4010.19
25069,3900.98
25070,3738.18
25071,3750.99
25072,3749.87
25073,3672.97
25074,3749.31
25075,3500.72
25076,3600.07
25077,4399.02
25078,4468.68
25079,4678.08
25080,5000.62
25081,5016.58
25082,5079.33
25083,5079.5
25084,5079.34
25085,5000.7
25086,4678.8
25087,4500.73
25088,3624.94
25089,3500.79
25090,3537.54
25091,3537.38
25092,3537.24
25093,3499.14
25094,3624.55
25095,3624.42
25096,3624.03
25097,3266.04
25098,3300.78
25099,3250.83
25100,3149.72
25101,3250.15
25102,3250.4
25103,3250.7
25104,3250.07
25105,3265.53
25106,3259.93
25107,3300.64
25108,3259.76
25109,3060.07
25110,3000.21
25111,3320.59
25112,3450.0
25113,3500.11
25114,3731.24
25115,3749.1
25116,3749.85
25117,3857.22
25118,3857.8
25119,3857.98
25120,3899.7
25121,4100.54
25122,4399.36
25123,4399.48
25124,4399.45
25125,4000.91
25126,4000.02
25127,3800.65
25128,3809.43
25129,4365.9
25130,4399.69
25131,4450.43
25132,4999.97
25133,5500.24
25134,5880.56
25135,6510.01
25136,6009.53
25137,5403.48
25138,4900.63
25139,4900.64
25140,4999.73
25141,5016.32
25142,5016.51
25143,5016.75
25144,5000.67
25145,4780.84
25146,4780.5
25147,4950.76
25148,4999.39
25149,4999.61
25150,5000.0
25151,5079.46
25152,5000.61
25153,6000.97
25154,5919.26
25155,5919.01
25156,5458.82
25157,5000.35
25158,4688.86
25159,4549.02
25160,4500.0
25161,4399.82
25162,4399.18
25163,4219.01
25164,3899.93
25165,3899.37
25166,3999.88
25167,3809.74
25168,3809.43
25169,3749.29
25170,3809.43
25171,4069.32
25172,4250.14
25173,4399.39
25174,4500.6
25175,4638.39
25176,4549.63
25177,5079.03
25178,5079.42
25179,5079.77
25180,5189.77
25181,5079.66
25182,5079.3
25183,4999.4
25184,4549.08
25185,4000.25
25186,3841.8
25187,3900.37
25188,4000.14
25189,3814.89
25190,3841.29
25191,3841.11
25192,3841.14
25193,3624.57
25194,3656.44
25195,3450.79
25196,3400.47
25197,3399.61
25198,3399.89
25199,3399.04
25200,3399.18
25201,3320.68
25202,3379.29
25203,3379.77
25204,3379.95
25205,3187.57
25206,3200.05
25207,3499.79
25208,3599.17
25209,3599.06
25210,3749.31
25211,3857.01
25212,4011.63
25213,4365.34
25214,4399.06
25215,4399.02
25216,4399.48
25217,4499.66
25218,4549.92
25219,4549.98
25220,4500.48
25221,4399.45
25222,4365.61
25223,4173.18
25224,4173.63
25225,4474.77
25226,4688.12
25227,5079.6
25228,5500.68
25229,8000.17
25230,6786.44
25231,8000.5
25232,8000.81
25233,6510.05
25234,5512.72
25235,5500.02
25236,5467.08
25237,5500.79
25238,5649.12
25239,5500.19
25240,5600.15
25241,5411.06
25242,5403.31
25243,5419.68
25244,5500.2
25245,5480.45
25246,5395.52
25247,5189.42
25248,5309.2
25249,10000.0
25250,10000.0
25251,10000.0
25252,10000.0
25253,7000.79
25254,7000.34
25255,6500.15
25256,6057.87
25257,5600.94
25258,5118.41
25259,5403.12
25260,5000.5
25261,4999.13
25262,5000.72
25263,4999.67
25264,4999.66
25265,4698.38
25266,4800.02
25267,4999.33
25268,5016.04
25269,5000.23
25270,5649.74
25271,6000.05
25272,6000.37
25273,6999.41
25274,8501.61
25275,8999.28
25276,9529.93
25277,7000.59
25278,6999.6
25279,6999.05
25280,5649.19
25281,4549.96
25282,4530.34
25283,4500.42
25284,4500.16
25285,4421.67
25286,4468.55
25287,4410.79
25288,4399.79
25289,3869.58
25290,3869.04
25291,3857.35
25292,3842.2
25293,3842.8
25294,3842.36
25295,3842.84
25296,3857.58
25297,3749.77
25298,3749.89
25299,3749.69
25300,3749.61
25301,3749.0
25302,3749.1
25303,3749.4
25304,3749.85
25305,3857.41
25306,4011.47
25307,4173.93
25308,4399.75
25309,4999.12
25310,5000.46
25311,5000.51
25312,4999.85
25313,4999.3
25314,5475.33
25315,5500.69
25316,6000.23
25317,5403.99
25318,5360.0
25319,4999.76
25320,5500.55
25321,6000.22
25322,10000.0
25323,10000.0
25324,10000.0
25325,10000.0
25326,10000.0
25327,10000.0
25328,10000.0
25329,10000.0
25330,10000.0
25331,10000.0
25332,10000.0
25333,10000.0
25334,10000.0
25335,10000.0
25336,10000.0
25337,10000.0
25338,10000.0
25339,10000.0
25340,10000.0
25341,10000.0
25342,10000.0
25343,10000.0
25344,10000.0
25345,10000.0
25346,5999.14
25347,5600.32
25348,5000.08
25349,5000.99
25350,5403.73
25351,4879.16
25352,4596.29
25353,4500.99
25354,4466.85
25355,4331.45
25356,4000.91
25357,3760.01
25358,3672.78
25359,3749.03
25360,3749.16
25361,3900.3
25362,4399.7
25363,4500.41
25364,4688.14
25365,4500.08
25366,4698.16
25367,5000.72
25368,6057.32
25369,6999.91
25370,9529.67
25371,10000.0
25372,10000.0
25373,8985.46
25374,7543.11
25375,6000.23
25376,4749.67
25377,4200.75
25378,4173.87
25379,4000.6
25380,3857.8
25381,4170.21
25382,4050.88
25383,4465.69
25384,4000.54
25385,3857.02
25386,3749.76
25387,3731.05
25388,3731.36
25389,3710.4
25390,3656.69
25391,3700.44
25392,3710.3
25393,3599.43
25394,3599.19
25395,3590.1
25396,3501.79
25397,3320.15
25398,3320.27
25399,3522.94
25400,3599.52
25401,3610.28
25402,3749.01
25403,3749.95
25404,3857.56
25405,3857.69
25406,4010.71
25407,4173.28
25408,4173.59
25409,4173.21
25410,4365.01
25411,4475.0
25412,4549.2
25413,4475.58
25414,4999.12
25415,4880.13
25416,5772.14
25417,9484.97
25418,10000.0
25419,10000.0
25420,10000.0
25421,10000.0
25422,10000.0
25423,10000.0
25424,10000.0
25425,10000.0
25426,10000.0
25427,10000.0
25428,10000.0
25429,10000.0
25430,10000.0
25431,10000.0
25432,10000.0
25433,10000.0
25434,10000.0
25435,10000.0
25436,10000.0
25437,10000.0
25438,10000.0
25439,7000.28
25440,6499.28
25441,4999.82
25442,4010.86
25443,4010.62
25444,3869.47
25445,3969.86
25446,3857.68
25447,3857.5
25448,3731.99
25449,3857.46
25450,3857.13
25451,3731.05
25452,3477.6
25453,3450.87
25454,3379.23
25455,3281.2
25456,3276.54
25457,3261.66
25458,3258.91
25459,3271.37
25460,3450.75
25461,3450.04
25462,3731.56
25463,3857.99
25464,4549.4
25465,4805.0
25466,5000.49
25467,5000.37
25468,5000.11
25469,3869.39
25470,3758.57
25471,3624.37
25472,3624.05
25473,3441.52
25474,3319.69
25475,3264.92
25476,3267.82
25477,3414.23
25478,3450.66
25479,3450.83
25480,3305.88
25481,3259.25
25482,3259.05
25483,3184.29
25484,3130.48
25485,3112.83
25486,3051.19
25487,3026.23
25488,2800.49
25489,2777.1
25490,2800.08
25491,2704.57
25492,2469.18
25493,2464.25
25494,2464.27
25495,2674.59
25496,2704.85
25497,2751.77
25498,3026.23
25499,3185.1
25500,3203.25
25501,3255.54
25502,3450.73
25503,3700.96
25504,3749.5
25505,3624.63
25506,3749.64
25507,3857.56
25508,4089.64
25509,4000.68
25510,4089.43
25511,4219.17
25512,5000.88
25513,4999.86
25514,5717.77
25515,6500.51
25516,7500.51
25517,10000.0
25518,10000.0
25519,10000.0
25520,10000.0
25521,10000.0
25522,10000.0
25523,10000.0
25524,10000.0
25525,10000.0
25526,10000.0
25527,10000.0
25528,10000.0
25529,6510.78
25530,7606.58
25531,6510.89
25532,6786.12
25533,6786.88
25534,6510.03
25535,6000.32
25536,5500.4
25537,4350.85
25538,4219.53
25539,4350.14
25540,4219.37
25541,3857.87
25542,3857.99
25543,3857.75
25544,3857.54
25545,3857.59
25546,3857.08
25547,3857.56
25548,3857.23
25549,3672.23
25550,3450.84
25551,3450.83
25552,3450.65
25553,3185.59
25554,3185.1
25555,3185.12
25556,3250.15
25557,3200.79
25558,3450.69
25559,3857.37
25560,3889.1
25561,4350.32
25562,4500.7
25563,4200.14
25564,4400.91
25565,3857.25
25566,3656.03
25567,3537.35
25568,3414.31
25569,3117.16
25570,3040.76
25571,2948.09
25572,2704.08
25573,2464.15
25574,2283.35
25575,1999.9
25576,1999.41
25577,1999.24
25578,1999.08
25579,1799.42
25580,1759.49
25581,1500.6
25582,1500.51
25583,1500.45
25584,1500.14
25585,1497.53
25586,1419.39
25587,1419.04
25588,1400.55
25589,1083.84
25590,1083.81
25591,1400.69
25592,1400.79
25593,1500.21
25594,1500.25
25595,1500.67
25596,1690.72
25597,1999.19
25598,2394.14
25599,2464.76
25600,2948.92
25601,3065.17
25602,3194.24
25603,3400.91
25604,3468.1
25605,3319.98
25606,3414.61
25607,3500.11
25608,3809.61
25609,4769.69
25610,5475.17
25611,6000.16
25612,5919.8
25613,10000.0
25614,10000.0
25615,10000.0
25616,10000.0
25617,10000.0
25618,10000.0
25619,10000.0
25620,10000.0
25621,10000.0
25622,10000.0
25623,10000.0
25624,9233.0
25625,10000.0
25626,10000.0
25627,10000.0
25628,10000.0
25629,10000.0
25630,10000.0
25631,10000.0
25632,6786.76
25633,3600.58
25634,3500.12
25635,3500.34
25636,3450.4
25637,3450.56
25638,3450.16
25639,3399.05
25640,3277.5
25641,3300.12
25642,3284.95
25643,3271.38
25644,3213.31
25645,3276.37
25646,3273.4
25647,3250.22
25648,3117.77
25649,3000.94
25650,2851.97
25651,2900.64
25652,2750.78
25653,3117.12
25654,3250.32
25655,3250.89
25656,3280.76
25657,3809.45
25658,3809.76
25659,3832.97
25660,4200.39
25661,3857.89
25662,3857.64
25663,3832.05
25664,3577.23
25665,3567.25
25666,3373.97
25667,3280.41
25668,3270.5
25669,3280.38
25670,3280.9
25671,3280.18
25672,3250.64
25673,3079.47
25674,3073.81
25675,3026.3
25676,3021.98
25677,3026.65
25678,2979.44
25679,3026.3
25680,2945.87
25681,2783.25
25682,2797.3
25683,2760.96
25684,2550.33
25685,2410.23
25686,2058.27
25687,2499.08
25688,2763.31
25689,2822.52
25690,2930.01
25691,3076.12
25692,3228.58
25693,3350.03
25694,3450.49
25695,3731.87
25696,3749.96
25697,3857.27
25698,3857.65
25699,3896.11
25700,3896.54
25701,4399.42
25702,4103.6
25703,5015.63
25704,6534.01
25705,10000.0
25706,10000.0
25707,10000.0
25708,10000.0
25709,10000.0
25710,10000.0
25711,10000.0
25712,10000.0
25713,10000.0
25714,10000.0
25715,10000.0
25716,10000.0
25717,10000.0
25718,10000.0
25719,10000.0
25720,10000.0
25721,10000.0
25722,10000.0
25723,10000.0
25724,10000.0
25725,10000.0
25726,10000.0
25727,10000.0
25728,8999.99
25729,3672.17
25730,3640.17
25731,3750.04
25732,3704.07
25733,3750.12
25734,3625.54
25735,3750.8
25736,3659.73
25737,3704.15
25738,3673.1
25739,3400.86
25740,3279.72
25741,3271.71
25742,3249.51
25743,3273.24
25744,3270.33
25745,3000.48
25746,3000.33
25747,3000.05
25748,2985.97
25749,3000.72
25750,3267.59
25751,3748.78
25752,3789.93
25753,3842.86
25754,3842.73
25755,3809.61
25756,3850.35
25757,3669.01
25758,3656.64
25759,3624.09
25760,3537.84
25761,3400.18
25762,3270.28
25763,3231.4
25764,3102.18
25765,3054.4
25766,3054.32
25767,3054.7
25768,3185.91
25769,3000.79
25770,3000.65
25771,2980.38
25772,2901.05
25773,2609.81
25774,2730.12
25775,2609.97
25776,2500.87
25777,1999.98
25778,1999.85
25779,1999.86
25780,1999.86
25781,1999.45
25782,1999.46
25783,1999.49
25784,1999.71
25785,1999.89
25786,2000.87
25787,2700.4
25788,3193.54
25789,3370.91
25790,3450.12
25791,3450.37
25792,3450.92
25793,3537.24
25794,3624.81
25795,3656.53
25796,3693.36
25797,3749.64
25798,3731.18
25799,3731.24
25800,3809.45
25801,4688.88
25802,5079.96
25803,5249.66
25804,5880.99
25805,10000.0
25806,10000.0
25807,10000.0
25808,10000.0
25809,10000.0
25810,8500.54
25811,6786.29
25812,7529.57
25813,7000.86
25814,6786.27
25815,6500.67
25816,6009.44
25817,5600.5
25818,5300.85
25819,5489.46
25820,5489.68
25821,6000.23
25822,5999.25
25823,5475.41
25824,4915.34
25825,5649.44
25826,5600.32
25827,6000.02
25828,5535.04
25829,5127.82
25830,5393.04
25831,5127.56
25832,5100.26
25833,4811.67
25834,4739.78
25835,4719.21
25836,4549.8
25837,4465.92
25838,4350.14
25839,3999.84
25840,3922.43
25841,3809.39
25842,3809.04
25843,3857.36
25844,3999.26
25845,3999.21
25846,4542.37
25847,4646.08
25848,5000.35
25849,5000.79
25850,5400.36
25851,5500.76
25852,5600.19
25853,5000.52
25854,4873.73
25855,4646.92
25856,4629.31
25857,3841.97
25858,3656.14
25859,3624.7
25860,3624.56
25861,3624.31
25862,3624.74
25863,3624.94
25864,3698.55
25865,3599.45
25866,3530.95
25867,3500.28
25868,3480.62
25869,3306.85
25870,3307.39
25871,3299.98
25872,3259.97
25873,3299.73
25874,3299.97
25875,3300.03
25876,3300.49
25877,3261.85
25878,3266.99
25879,3337.61
25880,3410.25
25881,3520.99
25882,3749.16
25883,3749.55
25884,3749.73
25885,3749.52
25886,3789.33
25887,3809.09
25888,3857.4
25889,3809.8
25890,4046.39
25891,4542.11
25892,4549.68
25893,4646.04
25894,4739.55
25895,5500.04
25896,6852.82
25897,7522.55
25898,7943.02
25899,8811.97
25900,10000.0
25901,10000.0
25902,10000.0
25903,10000.0
25904,10000.0
25905,10000.0
25906,10000.0
25907,10000.0
25908,10000.0
25909,10000.0
25910,10000.0
25911,10000.0
25912,10000.0
25913,10000.0
25914,10000.0
25915,10000.0
25916,9276.99
25917,10000.0
25918,10000.0
25919,7029.79
25920,7000.13
25921,6000.44
25922,6000.11
25923,6000.06
25924,6000.14
25925,5512.86
25926,5458.49
25927,5437.54
25928,4509.89
25929,4509.88
25930,4500.95
25931,4465.16
25932,4269.76
25933,4089.47
25934,3809.88
25935,3999.34
25936,3809.3
25937,3599.33
25938,3599.04
25939,3599.64
25940,3599.97
25941,3249.57
25942,3419.96
25943,3669.09
25944,3809.76
25945,4089.96
25946,4300.2
25947,4466.66
25948,4467.11
25949,4170.32
25950,4300.32
25951,3624.48
25952,3480.59
25953,3299.88
25954,3299.28
25955,3118.78
25956,3053.07
25957,3184.18
25958,3299.32
25959,3467.5
25960,3480.26
25961,3259.08
25962,3200.89
25963,3100.6
25964,3060.43
25965,3052.51
25966,3000.64
25967,2780.08
25968,2499.21
25969,2000.46
25970,1999.9
25971,1999.85
25972,1999.45
25973,1999.22
25974,1999.16
25975,1999.43
25976,1999.33
25977,1999.59
25978,2499.5
25979,3100.91
25980,3259.72
25981,3350.46
25982,3599.83
25983,3624.52
25984,3624.73
25985,3624.23
25986,3656.08
25987,3669.41
25988,3789.05
25989,3809.34
25990,3789.4
25991,3841.24
25992,4769.74
25993,5439.57
25994,5249.62
25995,5600.38
25996,6000.99
25997,10000.0
25998,10000.0
25999,10000.0
26000,10000.0
26001,10000.0
26002,7999.99
26003,7510.15
26004,10000.0
26005,10000.0
26006,10000.0
26007,10000.0
26008,6999.74
26009,6499.01
26010,6127.04
26011,6009.75
26012,6009.31
26013,6510.68
26014,6510.12
26015,6009.85
26016,6000.37
26017,10000.0
26018,10000.0
26019,10000.0
26020,10000.0
26021,10000.0
26022,10000.0
26023,10000.0
26024,10000.0
26025,7010.78
26026,7010.1
26027,6529.96
26028,6529.33
26029,5437.33
26030,5100.76
26031,5070.94
26032,4668.85
26033,4000.33
26034,4500.42
26035,4506.76
26036,4638.06
26037,4638.06
26038,4638.96
26039,6000.22
26040,6123.26
26041,6123.01
26042,6967.85
26043,7479.45
26044,7006.31
26045,6529.4
26046,6800.22
26047,6100.71
26048,4800.26
26049,4069.19
26050,4467.34
26051,3760.6
26052,3624.54
26053,3630.56
26054,4000.22
26055,4300.12
26056,4500.9
26057,4509.13
26058,4509.3
26059,4300.94
26060,4145.33
26061,3857.3
26062,4200.27
26063,4300.18
26064,4300.15
26065,4110.92
26066,4300.61
26067,4300.2
26068,4384.2
26069,4280.4
26070,3889.81
26071,4350.14
26072,4500.27
26073,4688.05
26074,5649.36
26075,5832.34
26076,6123.13
26077,6499.05
26078,6529.32
26079,6529.7
26080,7125.19
26081,6529.62
26082,7289.46
26083,7289.9
26084,7289.99
26085,7270.91
26086,8700.21
26087,9501.95
26088,10000.0
26089,10000.0
26090,10000.0
26091,10000.0
26092,10000.0
26093,10000.0
26094,10000.0
26095,10000.0
26096,10000.0
26097,10000.0
26098,10000.0
26099,10000.0
26100,10000.0
26101,10000.0
26102,10000.0
26103,10000.0
26104,10000.0
26105,10000.0
26106,10000.0
26107,10000.0
26108,10000.0
26109,10000.0
26110,10000.0
26111,10000.0
26112,10000.0
26113,10000.0
26114,10000.0
26115,10000.0
26116,10000.0
26117,10000.0
26118,8317.17
26119,8191.0
26120,6529.81
26121,5841.22
26122,6009.08
26123,5542.54
26124,5360.12
26125,5089.29
26126,4668.15
26127,4500.44
26128,4110.58
26129,3800.79
26130,3889.53
26131,3889.67
26132,4000.77
26133,3500.72
26134,4024.58
26135,4879.88
26136,4879.08
26137,5379.38
26138,5736.16
26139,5649.64
26140,5450.78
26141,5079.62
26142,5079.05
26143,4510.76
26144,3809.62
26145,3624.34
26146,3624.36
26147,3500.03
26148,3450.92
26149,3319.5
26150,3458.93
26151,3499.94
26152,3624.29
26153,3469.07
26154,3490.18
26155,3504.07
26156,3490.7
26157,3490.82
26158,3490.83
26159,3809.07
26160,3511.33
26161,3500.95
26162,3495.33
26163,3490.88
26164,3499.49
26165,3300.44
26166,3319.7
26167,3809.13
26168,4220.12
26169,4520.4
26170,5600.88
26171,5600.35
26172,5600.99
26173,5000.51
26174,4476.28
26175,4509.54
26176,5379.05
26177,5079.78
26178,5079.73
26179,4879.94
26180,5000.92
26181,4879.19
26182,4089.61
26183,4089.28
26184,4879.87
26185,7029.91
26186,8763.88
26187,10000.0
26188,10000.0
26189,10000.0
26190,10000.0
26191,10000.0
26192,10000.0
26193,10000.0
26194,10000.0
26195,10000.0
26196,10000.0
26197,10000.0
26198,10000.0
26199,10000.0
26200,10000.0
26201,10000.0
26202,10000.0
26203,10000.0
26204,10000.0
26205,10000.0
26206,10000.0
26207,10000.0
26208,10000.0
865,5280.24
866,5173.92
867,5173.66
868,5173.5
869,4999.74
870,4999.5
871,4865.91
872,4865.26
873,4628.19
874,4623.42
875,4623.95
876,4623.47
877,4628.79
878,4623.33
879,4628.04
880,4520.34
881,4520.23
882,4310.58
883,3999.09
884,3729.88
885,2999.01
886,2999.79
887,2999.23
888,3300.18
889,3774.8
890,4050.49
891,4465.83
892,4145.34
893,3811.33
894,3669.84
895,3624.28
896,3458.98
897,3199.84
898,3148.34
899,3104.06
900,2999.97
901,2999.38
902,3000.68
903,3032.68
904,2999.61
905,2787.7
906,2500.39
907,2429.78
908,2429.27
909,2429.11
910,2340.88
911,2329.94
912,2265.39
913,2258.18
914,2314.62
915,2271.93
916,2258.7
917,2006.38
918,1999.84
919,2066.98
920,2096.73
921,2107.5
922,2224.71
923,2850.35
924,2948.56
925,2293.9
926,2948.22
927,2999.3
928,3112.95
929,3180.49
930,3499.77
931,3656.35
932,3656.46
933,3841.54
934,3841.97
935,4145.0
936,3300.79
937,3180.27
938,3199.8
939,3999.06
940,4010.16
941,5400.09
942,5350.2
943,5500.32
944,5173.04
945,4999.16
946,4865.71
947,4865.74
948,4906.29
949,4865.44
950,4865.6
951,4865.91
952,4865.19
953,4761.91
954,4800.15
955,4800.49
956,4800.54
957,4800.6
958,4800.86
959,4800.55
960,4800.15
3841,4399.69
3842,4408.45
3843,4828.01
3844,4436.85
3845,4399.64
3846,4010.65
3847,3972.34
3848,3937.24
3849,3937.52
3850,3811.74
3851,3811.34
3852,3799.47
3853,3300.82
3854,3262.28
3855,3250.56
3856,3112.25
3857,3231.14
3858,3265.31
3859,3265.28
3860,3265.43
3861,3265.14
3862,3265.49
3863,3350.35
3864,3530.99
3865,3937.03
3866,3811.55
3867,3937.5
3868,3937.45
3869,3842.97
3870,3842.6
3871,3811.5
3872,3350.93
3873,3265.01
3874,3197.53
3875,3000.81
3876,2948.82
3877,2999.13
3878,2999.41
3879,2948.64
3880,2499.47
3881,1999.17
3882,1500.99
3883,1500.93
3884,1500.89
3885,1500.88
3886,1500.84
3887,1500.8
3888,1500.78
3889,1500.83
3890,1500.81
3891,1500.81
3892,1500.8
3893,1500.63
3894,1500.65
3895,1500.87
3896,1500.91
3897,1960.22
3898,1999.59
3899,2499.66
3900,2999.0
3901,2948.22
3902,2999.77
3903,3063.12
3904,3265.34
3905,3265.59
3906,3346.26
3907,3346.77
3908,3525.8
3909,3656.7
3910,3811.47
3911,3830.31
3912,3830.66
3913,4310.2
3914,4010.18
3915,4010.88
3916,4477.44
3917,5023.71
3918,5999.07
3919,5555.77
3920,5300.43
3921,4999.75
3922,4999.15
3923,4906.97
3924,5023.38
3925,5000.98
3926,5201.59
3927,5458.63
3928,5023.42
3929,4800.11
3930,4800.28
3931,4760.78
3932,4760.25
3933,4800.1
3934,4800.25
3935,4500.55
3936,4399.78
6529,4623.79
6530,4000.23
6531,3937.3
6532,3937.38
6533,3811.57
6534,3600.52
6535,3811.56
6536,3811.34
6537,3937.04
6538,3811.42
6539,3643.59
6540,3369.03
6541,3364.05
6542,3354.4
6543,3350.61
6544,3299.78
6545,3265.78
6546,3265.98
6547,3299.05
6548,3350.24
6549,3299.13
6550,3352.02
6551,3364.46
6552,3500.4
6553,3811.27
6554,3811.35
6555,3825.52
6556,3811.35
6557,3811.68
6558,3656.46
6559,3624.03
6560,3419.12
6561,3359.81
6562,3350.66
6563,3299.83
6564,3265.47
6565,3265.02
6566,3265.94
6567,3265.56
6568,3265.51
6569,3243.81
6570,3211.02
6571,3243.05
6572,3243.33
6573,3144.39
6574,3168.15
6575,3177.17
6576,3175.63
6577,3197.82
6578,3118.51
6579,3112.19
6580,3095.62
6581,2700.23
6582,2712.49
6583,3011.97
6584,3100.89
6585,3265.02
6586,3265.88
6587,3330.31
6588,3346.95
6589,3359.23
6590,3357.78
6591,3400.94
6592,3811.24
6593,3830.48
6594,3937.01
6595,3972.59
6596,3999.51
6597,3999.48
6598,3999.93
6599,4069.06
6600,4146.96
6601,5339.28
6602,5854.71
6603,6283.75
6604,6850.55
6605,8501.0
6606,8500.4
6607,6953.75
6608,6467.24
6609,5999.08
6610,5700.15
6611,6000.84
6612,6283.76
6613,6009.36
6614,5999.82
6615,6007.02
6616,5715.38
6617,5403.92
6618,5499.05
6619,5339.58
6620,5010.29
6621,4800.45
6622,4800.67
6623,4500.77
6624,4399.7
9505,4499.86
9506,4499.56
9507,4467.82
9508,3972.22
9509,3869.3
9510,3811.06
9511,3700.66
9512,3549.89
9513,3552.15
9514,3530.8
9515,3364.4
9516,3346.66
9517,3299.87
9518,3266.5
9519,3265.28
9520,3250.87
9521,3265.3
9522,3265.63
9523,3265.79
9524,3265.6
9525,3300.19
9526,3350.48
9527,3443.64
9528,3811.96
9529,3937.22
9530,4090.36
9531,4500.59
9532,4628.88
9533,4500.69
9534,4050.72
9535,3841.05
9536,3624.31
9537,3467.47
9538,3414.68
9539,3350.7
9540,3316.07
9541,3091.19
9542,3156.95
9543,3236.46
9544,3115.87
9545,3113.62
9546,3069.09
9547,3075.94
9548,3060.82
9549,3060.94
9550,3060.51
9551,3060.21
9552,3035.85
9553,2980.08
9554,3083.37
9555,3085.34
9556,3060.78
9557,2010.18
9558,2456.07
9559,3112.62
9560,3136.84
9561,3245.81
9562,3265.51
9563,3299.68
9564,3265.95
9565,3346.17
9566,3350.3
9567,3501.95
9568,3615.63
9569,3551.34
9570,3624.73
9571,3625.56
9572,3628.69
9573,3624.93
9574,3811.15
9575,3830.32
9576,3937.99
9577,4750.41
9578,5800.79
9579,5999.93
9580,7400.24
9581,9250.51
9582,9511.61
9583,8000.72
9584,6467.44
9585,5350.85
9586,5023.86
9587,5158.97
9588,5555.37
9589,5500.83
9590,5555.31
9591,5555.77
9592,5555.11
9593,5158.37
9594,5158.23
9595,5023.12
9596,5158.5
9597,5158.24
9598,5023.34
9599,4500.57
9600,4310.84
12385,6500.47
12386,6499.38
12387,6500.18
12388,6500.47
12389,6000.44
12390,5809.83
12391,5555.94
12392,5555.44
12393,5555.22
12394,5555.14
12395,5158.33
12396,5023.17
12397,5000.4
12398,4922.9
12399,4527.85
12400,4500.47
12401,4499.98
12402,4500.9
12403,4500.77
12404,4500.49
12405,5023.61
12406,5489.16
12407,6317.47
12408,7000.24
12409,8500.08
12410,9405.6
12411,9602.16
12412,9404.17
12413,8500.15
12414,7480.61
12415,6500.81
12416,5348.96
12417,4499.0
12418,4043.65
12419,4020.69
12420,4000.28
12421,3999.8
12422,3999.86
12423,4000.39
12424,4020.12
12425,4000.58
12426,4000.33
12427,4000.97
12428,4000.58
12429,4020.54
12430,4020.67
12431,4020.86
12432,4020.81
12433,4020.26
12434,4020.56
12435,4020.98
12436,4020.9
12437,4000.21
12438,3999.99
12439,4000.62
12440,4039.12
12441,4099.42
12442,4206.22
12443,4299.76
12444,4350.86
12445,4615.89
12446,4661.45
12447,5023.88
12448,5400.59
12449,5555.89
12450,7000.1
12451,7000.6
12452,7500.02
12453,8000.8
12454,9000.08
12455,10000.0
12456,10000.0
12457,10000.0
12458,10000.0
12459,10000.0
12460,10000.0
12461,10000.0
12462,10000.0
12463,10000.0
12464,10000.0
12465,10000.0
12466,10000.0
12467,10000.0
12468,10000.0
12469,10000.0
12470,10000.0
12471,10000.0
12472,10000.0
12473,10000.0
12474,7412.81
12475,7369.95
12476,7371.41
12477,10000.0
12478,10000.0
12479,10000.0
12480,10000.0
15361,10000.0
15362,9116.07
15363,8500.32
15364,8000.67
15365,8000.12
15366,6500.37
15367,6436.57
15368,5925.68
15369,5499.45
15370,5499.41
15371,5499.6
15372,5499.52
15373,5291.77
15374,5000.78
15375,4500.44
15376,4399.81
15377,4399.8
15378,4549.39
15379,4688.31
15380,5158.14
15381,5365.68
15382,6500.69
15383,8999.83
15384,10000.0
15385,10000.0
15386,10000.0
15387,10000.0
15388,10000.0
15389,10000.0
15390,10000.0
15391,10000.0
15392,10000.0
15393,5500.36
15394,5500.47
15395,5499.23
15396,4630.8
15397,4688.14
15398,5158.28
15399,5389.91
15400,5499.48
15401,5499.29
15402,5289.92
15403,5289.65
15404,5158.61
15405,4549.82
15406,4623.44
15407,4549.96
15408,4623.84
15409,4999.73
15410,5158.06
15411,5158.0
15412,4999.62
15413,4549.2
15414,4465.38
15415,4623.11
15416,4623.44
15417,4549.62
15418,4999.26
15419,5499.59
15420,5555.02
15421,6850.0
15422,9600.9
15423,9937.62
15424,10000.0
15425,10000.0
15426,10000.0
15427,10000.0
15428,10000.0
15429,10000.0
15430,10000.0
15431,10000.0
15432,10000.0
15433,10000.0
15434,10000.0
15435,10000.0
15436,10000.0
15437,10000.0
15438,10000.0
15439,10000.0
15440,10000.0
15441,10000.0
15442,10000.0
15443,10000.0
15444,10000.0
15445,10000.0
15446,10000.0
15447,10000.0
15448,10000.0
15449,10000.0
15450,10000.0
15451,10000.0
15452,10000.0
15453,10000.0
15454,10000.0
15455,10000.0
15456,10000.0
18241,10000.0
18242,10000.0
18243,10000.0
18244,10000.0
18245,10000.0
18246,10000.0
18247,10000.0
18248,10000.0
18249,10000.0
18250,10000.0
18251,10000.0
18252,10000.0
18253,8702.22
18254,6791.37
18255,6000.33
18256,6000.38
18257,5872.76
18258,6499.11
18259,8501.84
18260,10000.0
18261,10000.0
18262,10000.0
18263,10000.0
18264,10000.0
18265,10000.0
18266,10000.0
18267,10000.0
18268,10000.0
18269,10000.0
18270,10000.0
18271,10000.0
18272,10000.0
18273,7000.7
18274,5872.48
18275,5555.06
18276,4661.43
18277,4500.18
18278,4500.01
18279,4500.69
18280,4757.97
18281,4698.01
18282,4698.01
18283,4688.38
18284,4549.47
18285,4468.72
18286,4549.25
18287,4623.77
18288,4688.79
18289,4800.02
18290,4688.27
18291,4549.95
18292,4549.45
18293,4199.41
18294,4203.08
18295,4399.77
18296,4549.41
18297,4800.42
18298,5555.47
18299,6499.8
18300,9741.79
18301,10000.0
18302,10000.0
18303,10000.0
18304,10000.0
18305,10000.0
18306,10000.0
18307,10000.0
18308,10000.0
18309,10000.0
18310,10000.0
18311,10000.0
18312,10000.0
18313,10000.0
18314,10000.0
18315,10000.0
18316,10000.0
18317,10000.0
18318,10000.0
18319,10000.0
18320,10000.0
18321,10000.0
18322,10000.0
18323,10000.0
18324,10000.0
18325,10000.0
18326,10000.0
18327,10000.0
18328,10000.0
18329,10000.0
18330,10000.0
18331,10000.0
18332,10000.0
18333,10000.0
18334,10000.0
18335,10000.0
18336,10000.0
21217,10000.0
21218,10000.0
21219,10000.0
21220,10000.0
21221,10000.0
21222,10000.0
21223,10000.0
21224,10000.0
21225,10000.0
21226,10000.0
21227,10000.0
21228,10000.0
21229,10000.0
21230,10000.0
21231,10000.0
21232,10000.0
21233,10000.0
21234,10000.0
21235,10000.0
21236,10000.0
21237,10000.0
21238,10000.0
21239,10000.0
21240,10000.0
21241,10000.0
21242,10000.0
21243,10000.0
21244,10000.0
21245,10000.0
21246,10000.0
21247,7200.42
21248,6000.13
21249,5555.87
21250,5555.1
21251,5555.31
21252,5286.13
21253,5000.44
21254,5000.93
21255,5000.91
21256,5000.1
21257,4658.83
21258,4542.95
21259,4529.58
21260,4500.9
21261,4529.34
21262,4500.64
21263,4529.77
21264,4588.44
21265,5000.17
21266,4800.72
21267,4836.51
21268,4800.9
21269,4467.79
21270,4150.1
21271,4658.17
21272,4588.69
21273,5000.38
21274,5001.0
21275,5555.48
21276,5872.21
21277,5555.94
21278,5555.81
21279,6000.07
21280,6000.41
21281,6000.07
21282,6000.87
21283,7999.37
21284,8869.14
21285,10000.0
21286,10000.0
21287,10000.0
21288,10000.0
21289,10000.0
21290,10000.0
21291,10000.0
21292,10000.0
21293,10000.0
21294,10000.0
21295,10000.0
21296,10000.0
21297,10000.0
21298,10000.0
21299,10000.0
21300,10000.0
21301,10000.0
21302,10000.0
21303,10000.0
21304,10000.0
21305,10000.0
21306,10000.0
21307,10000.0
21308,10000.0
21309,10000.0
21310,10000.0
21311,10000.0
21312,10000.0
24193,10000.0
24194,10000.0
24195,10000.0
24196,10000.0
24197,10000.0
24198,10000.0
24199,10000.0
24200,10000.0
24201,10000.0
24202,10000.0
24203,10000.0
24204,10000.0
24205,10000.0
24206,10000.0
24207,10000.0
24208,10000.0
24209,10000.0
24210,10000.0
24211,10000.0
24212,10000.0
24213,10000.0
24214,10000.0
24215,10000.0
24216,10000.0
24217,10000.0
24218,10000.0
24219,10000.0
24220,10000.0
24221,10000.0
24222,10000.0
24223,10000.0
24224,10000.0
24225,10000.0
24226,10000.0
24227,10000.0
24228,10000.0
24229,6867.87
24230,8013.82
24231,7624.73
24232,6000.92
24233,6000.68
24234,6000.34
24235,5999.78
24236,5909.3
24237,5400.49
24238,5718.11
24239,5872.19
24240,5999.88
24241,5872.33
24242,5500.96
24243,5500.71
24244,5500.77
24245,5158.12
24246,5286.38
24247,5290.95
24248,5999.9
24249,7055.48
24250,10000.0
24251,10000.0
24252,10000.0
24253,10000.0
24254,10000.0
24255,10000.0
24256,10000.0
24257,10000.0
24258,10000.0
24259,10000.0
24260,10000.0
24261,10000.0
24262,10000.0
24263,10000.0
24264,10000.0
24265,10000.0
24266,10000.0
24267,10000.0
24268,10000.0
24269,10000.0
24270,10000.0
24271,10000.0
24272,10000.0
24273,10000.0
24274,10000.0
24275,10000.0
24276,10000.0
24277,10000.0
24278,10000.0
24279,10000.0
24280,10000.0
24281,10000.0
24282,10000.0
24283,10000.0
24284,10000.0
24285,10000.0
24286,10000.0
24287,10000.0
24288,10000.0
27073,10000.0
27074,10000.0
27075,10000.0
27076,10000.0
27077,10000.0
27078,10000.0
27079,10000.0
27080,10000.0
27081,10000.0
27082,10000.0
27083,10000.0
27084,10000.0
27085,10000.0
27086,10000.0
27087,10000.0
27088,10000.0
27089,10000.0
27090,10000.0
27091,10000.0
27092,10000.0
27093,10000.0
27094,10000.0
27095,10000.0
27096,10000.0
27097,10000.0
27098,10000.0
27099,10000.0
27100,10000.0
27101,10000.0
27102,10000.0
27103,10000.0
27104,10000.0
27105,10000.0
27106,10000.0
27107,10000.0
27108,10000.0
27109,10000.0
27110,10000.0
27111,10000.0
27112,10000.0
27113,10000.0
27114,10000.0
27115,10000.0
27116,10000.0
27117,10000.0
27118,10000.0
27119,10000.0
27120,10000.0
27121,10000.0
27122,10000.0
27123,10000.0
27124,10000.0
27125,10000.0
27126,10000.0
27127,10000.0
27128,10000.0
27129,10000.0
27130,10000.0
27131,10000.0
27132,10000.0
27133,10000.0
27134,10000.0
27135,10000.0
27136,10000.0
27137,10000.0
27138,10000.0
27139,10000.0
27140,10000.0
27141,10000.0
27142,10000.0
27143,10000.0
27144,10000.0
27145,10000.0
27146,10000.0
27147,10000.0
27148,10000.0
27149,10000.0
27150,10000.0
27151,10000.0
27152,10000.0
27153,10000.0
27154,10000.0
27155,10000.0
27156,10000.0
27157,10000.0
27158,10000.0
27159,10000.0
27160,10000.0
27161,10000.0
27162,10000.0
27163,10000.0
27164,10000.0
27165,10000.0
27166,10000.0
27167,10000.0
27168,10000.0
30049,10000.0
30050,10000.0
30051,10000.0
30052,10000.0
30053,10000.0
30054,10000.0
30055,10000.0
30056,10000.0
30057,10000.0
30058,10000.0
30059,10000.0
30060,10000.0
30061,10000.0
30062,10000.0
30063,10000.0
30064,10000.0
30065,10000.0
30066,10000.0
30067,10000.0
30068,10000.0
30069,10000.0
30070,10000.0
30071,10000.0
30072,10000.0
30073,10000.0
30074,10000.0
30075,10000.0
30076,10000.0
30077,10000.0
30078,10000.0
30079,10000.0
30080,10000.0
30081,10000.0
30082,10000.0
30083,10000.0
30084,10000.0
30085,10000.0
30086,10000.0
30087,10000.0
30088,10000.0
30089,10000.0
30090,10000.0
30091,10000.0
30092,10000.0
30093,10000.0
30094,10000.0
30095,10000.0
30096,10000.0
30097,10000.0
30098,10000.0
30099,10000.0
30100,10000.0
30101,10000.0
30102,10000.0
30103,10000.0
30104,10000.0
30105,10000.0
30106,10000.0
30107,10000.0
30108,10000.0
30109,10000.0
30110,10000.0
30111,10000.0
30112,10000.0
30113,10000.0
30114,10000.0
30115,10000.0
30116,10000.0
30117,10000.0
30118,10000.0
30119,10000.0
30120,10000.0
30121,10000.0
30122,10000.0
30123,10000.0
30124,10000.0
30125,10000.0
30126,10000.0
30127,10000.0
30128,10000.0
30129,10000.0
30130,10000.0
30131,10000.0
30132,10000.0
30133,10000.0
30134,10000.0
30135,10000.0
30136,10000.0
30137,10000.0
30138,10000.0
30139,10000.0
30140,10000.0
30141,10000.0
30142,10000.0
30143,10000.0
30144,10000.0
32929,10000.0
32930,10000.0
32931,10000.0
32932,10000.0
32933,10000.0
32934,10000.0
32935,10000.0
32936,10000.0
32937,10000.0
32938,10000.0
32939,10000.0
32940,10000.0
32941,10000.0
32942,10000.0
32943,10000.0
32944,10000.0
32945,10000.0
32946,10000.0
32947,10000.0
32948,10000.0
32949,10000.0
32950,10000.0
32951,10000.0
32952,10000.0
32953,10000.0
32954,10000.0
32955,10000.0
32956,10000.0
32957,10000.0
32958,10000.0
32959,10000.0
32960,10000.0
32961,10000.0
32962,10000.0
32963,10000.0
32964,10000.0
32965,10000.0
32966,10000.0
32967,10000.0
32968,10000.0
32969,10000.0
32970,10000.0
32971,10000.0
32972,10000.0
32973,10000.0
32974,10000.0
32975,10000.0
32976,10000.0
32977,10000.0
32978,10000.0
32979,10000.0
32980,10000.0
32981,10000.0
32982,10000.0
32983,10000.0
32984,10000.0
32985,10000.0
32986,10000.0
32987,10000.0
32988,10000.0
32989,10000.0
32990,10000.0
32991,10000.0
32992,10000.0
32993,10000.0
32994,10000.0
32995,10000.0
32996,10000.0
32997,10000.0
32998,10000.0
32999,10000.0
33000,10000.0
33001,10000.0
33002,10000.0
33003,10000.0
33004,10000.0
33005,10000.0
33006,10000.0
33007,10000.0
33008,10000.0
33009,10000.0
33010,10000.0
33011,10000.0
33012,10000.0
33013,10000.0
33014,10000.0
33015,10000.0
33016,10000.0
33017,10000.0
33018,10000.0
33019,10000.0
33020,10000.0
33021,10000.0
33022,10000.0
33023,10000.0
33024,10000.0
27361,10000.0
27362,10000.0
27363,10000.0
27364,10000.0
27365,10000.0
27366,10000.0
27367,10000.0
27368,10000.0
27369,10000.0
27370,10000.0
27371,10000.0
27372,10000.0
27373,10000.0
27374,10000.0
27375,10000.0
27376,10000.0
27377,10000.0
27378,10000.0
27379,10000.0
27380,10000.0
27381,10000.0
27382,10000.0
27383,10000.0
27384,10000.0
27385,10000.0
27386,10000.0
27387,10000.0
27388,10000.0
27389,10000.0
27390,10000.0
27391,10000.0
27392,10000.0
27393,10000.0
27394,10000.0
27395,10000.0
27396,10000.0
27397,10000.0
27398,10000.0
27399,10000.0
27400,10000.0
27401,10000.0
27402,10000.0
27403,10000.0
27404,10000.0
27405,10000.0
27406,10000.0
27407,10000.0
27408,10000.0
27409,10000.0
27410,10000.0
27411,10000.0
27412,10000.0
27413,10000.0
27414,10000.0
27415,10000.0
27416,10000.0
27417,10000.0
27418,10000.0
27419,10000.0
27420,10000.0
27421,10000.0
27422,10000.0
27423,10000.0
27424,10000.0
27425,10000.0
27426,10000.0
27427,10000.0
27428,10000.0
27429,10000.0
27430,10000.0
27431,10000.0
27432,10000.0
27433,10000.0
27434,10000.0
27435,10000.0
27436,10000.0
27437,10000.0
27438,10000.0
27439,10000.0
27440,10000.0
27441,10000.0
27442,10000.0
27443,10000.0
27444,10000.0
27445,10000.0
27446,10000.0
27447,10000.0
27448,10000.0
27449,10000.0
27450,10000.0
27451,10000.0
27452,10000.0
27453,10000.0
27454,10000.0
27455,10000.0
27456,10000.0
27457,10000.0
27458,10000.0
27459,10000.0
27460,10000.0
27461,10000.0
27462,10000.0
27463,10000.0
27464,10000.0
27465,10000.0
27466,10000.0
27467,10000.0
27468,10000.0
27469,10000.0
27470,10000.0
27471,10000.0
27472,10000.0
27473,10000.0
27474,10000.0
27475,10000.0
27476,10000.0
27477,10000.0
27478,10000.0
27479,10000.0
27480,10000.0
27481,10000.0
27482,10000.0
27483,10000.0
27484,10000.0
27485,10000.0
27486,10000.0
27487,10000.0
27488,10000.0
27489,10000.0
27490,10000.0
27491,10000.0
27492,10000.0
27493,6961.69
27494,7198.91
27495,6500.61
27496,6500.51
27497,6000.76
27498,5967.34
27499,5290.89
27500,5290.85
27501,5290.83
27502,5290.46
27503,5290.31
27504,5290.26
27505,5029.37
27506,5000.99
27507,5249.19
27508,5158.94
27509,5158.48
27510,5000.98
27511,5290.46
27512,5290.96
27513,6500.03
27514,7353.65
27515,10000.0
27516,10000.0
27517,10000.0
27518,10000.0
27519,10000.0
27520,10000.0
27521,10000.0
27522,10000.0
27523,10000.0
27524,10000.0
27525,10000.0
27526,10000.0
27527,10000.0
27528,10000.0
27529,10000.0
27530,10000.0
27531,10000.0
27532,10000.0
27533,10000.0
27534,10000.0
27535,10000.0
27536,10000.0
27537,10000.0
27538,10000.0
27539,10000.0
27540,10000.0
27541,10000.0
27542,10000.0
27543,10000.0
27544,10000.0
27545,10000.0
27546,10000.0
27547,10000.0
27548,10000.0
27549,10000.0
27550,10000.0
27551,10000.0
27552,10000.0
27553,10000.0
27554,10000.0
27555,10000.0
27556,10000.0
27557,10000.0
27558,10000.0
27559,10000.0
27560,10000.0
27561,10000.0
27562,10000.0
27563,10000.0
27564,10000.0
27565,7945.11
27566,7235.12
27567,7000.37
27568,5999.1
27569,5786.3
27570,5786.03
27571,5909.21
27572,5999.06
27573,5786.83
27574,7212.72
27575,10000.0
27576,10000.0
27577,10000.0
27578,10000.0
27579,10000.0
27580,10000.0
27581,10000.0
27582,10000.0
27583,7499.37
27584,5029.74
27585,4350.25
27586,4023.94
27587,4023.4
27588,4023.03
27589,3898.93
27590,3840.46
27591,3840.28
27592,3840.14
27593,3350.14
27594,3200.87
27595,2948.76
27596,2899.84
27597,2899.77
27598,3012.2
27599,3308.08
27600,3252.91
27601,3079.55
27602,3200.63
27603,3200.82
27604,3079.23
27605,2870.51
27606,2899.5
27607,3079.23
27608,3079.44
27609,3079.89
27610,3350.63
27611,3769.49
27612,4000.02
27613,4023.36
27614,4023.78
27615,4030.46
27616,4500.92
27617,5000.9
27618,5786.1
27619,7499.38
27620,7499.82
27621,5555.45
27622,5400.62
27623,6000.5
27624,8411.67
27625,7198.83
27626,10000.0
27627,10000.0
27628,10000.0
27629,10000.0
27630,10000.0
27631,10000.0
27632,10000.0
27633,10000.0
27634,10000.0
27635,10000.0
27636,10000.0
27637,10000.0
27638,10000.0
27639,10000.0
27640,10000.0
27641,10000.0
27642,10000.0
27643,10000.0
27644,10000.0
27645,10000.0
27646,10000.0
27647,10000.0
27648,10000.0
27649,10000.0
27650,10000.0
27651,10000.0
27652,10000.0
27653,10000.0
27654,10000.0
27655,10000.0
27656,10000.0
27657,10000.0
27658,10000.0
27659,10000.0
27660,10000.0
27661,10000.0
27662,10000.0
27663,9499.97
27664,9499.06
27665,7999.42
27666,7999.39
27667,8108.37
27668,9499.54
27669,10000.0
27670,10000.0
27671,10000.0
27672,10000.0
27673,10000.0
27674,10000.0
27675,10000.0
27676,10000.0
27677,10000.0
27678,10000.0
27679,10000.0
27680,10000.0
27681,7501.0
27682,7500.34
27683,7029.24
27684,5872.92
27685,5398.7
27686,5500.12
27687,5398.95
27688,5398.45
27689,5000.6
27690,5000.52
27691,5000.12
27692,5000.08
27693,4808.9
27694,4808.96
27695,5000.28
27696,5000.02
27697,4700.65
27698,4700.83
27699,5000.04
27700,4700.74
27701,4666.75
27702,4988.84
27703,5000.5
27704,5000.99
27705,5555.75
27706,7029.39
27707,10000.0
27708,10000.0
27709,10000.0
27710,10000.0
27711,10000.0
27712,10000.0
27713,10000.0
27714,10000.0
27715,10000.0
27716,10000.0
27717,10000.0
27718,10000.0
27719,10000.0
27720,10000.0
27721,10000.0
27722,10000.0
27723,10000.0
27724,10000.0
27725,10000.0
27726,10000.0
27727,10000.0
27728,10000.0
27729,10000.0
27730,10000.0
27731,10000.0
27732,10000.0
27733,10000.0
27734,10000.0
27735,10000.0
27736,10000.0
27737,10000.0
27738,10000.0
27739,10000.0
27740,10000.0
27741,10000.0
27742,10000.0
27743,10000.0
27744,10000.0
27745,10000.0
27746,10000.0
27747,10000.0
27748,10000.0
27749,10000.0
27750,10000.0
27751,10000.0
27752,10000.0
27753,10000.0
27754,10000.0
27755,9550.3
27756,7999.98
27757,8672.33
27758,7999.48
27759,7500.49
27760,7479.6
27761,7999.93
27762,8001.0
27763,10000.0
27764,10000.0
27765,10000.0
27766,10000.0
27767,10000.0
27768,10000.0
27769,10000.0
27770,10000.0
27771,10000.0
27772,10000.0
27773,10000.0
27774,10000.0
27775,10000.0
27776,10000.0
27777,10000.0
27778,10000.0
27779,10000.0
27780,9757.13
27781,10000.0
27782,9831.11
27783,9123.66
27784,8999.8
27785,7000.26
27786,6389.29
27787,5555.31
27788,5158.38
27789,5000.79
27790,5000.4
27791,5000.37
27792,5000.45
27793,4988.63
27794,5000.33
27795,5000.55
27796,5000.28
27797,4988.62
27798,5000.12
27799,5000.58
27800,5158.3
27801,5909.84
27802,8000.25
27803,10000.0
27804,10000.0
27805,10000.0
27806,10000.0
27807,10000.0
27808,10000.0
27809,10000.0
27810,10000.0
27811,10000.0
27812,10000.0
27813,10000.0
27814,10000.0
27815,10000.0
27816,10000.0
27817,10000.0
27818,10000.0
27819,10000.0
27820,10000.0
27821,10000.0
27822,10000.0
27823,10000.0
27824,10000.0
27825,10000.0
27826,10000.0
27827,10000.0
27828,10000.0
27829,10000.0
27830,10000.0
27831,10000.0
27832,10000.0
27833,10000.0
27834,10000.0
27835,10000.0
27836,10000.0
27837,10000.0
27838,10000.0
27839,10000.0
27840,10000.0
27841,10000.0
27842,10000.0
27843,10000.0
27844,10000.0
27845,10000.0
27846,10000.0
27847,10000.0
27848,10000.0
27849,7000.04
27850,5999.34
27851,5400.14
27852,5249.53
27853,5362.82
27854,5158.22
27855,5158.42
27856,5158.37
27857,4988.53
27858,4988.96
27859,5000.82
27860,5158.71
27861,5786.78
27862,7029.18
27863,10000.0
27864,10000.0
27865,10000.0
27866,10000.0
27867,10000.0
27868,7035.5
27869,5787.38
27870,4502.17
27871,4499.56
27872,4023.08
27873,3769.51
27874,3776.52
27875,3776.43
27876,3705.17
27877,3699.31
27878,3895.51
27879,4350.18
27880,4910.47
27881,4231.76
27882,3895.08
27883,3769.12
27884,3769.65
27885,4023.02
27886,4078.04
27887,4499.5
27888,4100.67
27889,4300.69
27890,3776.49
27891,3897.06
27892,3659.54
27893,3659.13
27894,3623.77
27895,3659.56
27896,3659.55
27897,3659.5
27898,3769.05
27899,4538.98
27900,5000.68
27901,5975.23
27902,9999.52
27903,10000.0
27904,10000.0
27905,10000.0
27906,10000.0
27907,10000.0
27908,10000.0
27909,10000.0
27910,10000.0
27911,10000.0
27912,10000.0
27913,10000.0
27914,10000.0
27915,10000.0
27916,10000.0
27917,10000.0
27918,10000.0
27919,10000.0
27920,10000.0
27921,10000.0
27922,10000.0
27923,10000.0
27924,10000.0
27925,10000.0
27926,10000.0
27927,10000.0
27928,10000.0
27929,10000.0
27930,10000.0
27931,10000.0
27932,10000.0
27933,10000.0
27934,10000.0
27935,10000.0
27936,10000.0
27937,8500.27
27938,8295.0
27939,7500.52
27940,7500.19
27941,7500.58
27942,7479.35
27943,7029.49
27944,6999.4
27945,5786.34
27946,5500.39
27947,5500.74
27948,5500.62
27949,5400.75
27950,5400.2
27951,5400.65
27952,5400.2
27953,5249.32
27954,5389.96
27955,5249.16
27956,5500.22
27957,7000.41
27958,7086.6
27959,7500.79
27960,10000.0
27961,7689.02
27962,10000.0
27963,10000.0
27964,6000.7
27965,5900.47
27966,5185.43
27967,4988.7
27968,4350.23
27969,4194.64
27970,4000.51
27971,4100.33
27972,4000.56
27973,4198.64
27974,4198.73
27975,4198.9
27976,4198.39
27977,4000.55
27978,3776.64
27979,3776.56
27980,3881.8
27981,3776.96
27982,3776.43
27983,3776.99
27984,3881.03
27985,3776.01
27986,3700.6
27987,3700.09
27988,3700.21
27989,3659.93
27990,3659.75
27991,3659.92
27992,3659.49
27993,3659.77
27994,3776.59
27995,4194.7
27996,4198.93
27997,4500.09
27998,4538.51
27999,5000.27
28000,5000.95
28001,10000.0
28002,10000.0
28003,10000.0
28004,10000.0
28005,10000.0
28006,10000.0
28007,10000.0
28008,10000.0
28009,10000.0
28010,10000.0
28011,10000.0
28012,10000.0
28013,10000.0
28014,10000.0
28015,10000.0
28016,10000.0
28017,10000.0
28018,10000.0
28019,10000.0
28020,10000.0
28021,10000.0
28022,10000.0
28023,10000.0
28024,10000.0
28025,10000.0
28026,10000.0
28027,10000.0
28028,10000.0
28029,10000.0
28030,10000.0
28031,10000.0
28032,10000.0
28033,6499.74
28034,6029.79
28035,5909.51
28036,5909.85
28037,5909.77
28038,6000.0
28039,5909.95
28040,5909.21
28041,5500.48
28042,5500.14
28043,5500.05
28044,5400.61
28045,5000.72
28046,5000.56
28047,5000.36
28048,5000.47
28049,5209.91
28050,5209.68
28051,5158.28
28052,5400.21
28053,6499.04
28054,7049.7
28055,10000.0
28056,10000.0
28057,7500.96
28058,10000.0
28059,10000.0
28060,9000.58
28061,6529.86
28062,7499.4
28063,7000.04
28064,5209.98
28065,4988.74
28066,4988.99
28067,4988.67
28068,4500.77
28069,4418.62
28070,4500.49
28071,4500.07
28072,4385.64
28073,4300.77
28074,4023.36
28075,3850.31
28076,3850.45
28077,3880.77
28078,3800.87
28079,4100.1
28080,4194.59
28081,4194.39
28082,4194.29
28083,4194.4
28084,3969.6
28085,3969.11
28086,3800.77
28087,3880.48
28088,3800.75
28089,3895.61
28090,4500.69
28091,5000.69
28092,5529.11
28093,5529.54
28094,7000.42
28095,8000.64
28096,8513.15
28097,10000.0
28098,10000.0
28099,10000.0
28100,10000.0
28101,10000.0
28102,10000.0
28103,10000.0
28104,10000.0
28105,10000.0
28106,10000.0
28107,10000.0
28108,10000.0
28109,10000.0
28110,10000.0
28111,10000.0
28112,10000.0
28113,10000.0
28114,10000.0
28115,10000.0
28116,10000.0
28117,10000.0
28118,10000.0
28119,10000.0
28120,10000.0
28121,10000.0
28122,10000.0
28123,10000.0
28124,10000.0
28125,10000.0
28126,10000.0
28127,9856.42
28128,9999.69
28129,5369.71
28130,5339.68
28131,4889.43
28132,4758.75
28133,4400.31
28134,4222.32
28135,4023.75
28136,4100.43
28137,4000.97
28138,4000.78
28139,4000.68
28140,4000.25
28141,4000.34
28142,4000.35
28143,4000.16
28144,3895.21
28145,4000.42
28146,4000.57
28147,4000.91
28148,4023.6
28149,4648.41
28150,5600.28
28151,6529.07
28152,6529.9
28153,6499.85
28154,5735.06
28155,5909.48
28156,4900.35
28157,3800.97
28158,4418.74
28159,4500.81
28160,4000.71
28161,3659.65
28162,3776.9
28163,4000.82
28164,4023.25
28165,4000.89
28166,4418.31
28167,4300.1
28168,4023.69
28169,3659.96
28170,3776.42
28171,3699.67
28172,3659.68
28173,3623.88
28174,3623.57
28175,3623.29
28176,3623.27
28177,3623.23
28178,3623.23
28179,3604.28
28180,3425.64
28181,3305.82
28182,3051.81
28183,3349.44
28184,3349.34
28185,3425.04
28186,3565.17
28187,3623.63
28188,3699.1
28189,3880.95
28190,4000.87
28191,4500.32
28192,5500.41
28193,7029.1
28194,9268.23
28195,10000.0
28196,10000.0
28197,10000.0
28198,10000.0
28199,10000.0
28200,10000.0
28201,10000.0
28202,10000.0
28203,10000.0
28204,10000.0
28205,10000.0
28206,10000.0
28207,10000.0
28208,10000.0
28209,10000.0
28210,10000.0
28211,7029.65
28212,7029.63
28213,7000.32
28214,6924.2
28215,6510.35
28216,6500.36
28217,5010.98
28218,5500.56
28219,5350.85
28220,5309.16
28221,3999.89
28222,3999.89
28223,3999.96
28224,3999.87
28225,4433.59
28226,4222.07
28227,4241.22
28228,4023.54
28229,4000.51
28230,4000.27
28231,4000.4
28232,3900.89
28233,3706.73
28234,3812.34
28235,3707.8
28236,3599.4
28237,3499.83
28238,3499.97
28239,3489.99
28240,3489.77
28241,3489.98
28242,3499.47
28243,3499.98
28244,3706.11
28245,4001.0
28246,4000.6
28247,4433.85
28248,4433.54
28249,4000.57
28250,3604.11
28251,3604.01
28252,3565.79
28253,3489.98
28254,3576.45
28255,3623.56
28256,3623.12
28257,3500.84
28258,3604.95
28259,3623.01
28260,3623.4
28261,3604.37
28262,3623.1
28263,3623.17
28264,3623.19
28265,3449.65
28266,3449.61
28267,3489.31
28268,3478.63
28269,3449.2
28270,3400.65
28271,3400.88
28272,3400.04
28273,3308.26
28274,3299.97
28275,3250.04
28276,2948.8
28277,2900.05
28278,2899.64
28279,2948.11
28280,2948.66
28281,3005.12
28282,3303.0
28283,3494.07
28284,3493.05
28285,3565.11
28286,3565.01
28287,3510.39
28288,3489.63
28289,3565.08
28290,3623.07
28291,3623.53
28292,4241.04
28293,5000.03
28294,5499.87
28295,10000.0
28296,10000.0
28297,10000.0
28298,10000.0
28299,10000.0
28300,10000.0
28301,6010.88
28302,5499.91
28303,4732.21
28304,4023.31
28305,3999.97
28306,4000.33
28307,3800.78
28308,4000.16
28309,4000.01
28310,4000.51
28311,4000.65
28312,4000.74
28313,3659.63
28314,3659.85
28315,3659.85
28316,3869.19
28317,3900.4
28318,3900.87
28319,3869.2
28320,3659.84
28321,5000.33
28322,5000.33
28323,5000.26
28324,5000.06
28325,4023.32
28326,4000.71
28327,4000.01
28328,3812.61
28329,3500.39
28330,3500.1
28331,3500.19
28332,3500.26
28333,3499.26
28334,3449.01
28335,3250.9
28336,3330.12
28337,3250.81
28338,3449.42
28339,3500.62
28340,3998.14
28341,3500.83
28342,4000.75
28343,5000.62
28344,5000.87
28345,4688.1
28346,3748.51
28347,3659.05
28348,3700.79
28349,3623.72
28350,3776.17
28351,3752.16
28352,3623.91
28353,3659.06
28354,3623.96
28355,3623.44
28356,3623.33
28357,3623.58
28358,3623.53
28359,3623.59
28360,3623.1
28361,3500.56
28362,3495.19
28363,3449.04
28364,3426.97
28365,3426.42
28366,3426.37
28367,3349.68
28368,3349.24
28369,3250.64
28370,3210.84
28371,3210.1
28372,3005.54
28373,2943.32
28374,2943.18
28375,2999.35
28376,3000.98
28377,2999.71
28378,3349.5
28379,3520.33
28380,3567.0
28381,3623.09
28382,3623.44
28383,3623.67
28384,3623.91
28385,3623.84
28386,3998.03
28387,3998.19
28388,4400.98
28389,5000.86
28390,6029.17
28391,10000.0
28392,10000.0
28393,10000.0
28394,10000.0
28395,10000.0
28396,10000.0
28397,9549.87
28398,7203.87
28399,4750.06
28400,3869.67
28401,3630.71
28402,3630.95
28403,3998.12
28404,3998.5
28405,3869.32
28406,3998.51
28407,4000.53
28408,4000.7
28409,3998.62
28410,4000.08
28411,3998.93
28412,4000.06
28413,3998.77
28414,3998.53
28415,3869.32
28416,3760.46
28417,5000.8
28418,5000.81
28419,5000.62
28420,5000.35
28421,4429.07
28422,4222.63
28423,4023.12
28424,3998.26
28425,3998.35
28426,3998.8
28427,3998.22
28428,3998.44
28429,3969.24
28430,3969.42
28431,3969.19
28432,3969.27
28433,3969.56
28434,3969.98
28435,3969.93
28436,4023.98
28437,3998.05
28438,4100.94
28439,4688.54
28440,4688.62
28441,4000.7
28442,3425.57
28443,3308.96
28444,3178.48
28445,2999.63
28446,3449.06
28447,3488.38
28448,3449.32
28449,3000.63
28450,3349.5
28451,3330.11
28452,3349.04
28453,3330.44
28454,3410.77
28455,3349.96
28456,3250.73
28457,2938.31
28458,2938.9
28459,2899.1
28460,2850.79
28461,2800.37
28462,2519.89
28463,2519.49
28464,2519.21
28465,2380.42
28466,2349.96
28467,2349.44
28468,2338.19
28469,2300.81
28470,2300.72
28471,2300.97
28472,2314.17
28473,2313.03
28474,2349.48
28475,2433.19
28476,2540.5
28477,2803.55
28478,2803.99
28479,2807.57
28480,2850.34
28481,3100.65
28482,3449.45
28483,3449.45
28484,3488.25
28485,3449.92
28486,3499.33
28487,3969.12
28488,3969.37
28489,4000.79
28490,4499.6
28491,4300.48
28492,4023.58
28493,4023.11
28494,3499.86
28495,3178.45
28496,2999.66
28497,3096.74
28498,3200.18
28499,3499.12
28500,3499.57
28501,3969.32
28502,3969.93
28503,3998.93
28504,3998.96
28505,3948.25
28506,3690.92
28507,3969.07
28508,3869.84
28509,3869.68
28510,3812.7
28511,3608.28
28512,3600.06
28513,3969.94
28514,3969.21
28515,3969.03
28516,3821.89
28517,3330.11
28518,3254.26
28519,3243.36
28520,3226.1
28521,3186.51
28522,3169.93
28523,3165.64
28524,3129.57
28525,3089.92
28526,3094.46
28527,3033.06
28528,3032.41
28529,3000.65
28530,3110.7
28531,3212.86
28532,3330.35
28533,3210.83
28534,3500.68
28535,4231.07
28536,4688.59
28537,4688.19
28538,4385.81
28539,3799.85
28540,3776.4
28541,3693.71
28542,3998.9
28543,4250.19
28544,4000.76
28545,4000.28
28546,3998.95
28547,3777.37
28548,3707.37
28549,3888.7
28550,3900.16
28551,3800.84
28552,3776.52
28553,3659.9
28554,3693.28
28555,3659.58
28556,3659.18
28557,3659.12
28558,3623.95
28559,3623.38
28560,3605.16
28561,3566.88
28562,3566.47
28563,3489.58
28564,3330.29
28565,3000.25
28566,3000.39
28567,3210.04
28568,3330.15
28569,3330.31
28570,3426.83
28571,3566.61
28572,3623.07
28573,3623.69
28574,3659.43
28575,3998.23
28576,4187.62
28577,4488.74
28578,5000.9
28579,6958.79
28580,10000.0
28581,10000.0
28582,10000.0
28583,10000.0
28584,10000.0
28585,10000.0
28586,10000.0
28587,10000.0
28588,10000.0
28589,10000.0
28590,10000.0
28591,7000.04
28592,5529.2
28593,4760.17
28594,4700.16
28595,4638.79
28596,4650.47
28597,5000.05
28598,5000.09
28599,4760.27
28600,4890.95
28601,4688.34
28602,4688.79
28603,5000.07
28604,5000.58
28605,5000.9
28606,5158.66
28607,5400.11
28608,5499.01
28609,5029.55
28610,5000.63
28611,5000.3
28612,4688.84
28613,4618.24
28614,4618.16
28615,4386.06
28616,3998.69
28617,3969.99
28618,3969.08
28619,3998.68
28620,3970.2
28621,3969.84
28622,3998.06
28623,3898.52
28624,3969.34
28625,3706.87
28626,3969.84
28627,3998.89
28628,4299.24
28629,4385.74
28630,4688.89
28631,5702.33
28632,6029.7
28633,5500.94
28634,5000.8
28635,5000.37
28636,4800.86
28637,4733.0
28638,4930.63
28639,4600.41
28640,4187.0
28641,4000.5
28642,4000.7
28643,3998.16
28644,3685.69
28645,3776.52
28646,3840.66
28647,3693.97
28648,3740.51
28649,3685.08
28650,3710.1
28651,3659.68
28652,3623.85
28653,3623.44
28654,3623.22
28655,3605.02
28656,3580.11
28657,3566.1
28658,3500.74
28659,3450.29
28660,3349.96
28661,3200.36
28662,3040.33
28663,3316.03
28664,3349.63
28665,3426.89
28666,3566.11
28667,3605.96
28668,3623.29
28669,3623.53
28670,3693.98
28671,3869.25
28672,4187.47
28673,4187.53
28674,5000.88
28675,6999.09
28676,10000.0
28677,10000.0
28678,10000.0
28679,10000.0
28680,10000.0
28681,10000.0
28682,10000.0
28683,10000.0
28684,10000.0
28685,10000.0
28686,10000.0
28687,7999.46
28688,5529.27
28689,4732.9
28690,4900.39
28691,4732.14
28692,4688.68
28693,4688.93
28694,4688.59
28695,4600.1
28696,4588.9
28697,3998.64
28698,4688.3
28699,4688.77
28700,5000.24
28701,5000.19
28702,5000.53
28703,5000.89
28704,5376.88
28705,5029.24
28706,5000.8
28707,5000.29
28708,4780.76
28709,4618.66
28710,4618.21
28711,4428.07
28712,4222.18
28713,4000.47
28714,4023.15
28715,4023.16
28716,3998.79
28717,3998.56
28718,3900.59
28719,3900.42
28720,3998.21
28721,3649.48
28722,3998.36
28723,4100.42
28724,4222.03
28725,4023.17
28726,4618.52
28727,5000.79
28728,5702.09
28729,5000.2
28730,4688.75
28731,4732.37
28732,4500.37
28733,4429.98
28734,4688.25
28735,4688.01
28736,4187.52
28737,4000.31
28738,3913.28
28739,3693.6
28740,3659.87
28741,3776.11
28742,3889.79
28743,3998.29
28744,3776.95
28745,3659.6
28746,3659.5
28747,3659.19
28748,3623.78
28749,3623.99
28750,3623.61
28751,3623.19
28752,3566.63
28753,3349.72
28754,3349.11
28755,2948.8
28756,2938.36
28757,2876.28
28758,2876.07
28759,2876.61
28760,2900.65
28761,3000.23
28762,3349.43
28763,3585.28
28764,3605.47
28765,3566.97
28766,3623.39
28767,3659.61
28768,4023.3
28769,4191.57
28770,4400.12
28771,5429.61
28772,8500.1
28773,10000.0
28774,10000.0
28775,10000.0
28776,10000.0
28777,10000.0
28778,10000.0
28779,10000.0
28780,10000.0
28781,10000.0
28782,9498.65
28783,5529.63
28784,5140.63
28785,4771.52
28786,4863.44
28787,4850.5
28788,4854.16
28789,4688.97
28790,4800.98
28791,4832.88
28792,4871.73
28793,4498.55
28794,4688.42
28795,4796.37
28796,5000.06
28797,4829.69
28798,4894.08
28799,5000.0
28800,4976.25
28801,4759.37
28802,4688.78
28803,4688.23
28804,4618.24
28805,4400.88
28806,4222.26
28807,4000.21
28808,3998.47
28809,3998.3
28810,3998.75
28811,3998.56
28812,3969.6
28813,3969.15
28814,3821.24
28815,3500.71
28816,3500.52
28817,3500.85
28818,3649.6
28819,3900.12
28820,4000.31
28821,4429.98
28822,5000.0
28823,5531.94
28824,6000.78
28825,5389.78
28826,5389.11
28827,5389.42
28828,5000.55
28829,5000.41
28830,5429.13
28831,5718.21
28832,5000.17
28833,4100.02
28834,4100.85
28835,4050.5
28836,4000.46
28837,3888.01
28838,4100.07
28839,4100.7
28840,4100.23
28841,3998.96
28842,4000.19
28843,3990.85
28844,3888.71
28845,3649.26
28846,3623.58
28847,3623.33
28848,3566.81
28849,3500.12
28850,3349.81
28851,3250.41
28852,2948.64
28853,2876.82
28854,2876.78
28855,2938.52
28856,2948.09
28857,3210.43
28858,3426.33
28859,3605.89
28860,3623.94
28861,3969.89
28862,4000.56
28863,4090.52
28864,4598.23
28865,5000.02
28866,5029.91
28867,5429.07
28868,8000.85
28869,10000.0
28870,10000.0
28871,10000.0
28872,10000.0
28873,10000.0
28874,10000.0
28875,10000.0
28876,10000.0
28877,10000.0
28878,5786.24
28879,5429.58
28880,5158.67
28881,4700.23
28882,4868.23
28883,4750.94
28884,4700.89
28885,4618.48
28886,4598.12
28887,4429.71
28888,4350.66
28889,4023.5
28890,3998.93
28891,4120.17
28892,4120.91
28893,4120.7
28894,4222.69
28895,4222.85
28896,4023.27
28897,4222.06
28898,4023.48
28899,4222.33
28900,4278.03
28901,4023.54
28902,3998.97
28903,3998.48
28904,3969.94
28905,3969.81
28906,3969.83
28907,3969.59
28908,3969.24
28909,3889.5
28910,3869.31
28911,3900.12
28912,3869.06
28913,3869.83
28914,3869.17
28915,3690.94
28916,3869.95
28917,3998.41
28918,4387.25
28919,4782.66
28920,4976.15
28921,4538.8
28922,4090.01
28923,4350.58
28924,4056.53
28925,4001.58
28926,4200.32
28927,4241.5
28928,4001.11
28929,3693.31
28930,3700.96
28931,3800.42
28932,3693.91
28933,3649.38
28934,3659.97
28935,3692.81
28936,3659.87
28937,3623.4
28938,3623.64
28939,3604.79
28940,3565.76
28941,3370.04
28942,3299.03
28943,3000.04
28944,2948.85
28945,2948.39
28946,2948.2
28947,2900.64
28948,2700.0
28949,2519.43
28950,2519.19
28951,2519.26
28952,2519.57
28953,2519.5
28954,2840.51
28955,2948.67
28956,3000.92
28957,3349.78
28958,3349.96
28959,3425.52
28960,3499.51
28961,3623.0
28962,3659.89
28963,3969.28
28964,4688.2
28965,5000.38
28966,5000.5
28967,5029.85
28968,5039.72
28969,5900.61
28970,5900.69
28971,5900.95
28972,5389.12
28973,5000.03
28974,4688.7
28975,4000.27
28976,3499.33
28977,3499.67
28978,3800.96
28979,3969.83
28980,4000.43
28981,3998.82
28982,4000.22
28983,4000.1
28984,4000.71
28985,3998.17
28986,3998.09
28987,4001.85
28988,4000.01
28989,3998.57
28990,3998.09
28991,3969.92
28992,3969.96
28993,4050.84
28994,4023.96
28995,4023.9
28996,4023.51
28997,3998.29
28998,3969.45
28999,3969.53
29000,3909.6
29001,3685.19
29002,3738.91
29003,3659.57
29004,3501.87
29005,3500.99
29006,3501.2
29007,3500.09
29008,3501.52
29009,3549.25
29010,3659.0
29011,3501.83
29012,3501.55
29013,3998.78
29014,3998.76
29015,4588.83
29016,4688.35
29017,4350.31
29018,4001.22
29019,4001.58
29020,4110.1
29021,4001.27
29022,4191.14
29023,4241.14
29024,3998.66
29025,3685.77
29026,4001.35
29027,4187.22
29028,4023.45
29029,4012.12
29030,4191.16
29031,4089.62
29032,4001.96
29033,3840.67
29034,3800.19
29035,3693.75
29036,3659.65
29037,3623.84
29038,3623.82
29039,3623.31
29040,3604.95
29041,3565.52
29042,3530.83
29043,3425.96
29044,3400.31
29045,3000.78
29046,3000.22
29047,3307.03
29048,3328.14
29049,3499.17
29050,3565.66
29051,3630.71
29052,3630.47
29053,3760.63
29054,3890.73
29055,4000.87
29056,4023.38
29057,4240.14
29058,5000.54
29059,5969.64
29060,10000.0
29061,10000.0
29062,10000.0
29063,10000.0
29064,10000.0
29065,10000.0
29066,10000.0
29067,10000.0
29068,10000.0
29069,7500.49
29070,5409.78
29071,4750.18
29072,4220.0
29073,4020.76
29074,4023.26
29075,4220.66
29076,4220.98
29077,4240.89
29078,4278.44
29079,4023.74
29080,4050.67
29081,4000.62
29082,4020.83
29083,4023.45
29084,4023.26
29085,4001.16
29086,4001.27
29087,4000.96
29088,3998.7
29089,4598.53
29090,4500.28
29091,4400.51
29092,4241.18
29093,4000.06
29094,3998.36
29095,3998.26
29096,3869.18
29097,3889.58
29098,3998.19
29099,3998.45
29100,3998.65
29101,3998.2
29102,3900.12
29103,3869.67
29104,3998.5
29105,3896.07
29106,3998.34
29107,3998.57
29108,4241.83
29109,4387.65
29110,4688.29
29111,5000.72
29112,5369.23
29113,5400.27
29114,5076.8
29115,5029.77
29116,4999.67
29117,4700.17
29118,4999.61
29119,5000.24
29120,4598.67
29121,4500.4
29122,4023.81
29123,4191.9
29124,4090.6
29125,4100.47
29126,4100.44
29127,4322.88
29128,4100.72
29129,3659.68
29130,3659.77
29131,3623.67
29132,3623.15
29133,3601.0
29134,3600.7
29135,3600.82
29136,3600.58
29137,3426.53
29138,3350.9
29139,3328.81
29140,3024.56
29141,3000.24
29142,2999.07
29143,3000.12
29144,3000.61
29145,3024.47
29146,3349.03
29147,3566.05
29148,3566.7
29149,3623.89
29150,3659.89
29151,3998.72
29152,4090.37
29153,4650.59
29154,5096.79
29155,6720.85
29156,10000.0
29157,10000.0
29158,10000.0
29159,10000.0
29160,10000.0
29161,10000.0
29162,10000.0
29163,10000.0
29164,10000.0
29165,10000.0
29166,10000.0
29167,5529.07
29168,4453.31
29169,3973.73
29170,3998.84
29171,4000.56
29172,4023.51
29173,4023.14
29174,4023.11
29175,4100.25
29176,4241.41
29177,3998.45
29178,4023.89
29179,4241.76
29180,4023.29
29181,4000.61
29182,4023.07
29183,4023.35
29184,4023.43
1,2890.56
2,2771.61
3,2750.58
4,2543.42
5,2543.25
6,2543.16
7,2450.0
8,2449.45
9,2449.57
10,2449.34
11,2419.99
12,2419.16
13,2360.82
14,2449.27
15,2449.02
16,2449.3
17,2360.9
18,2540.95
19,2595.41
20,2768.75
21,2939.0
22,3428.4
23,3726.43
24,3814.93
25,4270.7
26,4680.35
27,6000.42
28,6509.36
29,5500.69
30,6500.2
31,7680.51
32,8400.38
33,8392.51
34,8400.14
35,8400.52
36,8400.72
37,8400.07
38,8400.68
39,8400.91
40,8400.94
41,8400.48
42,8400.32
43,7680.74
44,6999.07
45,7000.54
46,7000.69
47,6999.55
48,6998.36
49,4998.84
50,4099.03
51,4000.52
52,3947.29
53,3756.22
54,3735.3
55,3708.12
56,3726.3
57,3726.02
58,3708.28
59,3726.35
60,3708.87
61,4000.1
62,4000.34
63,4099.32
64,4342.96
65,4718.85
66,5800.4
67,5890.86
68,6000.02
69,5998.29
70,4829.89
71,4829.94
72,5740.33
73,6000.96
74,7680.24
75,6394.22
76,7680.65
77,8400.55
78,8400.26
79,8000.25
80,6608.52
81,5998.41
82,5500.92
83,6000.07
84,5499.87
85,4718.45
86,4499.84
87,4270.88
88,3814.83
89,3624.33
90,3450.77
91,3307.86
92,3030.76
93,2918.76
94,2891.35
95,2768.61
96,2768.15
2977,2543.58
2978,2449.57
2979,2360.1
2980,2138.69
2981,2115.69
2982,2107.04
2983,2083.99
2984,2083.25
2985,2000.13
2986,1999.8
2987,1999.74
2988,1999.68
2989,1999.9
2990,2030.16
2991,2083.27
2992,2107.29
2993,2103.67
2994,2138.31
2995,2151.8
2996,2543.33
2997,2891.38
2998,3000.38
2999,3510.2
3000,3735.25
3001,4050.87
3002,4499.84
3003,5800.64
3004,6300.28
3005,5000.39
3006,6099.3
3007,7500.5
3008,8000.53
3009,10000.58
3010,12000.0
3011,12000.0
3012,12000.0
3013,10020.07
3014,12000.0
3015,12000.0
3016,12000.0
3017,12000.0
3018,12000.0
3019,12000.0
3020,10000.95
3021,8863.44
3022,9000.02
3023,7699.92
3024,8863.41
3025,7500.89
3026,6420.73
3027,5026.26
3028,4680.95
3029,4680.58
3030,4608.43
3031,4390.18
3032,4400.9
3033,4546.65
3034,4608.85
3035,4829.5
3036,4889.12
3037,5959.3
3038,6000.0
3039,6000.02
3040,6000.0
3041,6999.17
3042,6970.7
3043,8000.09
3044,8000.35
3045,8000.24
3046,8000.53
3047,7509.58
3048,8000.54
3049,8000.66
3050,10000.16
3051,12000.0
3052,12000.0
3053,12000.0
3054,8863.72
3055,8000.84
3056,8000.47
3057,6700.85
3058,6099.06
3059,5100.43
3060,5050.46
3061,4999.77
3062,4514.0
3063,4336.37
3064,3947.14
3065,3735.05
3066,3475.9
3067,3428.32
3068,3225.55
3069,2938.66
3070,2918.37
3071,2891.13
3072,2879.62
5665,2768.6
5666,2768.06
5667,2700.54
5668,2543.6
5669,2543.33
5670,2500.83
5671,2449.23
5672,2360.23
5673,2151.46
5674,2151.01
5675,2138.9
5676,2138.73
5677,2138.86
5678,2138.95
5679,2151.53
5680,2151.82
5681,2350.61
5682,2449.51
5683,2612.3
5684,2768.68
5685,2938.71
5686,3225.43
5687,3624.61
5688,3814.12
5689,4270.05
5690,4718.6
5691,5100.49
5692,7270.52
5693,7500.45
5694,7680.31
5695,8500.37
5696,8863.98
5697,8000.6
5698,8863.05
5699,8500.58
5700,8000.92
5701,8000.59
5702,8500.7
5703,10070.21
5704,8500.73
5705,7680.13
5706,7680.83
5707,7680.98
5708,6999.92
5709,7387.49
5710,8000.57
5711,8000.43
5712,8000.83
5713,7387.14
5714,5762.85
5715,5000.43
5716,5026.97
5717,4999.39
5718,4914.93
5719,4998.82
5720,4999.02
5721,5400.03
5722,5600.07
5723,5700.29
5724,5482.72
5725,6000.27
5726,6000.16
5727,6000.69
5728,6000.03
5729,6000.23
5730,5998.95
5731,6500.97
5732,7680.65
5733,7509.44
5734,7680.04
5735,6099.49
5736,7509.65
5737,7509.3
5738,8000.28
5739,8000.76
5740,7680.9
5741,8000.41
5742,8000.33
5743,7680.1
5744,6099.57
5745,5499.88
5746,5050.36
5747,5499.06
5748,5350.59
5749,5000.75
5750,4999.02
5751,4608.95
5752,4099.42
5753,3662.65
5754,3450.51
5755,3290.48
5756,3220.44
5757,2938.42
5758,2910.49
5759,2879.5
5760,2804.84
8641,2891.75
8642,2879.26
8643,2840.32
8644,2768.81
8645,2768.47
8646,2768.03
8647,2700.24
8648,2590.53
8649,2543.57
8650,2543.32
8651,2540.89
8652,2543.0
8653,2500.37
8654,2543.2
8655,2543.28
8656,2543.18
8657,2590.3
8658,2650.24
8659,2768.45
8660,2840.91
8661,3218.08
8662,3300.09
8663,3662.09
8664,4078.89
8665,4552.89
8666,5300.16
8667,5600.7
8668,8000.48
8669,10000.41
8670,9904.31
8671,10000.77
8672,11425.8
8673,10000.31
8674,8863.45
8675,8500.92
8676,10000.63
8677,8500.31
8678,10020.4
8679,11170.72
8680,10020.24
8681,10000.66
8682,10020.76
8683,11799.9
8684,10020.61
8685,8500.11
8686,6999.17
8687,7150.47
8688,6200.49
8689,6200.75
8690,5500.25
8691,5600.35
8692,5600.04
8693,4999.46
8694,4750.33
8695,4608.98
8696,4150.24
8697,4270.78
8698,4680.26
8699,4999.78
8700,5026.69
8701,4999.47
8702,6000.15
8703,6000.45
8704,6000.35
8705,6200.56
8706,7679.03
8707,8500.76
8708,10749.31
8709,10616.98
8710,10724.12
8711,10169.08
8712,12000.0
8713,12000.0
8714,12000.0
8715,7679.02
8716,6500.45
8717,8500.56
8718,8500.23
8719,7509.17
8720,6200.98
8721,6200.33
8722,6020.53
8723,6099.69
8724,5750.18
8725,4509.65
8726,4500.89
8727,4400.46
8728,4250.41
8729,3744.16
8730,3590.93
8731,3500.48
8732,3300.95
8733,3225.45
8734,3225.17
8735,3030.39
8736,3030.04
11521,2891.18
11522,2840.6
11523,2771.08
11524,2768.15
11525,2768.08
11526,2600.71
11527,2543.61
11528,2543.35
11529,2543.57
11530,2543.1
11531,2449.72
11532,2449.81
11533,2449.97
11534,2449.57
11535,2449.8
11536,2500.08
11537,2540.47
11538,2590.98
11539,2768.9
11540,2900.93
11541,3350.87
11542,3428.56
11543,3735.46
11544,4099.7
11545,4718.98
11546,5500.78
11547,8000.83
11548,10198.84
11549,12000.0
11550,12000.0
11551,12000.0
11552,12000.0
11553,12000.0
11554,12000.0
11555,12000.0
11556,12000.0
11557,12000.0
11558,12000.0
11559,12000.0
11560,12000.0
11561,12000.0
11562,12000.0
11563,12000.0
11564,11570.93
11565,9000.76
11566,9000.12
11567,8500.6
11568,8500.2
11569,7250.09
11570,6570.51
11571,6570.65
11572,5959.16
11573,5200.38
11574,5000.21
11575,4800.5
11576,4600.25
11577,4600.49
11578,5000.93
11579,5499.38
11580,5959.6
11581,6000.32
11582,6000.7
11583,6000.84
11584,6000.77
11585,7200.17
11586,8000.76
11587,11200.31
11588,12000.0
11589,12000.0
11590,12000.0
11591,12000.0
11592,12000.0
11593,12000.0
11594,12000.0
11595,12000.0
11596,12000.0
11597,12000.0
11598,12000.0
11599,10670.32
11600,9329.96
11601,7170.62
11602,6999.06
11603,6149.29
11604,6000.58
11605,4800.53
11606,4800.28
11607,4501.73
11608,4270.44
11609,3810.81
11610,3726.92
11611,3650.28
11612,3500.87
11613,3225.56
11614,3225.22
11615,3030.27
11616,3030.21
14497,2804.14
14498,2750.36
14499,2804.43
14500,2768.35
14501,2700.12
14502,2543.86
14503,2543.19
14504,2500.53
14505,2543.04
14506,2449.68
14507,2200.95
14508,2400.08
14509,2500.27
14510,2449.93
14511,2500.99
14512,2540.09
14513,2543.33
14514,2700.67
14515,2804.03
14516,2910.93
14517,3450.59
14518,3610.08
14519,3735.98
14520,4228.79
14521,4680.36
14522,6490.0
14523,12000.0
14524,12000.0
14525,12000.0
14526,12000.0
14527,12000.0
14528,12000.0
14529,12000.0
14530,12000.0
14531,12000.0
14532,12000.0
14533,12000.0
14534,12000.0
14535,12000.0
14536,12000.0
14537,12000.0
14538,12000.0
14539,12000.0
14540,12000.0
14541,9000.54
14542,9000.39
14543,9000.03
14544,9000.06
14545,8770.08
14546,8170.25
14547,7150.96
14548,6149.4
14549,5400.56
14550,5200.37
14551,5000.72
14552,4900.73
14553,4900.94
14554,5499.14
14555,5800.66
14556,6000.65
14557,6000.98
14558,6149.39
14559,6450.48
14560,7270.63
14561,8500.9
14562,10523.79
14563,12000.0
14564,12000.0
14565,12000.0
14566,12000.0
14567,12000.0
14568,12000.0
14569,12000.0
14570,12000.0
14571,12000.0
14572,12000.0
14573,12000.0
14574,12000.0
14575,12000.0
14576,12000.0
14577,8570.35
14578,8570.25
14579,7570.42
14580,6500.8
14581,5228.63
14582,5100.68
14583,4608.54
14584,4500.29
14585,3950.64
14586,3814.98
14587,3726.98
14588,3500.77
14589,3225.02
14590,3030.84
14591,3000.29
14592,2999.72
17377,2771.02
17378,2768.15
17379,2768.27
17380,2720.09
17381,2580.63
17382,2543.54
17383,2543.09
17384,2449.6
17385,2500.41
17386,2302.94
17387,2151.94
17388,2250.18
17389,2419.12
17390,2300.89
17391,2390.76
17392,2449.01
17393,2449.52
17394,2543.99
17395,2768.7
17396,2891.37
17397,3370.09
17398,3625.0
17399,3947.52
17400,4285.03
17401,5200.13
17402,7770.02
17403,12000.0
17404,12000.0
17405,12000.0
17406,12000.0
17407,12000.0
17408,12000.0
17409,12000.0
17410,12000.0
17411,12000.0
17412,12000.0
17413,12000.0
17414,12000.0
17415,12000.0
17416,12000.0
17417,12000.0
17418,12000.0
17419,12000.0
17420,12000.0
17421,12000.0
17422,12000.0
17423,12000.0
17424,10570.69
17425,10070.59
17426,9100.96
17427,8570.33
17428,7570.53
17429,6000.81
17430,6000.36
17431,6000.39
17432,6000.21
17433,6000.37
17434,6000.84
17435,6500.69
17436,6500.78
17437,7400.74
17438,8500.33
17439,8863.91
17440,10000.27
17441,12000.0
17442,12000.0
17443,12000.0
17444,12000.0
17445,12000.0
17446,12000.0
17447,12000.0
17448,12000.0
17449,12000.0
17450,12000.0
17451,12000.0
17452,12000.0
17453,12000.0
17454,12000.0
17455,12000.0
17456,12000.0
17457,11371.69
17458,10070.51
17459,8863.73
17460,7570.2
17461,5700.86
17462,5700.61
17463,5200.28
17464,4680.03
17465,4345.49
17466,3971.14
17467,3814.16
17468,3718.21
17469,3225.72
17470,3150.03
17471,2920.86
17472,2700.62
20353,2851.35
20354,2840.63
20355,2820.58
20356,2771.06
20357,2768.63
20358,2768.53
20359,2768.2
20360,2700.52
20361,2590.07
20362,2543.77
20363,2543.48
20364,2543.3
20365,2543.36
20366,2543.12
20367,2540.43
20368,2543.64
20369,2600.49
20370,2768.06
20371,2768.98
20372,2840.52
20373,3024.29
20374,3286.81
20375,3662.86
20376,3814.02
20377,4200.61
20378,4546.0
20379,5000.91
20380,6100.37
20381,5240.92
20382,6149.16
20383,7000.17
20384,9998.63
20385,8863.31
20386,10300.59
20387,12000.0
20388,12000.0
20389,12000.0
20390,12000.0
20391,12000.0
20392,12000.0
20393,12000.0
20394,12000.0
20395,12000.0
20396,11946.74
20397,9000.66
20398,7789.26
20399,6149.12
20400,6100.87
20401,6999.74
20402,6100.48
20403,4995.94
20404,4998.07
20405,4390.88
20406,4394.31
20407,4514.52
20408,4280.75
20409,4244.1
20410,4280.35
20411,4680.84
20412,4998.87
20413,6100.52
20414,6149.09
20415,8200.95
20416,8519.25
20417,6100.24
20418,6100.49
20419,6100.89
20420,9821.67
20421,6100.8
20422,6100.51
20423,6100.31
20424,6100.46
20425,6100.28
20426,6100.39
20427,6100.54
20428,6100.56
20429,10802.99
20430,11732.54
20431,10486.25
20432,8500.47
20433,6101.0
20434,6100.97
20435,6100.83
20436,6100.58
20437,6100.0
20438,5600.45
20439,4500.71
20440,4300.17
20441,3814.4
20442,3814.3
20443,3810.39
20444,3390.01
20445,3090.69
20446,3030.49
20447,2910.55
20448,2910.05
23329,2891.77
23330,2850.48
23331,2850.26
23332,2804.41
23333,2768.32
23334,2768.05
23335,2700.1
23336,2543.96
23337,2543.64
23338,2543.31
23339,2540.25
23340,2449.98
23341,2450.43
23342,2500.35
23343,2449.87
23344,2540.07
23345,2543.64
23346,2750.77
23347,2768.48
23348,2840.28
23349,3000.85
23350,3428.38
23351,3735.89
23352,3999.88
23353,4270.01
23354,5450.17
23355,8231.01
23356,8300.6
23357,10300.33
23358,11810.82
23359,12000.0
23360,12000.0
23361,12000.0
23362,12000.0
23363,12000.0
23364,12000.0
23365,12000.0
23366,12000.0
23367,12000.0
23368,12000.0
23369,12000.0
23370,12000.0
23371,12000.0
23372,12000.0
23373,11878.99
23374,9000.82
23375,8863.94
23376,8863.46
23377,8500.55
23378,8300.76
23379,8499.93
23380,8300.19
23381,5529.57
23382,5529.09
23383,5529.26
23384,5529.01
23385,5529.05
23386,5968.06
23387,5968.72
23388,6149.12
23389,8300.47
23390,8863.67
23391,9700.25
23392,10700.48
23393,8991.16
23394,8863.25
23395,11914.39
23396,12000.0
23397,12000.0
23398,12000.0
23399,12000.0
23400,12000.0
23401,12000.0
23402,12000.0
23403,12000.0
23404,12000.0
23405,12000.0
23406,12000.0
23407,12000.0
23408,12000.0
23409,12000.0
23410,12000.0
23411,11578.38
23412,8520.28
23413,6300.87
23414,6300.73
23415,5800.22
23416,5300.12
23417,5000.01
23418,4600.4
23419,4499.59
23420,4160.73
23421,3800.01
23422,3700.13
23423,3305.99
23424,3300.19
26209,3150.97
26210,3150.58
26211,3150.54
26212,3150.15
26213,3000.49
26214,2938.49
26215,2910.45
26216,2900.76
26217,2894.04
26218,2891.41
26219,2891.45
26220,2891.4
26221,2891.57
26222,2891.25
26223,2891.12
26224,2891.19
26225,2900.42
26226,2900.86
26227,3000.72
26228,3100.63
26229,3756.01
26230,3999.09
26231,4313.92
26232,4750.21
26233,5200.54
26234,6500.05
26235,9150.41
26236,12000.0
26237,12000.0
26238,12000.0
26239,12000.0
26240,12000.0
26241,12000.0
26242,12000.0
26243,12000.0
26244,12000.0
26245,12000.0
26246,12000.0
26247,12000.0
26248,12000.0
26249,12000.0
26250,12000.0
26251,12000.0
26252,12000.0
26253,12000.0
26254,10270.89
26255,10270.89
26256,10270.79
26257,9770.5
26258,9100.87
26259,9100.57
26260,9060.14
26261,6499.25
26262,6219.88
26263,6200.81
26264,6200.26
26265,6190.72
26266,6513.15
26267,6600.21
26268,7000.57
26269,8500.26
26270,8863.2
26271,10300.29
26272,11570.9
26273,12000.0
26274,12000.0
26275,12000.0
26276,12000.0
26277,12000.0
26278,12000.0
26279,12000.0
26280,12000.0
26281,12000.0
26282,12000.0
26283,12000.0
26284,12000.0
26285,12000.0
26286,12000.0
26287,12000.0
26288,12000.0
26289,12000.0
26290,12000.0
26291,12000.0
26292,12000.0
26293,7570.19
26294,7400.79
26295,7270.18
26296,6270.1
26297,5600.39
26298,5200.51
26299,5200.23
26300,4673.18
26301,4159.28
26302,3814.24
26303,3726.9
26304,3726.93
29185,4120.13
29186,3726.48
29187,3624.15
29188,3475.85
29189,3225.38
29190,3200.58
29191,3200.16
29192,3120.9
29193,3075.23
29194,3000.47
29195,3000.04
29196,2938.12
29197,2900.59
29198,2891.85
29199,2891.64
29200,2891.77
29201,2900.88
29202,2980.37
29203,3120.61
29204,3261.96
29205,3949.75
29206,4546.48
29207,5720.25
29208,6576.29
29209,8300.84
29210,12000.0
29211,12000.0
29212,12000.0
29213,12000.0
29214,12000.0
29215,12000.0
29216,12000.0
29217,12000.0
29218,12000.0
29219,12000.0
29220,12000.0
29221,12000.0
29222,12000.0
29223,12000.0
29224,12000.0
29225,12000.0
29226,12000.0
29227,12000.0
29228,12000.0
29229,12000.0
29230,12000.0
29231,12000.0
29232,11570.72
29233,11170.99
29234,10570.23
29235,10570.05
29236,10200.63
29237,7600.61
29238,7300.74
29239,7300.57
29240,7300.45
29241,7300.3
29242,7600.23
29243,7600.21
29244,8100.12
29245,9500.02
29246,9870.72
29247,11500.79
29248,12000.0
29249,12000.0
29250,12000.0
29251,12000.0
29252,12000.0
29253,12000.0
29254,12000.0
29255,12000.0
29256,12000.0
29257,12000.0
29258,12000.0
29259,12000.0
29260,12000.0
29261,12000.0
29262,12000.0
29263,12000.0
29264,12000.0
29265,12000.0
29266,12000.0
29267,12000.0
29268,12000.0
29269,10200.67
29270,9501.0
29271,9500.65
29272,8387.28
29273,6600.73
29274,6370.25
29275,6370.05
29276,5800.36
29277,5270.02
29278,4485.38
29279,3949.21
29280,3814.89
32065,3550.99
32066,3428.54
32067,3340.19
32068,3225.72
32069,3088.5
32070,3001.38
32071,2938.65
32072,2891.42
32073,2881.18
32074,2850.97
32075,2850.95
32076,2850.55
32077,2840.98
32078,2840.08
32079,2840.84
32080,2850.53
32081,2881.0
32082,2891.76
32083,3001.89
32084,3225.8
32085,3900.76
32086,4200.83
32087,4613.08
32088,4968.61
32089,7600.35
32090,9000.97
32091,12000.0
32092,12000.0
32093,12000.0
32094,12000.0
32095,12000.0
32096,12000.0
32097,12000.0
32098,12000.0
32099,12000.0
32100,12000.0
32101,12000.0
32102,12000.0
32103,12000.0
32104,12000.0
32105,12000.0
32106,12000.0
32107,12000.0
32108,12000.0
32109,12000.0
32110,12000.0
32111,12000.0
32112,12000.0
32113,12000.0
32114,11270.19
32115,9060.73
32116,9060.02
32117,7150.5
32118,7150.61
32119,7770.22
32120,7600.68
32121,6190.42
32122,5499.3
32123,5500.12
32124,5499.73
32125,6149.13
32126,7600.7
32127,9000.47
32128,11418.94
32129,12000.0
32130,12000.0
32131,12000.0
32132,12000.0
32133,12000.0
32134,12000.0
32135,12000.0
32136,12000.0
32137,12000.0
32138,12000.0
32139,12000.0
32140,12000.0
32141,12000.0
32142,12000.0
32143,12000.0
32144,12000.0
32145,12000.0
32146,12000.0
32147,12000.0
32148,12000.0
32149,11300.43
32150,10900.58
32151,10900.76
32152,9400.56
32153,7570.59
32154,6400.83
32155,4808.63
32156,4546.15
32157,4118.14
32158,3814.94
32159,3680.29
32160,3680.34
1153,3391.47
1154,3225.75
1155,3200.77
1156,3025.97
1157,2938.12
1158,2891.75
1159,2881.06
1160,2820.87
1161,2768.96
1162,2768.55
1163,2768.36
1164,2768.23
1165,2768.15
1166,2768.17
1167,2768.42
1168,2768.67
1169,2768.97
1170,2850.71
1171,2948.6
1172,3150.38
1173,3660.86
1174,3949.25
1175,4287.17
1176,4769.17
1177,7400.04
1178,7400.69
1179,7400.84
1180,12000.0
1181,12000.0
1182,12000.0
1183,12000.0
1184,12000.0
1185,12000.0
1186,12000.0
1187,12000.0
1188,12000.0
1189,12000.0
1190,12000.0
1191,12000.0
1192,12000.0
1193,12000.0
1194,12000.0
1195,12000.0
1196,12000.0
1197,12000.0
1198,12000.0
1199,12000.0
1200,12000.0
1201,12000.0
1202,11500.97
1203,10070.21
1204,10000.42
1205,8270.53
1206,8270.06
1207,8100.55
1208,7600.16
1209,6000.37
1210,6219.04
1211,6570.86
1212,6600.33
1213,8200.14
1214,10000.0
1215,10000.8
1216,10835.2
1217,12000.0
1218,12000.0
1219,12000.0
1220,12000.0
1221,12000.0
1222,12000.0
1223,12000.0
1224,12000.0
1225,12000.0
1226,12000.0
1227,12000.0
1228,12000.0
1229,12000.0
1230,12000.0
1231,12000.0
1232,12000.0
1233,12000.0
1234,12000.0
1235,12000.0
1236,12000.0
1237,12000.0
1238,12000.0
1239,12000.0
1240,9970.99
1241,8100.13
1242,7400.13
1243,6600.15
1244,4978.21
1245,4225.03
1246,4000.98
1247,3756.46
1248,3735.2
1249,3638.15
1250,3614.3
1251,3614.23
1252,3491.03
1253,3120.69
1254,3100.97
1255,3058.88
1256,3058.35
1257,3025.38
1258,3000.37
1259,2988.2
1260,2938.36
1261,2938.17
1262,2910.96
1263,2910.25
1264,2891.89
1265,2938.22
1266,3000.14
1267,3038.96
1268,3428.85
1269,3949.82
1270,4500.88
1271,4978.53
1272,6000.16
1273,6450.32
1274,8570.42
1275,12000.0
1276,12000.0
1277,12000.0
1278,12000.0
1279,12000.0
1280,12000.0
1281,12000.0
1282,12000.0
1283,12000.0
1284,12000.0
1285,12000.0
1286,12000.0
1287,12000.0
1288,12000.0
1289,12000.0
1290,12000.0
1291,12000.0
1292,12000.0
1293,12000.0
1294,12000.0
1295,12000.0
1296,12000.0
1297,12000.0
1298,9060.34
1299,10000.21
1300,9000.17
1301,6999.34
1302,4808.68
1303,5118.56
1304,4800.1
1305,4500.63
1306,4800.35
1307,4302.41
1308,5450.81
1309,5500.01
1310,5950.5
1311,6999.2
1312,6219.57
1313,5500.98
1314,6149.84
1315,10000.39
1316,12000.0
1317,12000.0
1318,12000.0
1319,12000.0
1320,12000.0
1321,12000.0
1322,12000.0
1323,12000.0
1324,12000.0
1325,12000.0
1326,12000.0
1327,12000.0
1328,12000.0
1329,11998.44
1330,11998.72
1331,12000.0
1332,11998.35
1333,8600.2
1334,8600.5
1335,6999.24
1336,4700.85
1337,4162.23
1338,4210.04
1339,4210.23
1340,3999.55
1341,3520.55
1342,3587.2
1343,3500.77
1344,3491.17
1345,3181.67
1346,3120.75
1347,3099.54
1348,3058.19
1349,3000.58
1350,3000.61
1351,2938.47
1352,2938.16
1353,2910.29
1354,2881.39
1355,2860.15
1356,2840.64
1357,2840.34
1358,2840.59
1359,2840.93
1360,2881.22
1361,2910.89
1362,3000.36
1363,3075.76
1364,3335.6
1365,3756.29
1366,4219.34
1367,4366.55
1368,4331.06
1369,4418.44
1370,4638.9
1371,4800.46
1372,6513.66
1373,6513.98
1374,8499.95
1375,12000.0
1376,12000.0
1377,12000.0
1378,12000.0
1379,12000.0
1380,12000.0
1381,12000.0
1382,12000.0
1383,10020.6
1384,10387.51
1385,10300.53
1386,10000.91
1387,9998.13
1388,8863.5
1389,6149.32
1390,6219.47
1391,4750.51
1392,7000.07
1393,7000.42
1394,6149.03
1395,4499.3
1396,4000.94
1397,4000.49
1398,4000.37
1399,4000.38
1400,3950.18
1401,4000.11
1402,4000.21
1403,4200.22
1404,4808.19
1405,5000.93
1406,4808.79
1407,6513.06
1408,7000.35
1409,7150.31
1410,7150.63
1411,7000.91
1412,10013.83
1413,8863.01
1414,10958.3
1415,12000.0
1416,12000.0
1417,9998.57
1418,8499.03
1419,8009.36
1420,7150.71
1421,10292.46
1422,8009.78
1423,8492.98
1424,8009.26
1425,8009.17
1426,7969.86
1427,9936.53
1428,10387.25
1429,8930.35
1430,8930.26
1431,7969.11
1432,6500.77
1433,5600.01
1434,4946.46
1435,4687.18
1436,4575.26
1437,4287.31
1438,4128.44
1439,3810.71
1440,3735.08
1441,2910.58
1442,2850.23
1443,2830.96
1444,2830.38
1445,2800.65
1446,2800.99
1447,2698.6
1448,2640.63
1449,2631.64
1450,2631.33
1451,2631.13
1452,2631.04
1453,2450.36
1454,2600.29
1455,2600.2
1456,2631.09
1457,2640.14
1458,2640.43
1459,2830.05
1460,2910.5
1461,3310.36
1462,3510.97
1463,3851.18
1464,4126.62
1465,4411.07
1466,4546.7
1467,4800.79
1468,6000.38
1469,6500.88
1470,8378.21
1471,12000.0
1472,12000.0
1473,12000.0
1474,12000.0
1475,12000.0
1476,12000.0
1477,12000.0
1478,12000.0
1479,12000.0
1480,12000.0
1481,12000.0
1482,12000.0
1483,9000.36
1484,8570.35
1485,6000.62
1486,5499.32
1487,4999.59
1488,6000.93
1489,7140.25
1490,6180.41
1491,6000.43
1492,4999.72
1493,4285.07
1494,4265.73
1495,4315.11
1496,4159.56
1497,4220.83
1498,4340.85
1499,4425.14
1500,4302.79
1501,4414.52
1502,4350.89
1503,4500.97
1504,4839.09
1505,4999.32
1506,7689.89
1507,5499.61
1508,8009.06
1509,6394.39
1510,8100.58
1511,12000.0
1512,12000.0
1513,11063.82
1514,12000.0
1515,10936.41
1516,9884.73
1517,12000.0
1518,12000.0
1519,12000.0
1520,9401.46
1521,6520.2
1522,6250.78
1523,6149.03
1524,5900.35
1525,6000.97
1526,6000.52
1527,4999.01
1528,4664.78
1529,4432.62
1530,4335.03
1531,4215.97
1532,4000.46
1533,3680.79
1534,3614.07
1535,3457.66
1536,3250.24
1537,2988.73
1538,2958.41
1539,2910.71
1540,2874.56
1541,2830.73
1542,2830.54
1543,2822.63
1544,2822.22
1545,2771.63
1546,2698.9
1547,2650.33
1548,2631.85
1549,2631.72
1550,2631.84
1551,2631.87
1552,2650.89
1553,2822.04
1554,2823.0
1555,2830.86
1556,2910.19
1557,3350.46
1558,3500.28
1559,4159.96
1560,4419.17
1561,4881.45
1562,6000.26
1563,6000.27
1564,7140.07
1565,12000.0
1566,12000.0
1567,12000.0
1568,12000.0
1569,12000.0
1570,12000.0
1571,12000.0
1572,12000.0
1573,12000.0
1574,12000.0
1575,12000.0
1576,12000.0
1577,12000.0
1578,12000.0
1579,12000.0
1580,9998.45
1581,7600.32
1582,7500.03
1583,7500.58
1584,7600.15
1585,8020.34
1586,7220.16
1587,5999.32
1588,4529.35
1589,4325.15
1590,4250.9
1591,4281.52
1592,4243.13
1593,4243.54
1594,4150.69
1595,4243.14
1596,4057.83
1597,4100.57
1598,4188.8
1599,4344.09
1600,4546.0
1601,5000.79
1602,6149.79
1603,5800.93
1604,6149.13
1605,4800.26
1606,5999.96
1607,6394.28
1608,10000.53
1609,11999.36
1610,12000.0
1611,12000.0
1612,12000.0
1613,12000.0
1614,12000.0
1615,10127.59
1616,7600.73
1617,6347.5
1618,5873.52
1619,6000.36
1620,5999.8
1621,6149.08
1622,6000.52
1623,5677.49
1624,4800.52
1625,4394.25
1626,4243.12
1627,4000.93
1628,3637.73
1629,3457.52
1630,3380.69
1631,3230.84
1632,3181.02
1633,3000.54
1634,2958.28
1635,2910.79
1636,2910.29
1637,2830.94
1638,2830.7
1639,2822.76
1640,2822.36
1641,2780.37
1642,2780.26
1643,2772.0
1644,2762.19
1645,2740.82
1646,2740.86
1647,2780.29
1648,2822.12
1649,2830.17
1650,2840.34
1651,2958.04
1652,2984.91
1653,3250.33
1654,3457.39
1655,3719.04
1656,4243.09
1657,4414.47
1658,6000.35
1659,6500.24
1660,7886.0
1661,7140.69
1662,8570.07
1663,11199.42
1664,12000.0
1665,12000.0
1666,12000.0
1667,12000.0
1668,12000.0
1669,12000.0
1670,12000.0
1671,12000.0
1672,12000.0
1673,12000.0
1674,8863.87
1675,8570.02
1676,7649.36
1677,7140.15
1678,6500.8
1679,6500.48
1680,6500.81
1681,6500.92
1682,6149.86
1683,4750.95
1684,4414.71
1685,4412.87
1686,4412.9
1687,4412.63
1688,4250.45
1689,4280.29
1690,4280.51
1691,4252.9
1692,4125.13
1693,4280.89
1694,4546.04
1695,5250.1
1696,5999.11
1697,6500.05
1698,6500.04
1699,6149.97
1700,6000.39
1701,4546.18
1702,6149.3
1703,7570.65
1704,11008.74
1705,10445.31
1706,12000.0
1707,12000.0
1708,8100.81
1709,8499.13
1710,7886.02
1711,7600.42
1712,6149.57
1713,5869.71
1714,6149.69
1715,6394.5
1716,6394.03
1717,6149.48
1718,6394.88
1719,6270.03
1720,5320.78
1721,4412.9
1722,4394.46
1723,4259.24
1724,4129.43
1725,3625.64
1726,3595.18
1727,3316.96
1728,3250.56
1729,3058.01
1730,2984.68
1731,2958.37
1732,2874.89
1733,2822.89
1734,2822.67
1735,2822.41
1736,2822.11
1737,2720.65
1738,2720.67
1739,2700.1
1740,2698.98
1741,2720.07
1742,2720.51
1743,2720.57
1744,2720.93
1745,2822.89
1746,2830.83
1747,2948.03
1748,2984.09
1749,3136.91
1750,3350.14
1751,3614.2
1752,4159.14
1753,4411.9
1754,6500.09
1755,6500.88
1756,8090.72
1757,8090.79
1758,12000.0
1759,12000.0
1760,12000.0
1761,12000.0
1762,12000.0
1763,12000.0
1764,12000.0
1765,10671.34
1766,12000.0
1767,12000.0
1768,10259.13
1769,9000.28
1770,9000.3
1771,9000.4
1772,8270.92
1773,7770.11
1774,6500.9
1775,7070.55
1776,7070.25
1777,6500.58
1778,6500.01
1779,4547.0
1780,4347.4
1781,4243.38
1782,4247.51
1783,4212.08
1784,4205.38
1785,4243.59
1786,4243.3
1787,4288.22
1788,4243.61
1789,4411.98
1790,4503.78
1791,5052.92
1792,5500.25
1793,6149.47
1794,5950.98
1795,6500.05
1796,5999.86
1797,5999.3
1798,8000.98
1799,10000.21
1800,11570.2
1801,12000.0
1802,12000.0
1803,12000.0
1804,12000.0
1805,11499.07
1806,12000.0
1807,11565.34
1808,7886.92
1809,6500.61
1810,5999.52
1811,6500.64
1812,6500.58
1813,6500.33
1814,6500.52
1815,6500.33
1816,5999.42
1817,4530.99
1818,4414.93
1819,4371.76
1820,4243.54
1821,3680.69
1822,3595.29
1823,3350.43
1824,3181.44
1825,3099.47
1826,3058.56
1827,3058.54
1828,3012.04
1829,2958.67
1830,2958.1
1831,2900.27
1832,2840.36
1833,2830.35
1834,2830.13
1835,2830.04
1836,2822.89
1837,2822.88
1838,2830.2
1839,2830.33
1840,2830.65
1841,2900.57
1842,2958.6
1843,3050.94
1844,3080.99
1845,3350.63
1846,3510.58
1847,3625.96
1848,4100.8
1849,4412.82
1850,6778.49
1851,7600.96
1852,12000.0
1853,12000.0
1854,12000.0
1855,12000.0
1856,12000.0
1857,12000.0
1858,12000.0
1859,12000.0
1860,12000.0
1861,12000.0
1862,12000.0
1863,12000.0
1864,12000.0
1865,11199.04
1866,10570.8
1867,10570.4
1868,9570.33
1869,8500.47
1870,7570.19
1871,7500.7
1872,7600.23
1873,7000.97
1874,7000.46
1875,5118.86
1876,5000.46
1877,4700.15
1878,4546.09
1879,4400.03
1880,4280.45
1881,4333.12
1882,4503.2
1883,4546.33
1884,4662.72
1885,4978.11
1886,5000.02
1887,5500.82
1888,6600.19
1889,6600.14
1890,6500.97
1891,8000.98
1892,9999.13
1893,10010.13
1894,11824.86
1895,12000.0
1896,12000.0
1897,12000.0
1898,12000.0
1899,12000.0
1900,12000.0
1901,12000.0
1902,12000.0
1903,12000.0
1904,12000.0
1905,9000.94
1906,8499.38
1907,8863.95
1908,7570.4
1909,7000.12
1910,7000.13
1911,6520.53
1912,5677.74
1913,4800.29
1914,4546.16
1915,4394.22
1916,4243.18
1917,3625.88
1918,3595.27
1919,3350.96
1920,3250.76
1921,3058.57
1922,3000.58
1923,2990.51
1924,2958.45
1925,2874.1
1926,2840.83
1927,2830.79
1928,2830.51
1929,2822.9
1930,2822.6
1931,2822.31
1932,2821.77
1933,2762.69
1934,2771.01
1935,2821.55
1936,2822.12
1937,2830.17
1938,2840.83
1939,2948.18
1940,3000.53
1941,3250.21
1942,3400.71
1943,3614.29
1944,3914.39
1945,4243.63
1946,4533.69
1947,7886.92
1948,12000.0
1949,12000.0
1950,12000.0
1951,12000.0
1952,12000.0
1953,12000.0
1954,12000.0
1955,12000.0
1956,12000.0
1957,12000.0
1958,12000.0
1959,12000.0
1960,12000.0
1961,12000.0
1962,11200.52
1963,11199.45
1964,10200.23
1965,8500.7
1966,8170.45
1967,8170.3
1968,8170.24
1969,7600.22
1970,5999.11
1971,4419.39
1972,4318.11
1973,4280.18
1974,4280.95
1975,4243.75
1976,4252.25
1977,4402.19
1978,4412.57
1979,4412.64
1980,4419.16
1981,4546.33
1982,4808.19
1983,5999.98
1984,6149.71
1985,7200.04
1986,7200.37
1987,9100.29
1988,10570.69
1989,9999.84
1990,12000.0
1991,12000.0
1992,12000.0
1993,12000.0
1994,12000.0
1995,12000.0
1996,12000.0
1997,12000.0
1998,12000.0
1999,12000.0
2000,12000.0
2001,10070.67
2002,8499.06
2003,7886.17
2004,6402.63
2005,6182.49
2006,6149.82
2007,6060.37
2008,5677.58
2009,4998.11
2010,4700.49
2011,4373.86
2012,4243.73
2013,3800.51
2014,3595.97
2015,3400.47
2016,3250.58
2017,2930.51
2018,2900.72
2019,2849.96
2020,2826.5
2021,2800.59
2022,2750.38
2023,2720.61
2024,2720.26
2025,2698.55
2026,2680.38
2027,2680.5
2028,2680.94
2029,2631.45
2030,2631.53
2031,2631.74
2032,2680.79
2033,2720.11
2034,2790.86
2035,2830.44
2036,2900.71
2037,3136.61
2038,3250.41
2039,3595.92
2040,4017.06
2041,4320.68
2042,4546.69
2043,4808.46
2044,6778.9
2045,5090.07
2046,6149.93
2047,7499.73
2048,7886.84
2049,6149.74
2050,7886.06
2051,8000.8
2052,8000.45
2053,8000.77
2054,8000.95
2055,8863.37
2056,8000.42
2057,7886.88
2058,6660.65
2059,5850.1
2060,4998.31
2061,4503.75
2062,4503.06
2063,4328.53
2064,4411.8
2065,4300.4
2066,4100.81
2067,4000.21
2068,3851.77
2069,3719.27
2070,3614.5
2071,3614.69
2072,3614.16
2073,3680.85
2074,3595.78
2075,3614.59
2076,3680.62
2077,3719.25
2078,3800.97
2079,4243.5
2080,4350.8
2081,4500.4
2082,4774.32
2083,4998.37
2084,4800.1
2085,4500.8
2086,4998.23
2087,5499.6
2088,7600.64
2089,5499.73
2090,5999.84
2091,6520.54
2092,6500.72
2093,6499.56
2094,7886.17
2095,6628.62
2096,5999.75
2097,5499.14
2098,5499.11
2099,5499.81
2100,5499.62
2101,5509.62
2102,5600.92
2103,4819.49
2104,4500.14
2105,4243.7
2106,4243.04
2107,3851.47
2108,3719.23
2109,3400.7
2110,3250.35
2111,3099.16
2112,3058.59
2113,2830.92
2114,2822.84
2115,2822.41
2116,2799.52
2117,2719.51
2118,2680.72
2119,2631.87
2120,2631.57
2121,2600.41
2122,2570.02
2123,2600.98
2124,2620.35
2125,2450.47
2126,2500.37
2127,2631.14
2128,2631.72
2129,2720.31
2130,2822.47
2131,2900.43
2132,3000.57
2133,3250.55
2134,3491.72
2135,3719.65
2136,4232.68
2137,4500.12
2138,5450.41
2139,7600.15
2140,9998.22
2141,9998.93
2142,12000.0
2143,12000.0
2144,12000.0
2145,12000.0
2146,12000.0
2147,12000.0
2148,12000.0
2149,12000.0
2150,12000.0
2151,12000.0
2152,12000.0
2153,12000.0
2154,12000.0
2155,8864.0
2156,8570.33
2157,7886.19
2158,6999.72
2159,5998.03
2160,5800.47
2161,5118.48
2162,4503.6
2163,4277.13
2164,4212.01
2165,3843.93
2166,3843.41
2167,3843.88
2168,3719.36
2169,3680.06
2170,3595.83
2171,3680.87
2172,3750.37
2173,3700.56
2174,3719.81
2175,4300.63
2176,4419.3
2177,4546.08
2178,4600.2
2179,4801.76
2180,5118.91
2181,5002.24
2182,4998.92
2183,5499.75
2184,8250.47
2185,11499.81
2186,12000.0
2187,12000.0
2188,12000.0
2189,12000.0
2190,12000.0
2191,12000.0
2192,8711.93
2193,7600.79
2194,5999.42
2195,6387.93
2196,6999.76
2197,5499.89
2198,4998.14
2199,4819.92
2200,4375.07
2201,4100.24
2202,4049.28
2203,3618.23
2204,3595.67
2205,3250.93
2206,3150.56
2207,3070.01
2208,3057.96
2209,2822.5
2210,2800.65
2211,2700.03
2212,2631.69
2213,2630.32
2214,2630.6
2215,2550.61
2216,2500.42
2217,2460.66
2218,2460.06
2219,2460.46
2220,2460.22
2221,2425.64
2222,2425.52
2223,2425.36
2224,2425.66
2225,2631.09
2226,2631.59
2227,2650.32
2228,2650.79
2229,2948.82
2230,2978.38
2231,3136.25
2232,3307.15
2233,3719.11
2234,4234.45
2235,4402.85
2236,5499.81
2237,5000.35
2238,5999.64
2239,5999.17
2240,6387.88
2241,4774.77
2242,6000.57
2243,7600.08
2244,7886.53
2245,8863.22
2246,9998.63
2247,11499.62
2248,10980.15
2249,8000.41
2250,7886.82
2251,6999.18
2252,4546.99
2253,4412.93
2254,4412.68
2255,4412.67
2256,4411.82
2257,4318.67
2258,4246.78
2259,4189.65
2260,3950.79
2261,3843.5
2262,3680.65
2263,3650.33
2264,3614.01
2265,3614.61
2266,3595.86
2267,3595.33
2268,3595.05
2269,3595.29
2270,3595.51
2271,3843.95
2272,4100.08
2273,4055.64
2274,4181.11
2275,4234.97
2276,4288.87
2277,4234.01
2278,4300.39
2279,5000.71
2280,6500.58
2281,8570.4
2282,11548.96
2283,12000.0
2284,12000.0
2285,12000.0
2286,12000.0
2287,12000.0
2288,8570.66
2289,6149.89
2290,5512.41
2291,5824.38
2292,5906.67
2293,4808.82
2294,4283.76
2295,4220.39
2296,4043.66
2297,3719.83
2298,3614.6
2299,3595.02
2300,3457.61
2301,3150.53
2302,3100.41
2303,3030.18
2304,2980.21
2305,2840.2
2306,2822.85
2307,2822.58
2308,2822.25
2309,2771.76
2310,2822.03
2311,2698.82
2312,2698.1
2313,2631.44
2314,2631.24
2315,2631.11
2316,2631.07
2317,2500.72
2318,2500.83
2319,2500.85
2320,2501.29
2321,2631.19
2322,2631.41
2323,2631.7
2324,2650.12
2325,2958.07
2326,3001.48
2327,3058.37
2328,3150.38
2329,3719.63
2330,4499.97
2331,5026.63
2332,5700.97
2333,5240.44
2334,5579.77
2335,7509.36
2336,8835.78
2337,6190.54
2338,6500.83
2339,8863.28
2340,8863.22
2341,7500.16
2342,8196.84
2343,12000.0
2344,8000.76
2345,6999.99
2346,6149.9
2347,6500.24
2348,5509.19
2349,4800.86
2350,4550.63
2351,4412.16
2352,4400.81
2353,4234.41
2354,4100.87
2355,4100.13
2356,3900.22
2357,3614.38
2358,3595.22
2359,3458.0
2360,3312.92
2361,3590.8
2362,3310.71
2363,3250.83
2364,3300.19
2365,3310.99
2366,3457.67
2367,3600.6
2368,3680.39
2369,3881.15
2370,4209.76
2371,4280.67
2372,4412.67
2373,4412.82
2374,4411.94
2375,5240.76
2376,8196.87
2377,12000.0
2378,12000.0
2379,12000.0
2380,12000.0
2381,12000.0
2382,12000.0
2383,12000.0
2384,12000.0
2385,8196.26
2386,6150.0
2387,5500.74
2388,6149.35
2389,5000.77
2390,4411.22
2391,4280.98
2392,4216.85
2393,3719.25
2394,3595.14
2395,3250.65
2396,3186.09
2397,3058.82
2398,3030.64
2399,2958.94
2400,2948.58
2401,2910.59
2402,2910.65
2403,2910.5
2404,2870.03
2405,2840.76
2406,2822.65
2407,2822.36
2408,2822.16
2409,2771.81
2410,2698.69
2411,2631.97
2412,2631.83
2413,2631.44
2414,2631.4
2415,2631.33
2416,2631.3
2417,2631.46
2418,2631.9
2419,2650.98
2420,2822.14
2421,2958.88
2422,3000.78
2423,3136.07
2424,3491.81
2425,4161.34
2426,4500.8
2427,5240.56
2428,6700.05
2429,5240.64
2430,8250.49
2431,7600.16
2432,6149.82
2433,5100.42
2434,5509.41
2435,6999.91
2436,6219.27
2437,6149.05
2438,6149.13
2439,5250.35
2440,4999.53
2441,4287.67
2442,4300.82
2443,4055.61
2444,4000.37
2445,4000.53
2446,3800.81
2447,3312.13
2448,3058.91
2449,3000.05
2450,2910.88
2451,2900.63
2452,2800.75
2453,2631.25
2454,2597.4
2455,2510.59
2456,2510.34
2457,2510.37
2458,2249.84
2459,2249.28
2460,2249.49
2461,2631.18
2462,2631.36
2463,2870.37
2464,2948.06
2465,2948.13
2466,3058.6
2467,3438.88
2468,3595.24
2469,3491.25
2470,3595.42
2471,3830.87
2472,4808.13
2473,4999.69
2474,6999.49
2475,8250.18
2476,7499.44
2477,7499.94
2478,5900.99
2479,5600.49
2480,4999.78
2481,4808.16
2482,4500.37
2483,4317.69
2484,4500.06
2485,4312.83
2486,4193.58
2487,3810.41
2488,3595.52
2489,3181.13
2490,3058.86
2491,3006.69
2492,3000.62
2493,2948.35
2494,2870.04
2495,2822.03
2496,2771.13
2497,2870.55
2498,2800.21
2499,2740.36
2500,2700.11
2501,2631.85
2502,2631.93
2503,2631.97
2504,2631.59
2505,2631.19
2506,2631.11
2507,2519.56
2508,2550.29
2509,2300.99
2510,2349.82
2511,2349.19
2512,2300.09
2513,2118.55
2514,2122.67
2515,2122.56
2516,2460.69
2517,2822.05
2518,2822.76
2519,2910.12
2520,2988.54
2521,3250.9
2522,3843.2
2523,4234.14
2524,4304.03
2525,4500.6
2526,4999.27
2527,4999.75
2528,6149.07
2529,4900.02
2530,4999.07
2531,5475.68
2532,5700.65
2533,5900.82
2534,6219.93
2535,7000.5
2536,6500.27
2537,6190.58
2538,6000.47
2539,5900.4
2540,5710.46
2541,4800.91
2542,4800.47
2543,4600.43
2544,4412.02
2545,4300.3
2546,4199.56
2547,3750.57
2548,3614.33
2549,3491.72
2550,3457.83
2551,3311.24
2552,3250.98
2553,3395.0
2554,3400.41
2555,3311.3
2556,3312.25
2557,3500.34
2558,3614.58
2559,3843.0
2560,3843.53
2561,4234.6
2562,4370.22
2563,4400.1
2564,4400.14
2565,4277.85
2566,4277.79
2567,4546.21
2568,5499.28
2569,8402.08
2570,12000.0
2571,12000.0
2572,12000.0
2573,12000.0
2574,12000.0
2575,12000.0
2576,12000.0
2577,7469.01
2578,6149.1
2579,6149.38
2580,6308.77
2581,4978.52
2582,4400.7
2583,4273.88
2584,4183.96
2585,3610.09
2586,3595.06
2587,3350.18
2588,3250.93
2589,3136.99
2590,3136.7
2591,3058.56
2592,3030.66
2593,2958.5
2594,2910.19
2595,2900.36
2596,2870.76
2597,2868.32
2598,2840.83
2599,2822.88
2600,2822.65
2601,2822.29
2602,2822.28
2603,2822.14
2604,2814.53
2605,2822.17
2606,2822.14
2607,2788.82
2608,2746.91
2609,2659.53
2610,2698.56
2611,2822.52
2612,2840.01
2613,3058.44
2614,3136.85
2615,3310.66
2616,3492.0
2617,3750.47
2618,4235.0
2619,4501.24
2620,5118.49
2621,5998.95
2622,6149.8
2623,7509.11
2624,7600.7
2625,6149.06
2626,6190.11
2627,6000.47
2628,5800.39
2629,6149.72
2630,6400.49
2631,8250.25
2632,7600.17
2633,6190.73
2634,6500.12
2635,7070.11
2636,6149.27
2637,5300.27
2638,4999.69
2639,4998.27
2640,4800.82
2641,4503.74
2642,4280.48
2643,4100.68
2644,3700.9
2645,3500.35
2646,3457.27
2647,3457.02
2648,3310.68
2649,3400.71
2650,3457.69
2651,3595.15
2652,3595.99
2653,3680.69
2654,3719.73
2655,4101.77
2656,4194.79
2657,4234.13
2658,4280.23
2659,4400.86
2660,4411.7
2661,4280.34
2662,4404.13
2663,5240.5
2664,6570.8
2665,12000.0
2666,12000.0
2667,12000.0
2668,12000.0
2669,12000.0
2670,12000.0
2671,12000.0
2672,12000.0
2673,8000.26
2674,5999.66
2675,5677.94
2676,6100.03
2677,4998.93
2678,4286.82
2679,4239.0
2680,4166.49
2681,3719.73
2682,3610.7
2683,3595.39
2684,3595.48
2685,3500.16
2686,3457.97
2687,3306.37
2688,3250.52
2689,3250.82
2690,3210.46
2691,3136.68
2692,3058.51
2693,2978.94
2694,2978.24
2695,2910.35
2696,2870.64
2697,2868.08
2698,2840.45
2699,2840.26
2700,2822.95
2701,2822.6
2702,2822.55
2703,2822.34
2704,2822.17
2705,2698.65
2706,2822.34
2707,2840.28
2708,2868.37
2709,3000.49
2710,3000.53
2711,3058.61
2712,3136.13
2713,3562.19
2714,3838.3
2715,4049.35
2716,4323.38
2717,4499.87
2718,4998.32
2719,5998.01
2720,6000.97
2721,6000.47
2722,5800.55
2723,5500.84
2724,5500.75
2725,5240.97
2726,5500.75
2727,5509.8
2728,5240.89
2729,4999.47
2730,4760.84
2731,4523.38
2732,4499.26
2733,4234.97
2734,4234.12
2735,3998.51
2736,3843.68
2737,3800.3
2738,3595.32
2739,3250.84
2740,3136.86
2741,3160.68
2742,3136.58
2743,3136.1
2744,3058.77
2745,3058.15
2746,3001.11
2747,3058.2
2748,3058.41
2749,3136.65
2750,3150.17
2751,3457.14
2752,3457.14
2753,3548.56
2754,3595.57
2755,3635.9
2756,3595.73
2757,3457.53
2758,3491.15
2759,3650.83
2760,3719.71
2761,4307.42
2762,4800.16
2763,5240.7
2764,5900.74
2765,7999.88
2766,7499.07
2767,5998.05
2768,5999.95
2769,4800.15
2770,4499.65
2771,4499.79
2772,4499.6
2773,4333.12
2774,4213.8
2775,4213.88
2776,4127.64
2777,3614.4
2778,3595.54
2779,3500.37
2780,3457.7
2781,3491.15
2782,3491.14
2783,3312.47
2784,3250.94
2785,3136.34
2786,3121.4
2787,3077.03
2788,3058.52
2789,2999.28
2790,2988.95
2791,2958.11
2792,2910.53
2793,2870.52
2794,2860.12
2795,2870.22
2796,2860.54
2797,2850.32
2798,2822.99
2799,2822.85
2800,2822.49
2801,2822.18
2802,2822.76
2803,2860.5
2804,2910.79
2805,3136.07
2806,3136.81
2807,3250.15
2808,3200.65
2809,3680.54
2810,4280.75
2811,4999.15
2812,5499.73
2813,5250.34
2814,6099.19
2815,7170.6
2816,7170.26
2817,6000.85
2818,5900.1
2819,5900.28
2820,6099.62
2821,6450.09
2822,6500.19
2823,8750.45
2824,6500.78
2825,6210.62
2826,6499.14
2827,6500.19
2828,5900.1
2829,5509.65
2830,4999.93
2831,4998.7
2832,4510.43
2833,4347.08
2834,4222.31
2835,3719.38
2836,3595.41
2837,3457.08
2838,3310.53
2839,3389.38
2840,3300.65
2841,3400.73
2842,3457.59
2843,3491.48
2844,3595.02
2845,3595.54
2846,3607.51
2847,4126.49
2848,4173.65
2849,4211.95
2850,4224.94
2851,4280.68
2852,4313.7
2853,4280.41
2854,4500.09
2855,6070.74
2856,7270.36
2857,8874.36
2858,12000.0
2859,12000.0
2860,12000.0
2861,12000.0
2862,12000.0
2863,12000.0
2864,12000.0
2865,8250.13
2866,6880.23
2867,6270.24
2868,7020.3
2869,5000.11
2870,4366.63
2871,4252.7
2872,4165.77
2873,3607.0
2874,3595.86
2875,3595.37
2876,3500.84
2877,3491.39
2878,3500.83
2879,3457.94
2880,3300.95
2881,3058.38
2882,3000.67
2883,2999.52
2884,2910.93
2885,2879.54
2886,2870.6
2887,2850.79
2888,2822.99
2889,2822.89
2890,2822.51
2891,2822.59
2892,2822.52
2893,2822.29
2894,2822.24
2895,2822.01
2896,2730.31
2897,2822.0
2898,2822.67
2899,2870.13
2900,2910.17
2901,3058.28
2902,3136.22
2903,3058.81
2904,3058.97
2905,3719.36
2906,3832.93
2907,3999.64
2908,4500.79
2909,4998.54
2910,4999.83
2911,5509.04
2912,5900.46
2913,5509.54
2914,6031.46
2915,6477.98
2916,6500.45
2917,6210.75
2918,6500.8
2919,7000.11
2920,6500.13
2921,5250.79
2922,5509.91
2923,5026.23
2924,4999.17
2925,4510.7
2926,4419.87
2927,4273.0
2928,4220.43
2929,4000.38
2930,3719.44
2931,3595.45
2932,3450.77
2933,3250.48
2934,3250.21
2935,3250.04
2936,3136.91
2937,3136.42
2938,3136.0
2939,3136.03
2940,3136.87
2941,3150.59
2942,3250.05
2943,3400.86
2944,3310.24
2945,3491.69
2946,3595.52
2947,3719.32
2948,3832.78
2949,3832.27
2950,4162.58
2951,4310.41
2952,4999.87
2953,5499.63
2954,6500.55
2955,8250.74
2956,12000.0
2957,12000.0
2958,12000.0
2959,7600.84
2960,6099.77
2961,4999.73
2962,4999.65
2963,4700.62
2964,4501.55
2965,4200.3
2966,3999.91
2967,3830.19
2968,3680.73
2969,3350.87
2970,3250.78
2971,3200.93
2972,3200.4
2973,3136.82
2974,3136.96
2975,3136.65
2976,3181.51
