*Interval,Price (Rs./MWh)
97,2720.42
98,2940.15
99,3000.62
100,2939.48
101,2720.03
102,2878.7
103,2451.06
104,2700.04
105,2520.76
106,2225.47
107,2940.2
108,2940.59
109,2702.94
110,2806.92
111,2149.37
112,2149.99
113,2246.92
114,2878.86
115,3499.04
116,3500.09
117,3582.11
118,3692.22
119,3588.61
120,3692.13
121,3730.95
122,4689.68
123,7700.21
124,7700.59
125,8020.76
126,8020.55
127,7503.69
128,7501.22
129,5999.33
130,5000.41
131,4786.1
132,5501.18
133,5499.9
134,6000.33
135,6504.24
136,5999.79
137,5500.71
138,5500.83
139,6208.89
140,6499.42
141,7500.37
142,7500.62
143,7500.84
144,5500.2
145,3998.3
146,3997.59
147,4269.79
148,4369.41
149,3499.52
150,3692.13
151,3692.21
152,3499.22
153,3700.43
154,3510.91
155,3700.62
156,3700.91
157,4079.8
158,4079.42
159,4509.05
160,4804.84
161,4179.51
162,4919.6
163,5955.48
164,6029.18
165,6029.96
166,16000.02
167,9029.54
168,10000.22
169,16853.33
170,20000.0
171,20000.0
172,20000.0
173,20000.0
174,20000.0
175,20000.0
176,20000.0
177,8893.42
178,7500.91
179,5060.28
180,4499.49
181,4389.06
182,4386.47
183,4389.94
184,3600.69
185,4389.18
186,4600.97
187,3979.49
188,3588.98
189,2939.63
190,2939.25
191,2563.0
192,2514.58
3073,4079.87
3074,4079.69
3075,2820.98
3076,2499.59
3077,2820.29
3078,2881.59
3079,2820.8
3080,2499.04
3081,2720.89
3082,2720.03
3083,2514.5
3084,2246.17
3085,2049.57
3086,2200.13
3087,2720.18
3088,2688.54
3089,2125.46
3090,2246.67
3091,2499.47
3092,2820.43
3093,3329.7
3094,3780.5
3095,3004.48
3096,3329.17
3097,3999.6
3098,4520.37
3099,6650.38
3100,7520.01
3101,9999.15
3102,8000.8
3103,8000.58
3104,9999.0
3105,9999.53
3106,10000.18
3107,14500.36
3108,14500.58
3109,10000.65
3110,9999.5
3111,7500.94
3112,8000.78
3113,9999.62
3114,9999.91
3115,8500.95
3116,8500.56
3117,8500.71
3118,8500.54
3119,8610.49
3120,8610.27
3121,8545.24
3122,6500.69
3123,4389.97
3124,3994.54
3125,3599.72
3126,3582.83
3127,4000.41
3128,3822.76
3129,3499.04
3130,3499.26
3131,3535.46
3132,3500.1
3133,3329.93
3134,3372.74
3135,4010.9
3136,4426.02
3137,4500.06
3138,4503.37
3139,4504.33
3140,5314.85
3141,8520.04
3142,8520.15
3143,7500.39
3144,6637.63
3145,7500.14
3146,7500.82
3147,8000.38
3148,7500.63
3149,5350.49
3150,4999.92
3151,7500.44
3152,4549.34
3153,4500.26
3154,4000.99
3155,3979.81
3156,3559.51
3157,3080.13
3158,2969.08
3159,3200.98
3160,2939.22
3161,2799.15
3162,2799.95
3163,2730.91
3164,2720.73
3165,3329.04
3166,3204.58
3167,2473.5
3168,2473.47
5761,1836.81
5762,1968.98
5763,2514.02
5764,2246.94
5765,2514.88
5766,2246.14
5767,2278.0
5768,2246.2
5769,2009.4
5770,2009.75
5771,1999.52
5772,1919.88
5773,2620.04
5774,2799.44
5775,3152.67
5776,3150.45
5777,2125.63
5778,2125.03
5779,2246.99
5780,2473.06
5781,2181.57
5782,2562.32
5783,2562.13
5784,2820.19
5785,3200.42
5786,3120.29
5787,3792.29
5788,4199.95
5789,3692.19
5790,3620.56
5791,3692.2
5792,3692.37
5793,3919.6
5794,3919.46
5795,3999.85
5796,4084.32
5797,3919.28
5798,4159.1
5799,4989.0
5800,4469.26
5801,4159.61
5802,4069.52
5803,4159.37
5804,4159.82
5805,3726.8
5806,3792.13
5807,3999.85
5808,4159.14
5809,3792.76
5810,3792.81
5811,3588.73
5812,3582.02
5813,3329.4
5814,3202.55
5815,3120.38
5816,3000.9
5817,2998.78
5818,3071.27
5819,3120.51
5820,3120.26
5821,2900.51
5822,3499.88
5823,3743.52
5824,3620.89
5825,3792.56
5826,3861.93
5827,3449.77
5828,3559.02
5829,4079.82
5830,4159.46
5831,4989.18
5832,4159.46
5833,4483.17
5834,4989.63
5835,4830.94
5836,4738.3
5837,5000.6
5838,4830.64
5839,4259.29
5840,4159.77
5841,3792.91
5842,3792.2
5843,3499.4
5844,3372.03
5845,3210.01
5846,3459.67
5847,3425.6
5848,2929.04
5849,3230.26
5850,2919.41
5851,3099.92
5852,2792.78
5853,2720.12
5854,2698.81
5855,2499.82
5856,2129.9
8737,3200.31
8738,3200.4
8739,2719.82
8740,2499.43
8741,2720.69
8742,2391.13
8743,2246.07
8744,2022.77
8745,1999.08
8746,1999.13
8747,2022.49
8748,2022.38
8749,2022.92
8750,2022.39
8751,2022.43
8752,1999.95
8753,2022.17
8754,1959.87
8755,1999.64
8756,2000.72
8757,2933.57
8758,3000.31
8759,3071.32
8760,2969.99
8761,3120.23
8762,3001.96
8763,3620.08
8764,3600.88
8765,3620.27
8766,3919.23
8767,3800.88
8768,3900.33
8769,3800.33
8770,3800.7
8771,3588.97
8772,3499.84
8773,3919.06
8774,3800.72
8775,3919.93
8776,3727.55
8777,3599.11
8778,3599.05
8779,3599.72
8780,3599.89
8781,3588.44
8782,3588.95
8783,3499.72
8784,3489.22
8785,2762.87
8786,2796.06
8787,2556.6
8788,2898.17
8789,2672.29
8790,2700.74
8791,3202.01
8792,3329.55
8793,3120.5
8794,3120.62
8795,2742.71
8796,2630.67
8797,2701.0
8798,2898.75
8799,3329.15
8800,3499.39
8801,3979.13
8802,3983.78
8803,3992.24
8804,3992.65
8805,3992.35
8806,4469.74
8807,4359.21
8808,3999.94
8809,3500.68
8810,3992.48
8811,3900.84
8812,3700.87
8813,4000.08
8814,5010.11
8815,4685.92
8816,3599.49
8817,2926.4
8818,2761.73
8819,3040.11
8820,3120.06
8821,3999.44
8822,2969.78
8823,3700.27
8824,3499.27
8825,2969.54
8826,2798.19
8827,2969.75
8828,2969.46
8829,2919.56
8830,2720.39
8831,2441.85
8832,2010.14
11617,3444.95
11618,3444.95
11619,3499.33
11620,3499.18
11621,3444.79
11622,3499.15
11623,2730.02
11624,2502.9
11625,2809.44
11626,2500.65
11627,2919.38
11628,2809.15
11629,2199.78
11630,2246.84
11631,2199.63
11632,2199.3
11633,2820.27
11634,2820.13
11635,3333.04
11636,3499.16
11637,3493.07
11638,3630.81
11639,3333.27
11640,3499.31
11641,3692.61
11642,4134.32
11643,4502.83
11644,4502.63
11645,4953.69
11646,4956.61
11647,6001.66
11648,6001.24
11649,6600.66
11650,6600.34
11651,5003.23
11652,4999.82
11653,4601.59
11654,4601.98
11655,4990.24
11656,4989.18
11657,4904.12
11658,4905.65
11659,5200.84
11660,4997.72
11661,5005.08
11662,5008.28
11663,5006.53
11664,5005.36
11665,4600.47
11666,4606.96
11667,4469.66
11668,4469.03
11669,2800.92
11670,3365.0
11671,2900.33
11672,2650.06
11673,1989.27
11674,2037.0
11675,1969.14
11676,2361.13
11677,2250.38
11678,3040.39
11679,3329.52
11680,3799.23
11681,3990.09
11682,4187.16
11683,4399.69
11684,4406.22
11685,4401.41
11686,4553.94
11687,3400.73
11688,4200.63
11689,4000.86
11690,4990.99
11691,4993.49
11692,4750.91
11693,4804.58
11694,4483.84
11695,4700.15
11696,4150.32
11697,4055.77
11698,3416.0
11699,3749.79
11700,3705.21
11701,3343.91
11702,2994.49
11703,2730.27
11704,2730.58
11705,2720.04
11706,2532.5
11707,2900.5
11708,2720.72
11709,1999.08
11710,1998.47
11711,1830.84
11712,1844.08
14593,3499.19
14594,2850.81
14595,0.0
14596,2185.91
14597,2000.56
14598,2050.08
14599,2520.37
14600,2919.29
14601,3150.98
14602,3250.03
14603,2562.38
14604,2520.23
14605,1772.24
14606,2369.57
14607,1750.73
14608,2369.5
14609,2049.54
14610,2502.43
14611,2562.16
14612,2562.07
14613,2820.6
14614,3329.36
14615,2820.69
14616,3476.0
14617,3499.57
14618,3969.56
14619,4520.02
14620,4989.61
14621,4095.84
14622,4904.98
14623,4249.91
14624,4249.8
14625,3999.09
14626,3969.49
14627,3590.03
14628,3500.19
14629,3800.69
14630,3969.01
14631,3410.19
14632,3420.91
14633,4500.83
14634,4399.33
14635,3969.52
14636,3765.41
14637,2986.84
14638,2985.91
14639,3000.54
14640,3036.16
14641,3765.74
14642,3999.83
14643,3425.03
14644,2996.57
14645,2498.6
14646,2605.2
14647,2042.6
14648,1999.53
14649,2562.94
14650,2720.24
14651,2809.46
14652,2707.85
14653,2620.0
14654,2749.71
14655,2900.68
14656,2900.84
14657,3499.04
14658,3499.38
14659,3000.11
14660,3329.67
14661,2999.55
14662,2999.19
14663,2999.59
14664,2999.03
14665,2826.93
14666,3420.04
14667,3900.34
14668,3420.04
14669,3000.81
14670,3040.67
14671,4030.39
14672,4050.74
14673,4010.1
14674,4230.48
14675,3499.27
14676,2997.3
14677,2754.4
14678,2919.07
14679,2730.31
14680,2730.36
14681,2723.2
14682,2499.44
14683,2809.27
14684,2702.77
14685,2568.13
14686,2562.71
14687,2562.68
14688,2502.1
17473,2000.95
17474,2000.9
17475,2246.79
17476,2230.47
17477,2129.29
17478,2129.33
17479,2129.01
17480,2129.14
17481,1678.99
17482,1999.54
17483,2299.25
17484,2299.09
17485,2022.81
17486,1678.81
17487,1678.87
17488,2000.52
17489,2508.27
17490,2800.14
17491,3000.07
17492,3050.78
17493,3200.55
17494,3409.53
17495,3120.39
17496,3499.38
17497,3620.59
17498,4030.35
17499,4806.84
17500,5000.57
17501,4200.86
17502,5000.56
17503,5002.48
17504,4999.62
17505,5003.17
17506,4996.26
17507,4500.8
17508,4901.44
17509,5500.16
17510,5500.58
17511,6500.1
17512,6520.47
17513,7000.48
17514,7500.23
17515,6730.79
17516,5500.52
17517,4989.58
17518,5008.56
17519,4904.14
17520,4500.08
17521,5001.73
17522,5001.71
17523,3499.65
17524,3120.09
17525,2010.36
17526,2010.89
17527,3001.5
17528,3001.42
17529,3499.13
17530,3499.8
17531,3329.12
17532,2811.17
17533,3329.16
17534,3499.56
17535,3535.53
17536,3499.06
17537,3151.78
17538,3499.3
17539,4087.17
17540,4308.09
17541,3500.14
17542,4150.76
17543,4501.8
17544,3692.75
17545,3692.36
17546,4450.12
17547,5016.4
17548,5000.72
17549,5005.23
17550,5006.12
17551,5001.75
17552,4608.5
17553,3000.78
17554,3120.37
17555,4316.64
17556,4315.19
17557,3850.63
17558,4399.31
17559,3649.84
17560,3135.98
17561,3010.6
17562,2800.23
17563,2697.4
17564,2697.72
17565,3097.02
17566,3005.01
17567,2890.96
17568,2890.2
20449,2562.14
20450,2562.2
20451,2562.03
20452,2514.38
20453,2606.53
20454,2514.12
20455,2200.44
20456,2246.46
20457,2605.04
20458,2606.86
20459,2125.95
20460,2125.0
20461,2210.54
20462,2700.59
20463,2808.82
20464,2808.03
20465,2900.03
20466,3204.26
20467,3403.13
20468,3406.67
20469,2929.84
20470,3499.99
20471,4202.97
20472,3744.88
20473,4820.09
20474,5004.03
20475,5007.24
20476,6000.32
20477,6999.23
20478,5999.05
20479,8003.36
20480,8002.83
20481,8006.17
20482,8005.05
20483,10002.12
20484,10000.51
20485,8500.67
20486,8800.41
20487,8800.02
20488,8800.26
20489,8800.06
20490,6000.79
20491,5996.21
20492,5831.43
20493,5007.33
20494,5007.07
20495,5500.9
20496,5004.09
20497,4631.84
20498,4999.39
20499,3620.67
20500,3499.31
20501,2736.31
20502,2760.97
20503,3499.92
20504,3499.42
20505,3139.15
20506,3499.12
20507,3499.32
20508,3793.47
20509,3750.2
20510,4399.87
20511,4308.32
20512,4904.36
20513,4504.14
20514,4724.99
20515,5219.59
20516,5007.15
20517,5006.62
20518,5219.85
20519,5006.53
20520,4904.22
20521,4904.65
20522,5329.27
20523,5200.03
20524,5329.31
20525,5000.62
20526,5003.38
20527,5000.79
20528,5160.0
20529,4904.01
20530,4499.44
20531,3783.5
20532,3499.74
20533,3296.97
20534,3499.14
20535,3135.3
20536,2999.74
20537,2800.17
20538,3499.46
20539,3499.5
20540,3425.25
20541,2969.43
20542,2969.09
20543,2599.22
20544,2514.85
23425,2514.94
23426,2514.91
23427,2999.41
23428,2890.48
23429,2337.4
23430,2568.13
23431,2200.96
23432,2246.4
23433,2246.54
23434,2246.9
23435,2129.29
23436,2129.76
23437,2379.22
23438,2246.53
23439,2369.51
23440,2246.92
23441,2180.63
23442,2514.51
23443,3329.46
23444,3499.2
23445,3409.69
23446,3535.55
23447,3499.01
23448,3499.85
23449,3717.73
23450,5000.54
23451,5002.04
23452,5003.89
23453,5003.92
23454,5004.89
23455,5000.81
23456,5001.82
23457,5002.39
23458,5000.74
23459,5000.39
23460,4904.94
23461,5007.31
23462,5004.1
23463,4859.48
23464,4808.47
23465,4970.59
23466,4977.12
23467,5001.93
23468,5000.72
23469,4908.0
23470,4989.46
23471,5001.67
23472,4975.26
23473,4904.28
23474,4519.4
23475,3599.74
23476,3499.92
23477,3499.01
23478,3499.39
23479,3139.88
23480,3139.94
23481,3329.92
23482,3297.93
23483,3490.07
23484,3145.99
23485,3139.66
23486,3139.59
23487,2568.7
23488,2890.84
23489,3120.86
23490,3409.17
23491,4030.65
23492,4405.22
23493,4507.9
23494,4852.86
23495,4750.19
23496,4506.58
23497,5200.68
23498,5200.15
23499,4999.59
23500,6390.67
23501,5999.8
23502,6520.77
23503,6638.65
23504,5501.36
23505,4904.25
23506,4259.89
23507,3536.82
23508,3536.77
23509,3359.93
23510,3281.9
23511,3119.22
23512,2919.2
23513,2784.2
23514,3499.12
23515,2620.04
23516,2620.44
23517,2300.87
23518,2185.48
23519,2499.14
23520,2499.17
26305,2049.79
26306,2049.75
26307,2670.73
26308,2801.88
26309,2514.3
26310,2514.19
26311,2246.25
26312,2139.5
26313,2049.83
26314,2125.26
26315,2246.36
26316,2246.25
26317,2081.43
26318,2000.41
26319,1959.73
26320,2030.17
26321,1999.52
26322,2514.48
26323,1999.65
26324,1999.74
26325,2702.87
26326,3500.76
26327,3425.64
26328,3425.42
26329,3832.0
26330,3700.17
26331,3999.67
26332,4904.27
26333,4998.9
26334,5502.81
26335,6208.39
26336,7500.17
26337,6734.57
26338,6132.57
26339,4150.35
26340,4659.81
26341,5003.1
26342,5005.03
26343,4507.88
26344,4904.3
26345,5000.78
26346,5000.59
26347,4500.18
26348,4399.35
26349,4494.05
26350,4399.31
26351,4400.5
26352,3972.0
26353,3899.04
26354,4000.16
26355,3549.0
26356,3235.17
26357,2556.4
26358,2681.53
26359,2703.72
26360,2704.31
26361,2800.07
26362,2809.13
26363,3299.49
26364,3299.64
26365,3119.5
26366,3000.69
26367,3350.11
26368,3979.59
26369,3191.5
26370,3600.8
26371,3800.62
26372,4637.8
26373,4904.62
26374,4559.32
26375,4559.85
26376,4259.29
26377,3899.52
26378,4151.71
26379,4940.17
26380,5487.33
26381,5200.52
26382,5500.16
26383,5500.31
26384,3800.33
26385,3979.21
26386,3499.08
26387,3979.72
26388,3499.66
26389,3979.06
26390,3560.37
26391,3050.8
26392,2969.17
26393,2939.86
26394,3002.71
26395,3329.66
26396,3329.55
26397,2620.95
26398,2349.95
26399,2562.2
26400,2339.26
29281,2720.32
29282,2720.93
29283,3750.03
29284,3649.64
29285,2890.57
29286,2809.9
29287,2620.69
29288,2579.19
29289,2125.89
29290,2199.35
29291,2129.56
29292,2169.78
29293,1959.5
29294,2125.92
29295,2129.88
29296,2246.28
29297,2246.39
29298,2489.08
29299,2809.97
29300,3190.78
29301,2869.37
29302,3790.14
29303,3979.68
29304,3490.44
29305,4199.92
29306,4523.14
29307,4506.75
29308,6500.45
29309,6520.96
29310,6520.98
29311,7399.07
29312,6520.54
29313,5999.02
29314,5291.35
29315,6520.36
29316,6520.59
29317,6520.71
29318,6520.82
29319,4506.01
29320,4559.96
29321,6000.52
29322,5999.8
29323,4626.49
29324,4529.92
29325,4505.55
29326,4503.02
29327,3692.36
29328,3574.22
29329,3143.4
29330,3409.97
29331,3599.04
29332,3329.43
29333,2562.09
29334,2509.65
29335,2890.39
29336,2890.46
29337,2562.79
29338,2820.37
29339,3099.46
29340,3000.94
29341,3409.24
29342,3906.86
29343,3823.4
29344,4119.4
29345,3620.54
29346,3999.13
29347,4199.06
29348,4199.64
29349,4218.88
29350,4469.05
29351,4506.15
29352,4507.13
29353,4507.21
29354,5000.54
29355,6330.35
29356,6330.1
29357,5736.39
29358,5508.09
29359,4850.28
29360,4989.57
29361,4591.49
29362,4501.03
29363,4499.23
29364,4049.76
29365,3999.12
29366,3499.14
29367,3692.23
29368,2999.87
29369,3154.99
29370,3530.11
29371,3091.76
29372,3064.05
29373,3063.71
29374,3007.85
29375,3006.97
29376,3006.75
32161,2919.48
32162,2899.12
32163,2730.01
32164,2810.62
32165,2613.67
32166,2620.02
32167,2601.26
32168,2601.67
32169,2599.47
32170,2599.82
32171,2562.38
32172,2562.27
32173,2514.13
32174,2339.89
32175,2246.28
32176,2300.77
32177,3160.62
32178,3199.13
32179,3740.79
32180,3329.21
32181,3501.24
32182,3999.32
32183,4502.98
32184,4199.62
32185,4503.28
32186,5806.88
32187,7060.71
32188,8800.61
32189,8800.57
32190,8999.7
32191,8999.48
32192,15000.1
32193,10000.65
32194,9010.61
32195,8999.36
32196,8800.99
32197,8520.26
32198,8000.4
32199,7499.19
32200,7399.35
32201,4500.17
32202,4500.93
32203,4389.1
32204,4212.55
32205,4640.01
32206,4629.9
32207,4199.34
32208,4000.58
32209,3710.44
32210,3907.17
32211,3550.22
32212,3536.88
32213,3412.94
32214,3329.22
32215,2820.79
32216,2820.26
32217,2562.62
32218,2568.39
32219,2514.56
32220,2556.56
32221,2890.68
32222,3120.47
32223,3770.04
32224,3903.49
32225,4352.6
32226,4500.4
32227,4629.43
32228,5200.33
32229,5538.28
32230,5517.88
32231,5441.6
32232,5000.73
32233,5601.24
32234,7000.09
32235,8000.38
32236,8000.46
32237,8000.41
32238,8000.46
32239,8000.85
32240,8000.36
32241,7520.33
32242,7001.06
32243,6111.43
32244,5103.98
32245,4904.73
32246,4200.0
32247,4500.99
32248,4060.56
32249,3692.28
32250,3979.79
32251,3550.33
32252,3179.38
32253,2899.51
32254,2899.41
32255,2720.68
32256,2709.99
4129,2730.16
4130,2760.22
4131,3499.59
4132,3499.38
4133,3740.3
4134,3929.6
4135,2919.51
4136,2514.09
4137,2514.72
4138,2509.9
4139,2514.73
4140,2514.53
4141,2500.68
4142,2500.89
4143,2514.08
4144,2500.97
4145,2562.47
4146,2568.95
4147,2820.37
4148,2872.76
4149,2820.17
4150,3140.08
4151,3499.96
4152,4279.46
4153,4129.43
4154,5200.14
4155,6000.94
4156,6111.52
4157,5999.76
4158,6111.06
4159,6111.81
4160,5200.97
4161,5004.29
4162,5005.65
4163,4505.07
4164,4505.74
4165,4129.78
4166,4279.52
4167,4499.09
4168,4279.27
4169,4202.89
4170,4129.8
4171,4251.97
4172,3979.42
4173,4307.07
4174,4051.62
4175,3804.22
4176,3799.41
4177,3692.66
4178,3692.3
4179,3440.75
4180,3329.27
4181,2799.83
4182,2736.58
4183,2872.2
4184,2600.15
4185,2720.4
4186,2720.6
4187,3005.47
4188,3006.06
4189,2679.04
4190,2679.97
4191,2568.96
4192,3000.05
4193,3304.69
4194,3303.94
4195,3500.86
4196,3500.29
4197,3500.28
4198,3500.15
4199,3620.49
4200,3500.26
4201,2419.72
4202,3900.4
4203,3999.81
4204,4005.82
4205,4087.07
4206,4599.9
4207,4000.63
4208,4010.97
4209,3499.57
4210,3499.33
4211,3189.13
4212,3189.15
4213,3299.43
4214,3050.69
4215,2820.16
4216,2729.76
4217,2550.32
4218,2849.11
4219,3063.01
4220,2820.26
4221,2581.31
4222,2549.89
4223,2562.98
4224,2562.48
4225,2809.02
4226,2800.28
4227,2514.87
4228,2514.99
4229,2279.76
4230,2279.85
4231,2199.26
4232,2199.61
4233,2246.62
4234,2246.43
4235,2151.14
4236,2062.79
4237,2106.23
4238,2000.48
4239,2109.7
4240,2109.7
4241,2467.15
4242,2489.29
4243,2568.17
4244,2820.95
4245,2499.23
4246,3499.12
4247,3425.41
4248,3499.98
4249,3649.44
4250,4503.42
4251,4799.42
4252,5999.52
4253,4500.51
4254,4508.77
4255,8000.04
4256,8000.85
4257,8000.21
4258,6000.58
4259,4505.03
4260,4949.26
4261,4904.37
4262,4904.54
4263,4989.25
4264,5000.46
4265,4505.81
4266,4507.53
4267,4904.27
4268,4508.0
4269,4298.68
4270,4350.53
4271,4505.35
4272,4504.44
4273,4199.29
4274,4500.36
4275,4199.83
4276,4199.54
4277,3494.08
4278,3494.35
4279,3600.24
4280,3600.28
4281,3149.0
4282,3340.77
4283,3640.02
4284,3409.3
4285,3314.56
4286,3340.57
4287,3566.27
4288,3700.84
4289,3546.46
4290,3900.37
4291,4000.59
4292,4200.51
4293,4300.37
4294,4399.34
4295,4500.88
4296,4500.81
4297,4500.85
4298,5200.2
4299,4999.14
4300,6000.41
4301,5000.83
4302,6520.13
4303,4500.96
4304,4500.47
4305,4500.98
4306,4199.01
4307,4114.67
4308,3800.06
4309,3200.35
4310,3139.35
4311,3252.74
4312,3450.84
4313,3299.32
4314,2820.93
4315,3140.03
4316,3340.01
4317,2710.59
4318,2890.93
4319,2569.0
4320,2568.36
4321,2957.91
4322,2679.79
4323,2562.99
4324,2568.73
4325,2999.77
4326,2568.36
4327,2507.9
4328,2300.71
4329,2500.61
4330,2320.67
4331,2550.05
4332,2550.07
4333,2205.03
4334,2550.04
4335,2600.95
4336,2568.06
4337,2439.48
4338,2562.76
4339,2839.53
4340,3140.22
4341,3001.54
4342,3549.68
4343,3999.92
4344,4001.13
4345,4208.3
4346,4508.88
4347,6393.11
4348,7399.57
4349,8000.23
4350,8000.39
4351,8000.76
4352,8000.6
4353,8008.71
4354,8000.84
4355,6036.23
4356,5165.26
4357,5109.51
4358,5006.86
4359,5001.26
4360,5006.91
4361,5007.26
4362,5006.35
4363,5201.79
4364,5009.39
4365,4904.75
4366,4989.59
4367,4849.56
4368,4629.55
4369,4500.71
4370,4500.56
4371,4389.31
4372,4279.59
4373,3899.16
4374,3979.15
4375,4199.75
4376,4279.01
4377,4000.15
4378,3979.11
4379,3979.72
4380,3999.35
4381,3425.89
4382,3900.53
4383,4506.95
4384,4520.9
4385,4610.5
4386,5020.0
4387,5106.06
4388,5500.15
4389,5105.76
4390,5500.65
4391,6000.66
4392,6079.48
4393,7764.46
4394,8000.25
4395,7764.04
4396,8000.38
4397,8300.4
4398,13001.97
4399,7987.13
4400,7984.47
4401,5500.28
4402,4898.65
4403,4904.35
4404,4199.56
4405,3503.98
4406,3828.4
4407,3649.94
4408,3494.98
4409,2820.36
4410,2600.94
4411,4079.85
4412,4008.44
4413,4000.13
4414,3649.2
4415,3640.35
4416,3329.79
4417,2537.87
4418,2537.02
4419,2702.59
4420,2778.61
4421,3299.42
4422,3007.29
4423,2800.78
4424,2720.86
4425,2537.09
4426,2329.04
4427,2209.77
4428,2289.29
4429,2589.49
4430,2537.72
4431,2537.85
4432,2589.02
4433,2537.41
4434,2720.53
4435,2988.18
4436,2809.53
4437,3979.61
4438,4597.37
4439,4904.87
4440,5977.45
4441,4500.08
4442,7005.17
4443,8606.68
4444,8607.18
4445,10156.71
4446,10145.87
4447,10143.47
4448,10105.99
4449,10060.69
4450,10000.89
4451,9004.41
4452,9004.69
4453,9901.37
4454,9900.51
4455,8002.05
4456,8006.05
4457,7600.53
4458,7600.73
4459,7764.3
4460,7278.18
4461,6579.28
4462,7493.0
4463,7500.12
4464,5617.74
4465,4489.58
4466,4904.87
4467,4904.63
4468,4212.29
4469,3827.74
4470,3979.37
4471,4079.77
4472,3999.07
4473,3536.88
4474,3536.8
4475,3425.94
4476,3816.14
4477,3979.48
4478,4157.99
4479,4199.41
4480,4629.08
4481,4120.53
4482,4969.12
4483,5200.53
4484,5510.42
4485,5020.98
4486,6003.55
4487,7729.5
4488,7400.12
4489,6252.61
4490,8000.08
4491,10000.65
4492,10001.87
4493,8520.97
4494,8520.46
4495,7502.84
4496,6500.47
4497,5000.79
4498,4430.31
4499,4200.09
4500,4000.33
4501,4199.8
4502,4259.75
4503,3800.93
4504,3536.21
4505,3147.95
4506,3691.17
4507,2720.42
4508,2940.19
4509,2899.19
4510,2890.21
4511,2500.59
4512,2239.98
4513,3140.95
4514,3240.78
4515,3340.03
4516,2979.22
4517,2747.72
4518,2744.24
4519,2732.19
4520,2731.39
4521,2339.86
4522,2500.6
4523,2339.19
4524,2500.52
4525,2537.74
4526,2339.91
4527,2537.58
4528,2537.9
4529,2537.7
4530,2594.6
4531,2840.91
4532,3160.72
4533,3120.56
4534,4004.71
4535,3979.61
4536,4333.2
4537,7764.64
4538,9000.26
4539,9999.34
4540,9999.13
4541,8000.79
4542,8000.85
4543,8520.17
4544,8520.15
4545,9999.29
4546,9850.26
4547,9999.05
4548,8520.73
4549,8520.12
4550,8520.54
4551,7764.43
4552,6000.95
4553,4904.95
4554,5000.19
4555,5000.48
4556,5000.21
4557,4507.71
4558,4904.58
4559,4106.73
4560,4000.76
4561,3707.47
4562,3999.06
4563,3969.8
4564,3660.98
4565,3241.22
4566,3120.88
4567,3120.11
4568,3042.48
4569,3240.65
4570,3425.28
4571,3120.51
4572,3120.29
4573,3650.77
4574,3670.75
4575,3900.74
4576,3900.25
4577,3999.81
4578,4120.81
4579,4049.49
4580,4148.89
4581,4082.75
4582,4500.08
4583,5200.36
4584,5500.51
4585,5200.4
4586,7500.78
4587,20000.0
4588,20000.0
4589,7764.32
4590,5200.5
4591,4630.0
4592,4151.65
4593,4569.73
4594,4055.37
4595,3916.0
4596,3969.03
4597,3879.32
4598,3979.5
4599,3979.06
4600,3817.09
4601,3495.02
4602,3284.25
4603,3879.69
4604,3660.65
4605,3147.36
4606,2899.77
4607,2720.32
4608,2720.48
4609,2610.35
4610,2621.22
4611,2599.85
4612,2594.67
4613,2594.51
4614,2594.6
4615,2500.75
4616,2460.47
4617,2289.08
4618,1999.82
4619,2720.13
4620,2289.99
4621,2594.45
4622,2594.02
4623,2720.14
4624,2537.71
4625,2537.35
4626,2594.27
4627,2594.79
4628,2599.23
4629,3120.93
4630,4079.24
4631,3979.01
4632,3649.37
4633,4049.3
4634,5000.61
4635,5010.64
4636,5999.99
4637,7500.64
4638,8300.17
4639,8300.4
4640,8300.47
4641,8000.53
4642,7999.53
4643,5999.97
4644,5999.1
4645,5010.01
4646,4999.42
4647,6000.05
4648,6000.05
4649,6118.26
4650,5520.05
4651,6520.45
4652,6520.32
4653,5999.13
4654,5729.14
4655,5003.18
4656,5006.26
4657,5013.64
4658,5011.15
4659,5000.54
4660,4669.48
4661,4199.16
4662,4199.14
4663,4079.29
4664,4000.09
4665,3660.03
4666,3700.67
4667,3879.46
4668,3879.64
4669,3660.74
4670,4028.17
4671,4120.93
4672,4120.97
4673,4120.14
4674,4250.79
4675,4279.75
4676,5000.17
4677,4120.0
4678,5500.8
4679,5750.08
4680,5750.36
4681,5000.41
4682,5565.0
4683,6520.12
4684,6520.19
4685,4904.9
4686,4444.22
4687,4088.04
4688,4129.64
4689,4199.36
4690,4199.23
4691,3999.1
4692,3879.96
4693,3299.13
4694,3139.69
4695,2679.38
4696,2679.34
4697,3099.2
4698,3522.49
4699,3700.74
4700,3240.61
4701,3240.95
4702,3240.9
4703,2549.28
4704,2549.76
4705,2820.79
4706,2820.11
4707,2729.34
4708,2729.42
4709,2800.08
4710,2549.29
4711,2820.31
4712,2820.13
4713,2537.37
4714,2537.12
4715,2537.59
4716,2537.31
4717,2537.51
4718,2594.83
4719,2720.62
4720,2800.31
4721,2820.23
4722,2999.74
4723,2820.91
4724,3940.95
4725,3299.44
4726,4199.6
4727,4904.04
4728,4800.28
4729,4989.61
4730,6502.89
4731,6003.54
4732,8300.13
4733,7500.34
4734,8300.28
4735,8300.49
4736,8300.37
4737,8202.4
4738,8300.16
4739,7111.58
4740,5129.45
4741,5129.18
4742,5144.7
4743,4999.42
4744,4904.54
4745,4904.51
4746,4904.38
4747,5000.02
4748,4249.11
4749,3999.93
4750,3899.73
4751,3708.15
4752,3344.33
4753,3900.39
4754,3879.97
4755,4250.43
4756,3999.4
4757,3879.59
4758,3969.3
4759,3660.45
4760,3660.51
4761,3522.49
4762,3640.04
4763,3522.39
4764,3522.97
4765,3850.42
4766,3869.03
4767,3979.91
4768,4199.77
4769,3979.07
4770,3879.73
4771,3999.59
4772,4199.52
4773,4469.92
4774,4870.78
4775,6956.75
4776,7889.48
4777,7808.96
4778,8001.98
4779,8455.26
4780,8406.08
4781,8000.32
4782,8000.24
4783,4904.93
4784,4490.0
4785,4499.23
4786,4129.77
4787,3879.9
4788,3879.42
4789,3500.01
4790,3350.63
4791,3040.95
4792,2998.91
4793,3425.46
4794,4008.64
4795,4199.3
4796,3999.13
4797,3140.31
4798,3139.3
4799,2644.52
4800,2621.36
4801,2708.94
4802,2708.22
4803,3030.87
4804,3140.02
4805,2608.55
4806,2594.46
4807,2537.88
4808,2550.1
4809,2537.48
4810,2517.79
4811,2537.59
4812,2509.97
4813,2459.48
4814,2300.1
4815,2240.0
4816,2493.83
4817,2500.64
4818,2594.71
4819,2500.58
4820,2496.44
4821,3049.56
4822,3120.95
4823,3499.45
4824,3499.75
4825,4000.06
4826,5000.86
4827,5016.72
4828,7000.21
4829,5016.29
4830,8000.25
4831,8000.24
4832,5016.12
4833,4800.57
4834,4586.3
4835,4129.5
4836,4129.25
4837,3120.32
4838,3029.85
4839,3450.55
4840,3450.24
4841,4450.12
4842,4469.56
4843,4429.6
4844,3999.49
4845,3151.11
4846,3299.48
4847,3499.97
4848,3499.81
4849,3500.32
4850,3499.69
4851,3349.58
4852,3239.26
4853,2146.32
4854,2038.0
4855,2459.06
4856,2279.72
4857,2589.84
4858,2537.54
4859,2403.2
4860,2537.69
4861,2537.47
4862,2600.92
4863,2570.15
4864,2702.23
4865,2537.2
4866,2600.71
4867,2820.79
4868,3140.84
4869,2900.07
4870,3140.68
4871,2920.04
4872,2920.87
4873,3499.54
4874,4151.56
4875,3999.72
4876,3879.66
4877,3135.98
4878,3135.92
4879,3530.31
4880,3906.85
4881,3999.22
4882,3499.8
4883,3299.49
4884,2999.43
4885,2981.2
4886,2800.83
4887,3425.72
4888,3299.12
4889,3350.86
4890,3499.44
4891,3191.5
4892,3191.15
4893,2600.16
4894,2616.25
4895,2887.46
4896,2871.37
4897,2907.78
4898,2708.5
4899,2888.95
4900,2847.3
4901,2537.25
4902,2500.14
4903,2199.61
4904,2159.97
4905,1999.62
4906,2289.33
4907,1949.43
4908,2289.11
4909,1889.67
4910,1750.51
4911,2537.57
4912,2537.75
4913,1899.12
4914,1899.03
4915,2180.07
4916,2349.65
4917,2681.53
4918,3240.61
4919,3999.5
4920,3979.79
4921,4000.68
4922,4500.28
4923,4499.99
4924,4581.46
4925,5081.58
4926,8000.43
4927,8000.61
4928,8000.21
4929,7000.59
4930,7000.97
4931,7500.65
4932,5266.34
4933,6020.79
4934,6020.89
4935,6520.44
4936,6520.27
4937,6520.28
4938,6520.32
4939,6675.63
4940,6520.98
4941,6520.29
4942,5999.16
4943,4904.67
4944,4699.62
4945,4904.07
4946,4904.58
4947,4212.82
4948,4199.17
4949,3869.77
4950,3869.51
4951,3620.34
4952,3620.63
4953,3259.42
4954,3620.11
4955,3620.82
4956,3620.56
4957,3425.0
4958,3425.61
4959,3863.61
4960,3969.98
4961,3979.52
4962,4079.79
4963,4199.88
4964,4904.65
4965,4904.16
4966,5200.9
4967,7000.12
4968,7000.15
4969,6989.99
4970,8279.25
4971,8888.13
4972,9200.09
4973,9999.37
4974,9999.52
4975,6369.6
4976,5500.91
4977,6277.65
4978,6376.57
4979,6000.48
4980,4669.5
4981,6119.79
4982,6173.51
4983,4904.31
4984,4281.7
4985,4199.1
4986,3640.97
4987,3640.22
4988,3369.84
4989,2909.56
4990,2909.77
4991,3240.17
4992,3240.48
4993,2800.41
4994,2800.23
4995,2729.79
4996,2729.67
4997,2729.08
4998,2729.29
4999,2537.29
5000,2339.34
5001,2850.79
5002,2850.45
5003,2537.0
5004,2537.2
5005,2537.28
5006,2537.17
5007,2289.99
5008,2339.59
5009,2594.86
5010,2594.9
5011,3140.32
5012,3240.49
5013,3029.75
5014,3527.16
5015,4500.25
5016,4500.8
5017,4129.64
5018,5500.32
5019,6803.41
5020,6806.1
5021,8000.56
5022,9992.8
5023,13508.05
5024,13506.51
5025,16005.22
5026,16004.04
5027,16004.67
5028,16003.84
5029,16001.92
5030,16000.5
5031,6369.36
5032,7599.82
5033,5920.19
5034,5989.14
5035,4212.66
5036,4212.28
5037,4556.7
5038,4800.47
5039,4904.07
5040,4800.55
5041,4120.43
5042,4120.67
5043,4069.91
5044,4120.64
5045,2769.8
5046,2712.32
5047,3299.51
5048,3140.73
5049,2606.03
5050,2537.92
5051,3099.28
5052,2684.66
5053,2510.31
5054,2810.21
5055,3900.97
5056,3900.89
5057,3000.23
5058,3200.45
5059,3999.6
5060,4357.89
5061,4500.76
5062,4904.95
5063,5514.77
5064,5900.38
5065,4904.58
5066,5000.9
5067,6000.45
5068,6208.11
5069,9200.55
5070,8956.73
5071,7795.46
5072,6500.01
5073,4904.95
5074,4300.59
5075,6000.97
5076,5310.53
5077,4500.65
5078,4129.24
5079,3000.05
5080,2999.86
5081,3999.69
5082,4199.34
5083,4200.83
5084,4199.35
5085,4040.05
5086,3879.81
5087,3800.51
5088,3879.41
5089,4199.37
5090,4199.31
5091,4000.02
5092,3740.65
5093,2729.95
5094,3006.09
5095,2609.86
5096,2640.62
5097,2510.94
5098,2510.52
5099,2537.54
5100,2537.58
5101,2349.41
5102,2349.28
5103,2537.37
5104,2537.6
5105,2349.31
5106,2720.14
5107,3160.84
5108,2769.58
5109,3499.39
5110,3879.78
5111,4000.13
5112,4000.12
5113,4929.27
5114,6003.67
5115,12000.42
5116,15003.72
5117,16000.86
5118,16000.95
5119,17000.82
5120,17000.62
5121,15000.1
5122,11111.06
5123,8000.9
5124,8000.02
5125,7322.47
5126,7502.39
5127,5869.46
5128,5206.87
5129,5000.35
5130,4999.77
5131,5500.56
5132,5500.46
5133,4904.86
5134,5000.15
5135,5500.37
5136,5000.96
5137,4904.95
5138,5305.5
5139,4989.46
5140,4669.89
5141,3595.37
5142,3441.13
5143,3650.1
5144,3425.45
5145,3191.35
5146,3425.37
5147,3191.66
5148,2981.98
5149,3425.24
5150,3997.51
5151,5000.78
5152,5051.3
5153,5500.92
5154,5986.16
5155,7000.35
5156,6000.64
5157,6520.55
5158,7001.0
5159,8000.33
5160,8000.61
5161,7000.17
5162,8219.32
5163,10000.65
5164,10000.9
5165,10723.83
5166,10000.63
5167,9069.47
5168,8520.32
5169,6841.1
5170,5986.25
5171,4904.28
5172,4070.22
5173,3700.8
5174,3800.49
5175,3951.84
5176,3951.91
5177,3979.99
5178,3979.95
5179,3063.15
5180,3140.16
5181,3522.3
5182,3299.82
5183,3841.11
5184,3800.52
5185,3604.69
5186,3879.26
5187,3865.64
5188,3685.37
5189,3024.24
5190,3069.66
5191,2887.47
5192,2708.87
5193,3833.16
5194,3440.16
5195,3863.04
5196,3799.28
5197,2849.27
5198,2708.94
5199,3299.19
5200,3418.49
5201,3862.15
5202,3799.32
5203,3979.33
5204,3980.58
5205,4199.43
5206,4400.33
5207,5520.02
5208,5520.54
5209,6000.59
5210,8520.38
5211,8520.85
5212,12270.02
5213,16000.32
5214,16000.39
5215,14000.73
5216,12908.81
5217,12646.46
5218,10720.23
5219,8520.33
5220,8520.22
5221,8000.63
5222,8000.86
5223,5999.75
5224,5999.1
5225,5999.43
5226,5989.49
5227,7499.67
5228,7499.89
5229,8001.0
5230,8749.97
5231,9480.82
5232,8000.63
5233,7352.11
5234,7352.19
5235,7352.88
5236,6079.96
5237,4739.14
5238,4904.05
5239,4904.14
5240,4904.27
5241,4510.9
5242,4904.22
5243,4590.23
5244,5100.06
5245,4900.03
5246,5100.96
5247,6093.67
5248,6988.66
5249,6515.81
5250,7352.56
5251,7749.5
5252,8000.09
5253,6332.77
5254,8000.33
5255,10000.51
5256,10000.68
5257,9124.81
5258,15111.29
5259,19992.42
5260,19994.74
5261,20000.0
5262,20000.0
5263,13355.87
5264,9095.09
5265,8000.45
5266,7500.09
5267,7500.22
5268,7328.52
5269,4904.25
5270,4904.24
5271,4517.91
5272,4523.79
5273,4904.21
5274,4904.62
5275,4904.1
5276,4699.74
5277,4952.04
5278,4759.08
5279,4129.08
5280,3849.89
5281,3425.24
5282,3160.54
5283,2899.12
5284,2899.62
5285,2820.55
5286,2820.35
5287,2720.74
5288,3140.89
5289,3146.54
5290,3146.14
5291,3147.53
5292,2999.66
5293,2999.06
5294,2720.11
5295,3240.42
5296,3063.81
5297,3140.66
5298,3425.73
5299,3640.88
5300,3979.58
5301,5070.74
5302,6093.11
5303,7520.31
5304,7850.97
5305,6999.51
5306,8208.77
5307,8520.38
5308,8520.97
5309,12000.67
5310,12002.03
5311,20000.0
5312,9999.86
5313,8205.36
5314,8000.8
5315,6369.21
5316,6000.62
5317,5000.01
5318,5200.18
5319,6500.59
5320,6268.54
5321,6525.12
5322,6677.59
5323,5500.39
5324,5989.96
5325,5999.34
5326,6375.94
5327,7020.22
5328,7020.23
5329,6015.87
5330,7520.0
5331,7352.28
5332,4904.84
5333,4404.54
5334,4292.01
5335,4120.23
5336,4012.86
5337,3536.63
5338,3951.8
5339,3999.23
5340,3536.86
5341,4199.31
5342,4120.73
5343,3500.82
5344,3500.24
5345,4120.67
5346,5002.78
5347,5500.98
5348,7352.89
5349,4904.54
5350,4999.18
5351,7000.86
5352,7599.88
5353,8007.55
5354,8030.06
5355,8030.73
5356,8072.7
5357,8520.55
5358,8520.1
5359,6608.8
5360,8000.91
5361,6507.19
5362,5505.07
5363,3969.42
5364,3900.46
5365,2862.57
5366,2900.84
5367,2900.69
5368,2800.18
5369,2628.08
5370,2708.46
5371,2201.0
5372,2300.52
5373,2500.64
5374,2702.49
5375,2750.6
5376,2500.31
5377,2899.31
5378,2820.97
5379,2820.21
5380,2560.32
5381,2769.41
5382,2379.7
5383,1918.69
5384,2019.9
5385,2019.57
5386,2550.42
5387,2594.0
5388,2400.28
5389,1841.51
5390,2550.47
5391,2400.07
5392,2400.46
5393,1964.4
5394,2594.26
5395,2092.18
5396,2100.99
5397,2999.42
5398,3500.55
5399,3600.14
5400,3536.13
5401,3536.1
5402,3979.84
5403,3999.53
5404,4120.73
5405,4084.08
5406,4904.34
5407,5006.74
5408,5002.73
5409,4552.32
5410,3999.87
5411,4200.93
5412,4200.37
5413,3707.56
5414,3879.0
5415,3879.26
5416,3500.15
5417,3999.47
5418,3999.63
5419,3536.94
5420,3536.35
5421,2708.55
5422,2716.35
5423,3800.86
5424,3879.64
5425,3510.6
5426,3652.25
5427,3425.8
5428,3425.54
5429,2699.58
5430,2699.33
5431,2500.3
5432,2594.55
5433,2820.31
5434,2999.6
5435,3050.89
5436,2945.07
5437,2700.28
5438,2999.8
5439,3100.32
5440,3500.29
5441,3300.42
5442,3425.64
5443,3660.13
5444,3981.91
5445,3984.69
5446,3999.53
5447,4200.72
5448,4499.89
5449,4904.85
5450,5000.43
5451,4800.25
5452,4904.25
5453,4000.27
5454,4450.63
5455,4936.3
5456,5000.61
5457,4200.81
5458,3999.87
5459,3879.41
5460,3510.76
5461,3640.05
5462,3640.91
5463,3999.34
5464,3660.53
5465,3005.12
5466,2999.32
5467,3425.43
5468,3425.3
5469,2708.87
5470,2708.7
5471,2708.78
5472,2708.71
5473,3899.45
5474,3879.03
5475,3050.8
5476,3005.63
5477,2568.62
5478,2325.93
5479,3101.08
5480,2800.18
5481,3300.3
5482,3300.03
5483,2702.12
5484,2568.41
5485,2594.47
5486,2777.08
5487,2777.21
5488,3132.83
5489,3700.31
5490,3432.0
5491,3660.27
5492,3879.23
5493,3979.85
5494,4199.42
5495,4199.26
5496,4500.65
5497,4797.41
5498,4999.37
5499,4904.51
5500,4904.42
5501,4904.81
5502,4999.54
5503,4792.7
5504,4791.75
5505,3900.39
5506,3879.65
5507,3800.69
5508,3830.21
5509,3800.79
5510,3879.36
5511,3536.91
5512,3536.91
5513,3879.95
5514,3800.67
5515,4199.54
5516,4199.71
5517,4000.14
5518,3999.48
5519,3425.92
5520,3879.22
5521,3151.18
5522,3365.33
5523,3050.97
5524,2817.94
5525,2537.87
5526,2537.53
5527,2594.89
5528,2520.73
5529,2386.84
5530,2289.97
5531,2019.78
5532,2182.9
5533,2700.53
5534,3253.45
5535,2820.8
5536,2820.36
5537,3441.09
5538,3879.61
5539,3522.64
5540,3700.49
5541,3660.84
5542,3660.26
5543,3300.09
5544,2999.72
5545,3135.69
5546,2900.46
5547,2708.53
5548,2708.76
5549,3500.67
5550,3700.33
5551,3381.02
5552,2720.86
5553,3879.38
5554,4004.52
5555,4100.33
5556,4002.54
5557,1999.88
5558,1999.94
5559,3660.4
5560,3150.93
5561,3979.25
5562,3979.62
5563,3409.73
5564,3499.18
5565,2700.67
5566,2581.9
5567,2019.96
5568,2019.84
5569,1735.55
5570,1735.63
5571,1635.97
5572,1799.14
5573,2200.83
5574,2151.36
5575,2289.91
5576,2299.53
5577,1636.0
5578,2289.97
5579,2249.06
5580,2069.45
5581,2209.02
5582,2000.24
5583,2515.81
5584,2510.14
5585,2594.69
5586,2613.55
5587,3300.79
5588,3425.41
5589,2509.95
5590,2999.08
5591,2702.02
5592,2700.01
5593,2918.4
5594,3850.49
5595,4200.79
5596,4029.94
5597,4129.36
5598,4129.84
5599,4000.57
5600,3879.93
5601,3900.84
5602,3879.98
5603,3879.35
5604,3660.64
5605,3620.82
5606,3620.68
5607,3620.05
5608,3620.03
5609,3379.44
5610,3400.72
5611,3990.34
5612,3900.35
5613,3601.2
5614,3499.5
5615,3445.15
5616,3640.0
5617,3950.27
5618,4249.37
5619,3120.16
5620,3120.33
5621,2594.93
5622,2735.15
5623,3600.67
5624,3450.68
5625,3120.22
5626,3425.87
5627,3425.86
5628,3600.1
5629,3120.16
5630,3151.14
5631,3657.68
5632,3999.52
5633,3979.92
5634,4100.07
5635,4400.83
5636,4559.78
5637,3999.87
5638,4300.36
5639,4499.93
5640,4904.66
5641,5000.67
5642,5175.94
5643,5100.78
5644,5428.99
5645,5783.98
5646,5500.32
5647,4240.53
5648,4101.0
5649,4504.21
5650,4499.11
5651,4129.99
5652,3900.92
5653,3660.42
5654,3660.82
5655,3879.73
5656,3660.71
5657,3640.02
5658,3879.57
5659,3999.51
5660,3999.76
5661,3522.42
5662,3522.15
5663,3150.03
5664,2984.54
193,3800.08
194,3879.21
195,3850.94
196,3699.23
197,3000.69
198,3500.19
199,3851.0
200,3432.12
201,2999.63
202,2999.31
203,2900.02
204,2711.79
205,3000.46
206,3432.53
207,3432.85
208,3315.21
209,3150.88
210,3000.73
211,3132.46
212,2900.21
213,3699.76
214,3979.92
215,4500.85
216,5094.15
217,5018.05
218,6840.79
219,7534.0
220,8000.8
221,8001.8
222,15000.06
223,16000.24
224,12000.45
225,5800.98
226,6129.08
227,5010.16
228,4900.87
229,4129.03
230,4430.7
231,4999.83
232,4286.77
233,5511.48
234,5200.75
235,5500.28
236,4999.65
237,4516.33
238,4516.66
239,4286.56
240,4286.42
241,4904.13
242,4999.59
243,4904.12
244,4516.15
245,3530.28
246,3432.46
247,3132.56
248,2962.27
249,2594.96
250,2815.01
251,2749.22
252,2624.62
253,2537.92
254,2537.75
255,3120.76
256,3500.93
257,3979.97
258,4000.0
259,4000.01
260,4500.72
261,3999.11
262,4500.39
263,4904.02
264,4949.69
265,4000.0
266,4316.55
267,4050.43
268,4499.96
269,4316.51
270,4300.28
271,3999.89
272,4079.08
273,3359.87
274,3381.88
275,3000.16
276,2999.65
277,2820.22
278,2820.63
279,2499.89
280,2900.08
281,4006.43
282,4004.11
283,3640.15
284,3522.75
285,2688.45
286,2800.09
287,2679.33
288,2679.3
961,4008.41
962,3920.98
963,3679.17
964,3509.98
965,3494.31
966,3250.49
967,3500.31
968,3250.0
969,3791.25
970,3791.5
971,4026.61
972,4026.34
973,3536.05
974,3536.1
975,3476.3
976,3509.0
977,3920.46
978,4026.22
979,3460.93
980,3685.98
981,3620.03
982,4505.91
983,4029.94
984,3679.23
985,3650.73
986,4410.24
987,5239.22
988,5321.41
989,4099.78
990,4400.95
991,5321.14
992,4899.73
993,5878.01
994,5501.68
995,5000.4
996,4500.72
997,4899.79
998,4360.38
999,4182.24
1000,4399.43
1001,4026.5
1002,4419.28
1003,4929.2
1004,4449.34
1005,4026.66
1006,3920.37
1007,3685.19
1008,3515.53
1009,3495.48
1010,3509.27
1011,4026.88
1012,4026.34
1013,3250.23
1014,2750.18
1015,3460.33
1016,3500.46
1017,3495.71
1018,3720.13
1019,4528.05
1020,4332.26
1021,4102.51
1022,4163.19
1023,4300.84
1024,4300.91
1025,4900.07
1026,4900.05
1027,5800.06
1028,5739.94
1029,5959.64
1030,7947.57
1031,8862.3
1032,10000.88
1033,8862.73
1034,10000.04
1035,10000.55
1036,8862.95
1037,6999.09
1038,6219.59
1039,4533.7
1040,4195.02
1041,3929.87
1042,4290.35
1043,4002.94
1044,4350.73
1045,4434.3
1046,4706.69
1047,4706.01
1048,4145.79
1049,4152.14
1050,3920.24
1051,3300.1
1052,3685.08
1053,3920.48
1054,4000.92
1055,4000.09
1056,3685.17
3937,3350.77
3938,3500.52
3939,4080.8
3940,3200.71
3941,4163.36
3942,4141.27
3943,4149.4
3944,3550.01
3945,3530.63
3946,3530.87
3947,3516.0
3948,3530.0
3949,3473.11
3950,3477.69
3951,3280.88
3952,3381.32
3953,4026.14
3954,4026.98
3955,4026.72
3956,4026.97
3957,4706.62
3958,4916.89
3959,4700.9
3960,4899.56
3961,4703.09
3962,4598.1
3963,5321.9
3964,5200.19
3965,5050.34
3966,5199.65
3967,5000.87
3968,4579.24
3969,5239.39
3970,5959.32
3971,5401.15
3972,4500.69
3973,5150.28
3974,5999.69
3975,5878.84
3976,5239.91
3977,4103.09
3978,4300.76
3979,4500.44
3980,4500.38
3981,4163.5
3982,4191.18
3983,4000.87
3984,3990.77
3985,3509.56
3986,3710.76
3987,4145.98
3988,4145.77
3989,4026.68
3990,3600.67
3991,4026.43
3992,4026.61
3993,3999.58
3994,4000.11
3995,4145.76
3996,4145.76
3997,4419.74
3998,5000.12
3999,5000.44
4000,5000.51
4001,5000.6
4002,5800.34
4003,5800.49
4004,5959.83
4005,7572.4
4006,8000.54
4007,12000.0
4008,12000.0
4009,12000.0
4010,12000.0
4011,12000.0
4012,12000.0
4013,6722.78
4014,6000.05
4015,5000.38
4016,4029.85
4017,4029.75
4018,4899.48
4019,4103.45
4020,3800.83
4021,3685.17
4022,3685.65
4023,4026.24
4024,3800.72
4025,4571.01
4026,4419.66
4027,4659.45
4028,4500.53
4029,3700.31
4030,3499.83
4031,2940.88
4032,3391.26
6625,3045.54
6626,3280.82
6627,3253.97
6628,3257.37
6629,3460.86
6630,3600.03
6631,4163.02
6632,4163.9
6633,3460.2
6634,3350.06
6635,3002.68
6636,3194.87
6637,3095.81
6638,3000.77
6639,3500.93
6640,3599.22
6641,3500.57
6642,3599.77
6643,4026.15
6644,4026.5
6645,4490.26
6646,4899.58
6647,4249.68
6648,4300.84
6649,3997.55
6650,3999.03
6651,3570.82
6652,3620.2
6653,4150.52
6654,4500.5
6655,5023.33
6656,5000.14
6657,5100.13
6658,4979.93
6659,5500.65
6660,4350.68
6661,3900.2
6662,2479.87
6663,3880.62
6664,3880.48
6665,4300.82
6666,3880.76
6667,4706.24
6668,4706.19
6669,4706.62
6670,4756.96
6671,4287.0
6672,4479.41
6673,3993.12
6674,4000.56
6675,3996.63
6676,4074.35
6677,3230.35
6678,3250.97
6679,4145.4
6680,4145.26
6681,4706.58
6682,5000.18
6683,4706.2
6684,4706.13
6685,4500.1
6686,5000.06
6687,4300.36
6688,4675.4
6689,4756.61
6690,4849.12
6691,5800.09
6692,5959.57
6693,5500.81
6694,7188.74
6695,10259.98
6696,12000.0
6697,12000.0
6698,10000.54
6699,7454.5
6700,5500.74
6701,5200.88
6702,5100.67
6703,4700.4
6704,4300.47
6705,3999.98
6706,4499.28
6707,4150.11
6708,4163.12
6709,4103.25
6710,3800.62
6711,4400.1
6712,4750.84
6713,4026.52
6714,4026.34
6715,4026.46
6716,4026.47
6717,4523.16
6718,4163.75
6719,3853.0
6720,3499.03
9601,4145.37
9602,4145.52
9603,4145.77
9604,4145.42
9605,4251.96
9606,4145.75
9607,4145.67
9608,3999.31
9609,3992.55
9610,3991.75
9611,4145.04
9612,4145.0
9613,3655.89
9614,3654.44
9615,3800.33
9616,3512.0
9617,4099.21
9618,4099.96
9619,4706.39
9620,5039.71
9621,5000.59
9622,5109.98
9623,5109.16
9624,4916.53
9625,4706.6
9626,4501.16
9627,5997.17
9628,6069.91
9629,6069.35
9630,6069.28
9631,6722.71
9632,5500.85
9633,5109.71
9634,5109.74
9635,5997.6
9636,5500.22
9637,5321.17
9638,5600.37
9639,5159.94
9640,4419.5
9641,5000.17
9642,5000.63
9643,5000.05
9644,4880.0
9645,4029.98
9646,3993.37
9647,5200.18
9648,4557.62
9649,4565.91
9650,5000.41
9651,3998.07
9652,4026.11
9653,4026.99
9654,4096.14
9655,4419.61
9656,4480.48
9657,4533.4
9658,5000.6
9659,4419.89
9660,5000.36
9661,4359.0
9662,4929.03
9663,5000.9
9664,5000.76
9665,5500.75
9666,6018.64
9667,7572.51
9668,8249.55
9669,6999.21
9670,8862.96
9671,12000.0
9672,12000.0
9673,12000.0
9674,12000.0
9675,12000.0
9676,10512.68
9677,6498.08
9678,5500.77
9679,4820.48
9680,3722.48
9681,4534.83
9682,5100.54
9683,4706.67
9684,4929.69
9685,5401.86
9686,5135.86
9687,4918.64
9688,4287.92
9689,4929.18
9690,5000.24
9691,4706.13
9692,4706.96
9693,4706.44
9694,4419.9
9695,4001.96
9696,2850.12
12481,5451.78
12482,5469.97
12483,5000.28
12484,5000.07
12485,4706.18
12486,4573.84
12487,4260.55
12488,4706.4
12489,3748.52
12490,3748.28
12491,4706.49
12492,4706.3
12493,4876.47
12494,4876.81
12495,5000.33
12496,4929.1
12497,4916.51
12498,5000.7
12499,5321.36
12500,5109.88
12501,5460.21
12502,5818.33
12503,5441.9
12504,5498.33
12505,5000.39
12506,5498.77
12507,5800.79
12508,6370.85
12509,5500.19
12510,5878.87
12511,5500.91
12512,4740.59
12513,4573.9
12514,4929.49
12515,5500.24
12516,5498.37
12517,5500.75
12518,5500.98
12519,5321.98
12520,5380.61
12521,4600.38
12522,4600.18
12523,4916.62
12524,4500.79
12525,4300.31
12526,4500.16
12527,4800.49
12528,4163.9
12529,4800.06
12530,5000.43
12531,5000.86
12532,5000.12
12533,3430.28
12534,3430.68
12535,3530.18
12536,3515.31
12537,3774.5
12538,5000.15
12539,5000.02
12540,4500.12
12541,5000.38
12542,5000.45
12543,5000.74
12544,5498.65
12545,5600.32
12546,5800.97
12547,6237.5
12548,6498.7
12549,7572.43
12550,12000.0
12551,12000.0
12552,12000.0
12553,12000.0
12554,12000.0
12555,12000.0
12556,12000.0
12557,12000.0
12558,12000.0
12559,5498.49
12560,5498.74
12561,4290.71
12562,4491.37
12563,4500.98
12564,5049.83
12565,5050.9
12566,5100.27
12567,5865.24
12568,5096.01
12569,5000.82
12570,5000.88
12571,5000.54
12572,5100.3
12573,5500.33
12574,5498.78
12575,5580.32
12576,5000.48
15457,4500.82
15458,3500.27
15459,4589.73
15460,4589.48
15461,5401.38
15462,5199.43
15463,4000.99
15464,3550.45
15465,4000.36
15466,4324.17
15467,4916.06
15468,4706.93
15469,4706.83
15470,3789.0
15471,3250.34
15472,3000.03
15473,2993.64
15474,2998.99
15475,3250.09
15476,3430.31
15477,3700.29
15478,4000.44
15479,4000.63
15480,3430.08
15481,3430.05
15482,3430.25
15483,3430.88
15484,4199.79
15485,4000.97
15486,4040.29
15487,4300.63
15488,4200.13
15489,4065.0
15490,3510.46
15491,4163.14
15492,3430.92
15493,4163.21
15494,4000.94
15495,4163.57
15496,4300.95
15497,5555.71
15498,5535.75
15499,5500.73
15500,5401.51
15501,5878.28
15502,5498.16
15503,5000.41
15504,4152.33
15505,3759.2
15506,4000.06
15507,3620.27
15508,3791.54
15509,4145.58
15510,4026.19
15511,4300.51
15512,4300.98
15513,3791.3
15514,4706.41
15515,4000.32
15516,4026.81
15517,2840.24
15518,3430.08
15519,4300.13
15520,4300.3
15521,4399.49
15522,4500.04
15523,4500.14
15524,4499.73
15525,3250.28
15526,3140.81
15527,4999.1
15528,6069.54
15529,5200.91
15530,5135.06
15531,5300.54
15532,5500.19
15533,4540.78
15534,4499.1
15535,4093.54
15536,3499.64
15537,3650.66
15538,4706.5
15539,4600.62
15540,4750.77
15541,4706.55
15542,5000.86
15543,5135.45
15544,4706.4
15545,4706.99
15546,5049.55
15547,4916.21
15548,5000.44
15549,5498.4
15550,5499.91
15551,5865.1
15552,5000.63
18337,5865.1
18338,4929.22
18339,5000.08
18340,5000.54
18341,5000.47
18342,4916.56
18343,4529.49
18344,4163.64
18345,3512.68
18346,3512.49
18347,3800.48
18348,4161.46
18349,4163.37
18350,4277.98
18351,3319.74
18352,3319.61
18353,3430.48
18354,3430.19
18355,3430.51
18356,3500.59
18357,3600.29
18358,3512.62
18359,5000.25
18360,4780.0
18361,3670.54
18362,4163.55
18363,3600.46
18364,4163.08
18365,4700.22
18366,5039.69
18367,4163.01
18368,3500.88
18369,4650.77
18370,5000.9
18371,5507.44
18372,5499.69
18373,5401.2
18374,5498.03
18375,5000.76
18376,5498.08
18377,5499.38
18378,5499.09
18379,5019.45
18380,5000.33
18381,5000.51
18382,5000.31
18383,5639.39
18384,5665.66
18385,4200.52
18386,4180.32
18387,4366.5
18388,4486.5
18389,4706.58
18390,5000.04
18391,4300.81
18392,4300.85
18393,4163.71
18394,5000.37
18395,5000.88
18396,5321.45
18397,4767.24
18398,4767.95
18399,5000.83
18400,5498.83
18401,6069.19
18402,6922.83
18403,7999.94
18404,8000.8
18405,8531.72
18406,9000.35
18407,12000.0
18408,12000.0
18409,12000.0
18410,12000.0
18411,12000.0
18412,12000.0
18413,12000.0
18414,10136.19
18415,5380.08
18416,5500.52
18417,4916.61
18418,5000.51
18419,6069.13
18420,6199.45
18421,5999.7
18422,6069.28
18423,4706.91
18424,5370.39
18425,4500.68
18426,4500.72
18427,4500.89
18428,4500.84
18429,4001.15
18430,3993.28
18431,5526.93
18432,5000.04
21313,4500.7
21314,4500.35
21315,4916.41
21316,4706.11
21317,4508.45
21318,4508.63
21319,5000.25
21320,5000.1
21321,5000.33
21322,5000.62
21323,4508.49
21324,4508.97
21325,3774.11
21326,3450.59
21327,4508.59
21328,4508.04
21329,4949.63
21330,5000.27
21331,5000.5
21332,5000.52
21333,5499.68
21334,5586.06
21335,4280.75
21336,3600.4
21337,3670.66
21338,3600.53
21339,5199.01
21340,5321.68
21341,5135.48
21342,5135.99
21343,4544.6
21344,4544.31
21345,4500.54
21346,4714.57
21347,5000.62
21348,5401.38
21349,4600.64
21350,5401.88
21351,4498.83
21352,4498.06
21353,4500.26
21354,4929.18
21355,4929.79
21356,5000.68
21357,5000.43
21358,4999.63
21359,4199.7
21360,4199.74
21361,4280.47
21362,4916.23
21363,4916.51
21364,4500.5
21365,3600.0
21366,3700.42
21367,4280.89
21368,4544.62
21369,4929.92
21370,5000.18
21371,5000.61
21372,5000.84
21373,4949.07
21374,4635.81
21375,5000.63
21376,5000.65
21377,5636.01
21378,5959.66
21379,6000.49
21380,6459.7
21381,5500.22
21382,5501.0
21383,6199.21
21384,6199.69
21385,6498.86
21386,7000.6
21387,10792.2
21388,11411.63
21389,9999.38
21390,7000.02
21391,6199.8
21392,5878.43
21393,6328.81
21394,6199.46
21395,5279.89
21396,5279.43
21397,4999.54
21398,4999.13
21399,4706.88
21400,4530.82
21401,4300.96
21402,4706.9
21403,4530.85
21404,4433.8
21405,4706.12
21406,4300.3
21407,4516.77
21408,4163.65
24289,4500.8
24290,4500.9
24291,4500.53
24292,4500.76
24293,3993.23
24294,3650.81
24295,4026.34
24296,4026.93
24297,3512.87
24298,3500.53
24299,4026.68
24300,4337.68
24301,3774.12
24302,3774.16
24303,4026.51
24304,4026.3
24305,3430.79
24306,3999.54
24307,3899.68
24308,4400.06
24309,4825.0
24310,5000.43
24311,3950.74
24312,3430.11
24313,3430.05
24314,3430.64
24315,4300.99
24316,5167.69
24317,5629.23
24318,4500.69
24319,4000.67
24320,4163.31
24321,5500.39
24322,5019.18
24323,5499.96
24324,5321.19
24325,4999.45
24326,4929.61
24327,5401.75
24328,5000.64
24329,5000.5
24330,5000.48
24331,5321.09
24332,5321.51
24333,5000.37
24334,5000.08
24335,4300.66
24336,4103.84
24337,4706.45
24338,4999.3
24339,4516.1
24340,4544.06
24341,3657.86
24342,3600.93
24343,4000.75
24344,4163.3
24345,4163.24
24346,5000.35
24347,5000.41
24348,5166.45
24349,5166.68
24350,5199.81
24351,5668.29
24352,5603.56
24353,5587.79
24354,5445.03
24355,5649.96
24356,5499.86
24357,5589.58
24358,6000.06
24359,7454.91
24360,7454.03
24361,7454.31
24362,6000.98
24363,7454.17
24364,7454.16
24365,5997.09
24366,5994.77
24367,4544.0
24368,4500.14
24369,3350.91
24370,3600.16
24371,4488.66
24372,4998.09
24373,4300.96
24374,4301.0
24375,4163.99
24376,4163.45
24377,4507.7
24378,4508.13
24379,5000.46
24380,5000.46
24381,4163.13
24382,4001.57
24383,3949.2
24384,3700.59
27169,4155.27
27170,3800.36
27171,4000.61
27172,4026.2
27173,4026.14
27174,4000.73
27175,4026.58
27176,4026.31
27177,4026.29
27178,3462.79
27179,3864.24
27180,4026.06
27181,3350.27
27182,3200.69
27183,3000.17
27184,2930.49
27185,2930.78
27186,3354.44
27187,3392.48
27188,3512.73
27189,4280.3
27190,4155.99
27191,4300.65
27192,4929.2
27193,3990.64
27194,3670.6
27195,4000.91
27196,4300.14
27197,4500.39
27198,4300.77
27199,4163.4
27200,4500.57
27201,5000.47
27202,5166.08
27203,4500.13
27204,4300.44
27205,5000.96
27206,5399.49
27207,4200.56
27208,4200.39
27209,4400.9
27210,5000.57
27211,4952.0
27212,4999.12
27213,3880.84
27214,3880.83
27215,3880.33
27216,3881.0
27217,3350.73
27218,3240.31
27219,3430.34
27220,3430.88
27221,3690.43
27222,3430.88
27223,3530.27
27224,4100.86
27225,4163.27
27226,4280.96
27227,4280.14
27228,4999.18
27229,4163.89
27230,4163.65
27231,4620.36
27232,5293.7
27233,5200.42
27234,5166.86
27235,4944.4
27236,4999.46
27237,5267.95
27238,5141.15
27239,5959.26
27240,6000.09
27241,5200.45
27242,5135.26
27243,4750.72
27244,4530.67
27245,4610.68
27246,4499.69
27247,4300.67
27248,3877.6
27249,4499.48
27250,4650.63
27251,3993.83
27252,4000.41
27253,3500.53
27254,3570.27
27255,3501.22
27256,3570.86
27257,4512.29
27258,4980.0
27259,4001.83
27260,4000.33
27261,4001.41
27262,3540.88
27263,3350.87
27264,2997.45
30145,3791.34
30146,3791.48
30147,3000.43
30148,3450.69
30149,3220.21
30150,3101.29
30151,2961.66
30152,3250.74
30153,3450.78
30154,3450.16
30155,3291.93
30156,3600.72
30157,3001.59
30158,3495.18
30159,3720.13
30160,3850.4
30161,3720.44
30162,3774.17
30163,3774.1
30164,3774.48
30165,4155.85
30166,4493.09
30167,4499.63
30168,4494.18
30169,4155.18
30170,4050.06
30171,4500.44
30172,5166.22
30173,5269.38
30174,4999.75
30175,4000.3
30176,4000.82
30177,5135.06
30178,5293.8
30179,4500.24
30180,4499.71
30181,4500.63
30182,4506.61
30183,5293.93
30184,5189.24
30185,4499.41
30186,4280.57
30187,4426.0
30188,4163.62
30189,4163.71
30190,4499.19
30191,4163.68
30192,4155.57
30193,4026.95
30194,4026.89
30195,4000.4
30196,3774.8
30197,3680.17
30198,3512.9
30199,4000.19
30200,4000.18
30201,4026.03
30202,4488.59
30203,4499.55
30204,4499.25
30205,4499.6
30206,4499.86
30207,5269.45
30208,5199.83
30209,4525.25
30210,4516.22
30211,4527.36
30212,4596.83
30213,4989.88
30214,5200.37
30215,5406.01
30216,5700.77
30217,6454.34
30218,5959.33
30219,5598.57
30220,4620.2
30221,5500.89
30222,4486.98
30223,4196.38
30224,4150.75
30225,4499.02
30226,4300.65
30227,2999.62
30228,1999.99
30229,3791.76
30230,3791.31
30231,4122.09
30232,4051.67
30233,4499.56
30234,4503.16
30235,4617.19
30236,4550.86
30237,3799.08
30238,3450.5
30239,4499.26
30240,4001.3
33025,4163.91
33026,3499.35
33027,4132.0
33028,4303.51
33029,3491.19
33030,3793.55
33031,3763.27
33032,3765.36
33033,3720.91
33034,3350.22
33035,3350.41
33036,3022.52
33037,4026.8
33038,4303.46
33039,4163.64
33040,4163.07
33041,3166.84
33042,3430.29
33043,3430.59
33044,3430.23
33045,4163.56
33046,4280.21
33047,4506.27
33048,4505.57
33049,4499.46
33050,4499.99
33051,4280.83
33052,4499.95
33053,4500.65
33054,4500.54
33055,4500.07
33056,4303.37
33057,4163.37
33058,4000.77
33059,4303.94
33060,4163.2
33061,5149.41
33062,5149.82
33063,4505.31
33064,4504.9
33065,4323.17
33066,4488.14
33067,4303.39
33068,4155.45
33069,4488.54
33070,4761.77
33071,4844.21
33072,4658.53
33073,3700.41
33074,3430.73
33075,3600.26
33076,3512.78
33077,3350.83
33078,3445.5
33079,3512.51
33080,3495.39
33081,3495.28
33082,3495.57
33083,3791.19
33084,3791.61
33085,4000.52
33086,4280.05
33087,3720.8
33088,4300.17
33089,4999.03
33090,5000.36
33091,5293.31
33092,5300.59
33093,5200.12
33094,5100.27
33095,5135.88
33096,5000.16
33097,5800.45
33098,5600.07
33099,5500.51
33100,5499.22
33101,4501.71
33102,4501.24
33103,3430.24
33104,2999.98
33105,3600.26
33106,3773.89
33107,4026.49
33108,4007.08
33109,3773.12
33110,3773.45
33111,3791.13
33112,3774.29
33113,3773.4
33114,4499.03
33115,3720.9
33116,4000.6
33117,3749.99
33118,3500.94
33119,3550.27
33120,3499.65
30337,4499.56
30338,4499.51
30339,4929.71
30340,4499.14
30341,4079.6
30342,4026.76
30343,3450.79
30344,3398.65
30345,3397.47
30346,3300.29
30347,4303.85
30348,4499.37
30349,4499.18
30350,4303.98
30351,3900.62
30352,3720.35
30353,2800.12
30354,3341.79
30355,4499.33
30356,4303.89
30357,4929.42
30358,5000.59
30359,4499.38
30360,4505.33
30361,3750.25
30362,4163.85
30363,5000.08
30364,5269.89
30365,5269.67
30366,5166.75
30367,4999.97
30368,4801.73
30369,4007.35
30370,4000.99
30371,4000.83
30372,4163.9
30373,4300.39
30374,4511.63
30375,5200.23
30376,4929.07
30377,4544.79
30378,5166.06
30379,5104.81
30380,4499.51
30381,5104.54
30382,5166.22
30383,4026.79
30384,4026.67
30385,4026.52
30386,4026.08
30387,3720.62
30388,3791.13
30389,3720.5
30390,3720.34
30391,3495.94
30392,3600.89
30393,3774.22
30394,3774.65
30395,4200.88
30396,4499.46
30397,5000.76
30398,5166.06
30399,4700.34
30400,4930.0
30401,4000.38
30402,4000.15
30403,3600.32
30404,4000.27
30405,4000.09
30406,4000.13
30407,3430.91
30408,3760.93
30409,4500.21
30410,4200.76
30411,4517.19
30412,4513.32
30413,4700.29
30414,4530.36
30415,3773.24
30416,3510.38
30417,3300.58
30418,3351.0
30419,3630.22
30420,4026.07
30421,4026.7
30422,4260.11
30423,4000.31
30424,3720.45
30425,3500.26
30426,3720.35
30427,4500.33
30428,4303.84
30429,3791.17
30430,3500.81
30431,3290.7
30432,3001.0
30433,3172.5
30434,2930.62
30435,2930.94
30436,2930.02
30437,2790.74
30438,3001.21
30439,2962.65
30440,2830.99
30441,3172.51
30442,3172.03
30443,3172.09
30444,3100.92
30445,2962.13
30446,2962.35
30447,2680.38
30448,2540.28
30449,2150.96
30450,2930.17
30451,3205.64
30452,3430.73
30453,3791.52
30454,4200.21
30455,4079.23
30456,4026.37
30457,3600.03
30458,3510.4
30459,3785.6
30460,4163.27
30461,5000.68
30462,4907.81
30463,4837.83
30464,5005.36
30465,4501.47
30466,4550.62
30467,4600.06
30468,4506.05
30469,4500.91
30470,4603.23
30471,5000.41
30472,5000.26
30473,4969.86
30474,4999.4
30475,5005.88
30476,5001.26
30477,4929.86
30478,4999.5
30479,3755.66
30480,4026.8
30481,4057.04
30482,3950.93
30483,4026.76
30484,4026.19
30485,3430.49
30486,3430.92
30487,4929.13
30488,5004.88
30489,5469.12
30490,5500.5
30491,5499.28
30492,5104.92
30493,4999.95
30494,5499.92
30495,5499.11
30496,5499.35
30497,5499.7
30498,5550.97
30499,6250.22
30500,6000.61
30501,5959.1
30502,6498.98
30503,7519.5
30504,7500.79
30505,9006.7
30506,8283.61
30507,7447.59
30508,6500.65
30509,5199.2
30510,5135.23
30511,5000.66
30512,4572.67
30513,4530.87
30514,4970.76
30515,5199.45
30516,5000.71
30517,4837.56
30518,5199.33
30519,4545.21
30520,4303.35
30521,4900.67
30522,4837.25
30523,4600.22
30524,4530.79
30525,4600.56
30526,4499.73
30527,3470.82
30528,3250.62
30529,4500.97
30530,4500.73
30531,5135.26
30532,4999.62
30533,5166.43
30534,4600.87
30535,4488.84
30536,3720.42
30537,3450.66
30538,3700.23
30539,4300.77
30540,4303.78
30541,4488.55
30542,4549.19
30543,3450.06
30544,3172.47
30545,3400.97
30546,4303.97
30547,4877.36
30548,4507.81
30549,4499.83
30550,5166.43
30551,5166.23
30552,5200.31
30553,4999.26
30554,5169.92
30555,5915.39
30556,6454.39
30557,6000.23
30558,6000.39
30559,5800.43
30560,5800.56
30561,5915.55
30562,5915.53
30563,6000.05
30564,5849.14
30565,6000.44
30566,6000.68
30567,6111.05
30568,5959.74
30569,5569.29
30570,5642.0
30571,5500.77
30572,5469.13
30573,5421.15
30574,5300.42
30575,5000.73
30576,4999.05
30577,5112.1
30578,5000.25
30579,5000.58
30580,4488.84
30581,3512.38
30582,3600.84
30583,4163.25
30584,4550.94
30585,5000.21
30586,5023.82
30587,5169.84
30588,5469.92
30589,5469.74
30590,5500.39
30591,5687.71
30592,5915.39
30593,5959.5
30594,6000.4
30595,7519.0
30596,7519.1
30597,6489.11
30598,6500.8
30599,8500.19
30600,8000.37
30601,7519.36
30602,7454.9
30603,6069.2
30604,5199.14
30605,5199.07
30606,4899.64
30607,5166.88
30608,4800.19
30609,4999.73
30610,4800.67
30611,4300.21
30612,4155.17
30613,4850.29
30614,4999.12
30615,5166.03
30616,4350.63
30617,4999.82
30618,5199.31
30619,5166.78
30620,4999.81
30621,4525.37
30622,4303.93
30623,3700.07
30624,3700.66
30625,4012.57
30626,3990.08
30627,4999.35
30628,4999.12
30629,4488.33
30630,4499.14
30631,3777.55
30632,3777.14
30633,3542.16
30634,3500.72
30635,3542.39
30636,3705.57
30637,3403.16
30638,3542.32
30639,3403.62
30640,3331.6
30641,3403.56
30642,3542.58
30643,3542.99
30644,4000.43
30645,4844.5
30646,5000.42
30647,4852.09
30648,4999.69
30649,4014.51
30650,4740.99
30651,5999.1
30652,6000.39
30653,6498.33
30654,6768.73
30655,6000.32
30656,6000.37
30657,5999.4
30658,5998.26
30659,5500.11
30660,5000.62
30661,4807.53
30662,4808.31
30663,5200.26
30664,4929.28
30665,4929.56
30666,4563.8
30667,4886.4
30668,4500.02
30669,4999.67
30670,4999.59
30671,4800.72
30672,4800.24
30673,4000.61
30674,3600.27
30675,4929.46
30676,4303.44
30677,4488.21
30678,3670.67
30679,4303.6
30680,4303.83
30681,5000.15
30682,5249.95
30683,4929.67
30684,5445.38
30685,5668.36
30686,5959.52
30687,5989.24
30688,6000.14
30689,5999.65
30690,6500.42
30691,8000.61
30692,8000.92
30693,9000.8
30694,10000.06
30695,10000.48
30696,10000.85
30697,12000.0
30698,12000.0
30699,12000.0
30700,12000.0
30701,10000.0
30702,7519.97
30703,5505.3
30704,5014.31
30705,4851.88
30706,4851.05
30707,4514.04
30708,4513.39
30709,4014.57
30710,4403.05
30711,5135.85
30712,5104.8
30713,5199.3
30714,5249.28
30715,5199.53
30716,5199.97
30717,5469.99
30718,5249.36
30719,5199.24
30720,4993.71
30721,5469.26
30722,4837.69
30723,5104.26
30724,3990.86
30725,3542.24
30726,3542.05
30727,3500.08
30728,3403.72
30729,3850.55
30730,4500.84
30731,3500.66
30732,3403.67
30733,2938.59
30734,3250.88
30735,2938.19
30736,2938.47
30737,2808.97
30738,3100.37
30739,4403.45
30740,4505.88
30741,3512.44
30742,3500.43
30743,5416.03
30744,4929.59
30745,3303.84
30746,4290.47
30747,6000.2
30748,6000.94
30749,5959.81
30750,5998.35
30751,5695.51
30752,5569.87
30753,5599.84
30754,5500.92
30755,5918.93
30756,5500.28
30757,5608.21
30758,5918.03
30759,6068.0
30760,5918.82
30761,5499.39
30762,5499.5
30763,4403.75
30764,4403.93
30765,4022.4
30766,4046.33
30767,4969.88
30768,4588.54
30769,4500.94
30770,4969.64
30771,3513.0
30772,3600.85
30773,2999.81
30774,3220.52
30775,3294.77
30776,3430.28
30777,4800.1
30778,5001.17
30779,5416.12
30780,5469.57
30781,5469.95
30782,5521.74
30783,5946.38
30784,6000.11
30785,6000.34
30786,6008.14
30787,6722.48
30788,7000.97
30789,7669.95
30790,8000.9
30791,10384.65
30792,10492.91
30793,10000.22
30794,7999.42
30795,6199.25
30796,5608.74
30797,5100.22
30798,4979.68
30799,5000.67
30800,4974.32
30801,5500.89
30802,5249.95
30803,5605.1
30804,5600.96
30805,4089.27
30806,3600.65
30807,4014.69
30808,3600.61
30809,4521.29
30810,5041.08
30811,4089.14
30812,4014.55
30813,5104.06
30814,4837.35
30815,3720.36
30816,3250.53
30817,3774.34
30818,3492.77
30819,4403.55
30820,4499.38
30821,3542.53
30822,3542.37
30823,3990.44
30824,3511.6
30825,3400.82
30826,3416.23
30827,3455.42
30828,3479.1
30829,3400.74
30830,3488.0
30831,3299.35
30832,3450.67
30833,3400.21
30834,3499.11
30835,3430.29
30836,3430.3
30837,3800.56
30838,5000.16
30839,5416.94
30840,5959.38
30841,5416.52
30842,5398.3
30843,5959.98
30844,6214.6
30845,5999.51
30846,6269.61
30847,5135.84
30848,5000.94
30849,5900.9
30850,5838.69
30851,5999.19
30852,5918.0
30853,5249.9
30854,5104.7
30855,5608.3
30856,5671.44
30857,5883.09
30858,5500.51
30859,5959.56
30860,4083.93
30861,4422.35
30862,4650.11
30863,3810.15
30864,4200.49
30865,4459.59
30866,4100.6
30867,4050.44
30868,4001.25
30869,3250.53
30870,3250.32
30871,4403.7
30872,4280.87
30873,3499.67
30874,4550.83
30875,4100.27
30876,4546.0
30877,4300.81
30878,4588.45
30879,4969.36
30880,5800.35
30881,5416.19
30882,5999.09
30883,5959.67
30884,6165.52
30885,6041.34
30886,6165.67
30887,7454.61
30888,7572.91
30889,7572.98
30890,6165.87
30891,4900.35
30892,4949.26
30893,5501.36
30894,5499.13
30895,4500.68
30896,4300.67
30897,4501.59
30898,4550.87
30899,6169.31
30900,6169.33
30901,5250.03
30902,5249.21
30903,5249.36
30904,4837.55
30905,5469.7
30906,5499.3
30907,5469.39
30908,5416.09
30909,4907.53
30910,4283.81
30911,3150.76
30912,3000.17
30913,3777.5
30914,3650.7
30915,3990.15
30916,4403.33
30917,3668.99
30918,3668.59
30919,3668.77
30920,3482.18
30921,3668.69
30922,3668.11
30923,3777.18
30924,3777.18
30925,3500.96
30926,3668.06
30927,3500.25
30928,3500.68
30929,4132.18
30930,4132.09
30931,4035.0
30932,4132.33
30933,5000.05
30934,4969.4
30935,4350.24
30936,5000.37
30937,4899.23
30938,5000.16
30939,5000.05
30940,5000.78
30941,5200.89
30942,5500.59
30943,5000.77
30944,5000.9
30945,5000.53
30946,5000.05
30947,5000.09
30948,4280.74
30949,4280.59
30950,4999.43
30951,4396.0
30952,4293.0
30953,4900.47
30954,4160.84
30955,4132.59
30956,4050.17
30957,4250.04
30958,4280.65
30959,4500.5
30960,4500.26
30961,4014.27
30962,4014.08
30963,4014.8
30964,3990.48
30965,3150.35
30966,3240.97
30967,3398.67
30968,3800.6
30969,4014.39
30970,4500.41
30971,4969.36
30972,5000.1
30973,5000.12
30974,5000.2
30975,5000.47
30976,5000.97
30977,4500.47
30978,5000.43
30979,5000.48
30980,5918.22
30981,5000.45
30982,6165.68
30983,5122.47
30984,6069.33
30985,5918.15
30986,5501.84
30987,5350.6
30988,5300.55
30989,4750.88
30990,4305.33
30991,3600.42
30992,4165.3
30993,4545.34
30994,4700.04
30995,4588.32
30996,4380.38
30997,3990.59
30998,3974.5
30999,3670.78
31000,3581.33
31001,3800.58
31002,4403.33
31003,3990.77
31004,3990.36
31005,3990.32
31006,3500.68
31007,4035.23
31008,3500.86
31009,3331.75
31010,3250.51
31011,3499.96
31012,3300.29
31013,3258.23
31014,3250.81
31015,3777.11
31016,3450.48
31017,3403.64
31018,3380.59
31019,3403.02
31020,3001.01
31021,2800.37
31022,3153.0
31023,3257.25
31024,3201.0
31025,3403.94
31026,3542.9
31027,4572.58
31028,5104.32
31029,5169.08
31030,5169.13
31031,3430.22
31032,3600.61
31033,4300.62
31034,4869.98
31035,4800.47
31036,5000.35
31037,4572.67
31038,4572.84
31039,4000.88
31040,4100.98
31041,4819.75
31042,5671.37
31043,5695.47
31044,5249.23
31045,5469.78
31046,5416.07
31047,4501.53
31048,4000.87
31049,4998.69
31050,4900.92
31051,5249.49
31052,4969.98
31053,5104.13
31054,4998.29
31055,4180.1
31056,4403.71
31057,4014.3
31058,4014.46
31059,4014.37
31060,4014.31
31061,3000.18
31062,3500.78
31063,3499.41
31064,3300.14
31065,3777.67
31066,3900.66
31067,3990.02
31068,4403.26
31069,4500.62
31070,5249.34
31071,4969.07
31072,5104.79
31073,4500.44
31074,5249.5
31075,4589.27
31076,5416.52
31077,5249.86
31078,5671.41
31079,5703.12
31080,6000.1
31081,6000.68
31082,6000.25
31083,5469.56
31084,4600.82
31085,4240.76
31086,3430.1
31087,2499.95
31088,3430.28
31089,4350.91
31090,4240.45
31091,3993.74
31092,3570.32
31093,3430.93
31094,3777.32
31095,3562.31
31096,3430.8
31097,3293.66
31098,3534.01
31099,3542.6
31100,3430.41
31101,3200.71
31102,2909.0
31103,2994.1
31104,2952.75
31105,2938.7
31106,3331.29
31107,2930.17
31108,2850.68
31109,2362.6
31110,2480.61
31111,2830.95
31112,2513.0
31113,2253.08
31114,2312.05
31115,2586.97
31116,2586.16
31117,2586.63
31118,2600.88
31119,2708.0
31120,2650.37
31121,2200.38
31122,2599.2
31123,3430.09
31124,3430.17
31125,3430.45
31126,3861.87
31127,3400.94
31128,3430.53
31129,3512.45
31130,4014.41
31131,5261.19
31132,5601.46
31133,5499.59
31134,5601.13
31135,5695.13
31136,5696.0
31137,6000.18
31138,5959.25
31139,6021.09
31140,5900.59
31141,6504.98
31142,6850.5
31143,6504.06
31144,6522.03
31145,6000.54
31146,6000.67
31147,6141.6
31148,6069.75
31149,6000.57
31150,6000.51
31151,5199.05
31152,4500.34
31153,5249.16
31154,4969.53
31155,4999.41
31156,4588.88
31157,4000.13
31158,3990.68
31159,3990.25
31160,3900.67
31161,3774.34
31162,4000.53
31163,4500.03
31164,4200.78
31165,4500.69
31166,4750.69
31167,5000.67
31168,5001.24
31169,5500.8
31170,5508.34
31171,5506.68
31172,6165.16
31173,6500.89
31174,8000.89
31175,11792.94
31176,10922.12
31177,9000.2
31178,5500.9
31179,5502.31
31180,5501.46
31181,5350.66
31182,4991.45
31183,4500.84
31184,4501.39
31185,5000.17
31186,4500.43
31187,4658.38
31188,4400.31
31189,3990.59
31190,3990.82
31191,3990.39
31192,3769.58
31193,4500.38
31194,4530.25
31195,4249.53
31196,4012.61
31197,3200.41
31198,3250.11
31199,3023.0
31200,3000.03
31201,3331.46
31202,3331.8
31203,3499.7
31204,3100.09
31205,2900.13
31206,2938.37
31207,3101.82
31208,3101.22
31209,3403.15
31210,3590.99
31211,4233.87
31212,4103.28
31213,3099.44
31214,3069.55
31215,3039.0
31216,2938.21
31217,2993.75
31218,3542.86
31219,3440.68
31220,3562.87
31221,3400.97
31222,3500.83
31223,3990.14
31224,4014.48
31225,4000.12
31226,5009.73
31227,5605.41
31228,5605.63
31229,5606.52
31230,5918.7
31231,5501.0
31232,5503.33
31233,5500.96
31234,5502.29
31235,5695.54
31236,5499.43
31237,5502.82
31238,5959.83
31239,6000.29
31240,6000.16
31241,5959.15
31242,5000.13
31243,5838.31
31244,6000.04
31245,3797.45
31246,3792.52
31247,3990.96
31248,3990.78
31249,4100.24
31250,4000.6
31251,4100.35
31252,4561.73
31253,3990.78
31254,4100.54
31255,5416.23
31256,5179.09
31257,4000.94
31258,4014.06
31259,3924.06
31260,4014.27
31261,5500.35
31262,5500.17
31263,5918.97
31264,5918.18
31265,4294.9
31266,4294.42
31267,5500.32
31268,5500.86
31269,5505.67
31270,6500.75
31271,7018.81
31272,7609.96
31273,7686.0
31274,6099.7
31275,5250.02
31276,5120.4
31277,5100.49
31278,5100.13
31279,5501.11
31280,5251.36
31281,4999.46
31282,4999.22
31283,5416.06
31284,4999.35
31285,4511.85
31286,4999.87
31287,4999.37
31288,4640.85
31289,4249.18
31290,5120.87
31291,4999.05
31292,4500.86
31293,3999.72
31294,4554.0
31295,3777.44
31296,3700.62
31297,2930.45
31298,2930.16
31299,2938.27
31300,2850.48
31301,2808.66
31302,2938.12
31303,2808.83
31304,2938.15
31305,2808.72
31306,2900.6
31307,2900.49
31308,2900.59
31309,2938.23
31310,2930.61
31311,2938.39
31312,2930.65
31313,3000.8
31314,3542.96
31315,3608.41
31316,4403.4
31317,3529.84
31318,4999.45
31319,4014.34
31320,4999.07
31321,3512.35
31322,4000.52
31323,4501.6
31324,5254.65
31325,5959.28
31326,6069.51
31327,7018.84
31328,7018.35
31329,5505.67
31330,5500.28
31331,5500.63
31332,4740.61
31333,5900.09
31334,6000.55
31335,6000.1
31336,6000.55
31337,5959.15
31338,5249.2
31339,5249.69
31340,5249.78
31341,4999.36
31342,5177.82
31343,4403.06
31344,4999.03
31345,4200.62
31346,4500.59
31347,4500.09
31348,4500.97
31349,4270.27
31350,4588.99
31351,4969.61
31352,4703.5
31353,4999.23
31354,4609.15
31355,5179.32
31356,5416.4
31357,5500.5
31358,5671.44
31359,5838.62
31360,6000.41
31361,6000.31
31362,6000.39
31363,6000.24
31364,6000.86
31365,6394.54
31366,7554.42
31367,6802.07
31368,7729.92
31369,8000.27
31370,6904.52
31371,7316.59
31372,7000.33
31373,5959.01
31374,5502.39
31375,4501.15
31376,4290.03
31377,5199.69
31378,5416.89
31379,5416.25
31380,4150.97
31381,4250.85
31382,4014.87
31383,4581.34
31384,4560.26
31385,4499.1
31386,5100.19
31387,4999.33
31388,4829.17
31389,4403.97
31390,4999.05
31391,3990.54
31392,3990.27
31393,3700.65
31394,3499.17
31395,4194.72
31396,4004.02
31397,3430.75
31398,3430.49
31399,3430.68
31400,3430.88
31401,3143.78
31402,3000.36
31403,3430.04
31404,2938.91
31405,2808.47
31406,2808.36
31407,2808.73
31408,3331.19
31409,3500.99
31410,4969.76
31411,4588.54
31412,4500.87
31413,3700.49
31414,4000.44
31415,4999.5
31416,5003.34
31417,4270.65
31418,5254.23
31419,5500.86
31420,6000.13
31421,6000.97
31422,6000.8
31423,6000.14
31424,5900.14
31425,5999.69
31426,5999.74
31427,5000.85
31428,4089.76
31429,5500.08
31430,5959.66
31431,6000.56
31432,6165.52
31433,6164.13
31434,6165.28
31435,5856.8
31436,5838.54
31437,6069.04
31438,6000.35
31439,6000.07
31440,5999.76
31441,5200.07
31442,5416.21
31443,5179.24
31444,4493.24
31445,3990.39
31446,3990.15
31447,4969.88
31448,4999.98
31449,4999.57
31450,4999.85
31451,5200.14
31452,5800.61
31453,5200.24
31454,5500.45
31455,6000.4
31456,6000.27
31457,5959.26
31458,6000.54
31459,6000.76
31460,6922.47
31461,6989.49
31462,7018.94
31463,10710.15
31464,12000.0
31465,11001.57
31466,10000.72
31467,10000.3
31468,9000.08
31469,6749.42
31470,7000.01
31471,5000.04
31472,4501.96
31473,4999.95
31474,4970.02
31475,4595.47
31476,4499.32
31477,4252.66
31478,4249.72
31479,4139.29
31480,4139.11
31481,4499.07
31482,4499.7
31483,4049.38
31484,4049.49
31485,4001.95
31486,3880.6
31487,4049.17
31488,3880.15
31489,4999.93
31490,4588.06
31491,3774.97
31492,3774.85
31493,3774.67
31494,3774.05
31495,3542.76
31496,3430.62
31497,3400.33
31498,3331.6
31499,2938.69
31500,3500.11
31501,2900.47
31502,2930.49
31503,3430.62
31504,3430.36
31505,3500.21
31506,4249.56
31507,3403.77
31508,3749.2
31509,3900.12
31510,4969.34
31511,4500.16
31512,5254.12
31513,4911.73
31514,5500.0
31515,5500.94
31516,5998.41
31517,5505.55
31518,6000.92
31519,5514.32
31520,5730.4
31521,5500.64
31522,5500.37
31523,5500.17
31524,5000.84
31525,5512.23
31526,5700.24
31527,6000.42
31528,6000.07
31529,5428.25
31530,4500.89
31531,5508.76
31532,5500.55
31533,5500.71
31534,4900.28
31535,4500.23
31536,4014.63
31537,4400.64
31538,4403.94
31539,4999.01
31540,4969.36
31541,4270.87
31542,3990.32
31543,5000.04
31544,5000.33
31545,4500.12
31546,4999.09
31547,4270.64
31548,4999.18
31549,3993.92
31550,4014.08
31551,5009.14
31552,5416.73
31553,4999.95
31554,5918.42
31555,5671.18
31556,6000.34
31557,5500.45
31558,5959.62
31559,6200.83
31560,6498.5
31561,7104.88
31562,6069.52
31563,5830.75
31564,5502.53
31565,5500.17
31566,5120.41
31567,4990.1
31568,4840.68
31569,5610.88
31570,5059.16
31571,4596.67
31572,4501.18
31573,4514.21
31574,4545.74
31575,4545.25
31576,3990.85
31577,4602.53
31578,4588.84
31579,3990.08
31580,3777.52
31581,3990.24
31582,3430.91
31583,3430.78
31584,3430.86
31585,3720.59
31586,3600.77
31587,3542.66
31588,3542.5
31589,3304.39
31590,2930.73
31591,3069.7
31592,2931.0
31593,3542.18
31594,3550.35
31595,3273.63
31596,3001.96
31597,3069.93
31598,3277.44
31599,3278.29
31600,3271.09
31601,3430.19
31602,3430.65
31603,3500.73
31604,3774.21
31605,3600.7
31606,3990.33
31607,3700.91
31608,3773.34
31609,3910.49
31610,4500.72
31611,4840.79
31612,5495.65
31613,5001.8
31614,5100.97
31615,4999.74
31616,4999.99
31617,4999.14
31618,4999.06
31619,4900.11
31620,4500.34
31621,4500.28
31622,4500.38
31623,4379.94
31624,4379.82
31625,4000.49
31626,4242.44
31627,5500.62
31628,5416.95
31629,4200.25
31630,4200.06
31631,4095.75
31632,4095.66
31633,4100.35
31634,4100.89
31635,4100.59
31636,4095.23
31637,3549.27
31638,3250.37
31639,3001.37
31640,3200.14
31641,4000.96
31642,4588.16
31643,4500.39
31644,4500.58
31645,4294.97
31646,3950.56
31647,4250.72
31648,4999.24
31649,5500.42
31650,5799.81
31651,6000.02
31652,6000.9
31653,5501.87
31654,6069.9
31655,7000.28
31656,8000.49
31657,8000.05
31658,8224.09
31659,6500.77
31660,5959.1
31661,5254.8
31662,4999.35
31663,4501.45
31664,4501.5
31665,5799.55
31666,4500.32
31667,4478.98
31668,3990.9
31669,3880.36
31670,3880.86
31671,3880.21
31672,3774.52
31673,4001.55
31674,4600.25
31675,4819.57
31676,4600.25
31677,4014.56
31678,3880.94
31679,3398.25
31680,3720.16
31681,4316.61
31682,3777.04
31683,4020.35
31684,3777.96
31685,3774.6
31686,4245.0
31687,3774.09
31688,3511.8
31689,3331.98
31690,3383.66
31691,3500.5
31692,3403.24
31693,3101.7
31694,3143.32
31695,2938.13
31696,2938.36
31697,3101.67
31698,3331.28
31699,3500.31
31700,3542.72
31701,3670.66
31702,3700.62
31703,4000.7
31704,4014.96
31705,4600.91
31706,4600.15
31707,4374.09
31708,4510.99
31709,4500.46
31710,4800.76
31711,4273.29
31712,4501.14
31713,4360.54
31714,4501.58
31715,4750.05
31716,4500.6
31717,4480.75
31718,4969.65
31719,5254.57
31720,4900.53
31721,4048.88
31722,4093.15
31723,4050.14
31724,4000.32
31725,3990.99
31726,3991.87
31727,4373.1
31728,4100.45
31729,4200.43
31730,4200.22
31731,4200.5
31732,4200.59
31733,3777.22
31734,3990.18
31735,4314.11
31736,4312.13
31737,4200.9
31738,4304.3
31739,4470.37
31740,4719.15
31741,4510.68
31742,4500.24
31743,4000.53
31744,4000.58
31745,4001.96
31746,4095.92
31747,4446.6
31748,5000.4
31749,4719.57
31750,5500.76
31751,5199.37
31752,5499.88
31753,5512.92
31754,5120.55
31755,4620.22
31756,4600.54
31757,4501.15
31758,4131.2
31759,4012.78
31760,4400.33
31761,4014.73
31762,4014.8
31763,3990.51
31764,3600.18
31765,3450.16
31766,3600.19
31767,3777.25
31768,3670.74
31769,3990.63
31770,4588.71
31771,4189.68
31772,4010.58
31773,3777.38
31774,3769.74
31775,3499.89
31776,3495.38
31777,3774.23
31778,3291.96
31779,3000.24
31780,3000.55
31781,2930.87
31782,2853.03
31783,2915.07
31784,2930.77
31785,2938.72
31786,2938.83
31787,3100.98
31788,3000.2
31789,2938.69
31790,2930.94
31791,2938.57
31792,3000.31
31793,2938.3
31794,2983.17
31795,3203.16
31796,3308.17
31797,3210.89
31798,4499.29
31799,4990.44
31800,5416.85
31801,4010.65
31802,4979.27
31803,5200.74
31804,6006.9
31805,6000.3
31806,6000.75
31807,6000.56
31808,6169.1
31809,5499.86
31810,5100.43
31811,5300.37
31812,4999.66
31813,4999.13
31814,5300.03
31815,5500.86
31816,5695.75
31817,5800.27
31818,5748.77
31819,4990.84
31820,4990.37
31821,3700.85
31822,4000.71
31823,4200.78
31824,4500.96
31825,4541.82
31826,4541.39
31827,4431.51
31828,4102.69
31829,3774.56
31830,3774.47
31831,4431.36
31832,4050.13
31833,4990.06
31834,5435.3
31835,4222.12
31836,4222.8
31837,4222.08
31838,4990.77
31839,5517.05
31840,5721.78
31841,5512.3
31842,6000.27
31843,6412.02
31844,6566.03
31845,8000.7
31846,9000.12
31847,12000.0
31848,12000.0
31849,12000.0
31850,12000.0
31851,12000.0
31852,9000.35
31853,6099.12
31854,5514.54
31855,5750.49
31856,5610.22
31857,5287.53
31858,5000.12
31859,4837.62
31860,4545.76
31861,3773.29
31862,3600.38
31863,3500.57
31864,3500.34
31865,3534.8
31866,4001.63
31867,4273.75
31868,4431.79
31869,3698.59
31870,3251.09
31871,3250.14
31872,2930.9
31873,3774.45
31874,3542.96
31875,3500.32
31876,3774.54
31877,3774.06
31878,3542.95
31879,3299.58
31880,3292.85
31881,3403.02
31882,3403.95
31883,3279.07
31884,3273.46
31885,3403.38
31886,3269.27
31887,3000.58
31888,2930.89
31889,2530.25
31890,2749.33
31891,2830.26
31892,2900.19
31893,3511.41
31894,3990.07
31895,4300.02
31896,4300.63
31897,3500.18
31898,4501.23
31899,5435.96
31900,5662.3
31901,7022.6
31902,7519.22
31903,9500.26
31904,9500.07
31905,12000.0
31906,7609.93
31907,6099.97
31908,5462.48
31909,6099.84
31910,6099.77
31911,7022.42
31912,6498.13
31913,5500.61
31914,4732.94
31915,5862.51
31916,5462.74
31917,5977.84
31918,5662.37
31919,4300.77
31920,4200.29
31921,4014.16
31922,4014.39
31923,4102.55
31924,4750.1
31925,3777.69
31926,3990.09
31927,4400.46
31928,4300.29
31929,4990.92
31930,5250.33
31931,5662.12
31932,5779.79
31933,5462.23
31934,5721.54
31935,4540.62
31936,5721.79
31937,6000.39
31938,6069.0
31939,6566.58
31940,7022.81
31941,6489.67
31942,7519.92
31943,12000.0
31944,12000.0
31945,12000.0
31946,12000.0
31947,12000.0
31948,11283.79
31949,6498.48
31950,6199.85
31951,5862.3
31952,5800.0
31953,5594.4
31954,4990.84
31955,4593.74
31956,4750.0
31957,0.0
31958,0.0
31959,3511.22
31960,3500.1
31961,4014.59
31962,4014.8
31963,3990.75
31964,4431.02
31965,3295.58
31966,3034.08
31967,2930.76
31968,2930.3
31969,2984.74
31970,2983.06
31971,3098.95
31972,3000.46
31973,2930.17
31974,2930.06
31975,2808.95
31976,2808.53
31977,2600.12
31978,2571.66
31979,2571.61
31980,2571.8
31981,2571.16
31982,2704.0
31983,2571.8
31984,2701.0
31985,2900.42
31986,3101.3
31987,3601.9
31988,3607.91
31989,3944.0
31990,3990.83
31991,3430.99
31992,3430.62
31993,4120.21
31994,4406.32
31995,5500.18
31996,5959.75
31997,5505.75
31998,5505.93
31999,5300.42
32000,5049.01
32001,4990.22
32002,5000.8
32003,5005.6
32004,4990.54
32005,5000.63
32006,5005.81
32007,5000.71
32008,5000.32
32009,4114.49
32010,4014.76
32011,5270.8
32012,5270.79
32013,5944.39
32014,5855.48
32015,5939.31
32016,5944.07
32017,5688.17
32018,5662.31
32019,5499.75
32020,5569.98
32021,3991.0
32022,4000.82
32023,4012.27
32024,5462.28
32025,4999.58
32026,5662.03
32027,5500.67
32028,5855.07
32029,5249.57
32030,5555.14
32031,5500.26
32032,5249.96
32033,5200.38
32034,5462.45
32035,6000.51
32036,6069.43
32037,6766.87
32038,8000.72
32039,9000.86
32040,11000.65
32041,12000.0
32042,12000.0
32043,7519.97
32044,6113.93
32045,5150.73
32046,5091.97
32047,4600.16
32048,4397.21
32049,4616.39
32050,4431.74
32051,4900.53
32052,4290.42
32053,3990.2
32054,4014.02
32055,4014.27
32056,3743.15
32057,4945.11
32058,4969.25
32059,5000.11
32060,4837.96
32061,3800.3
32062,3777.22
32063,3250.62
32064,3143.61
1057,3939.93
1058,4324.13
1059,3410.59
1060,3383.32
1061,3410.79
1062,3155.2
1063,2938.47
1064,2885.69
1065,2709.5
1066,2709.54
1067,2709.27
1068,2681.67
1069,2200.73
1070,2200.59
1071,2086.98
1072,2157.39
1073,2106.75
1074,2930.21
1075,3001.41
1076,3001.65
1077,3068.07
1078,2950.96
1079,3100.23
1080,3430.96
1081,3483.83
1082,4101.73
1083,4501.78
1084,5304.47
1085,5350.16
1086,5500.47
1087,5000.37
1088,5000.38
1089,4500.21
1090,4437.51
1091,4437.19
1092,4274.14
1093,4249.89
1094,5000.77
1095,5200.22
1096,5200.82
1097,4070.38
1098,4120.86
1099,5200.56
1100,5200.64
1101,4222.43
1102,4120.75
1103,4014.39
1104,4014.15
1105,4014.18
1106,4014.31
1107,4250.65
1108,4969.3
1109,3750.16
1110,3990.55
1111,4200.55
1112,4200.82
1113,5200.05
1114,5435.35
1115,5502.5
1116,5435.08
1117,5002.98
1118,5499.5
1119,5500.07
1120,5605.12
1121,5462.72
1122,5500.03
1123,6069.99
1124,6287.07
1125,6498.01
1126,7022.08
1127,11813.76
1128,11336.03
1129,11644.48
1130,10999.8
1131,10049.13
1132,6498.28
1133,5690.91
1134,5959.44
1135,5100.76
1136,4837.57
1137,5435.84
1138,5435.28
1139,5000.62
1140,4545.76
1141,3990.42
1142,3877.11
1143,3500.37
1144,3354.76
1145,4828.54
1146,4998.28
1147,5462.29
1148,4745.76
1149,3842.0
1150,3773.32
1151,3403.47
1152,3403.21
4033,3654.23
4034,3001.75
4035,4969.62
4036,3331.77
4037,2938.38
4038,2938.7
4039,4220.16
4040,4324.58
4041,3410.88
4042,3300.2
4043,2900.75
4044,2808.95
4045,2938.65
4046,3050.96
4047,2900.22
4048,2808.05
4049,2808.91
4050,2900.99
4051,3403.44
4052,3750.28
4053,3542.3
4054,4612.45
4055,3800.56
4056,5000.11
4057,3769.64
4058,4387.66
4059,5435.27
4060,6489.11
4061,7649.28
4062,8492.72
4063,8800.81
4064,8800.22
4065,6597.47
4066,6560.43
4067,6498.03
4068,5959.42
4069,6500.9
4070,6575.86
4071,6000.82
4072,6000.26
4073,5800.87
4074,5721.57
4075,5944.02
4076,6000.05
4077,5921.22
4078,5944.62
4079,5462.9
4080,5200.8
4081,5200.75
4082,5200.49
4083,5200.64
4084,4999.94
4085,4999.11
4086,4999.22
4087,5341.55
4088,4999.88
4089,5200.65
4090,5999.46
4091,6000.89
4092,6000.66
4093,5200.39
4094,5200.85
4095,5200.27
4096,5959.25
4097,6502.9
4098,7609.26
4099,8000.21
4100,8000.69
4101,7022.49
4102,8000.32
4103,8800.84
4104,8000.96
4105,8866.39
4106,8000.79
4107,7649.01
4108,5835.52
4109,6001.13
4110,6499.89
4111,6575.03
4112,5462.68
4113,5569.34
4114,5435.03
4115,4999.67
4116,4385.0
4117,4274.3
4118,4100.43
4119,4999.97
4120,4250.27
4121,4996.01
4122,4999.26
4123,5000.79
4124,4999.24
4125,5435.14
4126,4969.68
4127,4220.62
4128,3990.98
6721,3410.65
6722,3250.24
6723,3773.01
6724,3500.39
6725,2938.8
6726,2930.47
6727,2930.36
6728,2930.36
6729,3500.03
6730,4060.6
6731,4274.42
6732,4040.42
6733,2930.58
6734,2930.06
6735,2808.41
6736,2808.13
6737,2808.36
6738,3500.86
6739,3430.57
6740,3900.5
6741,3403.69
6742,4273.03
6743,3500.26
6744,3777.47
6745,4250.59
6746,5000.06
6747,5200.96
6748,5200.99
6749,5959.47
6750,6200.02
6751,5500.47
6752,5300.33
6753,4899.82
6754,4999.63
6755,5200.12
6756,5100.53
6757,5200.6
6758,5800.1
6759,6000.2
6760,5721.22
6761,5200.47
6762,5200.41
6763,5010.88
6764,5004.63
6765,5256.4
6766,5256.29
6767,5662.42
6768,5209.22
6769,4999.92
6770,5010.59
6771,5200.26
6772,5010.6
6773,3880.24
6774,3880.82
6775,4999.43
6776,4999.29
6777,5000.92
6778,5341.11
6779,5435.12
6780,5500.43
6781,5500.58
6782,5462.09
6783,5013.39
6784,5017.39
6785,5500.37
6786,5999.14
6787,6000.09
6788,6439.17
6789,7395.26
6790,7976.1
6791,7022.7
6792,6678.7
6793,5501.83
6794,7100.85
6795,7838.08
6796,6999.78
6797,5690.0
6798,6069.55
6799,5000.87
6800,4500.9
6801,4120.63
6802,4000.66
6803,3900.56
6804,3900.28
6805,3500.58
6806,3510.81
6807,3511.93
6808,3500.14
6809,3511.45
6810,3500.61
6811,4014.19
6812,3990.03
6813,3430.85
6814,3430.59
6815,3410.24
6816,3403.82
9697,2938.87
9698,2938.22
9699,2700.68
9700,2930.02
9701,2950.97
9702,3331.12
9703,2930.54
9704,2930.23
9705,2930.27
9706,2930.17
9707,3000.85
9708,3000.68
9709,3331.91
9710,3500.18
9711,2938.65
9712,2930.78
9713,3331.97
9714,3403.79
9715,3430.26
9716,3430.2
9717,3500.77
9718,3900.87
9719,3990.68
9720,3690.87
9721,3600.89
9722,3511.6
9723,4348.2
9724,4348.47
9725,5435.89
9726,5662.63
9727,4500.9
9728,4829.81
9729,5104.63
9730,5107.12
9731,5462.08
9732,4432.8
9733,4250.23
9734,4500.64
9735,5688.71
9736,5462.68
9737,5688.68
9738,5662.76
9739,4999.8
9740,4998.86
9741,4989.96
9742,4999.18
9743,5569.64
9744,5469.88
9745,4906.23
9746,4745.98
9747,4431.02
9748,4250.59
9749,3900.95
9750,3990.42
9751,4322.61
9752,4250.57
9753,4999.98
9754,5569.06
9755,5435.77
9756,5435.97
9757,4999.78
9758,4999.88
9759,4999.05
9760,5000.78
9761,5000.58
9762,5099.21
9763,4894.5
9764,5010.04
9765,4500.96
9766,4999.77
9767,4999.84
9768,4999.9
9769,5010.16
9770,5300.04
9771,4999.18
9772,4499.76
9773,4500.51
9774,4837.59
9775,3888.28
9776,3773.4
9777,4150.95
9778,3990.26
9779,3990.93
9780,3430.42
9781,3304.84
9782,3304.54
9783,3990.22
9784,3777.51
9785,3657.49
9786,3777.99
9787,3542.85
9788,3542.38
9789,3500.33
9790,3448.78
9791,3348.68
9792,2995.56
12577,2930.46
12578,2900.67
12579,2930.1
12580,2930.38
12581,2808.81
12582,2890.42
12583,2808.41
12584,2876.0
12585,2650.93
12586,2640.37
12587,2449.05
12588,2204.44
12589,2157.81
12590,2449.39
12591,2449.31
12592,2540.65
12593,2114.1
12594,2571.84
12595,2640.55
12596,3006.1
12597,3331.51
12598,3603.87
12599,3880.44
12600,3900.93
12601,3880.59
12602,4290.76
12603,5203.58
12604,5205.67
12605,5300.84
12606,5300.41
12607,4999.09
12608,4899.72
12609,4499.8
12610,4499.11
12611,5017.57
12612,5200.33
12613,5400.56
12614,6000.09
12615,6000.4
12616,5999.25
12617,5469.26
12618,5200.61
12619,5200.9
12620,5200.66
12621,4999.48
12622,4969.57
12623,4431.85
12624,4249.98
12625,4999.51
12626,4999.81
12627,4800.11
12628,4800.03
12629,3498.64
12630,3498.65
12631,3600.87
12632,3990.27
12633,4500.37
12634,4999.61
12635,5500.53
12636,5569.07
12637,5501.31
12638,5500.02
12639,5469.32
12640,5400.54
12641,5010.25
12642,5500.4
12643,5500.04
12644,5501.78
12645,6099.27
12646,6498.93
12647,8866.13
12648,6999.63
12649,6099.93
12650,6498.02
12651,6001.87
12652,5608.87
12653,5010.73
12654,5090.06
12655,3600.59
12656,3430.71
12657,3534.3
12658,3500.68
12659,3700.06
12660,3581.42
12661,4200.07
12662,4046.44
12663,4012.19
12664,3512.53
12665,3700.42
12666,4012.1
12667,3700.65
12668,3646.13
12669,3498.3
12670,3495.43
12671,3405.52
12672,3402.33
15553,2810.06
15554,2500.04
15555,3403.64
15556,3414.33
15557,3403.46
15558,3257.26
15559,2938.58
15560,2938.23
15561,2808.64
15562,2808.72
15563,2571.45
15564,2571.27
15565,2099.68
15566,2157.55
15567,2099.14
15568,2540.23
15569,2938.09
15570,3205.28
15571,3403.48
15572,3600.43
15573,3608.04
15574,3607.04
15575,4014.83
15576,4014.11
15577,3383.23
15578,3880.27
15579,4700.91
15580,5602.76
15581,5605.91
15582,5867.44
15583,5999.88
15584,5606.34
15585,5607.92
15586,5680.98
15587,6000.84
15588,5658.99
15589,5605.99
15590,5944.2
15591,5944.62
15592,5998.34
15593,5944.22
15594,5944.17
15595,5500.37
15596,5469.57
15597,5500.05
15598,5200.84
15599,4790.84
15600,4999.3
15601,5200.85
15602,5300.23
15603,4616.93
15604,4014.83
15605,3400.19
15606,3542.76
15607,4431.16
15608,4150.65
15609,4288.67
15610,4505.45
15611,5200.44
15612,5200.7
15613,4900.88
15614,4833.2
15615,4100.8
15616,4127.6
15617,5000.26
15618,5469.29
15619,5999.58
15620,6000.42
15621,6000.06
15622,6019.32
15623,6266.0
15624,6019.15
15625,6016.1
15626,6017.85
15627,6498.47
15628,6099.87
15629,5000.31
15630,4999.34
15631,4660.64
15632,3773.02
15633,3999.21
15634,3999.03
15635,4650.29
15636,4200.48
15637,4000.26
15638,4000.49
15639,3530.36
15640,3526.44
15641,3517.93
15642,3680.95
15643,3800.8
15644,3901.77
15645,3817.0
15646,3710.74
15647,3710.42
15648,3542.44
18433,3510.84
18434,3304.59
18435,3293.77
18436,3400.31
18437,3000.58
18438,3383.16
18439,2808.05
18440,2630.09
18441,2617.3
18442,2630.56
18443,2630.93
18444,2550.47
18445,2369.73
18446,2550.95
18447,2300.2
18448,2250.35
18449,3000.9
18450,3275.77
18451,3269.26
18452,3880.55
18453,3304.29
18454,3560.65
18455,3880.75
18456,4014.29
18457,3773.06
18458,4293.66
18459,4999.46
18460,6010.56
18461,7000.2
18462,7000.45
18463,6989.87
18464,6200.36
18465,6008.12
18466,6007.89
18467,7000.24
18468,7000.16
18469,7759.12
18470,7770.52
18471,7500.0
18472,7000.78
18473,7670.0
18474,6500.86
18475,6489.09
18476,6217.13
18477,6005.5
18478,6200.38
18479,5500.39
18480,5500.75
18481,4605.68
18482,5412.37
18483,4200.58
18484,4127.58
18485,3880.34
18486,3880.12
18487,3880.92
18488,3990.08
18489,3993.36
18490,4596.38
18491,4907.07
18492,4990.95
18493,5005.59
18494,5005.18
18495,5200.31
18496,5300.25
18497,5569.96
18498,6000.09
18499,7500.34
18500,7500.82
18501,7805.68
18502,7805.24
18503,7500.7
18504,6500.23
18505,7709.24
18506,8000.38
18507,7500.71
18508,6489.77
18509,6500.48
18510,6498.05
18511,4999.43
18512,4491.0
18513,4500.74
18514,4490.35
18515,3680.46
18516,3383.64
18517,3670.46
18518,3680.06
18519,3800.18
18520,3680.96
18521,3680.13
18522,3700.81
18523,3750.02
18524,3750.52
18525,3542.34
18526,3542.05
18527,3290.18
18528,3250.13
21409,3403.23
21410,3331.26
21411,3297.08
21412,3331.69
21413,3331.1
21414,3250.9
21415,2920.07
21416,2878.67
21417,2808.41
21418,2872.67
21419,3000.92
21420,2938.22
21421,2808.98
21422,2808.73
21423,2808.06
21424,2752.29
21425,3331.97
21426,3510.97
21427,3510.69
21428,3812.0
21429,4240.41
21430,4500.53
21431,3880.51
21432,3560.32
21433,4288.45
21434,4710.47
21435,6000.12
21436,6498.98
21437,6989.37
21438,7000.61
21439,7809.92
21440,8500.22
21441,9000.5
21442,9000.46
21443,12000.0
21444,9530.26
21445,7805.88
21446,7809.76
21447,7464.22
21448,6989.43
21449,6200.48
21450,6166.5
21451,6200.03
21452,6000.4
21453,5010.69
21454,4999.8
21455,4267.6
21456,4014.75
21457,3993.82
21458,3993.23
21459,4596.42
21460,4500.2
21461,3748.97
21462,3748.87
21463,3880.35
21464,3880.21
21465,4526.17
21466,4530.33
21467,4000.33
21468,3749.92
21469,4969.77
21470,4999.98
21471,5478.0
21472,6000.23
21473,5200.43
21474,5999.63
21475,6000.99
21476,6000.91
21477,6006.57
21478,6006.75
21479,6105.88
21480,6107.68
21481,6002.85
21482,5900.52
21483,5500.97
21484,5500.21
21485,5500.38
21486,4999.6
21487,4999.34
21488,4545.04
21489,4841.6
21490,4501.07
21491,4282.77
21492,3800.57
21493,3680.08
21494,3500.49
21495,3503.99
21496,3529.45
21497,3494.01
21498,3680.27
21499,3680.28
21500,3680.07
21501,3529.12
21502,3500.29
21503,3002.13
21504,2971.04
24385,2938.12
24386,2900.4
24387,2808.45
24388,2808.2
24389,2800.79
24390,2808.42
24391,2630.5
24392,2298.71
24393,1799.88
24394,1799.92
24395,1199.42
24396,1199.37
24397,998.87
24398,999.85
24399,1670.22
24400,2571.62
24401,2900.14
24402,3331.59
24403,3152.86
24404,3001.96
24405,3990.68
24406,3560.91
24407,3560.96
24408,3560.38
24409,3500.21
24410,4596.64
24411,4840.89
24412,5469.08
24413,4909.76
24414,4999.34
24415,5500.04
24416,5500.39
24417,5789.92
24418,5999.65
24419,5999.84
24420,5789.13
24421,5500.38
24422,5500.93
24423,6100.13
24424,6000.43
24425,6100.58
24426,6200.8
24427,6989.36
24428,6100.57
24429,4249.84
24430,4249.37
24431,4150.27
24432,4150.21
24433,4014.91
24434,4500.64
24435,4240.56
24436,4100.21
24437,4000.83
24438,4014.16
24439,3990.55
24440,3990.85
24441,3777.91
24442,4596.62
24443,4000.85
24444,4050.55
24445,4990.36
24446,5050.9
24447,4999.27
24448,4999.98
24449,4996.49
24450,4996.37
24451,5999.91
24452,6000.55
24453,6001.04
24454,6001.1
24455,5100.29
24456,6000.1
24457,5100.32
24458,5789.47
24459,4501.31
24460,4499.06
24461,4500.26
24462,4100.45
24463,3999.9
24464,3680.86
24465,4000.01
24466,3755.83
24467,3680.27
24468,3509.91
24469,3500.37
24470,3509.3
24471,3500.09
24472,3379.96
24473,3200.64
24474,3500.58
24475,3500.2
24476,3400.65
24477,3500.69
24478,3383.68
24479,3000.12
24480,2810.5
27265,2808.59
27266,2750.9
27267,1500.82
27268,1500.71
27269,1000.57
27270,1000.65
27271,1000.85
27272,1000.94
27273,1999.89
27274,2007.31
27275,1598.14
27276,1001.0
27277,1496.62
27278,1000.98
27279,1000.9
27280,1000.92
27281,1000.96
27282,1001.0
27283,2000.19
27284,2500.02
27285,2000.89
27286,2579.48
27287,3560.15
27288,3000.55
27289,3501.81
27290,4500.92
27291,4969.9
27292,5000.8
27293,4899.59
27294,4969.9
27295,4999.78
27296,5100.58
27297,4999.49
27298,4999.84
27299,5001.24
27300,4840.67
27301,5044.65
27302,5500.52
27303,6000.92
27304,5499.21
27305,4999.52
27306,4300.52
27307,4000.9
27308,3999.11
27309,3800.89
27310,3800.71
27311,3300.42
27312,3250.39
27313,3560.72
27314,3350.25
27315,3250.88
27316,3380.66
27317,3989.06
27318,4502.46
27319,4969.78
27320,4918.3
27321,4721.33
27322,4647.4
27323,4100.63
27324,3900.63
27325,4999.59
27326,4999.52
27327,5499.3
27328,5578.29
27329,6000.33
27330,6000.42
27331,6000.73
27332,6500.17
27333,5957.85
27334,5957.31
27335,5200.21
27336,5500.55
27337,5957.21
27338,5840.06
27339,5500.55
27340,5469.26
27341,5469.44
27342,5000.16
27343,4500.97
27344,4090.57
27345,4290.48
27346,4252.7
27347,3773.21
27348,3581.44
27349,3351.01
27350,3200.7
27351,3352.03
27352,3069.92
27353,3500.41
27354,3542.13
27355,3383.21
27356,3195.19
27357,2810.33
27358,2700.73
27359,2487.17
27360,2208.72
30241,1799.39
30242,1799.65
30243,2681.46
30244,2540.73
30245,1999.85
30246,2000.62
30247,1999.52
30248,1999.2
30249,1830.93
30250,1830.6
30251,1799.8
30252,1830.47
30253,2000.56
30254,2157.18
30255,1830.32
30256,1830.16
30257,1830.11
30258,2630.5
30259,2750.27
30260,2910.84
30261,3560.45
30262,3777.78
30263,3990.04
30264,3990.57
30265,3680.39
30266,3900.79
30267,4500.17
30268,4008.16
30269,3670.29
30270,3680.89
30271,3534.15
30272,3670.07
30273,3560.52
30274,3600.73
30275,3990.66
30276,3752.53
30277,4969.73
30278,4969.03
30279,4596.7
30280,4596.73
30281,4998.47
30282,5000.73
30283,5278.19
30284,5127.99
30285,4969.19
30286,4600.97
30287,4596.31
30288,4501.0
30289,4500.85
30290,3999.89
30291,4240.4
30292,3990.8
30293,3000.94
30294,3260.09
30295,3560.56
30296,3777.22
30297,4596.2
30298,4820.19
30299,4600.69
30300,4800.03
30301,4000.32
30302,3880.93
30303,3880.51
30304,3880.87
30305,3880.4
30306,3990.86
30307,3852.77
30308,3880.2
30309,3465.47
30310,3500.63
30311,3880.48
30312,3880.41
30313,4231.28
30314,4350.18
30315,4290.81
30316,4000.77
30317,4280.12
30318,4490.25
30319,2810.82
30320,3069.88
30321,3500.08
30322,3500.96
30323,2999.79
30324,2569.99
30325,2750.08
30326,3000.78
30327,3069.68
30328,1696.96
30329,1770.62
30330,2810.98
30331,2800.05
30332,2600.58
30333,2200.92
30334,2550.14
30335,1720.54
30336,1696.28
33121,999.65
33122,999.59
33123,999.18
33124,1100.4
33125,1166.3
33126,1166.58
33127,964.49
33128,499.89
33129,499.87
33130,999.02
33131,1000.01
33132,1000.77
33133,1166.14
33134,1166.23
33135,1000.06
33136,999.88
33137,1166.73
33138,2000.76
33139,2500.55
33140,2500.7
33141,2700.17
33142,3000.64
33143,2800.2
33144,2086.91
33145,3500.49
33146,3850.11
33147,3900.45
33148,4800.66
33149,4100.17
33150,4402.0
33151,4600.55
33152,5500.07
33153,5010.23
33154,5500.0
33155,6161.08
33156,5970.2
33157,5970.87
33158,5970.78
33159,6500.28
33160,6500.38
33161,4230.22
33162,4000.92
33163,4750.47
33164,4600.33
33165,5000.39
33166,4600.56
33167,4010.19
33168,4100.73
33169,5000.68
33170,4969.7
33171,4999.88
33172,4850.35
33173,3777.99
33174,3777.76
33175,4850.47
33176,4721.78
33177,5000.93
33178,5200.66
33179,4969.64
33180,5000.4
33181,5462.17
33182,5499.33
33183,5300.51
33184,5500.37
33185,4899.98
33186,4969.9
33187,5249.11
33188,5300.27
33189,5098.57
33190,5462.68
33191,5462.57
33192,5007.2
33193,5300.56
33194,5300.61
33195,4998.74
33196,5000.39
33197,5080.47
33198,5000.47
33199,4550.13
33200,4000.85
33201,3534.95
33202,3499.99
33203,3383.14
33204,3383.48
33205,3000.93
33206,2926.84
33207,3200.31
33208,2867.93
33209,2650.9
33210,3000.97
33211,3000.94
33212,2938.29
33213,2808.42
33214,2571.52
33215,2300.98
33216,2099.33
33217,2081.31
33218,2081.5
33219,2620.1
33220,2620.42
33221,1830.99
33222,1830.31
33223,2042.03
33224,2042.56
33225,1299.47
33226,1299.26
33227,1299.61
33228,1299.18
33229,1099.88
33230,1640.89
33231,1099.7
33232,1099.78
33233,1099.99
33234,2104.59
33235,2950.07
33236,3000.71
33237,3500.93
33238,3550.14
33239,4230.9
33240,4996.28
33241,4231.07
33242,4500.74
33243,4450.91
33244,4700.22
33245,5000.8
33246,5200.09
33247,5600.27
33248,5600.6
33249,6000.11
33250,6000.36
33251,6000.11
33252,6000.17
33253,5800.86
33254,5970.17
33255,5380.26
33256,5050.55
33257,5296.54
33258,5007.64
33259,5650.79
33260,5500.23
33261,5500.64
33262,5510.79
33263,5499.62
33264,5462.71
33265,5462.33
33266,5200.24
33267,4500.86
33268,4500.59
33269,3990.95
33270,3989.8
33271,3777.1
33272,3671.86
33273,4230.83
33274,4602.11
33275,5500.17
33276,5044.94
33277,5500.93
33278,5500.24
33279,5462.22
33280,5569.82
33281,4899.92
33282,5499.38
33283,5569.05
33284,5999.85
33285,5500.33
33286,5500.89
33287,6006.98
33288,6001.66
33289,6322.56
33290,6107.36
33291,5999.93
33292,6000.89
33293,6566.66
33294,6114.09
33295,5469.03
33296,4620.46
33297,4300.94
33298,4000.05
33299,4470.14
33300,3934.92
33301,3500.69
33302,3700.05
33303,3508.9
33304,3489.84
33305,3331.9
33306,3501.11
33307,3501.49
33308,3237.9
33309,2938.35
33310,2938.1
33311,2810.32
33312,2808.95
33313,2580.96
33314,2200.17
33315,2571.34
33316,2501.63
33317,2571.6
33318,2620.4
33319,3000.24
33320,2902.9
33321,2180.41
33322,2086.96
33323,2200.5
33324,2086.78
33325,2580.9
33326,2750.18
33327,2808.51
33328,2620.65
33329,2540.05
33330,2808.04
33331,2956.93
33332,3415.12
33333,3680.16
33334,4348.56
33335,4436.35
33336,4545.24
33337,3852.88
33338,4199.58
33339,4969.72
33340,5700.18
33341,5730.93
33342,6000.26
33343,6000.71
33344,6000.68
33345,5998.63
33346,6000.61
33347,6000.55
33348,5998.43
33349,5000.99
33350,5500.58
33351,5789.09
33352,5500.7
33353,5789.03
33354,5500.7
33355,4899.45
33356,4545.2
33357,4100.57
33358,4070.97
33359,4014.91
33360,4150.35
33361,4300.99
33362,4000.93
33363,3680.1
33364,3542.83
33365,3777.04
33366,3995.46
33367,4899.77
33368,4721.97
33369,4307.72
33370,4301.59
33371,5000.56
33372,5000.78
33373,5065.27
33374,5462.57
33375,5000.49
33376,5000.84
33377,5304.83
33378,5407.46
33379,5000.46
33380,5499.87
33381,5500.38
33382,5569.97
33383,6000.39
33384,6000.97
33385,6393.42
33386,6498.19
33387,6115.61
33388,6114.34
33389,6000.54
33390,6000.09
33391,5001.77
33392,5000.45
33393,5582.33
33394,5569.24
33395,5000.68
33396,5000.23
33397,4596.2
33398,4596.07
33399,3990.95
33400,3942.65
33401,3542.5
33402,3777.42
33403,4530.15
33404,4001.01
33405,3641.15
33406,3903.7
33407,3701.69
33408,3701.83
33409,4701.49
33410,4596.35
33411,4348.98
33412,3700.31
33413,3001.5
33414,2938.79
33415,2571.85
33416,2571.2
33417,2571.6
33418,2571.97
33419,2750.79
33420,2800.24
33421,2571.81
33422,2571.33
33423,2620.03
33424,2571.99
33425,3100.74
33426,3331.49
33427,3331.33
33428,3680.65
33429,3680.12
33430,4001.13
33431,5000.26
33432,5000.49
33433,5500.52
33434,5500.53
33435,5599.95
33436,6000.0
33437,6500.02
33438,6500.44
33439,7500.18
33440,7500.6
33441,6800.81
33442,7999.32
33443,6500.45
33444,6500.47
33445,6200.52
33446,6200.61
33447,6000.78
33448,6000.56
33449,5000.92
33450,5000.32
33451,5000.78
33452,5000.75
33453,5000.24
33454,4999.74
33455,5000.29
33456,5000.51
33457,4384.58
33458,4371.75
33459,4136.4
33460,4136.35
33461,3777.15
33462,3760.52
33463,3760.26
33464,3749.65
33465,3680.6
33466,3680.97
33467,4000.06
33468,4000.08
33469,4650.83
33470,4721.74
33471,6000.06
33472,6000.23
33473,6180.91
33474,6182.75
33475,7000.45
33476,8866.36
33477,6699.48
33478,7000.87
33479,9563.64
33480,11000.01
33481,12000.0
33482,12000.0
33483,12000.0
33484,12000.0
33485,12000.0
33486,12000.0
33487,8000.96
33488,8000.06
33489,6699.46
33490,5569.75
33491,5499.75
33492,5462.05
33493,4999.86
33494,5462.11
33495,4470.2
33496,3990.8
33497,4470.15
33498,4999.93
33499,5462.47
33500,4999.16
33501,3990.48
33502,4000.18
33503,3990.63
33504,3800.76
33505,4530.7
33506,4530.31
33507,3700.06
33508,3229.38
33509,2891.92
33510,3029.56
33511,3700.99
33512,3700.78
33513,3519.24
33514,3519.73
33515,3390.04
33516,3040.51
33517,3300.03
33518,3300.19
33519,3450.55
33520,3250.79
33521,3680.76
33522,3726.61
33523,3700.92
33524,4499.94
33525,5426.43
33526,5050.61
33527,6000.13
33528,6000.94
33529,6101.5
33530,7000.11
33531,8000.77
33532,9000.45
33533,8000.9
33534,9781.33
33535,10501.53
33536,10277.33
33537,10500.51
33538,10500.78
33539,10500.9
33540,10500.75
33541,11030.64
33542,11030.83
33543,11500.12
33544,10500.43
33545,7500.25
33546,6699.53
33547,7500.29
33548,7000.2
33549,7500.91
33550,7500.41
33551,7500.09
33552,6500.12
33553,5569.58
33554,5469.52
33555,5000.98
33556,5349.19
33557,4269.78
33558,3999.44
33559,5000.62
33560,4999.98
33561,5000.35
33562,5000.74
33563,5000.52
33564,5000.8
33565,5469.67
33566,5650.12
33567,6500.04
33568,6500.17
33569,7250.18
33570,8000.31
33571,9000.46
33572,10000.31
33573,10561.01
33574,10000.76
33575,10750.92
33576,12000.0
33577,12000.0
33578,12000.0
33579,12000.0
33580,12000.0
33581,12000.0
33582,12000.0
33583,12000.0
33584,10000.31
33585,12000.0
33586,11000.85
33587,8000.74
33588,6699.48
33589,5469.44
33590,5310.35
33591,5050.98
33592,4999.04
33593,3942.37
33594,3969.21
33595,4269.7
33596,4545.72
33597,4721.59
33598,4596.08
33599,4596.71
33600,4190.65
33601,3429.22
33602,3013.46
33603,2939.82
33604,3000.32
33605,3500.08
33606,3939.08
33607,4596.04
33608,4179.77
33609,3700.25
33610,3390.17
33611,3039.82
33612,2939.08
33613,2998.75
33614,3400.87
33615,2891.61
33616,2891.38
33617,3680.89
33618,3680.91
33619,4556.08
33620,4556.32
33621,4403.64
33622,4100.34
33623,3736.83
33624,5500.13
33625,5500.12
33626,6000.29
33627,7100.74
33628,8033.55
33629,9626.97
33630,11000.46
33631,11355.42
33632,11106.06
33633,10999.45
33634,10649.64
33635,9999.87
33636,11000.02
33637,7005.2
33638,7000.59
33639,6500.32
33640,5989.94
33641,5349.56
33642,4230.92
33643,6000.92
33644,6000.25
33645,7000.35
33646,6000.9
33647,5999.42
33648,5789.58
33649,4700.98
33650,4999.61
33651,4999.16
33652,4230.38
33653,3736.57
33654,3624.97
33655,3499.14
33656,3510.71
33657,4596.02
33658,5044.24
33659,5469.48
33660,5500.65
33661,5750.52
33662,5669.64
33663,5750.04
33664,5500.27
33665,6489.77
33666,7000.38
33667,7750.5
33668,8000.83
33669,9000.43
33670,9000.72
33671,10000.89
33672,10000.64
33673,11118.47
33674,12000.0
33675,12000.0
33676,12000.0
33677,12000.0
33678,12000.0
33679,11865.93
33680,9205.61
33681,7499.96
33682,7000.22
33683,6999.44
33684,5899.88
33685,6000.98
33686,6000.35
33687,5506.72
33688,4999.23
33689,4999.55
33690,5349.6
33691,4010.89
33692,3999.37
33693,4009.5
33694,4009.27
33695,3429.72
33696,3400.07
33697,4751.8
33698,4751.63
33699,3901.11
33700,3000.14
33701,2891.49
33702,2768.86
33703,2891.4
33704,2891.03
33705,3000.93
33706,3500.33
33707,3504.36
33708,3501.84
33709,2891.96
33710,3052.73
33711,2891.48
33712,3000.32
33713,3680.65
33714,3939.33
33715,4556.09
33716,4556.91
33717,4010.94
33718,5044.06
33719,4400.34
33720,4000.77
33721,4400.02
33722,4750.17
33723,5569.52
33724,5999.68
33725,6500.34
33726,7000.19
33727,7000.51
33728,7000.92
33729,6500.83
33730,7000.91
33731,6500.34
33732,6500.39
33733,7400.32
33734,7400.02
33735,5469.97
33736,4947.66
33737,4500.71
33738,4785.2
33739,6489.84
33740,5349.56
33741,5584.44
33742,5349.2
33743,5201.3
33744,5349.2
33745,4721.76
33746,4395.86
33747,5000.13
33748,5349.03
33749,3500.84
33750,3500.99
33751,3500.93
33752,3550.39
33753,3850.68
33754,3850.63
33755,5310.81
33756,5349.25
33757,5462.03
33758,5477.23
33759,4999.23
33760,5349.1
33761,5469.34
33762,5499.92
33763,5799.82
33764,7809.12
33765,5500.82
33766,5500.07
33767,5500.59
33768,5500.88
33769,5500.54
33770,5500.76
33771,5499.98
33772,5469.66
33773,5199.71
33774,6489.89
33775,5469.42
33776,5100.58
33777,4750.92
33778,4999.39
33779,4261.52
33780,4101.58
33781,4000.22
33782,3982.71
33783,4000.62
33784,3969.21
33785,4100.02
33786,4596.53
33787,4000.76
33788,4596.53
33789,3761.07
33790,3624.35
33791,3400.77
33792,3390.76
33793,3040.29
33794,3053.16
33795,3553.31
33796,3475.95
33797,2947.54
33798,3023.33
33799,3429.5
33800,3023.97
33801,3023.45
33802,3023.5
33803,3100.39
33804,3023.29
33805,2939.35
33806,2891.87
33807,2900.87
33808,2900.95
33809,2947.56
33810,3429.48
33811,4530.69
33812,4996.16
33813,3596.64
33814,3500.49
33815,3650.94
33816,3624.19
33817,3736.7
33818,3852.82
33819,4530.79
33820,5500.61
33821,5900.22
33822,7005.14
33823,7999.8
33824,8000.22
33825,8000.07
33826,7500.29
33827,6499.05
33828,6048.59
33829,7500.37
33830,7550.13
33831,9000.21
33832,9000.19
33833,10000.07
33834,10000.23
33835,10000.9
33836,9500.54
33837,7500.36
33838,5832.16
33839,6042.32
33840,6042.86
33841,5469.34
33842,5500.72
33843,5000.3
33844,4466.59
33845,4006.31
33846,3900.62
33847,4100.87
33848,4100.01
33849,4596.8
33850,4721.09
33851,5270.19
33852,5050.83
33853,5469.69
33854,5700.07
33855,6000.08
33856,6000.45
33857,6500.92
33858,7499.33
33859,10000.96
33860,12000.0
33861,12000.0
33862,12000.0
33863,12000.0
33864,12000.0
33865,12000.0
33866,12000.0
33867,12000.0
33868,12000.0
33869,12000.0
33870,12000.0
33871,11999.27
33872,8000.2
33873,5500.3
33874,5000.27
33875,4721.73
33876,4501.34
33877,3799.5
33878,3759.95
33879,4450.08
33880,4300.36
33881,4999.74
33882,5349.88
33883,4999.87
33884,5050.11
33885,4984.71
33886,4999.5
33887,4596.78
33888,4100.83
33889,4999.62
33890,4996.05
33891,4530.97
33892,3969.64
33893,3761.45
33894,3736.38
33895,3553.68
33896,3475.54
33897,3053.53
33898,3023.7
33899,3023.01
33900,3000.37
33901,2947.1
33902,3000.83
33903,3000.9
33904,3050.65
33905,4530.82
33906,5000.54
33907,5349.23
33908,5469.34
33909,4637.61
33910,3680.58
33911,3380.32
33912,3081.45
33913,2499.84
33914,3492.2
33915,3680.09
33916,4100.91
33917,5501.01
33918,5999.2
33919,7003.73
33920,7006.04
33921,6000.86
33922,5989.22
33923,5700.4
33924,5900.77
33925,5899.41
33926,6500.46
33927,7100.92
33928,6500.85
33929,8000.04
33930,8000.1
33931,7000.86
33932,5899.43
33933,7499.29
33934,7150.35
33935,7607.06
33936,7999.1
33937,8000.06
33938,7499.95
33939,6799.83
33940,5899.86
33941,4601.51
33942,5349.7
33943,5669.29
33944,5669.21
33945,4999.62
33946,5349.58
33947,7000.07
33948,6000.84
33949,6315.84
33950,5999.74
33951,7201.27
33952,7850.15
33953,8000.34
33954,8000.5
33955,8650.99
33956,9566.73
33957,12000.0
33958,12000.0
33959,12000.0
33960,12000.0
33961,12000.0
33962,12000.0
33963,12000.0
33964,12000.0
33965,12000.0
33966,12000.0
33967,12000.0
33968,12000.0
33969,7809.46
33970,7500.75
33971,5469.37
33972,5000.01
33973,4000.78
33974,4129.88
33975,4450.0
33976,4112.35
33977,2999.83
33978,3000.65
33979,2810.92
33980,2900.3
33981,3914.07
33982,3810.99
33983,3400.03
33984,3450.73
33985,3051.61
33986,2859.5
33987,3305.57
33988,3475.05
33989,2920.66
33990,2500.84
33991,2845.03
33992,2879.34
33993,2700.64
33994,2757.01
33995,2679.0
33996,2540.19
33997,2529.0
33998,2690.75
33999,2690.26
34000,2584.5
34001,2700.39
34002,2879.27
34003,2700.53
34004,2610.8
34005,3500.29
34006,3680.84
34007,4001.39
34008,3761.36
34009,3600.45
34010,3810.08
34011,5019.49
34012,5800.6
34013,7201.22
34014,7305.73
34015,7105.21
34016,7810.12
34017,7008.63
34018,7001.78
34019,6042.43
34020,5569.54
34021,5469.66
34022,5000.2
34023,5604.66
34024,5569.19
34025,6000.72
34026,5899.48
34027,5999.73
34028,5469.46
34029,4601.84
34030,4601.42
34031,5220.73
34032,5500.21
34033,4601.76
34034,4999.6
34035,6000.41
34036,4501.24
34037,4210.19
34038,4100.46
34039,4001.19
34040,4001.21
34041,4100.11
34042,4000.45
34043,3852.45
34044,4100.88
34045,5000.99
34046,5469.06
34047,5899.03
34048,5469.73
34049,5899.57
34050,6500.39
34051,10000.39
34052,10000.43
34053,12000.0
34054,12000.0
34055,12000.0
34056,12000.0
34057,12000.0
34058,12000.0
34059,12000.0
34060,12000.0
34061,12000.0
34062,12000.0
34063,6199.66
34064,5499.63
34065,4501.27
34066,4241.06
34067,4501.22
34068,3900.89
34069,3500.3
34070,3237.1
34071,3500.13
34072,3496.34
34073,3500.66
34074,4999.98
34075,4412.53
34076,3947.18
34077,3500.11
34078,3000.72
34079,2700.44
34080,2800.76
34081,3050.08
34082,3000.44
34083,3000.83
34084,3000.8
34085,3006.64
34086,3003.22
34087,2757.07
34088,2700.57
34089,2750.35
34090,2610.78
34091,2610.11
34092,2610.16
34093,2300.82
34094,2300.94
34095,2300.31
34096,2200.14
34097,2500.28
34098,3380.03
34099,3700.04
34100,3700.89
34101,5349.99
34102,5349.2
34103,3640.63
34104,3250.35
34105,3530.92
34106,4120.5
34107,5800.3
34108,6000.87
34109,7000.37
34110,7004.87
34111,7000.25
34112,7663.4
34113,8000.44
34114,8000.29
34115,6000.02
34116,5469.54
34117,5349.93
34118,5349.39
34119,6006.26
34120,6008.41
34121,7000.14
34122,5604.56
34123,7000.14
34124,6999.31
34125,7100.02
34126,7000.53
34127,6500.19
34128,6151.27
34129,5889.93
34130,5889.31
34131,5500.45
34132,5569.62
34133,4228.86
34134,4349.08
34135,4500.27
34136,4225.09
34137,5349.48
34138,5349.78
34139,4000.28
34140,4012.82
34141,4999.02
34142,5000.47
34143,4999.71
34144,4500.56
34145,5539.77
34146,7201.51
34147,10000.29
34148,12000.0
34149,12000.0
34150,12000.0
34151,12000.0
34152,12000.0
34153,12000.0
34154,12000.0
34155,12000.0
34156,12000.0
34157,12000.0
34158,12000.0
34159,12000.0
34160,6199.63
34161,5469.37
34162,4999.14
34163,4198.04
34164,4000.1
34165,4005.84
34166,4450.53
34167,4450.51
34168,3942.96
34169,3640.92
34170,3680.53
34171,3761.55
34172,3736.74
34173,3447.73
34174,3449.38
34175,3000.44
34176,2810.54
34177,2600.87
34178,2500.27
34179,2610.55
34180,2610.42
34181,2610.64
34182,2726.9
34183,2768.04
34184,2610.62
34185,2610.08
34186,2610.67
34187,2500.47
34188,2500.76
34189,2302.73
34190,2302.76
34191,2300.37
34192,2300.11
34193,2300.77
34194,2939.46
34195,3500.45
34196,4000.33
34197,4210.54
34198,4751.14
34199,3800.36
34200,3900.69
34201,3500.82
34202,3581.6
34203,4550.37
34204,6086.32
34205,5840.86
34206,7001.46
34207,8000.05
34208,8000.58
34209,8500.25
34210,8500.89
34211,10000.53
34212,10000.55
34213,10000.21
34214,10000.54
34215,10000.41
34216,10000.14
34217,10600.07
34218,10000.05
34219,8500.89
34220,8500.45
34221,8866.24
34222,9000.51
34223,8866.69
34224,7809.26
34225,7000.01
34226,7000.79
34227,5739.66
34228,5349.98
34229,5349.03
34230,4749.78
34231,6099.06
34232,5669.84
34233,5629.1
34234,5569.24
34235,4001.87
34236,4210.95
34237,5739.84
34238,5769.88
34239,5469.57
34240,5469.4
34241,5349.55
34242,7100.35
34243,10000.24
34244,10000.47
34245,10000.19
34246,10000.46
34247,12000.0
34248,10000.97
34249,12000.0
34250,12000.0
34251,12000.0
34252,12000.0
34253,12000.0
34254,10000.93
34255,9500.68
34256,5569.32
34257,5469.61
34258,4252.34
34259,5000.18
34260,3939.55
34261,3680.28
34262,3700.56
34263,3680.79
34264,3680.08
34265,3680.01
34266,3999.66
34267,3757.94
34268,3736.27
34269,3553.55
34270,3500.88
34271,3389.24
34272,3385.55
34273,2768.1
34274,2600.26
34275,2610.75
34276,2690.1
34277,2610.75
34278,2581.55
34279,2500.29
34280,2500.35
34281,2450.77
34282,2450.62
34283,2450.17
34284,2450.23
34285,2139.99
34286,2151.16
34287,2151.39
34288,2151.61
34289,2810.35
34290,2891.98
34291,3500.93
34292,5521.98
34293,4228.36
34294,3600.81
34295,4284.06
34296,3530.96
34297,3410.33
34298,5063.89
34299,5889.73
34300,7051.43
34301,7999.15
34302,9089.88
34303,11000.57
34304,11999.12
34305,11000.44
34306,11000.29
34307,11000.1
34308,9999.9
34309,9000.93
34310,9000.78
34311,9000.49
34312,9000.12
34313,7999.07
34314,8866.69
34315,8500.34
34316,6000.87
34317,7000.54
34318,7000.38
34319,7200.46
34320,6279.59
34321,7006.41
34322,6999.54
34323,6858.15
34324,6099.9
34325,4210.79
34326,4200.81
34327,5451.43
34328,5349.16
34329,5500.98
34330,5669.84
34331,5500.7
34332,5889.06
34333,5999.86
34334,6099.73
34335,6099.09
34336,5999.75
34337,7005.68
34338,7007.98
34339,10000.35
34340,12000.0
34341,12000.0
34342,12000.0
34343,12000.0
34344,12000.0
34345,12000.0
34346,12000.0
34347,12000.0
34348,12000.0
34349,12000.0
34350,12000.0
34351,9399.4
34352,5529.67
34353,5569.38
34354,5669.24
34355,5100.4
34356,3939.23
34357,3500.97
34358,3653.88
34359,3670.02
34360,3500.1
34361,3500.26
34362,3500.51
34363,3680.65
34364,3680.66
34365,3229.42
34366,3229.08
34367,3202.93
34368,2939.19
34369,2810.27
34370,2810.22
34371,2879.22
34372,2768.71
34373,2768.57
34374,2768.1
34375,2810.29
34376,2768.96
34377,2768.38
34378,2768.2
34379,2768.13
34380,2750.87
34381,2450.36
34382,2450.03
34383,2302.46
34384,2151.09
34385,2500.87
34386,2690.17
34387,2891.19
34388,2939.86
34389,3650.57
34390,3736.45
34391,4000.22
34392,3680.09
34393,3570.91
34394,3680.45
34395,3680.69
34396,4501.99
34397,5064.06
34398,5700.25
34399,5469.47
34400,5739.5
34401,6000.21
34402,8000.28
34403,7000.12
34404,7000.32
34405,7100.67
34406,7100.35
34407,8000.49
34408,8000.19
34409,8866.2
34410,8866.68
34411,10000.84
34412,10000.93
34413,10000.52
34414,10000.6
34415,10000.72
34416,10000.34
34417,10000.6
34418,10000.57
34419,10000.29
34420,10000.24
34421,8761.29
34422,8000.18
34423,7500.66
34424,7499.79
34425,6989.26
34426,6999.65
34427,6989.54
34428,6989.79
34429,6989.09
34430,7000.82
34431,6099.48
34432,6620.53
34433,8000.02
34434,8000.36
34435,9015.56
34436,10000.86
34437,9500.64
34438,9099.84
34439,7000.73
34440,6989.5
34441,8000.83
34442,8000.92
34443,6199.98
34444,6099.52
34445,5400.98
34446,5569.92
34447,4500.53
34448,4000.35
34449,3939.23
34450,4050.53
34451,4751.06
34452,3759.66
34453,2649.9
34454,2849.18
34455,3757.14
34456,3500.69
34457,3500.25
34458,3485.03
34459,2810.86
34460,2800.59
34461,2700.62
34462,2720.03
34463,2720.74
34464,2525.93
34465,2768.34
34466,2939.34
34467,2939.25
34468,2910.73
34469,2796.11
34470,2610.42
34471,1850.42
34472,2125.0
34473,1794.33
34474,1793.76
34475,999.34
34476,999.89
34477,2150.39
34478,2150.24
34479,2500.22
34480,2610.52
34481,2775.45
34482,2810.8
34483,3139.44
34484,3139.46
34485,3530.92
34486,3736.78
34487,3530.59
34488,3000.58
34489,2477.8
34490,2499.42
34491,2012.66
34492,4334.54
34493,5650.17
34494,6000.68
34495,7100.53
34496,7520.9
34497,6005.15
34498,7100.56
34499,7106.61
34500,7908.27
34501,10568.7
34502,10570.18
34503,12000.0
34504,11000.54
34505,10000.7
34506,10000.59
34507,10099.62
34508,10000.95
34509,10000.9
34510,10000.77
34511,10000.57
34512,10000.41
34513,8000.64
34514,7200.92
34515,5983.78
34516,5496.32
34517,4284.68
34518,4228.62
34519,5930.17
34520,5930.04
34521,6999.57
34522,7002.42
34523,7005.31
34524,7200.48
34525,7257.04
34526,7908.85
34527,8000.59
34528,8000.78
34529,7999.88
34530,8000.28
34531,10000.17
34532,10000.68
34533,8500.88
34534,8989.54
34535,8000.67
34536,8000.42
34537,8500.91
34538,10000.04
34539,8000.77
34540,8000.49
34541,8000.53
34542,7908.33
34543,6001.49
34544,5050.74
34545,4460.99
34546,4450.55
34547,3680.32
34548,3640.58
34549,3680.99
34550,3680.88
34551,3680.1
34552,3596.72
34553,3499.59
34554,3510.19
34555,3500.56
34556,3237.19
34557,2610.9
34558,2500.1
34559,2610.59
34560,2610.09
34561,2700.11
34562,2891.04
34563,2810.63
34564,2768.76
34565,2515.0
34566,2610.16
34567,2402.19
34568,2529.16
34569,2519.9
34570,2529.03
34571,2139.52
34572,1959.65
34573,1698.1
34574,1600.26
34575,1590.87
34576,1613.6
34577,2768.95
34578,2891.58
34579,3500.13
34580,2891.66
34581,3350.02
34582,3475.49
34583,3429.37
34584,3250.2
34585,2866.62
34586,2990.21
34587,3351.39
34588,3680.8
34589,3990.91
34590,4300.86
34591,5200.43
34592,6500.1
34593,5999.78
34594,6000.92
34595,7104.47
34596,7105.52
34597,7999.07
34598,7117.72
34599,7999.39
34600,6633.44
34601,6000.35
34602,6000.08
34603,7006.91
34604,6999.25
34605,6500.22
34606,7999.74
34607,7200.95
34608,7200.13
34609,6999.72
34610,6498.41
34611,5500.42
34612,4999.07
34613,4500.69
34614,4500.73
34615,4487.8
34616,4678.95
34617,4999.52
34618,4828.78
34619,4630.41
34620,4678.64
34621,5000.72
34622,5470.73
34623,5120.4
34624,5469.49
34625,5800.03
34626,6000.02
34627,5999.08
34628,7000.04
34629,7102.82
34630,7104.0
34631,7500.17
34632,7501.0
34633,8000.22
34634,8500.49
34635,10000.65
34636,10000.57
34637,10000.13
34638,8000.62
34639,6501.3
34640,5249.19
34641,4600.07
34642,4250.73
34643,4601.98
34644,4500.11
34645,3942.76
34646,3880.55
34647,4001.04
34648,4001.85
34649,4487.13
34650,4100.13
34651,4487.97
34652,3736.71
34653,3500.64
34654,3143.38
34655,3500.22
34656,3237.6
34657,3501.66
34658,3870.0
34659,4000.43
34660,3814.09
34661,3000.3
34662,2891.71
34663,3000.16
34664,2810.94
34665,3000.2
34666,2891.98
34667,2810.75
34668,2810.33
34669,2810.95
34670,2871.0
34671,2810.87
34672,2810.21
34673,3510.25
34674,4001.68
34675,4501.01
34676,4630.13
34677,4437.07
34678,4678.0
34679,6989.28
34680,6918.77
34681,6006.0
34682,6947.0
34683,7103.56
34684,7101.19
34685,7100.62
34686,7105.66
34687,8000.29
34688,8500.24
34689,9000.65
34690,10070.14
34691,11370.26
34692,11370.57
34693,12000.0
34694,12000.0
34695,11999.53
34696,11999.63
34697,10000.71
34698,9500.91
34699,11330.17
34700,10000.76
34701,11330.02
34702,10000.38
34703,10500.28
34704,9500.65
34705,8000.16
34706,7157.29
34707,7155.27
34708,7100.26
34709,4499.42
34710,5469.05
34711,6000.34
34712,5769.01
34713,6000.14
34714,6000.13
34715,6008.65
34716,6508.06
34717,7500.47
34718,8000.06
34719,8000.41
34720,8000.87
34721,8001.09
34722,8004.56
34723,8863.42
34724,9280.86
34725,9000.71
34726,8799.44
34727,8000.87
34728,8000.89
34729,8500.68
34730,8500.82
34731,12000.0
34732,12000.0
34733,12000.0
34734,12000.0
34735,12000.0
34736,9001.81
34737,7473.95
34738,7473.71
34739,6999.77
34740,5501.05
34741,5000.62
34742,5050.41
34743,5469.25
34744,5669.18
34745,5000.29
34746,5000.65
34747,4001.25
34748,3901.78
34749,3736.92
34750,3736.44
34751,3475.75
34752,3475.3
34753,2810.86
34754,2891.72
34755,3500.08
34756,3202.71
34757,3502.69
34758,3500.76
34759,2879.76
34760,2768.66
34761,2879.64
34762,3000.47
34763,3134.04
34764,3134.38
34765,3264.0
34766,3200.72
34767,3200.43
34768,3200.01
34769,3500.31
34770,4000.14
34771,5500.01
34772,5524.72
34773,4601.98
34774,5669.86
34775,6000.3
34776,6000.57
34777,6001.76
34778,7473.72
34779,8100.37
34780,8101.29
34781,8101.14
34782,8500.48
34783,12000.0
34784,12000.0
34785,12000.0
34786,12000.0
34787,11999.48
34788,10000.95
34789,11999.92
34790,12000.0
34791,9000.97
34792,9500.66
34793,12000.0
34794,12000.0
34795,11000.27
34796,10000.49
34797,10000.41
34798,10000.05
34799,9000.66
34800,8000.8
34801,6500.78
34802,6500.05
34803,5500.4
34804,5500.55
34805,5000.66
34806,5250.18
34807,4999.44
34808,4999.27
34809,4300.4
34810,4300.65
34811,5025.14
34812,4914.97
34813,6000.57
34814,6000.49
34815,7000.22
34816,7000.38
34817,7000.42
34818,8000.03
34819,8007.18
34820,8003.27
34821,8004.63
34822,8006.78
34823,6000.87
34824,7749.82
34825,10000.32
34826,10000.44
34827,9399.54
34828,8500.8
34829,8755.56
34830,8500.77
34831,8011.68
34832,6000.0
34833,6099.07
34834,5700.89
34835,5250.79
34836,4710.88
34837,4300.27
34838,4300.08
34839,3969.97
34840,3900.09
34841,3700.11
34842,3680.91
34843,3755.65
34844,3792.0
34845,3475.17
34846,3393.23
34847,2939.95
34848,2939.18
34849,2250.92
34850,2540.79
34851,2810.14
34852,2810.43
34853,2810.23
34854,2768.84
34855,2810.42
34856,2810.25
34857,2810.01
34858,2768.91
34859,2768.25
34860,2768.22
34861,2768.47
34862,2768.57
34863,2700.02
34864,2470.29
34865,2810.02
34866,2939.18
34867,3475.11
34868,2939.98
34869,2866.32
34870,3053.2
34871,4042.73
34872,3757.15
34873,4500.33
34874,6000.15
34875,7679.23
34876,8000.04
34877,8158.01
34878,10000.27
34879,12000.0
34880,12000.0
34881,10000.15
34882,10000.42
34883,10000.4
34884,8000.8
34885,9000.5
34886,9599.16
34887,10000.48
34888,10000.48
34889,11520.91
34890,12000.0
34891,9043.81
34892,8863.59
34893,9000.56
34894,9500.45
34895,11999.27
34896,10000.25
34897,8000.41
34898,7669.13
34899,8000.32
34900,7473.2
34901,5500.53
34902,5025.53
34903,5500.94
34904,5469.9
34905,5569.01
34906,5600.9
34907,5165.08
34908,5669.95
34909,5000.96
34910,5000.4
34911,5569.15
34912,6499.46
34913,5800.53
34914,6500.35
34915,7204.31
34916,8000.51
34917,7473.94
34918,7499.23
34919,5999.72
34920,5999.95
34921,5580.31
34922,6500.53
34923,7100.79
34924,8000.23
34925,8500.75
34926,8500.22
34927,7499.66
34928,6750.12
34929,5999.24
34930,5499.71
34931,4749.27
34932,3976.07
34933,4100.57
34934,4100.16
34935,4000.7
34936,3736.25
34937,3736.73
34938,3839.0
34939,3680.67
34940,3554.94
34941,2939.67
34942,2800.7
34943,2891.35
34944,2779.69
34945,2768.1
34946,2768.33
34947,2768.92
34948,2768.55
34949,2768.41
34950,2768.01
34951,2768.53
34952,2768.4
34953,2650.53
34954,2450.53
34955,2280.59
34956,2091.6
34957,2650.24
34958,2750.17
34959,2768.26
34960,2768.06
34961,2891.98
34962,3860.17
34963,3049.5
34964,3001.7
34965,3750.91
34966,3475.93
34967,3736.32
34968,3736.29
34969,3750.98
34970,4200.04
34971,7473.0
34972,8000.1
34973,5500.37
34974,6752.14
34975,8000.02
34976,8100.03
34977,6500.95
34978,8000.01
34979,6539.19
34980,6500.56
34981,8000.3
34982,8000.21
34983,8100.29
34984,8000.99
34985,8100.39
34986,8100.09
34987,8100.83
34988,8100.78
34989,8000.84
34990,8200.15
34991,5500.92
34992,5500.76
34993,4859.78
34994,6580.66
34995,6999.78
34996,5959.98
34997,4000.17
34998,4000.67
34999,4999.03
35000,4502.67
35001,4500.47
35002,4500.61
35003,5799.11
35004,5959.3
35005,5959.06
35006,5025.82
35007,5959.16
35008,5165.51
35009,4750.46
35010,5000.25
35011,7100.67
35012,6999.13
35013,6999.17
35014,6500.06
35015,6000.24
35016,8000.73
35017,8605.83
35018,8799.13
35019,12000.0
35020,12000.0
35021,12000.0
35022,12000.0
35023,8500.09
35024,6500.83
35025,4899.9
35026,4899.35
35027,4630.82
35028,4501.89
35029,4500.04
35030,4228.63
35031,4228.15
35032,3576.0
35033,3500.67
35034,3680.69
35035,3680.14
35036,3624.4
35037,3100.67
35038,3023.13
35039,2891.73
35040,2891.54
3169,3200.04
3170,3132.31
3171,2752.12
3172,2720.05
3173,2720.87
3174,2999.0
3175,2720.69
3176,2594.91
3177,2594.51
3178,2720.23
3179,2600.66
3180,2720.12
3181,2537.96
3182,2537.13
3183,2537.06
3184,2529.07
3185,2438.81
3186,2820.0
3187,2820.79
3188,2820.76
3189,2849.74
3190,2849.78
3191,2849.81
3192,2849.59
3193,3539.66
3194,4100.35
3195,4889.47
3196,5569.28
3197,6333.08
3198,6500.69
3199,6500.74
3200,6000.12
3201,3987.07
3202,3987.66
3203,4499.25
3204,4500.73
3205,4400.78
3206,4800.07
3207,5049.56
3208,4929.97
3209,4516.47
3210,4551.61
3211,4516.59
3212,4508.81
3213,4000.74
3214,4800.05
3215,4400.68
3216,4500.34
3217,3711.59
3218,3999.48
3219,3400.73
3220,3150.94
3221,3640.63
3222,3640.13
3223,3010.4
3224,3022.95
3225,2730.16
3226,2774.51
3227,2570.36
3228,2289.09
3229,2729.13
3230,2729.67
3231,3010.98
3232,3425.02
3233,4499.94
3234,4989.11
3235,5200.63
3236,5500.48
3237,4800.9
3238,4989.36
3239,5000.79
3240,5000.29
3241,4889.41
3242,4989.65
3243,4320.64
3244,4499.58
3245,4500.19
3246,4499.72
3247,4100.69
3248,4151.2
3249,4100.56
3250,3900.76
3251,3530.73
3252,3530.15
3253,3200.93
3254,3200.65
3255,2800.21
3256,2720.64
3257,3500.4
3258,3409.77
3259,3640.23
3260,3660.17
3261,3432.44
3262,3132.13
3263,3441.41
3264,3432.83
5857,3000.63
5858,3132.42
5859,2477.35
5860,2431.16
5861,2720.78
5862,2720.98
5863,2879.58
5864,2879.54
5865,2600.86
5866,2500.65
5867,2419.76
5868,2419.13
5869,2151.94
5870,2021.88
5871,2720.07
5872,2720.5
5873,3132.27
5874,3063.73
5875,2899.24
5876,3150.36
5877,3531.97
5878,3900.9
5879,4500.93
5880,4100.65
5881,4230.37
5882,4904.83
5883,4500.3
5884,3999.91
5885,4904.15
5886,4999.31
5887,5200.14
5888,4500.78
5889,4120.46
5890,4120.55
5891,4230.03
5892,4520.08
5893,4949.76
5894,4989.15
5895,4969.04
5896,4949.57
5897,4949.83
5898,4989.13
5899,4889.56
5900,4904.38
5901,4316.14
5902,4904.37
5903,5103.46
5904,4969.55
5905,4904.22
5906,4889.4
5907,3530.14
5908,3530.14
5909,2970.45
5910,2829.19
5911,2612.63
5912,2612.62
5913,2599.99
5914,2708.48
5915,2999.25
5916,2999.24
5917,3370.2
5918,3370.65
5919,3999.05
5920,4000.04
5921,3999.83
5922,4259.45
5923,4889.32
5924,5010.07
5925,4989.02
5926,4904.92
5927,5014.84
5928,5099.83
5929,4989.25
5930,5002.31
5931,5000.32
5932,5016.58
5933,5026.64
5934,5025.5
5935,5637.1
5936,5500.15
5937,5200.29
5938,5036.83
5939,5034.81
5940,4500.69
5941,4904.7
5942,4129.25
5943,3879.2
5944,3530.23
5945,3999.07
5946,4150.16
5947,4650.34
5948,4129.96
5949,3749.16
5950,3660.1
5951,3640.84
5952,3640.42
8833,3749.23
8834,3749.34
8835,3359.47
8836,3132.66
8837,3000.23
8838,3179.48
8839,3029.0
8840,3425.31
8841,3425.58
8842,3426.0
8843,3425.73
8844,3132.37
8845,3249.02
8846,3249.99
8847,3522.17
8848,3132.76
8849,3132.16
8850,3359.95
8851,3249.18
8852,3249.26
8853,3530.36
8854,3530.76
8855,4259.87
8856,4720.82
8857,4500.87
8858,4500.87
8859,7000.67
8860,7500.17
8861,12000.13
8862,10008.08
8863,12000.98
8864,8000.11
8865,7399.05
8866,7500.91
8867,5500.93
8868,5569.12
8869,5619.86
8870,7000.69
8871,5000.24
8872,4904.76
8873,4499.48
8874,4259.0
8875,4259.3
8876,4989.04
8877,4904.3
8878,4259.36
8879,4904.13
8880,4904.68
8881,5020.07
8882,5020.08
8883,4969.82
8884,4049.07
8885,2900.89
8886,3000.54
8887,3693.76
8888,3695.58
8889,3690.12
8890,3749.46
8891,3900.21
8892,3900.47
8893,4350.33
8894,4350.19
8895,3749.68
8896,3800.37
8897,4200.06
8898,4500.4
8899,4500.07
8900,5010.66
8901,4700.07
8902,5000.59
8903,5037.47
8904,5060.97
8905,5038.81
8906,5400.46
8907,8400.04
8908,8400.41
8909,11111.39
8910,10333.53
8911,8000.63
8912,5999.42
8913,5032.57
8914,4969.2
8915,5031.57
8916,4904.1
8917,4049.42
8918,4000.22
8919,3749.36
8920,3427.35
8921,3879.65
8922,3999.59
8923,3879.75
8924,3879.13
8925,4302.26
8926,4904.96
8927,3999.76
8928,3749.81
11713,3749.21
11714,3640.66
11715,3522.56
11716,3425.79
11717,3150.44
11718,3150.02
11719,3749.94
11720,3749.52
11721,3150.97
11722,3409.55
11723,3425.35
11724,3132.46
11725,2849.93
11726,3029.46
11727,2920.16
11728,2820.56
11729,2679.21
11730,2679.42
11731,2774.83
11732,2729.69
11733,3029.76
11734,3999.28
11735,4904.94
11736,4649.12
11737,6020.41
11738,7200.59
11739,8020.84
11740,8020.64
11741,14492.0
11742,15000.43
11743,9817.26
11744,8000.73
11745,6000.03
11746,4989.56
11747,4904.31
11748,4904.61
11749,5570.07
11750,5200.55
11751,4969.36
11752,4904.32
11753,4281.56
11754,4510.68
11755,4600.37
11756,4499.67
11757,4120.85
11758,4889.71
11759,4120.81
11760,4600.51
11761,3999.96
11762,3720.03
11763,3660.17
11764,3522.14
11765,2999.16
11766,3000.34
11767,3100.8
11768,2999.89
11769,2999.18
11770,3620.64
11771,3425.51
11772,3500.15
11773,3749.66
11774,3900.29
11775,3100.62
11776,4250.15
11777,4546.82
11778,5020.36
11779,5500.46
11780,5500.94
11781,4904.41
11782,4989.57
11783,6001.1
11784,6002.25
11785,4989.26
11786,5350.09
11787,6750.16
11788,7500.48
11789,7500.74
11790,6004.08
11791,5000.39
11792,4989.45
11793,4904.32
11794,4500.87
11795,5000.7
11796,4230.16
11797,5167.98
11798,5119.62
11799,4259.13
11800,4151.32
11801,4200.16
11802,4837.58
11803,4100.33
11804,3999.83
11805,3900.54
11806,3749.32
11807,4000.27
11808,3900.74
14689,3999.49
14690,3999.35
14691,3999.67
14692,3900.24
14693,3999.41
14694,3900.68
14695,3999.97
14696,3999.57
14697,3602.8
14698,3530.41
14699,3369.34
14700,3369.46
14701,3425.81
14702,3500.67
14703,3150.74
14704,3432.33
14705,3660.4
14706,3749.57
14707,3749.09
14708,4000.25
14709,3999.64
14710,4300.04
14711,4904.69
14712,5000.45
14713,5000.33
14714,5500.14
14715,8000.29
14716,8000.22
14717,7500.26
14718,7999.68
14719,5106.21
14720,4904.97
14721,4358.69
14722,4281.68
14723,4000.0
14724,4750.59
14725,4499.32
14726,4499.14
14727,4000.03
14728,3329.17
14729,3010.33
14730,3150.07
14731,3029.73
14732,3029.37
14733,4099.08
14734,4400.19
14735,4690.0
14736,4600.0
14737,4957.0
14738,4904.68
14739,4716.64
14740,3649.86
14741,3425.56
14742,2998.41
14743,2639.31
14744,2594.67
14745,2568.75
14746,2788.56
14747,3573.81
14748,3606.41
14749,4017.12
14750,4199.7
14751,3999.43
14752,4084.61
14753,4000.46
14754,4350.27
14755,3998.9
14756,4200.85
14757,4400.57
14758,4444.67
14759,4200.53
14760,4400.95
14761,3999.76
14762,4151.78
14763,4151.23
14764,4259.9
14765,4444.76
14766,4500.77
14767,4444.96
14768,4151.64
14769,4259.48
14770,4091.86
14771,4444.38
14772,3999.53
14773,3096.82
14774,3088.87
14775,3500.38
14776,3500.7
14777,3439.88
14778,3600.23
14779,3223.11
14780,3180.81
14781,3319.78
14782,3319.06
14783,3149.41
14784,3149.04
17569,3002.05
17570,3111.62
17571,3111.49
17572,3111.48
17573,2984.33
17574,2987.15
17575,2820.59
17576,2999.65
17577,2820.09
17578,2632.52
17579,2509.57
17580,2665.9
17581,2538.55
17582,2509.61
17583,2519.6
17584,2820.61
17585,2820.82
17586,2868.58
17587,2768.93
17588,2899.0
17589,3029.5
17590,3660.11
17591,5000.11
17592,4904.57
17593,4900.78
17594,6008.81
17595,7000.16
17596,8000.12
17597,7500.33
17598,8000.34
17599,8000.45
17600,7500.98
17601,5008.03
17602,5002.07
17603,4989.69
17604,4989.19
17605,4989.7
17606,5200.78
17607,5670.59
17608,5109.12
17609,6500.19
17610,6500.07
17611,7500.63
17612,7500.47
17613,4800.86
17614,4725.77
17615,4500.66
17616,4500.51
17617,4249.49
17618,4720.78
17619,4889.14
17620,4500.71
17621,3499.91
17622,3538.24
17623,3649.13
17624,3749.45
17625,3449.19
17626,3522.09
17627,4129.73
17628,3800.97
17629,4370.36
17630,4820.02
17631,5672.85
17632,6057.67
17633,7270.34
17634,7270.62
17635,9305.52
17636,9307.75
17637,7883.76
17638,9227.62
17639,12000.78
17640,12000.21
17641,7500.7
17642,7500.55
17643,8613.63
17644,9999.45
17645,8520.22
17646,7637.89
17647,6558.97
17648,5509.01
17649,5400.84
17650,4904.04
17651,4400.67
17652,4700.19
17653,4889.4
17654,4250.55
17655,4540.41
17656,4469.66
17657,5020.36
17658,5035.42
17659,4317.78
17660,4264.34
17661,3999.02
17662,3839.25
17663,3749.69
17664,3640.21
20545,4005.37
20546,4008.65
20547,3930.86
20548,3749.5
20549,3349.66
20550,3349.54
20551,3522.93
20552,3522.0
20553,3425.15
20554,3320.83
20555,3132.17
20556,3179.49
20557,3179.4
20558,2869.94
20559,3320.38
20560,3425.84
20561,3425.38
20562,3320.8
20563,3399.01
20564,3749.2
20565,3522.54
20566,4206.66
20567,4904.13
20568,4129.09
20569,4259.51
20570,5006.42
20571,5000.93
20572,5006.95
20573,5007.19
20574,5006.63
20575,5003.34
20576,4904.87
20577,4349.16
20578,4259.08
20579,4151.59
20580,4120.68
20581,4889.52
20582,4120.01
20583,4120.99
20584,3889.68
20585,3660.55
20586,3349.25
20587,3999.78
20588,3530.48
20589,3660.39
20590,3700.71
20591,4350.3
20592,4300.46
20593,5568.02
20594,5670.11
20595,5504.16
20596,4969.51
20597,3420.2
20598,3620.98
20599,3749.13
20600,3640.38
20601,4259.49
20602,4200.81
20603,4969.49
20604,4820.13
20605,4889.35
20606,5066.95
20607,5850.64
20608,5850.27
20609,6520.93
20610,8142.73
20611,7718.51
20612,8307.51
20613,7932.67
20614,8520.65
20615,8527.82
20616,8520.26
20617,5999.4
20618,9107.21
20619,9999.43
20620,12000.4
20621,9999.91
20622,9999.89
20623,8975.36
20624,7500.82
20625,6945.58
20626,5999.7
20627,6438.07
20628,5200.13
20629,5500.74
20630,5989.32
20631,6520.04
20632,5933.75
20633,6000.67
20634,5961.74
20635,5106.28
20636,5200.75
20637,6000.84
20638,5058.87
20639,3900.14
20640,3899.89
23521,3749.46
23522,3849.92
23523,4900.17
23524,4649.89
23525,3900.35
23526,3900.17
23527,3476.85
23528,3450.09
23529,3749.5
23530,3749.51
23531,3474.36
23532,3461.2
23533,3425.31
23534,3454.61
23535,3120.9
23536,3120.6
23537,3425.88
23538,4000.17
23539,4400.11
23540,4490.63
23541,4158.81
23542,5000.0
23543,5500.32
23544,5500.21
23545,6520.0
23546,8000.33
23547,18000.7
23548,18000.97
23549,19999.87
23550,19999.07
23551,19997.1
23552,19995.31
23553,6000.57
23554,6000.34
23555,8979.74
23556,6145.74
23557,6350.83
23558,7001.12
23559,7462.59
23560,7011.45
23561,5500.27
23562,6015.58
23563,8000.09
23564,6891.96
23565,8684.99
23566,8983.26
23567,8142.61
23568,5653.41
23569,5034.52
23570,6164.85
23571,4358.97
23572,4149.66
23573,2700.1
23574,3150.52
23575,3150.08
23576,3150.25
23577,3707.17
23578,3879.1
23579,3660.9
23580,3749.42
23581,4502.09
23582,4505.18
23583,5388.39
23584,6000.34
23585,6071.1
23586,6110.29
23587,6117.95
23588,7000.65
23589,6118.4
23590,8000.85
23591,8979.8
23592,8520.95
23593,6112.78
23594,7500.99
23595,9540.25
23596,11199.32
23597,10741.88
23598,10724.96
23599,9000.36
23600,6118.64
23601,5999.27
23602,5070.51
23603,4500.32
23604,4129.54
23605,3955.15
23606,3899.91
23607,3900.38
23608,3530.89
23609,3359.04
23610,3712.29
23611,3119.64
23612,3179.11
23613,4270.99
23614,3359.89
23615,3749.69
23616,3749.78
26401,3139.63
26402,3139.49
26403,4470.18
26404,4889.08
26405,3339.85
26406,3500.61
26407,2969.8
26408,3000.92
26409,3120.2
26410,3660.87
26411,3522.74
26412,3749.66
26413,2729.3
26414,2729.59
26415,2699.85
26416,2699.99
26417,2899.11
26418,2899.5
26419,2900.21
26420,3649.39
26421,3500.91
26422,4500.1
26423,4889.39
26424,5500.36
26425,4500.59
26426,7020.35
26427,7500.98
26428,8000.44
26429,8520.88
26430,8520.66
26431,6989.9
26432,5119.07
26433,4079.76
26434,4079.81
26435,4989.48
26436,4889.81
26437,5200.03
26438,5200.78
26439,5770.26
26440,5770.12
26441,4120.61
26442,3999.57
26443,6000.43
26444,6003.63
26445,4889.38
26446,4889.19
26447,5349.9
26448,4989.96
26449,4120.45
26450,4250.55
26451,5570.14
26452,4250.19
26453,3500.6
26454,3500.61
26455,3530.07
26456,3530.11
26457,3522.34
26458,3800.56
26459,3849.72
26460,4120.1
26461,4444.03
26462,4504.25
26463,6000.8
26464,6004.69
26465,6670.57
26466,6870.78
26467,7500.32
26468,7777.12
26469,8520.03
26470,10800.22
26471,16000.88
26472,12181.06
26473,8520.46
26474,7499.28
26475,13901.56
26476,19000.76
26477,15083.96
26478,15021.34
26479,12000.61
26480,9999.33
26481,7772.35
26482,6105.11
26483,6840.93
26484,6001.22
26485,6500.65
26486,6386.9
26487,6500.33
26488,5200.45
26489,5870.44
26490,5870.98
26491,6500.27
26492,6500.51
26493,5316.89
26494,5000.76
26495,4991.9
26496,3999.65
29377,3800.38
29378,4889.48
29379,4930.46
29380,4219.53
29381,3900.61
29382,3900.47
29383,4330.43
29384,4889.01
29385,4889.8
29386,4889.92
29387,4930.24
29388,4889.75
29389,3999.7
29390,3779.12
29391,4249.38
29392,3779.99
29393,4177.72
29394,4989.06
29395,4889.58
29396,4989.43
29397,4229.63
29398,6500.98
29399,6999.34
29400,7500.74
29401,8000.94
29402,8520.96
29403,12458.9
29404,16000.22
29405,16000.67
29406,16000.67
29407,16000.35
29408,13430.56
29409,16000.06
29410,13430.18
29411,10000.84
29412,10436.56
29413,8520.61
29414,8979.13
29415,8000.71
29416,8000.74
29417,8000.68
29418,8000.51
29419,7000.33
29420,7000.52
29421,6999.75
29422,8000.1
29423,6999.99
29424,6957.67
29425,5349.71
29426,6502.47
29427,6555.13
29428,4949.08
29429,3749.25
29430,4000.39
29431,4500.66
29432,4500.96
29433,4300.55
29434,4500.92
29435,4199.48
29436,4199.25
29437,4300.69
29438,4600.3
29439,4600.7
29440,5989.81
29441,6510.45
29442,6516.13
29443,8698.06
29444,9000.1
29445,5119.68
29446,6999.56
29447,6000.86
29448,6500.36
29449,6514.75
29450,13430.72
29451,20000.0
29452,20000.0
29453,20000.0
29454,20000.0
29455,20000.0
29456,13446.38
29457,13430.62
29458,13430.79
29459,13430.02
29460,10000.0
29461,7500.03
29462,6999.97
29463,6252.48
29464,6000.93
29465,5234.73
29466,6500.21
29467,6454.53
29468,5999.47
29469,4989.2
29470,4889.29
29471,5999.32
29472,5999.2
32257,4510.55
32258,4555.99
32259,4555.94
32260,3987.8
32261,4490.27
32262,3979.69
32263,3749.62
32264,3749.49
32265,3749.08
32266,3749.73
32267,3309.97
32268,3120.94
32269,3239.14
32270,3120.86
32271,3500.08
32272,3319.06
32273,3319.19
32274,3749.33
32275,3999.88
32276,3749.94
32277,3750.71
32278,6000.49
32279,7500.38
32280,8000.58
32281,8000.45
32282,8520.17
32283,8000.55
32284,9999.58
32285,10500.96
32286,11111.85
32287,8979.41
32288,8520.93
32289,8000.17
32290,8000.68
32291,5999.72
32292,5000.43
32293,4989.72
32294,4328.0
32295,3984.68
32296,4150.87
32297,3749.71
32298,3800.16
32299,3980.41
32300,3800.02
32301,3955.11
32302,3800.84
32303,4120.67
32304,4520.6
32305,5020.11
32306,5020.06
32307,4120.1
32308,4120.2
32309,3749.43
32310,3730.03
32311,3749.57
32312,3749.3
32313,3749.08
32314,3749.66
32315,3749.92
32316,3999.9
32317,3749.99
32318,4500.43
32319,4520.26
32320,4520.96
32321,5020.39
32322,5020.42
32323,4590.95
32324,6500.91
32325,5000.82
32326,6512.23
32327,6516.18
32328,6965.33
32329,6840.01
32330,11984.05
32331,18994.24
32332,20000.0
32333,20000.0
32334,20000.0
32335,18991.84
32336,18997.13
32337,9999.52
32338,9999.29
32339,8520.14
32340,7500.79
32341,7500.66
32342,7500.62
32343,8170.42
32344,7500.18
32345,8520.23
32346,8520.59
32347,8520.6
32348,8520.5
32349,8520.97
32350,8520.44
32351,8520.39
32352,8520.37
6817,11520.07
6818,11520.08
6819,14000.55
6820,13430.32
6821,5874.48
6822,6455.88
6823,4510.04
6824,4889.26
6825,6069.38
6826,5998.26
6827,5969.54
6828,5369.97
6829,4444.1
6830,4219.73
6831,4219.67
6832,4444.06
6833,4219.46
6834,4510.52
6835,5869.9
6836,6500.39
6837,7999.08
6838,9000.15
6839,11000.31
6840,12000.14
6841,8520.19
6842,8520.84
6843,8000.67
6844,8000.67
6845,8000.17
6846,8000.22
6847,5200.51
6848,5000.61
6849,4999.11
6850,4897.8
6851,4150.43
6852,3900.91
6853,3029.38
6854,3029.57
6855,3157.09
6856,3119.87
6857,3000.97
6858,2900.56
6859,4120.65
6860,4120.56
6861,3660.92
6862,3740.36
6863,3320.94
6864,3707.21
6865,3412.57
6866,3500.52
6867,3249.14
6868,2916.0
6869,2766.3
6870,2805.7
6871,2019.96
6872,2019.95
6873,2019.91
6874,3000.38
6875,2950.79
6876,2910.98
6877,2595.0
6878,2789.5
6879,3100.27
6880,2852.1
6881,2900.33
6882,3000.81
6883,3331.11
6884,3331.02
6885,3100.97
6886,3999.48
6887,3600.63
6888,2730.52
6889,2719.87
6890,3499.86
6891,3028.19
6892,4100.0
6893,4080.09
6894,3999.55
6895,3774.76
6896,3800.16
6897,5200.21
6898,4989.59
6899,5200.89
6900,5200.76
6901,4200.7
6902,4189.61
6903,4259.15
6904,3729.91
6905,5014.29
6906,5013.16
6907,5102.54
6908,5101.53
6909,6069.24
6910,5989.23
6911,5989.52
6912,5434.54
6913,3800.43
6914,3800.14
6915,3002.36
6916,2600.75
6917,3999.71
6918,4120.46
6919,3300.75
6920,4120.16
6921,3500.07
6922,3749.15
6923,3749.18
6924,3010.98
6925,3339.29
6926,2999.93
6927,3500.36
6928,3500.35
6929,3749.08
6930,3500.26
6931,3999.38
6932,3530.76
6933,3500.5
6934,4120.62
6935,5480.71
6936,6472.38
6937,4120.64
6938,6506.18
6939,6989.23
6940,8000.41
6941,7999.52
6942,8000.33
6943,6557.57
6944,6556.26
6945,8000.1
6946,6989.56
6947,4229.16
6948,4200.91
6949,3797.86
6950,3700.2
6951,4219.44
6952,4219.75
6953,4259.08
6954,4219.9
6955,5500.84
6956,5500.69
6957,5514.03
6958,5999.26
6959,5969.15
6960,6034.01
6961,6000.94
6962,6000.36
6963,4500.1
6964,4316.59
6965,2992.45
6966,2998.6
6967,3500.14
6968,3500.03
6969,3500.78
6970,3749.01
6971,3990.83
6972,4120.39
6973,3749.86
6974,4120.31
6975,5530.25
6976,5530.91
6977,6500.61
6978,7469.09
6979,7500.08
6980,7500.25
6981,7542.36
6982,7469.08
6983,8000.22
6984,8000.86
6985,7009.5
6986,10168.25
6987,16002.63
6988,18708.97
6989,16904.52
6990,15667.65
6991,14365.26
6992,12371.81
6993,13430.38
6994,13430.99
6995,13599.92
6996,13430.07
6997,13430.2
6998,14893.4
6999,13042.88
7000,12207.96
7001,11175.3
7002,13238.83
7003,8520.82
7004,8520.34
7005,8520.59
7006,8520.75
7007,8520.56
7008,7506.91
7009,6396.8
7010,6820.61
7011,7262.27
7012,6500.2
7013,5567.23
7014,5567.23
7015,6020.12
7016,6820.01
7017,5472.26
7018,4989.24
7019,4500.57
7020,4500.22
7021,4500.45
7022,4989.71
7023,4316.6
7024,4499.48
7025,4989.08
7026,5500.86
7027,5474.22
7028,5970.4
7029,5000.93
7030,6356.45
7031,6820.02
7032,6820.07
7033,6999.24
7034,7520.93
7035,8000.66
7036,8020.8
7037,8520.77
7038,9349.52
7039,10000.35
7040,9014.82
7041,7999.76
7042,8000.05
7043,6820.68
7044,6989.85
7045,6015.17
7046,6820.21
7047,5543.34
7048,5632.28
7049,5000.53
7050,5441.61
7051,6954.81
7052,6843.82
7053,8142.06
7054,7000.02
7055,5510.23
7056,5000.14
7057,6369.11
7058,7501.15
7059,5570.76
7060,5469.31
7061,3800.05
7062,3749.65
7063,3066.0
7064,3100.72
7065,3749.97
7066,3975.31
7067,4520.31
7068,4520.85
7069,6111.15
7070,6000.1
7071,6000.79
7072,6570.07
7073,6320.39
7074,7000.78
7075,8505.45
7076,8507.41
7077,9002.52
7078,9349.02
7079,8000.72
7080,8000.64
7081,8000.08
7082,8997.67
7083,17999.77
7084,20000.0
7085,20000.0
7086,20000.0
7087,19358.68
7088,17999.52
7089,20000.0
7090,20000.0
7091,19999.68
7092,19999.7
7093,19999.84
7094,20000.0
7095,20000.0
7096,19999.35
7097,17999.53
7098,18816.35
7099,20000.0
7100,19999.58
7101,20000.0
7102,19366.74
7103,19144.48
7104,16037.15
7105,15003.81
7106,15001.13
7107,13430.1
7108,8979.64
7109,9244.54
7110,8520.56
7111,8320.29
7112,6499.76
7113,6502.01
7114,6507.47
7115,6000.58
7116,5500.27
7117,5500.38
7118,5999.63
7119,5590.78
7120,5200.25
7121,5000.32
7122,5500.82
7123,6015.66
7124,7250.03
7125,8020.13
7126,8320.6
7127,11111.61
7128,13430.56
7129,16004.95
7130,17030.36
7131,13430.57
7132,18500.45
7133,18500.74
7134,10000.43
7135,8000.94
7136,8320.3
7137,8000.56
7138,8320.21
7139,8000.73
7140,8320.09
7141,6500.58
7142,8000.76
7143,8520.27
7144,8520.49
7145,8520.84
7146,9989.14
7147,10000.55
7148,10685.48
7149,9999.67
7150,11501.54
7151,10170.73
7152,11389.23
7153,8520.73
7154,8520.65
7155,8520.52
7156,8320.47
7157,7999.08
7158,6989.2
7159,6990.0
7160,7440.0
7161,5500.14
7162,5999.67
7163,6069.2
7164,6169.24
7165,7030.95
7166,7777.92
7167,8320.52
7168,8520.3
7169,8320.85
7170,8520.58
7171,10000.15
7172,9245.0
7173,12722.03
7174,12531.56
7175,8520.57
7176,8520.79
7177,20000.0
7178,20000.0
7179,20000.0
7180,20000.0
7181,20000.0
7182,20000.0
7183,20000.0
7184,20000.0
7185,20000.0
7186,20000.0
7187,20000.0
7188,19739.62
7189,20000.0
7190,20000.0
7191,20000.0
7192,18999.77
7193,20000.0
7194,20000.0
7195,20000.0
7196,18999.97
7197,9999.41
7198,8520.41
7199,8520.14
7200,8320.43
7201,13430.31
7202,13430.88
7203,9999.12
7204,9404.56
7205,8520.71
7206,8520.85
7207,8520.08
7208,8520.83
7209,7500.14
7210,7999.39
7211,8200.13
7212,6989.55
7213,7007.76
7214,7999.4
7215,8001.0
7216,7999.23
7217,7999.08
7218,8520.1
7219,8520.26
7220,8979.14
7221,8320.08
7222,9000.43
7223,19994.96
7224,19993.84
7225,20000.0
7226,20000.0
7227,20000.0
7228,20000.0
7229,20000.0
7230,20000.0
7231,20000.0
7232,14654.47
7233,13430.1
7234,13430.57
7235,8320.15
7236,7999.91
7237,6669.22
7238,7999.72
7239,7994.67
7240,7999.98
7241,7560.0
7242,8050.4
7243,8320.4
7244,8520.06
7245,9370.74
7246,8999.41
7247,12000.22
7248,12000.06
7249,13694.5
7250,14587.39
7251,13430.9
7252,13430.36
7253,6989.45
7254,6999.37
7255,7659.6
7256,7500.5
7257,7200.95
7258,7810.28
7259,8006.67
7260,8520.27
7261,8520.97
7262,9499.35
7263,12235.37
7264,12500.6
7265,9244.39
7266,9499.62
7267,8520.66
7268,13430.26
7269,13430.7
7270,15017.24
7271,16009.63
7272,15775.37
7273,8520.97
7274,16382.0
7275,16355.33
7276,20000.0
7277,20000.0
7278,20000.0
7279,20000.0
7280,9720.56
7281,5744.1
7282,6301.71
7283,4499.1
7284,4499.84
7285,4700.74
7286,4500.2
7287,4356.81
7288,4499.31
7289,4700.52
7290,7020.01
7291,8624.88
7292,9720.79
7293,8520.66
7294,8142.3
7295,8520.1
7296,7999.98
7297,11500.46
7298,11500.35
7299,14500.12
7300,13430.88
7301,8520.78
7302,8520.67
7303,8520.37
7304,8520.66
7305,8520.03
7306,7999.76
7307,5000.85
7308,5000.91
7309,6500.19
7310,7000.45
7311,7999.52
7312,6989.04
7313,4316.91
7314,5000.99
7315,4820.62
7316,4820.67
7317,5189.0
7318,7820.73
7319,7000.76
7320,8520.13
7321,6500.76
7322,16000.03
7323,16004.75
7324,19999.21
7325,5729.18
7326,5520.93
7327,3989.97
7328,3989.36
7329,2900.99
7330,2500.73
7331,1999.57
7332,1999.54
7333,3120.33
7334,3081.48
7335,3120.05
7336,3120.74
7337,3000.38
7338,2475.66
7339,3120.2
7340,2752.7
7341,3120.34
7342,3120.7
7343,5319.94
7344,4552.01
7345,3028.72
7346,3028.8
7347,2975.59
7348,2975.4
7349,2303.75
7350,2510.02
7351,2499.72
7352,2900.67
7353,2881.57
7354,3320.32
7355,3320.91
7356,3499.54
7357,2881.34
7358,3320.37
7359,3050.25
7360,3010.02
7361,3320.99
7362,3500.18
7363,3989.9
7364,3909.2
7365,3164.84
7366,3319.11
7367,1000.09
7368,1000.29
7369,1489.36
7370,1999.09
7371,3432.28
7372,3499.3
7373,4000.32
7374,3900.41
7375,2937.47
7376,2995.36
7377,3381.3
7378,2900.49
7379,3999.02
7380,3999.27
7381,3999.83
7382,3779.52
7383,3499.09
7384,3499.46
7385,4120.48
7386,5427.36
7387,4989.56
7388,5952.87
7389,4300.27
7390,3999.38
7391,3499.06
7392,3499.4
7393,3320.0
7394,3164.29
7395,2500.14
7396,2500.21
7397,2750.97
7398,2975.3
7399,3150.46
7400,3320.66
7401,3027.2
7402,3292.4
7403,3108.0
7404,2750.74
7405,3000.38
7406,3000.58
7407,3000.89
7408,3300.09
7409,3150.62
7410,3320.17
7411,3320.36
7412,3339.1
7413,3999.74
7414,4700.77
7415,4500.13
7416,4500.98
7417,3530.33
7418,3999.58
7419,3539.67
7420,3650.83
7421,3453.79
7422,4151.36
7423,1999.83
7424,1999.68
7425,3000.35
7426,3320.77
7427,3000.45
7428,1612.0
7429,3120.17
7430,3120.38
7431,3119.81
7432,3120.9
7433,2975.46
7434,2975.72
7435,3120.41
7436,3305.74
7437,3120.19
7438,3151.53
7439,3315.45
7440,3315.02
7441,4350.13
7442,4400.82
7443,3492.0
7444,3145.97
7445,2975.7
7446,2915.97
7447,3040.67
7448,3000.69
7449,3120.86
7450,3200.56
7451,4552.06
7452,3950.22
7453,3151.83
7454,3800.83
7455,4450.03
7456,4400.06
7457,3523.77
7458,3740.95
7459,3380.32
7460,3499.02
7461,2986.34
7462,3010.38
7463,2523.33
7464,2712.98
7465,2891.63
7466,3120.98
7467,2900.8
7468,3120.73
7469,3539.66
7470,4640.75
7471,3999.24
7472,3539.12
7473,3120.62
7474,3120.51
7475,3720.07
7476,3539.51
7477,3450.78
7478,3289.65
7479,3094.65
7480,3099.96
7481,3720.78
7482,4020.17
7483,4720.12
7484,4720.23
7485,5230.28
7486,5230.17
7487,5389.77
7488,5000.44
7489,5520.12
7490,5520.45
7491,6000.57
7492,6000.61
7493,5772.0
7494,5500.89
7495,5769.62
7496,6000.86
7497,5000.98
7498,4989.74
7499,5501.52
7500,5000.64
7501,5520.22
7502,5100.93
7503,5836.0
7504,5620.64
7505,5850.8
7506,6000.4
7507,6000.34
7508,6000.86
7509,6000.72
7510,6369.96
7511,6920.62
7512,7120.56
7513,6000.84
7514,6000.83
7515,4300.28
7516,4889.62
7517,3999.12
7518,3999.8
7519,3999.88
7520,3999.85
7521,3999.94
7522,3999.99
7523,3120.93
7524,3120.1
7525,3249.72
7526,3300.07
7527,3120.84
7528,3120.53
7529,2769.79
7530,2769.58
7531,2700.09
7532,2619.36
7533,2670.25
7534,2800.44
7535,3202.74
7536,3120.69
7537,2900.58
7538,2729.6
7539,3025.0
7540,2920.55
7541,2594.1
7542,2670.61
7543,2862.45
7544,3120.39
7545,3151.94
7546,3509.02
7547,3950.64
7548,4002.65
7549,4250.46
7550,4250.09
7551,4770.58
7552,4770.68
7553,3539.52
7554,3999.67
7555,4229.11
7556,4557.14
7557,3000.98
7558,3151.51
7559,2361.59
7560,2700.25
7561,3500.4
7562,3800.94
7563,3450.07
7564,4400.87
7565,4700.76
7566,4700.51
7567,5000.39
7568,4750.34
7569,4499.51
7570,4229.53
7571,6111.57
7572,6010.89
7573,6499.31
7574,6770.01
7575,6519.38
7576,6020.6
7577,7870.56
7578,7870.76
7579,10870.73
7580,11517.22
7581,13430.8
7582,14034.46
7583,13430.87
7584,11517.63
7585,11953.7
7586,8997.89
7587,11786.14
7588,9889.11
7589,9884.62
7590,8520.79
7591,7999.22
7592,7999.0
7593,6912.91
7594,6530.12
7595,6376.0
7596,6015.62
7597,6000.46
7598,6000.25
7599,4999.54
7600,5369.19
7601,4499.79
7602,5369.38
7603,4989.35
7604,4989.56
7605,5000.48
7606,6000.74
7607,6000.48
7608,6000.7
7609,8520.7
7610,8520.85
7611,9555.76
7612,12067.27
7613,8520.7
7614,8520.41
7615,8520.29
7616,8520.37
7617,8000.56
7618,8499.45
7619,7628.67
7620,6999.38
7621,6000.56
7622,6000.04
7623,5999.13
7624,5999.04
7625,5999.43
7626,4989.92
7627,7170.67
7628,7170.88
7629,8000.7
7630,8000.27
7631,8520.77
7632,8520.82
7633,9999.06
7634,9999.02
7635,8369.71
7636,8520.11
7637,6000.66
7638,6989.76
7639,6369.9
7640,6369.6
7641,6500.77
7642,8400.23
7643,7999.64
7644,7770.14
7645,11000.22
7646,11000.31
7647,13000.72
7648,13430.01
7649,16500.32
7650,16500.27
7651,20000.0
7652,20000.0
7653,20000.0
7654,20000.0
7655,20000.0
7656,19919.04
7657,13430.72
7658,19991.71
7659,19774.18
7660,20000.0
7661,20000.0
7662,20000.0
7663,20000.0
7664,20000.0
7665,14750.36
7666,13430.41
7667,20000.0
7668,20000.0
7669,20000.0
7670,20000.0
7671,16992.71
7672,20000.0
7673,20000.0
7674,20000.0
7675,20000.0
7676,20000.0
7677,14498.91
7678,13583.41
7679,12520.5
7680,12130.37
7681,12521.0
7682,12520.94
7683,12520.8
7684,12520.73
7685,12520.91
7686,12520.69
7687,12520.51
7688,12520.29
7689,10853.83
7690,10456.03
7691,10000.93
7692,10853.93
7693,8979.18
7694,10500.86
7695,10853.33
7696,9989.9
7697,10001.49
7698,10500.7
7699,10853.42
7700,12520.09
7701,12520.4
7702,12520.82
7703,15762.06
7704,18000.25
7705,12520.93
7706,19995.17
7707,20000.0
7708,20000.0
7709,20000.0
7710,20000.0
7711,10969.73
7712,10000.62
7713,10853.65
7714,9989.94
7715,8150.57
7716,7999.91
7717,7998.46
7718,7989.12
7719,9170.45
7720,8212.05
7721,9000.69
7722,9170.3
7723,9989.2
7724,10000.22
7725,10000.78
7726,9794.08
7727,9000.03
7728,9000.85
7729,9000.65
7730,9000.07
7731,6337.82
7732,6155.81
7733,4999.61
7734,5989.19
7735,7142.57
7736,7500.39
7737,8000.61
7738,8500.52
7739,9000.09
7740,9500.2
7741,10520.17
7742,10520.73
7743,16000.86
7744,16006.16
7745,20000.0
7746,20000.0
7747,20000.0
7748,20000.0
7749,20000.0
7750,20000.0
7751,20000.0
7752,20000.0
7753,20000.0
7754,20000.0
7755,20000.0
7756,20000.0
7757,20000.0
7758,20000.0
7759,20000.0
7760,20000.0
7761,20000.0
7762,20000.0
7763,20000.0
7764,20000.0
7765,20000.0
7766,20000.0
7767,20000.0
7768,20000.0
7769,20000.0
7770,20000.0
7771,20000.0
7772,20000.0
7773,20000.0
7774,20000.0
7775,20000.0
7776,20000.0
7777,20000.0
7778,20000.0
7779,20000.0
7780,20000.0
7781,20000.0
7782,20000.0
7783,20000.0
7784,20000.0
7785,20000.0
7786,20000.0
7787,20000.0
7788,20000.0
7789,20000.0
7790,20000.0
7791,20000.0
7792,20000.0
7793,20000.0
7794,20000.0
7795,20000.0
7796,20000.0
7797,20000.0
7798,20000.0
7799,20000.0
7800,20000.0
7801,20000.0
7802,20000.0
7803,20000.0
7804,20000.0
7805,20000.0
7806,20000.0
7807,20000.0
7808,20000.0
7809,20000.0
7810,14069.43
7811,11484.3
7812,10000.86
7813,10000.1
7814,8792.85
7815,8792.81
7816,8792.54
7817,10000.72
7818,11000.01
7819,11000.31
7820,11000.28
7821,11001.93
7822,12270.34
7823,11000.01
7824,10000.92
7825,12270.22
7826,12270.5
7827,10000.17
7828,9830.89
7829,8000.47
7830,8000.48
7831,8212.31
7832,8792.13
7833,8792.64
7834,10500.1
7835,12000.31
7836,11820.97
7837,15000.55
7838,15000.3
7839,19000.19
7840,19000.55
7841,20000.0
7842,20000.0
7843,20000.0
7844,20000.0
7845,20000.0
7846,20000.0
7847,20000.0
7848,20000.0
7849,12000.75
7850,20000.0
7851,15999.53
7852,20000.0
7853,20000.0
7854,20000.0
7855,20000.0
7856,20000.0
7857,20000.0
7858,20000.0
7859,20000.0
7860,20000.0
7861,20000.0
7862,20000.0
7863,20000.0
7864,20000.0
7865,20000.0
7866,20000.0
7867,20000.0
7868,20000.0
7869,20000.0
7870,20000.0
7871,20000.0
7872,20000.0
7873,20000.0
7874,20000.0
7875,20000.0
7876,20000.0
7877,20000.0
7878,20000.0
7879,20000.0
7880,20000.0
7881,16666.99
7882,16000.96
7883,16000.55
7884,16000.49
7885,15899.22
7886,15684.57
7887,14998.19
7888,15553.28
7889,10000.83
7890,12973.94
7891,14998.3
7892,10000.87
7893,15387.55
7894,15864.66
7895,16007.82
7896,16000.69
7897,16000.1
7898,16000.8
7899,15876.35
7900,15999.8
7901,15008.65
7902,15006.73
7903,15634.53
7904,15003.24
7905,15000.83
7906,12000.95
7907,15001.27
7908,15000.91
7909,13999.84
7910,12000.44
7911,9999.23
7912,8500.8
7913,10438.42
7914,10000.07
7915,12155.9
7916,12000.39
7917,12500.43
7918,14369.63
7919,15000.77
7920,15003.32
7921,16000.46
7922,16000.51
7923,16000.06
7924,12000.11
7925,10000.38
7926,10500.74
7927,12000.34
7928,12622.97
7929,14903.86
7930,16000.09
7931,16000.08
7932,16000.51
7933,16000.73
7934,16000.52
7935,19500.15
7936,19500.32
7937,20000.0
7938,20000.0
7939,20000.0
7940,18000.27
7941,9994.63
7942,9999.43
7943,8000.83
7944,8000.9
7945,8000.51
7946,15555.1
7947,20000.0
7948,20000.0
7949,20000.0
7950,20000.0
7951,20000.0
7952,20000.0
7953,20000.0
7954,20000.0
7955,20000.0
7956,20000.0
7957,20000.0
7958,20000.0
7959,20000.0
7960,20000.0
7961,20000.0
7962,20000.0
7963,20000.0
7964,20000.0
7965,20000.0
7966,20000.0
7967,20000.0
7968,20000.0
7969,20000.0
7970,20000.0
7971,20000.0
7972,20000.0
7973,20000.0
7974,20000.0
7975,20000.0
7976,20000.0
7977,20000.0
7978,20000.0
7979,16000.3
7980,16000.32
7981,16000.37
7982,16000.34
7983,16000.37
7984,16000.34
7985,16000.52
7986,16000.87
7987,20000.0
7988,20000.0
7989,20000.0
7990,20000.0
7991,20000.0
7992,20000.0
7993,20000.0
7994,20000.0
7995,20000.0
7996,20000.0
7997,20000.0
7998,20000.0
7999,20000.0
8000,20000.0
8001,20000.0
8002,20000.0
8003,20000.0
8004,20000.0
8005,20000.0
8006,20000.0
8007,20000.0
8008,20000.0
8009,16000.41
8010,16000.03
8011,16000.51
8012,16000.27
8013,16000.32
8014,16000.32
8015,10000.25
8016,10000.84
8017,10000.9
8018,10000.76
8019,12000.23
8020,12000.01
8021,9999.22
8022,9999.31
8023,10000.63
8024,12000.1
8025,11999.19
8026,12520.33
8027,13520.82
8028,14000.01
8029,20000.0
8030,20000.0
8031,20000.0
8032,20000.0
8033,20000.0
8034,20000.0
8035,20000.0
8036,20000.0
8037,13628.59
8038,14000.8
8039,9000.76
8040,9000.78
8041,8937.63
8042,10000.45
8043,16000.47
8044,16076.75
8045,20000.0
8046,20000.0
8047,20000.0
8048,20000.0
8049,20000.0
8050,20000.0
8051,20000.0
8052,20000.0
8053,20000.0
8054,20000.0
8055,20000.0
8056,20000.0
8057,20000.0
8058,20000.0
8059,20000.0
8060,20000.0
8061,20000.0
8062,20000.0
8063,20000.0
8064,20000.0
8065,20000.0
8066,20000.0
8067,20000.0
8068,20000.0
8069,20000.0
8070,20000.0
8071,20000.0
8072,20000.0
8073,17389.43
8074,16000.36
8075,15555.23
8076,15493.87
8077,10000.35
8078,10000.31
8079,10000.02
8080,9999.4
8081,8991.68
8082,9000.51
8083,9000.84
8084,9000.87
8085,10000.75
8086,13000.14
8087,15666.58
8088,10000.65
8089,9500.99
8090,9999.05
8091,9000.88
8092,10000.07
8093,15555.5
8094,16000.13
8095,16000.72
8096,16000.54
8097,14000.18
8098,10000.99
8099,10000.7
8100,10000.04
8101,9999.47
8102,10000.04
8103,10000.59
8104,10000.51
8105,8000.39
8106,8000.6
8107,9000.29
8108,9000.07
8109,9000.44
8110,9000.16
8111,8000.96
8112,9000.01
8113,7500.94
8114,8000.57
8115,8000.62
8116,7500.45
8117,4784.5
8118,4999.21
8119,4229.59
8120,4332.88
8121,4229.09
8122,6500.71
8123,4179.63
8124,4889.13
8125,4350.83
8126,5000.71
8127,6999.91
8128,7000.02
8129,5500.32
8130,5500.71
8131,8000.26
8132,8510.72
8133,6989.5
8134,6999.08
8135,7500.38
8136,6999.87
8137,7500.06
8138,10000.22
8139,16000.35
8140,16000.67
8141,20000.0
8142,20000.0
8143,20000.0
8144,20000.0
8145,20000.0
8146,20000.0
8147,15582.97
8148,16000.38
8149,16000.78
8150,16000.96
8151,16667.94
8152,18788.01
8153,16000.77
8154,15444.28
8155,16051.46
8156,16000.77
8157,16000.49
8158,16000.45
8159,15977.28
8160,15369.71
8161,14001.88
8162,14233.56
8163,7999.69
8164,8000.53
8165,9017.77
8166,7000.86
8167,5995.85
8168,5999.98
8169,4999.22
8170,4377.33
8171,4150.37
8172,4150.41
8173,4120.64
8174,4120.39
8175,4244.52
8176,4120.88
8177,4120.73
8178,4120.84
8179,4375.94
8180,4375.25
8181,4152.33
8182,5999.3
8183,4999.18
8184,4989.99
8185,4989.9
8186,5019.5
8187,4499.25
8188,5999.41
8189,4120.66
8190,4350.16
8191,5999.22
8192,4400.17
8193,3900.74
8194,3993.28
8195,3450.37
8196,2996.61
8197,1999.62
8198,1999.65
8199,3749.02
8200,3500.61
8201,2982.67
8202,3215.07
8203,4290.0
8204,4400.47
8205,4152.34
8206,4500.16
8207,3523.31
8208,3700.13
8209,3774.64
8210,3800.01
8211,4244.7
8212,3700.27
8213,3049.17
8214,3100.82
8215,2719.92
8216,2800.92
8217,3492.69
8218,3500.62
8219,4120.14
8220,3700.41
8221,3522.19
8222,4120.45
8223,4200.11
8224,4152.3
8225,4120.01
8226,4067.15
8227,4120.6
8228,4200.39
8229,3500.43
8230,3500.69
8231,3500.3
8232,3500.99
8233,4370.82
8234,7000.32
8235,5999.34
8236,6989.87
8237,6989.8
8238,6316.31
8239,5999.15
8240,5000.73
8241,4300.68
8242,4500.36
8243,4904.05
8244,5000.87
8245,5999.89
8246,5999.16
8247,6000.89
8248,4904.11
8249,4499.01
8250,4500.15
8251,5001.39
8252,5000.47
8253,5000.9
8254,4904.81
8255,5999.17
8256,5000.97
8257,6999.62
8258,6999.32
8259,6000.64
8260,5999.47
8261,5500.74
8262,5000.87
8263,3500.77
8264,3510.72
8265,4049.68
8266,3999.53
8267,4499.63
8268,4499.18
8269,4239.31
8270,3996.9
8271,4000.94
8272,3749.98
8273,4268.58
8274,4499.58
8275,0.0
8276,0.0
8277,0.0
8278,0.0
8279,6299.04
8280,6299.06
8281,6999.64
8282,7501.81
8283,6989.65
8284,6989.3
8285,5500.9
8286,6810.19
8287,6989.4
8288,6989.2
8289,4500.9
8290,4500.9
8291,4499.27
8292,4244.39
8293,4250.67
8294,4500.1
8295,4500.6
8296,4500.72
8297,4400.51
8298,4244.45
8299,4510.4
8300,4510.67
8301,4900.46
8302,4671.7
8303,4500.44
8304,4244.79
8305,4100.61
8306,3479.62
8307,3500.78
8308,3500.05
8309,2985.59
8310,3164.8
8311,3500.94
8312,4400.33
8313,4500.58
8314,4784.03
8315,4500.84
8316,4500.75
8317,4152.55
8318,4005.21
8319,4500.63
8320,4889.47
8321,5506.8
8322,6500.08
8323,5500.83
8324,5503.94
8325,4331.73
8326,4500.35
8327,4502.57
8328,4502.83
8329,5560.81
8330,10000.08
8331,12000.49
8332,12000.59
8333,12000.17
8334,12000.18
8335,7500.07
8336,7500.08
8337,6999.86
8338,7600.6
8339,7100.48
8340,6999.99
8341,6999.73
8342,6999.67
8343,6999.61
8344,6999.05
8345,6999.22
8346,6999.25
8347,6999.87
8348,6999.84
8349,7500.11
8350,8000.53
8351,9092.98
8352,8520.97
8353,12520.49
8354,12520.96
8355,16000.45
8356,16000.67
8357,19995.91
8358,18320.69
8359,10839.76
8360,10204.5
8361,10839.84
8362,10839.18
8363,10839.48
8364,10839.02
8365,10204.49
8366,8999.52
8367,7500.39
8368,8499.85
8369,6249.57
8370,6670.92
8371,9989.67
8372,9989.69
8373,10839.13
8374,14690.5
8375,20000.0
8376,20000.0
8377,20000.0
8378,20000.0
8379,20000.0
8380,20000.0
8381,12006.69
8382,12005.01
8383,9989.97
8384,6989.08
8385,4500.66
8386,4500.72
8387,4239.79
8388,4450.92
8389,4229.5
8390,4229.8
8391,4500.16
8392,4500.53
8393,4503.24
8394,5000.21
8395,5000.82
8396,4999.83
8397,4500.63
8398,4500.87
8399,4889.22
8400,4500.95
8401,4020.63
8402,4200.12
8403,4152.78
8404,4200.47
8405,3479.62
8406,3850.91
8407,4400.51
8408,4500.93
8409,4202.58
8410,4500.94
8411,4000.42
8412,4000.72
8413,3523.78
8414,4000.21
8415,4279.93
8416,4889.35
8417,5500.36
8418,5508.49
8419,6989.3
8420,8500.46
8421,10839.58
8422,13500.62
8423,16000.2
8424,16000.79
8425,20000.0
8426,20000.0
8427,20000.0
8428,20000.0
8429,20000.0
8430,20000.0
8431,20000.0
8432,20000.0
8433,20000.0
8434,20000.0
8435,20000.0
8436,20000.0
8437,20000.0
8438,20000.0
8439,20000.0
8440,20000.0
8441,20000.0
8442,20000.0
8443,20000.0
8444,20000.0
8445,20000.0
8446,20000.0
8447,20000.0
8448,20000.0
8449,20000.0
8450,20000.0
8451,20000.0
8452,20000.0
8453,20000.0
8454,20000.0
8455,20000.0
8456,20000.0
8457,20000.0
8458,16010.77
8459,7500.69
8460,6260.0
8461,7998.27
8462,7500.12
8463,4499.91
8464,4499.87
8465,4201.56
8466,4201.88
8467,5000.01
8468,4889.48
8469,7500.87
8470,10000.57
8471,16000.32
8472,16000.52
8473,7500.11
8474,16008.66
8475,10839.86
8476,16012.05
8477,10204.6
8478,10204.54
8479,7999.47
8480,7100.35
8481,5500.23
8482,5500.16
8483,4889.25
8484,4500.42
8485,4249.24
8486,4500.07
8487,4500.88
8488,4500.57
8489,4500.5
8490,5000.88
8491,5000.52
8492,5501.86
8493,5502.41
8494,5502.24
8495,5000.98
8496,4500.81
8497,4500.51
8498,5501.32
8499,5035.46
8500,4499.56
8501,3620.5
8502,4067.85
8503,5000.35
8504,5000.49
8505,4327.43
8506,5000.52
8507,4500.32
8508,4500.42
8509,4500.5
8510,5500.5
8511,7020.29
8512,7020.88
8513,9020.13
8514,7016.76
8515,7614.83
8516,7100.06
8517,8005.28
8518,8007.75
8519,8007.58
8520,8008.36
8521,20000.0
8522,20000.0
8523,20000.0
8524,20000.0
8525,20000.0
8526,20000.0
8527,20000.0
8528,20000.0
8529,20000.0
8530,20000.0
8531,20000.0
8532,20000.0
8533,20000.0
8534,20000.0
8535,20000.0
8536,20000.0
8537,20000.0
8538,20000.0
8539,20000.0
8540,20000.0
8541,20000.0
8542,20000.0
8543,13999.96
8544,13999.85
8545,20000.0
8546,20000.0
8547,20000.0
8548,20000.0
8549,20000.0
8550,20000.0
8551,20000.0
8552,20000.0
8553,20000.0
8554,16997.85
8555,13333.37
8556,8979.55
8557,13000.34
8558,10839.98
8559,13000.11
8560,11389.5
8561,5979.77
8562,6999.45
8563,5960.73
8564,5992.22
8565,6259.01
8566,6999.06
8567,10520.34
8568,12520.34
8569,13520.32
8570,15985.0
8571,16689.76
8572,16000.75
8573,20000.0
8574,20000.0
8575,20000.0
8576,17569.85
8577,5502.04
8578,4889.41
8579,5500.33
8580,4785.6
8581,5000.79
8582,5500.7
8583,5508.82
8584,5508.03
8585,5502.6
8586,5503.96
8587,5507.07
8588,5508.15
8589,5501.73
8590,5502.52
8591,5500.35
8592,4500.91
8593,4331.18
8594,4400.3
8595,4400.57
8596,4250.51
8597,3475.38
8598,3900.14
8599,3900.16
8600,4000.64
8601,4500.42
8602,4509.14
8603,4500.53
8604,4500.71
8605,4999.18
8606,5503.58
8607,5506.5
8608,5505.66
8609,5000.02
8610,5500.85
8611,5508.92
8612,5702.93
8613,6283.08
8614,6000.39
8615,6388.81
8616,6373.95
8617,6989.88
8618,10204.45
8619,20000.0
8620,20000.0
8621,20000.0
8622,20000.0
8623,20000.0
8624,20000.0
8625,20000.0
8626,20000.0
8627,20000.0
8628,20000.0
8629,20000.0
8630,20000.0
8631,20000.0
8632,20000.0
8633,11369.29
8634,10839.96
8635,12582.14
8636,13896.15
8637,15762.0
8638,17272.41
8639,20000.0
8640,20000.0
289,16744.25
290,16000.58
291,16689.62
292,16000.12
293,14998.5
294,11634.07
295,6999.91
296,6999.86
297,8001.98
298,7854.35
299,10003.04
300,6999.35
301,4500.25
302,4500.51
303,4500.16
304,4500.04
305,4300.36
306,4239.86
307,4120.18
308,4200.57
309,4500.07
310,4500.43
311,4500.51
312,4804.0
313,6999.94
314,8000.7
315,9000.35
316,8979.14
317,8000.85
318,9000.54
319,9000.26
320,6000.46
321,5000.04
322,4500.89
323,4189.45
324,4189.51
325,4152.08
326,4120.24
327,4064.16
328,4020.14
329,3785.0
330,3999.15
331,4500.48
332,4501.0
333,3840.43
334,4200.4
335,4500.12
336,4401.0
337,4000.84
338,4000.8
339,4200.61
340,4152.42
341,3610.62
342,3743.43
343,3750.39
344,4200.44
345,4170.72
346,4499.71
347,4500.01
348,4500.12
349,4239.59
350,4450.08
351,4229.85
352,4450.14
353,4229.99
354,4450.61
355,4500.49
356,4500.82
357,4500.82
358,5507.99
359,5502.91
360,5505.59
361,4500.7
362,5501.6
363,4500.91
364,5000.78
365,6003.17
366,6506.0
367,6999.14
368,6999.17
369,4500.44
370,4500.71
371,4780.68
372,5000.23
373,6500.08
374,6500.75
375,5000.39
376,4600.79
377,4889.43
378,4780.63
379,4500.93
380,4500.88
381,4500.82
382,4500.9
383,3693.0
384,3999.36
3265,6999.28
3266,6999.33
3267,6999.43
3268,6999.3
3269,6999.0
3270,5000.44
3271,4500.84
3272,4500.88
3273,4500.48
3274,4500.36
3275,4500.81
3276,4500.58
3277,4201.96
3278,4500.12
3279,4259.26
3280,4201.95
3281,3999.68
3282,4152.86
3283,4400.6
3284,4120.66
3285,4120.31
3286,4201.45
3287,4499.11
3288,4500.06
3289,4550.55
3290,5000.48
3291,4550.4
3292,4550.9
3293,5000.83
3294,6000.13
3295,4500.52
3296,4400.48
3297,3998.28
3298,3800.46
3299,2881.47
3300,1770.87
3301,1999.09
3302,1499.98
3303,2187.35
3304,2950.78
3305,3000.31
3306,3202.34
3307,4499.76
3308,4500.75
3309,0.0
3310,4500.85
3311,4120.39
3312,4120.61
3313,3475.52
3314,3743.28
3315,3990.93
3316,3428.53
3317,3151.36
3318,3428.09
3319,3800.55
3320,3842.09
3321,4120.61
3322,4120.83
3323,3800.2
3324,4120.3
3325,3779.11
3326,3301.36
3327,3453.6
3328,3164.89
3329,3564.4
3330,4400.57
3331,5246.9
3332,5119.03
3333,4152.57
3334,4400.75
3335,4500.6
3336,4500.85
3337,4780.39
3338,6999.08
3339,6999.58
3340,8000.93
3341,8001.53
3342,8000.91
3343,7000.31
3344,7000.45
3345,6999.8
3346,6999.83
3347,6995.12
3348,6999.9
3349,7000.23
3350,7000.4
3351,6999.97
3352,6999.89
3353,7520.9
3354,8000.2
3355,8001.97
3356,9520.1
3357,12002.23
3358,12004.03
3359,13520.77
3360,13520.57
5953,12000.0
5954,12000.0
5955,12000.0
5956,12000.0
5957,12000.0
5958,12000.0
5959,12000.0
5960,12000.0
5961,8000.4
5962,8979.75
5963,6047.18
5964,6494.83
5965,5508.58
5966,5979.66
5967,7000.74
5968,6989.29
5969,6938.0
5970,6989.22
5971,6533.33
5972,6500.48
5973,6497.83
5974,7485.58
5975,7444.04
5976,7999.12
5977,6249.48
5978,6989.7
5979,7388.46
5980,6500.87
5981,7000.85
5982,6500.73
5983,4889.19
5984,4500.82
5985,2950.31
5986,2499.93
5987,2700.86
5988,2720.98
5989,2599.17
5990,2599.71
5991,1999.79
5992,1999.42
5993,3110.68
5994,3110.25
5995,3902.37
5996,3902.16
5997,2880.97
5998,2900.66
5999,2900.76
6000,3000.55
6001,2820.22
6002,2800.92
6003,2820.74
6004,2820.74
6005,2645.74
6006,2780.47
6007,2782.99
6008,2770.18
6009,2960.79
6010,2906.54
6011,2820.61
6012,3630.52
6013,3220.58
6014,3999.22
6015,3999.96
6016,3999.73
6017,3521.75
6018,3521.68
6019,4000.9
6020,4152.44
6021,4152.52
6022,4500.26
6023,4500.39
6024,4904.93
6025,4904.74
6026,6500.69
6027,7000.69
6028,8000.18
6029,8000.62
6030,8100.36
6031,8100.64
6032,8100.47
6033,7000.82
6034,7000.9
6035,7369.68
6036,7369.33
6037,8100.87
6038,8459.6
6039,8100.07
6040,8100.64
6041,8499.0
6042,8000.97
6043,7999.49
6044,8000.65
6045,8000.18
6046,8000.29
6047,8500.51
6048,8500.26
8929,7500.16
8930,7999.58
8931,8138.81
8932,7999.74
8933,7000.24
8934,0.0
8935,5000.32
8936,5000.46
8937,4904.37
8938,4500.87
8939,4500.66
8940,4500.26
8941,4300.93
8942,4889.78
8943,4500.32
8944,4500.64
8945,4259.52
8946,4400.3
8947,4200.0
8948,4120.82
8949,4949.27
8950,5000.73
8951,5507.39
8952,6000.61
8953,6005.23
8954,6008.19
8955,6000.39
8956,6000.78
8957,5500.49
8958,5500.18
8959,4499.95
8960,4120.79
8961,4120.71
8962,4120.91
8963,1999.0
8964,1998.81
8965,1999.92
8966,4000.84
8967,3500.91
8968,3475.11
8969,2200.64
8970,2800.55
8971,4000.83
8972,3976.43
8973,3500.42
8974,3400.21
8975,3502.9
8976,3479.27
8977,3010.17
8978,3081.22
8979,2700.27
8980,2700.23
8981,1499.27
8982,1499.84
8983,2600.7
8984,2891.73
8985,4500.22
8986,4500.25
8987,3479.18
8988,4200.69
8989,4000.71
8990,4508.04
8991,4200.65
8992,4200.58
8993,4200.48
8994,4508.39
8995,4810.85
8996,4989.37
8997,4670.46
8998,4889.58
8999,4120.91
9000,4500.71
9001,5000.9
9002,8000.09
9003,7389.25
9004,7834.67
9005,7508.67
9006,7854.77
9007,7900.06
9008,7902.99
9009,7000.58
9010,7389.83
9011,6999.65
9012,6999.86
9013,8008.85
9014,8006.26
9015,8850.2
9016,8850.16
9017,8000.03
9018,8007.89
9019,8000.8
9020,8850.67
9021,8110.19
9022,8114.45
9023,8112.74
9024,8117.17
11809,8115.21
11810,8820.02
11811,8655.88
11812,8255.84
11813,8999.94
11814,8255.08
11815,7999.86
11816,7299.42
11817,7299.43
11818,6731.33
11819,5625.33
11820,5480.67
11821,5089.03
11822,5089.62
11823,5489.52
11824,5439.66
11825,5632.25
11826,5444.0
11827,6500.77
11828,6170.5
11829,6033.33
11830,6500.65
11831,6500.65
11832,6500.56
11833,6598.33
11834,6999.04
11835,6589.14
11836,6000.45
11837,5100.6
11838,5000.65
11839,5000.02
11840,4400.21
11841,4000.06
11842,3800.15
11843,3500.24
11844,1749.82
11845,3800.47
11846,3999.42
11847,3800.57
11848,3220.67
11849,3510.65
11850,3510.38
11851,5000.18
11852,5000.62
11853,5000.61
11854,5000.99
11855,5099.55
11856,5490.26
11857,5189.04
11858,4989.49
11859,5050.26
11860,5000.65
11861,4239.48
11862,4500.05
11863,4889.75
11864,4989.73
11865,5099.51
11866,5499.09
11867,5499.24
11868,5499.01
11869,5499.42
11870,5499.9
11871,6201.52
11872,5774.37
11873,7089.33
11874,7313.17
11875,8000.66
11876,8000.89
11877,8510.88
11878,9499.06
11879,11500.34
11880,11998.96
11881,12000.0
11882,12000.0
11883,12000.0
11884,12000.0
11885,12000.0
11886,12000.0
11887,12000.0
11888,12000.0
11889,12000.0
11890,12000.0
11891,12000.0
11892,12000.0
11893,12000.0
11894,12000.0
11895,12000.0
11896,12000.0
11897,12000.0
11898,12000.0
11899,12000.0
11900,12000.0
11901,12000.0
11902,12000.0
11903,12000.0
11904,12000.0
14785,12000.0
14786,12000.0
14787,0.0
14788,12000.0
14789,12000.0
14790,12000.0
14791,12000.0
14792,12000.0
14793,12000.0
14794,12000.0
14795,12000.0
14796,12000.0
14797,12000.0
14798,12000.0
14799,12000.0
14800,12000.0
14801,12000.0
14802,12000.0
14803,12000.0
14804,12000.0
14805,12000.0
14806,12000.0
14807,12000.0
14808,12000.0
14809,12000.0
14810,12000.0
14811,12000.0
14812,12000.0
14813,12000.0
14814,12000.0
14815,12000.0
14816,12000.0
14817,12000.0
14818,12000.0
14819,12000.0
14820,12000.0
14821,10688.94
14822,11554.5
14823,8000.49
14824,8000.17
14825,5508.65
14826,5999.61
14827,7001.57
14828,6999.56
14829,7908.76
14830,7820.57
14831,7286.77
14832,7847.68
14833,7999.06
14834,8002.08
14835,8002.6
14836,4449.93
14837,3726.53
14838,1555.06
14839,3000.75
14840,4000.1
14841,4000.28
14842,6000.09
14843,4000.55
14844,6000.4
14845,5000.64
14846,6000.66
14847,12000.0
14848,12000.0
14849,12000.0
14850,12000.0
14851,12000.0
14852,12000.0
14853,12000.0
14854,12000.0
14855,12000.0
14856,12000.0
14857,12000.0
14858,12000.0
14859,12000.0
14860,12000.0
14861,12000.0
14862,12000.0
14863,12000.0
14864,12000.0
14865,12000.0
14866,12000.0
14867,12000.0
14868,12000.0
14869,12000.0
14870,12000.0
14871,12000.0
14872,12000.0
14873,12000.0
14874,12000.0
14875,12000.0
14876,12000.0
14877,12000.0
14878,12000.0
14879,12000.0
14880,12000.0
17665,12000.0
17666,12000.0
17667,12000.0
17668,12000.0
17669,12000.0
17670,12000.0
17671,12000.0
17672,12000.0
17673,12000.0
17674,12000.0
17675,12000.0
17676,12000.0
17677,12000.0
17678,12000.0
17679,12000.0
17680,12000.0
17681,12000.0
17682,12000.0
17683,12000.0
17684,12000.0
17685,12000.0
17686,12000.0
17687,12000.0
17688,12000.0
17689,12000.0
17690,12000.0
17691,12000.0
17692,12000.0
17693,12000.0
17694,12000.0
17695,12000.0
17696,10311.86
17697,8000.7
17698,8000.44
17699,6989.85
17700,8000.03
17701,8000.0
17702,8000.04
17703,5000.37
17704,5000.53
17705,4904.12
17706,4904.71
17707,5500.64
17708,5000.74
17709,6000.29
17710,6000.08
17711,5999.72
17712,4064.98
17713,3906.32
17714,3906.95
17715,3969.29
17716,3758.67
17717,3298.42
17718,3220.8
17719,3610.2
17720,3521.69
17721,3610.13
17722,4000.9
17723,7000.63
17724,7000.71
17725,8000.12
17726,9000.02
17727,9998.66
17728,9505.46
17729,11957.81
17730,10311.88
17731,10311.26
17732,10311.41
17733,12000.0
17734,12000.0
17735,12000.0
17736,12000.0
17737,12000.0
17738,12000.0
17739,12000.0
17740,12000.0
17741,12000.0
17742,12000.0
17743,12000.0
17744,12000.0
17745,12000.0
17746,12000.0
17747,12000.0
17748,12000.0
17749,12000.0
17750,12000.0
17751,12000.0
17752,12000.0
17753,12000.0
17754,12000.0
17755,12000.0
17756,12000.0
17757,12000.0
17758,12000.0
17759,12000.0
17760,12000.0
20641,12000.0
20642,12000.0
20643,12000.0
20644,12000.0
20645,12000.0
20646,12000.0
20647,12000.0
20648,12000.0
20649,12000.0
20650,12000.0
20651,12000.0
20652,12000.0
20653,12000.0
20654,12000.0
20655,12000.0
20656,12000.0
20657,12000.0
20658,12000.0
20659,12000.0
20660,12000.0
20661,12000.0
20662,12000.0
20663,12000.0
20664,12000.0
20665,12000.0
20666,12000.0
20667,12000.0
20668,12000.0
20669,12000.0
20670,12000.0
20671,9000.68
20672,9000.4
20673,8002.64
20674,7000.52
20675,5000.83
20676,5000.22
20677,7000.75
20678,8000.11
20679,5000.35
20680,5000.7
20681,5000.88
20682,4095.25
20683,7000.92
20684,6999.69
20685,6000.73
20686,6000.93
20687,3498.22
20688,4271.05
20689,4050.25
20690,3740.21
20691,3489.53
20692,3320.09
20693,3164.45
20694,3165.0
20695,3646.67
20696,4500.82
20697,6047.25
20698,6500.55
20699,4328.83
20700,4328.05
20701,4259.51
20702,6500.54
20703,8000.17
20704,7000.76
20705,6499.34
20706,7000.4
20707,8000.59
20708,8000.34
20709,8005.03
20710,8005.97
20711,7000.84
20712,8000.67
20713,12000.0
20714,12000.0
20715,12000.0
20716,12000.0
20717,12000.0
20718,12000.0
20719,12000.0
20720,12000.0
20721,12000.0
20722,12000.0
20723,12000.0
20724,12000.0
20725,12000.0
20726,12000.0
20727,12000.0
20728,12000.0
20729,12000.0
20730,12000.0
20731,12000.0
20732,12000.0
20733,12000.0
20734,12000.0
20735,12000.0
20736,12000.0
23617,12000.0
23618,12000.0
23619,12000.0
23620,12000.0
23621,12000.0
23622,12000.0
23623,12000.0
23624,12000.0
23625,12000.0
23626,12000.0
23627,12000.0
23628,12000.0
23629,12000.0
23630,12000.0
23631,12000.0
23632,12000.0
23633,12000.0
23634,12000.0
23635,12000.0
23636,12000.0
23637,12000.0
23638,12000.0
23639,12000.0
23640,12000.0
23641,12000.0
23642,12000.0
23643,12000.0
23644,12000.0
23645,12000.0
23646,12000.0
23647,12000.0
23648,12000.0
23649,8007.75
23650,8008.05
23651,7000.18
23652,6999.16
23653,7500.21
23654,7500.49
23655,6989.26
23656,6000.69
23657,4650.57
23658,5500.1
23659,4919.98
23660,5031.11
23661,5500.75
23662,5999.39
23663,4239.9
23664,4328.34
23665,4459.45
23666,3489.6
23667,3298.03
23668,3100.4
23669,2700.0
23670,2649.47
23671,3428.25
23672,3428.86
23673,5000.36
23674,6000.15
23675,6000.44
23676,7499.84
23677,6000.96
23678,9770.14
23679,7000.61
23680,7000.66
23681,12000.0
23682,12000.0
23683,12000.0
23684,12000.0
23685,12000.0
23686,12000.0
23687,12000.0
23688,12000.0
23689,12000.0
23690,12000.0
23691,12000.0
23692,12000.0
23693,12000.0
23694,12000.0
23695,12000.0
23696,12000.0
23697,12000.0
23698,12000.0
23699,12000.0
23700,12000.0
23701,12000.0
23702,12000.0
23703,12000.0
23704,12000.0
23705,12000.0
23706,12000.0
23707,12000.0
23708,12000.0
23709,12000.0
23710,12000.0
23711,12000.0
23712,12000.0
26497,12000.0
26498,12000.0
26499,12000.0
26500,12000.0
26501,12000.0
26502,12000.0
26503,12000.0
26504,12000.0
26505,12000.0
26506,12000.0
26507,12000.0
26508,12000.0
26509,12000.0
26510,12000.0
26511,12000.0
26512,12000.0
26513,12000.0
26514,12000.0
26515,12000.0
26516,12000.0
26517,12000.0
26518,12000.0
26519,12000.0
26520,12000.0
26521,12000.0
26522,12000.0
26523,12000.0
26524,12000.0
26525,9000.9
26526,9000.6
26527,5800.93
26528,5000.33
26529,3989.93
26530,4000.01
26531,4000.79
26532,3099.13
26533,2749.21
26534,2800.97
26535,3800.94
26536,3500.2
26537,4500.8
26538,4500.75
26539,3500.66
26540,3620.95
26541,2932.0
26542,2800.57
26543,2749.4
26544,2746.78
26545,2700.33
26546,2760.23
26547,3252.98
26548,3202.53
26549,3100.11
26550,3250.79
26551,3100.57
26552,3164.33
26553,2800.78
26554,3233.63
26555,3298.19
26556,4000.01
26557,3428.46
26558,3489.75
26559,3500.68
26560,3610.4
26561,3490.73
26562,3989.43
26563,4250.33
26564,4989.19
26565,5000.99
26566,5500.27
26567,6000.71
26568,6000.76
26569,5200.93
26570,6000.53
26571,5500.39
26572,6000.82
26573,6000.23
26574,6000.65
26575,6999.29
26576,6643.18
26577,4835.6
26578,4500.78
26579,5500.65
26580,5501.0
26581,7000.29
26582,8000.2
26583,8646.67
26584,8000.87
26585,12000.0
26586,12000.0
26587,12000.0
26588,12000.0
26589,12000.0
26590,12000.0
26591,12000.0
26592,11998.41
29473,12000.0
29474,12000.0
29475,12000.0
29476,12000.0
29477,12000.0
29478,12000.0
29479,12000.0
29480,12000.0
29481,8700.3
29482,9487.33
29483,8000.35
29484,8000.22
29485,6989.06
29486,6519.5
29487,6000.86
29488,6000.77
29489,7000.09
29490,8000.87
29491,12000.0
29492,12000.0
29493,9998.82
29494,12000.0
29495,12000.0
29496,12000.0
29497,12000.0
29498,12000.0
29499,12000.0
29500,12000.0
29501,12000.0
29502,12000.0
29503,9000.51
29504,9000.49
29505,6500.51
29506,6000.5
29507,5000.46
29508,4780.49
29509,4472.2
29510,6000.06
29511,6000.01
29512,6000.59
29513,4098.54
29514,5000.51
29515,6000.83
29516,6000.86
29517,6100.81
29518,6100.81
29519,6100.87
29520,6000.99
29521,5800.59
29522,5800.83
29523,6000.47
29524,3720.97
29525,3164.37
29526,3164.25
29527,3720.07
29528,4350.77
29529,5850.92
29530,6000.61
29531,6500.04
29532,6500.28
29533,7000.12
29534,7000.16
29535,7000.92
29536,7500.62
29537,10000.05
29538,10000.95
29539,12000.0
29540,12000.0
29541,12000.0
29542,12000.0
29543,12000.0
29544,12000.0
29545,12000.0
29546,12000.0
29547,12000.0
29548,12000.0
29549,12000.0
29550,12000.0
29551,12000.0
29552,12000.0
29553,12000.0
29554,12000.0
29555,12000.0
29556,12000.0
29557,12000.0
29558,12000.0
29559,12000.0
29560,12000.0
29561,12000.0
29562,12000.0
29563,12000.0
29564,12000.0
29565,12000.0
29566,12000.0
29567,12000.0
29568,12000.0
32353,12000.0
32354,12000.0
32355,12000.0
32356,12000.0
32357,12000.0
32358,12000.0
32359,12000.0
32360,12000.0
32361,12000.0
32362,12000.0
32363,12000.0
32364,12000.0
32365,12000.0
32366,12000.0
32367,12000.0
32368,12000.0
32369,12000.0
32370,12000.0
32371,12000.0
32372,12000.0
32373,12000.0
32374,12000.0
32375,12000.0
32376,12000.0
32377,12000.0
32378,12000.0
32379,12000.0
32380,12000.0
32381,12000.0
32382,12000.0
32383,12000.0
32384,12000.0
32385,12000.0
32386,12000.0
32387,10897.02
32388,11319.28
32389,8000.41
32390,8000.8
32391,7000.87
32392,7000.64
32393,6500.43
32394,6500.63
32395,6500.69
32396,6500.66
32397,7000.13
32398,6500.72
32399,6989.93
32400,6999.32
32401,6500.83
32402,6989.14
32403,4201.31
32404,4000.12
32405,599.44
32406,3143.09
32407,2599.55
32408,3250.95
32409,4780.88
32410,7999.09
32411,7500.13
32412,7500.21
32413,6500.58
32414,6500.7
32415,9500.1
32416,12000.0
32417,12000.0
32418,12000.0
32419,12000.0
32420,12000.0
32421,12000.0
32422,12000.0
32423,12000.0
32424,12000.0
32425,12000.0
32426,12000.0
32427,12000.0
32428,12000.0
32429,12000.0
32430,12000.0
32431,12000.0
32432,12000.0
32433,12000.0
32434,12000.0
32435,12000.0
32436,12000.0
32437,12000.0
32438,12000.0
32439,12000.0
32440,12000.0
32441,12000.0
32442,12000.0
32443,12000.0
32444,12000.0
32445,12000.0
32446,12000.0
32447,12000.0
32448,12000.0
9793,12000.0
9794,12000.0
9795,12000.0
9796,12000.0
9797,12000.0
9798,12000.0
9799,12000.0
9800,12000.0
9801,12000.0
9802,12000.0
9803,12000.0
9804,12000.0
9805,12000.0
9806,12000.0
9807,12000.0
9808,12000.0
9809,12000.0
9810,12000.0
9811,12000.0
9812,12000.0
9813,12000.0
9814,12000.0
9815,12000.0
9816,12000.0
9817,12000.0
9818,12000.0
9819,12000.0
9820,12000.0
9821,12000.0
9822,12000.0
9823,12000.0
9824,12000.0
9825,8000.98
9826,8003.2
9827,8000.11
9828,7999.83
9829,6989.74
9830,8000.08
9831,7100.55
9832,6500.96
9833,8000.21
9834,8000.85
9835,8459.36
9836,8000.86
9837,8459.46
9838,10311.88
9839,10989.85
9840,10741.61
9841,10311.15
9842,8693.18
9843,10311.18
9844,8000.96
9845,6500.41
9846,6999.11
9847,6500.04
9848,6500.24
9849,6999.21
9850,7100.69
9851,8000.21
9852,8000.15
9853,7000.84
9854,7100.45
9855,8000.97
9856,8000.9
9857,12000.0
9858,12000.0
9859,12000.0
9860,12000.0
9861,12000.0
9862,12000.0
9863,12000.0
9864,12000.0
9865,12000.0
9866,12000.0
9867,12000.0
9868,12000.0
9869,12000.0
9870,12000.0
9871,12000.0
9872,12000.0
9873,12000.0
9874,12000.0
9875,12000.0
9876,12000.0
9877,12000.0
9878,12000.0
9879,12000.0
9880,12000.0
9881,12000.0
9882,12000.0
9883,12000.0
9884,12000.0
9885,12000.0
9886,12000.0
9887,12000.0
9888,12000.0
9889,12000.0
9890,12000.0
9891,12000.0
9892,12000.0
9893,12000.0
9894,12000.0
9895,12000.0
9896,12000.0
9897,12000.0
9898,12000.0
9899,12000.0
9900,12000.0
9901,12000.0
9902,12000.0
9903,12000.0
9904,12000.0
9905,12000.0
9906,12000.0
9907,12000.0
9908,12000.0
9909,12000.0
9910,12000.0
9911,12000.0
9912,12000.0
9913,12000.0
9914,12000.0
9915,12000.0
9916,12000.0
9917,8000.43
9918,8000.49
9919,8000.1
9920,6500.77
9921,5000.54
9922,4649.12
9923,5000.39
9924,5000.56
9925,6000.74
9926,6003.73
9927,7999.78
9928,7999.54
9929,7999.68
9930,8000.36
9931,7999.1
9932,8000.34
9933,8000.55
9934,8389.07
9935,8001.0
9936,8000.54
9937,8000.84
9938,8000.39
9939,8000.43
9940,8000.42
9941,6500.31
9942,6408.0
9943,6500.62
9944,6989.03
9945,7400.99
9946,8498.07
9947,8000.83
9948,8655.21
9949,8000.34
9950,6999.74
9951,8000.01
9952,6999.83
9953,6929.54
9954,6500.76
9955,6000.62
9956,6000.18
9957,6000.86
9958,6500.11
9959,6500.1
9960,6500.34
9961,6500.34
9962,8000.66
9963,6500.9
9964,7836.07
9965,9338.79
9966,10030.42
9967,8602.24
9968,8453.48
9969,9000.13
9970,9000.24
9971,7999.9
9972,8000.36
9973,7999.91
9974,7999.86
9975,7999.39
9976,7999.87
9977,6500.76
9978,6500.64
9979,6500.44
9980,6500.66
9981,6800.67
9982,6989.86
9983,8000.62
9984,8000.48
9985,8000.11
9986,8000.14
9987,6999.14
9988,6800.06
9989,7316.0
9990,6500.3
9991,5499.29
9992,5499.34
9993,6500.75
9994,6989.99
9995,3498.4
9996,3499.63
9997,4189.94
9998,3884.12
9999,4472.3
10000,4189.86
10001,3499.09
10002,3720.58
10003,4000.14
10004,4000.74
10005,3499.54
10006,4000.01
10007,5099.95
10008,6000.09
10009,4459.3
10010,5099.13
10011,3839.0
10012,3750.18
10013,3750.87
10014,3764.0
10015,4020.02
10016,3521.27
10017,3475.14
10018,3475.33
10019,3749.42
10020,3650.69
10021,2790.93
10022,1999.61
10023,3500.06
10024,3490.12
10025,2790.44
10026,3102.81
10027,5500.08
10028,6000.04
10029,5500.04
10030,5500.27
10031,4020.07
10032,4020.63
10033,3599.98
10034,4150.39
10035,3500.66
10036,3370.93
10037,1499.29
10038,1499.62
10039,3022.92
10040,3299.2
10041,3428.74
10042,3509.47
10043,3200.95
10044,3490.29
10045,3013.78
10046,3559.52
10047,4200.89
10048,5996.7
10049,6999.89
10050,8000.58
10051,8655.2
10052,9972.0
10053,7000.67
10054,6989.57
10055,5089.55
10056,4832.45
10057,4459.75
10058,5200.49
10059,6000.14
10060,6000.84
10061,8000.65
10062,9998.45
10063,12000.0
10064,10989.71
10065,9000.63
10066,9000.7
10067,9000.45
10068,9000.18
10069,10989.6
10070,11104.39
10071,10498.58
10072,11075.61
10073,12000.0
10074,12000.0
10075,12000.0
10076,12000.0
10077,12000.0
10078,12000.0
10079,12000.0
10080,12000.0
10081,12000.0
10082,12000.0
10083,12000.0
10084,12000.0
10085,12000.0
10086,12000.0
10087,12000.0
10088,12000.0
10089,12000.0
10090,12000.0
10091,12000.0
10092,12000.0
10093,12000.0
10094,12000.0
10095,12000.0
10096,12000.0
10097,12000.0
10098,12000.0
10099,12000.0
10100,12000.0
10101,12000.0
10102,12000.0
10103,12000.0
10104,12000.0
10105,12000.0
10106,12000.0
10107,12000.0
10108,12000.0
10109,12000.0
10110,12000.0
10111,12000.0
10112,9000.86
10113,5293.39
10114,4989.74
10115,3700.31
10116,3700.87
10117,4000.66
10118,3689.86
10119,4009.06
10120,4012.57
10121,4328.15
10122,4499.9
10123,4000.91
10124,4328.06
10125,4459.23
10126,4629.65
10127,4472.19
10128,4000.45
10129,4000.86
10130,4000.51
10131,4962.0
10132,4194.08
10133,3521.42
10134,3496.86
10135,3000.83
10136,3120.35
10137,3831.0
10138,4136.19
10139,5500.1
10140,6500.85
10141,6000.69
10142,7000.18
10143,7152.06
10144,8000.17
10145,8008.14
10146,10311.19
10147,11000.03
10148,11000.4
10149,12000.0
10150,12000.0
10151,12000.0
10152,12000.0
10153,12000.0
10154,12000.0
10155,12000.0
10156,12000.0
10157,12000.0
10158,12000.0
10159,12000.0
10160,12000.0
10161,12000.0
10162,12000.0
10163,12000.0
10164,12000.0
10165,12000.0
10166,12000.0
10167,12000.0
10168,12000.0
10169,12000.0
10170,12000.0
10171,12000.0
10172,12000.0
10173,9989.19
10174,11033.33
10175,12000.0
10176,12000.0
10177,12000.0
10178,12000.0
10179,12000.0
10180,12000.0
10181,12000.0
10182,12000.0
10183,12000.0
10184,12000.0
10185,12000.0
10186,12000.0
10187,12000.0
10188,12000.0
10189,12000.0
10190,12000.0
10191,12000.0
10192,12000.0
10193,12000.0
10194,12000.0
10195,12000.0
10196,12000.0
10197,12000.0
10198,12000.0
10199,12000.0
10200,12000.0
10201,12000.0
10202,12000.0
10203,12000.0
10204,12000.0
10205,12000.0
10206,12000.0
10207,10066.15
10208,9000.45
10209,5460.2
10210,5415.12
10211,4000.66
10212,4499.24
10213,4064.77
10214,3890.0
10215,3129.31
10216,3150.97
10217,2750.64
10218,2752.06
10219,2820.66
10220,2990.45
10221,3802.29
10222,4000.45
10223,3000.94
10224,2880.76
10225,2820.44
10226,3020.59
10227,2970.58
10228,2970.57
10229,3802.14
10230,4000.22
10231,3428.12
10232,3428.24
10233,4460.0
10234,5000.21
10235,3800.09
10236,3428.08
10237,4400.88
10238,4472.31
10239,6000.9
10240,6999.13
10241,6000.88
10242,6493.4
10243,4832.94
10244,6000.01
10245,4831.81
10246,4647.93
10247,3894.02
10248,3908.85
10249,4120.16
10250,4336.39
10251,4650.15
10252,5200.27
10253,4650.82
10254,6500.6
10255,4120.6
10256,4100.5
10257,4149.46
10258,4726.32
10259,4650.93
10260,5000.14
10261,4836.03
10262,4839.04
10263,4835.85
10264,4873.14
10265,6999.34
10266,6999.96
10267,7400.78
10268,12000.0
10269,12000.0
10270,12000.0
10271,12000.0
10272,12000.0
10273,12000.0
10274,12000.0
10275,12000.0
10276,12000.0
10277,12000.0
10278,12000.0
10279,12000.0
10280,12000.0
10281,12000.0
10282,12000.0
10283,12000.0
10284,12000.0
10285,12000.0
10286,12000.0
10287,12000.0
10288,12000.0
10289,12000.0
10290,12000.0
10291,12000.0
10292,12000.0
10293,12000.0
10294,12000.0
10295,12000.0
10296,12000.0
10297,12000.0
10298,12000.0
10299,12000.0
10300,12000.0
10301,9000.55
10302,9000.7
10303,9000.25
10304,6500.09
10305,4199.42
10306,4500.04
10307,7400.69
10308,7847.0
10309,4833.89
10310,4387.0
10311,3980.22
10312,3984.22
10313,4199.32
10314,6000.61
10315,7000.34
10316,7345.96
10317,7577.98
10318,8000.28
10319,4201.08
10320,4000.72
10321,3000.71
10322,3450.78
10323,6000.23
10324,5000.32
10325,3113.36
10326,3113.7
10327,3985.14
10328,4000.78
10329,4999.64
10330,6500.61
10331,6520.42
10332,7400.6
10333,8116.79
10334,9470.8
10335,12000.0
10336,12000.0
10337,12000.0
10338,12000.0
10339,12000.0
10340,12000.0
10341,12000.0
10342,12000.0
10343,12000.0
10344,12000.0
10345,12000.0
10346,12000.0
10347,12000.0
10348,12000.0
10349,12000.0
10350,12000.0
10351,12000.0
10352,12000.0
10353,12000.0
10354,12000.0
10355,12000.0
10356,12000.0
10357,12000.0
10358,12000.0
10359,12000.0
10360,12000.0
10361,12000.0
10362,12000.0
10363,12000.0
10364,12000.0
10365,12000.0
10366,12000.0
10367,12000.0
10368,12000.0
10369,12000.0
10370,12000.0
10371,12000.0
10372,12000.0
10373,12000.0
10374,12000.0
10375,12000.0
10376,12000.0
10377,12000.0
10378,12000.0
10379,12000.0
10380,12000.0
10381,12000.0
10382,12000.0
10383,12000.0
10384,12000.0
10385,12000.0
10386,12000.0
10387,12000.0
10388,12000.0
10389,12000.0
10390,12000.0
10391,12000.0
10392,12000.0
10393,12000.0
10394,12000.0
10395,12000.0
10396,12000.0
10397,12000.0
10398,12000.0
10399,12000.0
10400,12000.0
10401,9000.31
10402,8999.49
10403,9000.4
10404,8999.68
10405,8999.21
10406,9000.2
10407,8999.44
10408,7734.31
10409,9000.01
10410,9000.01
10411,9000.3
10412,9000.43
10413,9000.84
10414,10000.67
10415,10000.71
10416,10000.39
10417,9000.84
10418,9889.86
10419,10000.05
10420,9000.61
10421,7999.61
10422,7999.61
10423,8499.54
10424,9000.04
10425,8888.26
10426,10000.56
10427,11000.74
10428,11389.37
10429,12000.0
10430,12000.0
10431,12000.0
10432,12000.0
10433,12000.0
10434,12000.0
10435,12000.0
10436,12000.0
10437,12000.0
10438,12000.0
10439,12000.0
10440,12000.0
10441,12000.0
10442,12000.0
10443,12000.0
10444,12000.0
10445,12000.0
10446,12000.0
10447,12000.0
10448,12000.0
10449,12000.0
10450,12000.0
10451,12000.0
10452,12000.0
10453,12000.0
10454,12000.0
10455,12000.0
10456,12000.0
10457,12000.0
10458,12000.0
10459,12000.0
10460,12000.0
10461,12000.0
10462,12000.0
10463,12000.0
10464,12000.0
10465,12000.0
10466,12000.0
10467,12000.0
10468,12000.0
10469,12000.0
10470,12000.0
10471,0.0
10472,0.0
10473,12000.0
10474,12000.0
10475,12000.0
10476,12000.0
10477,12000.0
10478,12000.0
10479,12000.0
10480,12000.0
10481,12000.0
10482,12000.0
10483,12000.0
10484,12000.0
10485,12000.0
10486,12000.0
10487,12000.0
10488,12000.0
10489,12000.0
10490,12000.0
10491,12000.0
10492,12000.0
10493,12000.0
10494,12000.0
10495,12000.0
10496,12000.0
10497,12000.0
10498,12000.0
10499,10115.88
10500,9000.94
10501,9000.83
10502,9000.93
10503,9000.95
10504,10000.95
10505,9233.6
10506,9000.79
10507,10359.09
10508,11016.3
10509,12000.0
10510,12000.0
10511,12000.0
10512,12000.0
10513,10741.99
10514,12000.0
10515,10000.07
10516,10157.44
10517,8493.25
10518,8655.19
10519,10311.4
10520,11000.58
10521,12000.0
10522,12000.0
10523,12000.0
10524,12000.0
10525,12000.0
10526,12000.0
10527,12000.0
10528,12000.0
10529,12000.0
10530,12000.0
10531,12000.0
10532,12000.0
10533,12000.0
10534,12000.0
10535,12000.0
10536,12000.0
10537,12000.0
10538,12000.0
10539,12000.0
10540,12000.0
10541,12000.0
10542,12000.0
10543,12000.0
10544,12000.0
10545,12000.0
10546,12000.0
10547,12000.0
10548,12000.0
10549,12000.0
10550,12000.0
10551,12000.0
10552,12000.0
10553,12000.0
10554,12000.0
10555,12000.0
10556,12000.0
10557,12000.0
10558,12000.0
10559,12000.0
10560,12000.0
10561,12000.0
10562,12000.0
10563,12000.0
10564,12000.0
10565,12000.0
10566,12000.0
10567,12000.0
10568,12000.0
10569,12000.0
10570,12000.0
10571,12000.0
10572,12000.0
10573,12000.0
10574,12000.0
10575,12000.0
10576,12000.0
10577,12000.0
10578,12000.0
10579,12000.0
10580,12000.0
10581,12000.0
10582,12000.0
10583,12000.0
10584,12000.0
10585,12000.0
10586,12000.0
10587,12000.0
10588,12000.0
10589,12000.0
10590,12000.0
10591,12000.0
10592,12000.0
10593,12000.0
10594,12000.0
10595,12000.0
10596,12000.0
10597,9624.0
10598,12000.0
10599,9000.75
10600,9000.63
10601,9000.74
10602,9000.95
10603,12000.0
10604,12000.0
10605,12000.0
10606,12000.0
10607,12000.0
10608,12000.0
10609,12000.0
10610,12000.0
10611,12000.0
10612,12000.0
10613,12000.0
10614,12000.0
10615,12000.0
10616,12000.0
10617,12000.0
10618,12000.0
10619,12000.0
10620,12000.0
10621,12000.0
10622,12000.0
10623,12000.0
10624,12000.0
10625,12000.0
10626,12000.0
10627,12000.0
10628,12000.0
10629,12000.0
10630,12000.0
10631,12000.0
10632,12000.0
10633,12000.0
10634,12000.0
10635,12000.0
10636,12000.0
10637,12000.0
10638,12000.0
10639,12000.0
10640,12000.0
10641,12000.0
10642,12000.0
10643,12000.0
10644,12000.0
10645,12000.0
10646,12000.0
10647,12000.0
10648,12000.0
10649,12000.0
10650,12000.0
10651,12000.0
10652,12000.0
10653,12000.0
10654,12000.0
10655,12000.0
10656,12000.0
10657,12000.0
10658,12000.0
10659,12000.0
10660,12000.0
10661,12000.0
10662,12000.0
10663,12000.0
10664,12000.0
10665,12000.0
10666,12000.0
10667,12000.0
10668,12000.0
10669,12000.0
10670,12000.0
10671,12000.0
10672,12000.0
10673,12000.0
10674,12000.0
10675,12000.0
10676,12000.0
10677,12000.0
10678,12000.0
10679,12000.0
10680,12000.0
10681,12000.0
10682,12000.0
10683,12000.0
10684,12000.0
10685,12000.0
10686,12000.0
10687,12000.0
10688,12000.0
10689,12000.0
10690,12000.0
10691,12000.0
10692,12000.0
10693,12000.0
10694,12000.0
10695,12000.0
10696,12000.0
10697,12000.0
10698,12000.0
10699,12000.0
10700,12000.0
10701,12000.0
10702,12000.0
10703,12000.0
10704,12000.0
10705,12000.0
10706,12000.0
10707,12000.0
10708,12000.0
10709,12000.0
10710,12000.0
10711,12000.0
10712,12000.0
10713,12000.0
10714,12000.0
10715,12000.0
10716,12000.0
10717,12000.0
10718,12000.0
10719,12000.0
10720,12000.0
10721,12000.0
10722,12000.0
10723,12000.0
10724,12000.0
10725,12000.0
10726,12000.0
10727,12000.0
10728,12000.0
10729,12000.0
10730,12000.0
10731,12000.0
10732,12000.0
10733,12000.0
10734,12000.0
10735,12000.0
10736,12000.0
10737,12000.0
10738,12000.0
10739,12000.0
10740,12000.0
10741,12000.0
10742,12000.0
10743,12000.0
10744,12000.0
10745,12000.0
10746,12000.0
10747,12000.0
10748,12000.0
10749,12000.0
10750,12000.0
10751,12000.0
10752,12000.0
10753,12000.0
10754,12000.0
10755,12000.0
10756,12000.0
10757,12000.0
10758,12000.0
10759,12000.0
10760,12000.0
10761,12000.0
10762,12000.0
10763,12000.0
10764,12000.0
10765,12000.0
10766,12000.0
10767,12000.0
10768,12000.0
10769,12000.0
10770,12000.0
10771,12000.0
10772,12000.0
10773,12000.0
10774,12000.0
10775,12000.0
10776,12000.0
10777,12000.0
10778,12000.0
10779,12000.0
10780,12000.0
10781,12000.0
10782,12000.0
10783,12000.0
10784,12000.0
10785,12000.0
10786,12000.0
10787,12000.0
10788,12000.0
10789,12000.0
10790,12000.0
10791,12000.0
10792,12000.0
10793,12000.0
10794,12000.0
10795,12000.0
10796,12000.0
10797,12000.0
10798,12000.0
10799,12000.0
10800,12000.0
10801,12000.0
10802,12000.0
10803,12000.0
10804,12000.0
10805,12000.0
10806,12000.0
10807,12000.0
10808,12000.0
10809,12000.0
10810,12000.0
10811,12000.0
10812,12000.0
10813,12000.0
10814,12000.0
10815,12000.0
10816,12000.0
10817,12000.0
10818,12000.0
10819,12000.0
10820,12000.0
10821,12000.0
10822,12000.0
10823,12000.0
10824,12000.0
10825,12000.0
10826,12000.0
10827,12000.0
10828,12000.0
10829,12000.0
10830,12000.0
10831,12000.0
10832,12000.0
10833,12000.0
10834,12000.0
10835,12000.0
10836,12000.0
10837,12000.0
10838,12000.0
10839,12000.0
10840,12000.0
10841,12000.0
10842,12000.0
10843,12000.0
10844,12000.0
10845,12000.0
10846,12000.0
10847,12000.0
10848,12000.0
10849,12000.0
10850,12000.0
10851,12000.0
10852,12000.0
10853,12000.0
10854,12000.0
10855,12000.0
10856,12000.0
10857,12000.0
10858,12000.0
10859,12000.0
10860,12000.0
10861,12000.0
10862,12000.0
10863,12000.0
10864,12000.0
10865,12000.0
10866,12000.0
10867,12000.0
10868,12000.0
10869,12000.0
10870,12000.0
10871,12000.0
10872,12000.0
10873,12000.0
10874,12000.0
10875,12000.0
10876,12000.0
10877,12000.0
10878,12000.0
10879,12000.0
10880,12000.0
10881,7616.0
10882,4999.65
10883,3990.67
10884,4000.94
10885,5000.95
10886,7999.48
10887,5361.99
10888,5608.23
10889,3400.74
10890,3400.35
10891,6384.14
10892,6000.75
10893,4350.2
10894,4000.91
10895,3900.28
10896,3749.55
10897,3360.43
10898,3700.14
10899,3800.46
10900,4000.3
10901,3000.07
10902,2999.97
10903,3996.25
10904,4000.11
10905,3800.36
10906,3500.52
10907,3360.57
10908,3500.93
10909,2900.09
10910,2990.31
10911,3593.0
10912,3872.0
10913,6346.23
10914,6889.54
10915,5999.91
10916,7400.22
10917,4489.28
10918,4796.75
10919,9000.08
10920,9000.29
10921,4835.71
10922,8499.01
10923,9000.92
10924,9000.89
10925,9000.99
10926,12000.0
10927,12000.0
10928,12000.0
10929,11989.81
10930,11989.07
10931,12000.0
10932,12000.0
10933,12000.0
10934,12000.0
10935,12000.0
10936,12000.0
10937,12000.0
10938,12000.0
10939,12000.0
10940,12000.0
10941,12000.0
10942,12000.0
10943,12000.0
10944,12000.0
10945,0.0
10946,0.0
10947,12000.0
10948,12000.0
10949,12000.0
10950,12000.0
10951,12000.0
10952,12000.0
10953,12000.0
10954,12000.0
10955,12000.0
10956,12000.0
10957,12000.0
10958,12000.0
10959,0.0
10960,0.0
10961,12000.0
10962,12000.0
10963,12000.0
10964,12000.0
10965,12000.0
10966,12000.0
10967,12000.0
10968,12000.0
10969,12000.0
10970,12000.0
10971,12000.0
10972,12000.0
10973,12000.0
10974,12000.0
10975,12000.0
10976,12000.0
10977,9000.51
10978,9000.41
10979,9000.2
10980,9000.1
10981,7000.77
10982,7000.83
10983,7999.66
10984,8748.71
10985,9000.4
10986,9000.32
10987,9000.74
10988,9000.79
10989,12000.0
10990,12000.0
10991,12000.0
10992,12000.0
10993,12000.0
10994,12000.0
10995,12000.0
10996,12000.0
10997,8330.59
10998,9000.34
10999,9000.28
11000,9000.86
11001,9000.47
11002,12000.0
11003,12000.0
11004,12000.0
11005,12000.0
11006,12000.0
11007,12000.0
11008,12000.0
11009,12000.0
11010,12000.0
11011,12000.0
11012,12000.0
11013,12000.0
11014,12000.0
11015,12000.0
11016,12000.0
11017,12000.0
11018,12000.0
11019,12000.0
11020,12000.0
11021,12000.0
11022,12000.0
11023,12000.0
11024,12000.0
11025,12000.0
11026,12000.0
11027,12000.0
11028,12000.0
11029,12000.0
11030,12000.0
11031,12000.0
11032,12000.0
11033,12000.0
11034,12000.0
11035,12000.0
11036,12000.0
11037,12000.0
11038,12000.0
11039,12000.0
11040,12000.0
11041,12000.0
11042,12000.0
11043,12000.0
11044,12000.0
11045,12000.0
11046,12000.0
11047,12000.0
11048,12000.0
11049,12000.0
11050,12000.0
11051,12000.0
11052,12000.0
11053,12000.0
11054,12000.0
11055,12000.0
11056,12000.0
11057,12000.0
11058,12000.0
11059,12000.0
11060,12000.0
11061,12000.0
11062,12000.0
11063,12000.0
11064,12000.0
11065,12000.0
11066,12000.0
11067,12000.0
11068,12000.0
11069,12000.0
11070,12000.0
11071,12000.0
11072,12000.0
11073,9000.01
11074,8000.7
11075,5997.65
11076,5999.5
11077,9000.39
11078,9000.44
11079,9000.41
11080,9000.38
11081,9000.36
11082,9000.55
11083,10000.09
11084,10000.05
11085,9820.97
11086,12000.0
11087,12000.0
11088,12000.0
11089,9000.91
11090,9160.0
11091,10000.67
11092,9696.0
11093,9000.73
11094,9000.76
11095,12000.0
11096,12000.0
11097,12000.0
11098,12000.0
11099,12000.0
11100,12000.0
11101,12000.0
11102,12000.0
11103,12000.0
11104,12000.0
11105,12000.0
11106,12000.0
11107,12000.0
11108,12000.0
11109,12000.0
11110,12000.0
11111,12000.0
11112,12000.0
11113,12000.0
11114,12000.0
11115,12000.0
11116,12000.0
11117,12000.0
11118,12000.0
11119,12000.0
11120,12000.0
11121,12000.0
11122,12000.0
11123,12000.0
11124,12000.0
11125,12000.0
11126,12000.0
11127,12000.0
11128,12000.0
11129,12000.0
11130,12000.0
11131,12000.0
11132,12000.0
11133,12000.0
11134,12000.0
11135,12000.0
11136,12000.0
11137,12000.0
11138,12000.0
11139,12000.0
11140,12000.0
11141,12000.0
11142,12000.0
11143,12000.0
11144,12000.0
11145,12000.0
11146,12000.0
11147,12000.0
11148,12000.0
11149,12000.0
11150,12000.0
11151,12000.0
11152,12000.0
11153,12000.0
11154,12000.0
11155,12000.0
11156,12000.0
11157,12000.0
11158,12000.0
11159,12000.0
11160,12000.0
11161,12000.0
11162,12000.0
11163,12000.0
11164,12000.0
11165,12000.0
11166,12000.0
11167,12000.0
11168,12000.0
11169,12000.0
11170,12000.0
11171,12000.0
11172,12000.0
11173,12000.0
11174,12000.0
11175,12000.0
11176,12000.0
11177,12000.0
11178,12000.0
11179,12000.0
11180,12000.0
11181,12000.0
11182,12000.0
11183,12000.0
11184,12000.0
11185,12000.0
11186,12000.0
11187,12000.0
11188,12000.0
11189,12000.0
11190,12000.0
11191,12000.0
11192,12000.0
11193,12000.0
11194,12000.0
11195,12000.0
11196,12000.0
11197,12000.0
11198,12000.0
11199,12000.0
11200,12000.0
11201,12000.0
11202,12000.0
11203,12000.0
11204,12000.0
11205,12000.0
11206,12000.0
11207,12000.0
11208,12000.0
11209,12000.0
11210,12000.0
11211,12000.0
11212,12000.0
11213,12000.0
11214,12000.0
11215,12000.0
11216,12000.0
11217,12000.0
11218,12000.0
11219,12000.0
11220,12000.0
11221,12000.0
11222,12000.0
11223,12000.0
11224,12000.0
11225,12000.0
11226,12000.0
11227,12000.0
11228,12000.0
11229,12000.0
11230,12000.0
11231,12000.0
11232,12000.0
11233,12000.0
11234,12000.0
11235,12000.0
11236,12000.0
11237,12000.0
11238,12000.0
11239,12000.0
11240,12000.0
11241,12000.0
11242,12000.0
11243,12000.0
11244,12000.0
11245,12000.0
11246,12000.0
11247,12000.0
11248,12000.0
11249,12000.0
11250,12000.0
11251,12000.0
11252,12000.0
11253,12000.0
11254,12000.0
11255,12000.0
11256,12000.0
11257,12000.0
11258,12000.0
11259,12000.0
11260,12000.0
11261,12000.0
11262,12000.0
11263,12000.0
11264,12000.0
11265,12000.0
11266,12000.0
11267,12000.0
11268,12000.0
11269,12000.0
11270,12000.0
11271,12000.0
11272,12000.0
11273,12000.0
11274,12000.0
11275,12000.0
11276,12000.0
11277,12000.0
11278,12000.0
11279,12000.0
11280,12000.0
11281,12000.0
11282,12000.0
11283,12000.0
11284,12000.0
11285,12000.0
11286,12000.0
11287,12000.0
11288,12000.0
11289,12000.0
11290,12000.0
11291,12000.0
11292,12000.0
11293,12000.0
11294,12000.0
11295,12000.0
11296,12000.0
11297,12000.0
11298,12000.0
11299,12000.0
11300,12000.0
11301,12000.0
11302,12000.0
11303,12000.0
11304,12000.0
11305,12000.0
11306,12000.0
11307,12000.0
11308,12000.0
11309,12000.0
11310,12000.0
11311,12000.0
11312,12000.0
11313,12000.0
11314,12000.0
11315,12000.0
11316,12000.0
11317,12000.0
11318,12000.0
11319,12000.0
11320,12000.0
11321,12000.0
11322,12000.0
11323,12000.0
11324,12000.0
11325,12000.0
11326,12000.0
11327,12000.0
11328,12000.0
11329,12000.0
11330,12000.0
11331,12000.0
11332,12000.0
11333,12000.0
11334,12000.0
11335,12000.0
11336,12000.0
11337,12000.0
11338,12000.0
11339,12000.0
11340,12000.0
11341,12000.0
11342,12000.0
11343,12000.0
11344,12000.0
11345,12000.0
11346,12000.0
11347,12000.0
11348,12000.0
11349,12000.0
11350,12000.0
11351,12000.0
11352,12000.0
11353,12000.0
11354,12000.0
11355,12000.0
11356,12000.0
11357,12000.0
11358,12000.0
11359,12000.0
11360,12000.0
11361,12000.0
11362,12000.0
11363,12000.0
11364,12000.0
11365,12000.0
11366,12000.0
11367,12000.0
11368,12000.0
11369,12000.0
11370,12000.0
11371,12000.0
11372,12000.0
11373,12000.0
11374,12000.0
11375,12000.0
11376,12000.0
11377,12000.0
11378,12000.0
11379,12000.0
11380,12000.0
11381,12000.0
11382,12000.0
11383,12000.0
11384,12000.0
11385,12000.0
11386,12000.0
11387,12000.0
11388,12000.0
11389,12000.0
11390,12000.0
11391,12000.0
11392,12000.0
11393,12000.0
11394,12000.0
11395,12000.0
11396,12000.0
11397,12000.0
11398,12000.0
11399,12000.0
11400,12000.0
11401,12000.0
11402,12000.0
11403,12000.0
11404,12000.0
11405,12000.0
11406,12000.0
11407,12000.0
11408,12000.0
11409,12000.0
11410,12000.0
11411,12000.0
11412,12000.0
11413,12000.0
11414,12000.0
11415,12000.0
11416,12000.0
11417,12000.0
11418,12000.0
11419,12000.0
11420,12000.0
11421,12000.0
11422,12000.0
11423,12000.0
11424,12000.0
11425,12000.0
11426,12000.0
11427,12000.0
11428,12000.0
11429,12000.0
11430,12000.0
11431,12000.0
11432,12000.0
11433,12000.0
11434,12000.0
11435,12000.0
11436,12000.0
11437,12000.0
11438,12000.0
11439,12000.0
11440,12000.0
11441,12000.0
11442,12000.0
11443,12000.0
11444,12000.0
11445,12000.0
11446,12000.0
11447,12000.0
11448,12000.0
11449,12000.0
11450,12000.0
11451,12000.0
11452,12000.0
11453,12000.0
11454,12000.0
11455,12000.0
11456,12000.0
11457,12000.0
11458,12000.0
11459,8000.78
11460,7999.56
11461,9000.94
11462,12000.0
11463,8000.15
11464,7400.42
11465,9000.18
11466,9000.34
11467,9000.55
11468,9160.0
11469,12000.0
11470,12000.0
11471,12000.0
11472,12000.0
11473,12000.0
11474,12000.0
11475,12000.0
11476,12000.0
11477,12000.0
11478,12000.0
11479,12000.0
11480,12000.0
11481,12000.0
11482,12000.0
11483,12000.0
11484,12000.0
11485,12000.0
11486,12000.0
11487,12000.0
11488,12000.0
11489,12000.0
11490,12000.0
11491,12000.0
11492,12000.0
11493,12000.0
11494,12000.0
11495,12000.0
11496,12000.0
11497,12000.0
11498,12000.0
11499,12000.0
11500,12000.0
11501,12000.0
11502,12000.0
11503,12000.0
11504,12000.0
11505,12000.0
11506,12000.0
11507,12000.0
11508,12000.0
11509,12000.0
11510,12000.0
11511,12000.0
11512,12000.0
11513,12000.0
11514,12000.0
11515,12000.0
11516,12000.0
11517,12000.0
11518,12000.0
11519,12000.0
11520,12000.0
385,12000.0
386,12000.0
387,12000.0
388,12000.0
389,12000.0
390,12000.0
391,12000.0
392,12000.0
393,12000.0
394,12000.0
395,12000.0
396,12000.0
397,12000.0
398,12000.0
399,12000.0
400,12000.0
401,12000.0
402,12000.0
403,12000.0
404,12000.0
405,12000.0
406,12000.0
407,12000.0
408,12000.0
409,12000.0
410,12000.0
411,12000.0
412,9000.91
413,11828.59
414,9000.73
415,7400.66
416,6996.68
417,2999.48
418,2999.5
419,1498.85
420,1499.58
421,1499.94
422,3800.15
423,1510.27
424,1499.87
425,1500.81
426,1520.28
427,2810.01
428,2839.56
429,3820.57
430,3820.81
431,2810.11
432,1959.88
433,999.62
434,999.75
435,3820.35
436,3250.99
437,3100.25
438,3820.13
439,3820.28
440,3820.17
441,4154.44
442,4259.29
443,4510.86
444,5000.81
445,5888.8
446,6500.19
447,4259.48
448,5499.17
449,5999.47
450,6000.09
451,5492.0
452,5499.52
453,3979.05
454,3499.5
455,1998.67
456,1998.67
457,1112.0
458,1499.3
459,3999.87
460,4210.72
461,4999.17
462,5999.74
463,4210.27
464,4210.33
465,4210.33
466,4210.5
467,3499.97
468,3499.61
469,3000.68
470,3000.57
471,4011.15
472,3510.52
473,2581.38
474,2967.46
475,5510.58
476,5800.61
477,6999.17
478,6500.55
479,6500.53
480,6500.68
3361,5099.16
3362,6010.54
3363,6999.65
3364,6999.65
3365,6999.67
3366,6999.8
3367,5499.72
3368,5099.39
3369,6010.72
3370,6999.24
3371,5999.94
3372,4007.38
3373,3191.32
3374,3191.05
3375,5999.5
3376,6000.73
3377,3191.78
3378,5099.57
3379,4003.3
3380,4007.73
3381,3650.5
3382,4005.95
3383,7999.86
3384,10267.35
3385,4003.57
3386,7400.14
3387,9000.19
3388,9000.19
3389,6010.91
3390,6000.48
3391,999.92
3392,999.76
3393,599.49
3394,925.49
3395,3500.19
3396,4000.39
3397,3993.79
3398,4000.37
3399,3500.94
3400,3062.6
3401,2845.98
3402,2756.89
3403,2999.15
3404,2999.82
3405,2839.71
3406,2839.99
3407,4200.72
3408,5002.47
3409,3299.13
3410,3550.16
3411,3998.08
3412,3996.31
3413,3999.62
3414,3999.91
3415,6010.08
3416,6000.71
3417,8000.62
3418,8729.03
3419,6000.13
3420,6010.77
3421,8907.17
3422,10000.25
3423,7999.71
3424,7400.71
3425,12000.0
3426,12000.0
3427,12000.0
3428,12000.0
3429,12000.0
3430,12000.0
3431,12000.0
3432,12000.0
3433,12000.0
3434,12000.0
3435,12000.0
3436,12000.0
3437,12000.0
3438,12000.0
3439,12000.0
3440,12000.0
3441,12000.0
3442,12000.0
3443,12000.0
3444,12000.0
3445,12000.0
3446,12000.0
3447,12000.0
3448,12000.0
3449,12000.0
3450,12000.0
3451,12000.0
3452,12000.0
3453,12000.0
3454,12000.0
3455,12000.0
3456,12000.0
6049,12000.0
6050,12000.0
6051,12000.0
6052,12000.0
6053,12000.0
6054,12000.0
6055,12000.0
6056,12000.0
6057,12000.0
6058,12000.0
6059,12000.0
6060,12000.0
6061,12000.0
6062,12000.0
6063,12000.0
6064,12000.0
6065,12000.0
6066,12000.0
6067,12000.0
6068,12000.0
6069,12000.0
6070,12000.0
6071,12000.0
6072,12000.0
6073,12000.0
6074,12000.0
6075,12000.0
6076,12000.0
6077,12000.0
6078,12000.0
6079,12000.0
6080,12000.0
6081,2999.39
6082,2381.16
6083,1102.62
6084,999.98
6085,1344.74
6086,2000.29
6087,1499.93
6088,1199.95
6089,3500.74
6090,6000.28
6091,8000.03
6092,7000.87
6093,2955.52
6094,2842.2
6095,2926.67
6096,3500.75
6097,5010.62
6098,6000.83
6099,3500.43
6100,3050.77
6101,3081.41
6102,3800.15
6103,4500.31
6104,4500.73
6105,4102.33
6106,6000.43
6107,6010.39
6108,7019.38
6109,7500.28
6110,7727.92
6111,12000.0
6112,12000.0
6113,9999.49
6114,9999.07
6115,11998.06
6116,11998.43
6117,6010.97
6118,6010.7
6119,5760.0
6120,5500.39
6121,2942.42
6122,4000.09
6123,4800.83
6124,6500.29
6125,12000.0
6126,12000.0
6127,12000.0
6128,12000.0
6129,12000.0
6130,12000.0
6131,12000.0
6132,12000.0
6133,12000.0
6134,12000.0
6135,12000.0
6136,12000.0
6137,12000.0
6138,12000.0
6139,12000.0
6140,12000.0
6141,12000.0
6142,12000.0
6143,12000.0
6144,12000.0
9025,12000.0
9026,12000.0
9027,12000.0
9028,12000.0
9029,12000.0
9030,12000.0
9031,12000.0
9032,12000.0
9033,12000.0
9034,12000.0
9035,12000.0
9036,12000.0
9037,12000.0
9038,12000.0
9039,12000.0
9040,12000.0
9041,12000.0
9042,12000.0
9043,12000.0
9044,12000.0
9045,12000.0
9046,12000.0
9047,12000.0
9048,12000.0
9049,12000.0
9050,12000.0
9051,12000.0
9052,12000.0
9053,7000.77
9054,6100.85
9055,6000.23
9056,3900.53
9057,1999.09
9058,1999.02
9059,3750.66
9060,3650.39
9061,4102.1
9062,8655.2
9063,4020.6
9064,4020.12
9065,7400.05
9066,11800.26
9067,11879.2
9068,11800.38
9069,8000.06
9070,8000.35
9071,6000.95
9072,8000.3
9073,5019.14
9074,5389.58
9075,7000.69
9076,7000.6
9077,4007.88
9078,4020.99
9079,6000.34
9080,6000.02
9081,3999.04
9082,3999.79
9083,7000.15
9084,7400.63
9085,7000.86
9086,8499.14
9087,8000.78
9088,9000.05
9089,5010.22
9090,6000.93
9091,6010.04
9092,6000.27
9093,5000.9
9094,7000.83
9095,5059.98
9096,4300.56
9097,1998.67
9098,4000.29
9099,4500.42
9100,6010.11
9101,9000.74
9102,12000.0
9103,9000.82
9104,12000.0
9105,9000.75
9106,9000.97
9107,11899.34
9108,11899.77
9109,12000.0
9110,12000.0
9111,12000.0
9112,12000.0
9113,12000.0
9114,12000.0
9115,12000.0
9116,12000.0
9117,12000.0
9118,12000.0
9119,11946.75
9120,11959.95
11905,12000.0
11906,12000.0
11907,12000.0
11908,12000.0
11909,12000.0
11910,12000.0
11911,10999.57
11912,10999.41
11913,9999.19
11914,9999.03
11915,8499.71
11916,7999.9
11917,7999.82
11918,7999.86
11919,7999.0
11920,7000.16
11921,5499.9
11922,6000.06
11923,4999.43
11924,4999.93
11925,9000.18
11926,9000.61
11927,9000.18
11928,9000.22
11929,9000.75
11930,9807.17
11931,9000.61
11932,9000.82
11933,8999.81
11934,8999.16
11935,7999.0
11936,7400.11
11937,4050.23
11938,4499.31
11939,3700.54
11940,3520.22
11941,3520.25
11942,3520.77
11943,3000.74
11944,2710.6
11945,3709.62
11946,7400.28
11947,7999.94
11948,6434.86
11949,4999.38
11950,4320.8
11951,4999.02
11952,4976.0
11953,4320.17
11954,5010.82
11955,8429.5
11956,9000.02
11957,4365.94
11958,5820.95
11959,7400.6
11960,7999.86
11961,8000.88
11962,8000.34
11963,8000.46
11964,9000.13
11965,9000.71
11966,9000.99
11967,11020.12
11968,11020.65
11969,12000.0
11970,12000.0
11971,12000.0
11972,12000.0
11973,9999.92
11974,11389.69
11975,8499.67
11976,8999.38
11977,7000.17
11978,9000.39
11979,12000.0
11980,12000.0
11981,12000.0
11982,12000.0
11983,12000.0
11984,12000.0
11985,12000.0
11986,12000.0
11987,12000.0
11988,12000.0
11989,12000.0
11990,12000.0
11991,12000.0
11992,12000.0
11993,12000.0
11994,12000.0
11995,12000.0
11996,12000.0
11997,12000.0
11998,12000.0
11999,12000.0
12000,12000.0
14881,12000.0
14882,12000.0
14883,12000.0
14884,12000.0
14885,12000.0
14886,12000.0
14887,12000.0
14888,12000.0
14889,12000.0
14890,12000.0
14891,12000.0
14892,12000.0
14893,12000.0
14894,12000.0
14895,9999.58
14896,9999.24
14897,9000.03
14898,9000.21
14899,9000.36
14900,9000.14
14901,9000.68
14902,9001.7
14903,9200.78
14904,9499.27
14905,8000.13
14906,8000.1
14907,6000.17
14908,5000.84
14909,4780.29
14910,3550.99
14911,2999.95
14912,2900.24
14913,2254.0
14914,3000.71
14915,2999.17
14916,2999.24
14917,2883.4
14918,2989.93
14919,1993.58
14920,1876.29
14921,4000.92
14922,4000.96
14923,4200.95
14924,5000.25
14925,3510.81
14926,4020.82
14927,4020.53
14928,4020.44
14929,4000.74
14930,4020.37
14931,4020.5
14932,4020.36
14933,4365.69
14934,5000.34
14935,4365.02
14936,5250.95
14937,4228.0
14938,4022.14
14939,4000.98
14940,4020.14
14941,6000.48
14942,6000.36
14943,7000.36
14944,7000.06
14945,6500.14
14946,7000.11
14947,5999.23
14948,5908.78
14949,4839.69
14950,4839.83
14951,3999.26
14952,3999.42
14953,3599.97
14954,3997.25
14955,12000.0
14956,12000.0
14957,12000.0
14958,12000.0
14959,9999.19
14960,10175.08
14961,12000.0
14962,12000.0
14963,12000.0
14964,12000.0
14965,12000.0
14966,12000.0
14967,9000.97
14968,11032.0
14969,9000.09
14970,8000.4
14971,12000.0
14972,12000.0
14973,12000.0
14974,12000.0
14975,12000.0
14976,12000.0
17761,12000.0
17762,12000.0
17763,12000.0
17764,12000.0
17765,12000.0
17766,12000.0
17767,12000.0
17768,12000.0
17769,12000.0
17770,12000.0
17771,6000.63
17772,6000.65
17773,6500.36
17774,6000.48
17775,6000.63
17776,6000.52
17777,5000.42
17778,5000.03
17779,5000.9
17780,5000.54
17781,4988.05
17782,5000.36
17783,6000.49
17784,6000.13
17785,4698.97
17786,5000.03
17787,4050.06
17788,4010.07
17789,3533.72
17790,3523.84
17791,2539.02
17792,999.98
17793,2539.64
17794,2883.46
17795,2999.15
17796,2900.23
17797,3500.78
17798,3533.15
17799,3533.64
17800,3550.37
17801,3533.23
17802,4000.27
17803,6000.09
17804,5000.91
17805,4020.52
17806,4365.37
17807,4020.05
17808,4020.06
17809,3950.12
17810,4020.5
17811,3262.53
17812,3299.24
17813,3000.63
17814,3333.84
17815,3533.43
17816,3600.83
17817,4867.14
17818,4536.43
17819,6000.24
17820,6000.75
17821,6000.62
17822,6000.74
17823,6500.5
17824,6500.15
17825,8000.17
17826,8000.22
17827,6500.6
17828,6500.37
17829,4288.87
17830,4288.93
17831,6000.51
17832,6500.63
17833,4020.13
17834,6000.33
17835,6978.3
17836,6470.91
17837,7000.36
17838,7400.94
17839,9000.04
17840,9000.04
17841,7000.75
17842,9000.28
17843,7400.29
17844,9000.52
17845,11999.01
17846,12000.0
17847,8975.13
17848,9000.48
17849,8612.3
17850,9000.8
17851,7400.73
17852,9000.83
17853,12000.0
17854,12000.0
17855,12000.0
17856,12000.0
20737,12000.0
20738,12000.0
20739,12000.0
20740,12000.0
20741,12000.0
20742,12000.0
20743,12000.0
20744,12000.0
20745,12000.0
20746,12000.0
20747,11607.19
20748,8278.06
20749,6500.57
20750,6500.96
20751,6000.7
20752,6000.78
20753,7000.55
20754,6500.58
20755,6000.88
20756,6500.11
20757,6500.07
20758,6500.19
20759,6000.15
20760,6000.07
20761,4020.71
20762,4499.02
20763,4200.4
20764,4017.01
20765,2999.38
20766,3000.65
20767,1499.45
20768,699.55
20769,2283.64
20770,2283.79
20771,2900.96
20772,2710.32
20773,1499.85
20774,1499.83
20775,1999.91
20776,1999.92
20777,2990.33
20778,3200.53
20779,2600.37
20780,1999.78
20781,1999.48
20782,1999.68
20783,1999.34
20784,1999.52
20785,2634.11
20786,2800.78
20787,2700.9
20788,2519.99
20789,2430.83
20790,2449.46
20791,2643.87
20792,3230.0
20793,3081.42
20794,3500.71
20795,3774.8
20796,3791.03
20797,3774.02
20798,3620.13
20799,4300.16
20800,4300.14
20801,5000.38
20802,5000.49
20803,3994.29
20804,3846.0
20805,3153.48
20806,3367.82
20807,2499.63
20808,2499.28
20809,1999.24
20810,2500.67
20811,3999.7
20812,7000.01
20813,6000.59
20814,6000.8
20815,5560.98
20816,4900.7
20817,6000.72
20818,6000.75
20819,6500.15
20820,6500.25
20821,6000.91
20822,6999.74
20823,6999.65
20824,6999.82
20825,7400.35
20826,7999.11
20827,6999.87
20828,6999.85
20829,8960.0
20830,8143.21
20831,8760.0
20832,7400.84
23713,12000.0
23714,12000.0
23715,8825.74
23716,8417.94
23717,8000.66
23718,8000.97
23719,8601.96
23720,7240.66
23721,6500.77
23722,6500.17
23723,6500.82
23724,8499.66
23725,6000.64
23726,6500.02
23727,3999.96
23728,3999.97
23729,4311.35
23730,4199.71
23731,4502.8
23732,4000.91
23733,5099.6
23734,5099.92
23735,4600.1
23736,4600.65
23737,3782.89
23738,3927.31
23739,3191.07
23740,2999.51
23741,3000.69
23742,3350.69
23743,3200.61
23744,2931.31
23745,2600.98
23746,2502.83
23747,2500.87
23748,2500.78
23749,2600.15
23750,2500.31
23751,3236.38
23752,3236.43
23753,2900.06
23754,3446.13
23755,3247.44
23756,3081.2
23757,1499.31
23758,1499.38
23759,3124.3
23760,3500.84
23761,4017.8
23762,4522.02
23763,5120.6
23764,5120.43
23765,3783.77
23766,4001.88
23767,3800.78
23768,4800.61
23769,2996.88
23770,3950.99
23771,5019.74
23772,6500.81
23773,4311.12
23774,4102.36
23775,4500.4
23776,5500.35
23777,6500.93
23778,7400.15
23779,5500.53
23780,5050.87
23781,4017.86
23782,4017.49
23783,4500.64
23784,4502.19
23785,3993.9
23786,4199.76
23787,4839.65
23788,7400.92
23789,6251.25
23790,8000.18
23791,11999.09
23792,11389.19
23793,6500.79
23794,6500.96
23795,6999.05
23796,6999.78
23797,8000.31
23798,8000.61
23799,6999.93
23800,7000.11
23801,6000.98
23802,6999.91
23803,7400.24
23804,8091.97
23805,6999.83
23806,6999.46
23807,6999.26
23808,8173.27
26593,8662.03
26594,8920.89
26595,8143.31
26596,6999.77
26597,7000.37
26598,6999.19
26599,4999.12
26600,4999.28
26601,6000.69
26602,6000.62
26603,6000.55
26604,6000.31
26605,5906.35
26606,6000.67
26607,6263.0
26608,6000.81
26609,5500.53
26610,5881.71
26611,5500.54
26612,5099.72
26613,4836.84
26614,4831.88
26615,3999.76
26616,3999.01
26617,3600.25
26618,3999.28
26619,3502.44
26620,3443.51
26621,3987.27
26622,3774.47
26623,3275.94
26624,3000.85
26625,2999.5
26626,2999.54
26627,2992.22
26628,3000.14
26629,3000.93
26630,2540.37
26631,1999.52
26632,1999.57
26633,1667.91
26634,2338.78
26635,2839.6
26636,2901.93
26637,3300.36
26638,3508.13
26639,3774.33
26640,3800.07
26641,3599.93
26642,4500.71
26643,3783.44
26644,5000.18
26645,3600.58
26646,3774.34
26647,3599.92
26648,3650.32
26649,3700.87
26650,3798.76
26651,3178.27
26652,3222.72
26653,6520.08
26654,5000.68
26655,5500.31
26656,5000.43
26657,3805.07
26658,3700.58
26659,4000.27
26660,4017.03
26661,4017.86
26662,4017.51
26663,5000.94
26664,5000.3
26665,4599.33
26666,5000.37
26667,5999.9
26668,8000.61
26669,8000.38
26670,8000.66
26671,9520.58
26672,9520.08
26673,10339.33
26674,10339.38
26675,11621.82
26676,10842.86
26677,12000.0
26678,11520.78
26679,9747.43
26680,11402.67
26681,9000.86
26682,9000.95
26683,11520.01
26684,11520.35
26685,12000.0
26686,12000.0
26687,11000.13
26688,10868.97
29569,10007.49
29570,10000.53
29571,9799.47
29572,9478.89
29573,6999.98
29574,6999.64
29575,5999.63
29576,5999.15
29577,6999.42
29578,6999.19
29579,6632.8
29580,5000.63
29581,4338.3
29582,5000.54
29583,4177.78
29584,4195.51
29585,4999.85
29586,4502.97
29587,5999.91
29588,5999.01
29589,5114.5
29590,5434.34
29591,3995.88
29592,5099.19
29593,3264.32
29594,3700.04
29595,3250.23
29596,2999.47
29597,3500.58
29598,3000.74
29599,3000.47
29600,1999.51
29601,1999.83
29602,1999.18
29603,2800.88
29604,3146.01
29605,3100.6
29606,3000.45
29607,3333.09
29608,3330.91
29609,3774.26
29610,3774.11
29611,3774.03
29612,4199.42
29613,6000.76
29614,6000.97
29615,7520.3
29616,7520.46
29617,4651.99
29618,5789.8
29619,4205.23
29620,4102.82
29621,4017.42
29622,4017.85
29623,4093.08
29624,5000.17
29625,3900.61
29626,4017.48
29627,5580.07
29628,4999.36
29629,4093.03
29630,4093.34
29631,6000.07
29632,6000.3
29633,6000.06
29634,4500.74
29635,6000.86
29636,6315.91
29637,3774.33
29638,3805.79
29639,4128.56
29640,5000.79
29641,5350.78
29642,6000.82
29643,7000.89
29644,7459.55
29645,6932.54
29646,6999.93
29647,6999.93
29648,6999.71
29649,6999.25
29650,6999.22
29651,6998.53
29652,6499.62
29653,6999.3
29654,6999.42
29655,6999.38
29656,6999.5
29657,6000.5
29658,6999.05
29659,6000.38
29660,6000.13
29661,4471.67
29662,4345.9
29663,5999.23
29664,5999.31
32449,6000.98
32450,6999.16
32451,6998.12
32452,6999.09
32453,6000.91
32454,6000.88
32455,5500.7
32456,5000.13
32457,4000.63
32458,4102.58
32459,3781.66
32460,4102.44
32461,3129.99
32462,3448.11
32463,2990.76
32464,3000.1
32465,2930.06
32466,3100.19
32467,2699.64
32468,2766.42
32469,2694.7
32470,2746.32
32471,2510.91
32472,2401.92
32473,3000.98
32474,3502.88
32475,3574.56
32476,3300.56
32477,2000.23
32478,2500.81
32479,1989.08
32480,1978.49
32481,1965.48
32482,1960.1
32483,2839.69
32484,2839.1
32485,3450.29
32486,3450.56
32487,3000.22
32488,3000.42
32489,3000.31
32490,3000.23
32491,2950.78
32492,3000.86
32493,1999.21
32494,2000.94
32495,3010.3
32496,3450.93
32497,3500.81
32498,3500.88
32499,3129.7
32500,3129.56
32501,2600.45
32502,2278.67
32503,1999.24
32504,1999.66
32505,2839.5
32506,3000.27
32507,2400.23
32508,2366.0
32509,3962.68
32510,4017.52
32511,4270.45
32512,4270.78
32513,3805.28
32514,3805.9
32515,3774.41
32516,3500.87
32517,3333.92
32518,3500.84
32519,3000.8
32520,2225.4
32521,2999.39
32522,3119.55
32523,4500.27
32524,4751.44
32525,4500.04
32526,5000.58
32527,6999.79
32528,6999.86
32529,8020.19
32530,8698.55
32531,7001.0
32532,7000.68
32533,6999.51
32534,6999.67
32535,6999.95
32536,6999.81
32537,7999.12
32538,8631.53
32539,9500.33
32540,8989.8
32541,6999.58
32542,6999.86
32543,6000.52
32544,5742.22
12673,5989.98
12674,5499.76
12675,4006.87
12676,4100.93
12677,3129.94
12678,3390.17
12679,3029.98
12680,2999.54
12681,3255.44
12682,3251.97
12683,3390.14
12684,3129.85
12685,3129.44
12686,3029.36
12687,3100.41
12688,3100.55
12689,3179.1
12690,3580.18
12691,3700.1
12692,4030.42
12693,3000.15
12694,2999.16
12695,2779.92
12696,2981.64
12697,3179.68
12698,3999.5
12699,4999.55
12700,4499.27
12701,3999.72
12702,3994.4
12703,3999.23
12704,3774.25
12705,2941.16
12706,2941.07
12707,1999.85
12708,1999.92
12709,2866.42
12710,2866.3
12711,2779.13
12712,2951.92
12713,3129.36
12714,3250.07
12715,3029.81
12716,3400.57
12717,2951.83
12718,3000.34
12719,3770.9
12720,3770.51
12721,3774.99
12722,4999.51
12723,3599.28
12724,3599.1
12725,3299.44
12726,3407.5
12727,3959.41
12728,4017.15
12729,3537.54
12730,3774.63
12731,3774.06
12732,3599.17
12733,3029.13
12734,3000.84
12735,3000.02
12736,2779.54
12737,4500.31
12738,5000.04
12739,4500.14
12740,4500.73
12741,3269.49
12742,3351.94
12743,3000.4
12744,1799.06
12745,5112.72
12746,6000.57
12747,4450.66
12748,4285.37
12749,6999.57
12750,7443.2
12751,7999.9
12752,8200.11
12753,6999.54
12754,6999.7
12755,6999.98
12756,6999.96
12757,6999.69
12758,6999.83
12759,6999.34
12760,6999.34
12761,6999.28
12762,6999.31
12763,6999.13
12764,6589.22
12765,6999.05
12766,6999.01
12767,5998.08
12768,5000.73
12769,6999.09
12770,6589.96
12771,6999.0
12772,6489.84
12773,6799.29
12774,5166.0
12775,5356.86
12776,4999.29
12777,4999.7
12778,4999.98
12779,4999.09
12780,3500.25
12781,2800.18
12782,3029.09
12783,3000.31
12784,3000.39
12785,3000.12
12786,3029.15
12787,3029.49
12788,3117.24
12789,2010.84
12790,3000.75
12791,2866.76
12792,3269.02
12793,2720.93
12794,2866.4
12795,3000.38
12796,3000.45
12797,2750.71
12798,2650.07
12799,2539.86
12800,1999.69
12801,1488.73
12802,999.66
12803,2521.57
12804,2369.45
12805,1999.86
12806,2116.8
12807,1510.13
12808,1965.5
12809,1999.19
12810,2779.47
12811,2500.59
12812,2750.03
12813,2500.65
12814,2858.0
12815,2866.49
12816,2900.22
12817,2866.44
12818,3000.72
12819,3200.43
12820,3269.4
12821,2880.28
12822,2999.27
12823,2990.21
12824,3000.13
12825,2900.42
12826,3000.35
12827,3269.24
12828,3580.8
12829,3501.01
12830,4017.25
12831,3999.71
12832,4010.21
12833,4749.12
12834,4770.57
12835,5000.53
12836,5000.55
12837,4500.21
12838,4017.74
12839,4017.26
12840,4017.2
12841,1999.97
12842,2499.79
12843,4800.06
12844,6004.32
12845,6000.45
12846,6013.11
12847,6999.11
12848,6999.34
12849,6020.86
12850,6021.15
12851,5499.56
12852,5499.72
12853,6000.26
12854,6003.21
12855,6000.49
12856,6001.57
12857,5499.57
12858,6077.54
12859,5999.0
12860,6000.34
12861,6002.42
12862,6000.91
12863,6499.51
12864,6000.9
12865,5999.95
12866,5999.95
12867,4100.99
12868,3620.97
12869,5499.02
12870,5019.33
12871,4197.9
12872,3550.84
12873,4001.62
12874,4001.27
12875,5019.89
12876,4001.51
12877,2710.09
12878,3000.11
12879,3500.19
12880,3500.74
12881,3600.04
12882,3600.77
12883,3089.92
12884,3110.9
12885,2710.12
12886,3500.58
12887,3600.94
12888,3600.19
12889,1799.13
12890,1799.74
12891,2710.21
12892,2520.3
12893,2500.44
12894,2500.45
12895,2599.58
12896,2500.23
12897,999.78
12898,999.96
12899,599.75
12900,599.38
12901,1000.84
12902,1000.43
12903,1999.78
12904,2710.12
12905,1000.33
12906,2632.18
12907,1510.12
12908,1780.63
12909,1999.95
12910,2000.74
12911,2632.45
12912,2632.27
12913,2100.54
12914,2349.99
12915,2779.9
12916,2500.93
12917,2631.08
12918,2779.04
12919,2950.11
12920,3269.0
12921,4500.78
12922,5000.04
12923,3269.59
12924,3300.34
12925,3500.02
12926,4000.23
12927,4017.59
12928,4000.41
12929,3269.11
12930,3120.98
12931,3100.25
12932,3100.16
12933,2789.13
12934,3029.45
12935,2569.24
12936,2483.54
12937,2018.59
12938,2068.9
12939,1622.4
12940,3000.73
12941,3000.68
12942,3129.46
12943,3000.74
12944,3129.6
12945,4816.24
12946,5112.83
12947,5019.9
12948,5100.11
12949,6589.63
12950,6589.66
12951,4163.76
12952,3899.13
12953,6999.56
12954,7200.43
12955,7200.54
12956,7999.32
12957,7999.09
12958,7200.45
12959,7200.37
12960,6999.77
12961,6000.35
12962,6500.23
12963,6489.97
12964,4657.94
12965,3440.86
12966,3440.57
12967,3199.62
12968,3199.9
12969,3189.99
12970,3191.99
12971,3390.19
12972,3269.4
12973,3500.97
12974,3502.92
12975,3620.94
12976,3699.04
12977,3999.17
12978,3699.88
12979,4920.05
12980,4100.23
12981,3950.29
12982,4199.13
12983,3380.73
12984,3200.77
12985,3880.28
12986,3950.69
12987,3006.97
12988,3007.5
12989,3000.93
12990,2710.33
12991,1799.93
12992,999.25
12993,3000.39
12994,3390.81
12995,3390.41
12996,3300.51
12997,3000.39
12998,3219.75
12999,2429.95
13000,2970.64
13001,3000.35
13002,3300.57
13003,4000.71
13004,3300.57
13005,3020.14
13006,3000.72
13007,3000.77
13008,2940.33
13009,2779.33
13010,2940.01
13011,3400.54
13012,4200.5
13013,3071.2
13014,3500.73
13015,3400.42
13016,4325.58
13017,4500.35
13018,4500.84
13019,5004.93
13020,5006.37
13021,3994.0
13022,4337.0
13023,5231.67
13024,5750.21
13025,5500.4
13026,4989.79
13027,6503.67
13028,6489.87
13029,4311.46
13030,4800.51
13031,3440.7
13032,3440.72
13033,3339.21
13034,3339.92
13035,3689.73
13036,4450.12
13037,4800.41
13038,6729.5
13039,7004.32
13040,6999.84
13041,6999.01
13042,6020.0
13043,6665.75
13044,6999.21
13045,6990.0
13046,7200.95
13047,7200.4
13048,7513.94
13049,7514.57
13050,7510.44
13051,6989.94
13052,7200.75
13053,7200.45
13054,7000.66
13055,8000.04
13056,7821.0
13057,6989.28
13058,6666.0
13059,7022.42
13060,6500.22
13061,4636.0
13062,5000.73
13063,3600.75
13064,3600.64
13065,3600.68
13066,4000.61
13067,3700.48
13068,4000.66
13069,3000.95
13070,3000.66
13071,3707.0
13072,4400.55
13073,4499.86
13074,5865.5
13075,4999.65
13076,5465.42
13077,6000.07
13078,6000.18
13079,3960.0
13080,3850.58
13081,5870.16
13082,6000.82
13083,3799.37
13084,3390.23
13085,2499.59
13086,2499.76
13087,3000.37
13088,3141.11
13089,3500.29
13090,3500.31
13091,3000.66
13092,3390.28
13093,2790.16
13094,2900.5
13095,3107.18
13096,3200.55
13097,3800.92
13098,4000.82
13099,3300.6
13100,3500.39
13101,4250.8
13102,4365.17
13103,4899.8
13104,4499.76
13105,4499.32
13106,4499.96
13107,5500.99
13108,5500.91
13109,5000.57
13110,5794.32
13111,5499.78
13112,5922.64
13113,4500.33
13114,5499.35
13115,6000.19
13116,6489.77
13117,6928.33
13118,7030.95
13119,8020.43
13120,7793.0
13121,8000.54
13122,7794.0
13123,6500.3
13124,6489.28
13125,5000.26
13126,5060.79
13127,6000.2
13128,5837.75
13129,4500.01
13130,5411.96
13131,5100.24
13132,6989.94
13133,9000.62
13134,11999.69
13135,12000.0
13136,12000.0
13137,12000.0
13138,12000.0
13139,10000.2
13140,10000.97
13141,12000.0
13142,12000.0
13143,8698.92
13144,10339.14
13145,12000.0
13146,12000.0
13147,12000.0
13148,12000.0
13149,12000.0
13150,12000.0
13151,12000.0
13152,12000.0
13153,12000.0
13154,12000.0
13155,12000.0
13156,11000.92
13157,8698.53
13158,7900.47
13159,8698.91
13160,7000.21
13161,8000.29
13162,7175.55
13163,6314.91
13164,6489.93
13165,6820.12
13166,6689.68
13167,7794.0
13168,7300.37
13169,8698.35
13170,9000.39
13171,9000.68
13172,9499.24
13173,9000.76
13174,9000.26
13175,9000.46
13176,7777.26
13177,8888.02
13178,7300.01
13179,7000.76
13180,6589.02
13181,4899.03
13182,4499.52
13183,4000.26
13184,3390.99
13185,3500.35
13186,3380.12
13187,3390.12
13188,3390.58
13189,3600.18
13190,4000.63
13191,4009.35
13192,4009.48
13193,4749.35
13194,4749.47
13195,4300.98
13196,4253.64
13197,4795.24
13198,5000.55
13199,5570.62
13200,5570.54
13201,6020.79
13202,6489.99
13203,6989.1
13204,6853.65
13205,6500.09
13206,6500.27
13207,6989.86
13208,7520.59
13209,7999.36
13210,8000.68
13211,8000.66
13212,8500.61
13213,9020.77
13214,10000.82
13215,9000.91
13216,9000.98
13217,11020.56
13218,10675.51
13219,9291.96
13220,8698.45
13221,8698.11
13222,8698.09
13223,8000.19
13224,7933.16
13225,9989.39
13226,12000.0
13227,12000.0
13228,12000.0
13229,12000.0
13230,12000.0
13231,12000.0
13232,12000.0
13233,12000.0
13234,12000.0
13235,12000.0
13236,12000.0
13237,12000.0
13238,12000.0
13239,12000.0
13240,12000.0
13241,12000.0
13242,12000.0
13243,12000.0
13244,12000.0
13245,12000.0
13246,12000.0
13247,12000.0
13248,12000.0
13249,12000.0
13250,12000.0
13251,12000.0
13252,12000.0
13253,12000.0
13254,12000.0
13255,12000.0
13256,12000.0
13257,12000.0
13258,12000.0
13259,12000.0
13260,12000.0
13261,12000.0
13262,12000.0
13263,9000.57
13264,8578.4
13265,7998.55
13266,7824.64
13267,6989.9
13268,6989.06
13269,6799.52
13270,5999.35
13271,8698.68
13272,6989.2
13273,6689.34
13274,6689.15
13275,6489.15
13276,5100.85
13277,5040.72
13278,4999.58
13279,5308.0
13280,4748.84
13281,5000.54
13282,5199.33
13283,5000.79
13284,5000.15
13285,3999.65
13286,4998.74
13287,5000.18
13288,5000.05
13289,6200.52
13290,6449.82
13291,6500.28
13292,6500.19
13293,6248.94
13294,6500.67
13295,7501.62
13296,7399.71
13297,8000.92
13298,8582.42
13299,9250.74
13300,9250.76
13301,8932.44
13302,8698.94
13303,8560.4
13304,9520.32
13305,7999.83
13306,9000.93
13307,12000.0
13308,12000.0
13309,12000.0
13310,12000.0
13311,9999.69
13312,10339.39
13313,7999.94
13314,8000.27
13315,7399.67
13316,8000.1
13317,7522.89
13318,7399.61
13319,6399.94
13320,6086.91
13321,5000.61
13322,5150.16
13323,4991.37
13324,5199.32
13325,6000.39
13326,6999.47
13327,7397.46
13328,6999.97
13329,6999.97
13330,6999.85
13331,8000.61
13332,8170.44
13333,10000.69
13334,10339.52
13335,11000.01
13336,11000.41
13337,11997.18
13338,11999.4
13339,10000.66
13340,10000.73
13341,10000.75
13342,10000.57
13343,10339.65
13344,10000.68
13345,6999.46
13346,6999.65
13347,8000.8
13348,8000.61
13349,6999.94
13350,6999.98
13351,6999.71
13352,6999.33
13353,6999.27
13354,6999.19
13355,6249.78
13356,6000.55
13357,5199.48
13358,5199.13
13359,4150.97
13360,3999.81
13361,3943.2
13362,3972.45
13363,3390.55
13364,4577.56
13365,5000.43
13366,5520.78
13367,6000.11
13368,5000.1
13369,3219.57
13370,4523.81
13371,4100.02
13372,4250.28
13373,3390.48
13374,3219.4
13375,3000.34
13376,3000.05
13377,2710.43
13378,2750.56
13379,2992.87
13380,2500.41
13381,2500.56
13382,3390.12
13383,2500.83
13384,2750.31
13385,2115.88
13386,2811.0
13387,3310.11
13388,3390.64
13389,3040.8
13390,3040.47
13391,3450.65
13392,4520.35
13393,3191.94
13394,3689.13
13395,3881.31
13396,3269.18
13397,3179.57
13398,3550.72
13399,3269.82
13400,4500.04
13401,4999.91
13402,4499.71
13403,4499.48
13404,4800.71
13405,3751.29
13406,4209.5
13407,5000.22
13408,5000.75
13409,5000.19
13410,5000.04
13411,5000.42
13412,5000.32
13413,3000.76
13414,3000.56
13415,4465.74
13416,4699.75
13417,4530.42
13418,4484.96
13419,5000.39
13420,5700.13
13421,6500.47
13422,6989.69
13423,7000.76
13424,10339.85
13425,6997.76
13426,6999.83
13427,7000.66
13428,7984.76
13429,10003.31
13430,10339.4
13431,10004.34
13432,10006.73
13433,8524.39
13434,9933.52
13435,10568.0
13436,10006.2
13437,9250.34
13438,8000.29
13439,7599.33
13440,6998.48
13441,6000.02
13442,5999.62
13443,5499.14
13444,4999.67
13445,4350.82
13446,4500.75
13447,4000.27
13448,3959.43
13449,3972.8
13450,4000.1
13451,3390.08
13452,3189.62
13453,3390.48
13454,3500.48
13455,3972.03
13456,3800.62
13457,3139.07
13458,3139.38
13459,3390.04
13460,3390.36
13461,2981.07
13462,3100.87
13463,3390.69
13464,4499.13
13465,2640.4
13466,2769.8
13467,3139.49
13468,2510.02
13469,999.58
13470,1499.5
13471,1511.93
13472,1511.57
13473,3000.27
13474,2800.55
13475,999.45
13476,999.25
13477,1500.61
13478,1500.92
13479,1799.17
13480,1799.06
13481,1999.94
13482,2500.45
13483,2779.53
13484,2779.15
13485,2769.69
13486,2779.03
13487,2059.54
13488,2059.31
13489,1829.23
13490,1829.06
13491,1769.72
13492,1999.21
13493,1769.81
13494,1999.6
13495,2779.8
13496,2999.35
13497,2797.97
13498,2901.33
13499,3120.56
13500,3179.33
13501,3400.29
13502,3600.39
13503,3257.28
13504,3390.11
13505,3903.04
13506,4009.02
13507,3099.68
13508,3099.37
13509,2889.33
13510,2889.91
13511,1799.36
13512,1799.56
13513,998.94
13514,999.43
13515,999.46
13516,1500.74
13517,4100.99
13518,4999.19
13519,3699.47
13520,3500.11
13521,1999.57
13522,1999.93
13523,3499.46
13524,3700.53
13525,4279.75
13526,4499.14
13527,3990.53
13528,3889.61
13529,1999.45
13530,1959.42
13531,1959.99
13532,1959.76
13533,1599.97
13534,1599.72
13535,2830.67
13536,2830.49
13537,3002.37
13538,3500.02
13539,3550.57
13540,3800.25
13541,3139.87
13542,3390.23
13543,3990.87
13544,4395.0
13545,3250.57
13546,3390.01
13547,2856.15
13548,3010.48
13549,2520.02
13550,2800.47
13551,1999.76
13552,1999.91
13553,3000.09
13554,3010.75
13555,3010.96
13556,3159.78
13557,3015.96
13558,3015.3
13559,3391.41
13560,3391.26
13561,2764.6
13562,3149.14
13563,2487.46
13564,2175.82
13565,1510.31
13566,1500.04
13567,1500.95
13568,1500.64
13569,2178.55
13570,1999.33
13571,627.78
13572,499.34
13573,495.59
13574,494.91
13575,478.23
13576,478.68
13577,499.64
13578,999.09
13579,1000.94
13580,1489.89
13581,1866.21
13582,1709.1
13583,999.49
13584,999.19
13585,1489.92
13586,1700.6
13587,2369.45
13588,2750.27
13589,2500.54
13590,2750.0
13591,2509.37
13592,2509.22
13593,2800.57
13594,3050.37
13595,2866.53
13596,2866.99
13597,2037.08
13598,2509.59
13599,2689.1
13600,3000.01
13601,3029.19
13602,3500.87
13603,2866.13
13604,2779.59
13605,1999.06
13606,1999.28
13607,1999.38
13608,1889.82
13609,2866.61
13610,2903.29
13611,2866.45
13612,3000.91
13613,4000.62
13614,3750.52
13615,4248.86
13616,4499.78
13617,4499.03
13618,3998.37
13619,3899.72
13620,3899.38
13621,5500.28
13622,5500.83
13623,3899.47
13624,3899.94
13625,3899.68
13626,4200.34
13627,4325.76
13628,3837.83
13629,4750.0
13630,4997.7
13631,4993.97
13632,4140.75
13633,5499.06
13634,5499.42
13635,5019.86
13636,4899.72
13637,3000.39
13638,2999.33
13639,3001.85
13640,2280.03
13641,599.6
13642,1530.0
13643,1530.43
13644,1500.26
13645,1959.63
13646,1604.0
13647,1780.16
13648,999.53
13649,1750.83
13650,1780.2
13651,1959.73
13652,1990.77
13653,2400.06
13654,2000.73
13655,2500.58
13656,2222.0
13657,1499.89
13658,1722.0
13659,1499.14
13660,389.63
13661,389.74
13662,389.78
13663,1249.65
13664,1249.52
13665,1249.74
13666,1249.74
13667,999.63
13668,999.65
13669,999.31
13670,999.34
13671,375.85
13672,299.58
13673,199.59
13674,299.28
13675,999.14
13676,999.33
13677,1500.4
13678,1135.37
13679,999.51
13680,999.46
13681,1190.28
13682,1190.9
13683,1500.92
13684,1710.74
13685,1358.3
13686,1500.6
13687,1863.95
13688,1959.24
13689,2175.09
13690,2175.86
13691,2369.72
13692,2596.37
13693,2487.2
13694,2740.71
13695,2856.43
13696,2858.68
13697,2487.16
13698,3000.21
13699,3051.14
13700,3055.35
13701,2600.32
13702,2487.96
13703,3219.29
13704,2990.9
13705,3997.7
13706,5800.5
13707,6989.26
13708,6989.17
13709,4999.94
13710,4905.0
13711,4999.06
13712,4499.21
13713,4482.83
13714,4703.29
13715,4070.14
13716,3800.98
13717,4120.61
13718,4450.5
13719,3933.5
13720,3959.47
13721,3405.5
13722,3455.18
13723,3070.53
13724,3349.89
13725,5000.13
13726,5000.26
13727,3751.22
13728,3500.83
13729,2279.02
13730,2143.94
13731,2000.08
13732,1999.55
13733,2500.51
13734,3000.39
13735,2300.15
13736,2300.0
13737,3000.14
13738,3002.15
13739,2290.69
13740,2470.21
13741,1843.74
13742,1843.82
13743,1999.49
13744,1999.82
13745,1965.16
13746,1843.93
13747,3000.89
13748,3040.59
13749,3430.55
13750,3999.16
13751,3001.44
13752,2999.5
13753,4999.42
13754,4008.19
13755,3940.07
13756,3200.22
13757,3179.37
13758,2939.58
13759,4201.98
13760,3098.72
13761,2685.62
13762,2549.6
13763,2000.61
13764,2120.08
13765,1999.05
13766,1999.94
13767,2066.17
13768,2120.44
13769,3003.27
13770,3400.8
13771,2999.67
13772,3000.78
13773,3940.03
13774,4050.31
13775,3200.13
13776,3193.49
13777,3098.69
13778,3149.91
13779,3940.1
13780,4499.45
13781,4547.35
13782,4999.85
13783,3609.27
13784,4999.03
13785,3609.71
13786,5999.67
13787,3599.32
13788,3599.85
13789,3313.69
13790,3313.87
13791,6000.53
13792,6000.33
13793,6419.07
13794,6099.56
13795,6000.4
13796,6000.48
13797,6000.13
13798,5999.45
13799,4999.38
13800,5448.36
13801,6403.52
13802,6689.48
13803,9000.57
13804,11999.34
13805,12000.0
13806,12000.0
13807,12000.0
13808,12000.0
13809,12000.0
13810,12000.0
13811,12000.0
13812,12000.0
13813,12000.0
13814,12000.0
13815,12000.0
13816,12000.0
13817,12000.0
13818,12000.0
13819,12000.0
13820,12000.0
13821,12000.0
13822,12000.0
13823,12000.0
13824,12000.0
13825,12000.0
13826,12000.0
13827,12000.0
13828,10000.81
13829,9000.77
13830,9000.63
13831,7549.65
13832,7966.23
13833,8549.4
13834,8698.06
13835,7999.2
13836,7999.49
13837,7737.4
13838,7999.12
13839,7451.19
13840,7389.2
13841,6689.69
13842,6989.22
13843,6589.27
13844,6541.23
13845,6129.99
13846,6536.06
13847,7300.31
13848,7000.99
13849,6589.83
13850,6589.88
13851,6589.28
13852,6129.75
13853,6000.02
13854,4948.08
13855,5751.01
13856,3913.93
13857,3609.36
13858,3609.34
13859,6000.9
13860,5948.05
13861,3500.64
13862,3523.02
13863,3700.04
13864,3996.72
13865,6000.02
13866,6000.55
13867,6000.57
13868,6000.18
13869,4804.35
13870,4492.51
13871,5448.18
13872,5499.01
13873,6000.4
13874,6000.85
13875,5554.33
13876,5499.53
13877,3999.9
13878,4989.04
13879,4999.16
13880,5500.74
13881,6500.14
13882,7000.37
13883,8000.39
13884,8000.53
13885,8000.27
13886,8000.47
13887,8000.84
13888,8000.85
13889,8000.31
13890,8000.29
13891,6399.9
13892,6489.51
13893,6489.65
13894,6549.38
13895,6000.28
13896,6000.47
13897,6000.33
13898,7600.24
13899,8520.85
13900,12000.0
13901,12000.0
13902,12000.0
13903,12000.0
13904,12000.0
13905,12000.0
13906,12000.0
13907,12000.0
13908,12000.0
13909,12000.0
13910,12000.0
13911,12000.0
13912,12000.0
13913,12000.0
13914,12000.0
13915,12000.0
13916,12000.0
13917,12000.0
13918,12000.0
13919,12000.0
13920,12000.0
13921,12000.0
13922,12000.0
13923,12000.0
13924,12000.0
13925,12000.0
13926,12000.0
13927,12000.0
13928,12000.0
13929,12000.0
13930,12000.0
13931,12000.0
13932,12000.0
13933,10339.51
13934,8723.22
13935,6989.3
13936,6559.03
13937,5917.26
13938,7400.39
13939,7000.73
13940,6559.02
13941,7000.82
13942,7400.9
13943,8000.69
13944,8000.62
13945,5980.69
13946,5980.07
13947,5720.88
13948,4800.67
13949,5499.3
13950,5498.14
13951,3764.73
13952,3400.93
13953,3339.07
13954,3339.6
13955,3390.75
13956,3390.47
13957,2999.85
13958,3000.07
13959,3107.94
13960,3390.6
13961,3500.74
13962,3799.73
13963,4108.94
13964,4093.24
13965,3959.17
13966,4541.37
13967,3500.06
13968,3400.87
13969,3400.53
13970,3500.9
13971,3149.91
13972,3164.41
13973,2949.19
13974,2949.63
13975,3330.07
13976,3520.5
13977,3959.06
13978,4020.14
13979,5504.04
13980,5505.3
13981,3799.72
13982,3889.11
13983,3609.39
13984,3680.66
13985,4200.3
13986,4884.92
13987,3149.92
13988,3149.82
13989,3149.57
13990,3149.1
13991,3000.02
13992,2999.56
13993,3149.62
13994,4000.24
13995,4000.47
13996,5100.32
13997,4300.82
13998,4500.21
13999,4550.41
14000,5070.02
14001,7000.14
14002,6000.9
14003,7000.52
14004,7003.25
14005,8000.81
14006,8530.39
14007,8000.14
14008,7989.2
14009,6999.97
14010,7728.42
14011,9000.28
14012,9000.45
14013,9099.78
14014,9099.65
14015,9000.72
14016,9000.29
14017,12000.0
14018,12000.0
14019,7999.92
14020,7999.61
14021,5999.99
14022,5999.66
14023,3999.77
14024,3999.62
14025,4030.03
14026,4505.44
14027,5199.21
14028,4502.58
14029,3999.39
14030,3999.29
14031,3999.11
14032,3949.62
14033,3782.0
14034,3949.21
14035,3499.61
14036,3499.57
14037,3299.12
14038,3299.65
14039,4504.5
14040,4503.42
14041,4000.1
14042,4092.41
14043,3999.01
14044,3796.8
14045,3299.95
14046,3299.19
14047,3099.73
14048,3099.16
14049,2700.74
14050,2750.2
14051,3000.76
14052,2997.32
14053,2725.23
14054,3000.45
14055,2199.84
14056,2499.04
14057,2199.67
14058,2199.92
14059,2945.63
14060,2700.9
14061,2626.94
14062,2605.76
14063,3601.0
14064,3550.93
14065,3100.86
14066,3189.11
14067,3069.36
14068,3000.28
14069,2881.49
14070,3000.2
14071,2901.7
14072,3001.49
14073,3250.35
14074,3402.35
14075,3099.3
14076,3100.36
14077,3751.47
14078,4770.14
14079,3600.47
14080,3750.99
14081,3630.58
14082,3799.32
14083,4999.18
14084,4350.97
14085,3363.23
14086,3319.88
14087,3149.35
14088,3033.33
14089,2916.76
14090,3813.14
14091,4520.43
14092,4999.97
14093,5210.56
14094,6000.23
14095,8004.0
14096,8008.92
14097,5600.11
14098,5999.49
14099,4500.6
14100,4482.83
14101,7000.8
14102,7020.3
14103,8017.7
14104,7999.88
14105,5999.79
14106,6999.65
14107,7351.71
14108,7999.46
14109,8000.9
14110,8000.38
14111,6999.59
14112,6989.26
14113,12000.0
14114,12000.0
14115,8723.23
14116,8005.21
14117,7000.98
14118,6999.37
14119,6299.72
14120,6299.1
14121,5799.18
14122,5799.83
14123,4499.46
14124,3999.78
14125,4650.98
14126,4102.71
14127,5769.57
14128,5299.96
14129,5299.02
14130,6000.34
14131,5454.57
14132,5823.06
14133,3499.75
14134,3500.06
14135,5876.9
14136,5999.67
14137,4999.23
14138,4530.38
14139,3801.19
14140,3609.69
14141,3149.15
14142,3149.16
14143,3390.2
14144,2600.76
14145,3299.83
14146,3550.85
14147,3550.96
14148,2999.92
14149,2999.89
14150,3191.63
14151,3139.71
14152,3139.51
14153,1999.96
14154,2356.03
14155,2356.82
14156,2740.17
14157,1869.22
14158,1869.85
14159,3000.14
14160,2900.05
14161,3863.38
14162,4102.43
14163,3299.19
14164,3069.6
14165,2880.12
14166,2900.0
14167,3799.56
14168,3799.6
14169,3940.26
14170,4650.41
14171,5769.71
14172,5520.39
14173,5828.57
14174,5499.68
14175,5206.77
14176,4999.12
14177,4499.23
14178,4999.43
14179,5857.67
14180,5796.62
14181,5400.45
14182,5080.42
14183,3700.36
14184,3500.63
14185,3689.79
14186,4755.7
14187,5873.35
14188,6589.3
14189,9000.35
14190,9000.7
14191,9000.37
14192,9000.44
14193,9000.97
14194,10333.65
14195,12000.0
14196,12000.0
14197,12000.0
14198,12000.0
14199,12000.0
14200,12000.0
14201,12000.0
14202,12000.0
14203,12000.0
14204,12000.0
14205,12000.0
14206,12000.0
14207,12000.0
14208,12000.0
14209,12000.0
14210,12000.0
14211,12000.0
14212,12000.0
14213,12000.0
14214,12000.0
14215,9899.41
14216,10333.11
14217,7000.46
14218,7000.41
14219,6989.7
14220,6989.56
14221,6199.16
14222,6086.1
14223,6000.5
14224,6000.81
14225,5769.62
14226,5928.44
14227,6689.79
14228,6589.76
14229,6498.08
14230,6875.82
14231,6589.46
14232,6589.04
14233,5843.56
14234,4500.03
14235,3699.55
14236,3500.4
14237,3609.94
14238,3629.15
14239,2900.4
14240,998.79
14241,1673.73
14242,1999.22
14243,2900.58
14244,2900.6
14245,2569.16
14246,2569.01
14247,2900.44
14248,2900.47
14249,2489.01
14250,2489.97
14251,2819.63
14252,2819.68
14253,2500.06
14254,2396.0
14255,2900.22
14256,3000.65
14257,2600.59
14258,2800.13
14259,3133.55
14260,3156.43
14261,2900.31
14262,3001.0
14263,3490.45
14264,3853.67
14265,3800.24
14266,4998.97
14267,5455.02
14268,5843.41
14269,3720.55
14270,3799.83
14271,4092.68
14272,4092.27
14273,3629.0
14274,3689.74
14275,3523.79
14276,3500.97
14277,3149.9
14278,3309.78
14279,3199.32
14280,2889.73
14281,2900.38
14282,4803.02
14283,4800.07
14284,6099.48
14285,6099.43
14286,6489.11
14287,6489.11
14288,6099.68
14289,6000.84
14290,6020.15
14291,5998.31
14292,5514.0
14293,5299.63
14294,5560.42
14295,6503.81
14296,6799.03
14297,6893.17
14298,6709.6
14299,7999.83
14300,8002.55
14301,11000.56
14302,11000.18
14303,12000.0
14304,12000.0
14305,12000.0
14306,12000.0
14307,11989.11
14308,10333.93
14309,8779.48
14310,8723.25
14311,7000.56
14312,6489.56
14313,7000.07
14314,7000.21
14315,7000.91
14316,7000.28
14317,6647.82
14318,6989.5
14319,6489.04
14320,6489.56
14321,6000.96
14322,6000.27
14323,6489.36
14324,6489.1
14325,7200.01
14326,7302.61
14327,7500.96
14328,7500.91
14329,6589.15
14330,6489.64
14331,6989.25
14332,5751.66
14333,5500.77
14334,4999.48
14335,4288.98
14336,3581.43
14337,2800.12
14338,2500.26
14339,2289.63
14340,2356.41
14341,1999.24
14342,1999.52
14343,2800.7
14344,2800.76
14345,2890.0
14346,3500.77
14347,4009.54
14348,5000.28
14349,3999.09
14350,3979.34
14351,3629.86
14352,4265.52
14353,5499.14
14354,5999.36
14355,5998.32
14356,4989.61
14357,4000.63
14358,5270.73
14359,5998.35
14360,5703.65
14361,6020.45
14362,6129.87
14363,6689.65
14364,6632.5
14365,6000.58
14366,6199.83
14367,6000.72
14368,6000.57
14369,6916.31
14370,7520.79
14371,5398.62
14372,6489.21
14373,5398.81
14374,6589.32
14375,5398.41
14376,4999.4
14377,3498.66
14378,3999.56
14379,6099.04
14380,7685.82
14381,10700.81
14382,12000.0
14383,12000.0
14384,12000.0
14385,12000.0
14386,12000.0
14387,12000.0
14388,12000.0
14389,12000.0
14390,12000.0
14391,12000.0
14392,12000.0
14393,12000.0
14394,12000.0
14395,12000.0
14396,12000.0
14397,9500.91
14398,9500.95
14399,8399.76
14400,8326.81
14401,9500.94
14402,9500.4
14403,8079.8
14404,8000.63
14405,5000.94
14406,5000.32
14407,6684.23
14408,6489.54
14409,6489.43
14410,6589.86
14411,3500.57
14412,3500.62
14413,4994.75
14414,5000.97
14415,6489.0
14416,6000.74
14417,4980.52
14418,4449.67
14419,3650.39
14420,4289.71
14421,5486.79
14422,6099.88
14423,6000.31
14424,5400.29
14425,4900.87
14426,4531.0
14427,5939.8
14428,5719.82
14429,3000.26
14430,3000.31
14431,3800.32
14432,3390.37
14433,3444.71
14434,3500.48
14435,2446.6
14436,2355.2
14437,3390.09
14438,3500.61
14439,3500.31
14440,3500.93
14441,3800.88
14442,5199.63
14443,3500.86
14444,3500.83
14445,4179.2
14446,4179.52
14447,5000.32
14448,5200.03
14449,6000.65
14450,6000.94
14451,5199.64
14452,5999.48
14453,5199.32
14454,6000.45
14455,6589.16
14456,7000.81
14457,8000.02
14458,8000.61
14459,8532.13
14460,8723.12
14461,8975.8
14462,10333.22
14463,10333.86
14464,10000.96
14465,10000.74
14466,10000.56
14467,8779.84
14468,8717.27
14469,7000.76
14470,6784.83
14471,5000.45
14472,5000.57
14473,4100.88
14474,5002.64
14475,5499.12
14476,6489.85
14477,8000.94
14478,8779.85
14479,8731.97
14480,9000.47
14481,9000.49
14482,9000.2
14483,9000.65
14484,9000.89
14485,10000.16
14486,10333.45
14487,12000.0
14488,12000.0
14489,12000.0
14490,12000.0
14491,12000.0
14492,12000.0
14493,12000.0
14494,12000.0
14495,12000.0
14496,12000.0
481,12000.0
482,12000.0
483,12000.0
484,12000.0
485,12000.0
486,12000.0
487,12000.0
488,12000.0
489,11060.0
490,11999.83
491,12000.0
492,10000.79
493,7534.97
494,7228.63
495,7745.0
496,6689.15
497,6689.47
498,6989.93
499,7000.23
500,8000.28
501,5199.25
502,6000.21
503,6099.61
504,5199.22
505,5000.11
506,5000.5
507,3999.91
508,3600.13
509,4450.17
510,3390.51
511,3200.99
512,2670.41
513,2998.43
514,3390.73
515,3041.47
516,3045.18
517,3189.05
518,3390.45
519,3534.93
520,3730.22
521,3000.12
522,3139.68
523,5000.07
524,5000.19
525,3299.77
526,3350.47
527,3650.19
528,3699.42
529,3650.59
530,3699.41
531,3299.92
532,3300.09
533,3390.46
534,3299.42
535,5000.43
536,5000.9
537,5125.71
538,6408.23
539,6466.98
540,6489.67
541,6055.32
542,7770.39
543,6478.77
544,7269.95
545,5979.83
546,6389.08
547,7000.27
548,5500.55
549,5500.3
550,5500.05
551,3879.18
552,3700.42
553,1510.65
554,3402.98
555,4530.6
556,6161.16
557,8502.85
558,9000.88
559,10333.59
560,12000.0
561,12000.0
562,12000.0
563,12000.0
564,12000.0
565,12000.0
566,12000.0
567,12000.0
568,12000.0
569,12000.0
570,12000.0
571,12000.0
572,12000.0
573,12000.0
574,12000.0
575,12000.0
576,12000.0
3457,12000.0
3458,12000.0
3459,12000.0
3460,12000.0
3461,12000.0
3462,12000.0
3463,12000.0
3464,12000.0
3465,12000.0
3466,12000.0
3467,12000.0
3468,12000.0
3469,6699.5
3470,6899.56
3471,6489.83
3472,6051.24
3473,5508.54
3474,6597.14
3475,6576.88
3476,6489.34
3477,5000.03
3478,5000.78
3479,5096.51
3480,4999.96
3481,6000.15
3482,6000.1
3483,6489.59
3484,5725.85
3485,6389.58
3486,5999.8
3487,3330.34
3488,3259.77
3489,3300.62
3490,3300.26
3491,2939.69
3492,2939.2
3493,3092.0
3494,3629.34
3495,4030.53
3496,3999.69
3497,3350.32
3498,4288.02
3499,4335.37
3500,4500.79
3501,6249.12
3502,6489.96
3503,7000.99
3504,7000.78
3505,6589.21
3506,7000.66
3507,6099.81
3508,5000.99
3509,4100.07
3510,5199.2
3511,6500.36
3512,6523.05
3513,7550.24
3514,7821.47
3515,8680.77
3516,8723.55
3517,10333.13
3518,11500.18
3519,12000.0
3520,12000.0
3521,12000.0
3522,12000.0
3523,11800.72
3524,10333.64
3525,8723.8
3526,8313.21
3527,6699.66
3528,6689.05
3529,5399.02
3530,7099.15
3531,7500.17
3532,8723.13
3533,12000.0
3534,12000.0
3535,12000.0
3536,12000.0
3537,12000.0
3538,12000.0
3539,12000.0
3540,12000.0
3541,12000.0
3542,12000.0
3543,12000.0
3544,12000.0
3545,12000.0
3546,12000.0
3547,12000.0
3548,12000.0
3549,12000.0
3550,12000.0
3551,12000.0
3552,12000.0
6145,12000.0
6146,12000.0
6147,12000.0
6148,12000.0
6149,12000.0
6150,12000.0
6151,9158.27
6152,8779.5
6153,7999.94
6154,8000.7
6155,7468.51
6156,6999.81
6157,6999.09
6158,6765.88
6159,6689.24
6160,6489.68
6161,6699.22
6162,7232.94
6163,6489.42
6164,4502.77
6165,5000.44
6166,5079.56
6167,7477.01
6168,7400.1
6169,6489.93
6170,7607.88
6171,8621.49
6172,8000.87
6173,6469.83
6174,5079.29
6175,3390.86
6176,3309.64
6177,2740.01
6178,979.98
6179,4003.2
6180,4520.01
6181,5520.73
6182,4999.31
6183,3170.03
6184,2800.76
6185,3390.76
6186,6149.31
6187,6499.02
6188,6589.85
6189,5499.65
6190,5499.84
6191,5999.43
6192,5999.63
6193,3679.58
6194,3679.58
6195,3591.31
6196,3591.3
6197,5999.18
6198,5494.0
6199,4102.5
6200,4124.0
6201,6300.89
6202,6589.03
6203,5900.16
6204,6589.65
6205,7999.27
6206,8000.23
6207,8000.87
6208,8000.78
6209,8469.63
6210,8499.41
6211,8723.19
6212,8708.19
6213,8468.4
6214,8438.13
6215,8358.07
6216,7299.45
6217,5499.59
6218,6999.92
6219,8723.04
6220,9000.88
6221,12000.0
6222,12000.0
6223,12000.0
6224,12000.0
6225,12000.0
6226,12000.0
6227,12000.0
6228,12000.0
6229,12000.0
6230,12000.0
6231,12000.0
6232,12000.0
6233,12000.0
6234,12000.0
6235,12000.0
6236,12000.0
6237,12000.0
6238,12000.0
6239,12000.0
6240,12000.0
9121,12000.0
9122,12000.0
9123,12000.0
9124,12000.0
9125,12000.0
9126,12000.0
9127,0.0
9128,0.0
9129,12000.0
9130,12000.0
9131,12000.0
9132,12000.0
9133,10333.9
9134,10205.77
9135,9153.96
9136,9000.66
9137,9000.7
9138,10333.08
9139,10469.95
9140,10333.44
9141,9486.73
9142,10000.19
9143,9414.45
9144,10000.16
9145,7257.51
9146,8723.55
9147,9000.13
9148,8723.03
9149,7499.24
9150,6989.62
9151,6583.54
9152,3959.62
9153,3499.24
9154,3347.73
9155,2740.71
9156,1999.33
9157,2088.0
9158,3219.5
9159,3400.57
9160,3500.47
9161,3500.15
9162,3629.2
9163,4079.69
9164,4079.72
9165,5000.68
9166,5161.86
9167,3900.1
9168,3696.97
9169,3591.85
9170,4372.96
9171,4999.05
9172,4500.91
9173,3591.49
9174,3591.66
9175,5000.09
9176,6149.16
9177,5500.9
9178,6537.73
9179,7104.13
9180,7999.86
9181,8000.91
9182,8000.5
9183,9706.33
9184,10035.81
9185,12000.0
9186,12000.0
9187,12000.0
9188,12000.0
9189,11996.6
9190,12000.0
9191,8723.97
9192,8723.46
9193,7999.16
9194,9989.27
9195,11989.41
9196,12000.0
9197,12000.0
9198,12000.0
9199,12000.0
9200,12000.0
9201,12000.0
9202,12000.0
9203,12000.0
9204,12000.0
9205,12000.0
9206,12000.0
9207,12000.0
9208,12000.0
9209,12000.0
9210,12000.0
9211,12000.0
9212,12000.0
9213,12000.0
9214,12000.0
9215,12000.0
9216,12000.0
12001,12000.0
12002,12000.0
12003,12000.0
12004,12000.0
12005,12000.0
12006,12000.0
12007,12000.0
12008,12000.0
12009,12000.0
12010,12000.0
12011,12000.0
12012,12000.0
12013,12000.0
12014,12000.0
12015,12000.0
12016,11168.3
12017,11997.01
12018,12000.0
12019,12000.0
12020,12000.0
12021,10494.42
12022,12000.0
12023,12000.0
12024,12000.0
12025,10000.31
12026,8779.24
12027,6999.09
12028,6589.92
12029,5662.53
12030,4651.78
12031,6002.05
12032,3499.81
12033,2001.98
12034,1999.82
12035,1999.69
12036,1999.81
12037,2950.24
12038,2950.41
12039,4651.58
12040,3999.31
12041,2000.36
12042,2780.05
12043,2900.87
12044,3400.22
12045,2950.3
12046,2999.19
12047,3500.16
12048,3000.89
12049,3020.98
12050,3219.54
12051,3700.25
12052,3700.74
12053,5000.06
12054,5000.45
12055,3950.98
12056,3889.89
12057,5000.17
12058,5000.38
12059,5999.53
12060,6149.7
12061,5685.31
12062,5999.71
12063,7099.62
12064,7099.39
12065,7812.99
12066,8000.53
12067,7000.74
12068,6999.45
12069,7099.94
12070,7099.99
12071,6775.78
12072,6599.48
12073,5830.0
12074,6589.28
12075,6689.84
12076,7999.15
12077,8000.77
12078,8010.53
12079,9010.96
12080,9999.68
12081,10333.45
12082,10405.88
12083,9999.86
12084,9999.09
12085,10227.42
12086,10389.67
12087,9999.81
12088,9999.43
12089,11252.53
12090,11520.49
12091,12000.0
12092,12000.0
12093,12000.0
12094,12000.0
12095,12000.0
12096,12000.0
14977,12000.0
14978,12000.0
14979,12000.0
14980,12000.0
14981,9998.98
14982,10469.46
14983,12000.0
14984,11977.23
14985,12000.0
14986,12000.0
14987,12000.0
14988,12000.0
14989,12000.0
14990,10333.89
14991,7099.29
14992,6500.54
14993,6500.17
14994,6500.67
14995,6445.86
14996,4350.39
14997,3696.42
14998,3890.52
14999,5000.23
15000,4000.07
15001,4801.01
15002,5520.42
15003,6489.16
15004,6489.68
15005,3500.73
15006,2999.79
15007,3099.46
15008,3099.36
15009,2800.33
15010,1510.47
15011,2700.83
15012,2700.94
15013,3000.12
15014,3000.59
15015,3500.68
15016,3500.17
15017,2900.15
15018,2630.98
15019,2945.97
15020,3081.98
15021,3501.0
15022,3600.49
15023,3250.63
15024,3250.46
15025,3250.66
15026,3589.06
15027,4000.49
15028,3999.92
15029,3500.15
15030,3500.06
15031,3500.91
15032,4150.96
15033,5002.47
15034,6000.31
15035,6000.41
15036,6499.51
15037,6000.81
15038,7000.69
15039,7000.55
15040,7000.51
15041,8000.5
15042,8000.62
15043,8465.13
15044,8403.45
15045,9000.39
15046,9000.07
15047,7999.36
15048,7000.26
15049,5000.97
15050,5492.48
15051,7999.59
15052,8779.09
15053,12000.0
15054,12000.0
15055,12000.0
15056,12000.0
15057,12000.0
15058,12000.0
15059,12000.0
15060,12000.0
15061,12000.0
15062,12000.0
15063,12000.0
15064,12000.0
15065,12000.0
15066,12000.0
15067,12000.0
15068,12000.0
15069,12000.0
15070,12000.0
15071,12000.0
15072,12000.0
17857,12000.0
17858,12000.0
17859,12000.0
17860,12000.0
17861,12000.0
17862,12000.0
17863,8000.0
17864,7999.33
17865,8465.38
17866,7999.5
17867,8465.5
17868,7589.05
17869,6589.05
17870,6489.99
17871,5687.24
17872,5100.83
17873,5393.44
17874,6002.51
17875,6500.49
17876,4502.96
17877,4979.12
17878,6489.16
17879,6689.3
17880,6599.58
17881,6489.9
17882,6799.52
17883,6599.75
17884,6000.34
17885,6000.5
17886,5199.39
17887,2949.8
17888,3154.86
17889,3001.86
17890,3001.95
17891,3500.35
17892,3500.74
17893,3400.6
17894,3347.98
17895,1670.36
17896,1670.66
17897,2500.95
17898,3081.3
17899,2939.58
17900,3045.38
17901,3194.04
17902,3194.62
17903,3001.08
17904,3001.46
17905,4000.48
17906,4500.24
17907,4000.89
17908,4100.37
17909,3001.84
17910,3154.61
17911,3450.57
17912,4500.43
17913,3696.95
17914,6000.07
17915,4000.61
17916,4102.19
17917,6000.82
17918,6000.99
17919,6000.45
17920,6000.3
17921,6589.66
17922,6589.49
17923,6508.57
17924,5836.71
17925,5688.04
17926,5000.97
17927,5000.95
17928,4571.82
17929,3995.09
17930,3889.99
17931,4299.6
17932,6489.0
17933,5632.0
17934,7099.96
17935,8000.99
17936,8779.66
17937,10333.06
17938,10333.09
17939,10333.2
17940,10469.3
17941,11999.93
17942,12000.0
17943,12000.0
17944,12000.0
17945,12000.0
17946,12000.0
17947,12000.0
17948,12000.0
17949,12000.0
17950,12000.0
17951,12000.0
17952,12000.0
20833,12000.0
20834,12000.0
20835,12000.0
20836,12000.0
20837,10333.48
20838,9999.59
20839,8998.31
20840,8465.86
20841,7999.72
20842,8000.29
20843,7999.61
20844,7400.86
20845,6699.82
20846,6689.12
20847,6589.49
20848,6489.75
20849,7400.08
20850,7976.89
20851,7998.81
20852,7300.2
20853,6589.71
20854,6689.57
20855,7000.03
20856,7000.19
20857,7000.23
20858,7998.18
20859,7300.43
20860,6748.67
20861,6489.81
20862,4400.18
20863,5199.91
20864,2751.72
20865,3070.0
20866,3629.12
20867,2599.7
20868,999.87
20869,2099.99
20870,3000.71
20871,3629.9
20872,3999.53
20873,2895.39
20874,2900.36
20875,2836.04
20876,2751.96
20877,2289.37
20878,2500.75
20879,4000.11
20880,4000.42
20881,2999.14
20882,2993.75
20883,2700.65
20884,2900.67
20885,3200.9
20886,3400.53
20887,4000.07
20888,5000.45
20889,5000.43
20890,4500.29
20891,6000.69
20892,6000.73
20893,6005.28
20894,6799.96
20895,7400.42
20896,6005.97
20897,5000.74
20898,5000.67
20899,6599.79
20900,5500.73
20901,3997.3
20902,4500.82
20903,3500.51
20904,3500.05
20905,3255.58
20906,3500.21
20907,4571.66
20908,5002.2
20909,8612.8
20910,11998.61
20911,12000.0
20912,12000.0
20913,12000.0
20914,12000.0
20915,12000.0
20916,12000.0
20917,12000.0
20918,12000.0
20919,12000.0
20920,12000.0
20921,12000.0
20922,12000.0
20923,12000.0
20924,12000.0
20925,12000.0
20926,12000.0
20927,12000.0
20928,12000.0
23809,12000.0
23810,12000.0
23811,12000.0
23812,12000.0
23813,9000.46
23814,9000.27
23815,7000.16
23816,5000.79
23817,8000.98
23818,8448.49
23819,7000.88
23820,7000.76
23821,6500.56
23822,6500.93
23823,5000.97
23824,5000.86
23825,3801.49
23826,3899.87
23827,5199.26
23828,3899.8
23829,3020.29
23830,3900.8
23831,3700.58
23832,3600.27
23833,3690.82
23834,5000.7
23835,6499.35
23836,6489.36
23837,6422.85
23838,3589.73
23839,2700.78
23840,818.07
23841,2700.26
23842,2352.9
23843,2000.89
23844,2033.14
23845,2500.7
23846,3102.04
23847,5000.84
23848,5000.68
23849,1999.39
23850,1000.59
23851,2650.62
23852,3180.0
23853,2500.33
23854,2650.84
23855,3350.7
23856,4750.28
23857,3999.96
23858,5520.2
23859,4000.63
23860,3750.96
23861,3149.19
23862,3219.4
23863,5250.97
23864,6000.22
23865,5250.35
23866,6000.95
23867,6000.71
23868,6200.43
23869,7100.73
23870,7998.18
23871,8000.13
23872,7400.29
23873,5499.97
23874,6000.77
23875,4499.85
23876,4499.66
23877,3000.25
23878,3150.24
23879,3100.19
23880,3000.61
23881,2979.18
23882,3000.77
23883,4000.71
23884,4571.15
23885,5930.25
23886,8000.43
23887,8015.39
23888,8779.0
23889,7400.02
23890,7400.47
23891,8000.12
23892,8004.45
23893,9413.11
23894,9520.74
23895,11362.0
23896,10500.68
23897,11999.94
23898,12000.0
23899,12000.0
23900,12000.0
23901,12000.0
23902,12000.0
23903,12000.0
23904,12000.0
26689,12000.0
26690,12000.0
26691,12000.0
26692,12000.0
26693,12000.0
26694,12000.0
26695,12000.0
26696,12000.0
26697,12000.0
26698,12000.0
26699,12000.0
26700,12000.0
26701,10333.69
26702,10333.61
26703,8998.3
26704,8998.53
26705,8998.93
26706,9448.46
26707,9448.29
26708,9203.93
26709,7998.81
26710,8000.76
26711,9392.07
26712,8998.16
26713,9448.22
26714,10000.26
26715,11629.75
26716,9726.52
26717,8448.88
26718,8342.02
26719,4999.95
26720,3920.02
26721,5292.72
26722,3999.83
26723,3000.37
26724,2667.19
26725,2700.5
26726,5096.45
26727,4839.07
26728,3400.66
26729,3000.89
26730,4299.16
26731,5776.24
26732,6000.3
26733,5290.0
26734,5592.19
26735,6050.85
26736,6050.9
26737,4948.81
26738,6489.17
26739,6000.75
26740,6499.62
26741,3500.85
26742,4560.0
26743,5620.48
26744,6489.84
26745,6499.17
26746,7777.24
26747,7000.75
26748,7777.77
26749,7998.06
26750,7777.07
26751,8448.51
26752,8448.92
26753,7998.85
26754,7999.13
26755,7777.93
26756,7500.7
26757,6799.02
26758,7000.47
26759,4999.94
26760,4999.45
26761,3689.8
26762,3999.26
26763,4900.21
26764,7099.56
26765,8998.53
26766,12000.0
26767,12000.0
26768,12000.0
26769,12000.0
26770,12000.0
26771,12000.0
26772,12000.0
26773,12000.0
26774,12000.0
26775,12000.0
26776,12000.0
26777,12000.0
26778,12000.0
26779,12000.0
26780,12000.0
26781,12000.0
26782,12000.0
26783,12000.0
26784,12000.0
29665,12000.0
29666,12000.0
29667,12000.0
29668,12000.0
29669,12000.0
29670,12000.0
29671,9505.42
29672,9000.22
29673,7999.93
29674,7999.97
29675,9000.09
29676,8000.1
29677,9000.83
29678,9000.19
29679,9000.78
29680,8542.93
29681,10379.89
29682,10500.8
29683,12000.0
29684,10333.1
29685,9000.08
29686,9914.02
29687,9000.18
29688,8999.4
29689,10250.12
29690,10500.08
29691,11999.16
29692,9000.91
29693,7488.97
29694,6999.73
29695,6699.84
29696,5999.56
29697,4999.62
29698,4540.48
29699,3500.07
29700,2800.22
29701,3393.23
29702,3393.61
29703,2298.97
29704,2298.85
29705,2802.43
29706,2900.45
29707,3000.69
29708,3299.05
29709,3299.41
29710,3999.46
29711,5000.09
29712,4300.12
29713,6000.69
29714,6489.82
29715,6699.1
29716,6599.13
29717,5000.72
29718,5000.74
29719,5088.53
29720,4835.25
29721,6000.9
29722,6599.03
29723,7920.05
29724,7569.19
29725,8000.96
29726,8000.62
29727,8000.01
29728,7962.33
29729,7569.18
29730,7569.34
29731,6699.97
29732,6799.22
29733,4300.4
29734,5000.23
29735,6499.02
29736,6499.34
29737,3920.3
29738,4030.3
29739,3500.13
29740,3889.79
29741,4232.0
29742,5999.81
29743,7400.35
29744,7989.76
29745,8703.14
29746,8453.15
29747,7946.58
29748,8000.04
29749,10000.01
29750,10000.6
29751,8500.51
29752,8694.4
29753,8500.23
29754,10020.25
29755,10020.7
29756,10020.63
29757,7992.53
29758,7989.46
29759,7989.78
29760,7989.47
32545,6997.61
32546,6997.88
32547,7569.53
32548,6500.81
32549,7569.84
32550,6949.99
32551,8008.76
32552,8010.24
32553,9000.86
32554,10010.68
32555,9000.73
32556,8000.45
32557,9000.24
32558,9000.37
32559,8479.92
32560,8000.84
32561,8000.84
32562,9000.46
32563,11999.55
32564,9000.12
32565,7569.64
32566,8448.28
32567,8111.7
32568,8448.84
32569,6799.82
32570,7569.09
32571,6499.99
32572,6689.69
32573,3599.84
32574,3549.68
32575,3500.9
32576,3349.39
32577,2751.22
32578,2751.14
32579,3500.82
32580,3500.55
32581,2916.46
32582,2916.65
32583,3000.65
32584,2559.5
32585,2379.39
32586,2379.42
32587,2900.02
32588,3000.47
32589,2369.97
32590,1999.91
32591,3979.73
32592,4020.31
32593,3979.43
32594,5000.06
32595,2999.94
32596,2999.83
32597,2970.07
32598,3000.91
32599,2790.45
32600,2889.34
32601,2850.63
32602,3629.6
32603,4020.28
32604,5000.12
32605,5000.72
32606,5000.87
32607,5000.35
32608,5000.37
32609,3629.79
32610,3200.98
32611,3299.35
32612,3299.73
32613,4009.69
32614,3629.22
32615,2831.28
32616,1999.99
32617,1999.4
32618,1999.79
32619,3000.14
32620,4999.48
32621,5350.46
32622,6420.7
32623,5999.4
32624,5999.88
32625,6501.75
32626,6500.24
32627,6727.17
32628,6500.04
32629,8050.01
32630,8000.66
32631,7400.55
32632,7400.92
32633,9489.52
32634,12000.0
32635,12000.0
32636,12000.0
32637,12000.0
32638,12000.0
32639,12000.0
32640,12000.0
15649,12000.0
15650,12000.0
15651,11090.89
15652,10004.48
15653,10004.71
15654,10464.64
15655,8000.4
15656,8000.26
15657,10002.18
15658,10001.27
15659,9457.98
15660,8469.15
15661,10333.34
15662,9051.68
15663,8500.25
15664,7499.85
15665,8341.37
15666,10050.2
15667,6999.35
15668,5499.72
15669,5000.18
15670,6828.0
15671,10064.26
15672,10151.71
15673,7400.5
15674,8500.74
15675,9025.87
15676,7999.95
15677,7499.3
15678,6499.09
15679,6699.28
15680,5864.19
15681,6500.42
15682,5999.28
15683,6599.4
15684,6589.07
15685,7359.44
15686,6799.69
15687,7569.76
15688,8000.01
15689,6489.7
15690,6699.62
15691,7499.56
15692,7518.11
15693,7000.06
15694,7499.45
15695,8000.05
15696,8000.5
15697,9000.22
15698,9000.27
15699,9500.39
15700,9500.22
15701,10000.26
15702,10000.78
15703,10000.37
15704,10333.01
15705,10333.72
15706,12000.0
15707,12000.0
15708,12000.0
15709,12000.0
15710,12000.0
15711,12000.0
15712,12000.0
15713,12000.0
15714,12000.0
15715,12000.0
15716,10333.62
15717,8769.48
15718,8430.75
15719,8000.74
15720,8310.22
15721,7569.24
15722,8310.94
15723,11049.59
15724,12000.0
15725,12000.0
15726,12000.0
15727,12000.0
15728,12000.0
15729,12000.0
15730,12000.0
15731,12000.0
15732,12000.0
15733,12000.0
15734,12000.0
15735,12000.0
15736,12000.0
15737,12000.0
15738,12000.0
15739,12000.0
15740,12000.0
15741,12000.0
15742,12000.0
15743,12000.0
15744,12000.0
15745,12000.0
15746,12000.0
15747,12000.0
15748,12000.0
15749,12000.0
15750,12000.0
15751,12000.0
15752,12000.0
15753,12000.0
15754,12000.0
15755,12000.0
15756,12000.0
15757,12000.0
15758,12000.0
15759,12000.0
15760,12000.0
15761,12000.0
15762,12000.0
15763,12000.0
15764,12000.0
15765,11988.94
15766,12000.0
15767,9992.6
15768,9947.61
15769,11020.94
15770,11385.68
15771,12000.0
15772,11499.88
15773,10333.58
15774,10333.22
15775,8310.24
15776,7999.24
15777,7999.35
15778,8500.86
15779,7499.32
15780,6755.53
15781,5969.75
15782,6169.07
15783,6069.74
15784,6000.66
15785,6000.58
15786,6955.87
15787,7000.09
15788,7000.16
15789,7355.54
15790,8000.15
15791,7469.09
15792,7469.5
15793,7569.87
15794,8343.13
15795,9000.69
15796,9000.78
15797,7569.24
15798,8298.51
15799,9530.34
15800,9000.59
15801,10333.53
15802,10520.26
15803,10520.65
15804,10520.73
15805,12000.0
15806,12000.0
15807,12000.0
15808,12000.0
15809,12000.0
15810,12000.0
15811,12000.0
15812,12000.0
15813,12000.0
15814,12000.0
15815,9099.1
15816,9000.35
15817,7569.64
15818,8000.75
15819,8298.55
15820,9000.04
15821,10448.32
15822,12000.0
15823,12000.0
15824,12000.0
15825,12000.0
15826,12000.0
15827,12000.0
15828,12000.0
15829,12000.0
15830,12000.0
15831,12000.0
15832,12000.0
15833,12000.0
15834,12000.0
15835,12000.0
15836,12000.0
15837,12000.0
15838,12000.0
15839,12000.0
15840,12000.0
15841,12000.0
15842,12000.0
15843,12000.0
15844,12000.0
15845,12000.0
15846,12000.0
15847,12000.0
15848,12000.0
15849,12000.0
15850,12000.0
15851,12000.0
15852,12000.0
15853,12000.0
15854,12000.0
15855,12000.0
15856,12000.0
15857,12000.0
15858,12000.0
15859,11499.44
15860,6500.51
15861,3759.91
15862,4479.63
15863,8000.0
15864,7400.91
15865,8000.21
15866,8795.0
15867,9000.13
15868,8999.87
15869,8000.17
15870,7000.4
15871,3989.89
15872,3690.13
15873,4000.55
15874,3651.0
15875,3650.69
15876,3650.28
15877,3000.69
15878,2968.56
15879,4200.53
15880,4200.54
15881,2500.34
15882,2499.26
15883,2199.77
15884,2192.0
15885,3600.87
15886,4000.15
15887,3823.0
15888,4000.07
15889,3500.71
15890,3660.4
15891,4500.03
15892,4500.45
15893,3402.49
15894,3796.0
15895,3001.38
15896,3249.64
15897,2959.81
15898,3255.86
15899,5500.82
15900,6000.19
15901,5000.74
15902,5500.71
15903,6500.29
15904,6500.33
15905,4500.25
15906,4500.6
15907,3999.74
15908,3999.75
15909,3999.04
15910,3900.83
15911,3000.88
15912,3208.45
15913,3500.4
15914,4580.4
15915,5000.64
15916,6020.55
15917,10002.67
15918,12000.0
15919,12000.0
15920,12000.0
15921,12000.0
15922,12000.0
15923,12000.0
15924,12000.0
15925,12000.0
15926,12000.0
15927,9000.83
15928,9000.57
15929,11999.58
15930,12000.0
15931,12000.0
15932,12000.0
15933,12000.0
15934,12000.0
15935,12000.0
15936,12000.0
15937,12000.0
15938,12000.0
15939,8000.47
15940,8000.27
15941,7569.08
15942,7569.42
15943,5399.78
15944,5399.69
15945,7400.95
15946,8000.99
15947,4500.58
15948,4461.0
15949,2710.59
15950,3000.32
15951,2701.03
15952,2835.46
15953,3020.86
15954,4133.48
15955,3001.12
15956,4000.4
15957,3001.78
15958,5399.23
15959,5399.64
15960,5499.11
15961,4750.18
15962,5399.2
15963,5399.42
15964,4580.39
15965,3768.0
15966,3594.0
15967,2969.57
15968,2802.71
15969,4000.15
15970,4000.26
15971,4214.24
15972,4214.34
15973,3244.0
15974,3200.19
15975,2409.38
15976,2499.06
15977,3010.77
15978,3200.74
15979,3500.32
15980,4010.58
15981,3001.88
15982,3500.55
15983,2118.23
15984,2173.97
15985,3502.87
15986,3650.32
15987,3650.69
15988,3550.34
15989,3244.55
15990,3229.52
15991,3550.33
15992,3550.13
15993,3500.31
15994,4500.14
15995,2999.18
15996,3200.96
15997,4500.46
15998,4500.38
15999,5000.14
16000,5000.16
16001,4376.86
16002,4376.13
16003,4000.11
16004,4490.46
16005,3300.6
16006,3499.54
16007,3500.63
16008,3499.67
16009,3999.89
16010,4500.0
16011,4500.49
16012,5100.03
16013,8008.15
16014,12000.0
16015,12000.0
16016,12000.0
16017,12000.0
16018,12000.0
16019,12000.0
16020,12000.0
16021,12000.0
16022,12000.0
16023,12000.0
16024,12000.0
16025,12000.0
16026,12000.0
16027,12000.0
16028,12000.0
16029,12000.0
16030,12000.0
16031,12000.0
16032,12000.0
16033,12000.0
16034,12000.0
16035,12000.0
16036,12000.0
16037,12000.0
16038,12000.0
16039,12000.0
16040,12000.0
16041,6069.94
16042,6500.19
16043,6169.44
16044,6500.32
16045,5499.38
16046,5499.23
16047,4899.1
16048,4899.08
16049,4150.47
16050,4489.79
16051,4499.34
16052,4499.34
16053,4499.12
16054,4499.3
16055,4499.32
16056,4499.39
16057,4499.37
16058,4499.46
16059,4499.38
16060,4499.38
16061,4499.27
16062,4499.02
16063,3749.19
16064,3229.28
16065,2899.7
16066,2749.83
16067,2722.95
16068,2719.42
16069,2499.43
16070,2499.09
16071,2600.79
16072,2600.09
16073,2199.35
16074,2722.32
16075,2750.2
16076,2750.62
16077,3000.44
16078,3251.3
16079,3200.72
16080,3500.39
16081,3800.4
16082,3999.14
16083,2999.19
16084,2950.71
16085,2835.15
16086,3000.26
16087,2475.37
16088,2719.11
16089,3450.42
16090,3702.75
16091,3090.72
16092,3800.36
16093,2719.18
16094,2722.05
16095,3250.11
16096,3450.79
16097,3980.33
16098,4190.65
16099,3200.03
16100,2941.0
16101,2750.5
16102,3305.11
16103,2899.12
16104,2500.72
16105,4250.71
16106,4580.15
16107,5002.28
16108,4500.89
16109,4030.57
16110,4081.64
16111,4013.47
16112,4400.07
16113,7099.39
16114,7099.23
16115,4500.59
16116,4500.67
16117,5800.78
16118,5800.79
16119,7400.0
16120,8500.11
16121,7400.02
16122,7400.65
16123,7400.75
16124,7400.87
16125,6500.34
16126,5500.46
16127,5500.75
16128,5500.27
16129,5500.21
16130,5200.14
16131,5500.74
16132,5200.89
16133,5800.54
16134,5500.82
16135,5800.37
16136,5800.44
16137,4499.89
16138,4499.66
16139,4499.86
16140,4499.46
16141,5800.94
16142,5500.42
16143,5800.19
16144,4650.99
16145,5800.52
16146,4502.14
16147,5969.69
16148,6000.79
16149,4499.67
16150,4909.22
16151,4499.89
16152,4593.33
16153,4499.4
16154,4499.69
16155,3733.2
16156,3399.34
16157,3399.02
16158,3170.35
16159,2849.59
16160,2449.15
16161,4236.31
16162,4236.49
16163,2899.69
16164,2849.64
16165,2064.0
16166,2499.53
16167,2469.55
16168,2728.67
16169,3200.29
16170,3584.34
16171,2970.86
16172,2730.98
16173,4000.76
16174,4500.43
16175,3500.45
16176,3500.83
16177,2413.85
16178,2799.47
16179,3900.13
16180,3900.28
16181,2500.81
16182,2906.1
16183,4300.67
16184,4250.51
16185,4294.24
16186,4250.62
16187,3500.44
16188,3925.98
16189,4200.32
16190,3999.57
16191,3000.71
16192,3030.12
16193,2906.86
16194,2870.7
16195,3000.17
16196,3310.85
16197,2906.47
16198,3535.69
16199,3500.92
16200,4250.38
16201,2198.67
16202,2048.13
16203,4200.04
16204,4250.88
16205,4152.0
16206,4580.56
16207,5100.21
16208,5100.32
16209,4500.62
16210,4300.65
16211,4570.98
16212,4600.83
16213,4751.0
16214,4584.62
16215,4250.43
16216,4250.93
16217,4250.32
16218,4250.66
16219,4250.66
16220,4717.16
16221,6500.51
16222,7003.77
16223,6000.59
16224,4010.93
16225,5916.63
16226,6000.79
16227,4000.65
16228,3999.94
16229,3219.86
16230,3219.5
16231,3244.99
16232,3300.51
16233,3280.0
16234,4150.08
16235,4584.98
16236,4350.52
16237,3660.88
16238,3239.41
16239,2969.66
16240,2969.17
16241,4584.96
16242,4820.18
16243,4930.51
16244,4999.45
16245,3001.81
16246,2900.52
16247,2899.96
16248,2900.2
16249,2469.24
16250,2537.32
16251,3048.57
16252,2900.99
16253,3523.45
16254,3770.61
16255,3500.89
16256,2499.22
16257,2149.9
16258,2199.83
16259,3340.16
16260,2900.75
16261,1849.56
16262,1849.19
16263,1986.06
16264,1998.15
16265,1829.0
16266,1839.73
16267,2200.5
16268,2969.72
16269,2083.5
16270,2670.86
16271,3020.55
16272,3369.18
16273,2300.84
16274,2141.5
16275,1991.11
16276,2395.71
16277,1754.29
16278,1699.74
16279,1535.19
16280,1535.62
16281,1599.06
16282,1990.75
16283,2031.48
16284,2630.54
16285,2284.64
16286,1999.81
16287,2770.09
16288,3499.09
16289,3030.1
16290,3000.33
16291,1489.59
16292,1489.16
16293,999.53
16294,999.47
16295,499.99
16296,1499.45
16297,2829.82
16298,3079.06
16299,2999.95
16300,2999.73
16301,3352.05
16302,3352.13
16303,3700.95
16304,3700.72
16305,3349.76
16306,3349.59
16307,3700.6
16308,3999.28
16309,3750.07
16310,3800.42
16311,3751.17
16312,3700.77
16313,3352.15
16314,3244.44
16315,4200.96
16316,4200.22
16317,3229.6
16318,3200.53
16319,2479.97
16320,2479.19
16321,2899.6
16322,2899.45
16323,3500.9
16324,3500.47
16325,2400.78
16326,2999.8
16327,2510.53
16328,2899.46
16329,2800.65
16330,2800.95
16331,3000.47
16332,3000.51
16333,2199.79
16334,2199.86
16335,1850.25
16336,1849.9
16337,1900.19
16338,1900.33
16339,1564.96
16340,1849.12
16341,2800.15
16342,3500.64
16343,4585.22
16344,4999.04
16345,2750.79
16346,2469.5
16347,2537.2
16348,2261.43
16349,2802.86
16350,2400.99
16351,3000.59
16352,2278.79
16353,3000.73
16354,3000.1
16355,2700.21
16356,2278.8
16357,1759.29
16358,1779.69
16359,3000.63
16360,3048.59
16361,2866.29
16362,2500.32
16363,2829.03
16364,3000.12
16365,2099.4
16366,2099.9
16367,2700.64
16368,3000.01
16369,2829.55
16370,2829.85
16371,1769.41
16372,1699.78
16373,3000.52
16374,3700.9
16375,1999.78
16376,2700.55
16377,2000.72
16378,2400.91
16379,1999.88
16380,2510.1
16381,2800.7
16382,3190.18
16383,4250.3
16384,3079.84
16385,3030.96
16386,3350.65
16387,3000.36
16388,2948.35
16389,2400.19
16390,2400.5
16391,2199.0
16392,3000.1
16393,2009.45
16394,2009.95
16395,3801.12
16396,4250.22
16397,5969.14
16398,6000.59
16399,5000.12
16400,4839.4
16401,4250.28
16402,4250.47
16403,3450.04
16404,3690.42
16405,4500.19
16406,4500.11
16407,4540.59
16408,5000.65
16409,4730.0
16410,4580.01
16411,4500.98
16412,5500.48
16413,5800.15
16414,5000.7
16415,4250.69
16416,4000.31
16417,3000.45
16418,3229.22
16419,2899.24
16420,2866.86
16421,3660.35
16422,3660.15
16423,3000.0
16424,3000.55
16425,2999.11
16426,3000.46
16427,2489.92
16428,2489.64
16429,2198.08
16430,2198.11
16431,1564.67
16432,1564.59
16433,1959.03
16434,1959.48
16435,3660.45
16436,3500.56
16437,2999.1
16438,3000.9
16439,2241.82
16440,2800.27
16441,1959.72
16442,1959.5
16443,3523.01
16444,2906.12
16445,2750.64
16446,3000.45
16447,3048.1
16448,2829.36
16449,2751.0
16450,2475.78
16451,2475.12
16452,2369.17
16453,3160.46
16454,3000.17
16455,2026.83
16456,2026.53
16457,2489.35
16458,2750.32
16459,3800.04
16460,4002.19
16461,3079.05
16462,3138.71
16463,3200.36
16464,3500.81
16465,3000.18
16466,3000.07
16467,2829.77
16468,2897.0
16469,3000.42
16470,3079.86
16471,3252.0
16472,3192.0
16473,2829.1
16474,3000.59
16475,2829.99
16476,3004.36
16477,3500.6
16478,3600.45
16479,3500.96
16480,3650.81
16481,3000.98
16482,2866.63
16483,2970.47
16484,2900.48
16485,2761.0
16486,2832.84
16487,2790.66
16488,2899.75
16489,3300.9
16490,3600.58
16491,3900.12
16492,4200.77
16493,4580.92
16494,4803.83
16495,5900.78
16496,5499.88
16497,5499.38
16498,5499.3
16499,5000.53
16500,5000.51
16501,6000.07
16502,6000.16
16503,6000.66
16504,6069.44
16505,6000.04
16506,6000.45
16507,6000.46
16508,6500.05
16509,6000.83
16510,6000.6
16511,5500.45
16512,5019.87
16513,6069.61
16514,5999.34
16515,5498.71
16516,5499.78
16517,4749.61
16518,4749.77
16519,4500.57
16520,4488.71
16521,4550.16
16522,4749.33
16523,4550.45
16524,4500.38
16525,4749.2
16526,4749.06
16527,4500.74
16528,4550.64
16529,4551.0
16530,4749.42
16531,3660.06
16532,3500.42
16533,3000.7
16534,3100.77
16535,4550.18
16536,4500.6
16537,3828.0
16538,3986.03
16539,4749.45
16540,3999.21
16541,3994.85
16542,3994.54
16543,3200.73
16544,2900.78
16545,4000.24
16546,3999.48
16547,3001.36
16548,3000.71
16549,3200.74
16550,3400.36
16551,3500.99
16552,3501.8
16553,3900.64
16554,3900.76
16555,3900.12
16556,3900.1
16557,3900.05
16558,3600.99
16559,3629.29
16560,3900.17
16561,3629.21
16562,3443.44
16563,4000.01
16564,4000.34
16565,3079.46
16566,3629.36
16567,3150.83
16568,3438.79
16569,3774.36
16570,4250.43
16571,4250.38
16572,4100.96
16573,4500.99
16574,4700.67
16575,4464.41
16576,4250.63
16577,4500.58
16578,4500.62
16579,3844.4
16580,3819.84
16581,3629.08
16582,3770.09
16583,3998.22
16584,3998.9
16585,3499.16
16586,3880.8
16587,6069.09
16588,6519.38
16589,9500.14
16590,9500.27
16591,11500.81
16592,12000.0
16593,12000.0
16594,12000.0
16595,12000.0
16596,12000.0
16597,12000.0
16598,12000.0
16599,12000.0
16600,12000.0
16601,12000.0
16602,12000.0
16603,12000.0
16604,12000.0
16605,12000.0
16606,12000.0
16607,12000.0
16608,12000.0
16609,12000.0
16610,12000.0
16611,12000.0
16612,12000.0
16613,12000.0
16614,12000.0
16615,7569.92
16616,7569.15
16617,6069.45
16618,6069.09
16619,5000.54
16620,5969.33
16621,6169.23
16622,5969.96
16623,6000.43
16624,6069.36
16625,6500.31
16626,7099.22
16627,6500.99
16628,7569.91
16629,6500.72
16630,6500.8
16631,7099.0
16632,7099.37
16633,6469.17
16634,7099.31
16635,9136.13
16636,9303.66
16637,7099.3
16638,7099.28
16639,6851.43
16640,5969.17
16641,5969.82
16642,4999.28
16643,4500.92
16644,4500.13
16645,3771.0
16646,3900.02
16647,3352.55
16648,3369.1
16649,4500.57
16650,4500.41
16651,4999.51
16652,5520.0
16653,6010.97
16654,6009.48
16655,6169.71
16656,6500.6
16657,6069.82
16658,6069.28
16659,4510.2
16660,4488.45
16661,3229.5
16662,3629.27
16663,3352.33
16664,3310.93
16665,3219.46
16666,3244.67
16667,3600.76
16668,3701.82
16669,3244.13
16670,3800.87
16671,3000.93
16672,3450.52
16673,3369.29
16674,3369.59
16675,2906.61
16676,2906.65
16677,3687.85
16678,3687.98
16679,3900.38
16680,3900.23
16681,3402.9
16682,4999.64
16683,6500.43
16684,7643.27
16685,8000.93
16686,9643.09
16687,9303.67
16688,10364.57
16689,12000.0
16690,12000.0
16691,12000.0
16692,9136.87
16693,8826.0
16694,9136.45
16695,9136.22
16696,8500.02
16697,12000.0
16698,9999.45
16699,12000.0
16700,12000.0
16701,12000.0
16702,12000.0
16703,12000.0
16704,12000.0
16705,12000.0
16706,9999.38
16707,11999.86
16708,10008.93
16709,7099.86
16710,5999.36
16711,9284.74
16712,8480.37
16713,5309.3
16714,5000.99
16715,6500.14
16716,6500.45
16717,7569.0
16718,6988.19
16719,6000.55
16720,5309.82
16721,6500.23
16722,6792.0
16723,6500.86
16724,7099.6
16725,4999.58
16726,5999.09
16727,5800.04
16728,5800.38
16729,4500.93
16730,5714.51
16731,5514.59
16732,4600.94
16733,3900.97
16734,3900.46
16735,3900.97
16736,3402.2
16737,3900.87
16738,3900.12
16739,3189.22
16740,3720.03
16741,3100.27
16742,2919.48
16743,2849.79
16744,2902.25
16745,2409.72
16746,3000.11
16747,3369.13
16748,3500.44
16749,3100.85
16750,2900.7
16751,2814.5
16752,2906.28
16753,2299.7
16754,1998.28
16755,1931.7
16756,1799.16
16757,1843.68
16758,1893.93
16759,1869.07
16760,1999.71
16761,2981.18
16762,3000.88
16763,2810.82
16764,2950.07
16765,3500.64
16766,3510.89
16767,4510.25
16768,4510.7
16769,3994.49
16770,3510.71
16771,3244.3
16772,2970.54
16773,4510.1
16774,4850.33
16775,4580.69
16776,4510.54
16777,3499.22
16778,4850.73
16779,3381.15
16780,4850.92
16781,6015.23
16782,8480.76
16783,12000.0
16784,12000.0
16785,12000.0
16786,12000.0
16787,12000.0
16788,12000.0
16789,12000.0
16790,12000.0
16791,12000.0
16792,12000.0
16793,12000.0
16794,12000.0
16795,12000.0
16796,12000.0
16797,12000.0
16798,12000.0
16799,12000.0
16800,12000.0
16801,12000.0
16802,12000.0
16803,12000.0
16804,12000.0
16805,12000.0
16806,12000.0
16807,8500.22
16808,8000.78
16809,8680.21
16810,8680.64
16811,6500.84
16812,6000.07
16813,5398.24
16814,5029.1
16815,5000.24
16816,5000.41
16817,4979.29
16818,6069.17
16819,6169.72
16820,6500.96
16821,5969.55
16822,6934.73
16823,6069.86
16824,6000.74
16825,5969.18
16826,6001.96
16827,5969.85
16828,5714.34
16829,5000.42
16830,5199.02
16831,3979.44
16832,3719.86
16833,3189.77
16834,3189.54
16835,3800.7
16836,3219.75
16837,2829.99
16838,2829.91
16839,2981.21
16840,3160.27
16841,2750.23
16842,2900.48
16843,3000.97
16844,3000.91
16845,3070.02
16846,3150.34
16847,3001.02
16848,3219.12
16849,2361.85
16850,2361.7
16851,2199.5
16852,2469.84
16853,1999.83
16854,1999.65
16855,1974.29
16856,1993.62
16857,2950.9
16858,3540.0
16859,4250.38
16860,4500.74
16861,4781.73
16862,4999.43
16863,4000.69
16864,4510.25
16865,3349.99
16866,3500.92
16867,3979.51
16868,4900.17
16869,4580.19
16870,4900.6
16871,3994.82
16872,3994.96
16873,4120.44
16874,5714.43
16875,6069.4
16876,7000.25
16877,5800.95
16878,6900.47
16879,8769.32
16880,8982.12
16881,8000.49
16882,8000.64
16883,9108.19
16884,9918.94
16885,12000.0
16886,12000.0
16887,12000.0
16888,12000.0
16889,12000.0
16890,12000.0
16891,12000.0
16892,12000.0
16893,12000.0
16894,12000.0
16895,12000.0
16896,12000.0
16897,12000.0
16898,12000.0
16899,12000.0
16900,12000.0
16901,12000.0
16902,12000.0
16903,12000.0
16904,12000.0
16905,9032.6
16906,8000.71
16907,8000.1
16908,7569.21
16909,9032.88
16910,9032.05
16911,8550.3
16912,8550.51
16913,10000.41
16914,10000.75
16915,8623.71
16916,8958.94
16917,8000.63
16918,8000.29
16919,10000.41
16920,8820.48
16921,6069.37
16922,6169.02
16923,6047.41
16924,5000.61
16925,4999.15
16926,3999.76
16927,4856.45
16928,3349.27
16929,2800.3
16930,2400.7
16931,3369.89
16932,3219.69
16933,2475.84
16934,2750.17
16935,2750.7
16936,2750.94
16937,2800.65
16938,2750.47
16939,3629.56
16940,3219.26
16941,2289.88
16942,2289.02
16943,4020.23
16944,4000.36
16945,3629.71
16946,3999.02
16947,3000.45
16948,3000.24
16949,2494.42
16950,2559.78
16951,3299.82
16952,3219.34
16953,2800.61
16954,2800.24
16955,4162.69
16956,5000.94
16957,4999.31
16958,5674.28
16959,3735.96
16960,3660.33
16961,3961.19
16962,4001.0
16963,3229.47
16964,3255.33
16965,3409.13
16966,3882.67
16967,3369.84
16968,3369.06
16969,3255.22
16970,2941.67
16971,3244.33
16972,3255.71
16973,5372.14
16974,6000.69
16975,5999.77
16976,6500.28
16977,6496.16
16978,6500.23
16979,8000.4
16980,8715.38
16981,8244.54
16982,8715.11
16983,10000.53
16984,12000.0
16985,12000.0
16986,12000.0
16987,12000.0
16988,12000.0
16989,12000.0
16990,12000.0
16991,12000.0
16992,12000.0
16993,12000.0
16994,12000.0
16995,12000.0
16996,12000.0
16997,12000.0
16998,12000.0
16999,11999.8
17000,9999.82
17001,8991.99
17002,8990.53
17003,7499.17
17004,6999.83
17005,7569.48
17006,6500.51
17007,8500.39
17008,7989.01
17009,8480.88
17010,8500.44
17011,7969.42
17012,8000.97
17013,10000.11
17014,10000.17
17015,10500.7
17016,10500.89
17017,12000.0
17018,10500.83
17019,10000.84
17020,10000.47
17021,8480.39
17022,6840.8
17023,5500.38
17024,5292.52
17025,4924.0
17026,4500.97
17027,6520.74
17028,6520.42
17029,8480.72
17030,7688.0
17031,5414.51
17032,5409.58
17033,5409.29
17034,5309.67
17035,4500.62
17036,4488.63
17037,5614.42
17038,6000.21
17039,5214.53
17040,5000.31
17041,3244.54
17042,3244.57
17043,5614.05
17044,5969.58
17045,5000.61
17046,5969.01
17047,7000.66
17048,8000.04
17049,8000.02
17050,8000.2
17051,8000.8
17052,8000.82
17053,9000.91
17054,9550.04
17055,8880.57
17056,8715.69
17057,10251.1
17058,10000.86
17059,10000.9
17060,10000.69
17061,10000.11
17062,10000.25
17063,11250.27
17064,11250.18
17065,10000.91
17066,12000.0
17067,12000.0
17068,12000.0
17069,12000.0
17070,12000.0
17071,12000.0
17072,12000.0
17073,12000.0
17074,12000.0
17075,12000.0
17076,12000.0
17077,12000.0
17078,12000.0
17079,12000.0
17080,12000.0
17081,12000.0
17082,12000.0
17083,12000.0
17084,12000.0
17085,12000.0
17086,12000.0
17087,12000.0
17088,12000.0
17089,12000.0
17090,12000.0
17091,12000.0
17092,12000.0
17093,12000.0
17094,12000.0
17095,12000.0
17096,12000.0
17097,12000.0
17098,12000.0
17099,12000.0
17100,12000.0
17101,12000.0
17102,11499.64
17103,9000.33
17104,8715.62
17105,9000.23
17106,9000.92
17107,7569.9
17108,8500.93
17109,10130.15
17110,10130.59
17111,10130.54
17112,10130.73
17113,12000.0
17114,12000.0
17115,12000.0
17116,12000.0
17117,12000.0
17118,12000.0
17119,12000.0
17120,12000.0
17121,6069.42
17122,5309.39
17123,4488.54
17124,4488.75
17125,4432.0
17126,4450.63
17127,5530.12
17128,3846.5
17129,5530.47
17130,5959.07
17131,6069.65
17132,5959.31
17133,4999.92
17134,4979.9
17135,3770.63
17136,3900.48
17137,3989.76
17138,4250.29
17139,3510.18
17140,3310.6
17141,3000.42
17142,3340.44
17143,6069.91
17144,6250.17
17145,4500.36
17146,6069.54
17147,6269.28
17148,6499.93
17149,6500.13
17150,7569.93
17151,8685.0
17152,8715.28
17153,8947.15
17154,9113.43
17155,7569.52
17156,7766.46
17157,5000.25
17158,5000.76
17159,6069.68
17160,6169.65
17161,4999.88
17162,6000.89
17163,7486.77
17164,9480.35
17165,12000.0
17166,12000.0
17167,12000.0
17168,12000.0
17169,12000.0
17170,12000.0
17171,12000.0
17172,12000.0
17173,12000.0
17174,12000.0
17175,12000.0
17176,12000.0
17177,12000.0
17178,12000.0
17179,12000.0
17180,12000.0
17181,12000.0
17182,12000.0
17183,12000.0
17184,12000.0
17185,7469.77
17186,7569.37
17187,4839.11
17188,4502.88
17189,1881.85
17190,2280.51
17191,2361.4
17192,3000.1
17193,3500.53
17194,4350.91
17195,4550.11
17196,4502.7
17197,3650.47
17198,3000.38
17199,1550.18
17200,1700.0
17201,2500.88
17202,3650.3
17203,3020.77
17204,4000.77
17205,3400.08
17206,4550.39
17207,3400.09
17208,3997.98
17209,3000.05
17210,3360.41
17211,4550.62
17212,4550.72
17213,3523.89
17214,3536.13
17215,3609.34
17216,2916.69
17217,3000.66
17218,2510.8
17219,2500.47
17220,2500.66
17221,2419.14
17222,2730.12
17223,1862.92
17224,2013.69
17225,2790.81
17226,3827.68
17227,4999.37
17228,4500.93
17229,3352.64
17230,3229.6
17231,3570.85
17232,3500.95
17233,2900.51
17234,2489.78
17235,3150.49
17236,3500.18
17237,2413.26
17238,3000.36
17239,3039.58
17240,3179.97
17241,3259.53
17242,3827.53
17243,3986.75
17244,3925.18
17245,4300.95
17246,4700.05
17247,3999.99
17248,3998.17
17249,3770.31
17250,3770.55
17251,3749.91
17252,3650.04
17253,3847.62
17254,4150.89
17255,3500.43
17256,3500.13
17257,2500.82
17258,3721.18
17259,2799.49
17260,3770.84
17261,5000.47
17262,5002.57
17263,5800.38
17264,5830.0
17265,6000.02
17266,6000.64
17267,6999.1
17268,7569.53
17269,5908.0
17270,5800.47
17271,5039.87
17272,5800.74
17273,4939.3
17274,4999.69
17275,4920.84
17276,5039.33
17277,6000.61
17278,6000.56
17279,6500.52
17280,6001.47
17281,4000.71
17282,4386.86
17283,4488.68
17284,4488.51
17285,3986.42
17286,4117.6
17287,3770.79
17288,4000.86
17289,3650.17
17290,3650.8
17291,3244.67
17292,3244.27
17293,3000.02
17294,2866.59
17295,2800.47
17296,2866.15
17297,4700.06
17298,4999.24
17299,4520.5
17300,4520.62
17301,3179.25
17302,4700.03
17303,5959.33
17304,4900.03
17305,2369.66
17306,2055.38
17307,1782.69
17308,1782.45
17309,2055.69
17310,1959.93
17311,1650.93
17312,1959.75
17313,1959.72
17314,1959.33
17315,1918.26
17316,1918.21
17317,1782.65
17318,1782.39
17319,1782.12
17320,1782.73
17321,1782.57
17322,1817.81
17323,2800.94
17324,2800.95
17325,1782.67
17326,1782.77
17327,1782.59
17328,1782.23
17329,1782.06
17330,1782.52
17331,1782.19
17332,1616.62
17333,1499.79
17334,1750.94
17335,1782.62
17336,1782.91
17337,1614.73
17338,1782.38
17339,1782.05
17340,1782.38
17341,2055.15
17342,2116.5
17343,1990.4
17344,1990.14
17345,1782.93
17346,1499.92
17347,2055.03
17348,1782.6
17349,1939.71
17350,1939.16
17351,2400.48
17352,2400.81
17353,4499.45
17354,4499.39
17355,3694.32
17356,3970.28
17357,4475.99
17358,4499.07
17359,3998.9
17360,4449.01
17361,4700.37
17362,4680.46
17363,4560.33
17364,4640.92
17365,6000.51
17366,6000.53
17367,5499.33
17368,5499.07
17369,5800.46
17370,6000.19
17371,5499.81
17372,5499.73
17373,5000.61
17374,5000.98
17375,3650.54
17376,3650.6
577,4488.11
578,4502.91
579,4500.84
580,4500.95
581,4398.03
582,3999.53
583,3749.92
584,3800.07
585,3179.28
586,3199.39
587,2700.35
588,2599.76
589,2260.16
590,1959.89
591,2599.45
592,2203.9
593,3000.19
594,3800.3
595,3800.97
596,4100.92
597,2599.56
598,2730.39
599,4500.79
600,4499.97
601,3759.43
602,4050.85
603,3999.67
604,3609.55
605,2599.56
606,2599.15
607,3048.33
608,3048.86
609,3048.27
610,3048.47
611,3000.9
612,2203.71
613,3154.42
614,3039.99
615,3249.08
616,3200.4
617,2999.47
618,2899.78
619,3154.55
620,3154.69
621,3154.01
622,3357.06
623,2789.97
624,2789.81
625,2413.87
626,2475.85
627,2475.01
628,2475.63
629,2900.67
630,2923.68
631,2670.23
632,2670.4
633,2900.46
634,3000.28
635,2359.43
636,2489.14
637,2413.61
638,2500.45
639,2866.73
640,2866.71
641,3672.86
642,3900.15
643,3400.31
644,3249.93
645,3200.02
646,3049.78
647,2723.23
648,2968.18
649,2975.16
650,3500.98
651,4900.48
652,5002.39
653,4939.03
654,4900.9
655,5110.05
656,5110.85
657,5256.54
658,5256.45
659,5254.6
660,5253.23
661,5800.14
662,5800.38
663,5502.31
664,5504.44
665,6000.18
666,6000.79
667,5800.2
668,5799.96
669,5800.26
670,5800.24
671,5499.42
672,5299.92
3553,5222.07
3554,5222.34
3555,5039.71
3556,5039.92
3557,4676.36
3558,4900.36
3559,3900.73
3560,3999.23
3561,4000.41
3562,3908.0
3563,3886.1
3564,3500.75
3565,2900.8
3566,3000.95
3567,3808.57
3568,3950.19
3569,4700.36
3570,4922.67
3571,4700.93
3572,4700.99
3573,5799.69
3574,6000.7
3575,5500.58
3576,5299.89
3577,4650.14
3578,4922.77
3579,5000.62
3580,4620.71
3581,4469.99
3582,4279.21
3583,3769.71
3584,3436.0
3585,3435.89
3586,3239.93
3587,3000.69
3588,3000.88
3589,3500.32
3590,3500.88
3591,3800.87
3592,3650.0
3593,3179.89
3594,3179.73
3595,3039.86
3596,3219.64
3597,3000.43
3598,3001.94
3599,3500.26
3600,3422.41
3601,2789.84
3602,2790.36
3603,2789.68
3604,2789.37
3605,1210.57
3606,1323.65
3607,1000.94
3608,1000.82
3609,3034.82
3610,3300.53
3611,3039.07
3612,3400.29
3613,3200.66
3614,3400.16
3615,3200.61
3616,3200.9
3617,3500.28
3618,3357.94
3619,3000.19
3620,3154.12
3621,3510.56
3622,3560.66
3623,3500.17
3624,3219.85
3625,2599.62
3626,3251.0
3627,4000.24
3628,4250.86
3629,5499.89
3630,5499.95
3631,6000.02
3632,6000.55
3633,5500.55
3634,5760.04
3635,6100.12
3636,5969.46
3637,6100.34
3638,6100.81
3639,6016.63
3640,6017.21
3641,8199.42
3642,10126.1
3643,7969.17
3644,7969.46
3645,6169.05
3646,6000.69
3647,5799.17
3648,5499.69
6241,6169.02
6242,6100.35
6243,6069.52
6244,5959.73
6245,4972.06
6246,4972.56
6247,4488.3
6248,4111.03
6249,4111.95
6250,4700.91
6251,4488.6
6252,4488.6
6253,4972.76
6254,4972.58
6255,3999.27
6256,3999.23
6257,3986.2
6258,3986.9
6259,4573.67
6260,4750.23
6261,4499.44
6262,4573.81
6263,4499.14
6264,4499.9
6265,4482.28
6266,4482.52
6267,3925.57
6268,3827.34
6269,3138.79
6270,3138.49
6271,3219.42
6272,3150.13
6273,2916.75
6274,2916.95
6275,2700.18
6276,2406.69
6277,2950.93
6278,2957.42
6279,3000.09
6280,2957.47
6281,3357.61
6282,3000.66
6283,2537.67
6284,2413.67
6285,2026.91
6286,2362.0
6287,2537.11
6288,2500.0
6289,1849.4
6290,1849.31
6291,1569.0
6292,1738.0
6293,1500.52
6294,2369.62
6295,3000.57
6296,3039.13
6297,3039.48
6298,3048.86
6299,2850.44
6300,2859.43
6301,2700.97
6302,2860.74
6303,3008.06
6304,3048.27
6305,2969.62
6306,2899.68
6307,2700.33
6308,2469.84
6309,2700.7
6310,2789.43
6311,1568.67
6312,1614.31
6313,1489.7
6314,2100.59
6315,2100.29
6316,2500.94
6317,4499.14
6318,4499.99
6319,4250.78
6320,4250.85
6321,4250.21
6322,4250.26
6323,4499.71
6324,4499.84
6325,5372.37
6326,5499.33
6327,4972.97
6328,5499.01
6329,4499.41
6330,4800.17
6331,4972.39
6332,4972.18
6333,4900.64
6334,4900.58
6335,4900.58
6336,4146.44
9217,4140.0
9218,4502.33
9219,3986.59
9220,3986.23
9221,3600.16
9222,3900.04
9223,3593.0
9224,3600.89
9225,3536.35
9226,3536.6
9227,3800.3
9228,3800.54
9229,3900.67
9230,4011.25
9231,3500.59
9232,3450.08
9233,3900.6
9234,4012.45
9235,3900.94
9236,3990.47
9237,3900.21
9238,3700.49
9239,4500.25
9240,4100.76
9241,4700.94
9242,5000.14
9243,4750.84
9244,4568.3
9245,4002.98
9246,4002.34
9247,3925.07
9248,4129.94
9249,4780.5
9250,4506.44
9251,4022.36
9252,3900.75
9253,3900.27
9254,3752.44
9255,4236.68
9256,4132.41
9257,3900.55
9258,3900.52
9259,3244.94
9260,3150.73
9261,3629.66
9262,3629.57
9263,3500.95
9264,3925.07
9265,4022.59
9266,4023.0
9267,3925.58
9268,3722.8
9269,2361.5
9270,2361.8
9271,2252.34
9272,2500.15
9273,4100.6
9274,4250.48
9275,4100.47
9276,4022.68
9277,3580.23
9278,3550.64
9279,3752.85
9280,3722.53
9281,3752.85
9282,3752.88
9283,4732.67
9284,4500.58
9285,4900.95
9286,4900.98
9287,5000.54
9288,4900.92
9289,4900.67
9290,5000.71
9291,5959.74
9292,6644.28
9293,7919.67
9294,8700.74
9295,12000.0
9296,12000.0
9297,12000.0
9298,12000.0
9299,12000.0
9300,12000.0
9301,12000.0
9302,12000.0
9303,12000.0
9304,12000.0
9305,12000.0
9306,12000.0
9307,12000.0
9308,12000.0
9309,12000.0
9310,12000.0
9311,12000.0
9312,12000.0
12097,12000.0
12098,12000.0
12099,12000.0
12100,12000.0
12101,9000.01
12102,8969.34
12103,7919.65
12104,6832.74
12105,5309.12
12106,5000.87
12107,5372.44
12108,5372.17
12109,5372.66
12110,5172.24
12111,4839.88
12112,4972.66
12113,4839.82
12114,5172.28
12115,6000.88
12116,6003.9
12117,5959.54
12118,6069.57
12119,7000.55
12120,7000.92
12121,5039.12
12122,5959.13
12123,5799.75
12124,5039.86
12125,5000.26
12126,5039.03
12127,5799.28
12128,5799.56
12129,5959.33
12130,4620.62
12131,3536.35
12132,3422.56
12133,4900.8
12134,5000.89
12135,4050.76
12136,4000.05
12137,4499.66
12138,3722.67
12139,4300.79
12140,3637.73
12141,3410.0
12142,3422.74
12143,3244.32
12144,3180.06
12145,4900.95
12146,4900.67
12147,4022.76
12148,3422.24
12149,2981.04
12150,2947.0
12151,2205.66
12152,2205.99
12153,4770.74
12154,5172.91
12155,4972.22
12156,4900.95
12157,3300.81
12158,4149.07
12159,4499.54
12160,5172.57
12161,4499.7
12162,4499.62
12163,3700.86
12164,3580.13
12165,3801.22
12166,3722.94
12167,3352.54
12168,3722.68
12169,4499.77
12170,5250.97
12171,6520.79
12172,8300.61
12173,12000.0
12174,12000.0
12175,12000.0
12176,12000.0
12177,12000.0
12178,12000.0
12179,12000.0
12180,12000.0
12181,12000.0
12182,12000.0
12183,12000.0
12184,12000.0
12185,12000.0
12186,12000.0
12187,12000.0
12188,12000.0
12189,12000.0
12190,12000.0
12191,12000.0
12192,12000.0
15073,12000.0
15074,12000.0
15075,12000.0
15076,12000.0
15077,10000.37
15078,8999.91
15079,5999.9
15080,5999.36
15081,5000.27
15082,4900.9
15083,5000.45
15084,4900.43
15085,3700.97
15086,4252.65
15087,5530.83
15088,5530.24
15089,4900.36
15090,5029.08
15091,5929.92
15092,5959.35
15093,5956.72
15094,6069.35
15095,7446.87
15096,7530.14
15097,5799.49
15098,6000.42
15099,5000.88
15100,5000.56
15101,5500.74
15102,5000.93
15103,4900.34
15104,4800.77
15105,4750.37
15106,4479.99
15107,4236.83
15108,3994.86
15109,4400.46
15110,4500.21
15111,4900.36
15112,5959.47
15113,4400.96
15114,4900.23
15115,3536.03
15116,3499.91
15117,3400.58
15118,3800.54
15119,2906.64
15120,2906.64
15121,2900.32
15122,2750.02
15123,3000.63
15124,2906.6
15125,2149.85
15126,2149.85
15127,3000.81
15128,3900.31
15129,3280.07
15130,3900.56
15131,3990.57
15132,4500.93
15133,4671.41
15134,5520.16
15135,4488.49
15136,3900.79
15137,4399.04
15138,4399.31
15139,4900.03
15140,4900.65
15141,4900.3
15142,4900.82
15143,4475.54
15144,3999.23
15145,4450.93
15146,5000.71
15147,8569.87
15148,9395.63
15149,12000.0
15150,12000.0
15151,12000.0
15152,12000.0
15153,12000.0
15154,12000.0
15155,12000.0
15156,12000.0
15157,12000.0
15158,12000.0
15159,12000.0
15160,12000.0
15161,12000.0
15162,12000.0
15163,12000.0
15164,12000.0
15165,12000.0
15166,12000.0
15167,12000.0
15168,12000.0
17953,12000.0
17954,12000.0
17955,12000.0
17956,12000.0
17957,5999.38
17958,5999.07
17959,5000.32
17960,5000.92
17961,6500.2
17962,6500.49
17963,6499.23
17964,6499.66
17965,6169.51
17966,6069.23
17967,3994.93
17968,4517.5
17969,5000.37
17970,5000.65
17971,4189.09
17972,4479.71
17973,4998.8
17974,7226.5
17975,7520.11
17976,7520.36
17977,6989.07
17978,7500.92
17979,8007.68
17980,8000.07
17981,7919.29
17982,6169.49
17983,5199.09
17984,5039.68
17985,4479.69
17986,4700.36
17987,5399.16
17988,5099.68
17989,5000.5
17990,5000.49
17991,3759.55
17992,3976.4
17993,3179.17
17994,3190.71
17995,3400.45
17996,4499.57
17997,2916.6
17998,2916.8
17999,3100.91
18000,3300.46
18001,3850.09
18002,3850.12
18003,2899.06
18004,2533.0
18005,2789.04
18006,2469.12
18007,3750.93
18008,3800.63
18009,3209.25
18010,4499.28
18011,5000.14
18012,4900.83
18013,4900.85
18014,4900.77
18015,6000.12
18016,6000.32
18017,5039.52
18018,4997.89
18019,5399.82
18020,4900.99
18021,5799.67
18022,5608.0
18023,5959.41
18024,5099.95
18025,4900.89
18026,4800.06
18027,5959.79
18028,6505.12
18029,11940.99
18030,12000.0
18031,12000.0
18032,12000.0
18033,12000.0
18034,12000.0
18035,12000.0
18036,12000.0
18037,12000.0
18038,12000.0
18039,12000.0
18040,12000.0
18041,12000.0
18042,12000.0
18043,12000.0
18044,12000.0
18045,12000.0
18046,12000.0
18047,12000.0
18048,11499.34
20929,8989.19
20930,8756.77
20931,6500.33
20932,6050.87
20933,5799.43
20934,5500.17
20935,7400.74
20936,5999.85
20937,5799.88
20938,5799.16
20939,5000.98
20940,5000.91
20941,7320.21
20942,7320.25
20943,8000.12
20944,8000.01
20945,5000.86
20946,4989.42
20947,4005.01
20948,3994.76
20949,3774.73
20950,4570.19
20951,7919.39
20952,8020.03
20953,5150.13
20954,6001.0
20955,5029.37
20956,5029.07
20957,5500.88
20958,5799.54
20959,5500.37
20960,4850.59
20961,4500.19
20962,4499.74
20963,3986.31
20964,3880.8
20965,4499.08
20966,3800.38
20967,3550.4
20968,3500.37
20969,3966.0
20970,4000.08
20971,4499.37
20972,4500.45
20973,4000.08
20974,4000.83
20975,3900.73
20976,4100.6
20977,3329.98
20978,3329.95
20979,3800.73
20980,3329.3
20981,3000.02
20982,3229.78
20983,3229.67
20984,4500.83
20985,3580.34
20986,4500.87
20987,3770.2
20988,3770.25
20989,0.0
20990,5250.67
20991,4570.12
20992,4799.33
20993,3770.86
20994,3770.74
20995,3996.5
20996,4000.27
20997,4900.75
20998,4900.74
20999,4900.52
21000,4900.07
21001,3000.82
21002,3770.52
21003,4840.96
21004,4900.22
21005,5309.69
21006,8500.36
21007,6500.33
21008,7919.36
21009,7400.03
21010,8002.18
21011,5000.99
21012,5309.32
21013,8004.27
21014,8008.99
21015,8030.35
21016,8030.78
21017,8500.88
21018,8719.35
21019,7400.14
21020,6999.29
21021,5799.84
21022,5799.55
21023,4900.63
21024,4900.13
23905,6159.32
23906,6500.6
23907,5000.09
23908,4493.98
23909,3995.06
23910,3769.55
23911,3329.33
23912,3039.13
23913,3329.75
23914,3600.34
23915,3858.3
23916,3853.43
23917,4000.31
23918,4000.69
23919,4900.94
23920,4502.77
23921,4502.56
23922,4749.08
23923,3500.31
23924,3580.05
23925,3020.3
23926,3239.51
23927,3500.79
23928,4900.48
23929,4850.72
23930,5799.47
23931,5000.64
23932,4900.42
23933,3102.9
23934,2999.46
23935,3550.46
23936,3350.55
23937,3000.21
23938,3150.26
23939,1830.74
23940,1830.73
23941,2981.97
23942,3000.87
23943,2800.57
23944,2800.81
23945,2789.1
23946,2900.12
23947,2670.77
23948,2829.61
23949,2367.29
23950,2411.97
23951,2578.25
23952,2789.97
23953,3179.09
23954,3179.69
23955,3095.54
23956,3487.8
23957,1999.72
23958,2252.11
23959,2499.44
23960,2789.91
23961,2026.31
23962,2800.52
23963,2058.35
23964,1813.49
23965,2790.8
23966,2900.57
23967,2789.41
23968,2789.68
23969,2205.33
23970,2205.46
23971,2205.63
23972,2205.17
23973,1489.08
23974,1799.67
23975,3039.59
23976,3150.1
23977,2867.86
23978,3900.18
23979,4290.01
23980,4585.83
23981,3961.1
23982,3900.91
23983,4500.21
23984,4220.06
23985,5000.43
23986,5000.91
23987,4588.9
23988,4500.69
23989,5650.75
23990,5989.13
23991,4500.62
23992,4495.65
23993,5000.17
23994,5000.73
23995,4488.83
23996,4500.22
23997,3505.12
23998,3547.12
23999,3420.12
24000,3300.95
26785,5499.69
26786,5392.06
26787,5500.17
26788,5500.72
26789,5449.18
26790,5000.63
26791,3349.69
26792,3349.32
26793,2969.42
26794,2969.07
26795,3329.15
26796,3499.59
26797,3580.03
26798,3329.16
26799,2866.55
26800,2866.21
26801,1830.79
26802,1830.86
26803,2600.26
26804,2199.17
26805,3150.6
26806,3250.95
26807,3219.18
26808,3329.83
26809,3000.27
26810,3000.07
26811,3329.95
26812,3600.61
26813,3219.49
26814,3000.92
26815,2899.44
26816,2899.15
26817,2199.43
26818,2199.3
26819,3000.04
26820,3039.7
26821,2466.0
26822,2400.82
26823,2198.08
26824,1999.01
26825,1830.09
26826,1830.3
26827,1808.71
26828,1830.21
26829,1830.72
26830,2099.52
26831,1798.51
26832,1788.18
26833,1691.0
26834,1692.11
26835,596.95
26836,554.0
26837,1429.26
26838,1429.58
26839,1049.75
26840,999.6
26841,1199.3
26842,1300.92
26843,999.98
26844,999.61
26845,1489.6
26846,1489.51
26847,1499.94
26848,1500.0
26849,1802.7
26850,1829.45
26851,2484.17
26852,2415.26
26853,2261.92
26854,2047.84
26855,2236.46
26856,1999.86
26857,1869.79
26858,2014.99
26859,2789.78
26860,3006.64
26861,3721.25
26862,4220.44
26863,4160.66
26864,4499.11
26865,3986.5
26866,3986.27
26867,5002.13
26868,5449.18
26869,6269.35
26870,5999.13
26871,5799.21
26872,5199.9
26873,4496.92
26874,4497.04
26875,4180.12
26876,4269.04
26877,4180.5
26878,4180.52
26879,4919.22
26880,4180.18
29761,4180.72
29762,4180.45
29763,2879.52
29764,2600.39
29765,3039.29
29766,3000.74
29767,2289.79
29768,2289.68
29769,1830.84
29770,1830.5
29771,2235.0
29772,2209.8
29773,2248.0
29774,2490.67
29775,2260.98
29776,2203.01
29777,2000.13
29778,2000.17
29779,1830.73
29780,2212.0
29781,2789.77
29782,3001.77
29783,3400.75
29784,3440.78
29785,3850.49
29786,4749.05
29787,4479.07
29788,3769.8
29789,4180.56
29790,3500.32
29791,4180.54
29792,4300.17
29793,3179.32
29794,3244.21
29795,3550.49
29796,3550.39
29797,3097.19
29798,4180.04
29799,3994.68
29800,3994.37
29801,2800.1
29802,2800.01
29803,2800.74
29804,2849.47
29805,2361.28
29806,2361.86
29807,3850.25
29808,4749.9
29809,4972.17
29810,4972.83
29811,2989.44
29812,2968.61
29813,1999.89
29814,2014.4
29815,2800.11
29816,3500.39
29817,3716.7
29818,4200.86
29819,2968.7
29820,2968.18
29821,2789.9
29822,3000.52
29823,2900.56
29824,2959.5
29825,2949.33
29826,2790.1
29827,3157.35
29828,3170.74
29829,1875.0
29830,1999.13
29831,2369.64
29832,2369.91
29833,1659.56
29834,1999.09
29835,3716.52
29836,4500.87
29837,5900.55
29838,8500.78
29839,12000.0
29840,12000.0
29841,12000.0
29842,11667.77
29843,12000.0
29844,12000.0
29845,12000.0
29846,12000.0
29847,9000.44
29848,7998.53
29849,7000.64
29850,7000.98
29851,5100.89
29852,5039.28
29853,5000.86
29854,5000.53
29855,4500.76
29856,4500.13
32641,5000.74
32642,5000.57
32643,3994.95
32644,3994.67
32645,3999.73
32646,4072.06
32647,4502.47
32648,4143.83
32649,5000.5
32650,4999.36
32651,4000.9
32652,3850.72
32653,3580.87
32654,4000.04
32655,3000.06
32656,3039.86
32657,3500.05
32658,3580.93
32659,3000.25
32660,3039.34
32661,2699.42
32662,2981.08
32663,3289.7
32664,3570.02
32665,3500.35
32666,4787.86
32667,5000.05
32668,4670.31
32669,3349.48
32670,3239.64
32671,3239.68
32672,3256.02
32673,3039.41
32674,3289.61
32675,3120.96
32676,2867.16
32677,2789.49
32678,2790.37
32679,2399.26
32680,2361.12
32681,1999.97
32682,2016.06
32683,1957.07
32684,1977.69
32685,3310.61
32686,3499.71
32687,2153.07
32688,2090.87
32689,1849.76
32690,1975.3
32691,1832.61
32692,1832.73
32693,1615.84
32694,1830.07
32695,1832.12
32696,1832.39
32697,1843.54
32698,2066.87
32699,2512.5
32700,2699.58
32701,1918.86
32702,2199.04
32703,3400.15
32704,3580.13
32705,3580.89
32706,3500.27
32707,3179.17
32708,3039.04
32709,3329.53
32710,3369.17
32711,3179.52
32712,3000.91
32713,3900.82
32714,4150.94
32715,4000.2
32716,4500.09
32717,5000.13
32718,6500.2
32719,6500.22
32720,6810.62
32721,5799.85
32722,5881.68
32723,6000.29
32724,6974.55
32725,6655.93
32726,7002.68
32727,5799.66
32728,5999.11
32729,5645.29
32730,5999.11
32731,6308.25
32732,5999.52
32733,4655.99
32734,4655.67
32735,3769.06
32736,3499.79
18529,4333.44
18530,5000.59
18531,4333.9
18532,4012.03
18533,5000.24
18534,5000.85
18535,4180.03
18536,4180.43
18537,3500.92
18538,3329.26
18539,3329.79
18540,2992.35
18541,3614.81
18542,3614.75
18543,2999.4
18544,2867.63
18545,3329.69
18546,3329.37
18547,2789.62
18548,2867.25
18549,2900.73
18550,2789.93
18551,4180.1
18552,4180.15
18553,3900.93
18554,4333.32
18555,4649.46
18556,4499.36
18557,3200.32
18558,3716.35
18559,5501.79
18560,5000.18
18561,3925.87
18562,3925.72
18563,3925.63
18564,3118.84
18565,3150.12
18566,3200.77
18567,2800.85
18568,3032.6
18569,2670.93
18570,2981.73
18571,3170.27
18572,3039.01
18573,2365.99
18574,2365.94
18575,2099.64
18576,2099.87
18577,2099.28
18578,2099.17
18579,2099.01
18580,2099.38
18581,1500.88
18582,1500.91
18583,2099.26
18584,2340.0
18585,2139.39
18586,2789.78
18587,3250.93
18588,3570.17
18589,3262.79
18590,4000.26
18591,3259.14
18592,3536.07
18593,3329.06
18594,3189.52
18595,4181.88
18596,4000.55
18597,3360.43
18598,3369.42
18599,3400.44
18600,3652.07
18601,3850.08
18602,4236.42
18603,4850.02
18604,5000.21
18605,4500.35
18606,4800.4
18607,6800.3
18608,8500.14
18609,8278.67
18610,9849.73
18611,6989.91
18612,7532.0
18613,9000.12
18614,5999.81
18615,7099.41
18616,7000.0
18617,8500.37
18618,7866.11
18619,5999.07
18620,5019.28
18621,5959.29
18622,5769.32
18623,5000.48
18624,5000.24
18625,4472.15
18626,4100.39
18627,4499.15
18628,4295.2
18629,4012.15
18630,4457.63
18631,3580.67
18632,3580.94
18633,3999.87
18634,3999.84
18635,3580.27
18636,3382.98
18637,3000.79
18638,3000.99
18639,3170.38
18640,3170.16
18641,3039.69
18642,3001.78
18643,2496.09
18644,2600.22
18645,3409.03
18646,4650.18
18647,5622.99
18648,5000.92
18649,4989.27
18650,5000.49
18651,5005.09
18652,4999.76
18653,4950.65
18654,4750.63
18655,3550.5
18656,3721.42
18657,2900.54
18658,2752.22
18659,3925.91
18660,4400.41
18661,3500.43
18662,3329.66
18663,2969.54
18664,2993.92
18665,2789.76
18666,2789.38
18667,1999.86
18668,1999.96
18669,2970.87
18670,3000.12
18671,2970.03
18672,2789.02
18673,1833.74
18674,1833.82
18675,2610.62
18676,2500.73
18677,1833.57
18678,1833.66
18679,1833.55
18680,1833.87
18681,1833.46
18682,1833.76
18683,1833.61
18684,1833.83
18685,1833.89
18686,1907.39
18687,2076.27
18688,2630.92
18689,2867.87
18690,3179.77
18691,3451.34
18692,3500.67
18693,3000.98
18694,2500.04
18695,2950.6
18696,2789.61
18697,2789.36
18698,3329.3
18699,5959.79
18700,6000.5
18701,7811.33
18702,7999.85
18703,5799.9
18704,6049.55
18705,5799.79
18706,5799.75
18707,7099.24
18708,7000.97
18709,4649.88
18710,4796.54
18711,4499.52
18712,4499.71
18713,4129.09
18714,4499.05
18715,6000.78
18716,6000.25
18717,5799.31
18718,4601.87
18719,4500.27
18720,4499.47
18721,3329.49
18722,3118.55
18723,3999.04
18724,3999.05
18725,3999.57
18726,3999.5
18727,3700.41
18728,3700.47
18729,3500.99
18730,3782.62
18731,3995.33
18732,3812.85
18733,3249.69
18734,3249.44
18735,3249.6
18736,2699.37
18737,2359.66
18738,2500.02
18739,2359.58
18740,2580.0
18741,3000.02
18742,3000.68
18743,3012.69
18744,3500.48
18745,3000.65
18746,3000.42
18747,3925.16
18748,3999.38
18749,3500.09
18750,3109.1
18751,4000.11
18752,3523.58
18753,3925.39
18754,3261.05
18755,4000.23
18756,3261.91
18757,2850.02
18758,3190.24
18759,3500.81
18760,3310.06
18761,1833.18
18762,2090.52
18763,2722.47
18764,3000.32
18765,2789.4
18766,3039.74
18767,2880.92
18768,2700.33
18769,3000.63
18770,3329.95
18771,3310.15
18772,2800.97
18773,2499.81
18774,2499.97
18775,3039.76
18776,3329.32
18777,2399.23
18778,2850.95
18779,2900.18
18780,3000.62
18781,3039.9
18782,4000.9
18783,4499.79
18784,4787.19
18785,4005.82
18786,4100.15
18787,3800.75
18788,4480.07
18789,1999.62
18790,1999.57
18791,2500.71
18792,2000.93
18793,3750.61
18794,4007.62
18795,5508.65
18796,6000.04
18797,11499.22
18798,11900.01
18799,5650.48
18800,5799.04
18801,5000.36
18802,5200.38
18803,8500.05
18804,11594.79
18805,12000.0
18806,12000.0
18807,7919.21
18808,7919.75
18809,5799.49
18810,5799.72
18811,5799.63
18812,5499.9
18813,5010.34
18814,5010.04
18815,4499.47
18816,4499.34
18817,5006.72
18818,5499.45
18819,5491.95
18820,5499.08
18821,4601.54
18822,4655.72
18823,3849.08
18824,3812.91
18825,3500.88
18826,3500.95
18827,4005.81
18828,4001.75
18829,3580.51
18830,4797.89
18831,3700.61
18832,3580.84
18833,4000.97
18834,4000.99
18835,5180.8
18836,5172.23
18837,3118.49
18838,3118.72
18839,3996.99
18840,4000.93
18841,3750.45
18842,4501.94
18843,4900.65
18844,4700.55
18845,5000.34
18846,4989.88
18847,4989.13
18848,5066.27
18849,4799.96
18850,5000.17
18851,4499.71
18852,3191.35
18853,2599.78
18854,2969.12
18855,3400.42
18856,3500.11
18857,2900.14
18858,2900.18
18859,3500.08
18860,3500.32
18861,2849.97
18862,2866.53
18863,3179.17
18864,3500.4
18865,2700.62
18866,2750.56
18867,2789.55
18868,2600.63
18869,2176.21
18870,2176.46
18871,2063.64
18872,2499.19
18873,2143.6
18874,2176.54
18875,4799.37
18876,4972.7
18877,4050.93
18878,4830.77
18879,4200.77
18880,4200.66
18881,3815.63
18882,3815.71
18883,3191.84
18884,3300.34
18885,2949.49
18886,3029.75
18887,4000.22
18888,4000.97
18889,4200.34
18890,4850.43
18891,4900.43
18892,7099.29
18893,5112.77
18894,5498.66
18895,6503.94
18896,8500.73
18897,6999.05
18898,7919.32
18899,6000.93
18900,6513.16
18901,7919.31
18902,7980.0
18903,12000.0
18904,12000.0
18905,12000.0
18906,12000.0
18907,8000.15
18908,7998.5
18909,6989.34
18910,6989.61
18911,5499.03
18912,5498.97
18913,6000.15
18914,6000.91
18915,4350.13
18916,3999.86
18917,3999.99
18918,3999.85
18919,5498.24
18920,5498.23
18921,3999.02
18922,3963.88
18923,3700.96
18924,3700.57
18925,3118.58
18926,3580.48
18927,3500.08
18928,3580.32
18929,3700.03
18930,3700.14
18931,3580.79
18932,3700.45
18933,3999.95
18934,4700.37
18935,3999.97
18936,5000.72
18937,3999.0
18938,3999.98
18939,3999.89
18940,4649.03
18941,3999.25
18942,3815.35
18943,3000.98
18944,2893.24
18945,2249.98
18946,2249.96
18947,2019.59
18948,2019.19
18949,2405.15
18950,2031.7
18951,1959.85
18952,1959.64
18953,1681.73
18954,1959.19
18955,1959.54
18956,1959.67
18957,1959.9
18958,2000.53
18959,2881.36
18960,2881.33
18961,1959.97
18962,2630.8
18963,2249.31
18964,2249.66
18965,2500.57
18966,2500.83
18967,4500.25
18968,3999.94
18969,3888.6
18970,4353.58
18971,2800.46
18972,3200.65
18973,2849.66
18974,2962.25
18975,2412.9
18976,2412.73
18977,2319.39
18978,2149.88
18979,3280.73
18980,2750.26
18981,2689.22
18982,3039.24
18983,3339.49
18984,3339.28
18985,1999.5
18986,2319.6
18987,3032.52
18988,3999.97
18989,5000.06
18990,5000.04
18991,4989.4
18992,5000.72
18993,5500.37
18994,5680.0
18995,7000.6
18996,7000.78
18997,6893.98
18998,5645.19
18999,5740.0
19000,5645.88
19001,8000.45
19002,8000.37
19003,8005.93
19004,8005.84
19005,8005.7
19006,8005.11
19007,5499.89
19008,5499.11
19009,5499.16
19010,5498.73
19011,4649.01
19012,4020.66
19013,3995.31
19014,3995.07
19015,5000.18
19016,5000.05
19017,4000.06
19018,4020.33
19019,4212.53
19020,4000.21
19021,3500.86
19022,3500.43
19023,3339.77
19024,3399.63
19025,3500.02
19026,3500.44
19027,3803.26
19028,4000.77
19029,2900.58
19030,3500.8
19031,3289.4
19032,3990.24
19033,4300.79
19034,5000.39
19035,5499.29
19036,5499.67
19037,4500.06
19038,4240.11
19039,4500.88
19040,4500.19
19041,3999.33
19042,4020.69
19043,4200.7
19044,4200.09
19045,2959.86
19046,3029.67
19047,4592.56
19048,4700.46
19049,3421.28
19050,3339.12
19051,2969.3
19052,3020.81
19053,3800.39
19054,4353.09
19055,4353.07
19056,4149.59
19057,2880.7
19058,2850.26
19059,3739.16
19060,3815.83
19061,2499.18
19062,2600.93
19063,2297.69
19064,2412.57
19065,2405.79
19066,2412.44
19067,3499.68
19068,4280.21
19069,4280.85
19070,4280.83
19071,5498.2
19072,5498.02
19073,4149.96
19074,3300.87
19075,3050.62
19076,3200.18
19077,4500.93
19078,4700.56
19079,5202.27
19080,5100.86
19081,5000.0
19082,5100.18
19083,6499.51
19084,12000.0
19085,12000.0
19086,12000.0
19087,12000.0
19088,12000.0
19089,12000.0
19090,12000.0
19091,12000.0
19092,12000.0
19093,12000.0
19094,12000.0
19095,12000.0
19096,12000.0
19097,12000.0
19098,12000.0
19099,12000.0
19100,12000.0
19101,12000.0
19102,12000.0
19103,12000.0
19104,12000.0
19105,12000.0
19106,12000.0
19107,12000.0
19108,12000.0
19109,5722.99
19110,5722.25
19111,6000.84
19112,5500.65
19113,5002.44
19114,5000.94
19115,5000.05
19116,4993.95
19117,5000.63
19118,5000.25
19119,4245.52
19120,4200.93
19121,4991.26
19122,4200.94
19123,3189.93
19124,3580.22
19125,2969.49
19126,4200.68
19127,5959.75
19128,5500.78
19129,5500.65
19130,5343.97
19131,4200.76
19132,4200.66
19133,4500.17
19134,4700.45
19135,4400.11
19136,4200.79
19137,5000.19
19138,5000.67
19139,4649.71
19140,4200.8
19141,4670.95
19142,4249.81
19143,3963.32
19144,3400.04
19145,2893.62
19146,2893.55
19147,3289.49
19148,4000.21
19149,4750.6
19150,4750.76
19151,4798.63
19152,4999.84
19153,3000.74
19154,2996.26
19155,2500.2
19156,2169.83
19157,1999.31
19158,2119.91
19159,4000.4
19160,4798.32
19161,4798.76
19162,3700.93
19163,4520.74
19164,4521.0
19165,3743.33
19166,4972.23
19167,4999.47
19168,5100.43
19169,3799.99
19170,3450.79
19171,5100.64
19172,5100.88
19173,5520.16
19174,5520.77
19175,5100.56
19176,4840.88
19177,5100.36
19178,6235.03
19179,10549.88
19180,12000.0
19181,12000.0
19182,12000.0
19183,12000.0
19184,12000.0
19185,12000.0
19186,12000.0
19187,12000.0
19188,12000.0
19189,12000.0
19190,12000.0
19191,12000.0
19192,12000.0
19193,12000.0
19194,12000.0
19195,12000.0
19196,12000.0
19197,12000.0
19198,12000.0
19199,12000.0
19200,12000.0
19201,12000.0
19202,12000.0
19203,12000.0
19204,9500.25
19205,9933.95
19206,8690.91
19207,6799.62
19208,7999.06
19209,8000.63
19210,9000.62
19211,10520.93
19212,10520.9
19213,8500.85
19214,10579.05
19215,6500.75
19216,6500.45
19217,10579.01
19218,6500.31
19219,4200.97
19220,4201.0
19221,6069.31
19222,8520.28
19223,8520.74
19224,8520.64
19225,9520.67
19226,10000.62
19227,12000.0
19228,12000.0
19229,12000.0
19230,12000.0
19231,12000.0
19232,12000.0
19233,4967.13
19234,4798.19
19235,3963.09
19236,3750.54
19237,3500.19
19238,3500.08
19239,4499.46
19240,4499.37
19241,3000.81
19242,3179.53
19243,3000.47
19244,3500.49
19245,4499.83
19246,4922.92
19247,3750.84
19248,2999.56
19249,3000.82
19250,2969.31
19251,2812.11
19252,2970.25
19253,2380.05
19254,2412.25
19255,2126.68
19256,2151.66
19257,3509.56
19258,3515.41
19259,2900.15
19260,2966.28
19261,2485.81
19262,2405.92
19263,2154.93
19264,2154.62
19265,3501.94
19266,3700.22
19267,4229.16
19268,4100.98
19269,2730.08
19270,3200.01
19271,3399.23
19272,3499.48
19273,2485.87
19274,3181.79
19275,4700.07
19276,6003.64
19277,5500.9
19278,5720.72
19279,7919.32
19280,7919.17
19281,10588.0
19282,10010.36
19283,5800.11
19284,5800.69
19285,5100.23
19286,5000.95
19287,5501.24
19288,5502.98
19289,5000.34
19290,5000.34
19291,4200.15
19292,3849.63
19293,4200.77
19294,4200.39
19295,3713.5
19296,3485.0
19297,4200.27
19298,4000.38
19299,3000.81
19300,2959.89
19301,2599.7
19302,2969.76
19303,3580.9
19304,3509.0
19305,4000.55
19306,4000.86
19307,2803.23
19308,2650.43
19309,2199.79
19310,2309.81
19311,2859.84
19312,2859.17
19313,2169.3
19314,3252.37
19315,3200.0
19316,3000.32
19317,2199.11
19318,2199.16
19319,2020.57
19320,2019.2
19321,1959.55
19322,2199.95
19323,2600.33
19324,2989.76
19325,2260.41
19326,2154.89
19327,2485.69
19328,2485.87
19329,2260.13
19330,2260.25
19331,2670.53
19332,2670.91
19333,2500.81
19334,2369.53
19335,2063.73
19336,2126.4
19337,2485.41
19338,2485.25
19339,2599.06
19340,2500.53
19341,2099.33
19342,2099.54
19343,2490.73
19344,2099.8
19345,1959.89
19346,2059.44
19347,1969.93
19348,2100.36
19349,2143.41
19350,2200.33
19351,2092.91
19352,2500.2
19353,2199.62
19354,2199.81
19355,2449.27
19356,2500.78
19357,3060.29
19358,3419.89
19359,4499.44
19360,4500.03
19361,5500.43
19362,5500.64
19363,3700.06
19364,3000.31
19365,2867.47
19366,2969.08
19367,3658.82
19368,3120.02
19369,3000.63
19370,3409.02
19371,4805.4
19372,5959.74
19373,12000.0
19374,12000.0
19375,7996.11
19376,7995.19
19377,5999.55
19378,6999.34
19379,8000.04
19380,8000.26
19381,8500.24
19382,8500.07
19383,7919.44
19384,7919.26
19385,7400.35
19386,6500.36
19387,6000.26
19388,5996.59
19389,5329.3
19390,4600.23
19391,4655.6
19392,4499.82
19393,6000.32
19394,6000.12
19395,4189.93
19396,3799.9
19397,4000.53
19398,3991.0
19399,3601.0
19400,3580.43
19401,3999.44
19402,3999.55
19403,3588.46
19404,3580.77
19405,3405.03
19406,3261.1
19407,3000.1
19408,3000.54
19409,3559.34
19410,3580.9
19411,3999.83
19412,4003.77
19413,4400.07
19414,4582.35
19415,3999.16
19416,3999.44
19417,3999.74
19418,4919.2
19419,4229.89
19420,3999.86
19421,4850.84
19422,4609.32
19423,4700.3
19424,3995.5
19425,4499.97
19426,3849.95
19427,4499.25
19428,3815.95
19429,4499.56
19430,4499.24
19431,4149.84
19432,4499.94
19433,4349.52
19434,3815.7
19435,3815.53
19436,3815.54
19437,4000.61
19438,3888.97
19439,3888.12
19440,3700.83
19441,3032.5
19442,3191.12
19443,3990.51
19444,4179.7
19445,2812.14
19446,2850.76
19447,3400.9
19448,3658.47
19449,3170.12
19450,3400.68
19451,2800.58
19452,2800.61
19453,2830.01
19454,3000.16
19455,3000.83
19456,3400.93
19457,3280.57
19458,3700.23
19459,4499.56
19460,4499.37
19461,2799.69
19462,2799.28
19463,3000.99
19464,3000.74
19465,3500.62
19466,3339.45
19467,4650.77
19468,4868.92
19469,6989.9
19470,8500.28
19471,7919.92
19472,7919.01
19473,6500.3
19474,5650.62
19475,6000.25
19476,5500.95
19477,6000.1
19478,5501.47
19479,5179.32
19480,5179.04
19481,4989.74
19482,5000.38
19483,4649.07
19484,4210.43
19485,4805.12
19486,5499.09
19487,5498.3
19488,4229.58
19489,3791.94
19490,3700.67
19491,3001.16
19492,3000.96
19493,3252.45
19494,3300.74
19495,3580.92
19496,3580.04
19497,3580.03
19498,3261.21
19499,3339.86
19500,3374.0
19501,3032.89
19502,3039.59
19503,2969.83
19504,2969.8
19505,3032.57
19506,3317.0
19507,3032.31
19508,3100.67
19509,2512.5
19510,3100.46
19511,3422.88
19512,3273.0
19513,3500.29
19514,3658.06
19515,4192.0
19516,4499.49
19517,3430.18
19518,3289.89
19519,3419.9
19520,3339.93
19521,3000.37
19522,3000.23
19523,3400.45
19524,3419.85
19525,3888.04
19526,3888.34
19527,2800.85
19528,2499.43
19529,3120.27
19530,3339.57
19531,3400.75
19532,3400.63
19533,3570.05
19534,3580.24
19535,3001.23
19536,3632.0
19537,2819.3
19538,2819.04
19539,2229.75
19540,2409.02
19541,1799.64
19542,1909.18
19543,1607.49
19544,2200.68
19545,2779.6
19546,3000.2
19547,3020.54
19548,3500.19
19549,3012.3
19550,3200.94
19551,3182.0
19552,3200.46
19553,3012.03
19554,3500.3
19555,2376.5
19556,2712.25
19557,3000.49
19558,3000.35
19559,2372.5
19560,2500.54
19561,1999.46
19562,4200.4
19563,3920.28
19564,4151.79
19565,4805.69
19566,5000.98
19567,5499.35
19568,5499.73
19569,5000.26
19570,4900.99
19571,5000.56
19572,4978.24
19573,4750.12
19574,4655.51
19575,4200.72
19576,4200.59
19577,4500.61
19578,4500.98
19579,4700.19
19580,4700.19
19581,5020.5
19582,4400.9
19583,4815.0
19584,4805.37
19585,3400.92
19586,3040.02
19587,4020.09
19588,4240.21
19589,5000.82
19590,4189.66
19591,3849.62
19592,3700.93
19593,3990.38
19594,4106.8
19595,3000.58
19596,3000.39
19597,3000.8
19598,3252.15
19599,3001.94
19600,3001.02
19601,3040.02
19602,2850.83
19603,4102.28
19604,3600.16
19605,2850.54
19606,2900.78
19607,3756.19
19608,3620.68
19609,3000.87
19610,4000.91
19611,3900.2
19612,3900.04
19613,2999.81
19614,3191.95
19615,2412.02
19616,2722.0
19617,2670.95
19618,3000.98
19619,3815.03
19620,3300.29
19621,2850.14
19622,2900.47
19623,2819.94
19624,2500.87
19625,2126.32
19626,2126.47
19627,2629.43
19628,2670.55
19629,2092.94
19630,2092.91
19631,2092.83
19632,2092.78
19633,1832.93
19634,1977.13
19635,1832.81
19636,1840.35
19637,3400.5
19638,3400.58
19639,1617.97
19640,1617.89
19641,1499.93
19642,1799.16
19643,3815.11
19644,3815.86
19645,2473.59
19646,2133.9
19647,2801.6
19648,2900.19
19649,1617.76
19650,1832.51
19651,2159.45
19652,2800.86
19653,2485.52
19654,2500.86
19655,2485.44
19656,2500.83
19657,2500.87
19658,3658.1
19659,3118.54
19660,4000.87
19661,4200.52
19662,4650.77
19663,4501.71
19664,4200.98
19665,4200.26
19666,4200.06
19667,4199.31
19668,4199.11
19669,4200.97
19670,4805.9
19671,4200.68
19672,3995.63
19673,4012.74
19674,4012.61
19675,3901.99
19676,3565.78
19677,4805.06
19678,5499.21
19679,3500.49
19680,3230.81
19681,3239.39
19682,3339.51
19683,3001.46
19684,3001.98
19685,3499.02
19686,3499.3
19687,3369.84
19688,3369.9
19689,3152.03
19690,3200.41
19691,3369.54
19692,3118.93
19693,2803.65
19694,2803.82
19695,2849.6
19696,2849.54
19697,2317.63
19698,2490.82
19699,2600.84
19700,2800.8
19701,2670.17
19702,3020.07
19703,3400.06
19704,3252.59
19705,3039.06
19706,3400.87
19707,4805.53
19708,4900.78
19709,5498.9
19710,5498.0
19711,4900.97
19712,4499.52
19713,3658.05
19714,3531.72
19715,3400.03
19716,3302.01
19717,2784.0
19718,2800.27
19719,3302.94
19720,3750.86
19721,3658.31
19722,3400.75
19723,3523.32
19724,3000.81
19725,2500.89
19726,2500.92
19727,3559.57
19728,3000.62
19729,3310.12
19730,3450.04
19731,2900.36
19732,2499.96
19733,1800.92
19734,2090.88
19735,3039.07
19736,4100.15
19737,3815.89
19738,3888.49
19739,3000.15
19740,3012.84
19741,3356.08
19742,3500.69
19743,3888.95
19744,4100.93
19745,3700.08
19746,3600.37
19747,3189.75
19748,3029.96
19749,2950.73
19750,3189.35
19751,3350.03
19752,3500.53
19753,4520.57
19754,5000.47
19755,4750.63
19756,5500.65
19757,10001.01
19758,10005.38
19759,12000.0
19760,9997.5
19761,5530.76
19762,5499.76
19763,6989.97
19764,8197.44
19765,6000.29
19766,7919.22
19767,6010.23
19768,6500.16
19769,5499.18
19770,5499.18
19771,5000.52
19772,5000.5
19773,5000.88
19774,5000.82
19775,5000.63
19776,5000.13
19777,4639.48
19778,4370.29
19779,4000.5
19780,4000.19
19781,3580.91
19782,3580.53
19783,3118.12
19784,3118.88
19785,4000.68
19786,4000.67
19787,4000.97
19788,4032.4
19789,3009.29
19790,3009.43
19791,3450.89
19792,3500.02
19793,3980.29
19794,3832.43
19795,4000.99
19796,4139.86
19797,4200.17
19798,4400.14
19799,4200.91
19800,4500.16
19801,4499.58
19802,4640.01
19803,4700.48
19804,4805.28
19805,4499.16
19806,4200.39
19807,4200.99
19808,4249.88
19809,4200.82
19810,4200.38
19811,3690.94
19812,3523.27
19813,3191.42
19814,3310.86
19815,4500.24
19816,4151.02
19817,3658.93
19818,3658.83
19819,3500.1
19820,3658.04
19821,3815.69
19822,4000.64
19823,3815.83
19824,3815.52
19825,3000.59
19826,2817.72
19827,2920.01
19828,2817.37
19829,2499.09
19830,2500.86
19831,3200.44
19832,3700.62
19833,3711.78
19834,3815.56
19835,3450.52
19836,3600.96
19837,3700.64
19838,3815.15
19839,4500.41
19840,4151.61
19841,4900.68
19842,4700.09
19843,3980.26
19844,3815.88
19845,3815.3
19846,4000.39
19847,4012.8
19848,4700.84
19849,4830.45
19850,5003.37
19851,6207.37
19852,8219.52
19853,12000.0
19854,12000.0
19855,12000.0
19856,12000.0
19857,12000.0
19858,12000.0
19859,12000.0
19860,12000.0
19861,12000.0
19862,12000.0
19863,12000.0
19864,12000.0
19865,12000.0
19866,12000.0
19867,12000.0
19868,12000.0
19869,12000.0
19870,12000.0
19871,8990.91
19872,5499.58
19873,5499.81
19874,5499.76
19875,5493.5
19876,5000.57
19877,3869.13
19878,4151.34
19879,3600.93
19880,3540.42
19881,4151.03
19882,4151.14
19883,3250.49
19884,3191.93
19885,2969.01
19886,2900.47
19887,3540.68
19888,3510.24
19889,4229.89
19890,4784.29
19891,4751.0
19892,4750.73
19893,3570.99
19894,4499.11
19895,5000.54
19896,5000.56
19897,4989.31
19898,5150.16
19899,4940.05
19900,5000.16
19901,5000.27
19902,5000.42
19903,5150.82
19904,5000.38
19905,5150.88
19906,5150.95
19907,5150.45
19908,5150.56
19909,5150.32
19910,5150.9
19911,5300.1
19912,5300.19
19913,5000.0
19914,5000.02
19915,5000.82
19916,5000.57
19917,5000.9
19918,4989.63
19919,5000.59
19920,5000.57
19921,3500.84
19922,4000.33
19923,3815.58
19924,3815.52
19925,3009.64
19926,3400.04
19927,3700.65
19928,4151.23
19929,5050.12
19930,5999.49
19931,4353.32
19932,4200.52
19933,3500.9
19934,3700.36
19935,4200.06
19936,4500.25
19937,4499.38
19938,4700.72
19939,4200.78
19940,4353.35
19941,4354.39
19942,4450.24
19943,4700.02
19944,4700.66
19945,4989.94
19946,5959.0
19947,12000.0
19948,12000.0
19949,12000.0
19950,12000.0
19951,12000.0
19952,12000.0
19953,12000.0
19954,12000.0
19955,12000.0
19956,12000.0
19957,12000.0
19958,12000.0
19959,12000.0
19960,12000.0
19961,12000.0
19962,12000.0
19963,12000.0
19964,12000.0
19965,12000.0
19966,12000.0
19967,12000.0
19968,8219.07
19969,5800.67
19970,5499.53
19971,5499.72
19972,5499.1
19973,4700.65
19974,5000.33
19975,5100.19
19976,4750.64
19977,5000.16
19978,5000.69
19979,4800.76
19980,4800.38
19981,4359.1
19982,4700.17
19983,4649.52
19984,4200.93
19985,4232.82
19986,4800.64
19987,4200.64
19988,4700.4
19989,4200.4
19990,5000.41
19991,5499.47
19992,5199.27
19993,4830.64
19994,5424.8
19995,6000.4
19996,6500.44
19997,5750.11
19998,6000.35
19999,6500.86
20000,6000.3
20001,5959.31
20002,5842.0
20003,4649.59
20004,4200.33
20005,4599.56
20006,4599.97
20007,4649.91
20008,4994.99
20009,4649.13
20010,5499.23
20011,4649.57
20012,4784.06
20013,5799.96
20014,5800.28
20015,6500.88
20016,6069.85
20017,4353.44
20018,5959.87
20019,3888.48
20020,3888.44
20021,3191.06
20022,3200.97
20023,3500.43
20024,3540.7
20025,3888.04
20026,3888.45
20027,3700.86
20028,3815.05
20029,3815.36
20030,3888.15
20031,3405.96
20032,3815.72
20033,5000.76
20034,5200.17
20035,4655.96
20036,3900.27
20037,3995.57
20038,4012.1
20039,3600.85
20040,4150.3
20041,4000.74
20042,4450.52
20043,5000.78
20044,5499.53
20045,8000.64
20046,12000.0
20047,12000.0
20048,12000.0
20049,12000.0
20050,12000.0
20051,12000.0
20052,12000.0
20053,12000.0
20054,12000.0
20055,12000.0
20056,12000.0
20057,12000.0
20058,12000.0
20059,12000.0
20060,12000.0
20061,12000.0
20062,12000.0
20063,12000.0
20064,12000.0
20065,12000.0
20066,12000.0
20067,6497.57
20068,6498.0
20069,6989.12
20070,6469.33
20071,8219.37
20072,6000.93
20073,5959.07
20074,5959.23
20075,5499.33
20076,5499.42
20077,5498.2
20078,5499.03
20079,5499.34
20080,5499.84
20081,4700.59
20082,4700.4
20083,5959.93
20084,6000.29
20085,6000.01
20086,5959.29
20087,6000.24
20088,5639.82
20089,9000.12
20090,9000.01
20091,12000.0
20092,12000.0
20093,12000.0
20094,12000.0
20095,12000.0
20096,12000.0
20097,5499.31
20098,5499.25
20099,5959.68
20100,6469.55
20101,4649.94
20102,5499.85
20103,6060.51
20104,6283.45
20105,4338.65
20106,5210.36
20107,5378.55
20108,5378.43
20109,5378.2
20110,5378.22
20111,4655.63
20112,4655.84
20113,4229.2
20114,4339.0
20115,4649.88
20116,4649.43
20117,3500.87
20118,3963.99
20119,4200.88
20120,4200.81
20121,4878.94
20122,4926.24
20123,4229.77
20124,4830.38
20125,4353.93
20126,5510.69
20127,4655.12
20128,4500.31
20129,4850.84
20130,5498.09
20131,4001.8
20132,3888.86
20133,3550.08
20134,3108.14
20135,2369.49
20136,2630.82
20137,4012.69
20138,5000.07
20139,12000.0
20140,12000.0
20141,12000.0
20142,12000.0
20143,12000.0
20144,12000.0
20145,12000.0
20146,12000.0
20147,12000.0
20148,12000.0
20149,12000.0
20150,12000.0
20151,6499.81
20152,6499.54
20153,6499.42
20154,6499.58
20155,6000.69
20156,5799.68
20157,5329.9
20158,5349.01
20159,4150.55
20160,3999.52
20161,5639.5
20162,5639.07
20163,5499.26
20164,4200.42
20165,3963.93
20166,3963.65
20167,4200.39
20168,3559.16
20169,4000.44
20170,3980.66
20171,4230.01
20172,4700.08
20173,3500.78
20174,3963.36
20175,3500.67
20176,3300.58
20177,3500.84
20178,3536.46
20179,4350.98
20180,3540.63
20181,5004.16
20182,5007.18
20183,5000.68
20184,5200.08
20185,5000.53
20186,5200.23
20187,5200.39
20188,5499.54
20189,4496.89
20190,4495.77
20191,3869.93
20192,3419.71
20193,3500.39
20194,3500.35
20195,3500.14
20196,3450.45
20197,3500.82
20198,3500.73
20199,3500.31
20200,3500.21
20201,3500.59
20202,3300.71
20203,3250.74
20204,3250.31
20205,2900.71
20206,2900.57
20207,2485.76
20208,2600.11
20209,2155.89
20210,2485.11
20211,2900.32
20212,2900.92
20213,3000.77
20214,3279.0
20215,3339.46
20216,3360.45
20217,3500.35
20218,3500.69
20219,3500.8
20220,3900.45
20221,3450.07
20222,3500.68
20223,3658.97
20224,3658.22
20225,3658.43
20226,3815.62
20227,3500.29
20228,3540.17
20229,3658.3
20230,3600.67
20231,4000.83
20232,4000.33
20233,3888.99
20234,4353.53
20235,5350.34
20236,6989.39
20237,7400.4
20238,7400.82
20239,6499.16
20240,5999.87
20241,5500.0
20242,5500.77
20243,6499.18
20244,6499.36
20245,6500.55
20246,6499.84
20247,5499.46
20248,5349.43
20249,6499.24
20250,6499.21
20251,5500.14
20252,5499.89
20253,5150.9
20254,5150.2
20255,5150.96
20256,4940.22
20257,4506.59
20258,4500.51
20259,5150.24
20260,5150.39
20261,4075.72
20262,4075.29
20263,4170.19
20264,3700.45
20265,3559.42
20266,3421.66
20267,3999.8
20268,3999.76
20269,3999.67
20270,4151.71
20271,4151.79
20272,3999.79
20273,4000.67
20274,3999.49
20275,3421.85
20276,3540.11
20277,3179.5
20278,3179.99
20279,3001.51
20280,3020.47
20281,3750.79
20282,3999.05
20283,3350.12
20284,3550.12
20285,3501.11
20286,3250.84
20287,3032.37
20288,3032.16
20289,2519.3
20290,2519.29
20291,2501.85
20292,2412.47
20293,1919.74
20294,1919.67
20295,1919.56
20296,1919.62
20297,1919.74
20298,2050.26
20299,2500.69
20300,2500.83
20301,2485.62
20302,2485.85
20303,1899.1
20304,1899.35
20305,1699.95
20306,2250.16
20307,1519.1
20308,1453.88
20309,1399.64
20310,1453.05
20311,1499.08
20312,1499.28
20313,1499.89
20314,1900.66
20315,2689.04
20316,2750.9
20317,2125.06
20318,2126.0
20319,2019.54
20320,2019.89
20321,1649.2
20322,1649.75
20323,2500.81
20324,2500.98
20325,2630.37
20326,1453.96
20327,1519.6
20328,1519.59
20329,3279.63
20330,3721.54
20331,3900.52
20332,3900.5
20333,3250.05
20334,4012.3
20335,3999.5
20336,3999.71
20337,3999.11
20338,4501.94
20339,4600.18
20340,4600.31
20341,5800.98
20342,5500.38
20343,4012.81
20344,3999.03
20345,3229.01
20346,3229.69
20347,4012.86
20348,4151.5
20349,3189.16
20350,3118.88
20351,3118.92
20352,3118.26
673,3012.09
674,2601.5
675,3300.66
676,3300.71
677,3900.14
678,3900.76
679,3339.63
680,3151.62
681,2872.84
682,2871.33
683,2399.87
684,2399.84
685,2101.23
686,0.0
687,1623.53
688,1623.72
689,1881.57
690,2369.91
691,2815.0
692,2565.45
693,3000.09
694,3493.1
695,3545.64
696,3998.69
697,3993.13
698,3900.49
699,3888.55
700,3999.15
701,3995.92
702,3900.14
703,3888.69
704,3888.09
705,3421.4
706,3405.69
707,2994.82
708,3032.03
709,3012.18
710,3012.96
711,3999.05
712,3999.23
713,3400.04
714,3400.91
715,3118.71
716,3029.61
717,2970.31
718,3039.99
719,3029.76
720,3012.88
721,2769.78
722,2809.19
723,2900.21
724,2900.17
725,2412.14
726,2509.0
727,2800.18
728,2800.14
729,2900.98
730,3200.09
731,4000.67
732,4356.05
733,3815.2
734,3888.32
735,3756.32
736,3700.93
737,3559.22
738,3540.76
739,3450.71
740,3191.87
741,3134.88
742,3500.11
743,4700.46
744,4499.56
745,3500.13
746,3500.95
747,4400.02
748,5000.28
749,5499.91
750,5499.99
751,6642.25
752,6918.49
753,6500.34
754,6500.65
755,6999.24
756,6999.32
757,6668.07
758,6584.31
759,6229.85
760,6007.93
761,6599.44
762,6356.25
763,5649.71
764,5449.82
765,5339.23
766,4773.58
767,4655.25
768,4200.16
3649,5499.37
3650,5499.25
3651,4789.45
3652,4500.54
3653,4204.18
3654,4499.02
3655,3540.53
3656,3500.48
3657,3500.52
3658,3500.89
3659,3500.58
3660,3756.84
3661,3756.12
3662,3750.92
3663,3650.01
3664,3540.04
3665,4056.19
3666,4180.83
3667,4499.43
3668,4499.17
3669,3500.46
3670,3756.5
3671,4499.36
3672,4500.79
3673,5499.81
3674,5500.54
3675,5499.31
3676,5349.94
3677,4780.73
3678,4780.55
3679,4700.92
3680,4700.53
3681,4353.76
3682,4200.46
3683,4700.08
3684,4499.56
3685,4200.27
3686,4200.2
3687,4100.83
3688,3801.27
3689,3400.78
3690,3600.36
3691,4056.31
3692,3888.96
3693,4353.14
3694,4200.97
3695,3540.83
3696,3650.96
3697,3000.51
3698,3032.73
3699,4056.49
3700,4200.86
3701,3570.0
3702,4200.85
3703,4200.12
3704,4200.6
3705,3700.01
3706,3888.23
3707,3950.72
3708,4200.05
3709,4200.65
3710,4400.42
3711,4353.34
3712,4200.85
3713,4200.52
3714,4353.31
3715,5499.46
3716,5500.57
3717,4936.79
3718,4800.47
3719,4499.56
3720,4793.02
3721,5499.57
3722,5000.61
3723,6499.25
3724,6508.96
3725,12000.0
3726,12000.0
3727,12000.0
3728,12000.0
3729,12000.0
3730,12000.0
3731,12000.0
3732,12000.0
3733,12000.0
3734,12000.0
3735,12000.0
3736,12000.0
3737,12000.0
3738,12000.0
3739,12000.0
3740,12000.0
3741,12000.0
3742,12000.0
3743,12000.0
3744,12000.0
6337,12000.0
6338,12000.0
6339,12000.0
6340,7999.76
6341,7000.73
6342,6999.87
6343,6500.45
6344,6500.25
6345,6494.92
6346,6799.4
6347,5639.55
6348,5001.35
6349,5001.91
6350,5001.82
6351,5000.32
6352,5001.4
6353,4979.8
6354,5950.94
6355,5999.47
6356,5999.28
6357,5150.01
6358,5349.29
6359,5339.69
6360,5649.28
6361,5000.69
6362,5634.81
6363,5600.52
6364,6500.31
6365,5339.65
6366,5600.92
6367,5600.17
6368,5800.47
6369,6069.02
6370,6069.71
6371,5500.19
6372,5000.68
6373,5600.8
6374,5600.94
6375,4999.62
6376,4800.81
6377,4501.66
6378,4649.11
6379,5000.4
6380,5000.19
6381,4800.92
6382,5000.02
6383,4880.1
6384,4884.0
6385,4377.05
6386,4649.21
6387,4919.7
6388,4999.07
6389,4655.56
6390,4800.12
6391,4353.88
6392,4356.36
6393,4499.86
6394,5000.01
6395,5000.82
6396,5999.39
6397,5500.25
6398,5500.61
6399,5959.03
6400,5500.74
6401,5000.94
6402,5065.69
6403,5999.92
6404,5959.9
6405,5800.48
6406,5800.72
6407,5500.21
6408,5538.28
6409,5920.5
6410,6000.48
6411,6309.04
6412,7000.15
6413,12000.0
6414,12000.0
6415,12000.0
6416,12000.0
6417,12000.0
6418,12000.0
6419,12000.0
6420,12000.0
6421,12000.0
6422,12000.0
6423,12000.0
6424,12000.0
6425,12000.0
6426,12000.0
6427,12000.0
6428,12000.0
6429,12000.0
6430,12000.0
6431,12000.0
6432,9000.33
9313,8969.88
9314,8000.91
9315,6719.88
9316,6439.01
9317,6034.6
9318,5999.33
9319,5999.57
9320,5497.11
9321,5000.97
9322,5000.29
9323,4747.47
9324,4744.31
9325,4712.18
9326,4606.06
9327,4200.56
9328,3998.39
9329,5500.55
9330,5940.03
9331,5000.48
9332,5999.01
9333,5000.19
9334,5649.08
9335,5999.41
9336,6119.76
9337,6023.15
9338,6045.6
9339,6530.65
9340,6493.28
9341,6270.18
9342,6210.85
9343,6500.11
9344,6500.19
9345,5373.29
9346,5000.23
9347,4651.57
9348,4621.55
9349,4353.14
9350,4353.96
9351,3963.24
9352,4119.1
9353,3815.98
9354,3815.84
9355,4700.43
9356,4377.24
9357,5205.89
9358,5373.36
9359,5959.5
9360,5373.64
9361,4900.15
9362,4499.04
9363,3992.45
9364,3994.26
9365,3461.01
9366,3450.97
9367,3540.48
9368,4050.45
9369,4746.67
9370,4749.97
9371,4727.63
9372,4745.37
9373,4353.99
9374,4518.84
9375,4830.3
9376,4878.87
9377,4789.77
9378,5123.65
9379,5205.09
9380,5718.13
9381,5000.91
9382,5205.17
9383,5500.72
9384,5500.9
9385,5999.61
9386,5999.39
9387,6500.23
9388,7400.94
9389,12000.0
9390,12000.0
9391,12000.0
9392,12000.0
9393,12000.0
9394,12000.0
9395,12000.0
9396,12000.0
9397,12000.0
9398,12000.0
9399,12000.0
9400,12000.0
9401,12000.0
9402,12000.0
9403,8500.28
9404,8089.35
9405,6999.95
9406,6500.5
9407,5849.26
9408,5600.41
12193,6342.0
12194,6000.9
12195,5999.86
12196,5969.22
12197,4200.44
12198,4200.54
12199,4200.34
12200,3600.54
12201,4250.43
12202,4200.65
12203,3650.97
12204,3500.86
12205,4200.0
12206,3540.28
12207,3540.36
12208,3500.0
12209,3441.2
12210,3500.3
12211,4000.37
12212,4200.75
12213,3339.91
12214,3420.56
12215,4200.32
12216,4500.46
12217,5000.21
12218,5500.45
12219,5999.64
12220,5959.46
12221,5500.17
12222,5000.9
12223,4940.38
12224,4830.68
12225,4377.76
12226,5000.16
12227,4377.93
12228,4700.64
12229,4800.87
12230,5500.1
12231,4800.87
12232,4800.18
12233,4999.76
12234,4700.41
12235,4655.52
12236,4500.09
12237,4655.82
12238,4700.15
12239,4149.45
12240,4200.45
12241,3963.13
12242,3900.41
12243,3090.07
12244,3029.26
12245,3191.83
12246,3500.9
12247,4000.31
12248,4000.25
12249,3461.77
12250,4000.18
12251,3501.17
12252,3501.69
12253,3012.18
12254,3090.09
12255,3499.36
12256,3499.39
12257,4200.98
12258,4200.98
12259,4353.62
12260,4200.52
12261,3428.51
12262,3370.84
12263,4001.56
12264,4001.74
12265,4000.22
12266,4000.82
12267,4450.71
12268,5000.38
12269,6000.44
12270,6500.87
12271,7000.99
12272,7400.05
12273,7000.4
12274,7400.26
12275,7400.99
12276,8000.06
12277,7400.19
12278,7400.25
12279,7400.24
12280,7996.29
12281,6499.36
12282,6499.62
12283,6000.16
12284,5999.26
12285,4700.22
12286,4350.74
12287,4500.5
12288,3600.64
15169,4700.79
15170,4700.31
15171,4000.62
15172,3500.93
15173,3785.0
15174,4000.16
15175,4000.57
15176,4117.33
15177,4000.61
15178,4000.39
15179,3500.85
15180,3500.61
15181,3500.32
15182,3339.49
15183,3500.04
15184,3339.47
15185,3339.13
15186,3250.56
15187,3500.55
15188,3500.5
15189,3500.15
15190,3500.49
15191,4499.65
15192,4700.24
15193,4953.14
15194,4953.54
15195,4500.6
15196,4353.78
15197,4200.72
15198,4200.22
15199,4200.88
15200,4353.05
15201,3900.94
15202,3815.5
15203,3815.2
15204,3600.64
15205,2849.7
15206,2849.67
15207,2509.91
15208,2630.58
15209,2509.09
15210,2509.86
15211,3500.14
15212,3500.36
15213,3000.46
15214,3012.2
15215,2199.73
15216,2369.15
15217,2000.52
15218,2800.6
15219,1966.25
15220,1832.88
15221,1832.57
15222,1832.85
15223,2000.13
15224,2000.12
15225,2000.42
15226,2000.97
15227,3000.94
15228,3520.17
15229,3540.56
15230,3540.53
15231,3407.37
15232,3500.49
15233,3250.27
15234,3275.52
15235,2970.93
15236,3339.04
15237,3250.92
15238,3400.21
15239,3400.63
15240,3400.03
15241,3339.43
15242,3400.63
15243,4200.44
15244,5100.15
15245,8006.0
15246,9507.0
15247,9000.78
15248,9500.4
15249,10000.65
15250,10000.99
15251,11250.32
15252,11250.44
15253,12000.0
15254,12000.0
15255,9000.48
15256,8000.75
15257,9500.86
15258,9500.59
15259,8089.9
15260,8089.03
15261,7400.66
15262,6999.51
15263,5999.33
15264,5959.91
18049,5595.49
18050,5596.7
18051,5493.33
18052,5446.77
18053,5555.22
18054,5555.46
18055,5013.92
18056,5499.02
18057,4200.5
18058,4056.04
18059,4200.59
18060,4056.1
18061,4500.19
18062,4500.09
18063,4500.68
18064,4500.29
18065,3540.82
18066,4200.05
18067,4651.65
18068,4700.26
18069,5499.12
18070,5000.52
18071,5649.6
18072,5959.94
18073,5959.7
18074,6033.28
18075,5493.93
18076,5499.95
18077,4700.35
18078,4700.31
18079,3756.52
18080,3499.31
18081,2880.15
18082,2319.96
18083,2809.15
18084,2319.97
18085,2800.78
18086,2630.0
18087,1868.42
18088,1799.4
18089,2000.12
18090,1500.0
18091,1352.39
18092,1369.73
18093,1489.14
18094,2000.05
18095,1479.5
18096,1479.26
18097,1161.56
18098,1201.92
18099,906.84
18100,923.01
18101,500.17
18102,500.35
18103,300.76
18104,300.79
18105,300.9
18106,969.59
18107,999.41
18108,999.36
18109,999.03
18110,999.15
18111,990.83
18112,990.94
18113,999.43
18114,2260.3
18115,2260.09
18116,2369.56
18117,1832.53
18118,1832.61
18119,1632.57
18120,1632.87
18121,1500.92
18122,3250.9
18123,3250.47
18124,3409.93
18125,4250.45
18126,4991.07
18127,4240.71
18128,4500.14
18129,4200.79
18130,4112.1
18131,4450.08
18132,4499.1
18133,4160.35
18134,4012.67
18135,4595.54
18136,4595.44
18137,4499.82
18138,4450.63
18139,4001.63
18140,4000.68
18141,4112.57
18142,4000.41
18143,3700.66
18144,3499.86
21025,4050.6
21026,4000.36
21027,3400.81
21028,3499.06
21029,3499.5
21030,3400.71
21031,3500.61
21032,3499.56
21033,3339.36
21034,3400.34
21035,3000.61
21036,2901.01
21037,3000.69
21038,3012.97
21039,3029.17
21040,3082.51
21041,2866.45
21042,3135.4
21043,3135.2
21044,3135.75
21045,3000.72
21046,3012.64
21047,3400.34
21048,3400.57
21049,3756.24
21050,3756.85
21051,4260.58
21052,4260.84
21053,4260.43
21054,4353.06
21055,4000.95
21056,4000.35
21057,4000.43
21058,3815.91
21059,3815.99
21060,3815.0
21061,2881.72
21062,3249.94
21063,3400.68
21064,3461.02
21065,2850.93
21066,2991.9
21067,2620.61
21068,2750.48
21069,3000.56
21070,3050.14
21071,2966.73
21072,2800.54
21073,2000.51
21074,2000.57
21075,2000.81
21076,2000.32
21077,1398.35
21078,1398.61
21079,1832.07
21080,1832.45
21081,2809.14
21082,3170.94
21083,2000.84
21084,2599.09
21085,1769.32
21086,2039.85
21087,2790.32
21088,2800.4
21089,2369.16
21090,2992.67
21091,2843.81
21092,2843.3
21093,3815.13
21094,3815.05
21095,3339.19
21096,3339.18
21097,3499.35
21098,4500.35
21099,5354.23
21100,6000.21
21101,8000.82
21102,9000.45
21103,8000.3
21104,7000.16
21105,6000.03
21106,5200.97
21107,6500.88
21108,6219.5
21109,4940.92
21110,5000.45
21111,4580.7
21112,4750.22
21113,4749.78
21114,5000.09
21115,5000.93
21116,5000.96
21117,4749.32
21118,4500.71
21119,3895.26
21120,3499.55
24001,5520.68
24002,5959.28
24003,5499.13
24004,4838.71
24005,4200.74
24006,3550.0
24007,3550.34
24008,3501.98
24009,3003.89
24010,3003.92
24011,2809.97
24012,2811.9
24013,2809.13
24014,2854.38
24015,2766.88
24016,2797.61
24017,2809.8
24018,2852.34
24019,2894.79
24020,2889.28
24021,3339.32
24022,3506.25
24023,4850.07
24024,5003.12
24025,4200.22
24026,4346.38
24027,3889.0
24028,3888.63
24029,3012.82
24030,3440.7
24031,3329.06
24032,3440.89
24033,2866.85
24034,2866.19
24035,2369.55
24036,1997.85
24037,1832.08
24038,1832.1
24039,1832.37
24040,1832.46
24041,1832.44
24042,2000.16
24043,1832.52
24044,1832.45
24045,1489.13
24046,1494.68
24047,1500.01
24048,1832.35
24049,1832.05
24050,1832.3
24051,1832.61
24052,1832.38
24053,599.77
24054,599.81
24055,479.82
24056,989.87
24057,2369.62
24058,3000.12
24059,2260.17
24060,2500.52
24061,1832.95
24062,2000.42
24063,2867.59
24064,2997.03
24065,2867.82
24066,2867.78
24067,3419.14
24068,3500.6
24069,3419.73
24070,3751.4
24071,3339.82
24072,3262.91
24073,3003.23
24074,3920.43
24075,4501.69
24076,5000.83
24077,6520.31
24078,6520.95
24079,8000.32
24080,8000.73
24081,6500.41
24082,5969.44
24083,7849.07
24084,8520.09
24085,6998.83
24086,5830.21
24087,6499.33
24088,6139.53
24089,7028.97
24090,6499.23
24091,6299.99
24092,6299.24
24093,5949.39
24094,4999.07
24095,5349.39
24096,4500.7
26881,4199.55
26882,4199.35
26883,4146.79
26884,3860.31
26885,3860.81
26886,3499.75
26887,3860.64
26888,4146.91
26889,6030.6
26890,6030.0
26891,3500.8
26892,3029.08
26893,3012.7
26894,3002.72
26895,2610.57
26896,2585.69
26897,2000.94
26898,2449.38
26899,3550.8
26900,3700.79
26901,3500.23
26902,3860.62
26903,5498.7
26904,5520.41
26905,3860.9
26906,5498.4
26907,3860.94
26908,4346.49
26909,3499.67
26910,3500.54
26911,4353.93
26912,4355.69
26913,4355.37
26914,4353.07
26915,2720.47
26916,2508.41
26917,1832.97
26918,2169.56
26919,2500.49
26920,1832.86
26921,1832.7
26922,2217.12
26923,2000.16
26924,1832.99
26925,1832.77
26926,1832.88
26927,1832.57
26928,1832.59
26929,2154.11
26930,2154.64
26931,1832.18
26932,1832.18
26933,1199.99
26934,1700.38
26935,1832.14
26936,1832.35
26937,1832.33
26938,1832.34
26939,1832.57
26940,1832.54
26941,3050.52
26942,3179.14
26943,3250.67
26944,3507.65
26945,2450.64
26946,2910.91
26947,3000.04
26948,3550.63
26949,2399.5
26950,2499.93
26951,2179.89
26952,2209.74
26953,3500.42
26954,3500.66
26955,5692.11
26956,6000.26
26957,7999.51
26958,7500.23
26959,6000.49
26960,6000.82
26961,5500.88
26962,5500.02
26963,5001.78
26964,4999.73
26965,5000.01
26966,4999.94
26967,4750.8
26968,4750.65
26969,4999.01
26970,4749.84
26971,5000.71
26972,5000.54
26973,4200.56
26974,4000.97
26975,3995.29
26976,3995.14
29857,3860.8
29858,3860.67
29859,3860.82
29860,3860.32
29861,3250.0
29862,3001.19
29863,3261.77
29864,3416.38
29865,3416.69
29866,3339.07
29867,2994.53
29868,2992.92
29869,2991.73
29870,2991.55
29871,3012.07
29872,3339.59
29873,2969.59
29874,3339.86
29875,3140.83
29876,3650.25
29877,2850.4
29878,3500.03
29879,3860.82
29880,3860.67
29881,3599.48
29882,3860.51
29883,3815.39
29884,3499.77
29885,3815.33
29886,3815.19
29887,3499.73
29888,3499.86
29889,2620.47
29890,2176.99
29891,1999.68
29892,1999.33
29893,2620.92
29894,3179.06
29895,1832.46
29896,1832.54
29897,999.54
29898,999.54
29899,499.64
29900,499.8
29901,300.0
29902,499.3
29903,289.74
29904,422.43
29905,250.71
29906,250.63
29907,999.98
29908,999.83
29909,989.99
29910,999.28
29911,915.53
29912,999.26
29913,1832.27
29914,1596.0
29915,999.31
29916,999.74
29917,1499.44
29918,1832.7
29919,1832.71
29920,2100.98
29921,2485.02
29922,2485.57
29923,2900.63
29924,2600.07
29925,1999.36
29926,1999.31
29927,2500.03
29928,2843.34
29929,3000.09
29930,3500.74
29931,3357.05
29932,2966.71
29933,3000.16
29934,4000.06
29935,2412.5
29936,2412.9
29937,4400.94
29938,4499.45
29939,4200.59
29940,4250.85
29941,4501.31
29942,4501.2
29943,4139.8
29944,4139.79
29945,3600.46
29946,3676.0
29947,2599.0
29948,2599.15
29949,1199.71
29950,1199.6
29951,2000.63
29952,1630.29
32737,2600.06
32738,2600.2
32739,2600.88
32740,2500.22
32741,1760.04
32742,999.93
32743,3000.95
32744,3000.76
32745,4000.34
32746,3357.15
32747,3002.45
32748,2399.81
32749,2199.67
32750,2260.71
32751,2199.03
32752,2100.68
32753,2099.02
32754,2809.37
32755,3422.42
32756,3780.0
32757,3500.21
32758,3190.69
32759,3330.53
32760,3000.98
32761,4500.72
32762,4346.64
32763,4500.9
32764,3860.54
32765,3500.26
32766,3191.34
32767,3650.62
32768,3250.02
32769,3440.09
32770,3499.63
32771,2966.39
32772,2176.89
32773,2843.02
32774,2924.37
32775,2088.97
32776,2088.9
32777,4500.15
32778,3999.72
32779,3419.77
32780,2970.8
32781,3003.0
32782,3029.75
32783,2600.34
32784,2369.81
32785,3500.33
32786,3815.31
32787,3815.26
32788,3179.03
32789,1999.55
32790,1900.96
32791,3422.08
32792,3815.86
32793,3523.33
32794,3500.14
32795,3550.43
32796,4000.32
32797,3422.76
32798,3658.81
32799,3029.55
32800,3000.78
32801,3419.09
32802,3523.94
32803,3499.21
32804,3339.34
32805,2901.42
32806,2410.3
32807,3320.81
32808,3333.76
32809,3499.4
32810,4500.11
32811,4171.87
32812,4500.51
32813,5000.85
32814,5500.86
32815,5500.15
32816,5100.62
32817,6300.42
32818,6500.02
32819,8010.5
32820,7699.09
32821,9421.97
32822,10000.32
32823,7777.64
32824,8010.52
32825,7777.96
32826,8010.2
32827,7699.69
32828,6000.06
32829,6699.22
32830,5959.55
32831,3999.71
32832,3994.82
21505,5020.83
21506,5020.69
21507,5520.18
21508,4280.87
21509,3500.44
21510,3250.99
21511,3860.19
21512,3422.71
21513,3550.41
21514,3500.35
21515,3550.47
21516,3339.2
21517,3550.66
21518,3860.43
21519,3422.35
21520,3200.7
21521,3161.08
21522,3162.0
21523,3493.64
21524,3500.23
21525,3029.39
21526,3462.0
21527,3700.98
21528,3860.54
21529,3860.67
21530,4000.59
21531,3860.85
21532,3860.93
21533,4000.13
21534,3860.82
21535,3799.12
21536,3860.51
21537,3399.88
21538,3399.55
21539,3200.27
21540,2620.99
21541,3029.42
21542,3499.39
21543,2348.93
21544,2222.85
21545,2176.74
21546,2143.66
21547,3175.33
21548,3002.68
21549,1832.77
21550,1977.39
21551,1832.51
21552,2750.11
21553,1832.17
21554,1832.6
21555,2810.66
21556,3179.61
21557,1591.17
21558,1799.08
21559,2790.55
21560,2810.95
21561,3860.24
21562,3860.4
21563,3200.11
21564,3000.25
21565,3029.59
21566,3500.47
21567,3000.2
21568,2901.06
21569,2790.12
21570,3000.96
21571,2800.38
21572,2830.19
21573,2818.49
21574,3000.78
21575,2901.8
21576,2405.78
21577,2508.15
21578,3800.05
21579,4900.8
21580,6000.35
21581,6099.07
21582,6099.16
21583,8000.09
21584,8000.65
21585,7999.62
21586,9250.24
21587,7500.93
21588,9869.31
21589,9869.27
21590,9869.58
21591,6500.46
21592,6500.81
21593,7750.56
21594,7750.44
21595,8650.34
21596,8650.17
21597,8542.42
21598,6099.97
21599,7100.21
21600,6500.4
21601,4499.47
21602,4499.52
21603,3550.97
21604,3200.5
21605,2409.98
21606,2490.55
21607,3550.23
21608,3940.44
21609,3550.12
21610,3029.19
21611,2749.52
21612,2749.78
21613,2399.98
21614,2600.21
21615,2410.88
21616,2500.49
21617,2500.76
21618,3001.55
21619,3550.81
21620,3740.98
21621,2749.74
21622,3300.49
21623,4146.01
21624,4500.26
21625,3461.88
21626,3815.47
21627,3523.54
21628,3523.59
21629,3461.89
21630,3419.22
21631,3110.41
21632,3029.28
21633,2088.09
21634,2089.15
21635,3200.86
21636,3300.38
21637,2750.27
21638,2169.65
21639,1499.77
21640,1445.98
21641,1959.93
21642,1959.98
21643,1589.38
21644,1589.78
21645,1524.39
21646,1524.65
21647,2843.08
21648,2800.96
21649,1299.17
21650,1650.25
21651,1551.26
21652,1591.48
21653,1519.6
21654,1589.53
21655,2485.99
21656,2485.93
21657,1832.42
21658,2800.77
21659,2210.97
21660,2369.03
21661,2500.11
21662,2843.9
21663,2910.6
21664,2843.77
21665,2088.14
21666,2063.04
21667,2126.62
21668,2686.4
21669,1614.5
21670,1614.3
21671,1499.82
21672,1800.03
21673,3419.01
21674,3815.64
21675,3250.51
21676,4000.08
21677,4752.9
21678,5101.3
21679,5500.78
21680,5500.13
21681,5000.23
21682,4650.67
21683,3599.99
21684,4000.28
21685,4340.73
21686,4400.8
21687,3191.09
21688,2996.84
21689,3200.69
21690,3200.75
21691,4030.2
21692,4250.15
21693,3600.16
21694,4001.13
21695,3500.06
21696,3100.37
21697,3000.87
21698,3000.98
21699,3293.67
21700,3291.64
21701,2494.87
21702,2499.56
21703,2476.8
21704,2495.22
21705,2369.74
21706,1997.83
21707,1630.97
21708,1901.24
21709,3230.5
21710,3230.12
21711,3179.47
21712,2410.14
21713,1998.71
21714,1999.12
21715,2169.33
21716,2260.12
21717,3200.42
21718,3250.73
21719,3200.11
21720,3230.23
21721,3339.61
21722,3693.13
21723,3500.31
21724,3416.06
21725,3339.37
21726,3230.33
21727,4400.44
21728,4552.77
21729,3860.35
21730,2900.78
21731,2059.84
21732,2119.91
21733,1520.4
21734,2059.83
21735,506.93
21736,499.91
21737,479.39
21738,479.47
21739,199.71
21740,199.7
21741,199.77
21742,199.69
21743,200.01
21744,199.91
21745,99.46
21746,99.47
21747,90.0
21748,89.86
21749,99.07
21750,99.32
21751,399.1
21752,399.08
21753,199.85
21754,199.81
21755,389.09
21756,389.1
21757,79.64
21758,79.67
21759,799.3
21760,799.52
21761,1508.77
21762,1832.07
21763,2101.2
21764,2048.35
21765,2048.24
21766,2260.57
21767,2550.93
21768,2693.67
21769,2294.73
21770,2492.57
21771,3200.91
21772,4450.66
21773,5130.7
21774,6169.23
21775,6069.32
21776,5999.06
21777,5959.61
21778,5959.01
21779,5959.59
21780,5959.74
21781,6499.19
21782,5959.62
21783,4209.43
21784,3995.21
21785,4500.06
21786,4500.01
21787,6507.04
21788,6500.89
21789,5587.8
21790,5139.15
21791,3860.72
21792,3801.76
21793,4499.81
21794,4499.44
21795,3001.66
21796,3000.18
21797,4200.94
21798,4096.29
21799,3339.13
21800,3029.16
21801,2405.99
21802,2369.9
21803,2143.88
21804,2143.06
21805,2063.22
21806,2958.07
21807,3260.5
21808,3260.41
21809,2809.92
21810,2500.64
21811,2063.89
21812,2063.82
21813,2620.66
21814,3860.39
21815,4499.33
21816,5406.14
21817,2790.72
21818,3191.23
21819,3800.19
21820,3860.12
21821,3523.28
21822,3499.01
21823,3499.75
21824,3437.67
21825,3251.0
21826,3430.05
21827,3028.34
21828,2969.49
21829,3000.86
21830,3000.04
21831,2221.46
21832,2155.1
21833,2554.71
21834,2809.91
21835,3860.03
21836,3860.03
21837,2790.94
21838,2990.35
21839,2143.72
21840,2373.07
21841,1629.18
21842,1808.93
21843,1800.26
21844,2012.47
21845,1237.98
21846,1524.5
21847,1237.95
21848,1237.9
21849,2012.52
21850,2158.16
21851,2900.86
21852,3371.86
21853,2158.47
21854,2158.26
21855,2250.65
21856,2559.0
21857,2158.62
21858,3000.04
21859,2222.82
21860,2369.52
21861,2626.66
21862,2645.2
21863,4550.24
21864,4700.65
21865,3435.71
21866,4499.9
21867,5000.13
21868,6200.11
21869,12000.0
21870,12000.0
21871,12000.0
21872,12000.0
21873,12000.0
21874,12000.0
21875,12000.0
21876,12000.0
21877,12000.0
21878,12000.0
21879,9500.36
21880,7469.03
21881,5109.99
21882,5109.03
21883,5300.12
21884,5000.88
21885,5000.49
21886,4700.42
21887,4050.29
21888,3550.65
21889,3860.05
21890,3650.16
21891,3499.72
21892,3499.38
21893,3650.36
21894,3499.8
21895,3550.54
21896,3550.78
21897,3499.27
21898,3499.52
21899,3540.59
21900,3550.03
21901,3394.15
21902,3300.37
21903,2979.21
21904,2979.17
21905,3000.56
21906,3391.7
21907,3459.44
21908,3550.08
21909,3860.03
21910,3459.86
21911,3860.09
21912,3860.17
21913,3860.36
21914,3860.88
21915,6000.41
21916,6071.61
21917,5959.88
21918,5959.1
21919,4100.76
21920,3949.44
21921,3674.49
21922,3920.48
21923,3300.28
21924,3120.79
21925,3287.27
21926,3674.15
21927,3523.23
21928,3662.12
21929,3110.66
21930,3419.61
21931,3437.41
21932,3437.51
21933,2555.05
21934,2700.48
21935,3540.48
21936,3674.06
21937,3250.62
21938,3419.22
21939,2045.83
21940,2045.86
21941,2700.2
21942,3419.46
21943,3499.5
21944,3662.23
21945,1789.25
21946,2700.33
21947,2700.92
21948,3523.29
21949,3120.14
21950,3540.35
21951,3960.28
21952,3960.42
21953,3960.88
21954,3960.54
21955,3960.27
21956,3949.92
21957,3500.67
21958,3000.29
21959,3361.55
21960,3350.2
21961,3250.9
21962,3492.83
21963,5000.11
21964,6000.6
21965,12000.0
21966,12000.0
21967,12000.0
21968,12000.0
21969,12000.0
21970,12000.0
21971,12000.0
21972,12000.0
21973,6000.47
21974,6000.7
21975,5010.36
21976,5500.46
21977,5010.46
21978,5010.01
21979,5010.55
21980,5010.34
21981,5010.2
21982,5000.38
21983,5000.41
21984,4286.8
21985,4998.63
21986,4750.76
21987,5008.16
21988,5007.21
21989,3552.42
21990,3860.46
21991,2809.32
21992,3200.66
21993,3499.57
21994,3419.69
21995,3080.45
21996,3029.53
21997,2599.01
21998,2599.51
21999,2090.54
22000,2090.64
22001,2700.8
22002,2809.58
22003,3300.88
22004,3550.53
22005,3499.48
22006,3860.84
22007,4700.53
22008,4750.35
22009,4300.41
22010,4850.49
22011,5500.29
22012,5959.7
22013,5073.66
22014,4750.84
22015,4150.06
22016,4100.01
22017,4100.56
22018,3960.68
22019,4000.26
22020,4096.17
22021,3492.66
22022,3461.4
22023,3949.2
22024,3860.29
22025,3500.96
22026,3500.79
22027,3860.18
22028,3804.34
22029,3860.2
22030,3800.44
22031,4200.1
22032,4200.69
22033,2768.0
22034,2500.83
22035,3860.94
22036,3860.23
22037,3010.25
22038,3860.36
22039,2499.98
22040,2850.96
22041,2700.86
22042,4270.11
22043,5959.74
22044,6000.28
22045,5969.35
22046,5959.71
22047,5228.38
22048,5969.78
22049,6969.23
22050,6169.88
22051,5000.7
22052,5959.2
22053,4700.43
22054,4470.58
22055,5126.18
22056,5296.05
22057,4470.56
22058,7000.62
22059,10000.01
22060,10000.35
22061,12000.0
22062,12000.0
22063,12000.0
22064,12000.0
22065,12000.0
22066,12000.0
22067,12000.0
22068,12000.0
22069,12000.0
22070,12000.0
22071,12000.0
22072,12000.0
22073,12000.0
22074,12000.0
22075,9140.99
22076,8089.9
22077,8969.73
22078,9000.87
22079,9999.24
22080,7099.41
22081,12000.0
22082,12000.0
22083,12000.0
22084,12000.0
22085,11999.81
22086,10857.27
22087,11500.06
22088,9025.95
22089,8089.71
22090,8698.7
22091,6169.13
22092,6169.02
22093,6169.22
22094,5755.0
22095,5000.88
22096,5959.01
22097,6240.73
22098,6269.58
22099,6069.18
22100,6169.14
22101,6069.34
22102,6500.34
22103,6269.57
22104,6500.25
22105,6169.14
22106,6069.31
22107,5959.41
22108,5800.28
22109,5800.04
22110,5969.29
22111,4700.62
22112,4696.36
22113,4396.65
22114,3936.85
22115,4599.97
22116,4700.08
22117,4700.33
22118,4600.0
22119,3880.11
22120,4562.5
22121,5500.03
22122,4750.77
22123,4599.63
22124,5500.26
22125,3995.81
22126,4096.5
22127,2700.74
22128,2881.89
22129,3995.41
22130,4097.0
22131,5500.73
22132,5500.49
22133,3002.32
22134,3300.29
22135,3219.09
22136,2700.91
22137,2124.2
22138,2250.81
22139,2800.34
22140,3250.1
22141,4396.29
22142,5499.2
22143,3540.72
22144,3540.67
22145,4396.0
22146,3650.73
22147,3250.31
22148,2970.99
22149,3000.15
22150,3250.34
22151,2620.0
22152,3000.92
22153,1009.31
22154,2999.89
22155,4185.9
22156,4700.04
22157,5500.78
22158,6000.08
22159,5959.78
22160,5840.69
22161,5500.17
22162,5500.15
22163,4700.09
22164,4752.54
22165,4470.08
22166,3943.0
22167,3250.99
22168,3540.0
22169,5000.0
22170,5000.25
22171,5000.7
22172,5000.54
22173,3435.0
22174,3500.31
22175,3250.91
22176,3350.41
22177,3999.9
22178,3999.71
22179,3849.45
22180,3540.64
22181,3550.75
22182,3500.53
22183,4050.18
22184,4000.1
22185,4270.43
22186,4200.77
22187,4200.03
22188,3860.63
22189,3540.42
22190,3400.37
22191,3300.98
22192,3349.62
22193,3262.89
22194,3262.44
22195,3860.99
22196,4200.15
22197,4200.85
22198,5250.37
22199,5959.3
22200,6209.92
22201,4028.75
22202,3860.55
22203,4099.35
22204,4750.31
22205,3860.88
22206,3512.08
22207,4096.95
22208,4100.8
22209,3800.62
22210,3600.16
22211,3527.02
22212,3750.77
22213,2791.0
22214,3003.6
22215,3300.25
22216,3029.68
22217,3008.01
22218,3003.76
22219,3250.0
22220,3300.12
22221,2630.76
22222,2500.01
22223,3950.19
22224,3950.03
22225,2618.46
22226,2500.36
22227,2990.45
22228,2809.46
22229,1499.3
22230,1499.77
22231,2939.8
22232,3219.48
22233,4000.22
22234,3929.8
22235,2939.61
22236,3300.09
22237,3500.59
22238,3500.89
22239,4000.32
22240,4000.76
22241,4000.43
22242,4100.37
22243,4150.49
22244,4100.2
22245,4499.11
22246,4100.13
22247,3411.53
22248,3146.35
22249,2903.25
22250,4000.09
22251,4700.12
22252,5020.82
22253,5000.88
22254,6000.53
22255,6250.97
22256,5500.95
22257,6250.12
22258,5850.49
22259,4849.45
22260,4847.97
22261,4275.22
22262,4500.6
22263,4275.6
22264,4300.92
22265,4209.76
22266,4209.77
22267,5650.01
22268,5001.0
22269,5000.82
22270,5000.43
22271,4209.77
22272,4209.18
22273,3579.3
22274,3579.24
22275,5520.26
22276,5500.26
22277,4050.02
22278,3860.36
22279,5000.68
22280,4696.13
22281,3349.63
22282,3349.02
22283,2710.98
22284,2980.15
22285,3860.76
22286,3860.48
22287,2915.32
22288,2680.0
22289,3349.19
22290,3349.62
22291,3791.74
22292,3860.27
22293,3029.2
22294,3860.06
22295,5432.0
22296,6165.37
22297,3287.58
22298,2996.58
22299,2620.85
22300,2620.35
22301,4100.57
22302,4700.37
22303,3600.59
22304,3300.51
22305,3000.62
22306,2457.3
22307,3527.31
22308,3740.03
22309,2957.7
22310,3740.86
22311,2800.6
22312,2826.68
22313,2300.92
22314,2303.26
22315,2447.6
22316,2800.07
22317,3240.77
22318,3170.48
22319,3262.69
22320,3262.06
22321,2112.93
22322,2200.55
22323,2750.66
22324,3300.26
22325,1649.62
22326,2000.51
22327,1749.2
22328,1699.5
22329,2369.74
22330,3030.19
22331,1779.95
22332,1779.96
22333,1579.91
22334,1632.45
22335,1579.97
22336,2000.77
22337,2000.42
22338,2554.2
22339,2554.74
22340,2000.82
22341,2373.31
22342,2000.68
22343,2000.99
22344,2570.25
22345,2000.32
22346,2000.6
22347,1989.56
22348,2000.98
22349,4500.85
22350,5000.38
22351,3860.02
22352,3465.97
22353,3860.07
22354,3860.03
22355,2980.03
22356,2980.68
22357,2996.01
22358,3000.85
22359,4020.92
22360,4650.71
22361,5000.97
22362,5030.41
22363,4500.74
22364,4500.48
22365,4500.89
22366,4500.8
22367,5010.37
22368,4500.05
22369,3500.48
22370,3860.08
22371,4012.65
22372,3900.91
22373,3499.01
22374,3287.63
22375,3510.13
22376,3400.76
22377,3001.49
22378,3002.3
22379,3500.77
22380,3500.86
22381,3349.59
22382,3029.85
22383,3000.7
22384,3000.53
22385,3128.72
22386,3349.62
22387,3860.86
22388,3860.8
22389,3600.22
22390,3512.45
22391,3012.63
22392,3512.73
22393,3860.95
22394,4000.9
22395,3860.93
22396,3860.67
22397,3860.55
22398,3700.87
22399,3860.04
22400,3432.39
22401,2980.27
22402,3000.19
22403,2000.82
22404,2045.66
22405,2600.94
22406,2620.21
22407,2000.34
22408,2000.7
22409,1789.63
22410,2600.76
22411,4346.58
22412,5000.24
22413,4846.86
22414,4749.9
22415,3020.9
22416,1999.4
22417,3520.28
22418,3520.83
22419,3500.99
22420,3520.22
22421,1632.25
22422,1633.0
22423,2090.49
22424,2790.87
22425,2821.06
22426,3500.43
22427,3662.82
22428,3662.42
22429,3300.27
22430,3510.12
22431,2554.62
22432,2881.16
22433,3250.49
22434,3029.28
22435,3340.28
22436,3500.71
22437,4750.33
22438,4750.73
22439,3500.84
22440,2989.82
22441,3282.77
22442,3800.42
22443,4570.78
22444,5000.03
22445,5130.25
22446,5997.91
22447,6100.41
22448,5500.62
22449,5600.85
22450,6010.73
22451,6010.32
22452,5500.83
22453,6010.01
22454,5610.26
22455,6020.15
22456,6020.64
22457,6020.17
22458,5350.18
22459,6020.61
22460,6020.16
22461,5338.08
22462,5000.71
22463,6020.2
22464,5000.58
22465,5959.35
22466,5959.62
22467,4700.91
22468,4700.47
22469,5000.95
22470,5000.34
22471,5000.15
22472,4600.0
22473,3480.5
22474,3405.5
22475,3540.38
22476,3480.56
22477,4012.31
22478,4231.06
22479,3650.91
22480,3510.96
22481,3740.13
22482,3510.66
22483,5000.07
22484,5000.38
22485,4000.93
22486,5000.51
22487,4750.33
22488,3982.16
22489,5000.84
22490,5000.73
22491,5020.97
22492,5020.61
22493,3740.29
22494,3480.81
22495,3287.78
22496,2980.8
22497,4006.5
22498,4700.42
22499,4546.6
22500,3740.99
22501,2899.15
22502,3100.05
22503,3219.53
22504,3351.84
22505,2045.99
22506,2369.26
22507,2809.8
22508,3090.83
22509,1767.91
22510,1767.99
22511,2500.07
22512,3240.16
22513,1871.46
22514,2121.2
22515,1753.62
22516,1767.49
22517,1454.58
22518,1454.85
22519,4546.24
22520,5000.09
22521,4477.42
22522,4477.59
22523,2380.88
22524,2000.03
22525,2380.33
22526,3578.85
22527,4100.74
22528,4427.98
22529,3491.88
22530,3250.71
22531,3287.87
22532,3949.08
22533,3140.59
22534,3000.7
22535,4299.11
22536,4500.37
22537,4752.41
22538,5151.55
22539,5500.21
22540,5500.3
22541,6010.57
22542,8000.46
22543,9000.46
22544,8499.23
22545,5500.31
22546,6000.39
22547,7850.01
22548,7850.02
22549,6010.82
22550,6010.92
22551,6002.07
22552,6020.5
22553,6002.16
22554,6000.41
22555,5500.43
22556,5140.42
22557,5999.16
22558,5039.98
22559,5039.37
22560,4940.0
22561,5000.7
22562,5869.83
22563,5959.16
22564,5000.97
22565,4499.86
22566,4495.74
22567,4002.75
22568,4002.01
22569,3510.19
22570,3398.83
22571,3396.17
22572,3396.09
22573,3293.67
22574,3296.69
22575,3291.43
22576,2998.03
22577,3489.8
22578,3489.9
22579,3860.52
22580,4500.66
22581,4500.55
22582,4999.68
22583,4700.79
22584,4819.65
22585,4450.66
22586,5500.02
22587,6500.2
22588,5959.58
22589,4750.97
22590,5000.59
22591,4427.91
22592,4188.13
22593,4700.62
22594,5000.75
22595,5500.66
22596,5520.06
22597,4670.08
22598,4596.57
22599,5500.15
22600,5009.84
22601,4500.15
22602,4500.7
22603,4427.35
22604,4346.82
22605,4596.99
22606,5000.27
22607,5000.11
22608,4517.41
22609,4700.03
22610,4517.99
22611,4188.81
22612,4125.96
22613,3800.21
22614,4100.7
22615,4100.56
22616,4100.84
22617,4299.33
22618,5000.09
22619,4299.18
22620,4299.53
22621,4346.38
22622,4500.41
22623,4500.74
22624,5009.08
22625,4427.37
22626,5119.11
22627,5099.48
22628,5099.8
22629,5500.68
22630,5800.46
22631,4440.89
22632,4150.01
22633,5126.01
22634,5750.04
22635,6000.67
22636,6800.84
22637,9200.78
22638,12000.0
22639,12000.0
22640,12000.0
22641,12000.0
22642,12000.0
22643,12000.0
22644,12000.0
22645,8245.94
22646,11063.16
22647,7099.84
22648,7194.39
22649,9000.03
22650,8089.08
22651,9250.56
22652,9250.58
22653,7999.74
22654,7099.29
22655,6010.43
22656,6000.21
22657,10500.09
22658,8499.91
22659,6069.95
22660,5944.12
22661,4300.07
22662,4300.44
22663,4250.69
22664,4300.6
22665,4125.31
22666,3996.78
22667,4081.73
22668,3860.66
22669,3850.1
22670,3860.57
22671,3850.48
22672,3560.86
22673,3410.57
22674,3752.5
22675,3410.49
22676,3860.48
22677,3860.71
22678,3599.7
22679,3860.46
22680,5000.75
22681,4081.2
22682,5200.66
22683,6010.26
22684,6000.88
22685,5800.08
22686,5869.29
22687,5200.52
22688,4700.28
22689,3700.24
22690,3860.02
22691,4300.44
22692,3861.0
22693,4574.15
22694,4468.94
22695,4600.54
22696,4600.21
22697,4800.73
22698,5009.22
22699,3461.99
22700,3461.66
22701,3600.9
22702,3860.5
22703,4500.54
22704,4500.98
22705,4853.46
22706,5009.3
22707,3860.06
22708,3483.74
22709,2100.86
22710,2980.09
22711,3500.58
22712,4350.94
22713,4000.37
22714,3860.71
22715,4750.87
22716,4700.58
22717,5000.94
22718,5151.71
22719,5180.3
22720,5288.8
22721,3994.84
22722,3942.68
22723,5500.13
22724,5500.53
22725,5500.27
22726,5500.41
22727,5869.34
22728,5959.62
22729,6300.5
22730,9000.03
22731,12000.0
22732,12000.0
22733,12000.0
22734,12000.0
22735,12000.0
22736,12000.0
22737,12000.0
22738,12000.0
22739,12000.0
22740,12000.0
22741,12000.0
22742,12000.0
22743,12000.0
22744,12000.0
22745,12000.0
22746,12000.0
22747,12000.0
22748,12000.0
22749,12000.0
22750,12000.0
22751,12000.0
22752,12000.0
22753,12000.0
22754,12000.0
22755,8089.3
22756,8010.08
22757,9500.22
22758,8089.97
22759,8010.68
22760,7099.03
22761,6010.93
22762,6009.86
22763,6010.94
22764,6009.79
22765,5126.92
22766,5296.2
22767,5959.64
22768,5300.77
22769,5000.64
22770,5000.92
22771,5500.62
22772,5969.6
22773,6330.28
22774,6500.79
22775,7099.5
22776,9500.13
22777,8089.39
22778,10746.35
22779,11063.84
22780,12000.0
22781,12000.0
22782,12000.0
22783,7400.35
22784,5500.93
22785,5959.42
22786,5500.03
22787,4517.18
22788,4517.6
22789,6000.66
22790,6000.56
22791,5969.03
22792,5959.86
22793,4499.44
22794,5000.54
22795,6000.33
22796,5999.23
22797,5500.73
22798,5999.32
22799,6000.2
22800,6069.3
22801,5959.01
22802,5685.72
22803,5500.02
22804,4646.18
22805,3043.84
22806,3960.44
22807,4500.14
22808,5500.43
22809,5500.65
22810,5993.35
22811,6214.28
22812,6500.28
22813,6200.24
22814,6270.68
22815,7000.63
22816,7001.0
22817,7500.97
22818,7850.48
22819,7850.79
22820,7850.98
22821,7500.77
22822,7099.86
22823,5959.86
22824,8950.0
22825,9000.6
22826,12000.0
22827,12000.0
22828,12000.0
22829,12000.0
22830,12000.0
22831,12000.0
22832,12000.0
22833,12000.0
22834,12000.0
22835,12000.0
22836,12000.0
22837,12000.0
22838,12000.0
22839,12000.0
22840,12000.0
22841,12000.0
22842,12000.0
22843,12000.0
22844,12000.0
22845,12000.0
22846,12000.0
22847,12000.0
22848,12000.0
22849,12000.0
22850,12000.0
22851,12000.0
22852,12000.0
22853,11297.21
22854,11092.43
22855,6500.98
22856,6249.57
22857,7750.77
22858,7750.64
22859,9000.82
22860,6526.5
22861,5969.27
22862,5959.5
22863,5959.13
22864,5299.4
22865,5299.12
22866,5299.36
22867,5000.96
22868,6069.19
22869,8520.22
22870,8520.11
22871,11520.5
22872,11520.77
22873,12000.0
22874,12000.0
22875,12000.0
22876,12000.0
22877,12000.0
22878,12000.0
22879,6249.78
22880,6006.78
22881,5517.97
22882,5800.78
22883,4999.61
22884,4500.87
22885,4600.3
22886,4999.08
22887,5009.31
22888,5001.0
22889,4600.51
22890,4600.29
22891,4249.07
22892,4600.54
22893,4600.42
22894,4600.23
22895,3500.73
22896,4000.2
22897,3600.4
22898,3800.07
22899,3800.82
22900,3579.4
22901,2957.96
22902,3003.21
22903,3400.74
22904,4000.18
22905,4600.92
22906,4600.83
22907,4750.38
22908,4600.95
22909,5000.87
22910,5000.91
22911,7652.54
22912,8089.98
22913,6000.31
22914,5959.1
22915,4080.04
22916,4089.33
22917,5500.2
22918,5500.07
22919,5500.44
22920,5300.23
22921,5125.21
22922,7020.0
22923,12000.0
22924,12000.0
22925,12000.0
22926,12000.0
22927,12000.0
22928,12000.0
22929,12000.0
22930,12000.0
22931,12000.0
22932,12000.0
22933,12000.0
22934,12000.0
22935,12000.0
22936,12000.0
22937,12000.0
22938,12000.0
22939,12000.0
22940,12000.0
22941,12000.0
22942,12000.0
22943,8100.63
22944,8000.82
22945,9949.1
22946,8349.55
22947,8299.11
22948,6003.14
22949,8020.82
22950,6000.53
22951,5500.41
22952,5500.55
22953,4600.77
22954,4600.51
22955,4600.73
22956,5000.22
22957,12000.0
22958,12000.0
22959,5877.4
22960,5510.23
22961,5000.75
22962,4996.12
22963,4250.41
22964,4250.14
22965,5510.09
22966,6000.82
22967,5510.64
22968,6249.1
22969,4600.79
22970,6249.19
22971,6413.92
22972,6270.16
22973,3489.45
22974,3410.39
22975,3489.13
22976,4500.3
22977,3489.76
22978,3820.33
22979,2955.08
22980,2884.92
22981,3550.23
22982,4405.92
22983,3330.48
22984,3200.29
22985,3736.16
22986,3736.83
22987,3219.81
22988,2819.98
22989,3510.83
22990,3510.96
22991,3500.67
22992,3510.98
22993,2900.57
22994,2900.92
22995,3500.18
22996,3500.52
22997,2767.2
22998,3500.04
22999,2881.1
23000,2464.13
23001,4060.3
23002,4200.4
23003,3860.15
23004,3802.55
23005,4200.27
23006,4188.45
23007,4200.11
23008,4200.05
23009,3361.71
23010,3483.01
23011,4000.31
23012,4186.21
23013,3287.62
23014,2790.79
23015,2790.3
23016,3200.91
23017,4050.93
23018,5000.47
23019,5500.89
23020,6441.0
23021,9500.13
23022,12000.0
23023,12000.0
23024,12000.0
23025,12000.0
23026,10998.62
23027,8000.56
23028,8000.88
23029,8000.66
23030,8000.81
23031,8000.09
23032,8000.27
23033,8089.03
23034,8000.98
23035,8750.33
23036,8089.27
23037,8020.58
23038,8000.81
23039,7400.73
23040,6500.57
23041,3500.6
23042,3500.15
23043,3569.81
23044,3860.02
23045,5455.13
23046,5500.12
23047,4883.77
23048,4883.73
23049,5200.22
23050,5000.25
23051,4051.17
23052,5000.43
23053,3860.1
23054,3860.96
23055,4299.54
23056,5000.18
23057,5000.54
23058,5028.32
23059,5200.34
23060,5959.93
23061,3860.52
23062,6500.65
23063,6520.0
23064,7099.15
23065,7020.12
23066,7020.89
23067,8000.23
23068,8000.22
23069,9500.38
23070,9000.64
23071,5679.4
23072,5308.79
23073,4000.98
23074,4081.12
23075,4500.29
23076,4600.46
23077,5000.19
23078,5000.83
23079,4400.32
23080,4400.97
23081,5500.9
23082,5328.45
23083,5499.94
23084,5500.75
23085,5800.43
23086,5959.04
23087,6000.92
23088,6205.63
23089,6000.14
23090,6000.5
23091,5500.46
23092,5500.34
23093,2900.45
23094,2999.73
23095,3995.12
23096,5000.1
23097,5142.69
23098,6010.21
23099,6000.53
23100,6699.68
23101,5664.05
23102,6500.24
23103,7000.53
23104,7000.55
23105,8000.35
23106,8050.08
23107,8000.93
23108,8050.27
23109,6659.89
23110,7000.0
23111,8500.73
23112,9000.94
23113,10000.81
23114,12000.0
23115,12000.0
23116,12000.0
23117,12000.0
23118,12000.0
23119,12000.0
23120,12000.0
23121,12000.0
23122,12000.0
23123,12000.0
23124,12000.0
23125,12000.0
23126,12000.0
23127,12000.0
23128,12000.0
23129,12000.0
23130,12000.0
23131,12000.0
23132,12000.0
23133,12000.0
23134,12000.0
23135,12000.0
23136,12000.0
23137,11301.36
23138,11260.49
23139,9727.75
23140,8499.31
23141,7764.55
23142,7500.12
23143,6069.39
23144,5126.15
23145,5768.0
23146,5820.33
23147,5455.38
23148,5000.98
23149,5639.05
23150,5778.7
23151,5723.47
23152,5000.84
23153,5455.1
23154,5959.08
23155,6208.55
23156,6252.53
23157,5000.98
23158,6325.78
23159,7400.41
23160,7750.55
23161,7400.96
23162,8500.39
23163,9504.19
23164,9750.13
23165,6000.4
23166,5411.82
23167,5456.4
23168,4799.02
23169,4220.28
23170,5300.08
23171,3600.77
23172,3550.79
23173,3263.24
23174,3493.65
23175,5500.09
23176,5500.33
23177,3600.24
23178,5000.93
23179,4300.71
23180,4300.79
23181,5500.08
23182,5500.46
23183,5000.77
23184,4700.15
23185,3995.28
23186,4520.0
23187,4489.81
23188,3808.2
23189,2179.21
23190,2996.49
23191,4500.1
23192,5000.59
23193,6000.48
23194,6500.17
23195,5999.87
23196,6000.79
23197,5999.97
23198,6500.25
23199,6500.26
23200,6500.47
23201,7500.15
23202,8000.02
23203,8000.88
23204,8000.4
23205,8000.05
23206,8000.26
23207,9000.2
23208,9000.37
23209,9000.45
23210,12000.0
23211,12000.0
23212,12000.0
23213,12000.0
23214,12000.0
23215,12000.0
23216,12000.0
23217,12000.0
23218,12000.0
23219,12000.0
23220,12000.0
23221,12000.0
23222,12000.0
23223,12000.0
23224,12000.0
23225,12000.0
23226,12000.0
23227,12000.0
23228,12000.0
23229,12000.0
23230,12000.0
23231,12000.0
23232,12000.0
23233,12000.0
23234,12000.0
23235,12000.0
23236,12000.0
23237,10000.22
23238,8499.38
23239,7990.72
23240,7783.25
23241,9000.03
23242,8030.61
23243,8499.07
23244,8188.3
23245,6826.2
23246,6469.12
23247,6795.83
23248,6510.21
23249,5800.57
23250,6000.6
23251,7000.25
23252,8000.7
23253,9000.03
23254,9250.48
23255,11999.92
23256,11999.96
23257,12000.0
23258,12000.0
23259,12000.0
23260,12000.0
23261,12000.0
23262,12000.0
23263,8000.1
23264,6867.9
23265,5289.05
23266,5119.78
23267,5328.53
23268,5500.61
23269,5500.37
23270,5705.52
23271,5500.27
23272,5289.46
23273,5289.0
23274,5455.95
23275,5500.06
23276,5500.22
23277,4000.34
23278,4080.93
23279,4300.18
23280,4489.9
23281,5000.18
23282,5455.22
23283,4270.57
23284,4100.77
23285,3791.28
23286,5000.45
23287,5500.51
23288,5500.72
23289,5500.53
23290,5500.16
23291,5200.26
23292,5500.43
23293,5976.14
23294,6000.32
23295,6867.22
23296,6764.14
23297,6255.79
23298,7588.22
23299,8950.82
23300,8950.24
23301,6837.03
23302,6900.92
23303,10000.22
23304,10000.45
23305,11350.15
23306,12000.0
23307,12000.0
23308,12000.0
23309,12000.0
23310,12000.0
23311,12000.0
23312,12000.0
23313,12000.0
23314,12000.0
23315,12000.0
23316,12000.0
23317,12000.0
23318,12000.0
23319,12000.0
23320,12000.0
23321,12000.0
23322,12000.0
23323,12000.0
23324,12000.0
23325,12000.0
23326,12000.0
23327,12000.0
23328,12000.0
769,12000.0
770,12000.0
771,11250.02
772,10999.64
773,7000.85
774,7000.47
775,7400.55
776,6588.24
777,5500.45
778,5338.46
779,3999.79
780,4000.25
781,4000.19
782,3450.98
783,5500.58
784,4940.56
785,4000.97
786,4230.99
787,5500.41
788,7820.06
789,6249.73
790,7820.52
791,9250.49
792,9250.94
793,9000.29
794,9000.98
795,9000.19
796,9000.39
797,5500.5
798,5500.05
799,5500.2
800,5500.21
801,5500.17
802,5119.18
803,5455.32
804,5500.55
805,5500.12
806,5705.48
807,5800.45
808,5800.39
809,5289.78
810,5705.28
811,4999.88
812,5296.53
813,6200.51
814,6162.86
815,7100.08
816,6734.98
817,6300.73
818,7490.68
819,5296.02
820,5126.08
821,4940.42
822,4999.39
823,4999.6
824,5500.31
825,5500.37
826,5900.67
827,5900.59
828,6300.85
829,6469.56
830,8050.05
831,8188.79
832,8588.9
833,8240.37
834,8089.95
835,9550.33
836,9512.66
837,8500.94
838,8500.52
839,10000.4
840,10000.68
841,11520.8
842,12000.0
843,12000.0
844,12000.0
845,12000.0
846,12000.0
847,12000.0
848,12000.0
849,12000.0
850,12000.0
851,12000.0
852,12000.0
853,12000.0
854,12000.0
855,12000.0
856,12000.0
857,12000.0
858,12000.0
859,12000.0
860,12000.0
861,12000.0
862,12000.0
863,12000.0
864,12000.0
3745,12000.0
3746,12000.0
3747,12000.0
3748,12000.0
3749,11500.18
3750,9500.04
3751,6300.45
3752,6000.88
3753,4700.87
3754,4230.67
3755,5119.16
3756,4940.58
3757,6300.48
3758,4230.81
3759,4200.88
3760,4200.14
3761,5000.29
3762,6300.16
3763,6300.98
3764,6504.84
3765,5301.0
3766,5000.66
3767,5999.11
3768,5999.93
3769,6500.69
3770,9500.22
3771,12000.0
3772,12000.0
3773,9500.43
3774,6500.21
3775,6255.26
3776,5500.84
3777,5998.93
3778,6300.78
3779,4140.64
3780,3690.11
3781,4000.14
3782,4551.56
3783,4081.55
3784,4500.27
3785,4000.71
3786,4800.41
3787,5300.21
3788,6239.86
3789,5300.26
3790,5126.86
3791,4230.16
3792,4230.81
3793,4000.49
3794,4000.38
3795,4000.72
3796,4000.04
3797,3500.3
3798,3500.04
3799,4000.33
3800,4000.62
3801,4000.44
3802,4000.49
3803,4081.24
3804,5228.4
3805,6350.09
3806,6350.66
3807,5800.53
3808,6255.73
3809,7197.9
3810,7250.48
3811,7250.86
3812,7250.78
3813,5296.09
3814,5177.82
3815,5177.43
3816,7301.45
3817,6476.03
3818,9500.44
3819,12000.0
3820,12000.0
3821,12000.0
3822,12000.0
3823,12000.0
3824,12000.0
3825,12000.0
3826,12000.0
3827,12000.0
3828,12000.0
3829,12000.0
3830,12000.0
3831,12000.0
3832,12000.0
3833,12000.0
3834,12000.0
3835,12000.0
3836,12000.0
3837,12000.0
3838,12000.0
3839,12000.0
3840,12000.0
6433,12000.0
6434,12000.0
6435,12000.0
6436,12000.0
6437,12000.0
6438,10999.7
6439,8455.67
6440,8188.71
6441,8388.48
6442,8469.25
6443,4992.62
6444,4300.17
6445,6544.58
6446,6469.12
6447,4000.7
6448,4000.15
6449,4000.24
6450,4058.4
6451,4300.16
6452,4000.86
6453,4000.18
6454,6000.92
6455,6300.41
6456,6000.74
6457,6476.66
6458,10000.29
6459,6300.2
6460,5530.12
6461,6300.77
6462,6300.24
6463,5000.4
6464,3999.96
6465,4600.7
6466,6269.87
6467,4081.73
6468,4000.0
6469,3300.04
6470,3012.7
6471,4549.61
6472,4600.64
6473,3500.95
6474,3500.57
6475,2999.59
6476,2980.33
6477,4000.02
6478,4000.05
6479,5999.9
6480,6300.72
6481,4300.64
6482,4300.69
6483,3287.31
6484,3475.0
6485,2380.91
6486,2750.88
6487,3001.98
6488,3250.64
6489,3510.88
6490,4757.01
6491,4000.99
6492,3900.06
6493,3960.02
6494,4200.62
6495,4750.41
6496,4500.73
6497,5000.67
6498,5200.54
6499,5000.91
6500,4900.78
6501,5110.47
6502,5200.24
6503,6000.09
6504,6000.3
6505,4999.8
6506,5500.2
6507,11412.01
6508,12000.0
6509,12000.0
6510,12000.0
6511,12000.0
6512,12000.0
6513,12000.0
6514,12000.0
6515,12000.0
6516,12000.0
6517,11999.23
6518,11999.25
6519,7400.21
6520,7400.24
6521,8500.81
6522,8501.0
6523,8500.14
6524,6249.37
6525,8500.19
6526,7000.71
6527,5200.19
6528,4999.27
9409,6300.75
9410,6300.3
9411,6300.07
9412,6300.24
9413,6300.06
9414,5500.28
9415,5500.66
9416,5119.34
9417,5062.22
9418,4499.43
9419,4999.06
9420,4499.65
9421,4499.26
9422,4252.88
9423,4252.25
9424,4300.69
9425,6300.51
9426,5999.26
9427,3950.69
9428,3510.86
9429,3429.53
9430,3456.23
9431,3579.12
9432,3429.59
9433,5411.8
9434,6000.77
9435,6469.88
9436,6300.71
9437,4551.17
9438,3579.81
9439,2989.96
9440,2989.71
9441,2989.47
9442,2039.57
9443,4650.52
9444,5499.46
9445,2203.65
9446,2039.37
9447,1902.84
9448,1516.31
9449,1816.1
9450,2072.3
9451,2500.54
9452,2819.56
9453,2000.64
9454,1868.81
9455,2819.66
9456,2819.05
9457,2045.71
9458,2819.13
9459,3250.94
9460,3510.14
9461,1931.26
9462,2045.36
9463,2920.83
9464,2970.62
9465,1980.78
9466,2045.6
9467,2790.31
9468,3510.32
9469,3500.67
9470,3650.01
9471,2002.9
9472,2499.07
9473,2045.85
9474,3039.7
9475,3005.1
9476,3240.35
9477,3589.32
9478,3500.65
9479,2969.49
9480,3100.26
9481,2499.85
9482,3039.88
9483,3279.92
9484,4300.68
9485,5000.17
9486,5012.5
9487,5119.06
9488,5119.2
9489,5000.14
9490,5000.01
9491,4997.26
9492,6300.08
9493,4389.63
9494,4300.19
9495,4707.5
9496,4707.69
9497,6500.39
9498,6500.92
9499,6500.39
9500,6469.13
9501,6300.06
9502,4997.23
9503,4300.04
9504,3510.62
12289,8000.13
12290,8000.11
12291,7588.21
12292,8089.07
12293,6069.8
12294,4081.5
12295,6300.15
12296,6300.02
12297,6300.22
12298,5999.63
12299,4984.12
12300,4000.52
12301,5091.28
12302,5091.22
12303,5091.2
12304,4116.0
12305,3510.5
12306,3492.82
12307,3984.02
12308,4000.64
12309,3579.62
12310,4200.94
12311,6300.53
12312,6300.51
12313,5500.84
12314,7000.36
12315,7000.33
12316,7000.77
12317,6300.83
12318,5500.88
12319,5166.81
12320,5126.35
12321,5334.12
12322,5000.46
12323,4660.96
12324,3690.29
12325,3500.24
12326,4000.92
12327,3510.67
12328,3500.23
12329,5959.04
12330,5959.28
12331,6000.65
12332,4473.15
12333,5076.56
12334,5959.84
12335,3999.51
12336,3999.35
12337,3043.87
12338,3250.54
12339,5500.14
12340,6000.83
12341,2900.13
12342,2454.46
12343,3250.21
12344,3250.82
12345,3250.41
12346,3549.07
12347,4750.44
12348,6300.84
12349,4000.19
12350,4190.32
12351,5959.01
12352,6300.9
12353,3483.58
12354,3800.96
12355,7000.28
12356,7530.26
12357,6300.55
12358,7788.4
12359,5126.07
12360,5296.47
12361,4440.95
12362,7588.35
12363,8500.96
12364,9000.96
12365,12000.0
12366,12000.0
12367,12000.0
12368,12000.0
12369,12000.0
12370,12000.0
12371,12000.0
12372,12000.0
12373,12000.0
12374,12000.0
12375,12000.0
12376,12000.0
12377,12000.0
12378,12000.0
12379,12000.0
12380,12000.0
12381,12000.0
12382,12000.0
12383,12000.0
12384,7219.76
15265,12000.0
15266,11560.39
15267,7490.38
15268,7490.72
15269,7502.13
15270,7219.71
15271,0.0
15272,0.0
15273,0.0
15274,0.0
15275,0.0
15276,0.0
15277,9000.12
15278,8556.1
15279,6300.8
15280,6300.32
15281,6599.42
15282,7219.4
15283,7219.21
15284,6300.67
15285,5500.94
15286,6249.69
15287,5289.11
15288,5500.01
15289,6476.33
15290,6476.67
15291,7020.57
15292,7020.47
15293,6069.62
15294,6000.23
15295,5119.03
15296,4000.47
15297,5200.4
15298,5500.2
15299,5000.69
15300,5959.05
15301,5959.34
15302,5500.95
15303,6300.09
15304,6000.32
15305,4300.4
15306,4700.15
15307,4384.0
15308,4000.88
15309,5500.16
15310,6008.72
15311,6020.38
15312,6000.95
15313,6020.09
15314,6020.63
15315,4000.19
15316,3995.76
15317,2819.3
15318,2790.34
15319,3510.63
15320,5520.33
15321,6300.27
15322,6500.84
15323,5800.74
15324,4000.0
15325,6499.06
15326,6500.07
15327,7030.64
15328,7219.6
15329,6499.77
15330,6499.95
15331,8617.8
15332,8767.83
15333,7000.2
15334,7000.4
15335,6069.86
15336,6999.01
15337,4800.53
15338,7086.87
15339,9020.28
15340,12000.0
15341,12000.0
15342,12000.0
15343,12000.0
15344,12000.0
15345,12000.0
15346,12000.0
15347,12000.0
15348,12000.0
15349,12000.0
15350,12000.0
15351,12000.0
15352,12000.0
15353,12000.0
15354,12000.0
15355,12000.0
15356,12000.0
15357,12000.0
15358,12000.0
15359,7999.75
15360,7400.88
18145,9999.26
18146,9999.38
18147,9999.66
18148,9999.49
18149,7400.38
18150,6300.55
18151,6300.73
18152,7400.1
18153,5959.34
18154,6300.19
18155,5000.2
18156,5300.24
18157,7300.85
18158,7300.3
18159,5328.52
18160,5300.53
18161,7300.86
18162,8198.65
18163,5300.77
18164,5300.26
18165,4079.38
18166,5119.79
18167,6000.95
18168,6000.59
18169,6069.98
18170,6300.7
18171,6500.26
18172,6300.82
18173,6000.74
18174,6000.59
18175,6069.59
18176,5959.4
18177,4081.3
18178,3999.5
18179,4000.97
18180,4500.17
18181,6000.25
18182,6000.7
18183,6000.42
18184,6258.0
18185,3822.25
18186,3995.16
18187,4477.41
18188,6000.5
18189,5959.61
18190,6300.52
18191,6300.0
18192,6300.2
18193,5289.29
18194,4500.33
18195,3995.28
18196,3995.78
18197,3995.07
18198,3995.15
18199,4746.17
18200,5440.0
18201,3995.15
18202,4720.0
18203,6300.84
18204,5800.58
18205,6300.05
18206,6300.59
18207,8198.44
18208,8147.33
18209,6500.99
18210,6249.87
18211,5800.76
18212,5800.99
18213,4300.86
18214,4000.98
18215,5296.4
18216,4300.9
18217,5000.92
18218,5959.01
18219,8520.82
18220,12000.0
18221,12000.0
18222,12000.0
18223,12000.0
18224,12000.0
18225,12000.0
18226,12000.0
18227,12000.0
18228,12000.0
18229,12000.0
18230,12000.0
18231,12000.0
18232,12000.0
18233,12000.0
18234,12000.0
18235,12000.0
18236,12000.0
18237,12000.0
18238,12000.0
18239,9383.66
18240,7400.61
21121,5999.04
21122,6300.87
21123,7999.87
21124,6300.36
21125,6171.02
21126,6300.95
21127,6000.67
21128,6000.79
21129,5500.03
21130,4300.15
21131,5339.38
21132,4500.76
21133,3999.42
21134,3999.58
21135,4190.34
21136,4190.2
21137,5959.35
21138,7490.2
21139,3909.64
21140,3999.68
21141,4500.25
21142,4500.51
21143,4900.62
21144,5289.39
21145,6000.74
21146,6249.58
21147,6000.3
21148,5500.24
21149,4500.66
21150,3760.51
21151,5200.94
21152,5530.77
21153,4149.66
21154,4000.71
21155,3999.24
21156,3349.7
21157,4500.82
21158,4500.75
21159,3900.37
21160,3349.72
21161,3289.94
21162,3289.24
21163,3479.54
21164,3489.89
21165,4000.09
21166,4000.89
21167,3287.63
21168,3492.87
21169,3510.84
21170,3800.94
21171,2989.7
21172,3039.01
21173,2969.08
21174,5500.29
21175,3500.34
21176,3500.97
21177,6002.15
21178,6300.4
21179,5289.16
21180,5119.68
21181,4079.91
21182,5500.86
21183,6300.68
21184,6300.19
21185,5800.98
21186,5800.63
21187,4500.12
21188,4350.28
21189,5500.74
21190,6050.24
21191,6000.46
21192,5801.0
21193,8000.1
21194,8000.44
21195,9500.7
21196,12000.0
21197,12000.0
21198,12000.0
21199,12000.0
21200,12000.0
21201,12000.0
21202,12000.0
21203,12000.0
21204,12000.0
21205,12000.0
21206,12000.0
21207,12000.0
21208,12000.0
21209,7400.92
21210,7999.44
21211,12000.0
21212,12000.0
21213,11999.47
21214,8000.8
21215,7400.43
21216,5126.46
24097,4999.91
24098,6300.38
24099,5339.34
24100,5339.16
24101,7704.18
24102,6744.61
24103,6300.65
24104,6300.03
24105,4081.35
24106,4081.67
24107,5959.25
24108,5126.63
24109,7740.63
24110,8000.2
24111,7219.7
24112,6599.77
24113,7219.37
24114,7219.56
24115,4079.99
24116,4079.05
24117,5500.37
24118,4686.11
24119,6000.65
24120,6000.48
24121,6635.38
24122,8788.02
24123,7740.34
24124,8000.02
24125,8299.02
24126,8328.69
24127,5289.26
24128,4000.7
24129,4000.32
24130,4000.95
24131,4746.06
24132,4000.19
24133,5959.09
24134,5019.39
24135,3175.0
24136,2980.53
24137,5500.26
24138,3650.45
24139,2969.42
24140,3012.93
24141,3039.66
24142,3039.5
24143,5500.32
24144,5500.6
24145,3001.01
24146,3039.79
24147,3001.94
24148,3039.98
24149,2868.74
24150,3076.0
24151,3300.99
24152,4240.13
24153,3400.37
24154,4560.0
24155,5850.43
24156,6533.58
24157,5800.5
24158,5800.7
24159,6019.73
24160,5800.92
24161,3489.48
24162,4079.38
24163,5800.98
24164,6300.37
24165,3900.39
24166,3240.72
24167,3138.67
24168,5012.86
24169,6300.56
24170,6300.45
24171,7373.26
24172,9500.9
24173,12000.0
24174,12000.0
24175,12000.0
24176,12000.0
24177,12000.0
24178,12000.0
24179,12000.0
24180,12000.0
24181,12000.0
24182,12000.0
24183,9999.45
24184,9500.47
24185,9999.46
24186,12000.0
24187,12000.0
24188,12000.0
24189,9999.46
24190,9000.19
24191,9000.48
24192,9000.1
26977,12000.0
26978,12000.0
26979,12000.0
26980,12000.0
26981,9999.41
26982,8639.41
26983,8588.74
26984,8500.31
26985,8676.31
26986,8676.97
26987,8676.17
26988,8328.2
26989,7219.3
26990,7219.38
26991,6000.81
26992,5003.73
26993,4252.65
26994,5499.33
26995,4051.29
26996,3999.47
26997,3431.14
26998,3400.19
26999,4200.54
27000,3999.94
27001,4800.37
27002,5888.0
27003,7400.06
27004,6300.55
27005,4355.04
27006,4400.48
27007,4450.39
27008,3999.07
27009,3999.87
27010,3999.13
27011,3099.18
27012,2839.43
27013,3200.62
27014,2580.55
27015,3310.94
27016,3000.64
27017,2709.11
27018,2800.39
27019,3250.24
27020,3200.61
27021,6000.1
27022,6000.39
27023,5959.36
27024,4240.09
27025,4001.01
27026,5500.68
27027,3510.03
27028,3012.89
27029,1899.55
27030,1989.65
27031,3510.73
27032,6000.03
27033,6019.69
27034,6300.15
27035,5500.06
27036,4750.08
27037,3359.51
27038,4001.97
27039,4350.47
27040,5959.03
27041,3483.27
27042,3483.49
27043,3500.22
27044,3500.26
27045,1498.53
27046,1799.11
27047,2976.09
27048,3081.05
27049,4735.19
27050,6255.06
27051,9002.15
27052,10000.35
27053,12000.0
27054,12000.0
27055,9000.19
27056,8000.96
27057,6500.47
27058,6500.84
27059,5500.61
27060,5800.57
27061,8000.44
27062,8000.85
27063,5959.74
27064,5090.94
27065,7400.87
27066,7499.59
27067,8000.5
27068,8000.08
27069,4981.38
27070,4376.3
27071,4000.74
27072,3995.78
29953,7219.25
29954,6999.68
29955,6300.95
29956,6300.86
29957,6300.33
29958,6300.64
29959,5959.58
29960,4252.6
29961,6300.26
29962,5959.71
29963,6001.91
29964,5959.13
29965,4499.85
29966,4499.23
29967,3771.94
29968,3650.96
29969,3600.13
29970,4000.69
29971,3590.3
29972,3250.67
29973,3250.51
29974,4677.16
29975,4000.67
29976,4000.24
29977,3249.89
29978,4000.44
29979,5339.25
29980,4900.38
29981,3262.53
29982,3262.3
29983,2929.41
29984,2780.8
29985,1999.96
29986,1999.19
29987,1832.24
29988,1832.17
29989,1510.57
29990,1510.92
29991,900.01
29992,599.83
29993,150.85
29994,150.97
29995,140.98
29996,199.06
29997,140.7
29998,140.89
29999,250.46
30000,250.9
30001,2500.74
30002,3590.34
30003,2500.19
30004,2000.59
30005,120.76
30006,137.95
30007,2000.92
30008,2500.22
30009,2500.31
30010,2500.7
30011,3500.59
30012,3520.11
30013,2943.38
30014,3557.12
30015,1832.73
30016,1999.13
30017,1832.3
30018,1854.64
30019,1832.19
30020,1832.18
30021,2703.06
30022,3109.2
30023,2999.39
30024,3119.57
30025,3230.16
30026,3450.82
30027,4249.67
30028,4249.37
30029,4708.64
30030,5080.82
30031,5332.09
30032,5001.55
30033,4247.59
30034,4520.35
30035,3999.88
30036,3968.87
30037,3989.59
30038,4299.45
30039,4350.23
30040,4249.71
30041,4520.47
30042,4520.21
30043,6100.43
30044,5650.51
30045,3456.88
30046,3502.3
30047,3590.23
30048,3600.16
32833,2580.53
32834,3019.08
32835,3119.84
32836,3249.37
32837,3250.12
32838,3001.92
32839,3400.4
32840,3249.31
32841,3249.45
32842,3546.09
32843,3097.5
32844,2500.5
32845,1975.49
32846,1826.06
32847,2709.52
32848,3510.36
32849,3077.31
32850,3077.35
32851,2929.75
32852,2929.28
32853,2719.51
32854,2719.66
32855,2800.74
32856,3000.59
32857,1899.8
32858,2868.63
32859,3090.28
32860,3350.53
32861,3500.04
32862,3249.64
32863,3595.37
32864,3500.26
32865,3249.46
32866,3119.79
32867,2626.0
32868,1799.82
32869,1712.25
32870,1832.04
32871,2872.28
32872,2709.22
32873,1832.42
32874,1832.66
32875,2005.13
32876,2000.61
32877,499.7
32878,1440.2
32879,998.34
32880,998.39
32881,0.0
32882,0.0
32883,2610.13
32884,2000.29
32885,199.91
32886,300.35
32887,166.0
32888,199.47
32889,1500.9
32890,2969.31
32891,3250.23
32892,3250.77
32893,2579.24
32894,2709.68
32895,2929.87
32896,2979.66
32897,2899.71
32898,2922.7
32899,3250.07
32900,3250.01
32901,3500.31
32902,3500.62
32903,4440.68
32904,4440.41
32905,3690.86
32906,3999.31
32907,4440.12
32908,4444.7
32909,5500.1
32910,5959.66
32911,5500.42
32912,5500.42
32913,5500.17
32914,5500.51
32915,5012.6
32916,5100.36
32917,4060.0
32918,3982.5
32919,5012.44
32920,5101.68
32921,5012.25
32922,5012.69
32923,4200.03
32924,3999.7
32925,3999.45
32926,3999.18
32927,3250.44
32928,3000.0
24481,3940.94
24482,3940.28
24483,4596.03
24484,4596.17
24485,4700.61
24486,4501.88
24487,3940.76
24488,3940.73
24489,3700.6
24490,3700.36
24491,3700.89
24492,3100.12
24493,2700.56
24494,2867.43
24495,2741.59
24496,2900.49
24497,3465.38
24498,3249.99
24499,3594.91
24500,3510.31
24501,3700.21
24502,4100.51
24503,3700.96
24504,3949.69
24505,3674.62
24506,3630.78
24507,4156.87
24508,4200.7
24509,4750.1
24510,4500.37
24511,5000.12
24512,4100.97
24513,3438.0
24514,3138.0
24515,3510.44
24516,3012.89
24517,3300.15
24518,3200.91
24519,2720.0
24520,2765.7
24521,2800.29
24522,2800.26
24523,3630.77
24524,3900.6
24525,2770.17
24526,2929.32
24527,2950.5
24528,3089.99
24529,1899.6
24530,2469.11
24531,1832.3
24532,1832.41
24533,1589.06
24534,1832.06
24535,2490.79
24536,2770.34
24537,2531.6
24538,2900.34
24539,1869.19
24540,2469.3
24541,2709.21
24542,3039.78
24543,3250.37
24544,3250.78
24545,3081.69
24546,3300.12
24547,2899.92
24548,2979.88
24549,3365.76
24550,3949.59
24551,4500.8
24552,4857.84
24553,4870.87
24554,4750.3
24555,5080.11
24556,6000.22
24557,6047.82
24558,7500.34
24559,6000.59
24560,5959.57
24561,4868.73
24562,4868.36
24563,4300.0
24564,4500.25
24565,4200.92
24566,3880.91
24567,3801.59
24568,4501.4
24569,4365.43
24570,4221.06
24571,4715.94
24572,4712.55
24573,3960.31
24574,3960.21
24575,3450.57
24576,3391.47
24577,5000.06
24578,4519.46
24579,3940.52
24580,3940.17
24581,3940.39
24582,3799.54
24583,3500.81
24584,3249.26
24585,3119.81
24586,3249.05
24587,3940.23
24588,3940.11
24589,3249.46
24590,3249.66
24591,2929.43
24592,2020.59
24593,2580.58
24594,3389.82
24595,3940.08
24596,3997.49
24597,3500.56
24598,4100.79
24599,4100.99
24600,6000.13
24601,4100.08
24602,3949.93
24603,5959.37
24604,5000.39
24605,6000.62
24606,5008.51
24607,3940.72
24608,3250.38
24609,2876.0
24610,2480.72
24611,2539.67
24612,2480.85
24613,3500.1
24614,3500.91
24615,2369.21
24616,2389.6
24617,2000.79
24618,2500.02
24619,1999.36
24620,1879.6
24621,3102.94
24622,3104.04
24623,3650.65
24624,3510.4
24625,3016.0
24626,3368.0
24627,1999.58
24628,1835.5
24629,1780.7
24630,1999.18
24631,3260.0
24632,3510.22
24633,2000.19
24634,2821.22
24635,2770.08
24636,2929.49
24637,3437.78
24638,3119.07
24639,3523.53
24640,4000.33
24641,3510.46
24642,3662.29
24643,3500.15
24644,3997.01
24645,3662.55
24646,4000.02
24647,3997.2
24648,4500.33
24649,4484.12
24650,4519.99
24651,5000.66
24652,5012.28
24653,6000.54
24654,6000.06
24655,5500.23
24656,5001.13
24657,4300.96
24658,4383.0
24659,3656.02
24660,4221.47
24661,3031.95
24662,3250.22
24663,3250.75
24664,3450.34
24665,3799.69
24666,4530.0
24667,6501.77
24668,5012.05
24669,3230.68
24670,3049.2
24671,4500.35
24672,4300.32
24673,3940.65
24674,3940.64
24675,3991.25
24676,3839.25
24677,2988.97
24678,2984.25
24679,2987.09
24680,2800.43
24681,2900.93
24682,2929.28
24683,3250.94
24684,3207.74
24685,3542.67
24686,3668.33
24687,3249.93
24688,3119.72
24689,2600.5
24690,2899.6
24691,2920.52
24692,3000.79
24693,2319.13
24694,2329.04
24695,3012.94
24696,3300.39
24697,3500.68
24698,3878.4
24699,5001.19
24700,5380.03
24701,5400.36
24702,5000.44
24703,5599.01
24704,4885.5
24705,3500.9
24706,3238.86
24707,3238.28
24708,3662.98
24709,3662.85
24710,3674.26
24711,2580.78
24712,2480.81
24713,3645.01
24714,3662.64
24715,3400.61
24716,3093.5
24717,2821.7
24718,2999.01
24719,2750.49
24720,2554.23
24721,2166.54
24722,1999.64
24723,2821.93
24724,2850.37
24725,2691.09
24726,3006.92
24727,2999.36
24728,3499.47
24729,3140.81
24730,3630.83
24731,3775.0
24732,4000.07
24733,2821.38
24734,2989.47
24735,2929.53
24736,2813.0
24737,4100.54
24738,6000.08
24739,2999.66
24740,3510.7
24741,2691.5
24742,2801.94
24743,4000.56
24744,4500.02
24745,4500.46
24746,5088.0
24747,8000.29
24748,8000.63
24749,8500.04
24750,7229.99
24751,6494.76
24752,6039.03
24753,4859.36
24754,4800.64
24755,3900.18
24756,3969.36
24757,3382.06
24758,3380.41
24759,3300.71
24760,3700.06
24761,3000.05
24762,3005.65
24763,2680.8
24764,2469.39
24765,3250.82
24766,2642.75
24767,2000.78
24768,1999.29
24769,3630.61
24770,3630.27
24771,3031.77
24772,3000.97
24773,2480.46
24774,2014.0
24775,2580.9
24776,2580.39
24777,2230.39
24778,1949.8
24779,2000.6
24780,2099.73
24781,2580.67
24782,2950.18
24783,2410.68
24784,2099.63
24785,2100.22
24786,3259.93
24787,3500.12
24788,3630.08
24789,2063.3
24790,3081.23
24791,2869.14
24792,3012.08
24793,3103.04
24794,3300.52
24795,3229.72
24796,3050.74
24797,3523.97
24798,3500.06
24799,3523.77
24800,3049.36
24801,2869.58
24802,2869.15
24803,2580.53
24804,2580.61
24805,3259.49
24806,3510.14
24807,2641.18
24808,2200.28
24809,1978.35
24810,1880.87
24811,2580.96
24812,2580.84
24813,2630.14
24814,2630.08
24815,2010.65
24816,2211.0
24817,1832.44
24818,1899.93
24819,2217.67
24820,2114.0
24821,1832.01
24822,1798.62
24823,1832.55
24824,2063.14
24825,1920.64
24826,2063.45
24827,1832.87
24828,2063.93
24829,1934.5
24830,1999.26
24831,2217.86
24832,2750.88
24833,3500.05
24834,3630.94
24835,3872.36
24836,4000.61
24837,3978.02
24838,3150.1
24839,2641.34
24840,3409.05
24841,3523.67
24842,3523.09
24843,4519.52
24844,5080.38
24845,6000.46
24846,5400.62
24847,4869.64
24848,4869.78
24849,3900.11
24850,3899.13
24851,4450.5
24852,4600.25
24853,4300.44
24854,4000.38
24855,3690.14
24856,3521.07
24857,3700.83
24858,4440.16
24859,5959.15
24860,3700.98
24861,3200.07
24862,3229.17
24863,3510.45
24864,3250.35
24865,2500.29
24866,2600.77
24867,2600.14
24868,2500.31
24869,2225.37
24870,2050.91
24871,3001.79
24872,3006.36
24873,3050.79
24874,2750.16
24875,2292.0
24876,2310.99
24877,1835.15
24878,1835.97
24879,1999.61
24880,2000.48
24881,1999.02
24882,3200.16
24883,2750.32
24884,3518.22
24885,3100.83
24886,3576.1
24887,3500.32
24888,3630.41
24889,3510.42
24890,4800.23
24891,7219.42
24892,5959.98
24893,3389.7
24894,3229.52
24895,2899.72
24896,2899.81
24897,3510.21
24898,3630.38
24899,3500.19
24900,3280.19
24901,3500.09
24902,3510.53
24903,2796.67
24904,1959.21
24905,1835.17
24906,1849.14
24907,1829.61
24908,1819.33
24909,2641.29
24910,2599.87
24911,2099.74
24912,2350.72
24913,2630.89
24914,3050.66
24915,2970.38
24916,2641.44
24917,2220.0
24918,2219.92
24919,2217.45
24920,2641.33
24921,2799.07
24922,3099.13
24923,2641.92
24924,2750.18
24925,2641.31
24926,2810.12
24927,2868.44
24928,3280.31
24929,2833.7
24930,3280.47
24931,3280.26
24932,3510.19
24933,3200.5
24934,3600.54
24935,4000.32
24936,4168.03
24937,4499.9
24938,5959.73
24939,6000.96
24940,8000.19
24941,11000.54
24942,11000.2
24943,8000.43
24944,6271.08
24945,5001.54
24946,4980.38
24947,4200.02
24948,4221.36
24949,3500.73
24950,3250.43
24951,3481.5
24952,3500.51
24953,4440.68
24954,4440.81
24955,5959.15
24956,5100.5
24957,3500.13
24958,3500.9
24959,3968.4
24960,3391.69
24961,5959.75
24962,5020.69
24963,4969.5
24964,4444.57
24965,4969.61
24966,4200.53
24967,3995.82
24968,3792.0
24969,3630.82
24970,3600.97
24971,3630.19
24972,3600.64
24973,3630.39
24974,3630.55
24975,3499.89
24976,3300.07
24977,3019.53
24978,3259.78
24979,3630.69
24980,4000.6
24981,3630.57
24982,4200.06
24983,5129.07
24984,4800.92
24985,4900.49
24986,4730.5
24987,7184.29
24988,5248.72
24989,5129.46
24990,3630.93
24991,4000.01
24992,3500.72
24993,3382.88
24994,2580.46
24995,3200.31
24996,3382.85
24997,3382.63
24998,3382.75
24999,2833.85
25000,2710.1
25001,2699.25
25002,2641.14
25003,2000.03
25004,2469.12
25005,2509.0
25006,2588.5
25007,3280.61
25008,3280.11
25009,2881.05
25010,3280.6
25011,3280.34
25012,2929.58
25013,3280.6
25014,3280.9
25015,2979.45
25016,2833.73
25017,2899.18
25018,3280.84
25019,3099.54
25020,3280.75
25021,3099.7
25022,3630.41
25023,3280.76
25024,3630.61
25025,4152.14
25026,4300.28
25027,4240.19
25028,4132.2
25029,4132.59
25030,4440.99
25031,5200.8
25032,6000.47
25033,5350.36
25034,6000.81
25035,8008.53
25036,12000.0
25037,12000.0
25038,12000.0
25039,12000.0
25040,10999.92
25041,7219.72
25042,8332.0
25043,7219.64
25044,6500.61
25045,8830.57
25046,9500.44
25047,8000.28
25048,8366.28
25049,7219.08
25050,6051.88
25051,8499.03
25052,8366.63
25053,6499.04
25054,6000.3
25055,5339.9
25056,5000.65
25057,4000.63
25058,4000.06
25059,4220.9
25060,4969.5
25061,5959.01
25062,5959.07
25063,4000.39
25064,3615.99
25065,3630.67
25066,3611.5
25067,3630.61
25068,3650.1
25069,4000.38
25070,4412.37
25071,4000.7
25072,4125.3
25073,4994.3
25074,5129.28
25075,6000.36
25076,6000.86
25077,7129.84
25078,7020.58
25079,5339.59
25080,5339.05
25081,5500.62
25082,6745.08
25083,8000.17
25084,7354.0
25085,8000.63
25086,8000.4
25087,4700.82
25088,4221.71
25089,4500.69
25090,4500.62
25091,5059.89
25092,4152.62
25093,4599.26
25094,3827.27
25095,4000.16
25096,4000.38
25097,3238.91
25098,3285.92
25099,4969.2
25100,4949.51
25101,4000.3
25102,4000.37
25103,3630.86
25104,3820.71
25105,3630.72
25106,3737.19
25107,3620.83
25108,3624.71
25109,2979.92
25110,3029.76
25111,3325.91
25112,3471.34
25113,3490.27
25114,3449.92
25115,3279.4
25116,3279.98
25117,3800.37
25118,3500.07
25119,4132.45
25120,4969.47
25121,3379.96
25122,3523.52
25123,4949.23
25124,4516.2
25125,5000.26
25126,6000.65
25127,7000.19
25128,6000.09
25129,6000.56
25130,8830.44
25131,12000.0
25132,12000.0
25133,12000.0
25134,12000.0
25135,12000.0
25136,12000.0
25137,12000.0
25138,12000.0
25139,6000.31
25140,6000.75
25141,4629.46
25142,4750.74
25143,3818.58
25144,3574.57
25145,3230.13
25146,4735.5
25147,5959.42
25148,5959.34
25149,4989.37
25150,4969.44
25151,4250.02
25152,3391.48
25153,3500.44
25154,3285.19
25155,3582.51
25156,3850.4
25157,4969.33
25158,4200.12
25159,3250.85
25160,3238.73
25161,3531.74
25162,3250.57
25163,3238.41
25164,3502.34
25165,3543.81
25166,3543.48
25167,3500.96
25168,3500.99
25169,3543.4
25170,3543.76
25171,4020.75
25172,4252.44
25173,3737.08
25174,3737.98
25175,3523.24
25176,3800.41
25177,4219.81
25178,5520.72
25179,4750.62
25180,4219.48
25181,4221.14
25182,4000.78
25183,3285.84
25184,2999.95
25185,3920.93
25186,4132.11
25187,4132.44
25188,3737.63
25189,4334.35
25190,4334.28
25191,3715.29
25192,3512.2
25193,3001.69
25194,2801.15
25195,2570.91
25196,2908.49
25197,3020.47
25198,3500.26
25199,4132.82
25200,4500.14
25201,3036.26
25202,3500.97
25203,2840.43
25204,2699.0
25205,1999.69
25206,1999.32
25207,2938.62
25208,3110.81
25209,2790.97
25210,2938.32
25211,3690.6
25212,4969.48
25213,3523.6
25214,2938.5
25215,2752.06
25216,2929.45
25217,2900.59
25218,3031.66
25219,4969.62
25220,5000.17
25221,7200.49
25222,7200.82
25223,4969.02
25224,4529.47
25225,3319.0
25226,4219.37
25227,10000.69
25228,12000.0
25229,12000.0
25230,9995.25
25231,7200.26
25232,6500.02
25233,4859.46
25234,4859.29
25235,4499.44
25236,4500.93
25237,4000.32
25238,3995.8
25239,3721.55
25240,3721.64
25241,4420.23
25242,4420.01
25243,4420.09
25244,4420.42
25245,3379.36
25246,3250.81
25247,3029.76
25248,2922.98
25249,2800.89
25250,2480.85
25251,4969.09
25252,4624.16
25253,4969.05
25254,4969.46
25255,4619.43
25256,3630.17
25257,3630.03
25258,3000.49
25259,3200.9
25260,3502.27
25261,3630.46
25262,3630.42
25263,3630.83
25264,3630.68
25265,3630.15
25266,3630.99
25267,3630.01
25268,3200.3
25269,2850.12
25270,2850.9
25271,3382.14
25272,3630.37
25273,3500.28
25274,4500.84
25275,4860.79
25276,4500.13
25277,4132.49
25278,4200.27
25279,4132.61
25280,3630.97
25281,3737.1
25282,3400.3
25283,3737.94
25284,3737.7
25285,3300.84
25286,3250.14
25287,3051.69
25288,3128.41
25289,2389.59
25290,2600.12
25291,3012.98
25292,3020.2
25293,3230.2
25294,3250.31
25295,3099.15
25296,3100.19
25297,2908.1
25298,2833.67
25299,2833.34
25300,3500.43
25301,3000.54
25302,2840.3
25303,2641.13
25304,2641.0
25305,2599.19
25306,2641.0
25307,2250.71
25308,2370.68
25309,2800.48
25310,2833.15
25311,2599.9
25312,3010.63
25313,3500.17
25314,3650.75
25315,3400.56
25316,3250.39
25317,3382.17
25318,3600.46
25319,3219.65
25320,3279.97
25321,4700.22
25322,5000.99
25323,9500.04
25324,8500.56
25325,10000.54
25326,6500.96
25327,5800.27
25328,5500.11
25329,4989.31
25330,4419.74
25331,4420.04
25332,4252.97
25333,4019.8
25334,4019.69
25335,3630.45
25336,3500.59
25337,3177.31
25338,3279.57
25339,3002.35
25340,3029.43
25341,3140.0
25342,3026.67
25343,3280.12
25344,2899.67
25345,3200.41
25346,3031.07
25347,3020.26
25348,3000.05
25349,2500.05
25350,2500.18
25351,2500.77
25352,2570.66
25353,2009.83
25354,2500.55
25355,2095.15
25356,2000.88
25357,1919.73
25358,1919.94
25359,2200.31
25360,1919.37
25361,2570.75
25362,3502.88
25363,3500.71
25364,3502.71
25365,2232.9
25366,2112.25
25367,2070.63
25368,2379.4
25369,3690.64
25370,5000.11
25371,4000.73
25372,3450.13
25373,3700.74
25374,3036.83
25375,4000.25
25376,3250.1
25377,2310.19
25378,2003.91
25379,3300.67
25380,3009.3
25381,2730.67
25382,2699.12
25383,2424.4
25384,1899.57
25385,3001.36
25386,2929.45
25387,2929.4
25388,2833.37
25389,1949.98
25390,1949.71
25391,1780.31
25392,1817.42
25393,1798.7
25394,2599.06
25395,2510.03
25396,2310.72
25397,1588.71
25398,1588.4
25399,1798.33
25400,2108.0
25401,1817.47
25402,2200.72
25403,1588.74
25404,1588.67
25405,2750.3
25406,2970.09
25407,2833.02
25408,3210.64
25409,3280.22
25410,3280.1
25411,3200.38
25412,3280.09
25413,3280.36
25414,3280.41
25415,3523.21
25416,4334.49
25417,4671.79
25418,5800.5
25419,12000.0
25420,12000.0
25421,12000.0
25422,12000.0
25423,6500.36
25424,5000.78
25425,4000.73
25426,4119.67
25427,4150.85
25428,4700.61
25429,3500.81
25430,4001.19
25431,3500.38
25432,3500.38
25433,3512.9
25434,4001.55
25435,3800.9
25436,3512.64
25437,3280.89
25438,3280.52
25439,3500.36
25440,3029.26
25441,3230.03
25442,2870.84
25443,2400.64
25444,2309.33
25445,2200.62
25446,2570.44
25447,2020.61
25448,1959.69
25449,1899.94
25450,1943.07
25451,1899.74
25452,1899.33
25453,1869.61
25454,1869.47
25455,1789.63
25456,1819.11
25457,1840.09
25458,2600.49
25459,2500.43
25460,2750.47
25461,1869.14
25462,1899.7
25463,2370.0
25464,2599.4
25465,3000.86
25466,3499.46
25467,3721.55
25468,3499.95
25469,3500.66
25470,3382.35
25471,3250.99
25472,2979.68
25473,2999.9
25474,2570.12
25475,2500.34
25476,2300.66
25477,1889.52
25478,2761.9
25479,3120.36
25480,3009.81
25481,2641.38
25482,2400.7
25483,2250.41
25484,2217.36
25485,1749.72
25486,1749.84
25487,1399.81
25488,1399.97
25489,999.97
25490,1049.12
25491,2217.05
25492,2217.26
25493,899.66
25494,899.86
25495,999.49
25496,999.52
25497,999.94
25498,2063.49
25499,2063.98
25500,2217.45
25501,2063.14
25502,2063.51
25503,1832.99
25504,2063.85
25505,2370.48
25506,2400.06
25507,2370.57
25508,2900.1
25509,3690.28
25510,3465.23
25511,2833.08
25512,3280.51
25513,4070.69
25514,5000.29
25515,5830.02
25516,5530.4
25517,5300.79
25518,5000.34
25519,4900.34
25520,4529.68
25521,3940.18
25522,3238.06
25523,3029.07
25524,3000.13
25525,2499.88
25526,2762.08
25527,3152.41
25528,3158.32
25529,3910.09
25530,3910.53
25531,3099.49
25532,3151.33
25533,3280.57
25534,3280.99
25535,3280.17
25536,3230.43
25537,3029.27
25538,3000.31
25539,3107.1
25540,3100.61
25541,2469.73
25542,2469.58
25543,2000.37
25544,1900.78
25545,2190.34
25546,2410.14
25547,1889.63
25548,1889.18
25549,1840.89
25550,1809.29
25551,1599.41
25552,1599.71
25553,1789.23
25554,2000.89
25555,2625.0
25556,2230.87
25557,3001.43
25558,3500.21
25559,4000.4
25560,4519.07
25561,3500.24
25562,4136.54
25563,5000.83
25564,5001.0
25565,5000.57
25566,5000.35
25567,3130.14
25568,2833.79
25569,2900.98
25570,2999.41
25571,2833.44
25572,2616.0
25573,2086.5
25574,2095.7
25575,2249.85
25576,2249.42
25577,1649.81
25578,1649.08
25579,1499.4
25580,1579.68
25581,1749.15
25582,1749.5
25583,1249.23
25584,1249.32
25585,1249.93
25586,1499.24
25587,1099.98
25588,1099.84
25589,999.57
25590,999.63
25591,999.23
25592,999.26
25593,999.79
25594,1000.31
25595,999.78
25596,1458.29
25597,2000.34
25598,2190.75
25599,2641.98
25600,2900.64
25601,3000.99
25602,3250.92
25603,2999.55
25604,3000.27
25605,3737.16
25606,3800.42
25607,4420.77
25608,5999.8
25609,4500.15
25610,5000.88
25611,11690.27
25612,12000.0
25613,12000.0
25614,12000.0
25615,9500.4
25616,6000.01
25617,4900.94
25618,4420.9
25619,3499.42
25620,3499.87
25621,3902.24
25622,3902.29
25623,3547.54
25624,3806.69
25625,2839.78
25626,2119.78
25627,3100.04
25628,3100.17
25629,4220.6
25630,4001.8
25631,4300.12
25632,4000.51
25633,3000.49
25634,2570.47
25635,3000.44
25636,2310.22
25637,2500.88
25638,1881.94
25639,1519.83
25640,1750.73
25641,1519.74
25642,1519.6
25643,1479.94
25644,1943.1
25645,1890.9
25646,1869.8
25647,1636.87
25648,1636.45
25649,1890.15
25650,1959.49
25651,1890.64
25652,2080.97
25653,2599.68
25654,3154.14
25655,3200.46
25656,3523.24
25657,3721.76
25658,4240.64
25659,4500.12
25660,3690.87
25661,3543.48
25662,3380.33
25663,3250.24
25664,3200.01
25665,1817.99
25666,1817.53
25667,1799.34
25668,1799.44
25669,1519.86
25670,1645.0
25671,2063.57
25672,1838.83
25673,949.84
25674,949.84
25675,999.51
25676,999.54
25677,999.78
25678,999.63
25679,999.32
25680,819.93
25681,819.38
25682,819.67
25683,649.67
25684,649.57
25685,549.33
25686,549.25
25687,499.72
25688,499.8
25689,499.9
25690,600.26
25691,1838.78
25692,1838.95
25693,1838.59
25694,1838.55
25695,1680.62
25696,1680.66
25697,1636.9
25698,1838.02
25699,1838.62
25700,2522.13
25701,2374.0
25702,2599.39
25703,2900.39
25704,3500.47
25705,3902.92
25706,5000.16
25707,6500.23
25708,8830.61
25709,8830.99
25710,8000.27
25711,5959.84
25712,5459.6
25713,5500.23
25714,4973.31
25715,5800.16
25716,5397.0
25717,5000.11
25718,4973.67
25719,4800.6
25720,4221.41
25721,4800.44
25722,4800.83
25723,4689.69
25724,4500.24
25725,4001.64
25726,3567.55
25727,4519.57
25728,3600.6
25729,4334.86
25730,4060.1
25731,3501.0
25732,3410.27
25733,3500.25
25734,3480.64
25735,3036.97
25736,3036.48
25737,2979.36
25738,2610.88
25739,2080.43
25740,2080.25
25741,2500.05
25742,2369.41
25743,2560.12
25744,2260.97
25745,3130.48
25746,3259.64
25747,2645.7
25748,2999.45
25749,2560.44
25750,2833.47
25751,3250.81
25752,3250.28
25753,4750.69
25754,5000.49
25755,7534.9
25756,6500.55
25757,7953.86
25758,7953.8
25759,5999.94
25760,4649.45
25761,4000.16
25762,3540.76
25763,4000.04
25764,3737.04
25765,3523.54
25766,3523.58
25767,4284.05
25768,3899.43
25769,4284.92
25770,4500.62
25771,5000.44
25772,5000.59
25773,6000.81
25774,6000.68
25775,4500.6
25776,4132.8
25777,3650.08
25778,3624.0
25779,4499.13
25780,3999.68
25781,3200.52
25782,2999.75
25783,2641.7
25784,2970.76
25785,4125.94
25786,4624.42
25787,3687.01
25788,3600.86
25789,3449.74
25790,3818.49
25791,4519.18
25792,5095.2
25793,5999.1
25794,6000.47
25795,3737.08
25796,4300.27
25797,4969.67
25798,7000.61
25799,7953.36
25800,11947.88
25801,12000.0
25802,12000.0
25803,12000.0
25804,12000.0
25805,12000.0
25806,12000.0
25807,12000.0
25808,12000.0
25809,12000.0
25810,12000.0
25811,12000.0
25812,12000.0
25813,12000.0
25814,12000.0
25815,8830.69
25816,8830.34
25817,7953.96
25818,7953.83
25819,4997.61
25820,5600.66
25821,4001.55
25822,4420.76
25823,5999.89
25824,5006.48
25825,5999.32
25826,4979.98
25827,4000.8
25828,4000.74
25829,3391.35
25830,3391.23
25831,3480.34
25832,3500.25
25833,3480.48
25834,3250.71
25835,3238.67
25836,3036.99
25837,3480.31
25838,3320.84
25839,3250.36
25840,3001.53
25841,3000.41
25842,2999.43
25843,3929.07
25844,4190.58
25845,2989.46
25846,2989.52
25847,4979.6
25848,4152.53
25849,4300.64
25850,4500.91
25851,5800.46
25852,5999.22
25853,4979.01
25854,4399.58
25855,4132.23
25856,3500.22
25857,4152.45
25858,4324.94
25859,2899.57
25860,2899.95
25861,4669.55
25862,5000.1
25863,4642.88
25864,4642.97
25865,3498.47
25866,3280.93
25867,3250.48
25868,3273.95
25869,3250.79
25870,3480.93
25871,3001.17
25872,3001.79
25873,3480.9
25874,3501.52
25875,3500.13
25876,3250.95
25877,2019.8
25878,2469.87
25879,2641.39
25880,2750.32
25881,2899.4
25882,3172.55
25883,3382.59
25884,3523.04
25885,3500.71
25886,3650.26
25887,4979.82
25888,5999.18
25889,3995.96
25890,4100.47
25891,4300.27
25892,3737.11
25893,4400.85
25894,5000.78
25895,8000.83
25896,10000.99
25897,12000.0
25898,12000.0
25899,12000.0
25900,12000.0
25901,12000.0
25902,12000.0
25903,12000.0
25904,12000.0
25905,12000.0
25906,12000.0
25907,12000.0
25908,12000.0
25909,10000.08
25910,9999.15
25911,5999.49
25912,5999.02
25913,8000.22
25914,5999.7
25915,4501.3
25916,4030.71
25917,5959.05
25918,4221.82
25919,4000.99
25920,3280.91
25921,6000.81
25922,7219.85
25923,6000.44
25924,5959.18
25925,4909.31
25926,4868.17
25927,5959.56
25928,5001.0
25929,5824.4
25930,5999.54
25931,4699.05
25932,4019.91
25933,4519.86
25934,4912.42
25935,4500.07
25936,4500.07
25937,3960.29
25938,4500.88
25939,5500.38
25940,6000.94
25941,4600.16
25942,4600.35
25943,4869.06
25944,5795.61
25945,6069.92
25946,7878.13
25947,7794.21
25948,7260.53
25949,6500.79
25950,6000.4
25951,5100.46
25952,4189.02
25953,3280.98
25954,3279.47
25955,3050.35
25956,3280.13
25957,3120.69
25958,3029.93
25959,4519.73
25960,3750.38
25961,4132.09
25962,4132.71
25963,3379.71
25964,3280.97
25965,4132.31
25966,4132.58
25967,4152.57
25968,3950.53
25969,3510.55
25970,3985.0
25971,3280.27
25972,3036.74
25973,2870.51
25974,3280.66
25975,3280.01
25976,2943.71
25977,3280.77
25978,3512.34
25979,4660.03
25980,4420.3
25981,4189.35
25982,4979.29
25983,4671.17
25984,4100.88
25985,4001.8
25986,3800.77
25987,4420.2
25988,4100.87
25989,4430.01
25990,5000.68
25991,5849.44
25992,7878.69
25993,10000.88
25994,12000.0
25995,12000.0
25996,12000.0
25997,12000.0
25998,12000.0
25999,11999.69
26000,9999.18
26001,4999.83
26002,4999.79
26003,4809.01
26004,4512.35
26005,4660.59
26006,5000.26
26007,4221.83
26008,4221.54
26009,4600.26
26010,4600.18
26011,4600.97
26012,4600.58
26013,4902.77
26014,4902.63
26015,4709.08
26016,4000.24
26017,5500.94
26018,4399.16
26019,3908.19
26020,4100.36
26021,4902.84
26022,5849.46
26023,4859.5
26024,4859.06
26025,3726.74
26026,3750.12
26027,3949.11
26028,3949.55
26029,3574.55
26030,3630.74
26031,3379.92
26032,3500.91
26033,4000.4
26034,4912.07
26035,4979.04
26036,4699.82
26037,3280.99
26038,3502.32
26039,4152.72
26040,4132.48
26041,4700.83
26042,6000.61
26043,5719.51
26044,5100.24
26045,3990.68
26046,4399.58
26047,3725.1
26048,3280.93
26049,3920.38
26050,4979.46
26051,3280.75
26052,3172.62
26053,3280.61
26054,3250.62
26055,3700.36
26056,3185.2
26057,3240.61
26058,3250.25
26059,4519.97
26060,4979.56
26061,3280.05
26062,3229.73
26063,3285.38
26064,3280.64
26065,3300.35
26066,3500.05
26067,3910.44
26068,4000.74
26069,1889.94
26070,2300.57
26071,3300.67
26072,4343.05
26073,3600.25
26074,4519.9
26075,3849.0
26076,4519.09
26077,3574.0
26078,4499.2
26079,4979.13
26080,4949.17
26081,3960.55
26082,4420.28
26083,5214.56
26084,5959.07
26085,3346.08
26086,3570.2
26087,4949.72
26088,6069.74
26089,5959.64
26090,9500.44
26091,12000.0
26092,12000.0
26093,12000.0
26094,12000.0
26095,12000.0
26096,12000.0
26097,12000.0
26098,9668.64
26099,7999.43
26100,7999.19
26101,7999.01
26102,7999.15
26103,4900.52
26104,3960.97
26105,3648.53
26106,3865.2
26107,4868.13
26108,4430.45
26109,4979.98
26110,5021.19
26111,5849.93
26112,4979.23
26113,4000.39
26114,4000.19
26115,5959.24
26116,5959.79
26117,4000.19
26118,4307.5
26119,4979.49
26120,4250.29
26121,5000.39
26122,4949.57
26123,4949.31
26124,4019.83
26125,3869.33
26126,3926.67
26127,3000.01
26128,2900.95
26129,3200.49
26130,3350.16
26131,3800.17
26132,3650.89
26133,3450.83
26134,4500.41
26135,4132.81
26136,4132.2
26137,4900.86
26138,5001.81
26139,5959.07
26140,5959.85
26141,4984.56
26142,4973.82
26143,3998.78
26144,3736.19
26145,3280.75
26146,3280.77
26147,3550.23
26148,3550.29
26149,3678.36
26150,3672.9
26151,3910.04
26152,3672.81
26153,3280.0
26154,3280.09
26155,3674.77
26156,3650.24
26157,3910.16
26158,3910.69
26159,3250.21
26160,3031.81
26161,3250.24
26162,3250.45
26163,3280.73
26164,3280.44
26165,3280.54
26166,3250.78
26167,3499.17
26168,3496.0
26169,3391.44
26170,3450.48
26171,4519.63
26172,4671.01
26173,4006.62
26174,4979.73
26175,5214.46
26176,5214.08
26177,3510.0
26178,3391.09
26179,5214.61
26180,5959.42
26181,4221.6
26182,4500.6
26183,4999.61
26184,5959.41
26185,6189.58
26186,8000.36
26187,11159.08
26188,12000.0
26189,12000.0
26190,12000.0
26191,8325.18
26192,8019.31
26193,5000.89
26194,5000.62
26195,4600.47
26196,4570.91
26197,4979.22
26198,4979.58
26199,5000.53
26200,5000.82
26201,4979.42
26202,4420.99
26203,3940.97
26204,3940.46
26205,5476.0
26206,5000.81
26207,3999.89
26208,3999.0
865,3285.39
866,2999.99
867,3630.76
868,3499.61
869,4519.75
870,3995.77
871,3630.75
872,3500.92
873,3200.73
874,3000.72
875,3031.02
876,2999.04
877,2898.61
878,2950.73
879,3630.01
880,3630.44
881,3350.84
882,3350.77
883,3299.2
884,3350.33
885,3020.42
886,3250.46
887,3250.46
888,3551.0
889,4300.24
890,4674.66
891,3630.73
892,3790.14
893,4674.76
894,4670.35
895,3742.78
896,3119.65
897,2400.98
898,2400.65
899,3500.51
900,3500.0
901,2888.56
902,2999.41
903,2494.79
904,2499.57
905,2400.65
906,2400.68
907,3110.19
908,3100.05
909,2400.48
910,2400.38
911,1993.25
912,1994.04
913,2400.35
914,2400.53
915,1898.66
916,1898.24
917,1920.7
918,2641.4
919,2833.69
920,3100.07
921,3630.45
922,3630.78
923,3630.01
924,3499.65
925,3630.11
926,3630.26
927,3630.89
928,3940.57
929,4683.64
930,3767.86
931,3737.43
932,3900.41
933,3280.88
934,3625.33
935,5214.38
936,6000.47
937,5380.79
938,5499.86
939,6500.44
940,6500.62
941,12000.0
942,12000.0
943,6500.22
944,5999.34
945,5600.95
946,5600.33
947,4500.57
948,4500.2
949,4000.88
950,3999.68
951,4573.74
952,4999.36
953,4420.59
954,4500.45
955,4510.6
956,4800.24
957,3600.17
958,3391.16
959,3300.76
960,3399.62
3841,3630.62
3842,3630.37
3843,3630.41
3844,3630.02
3845,3250.43
3846,3213.79
3847,2908.78
3848,2640.92
3849,3630.19
3850,3630.6
3851,3630.05
3852,3500.44
3853,2899.85
3854,2900.24
3855,2752.1
3856,2752.38
3857,2774.75
3858,2900.33
3859,3016.12
3860,3250.77
3861,3630.99
3862,4979.07
3863,3650.44
3864,3630.93
3865,3630.87
3866,4000.4
3867,4671.88
3868,4671.67
3869,3570.44
3870,3500.42
3871,2908.35
3872,2480.99
3873,2900.72
3874,3500.4
3875,2641.59
3876,2389.18
3877,2300.1
3878,2310.56
3879,1899.23
3880,1880.71
3881,1832.83
3882,1832.87
3883,1832.21
3884,1832.34
3885,1798.49
3886,1832.06
3887,1832.61
3888,1832.77
3889,1832.66
3890,1832.66
3891,1832.88
3892,1832.79
3893,1832.41
3894,1832.41
3895,1649.68
3896,1832.04
3897,1832.28
3898,2585.36
3899,2641.69
3900,2641.26
3901,1999.81
3902,2641.17
3903,1999.64
3904,2400.05
3905,2529.16
3906,2641.66
3907,3630.5
3908,3630.26
3909,3500.25
3910,3737.48
3911,4480.88
3912,5000.02
3913,4000.43
3914,4000.65
3915,4501.0
3916,4500.45
3917,4820.94
3918,4735.58
3919,3940.51
3920,3500.94
3921,3238.51
3922,3209.29
3923,2999.19
3924,2999.11
3925,4510.4
3926,4979.76
3927,4620.69
3928,4750.49
3929,3391.09
3930,3391.78
3931,4674.1
3932,4674.3
3933,3300.98
3934,3285.36
3935,3238.34
3936,3000.99
6529,2989.39
6530,2989.59
6531,2850.77
6532,2799.95
6533,3940.19
6534,3940.12
6535,3500.72
6536,3000.74
6537,3000.23
6538,2999.54
6539,2899.0
6540,2850.21
6541,2700.64
6542,2700.61
6543,2893.15
6544,2999.63
6545,2898.48
6546,2999.45
6547,3637.23
6548,3637.46
6549,3637.27
6550,3637.63
6551,3940.5
6552,4132.87
6553,4600.61
6554,5000.32
6555,4132.87
6556,4132.43
6557,4432.17
6558,4229.09
6559,4909.21
6560,4671.25
6561,4200.15
6562,3940.77
6563,4470.27
6564,3391.06
6565,4100.49
6566,3940.45
6567,3624.17
6568,3250.48
6569,2989.99
6570,3036.33
6571,3523.69
6572,3523.7
6573,3382.19
6574,3382.53
6575,3570.37
6576,3300.08
6577,3280.69
6578,3280.61
6579,3580.08
6580,3499.92
6581,3244.01
6582,3500.46
6583,3737.01
6584,3737.91
6585,3737.22
6586,3737.55
6587,3737.77
6588,3800.01
6589,3940.1
6590,3940.46
6591,4519.7
6592,4600.4
6593,3940.69
6594,3940.71
6595,3737.23
6596,3737.69
6597,3996.0
6598,4600.81
6599,5500.83
6600,6000.37
6601,5000.81
6602,5500.37
6603,11999.48
6604,11998.22
6605,12000.0
6606,12000.0
6607,7999.2
6608,5959.75
6609,4221.81
6610,4508.83
6611,4510.42
6612,3670.37
6613,3031.04
6614,3450.11
6615,4090.0
6616,4500.45
6617,5650.09
6618,5592.86
6619,4519.23
6620,3800.45
6621,2950.92
6622,2930.33
6623,3999.6
6624,3500.38
9505,4500.71
9506,4646.95
9507,4979.71
9508,5200.18
9509,5200.22
9510,5200.17
9511,3497.02
9512,3379.75
9513,3230.79
9514,3279.68
9515,4500.91
9516,4546.39
9517,3500.17
9518,3279.95
9519,3029.47
9520,3029.7
9521,4650.36
9522,4650.68
9523,5000.73
9524,5193.01
9525,4399.29
9526,4979.4
9527,3580.93
9528,4001.0
9529,5200.17
9530,6200.47
9531,6000.71
9532,5400.1
9533,5000.73
9534,4219.32
9535,3624.48
9536,3500.93
9537,2732.07
9538,2752.38
9539,4150.16
9540,4000.26
9541,2717.08
9542,3500.43
9543,3435.72
9544,3457.0
9545,3029.92
9546,3229.42
9547,4200.59
9548,4000.8
9549,4200.82
9550,4200.7
9551,3580.07
9552,3500.59
9553,2989.3
9554,3200.49
9555,2989.23
9556,2581.76
9557,3000.94
9558,3382.99
9559,2999.89
9560,3500.74
9561,3382.6
9562,3500.62
9563,3999.06
9564,4200.97
9565,2908.94
9566,3500.55
9567,3200.31
9568,3500.75
9569,3670.14
9570,4500.39
9571,4700.88
9572,5000.28
9573,4979.54
9574,5200.16
9575,5000.02
9576,5000.33
9577,5500.06
9578,5850.82
9579,5530.22
9580,5750.58
9581,6500.01
9582,6500.22
9583,4735.32
9584,4221.58
9585,3500.57
9586,3500.62
9587,3510.6
9588,3499.49
9589,2989.35
9590,3724.19
9591,4500.85
9592,4510.66
9593,3031.72
9594,3752.18
9595,2989.46
9596,2989.29
9597,4000.39
9598,4000.72
9599,4624.49
9600,4624.89
12385,3984.83
12386,3252.04
12387,3500.8
12388,3879.82
12389,3640.81
12390,3500.46
12391,3285.15
12392,3250.74
12393,4000.0
12394,4000.18
12395,3500.19
12396,3420.83
12397,4000.11
12398,4000.13
12399,4000.03
12400,4000.07
12401,4000.14
12402,4000.14
12403,4000.36
12404,4000.56
12405,4000.28
12406,4132.36
12407,4000.74
12408,4359.22
12409,4500.16
12410,5000.34
12411,5406.51
12412,5000.99
12413,4000.94
12414,4000.54
12415,4000.25
12416,3615.0
12417,3120.82
12418,3100.76
12419,4000.17
12420,3500.07
12421,1835.51
12422,1835.37
12423,2370.4
12424,2599.46
12425,4674.16
12426,4674.5
12427,2799.99
12428,2641.78
12429,2370.04
12430,1889.51
12431,3500.53
12432,3800.39
12433,3750.07
12434,3750.64
12435,3300.17
12436,3200.04
12437,2641.61
12438,2833.28
12439,2833.31
12440,2879.0
12441,2899.34
12442,3382.94
12443,4000.07
12444,4000.73
12445,4000.22
12446,4332.38
12447,2600.77
12448,2641.73
12449,2899.15
12450,2752.46
12451,3580.22
12452,3897.32
12453,2370.65
12454,2599.34
12455,4500.92
12456,5500.04
12457,3510.01
12458,4500.34
12459,3999.95
12460,3700.57
12461,4600.61
12462,4432.43
12463,3829.57
12464,3500.03
12465,3631.74
12466,3450.73
12467,3201.97
12468,3206.57
12469,4150.35
12470,4274.49
12471,4332.18
12472,4200.28
12473,3801.0
12474,4332.39
12475,3600.51
12476,3320.5
12477,2989.74
12478,2989.96
12479,2566.75
12480,2480.41
15361,2900.6
15362,2999.69
15363,3420.59
15364,3750.6
15365,3910.81
15366,3420.21
15367,3391.89
15368,3200.65
15369,1997.61
15370,1999.86
15371,2552.0
15372,2400.54
15373,2500.52
15374,2480.73
15375,2500.1
15376,2480.92
15377,2370.0
15378,2650.44
15379,2469.58
15380,2750.63
15381,2641.97
15382,2999.43
15383,4500.12
15384,4500.71
15385,3959.54
15386,4499.8
15387,4389.52
15388,4389.84
15389,4260.51
15390,4432.01
15391,4180.31
15392,3391.56
15393,3382.07
15394,2999.33
15395,3000.13
15396,2989.25
15397,3700.95
15398,4000.11
15399,5000.02
15400,4560.56
15401,5000.18
15402,5000.25
15403,4132.31
15404,3389.08
15405,4179.22
15406,4132.46
15407,4000.42
15408,3570.26
15409,3229.43
15410,3389.19
15411,3100.41
15412,3300.07
15413,2999.95
15414,3000.74
15415,2979.82
15416,2979.27
15417,4000.94
15418,4333.0
15419,4500.95
15420,5000.03
15421,3959.94
15422,4000.69
15423,3523.44
15424,4000.11
15425,3391.31
15426,3391.61
15427,3737.34
15428,4050.35
15429,3492.12
15430,4863.23
15431,5000.87
15432,5500.62
15433,5000.29
15434,5500.21
15435,5500.23
15436,5800.09
15437,6000.04
15438,5800.85
15439,5959.08
15440,5200.51
15441,3960.19
15442,3960.25
15443,4700.69
15444,4700.13
15445,3391.01
15446,3391.48
15447,3500.58
15448,4000.31
15449,4620.92
15450,4949.72
15451,4979.9
15452,4499.19
15453,3550.51
15454,3391.48
15455,3000.89
15456,3031.0
18241,4500.92
18242,4821.06
18243,5500.5
18244,5500.05
18245,4500.9
18246,4546.44
18247,4979.74
18248,4532.78
18249,4500.28
18250,4499.4
18251,3031.19
18252,2884.93
18253,4499.98
18254,4500.31
18255,2949.56
18256,2900.28
18257,3230.35
18258,4500.65
18259,4979.09
18260,4979.24
18261,4500.9
18262,4979.2
18263,4500.43
18264,4999.43
18265,4500.07
18266,5000.07
18267,4500.15
18268,4608.0
18269,3700.25
18270,3737.18
18271,3737.58
18272,3624.95
18273,4132.34
18274,3943.51
18275,3523.18
18276,3450.95
18277,2884.41
18278,2899.03
18279,4132.65
18280,3911.61
18281,4132.88
18282,4132.87
18283,3260.52
18284,3260.33
18285,2999.35
18286,3000.07
18287,2979.7
18288,3029.3
18289,2501.5
18290,2979.29
18291,2500.3
18292,2700.32
18293,1869.73
18294,1889.76
18295,3500.76
18296,3624.75
18297,2999.84
18298,3523.72
18299,2881.86
18300,2900.85
18301,3200.39
18302,4092.13
18303,2771.59
18304,2920.18
18305,3000.71
18306,3230.82
18307,3580.97
18308,4979.21
18309,3744.25
18310,4132.67
18311,5000.9
18312,5800.35
18313,5800.58
18314,6000.05
18315,6047.02
18316,6000.64
18317,6500.96
18318,6500.1
18319,5800.8
18320,4868.49
18321,4450.9
18322,4100.91
18323,4200.19
18324,4400.97
18325,2989.11
18326,3031.42
18327,2908.48
18328,2908.09
18329,3250.04
18330,3200.66
18331,4499.01
18332,4510.49
18333,3100.79
18334,3250.86
18335,2900.96
18336,2884.15
21217,1835.53
21218,1835.25
21219,2850.06
21220,2850.55
21221,2650.59
21222,2410.67
21223,2369.05
21224,1835.31
21225,2650.83
21226,2773.8
21227,2950.6
21228,2950.13
21229,2000.0
21230,1920.24
21231,2369.75
21232,2230.63
21233,2000.37
21234,2500.04
21235,1829.8
21236,2895.9
21237,2979.93
21238,3523.84
21239,3914.82
21240,3940.41
21241,3195.2
21242,3624.99
21243,4499.84
21244,4500.73
21245,3389.4
21246,3250.66
21247,3624.85
21248,3200.88
21249,3500.67
21250,3036.97
21251,2003.91
21252,2003.29
21253,3410.34
21254,3476.69
21255,3260.57
21256,3580.43
21257,2003.87
21258,1899.07
21259,2003.86
21260,1899.84
21261,1831.34
21262,1831.17
21263,1829.62
21264,1829.74
21265,1780.26
21266,1588.99
21267,1999.54
21268,2548.0
21269,1829.48
21270,1799.83
21271,3000.21
21272,3280.07
21273,1830.93
21274,1835.33
21275,1589.0
21276,1780.88
21277,1830.5
21278,2480.39
21279,3280.81
21280,4000.86
21281,4000.3
21282,4500.42
21283,4500.56
21284,4500.33
21285,3911.87
21286,4500.04
21287,4500.65
21288,5000.6
21289,5000.0
21290,5000.78
21291,5812.8
21292,5812.31
21293,7219.11
21294,5555.8
21295,5500.81
21296,5001.91
21297,4108.31
21298,4000.97
21299,3900.32
21300,3391.54
21301,4000.13
21302,3500.73
21303,2989.86
21304,2908.08
21305,5000.33
21306,4800.55
21307,4499.04
21308,4000.74
21309,2560.45
21310,2650.07
21311,4000.05
21312,3500.04
24193,2850.85
24194,2752.48
24195,3630.65
24196,3280.97
24197,3020.35
24198,3002.55
24199,3280.01
24200,3003.03
24201,3252.69
24202,3200.9
24203,3087.75
24204,2900.58
24205,2319.95
24206,2469.76
24207,2400.28
24208,2400.93
24209,2652.02
24210,2752.42
24211,3250.86
24212,3280.83
24213,2961.81
24214,2900.44
24215,2881.41
24216,2500.98
24217,3280.34
24218,3523.47
24219,3379.84
24220,3523.36
24221,2979.62
24222,2899.84
24223,3580.27
24224,3523.51
24225,3280.56
24226,3280.17
24227,2819.33
24228,2500.25
24229,2502.02
24230,2384.5
24231,1869.35
24232,1819.21
24233,1789.49
24234,1819.09
24235,2502.9
24236,2599.63
24237,1809.98
24238,2400.13
24239,2400.45
24240,2000.24
24241,1798.46
24242,1780.74
24243,1730.78
24244,1748.68
24245,1588.78
24246,1680.25
24247,1588.97
24248,2250.3
24249,2079.12
24250,2250.27
24251,1835.92
24252,2250.65
24253,2869.28
24254,3120.83
24255,2641.75
24256,2641.22
24257,2869.67
24258,3280.35
24259,3630.29
24260,3280.99
24261,3200.36
24262,3031.15
24263,3624.52
24264,4000.25
24265,4000.84
24266,4300.18
24267,4200.49
24268,4200.15
24269,4200.89
24270,4200.49
24271,3668.56
24272,3630.33
24273,3280.77
24274,3280.39
24275,2003.05
24276,2003.25
24277,3570.92
24278,3280.55
24279,3280.31
24280,3502.52
24281,3200.43
24282,2988.99
24283,2842.15
24284,2830.5
24285,3280.19
24286,3280.07
24287,3280.62
24288,3000.69
27073,1769.5
27074,1809.77
27075,1889.56
27076,1869.53
27077,1900.14
27078,2230.01
27079,2500.29
27080,1999.82
27081,1869.79
27082,1889.08
27083,1889.09
27084,1880.65
27085,1889.76
27086,1889.8
27087,1869.71
27088,1869.33
27089,1920.0
27090,1900.23
27091,2207.75
27092,2550.72
27093,1889.21
27094,1999.86
27095,2370.43
27096,2469.92
27097,3630.17
27098,4000.78
27099,4000.68
27100,4500.12
27101,4000.79
27102,4000.41
27103,4250.37
27104,4000.17
27105,3737.7
27106,3379.63
27107,3260.5
27108,2979.93
27109,2641.18
27110,2833.96
27111,2641.41
27112,2641.27
27113,2641.89
27114,2752.96
27115,3000.25
27116,3000.29
27117,3020.2
27118,3001.51
27119,2641.55
27120,2641.1
27121,2341.0
27122,1880.77
27123,2300.21
27124,2304.29
27125,1780.35
27126,1832.76
27127,2003.52
27128,2205.27
27129,1960.49
27130,1799.45
27131,1920.31
27132,2369.37
27133,2750.46
27134,3250.57
27135,3280.48
27136,3300.12
27137,2850.94
27138,3031.43
27139,3280.71
27140,3300.6
27141,3624.62
27142,4000.28
27143,4510.23
27144,5000.51
27145,6594.0
27146,12000.0
27147,7219.08
27148,6000.68
27149,5959.29
27150,5001.62
27151,4520.46
27152,4079.3
27153,3630.29
27154,3630.76
27155,3630.43
27156,3630.89
27157,0.0
27158,3630.03
27159,3230.0
27160,3200.28
27161,2480.66
27162,2381.14
27163,3900.27
27164,3900.59
27165,3640.76
27166,3640.14
27167,2908.26
27168,2795.1
30049,2660.03
30050,2660.34
30051,2850.11
30052,2941.44
30053,2706.14
30054,2660.47
30055,2410.16
30056,2500.21
30057,1849.3
30058,1849.3
30059,2260.28
30060,2660.64
30061,2710.27
30062,2710.3
30063,2230.2
30064,2000.26
30065,1803.62
30066,2000.8
30067,2080.43
30068,2080.67
30069,2440.74
30070,2752.27
30071,2855.2
30072,3280.29
30073,3500.12
30074,4270.73
30075,4089.4
30076,4500.54
30077,4103.42
30078,4056.47
30079,4400.1
30080,3989.4
30081,3500.35
30082,3299.65
30083,2102.95
30084,1999.62
30085,1830.65
30086,1999.77
30087,1830.25
30088,1830.71
30089,1830.21
30090,1830.42
30091,1830.02
30092,1829.67
30093,1719.83
30094,1830.41
30095,2610.44
30096,2760.38
30097,1830.21
30098,1830.13
30099,1799.5
30100,1700.88
30101,1549.83
30102,1830.21
30103,1830.09
30104,1830.41
30105,1799.79
30106,2000.43
30107,1829.94
30108,1799.58
30109,2400.13
30110,2100.3
30111,2610.61
30112,2881.38
30113,2770.73
30114,2990.22
30115,3433.14
30116,3433.95
30117,3750.4
30118,4000.16
30119,4500.38
30120,5000.44
30121,6000.27
30122,7219.96
30123,6500.05
30124,5800.5
30125,6500.03
30126,5380.88
30127,4399.51
30128,3685.87
30129,4500.16
30130,4000.65
30131,4501.07
30132,4500.0
30133,3960.62
30134,3570.08
30135,3081.4
30136,3165.64
30137,4000.48
30138,4309.14
30139,4500.11
30140,4309.98
30141,3960.16
30142,3750.47
30143,3751.75
30144,3350.9
32929,2149.4
32930,2149.75
32931,2410.27
32932,2389.6
32933,2660.27
32934,2660.73
32935,3280.92
32936,3280.8
32937,2660.22
32938,3200.28
32939,3280.46
32940,2961.73
32941,3200.19
32942,3142.59
32943,2660.56
32944,2500.79
32945,2214.31
32946,3280.87
32947,3300.26
32948,3281.0
32949,3280.97
32950,3630.75
32951,3523.08
32952,3450.49
32953,4979.9
32954,5959.45
32955,5959.9
32956,7555.64
32957,4908.4
32958,3630.24
32959,3590.77
32960,2910.07
32961,3630.3
32962,3630.54
32963,3260.23
32964,2369.27
32965,1823.24
32966,1823.89
32967,2000.46
32968,3280.23
32969,3000.97
32970,3200.89
32971,3200.97
32972,3000.13
32973,2833.28
32974,2823.0
32975,2410.46
32976,2500.33
32977,2641.01
32978,2620.49
32979,2369.05
32980,2000.09
32981,1589.89
32982,1589.88
32983,1500.46
32984,1500.95
32985,2641.53
32986,3500.01
32987,2641.44
32988,2500.12
32989,2319.59
32990,2319.63
32991,3280.84
32992,3960.38
32993,3630.66
32994,3960.16
32995,3624.91
32996,3624.15
32997,3685.41
32998,5000.08
32999,4132.34
33000,5050.5
33001,8000.31
33002,8824.52
33003,10000.52
33004,10000.19
33005,8000.32
33006,6500.65
33007,5800.19
33008,4040.66
33009,5000.44
33010,5000.34
33011,4600.99
33012,3920.4
33013,3215.57
33014,3012.73
33015,3690.97
33016,3960.31
33017,3250.94
33018,3165.08
33019,2950.29
33020,2651.8
33021,2473.86
33022,2420.65
33023,2102.28
33024,1924.99
27361,2802.11
27362,2700.9
27363,3200.29
27364,3200.09
27365,2819.17
27366,2500.94
27367,2473.63
27368,2304.54
27369,2000.24
27370,1924.28
27371,2705.96
27372,3280.24
27373,3100.88
27374,2500.67
27375,2500.32
27376,2500.23
27377,1840.06
27378,1933.34
27379,2660.13
27380,3004.22
27381,3250.64
27382,3280.8
27383,3630.47
27384,3683.0
27385,3979.88
27386,4000.84
27387,4979.91
27388,5000.57
27389,4500.96
27390,4300.3
27391,3630.13
27392,3269.01
27393,2752.68
27394,2649.57
27395,1999.11
27396,1849.65
27397,2000.08
27398,2500.57
27399,3280.38
27400,3280.04
27401,1823.61
27402,1823.47
27403,2600.06
27404,3200.99
27405,2752.53
27406,1924.87
27407,2302.07
27408,2246.76
27409,1823.45
27410,1803.98
27411,1701.18
27412,1701.16
27413,1589.22
27414,1589.05
27415,2581.91
27416,2690.4
27417,2690.47
27418,3080.25
27419,2641.9
27420,2010.97
27421,3280.14
27422,3224.91
27423,3280.86
27424,3382.33
27425,2950.67
27426,3165.68
27427,3499.86
27428,3280.05
27429,4419.14
27430,4500.78
27431,5000.65
27432,6050.55
27433,9483.53
27434,11747.01
27435,12000.0
27436,12000.0
27437,12000.0
27438,12000.0
27439,8701.93
27440,6500.76
27441,5000.93
27442,5000.76
27443,4500.62
27444,4049.18
27445,4000.74
27446,4500.97
27447,4000.9
27448,4979.7
27449,3400.04
27450,3400.57
27451,3397.38
27452,3250.28
27453,3392.14
27454,3300.9
27455,3160.07
27456,2950.5
27457,3001.87
27458,3200.14
27459,3460.05
27460,3250.29
27461,3000.1
27462,2940.17
27463,2866.44
27464,2940.1
27465,2969.64
27466,2969.0
27467,2710.51
27468,2720.17
27469,2577.49
27470,2649.57
27471,2671.36
27472,2700.6
27473,2649.47
27474,2700.79
27475,2959.84
27476,3300.77
27477,3250.82
27478,4219.45
27479,4432.59
27480,5000.22
27481,5000.57
27482,5999.24
27483,7219.36
27484,5800.21
27485,5000.49
27486,4949.16
27487,5000.33
27488,4409.52
27489,2973.95
27490,2700.32
27491,2500.2
27492,2102.41
27493,3460.69
27494,3460.99
27495,2102.89
27496,2473.0
27497,2456.85
27498,2302.91
27499,2148.33
27500,2103.0
27501,2752.16
27502,2602.2
27503,2250.21
27504,2102.16
27505,2500.63
27506,2600.99
27507,2259.18
27508,2102.69
27509,1599.35
27510,2500.61
27511,2500.13
27512,3296.78
27513,2473.49
27514,2407.5
27515,2102.88
27516,2490.0
27517,2641.13
27518,2990.57
27519,3460.81
27520,3500.45
27521,3900.32
27522,3460.97
27523,4050.61
27524,4132.64
27525,4000.8
27526,4132.27
27527,5000.38
27528,7981.39
27529,8720.62
27530,10999.4
27531,10264.71
27532,10264.11
27533,12000.0
27534,9133.43
27535,7981.62
27536,7000.21
27537,5999.85
27538,5956.7
27539,5000.03
27540,4600.1
27541,3670.18
27542,3900.11
27543,4100.56
27544,4999.76
27545,3966.05
27546,3900.77
27547,3900.54
27548,3835.31
27549,3296.13
27550,3460.66
27551,2995.24
27552,2950.01
27553,3250.45
27554,3000.95
27555,3296.43
27556,3200.73
27557,2918.05
27558,2918.98
27559,2940.64
27560,2752.38
27561,3500.13
27562,3300.14
27563,3000.42
27564,2950.15
27565,2940.83
27566,2941.0
27567,2869.43
27568,2750.85
27569,2499.4
27570,2940.06
27571,2940.26
27572,2940.4
27573,3001.85
27574,3750.4
27575,3900.07
27576,3900.96
27577,4099.42
27578,4438.04
27579,5000.87
27580,4979.95
27581,4400.45
27582,3900.88
27583,4132.09
27584,3737.97
27585,3900.09
27586,3130.66
27587,2651.66
27588,2420.53
27589,1823.75
27590,1859.92
27591,2752.03
27592,1823.4
27593,2302.98
27594,2999.78
27595,2940.97
27596,2700.42
27597,2602.77
27598,2690.26
27599,1840.28
27600,1840.21
27601,1589.58
27602,1589.88
27603,1589.94
27604,2400.41
27605,999.08
27606,600.08
27607,854.94
27608,854.34
27609,1999.82
27610,2500.03
27611,3000.39
27612,2940.6
27613,2500.19
27614,1859.99
27615,3300.6
27616,3865.64
27617,3460.97
27618,4132.82
27619,4219.21
27620,4500.25
27621,4453.76
27622,5000.08
27623,5000.0
27624,5999.17
27625,8824.09
27626,12000.0
27627,12000.0
27628,12000.0
27629,12000.0
27630,12000.0
27631,12000.0
27632,12000.0
27633,5049.63
27634,5049.93
27635,4500.48
27636,4500.17
27637,4099.62
27638,4099.18
27639,3700.14
27640,3640.54
27641,3460.67
27642,3460.4
27643,4030.15
27644,4000.41
27645,3460.41
27646,3293.27
27647,3160.93
27648,2994.94
27649,3460.51
27650,3200.75
27651,3910.0
27652,3900.85
27653,3000.31
27654,3000.15
27655,3540.01
27656,3501.21
27657,3300.7
27658,3430.7
27659,3172.73
27660,3172.81
27661,2660.84
27662,2872.73
27663,2940.18
27664,2940.13
27665,2660.39
27666,2660.83
27667,2720.15
27668,2962.27
27669,3433.69
27670,3900.71
27671,3480.67
27672,3500.24
27673,3530.7
27674,4026.47
27675,4500.12
27676,4317.13
27677,3690.0
27678,3515.99
27679,2940.86
27680,2940.33
27681,2420.64
27682,2500.17
27683,1499.85
27684,1499.11
27685,989.87
27686,989.97
27687,2080.24
27688,1500.13
27689,1279.08
27690,1279.29
27691,2940.06
27692,2700.81
27693,1920.81
27694,1579.13
27695,1279.24
27696,999.91
27697,999.7
27698,999.62
27699,2095.84
27700,2175.61
27701,1607.47
27702,1500.43
27703,1954.4
27704,2000.17
27705,2250.7
27706,2250.74
27707,2250.79
27708,2250.16
27709,1924.29
27710,2102.52
27711,3299.5
27712,3299.84
27713,2839.97
27714,2962.24
27715,3000.81
27716,3279.61
27717,4000.47
27718,5000.73
27719,5000.7
27720,7568.02
27721,8824.34
27722,10000.76
27723,8000.19
27724,7500.59
27725,6500.07
27726,6000.38
27727,5804.47
27728,5359.67
27729,4103.79
27730,3685.71
27731,3683.74
27732,3450.53
27733,3683.28
27734,3700.94
27735,3683.0
27736,3683.05
27737,3500.45
27738,3495.63
27739,3683.11
27740,3383.62
27741,3172.49
27742,3172.13
27743,3160.7
27744,2973.15
27745,3900.56
27746,3825.97
27747,3774.12
27748,3733.57
27749,3600.72
27750,3534.37
27751,3433.56
27752,3433.78
27753,3450.53
27754,3460.28
27755,3172.14
27756,2962.6
27757,3023.16
27758,3172.18
27759,3172.12
27760,3071.74
27761,3100.13
27762,3000.39
27763,3460.12
27764,3460.4
27765,3500.24
27766,3900.67
27767,4300.71
27768,5000.02
27769,4219.95
27770,5000.17
27771,5500.46
27772,5500.22
27773,5500.42
27774,5359.13
27775,5200.1
27776,4899.35
27777,3510.45
27778,3460.58
27779,3023.49
27780,2940.3
27781,3720.03
27782,3500.84
27783,3683.33
27784,3500.52
27785,3500.19
27786,3683.97
27787,2969.44
27788,2962.77
27789,2962.94
27790,2843.0
27791,2962.46
27792,3034.0
27793,2599.54
27794,2369.15
27795,2500.44
27796,2369.98
27797,1699.67
27798,2369.95
27799,2668.0
27800,2314.56
27801,2950.59
27802,3300.93
27803,3300.06
27804,4267.54
27805,3495.11
27806,3519.56
27807,3495.05
27808,3519.73
27809,5000.22
27810,4899.45
27811,5000.21
27812,6000.89
27813,5309.75
27814,7119.18
27815,10000.09
27816,11000.28
27817,12000.0
27818,12000.0
27819,12000.0
27820,12000.0
27821,12000.0
27822,12000.0
27823,12000.0
27824,12000.0
27825,7219.47
27826,6000.06
27827,5309.26
27828,4799.77
27829,4099.57
27830,3880.41
27831,3880.38
27832,4000.35
27833,4163.73
27834,4163.87
27835,3999.89
27836,3999.84
27837,3700.48
27838,3400.16
27839,3278.89
27840,3053.85
27841,3755.04
27842,3755.39
27843,3775.73
27844,3775.77
27845,3720.56
27846,3681.09
27847,3500.39
27848,3500.89
27849,3500.63
27850,3500.67
27851,3172.62
27852,3050.53
27853,3278.59
27854,3389.25
27855,3460.45
27856,3460.59
27857,3775.95
27858,3775.94
27859,3900.77
27860,4000.51
27861,4817.09
27862,4899.99
27863,4999.46
27864,4200.31
27865,4026.68
27866,4899.83
27867,4300.17
27868,5000.49
27869,5334.01
27870,5000.97
27871,4899.39
27872,4278.4
27873,4500.8
27874,4373.5
27875,3515.35
27876,3000.86
27877,3460.89
27878,3560.81
27879,4026.1
27880,3900.87
27881,2962.81
27882,3110.52
27883,3749.84
27884,3900.79
27885,3900.87
27886,3900.36
27887,3900.37
27888,3774.7
27889,3000.64
27890,2850.07
27891,2670.33
27892,2500.62
27893,1859.52
27894,2651.21
27895,2940.39
27896,2999.59
27897,2973.54
27898,3000.03
27899,4199.15
27900,4000.04
27901,3460.85
27902,4835.76
27903,3165.86
27904,3460.39
27905,3774.79
27906,4899.2
27907,5000.06
27908,5000.32
27909,5000.25
27910,5000.41
27911,7361.2
27912,8404.68
27913,8824.42
27914,12000.0
27915,12000.0
27916,12000.0
27917,12000.0
27918,12000.0
27919,10000.15
27920,8000.32
27921,5000.13
27922,5000.36
27923,4899.7
27924,5120.21
27925,5000.65
27926,4899.38
27927,4220.49
27928,4370.89
27929,4040.02
27930,4220.71
27931,4480.12
27932,4026.41
27933,3500.99
27934,3499.9
27935,3400.44
27936,3200.93
27937,3500.11
27938,3530.02
27939,4026.83
27940,4026.26
27941,3705.44
27942,3530.57
27943,3700.45
27944,3550.98
27945,3560.62
27946,3515.54
27947,3640.42
27948,3397.47
27949,3278.82
27950,3291.52
27951,3383.16
27952,3296.03
27953,3200.99
27954,3640.14
27955,4026.35
27956,4026.67
27957,3509.36
27958,4026.25
27959,4163.3
27960,4240.4
27961,4368.09
27962,5200.21
27963,4899.22
27964,5039.04
27965,4899.54
27966,5000.52
27967,3900.75
27968,3679.84
27969,3398.59
27970,3393.82
27971,3460.36
27972,3460.23
27973,3460.53
27974,3460.29
27975,3200.75
27976,3278.07
27977,3400.04
27978,3460.16
27979,3460.47
27980,3560.36
27981,2962.9
27982,2940.3
27983,2962.96
27984,3000.72
27985,3200.27
27986,3200.74
27987,2917.39
27988,2836.91
27989,1859.48
27990,1899.9
27991,2810.46
27992,2962.13
27993,3460.8
27994,4090.92
27995,3515.82
27996,3460.52
27997,3460.46
27998,3900.33
27999,3900.43
28000,3900.35
28001,3685.85
28002,3720.7
28003,4899.35
28004,5000.45
28005,5959.0
28006,9000.24
28007,11613.48
28008,10000.45
28009,9000.68
28010,11999.27
28011,12000.0
28012,12000.0
28013,12000.0
28014,12000.0
28015,9000.96
28016,8000.05
28017,5799.11
28018,5500.81
28019,4797.93
28020,4650.34
28021,4150.4
28022,4150.04
28023,3515.9
28024,4040.26
28025,4163.22
28026,4150.93
28027,4026.26
28028,3910.71
28029,3460.21
28030,3460.93
28031,3910.96
28032,3460.8
28033,2733.44
28034,2752.98
28035,3460.21
28036,3460.63
28037,3460.86
28038,3460.6
28039,3460.89
28040,3460.45
28041,3278.38
28042,3000.31
28043,3000.86
28044,3250.12
28045,3460.41
28046,3460.05
28047,3250.44
28048,3200.74
28049,3200.7
28050,3165.07
28051,3250.99
28052,3460.06
28053,3460.61
28054,3460.77
28055,3500.71
28056,3460.19
28057,3570.51
28058,4700.21
28059,5000.15
28060,5000.5
28061,3879.1
28062,3849.5
28063,4026.34
28064,3650.42
28065,3460.38
28066,2802.01
28067,3460.15
28068,2940.72
28069,3460.36
28070,3495.0
28071,3495.11
28072,3460.46
28073,3200.35
28074,3200.81
28075,2962.77
28076,2962.82
28077,2940.77
28078,2940.85
28079,2769.37
28080,2866.23
28081,2446.15
28082,2473.41
28083,2398.43
28084,2314.22
28085,1701.58
28086,1629.14
28087,2250.56
28088,2752.87
28089,2940.19
28090,2962.7
28091,3200.74
28092,3588.56
28093,3583.06
28094,3460.55
28095,4648.54
28096,4399.57
28097,3460.17
28098,3530.65
28099,3791.71
28100,3900.13
28101,5000.31
28102,5000.9
28103,7361.1
28104,7469.17
28105,8537.61
28106,12000.0
28107,11998.75
28108,11998.46
28109,9999.65
28110,9424.09
28111,5800.42
28112,5200.26
28113,4735.89
28114,4735.04
28115,4600.46
28116,3900.6
28117,3515.67
28118,3515.07
28119,3515.01
28120,3670.99
28121,3460.8
28122,3460.39
28123,4026.22
28124,3515.72
28125,3500.17
28126,3460.75
28127,3460.9
28128,3460.65
28129,3700.2
28130,3159.84
28131,3270.66
28132,3250.61
28133,3250.18
28134,3250.95
28135,3720.22
28136,3159.51
28137,3250.7
28138,3250.78
28139,3292.55
28140,3250.52
28141,3159.99
28142,3001.29
28143,2969.21
28144,2940.77
28145,2940.6
28146,3159.97
28147,3500.4
28148,4163.1
28149,4026.8
28150,4899.09
28151,4026.98
28152,4899.91
28153,3560.25
28154,3679.98
28155,5126.67
28156,5500.03
28157,5000.21
28158,4899.51
28159,4240.12
28160,3700.6
28161,3279.07
28162,3279.66
28163,3460.62
28164,2969.08
28165,3900.34
28166,4026.03
28167,3900.69
28168,3720.49
28169,3460.31
28170,3460.06
28171,3720.64
28172,3500.84
28173,3278.87
28174,3278.78
28175,3172.14
28176,3000.89
28177,2973.44
28178,2962.07
28179,2845.09
28180,2769.7
28181,2180.92
28182,2199.8
28183,2899.93
28184,3065.25
28185,3925.0
28186,4343.78
28187,3278.44
28188,3165.06
28189,3110.44
28190,3460.92
28191,5000.01
28192,4899.55
28193,3685.26
28194,4899.46
28195,4250.35
28196,4899.36
28197,4500.55
28198,4947.17
28199,6000.77
28200,5500.97
28201,6069.65
28202,9207.14
28203,8796.73
28204,8383.96
28205,6500.84
28206,5999.82
28207,5199.97
28208,4989.71
28209,4000.57
28210,3999.15
28211,3460.84
28212,3394.32
28213,3165.53
28214,3165.91
28215,3220.14
28216,3460.19
28217,3278.99
28218,3325.22
28219,4026.37
28220,4026.02
28221,4026.9
28222,4026.6
28223,3509.52
28224,3433.14
28225,4026.6
28226,3500.82
28227,4026.11
28228,4163.21
28229,4026.41
28230,4026.28
28231,3901.46
28232,3699.42
28233,3515.18
28234,3495.37
28235,3250.49
28236,3250.27
28237,3433.87
28238,3495.54
28239,3600.11
28240,3600.23
28241,3116.83
28242,3400.06
28243,3250.89
28244,3600.5
28245,4000.27
28246,4000.14
28247,4050.17
28248,4026.53
28249,3800.67
28250,5959.52
28251,6000.68
28252,6500.87
28253,5800.9
28254,5800.28
28255,4999.54
28256,4026.62
28257,3791.35
28258,3791.07
28259,4343.05
28260,3791.95
28261,3500.96
28262,3509.81
28263,3460.83
28264,3460.35
28265,3310.65
28266,3450.77
28267,3495.16
28268,3495.29
28269,3172.62
28270,3200.55
28271,3172.16
28272,2962.75
28273,2962.2
28274,2905.6
28275,2769.1
28276,2630.95
28277,1840.17
28278,1831.82
28279,2400.38
28280,2615.19
28281,2839.8
28282,3460.84
28283,3240.63
28284,3460.01
28285,3200.03
28286,3460.17
28287,3172.68
28288,3250.15
28289,3110.43
28290,3172.5
28291,3460.24
28292,3495.91
28293,4989.34
28294,5000.41
28295,5000.79
28296,5000.29
28297,5000.98
28298,5800.15
28299,6001.2
28300,6000.36
28301,5000.32
28302,4989.35
28303,3515.34
28304,3278.61
28305,2810.87
28306,3200.99
28307,2940.65
28308,3000.36
28309,4000.67
28310,4500.59
28311,3172.45
28312,3500.37
28313,3260.92
28314,3172.84
28315,3200.4
28316,3200.02
28317,3500.75
28318,3495.36
28319,3172.32
28320,3000.68
28321,3000.14
28322,3172.55
28323,3755.75
28324,3755.93
28325,3495.28
28326,3610.6
28327,3610.27
28328,3165.69
28329,3172.38
28330,2990.87
28331,3001.82
28332,3001.3
28333,3060.04
28334,2992.16
28335,2996.98
28336,3172.05
28337,3000.26
28338,3200.56
28339,3433.14
28340,3433.0
28341,3350.3
28342,3278.11
28343,3800.28
28344,5000.25
28345,3240.5
28346,3279.97
28347,4500.51
28348,4370.78
28349,3670.82
28350,3710.28
28351,4190.18
28352,4090.59
28353,5000.06
28354,5000.05
28355,3501.13
28356,3460.82
28357,3314.57
28358,3317.32
28359,3100.86
28360,2973.05
28361,2716.25
28362,2651.68
28363,2472.44
28364,2200.93
28365,2002.54
28366,1993.27
28367,2151.97
28368,2125.55
28369,1859.0
28370,1860.0
28371,1830.37
28372,1830.73
28373,1829.28
28374,1829.16
28375,2000.92
28376,2067.82
28377,1830.52
28378,2067.24
28379,2120.76
28380,2940.17
28381,2940.67
28382,4011.17
28383,2769.16
28384,2610.64
28385,2473.83
28386,2525.32
28387,2940.88
28388,3500.08
28389,3278.57
28390,3450.41
28391,4899.67
28392,3690.07
28393,5347.91
28394,5984.67
28395,5309.7
28396,5000.01
28397,4589.31
28398,4103.71
28399,3460.35
28400,3269.88
28401,3500.98
28402,3495.01
28403,3172.93
28404,3165.62
28405,3400.77
28406,3500.62
28407,4000.83
28408,3936.1
28409,3670.36
28410,3251.92
28411,3500.0
28412,3436.72
28413,3250.68
28414,3172.91
28415,3509.61
28416,3250.39
28417,3250.18
28418,3250.09
28419,3495.85
28420,3495.13
28421,3398.79
28422,3495.06
28423,3861.74
28424,3700.33
28425,3001.23
28426,3172.28
28427,2962.9
28428,3000.57
28429,2962.65
28430,2962.59
28431,2962.12
28432,2962.03
28433,3172.22
28434,3310.74
28435,3100.73
28436,3001.34
28437,3172.53
28438,4080.17
28439,3850.14
28440,3850.97
28441,4300.23
28442,4302.39
28443,5000.99
28444,5000.79
28445,5000.29
28446,5000.26
28447,4200.49
28448,3720.69
28449,3172.56
28450,3279.3
28451,3172.64
28452,3172.64
28453,2839.31
28454,2962.52
28455,2940.35
28456,2649.93
28457,1999.0
28458,1999.7
28459,1999.8
28460,1919.04
28461,500.85
28462,999.5
28463,200.63
28464,200.68
28465,100.59
28466,100.7
28467,99.12
28468,99.02
28469,50.59
28470,50.72
28471,50.87
28472,50.92
28473,999.33
28474,999.18
28475,999.51
28476,999.6
28477,999.01
28478,999.33
28479,799.51
28480,799.78
28481,2002.85
28482,2121.33
28483,3167.85
28484,4294.38
28485,3499.65
28486,3999.53
28487,3120.48
28488,3279.65
28489,3670.34
28490,3679.19
28491,3519.78
28492,3279.97
28493,3302.3
28494,3172.31
28495,1599.64
28496,1599.25
28497,1549.77
28498,1549.71
28499,1549.94
28500,999.96
28501,899.53
28502,2090.03
28503,2314.99
28504,2300.08
28505,2681.65
28506,2314.07
28507,2769.45
28508,2769.62
28509,2369.87
28510,1840.87
28511,1849.99
28512,1830.53
28513,2769.39
28514,2769.32
28515,1999.95
28516,1999.41
28517,1999.32
28518,1999.51
28519,1823.81
28520,1803.69
28521,1701.82
28522,1749.1
28523,1657.09
28524,1589.63
28525,799.22
28526,499.66
28527,799.05
28528,799.11
28529,1000.63
28530,1358.62
28531,899.96
28532,1960.32
28533,2200.93
28534,2552.88
28535,2798.08
28536,2962.42
28537,1919.84
28538,2370.16
28539,2962.39
28540,2962.01
28541,1699.79
28542,1699.81
28543,2962.88
28544,2962.97
28545,3010.98
28546,3381.76
28547,2995.03
28548,2769.88
28549,1999.2
28550,1924.49
28551,799.9
28552,1399.12
28553,2142.36
28554,2177.87
28555,2177.54
28556,2121.98
28557,499.55
28558,499.56
28559,799.93
28560,1581.29
28561,499.06
28562,499.56
28563,499.07
28564,499.73
28565,100.44
28566,179.07
28567,99.74
28568,99.92
28569,99.77
28570,101.0
28571,999.3
28572,999.42
28573,1499.75
28574,2002.85
28575,1000.6
28576,999.91
28577,2000.68
28578,2369.75
28579,2750.68
28580,4369.2
28581,2769.53
28582,2769.02
28583,2314.83
28584,2651.55
28585,3500.06
28586,3502.66
28587,3509.85
28588,3791.97
28589,8824.89
28590,7569.64
28591,6901.44
28592,6469.54
28593,5799.99
28594,5309.4
28595,2499.22
28596,2499.1
28597,3495.48
28598,3495.89
28599,2730.67
28600,2730.52
28601,2300.23
28602,2300.72
28603,2500.44
28604,1499.86
28605,2630.33
28606,2102.39
28607,2381.12
28608,1924.98
28609,2309.61
28610,2309.32
28611,2309.24
28612,2309.36
28613,2000.6
28614,1924.27
28615,1657.71
28616,1448.66
28617,1840.46
28618,1840.29
28619,1840.26
28620,1700.42
28621,1657.61
28622,1661.28
28623,1661.58
28624,1500.41
28625,2000.53
28626,2839.33
28627,2651.47
28628,3000.82
28629,1999.81
28630,2881.5
28631,3200.88
28632,4200.25
28633,4860.05
28634,5000.52
28635,5500.8
28636,5500.02
28637,5603.83
28638,5000.84
28639,6469.53
28640,5000.64
28641,3700.82
28642,3679.01
28643,3720.53
28644,3560.47
28645,4370.84
28646,4500.5
28647,4026.39
28648,4026.21
28649,3791.08
28650,3679.36
28651,3529.43
28652,3529.35
28653,2909.8
28654,2940.02
28655,3172.19
28656,3172.53
28657,2500.67
28658,2769.88
28659,2649.56
28660,2314.57
28661,1859.23
28662,2177.02
28663,1999.53
28664,1999.2
28665,1799.93
28666,1920.81
28667,2769.02
28668,3010.82
28669,3152.22
28670,3120.11
28671,4899.35
28672,5000.8
28673,4899.13
28674,5000.62
28675,3720.23
28676,3529.59
28677,4100.76
28678,5154.28
28679,5100.28
28680,6065.02
28681,6065.66
28682,6498.3
28683,6500.74
28684,7219.9
28685,6469.62
28686,5100.66
28687,3640.3
28688,3277.06
28689,4200.81
28690,3502.65
28691,3155.79
28692,3155.36
28693,3200.36
28694,3302.62
28695,3002.54
28696,3200.72
28697,3172.3
28698,3172.87
28699,3002.75
28700,3100.77
28701,3155.59
28702,3155.57
28703,2969.04
28704,2940.26
28705,2946.47
28706,2962.53
28707,2969.78
28708,2969.45
28709,2769.15
28710,2769.07
28711,2962.23
28712,2651.8
28713,2630.86
28714,2640.54
28715,2420.72
28716,2600.59
28717,2369.21
28718,2369.37
28719,2473.17
28720,2500.87
28721,2500.89
28722,2909.82
28723,2962.38
28724,2962.9
28725,3172.07
28726,3300.88
28727,3650.68
28728,3560.75
28729,3519.98
28730,4026.96
28731,4026.86
28732,4300.1
28733,4145.33
28734,4145.95
28735,5000.79
28736,5799.31
28737,5820.95
28738,6498.1
28739,5000.88
28740,5000.23
28741,4145.92
28742,4370.8
28743,3791.0
28744,3791.31
28745,4026.29
28746,4026.72
28747,5000.49
28748,4929.89
28749,3400.35
28750,3495.31
28751,3720.74
28752,4099.09
28753,4344.09
28754,4344.31
28755,3750.0
28756,3499.86
28757,2940.86
28758,3165.69
28759,3433.37
28760,3172.94
28761,3278.08
28762,4099.64
28763,4369.17
28764,3503.53
28765,3278.71
28766,4929.88
28767,5000.22
28768,5000.86
28769,4929.15
28770,5000.42
28771,4190.07
28772,5000.95
28773,5099.04
28774,6314.1
28775,8000.07
28776,7684.36
28777,10314.32
28778,12000.0
28779,12000.0
28780,12000.0
28781,12000.0
28782,12000.0
28783,6499.29
28784,6000.42
28785,5000.91
28786,5200.7
28787,4500.48
28788,4200.54
28789,3690.37
28790,4026.12
28791,3495.26
28792,3500.68
28793,2800.78
28794,2940.05
28795,3000.42
28796,3250.2
28797,2940.9
28798,3250.21
28799,3156.12
28800,3000.57
28801,3899.64
28802,4000.6
28803,3515.47
28804,3500.08
28805,3165.61
28806,3165.71
28807,3172.98
28808,3240.74
28809,3300.5
28810,3300.76
28811,3260.66
28812,3279.27
28813,3495.84
28814,3500.02
28815,3278.87
28816,3278.24
28817,3499.58
28818,3700.5
28819,3515.37
28820,3791.22
28821,3685.81
28822,4929.09
28823,4929.91
28824,4500.23
28825,4145.25
28826,5000.72
28827,6569.38
28828,7219.92
28829,6000.17
28830,6017.0
28831,6489.21
28832,4809.24
28833,4370.76
28834,5000.12
28835,4145.64
28836,4000.69
28837,4570.07
28838,4929.29
28839,4260.66
28840,4099.34
28841,4145.01
28842,4145.75
28843,4026.76
28844,4000.96
28845,3820.59
28846,3530.96
28847,4151.75
28848,4000.36
28849,4929.18
28850,4929.34
28851,3529.89
28852,3002.57
28853,3172.89
28854,3460.99
28855,3720.58
28856,3495.82
28857,4929.82
28858,4929.22
28859,5000.27
28860,5000.01
28861,4103.29
28862,4103.84
28863,4250.28
28864,4653.68
28865,5000.9
28866,5427.79
28867,5000.74
28868,5999.03
28869,6005.15
28870,8000.97
28871,11895.72
28872,12000.0
28873,12000.0
28874,12000.0
28875,12000.0
28876,12000.0
28877,12000.0
28878,12000.0
28879,10741.67
28880,8000.24
28881,6498.4
28882,5177.79
28883,3994.99
28884,3992.83
28885,3499.95
28886,3650.36
28887,5000.61
28888,5000.78
28889,4490.18
28890,4435.01
28891,3998.9
28892,3998.91
28893,3259.31
28894,3172.5
28895,3172.08
28896,2940.33
28897,4500.16
28898,4929.18
28899,4929.19
28900,4500.45
28901,3829.38
28902,3720.51
28903,3685.21
28904,3685.84
28905,3720.75
28906,3720.5
28907,3679.18
28908,3495.02
28909,3172.68
28910,3296.71
28911,3140.42
28912,3172.13
28913,3000.48
28914,3181.56
28915,3336.88
28916,3747.5
28917,4039.55
28918,4334.06
28919,4999.47
28920,4145.67
28921,4145.25
28922,5865.16
28923,6748.71
28924,6758.21
28925,7219.43
28926,6015.05
28927,5999.13
28928,4755.82
28929,5239.52
28930,4930.0
28931,5000.46
28932,4929.15
28933,4199.93
28934,4026.13
28935,4099.21
28936,4099.44
28937,4026.16
28938,4026.2
28939,4026.93
28940,4026.26
28941,4250.98
28942,5000.46
28943,4929.34
28944,4099.3
28945,3720.23
28946,3685.81
28947,3720.74
28948,3791.4
28949,4099.23
28950,3791.25
28951,3530.39
28952,3720.53
28953,3460.88
28954,4050.84
28955,3460.01
28956,4099.18
28957,5000.62
28958,4894.33
28959,5000.88
28960,6496.32
28961,5800.34
28962,6469.81
28963,7219.69
28964,7989.0
28965,8862.32
28966,12000.0
28967,12000.0
28968,12000.0
28969,12000.0
28970,12000.0
28971,12000.0
28972,12000.0
28973,12000.0
28974,12000.0
28975,12000.0
28976,10000.28
28977,4501.55
28978,3999.94
28979,3475.28
28980,2999.96
28981,4994.64
28982,5800.51
28983,5039.89
28984,4994.26
28985,4480.55
28986,3993.5
28987,4929.3
28988,4994.47
28989,3791.1
28990,3791.25
28991,3774.26
28992,3616.18
28993,4875.51
28994,4875.19
28995,4026.2
28996,4026.46
28997,4026.93
28998,4026.89
28999,3774.49
29000,3515.26
29001,3400.74
29002,3172.89
29003,3172.9
29004,3433.66
29005,3460.08
29006,3433.2
29007,3172.91
29008,3172.66
29009,3495.28
29010,3791.55
29011,4929.53
29012,5000.95
29013,4295.26
29014,5000.27
29015,5000.25
29016,4026.78
29017,4026.11
29018,4026.02
29019,4200.46
29020,4370.62
29021,4400.35
29022,4099.18
29023,4100.04
29024,4099.37
29025,4000.04
29026,4000.08
29027,3901.3
29028,3791.23
29029,3685.8
29030,3530.75
29031,3560.26
29032,3530.93
29033,3321.95
29034,3460.8
29035,3530.19
29036,3495.94
29037,4847.7
29038,4800.62
29039,4929.88
29040,4750.32
29041,3791.42
29042,3500.32
29043,3774.12
29044,3515.05
29045,2962.84
29046,2962.84
29047,2962.51
29048,2962.21
29049,3172.34
29050,3774.21
29051,3791.18
29052,3791.25
29053,3997.83
29054,4929.71
29055,4511.04
29056,4929.97
29057,4026.04
29058,4369.27
29059,4026.36
29060,4026.22
29061,3240.82
29062,3250.6
29063,4300.76
29064,6469.99
29065,6000.22
29066,5991.44
29067,5499.1
29068,5000.22
29069,4900.24
29070,4790.34
29071,4350.22
29072,3992.12
29073,4099.41
29074,4200.12
29075,3509.1
29076,3392.64
29077,3400.51
29078,4600.72
29079,4499.85
29080,3599.76
29081,4810.27
29082,4929.33
29083,4618.99
29084,4347.67
29085,3172.03
29086,3172.77
29087,3685.07
29088,3338.99
29089,3172.53
29090,3280.6
29091,3495.3
29092,3495.27
29093,3000.62
29094,3001.39
29095,3002.21
29096,3000.3
29097,3001.12
29098,2976.0
29099,2940.91
29100,2940.4
29101,3001.85
29102,2962.05
29103,2962.99
29104,2962.71
29105,3172.39
29106,3250.92
29107,3460.63
29108,3002.34
29109,4026.83
29110,4660.8
29111,4579.98
29112,4505.35
29113,5049.2
29114,5000.97
29115,5168.29
29116,5800.12
29117,5800.39
29118,5800.36
29119,6500.05
29120,5099.83
29121,5050.87
29122,4559.14
29123,5239.01
29124,4723.0
29125,4419.27
29126,4055.2
29127,4000.51
29128,4000.69
29129,4660.71
29130,5000.66
29131,4929.86
29132,5000.08
29133,3997.3
29134,3994.37
29135,4119.49
29136,3878.81
29137,3394.86
29138,3495.29
29139,3393.99
29140,3397.1
29141,3040.6
29142,3001.22
29143,3393.82
29144,3495.04
29145,3560.29
29146,3684.85
29147,4565.04
29148,4586.4
29149,5000.28
29150,5000.92
29151,4929.1
29152,5000.47
29153,5865.21
29154,6000.0
29155,5865.31
29156,7000.38
29157,8862.09
29158,8862.99
29159,10000.57
29160,10000.85
29161,12000.0
29162,12000.0
29163,12000.0
29164,12000.0
29165,8000.75
29166,7726.48
29167,4812.0
29168,4370.97
29169,3530.74
29170,3530.36
29171,3670.35
29172,3600.36
29173,3800.84
29174,4677.33
29175,4499.09
29176,3700.3
29177,3272.86
29178,3273.44
29179,4001.02
29180,4000.64
29181,3500.92
29182,4419.28
29183,4300.26
29184,4080.32
1,2710.53
2,2710.1
3,2551.89
4,2539.66
5,2539.85
6,2539.67
7,2411.8
8,2411.97
9,2190.6
10,2320.25
11,1869.23
12,1869.25
13,1396.0
14,999.98
15,1619.04
16,1550.74
17,2033.92
18,2359.98
19,2710.68
20,2539.72
21,2551.7
22,2999.05
23,2509.43
24,2420.25
25,2999.65
26,3623.19
27,3479.11
28,3500.62
29,3509.9
30,3750.18
31,3850.0
32,3989.55
33,4110.94
34,4010.73
35,4468.55
36,5070.12
37,4830.0
38,5000.61
39,5000.51
40,5260.45
41,4999.47
42,5082.13
43,5505.69
44,5504.82
45,5507.27
46,5504.15
47,4468.09
48,4469.0
49,4468.56
50,4468.91
51,3868.76
52,3863.39
53,3408.5
54,3408.86
55,3337.03
56,3120.21
57,3337.56
58,3494.0
59,3151.9
60,3143.78
61,2999.83
62,2999.78
63,3000.82
64,3320.83
65,3415.27
66,3699.47
67,3899.87
68,3749.86
69,3416.57
70,3744.37
71,3510.71
72,3899.46
73,3689.85
74,3744.07
75,3470.69
76,3744.3
77,4065.73
78,3961.46
79,3423.63
80,3399.88
81,3479.02
82,3423.87
83,3120.72
84,3120.49
85,2999.06
86,2969.77
87,2599.14
88,2499.62
89,2720.01
90,2499.26
91,2200.65
92,2303.02
93,2139.62
94,2139.73
95,2270.78
96,2538.13
2977,1699.8
2978,1510.23
2979,1619.13
2980,1619.02
2981,1499.1
2982,1499.37
2983,999.33
2984,999.11
2985,513.4
2986,599.95
2987,999.44
2988,999.57
2989,999.66
2990,999.22
2991,999.74
2992,999.58
2993,1449.4
2994,1990.99
2995,2100.04
2996,2119.6
2997,2162.84
2998,2500.51
2999,2100.04
3000,2702.56
3001,3381.9
3002,3350.62
3003,3279.54
3004,3409.73
3005,3479.02
3006,3499.14
3007,3510.54
3008,3470.92
3009,3434.06
3010,3410.04
3011,3510.15
3012,3500.22
3013,3479.88
3014,3500.87
3015,3434.21
3016,3434.78
3017,3415.9
3018,3415.76
3019,3479.92
3020,3680.07
3021,3434.05
3022,3416.33
3023,3060.36
3024,3000.32
3025,2999.44
3026,2999.65
3027,2999.34
3028,3000.38
3029,2623.04
3030,2600.07
3031,2361.83
3032,2500.4
3033,2412.58
3034,2412.81
3035,2502.68
3036,2750.63
3037,2708.26
3038,2538.84
3039,2999.89
3040,2999.69
3041,2999.57
3042,3009.74
3043,3423.16
3044,3470.03
3045,3337.02
3046,3337.09
3047,3047.23
3048,2899.87
3049,3479.6
3050,3510.59
3051,3479.35
3052,3420.9
3053,3499.28
3054,3479.47
3055,3120.94
3056,3092.57
3057,3120.77
3058,3098.72
3059,2999.27
3060,2711.4
3061,2600.74
3062,2116.72
3063,1988.12
3064,1599.77
3065,2924.0
3066,2999.48
3067,2418.8
3068,2599.04
3069,1619.5
3070,1619.06
3071,1200.8
3072,997.71
5665,1939.58
5666,1670.4
5667,1599.06
5668,1200.37
5669,1199.51
5670,999.36
5671,499.72
5672,499.98
5673,599.43
5674,599.32
5675,543.74
5676,499.96
5677,499.98
5678,999.04
5679,999.15
5680,920.16
5681,499.86
5682,542.0
5683,999.46
5684,999.6
5685,1550.12
5686,2412.03
5687,2599.71
5688,2369.27
5689,3220.39
5690,3415.51
5691,4219.22
5692,5005.76
5693,3979.81
5694,4019.28
5695,4468.69
5696,4468.75
5697,4468.47
5698,4468.62
5699,5564.73
5700,6320.0
5701,5501.62
5702,5600.18
5703,4622.19
5704,4998.0
5705,4500.36
5706,4468.68
5707,4947.43
5708,4500.19
5709,4468.29
5710,4468.94
5711,4100.72
5712,4299.48
5713,4000.12
5714,4000.48
5715,3849.21
5716,3784.56
5717,3415.93
5718,3415.2
5719,3500.3
5720,3423.06
5721,3143.6
5722,3423.84
5723,3680.73
5724,3680.79
5725,3750.58
5726,3866.44
5727,4000.98
5728,4250.99
5729,4468.58
5730,4770.31
5731,5070.57
5732,5070.95
5733,4959.92
5734,5000.74
5735,5505.06
5736,6440.62
5737,10000.55
5738,10000.52
5739,10100.64
5740,10100.7
5741,10000.85
5742,10000.35
5743,7709.07
5744,6440.38
5745,4860.18
5746,4836.31
5747,4431.41
5748,3994.98
5749,4468.06
5750,3758.5
5751,3479.25
5752,3408.04
5753,3300.89
5754,3163.15
5755,3163.61
5756,2909.07
5757,2520.66
5758,2502.53
5759,2520.25
5760,2520.55
8641,2859.39
8642,2859.74
8643,2302.59
8644,2239.55
8645,2300.92
8646,0.0
8647,2119.47
8648,2309.32
8649,2119.34
8650,2119.62
8651,2033.74
8652,1759.05
8653,1670.4
8654,2119.25
8655,2320.22
8656,2199.5
8657,2119.87
8658,2119.82
8659,1700.66
8660,1700.11
8661,2539.82
8662,3004.7
8663,3631.47
8664,3163.12
8665,3680.72
8666,3989.97
8667,4468.37
8668,5600.56
8669,5702.95
8670,6407.56
8671,5948.52
8672,5130.74
8673,6285.32
8674,6603.8
8675,4999.2
8676,4820.64
8677,4468.74
8678,4782.61
8679,5000.56
8680,4820.94
8681,5000.12
8682,5000.36
8683,6000.18
8684,5658.94
8685,6239.05
8686,5944.84
8687,5815.35
8688,5123.04
8689,4468.61
8690,4468.88
8691,5600.25
8692,5600.71
8693,3416.39
8694,3415.66
8695,3680.16
8696,3680.09
8697,3479.17
8698,3600.38
8699,3744.3
8700,3744.04
8701,3479.66
8702,4120.74
8703,4468.03
8704,4468.04
8705,4669.81
8706,5000.99
8707,5600.38
8708,5600.82
8709,5508.12
8710,6000.31
8711,6520.02
8712,6520.66
8713,7500.15
8714,8888.02
8715,8572.8
8716,10000.24
8717,10000.78
8718,10000.58
8719,7263.29
8720,6283.73
8721,4468.7
8722,4836.37
8723,4468.54
8724,4468.0
8725,4120.43
8726,3423.47
8727,3200.53
8728,2999.64
8729,2931.89
8730,2999.38
8731,3415.04
8732,3415.1
8733,2999.14
8734,2599.92
8735,2538.47
8736,2502.33
11521,2539.1
11522,2499.52
11523,2539.89
11524,2410.03
11525,2219.54
11526,2219.81
11527,2359.44
11528,2359.3
11529,2117.1
11530,2320.05
11531,2250.91
11532,2033.06
11533,1718.77
11534,1726.0
11535,2359.21
11536,2320.81
11537,2369.47
11538,2379.53
11539,2999.1
11540,2999.84
11541,2899.21
11542,2899.5
11543,2874.52
11544,2999.43
11545,3408.57
11546,3700.54
11547,3800.71
11548,4468.1
11549,3863.84
11550,4150.88
11551,3864.79
11552,3864.26
11553,4091.54
11554,3899.73
11555,3999.63
11556,3999.85
11557,3864.58
11558,3867.99
11559,4000.58
11560,3979.21
11561,4560.22
11562,5977.58
11563,5079.97
11564,5079.45
11565,4999.49
11566,4999.58
11567,4999.37
11568,4999.22
11569,4000.69
11570,4000.19
11571,3611.95
11572,3499.66
11573,3318.34
11574,3318.84
11575,3680.57
11576,3680.26
11577,3114.0
11578,3114.32
11579,2999.41
11580,2999.88
11581,3163.85
11582,3198.66
11583,3450.77
11584,3409.96
11585,3470.61
11586,3711.62
11587,4007.19
11588,4001.87
11589,3399.9
11590,3499.01
11591,3721.95
11592,3899.37
11593,3999.45
11594,3872.96
11595,3999.6
11596,4288.96
11597,3999.66
11598,4850.77
11599,3372.94
11600,3200.75
11601,3200.6
11602,3415.56
11603,3123.63
11604,3002.16
11605,3300.55
11606,3123.13
11607,2299.91
11608,2299.27
11609,2599.3
11610,2821.67
11611,2800.72
11612,2538.56
11613,2538.39
11614,2412.9
11615,2059.89
11616,2000.3
14497,2029.25
14498,2117.92
14499,2359.85
14500,2359.16
14501,1699.82
14502,2033.49
14503,1760.88
14504,1842.61
14505,1699.86
14506,1950.17
14507,1702.13
14508,1699.52
14509,1642.2
14510,1642.45
14511,1619.88
14512,1642.21
14513,1642.92
14514,1842.91
14515,1959.66
14516,1990.61
14517,2949.41
14518,2999.68
14519,2999.43
14520,2999.92
14521,3281.57
14522,3744.67
14523,3700.3
14524,4003.58
14525,3281.23
14526,3700.53
14527,3500.29
14528,3500.99
14529,3199.36
14530,3199.66
14531,4005.13
14532,4003.37
14533,3900.49
14534,3899.15
14535,3899.06
14536,3900.68
14537,4799.3
14538,4409.5
14539,4008.75
14540,4005.78
14541,4042.13
14542,4004.77
14543,3950.49
14544,4005.33
14545,3899.88
14546,3899.96
14547,3950.19
14548,3899.21
14549,3590.56
14550,3590.83
14551,3500.69
14552,3423.1
14553,3470.68
14554,3680.2
14555,3479.99
14556,3750.53
14557,3870.41
14558,4020.25
14559,4157.5
14560,3870.68
14561,4010.46
14562,4520.55
14563,5000.3
14564,5000.28
14565,4870.11
14566,5000.29
14567,6193.69
14568,7999.08
14569,6500.08
14570,6701.25
14571,9500.66
14572,7299.99
14573,8020.22
14574,8020.19
14575,8020.55
14576,6500.91
14577,5039.09
14578,4500.65
14579,3744.49
14580,3415.58
14581,3680.08
14582,3470.98
14583,3423.99
14584,3009.96
14585,2699.68
14586,2420.46
14587,2857.45
14588,2538.45
14589,2047.53
14590,2033.75
14591,2033.03
14592,1999.72
17377,2359.52
17378,2520.86
17379,2023.44
17380,2000.53
17381,2155.73
17382,2532.7
17383,2402.55
17384,2359.14
17385,2000.3
17386,2304.0
17387,1989.79
17388,1859.48
17389,1842.66
17390,2000.71
17391,1842.8
17392,1989.54
17393,1842.42
17394,2180.27
17395,1959.32
17396,2033.47
17397,1609.91
17398,2384.0
17399,2190.06
17400,2151.05
17401,1849.91
17402,1849.85
17403,3479.11
17404,3861.51
17405,3372.86
17406,3372.66
17407,3415.43
17408,3415.79
17409,3610.28
17410,3143.98
17411,4074.24
17412,4150.74
17413,4002.13
17414,4006.86
17415,4506.21
17416,4506.57
17417,4499.87
17418,4800.75
17419,4366.67
17420,4499.37
17421,4465.71
17422,4299.91
17423,4600.75
17424,4251.54
17425,4250.01
17426,4250.61
17427,4770.88
17428,4299.1
17429,3870.02
17430,3870.38
17431,4007.41
17432,3877.11
17433,3900.93
17434,3979.78
17435,3862.6
17436,3700.61
17437,3600.45
17438,3600.58
17439,3500.51
17440,3631.13
17441,3500.23
17442,3744.63
17443,3415.79
17444,3659.42
17445,3744.42
17446,3943.0
17447,3689.71
17448,4000.32
17449,4769.59
17450,4850.89
17451,4006.04
17452,3689.61
17453,3680.06
17454,3411.08
17455,4102.89
17456,3989.33
17457,3470.04
17458,3359.08
17459,3279.32
17460,3186.75
17461,3408.78
17462,3116.08
17463,2722.52
17464,2308.76
17465,1912.6
17466,1889.24
17467,1700.95
17468,1700.23
17469,2410.63
17470,2538.56
17471,1549.8
17472,1549.87
20353,2539.98
20354,2539.15
20355,1989.5
20356,2117.15
20357,0.0
20358,1920.25
20359,1549.1
20360,1449.39
20361,1510.0
20362,1509.94
20363,1509.91
20364,1509.97
20365,1509.35
20366,1509.71
20367,1479.07
20368,1449.7
20369,1449.24
20370,1549.04
20371,1449.06
20372,1549.01
20373,1499.53
20374,1499.59
20375,1599.79
20376,1959.26
20377,2149.0
20378,2697.07
20379,2012.94
20380,2349.5
20381,2012.93
20382,2899.61
20383,3098.0
20384,3416.7
20385,2012.9
20386,2702.65
20387,3163.32
20388,2949.79
20389,2909.04
20390,2909.17
20391,2720.12
20392,2599.69
20393,3151.78
20394,3230.97
20395,3610.84
20396,3372.55
20397,3372.56
20398,3149.16
20399,2680.64
20400,2599.76
20401,2700.24
20402,2722.03
20403,2600.48
20404,2299.94
20405,2722.82
20406,2900.84
20407,2807.39
20408,2599.08
20409,2700.97
20410,2989.43
20411,2800.59
20412,2722.47
20413,2299.89
20414,2701.0
20415,2700.3
20416,2801.54
20417,2999.13
20418,2981.2
20419,3100.48
20420,3410.29
20421,3100.27
20422,3416.51
20423,3470.47
20424,3416.89
20425,3939.44
20426,3807.81
20427,3599.12
20428,3399.69
20429,3599.47
20430,3631.62
20431,3249.98
20432,3249.49
20433,2999.61
20434,2999.22
20435,2600.15
20436,2600.87
20437,2900.11
20438,2599.52
20439,2859.34
20440,2199.73
20441,2039.42
20442,1999.83
20443,1849.38
20444,1775.7
20445,1999.2
20446,2151.64
20447,1687.5
20448,1700.29
23329,1599.57
23330,1599.47
23331,1700.32
23332,1600.56
23333,1533.06
23334,1109.57
23335,1499.2
23336,1500.04
23337,1499.63
23338,1499.66
23339,1499.5
23340,1499.31
23341,1516.6
23342,1541.6
23343,999.9
23344,1200.03
23345,1512.5
23346,1750.59
23347,1834.65
23348,2033.63
23349,1070.64
23350,1499.11
23351,1499.74
23352,1010.93
23353,999.83
23354,2289.11
23355,2999.61
23356,3350.19
23357,3120.35
23358,3450.93
23359,3163.09
23360,3631.1
23361,2969.48
23362,2969.64
23363,3435.76
23364,3621.86
23365,3680.63
23366,3690.07
23367,3680.35
23368,3670.46
23369,4003.55
23370,3832.57
23371,5039.71
23372,4999.13
23373,3769.55
23374,3631.73
23375,3631.23
23376,3050.29
23377,3435.78
23378,3499.25
23379,2999.51
23380,2999.23
23381,2059.93
23382,2179.36
23383,2359.9
23384,1949.77
23385,2699.52
23386,2999.31
23387,2369.45
23388,2364.0
23389,2059.93
23390,2599.99
23391,2505.52
23392,2539.31
23393,2049.79
23394,2049.95
23395,2020.0
23396,2700.75
23397,2900.14
23398,3050.79
23399,3423.68
23400,3631.03
23401,3689.42
23402,3680.41
23403,3670.47
23404,3459.14
23405,3409.16
23406,3409.08
23407,2931.0
23408,2649.79
23409,2219.58
23410,2349.74
23411,2995.1
23412,2993.42
23413,2999.44
23414,2944.13
23415,2000.0
23416,1949.42
23417,2420.88
23418,2538.39
23419,1700.61
23420,1579.96
23421,2538.19
23422,2599.35
23423,1799.38
23424,1479.9
26209,1550.6
26210,1441.24
26211,999.68
26212,999.68
26213,999.72
26214,999.74
26215,999.78
26216,999.6
26217,999.35
26218,999.3
26219,999.47
26220,999.51
26221,999.48
26222,999.55
26223,999.47
26224,999.47
26225,999.4
26226,999.53
26227,999.59
26228,999.63
26229,999.57
26230,999.68
26231,1441.49
26232,2279.58
26233,999.69
26234,2200.86
26235,3001.46
26236,3479.61
26237,3000.0
26238,3620.87
26239,3620.06
26240,3620.75
26241,3143.46
26242,3143.89
26243,3866.55
26244,3870.77
26245,3691.0
26246,3500.77
26247,4000.36
26248,3976.5
26249,4002.11
26250,4001.45
26251,3703.61
26252,3703.54
26253,3459.34
26254,3359.09
26255,3320.98
26256,3631.06
26257,3210.26
26258,3210.11
26259,2509.89
26260,2509.9
26261,2059.77
26262,2159.66
26263,2212.49
26264,2000.59
26265,1939.47
26266,1999.21
26267,1999.57
26268,2019.43
26269,1939.75
26270,1939.7
26271,2599.44
26272,2599.19
26273,2800.05
26274,2923.62
26275,3070.0
26276,3220.2
26277,2959.93
26278,3163.78
26279,2909.94
26280,2910.3
26281,4007.44
26282,4710.16
26283,3969.53
26284,3845.74
26285,3712.32
26286,3699.38
26287,3448.16
26288,3339.58
26289,3845.64
26290,3845.73
26291,3612.94
26292,3414.79
26293,3000.65
26294,2899.88
26295,2801.91
26296,2500.49
26297,3448.66
26298,3414.39
26299,1899.31
26300,1899.27
26301,1509.86
26302,1625.23
26303,2538.11
26304,2030.18
29185,2343.04
29186,2420.8
29187,2539.49
29188,3020.1
29189,2190.55
29190,2119.22
29191,2100.14
29192,1999.53
29193,2054.97
29194,2033.59
29195,1706.97
29196,1706.33
29197,1750.32
29198,1619.75
29199,2008.91
29200,2033.13
29201,1890.79
29202,1999.71
29203,1706.17
29204,2190.56
29205,1592.14
29206,2369.93
29207,1619.48
29208,1889.44
29209,2500.66
29210,3320.36
29211,3470.86
29212,3749.63
29213,3499.21
29214,3500.42
29215,4000.18
29216,4004.78
29217,3990.66
29218,3870.87
29219,3870.74
29220,3900.51
29221,3900.92
29222,3919.19
29223,3900.54
29224,3749.87
29225,3730.86
29226,3730.25
29227,3599.24
29228,3449.16
29229,3845.64
29230,3845.47
29231,3730.53
29232,3479.32
29233,3338.33
29234,3320.56
29235,2923.47
29236,2923.13
29237,2640.44
29238,2578.71
29239,2412.77
29240,2538.08
29241,2728.27
29242,3020.38
29243,2099.52
29244,2099.82
29245,2505.07
29246,2538.91
29247,2983.42
29248,2670.71
29249,2798.58
29250,2863.96
29251,2949.47
29252,2923.47
29253,3506.16
29254,3612.41
29255,3870.2
29256,3870.86
29257,4170.06
29258,5000.77
29259,5013.36
29260,5019.97
29261,4901.16
29262,4100.28
29263,3899.42
29264,3899.15
29265,3700.51
29266,3599.67
29267,3712.64
29268,3482.8
29269,3000.82
29270,2999.79
29271,2999.54
29272,2999.05
29273,2897.0
29274,2477.36
29275,2119.74
29276,2019.03
29277,1720.83
29278,1899.35
29279,2420.16
29280,2379.21
32065,2999.38
32066,2539.08
32067,2309.46
32068,2190.94
32069,1910.74
32070,2098.67
32071,1771.01
32072,1689.43
32073,1750.74
32074,1673.85
32075,2117.2
32076,1910.24
32077,1673.19
32078,1499.02
32079,1498.87
32080,1530.19
32081,1649.88
32082,2033.38
32083,2220.55
32084,2220.68
32085,3008.24
32086,3000.04
32087,3250.02
32088,2999.15
32089,2999.73
32090,3415.03
32091,3694.94
32092,4003.95
32093,3447.21
32094,3712.05
32095,3866.61
32096,4000.41
32097,4461.9
32098,4005.3
32099,4935.65
32100,4809.75
32101,3808.56
32102,3808.85
32103,4671.64
32104,4100.41
32105,4000.77
32106,4788.33
32107,5000.51
32108,5000.56
32109,5000.46
32110,5000.06
32111,4219.86
32112,3994.4
32113,3612.7
32114,3589.77
32115,3447.6
32116,3447.14
32117,2606.44
32118,2678.13
32119,2099.9
32120,2099.84
32121,3414.24
32122,3414.4
32123,3338.5
32124,3365.12
32125,2989.58
32126,2989.16
32127,2929.39
32128,3365.75
32129,3320.17
32130,2999.8
32131,3738.22
32132,3769.27
32133,3749.42
32134,4270.19
32135,3845.29
32136,3845.03
32137,5000.92
32138,5500.16
32139,6000.14
32140,6000.12
32141,5242.0
32142,4534.79
32143,4000.74
32144,3999.38
32145,3899.7
32146,3845.81
32147,3612.86
32148,3612.4
32149,3790.03
32150,3739.33
32151,3415.35
32152,3414.94
32153,2999.92
32154,2620.96
32155,2620.04
32156,2039.49
32157,2538.53
32158,2620.48
32159,2538.15
32160,2538.03
1153,1999.21
1154,1998.32
1155,1990.14
1156,1990.05
1157,1689.6
1158,1899.49
1159,1539.88
1160,1657.65
1161,1647.83
1162,1549.69
1163,1500.16
1164,1508.07
1165,1199.82
1166,1311.79
1167,1199.93
1168,1200.88
1169,999.93
1170,1299.49
1171,1990.06
1172,2119.99
1173,1829.59
1174,1990.11
1175,2538.46
1176,2539.58
1177,2399.76
1178,1999.07
1179,2499.86
1180,3000.76
1181,2999.11
1182,3001.27
1183,3049.04
1184,3416.61
1185,3700.32
1186,3712.63
1187,3790.03
1188,3845.9
1189,3507.31
1190,3499.53
1191,3800.23
1192,3990.54
1193,3712.73
1194,3712.55
1195,3712.97
1196,3700.97
1197,3449.93
1198,3813.27
1199,3641.5
1200,3397.0
1201,3200.93
1202,3338.28
1203,3143.94
1204,2989.22
1205,2329.84
1206,2329.27
1207,2039.87
1208,2039.15
1209,2511.93
1210,2538.72
1211,2617.17
1212,2859.03
1213,2900.53
1214,2956.44
1215,3140.18
1216,3140.61
1217,3399.7
1218,3414.66
1219,3416.72
1220,3800.11
1221,3699.88
1222,3800.13
1223,3749.7
1224,4004.67
1225,6100.18
1226,8000.09
1227,8000.29
1228,8000.4
1229,8000.37
1230,7000.91
1231,5000.61
1232,4935.14
1233,3988.17
1234,4000.22
1235,3899.17
1236,3845.06
1237,3599.35
1238,3045.5
1239,3414.44
1240,3414.23
1241,2999.1
1242,2961.1
1243,2878.07
1244,2730.6
1245,2807.44
1246,2803.96
1247,2851.82
1248,2799.28
1249,2749.59
1250,2749.39
1251,2412.04
1252,2309.84
1253,2117.83
1254,2011.75
1255,2117.92
1256,2006.1
1257,2117.07
1258,2117.56
1259,2009.46
1260,1999.65
1261,2117.52
1262,2117.36
1263,1999.07
1264,1959.26
1265,1959.93
1266,1999.72
1267,2190.49
1268,3163.93
1269,2412.33
1270,2249.31
1271,3001.95
1272,2999.11
1273,3414.2
1274,3414.89
1275,3399.55
1276,3600.42
1277,3309.9
1278,3603.07
1279,4000.11
1280,4000.18
1281,3700.85
1282,3700.91
1283,4000.01
1284,3999.59
1285,3999.69
1286,4001.51
1287,4613.53
1288,4689.91
1289,4002.46
1290,4000.97
1291,4689.15
1292,4500.97
1293,4500.71
1294,4007.23
1295,3699.84
1296,3612.44
1297,3489.4
1298,3449.9
1299,2969.61
1300,2969.45
1301,2929.79
1302,2929.95
1303,2652.0
1304,2475.67
1305,2859.07
1306,2538.5
1307,2412.18
1308,2379.3
1309,2909.51
1310,2939.65
1311,2923.8
1312,2929.96
1313,2909.44
1314,2939.99
1315,2939.71
1316,3120.83
1317,3414.64
1318,3439.5
1319,3414.01
1320,3414.25
1321,3320.09
1322,3320.09
1323,3381.94
1324,3500.65
1325,4935.54
1326,5793.5
1327,4935.36
1328,4210.99
1329,3820.45
1330,3470.49
1331,3612.57
1332,3414.99
1333,3007.09
1334,2939.74
1335,2695.79
1336,2693.24
1337,2500.2
1338,2330.48
1339,2011.42
1340,2011.34
1341,1750.18
1342,1799.15
1343,1649.95
1344,1830.65
1345,2009.91
1346,2117.42
1347,2117.07
1348,1999.56
1349,2009.9
1350,2009.16
1351,1802.7
1352,1863.1
1353,1599.98
1354,1599.91
1355,1500.94
1356,1550.56
1357,1458.35
1358,1458.74
1359,1608.7
1360,1489.88
1361,2620.84
1362,3000.49
1363,2119.14
1364,2119.44
1365,2190.89
1366,2412.6
1367,2599.41
1368,2539.14
1369,3004.58
1370,3120.39
1371,3001.78
1372,3269.76
1373,2939.5
1374,2969.91
1375,3231.3
1376,3415.59
1377,3499.21
1378,3499.36
1379,3231.17
1380,3447.56
1381,3612.37
1382,3447.53
1383,3612.93
1384,3699.52
1385,3845.74
1386,3845.17
1387,4376.35
1388,4489.16
1389,3862.19
1390,3600.48
1391,3278.61
1392,2888.09
1393,3414.6
1394,3420.82
1395,2999.34
1396,2887.12
1397,2923.01
1398,2386.83
1399,2834.6
1400,2538.24
1401,2611.94
1402,2539.95
1403,2879.16
1404,2600.16
1405,2878.95
1406,2904.24
1407,3000.21
1408,2879.79
1409,2879.37
1410,2999.86
1411,3120.5
1412,3166.18
1413,3530.32
1414,3338.94
1415,3449.59
1416,3787.95
1417,3712.87
1418,3700.99
1419,3481.21
1420,3499.38
1421,3220.01
1422,3400.48
1423,3199.6
1424,3145.47
1425,3220.08
1426,3220.37
1427,3120.24
1428,2992.92
1429,2747.06
1430,2605.83
1431,2039.61
1432,2039.85
1433,2151.47
1434,1999.03
1435,1999.47
1436,2359.11
1437,1560.75
1438,1689.2
1439,2168.43
1440,1999.28
1441,2246.07
1442,2147.31
1443,2119.84
1444,2119.53
1445,2119.24
1446,1959.7
1447,2119.36
1448,1619.79
1449,1580.29
1450,1559.85
1451,1458.88
1452,1499.6
1453,1530.0
1454,1500.53
1455,1544.8
1456,1500.27
1457,2127.01
1458,2147.47
1459,2309.07
1460,2539.56
1461,2539.02
1462,2845.74
1463,2525.96
1464,2119.71
1465,2539.35
1466,2999.2
1467,3320.78
1468,3365.9
1469,3320.18
1470,3481.7
1471,3429.31
1472,3498.57
1473,3320.71
1474,3320.49
1475,2998.46
1476,2999.49
1477,2999.64
1478,3003.97
1479,3414.61
1480,3499.12
1481,3612.02
1482,3414.14
1483,3712.22
1484,3489.95
1485,3414.67
1486,3414.59
1487,3415.0
1488,3017.0
1489,2800.88
1490,2909.66
1491,2909.54
1492,2659.6
1493,2249.08
1494,2730.92
1495,2999.36
1496,2800.41
1497,2845.6
1498,2845.67
1499,2859.56
1500,2999.24
1501,2999.19
1502,2999.3
1503,2800.19
1504,2878.21
1505,2562.61
1506,2939.39
1507,3504.8
1508,3505.71
1509,3505.59
1510,3650.7
1511,3609.53
1512,3609.98
1513,3699.7
1514,3837.44
1515,3637.4
1516,3790.22
1517,3599.45
1518,3500.54
1519,3414.81
1520,3281.1
1521,3414.1
1522,3020.71
1523,3000.83
1524,2949.24
1525,2600.51
1526,2527.3
1527,2957.26
1528,2859.92
1529,2999.72
1530,2999.47
1531,2730.26
1532,2100.05
1533,1999.42
1534,1829.96
1535,2379.04
1536,2401.42
1537,1889.36
1538,1889.0
1539,1673.97
1540,1740.59
1541,1619.37
1542,1589.7
1543,1589.76
1544,1589.49
1545,1376.0
1546,1424.46
1547,1200.15
1548,999.85
1549,999.83
1550,999.94
1551,1959.2
1552,1959.14
1553,1959.4
1554,1983.9
1555,2299.44
1556,2369.28
1557,2109.64
1558,2299.84
1559,2700.57
1560,2673.67
1561,2749.52
1562,2999.55
1563,3414.23
1564,3500.06
1565,3448.43
1566,3449.53
1567,4005.42
1568,4003.35
1569,3900.94
1570,4001.53
1571,5000.54
1572,5000.88
1573,4935.44
1574,5000.65
1575,6131.24
1576,6131.78
1577,5600.36
1578,6188.11
1579,9242.38
1580,8950.2
1581,6500.42
1582,5829.64
1583,5200.25
1584,4999.78
1585,4859.68
1586,4859.06
1587,3599.36
1588,3582.29
1589,3712.55
1590,3612.21
1591,3712.59
1592,3612.69
1593,3473.72
1594,3473.13
1595,3609.36
1596,3609.57
1597,3535.76
1598,3712.1
1599,4007.9
1600,3712.76
1601,3535.45
1602,3609.82
1603,3609.38
1604,3809.73
1605,5000.32
1606,5000.71
1607,6002.19
1608,8000.07
1609,8000.76
1610,8852.87
1611,16630.61
1612,15390.26
1613,17798.55
1614,8020.4
1615,8250.45
1616,8000.59
1617,6131.52
1618,5600.25
1619,4500.67
1620,3712.09
1621,3712.78
1622,3635.54
1623,3800.33
1624,3553.6
1625,3448.03
1626,3609.02
1627,2321.77
1628,2009.54
1629,2379.34
1630,2379.34
1631,2620.74
1632,2318.09
1633,2514.26
1634,2319.2
1635,2299.63
1636,2489.01
1637,2489.54
1638,2246.81
1639,2409.74
1640,2246.26
1641,1999.25
1642,2000.51
1643,2125.93
1644,2246.54
1645,2246.29
1646,2246.56
1647,2125.59
1648,2100.83
1649,2100.13
1650,2246.5
1651,2139.95
1652,2510.15
1653,2109.66
1654,2999.11
1655,2999.86
1656,3120.2
1657,3414.8
1658,3712.94
1659,3712.77
1660,4500.37
1661,4002.36
1662,5738.87
1663,6675.5
1664,7500.04
1665,5906.0
1666,5599.22
1667,6131.31
1668,5782.33
1669,5000.22
1670,5599.53
1671,5829.19
1672,5829.7
1673,6131.54
1674,6500.14
1675,6131.22
1676,6131.14
1677,6100.16
1678,5829.49
1679,6100.62
1680,5499.29
1681,5098.19
1682,5098.32
1683,5200.8
1684,4689.7
1685,3493.05
1686,3414.12
1687,3412.75
1688,3372.72
1689,3414.13
1690,3414.38
1691,3448.44
1692,3414.73
1693,3400.56
1694,3453.16
1695,3502.4
1696,3506.16
1697,3861.0
1698,4935.12
1699,4935.75
1700,5209.2
1701,4760.15
1702,5770.27
1703,5169.26
1704,5770.53
1705,8000.82
1706,20000.0
1707,20000.0
1708,20000.0
1709,20000.0
1710,18976.95
1711,8200.99
1712,8200.54
1713,6269.06
1714,6131.93
1715,5599.76
1716,4100.54
1717,3535.71
1718,3449.27
1719,3581.43
1720,3269.67
1721,2999.57
1722,2999.22
1723,2999.45
1724,2939.97
1725,2749.99
1726,2939.8
1727,2151.85
1728,2019.88
1729,2562.02
1730,2562.24
1731,2859.8
1732,2859.48
1733,2489.29
1734,2379.2
1735,2329.4
1736,2409.7
1737,2420.89
1738,2420.72
1739,2318.51
1740,2318.71
1741,2318.77
1742,2318.63
1743,2246.17
1744,2246.25
1745,2514.49
1746,2599.59
1747,2699.02
1748,2620.59
1749,3320.05
1750,3320.82
1751,3320.66
1752,3415.52
1753,3620.62
1754,4200.03
1755,4151.61
1756,5000.72
1757,5770.81
1758,6090.8
1759,6825.33
1760,6676.26
1761,5848.64
1762,5770.86
1763,5770.78
1764,5770.07
1765,5770.76
1766,5868.0
1767,5999.01
1768,5500.53
1769,6000.69
1770,6000.79
1771,6500.07
1772,6499.95
1773,5920.33
1774,6520.16
1775,5999.23
1776,5920.44
1777,4849.9
1778,4849.42
1779,4935.9
1780,4849.86
1781,3845.75
1782,3743.01
1783,3597.24
1784,3535.28
1785,3287.56
1786,3372.24
1787,3800.94
1788,3845.55
1789,3612.02
1790,3682.85
1791,3958.55
1792,4002.78
1793,3448.17
1794,4000.48
1795,4500.02
1796,5000.22
1797,5920.22
1798,5920.89
1799,5972.0
1800,6500.76
1801,7270.39
1802,8000.64
1803,8000.95
1804,8000.86
1805,9999.18
1806,8000.61
1807,8500.16
1808,5999.63
1809,5500.16
1810,4689.88
1811,4800.28
1812,4689.85
1813,3449.99
1814,3112.0
1815,3060.15
1816,2949.29
1817,2800.46
1818,2800.74
1819,2804.44
1820,2703.51
1821,2603.75
1822,2705.26
1823,2379.45
1824,2359.43
1825,2514.9
1826,2499.42
1827,2514.24
1828,2499.4
1829,2246.18
1830,2246.89
1831,2299.43
1832,2489.22
1833,2489.44
1834,2489.02
1835,2489.33
1836,2318.89
1837,2149.34
1838,2149.36
1839,2109.13
1840,2246.89
1841,2246.38
1842,2299.49
1843,2318.19
1844,2489.48
1845,2359.89
1846,2514.86
1847,3249.15
1848,3023.25
1849,2966.86
1850,2939.75
1851,3281.75
1852,3449.79
1853,3400.67
1854,3700.12
1855,3743.64
1856,3979.1
1857,4614.29
1858,5002.45
1859,5007.85
1860,5200.48
1861,6020.66
1862,6020.47
1863,6020.79
1864,7000.13
1865,7500.64
1866,7500.81
1867,7650.35
1868,7500.88
1869,7500.5
1870,7500.24
1871,5000.08
1872,5000.45
1873,3989.18
1874,3989.76
1875,3549.67
1876,3501.47
1877,2969.98
1878,2999.32
1879,3010.95
1880,3249.2
1881,3329.45
1882,3289.87
1883,3235.97
1884,3000.53
1885,3001.5
1886,3050.77
1887,2999.56
1888,3111.55
1889,3612.42
1890,3609.94
1891,3647.71
1892,3979.57
1893,3979.74
1894,4460.59
1895,4488.16
1896,5003.43
1897,8000.24
1898,9003.9
1899,8000.7
1900,8000.51
1901,8000.15
1902,7000.92
1903,5109.33
1904,4600.31
1905,4600.21
1906,4549.48
1907,4250.66
1908,3997.83
1909,3459.84
1910,3349.99
1911,2939.62
1912,2749.91
1913,2306.89
1914,2634.94
1915,2859.56
1916,2760.37
1917,2899.32
1918,2700.29
1919,2049.95
1920,2049.68
1921,2562.4
1922,2562.18
1923,2562.6
1924,2562.42
1925,2489.64
1926,2246.22
1927,2247.0
1928,2489.67
1929,2318.38
1930,2246.76
1931,2049.32
1932,2049.39
1933,2024.61
1934,2125.43
1935,2246.65
1936,2246.33
1937,2049.2
1938,2299.64
1939,2489.99
1940,2710.05
1941,1939.97
1942,2562.51
1943,3020.84
1944,3223.98
1945,3505.34
1946,3620.11
1947,3612.41
1948,3712.56
1949,3620.24
1950,3620.38
1951,4269.36
1952,4269.93
1953,5000.98
1954,4999.82
1955,6600.03
1956,7000.59
1957,6000.15
1958,6000.4
1959,7500.22
1960,7500.14
1961,7179.39
1962,6500.97
1963,7000.03
1964,6000.71
1965,6000.05
1966,5008.44
1967,5000.26
1968,4849.29
1969,4935.15
1970,4989.27
1971,4069.96
1972,3996.62
1973,3060.16
1974,3010.73
1975,3500.67
1976,3329.83
1977,3320.38
1978,3329.21
1979,3127.95
1980,3170.11
1981,3170.2
1982,3092.3
1983,3234.42
1984,3236.05
1985,3488.54
1986,3500.97
1987,3488.45
1988,3499.53
1989,2900.61
1990,3151.37
1991,3979.26
1992,3997.97
1993,5000.07
1994,5200.48
1995,4959.53
1996,5000.79
1997,5178.67
1998,4620.0
1999,4102.6
2000,3997.57
2001,3620.8
2002,3599.84
2003,3620.3
2004,3620.31
2005,3289.47
2006,3100.05
2007,2699.66
2008,2699.57
2009,3001.76
2010,3002.45
2011,2620.13
2012,2350.37
2013,2329.74
2014,2162.23
2015,2300.31
2016,2337.27
2017,2318.53
2018,2379.42
2019,2489.66
2020,2502.26
2021,2246.84
2022,2379.72
2023,1685.86
2024,1750.12
2025,1670.39
2026,1695.12
2027,1665.74
2028,2180.37
2029,2109.3
2030,2147.45
2031,1709.83
2032,1646.56
2033,2147.76
2034,2299.6
2035,1693.01
2036,2147.91
2037,1669.54
2038,2000.29
2039,1839.98
2040,1839.82
2041,2049.16
2042,2999.48
2043,2699.25
2044,2699.0
2045,2079.03
2046,2079.53
2047,3050.09
2048,3300.38
2049,3609.4
2050,3609.68
2051,3612.17
2052,3620.14
2053,3743.1
2054,3743.63
2055,3612.02
2056,3689.8
2057,3743.12
2058,3743.52
2059,3399.57
2060,3399.74
2061,3050.88
2062,3119.02
2063,2919.14
2064,2919.26
2065,2981.62
2066,3020.62
2067,2686.97
2068,2455.78
2069,2099.91
2070,2099.03
2071,2859.1
2072,2859.83
2073,2483.45
2074,2049.61
2075,2318.12
2076,2049.85
2077,2568.07
2078,2562.75
2079,1949.96
2080,1999.3
2081,1999.94
2082,2725.46
2083,3000.15
2084,3119.3
2085,2168.4
2086,2274.05
2087,3500.6
2088,3546.56
2089,4000.42
2090,3845.06
2091,3800.81
2092,3845.15
2093,3689.27
2094,3452.8
2095,3449.82
2096,3246.73
2097,3867.92
2098,3845.66
2099,3200.77
2100,2939.91
2101,2520.22
2102,2499.96
2103,2483.8
2104,2379.46
2105,1939.63
2106,1939.73
2107,2000.0
2108,2009.02
2109,1685.71
2110,1741.4
2111,2489.55
2112,1999.74
2113,2489.64
2114,2246.43
2115,2489.31
2116,2142.2
2117,2125.62
2118,2125.74
2119,2125.61
2120,1959.89
2121,1959.69
2122,1685.29
2123,1959.53
2124,1959.63
2125,2022.31
2126,1999.71
2127,1999.86
2128,2022.39
2129,2022.43
2130,2022.94
2131,1871.0
2132,1870.57
2133,1889.72
2134,2003.6
2135,2139.54
2136,2409.52
2137,2800.91
2138,3500.56
2139,3100.58
2140,3320.16
2141,2900.0
2142,3415.86
2143,3128.84
2144,3320.06
2145,3499.71
2146,3500.21
2147,3549.41
2148,3700.88
2149,3329.66
2150,3120.67
2151,3597.86
2152,3597.75
2153,3588.22
2154,3459.24
2155,3700.68
2156,3692.31
2157,3449.14
2158,3151.01
2159,3514.13
2160,3020.92
2161,2998.99
2162,3000.92
2163,2969.8
2164,2564.45
2165,1937.78
2166,1978.72
2167,1676.03
2168,1705.96
2169,2379.44
2170,2562.49
2171,2969.37
2172,3001.36
2173,2514.87
2174,2514.38
2175,2505.87
2176,2730.21
2177,2324.2
2178,2505.78
2179,2562.74
2180,2562.5
2181,3329.0
2182,3415.72
2183,3100.61
2184,3329.19
2185,3020.14
2186,3129.61
2187,3020.1
2188,3020.46
2189,3021.0
2190,3129.27
2191,3099.83
2192,3099.38
2193,3020.1
2194,2909.31
2195,2605.64
2196,2627.79
2197,2620.34
2198,2600.58
2199,2620.24
2200,2375.6
2201,2859.7
2202,2859.16
2203,2599.12
2204,2562.77
2205,2379.87
2206,2368.2
2207,2379.07
2208,2259.53
2209,2562.94
2210,2379.37
2211,1899.77
2212,1899.54
2213,2299.13
2214,2194.4
2215,2193.2
2216,2142.0
2217,2022.95
2218,2095.6
2219,2022.99
2220,2022.42
2221,1959.89
2222,1959.99
2223,1859.94
2224,1859.81
2225,1889.6
2226,2022.56
2227,2024.51
2228,2024.76
2229,2024.25
2230,2326.8
2231,3500.98
2232,3091.77
2233,3020.48
2234,3588.31
2235,3309.67
2236,3445.0
2237,3599.41
2238,3800.94
2239,3700.12
2240,3900.72
2241,4500.88
2242,5000.0
2243,4151.59
2244,4499.9
2245,5200.76
2246,5000.32
2247,5656.13
2248,5500.27
2249,5003.19
2250,5003.44
2251,4989.57
2252,4989.75
2253,4483.36
2254,4904.98
2255,4265.75
2256,4265.56
2257,4269.72
2258,4388.54
2259,3979.93
2260,3880.18
2261,3415.4
2262,3230.92
2263,3156.75
2264,2999.02
2265,2845.12
2266,2989.84
2267,3300.2
2268,3210.18
2269,2969.41
2270,2969.61
2271,3020.89
2272,3372.59
2273,3372.08
2274,3499.14
2275,3415.97
2276,3499.22
2277,3501.62
2278,3620.08
2279,3415.17
2280,3415.77
2281,4900.45
2282,4999.9
2283,4999.2
2284,5000.57
2285,5350.1
2286,7000.85
2287,5200.34
2288,4249.8
2289,3919.7
2290,3749.74
2291,3566.91
2292,3281.15
2293,3499.89
2294,3869.27
2295,3415.34
2296,3310.37
2297,2919.47
2298,2730.36
2299,2562.82
2300,2562.1
2301,2478.22
2302,2349.95
2303,1682.98
2304,1682.66
2305,2504.41
2306,2859.38
2307,2504.19
2308,2420.21
2309,2329.3
2310,2225.55
2311,2024.36
2312,2024.07
2313,1959.99
2314,2022.68
2315,2009.25
2316,1959.88
2317,1939.99
2318,1939.22
2319,1959.82
2320,1959.82
2321,2299.46
2322,2489.23
2323,2379.05
2324,2878.26
2325,2024.43
2326,2604.0
2327,3020.23
2328,3020.39
2329,2770.0
2330,3038.4
2331,3320.07
2332,3700.3
2333,3599.12
2334,3600.79
2335,3599.57
2336,3800.24
2337,3989.75
2338,3989.87
2339,5004.78
2340,5500.1
2341,6000.1
2342,5007.27
2343,4500.09
2344,4500.41
2345,3989.16
2346,3999.73
2347,4008.45
2348,4003.67
2349,4520.29
2350,4608.89
2351,4209.54
2352,3900.47
2353,3500.36
2354,3210.96
2355,3415.26
2356,3620.27
2357,3020.41
2358,3020.39
2359,2909.81
2360,2730.81
2361,2772.93
2362,2726.3
2363,2720.96
2364,2726.8
2365,3001.71
2366,3020.84
2367,3409.13
2368,4079.42
2369,3415.41
2370,3499.15
2371,3320.29
2372,3320.22
2373,3499.46
2374,3455.2
2375,4999.1
2376,5000.32
2377,5500.22
2378,7500.56
2379,8320.48
2380,8320.98
2381,8300.11
2382,6000.58
2383,6432.66
2384,5009.87
2385,4860.28
2386,3868.26
2387,3864.3
2388,3749.97
2389,3749.15
2390,3599.6
2391,3449.83
2392,3020.24
2393,3029.09
2394,2999.59
2395,3501.55
2396,2730.85
2397,2702.82
2398,2562.8
2399,2379.7
2400,2299.37
2401,2777.6
2402,2859.91
2403,2859.33
2404,2859.84
2405,2553.44
2406,2488.72
2407,2489.05
2408,2379.38
2409,2489.59
2410,2489.39
2411,2349.84
2412,2246.68
2413,2024.48
2414,2089.07
2415,2022.96
2416,2125.51
2417,2089.42
2418,2108.11
2419,2246.14
2420,2409.19
2421,2246.8
2422,2941.28
2423,3503.63
2424,3505.62
2425,3749.52
2426,3679.46
2427,3429.94
2428,3830.46
2429,3679.85
2430,4200.51
2431,5000.38
2432,5102.17
2433,4286.57
2434,4749.12
2435,6111.4
2436,6000.94
2437,5000.16
2438,4879.46
2439,3999.89
2440,3867.82
2441,3864.62
2442,3599.72
2443,3865.25
2444,3800.99
2445,3749.55
2446,3749.74
2447,3749.03
2448,3499.3
2449,3499.61
2450,3669.36
2451,2990.65
2452,2830.32
2453,2599.03
2454,1899.83
2455,2499.96
2456,2920.62
2457,2999.39
2458,3004.91
2459,3230.13
2460,2999.91
2461,2878.02
2462,2999.8
2463,2920.51
2464,2920.36
2465,2562.41
2466,2562.91
2467,3000.41
2468,3000.81
2469,3499.62
2470,3099.47
2471,2999.82
2472,2981.32
2473,3861.41
2474,3934.33
2475,3769.14
2476,3750.65
2477,3750.35
2478,3700.62
2479,3679.95
2480,2999.33
2481,2796.67
2482,2796.57
2483,3381.45
2484,3200.2
2485,3329.93
2486,3415.08
2487,2999.73
2488,2740.93
2489,2579.6
2490,2562.0
2491,2514.52
2492,2119.54
2493,2129.4
2494,2089.67
2495,1779.31
2496,1828.31
2497,1599.99
2498,1611.14
2499,2022.31
2500,2010.89
2501,1936.27
2502,1959.04
2503,1100.43
2504,999.65
2505,999.98
2506,1000.1
2507,1199.08
2508,1199.86
2509,1470.67
2510,1550.3
2511,1866.88
2512,2022.22
2513,1642.87
2514,2022.14
2515,1869.1
2516,1611.78
2517,1839.53
2518,2878.73
2519,3002.32
2520,2999.13
2521,3102.0
2522,3860.8
2523,3120.91
2524,3281.72
2525,3200.4
2526,3749.11
2527,3700.53
2528,3749.95
2529,3999.06
2530,3999.43
2531,4151.64
2532,4200.38
2533,4000.83
2534,4208.41
2535,4997.23
2536,4997.4
2537,5306.44
2538,6000.48
2539,6003.92
2540,6002.37
2541,3864.28
2542,3865.41
2543,3196.7
2544,3151.51
2545,2982.63
2546,3669.02
2547,3329.84
2548,2920.59
2549,2514.91
2550,2514.88
2551,2450.86
2552,2514.23
2553,2676.66
2554,2800.32
2555,2920.06
2556,2920.53
2557,2919.99
2558,2920.97
2559,2999.96
2560,2999.46
2561,2900.74
2562,2999.29
2563,3200.25
2564,3200.04
2565,3151.98
2566,2981.83
2567,2850.83
2568,2239.77
2569,4151.46
2570,5160.72
2571,4400.87
2572,5000.65
2573,4904.93
2574,4614.16
2575,2999.85
2576,2999.22
2577,3381.12
2578,3210.52
2579,2920.54
2580,2900.18
2581,2999.85
2582,3566.61
2583,2797.48
2584,2797.98
2585,2620.95
2586,2620.56
2587,2703.53
2588,2706.06
2589,2620.73
2590,2620.01
2591,2246.67
2592,1999.65
2593,2029.84
2594,2029.52
2595,2024.52
2596,2029.54
2597,2029.49
2598,2029.18
2599,1550.22
2600,1682.14
2601,2109.54
2602,2000.89
2603,2109.84
2604,1866.88
2605,2109.25
2606,1909.68
2607,2022.11
2608,2022.85
2609,2138.65
2610,2299.19
2611,2299.54
2612,2514.58
2613,2720.25
2614,2845.23
2615,2999.47
2616,2999.57
2617,3004.39
2618,3390.09
2619,3020.67
2620,3640.4
2621,3692.73
2622,3979.74
2623,5000.32
2624,5000.41
2625,4500.8
2626,4879.68
2627,5976.49
2628,5976.37
2629,6500.44
2630,5520.76
2631,6007.59
2632,6004.75
2633,4904.73
2634,4879.56
2635,4904.98
2636,5000.57
2637,5009.28
2638,4500.1
2639,3760.12
2640,3151.63
2641,3151.18
2642,3034.99
2643,3290.63
2644,3156.6
2645,2700.72
2646,1799.8
2647,2920.1
2648,2562.66
2649,2920.28
2650,2920.92
2651,2999.44
2652,2999.71
2653,2920.73
2654,3230.03
2655,3652.69
2656,3658.34
2657,3699.2
2658,4079.14
2659,3979.71
2660,4499.99
2661,4079.7
2662,5500.04
2663,4379.78
2664,5520.73
2665,6506.15
2666,8000.21
2667,8500.75
2668,8500.57
2669,8500.17
2670,8500.7
2671,8000.98
2672,8000.4
2673,5976.16
2674,4498.76
2675,3040.44
2676,3000.0
2677,3200.69
2678,3535.68
2679,2959.71
2680,2900.48
2681,2749.94
2682,2845.11
2683,2562.46
2684,2500.02
2685,2514.2
2686,2500.31
2687,2562.03
2688,2514.96
2689,2999.41
2690,2999.31
2691,2489.23
2692,2125.88
2693,2489.51
2694,2125.92
2695,2299.63
2696,2125.46
2697,2109.53
2698,2024.33
2699,2022.96
2700,2024.71
2701,2699.07
2702,2800.93
2703,2024.26
2704,2024.92
2705,2246.64
2706,2379.96
2707,2720.67
2708,2859.11
2709,2599.87
2710,3607.45
2711,3699.37
2712,3979.32
2713,4079.4
2714,4005.7
2715,4549.65
2716,4934.83
2717,4249.76
2718,5520.1
2719,6000.71
2720,7500.12
2721,7500.24
2722,7500.64
2723,8004.84
2724,8020.07
2725,6000.98
2726,5231.43
2727,5000.37
2728,7008.41
2729,4999.2
2730,4500.16
2731,4999.46
2732,4379.04
2733,5000.06
2734,5000.07
2735,4500.28
2736,4379.93
2737,4000.91
2738,4099.87
2739,3999.27
2740,3857.77
2741,3329.29
2742,3329.39
2743,3000.76
2744,3076.8
2745,3407.45
2746,3908.42
2747,4179.31
2748,4379.38
2749,3897.52
2750,3979.79
2751,4079.34
2752,3979.46
2753,3897.75
2754,3979.04
2755,4509.08
2756,4379.7
2757,3588.57
2758,3980.0
2759,4379.02
2760,4379.25
2761,5000.62
2762,8000.59
2763,9473.99
2764,9398.38
2765,10993.26
2766,12569.78
2767,12059.7
2768,9082.25
2769,9663.3
2770,7020.36
2771,4934.62
2772,4682.63
2773,4375.63
2774,3999.25
2775,3399.16
2776,3399.07
2777,3403.4
2778,3400.45
2779,3404.58
2780,2999.25
2781,2999.17
2782,2839.58
2783,3202.35
2784,3180.26
2785,2730.07
2786,2710.89
2787,2900.82
2788,2708.77
2789,2599.86
2790,2599.91
2791,2138.55
2792,2246.98
2793,2620.76
2794,2701.95
2795,2420.75
2796,2309.46
2797,2702.75
2798,2704.08
2799,2200.03
2800,2410.97
2801,2514.03
2802,2720.8
2803,2999.42
2804,3250.65
2805,3700.69
2806,4001.71
2807,3979.37
2808,4079.28
2809,4169.6
2810,4379.24
2811,5555.4
2812,5620.53
2813,4352.07
2814,5005.06
2815,5000.5
2816,6003.99
2817,6000.72
2818,7002.28
2819,7001.71
2820,6999.22
2821,5005.2
2822,6999.06
2823,4499.67
2824,4999.44
2825,5002.81
2826,5499.85
2827,5999.09
2828,5999.8
2829,4453.94
2830,4453.67
2831,4689.4
2832,4689.26
2833,3999.56
2834,4379.44
2835,3749.92
2836,3792.41
2837,2999.5
2838,2999.34
2839,3599.58
2840,3599.58
2841,3999.75
2842,4269.45
2843,3535.06
2844,3535.21
2845,3979.54
2846,4079.02
2847,3900.36
2848,3669.55
2849,2999.83
2850,3186.6
2851,3200.26
2852,3550.77
2853,3360.88
2854,3546.95
2855,3335.5
2856,3692.6
2857,4000.76
2858,4801.14
2859,4269.2
2860,4529.9
2861,4529.49
2862,5067.17
2863,4400.22
2864,4359.05
2865,3979.8
2866,3497.82
2867,3546.85
2868,3297.46
2869,3300.75
2870,2995.79
2871,3000.1
2872,3040.03
2873,2730.97
2874,2790.14
2875,2999.13
2876,2599.72
2877,2599.44
2878,2514.53
2879,2509.58
2880,2420.68
2881,2599.47
2882,2509.27
2883,2859.77
2884,2700.01
2885,2125.8
2886,2125.36
2887,2009.91
2888,2039.49
2889,2009.93
2890,2022.23
2891,1949.77
2892,2009.05
2893,1949.68
2894,2000.11
2895,2022.72
2896,2022.25
2897,2489.74
2898,2489.31
2899,2489.28
2900,2489.62
2901,2039.51
2902,2720.35
2903,3500.38
2904,3588.34
2905,3699.11
2906,4505.46
2907,5802.11
2908,5900.52
2909,5499.7
2910,5905.99
2911,7010.61
2912,7011.31
2913,7000.33
2914,7500.43
2915,7500.77
2916,7500.64
2917,8888.4
2918,8888.22
2919,8800.69
2920,8800.04
2921,8888.27
2922,8888.24
2923,8800.49
2924,8800.13
2925,8800.05
2926,7820.6
2927,7820.52
2928,7820.08
2929,6330.28
2930,6311.06
2931,4396.15
2932,4500.01
2933,4079.8
2934,3800.62
2935,3000.67
2936,2905.83
2937,2700.42
2938,2730.36
2939,3800.68
2940,3750.69
2941,3806.02
2942,3979.0
2943,4079.51
2944,4180.59
2945,3100.7
2946,3291.21
2947,4520.91
2948,4705.41
2949,5005.25
2950,5002.78
2951,6020.08
2952,6095.37
2953,8000.41
2954,8500.66
2955,8500.99
2956,8500.87
2957,8520.39
2958,8520.49
2959,8520.04
2960,7820.88
2961,6996.18
2962,4977.33
2963,4169.89
2964,4502.78
2965,3868.16
2966,3862.91
2967,3599.11
2968,3499.79
2969,3477.22
2970,3071.8
2971,3499.19
2972,2995.42
2973,2919.26
2974,2281.75
2975,2050.19
2976,1813.5
