*Interval,Price (Rs./MWh)
1,1999.39
2,1993.45
3,2750.41
4,2919.77
5,2493.33
6,2410.95
7,1999.14
8,1706.65
9,1706.64
10,1706.28
11,2000.31
12,2000.89
13,2105.77
14,2105.76
15,2000.22
16,2283.14
17,2500.04
18,2446.5
19,2420.53
20,2000.9
21,1799.49
22,2050.97
23,3066.66
24,3082.59
25,3500.48
26,4089.07
27,4844.04
28,4499.37
29,4089.05
30,4104.31
31,4130.07
32,5001.6
33,5000.86
34,7500.15
35,10000
36,10000
37,10000
38,10000
39,10000
40,10000
41,10000
42,10000
43,10000
44,10000
45,6499.44
46,6249.08
47,5741.74
48,5741.23
49,5175.99
50,5426.13
51,5426.05
52,5109.83
53,4499.37
54,4194.79
55,3999.61
56,3999.55
57,3616.63
58,3547.94
59,3797.78
60,3797.96
61,4000.48
62,4079.46
63,4089.52
64,4110.12
65,3797.38
66,5000.69
67,5176.05
68,6499.7
69,6249.98
70,10000
71,10000
72,10000
73,6519.43
74,6519.78
75,5711.02
76,5600.19
77,5075.73
78,5050.89
79,4000.88
80,3873.08
81,3662.2
82,4000.84
83,3318.5
84,2899.72
85,2778.72
86,2950.75
87,3259.36
88,3259.6
89,3291.39
90,3291.8
91,3225
92,3000.57
93,2995.17
94,2995.3
95,2927.64
96,2500.29
97,2840.99
98,2900.79
99,2927.65
100,2927.88
101,2289.38
102,2105.77
103,1999.73
104,1848.29
105,1999.13
106,2105.43
107,2105.76
108,2105.9
109,2105.53
110,2105.26
111,1999.7
112,1999.4
113,1848.41
114,2490.18
115,2696
116,2810.05
117,2711.77
118,2600.08
119,2399.91
120,2810.46
121,1999.92
122,3259.05
123,3500.21
124,3542.22
125,4000.67
126,4089.87
127,4844.04
128,4724.54
129,5000.6
130,6499.67
131,7505.94
132,9999.8
133,10000
134,10000
135,10000
136,10000
137,10000
138,10000
139,10000
140,10000
141,9999.56
142,7510.86
143,4955.58
144,4857.34
145,4727.09
146,4730.05
147,4727.34
148,4249.57
149,3640.89
150,3259.43
151,3800.77
152,3797.92
153,3662.09
154,3743.33
155,3752.09
156,3810.88
157,3873.92
158,3999.5
159,3999.6
160,4000.87
161,3583.88
162,4501.78
163,5426.42
164,7000.97
165,10000
166,10000
167,10000
168,10000
169,10000
170,10000
171,10000
172,10000
173,10000
174,10000
175,10000
176,10000
177,8520
178,5632.61
179,4610.76
180,3997.24
181,3099.36
182,2976.32
183,3599.13
184,3000.97
185,3659.21
186,4000.22
187,3547.91
188,3430.81
189,3037.99
190,2900.91
191,2900.45
192,2900.2
193,2812.12
194,2812.58
195,3400.44
196,3616.18
197,2812.28
198,2500.15
199,2812.84
200,2812.18
201,2812.86
202,2812.6
203,2812.85
204,2812.94
205,2461.45
206,2340.95
207,2500.92
208,2600.58
209,2812.84
210,3291.18
211,3450.91
212,3525.74
213,3291.27
214,3066.17
215,3408.46
216,3408.42
217,3776.38
218,4110.1
219,4991.97
220,5109.05
221,5499.66
222,6105.39
223,7510.87
224,10000
225,10000
226,10000
227,10000
228,10000
229,10000
230,10000
231,10000
232,10000
233,10000
234,10000
235,10000
236,10000
237,10000
238,10000
239,9999.06
240,7500.06
241,5741.71
242,5200.63
243,5000.07
244,4651.79
245,4000.26
246,3999.18
247,4000.19
248,4000.64
249,3599.5
250,4000.54
251,4403.98
252,4712.68
253,5109.71
254,5502.02
255,10000
256,10000
257,10000
258,10000
259,10000
260,10000
261,10000
262,10000
263,10000
264,10000
265,10000
266,10000
267,10000
268,10000
269,10000
270,10000
271,10000
272,10000
273,5800.85
274,5450.76
275,4000.84
276,4000.33
277,4000.38
278,4200.54
279,4000.65
280,4000.6
281,3590.83
282,3797.25
283,3160.83
284,3132
285,3291.27
286,3547.6
287,3575.89
288,3547.5
289,2778.47
290,2650.95
291,2810.71
292,2752.51
293,2711.76
294,2300.97
295,2400.13
296,2300.62
297,1872.77
298,1873.15
299,1896.92
300,2105.79
301,2600.46
302,2560.8
303,2251.32
304,2105.12
305,2711.15
306,2800.26
307,2399.32
308,2115.29
309,2846.01
310,3291.74
311,3510.76
312,3750.97
313,4054.98
314,4381.94
315,4214.95
316,4850.1
317,4749.22
318,6499.69
319,10000
320,10000
321,10000
322,10000
323,10000
324,10000
325,10000
326,10000
327,10000
328,10000
329,10000
330,10000
331,10000
332,10000
333,10000
334,10000
335,10000
336,10000
337,10000
338,10000
339,10000
340,7560.15
341,4999.25
342,4499.17
343,5210.86
344,5183.51
345,5499.64
346,5741.02
347,5500.11
348,5624.91
349,6520.73
350,7500.32
351,7002.46
352,7500.92
353,10000
354,10000
355,10000
356,10000
357,10000
358,10000
359,10000
360,10000
361,10000
362,10000
363,10000
364,10000
365,10000
366,10000
367,10000
368,10000
369,10000
370,10000
371,5500.27
372,4665.69
373,3996.53
374,3583.88
375,3687.5
376,3478
377,3620.12
378,4000.34
379,4054.62
380,4054.52
381,3618.99
382,3500
383,3291.02
384,2976.75
385,2139.2
386,2502
387,2950.53
388,3525.17
389,2950.34
390,2909.4
391,2752.65
392,2778.04
393,2750.11
394,2600.18
395,2399.9
396,2399.69
397,2101.41
398,2101.72
399,1900.97
400,1848.74
401,2501.41
402,3092.11
403,3194.65
404,3291.57
405,3296.06
406,3232.63
407,3575.6
408,3748.35
409,3583.2
410,4000.08
411,4457.54
412,5200.82
413,4457.31
414,7000.64
415,10000
416,10000
417,10000
418,10000
419,10000
420,10000
421,10000
422,10000
423,10000
424,10000
425,10000
426,10000
427,10000
428,10000
429,10000
430,10000
431,10000
432,10000
433,6499.19
434,6499.27
435,5999.31
436,5418.59
437,4546
438,4168.88
439,5039.07
440,4999.8
441,6000
442,6299.4
443,7260.39
444,7499.31
445,7008.12
446,7520.98
447,9116.28
448,8000.66
449,10000
450,10000
451,10000
452,10000
453,10000
454,10000
455,10000
456,10000
457,10000
458,10000
459,10000
460,10000
461,10000
462,10000
463,10000
464,10000
465,10000
466,10000
467,10000
468,10000
469,4600.62
470,3987.7
471,3638.92
472,3650.47
473,3575.78
474,3575.1
475,3240.15
476,3240.07
477,2800.32
478,2900.39
479,3296.55
480,3450.8
481,3262.94
482,3200.98
483,3240.27
484,3092.97
485,2800.6
486,2500.1
487,2490.24
488,1830.72
489,2400.68
490,2830.2
491,2500.27
492,2210.6
493,2012.7
494,1766.61
495,1848.4
496,1707.52
497,1766.31
498,1952.85
499,2133.37
500,2060.94
501,1952.93
502,1896.86
503,2057.2
504,2050.75
505,3541
506,4000.73
507,4500.46
508,5000.86
509,5000.53
510,7500.66
511,7559.35
512,10000
513,10000
514,10000
515,10000
516,10000
517,10000
518,10000
519,10000
520,10000
521,9999.86
522,7500.52
523,6500.62
524,4999.77
525,5500.85
526,5500.72
527,5500.42
528,5418.42
529,4054.62
530,4011.79
531,4168.73
532,4011.52
533,3616.12
534,3616.53
535,3670.25
536,3691.71
537,4000.66
538,4000.71
539,4189.52
540,4503.04
541,4214.86
542,4935.6
543,4110.37
544,4499.38
545,4500
546,5510.26
547,7000.07
548,10000
549,10000
550,10000
551,10000
552,10000
553,10000
554,10000
555,10000
556,10000
557,10000
558,10000
559,6499
560,5039.7
561,4252.34
562,4200.29
563,3748.34
564,3604.71
565,3219.36
566,2778.79
567,2157.12
568,1999.54
569,2000.1
570,2200.26
571,3431.96
572,3506.43
573,2500.2
574,1999.94
575,2050.47
576,1900.73
577,2050.46
578,1848.1
579,3525.02
580,3729.22
581,1766.16
582,1702.72
583,1684.87
584,1707.64
585,2105.74
586,2300.11
587,2500.92
588,2500.45
589,2105.77
590,2105.41
591,2105.28
592,2105.13
593,2000.95
594,2012.44
595,2830.39
596,3132.41
597,3262.4
598,3262.03
599,3296.43
600,3547.39
601,3616.79
602,3870.95
603,4000.95
604,4000.24
605,3750.54
606,3945.36
607,4000.82
608,4000.84
609,4214.11
610,4819.65
611,4819.5
612,4819.48
613,5418.5
614,5499.97
615,6099.09
616,5999.52
617,7220.2
618,6484.02
619,5632.26
620,4981.52
621,4859.6
622,4457.35
623,4500.02
624,4132.67
625,4189.53
626,4189.64
627,4499.35
628,4299.27
629,4054.89
630,4000.36
631,3797.08
632,3748.86
633,3616.85
634,3797.15
635,3477.42
636,3547.19
637,3434.15
638,3500.88
639,3616.75
640,3616.98
641,3012.73
642,3272.01
643,3194.79
644,3602.45
645,3648.73
646,4000.87
647,3659.32
648,3499.12
649,4000.06
650,4000.49
651,4132.52
652,4054.45
653,4000.37
654,4132.84
655,4000.45
656,3727.5
657,3583.31
658,3194.32
659,3500.3
660,3240.39
661,3547.94
662,2731.93
663,1999.1
664,1830.75
665,1707.59
666,1999.22
667,2119.8
668,2659.6
669,2000.15
670,2000.45
671,2119.73
672,2119.42
673,2119.87
674,2012.82
675,2040.1
676,1830.65
677,1684.17
678,1683.44
679,1670.08
680,1703.04
681,1703.78
682,1683.87
683,1683.8
684,1684.57
685,1703.97
686,1707.52
687,1707.78
688,1766.09
689,1693.93
690,1729.19
691,2040.89
692,2105.18
693,1729.8
694,1632.84
695,1622.59
696,1766.98
697,3500.19
698,4106.44
699,4500.85
700,4381.02
701,4214.2
702,4500.11
703,7500.14
704,10000
705,10000
706,10000
707,10000
708,10000
709,10000
710,10000
711,10000
712,10000
713,10000
714,10000
715,10000
716,10000
717,10000
718,10000
719,10000
720,10000
721,9899.11
722,5741.18
723,5999.67
724,5500.12
725,3825.74
726,3296.9
727,3388.66
728,3748.28
729,3410.71
730,3388.7
731,3790.62
732,4000.69
733,3850.13
734,3870.65
735,4011.37
736,4011.9
737,3810.67
738,4214.99
739,4214.98
740,5500.58
741,8000.8
742,10000
743,10000
744,10000
745,10000
746,10000
747,10000
748,7999.67
749,6499.59
750,6499.27
751,5711.32
752,5039.91
753,4252.89
754,3583.12
755,4130.69
756,3977.42
757,3194.69
758,3000.04
759,2920.5
760,2500.89
761,3652.65
762,3652.25
763,3652.49
764,3575.91
765,3005.21
766,3005.06
767,2990.68
768,2900.76
769,2999.3
770,3100.86
771,3406.11
772,2990.36
773,2077.82
774,1942.2
775,2000.42
776,1925.27
777,2077.16
778,2077.62
779,1937.23
780,1904.16
781,1896.63
782,1896.46
783,1802
784,1833.83
785,2077.55
786,2141.72
787,2999.72
788,3250.29
789,3542.39
790,3406.58
791,3250.49
792,3250.34
793,2115.87
794,3470.42
795,4001.84
796,4000.65
797,4600
798,5500.81
799,10000
800,10000
801,10000
802,10000
803,10000
804,10000
805,10000
806,10000
807,10000
808,10000
809,10000
810,10000
811,10000
812,10000
813,10000
814,10000
815,10000
816,7521.72
817,5499.66
818,5000.74
819,4999.89
820,4436.65
821,3406.76
822,3376.85
823,3534.69
824,3534.86
825,3652.28
826,3652.05
827,3632.98
828,3652.39
829,3700.51
830,4000.56
831,4000.86
832,4433.5
833,4050.28
834,4499.69
835,5000.26
836,6500.43
837,8500.09
838,9520
839,8500.41
840,8500.87
841,5632.87
842,6500.42
843,6500.6
844,6073.35
845,7000.51
846,7007.08
847,5711.97
848,5422.97
849,5200.67
850,4596.39
851,3979.45
852,3860.07
853,3652.55
854,3638.47
855,3266.4
856,3240.8
857,2927.94
858,2990.44
859,3534.18
860,3525.72
861,2865
862,2199.83
863,1792.39
864,1792.1
865,2927.67
866,2990.67
867,3341.5
868,2990.11
869,1952.86
870,1760.08
871,1736.78
872,1740.87
873,1740.54
874,1736.66
875,1653.67
876,1653.57
877,1723.78
878,1723.58
879,1723.12
880,1723.39
881,1740.56
882,1756.71
883,2059.26
884,2077.54
885,2077.39
886,2100.69
887,3250.83
888,3350.93
889,2990.53
890,3534.83
891,3840.03
892,4211.46
893,4499.92
894,5500.36
895,10000
896,10000
897,10000
898,10000
899,10000
900,10000
901,10000
902,10000
903,10000
904,10000
905,10000
906,10000
907,8272.56
908,5999.04
909,4525.35
910,4863.97
911,5161.6
912,4863.68
913,5000.07
914,5039.56
915,4999.85
916,4850.17
917,3604.21
918,3542.72
919,3870.62
920,4022.54
921,4126.71
922,4433.54
923,4499.8
924,4479.33
925,4513.2
926,4525.03
927,4211.83
928,4479.2
929,4126.07
930,4500
931,4850.24
932,7999.54
933,9999.16
934,10000
935,10000
936,10000
937,10000
938,10000
939,10000
940,10000
941,10000
942,10000
943,8979.67
944,5750.05
945,4999.33
946,4500.11
947,4499.03
948,4100.69
949,4126.66
950,3870.21
951,3652.12
952,3435.41
953,3470.95
954,3500.21
955,3408.19
956,3099.21
957,3391.23
958,2990.8
959,2512.79
960,2157.67
961,2880.02
962,2927.71
963,2880.39
964,2810.41
965,2460.29
966,2077.22
967,2051.49
968,1792.51
969,1792.92
970,2030.11
971,1905.59
972,1905.59
973,1920.96
974,2059.14
975,2100.55
976,2109.34
977,2810.27
978,2810.29
979,2990.36
980,2880.23
981,3470.12
982,3470.21
983,3470.85
984,3470.85
985,3470.61
986,4000.91
987,4499.03
988,4999.65
989,4865.2
990,5200.19
991,7500.34
992,9999.18
993,10000
994,10000
995,10000
996,10000
997,10000
998,10000
999,10000
1000,10000
1001,7999.71
1002,6995
1003,5176.42
1004,4999.89
1005,5039.45
1006,4596.28
1007,3741.33
1008,3648.57
1009,3670.51
1010,3819.49
1011,3750.84
1012,3591.78
1013,3274.89
1014,3190.22
1015,3170.2
1016,3391.19
1017,3391.62
1018,3406.25
1019,3406.79
1020,3406.24
1021,3391.85
1022,3575.34
1023,3610.08
1024,3542.72
1025,3246.84
1026,3752.97
1027,3390.84
1028,4247.6
1029,5510.21
1030,10000
1031,9998
1032,10000
1033,10000
1034,10000
1035,10000
1036,10000
1037,10000
1038,9998.61
1039,6505.4
1040,6497.94
1041,5668
1042,5300.71
1043,5004.65
1044,4450.23
1045,4499.09
1046,3999.04
1047,3631.54
1048,3631.1
1049,3000.55
1050,3000.44
1051,2799.49
1052,3470.36
1053,3470.77
1054,3391.4
1055,3200.1
1056,3190.98
1057,2920.12
1058,3050.95
1059,2927.99
1060,2927.57
1061,2810.41
1062,2810.04
1063,2400.63
1064,2187.5
1065,1912.25
1066,1768.87
1067,2060.87
1068,2077.67
1069,2077.75
1070,2200.75
1071,2200.21
1072,2500.71
1073,2893.06
1074,3066.04
1075,3066.58
1076,3091.3
1077,3066.51
1078,2990.4
1079,3310.17
1080,3652.16
1081,3391.79
1082,3870.16
1083,4189.58
1084,4513.27
1085,5499.89
1086,7502.76
1087,10000
1088,10000
1089,10000
1090,10000
1091,10000
1092,10000
1093,10000
1094,10000
1095,10000
1096,10000
1097,10000
1098,9999.41
1099,7005.3
1100,6073.84
1101,4850.81
1102,4500.59
1103,3790.41
1104,3450.66
1105,3870.38
1106,4000.79
1107,4000.79
1108,3870.38
1109,3663.28
1110,3391.4
1111,3500.48
1112,3638.19
1113,3542.44
1114,3714
1115,4004.19
1116,4211.03
1117,4126.48
1118,4126.84
1119,4126.36
1120,4211.49
1121,4262
1122,5600.27
1123,7265.55
1124,7500.48
1125,10000
1126,10000
1127,10000
1128,10000
1129,10000
1130,10000
1131,10000
1132,10000
1133,10000
1134,10000
1135,10000
1136,10000
1137,10000
1138,8000.91
1139,9999
1140,6073.55
1141,5039.34
1142,4596.65
1143,4126.73
1144,4126.87
1145,3819.32
1146,3819.51
1147,3470.46
1148,3575.46
1149,3400.1
1150,3391.1
1151,3470.21
1152,3391.3
1153,3100.17
1154,3262.08
1155,3182.77
1156,3265
1157,3162.35
1158,3066.77
1159,3066.67
1160,3066.25
1161,3066.47
1162,3000.46
1163,2900.89
1164,2800.99
1165,2990.43
1166,3000.85
1167,3066.17
1168,3066.5
1169,3112
1170,3302.37
1171,3391.71
1172,3500.66
1173,3591.81
1174,3599.07
1175,3690.58
1176,3810.4
1177,4433.7
1178,5000.47
1179,5422.77
1180,5600.71
1181,7500.54
1182,10000
1183,10000
1184,10000
1185,10000
1186,10000
1187,10000
1188,10000
1189,10000
1190,10000
1191,10000
1192,10000
1193,10000
1194,10000
1195,10000
1196,10000
1197,10000
1198,8674.66
1199,6499.59
1200,5999.01
1201,5499.23
1202,5300.5
1203,5422.71
1204,4999.69
1205,4211.85
1206,4000.24
1207,4000.97
1208,4014.15
1209,3790.83
1210,4211.07
1211,4307.43
1212,4581.44
1213,5319.3
1214,5510.45
1215,6000.14
1216,6500.57
1217,8000.09
1218,10000
1219,10000
1220,10000
1221,10000
1222,10000
1223,10000
1224,10000
1225,10000
1226,10000
1227,10000
1228,10000
1229,10000
1230,10000
1231,10000
1232,10000
1233,10000
1234,10000
1235,10000
1236,10000
1237,10000
1238,9566.67
1239,5000.36
1240,4506.63
1241,4000.75
1242,4423.68
1243,4667.34
1244,4776.65
1245,4211.48
1246,4014.84
1247,4219.63
1248,3969.31
1249,4000.28
1250,3750.49
1251,4499.52
1252,4190
1253,3470.17
1254,3456.02
1255,3470.55
1256,3456.86
1257,3000.04
1258,3000.78
1259,3142.01
1260,3142.55
1261,3391.59
1262,3391.41
1263,3200.13
1264,3190.66
1265,3376.65
1266,3376.74
1267,3391.56
1268,3406.29
1269,3599.19
1270,3663.27
1271,3870.71
1272,3960.81
1273,4211.37
1274,4701.62
1275,5250.53
1276,5422.41
1277,6501.44
1278,10000
1279,10000
1280,10000
1281,10000
1282,10000
1283,10000
1284,10000
1285,10000
1286,10000
1287,10000
1288,7999.72
1289,5500.37
1290,4934.6
1291,5039.65
1292,4907.48
1293,4999.25
1294,4695.03
1295,4297.11
1296,3652.46
1297,4126.57
1298,4211.86
1299,4014.91
1300,3999.15
1301,3660.12
1302,3591.14
1303,3470.87
1304,3470.84
1305,3400.31
1306,3391.79
1307,3391.59
1308,3391.65
1309,3000.76
1310,3000.7
1311,3376.29
1312,3391.25
1313,3229.6
1314,3320.53
1315,3689.43
1316,4549.38
1317,4850.41
1318,5199.93
1319,4513.2
1320,4750.75
1321,4703.34
1322,4850.28
1323,5319.51
1324,5500.29
1325,5319.38
1326,5277.29
1327,4700.27
1328,4335.35
1329,4999.2
1330,4700.91
1331,4596.62
1332,4200.72
1333,4000.99
1334,3999.7
1335,3534.79
1336,3406.95
1337,3488
1338,3465.71
1339,3391.76
1340,3376.35
1341,3299.43
1342,3294.57
1343,3070.44
1344,3100.54
1345,3182.62
1346,3391.11
1347,3470.94
1348,3236.69
1349,2800.19
1350,2580.77
1351,2606.19
1352,2314.56
1353,2593.15
1354,2659.42
1355,2650.15
1356,2659.94
1357,2659.77
1358,2659.61
1359,2679.21
1360,2860.77
1361,2700.61
1362,2990.78
1363,3182.92
1364,3200.61
1365,3534.24
1366,3652.29
1367,3815.29
1368,3815.05
1369,4000.98
1370,4612.87
1371,4850.99
1372,5300.76
1373,9999.29
1374,10000
1375,10000
1376,10000
1377,10000
1378,10000
1379,10000
1380,10000
1381,10000
1382,10000
1383,10000
1384,10000
1385,10000
1386,10000
1387,10000
1388,10000
1389,10000
1390,8499.94
1391,5510.5
1392,4850.59
1393,4435.72
1394,4568.99
1395,4300.99
1396,4307.16
1397,3792.49
1398,3610.13
1399,3053.44
1400,3000.94
1401,3040.69
1402,3112.4
1403,3750.25
1404,3750.08
1405,3810.23
1406,3969.66
1407,4126.31
1408,4499.39
1409,4300.81
1410,5500.86
1411,5510.87
1412,7010.41
1413,10000
1414,10000
1415,10000
1416,10000
1417,10000
1418,10000
1419,10000
1420,10000
1421,10000
1422,10000
1423,10000
1424,10000
1425,6099.23
1426,5632.37
1427,5500.56
1428,5499.3
1429,5200.11
1430,4999.69
1431,4499.23
1432,4039.61
1433,4499.4
1434,4219.96
1435,4200.95
1436,4189.42
1437,4189.1
1438,4178.39
1439,3863.02
1440,3391.38
1441,3406.43
1442,3391.63
1443,3348.86
1444,3279
1445,3026.31
1446,2990.74
1447,3066.5
1448,3002.78
1449,2950.13
1450,2971.31
1451,2971.02
1452,2949.02
1453,2940.75
1454,2923.72
1455,2949.11
1456,2923.55
1457,3000.85
1458,3066.45
1459,3066.96
1460,3470.31
1461,3598.2
1462,3598.55
1463,3813.5
1464,3754.82
1465,3752.55
1466,4252.95
1467,5510.9
1468,5600.69
1469,5900.65
1470,8999.19
1471,10000
1472,10000
1473,10000
1474,10000
1475,10000
1476,10000
1477,10000
1478,10000
1479,10000
1480,10000
1481,10000
1482,10000
1483,10000
1484,9999.78
1485,6499.19
1486,5500.54
1487,4973.95
1488,5183.11
1489,5184
1490,4667.75
1491,4667.29
1492,4334
1493,3950.74
1494,3870.96
1495,4000.09
1496,3813.11
1497,3600.25
1498,3606.15
1499,4000.3
1500,4000.95
1501,4126.44
1502,4304
1503,5319.96
1504,5500.16
1505,4798.67
1506,7097.9
1507,9000.6
1508,10000
1509,10000
1510,10000
1511,10000
1512,10000
1513,10000
1514,10000
1515,10000
1516,10000
1517,10000
1518,10000
1519,10000
1520,10000
1521,10000
1522,10000
1523,10000
1524,6073.75
1525,6073.79
1526,5500.47
1527,4999.69
1528,4130.9
1529,4126.15
1530,3899.75
1531,4000.21
1532,4000.64
1533,3449.96
1534,3449.97
1535,3010.8
1536,3000.57
1537,3000.58
1538,3250.37
1539,3300.02
1540,3200.81
1541,3300.65
1542,3000.07
1543,3026.18
1544,2990.71
1545,2990.03
1546,2950.68
1547,2990.43
1548,2990.76
1549,2927.6
1550,2927.62
1551,2950.82
1552,2990.06
1553,3391.07
1554,3575.97
1555,3391.87
1556,3190.26
1557,3525.65
1558,3470.54
1559,3950.89
1560,4069.1
1561,4197.82
1562,5500.87
1563,7001.39
1564,9000.66
1565,10000
1566,10000
1567,10000
1568,10000
1569,10000
1570,10000
1571,10000
1572,10000
1573,10000
1574,10000
1575,10000
1576,10000
1577,10000
1578,10000
1579,10000
1580,10000
1581,10000
1582,10000
1583,10000
1584,10000
1585,10000
1586,10000
1587,10000
1588,7500.26
1589,5499.91
1590,5437.76
1591,5277.83
1592,5277.23
1593,4599.35
1594,4986.45
1595,5488.93
1596,5510.23
1597,6073.03
1598,7500.39
1599,10000
1600,10000
1601,10000
1602,10000
1603,10000
1604,10000
1605,10000
1606,10000
1607,10000
1608,10000
1609,10000
1610,10000
1611,10000
1612,10000
1613,10000
1614,10000
1615,10000
1616,10000
1617,10000
1618,10000
1619,10000
1620,10000
1621,9999.36
1622,5632.68
1623,4750.55
1624,3997.11
1625,4206.58
1626,4197.99
1627,4126.28
1628,4126.33
1629,4126.61
1630,4069.52
1631,3525.64
1632,3499.22
1633,2999.99
1634,3026.57
1635,3250.05
1636,3036.78
1637,2971.73
1638,2949.56
1639,2931.6
1640,2900.45
1641,2971.15
1642,2851.92
1643,2851.81
1644,2851.69
1645,2950.73
1646,2950.01
1647,2851.99
1648,2851.95
1649,2999.08
1650,3200.61
1651,3110.94
1652,3200.81
1653,3200.37
1654,3320.04
1655,3606.19
1656,3620.78
1657,3870.88
1658,4897.11
1659,5510.65
1660,10000
1661,10000
1662,10000
1663,10000
1664,10000
1665,10000
1666,10000
1667,10000
1668,10000
1669,10000
1670,10000
1671,10000
1672,10000
1673,10000
1674,10000
1675,10000
1676,10000
1677,10000
1678,10000
1679,10000
1680,10000
1681,10000
1682,10000
1683,6200.67
1684,5999.55
1685,4590.93
1686,4499.64
1687,4499.19
1688,4519.05
1689,4902.92
1690,5183.37
1691,5039.84
1692,5499.47
1693,5199.67
1694,5939.04
1695,8000.91
1696,10000
1697,10000
1698,10000
1699,10000
1700,10000
1701,10000
1702,10000
1703,10000
1704,10000
1705,10000
1706,10000
1707,10000
1708,10000
1709,10000
1710,10000
1711,10000
1712,10000
1713,10000
1714,10000
1715,10000
1716,10000
1717,10000
1718,5400.87
1719,4539.5
1720,4000.7
1721,3465.91
1722,3667.12
1723,4126.05
1724,3667.96
1725,2999.63
1726,2990.45
1727,3000.91
1728,2950.58
1729,2990.37
1730,3026.15
1731,3026.59
1732,3036.56
1733,3049.63
1734,3036.44
1735,3374.69
1736,3391.38
1737,3036.78
1738,2990.7
1739,2990.69
1740,2920.29
1741,2850.2
1742,2850.59
1743,2920.19
1744,2990.54
1745,2990.95
1746,3036.41
1747,3262.75
1748,3262.58
1749,3391.69
1750,3599.8
1751,3667.68
1752,3790.8
1753,4766.63
1754,5511
1755,10000
1756,10000
1757,10000
1758,10000
1759,10000
1760,10000
1761,10000
1762,10000
1763,10000
1764,10000
1765,10000
1766,10000
1767,10000
1768,10000
1769,10000
1770,10000
1771,10000
1772,10000
1773,10000
1774,10000
1775,10000
1776,10000
1777,10000
1778,10000
1779,10000
1780,5999.01
1781,5039.08
1782,4899.65
1783,4999.41
1784,5000.29
1785,5200.76
1786,6000.11
1787,6750.41
1788,6750.98
1789,6247.26
1790,9000.39
1791,10000
1792,10000
1793,10000
1794,10000
1795,10000
1796,10000
1797,10000
1798,10000
1799,10000
1800,10000
1801,10000
1802,10000
1803,10000
1804,10000
1805,10000
1806,10000
1807,10000
1808,10000
1809,10000
1810,10000
1811,10000
1812,10000
1813,10000
1814,10000
1815,6199.61
1816,5199.13
1817,4499.55
1818,4436.26
1819,3638.58
1820,3667.31
1821,3652.81
1822,3667.06
1823,3320.77
1824,2900.43
1825,3000.87
1826,3391.16
1827,3470.87
1828,3470.56
1829,3329.43
1830,3277.88
1831,3000.88
1832,3050.18
1833,3374.46
1834,3453.63
1835,3470.01
1836,3300.08
1837,3000.05
1838,2993.86
1839,2982.57
1840,2889.14
1841,3000.12
1842,3026.34
1843,3250.57
1844,3373.56
1845,3400.44
1846,3644.7
1847,4216.37
1848,4769.43
1849,5499.61
1850,10000
1851,10000
1852,10000
1853,10000
1854,10000
1855,10000
1856,10000
1857,10000
1858,10000
1859,10000
1860,10000
1861,10000
1862,10000
1863,10000
1864,10000
1865,10000
1866,10000
1867,10000
1868,10000
1869,10000
1870,10000
1871,10000
1872,10000
1873,10000
1874,10000
1875,8304
1876,6073.41
1877,4499.43
1878,4499.56
1879,4999.46
1880,4850.77
1881,5183.29
1882,5319.05
1883,5039.78
1884,5191.06
1885,5390.78
1886,5437.22
1887,6000.24
1888,6990.57
1889,7920.7
1890,10000
1891,10000
1892,10000
1893,10000
1894,10000
1895,10000
1896,10000
1897,10000
1898,10000
1899,10000
1900,10000
1901,10000
1902,10000
1903,10000
1904,10000
1905,10000
1906,10000
1907,10000
1908,6999.01
1909,4500.44
1910,4112.5
1911,4651.06
1912,4200.03
1913,3760.85
1914,3760.38
1915,3963.1
1916,3667.93
1917,3470.52
1918,3470.58
1919,3575.54
1920,3470.81
1921,3210.66
1922,3374.78
1923,3525.9
1924,3575.61
1925,3499.22
1926,3525.1
1927,3575.67
1928,3470.92
1929,3391.21
1930,3374.92
1931,3374.07
1932,3320.87
1933,2851.17
1934,2600.69
1935,3190.77
1936,3020.55
1937,3302.95
1938,3391.08
1939,3470
1940,3599.15
1941,3644.12
1942,4000.46
1943,4001.17
1944,4189.5
1945,5183.57
1946,6300.38
1947,7520.99
1948,10000
1949,10000
1950,10000
1951,10000
1952,10000
1953,10000
1954,10000
1955,10000
1956,10000
1957,10000
1958,10000
1959,10000
1960,10000
1961,10000
1962,10000
1963,10000
1964,10000
1965,10000
1966,7510.36
1967,5191.16
1968,4350.6
1969,4630.11
1970,4630.59
1971,4499.69
1972,4469.54
1973,4000.83
1974,4000.77
1975,3934.4
1976,3790.61
1977,3398.12
1978,3500.63
1979,3667.05
1980,3707.67
1981,4000.59
1982,4126.47
1983,4126.12
1984,4479.33
1985,4579.86
1986,5277.67
1987,8000.57
1988,10000
1989,10000
1990,10000
1991,10000
1992,10000
1993,10000
1994,10000
1995,10000
1996,10000
1997,10000
1998,10000
1999,10000
2000,10000
2001,10000
2002,10000
2003,7999.47
2004,5632.91
2005,5510.2
2006,5183.41
2007,4499.74
2008,4187.61
2009,3760.09
2010,3760.28
2011,4000.33
2012,3667.62
2013,3599.23
2014,3478.67
2015,3391.49
2016,3391.05
2017,3470.47
2018,3391.98
2019,3499.32
2020,3470.81
2021,3391.8
2022,3470.02
2023,2990.44
2024,2889.46
2025,3470.12
2026,3470.12
2027,2971.87
2028,2920.72
2029,2851.27
2030,2851.48
2031,2893.39
2032,2971.12
2033,2920.57
2034,3190.01
2035,3374.71
2036,3374.75
2037,3644.98
2038,3575.38
2039,3866
2040,4000.49
2041,4590.9
2042,10000
2043,10000
2044,10000
2045,10000
2046,10000
2047,10000
2048,10000
2049,10000
2050,10000
2051,10000
2052,10000
2053,10000
2054,10000
2055,10000
2056,10000
2057,10000
2058,10000
2059,10000
2060,10000
2061,10000
2062,10000
2063,10000
2064,10000
2065,10000
2066,10000
2067,10000
2068,10000
2069,10000
2070,7999.81
2071,7097.55
2072,6200.34
2073,5799.91
2074,5500.83
2075,5000.23
2076,5000.22
2077,5000.27
2078,5039.62
2079,7500.74
2080,10000
2081,10000
2082,10000
2083,10000
2084,10000
2085,10000
2086,10000
2087,10000
2088,10000
2089,10000
2090,10000
2091,10000
2092,10000
2093,10000
2094,10000
2095,10000
2096,10000
2097,10000
2098,10000
2099,10000
2100,5999.96
2101,4700.89
2102,4525.34
2103,4216.91
2104,3950.06
2105,3631.55
2106,3648.53
2107,4000.77
2108,3651.63
2109,3575.06
2110,3470.91
2111,3470.07
2112,3399.34
2113,2975.47
2114,3464.5
2115,3070.5
2116,2893.22
2117,3470.44
2118,3470.91
2119,3455.52
2120,3190.1
2121,2893.34
2122,2500.77
2123,2800.99
2124,2925.92
2125,3391.48
2126,3391.23
2127,3534.09
2128,3548.27
2129,3470.32
2130,3391.23
2131,3391.66
2132,3470.01
2133,3391.7
2134,3667.6
2135,3750.52
2136,3667.92
2137,3997.25
2138,10000
2139,10000
2140,10000
2141,10000
2142,10000
2143,10000
2144,10000
2145,10000
2146,10000
2147,10000
2148,10000
2149,10000
2150,10000
2151,10000
2152,10000
2153,10000
2154,10000
2155,10000
2156,10000
2157,10000
2158,10000
2159,10000
2160,10000
2161,10000
2162,6999.03
2163,5999.1
2164,5500.42
2165,4499.64
2166,4442.76
2167,4499.55
2168,4500.34
2169,4500.78
2170,4507.48
2171,5039.45
2172,5319.07
2173,4999
2174,5277.13
2175,7010.16
2176,8000.29
2177,8199.12
2178,10000
2179,10000
2180,10000
2181,10000
2182,10000
2183,10000
2184,10000
2185,10000
2186,10000
2187,10000
2188,10000
2189,10000
2190,10000
2191,10000
2192,10000
2193,10000
2194,10000
2195,10000
2196,10000
2197,10000
2198,10000
2199,10000
2200,10000
2201,8010.1
2202,5999.7
2203,5437.12
2204,5288.24
2205,4189.26
2206,3987.83
2207,3575.04
2208,3435.67
2209,3575.85
2210,3652.77
2211,3575.6
2212,3575.03
2213,3391.44
2214,3240
2215,2950.66
2216,2990.79
2217,3190.19
2218,3391.01
2219,3391.51
2220,3374.81
2221,2990.94
2222,2976.92
2223,2990.1
2224,2950.5
2225,2976.75
2226,2998.86
2227,3376.77
2228,3376.87
2229,3376.8
2230,3548.95
2231,4216.59
2232,4110.86
2233,5600.44
2234,10000
2235,10000
2236,10000
2237,10000
2238,10000
2239,10000
2240,10000
2241,10000
2242,10000
2243,10000
2244,10000
2245,10000
2246,10000
2247,10000
2248,10000
2249,10000
2250,10000
2251,10000
2252,10000
2253,10000
2254,10000
2255,10000
2256,10000
2257,10000
2258,10000
2259,10000
2260,10000
2261,5277.87
2262,4999.81
2263,5277.69
2264,5510.08
2265,5437.06
2266,5499.23
2267,5499.23
2268,5510.38
2269,7770.57
2270,10000
2271,10000
2272,10000
2273,10000
2274,10000
2275,10000
2276,10000
2277,10000
2278,10000
2279,10000
2280,10000
2281,10000
2282,10000
2283,10000
2284,10000
2285,10000
2286,10000
2287,10000
2288,10000
2289,10000
2290,10000
2291,10000
2292,10000
2293,10000
2294,10000
2295,10000
2296,10000
2297,6999.51
2298,5859.99
2299,5000.03
2300,4683.32
2301,3979.78
2302,3870.07
2303,3505.07
2304,3130.72
2305,3500.28
2306,3470.96
2307,3296.5
2308,3297.21
2309,3319.61
2310,3374.44
2311,3163.08
2312,2976.07
2313,2900.82
2314,2900.59
2315,2699.27
2316,2699.37
2317,2650.37
2318,2590.35
2319,2699.62
2320,2699.99
2321,2976.01
2322,2976.34
2323,3391.59
2324,3428.74
2325,3465.2
2326,3575.27
2327,4499.79
2328,4763.21
2329,5600.32
2330,10000
2331,10000
2332,10000
2333,10000
2334,10000
2335,10000
2336,10000
2337,10000
2338,10000
2339,10000
2340,10000
2341,10000
2342,10000
2343,10000
2344,10000
2345,10000
2346,10000
2347,10000
2348,10000
2349,10000
2350,10000
2351,10000
2352,10000
2353,6464
2354,5999.43
2355,5600.94
2356,5510.54
2357,4999.32
2358,4815.94
2359,5000.17
2360,5000.5
2361,5183.87
2362,5277.65
2363,5632.6
2364,5999.99
2365,6999.4
2366,8000.61
2367,10000
2368,10000
2369,10000
2370,10000
2371,10000
2372,10000
2373,10000
2374,10000
2375,10000
2376,10000
2377,10000
2378,10000
2379,10000
2380,10000
2381,10000
2382,10000
2383,10000
2384,10000
2385,10000
2386,10000
2387,10000
2388,10000
2389,10000
2390,10000
2391,10000
2392,10000
2393,5995.44
2394,5632.78
2395,5000.75
2396,5039.03
2397,4189.2
2398,3987.4
2399,3605.51
2400,3298.57
2401,3813.52
2402,3667.54
2403,3575.82
2404,3470.73
2405,3599.52
2406,3575.49
2407,3625.08
2408,3599.69
2409,3319.98
2410,3319.15
2411,3319.89
2412,3319.64
2413,2990.6
2414,2990.83
2415,2990.92
2416,2990.55
2417,3391.03
2418,3470.47
2419,3391.94
2420,3470.53
2421,3454.88
2422,3650.24
2423,4000.39
2424,3900.45
2425,5183.03
2426,10000
2427,10000
2428,10000
2429,10000
2430,10000
2431,10000
2432,10000
2433,10000
2434,10000
2435,10000
2436,10000
2437,10000
2438,10000
2439,10000
2440,10000
2441,10000
2442,10000
2443,10000
2444,9529.33
2445,5499.62
2446,5000.93
2447,4948.91
2448,4686.46
2449,3979.83
2450,4099.88
2451,4099.3
2452,4099.2
2453,3652.41
2454,3020.54
2455,2990.35
2456,3101.59
2457,3453.17
2458,3599.6
2459,3667.65
2460,3800.83
2461,3392
2462,3575.01
2463,3106.7
2464,3130.61
2465,3000.06
2466,3000.37
2467,4216.43
2468,4638.43
2469,4650.95
2470,5288.22
2471,5799.79
2472,7510
2473,5500.72
2474,7792
2475,7510.43
2476,7510.54
2477,5999.97
2478,7184
2479,5999.09
2480,5499.65
2481,5039.79
2482,4710.33
2483,4202.45
2484,4178.48
2485,3857.29
2486,3500.62
2487,3400.3
2488,2990.33
2489,3470.14
2490,3470.25
2491,3400.78
2492,3534.03
2493,2930.64
2494,2800.6
2495,2897
2496,2300.94
2497,2720.36
2498,2000.87
2499,1870.55
2500,1700.14
2501,1500
2502,1499.84
2503,1860.94
2504,2000.46
2505,2343.24
2506,2343.03
2507,2618
2508,2100.66
2509,1700.05
2510,1499.32
2511,1499.77
2512,1369.87
2513,1499.16
2514,2000.57
2515,2712.03
2516,2712.31
2517,1300.71
2518,1999.13
2519,3000.55
2520,3534.15
2521,3652.28
2522,4216.94
2523,5070.16
2524,5319.07
2525,9999.85
2526,10000
2527,10000
2528,10000
2529,10000
2530,10000
2531,10000
2532,10000
2533,10000
2534,10000
2535,10000
2536,10000
2537,10000
2538,10000
2539,10000
2540,10000
2541,8042.23
2542,6073.62
2543,4599.76
2544,4207.55
2545,4200.27
2546,4504.01
2547,4442.79
2548,4299.14
2549,3360.32
2550,3360.33
2551,3620.34
2552,3598.81
2553,3550.34
2554,3542.25
2555,3428.34
2556,3455.35
2557,3620.41
2558,3667.24
2559,4000.34
2560,3990.65
2561,4000.89
2562,5319.66
2563,8000.8
2564,10000
2565,10000
2566,10000
2567,10000
2568,10000
2569,10000
2570,10000
2571,10000
2572,10000
2573,10000
2574,10000
2575,10000
2576,10000
2577,8199.83
2578,7099.62
2579,6488
2580,6199.45
2581,5288.22
2582,5100.26
2583,4500.56
2584,3870.44
2585,3870.02
2586,4000.89
2587,3575.44
2588,3575.34
2589,3192
2590,3200.82
2591,3391.77
2592,3130.11
2593,2990.88
2594,3300.72
2595,3548.38
2596,2990.41
2597,3200.31
2598,3200.79
2599,2850.99
2600,2850.53
2601,2890.68
2602,2920.88
2603,2921.68
2604,2921.17
2605,2870.66
2606,2870.19
2607,2910.38
2608,2910.35
2609,3163.7
2610,3163.99
2611,3163.61
2612,3300.5
2613,3548.9
2614,3625.79
2615,3625.88
2616,3625.48
2617,3575.62
2618,3729.36
2619,4700.33
2620,5169.74
2621,7000.43
2622,10000
2623,10000
2624,10000
2625,10000
2626,10000
2627,10000
2628,10000
2629,10000
2630,10000
2631,10000
2632,10000
2633,5652.67
2634,5039.15
2635,4000.39
2636,4000.04
2637,3850.34
2638,3948.44
2639,3813.1
2640,3752.18
2641,3870.54
2642,3756.48
2643,3990.94
2644,3870.28
2645,3652.85
2646,3600.7
2647,3724.75
2648,3724.19
2649,3650.8
2650,3625.04
2651,3600.29
2652,3667.47
2653,3729.91
2654,4000.34
2655,4000.04
2656,4000.32
2657,3848.63
2658,3842.08
2659,4350.77
2660,5200.92
2661,4277.08
2662,5200.93
2663,5200.68
2664,5510.35
2665,5039.47
2666,6073.48
2667,6500.47
2668,7000.77
2669,6500.67
2670,6499.76
2671,6499.07
2672,5288.89
2673,4510.78
2674,4650.04
2675,5000.92
2676,4602.65
2677,3824
2678,3862
2679,3684
2680,3667.96
2681,3545.19
2682,3599.46
2683,3625.16
2684,3625.03
2685,3548.81
2686,3548.48
2687,3374.07
2688,3391.02
2689,2580.75
2690,2689.54
2691,2400.01
2692,2180.88
2693,2610.67
2694,2610.6
2695,2752.89
2696,2800.77
2697,2921.16
2698,2900.27
2699,2801.54
2700,2700.94
2701,2801.17
2702,2801.18
2703,2921.98
2704,2949.2
2705,2949.65
2706,3050.11
2707,3012.82
2708,3128
2709,3391.14
2710,3470.44
2711,3575.54
2712,3700.05
2713,3700.88
2714,4507.34
2715,6505.51
2716,10000
2717,10000
2718,10000
2719,10000
2720,10000
2721,10000
2722,10000
2723,10000
2724,10000
2725,10000
2726,10000
2727,10000
2728,10000
2729,10000
2730,10000
2731,10000
2732,10000
2733,10000
2734,9999.38
2735,6005.15
2736,5297.17
2737,4975.27
2738,5039.53
2739,4599.1
2740,4299.6
2741,3708.84
2742,3667.75
2743,4479.2
2744,4219.34
2745,4126.13
2746,4216.55
2747,4299.09
2748,4050.28
2749,4000.08
2750,4219.14
2751,4850.99
2752,5000.04
2753,5277.36
2754,6499.6
2755,9348.9
2756,10000
2757,10000
2758,10000
2759,10000
2760,10000
2761,10000
2762,10000
2763,10000
2764,10000
2765,10000
2766,10000
2767,10000
2768,10000
2769,10000
2770,10000
2771,10000
2772,10000
2773,10000
2774,7499.96
2775,5510.9
2776,5039.06
2777,4999.35
2778,5039.09
2779,4799.87
2780,4507.09
2781,4499.02
2782,4000.96
2783,4000.45
2784,3575.92
2785,3406.22
2786,3575.11
2787,3575.58
2788,3465.55
2789,3162
2790,2950.23
2791,2990.62
2792,3000.42
2793,3050.25
2794,3163.89
2795,2990.96
2796,2990.51
2797,2990.76
2798,2990.52
2799,2990.69
2800,2990.49
2801,3000.45
2802,3000.96
2803,3200.3
2804,3200.12
2805,3274.39
2806,3500.57
2807,3575.89
2808,3598.29
2809,4850.69
2810,7520.49
2811,10000
2812,10000
2813,10000
2814,10000
2815,10000
2816,10000
2817,10000
2818,10000
2819,10000
2820,10000
2821,10000
2822,10000
2823,10000
2824,10000
2825,10000
2826,10000
2827,10000
2828,10000
2829,10000
2830,10000
2831,7001.68
2832,5652.7
2833,5500.27
2834,5500.55
2835,6000.11
2836,5500.02
2837,4261.68
2838,4216.95
2839,4216.81
2840,4206.99
2841,4216.56
2842,4499.95
2843,5183.62
2844,5200.85
2845,5399.17
2846,6000.13
2847,7500.5
2848,7510.13
2849,9999.71
2850,10000
2851,10000
2852,10000
2853,10000
2854,10000
2855,10000
2856,10000
2857,10000
2858,10000
2859,10000
2860,10000
2861,10000
2862,10000
2863,10000
2864,10000
2865,10000
2866,10000
2867,10000
2868,10000
2869,10000
2870,10000
2871,7499.25
2872,5499.25
2873,5000.86
2874,4899.36
2875,4999.71
2876,4668.97
2877,4000.8
2878,3799.7
2879,3575.53
2880,3361.4
2881,3000.57
2882,3376.73
2883,3374.24
2884,3050.92
2885,3428.46
2886,3428.4
2887,3374.25
2888,3200.39
2889,3200.41
2890,3050.27
2891,3004.1
2892,2990.38
2893,2990.59
2894,2990.16
2895,3102.5
2896,3200.21
2897,3575.64
2898,3575.15
2899,3575.23
2900,3575.16
2901,3595.1
2902,3900.14
2903,4216.53
2904,4446.73
2905,5319.46
2906,8000.4
2907,10000
2908,10000
2909,10000
2910,10000
2911,10000
2912,10000
2913,10000
2914,10000
2915,10000
2916,10000
2917,10000
2918,10000
2919,10000
2920,10000
2921,10000
2922,10000
2923,10000
2924,10000
2925,5510.03
2926,5499.19
2927,4367.78
2928,3998.08
2929,3700.29
2930,3595.75
2931,4000.22
2932,3799.36
2933,3374.6
2934,3391.17
2935,3497.01
2936,3575.12
2937,3599.42
2938,3799.01
2939,4000.21
2940,4000.64
2941,3900
2942,4000.09
2943,4479.04
2944,4500.82
2945,4328.48
2946,4865.76
2947,6030.22
2948,10000
2949,10000
2950,10000
2951,10000
2952,10000
2953,10000
2954,10000
2955,10000
2956,10000
2957,10000
2958,10000
2959,10000
2960,10000
2961,10000
2962,10000
2963,10000
2964,7798.54
2965,4519.37
2966,4583.27
2967,4000.04
2968,3274.67
2969,3707
2970,4189.85
2971,3548.32
2972,3667.05
2973,3010.66
2974,2990.67
2975,2500.82
2976,2400.43
2977,3374.86
2978,3391.6
2979,3405.74
2980,3374
2981,2990.13
2982,2750.83
2983,2077.32
2984,1998.36
2985,2060.04
2986,2350.78
2987,2400.52
2988,2487.29
2989,1999.27
2990,1799.68
2991,1199.61
2992,1199.2
2993,1799.12
2994,2080.96
2995,1984.04
2996,1980.75
2997,1894.87
2998,1894.07
2999,2831
3000,2801.6
3001,2880.86
3002,3960.71
3003,5510.7
3004,7499.81
3005,10000
3006,10000
3007,10000
3008,10000
3009,10000
3010,10000
3011,10000
3012,10000
3013,10000
3014,10000
3015,7499.48
3016,6500.82
3017,5130.89
3018,4999.47
3019,5039.69
3020,4500.56
3021,3850.85
3022,3800.89
3023,3729.42
3024,3752.84
3025,4189.49
3026,4016.35
3027,4000.14
3028,3699.95
3029,2921.27
3030,2921.5
3031,3500.36
3032,3606.01
3033,4000.55
3034,4126.14
3035,4479.74
3036,4866.34
3037,3750.73
3038,3859.73
3039,3851.09
3040,3752.06
3041,3850.56
3042,4479.93
3043,5499.41
3044,10000
3045,5437.05
3046,10000
3047,10000
3048,10000
3049,10000
3050,10000
3051,10000
3052,10000
3053,10000
3054,10000
3055,10000
3056,10000
3057,6000.5
3058,5510.54
3059,5510.22
3060,5167.44
3061,4649.14
3062,4252.11
3063,4510.94
3064,4012.89
3065,3652.95
3066,3667.45
3067,3606.14
3068,3606.98
3069,3376.07
3070,3376.81
3071,3376.89
3072,3320.3
3073,2990.69
3074,2893.82
3075,2880.62
3076,2880.36
3077,2801.02
3078,2596
3079,2724.78
3080,2750.25
3081,2867.7
3082,2807
3083,2748.63
3084,2600.49
3085,2990.08
3086,2724.84
3087,2990.26
3088,2990.14
3089,2990.23
3090,2990.88
3091,2990.34
3092,2893.3
3093,3374.09
3094,3374.1
3095,3617.32
3096,3724.5
3097,4538.86
3098,6002.51
3099,10000
3100,10000
3101,10000
3102,10000
3103,10000
3104,10000
3105,10000
3106,10000
3107,10000
3108,10000
3109,10000
3110,10000
3111,10000
3112,10000
3113,10000
3114,10000
3115,7999.91
3116,5039.46
3117,5099.56
3118,5500.77
3119,6000.74
3120,5277.38
3121,5200.83
3122,5277.58
3123,4499.5
3124,4069.78
3125,3601.88
3126,3534.9
3127,3391.28
3128,3331.54
3129,2801.96
3130,3000.97
3131,2500.6
3132,2801.86
3133,3428.24
3134,3752
3135,3900.62
3136,3790.3
3137,3900.16
3138,4000.95
3139,4507.67
3140,4999.7
3141,5277.97
3142,7500.92
3143,10000
3144,10000
3145,10000
3146,10000
3147,10000
3148,10000
3149,10000
3150,10000
3151,10000
3152,10000
3153,8546
3154,5510.02
3155,4252.29
3156,4199.81
3157,4000.05
3158,4252.55
3159,3799.55
3160,3320.8
3161,3499.89
3162,3495.6
3163,3534.48
3164,3534.53
3165,3459.67
3166,3470.88
3167,3274.04
3168,2990.27
3169,3470.15
3170,3374.72
3171,3100.31
3172,2966
3173,3000.25
3174,3168
3175,3163.15
3176,3163.63
3177,3391.35
3178,3391.56
3179,3163.08
3180,3100.66
3181,2990.99
3182,2990.66
3183,2990.92
3184,3010.35
3185,2990.96
3186,3374.16
3187,3302.97
3188,3163.91
3189,3470.26
3190,3650.82
3191,3606.51
3192,3810.96
3193,5169.61
3194,10000
3195,10000
3196,10000
3197,10000
3198,10000
3199,10000
3200,10000
3201,10000
3202,10000
3203,10000
3204,10000
3205,10000
3206,10000
3207,10000
3208,10000
3209,5999.58
3210,5999.04
3211,5099.61
3212,5510.25
3213,5500.41
3214,5437.95
3215,6008.75
3216,5510.13
3217,4999.2
3218,4850.51
3219,4069.17
3220,4010.44
3221,3752.53
3222,3590.05
3223,3470.41
3224,3394.62
3225,3316.72
3226,3590.95
3227,3500.27
3228,3376.84
3229,3810.17
3230,4039.43
3231,4479.92
3232,4507.03
3233,4282.19
3234,4499.57
3235,4999.68
3236,5999.61
3237,6046.54
3238,7500.51
3239,6046.72
3240,6799.18
3241,6999.26
3242,10000
3243,10000
3244,10000
3245,10000
3246,10000
3247,10000
3248,10000
3249,7038.62
3250,6398.45
3251,5199.24
3252,5057.25
3253,4376.36
3254,4039.06
3255,3273.14
3256,2521.4
3257,2750.31
3258,3130.67
3259,3203.39
3260,3203.21
3261,3203.32
3262,3160.61
3263,2937.69
3264,2880.13
3265,2297.43
3266,2500.76
3267,2990.62
3268,3163.05
3269,3163.58
3270,3163.22
3271,3163.49
3272,3163.35
3273,3000.27
3274,2990.47
3275,2803.5
3276,2803.57
3277,2803.33
3278,2803.73
3279,2830.08
3280,2803.89
3281,2500.73
3282,2752.64
3283,2990.64
3284,2920.59
3285,2990.15
3286,3470.89
3287,3274.01
3288,3200.07
3289,3370.93
3290,3810.5
3291,3690.02
3292,4250.24
3293,4431.4
3294,4800.81
3295,4499.03
3296,4500.97
3297,4500.22
3298,4999.25
3299,5100.69
3300,4999.63
3301,5000.15
3302,5100.49
3303,4499.24
3304,4110.49
3305,4016.29
3306,4000.94
3307,4667.55
3308,4499.13
3309,4178.1
3310,4039.46
3311,4149.3
3312,3969.81
3313,4003.55
3314,3969.12
3315,3500.39
3316,3470.42
3317,2795.12
3318,2733.2
3319,2500.33
3320,2499.84
3321,3279.7
3322,3470.22
3323,3163.63
3324,3163.25
3325,3200.41
3326,3500.28
3327,2999.67
3328,3000.32
3329,3370.42
3330,3500.68
3331,3470.59
3332,3620.29
3333,3548.55
3334,3620.3
3335,3200.59
3336,3470.5
3337,3620.07
3338,4200.88
3339,4216.73
3340,4628.54
3341,4507.2
3342,4595.1
3343,4296.24
3344,3870.58
3345,3700.88
3346,3722.33
3347,2931.46
3348,2931.42
3349,3150.33
3350,3262.12
3351,3391.77
3352,3254.83
3353,2990.83
3354,3080.7
3355,2860.04
3356,2801.93
3357,2500.85
3358,2077.89
3359,1856.86
3360,1690.64
3361,1836.87
3362,1690.69
3363,1836.79
3364,1856.71
3365,1894.32
3366,1894.47
3367,1860.5
3368,1849.2
3369,1690.97
3370,1690.63
3371,1690.13
3372,1626.99
3373,1622.85
3374,1598.85
3375,1577.85
3376,1577.8
3377,1576.96
3378,1700.57
3379,1856.22
3380,1856.28
3381,2012.12
3382,2029.13
3383,2700.26
3384,2650.96
3385,3000.88
3386,3240.66
3387,3200.62
3388,2965.8
3389,3600.28
3390,4000.37
3391,4850.77
3392,4579.31
3393,4688
3394,5700.99
3395,6000.41
3396,5500.39
3397,6000.15
3398,5500.47
3399,4600.56
3400,4500.21
3401,3800.31
3402,3700.36
3403,3800.35
3404,3655.44
3405,3500.82
3406,3302
3407,3000.96
3408,3000.73
3409,3500.25
3410,3620.63
3411,3374.95
3412,3100.76
3413,2300.68
3414,2850.02
3415,2900.16
3416,2840.71
3417,3200.21
3418,3246.89
3419,2800.72
3420,3127.02
3421,2850.45
3422,3013.87
3423,3316.44
3424,3316.79
3425,3201.76
3426,3510.45
3427,4750.37
3428,5000.82
3429,5500.19
3430,6000.93
3431,6000.58
3432,6000.87
3433,7895.06
3434,10000
3435,10000
3436,10000
3437,10000
3438,10000
3439,10000
3440,8527.72
3441,5510.78
3442,5437.9
3443,4710.29
3444,4499.29
3445,4039.66
3446,3803.41
3447,3617.38
3448,3376.86
3449,3502.24
3450,3590.01
3451,3483.71
3452,3502.57
3453,3681.35
3454,3667.16
3455,3667.95
3456,3391.81
3457,3163.83
3458,2990.17
3459,2925.63
3460,2890.73
3461,2976.6
3462,2890.31
3463,2900.39
3464,2890.49
3465,2866.79
3466,2867
3467,2801.43
3468,2801.41
3469,2529.48
3470,2399.02
3471,2399.25
3472,2529.05
3473,2900.03
3474,2921.19
3475,3163.12
3476,3163.23
3477,3163.87
3478,3548.23
3479,3575.65
3480,2976.98
3481,4206.47
3482,5400.53
3483,7530.55
3484,7530.29
3485,10000
3486,10000
3487,10000
3488,10000
3489,10000
3490,10000
3491,10000
3492,10000
3493,10000
3494,10000
3495,10000
3496,10000
3497,5510.65
3498,5510.3
3499,5340.82
3500,5183.26
3501,5183.92
3502,5000.7
3503,5000.63
3504,5000.18
3505,3617.51
3506,3667.98
3507,3799.46
3508,3600.83
3509,2600.99
3510,2500.86
3511,2998
3512,2990.95
3513,2990.25
3514,2955.97
3515,3132.98
3516,3263.52
3517,3263.24
3518,3346.81
3519,3971.45
3520,4001.84
3521,3900.69
3522,4018.44
3523,3870.63
3524,4147.47
3525,5201.48
3526,5953.85
3527,6508.84
3528,10000
3529,10000
3530,10000
3531,10000
3532,10000
3533,10000
3534,10000
3535,10000
3536,10000
3537,10000
3538,10000
3539,5999.45
3540,5163.37
3541,4850.3
3542,4700.96
3543,4039.67
3544,3750
3545,3505.35
3546,3870.2
3547,3564
3548,3480.73
3549,3200.25
3550,2990.63
3551,3000.61
3552,2890.6
3553,2866.93
3554,2920.41
3555,2801.61
3556,2801.12
3557,2600.2
3558,2512.55
3559,2529.49
3560,2529.1
3561,2529.7
3562,2580.39
3563,2746.89
3564,2746.67
3565,2580.79
3566,2512.41
3567,2600.84
3568,2590.19
3569,2920.46
3570,3239.37
3571,3315.89
3572,3346.24
3573,3600.99
3574,4000.11
3575,4039.84
3576,4373.12
3577,5300.9
3578,8003.76
3579,10000
3580,10000
3581,10000
3582,10000
3583,10000
3584,10000
3585,10000
3586,10000
3587,10000
3588,10000
3589,10000
3590,10000
3591,10000
3592,10000
3593,4999.8
3594,4850.83
3595,4373.73
3596,4252.49
3597,4430.89
3598,4373.06
3599,3810.64
3600,3620.02
3601,3846.47
3602,3809.72
3603,3000.97
3604,2976.08
3605,2866.06
3606,2866.67
3607,3128.8
3608,3050.64
3609,3201.75
3610,3207.91
3611,3346.83
3612,3360.08
3613,3346.99
3614,3380.96
3615,3580.41
3616,3800.72
3617,3870.33
3618,4000.2
3619,4200.4
3620,4999.57
3621,4510.37
3622,5000.25
3623,4710.58
3624,6499.32
3625,6499.84
3626,10000
3627,10000
3628,10000
3629,10000
3630,10000
3631,10000
3632,10000
3633,5500.39
3634,5100.32
3635,4600.78
3636,4376.42
3637,4000.04
3638,3620.82
3639,3500.6
3640,3041.91
3641,3299.66
3642,3450.53
3643,3444.11
3644,3239.63
3645,3250.98
3646,3376.15
3647,3376.46
3648,3300.85
3649,3239.21
3650,3263.45
3651,2990.73
3652,3000.36
3653,3263.93
3654,3263.09
3655,2900.02
3656,2800.44
3657,2519.2
3658,2519.25
3659,2135.09
3660,2135.28
3661,2360.47
3662,2268.66
3663,2450.25
3664,2487.89
3665,2487.85
3666,2512.8
3667,2720.61
3668,2864
3669,3346.77
3670,3575.37
3671,3450.96
3672,3450.13
3673,3411.33
3674,4128.57
3675,10000
3676,10000
3677,10000
3678,10000
3679,10000
3680,10000
3681,10000
3682,10000
3683,10000
3684,10000
3685,10000
3686,10000
3687,10000
3688,6499.04
3689,5000.3
3690,5000.21
3691,4096.63
3692,3979.55
3693,3550.2
3694,3450.78
3695,3041.66
3696,2866.87
3697,3500.64
3698,3520.79
3699,3846.91
3700,3846.35
3701,2450.11
3702,2203.95
3703,2087.93
3704,2497.37
3705,2298.95
3706,2950.1
3707,2990.22
3708,2990.12
3709,3358.16
3710,3850.47
3711,3850.68
3712,4018.69
3713,3800.81
3714,4850.44
3715,4809.79
3716,5510.46
3717,4749.27
3718,5510.97
3719,6000.53
3720,10000
3721,10000
3722,10000
3723,10000
3724,10000
3725,10000
3726,10000
3727,10000
3728,10000
3729,10000
3730,10000
3731,10000
3732,10000
3733,10000
3734,10000
3735,5510.15
3736,5057.69
3737,5000.8
3738,4920.69
3739,4650.3
3740,4512.6
3741,4499.86
3742,4373.87
3743,3548.32
3744,3463.85
3745,3300.2
3746,3411.62
3747,3809.36
3748,3575.78
3749,3575.4
3750,3399.06
3751,3404.51
3752,3401.09
3753,3346.19
3754,3346.04
3755,3346.16
3756,3263.35
3757,3263.78
3758,3263.19
3759,3346.3
3760,3346.16
3761,3346.95
3762,3470.92
3763,3620.91
3764,3850.03
3765,4036.76
3766,4875.06
3767,4875.8
3768,5319.03
3769,5326.92
3770,6990.58
3771,10000
3772,10000
3773,10000
3774,10000
3775,10000
3776,10000
3777,10000
3778,10000
3779,10000
3780,10000
3781,10000
3782,10000
3783,10000
3784,10000
3785,10000
3786,10000
3787,8499.21
3788,5510.77
3789,5183.59
3790,5042.83
3791,5190.65
3792,4850.32
3793,4850.68
3794,4000.83
3795,4000.92
3796,3950.02
3797,3548.73
3798,3548.63
3799,3548.27
3800,3548.91
3801,3971.73
3802,3999.74
3803,4500.24
3804,4500.19
3805,4999.3
3806,4499.5
3807,4000.9
3808,4231.68
3809,4018.54
3810,5019.55
3811,5297.18
3812,5199.07
3813,4500.22
3814,9023.95
3815,10000
3816,10000
3817,10000
3818,10000
3819,10000
3820,10000
3821,10000
3822,10000
3823,10000
3824,10000
3825,10000
3826,10000
3827,10000
3828,10000
3829,10000
3830,10000
3831,8259.74
3832,6048.97
3833,5183.27
3834,4999.14
3835,4335.93
3836,4373.25
3837,4036.19
3838,3949.11
3839,3595.31
3840,3499.32
3841,3505.66
3842,3505.18
3843,3505.13
3844,3501.14
3845,3520.18
3846,3481.83
3847,3300.25
3848,3251.6
3849,3274.36
3850,3315.04
3851,3315.87
3852,3315.11
3853,3110.2
3854,3102.7
3855,3110.86
3856,3102.06
3857,3263.64
3858,3346.74
3859,3601.16
3860,3850.39
3861,4000.06
3862,4229.14
3863,4809.46
3864,4661.38
3865,4499.4
3866,10000
3867,10000
3868,10000
3869,10000
3870,10000
3871,10000
3872,10000
3873,10000
3874,10000
3875,10000
3876,10000
3877,10000
3878,10000
3879,7999.86
3880,6046.13
3881,3883.25
3882,3979.72
3883,5183.32
3884,4520.89
3885,5500.65
3886,5259.22
3887,5500.08
3888,5183.3
3889,4084.41
3890,3969.25
3891,3971.55
3892,3850.44
3893,3346.06
3894,3300.65
3895,3346.6
3896,3346.42
3897,3346.22
3898,3346.4
3899,3346.74
3900,3346.72
3901,3750.02
3902,3810.11
3903,3809.34
3904,3971.01
3905,3850.13
3906,4000.95
3907,4120.96
3908,4850.08
3909,3971.68
3910,4710.56
3911,4710.5
3912,5510.18
3913,5057.92
3914,9999.82
3915,10000
3916,10000
3917,10000
3918,10000
3919,10000
3920,10000
3921,10000
3922,6510.39
3923,4741.39
3924,4495.02
3925,4999.61
3926,4800.99
3927,3700.62
3928,3520.46
3929,3201.02
3930,3320.88
3931,2997.59
3932,2937.92
3933,2850.49
3934,2960.67
3935,3239.55
3936,3336
3937,2890.19
3938,3263.34
3939,3263.65
3940,3239.26
3941,2746.52
3942,2350.29
3943,2342.8
3944,2219.86
3945,2500.36
3946,2500.83
3947,2528.69
3948,2512.13
3949,2653.88
3950,2639.77
3951,2800.11
3952,2800.66
3953,2710.03
3954,2860.61
3955,2960.09
3956,3346.01
3957,3201.21
3958,3346
3959,3465.77
3960,3566.46
3961,3800.87
3962,4373.59
3963,5189.22
3964,5500.75
3965,5510.96
3966,6499.01
3967,5200.83
3968,5452.72
3969,4864.76
3970,5491.79
3971,4519.91
3972,4000.71
3973,4001
3974,4000.88
3975,4000.29
3976,4000.58
3977,4000.24
3978,4000.68
3979,4512.04
3980,4000.76
3981,3576
3982,3719.53
3983,3940.25
3984,3575.7
3985,3263.23
3986,3420.84
3987,3750.02
3988,3500.33
3989,2930
3990,2866.33
3991,2866.38
3992,2866.92
3993,2955.52
3994,3160.6
3995,2960.34
3996,2960.62
3997,3346.63
3998,3346.46
3999,2707
4000,2949.04
4001,3130.69
4002,3346.63
4003,3600.59
4004,3760.29
4005,3933
4006,4000.29
4007,3621.08
4008,3621.55
4009,3958.31
4010,4373.98
4011,4809.27
4012,4850.63
4013,5000.07
4014,4875.9
4015,4500.36
4016,3848.15
4017,4500.76
4018,4200.89
4019,3030.46
4020,2937.76
4021,3191
4022,3262.91
4023,3263.79
4024,2499.63
4025,2200.28
4026,3130.62
4027,3420.61
4028,3500.95
4029,3300.49
4030,3500.8
4031,2999.32
4032,2865.12
4033,1999.49
4034,1999.7
4035,2528.64
4036,2548
4037,2521.9
4038,2650.84
4039,2512.78
4040,2487.85
4041,2300.07
4042,2450.05
4043,2072
4044,1999.96
4045,2049.76
4046,1999.98
4047,1999.89
4048,1999.92
4049,2180.85
4050,2801.02
4051,2890.47
4052,2650.26
4053,2450.57
4054,2319.56
4055,2141.4
4056,2874.31
4057,3500.92
4058,3800.65
4059,5050.53
4060,6004.29
4061,10000
4062,10000
4063,10000
4064,10000
4065,10000
4066,10000
4067,10000
4068,10000
4069,10000
4070,10000
4071,10000
4072,10000
4073,10000
4074,10000
4075,10000
4076,10000
4077,8999.98
4078,6499.64
4079,6048.73
4080,5122.67
4081,4819.72
4082,4512.21
4083,4565.03
4084,4901.65
4085,3850.53
4086,3809.8
4087,3809.09
4088,3719.75
4089,3850.51
4090,3971.25
4091,4050.51
4092,4039.43
4093,4434.45
4094,4173.57
4095,5326.09
4096,6048.46
4097,6048.2
4098,6499.42
4099,10000
4100,10000
4101,10000
4102,10000
4103,10000
4104,10000
4105,10000
4106,10000
4107,10000
4108,10000
4109,10000
4110,10000
4111,10000
4112,10000
4113,10000
4114,6499.11
4115,5510.89
4116,4800.14
4117,5000.3
4118,4710.09
4119,2960.27
4120,2964.33
4121,4146.06
4122,4204.93
4123,3971.33
4124,3850.42
4125,3548.91
4126,3750.26
4127,3520.04
4128,3241.79
4129,2450.18
4130,2810.07
4131,3030.61
4132,3230.14
4133,3030.55
4134,2960.63
4135,2960.29
4136,2937.94
4137,2900.87
4138,2897.44
4139,2960.23
4140,2900.72
4141,2920.19
4142,2960.04
4143,2775.5
4144,2707.28
4145,3030.3
4146,3030.81
4147,3030.61
4148,3200.38
4149,3575.54
4150,3809.32
4151,3750.17
4152,3700.44
4153,3800.59
4154,5000.82
4155,6990.86
4156,10000
4157,10000
4158,10000
4159,10000
4160,10000
4161,10000
4162,10000
4163,10000
4164,10000
4165,10000
4166,10000
4167,5510.03
4168,5300.87
4169,4453.11
4170,4453.53
4171,8630.64
4172,7630.03
4173,5500.35
4174,5326.97
4175,5000.92
4176,5500.01
4177,5300.76
4178,5011.13
4179,4373.97
4180,3850.89
4181,3810.69
4182,3600.09
4183,3809.81
4184,3720.05
4185,3809.61
4186,3720.74
4187,3720.85
4188,3969.18
4189,4373.42
4190,4146.55
4191,4146.34
4192,4434.91
4193,3998.75
4194,5000.89
4195,5000.39
4196,5510.8
4197,6503.56
4198,9549.35
4199,5510.73
4200,10000
4201,6995.36
4202,10000
4203,10000
4204,10000
4205,10000
4206,10000
4207,10000
4208,6046.83
4209,5057.82
4210,4710.91
4211,4296.15
4212,3563.5
4213,4296.25
4214,4000.79
4215,3655.25
4216,3138.97
4217,3267.21
4218,3267.97
4219,3750.43
4220,4552
4221,3750.14
4222,3548.87
4223,3520.11
4224,3520.2
4225,3050.51
4226,3267.42
4227,3548.18
4228,3548.41
4229,3314.54
4230,3314.08
4231,3000.57
4232,2920.59
4233,2890.26
4234,2890.34
4235,2920.07
4236,2960.11
4237,2960.55
4238,2960.46
4239,3030.87
4240,2960.49
4241,3030.38
4242,3030.48
4243,2960.83
4244,3030.26
4245,3030.19
4246,3520.8
4247,3188.05
4248,2900.68
4249,3105.15
4250,3940.59
4251,5510.33
4252,5700.67
4253,6990.05
4254,10000
4255,10000
4256,10000
4257,10000
4258,10000
4259,6500.78
4260,5340.82
4261,5499.92
4262,5297.52
4263,4947
4264,4500.85
4265,4500.78
4266,4500.64
4267,5500.59
4268,5500.34
4269,4499.46
4270,4490.46
4271,4276.23
4272,4006.12
4273,3950.63
4274,3800.57
4275,3439.87
4276,3521.62
4277,2926.25
4278,2800.28
4279,2960.16
4280,2926.69
4281,2999
4282,3000.45
4283,3012.74
4284,2998.17
4285,3300.09
4286,3500.14
4287,3719.25
4288,3750.22
4289,3210.48
4290,3500.31
4291,3750.45
4292,4500.51
4293,3593.39
4294,4651
4295,3999.58
4296,4999.03
4297,4373.23
4298,4890.09
4299,5500.69
4300,5800.65
4301,5000.19
4302,4750.57
4303,4039.72
4304,3750.82
4305,3998.75
4306,3850.63
4307,3520.14
4308,3481.37
4309,3260.12
4310,2960.85
4311,3428.93
4312,3381.31
4313,3284.77
4314,3428.1
4315,3379.67
4316,3376.9
4317,2960.41
4318,2800.71
4319,2890.58
4320,2800.65
4321,2960.23
4322,2960.79
4323,3346.14
4324,3346.04
4325,3030.71
4326,3030.35
4327,2890.15
4328,2866.43
4329,2746.34
4330,2779
4331,2590.72
4332,2590.08
4333,2450.32
4334,2450.17
4335,2338.83
4336,2338.8
4337,1999.48
4338,2212
4339,2199.87
4340,2590.38
4341,3263.18
4342,3346.43
4343,3239.69
4344,3239.4
4345,3128.98
4346,3850.72
4347,4700.58
4348,5300.29
4349,4875.76
4350,5339.98
4351,6495.75
4352,8000.04
4353,5491.39
4354,5510.71
4355,4995.3
4356,4434.12
4357,4400.76
4358,4500.61
4359,5300.23
4360,4671.57
4361,4128.32
4362,4100.61
4363,3700.58
4364,3481.61
4365,3420.85
4366,3520.27
4367,3570.19
4368,3420.3
4369,3686.83
4370,3655.5
4371,3560.65
4372,3520.69
4373,3346.2
4374,3300.41
4375,3144.18
4376,2960.53
4377,3263.35
4378,3346.46
4379,3346.91
4380,3346.87
4381,3346.19
4382,3346.8
4383,3520.35
4384,3520.84
4385,3679.67
4386,3851
4387,5000.07
4388,5000.91
4389,4850.92
4390,4999.01
4391,5000.27
4392,5005.82
4393,5408.37
4394,9520.19
4395,10000
4396,10000
4397,6999.19
4398,6000.44
4399,5200.95
4400,4250.03
4401,3510.55
4402,3399.96
4403,4029.71
4404,3520.22
4405,3850.45
4406,3520.88
4407,3500.94
4408,3376.41
4409,3263
4410,3263.02
4411,3577.59
4412,3577.74
4413,3267.68
4414,3315.67
4415,3346.87
4416,3346.23
4417,3346.43
4418,3346.87
4419,3346.37
4420,3266.48
4421,2893.88
4422,2893.23
4423,2890.28
4424,2775.68
4425,2530.36
4426,2590.04
4427,2530.45
4428,2500.19
4429,2295.77
4430,2273.43
4431,2295.43
4432,2273.35
4433,2314.34
4434,2890.57
4435,2900
4436,2900.53
4437,2960.8
4438,3346.39
4439,3558.04
4440,3850.21
4441,3810.73
4442,4249.65
4443,4850.34
4444,5300.12
4445,5249.63
4446,5800.06
4447,6378.67
4448,6000.88
4449,5500.82
4450,5505.38
4451,4875.88
4452,4875.16
4453,5300.37
4454,5500.42
4455,5510.99
4456,5510.53
4457,4130
4458,4039.3
4459,4434.65
4460,3850.35
4461,3810.44
4462,3809.56
4463,3810.41
4464,3801.06
4465,3600.18
4466,3498.45
4467,3481.28
4468,3481.18
4469,3346.27
4470,3346.07
4471,3210.87
4472,3246.06
4473,3263.87
4474,3346.08
4475,3346.94
4476,3395.39
4477,3520.56
4478,3420.71
4479,3545.69
4480,3644.57
4481,3600.53
4482,3992.3
4483,3850.13
4484,4266.33
4485,3950.85
4486,3950.64
4487,3330.26
4488,3999.31
4489,4529.42
4490,4900.2
4491,7000.13
4492,7500.55
4493,10000
4494,6990.37
4495,4999.21
4496,4200.96
4497,4460.62
4498,4319.16
4499,4500.45
4500,4509.29
4501,4500.46
4502,4319.19
4503,4010.63
4504,3850.49
4505,3330.54
4506,3457.06
4507,3263.01
4508,3400.24
4509,3400.5
4510,3400.41
4511,3385.23
4512,3330.16
4513,3346.41
4514,3346.54
4515,3346.87
4516,3346.48
4517,3346.47
4518,3346.24
4519,3263.13
4520,3226.43
4521,3150.93
4522,3121.94
4523,2957.82
4524,2960.09
4525,2960.49
4526,2960.61
4527,3139.65
4528,3181.21
4529,3200.84
4530,3346.18
4531,3214.03
4532,3214.32
4533,3520.63
4534,3800.05
4535,3800.92
4536,3750.28
4537,4096.6
4538,4573.84
4539,4834.96
4540,4870.48
4541,5999.06
4542,6800.54
4543,6499.37
4544,6200.41
4545,6072.71
4546,7220.79
4547,6072.65
4548,6000.83
4549,5999.02
4550,6499.35
4551,4500.62
4552,4800.7
4553,4000.47
4554,4000.28
4555,5183.63
4556,4830.68
4557,4863.33
4558,4453.69
4559,4434.04
4560,3999.62
4561,3500.56
4562,3200.03
4563,3520.92
4564,3520.54
4565,3300.51
4566,3120.13
4567,3086.57
4568,3263.36
4569,3012.62
4570,3346.38
4571,3346.05
4572,3346.09
4573,3200.46
4574,3234.13
4575,3346.62
4576,3575.06
4577,3621.55
4578,3850.79
4579,4499.81
4580,4532.11
4581,4500.77
4582,4840.25
4583,4176.26
4584,4970.24
4585,4820.35
4586,5510.63
4587,8000.69
4588,10000
4589,10000
4590,8000.84
4591,6000.17
4592,5499.21
4593,5282.91
4594,5057.09
4595,4890.93
4596,4726.25
4597,5000.05
4598,4773.49
4599,4766.56
4600,4710.02
4601,3644.34
4602,3644.51
4603,3850.64
4604,3644.58
4605,3644.48
4606,3621.72
4607,3850.09
4608,3703.09
4609,3500.26
4610,3381.29
4611,3809.26
4612,3809.77
4613,3575.38
4614,3575.14
4615,3595.43
4616,3575.44
4617,3575.29
4618,3575.29
4619,3346.89
4620,3346.79
4621,3346.8
4622,3346.72
4623,3395.94
4624,3520.36
4625,3346.49
4626,3400.36
4627,3350.75
4628,3595.43
4629,3729.79
4630,4030.4
4631,4479.09
4632,4730.02
4633,4377.51
4634,4863.2
4635,4453.68
4636,4499.45
4637,4500.72
4638,5181.25
4639,4500.68
4640,4500.4
4641,3729.98
4642,3780.48
4643,4000.68
4644,3644.86
4645,3729.64
4646,3750.69
4647,4100.27
4648,4499.54
4649,3700.93
4650,3600.6
4651,4000.45
4652,3819.61
4653,3810.87
4654,3750.95
4655,3644.18
4656,3546.52
4657,3346.12
4658,3500.03
4659,3346.64
4660,3193.39
4661,1999.91
4662,1999.82
4663,1499.4
4664,1499.85
4665,1970.38
4666,2153.4
4667,1996.15
4668,1981.03
4669,2280.68
4670,2273.89
4671,2027.74
4672,1999.58
4673,2064.14
4674,2100.19
4675,2600.09
4676,2600.3
4677,2850.52
4678,2850.85
4679,1999.83
4680,2499.33
4681,2931
4682,3520.25
4683,3520.47
4684,3850.64
4685,4500.03
4686,4250.47
4687,3850.33
4688,3520.95
4689,3729.26
4690,3411.65
4691,3400.97
4692,3400.18
4693,3396
4694,3411.5
4695,3385.29
4696,3086.92
4697,2750.19
4698,2655.23
4699,2060.9
4700,2060.68
4701,1722
4702,1708.85
4703,1999.16
4704,1999.62
4705,1909.15
4706,1799.26
4707,2500.19
4708,2080.06
4709,1700.07
4710,1690.68
4711,1719.75
4712,1604.95
4713,1623.16
4714,2052.45
4715,1460
4716,1407.22
4717,1499.06
4718,1499.65
4719,1409.14
4720,1407.72
4721,1030.86
4722,1599.67
4723,1768.74
4724,1782.56
4725,1779.84
4726,2273.38
4727,2830.04
4728,2884.79
4729,2999.06
4730,3266.06
4731,2404.57
4732,1699.85
4733,3484.09
4734,3520.01
4735,3644.29
4736,3644.74
4737,3700.91
4738,3663.47
4739,3411.18
4740,2960.9
4741,2960.65
4742,2999.5
4743,3268.89
4744,3395.4
4745,3494.4
4746,3500.08
4747,3700.19
4748,3360.83
4749,3360.73
4750,2999.12
4751,1999.92
4752,1999.82
4753,1699.28
4754,2027
4755,1731.98
4756,1499.42
4757,999.74
4758,999.43
4759,989.17
4760,989.78
4761,998.97
4762,1199.98
4763,1499.34
4764,1499.63
4765,1663.43
4766,1663.81
4767,1768.2
4768,1782.89
4769,1913.47
4770,2980.25
4771,3263.63
4772,3810.11
4773,2273.42
4774,2700.3
4775,3000.9
4776,3100.72
4777,3086.33
4778,3086.94
4779,4248.32
4780,4724.52
4781,5340.24
4782,5288.5
4783,4650.84
4784,3850.96
4785,4019.81
4786,4012.96
4787,3927.81
4788,3750.93
4789,3699.59
4790,3850.48
4791,3411.41
4792,3259.27
4793,2960.18
4794,2960.09
4795,3330.1
4796,3395.23
4797,3200.4
4798,3000.44
4799,3100.06
4800,2929
4801,3346.21
4802,3395.64
4803,3575.43
4804,3346.91
4805,3346.23
4806,3266.63
4807,3263.68
4808,3244.4
4809,3263.43
4810,3244.47
4811,3005.08
4812,2960.27
4813,2895.52
4814,2960.55
4815,2960.29
4816,2960.61
4817,3346.1
4818,3346.29
4819,3346.48
4820,3346.66
4821,3400.44
4822,3400.26
4823,3535.62
4824,3562.12
4825,3699.34
4826,3850.91
4827,5435.14
4828,6500.3
4829,10000
4830,10000
4831,10000
4832,10000
4833,10000
4834,10000
4835,10000
4836,6300.4
4837,6499.87
4838,6499.6
4839,5795.72
4840,5183.03
4841,5340.85
4842,5805.09
4843,5005.56
4844,3994.95
4845,4382.56
4846,4199.59
4847,3950.14
4848,3800.24
4849,3575.45
4850,3575.35
4851,3575.63
4852,3520.12
4853,2152.33
4854,2135.56
4855,2752.71
4856,2800.17
4857,3205.71
4858,3244.86
4859,3244.4
4860,3346.16
4861,3263.9
4862,3346.11
4863,3404.92
4864,3819.48
4865,3575.83
4866,4108.16
4867,5000.65
4868,5189.86
4869,4863.74
4870,4850.24
4871,4351.37
4872,5000.36
4873,5181.36
4874,5691.05
4875,8530.56
4876,10000
4877,10000
4878,10000
4879,10000
4880,9499.98
4881,5183.89
4882,4600.14
4883,4290.82
4884,4337.64
4885,4066.78
4886,4055.65
4887,4019.13
4888,3961.5
4889,4112.48
4890,3961.11
4891,3816.7
4892,3850.81
4893,3535.74
4894,3535.36
4895,3500.12
4896,3412.19
4897,3520.11
4898,3535.23
4899,3575.47
4900,3520.74
4901,3619.31
4902,3575.31
4903,5000
4904,5000
4905,3263.44
4906,2895.8
4907,2752.06
4908,2728
4909,2750.93
4910,2710.69
4911,2850.66
4912,2920.9
4913,3160.28
4914,3244.11
4915,3346.55
4916,3346.37
4917,3575.5
4918,3750.04
4919,3800.38
4920,3850.42
4921,3961.26
4922,5000.65
4923,5500.01
4924,5510.1
4925,5499.94
4926,5999.97
4927,9999.51
4928,6000.92
4929,5999.62
4930,9413.53
4931,6362.15
4932,5005.81
4933,6000.35
4934,5499.7
4935,5369.81
4936,4499.34
4937,4172.14
4938,4172.95
4939,4248.56
4940,3850.94
4941,3575.33
4942,3481.36
4943,3575.75
4944,3346.73
4945,4019.44
4946,4000.43
4947,3481.62
4948,3346.91
4949,2810.25
4950,2980.98
4951,3210.78
4952,3244.54
4953,3244.32
4954,3244.23
4955,3263.2
4956,3346.03
4957,3346.95
4958,3520.29
4959,3610.91
4960,3703.31
4961,3668.26
4962,3900.25
4963,5189.31
4964,6000.92
4965,4243.92
4966,4199.74
4967,3600.65
4968,4010.58
4969,4172.38
4970,5499.32
4971,8199.42
4972,10000
4973,10000
4974,10000
4975,5850.28
4976,5500.17
4977,4485.25
4978,4377.87
4979,4378
4980,3850.98
4981,3850.28
4982,3850.02
4983,3558.38
4984,3520.66
4985,3520.25
4986,3456.32
4987,3520.82
4988,3535.83
4989,3520.19
4990,3520.16
4991,3535.09
4992,3520.72
4993,3346.39
4994,3520.43
4995,3850.13
4996,3750.49
4997,3520.79
4998,3400.32
4999,3400.28
5000,3346.79
5001,3346.87
5002,3346.61
5003,3346.8
5004,3346.7
5005,3346.47
5006,3346.41
5007,3326.75
5008,3263.87
5009,3346.34
5010,3520.82
5011,3575.16
5012,3809.76
5013,4087.89
5014,4499.85
5015,5183.78
5016,5999.21
5017,8000.24
5018,10000
5019,10000
5020,10000
5021,10000
5022,10000
5023,10000
5024,10000
5025,10000
5026,10000
5027,10000
5028,10000
5029,10000
5030,10000
5031,10000
5032,10000
5033,10000
5034,10000
5035,10000
5036,8199.94
5037,6270.62
5038,5500.79
5039,5500.21
5040,5500.76
5041,5500.77
5042,5500.89
5043,4998.61
5044,4413.79
5045,3520.79
5046,3510.18
5047,3575.38
5048,3750.85
5049,4019.2
5050,4188.85
5051,4188.9
5052,4158.5
5053,4003.77
5054,3992.06
5055,4377.56
5056,5189.62
5057,4500.21
5058,5500.51
5059,8199.66
5060,10000
5061,6920.74
5062,6920.73
5063,5340.23
5064,9639.06
5065,5805.1
5066,10000
5067,10000
5068,10000
5069,10000
5070,10000
5071,10000
5072,10000
5073,10000
5074,6499.26
5075,5669.58
5076,5999.64
5077,7320.73
5078,6499.05
5079,4863.25
5080,4019.5
5081,4600.37
5082,4500.84
5083,4710.22
5084,4388.26
5085,4369.91
5086,4019.48
5087,3961.97
5088,3850.6
5089,3961.08
5090,3850.99
5091,3850.95
5092,3809.39
5093,3619.66
5094,3500.56
5095,3346.95
5096,3346.83
5097,3346.31
5098,3346.19
5099,3244.77
5100,3244.3
5101,3112
5102,2920.09
5103,3050.46
5104,3012.98
5105,3127.99
5106,3244.9
5107,3346.68
5108,3346.9
5109,3346.83
5110,3558.15
5111,3670.49
5112,3961.5
5113,4499.67
5114,5656.96
5115,7550.43
5116,7548
5117,10000
5118,10000
5119,10000
5120,10000
5121,10000
5122,10000
5123,10000
5124,10000
5125,10000
5126,10000
5127,10000
5128,10000
5129,8999.81
5130,10000
5131,6499.04
5132,5500.33
5133,6048.45
5134,5500.54
5135,5369.35
5136,4863.57
5137,5000.62
5138,4500.61
5139,5500.32
5140,5478.35
5141,4499.78
5142,4377.47
5143,5181.35
5144,4850.02
5145,4188.91
5146,4863.46
5147,4863.16
5148,5340.08
5149,4496.35
5150,4863.33
5151,5600.19
5152,6499.91
5153,5999.81
5154,8999.35
5155,4499.84
5156,5999.83
5157,5897.53
5158,5500.8
5159,4600.89
5160,5999.35
5161,4960.69
5162,10000
5163,10000
5164,10000
5165,10000
5166,10000
5167,10000
5168,10000
5169,10000
5170,9999.89
5171,6499.82
5172,5805.41
5173,5000.07
5174,4499.26
5175,4499.47
5176,3961.83
5177,3850.16
5178,4170.74
5179,4500.81
5180,4377.33
5181,4103.49
5182,3850.12
5183,3750.55
5184,3600.74
5185,3400.95
5186,3346.95
5187,3608.6
5188,3520.68
5189,3481.99
5190,3346.93
5191,3346.17
5192,3244.59
5193,3244.22
5194,3244.29
5195,3210.95
5196,3210.76
5197,3102.62
5198,3102.69
5199,3144.28
5200,3144.33
5201,3244.32
5202,3346.03
5203,3346.9
5204,3520.87
5205,3961.73
5206,4019.79
5207,4863.16
5208,5300.46
5209,4863.98
5210,5500.92
5211,10000
5212,10000
5213,10000
5214,10000
5215,10000
5216,10000
5217,10000
5218,10000
5219,10000
5220,8999.99
5221,5166.17
5222,5656.46
5223,5000.82
5224,5000.94
5225,4595.43
5226,4453.98
5227,5500.05
5228,4499.59
5229,4863.63
5230,4503.56
5231,4550.93
5232,4188.15
5233,3971.24
5234,3999.22
5235,3999.64
5236,3961.49
5237,3346.53
5238,3346.24
5239,3346.99
5240,3520.11
5241,3750.03
5242,3809.49
5243,4033.68
5244,4128.42
5245,4128.28
5246,4180.82
5247,4530.15
5248,5199.6
5249,4377.18
5250,4499.61
5251,5340.1
5252,5500.71
5253,3979.5
5254,4834.03
5255,3971.76
5256,4500.46
5257,3999.45
5258,5700.53
5259,8000.36
5260,8550.91
5261,9727.22
5262,10000
5263,8500.81
5264,6099.97
5265,5340.27
5266,4960.43
5267,4960.78
5268,4750.99
5269,4200.94
5270,4033.45
5271,3850.82
5272,3621.96
5273,3496.36
5274,3504.81
5275,3346.41
5276,3399.02
5277,3346.24
5278,3263.59
5279,3252.84
5280,3211
5281,3144.23
5282,3086.96
5283,3346.57
5284,3346.24
5285,2960.51
5286,2960.71
5287,2960.14
5288,2710.55
5289,3211.4
5290,3050.98
5291,2900.51
5292,2800.79
5293,2895.7
5294,2890.69
5295,3000.66
5296,3211.57
5297,3244.19
5298,3263.38
5299,3346.51
5300,3346.94
5301,3619.85
5302,3699.58
5303,3850.67
5304,3750.48
5305,3621.67
5306,3960
5307,3750.4
5308,3750.68
5309,3750.93
5310,4072.16
5311,3850.31
5312,3850.62
5313,4365.5
5314,4500.79
5315,4416.7
5316,3701
5317,4551
5318,4863.85
5319,4599.01
5320,4509.9
5321,4453.46
5322,4453.57
5323,4220.84
5324,3850.84
5325,4377.5
5326,4197.42
5327,3850.54
5328,3809.11
5329,3520.03
5330,3520.25
5331,3395.12
5332,3346.82
5333,3346.36
5334,3346.45
5335,3263.12
5336,3244.98
5337,3346.38
5338,3346.38
5339,3263.91
5340,3263.75
5341,3346.12
5342,3346.51
5343,3346.72
5344,3520.45
5345,3750.5
5346,3961.26
5347,4248.11
5348,4999.34
5349,3884
5350,3999.17
5351,2999.96
5352,3370
5353,2931.7
5354,3348
5355,3800.94
5356,4119.7
5357,4119.14
5358,3858.94
5359,3750.07
5360,3411.56
5361,4502.3
5362,4310.89
5363,4019.95
5364,3850.38
5365,3810.57
5366,3695.33
5367,3730
5368,3520.16
5369,3520.95
5370,3542.17
5371,3460.53
5372,3353.32
5373,3263.77
5374,3020.42
5375,2737.88
5376,2737.46
5377,2999.32
5378,3154
5379,3263.32
5380,2960.97
5381,2785.39
5382,2737.69
5383,2099.67
5384,2099.62
5385,1622.8
5386,1768.18
5387,1699.41
5388,1735.79
5389,1722
5390,1735.53
5391,1760.86
5392,1760.6
5393,1999.03
5394,2689.75
5395,2710.84
5396,2750.81
5397,2314.72
5398,2399.9
5399,2314.84
5400,2500.15
5401,3086.84
5402,3395.16
5403,2750.94
5404,3086.19
5405,3600.88
5406,4096.68
5407,4128.58
5408,4128.24
5409,4010.86
5410,4188.77
5411,4400.56
5412,4500.13
5413,4500.79
5414,5300.31
5415,5500.29
5416,5500.49
5417,5500.13
5418,5500.56
5419,5500.73
5420,5500.14
5421,5500.04
5422,4509.7
5423,5300.89
5424,4509.13
5425,3810.64
5426,3644.69
5427,3750.73
5428,3699.54
5429,1999.57
5430,2159.14
5431,2737.3
5432,2752.66
5433,3540.09
5434,3810.74
5435,3244.17
5436,3263.37
5437,3244.47
5438,3244.66
5439,3460.91
5440,3770.61
5441,4250.48
5442,5189.27
5443,4500.49
5444,5500.12
5445,5350.31
5446,4999.15
5447,3699.5
5448,3750.76
5449,3874.34
5450,4000.12
5451,3992.73
5452,4400.24
5453,4000.48
5454,3998.2
5455,3429.73
5456,3144.07
5457,3012.51
5458,2999.96
5459,2861.73
5460,2309.63
5461,2152.43
5462,2152.94
5463,1782.61
5464,1913.01
5465,2590.51
5466,2890.12
5467,3030.72
5468,3499.73
5469,2775.83
5470,2288
5471,1979.48
5472,1913.25
5473,1888.34
5474,1899.58
5475,1909.73
5476,1899.7
5477,1899.51
5478,1400
5479,1768.7
5480,1619.8
5481,1782.45
5482,1749.37
5483,1839.07
5484,1782.84
5485,1801.16
5486,1768.36
5487,1909.2
5488,1913.75
5489,2135.23
5490,2400.88
5491,2720.07
5492,2900.37
5493,3263.67
5494,3346.18
5495,3244.06
5496,2960.99
5497,2775.36
5498,2799.41
5499,3529
5500,4200.52
5501,4863.83
5502,4999.64
5503,4500.89
5504,4419.48
5505,4445.69
5506,4500.5
5507,4299.86
5508,3810.59
5509,3619.14
5510,3750.52
5511,4500.82
5512,4033.25
5513,3583.67
5514,3178.59
5515,2943.96
5516,2500.84
5517,3750.34
5518,3700.25
5519,3644.51
5520,3558.07
5521,2960.52
5522,3244.05
5523,2960.78
5524,2653.5
5525,2273.9
5526,2273.67
5527,2152.11
5528,2152.27
5529,1995.54
5530,1999.61
5531,2135.26
5532,2500.34
5533,2960.85
5534,3244.37
5535,3244.51
5536,3263.91
5537,3850.84
5538,4377.15
5539,4418.41
5540,5189.24
5541,5350.63
5542,4377.18
5543,3520.61
5544,3699.26
5545,2788.01
5546,3138.34
5547,4146.52
5548,4850.94
5549,4994.97
5550,4720.21
5551,2083.04
5552,1597.84
5553,1862.86
5554,1999.3
5555,1999.96
5556,1999.73
5557,3520.96
5558,3520.51
5559,3104.11
5560,2960.76
5561,2400.05
5562,2960.2
5563,2200.8
5564,2152.99
5565,2900.61
5566,3086.63
5567,2800.93
5568,2076.26
5569,1749.47
5570,1199.76
5571,1765.33
5572,1749.72
5573,1749.75
5574,1625.33
5575,1512.88
5576,1512.83
5577,1512.7
5578,1779.35
5579,1782.46
5580,1779.81
5581,1749.81
5582,1749.52
5583,1768.28
5584,1749.46
5585,1782.19
5586,1839.81
5587,2500.59
5588,2590.9
5589,2807.23
5590,2960.07
5591,3200.61
5592,3200.24
5593,3850.84
5594,4188.29
5595,4025.03
5596,4600.82
5597,4933.41
5598,5500.22
5599,4849.75
5600,4849.08
5601,4750.47
5602,4999.35
5603,5499.08
5604,5499.32
5605,7500.66
5606,7618.46
5607,4950.05
5608,3750.28
5609,3481.07
5610,3366.44
5611,3621.71
5612,3621.76
5613,3379.04
5614,3376.7
5615,3500.42
5616,3200.87
5617,2994.92
5618,3210.65
5619,3207.01
5620,3086.49
5621,3086.07
5622,2796.91
5623,2884.93
5624,2785.69
5625,2884.48
5626,2960.56
5627,3145.71
5628,2960.36
5629,3300.68
5630,3386.3
5631,3587.5
5632,3810.73
5633,3460.74
5634,3520
5635,3535.01
5636,3850.89
5637,3699.99
5638,4167.11
5639,4010.41
5640,3850.12
5641,3520.32
5642,3850.78
5643,4750.51
5644,5000.96
5645,6225.97
5646,5499.52
5647,4200.34
5648,3266.12
5649,4293
5650,3850.58
5651,3520.09
5652,3510.58
5653,3538.28
5654,4000.15
5655,3346.99
5656,3346.36
5657,3346.79
5658,3346.85
5659,3346.25
5660,3346.88
5661,3244.72
5662,3257.45
5663,3346.15
5664,3065.2
5665,3100.57
5666,3110.52
5667,3050.19
5668,2887.05
5669,2999.63
5670,2999.81
5671,2900.18
5672,2800.81
5673,2900.34
5674,2870.86
5675,2737.66
5676,2737.01
5677,2710.04
5678,2768
5679,2710.05
5680,2870.76
5681,2920.12
5682,3086.97
5683,3244.13
5684,3346.33
5685,3266.88
5686,3346.68
5687,3346.57
5688,3346.41
5689,3577.91
5690,4096.32
5691,5520.82
5692,8000.2
5693,8000.7
5694,10000
5695,6657.37
5696,5519.49
5697,7500.25
5698,10000
5699,6000.16
5700,4500.28
5701,4834.32
5702,4445.98
5703,3520.43
5704,3241.52
5705,2550.95
5706,2793.76
5707,3532.46
5708,3510.62
5709,3695.76
5710,3500.14
5711,3729.02
5712,3400.68
5713,3346.88
5714,3385.47
5715,3366.35
5716,3294.05
5717,2500.58
5718,2100.33
5719,1999.83
5720,2083.52
5721,2700.86
5722,2887.22
5723,2960.61
5724,3216.69
5725,3010.57
5726,3086.32
5727,3086.06
5728,3086.02
5729,3060.77
5730,3138.22
5731,3400.97
5732,3800.55
5733,3266.59
5734,3520.89
5735,3499.27
5736,3499.25
5737,3138.33
5738,4096.96
5739,4960.46
5740,6000.43
5741,7010.64
5742,6550.44
5743,4600.28
5744,3712.84
5745,4033.79
5746,3850.23
5747,3700.78
5748,3499.63
5749,2930.51
5750,3067.22
5751,3408.99
5752,3395.21
5753,2152.04
5754,2499.16
5755,3575.88
5756,3729.67
5757,3357.91
5758,3346.35
5759,3346.34
5760,2890.66
5761,3263.3
5762,3125.81
5763,2960.58
5764,2960.02
5765,2960.11
5766,2941.09
5767,2834.43
5768,2775.49
5769,2843.34
5770,2843.01
5771,2834.85
5772,2834.78
5773,2834.75
5774,2834.56
5775,2834.78
5776,2834.59
5777,2890.15
5778,2859.35
5779,2834.93
5780,2960.11
5781,3346.79
5782,3346.91
5783,3346.82
5784,3395.94
5785,3384.54
5786,3621.01
5787,4280.48
5788,5500.59
5789,5999.28
5790,8000.72
5791,8433.86
5792,9776.07
5793,10000
5794,9999.58
5795,5999.25
5796,5500.77
5797,5499.57
5798,5550.11
5799,4960.32
5800,4050.29
5801,3850.51
5802,3850.49
5803,4025.46
5804,3790.39
5805,3520.59
5806,3145.5
5807,3395.24
5808,3447.61
5809,2960.65
5810,2960.96
5811,2500.77
5812,2541
5813,2248.55
5814,2910.5
5815,2956
5816,2882.92
5817,2882.74
5818,2960.76
5819,2887.24
5820,2960.64
5821,3263.33
5822,3346.52
5823,3346.64
5824,3346.81
5825,3346.86
5826,3400.05
5827,3520.25
5828,3575.43
5829,2884.82
5830,2960.1
5831,2314.27
5832,1999.73
5833,999.77
5834,1499.44
5835,4319.17
5836,4679.47
5837,4319.24
5838,4319.31
5839,3499.02
5840,2775.23
5841,2960.22
5842,2721.5
5843,1999.33
5844,1999.28
5845,1858.76
5846,2930.89
5847,3400.41
5848,3400.35
5849,2991.56
5850,3400
5851,2960.41
5852,2960.58
5853,2884.97
5854,2884.62
5855,2960.95
5856,2884.85
5857,1916.72
5858,2083.38
5859,2273.49
5860,2273.52
5861,2273.01
5862,1841.46
5863,1633.63
5864,1633.39
5865,1447.43
5866,1511.27
5867,2273.3
5868,2273.07
5869,2100.09
5870,1733.59
5871,1447.24
5872,1447.56
5873,1347.55
5874,1347.98
5875,1303.13
5876,2200.47
5877,1752.38
5878,2080.06
5879,2650.21
5880,2737.48
5881,2884.67
5882,2960.44
5883,3400.61
5884,3400.66
5885,3263.62
5886,3370.48
5887,3263.82
5888,3520.66
5889,3389.76
5890,3067.81
5891,3030.72
5892,3031
5893,3030.85
5894,3030.01
5895,2769.7
5896,2769.1
5897,2149.01
5898,2309.39
5899,2960.38
5900,3030.12
5901,2218.33
5902,2152.11
5903,2071.41
5904,2075.12
5905,1926.8
5906,1804.83
5907,1703.8
5908,1599.08
5909,1300.98
5910,1454.65
5911,1731.18
5912,1661.22
5913,1731.11
5914,1768.26
5915,1661.97
5916,1687.79
5917,1499.9
5918,1597.15
5919,1909.64
5920,1991.44
5921,1804.88
5922,1900
5923,1999.73
5924,2131.67
5925,1839.51
5926,1839.08
5927,1753.13
5928,999.95
5929,999.71
5930,1499.12
5931,3092.65
5932,4010.58
5933,3572
5934,3385.5
5935,3244.07
5936,3067.56
5937,2960.84
5938,2889.61
5939,2775.62
5940,2295.9
5941,2295.32
5942,2218.38
5943,2218.82
5944,2135.64
5945,2218.68
5946,2218.46
5947,2245.5
5948,2960.51
5949,2510.48
5950,2218.88
5951,2135.84
5952,2135.07
5953,2737.67
5954,2890.15
5955,2737.46
5956,2590.73
5957,1749.91
5958,1700.99
5959,1768.07
5960,1749.51
5961,1700.58
5962,1566.44
5963,1499.74
5964,1568.37
5965,1731.47
5966,1749.21
5967,1499.72
5968,1499.59
5969,1036
5970,1519.72
5971,1779.09
5972,1779.11
5973,1598.72
5974,1782.03
5975,1768.37
5976,1839.66
5977,1913.64
5978,2218.73
5979,2800.48
5980,3263.81
5981,3520.36
5982,3790.42
5983,3850.23
5984,3969.45
5985,3558.82
5986,3535.37
5987,3263.21
5988,3223.5
5989,3210.19
5990,3289.87
5991,2779.58
5992,2737.52
5993,2737.45
5994,2301.8
5995,1888.83
5996,1916.65
5997,1999.65
5998,1909.51
5999,2064.77
6000,2785.06
6001,2064.93
6002,2064.5
6003,2064.34
6004,1991.62
6005,1597.84
6006,1512.99
6007,1499.4
6008,1499.26
6009,1299.48
6010,1369.14
6011,999.78
6012,1731.09
6013,1199.66
6014,1661.36
6015,1199.62
6016,1199.64
6017,999.6
6018,999.88
6019,1735.05
6020,1913.01
6021,1888.64
6022,1991.68
6023,1888.27
6024,1888.37
6025,1749.38
6026,1909.32
6027,3278.42
6028,3971.99
6029,2999.42
6030,3100.26
6031,2960.57
6032,2960.03
6033,2960.69
6034,2737.54
6035,2518.45
6036,2518.01
6037,2600.36
6038,2518.81
6039,2737.24
6040,2600.83
6041,1913.26
6042,2295.23
6043,2510.62
6044,2960.41
6045,3030.02
6046,3030.77
6047,3000.27
6048,2960.49
6049,2800.75
6050,2324.23
6051,1999.33
6052,1782.94
6053,1804.87
6054,1913.63
6055,1804.43
6056,1768.83
6057,1435.45
6058,1550.93
6059,2050.06
6060,1913.45
6061,1839.37
6062,1779.51
6063,1090.21
6064,1000
6065,1779.47
6066,1888.79
6067,2100.14
6068,2518.52
6069,1768.68
6070,2006.42
6071,2960.9
6072,2884.59
6073,2960.23
6074,3243.32
6075,3810.79
6076,4012.03
6077,4350.33
6078,4900.32
6079,4863.45
6080,4960.07
6081,5340.37
6082,5005.84
6083,4499.63
6084,3999.76
6085,3810.22
6086,4000.49
6087,3499.55
6088,3379.17
6089,2510.98
6090,2723.13
6091,3399.71
6092,3534.59
6093,3263.91
6094,2849.5
6095,3263.82
6096,2960.76
6097,2960.2
6098,2960.49
6099,2955.11
6100,2500.45
6101,1703.84
6102,1703.89
6103,1804.25
6104,1782.42
6105,2960.65
6106,3030.68
6107,2523.64
6108,2236.56
6109,1999.32
6110,1999.83
6111,2912
6112,3278.75
6113,2960.36
6114,2960.04
6115,2960.76
6116,3318.21
6117,3250.88
6118,3300.31
6119,3510.08
6120,3479.64
6121,3138.74
6122,4033.87
6123,4188.2
6124,4500.06
6125,4783.53
6126,4750.32
6127,4634
6128,3850.74
6129,3800.95
6130,3750.4
6131,3520.42
6132,3400.72
6133,2960.23
6134,3263.52
6135,3544.11
6136,3520.23
6137,3668
6138,3510.49
6139,3400.04
6140,3400.6
6141,3086.28
6142,2960.76
6143,2889.45
6144,2800.3
6145,3500.61
6146,3510.28
6147,3346.94
6148,3263.84
6149,2800.72
6150,2790.42
6151,2710.44
6152,2679.12
6153,1799.93
6154,1800
6155,2064.11
6156,1999.39
6157,2135.57
6158,2135.92
6159,2500.98
6160,2500.41
6161,2100.4
6162,2525
6163,2710.04
6164,2737.55
6165,2960.96
6166,3230
6167,3000.59
6168,3000.54
6169,1999.86
6170,2737.04
6171,3498.85
6172,3850.51
6173,3750.8
6174,3999.2
6175,4450.89
6176,4128.89
6177,4000.79
6178,3961.25
6179,3750.12
6180,3422.19
6181,3520.28
6182,3395.66
6183,3750.04
6184,3520.7
6185,3086.95
6186,3086.8
6187,2800.23
6188,2882.01
6189,2960.37
6190,2779.82
6191,2700.75
6192,2882.82
6193,2245.54
6194,1995.6
6195,1888.37
6196,1799.14
6197,1664.44
6198,1664.57
6199,1664.7
6200,1664.69
6201,1703.79
6202,1839.07
6203,1839.32
6204,1888.97
6205,2845.75
6206,3182.24
6207,3263.18
6208,3482.34
6209,3086.09
6210,3129.41
6211,3600.85
6212,3700.03
6213,2960.26
6214,2892.02
6215,2889.58
6216,2959.44
6217,2892.53
6218,3850.24
6219,4120.7
6220,4579.91
6221,4599.26
6222,4863.49
6223,4450.67
6224,3890.65
6225,3961.22
6226,3558.7
6227,3700.19
6228,3520.87
6229,3263.44
6230,2960.84
6231,3520.66
6232,3483
6233,3520.85
6234,3575.79
6235,3150.29
6236,3263.73
6237,2960.24
6238,2987.5
6239,2950.32
6240,2737.76
6241,2960.66
6242,2960.95
6243,3177.58
6244,3244.68
6245,2960.59
6246,2865.25
6247,2800.46
6248,2800.47
6249,2790.12
6250,2737.63
6251,2775.02
6252,2737.89
6253,2737.44
6254,2737.55
6255,2737.27
6256,2737.43
6257,2737.78
6258,2790.56
6259,2737.66
6260,2737.27
6261,2800.58
6262,3100.59
6263,3107.03
6264,3138.88
6265,3263.73
6266,3750.83
6267,4377.82
6268,5000.4
6269,5500.14
6270,6005.53
6271,6499.55
6272,7361.93
6273,6006.82
6274,6001.4
6275,5183.42
6276,4357.81
6277,5000.3
6278,4850.35
6279,4630.12
6280,4050.37
6281,3999.52
6282,3850.92
6283,3716.01
6284,3520.77
6285,3104.59
6286,3138.43
6287,3520.12
6288,3360.26
6289,3499.82
6290,3520.59
6291,3346.16
6292,3138.18
6293,1664.75
6294,1664.97
6295,1995.08
6296,2052.75
6297,2710.03
6298,2960.75
6299,2960.73
6300,3033.34
6301,3100.78
6302,3138.21
6303,3244.64
6304,3385.31
6305,3329.61
6306,3520.01
6307,3850.72
6308,3999.86
6309,3688.38
6310,3750.39
6311,3890.42
6312,3944.37
6313,3750.22
6314,4261.45
6315,4600.59
6316,5805.51
6317,7597.23
6318,7601.65
6319,5999.08
6320,4999.12
6321,3999.25
6322,3850.04
6323,3535.73
6324,3400.68
6325,3700.75
6326,3999.04
6327,4010.86
6328,3999.87
6329,3999.59
6330,3999.86
6331,3999.78
6332,3999.44
6333,3849
6334,3850.03
6335,3575.57
6336,3346.71
6337,3729.44
6338,3850.24
6339,3850.47
6340,3627.19
6341,3510.98
6342,3263.63
6343,3346.07
6344,3263.09
6345,3210.23
6346,3263.87
6347,3207
6348,3200.97
6349,3210.68
6350,3100.65
6351,3106.25
6352,3098.25
6353,3241.5
6354,3510.63
6355,3266.84
6356,3346.15
6357,3810.37
6358,3969.63
6359,4105.17
6360,4188.67
6361,4377.77
6362,4999.43
6363,8000.02
6364,9000.31
6365,9900.94
6366,10000
6367,10000
6368,10000
6369,10000
6370,10000
6371,10000
6372,6500.47
6373,8199.51
6374,6500.46
6375,5059.89
6376,4138.37
6377,3999.06
6378,3999.08
6379,3700.46
6380,3510.42
6381,3385.48
6382,3520.01
6383,3385.54
6384,3138.48
6385,3300.22
6386,3200.02
6387,2980.13
6388,2884.83
6389,1762.37
6390,1888.24
6391,1913.7
6392,2699.3
6393,3177.44
6394,3395.44
6395,3266.01
6396,3152.4
6397,3263.07
6398,3263.5
6399,3000.47
6400,3307.2
6401,3520.7
6402,3780.6
6403,4377.36
6404,5131.81
6405,4297.6
6406,3999.25
6407,4377.92
6408,4613.55
6409,3944.55
6410,4999.16
6411,8176.78
6412,10000
6413,10000
6414,10000
6415,10000
6416,5999.84
6417,4443.74
6418,3993.32
6419,4000.08
6420,3999.08
6421,4074.3
6422,4019.53
6423,3999.35
6424,3999.02
6425,4190.51
6426,4103.28
6427,4377.53
6428,4479.95
6429,4119.18
6430,4008.92
6431,3999.72
6432,3969.13
6433,3949.54
6434,3562.71
6435,3600.82
6436,3502.68
6437,3402.74
6438,3330.55
6439,3330.53
6440,3210.9
6441,3400
6442,3575.66
6443,3575.57
6444,3330.3
6445,3263.17
6446,3263.44
6447,3330.05
6448,3300.01
6449,3086.78
6450,3138.92
6451,3300.68
6452,3330.17
6453,3330.41
6454,3385.82
6455,3700.82
6456,4000.28
6457,4049
6458,4863.49
6459,5999.94
6460,10000
6461,10000
6462,10000
6463,10000
6464,10000
6465,10000
6466,6502.82
6467,4500.68
6468,4350.48
6469,4999.45
6470,4999.62
6471,5000.45
6472,4999.58
6473,4999.15
6474,4419.87
6475,4863.67
6476,4546.95
6477,4188.21
6478,4188
6479,3971.82
6480,3800.77
6481,3644.18
6482,3700.43
6483,3600.39
6484,3544.81
6485,3395.31
6486,3289.72
6487,3395.59
6488,3330.35
6489,2960.9
6490,3263.16
6491,3346.2
6492,3190.29
6493,2790.1
6494,3177.91
6495,3346.27
6496,3510.58
6497,3177.17
6498,3715.73
6499,4579.79
6500,4999.58
6501,3320.67
6502,3499.86
6503,4377.92
6504,4563.79
6505,4248.66
6506,5499.87
6507,10000
6508,10000
6509,10000
6510,10000
6511,10000
6512,10000
6513,5499.93
6514,4859.56
6515,4999.05
6516,4750.31
6517,4310.7
6518,3821.15
6519,3712.05
6520,3676.32
6521,3500.75
6522,3590.09
6523,4035.41
6524,4310.91
6525,3582.68
6526,3500.81
6527,4310.07
6528,3729.77
6529,3582.15
6530,3582.75
6531,3563
6532,3330.86
6533,2920.89
6534,2980.04
6535,2889.54
6536,2889.62
6537,2889.17
6538,2889.37
6539,2889.11
6540,2855.9
6541,2889.34
6542,2889.12
6543,2889.43
6544,2889.74
6545,2800.56
6546,2883.78
6547,2889.79
6548,3270.65
6549,3330.37
6550,3392.06
6551,3600.58
6552,3780.57
6553,4050.03
6554,3780.87
6555,4500.58
6556,5377.95
6557,4960.98
6558,5660.46
6559,10000
6560,10000
6561,10000
6562,10000
6563,4629.08
6564,4400.39
6565,4332.32
6566,4276.98
6567,4310.31
6568,3969.98
6569,3500.03
6570,3500.63
6571,3600.89
6572,3575.66
6573,3499.16
6574,3330.89
6575,2906.69
6576,2889.34
6577,2910.02
6578,3233.51
6579,3000.57
6580,2889.67
6581,2737.35
6582,2737.04
6583,1960.38
6584,2500.08
6585,2889.8
6586,2910.67
6587,3180.69
6588,2910.11
6589,2910.16
6590,3288.66
6591,3500.93
6592,3600.51
6593,4027.92
6594,4365.31
6595,4014.32
6596,3575.76
6597,3510.44
6598,4010.45
6599,4100.69
6600,3600.51
6601,3558.47
6602,4859
6603,5267.37
6604,6257.87
6605,6071.73
6606,10000
6607,10000
6608,5884.86
6609,5267.25
6610,4999.48
6611,4649.46
6612,4500.78
6613,4769.66
6614,3969.58
6615,3575.87
6616,3500.27
6617,3510.88
6618,3510.65
6619,3510.39
6620,3702.64
6621,3791.22
6622,3791.02
6623,3550.9
6624,3400.88
6625,3817.74
6626,3949.16
6627,3969.27
6628,3575.72
6629,3385.85
6630,3385.25
6631,3330.99
6632,3330.74
6633,3392.81
6634,3575.05
6635,3138.69
6636,3104.83
6637,2910.98
6638,3210.48
6639,2910.43
6640,2900.05
6641,3210.02
6642,3338
6643,3575.39
6644,3999.63
6645,3582.97
6646,3999.29
6647,3949.52
6648,4295.78
6649,3644.24
6650,3819.88
6651,4616.81
6652,5884.27
6653,5500.63
6654,6000.94
6655,4769.13
6656,4961.39
6657,4999.71
6658,5367.99
6659,3999.48
6660,3810.17
6661,4010.21
6662,4010.44
6663,4130.94
6664,4010.2
6665,4000.43
6666,3949.96
6667,3639.79
6668,3392.13
6669,3392.32
6670,3575.89
6671,3392.92
6672,3289.9
6673,3104.52
6674,3138.57
6675,3120.95
6676,2929.64
6677,2500.41
6678,2499.09
6679,2218.1
6680,2218.34
6681,2273.58
6682,2680.88
6683,3330.4
6684,3330.18
6685,3500.64
6686,3630.42
6687,3281.5
6688,3330.9
6689,3340.32
6690,3575.32
6691,3969.49
6692,4000.73
6693,3384.84
6694,3500.47
6695,3104.39
6696,2884.72
6697,2514.41
6698,3510.09
6699,4479.42
6700,4919.6
6701,4250.37
6702,4499.51
6703,4500.88
6704,4083.98
6705,4510.88
6706,4035.55
6707,3627.07
6708,3342.61
6709,3342.96
6710,3392.47
6711,3510.7
6712,3391.94
6713,3510.84
6714,3767.47
6715,4130.5
6716,4234.33
6717,3558.66
6718,3425.8
6719,3300.9
6720,2910.92
6721,5000
6722,5000
6723,2999.19
6724,2999.55
6725,3351.47
6726,3200.03
6727,3270.24
6728,3156.1
6729,3085.64
6730,3085.08
6731,2910.08
6732,2889.77
6733,2889.37
6734,2889.21
6735,2886
6736,2865.46
6737,2790.95
6738,2889.25
6739,2889.77
6740,2890.03
6741,3138.63
6742,3392.31
6743,3780.01
6744,3819.41
6745,4130.44
6746,4295.51
6747,5507.05
6748,7920.02
6749,8199.66
6750,10000
6751,10000
6752,10000
6753,10000
6754,10000
6755,5200.01
6756,4999.87
6757,4999.72
6758,4999.99
6759,5367.82
6760,4771.6
6761,4235.23
6762,4160.26
6763,4499.81
6764,4295.47
6765,3558.75
6766,3535.05
6767,3849.77
6768,3500.54
6769,3810.31
6770,3780.19
6771,3575.14
6772,3320.58
6773,2799.05
6774,2889.08
6775,3320.14
6776,3360.15
6777,3500.81
6778,3500.31
6779,3385.67
6780,3400.28
6781,3138.21
6782,3400.26
6783,3575.72
6784,3999.14
6785,3575.56
6786,4310.41
6787,4999.63
6788,5500.61
6789,4199.93
6790,4510.45
6791,4710.1
6792,4510.34
6793,3999.77
6794,5000.31
6795,6687.73
6796,10000
6797,10000
6798,10000
6799,10000
6800,6499.88
6801,5884.06
6802,5884.31
6803,4999.98
6804,4705.39
6805,4710.62
6806,4600.97
6807,4010.88
6808,3535.69
6809,4499.27
6810,4365.58
6811,4579.14
6812,4750.68
6813,4986.51
6814,4510.73
6815,4365.54
6816,3712.35
6817,4000.58
6818,4000.08
6819,3819.25
6820,3575.09
6821,3575.7
6822,3392.8
6823,3499.43
6824,3330
6825,3373.23
6826,3373.21
6827,3288.15
6828,3100.34
6829,3288.46
6830,3270.52
6831,3288.28
6832,3288.4
6833,3575.19
6834,3969.02
6835,4274.53
6836,4310.52
6837,4499.62
6838,4986.16
6839,5367.73
6840,5500.88
6841,4010.83
6842,4999.31
6843,5884.74
6844,7929.86
6845,8000.35
6846,6888
6847,7929.8
6848,7999.98
6849,5500.24
6850,4999.4
6851,4019.53
6852,4000.46
6853,4235.33
6854,4705.37
6855,4500.62
6856,4130.62
6857,4039.17
6858,4019.19
6859,4050.49
6860,3949.9
6861,3558.43
6862,3330.62
6863,3558.33
6864,3392.37
6865,3392.36
6866,3535.56
6867,3575.04
6868,3392.16
6869,2910
6870,2889.37
6871,2889.75
6872,3086.33
6873,3330.47
6874,3504.78
6875,3501.92
6876,3506.97
6877,3330.89
6878,3392.56
6879,3575.57
6880,3649.92
6881,3575.94
6882,3999.57
6883,4999.75
6884,5500.61
6885,4986.55
6886,4510.33
6887,3641
6888,3899.3
6889,4166.24
6890,5469.98
6891,10000
6892,10000
6893,10000
6894,10000
6895,10000
6896,10000
6897,10000
6898,6507.64
6899,5632.58
6900,5540.23
6901,5469.69
6902,5367.78
6903,4999.32
6904,4700.21
6905,5469.65
6906,5466.78
6907,5500.21
6908,6682.5
6909,6099.35
6910,6064.38
6911,5887.76
6912,5469.52
6913,4999.98
6914,4499.78
6915,4499.57
6916,4499.4
6917,4040
6918,4152.42
6919,4010.53
6920,3700.18
6921,3400.29
6922,3400.49
6923,3575.03
6924,3560.78
6925,3485.82
6926,3575.75
6927,3999.39
6928,4134.16
6929,4365.7
6930,4555.04
6931,4310.47
6932,3819.98
6933,4050.99
6934,4510.57
6935,4986.59
6936,4986.79
6937,4499.52
6938,5000.75
6939,7000.53
6940,10000
6941,10000
6942,10000
6943,10000
6944,10000
6945,10000
6946,10000
6947,6017.9
6948,5649.17
6949,5884.06
6950,5884.84
6951,5884.26
6952,5469.08
6953,4986.89
6954,4499.71
6955,4361.59
6956,4332.6
6957,4295.17
6958,4295.84
6959,4234.23
6960,3844.55
6961,3749.55
6962,3819.22
6963,3749.11
6964,3392.4
6965,2889.85
6966,2910.12
6967,3097.29
6968,3200.39
6969,3213.02
6970,3392.09
6971,3330.48
6972,3330.76
6973,3392.54
6974,3533.66
6975,3983.51
6976,4067.2
6977,4039.91
6978,4310.66
6979,4310.88
6980,4555.15
6981,4310.95
6982,4310.09
6983,3919.88
6984,3919.84
6985,4039.56
6986,5000.43
6987,10000
6988,10000
6989,10000
6990,10000
6991,10000
6992,10000
6993,8997.76
6994,5884.49
6995,5323.52
6996,5323.48
6997,5649.48
6998,5367.8
6999,4500.77
7000,4500.93
7001,5469.47
7002,5884.54
7003,6200.43
7004,6099.02
7005,5300.16
7006,4999.1
7007,4718
7008,4329.9
7009,3949.57
7010,4986.33
7011,4174.93
7012,3749.47
7013,3729.37
7014,3749.12
7015,3749.33
7016,3533.91
7017,3558.58
7018,3819.4
7019,3580.84
7020,3558.75
7021,3361.95
7022,3361.72
7023,3372.51
7024,3372.95
7025,3749.79
7026,4028.05
7027,4039.64
7028,4310.93
7029,4499.03
7030,4500.33
7031,4986.4
7032,4143.4
7033,4100.75
7034,5367.08
7035,8277.5
7036,10000
7037,10000
7038,10000
7039,7929.39
7040,5999.96
7041,6000.68
7042,5499.65
7043,4800.7
7044,4510.97
7045,5367.4
7046,5367.9
7047,4555.37
7048,4332.35
7049,3888.18
7050,3502.44
7051,4066
7052,4130.55
7053,4234.66
7054,4295.04
7055,4130.08
7056,4039.31
7057,3544.76
7058,3544.77
7059,3500.3
7060,3368.9
7061,2889.8
7062,2889.52
7063,2999.37
7064,3288.39
7065,3515.79
7066,3819.47
7067,4499.16
7068,4499.58
7069,4055.08
7070,4199.46
7071,4310.47
7072,4499.26
7073,4499.36
7074,4986.52
7075,4500.52
7076,5500.1
7077,4174.5
7078,4039.74
7079,4590.11
7080,4039.07
7081,4201.2
7082,5400.22
7083,10000
7084,10000
7085,10000
7086,10000
7087,10000
7088,10000
7089,6099.22
7090,5499.96
7091,5066.47
7092,4835.5
7093,5500.77
7094,6350.51
7095,5367.34
7096,5060.74
7097,8000.05
7098,8000.13
7099,5999.7
7100,5510.53
7101,4029.87
7102,3999.44
7103,4039.28
7104,4039.12
7105,8000.23
7106,7936.86
7107,5367.85
7108,4986.77
7109,4955.41
7110,4039.77
7111,3500.5
7112,3344.99
7113,3752.62
7114,4000.71
7115,4035.24
7116,4039.09
7117,3819.62
7118,3752.14
7119,3749.82
7120,3580.64
7121,3500.57
7122,3500.74
7123,3900.76
7124,3999.28
7125,4010.52
7126,4169.08
7127,4166.16
7128,4361.21
7129,4300.24
7130,4429.62
7131,4986.07
7132,6099.4
7133,4600.87
7134,5199.08
7135,4175.6
7136,4100.12
7137,4998.53
7138,4649.03
7139,3855.06
7140,3780.66
7141,4039.76
7142,4332.42
7143,4361.89
7144,4100.5
7145,4130.7
7146,4070.55
7147,3999.08
7148,3750.93
7149,4010.48
7150,4010.66
7151,4101.22
7152,4039.56
7153,4010.35
7154,3999.1
7155,3999.41
7156,3529.14
7157,2927.62
7158,3200.25
7159,3575.57
7160,3982.13
7161,4070.53
7162,4070.33
7163,4234.66
7164,4339.01
7165,4234.87
7166,4332.2
7167,4555.34
7168,4783.49
7169,5500.25
7170,5639.78
7171,5510.38
7172,7000.15
7173,4999.11
7174,4510.55
7175,4675.69
7176,4912.24
7177,4921.73
7178,5999.4
7179,10000
7180,10000
7181,10000
7182,10000
7183,10000
7184,10000
7185,10000
7186,10000
7187,10000
7188,7999.98
7189,6099.82
7190,5367.02
7191,4700.57
7192,4499.4
7193,5510.38
7194,5510.81
7195,5066.42
7196,4999.7
7197,3580.68
7198,3500.99
7199,3750.03
7200,3838.3
7201,5579.8
7202,5367.79
7203,4955.47
7204,4000.52
7205,3580.26
7206,3900.84
7207,4039.24
7208,4039.47
7209,4499.3
7210,4340.87
7211,4039.46
7212,3819.92
7213,3949.99
7214,3819.54
7215,3949.69
7216,3999.49
7217,3819.52
7218,3999.19
7219,3561.83
7220,3664.06
7221,3600.98
7222,4350.3
7223,4500.71
7224,4555.03
7225,4181.97
7226,4310.48
7227,5526.55
7228,6590.4
7229,6999.66
7230,6500.86
7231,5363.5
7232,5066.78
7233,4700.32
7234,4769.58
7235,3912.47
7236,3780.34
7237,4061.46
7238,4110.99
7239,4986.01
7240,4500.66
7241,4295.01
7242,3982.69
7243,4039.1
7244,3800.15
7245,4000.14
7246,4000.13
7247,4019.81
7248,3743.11
7249,4019.08
7250,3968.1
7251,3560.96
7252,3499.74
7253,3036.47
7254,3150.83
7255,3500.82
7256,3575.31
7257,4199.35
7258,4234.31
7259,4234.73
7260,4310.18
7261,4310.48
7262,4332.88
7263,5202.33
7264,5469.21
7265,5500.22
7266,5950.08
7267,6999.44
7268,7500.57
7269,5600.14
7270,5510.11
7271,4998.56
7272,4750.1
7273,5290.17
7274,6017.41
7275,8344.53
7276,10000
7277,10000
7278,10000
7279,10000
7280,10000
7281,7491.07
7282,6099.35
7283,6520.61
7284,5600.85
7285,4955.5
7286,4410.3
7287,3590.93
7288,3499.23
7289,3210.23
7290,3400.59
7291,4039.66
7292,3711.82
7293,3500.73
7294,3466.05
7295,4039.89
7296,3552.33
7297,4966.2
7298,4061.68
7299,3126.02
7300,3102.32
7301,3869.99
7302,3500.67
7303,3500.66
7304,3330.64
7305,3270.69
7306,3111.65
7307,3288.16
7308,3400.62
7309,3330.03
7310,3170.51
7311,3025.46
7312,2920.24
7313,2850.92
7314,3025.23
7315,3330.49
7316,3360.47
7317,3330.23
7318,3330.21
7319,3364.3
7320,3252.19
7321,3106.08
7322,3148.9
7323,3600.38
7324,3500.9
7325,3500.12
7326,3200.34
7327,2910.47
7328,3025.66
7329,3560
7330,3600.01
7331,4129.83
7332,4054.56
7333,3521
7334,3519.33
7335,3359.85
7336,3099.87
7337,3330.09
7338,3633.22
7339,3199.86
7340,3252.44
7341,3000.08
7342,2998.72
7343,3200.61
7344,3025.59
7345,2929.24
7346,3129.22
7347,3025.1
7348,3025.02
7349,2910.77
7350,2929.44
7351,2823.22
7352,2784.58
7353,3111.49
7354,3299.14
7355,3299.55
7356,3350.97
7357,3633.17
7358,3669.52
7359,4000.13
7360,4130.49
7361,4144.41
7362,3982.09
7363,3998.55
7364,4129.72
7365,4104.97
7366,3460.56
7367,3398.12
7368,3330.78
7369,4234.12
7370,4450.72
7371,4500.56
7372,4918.79
7373,4955.82
7374,5367.64
7375,5000.16
7376,4250.07
7377,4499.55
7378,4083.79
7379,4499.61
7380,4499.13
7381,4500.52
7382,4500.01
7383,4083.63
7384,3683.52
7385,4310.56
7386,3800.36
7387,3791.26
7388,3791.58
7389,3510.06
7390,3502.39
7391,3025.38
7392,2910.11
7393,4500.78
7394,4499.31
7395,4234.49
7396,3742.74
7397,3949.94
7398,3500.36
7399,3500.81
7400,3392.72
7401,3392.84
7402,3499.04
7403,3288.68
7404,3330.22
7405,3500.41
7406,3500.36
7407,3999.8
7408,4051.86
7409,4120.14
7410,4310.58
7411,4332.72
7412,4340.57
7413,4310.64
7414,4404.55
7415,4500.36
7416,4310.73
7417,4500.07
7418,4705.99
7419,5499.83
7420,8000.07
7421,6099.89
7422,5999.6
7423,5999.68
7424,5370.44
7425,5469.82
7426,5000.45
7427,4295.56
7428,4131.03
7429,5286.9
7430,5367.39
7431,5367.09
7432,4799.7
7433,4555.38
7434,4555.19
7435,4417.79
7436,4100.73
7437,3669.82
7438,3700.32
7439,3600.55
7440,3510.75
7441,3680.1
7442,4000.89
7443,3410.97
7444,3330.85
7445,2880.17
7446,2879.05
7447,3109.28
7448,3288.97
7449,3402.08
7450,3500.95
7451,3392.78
7452,3510.05
7453,3700.51
7454,3810.89
7455,4332.9
7456,4534.48
7457,4534.18
7458,5286.86
7459,5499.29
7460,5600.81
7461,4310.14
7462,4274.29
7463,3510.52
7464,3510.69
7465,3574.26
7466,4500.72
7467,5412.32
7468,7929.1
7469,6500.73
7470,7952
7471,5884.69
7472,5600.39
7473,4750.18
7474,4056.71
7475,4280.05
7476,4039.28
7477,4039.08
7478,4234.01
7479,3700.62
7480,3749.06
7481,4039.33
7482,4000.59
7483,3664.7
7484,3500.76
7485,3510.22
7486,3510.89
7487,3593.94
7488,3671.14
7489,4310.4
7490,4234.87
7491,4234.35
7492,3677.23
7493,4000.37
7494,3744.21
7495,3502.36
7496,3410.61
7497,3407.97
7498,3407
7499,3400.47
7500,3330.61
7501,3330.8
7502,3400.38
7503,3330.56
7504,3288.71
7505,3288.15
7506,3500.04
7507,3392.85
7508,3350.05
7509,3700.93
7510,3780.18
7511,4039.5
7512,4019.79
7513,4060.12
7514,4234.52
7515,4900.7
7516,5286.03
7517,4250.44
7518,4103.05
7519,3600.48
7520,3800.46
7521,3795.06
7522,3819.59
7523,3819.4
7524,3510.72
7525,4100.09
7526,4499.97
7527,4770.72
7528,4361.56
7529,3910.24
7530,3869.48
7531,3633.41
7532,3500.74
7533,3346.39
7534,3500.21
7535,3500.99
7536,3560.79
7537,3850.77
7538,3669.07
7539,3485.81
7540,3380.7
7541,2860.42
7542,2917.12
7543,3128.63
7544,3244.53
7545,3212.53
7546,3303.73
7547,3288.99
7548,3233.39
7549,3330.23
7550,3392.51
7551,3408.45
7552,3408.16
7553,3392.45
7554,3500.99
7555,3392.5
7556,3330.27
7557,2172
7558,1999.87
7559,1999.99
7560,2730.48
7561,3869.87
7562,4167.49
7563,4850.26
7564,5499.15
7565,4999.6
7566,4999.97
7567,5999.73
7568,5539.23
7569,4834.44
7570,4499.67
7571,4429.93
7572,4308.48
7573,4000.74
7574,4308.45
7575,3500.78
7576,3326.75
7577,2500.39
7578,3330.04
7579,3550.22
7580,3654.83
7581,3561.29
7582,3560.04
7583,3395.89
7584,3500.09
7585,4050.37
7586,3500.74
7587,3200.57
7588,2999.91
7589,3060.3
7590,2650.28
7591,3102.48
7592,3259.28
7593,2950.93
7594,2850.79
7595,2710.27
7596,2417.25
7597,2490
7598,2709.28
7599,2650.85
7600,2107
7601,2000.54
7602,2800.73
7603,2885.16
7604,3200.34
7605,3244.55
7606,3244.19
7607,3258.24
7608,3252.65
7609,1999.94
7610,2661.61
7611,3244.69
7612,3260
7613,3700.45
7614,3510.01
7615,1999.56
7616,2810.69
7617,3139.43
7618,3200.53
7619,3120.75
7620,2976.25
7621,3949.64
7622,4050.9
7623,3869.27
7624,3600.74
7625,3100.42
7626,2976.98
7627,3395.44
7628,3500.22
7629,3300.26
7630,3230.93
7631,3139.38
7632,2878.49
7633,2600.74
7634,2748.8
7635,2530.93
7636,2550.38
7637,1999.63
7638,1999.56
7639,2100.45
7640,2178.02
7641,2179.13
7642,2450.31
7643,1999.98
7644,2000
7645,1999.97
7646,2062.62
7647,2850.66
7648,3000.3
7649,3449.05
7650,3450.25
7651,3330.64
7652,3949.54
7653,2890.21
7654,1999.97
7655,2810.48
7656,3050.81
7657,3258.06
7658,3368.19
7659,3869.82
7660,4168.03
7661,3504.08
7662,3700.96
7663,3671.79
7664,3395.42
7665,3533.36
7666,3533.62
7667,3550.19
7668,3533.22
7669,3395.6
7670,3330.93
7671,3330.4
7672,3313.55
7673,2903.11
7674,2928.7
7675,3243.92
7676,3288.72
7677,3258.47
7678,3258.57
7679,3243.26
7680,2910.75
7681,3300.65
7682,3244.72
7683,2793.75
7684,2784.68
7685,2910.14
7686,2891.75
7687,2870.49
7688,2784.93
7689,2885.11
7690,2870.57
7691,2910.39
7692,2910.52
7693,3000.05
7694,3000.16
7695,3200.41
7696,3020.9
7697,3222.96
7698,3288.74
7699,3200.01
7700,3000.99
7701,3133.03
7702,3349
7703,3330.74
7704,3330.94
7705,3795.88
7706,4000.19
7707,3795.54
7708,3761.85
7709,3500.88
7710,3510.44
7711,3213.5
7712,2828.29
7713,3330.18
7714,3570.82
7715,3330.99
7716,3203.68
7717,3500.96
7718,3914.99
7719,3671.04
7720,3510.53
7721,3315.02
7722,3323.13
7723,2809.87
7724,2809.27
7725,1858.46
7726,1858.99
7727,1999.8
7728,1999.46
7729,2798.92
7730,3000.38
7731,2600.04
7732,2250.87
7733,1856.28
7734,1817.5
7735,1062
7736,1681.51
7737,1888.3
7738,2000.59
7739,2500.27
7740,2710.68
7741,2800.01
7742,2900.91
7743,3500.3
7744,3700.01
7745,3769.6
7746,3900.33
7747,3616
7748,4206.98
7749,3682.02
7750,3499.76
7751,3150.03
7752,3313.97
7753,2942.79
7754,3670.96
7755,4249.48
7756,4500.55
7757,4750.98
7758,5300.1
7759,6160.68
7760,5300.5
7761,4500.66
7762,4500.24
7763,4039.04
7764,3500.16
7765,3989.96
7766,3989.19
7767,3700.39
7768,3480.29
7769,3460.24
7770,3408.41
7771,3561.13
7772,3460.73
7773,3330.02
7774,3314.33
7775,3330.37
7776,3330.49
7777,3682.62
7778,3593.67
7779,3330.38
7780,3111.67
7781,3111.99
7782,3218.81
7783,3300.83
7784,3395.86
7785,3500.56
7786,3500.96
7787,3500.98
7788,3500.71
7789,3575.66
7790,3575.2
7791,3331
7792,3330.65
7793,3395.18
7794,3575.85
7795,3410.08
7796,3410.15
7797,3330.27
7798,3330.9
7799,3259.88
7800,3330.01
7801,3529.76
7802,4120.01
7803,4499.87
7804,4500.46
7805,4850.64
7806,4339.27
7807,4300.02
7808,3780.32
7809,3780.52
7810,3819.28
7811,3310.7
7812,3249.36
7813,3330.17
7814,3800.25
7815,3395.04
7816,3330.28
7817,3100.57
7818,3200.86
7819,3450.87
7820,3330.67
7821,3259.69
7822,3259.34
7823,2916.82
7824,2916.58
7825,3000.12
7826,3100.3
7827,3120.01
7828,3200.2
7829,2095.79
7830,2095.77
7831,2344.01
7832,2600.47
7833,3000.33
7834,3288.04
7835,2903.6
7836,2999.73
7837,3200.71
7838,3100.43
7839,3288.06
7840,3300.66
7841,3330.91
7842,3330.2
7843,3795.94
7844,4295.22
7845,4000.87
7846,4054.37
7847,4039.21
7848,4250.96
7849,3989.57
7850,4516.39
7851,4914.22
7852,5500.84
7853,5999.97
7854,6687.59
7855,6000.36
7856,5000.49
7857,4878
7858,4517.59
7859,4300.68
7860,4040.25
7861,4200.69
7862,4200.12
7863,3575.36
7864,3610
7865,3989.73
7866,3700.4
7867,3330.68
7868,3252.56
7869,3210.3
7870,3409.16
7871,3900.05
7872,3706.89
7873,4295.55
7874,4120.52
7875,3949.72
7876,3677.47
7877,3560.39
7878,3524.04
7879,3500.02
7880,3330.79
7881,3314.68
7882,3314.48
7883,3330.94
7884,3395.58
7885,3300.29
7886,3300.69
7887,3218.66
7888,3218.37
7889,3500.07
7890,3500.2
7891,3500.12
7892,3400.28
7893,3919.75
7894,4249.46
7895,4555.6
7896,5000.41
7897,4990.57
7898,5499.43
7899,6101.03
7900,6990.11
7901,5359.53
7902,4850
7903,4168.1
7904,3996.2
7905,3500.77
7906,3200.08
7907,2800.36
7908,2668
7909,3049.85
7910,3236
7911,3252.43
7912,2910.1
7913,2899.97
7914,2910.71
7915,3258.69
7916,3330.03
7917,3500.29
7918,3500.34
7919,3395.95
7920,3395.24
7921,3499.77
7922,3500.17
7923,3288.81
7924,3250.68
7925,2095.52
7926,2095.31
7927,2710.34
7928,2910.51
7929,2898.47
7930,3000.67
7931,2929.99
7932,3090.55
7933,3500.04
7934,3500.68
7935,3654.21
7936,3949.51
7937,4200.23
7938,4500.24
7939,4500.8
7940,4850.41
7941,3949.19
7942,3949.27
7943,3400.41
7944,3752.67
7945,3400.43
7946,4120.09
7947,4289.65
7948,4579.59
7949,5000.72
7950,5441
7951,5510.71
7952,5359.39
7953,4773.62
7954,4500.51
7955,4500.05
7956,4396.39
7957,4349.1
7958,4200.93
7959,3560.85
7960,3560.84
7961,3700.82
7962,3700.49
7963,4120.23
7964,4120.92
7965,4120.71
7966,3700.26
7967,4186.9
7968,3949.98
7969,4500.22
7970,4500.33
7971,4120.34
7972,3949.14
7973,3819.25
7974,3819.12
7975,3593.04
7976,3500.34
7977,3628
7978,3633.91
7979,3654.5
7980,3633.57
7981,3575.87
7982,3574.73
7983,3521.5
7984,3500.79
7985,3575.76
7986,3603.11
7987,3836.5
7988,3989.32
7989,4039.88
7990,4434.35
7991,4500.73
7992,4555.81
7993,4050.29
7994,4308.22
7995,5330.21
7996,5469.99
7997,4499.96
7998,4132.92
7999,3257.86
8000,3257.8
8001,3600.26
8002,3600.5
8003,3330.67
8004,3127.38
8005,3754.05
8006,3539.1
8007,3010.63
8008,2800.54
8009,2990.12
8010,3258.31
8011,2700.67
8012,2800.22
8013,3000.46
8014,2710.1
8015,2300.48
8016,2100.14
8017,1580.1
8018,1858.68
8019,1858.22
8020,1499.28
8021,999.67
8022,989.48
8023,989.49
8024,999.75
8025,1856.6
8026,1858.84
8027,2015.34
8028,2500.13
8029,2359.61
8030,2500.05
8031,3000.47
8032,3025.04
8033,2600.11
8034,2700.54
8035,2704.21
8036,2910.92
8037,2649.63
8038,2498.6
8039,2784.34
8040,2784.38
8041,2784.13
8042,2910.02
8043,3500.01
8044,3500.9
8045,3073.07
8046,3073.78
8047,3510.38
8048,3330.93
8049,2910.52
8050,2369.16
8051,3000.72
8052,3120.1
8053,3395.27
8054,3600.06
8055,3400.34
8056,3400.62
8057,3288.8
8058,3400.83
8059,3300.11
8060,3360.02
8061,3330.4
8062,3395.26
8063,3330.41
8064,3330.76
8065,3314.77
8066,3314.8
8067,3245.6
8068,3245.1
8069,3300.98
8070,3098
8071,3330.98
8072,3330.07
8073,3360.1
8074,3300.39
8075,3059.86
8076,3059.33
8077,3059.83
8078,3258.39
8079,3200.86
8080,3200.57
8081,3030.92
8082,3030.8
8083,3100.34
8084,3030.26
8085,3180.63
8086,3100.2
8087,3100.37
8088,3030.05
8089,3100.52
8090,3395.19
8091,3780.48
8092,3520.93
8093,3100.57
8094,3100.75
8095,3030.33
8096,2910.28
8097,1916.96
8098,999.28
8099,1499.4
8100,1499.51
8101,1947.58
8102,2015.36
8103,1916.93
8104,1499.28
8105,999.6
8106,999.32
8107,1499.02
8108,1298
8109,1499.35
8110,999.91
8111,1499.3
8112,1499.61
8113,1894.65
8114,2066.47
8115,1399.61
8116,1600.03
8117,999.52
8118,999.65
8119,1000.9
8120,1000.28
8121,1856.27
8122,1858.02
8123,1864.45
8124,1894.75
8125,1858.68
8126,1894.75
8127,2066.99
8128,2910.09
8129,2089.13
8130,2179.85
8131,3111.3
8132,3330.43
8133,2530.99
8134,2000.41
8135,1519.29
8136,999.52
8137,992.36
8138,1616.62
8139,2910.59
8140,3258.21
8141,3245.13
8142,3245.72
8143,3059.88
8144,2929.53
8145,2149.71
8146,2502
8147,1999.66
8148,2784.42
8149,2700.39
8150,2784.12
8151,3059.58
8152,3059.48
8153,3020.92
8154,3020.07
8155,2784.7
8156,2784.93
8157,2784.82
8158,2784.6
8159,2784.87
8160,2784.87
8161,3200.99
8162,2950.64
8163,2710.59
8164,2684
8165,2800.94
8166,2783.21
8167,1999.74
8168,1870.19
8169,1999.91
8170,2529.79
8171,2370.36
8172,2500.33
8173,1999.79
8174,1999.71
8175,1999.47
8176,1999.34
8177,2111
8178,2783.3
8179,2139
8180,2090.06
8181,1999.45
8182,1999.26
8183,900.42
8184,999.68
8185,1947.16
8186,2910.4
8187,3575.32
8188,3633.86
8189,2916.81
8190,2802.72
8191,2787.03
8192,3020.64
8193,3030.35
8194,2910.26
8195,2522.69
8196,1999.72
8197,2910.68
8198,2910.91
8199,3030.85
8200,3129.53
8201,3030.28
8202,3000.11
8203,3000.03
8204,2710.91
8205,2810.09
8206,2689.52
8207,2910.01
8208,2910.45
8209,2990.43
8210,2929.13
8211,3030.88
8212,3025.94
8213,1999
8214,2011.58
8215,1999.83
8216,2089.28
8217,2496
8218,2850.25
8219,3025.95
8220,3000.97
8221,3129.57
8222,3200.12
8223,3395.41
8224,3499.02
8225,2910.08
8226,3395.41
8227,3510.34
8228,3575.44
8229,3245.94
8230,3245.36
8231,2924.47
8232,3245.51
8233,2940.7
8234,3510.99
8235,4295.6
8236,4500.28
8237,4309
8238,4786.14
8239,4499.34
8240,4308.01
8241,4000.19
8242,3477.9
8243,3410.25
8244,3330.33
8245,3500.99
8246,3500.59
8247,3510.21
8248,3510.27
8249,3949.35
8250,3920.34
8251,3768
8252,3710.37
8253,3633.63
8254,3633.71
8255,4206.69
8256,4249.89
8257,4308.16
8258,4295.84
8259,4120.85
8260,3999.81
8261,3447.82
8262,3633.36
8263,3633.92
8264,3633.69
8265,3633.55
8266,3575.71
8267,3575.05
8268,3575.52
8269,3559.3
8270,3500.27
8271,3521.85
8272,3521.91
8273,3575.02
8274,3617.1
8275,4000.79
8276,4120.99
8277,4026.71
8278,4120.72
8279,4499.03
8280,4499.89
8281,4340.96
8282,4990.01
8283,4999.82
8284,5359.77
8285,4410.02
8286,4308.83
8287,3252.36
8288,2779.72
8289,3665.75
8290,3665.7
8291,3600.03
8292,3575.96
8293,3575.44
8294,3575.72
8295,3550.75
8296,3399.75
8297,3010.51
8298,3229.07
8299,3395.4
8300,3575.64
8301,3654.22
8302,3633.85
8303,3633.11
8304,3610.23
8305,3288.14
8306,3229.27
8307,3218.6
8308,3203.7
8309,2679.49
8310,2720.09
8311,2910.69
8312,2917.48
8313,3258.04
8314,3288.83
8315,3395.25
8316,3400.5
8317,3617.06
8318,3550.66
8319,3912.14
8320,4026.37
8321,4000.14
8322,4120.75
8323,4500.46
8324,4555.6
8325,4470.61
8326,4206.32
8327,3848.22
8328,3575.13
8329,3500.31
8330,3666.74
8331,4396.37
8332,4500.56
8333,5884.25
8334,6070.26
8335,6000.01
8336,5415.32
8337,5200.36
8338,4999.85
8339,4720.78
8340,4999.4
8341,5359.3
8342,5359.51
8343,5500.37
8344,5500.31
8345,6250.39
8346,6250.89
8347,7020.79
8348,8074.28
8349,10000
8350,9678.95
8351,6100.98
8352,6000.84
8353,6500.94
8354,6070.78
8355,6070.47
8356,5499.62
8357,5359.97
8358,4999.91
8359,5499
8360,5000.95
8361,4777.3
8362,4596.63
8363,4990.53
8364,4990.05
8365,4785.15
8366,4785.9
8367,4999.07
8368,4785.22
8369,4914.41
8370,4999.02
8371,5032.84
8372,5300.92
8373,5884.07
8374,6099.51
8375,6990.42
8376,6990.36
8377,5884.08
8378,7700.98
8379,6099.8
8380,6070.77
8381,4990.88
8382,4749.88
8383,4308.6
8384,4308.96
8385,4499.1
8386,4499.05
8387,3989.37
8388,3780.22
8389,3821.08
8390,3810.73
8391,4000.94
8392,3550.18
8393,3595.19
8394,3666.63
8395,3666.39
8396,3666.13
8397,3550.35
8398,3575.08
8399,3575.12
8400,3600.52
8401,3400.8
8402,3500.82
8403,3288.25
8404,3245.4
8405,2788.34
8406,2910.26
8407,3395.38
8408,3406
8409,3575.2
8410,3700.5
8411,3575.89
8412,3633.72
8413,3800.45
8414,4039.44
8415,4442.98
8416,4999.17
8417,4442.23
8418,4039.27
8419,4499.96
8420,5052.19
8421,4161.59
8422,4750.65
8423,4039.47
8424,4262.94
8425,4127.06
8426,4890.58
8427,10000
8428,10000
8429,10000
8430,10000
8431,10000
8432,10000
8433,10000
8434,10000
8435,10000
8436,10000
8437,10000
8438,10000
8439,10000
8440,10000
8441,10000
8442,10000
8443,10000
8444,10000
8445,10000
8446,10000
8447,10000
8448,10000
8449,10000
8450,10000
8451,10000
8452,10000
8453,7500.78
8454,7500.22
8455,7000.03
8456,6999.63
8457,6999.28
8458,6070.38
8459,5499.76
8460,5499.57
8461,5459.63
8462,5469.44
8463,5469.42
8464,5499.01
8465,5499.48
8466,5999.98
8467,5499.54
8468,5469.68
8469,6099.72
8470,9003.68
8471,9008.45
8472,8000.73
8473,5999.33
8474,7500.08
8475,6099.96
8476,6500.86
8477,4510.78
8478,4500.44
8479,4110.39
8480,3800.8
8481,3869.25
8482,4199.3
8483,3400.44
8484,3359.39
8485,3989.27
8486,3810.32
8487,3666.12
8488,3599.34
8489,3497.08
8490,3450.5
8491,3203.43
8492,3330.7
8493,3370.09
8494,3395.33
8495,3602.47
8496,3602
8497,3654.24
8498,3799.23
8499,3575.9
8500,3410.49
8501,3200.16
8502,3203.9
8503,3330.51
8504,3400.49
8505,3395.96
8506,3556.36
8507,3800.37
8508,3989.83
8509,4249.61
8510,4206.71
8511,4120.09
8512,4499.65
8513,5392.35
8514,5478.4
8515,5500.61
8516,5789.14
8517,4777.01
8518,4999.85
8519,4509.54
8520,4996.36
8521,4200.29
8522,4619.91
8523,5727.05
8524,10000
8525,10000
8526,10000
8527,10000
8528,10000
8529,6499.86
8530,5884.47
8531,5499.85
8532,5350.7
8533,4510.91
8534,4910.41
8535,5359.21
8536,5300.88
8537,7500.57
8538,7500.56
8539,10000
8540,9999.59
8541,6499.28
8542,5999.54
8543,5999.64
8544,6499.06
8545,5499.37
8546,4519.23
8547,5300
8548,3994.1
8549,5499.29
8550,5499.15
8551,5359.24
8552,4785.03
8553,4029.63
8554,4069.93
8555,3800.59
8556,3998.05
8557,3900.84
8558,4200.05
8559,3992.28
8560,3997.37
8561,3742.31
8562,3799.89
8563,3499.35
8564,3499.51
8565,3695.41
8566,4005.57
8567,4231.28
8568,4300.95
8569,3520.75
8570,4000.23
8571,4199.12
8572,4069.12
8573,3245.45
8574,3245.18
8575,2999.43
8576,2822.88
8577,3245.89
8578,2810.38
8579,2910.38
8580,2803.15
8581,3449.18
8582,3602.42
8583,3575.31
8584,3539.55
8585,3099.82
8586,3099.46
8587,3220.81
8588,3313.5
8589,3330.05
8590,3409.04
8591,3244.68
8592,3244.16
8593,3100.81
8594,3100.8
8595,3000.93
8596,3080.59
8597,2499.06
8598,2564.31
8599,2850.17
8600,2910.32
8601,2900.06
8602,3203.46
8603,3288.59
8604,3273.57
8605,3244.99
8606,3302.52
8607,3368.82
8608,3570.73
8609,3666.81
8610,4120.23
8611,4120.09
8612,4308.82
8613,3500.17
8614,3200.76
8615,3258.46
8616,3258.5
8617,3313.74
8618,3368.77
8619,4308.73
8620,4555.36
8621,4850.87
8622,5090.44
8623,5991.53
8624,4999.88
8625,5200.99
8626,5200.73
8627,5300.6
8628,5300.17
8629,5199.08
8630,5090.07
8631,4999.56
8632,4950.31
8633,5359.29
8634,5359.84
8635,5402.29
8636,5359.57
8637,5199.77
8638,4703.68
8639,5359.76
8640,4990.36
8641,10000
8642,10000
8643,4999.14
8644,4029.85
8645,4579.08
8646,4579.24
8647,4999.02
8648,4990.64
8649,4990.27
8650,4990.45
8651,4469.24
8652,4028.49
8653,3695.75
8654,3848.32
8655,3700.33
8656,3810.14
8657,4332.24
8658,4470.95
8659,4332.82
8660,4349.15
8661,4442.04
8662,4850.01
8663,4783.47
8664,4499.8
8665,3330.75
8666,3400.69
8667,4000.55
8668,3642.2
8669,3351.05
8670,3400.78
8671,2822.12
8672,2800.5
8673,2500.03
8674,2679.19
8675,2679.66
8676,2679.92
8677,3245.47
8678,3314.49
8679,2929.04
8680,2679.2
8681,1999.84
8682,1999.19
8683,2955.06
8684,2910.82
8685,3020.13
8686,3178.97
8687,3125.28
8688,3020.17
8689,2788.15
8690,2679.2
8691,1999.42
8692,1899.71
8693,989.97
8694,1027.5
8695,1858.45
8696,1947.3
8697,2001
8698,2885.33
8699,2783.16
8700,2798
8701,3258.83
8702,3330.49
8703,2910.68
8704,2910.85
8705,3000.03
8706,3222.21
8707,4308.51
8708,4340.31
8709,3330.6
8710,3020.64
8711,2399.23
8712,2495.86
8713,2015.44
8714,3029.38
8715,4308.09
8716,4720.63
8717,4340.64
8718,4706.29
8719,4766.9
8720,4519.82
8721,4516.61
8722,4499.72
8723,4400.66
8724,4499.63
8725,4555.34
8726,4555.23
8727,4555.43
8728,4555.47
8729,5294.79
8730,5499.11
8731,5359.86
8732,5499.14
8733,4785.27
8734,4529.84
8735,4029.92
8736,4029.48
8737,4436.43
8738,4350.89
8739,3499.19
8740,3288.7
8741,3426.16
8742,3950.86
8743,3999.78
8744,3700.6
8745,3218.29
8746,3137.26
8747,3258.97
8748,3288.72
8749,3029.27
8750,3029.08
8751,3199.22
8752,3199.91
8753,3222.76
8754,3259.61
8755,3359.84
8756,3359.67
8757,3050.72
8758,3020.84
8759,3600.94
8760,3682.85
8761,3288.93
8762,3597.49
8763,4990.33
8764,4850.31
8765,2239.79
8766,2239.28
8767,3200.98
8768,3020.43
8769,2910.38
8770,2910.74
8771,1999.36
8772,2719.05
8773,2610.93
8774,2910.16
8775,2910.79
8776,2801.05
8777,2800.15
8778,2890.43
8779,2910.02
8780,2850.01
8781,2710.89
8782,2784.01
8783,2364.2
8784,1999.54
8785,1999.54
8786,2015.55
8787,1856.82
8788,1856.6
8789,1686.77
8790,1686.7
8791,1686.28
8792,1686.46
8793,1340.18
8794,1719.58
8795,1856.24
8796,1924.57
8797,1856.64
8798,1931.38
8799,1686.95
8800,1686.66
8801,2900.5
8802,3020.88
8803,3460.54
8804,3460.01
8805,2999.17
8806,3000.28
8807,3014
8808,3330.72
8809,3218.6
8810,3533.65
8811,4000
8812,4600.78
8813,4999.85
8814,5300.2
8815,4555.48
8816,4029.47
8817,3020.24
8818,3330.03
8819,4300.73
8820,4700.18
8821,5200.24
8822,5350.58
8823,4990.28
8824,4990.24
8825,5359.29
8826,5499.27
8827,5600.94
8828,6000.31
8829,5999.44
8830,5999.79
8831,5999.52
8832,5600.36
8833,5469.9
8834,5359
8835,5469.22
8836,4555.94
8837,4700.43
8838,4990.36
8839,5339.45
8840,4340.37
8841,3750.26
8842,3800.23
8843,4200.54
8844,3971.7
8845,3780.1
8846,4039.92
8847,3900.82
8848,3749.37
8849,3682.28
8850,4039.64
8851,4040.32
8852,4300.91
8853,4300.66
8854,4365.43
8855,4308.63
8856,4308.21
8857,3533.7
8858,4499.93
8859,4308.57
8860,4000.97
8861,2870.73
8862,2499.73
8863,2800.98
8864,1999.72
8865,2910.52
8866,2910.75
8867,3139.2
8868,3259.24
8869,3288.05
8870,3330.28
8871,3288.33
8872,3288.01
8873,2816.93
8874,2816.98
8875,3060.99
8876,3194.23
8877,3200.37
8878,3200.91
8879,3203.85
8880,3200.53
8881,2710.79
8882,2550.11
8883,2592.94
8884,2530.89
8885,1686.98
8886,1719.45
8887,1719.57
8888,1719.99
8889,2100.48
8890,2900.14
8891,2910.73
8892,3020.07
8893,3177.73
8894,3288.93
8895,3780.16
8896,3849.42
8897,4000.94
8898,4249.87
8899,4040.98
8900,4470.25
8901,4162.39
8902,4162.6
8903,4162.06
8904,4500.91
8905,3666.45
8906,3752.36
8907,4511.85
8908,5050.69
8909,5742.74
8910,6583.13
8911,5999.5
8912,5600.72
8913,5000.47
8914,4999.33
8915,5499.83
8916,5884.64
8917,6500.08
8918,7270.6
8919,8000.43
8920,7000.1
8921,10000
8922,10000
8923,10000
8924,10000
8925,10000
8926,10000
8927,8500.32
8928,8000.51
8929,8000.95
8930,8000.92
8931,6499.95
8932,6499.03
8933,4785.89
8934,4649.79
8935,5199.9
8936,4579.69
8937,4500.93
8938,4850.96
8939,4769.99
8940,4499.65
8941,4199.97
8942,4249.08
8943,4200.7
8944,4436.95
8945,4436.19
8946,4308.38
8947,4308.01
8948,4308.68
8949,5359.72
8950,5469.68
8951,5999.09
8952,6200.24
8953,5499.15
8954,5999.9
8955,5999.98
8956,5999.38
8957,4966.38
8958,4134.92
8959,3330.1
8960,3330.05
8961,3571.83
8962,3571.39
8963,3300.44
8964,3244.78
8965,3510.11
8966,3571.64
8967,3510.43
8968,3330.48
8969,2910.97
8970,2816.63
8971,3203.48
8972,3200.92
8973,3288.96
8974,3288.07
8975,3300.6
8976,3330.82
8977,3355.66
8978,3355.56
8979,3288.35
8980,2910.95
8981,2498.65
8982,2498.67
8983,3020.08
8984,3200.33
8985,3271.42
8986,3288.12
8987,3300.34
8988,3330.41
8989,3400.45
8990,3500.06
8991,4308.69
8992,4777.85
8993,5884.21
8994,5999.89
8995,9000.13
8996,9000.63
8997,5999.83
8998,5999.35
8999,5715
9000,5800
9001,4199.98
9002,4519.51
9003,5473.64
9004,9000.06
9005,10000
9006,10000
9007,10000
9008,10000
9009,6999.23
9010,6499.69
9011,10000
9012,10000
9013,10000
9014,10000
9015,10000
9016,10000
9017,10000
9018,10000
9019,10000
9020,10000
9021,10000
9022,10000
9023,10000
9024,10000
9025,10000
9026,10000
9027,10000
9028,10000
9029,10000
9030,10000
9031,9998.64
9032,5719
9033,5091.62
9034,5091.87
9035,4835.77
9036,4835.82
9037,4330.12
9038,4330.11
9039,5099.25
9040,4850.27
9041,4966.42
9042,5099.42
9043,4999.55
9044,5099.89
9045,5469.15
9046,5469.47
9047,6099.34
9048,6500.07
9049,6500.27
9050,10000
9051,10000
9052,10000
9053,5999.44
9054,4899.52
9055,4350.91
9056,4242.53
9057,3700.95
9058,3949.47
9059,3571.92
9060,3571.33
9061,4500.02
9062,4500.02
9063,4055.12
9064,3633.69
9065,3020.49
9066,3020.74
9067,3330.29
9068,3330.74
9069,3370.73
9070,3368.63
9071,3452.23
9072,3395.39
9073,3452.2
9074,3500.57
9075,3500.85
9076,3500.47
9077,3000.41
9078,2991.81
9079,3300.01
9080,3300.8
9081,3617.31
9082,3633.8
9083,4330.43
9084,4349.77
9085,4330.64
9086,4674
9087,5422.67
9088,6070.52
9089,5469.53
9090,6500.74
9091,7000.82
9092,9716
9093,7500.96
9094,10000
9095,10000
9096,10000
9097,5899.92
9098,10000
9099,10000
9100,10000
9101,10000
9102,10000
9103,10000
9104,10000
9105,10000
9106,10000
9107,10000
9108,10000
9109,10000
9110,10000
9111,10000
9112,10000
9113,10000
9114,10000
9115,10000
9116,10000
9117,10000
9118,10000
9119,10000
9120,10000
9121,10000
9122,10000
9123,10000
9124,10000
9125,10000
9126,10000
9127,10000
9128,5718.8
9129,4850.65
9130,5469.38
9131,5469.27
9132,5469.11
9133,4499.93
9134,4499.37
9135,4581.2
9136,4785.51
9137,5469.51
9138,5359.71
9139,5469.03
9140,5469.32
9141,6507.62
9142,10000
9143,10000
9144,10000
9145,10000
9146,10000
9147,10000
9148,10000
9149,10000
9150,6000.84
9151,4029.45
9152,3999.39
9153,4108.9
9154,4108.92
9155,3527.46
9156,3500.69
9157,4332.46
9158,4332.85
9159,3550.37
9160,3400.93
9161,3231.61
9162,3200.76
9163,3633.71
9164,3633.08
9165,3949.94
9166,3800.55
9167,3452.75
9168,3400.07
9169,3452.57
9170,3452.15
9171,3395.14
9172,3368.63
9173,3025.05
9174,3124.79
9175,3288.43
9176,3330.09
9177,3100.4
9178,3395.59
9179,3452.94
9180,3575.91
9181,3670.62
9182,4330.33
9183,4555.26
9184,5359.78
9185,5459.33
9186,5469.11
9187,5469.13
9188,5510.59
9189,4241.81
9190,4750.92
9191,4182.44
9192,4860.03
9193,3510.18
9194,4181.71
9195,10000
9196,10000
9197,10000
9198,10000
9199,10000
9200,10000
9201,10000
9202,10000
9203,10000
9204,10000
9205,10000
9206,10000
9207,10000
9208,10000
9209,10000
9210,10000
9211,10000
9212,10000
9213,10000
9214,10000
9215,10000
9216,10000
9217,10000
9218,10000
9219,10000
9220,10000
9221,10000
9222,10000
9223,6099.72
9224,6000.25
9225,5499.96
9226,5426.91
9227,4999.72
9228,4999.51
9229,4500.97
9230,4330.96
9231,4330.86
9232,4330.59
9233,4850.49
9234,5469.6
9235,5469.66
9236,5469.11
9237,7001.05
9238,7500.1
9239,10000
9240,10000
9241,7505.84
9242,10000
9243,10000
9244,10000
9245,7001.4
9246,5817.84
9247,4999.01
9248,4400.18
9249,3821.75
9250,3648.39
9251,3333.26
9252,3250.86
9253,3370.5
9254,3648.86
9255,3648.51
9256,3500.82
9257,3200.2
9258,3112.88
9259,3150.97
9260,3133.69
9261,3288.63
9262,3288.49
9263,3395.71
9264,3409.33
9265,3409.15
9266,3409.13
9267,3288.63
9268,3288.09
9269,2710.35
9270,2700.99
9271,2955.79
9272,3256.21
9273,3395.73
9274,3525
9275,4295.15
9276,4295.72
9277,4206.57
9278,4516.43
9279,4850.26
9280,4850.96
9281,4555.44
9282,4850.07
9283,5499.26
9284,6070.87
9285,5200.64
9286,5999.15
9287,7000.8
9288,10000
9289,4499.59
9290,5999.77
9291,6800.43
9292,7509.64
9293,10000
9294,10000
9295,10000
9296,10000
9297,10000
9298,10000
9299,10000
9300,10000
9301,10000
9302,10000
9303,10000
9304,10000
9305,10000
9306,10000
9307,10000
9308,10000
9309,10000
9310,10000
9311,10000
9312,10000
9313,10000
9314,10000
9315,10000
9316,10000
9317,10000
9318,10000
9319,6800.38
9320,6000.49
9321,6000.22
9322,6000.04
9323,4999.4
9324,4990.52
9325,4999.1
9326,5000.01
9327,4442
9328,4330.98
9329,4700.13
9330,4835.72
9331,5000.08
9332,5000.82
9333,5999.69
9334,6000.4
9335,7207
9336,10000
9337,10000
9338,10000
9339,10000
9340,8000.08
9341,4499.29
9342,4182.83
9343,3330.99
9344,3330.91
9345,3060.13
9346,3411.67
9347,3020.88
9348,2900.69
9349,1719.82
9350,2800.26
9351,1519.32
9352,2790.82
9353,2870.43
9354,2898.67
9355,2800.08
9356,2880.87
9357,2898.8
9358,3000.19
9359,2910.33
9360,2910.49
9361,2529.49
9362,2011.5
9363,2100.25
9364,2015.4
9365,1685.01
9366,1685.21
9367,1856.81
9368,2011.56
9369,1769.83
9370,1856.33
9371,1930.23
9372,2500.26
9373,2910.35
9374,3200.93
9375,3258.61
9376,3300.04
9377,3170.97
9378,3200.01
9379,3100.38
9380,3200.32
9381,2910.11
9382,3280.73
9383,3288.24
9384,3288.95
9385,2498.49
9386,2498.79
9387,2999.29
9388,3648.66
9389,4442.13
9390,4442.96
9391,4029.43
9392,3560.39
9393,3330.13
9394,3288.08
9395,4000.87
9396,4200.12
9397,4300.69
9398,4120.28
9399,3600.76
9400,3370.72
9401,3800.57
9402,4141
9403,4516.66
9404,4516.69
9405,4039.37
9406,3800.78
9407,4502.24
9408,4330.73
9409,4785.86
9410,4599.54
9411,4340.67
9412,4200.1
9413,3580.51
9414,3672.93
9415,3949.01
9416,3850.02
9417,3600.86
9418,3610.94
9419,3500.26
9420,3510.79
9421,3683.12
9422,3683.69
9423,3810.63
9424,4003.58
9425,3700.37
9426,3700.85
9427,3699.45
9428,3700.68
9429,3200.37
9430,3100.83
9431,2999.85
9432,3330.58
9433,3750.5
9434,4766.85
9435,4555.37
9436,4308.05
9437,3500.82
9438,3498.07
9439,3037.69
9440,2933
9441,3118.92
9442,3330.22
9443,3260.58
9444,3009.8
9445,2820.5
9446,2910.42
9447,2900.09
9448,2790.73
9449,2850.97
9450,2910.42
9451,2784.89
9452,2800.88
9453,2748.82
9454,2669.5
9455,2530.45
9456,2177.71
9457,2177.52
9458,2200.75
9459,2500.65
9460,2500.67
9461,1931.32
9462,1931.09
9463,1999.61
9464,1999.97
9465,2900.66
9466,2910.88
9467,2960.33
9468,3020.67
9469,3200.66
9470,3210.58
9471,3288.48
9472,3330.37
9473,3330.64
9474,3330.64
9475,3510.9
9476,3810.21
9477,3654.5
9478,4300.13
9479,4273.31
9480,4805.79
9481,3500.86
9482,4000.08
9483,3648.81
9484,4714.36
9485,5834.43
9486,6500.94
9487,5500.01
9488,5010.95
9489,4890.23
9490,4817.24
9491,4700.48
9492,4442.57
9493,4700.31
9494,4710.71
9495,4199.74
9496,3504.43
9497,3499.57
9498,3499.93
9499,4808.15
9500,5004.65
9501,5600.11
9502,5600.14
9503,5400.59
9504,5000.7
9505,7000.39
9506,6196.57
9507,5219.02
9508,4490.92
9509,3810.19
9510,3780.83
9511,3810.84
9512,3750.48
9513,3100.99
9514,3133.13
9515,3313.63
9516,3368.11
9517,3300.75
9518,3651.53
9519,3810.31
9520,3852.96
9521,3810.8
9522,3810.48
9523,3700.14
9524,3533.72
9525,3050.24
9526,3244.76
9527,3244.53
9528,3244.03
9529,3774
9530,4570.89
9531,4582.97
9532,4401.45
9533,3330.99
9534,3050.99
9535,3308.21
9536,3244.92
9537,3019.93
9538,2910.74
9539,2910.07
9540,2489.9
9541,3100.9
9542,3100.54
9543,3019.54
9544,3050.74
9545,3082.08
9546,3019.31
9547,2960.06
9548,2917.97
9549,2917.86
9550,2917.42
9551,2850.27
9552,2548.94
9553,2159.95
9554,2159.65
9555,1999.45
9556,1999.18
9557,1931.52
9558,1931.91
9559,2230.44
9560,2230.02
9561,1999.49
9562,1999.85
9563,2812.21
9564,2895.53
9565,2950.99
9566,2910.56
9567,3355.75
9568,3701.6
9569,3260.68
9570,3250.67
9571,3500.53
9572,3550.35
9573,3460.73
9574,3330.04
9575,3152.5
9576,3200.33
9577,2919.55
9578,3330.12
9579,3420.34
9580,4000.16
9581,4134.25
9582,4650.33
9583,4582.12
9584,4280.95
9585,3861.55
9586,3729.81
9587,4419.18
9588,4490.29
9589,4849.2
9590,4999.91
9591,4817.26
9592,4419.23
9593,4499.73
9594,4959.75
9595,5499.41
9596,5499.52
9597,4999.38
9598,4999.4
9599,3993.49
9600,3651.86
9601,3533.63
9602,3700.84
9603,3651.67
9604,3700.41
9605,3361.29
9606,3361.23
9607,3500.91
9608,3500.61
9609,3500.66
9610,3488.2
9611,3448
9612,3500.48
9613,3361.18
9614,3361.32
9615,3313.4
9616,3218.85
9617,3218.43
9618,3313.78
9619,3297.81
9620,3330.24
9621,3218.8
9622,3218.78
9623,3218.89
9624,3330.62
9625,3600.35
9626,4289.26
9627,3918
9628,4000.46
9629,4000.75
9630,4039.37
9631,3500.11
9632,3244.75
9633,3244.12
9634,3244.55
9635,3218.98
9636,3314.39
9637,3330.51
9638,3900.18
9639,3218.76
9640,3200.88
9641,3019.04
9642,3011.12
9643,3020.58
9644,3020.82
9645,2903.83
9646,2903.92
9647,2530.57
9648,2500.63
9649,1944.75
9650,1931.97
9651,1999.4
9652,1999.33
9653,1686.74
9654,1940.35
9655,2150.13
9656,2260.55
9657,2710.05
9658,2910.07
9659,3279.42
9660,3330.65
9661,3330.75
9662,3664.22
9663,3801
9664,4082.02
9665,3533.77
9666,3593.12
9667,4001.35
9668,4153.82
9669,3191.54
9670,3200.71
9671,3094
9672,3330.56
9673,2749.35
9674,2749.89
9675,2749.85
9676,3453.27
9677,4282.85
9678,4468.67
9679,4099.37
9680,3819.37
9681,3019.81
9682,3450.65
9683,3500.4
9684,3600.09
9685,4030.76
9686,4249.08
9687,4012.04
9688,3989.18
9689,3361.17
9690,3800.5
9691,4249.91
9692,4293.62
9693,4273.56
9694,4273.27
9695,3810.93
9696,3368.18
9697,3400.49
9698,3400.17
9699,3409
9700,3340.96
9701,3400.79
9702,3313.2
9703,3400.63
9704,3368.22
9705,3594.95
9706,3600.57
9707,3520.46
9708,3600.39
9709,3780.46
9710,3600.82
9711,3651.9
9712,3594.13
9713,3512.53
9714,3594.66
9715,3600.68
9716,3800.37
9717,3410.78
9718,3410.52
9719,3991.12
9720,3777.37
9721,3769.99
9722,4472
9723,3600.1
9724,3510.41
9725,3680.03
9726,3545.93
9727,3500.2
9728,3092.4
9729,2910.72
9730,2870.49
9731,3000.71
9732,3000.93
9733,2870.52
9734,2870.34
9735,2795.94
9736,2314.77
9737,1999.3
9738,1940.66
9739,1883
9740,1999.75
9741,2075.54
9742,1999.36
9743,2140.96
9744,2140.77
9745,2177.57
9746,2430.07
9747,2177.59
9748,2177.25
9749,1940.65
9750,1944.16
9751,2159.64
9752,2177.92
9753,2881.67
9754,3060.97
9755,3308.08
9756,3308.88
9757,3355.43
9758,3401
9759,3427.53
9760,3594.99
9761,3350.15
9762,3367.7
9763,3410.95
9764,3550.82
9765,3550.75
9766,3574.73
9767,3550.42
9768,3210.11
9769,2499.94
9770,3038.43
9771,3280.77
9772,3425.07
9773,3769.41
9774,4282.29
9775,4012.51
9776,3600.06
9777,3550.54
9778,3550.96
9779,4330.62
9780,4297.44
9781,4297.22
9782,4289.31
9783,3684
9784,3300.65
9785,3400.41
9786,3400.99
9787,3651.83
9788,4100.22
9789,3600.58
9790,3574.85
9791,3574.86
9792,3550.9
9793,4000.05
9794,3800.93
9795,4289.53
9796,4280.8
9797,3700.45
9798,3628.89
9799,3741.5
9800,3546.5
9801,3922
9802,4273.42
9803,3769.29
9804,3731
9805,3800.41
9806,3594.24
9807,3410.93
9808,3410.96
9809,3410.4
9810,3410.58
9811,3410.65
9812,3410.73
9813,3400.81
9814,3410.24
9815,3410.29
9816,3410.25
9817,2920.59
9818,3370.58
9819,3500.5
9820,3425.96
9821,3510.07
9822,3500.19
9823,3648.66
9824,3359.17
9825,3218.38
9826,3218.55
9827,3370.92
9828,3280.5
9829,3144.34
9830,3199.25
9831,2900.85
9832,2510.52
9833,2870.87
9834,2960.8
9835,2917.73
9836,2917.57
9837,2994
9838,3000.52
9839,2917.11
9840,2870.64
9841,2500.22
9842,2500.28
9843,1999.62
9844,1844.97
9845,1488.38
9846,1488.61
9847,1999.4
9848,2005.01
9849,2660.03
9850,3000.68
9851,3039.99
9852,3280.89
9853,3313.05
9854,3350.62
9855,3357.11
9856,3656.46
9857,3400.63
9858,3460.04
9859,3400.73
9860,3460.5
9861,3410.44
9862,3410.52
9863,3400.88
9864,3200.2
9865,2499.51
9866,2510.04
9867,3400.95
9868,3750.75
9869,4120.2
9870,4000.05
9871,3769.69
9872,3560.07
9873,3769.19
9874,3989.98
9875,4300.78
9876,4300.64
9877,4379.02
9878,4289.16
9879,4005.08
9880,3410.88
9881,3308.63
9882,3400.27
9883,3700.3
9884,4297.16
9885,4029.28
9886,3810.3
9887,3600.34
9888,3460.92
9889,3653.14
9890,3651.68
9891,3574.43
9892,3574.23
9893,3769.17
9894,3600.66
9895,3720.36
9896,3594.01
9897,3400.45
9898,3400.98
9899,3370.51
9900,3260.98
9901,3400.14
9902,3344.06
9903,3244.96
9904,3344.55
9905,3590.25
9906,3512.96
9907,3419.83
9908,3591.4
9909,3769.47
9910,4199.14
9911,4330.48
9912,4582.13
9913,4289.74
9914,4581.96
9915,4999.63
9916,4989.39
9917,4199.67
9918,3550.24
9919,3419.68
9920,3419.49
9921,3419.28
9922,3500.62
9923,3683.34
9924,3339.48
9925,2910.72
9926,3069.38
9927,1630.86
9928,1630.73
9929,2899.64
9930,2950.14
9931,3195.7
9932,3195.49
9933,3299.21
9934,3299.03
9935,3308.46
9936,3308.39
9937,3195.49
9938,3072.02
9939,2917.48
9940,2870.84
9941,1999.89
9942,1999.96
9943,2500.63
9944,2870.12
9945,3000.89
9946,3258.01
9947,3340.49
9948,3419.24
9949,3410.82
9950,3594.25
9951,3560.58
9952,3594.56
9953,3300.72
9954,3340.5
9955,3218.9
9956,3344.65
9957,3218.46
9958,3218.86
9959,3244.45
9960,3300.18
9961,2329.92
9962,3244.15
9963,3244.47
9964,3344.55
9965,3490.6
9966,3504.08
9967,4154.64
9968,3791.61
9969,3504.11
9970,3490
9971,3029.89
9972,3280.89
9973,3500.28
9974,3340.76
9975,3500.52
9976,3280.88
9977,3600.59
9978,3800.92
9979,4490.94
9980,4817.41
9981,4808.87
9982,4582.34
9983,3810.92
9984,3650.96
9985,5219.63
9986,5219.14
9987,5219.57
9988,4999.99
9989,4330.33
9990,4273.23
9991,3758.82
9992,3600.73
9993,3800.07
9994,3810.16
9995,3780.41
9996,3700.79
9997,3800.26
9998,3810.11
9999,3780.82
10000,3691.74
10001,3769.19
10002,3752.15
10003,3584.69
10004,3700.6
10005,3584.82
10006,4273.07
10007,4273.32
10008,4309.78
10009,4442.25
10010,4959.17
10011,4999.11
10012,4999.82
10013,4289.19
10014,4199.62
10015,3398.72
10016,3000.13
10017,3500.39
10018,3520.54
10019,2948.59
10020,2870.81
10021,2962.53
10022,2929.14
10023,2530.83
10024,2530.63
10025,2530.3
10026,2530.5
10027,2498.8
10028,2498.38
10029,2100.44
10030,2000
10031,1767.75
10032,1686.98
10033,1349.48
10034,1349.6
10035,1686.29
10036,1686.9
10037,1249.94
10038,1700.67
10039,1011.04
10040,1249.17
10041,1249.66
10042,1686.9
10043,1944.93
10044,1945.82
10045,2700.56
10046,2810.57
10047,3000.39
10048,3000.87
10049,3008.87
10050,3072.83
10051,3300.37
10052,3400.45
10053,3039.84
10054,3100.41
10055,3210.15
10056,3098.23
10057,3260.1
10058,3594.07
10059,3628.68
10060,3850.22
10061,3769.91
10062,3799.1
10063,3852.71
10064,3803.85
10065,3931.57
10066,3769.6
10067,4182.62
10068,4182.43
10069,3683.66
10070,3683.9
10071,4199.42
10072,3683.45
10073,3651.09
10074,3819.69
10075,3819.02
10076,4320.81
10077,4490.3
10078,4490.56
10079,4446.55
10080,4364.73
10081,5469.69
10082,4999.54
10083,4582.47
10084,4500.14
10085,4273.49
10086,4273.05
10087,3923
10088,4039.05
10089,4113
10090,4262
10091,4200.18
10092,4039.19
10093,3830.44
10094,3819.1
10095,3700.67
10096,3803.32
10097,3574.86
10098,3594.74
10099,3830.77
10100,4199.14
10101,4039.04
10102,4273.01
10103,4490.59
10104,4499.02
10105,4500.98
10106,5334.96
10107,5834.45
10108,5834.6
10109,5000.49
10110,4999.46
10111,4747.16
10112,4453.61
10113,3769.23
10114,3769.89
10115,3774.07
10116,3500.84
10117,3500.21
10118,3400.66
10119,3410.17
10120,3400.17
10121,3308.81
10122,3308.42
10123,3280.82
10124,3312.62
10125,3594.82
10126,3691.17
10127,3604.76
10128,3500.86
10129,3501.18
10130,3500.73
10131,3296.74
10132,3209.85
10133,2783.58
10134,2869.55
10135,2999.81
10136,3019.69
10137,3249.43
10138,3308.92
10139,3655.74
10140,3794.07
10141,3794.42
10142,3794.95
10143,4168.43
10144,4273.77
10145,3700.68
10146,4000.83
10147,4273.74
10148,4490.93
10149,4250.13
10150,4500.22
10151,4500.27
10152,4500.67
10153,4100.25
10154,4400.32
10155,4999.41
10156,5219.86
10157,5499.06
10158,6000.37
10159,5499.68
10160,5469.55
10161,5469.15
10162,5105.34
10163,6000.88
10164,6020.61
10165,7525.33
10166,8000.47
10167,7500.45
10168,5999.27
10169,5999.98
10170,7000.7
10171,9000.03
10172,10000
10173,10000
10174,10000
10175,10000
10176,10000
10177,10000
10178,10000
10179,10000
10180,10000
10181,10000
10182,10000
10183,7499.22
10184,6448.22
10185,5345.17
10186,5469.62
10187,4999.79
10188,4999.51
10189,4999.31
10190,4999.06
10191,4808.7
10192,4582.95
10193,4582.6
10194,4999.83
10195,4999.93
10196,5000.91
10197,5469.16
10198,6099.74
10199,6529.19
10200,8937.93
10201,8000.16
10202,10000
10203,10000
10204,10000
10205,8000.99
10206,6500.95
10207,4000.24
10208,3459.56
10209,2870.24
10210,2920.22
10211,3009.71
10212,3260.61
10213,3100.4
10214,3067.36
10215,2870.92
10216,2871
10217,2920.01
10218,2940.88
10219,2920.56
10220,2920.82
10221,2760.53
10222,2722.51
10223,2710.25
10224,2653
10225,2710.33
10226,2639.27
10227,2364.21
10228,2000.44
10229,1576.15
10230,1576.66
10231,1576.43
10232,1576.97
10233,2550.65
10234,2639.47
10235,3195.86
10236,3691.4
10237,3691.32
10238,3852.34
10239,4039.45
10240,4273.47
10241,4446.9
10242,4453.41
10243,4747.47
10244,5000.2
10245,4300.99
10246,4499.54
10247,4870.67
10248,4407.79
10249,3400.76
10250,4096.18
10251,4900.34
10252,5636.19
10253,8500.18
10254,9000.96
10255,9999.09
10256,6448.47
10257,5999.11
10258,5499.61
10259,10000
10260,9905.33
10261,10000
10262,10000
10263,10000
10264,10000
10265,10000
10266,10000
10267,10000
10268,10000
10269,10000
10270,10000
10271,10000
10272,10000
10273,10000
10274,10000
10275,10000
10276,10000
10277,10000
10278,10000
10279,5000
10280,5000
10281,10000
10282,7000.82
10283,5499.65
10284,5499.24
10285,5105.5
10286,5000.63
10287,5000.85
10288,5000.79
10289,4999.82
10290,5000.15
10291,5000.03
10292,5000.21
10293,5469.15
10294,6000.92
10295,7005.97
10296,7500.6
10297,9999.22
10298,10000
10299,10000
10300,7005.86
10301,3959.46
10302,3261.81
10303,3046.61
10304,2870.88
10305,3049.37
10306,3300.45
10307,3598.78
10308,3594.11
10309,3500.54
10310,3500.2
10311,3428
10312,3077.27
10313,2550.39
10314,2650.18
10315,2870.89
10316,2870.77
10317,2870.39
10318,2870.85
10319,3200.16
10320,3200.23
10321,3110.09
10322,3040.87
10323,3008.27
10324,2436.1
10325,1647.31
10326,1647.49
10327,1999.24
10328,2112.02
10329,2200.37
10330,3000.72
10331,3072.44
10332,3100.57
10333,3339.06
10334,3769.87
10335,3830.43
10336,4273.27
10337,4039.67
10338,4273.37
10339,5219.11
10340,5405.37
10341,4309.06
10342,4273.8
10343,4097.57
10344,4262.48
10345,3200.85
10346,3912.23
10347,4407.27
10348,5000.72
10349,5718.05
10350,8000.35
10351,5553.76
10352,5553.5
10353,4999.2
10354,4936.01
10355,4999.39
10356,4999.58
10357,6196.5
10358,8002.19
10359,6414.8
10360,5499.64
10361,10000
10362,10000
10363,10000
10364,10000
10365,10000
10366,10000
10367,10000
10368,10000
10369,10000
10370,10000
10371,10000
10372,10000
10373,10000
10374,10000
10375,10000
10376,10000
10377,10000
10378,6200.69
10379,5404
10380,5345.97
10381,4999.6
10382,4534
10383,4499.02
10384,4330.57
10385,4387.09
10386,4330.45
10387,4959.43
10388,4999.36
10389,5500.48
10390,6196.93
10391,7000.24
10392,7500.97
10393,5500.96
10394,10000
10395,10000
10396,9626.8
10397,5345.79
10398,4330.36
10399,4097.3
10400,4097.49
10401,4097.44
10402,4039.03
10403,3500.59
10404,3550.1
10405,3635.03
10406,3594.29
10407,3750.96
10408,3635.34
10409,3285.36
10410,3285.01
10411,3100.28
10412,2920.85
10413,3308.28
10414,3510.61
10415,3100.63
10416,2900.77
10417,2768.99
10418,2768.28
10419,2700.85
10420,2700.25
10421,1999.56
10422,1999.14
10423,1919.74
10424,1920.89
10425,2800.85
10426,3086.13
10427,3620.68
10428,4000.89
10429,4273
10430,4297.33
10431,4806
10432,4999.34
10433,4490.84
10434,4500.6
10435,4808.64
10436,4273.35
10437,4039.09
10438,4300.38
10439,4330.6
10440,4450.8
10441,3997.56
10442,4607.14
10443,5036.49
10444,10000
10445,10000
10446,10000
10447,10000
10448,10000
10449,10000
10450,10000
10451,10000
10452,10000
10453,7429.73
10454,10000
10455,10000
10456,7429.14
10457,10000
10458,10000
10459,10000
10460,10000
10461,10000
10462,10000
10463,10000
10464,10000
10465,10000
10466,10000
10467,10000
10468,10000
10469,9999.26
10470,5999.69
10471,5510.54
10472,5000.67
10473,4490.34
10474,4431.64
10475,4582.76
10476,4262.81
10477,4097.97
10478,4097.88
10479,4000.53
10480,3830.6
10481,4490.23
10482,4454.95
10483,4273.59
10484,4000.67
10485,4379.01
10486,4959.46
10487,5000.44
10488,5510.09
10489,5999.3
10490,9999.23
10491,9999.46
10492,6152.63
10493,4490.98
10494,3959.08
10495,2459.83
10496,1999.24
10497,2850.2
10498,2920.9
10499,2870.99
10500,2870.8
10501,3015.74
10502,3039.09
10503,3050.28
10504,3000.14
10505,2550.97
10506,2258.42
10507,1999.79
10508,2200.55
10509,1519.93
10510,1920.24
10511,1199.88
10512,1199.08
10513,1199.29
10514,1199.13
10515,1199.25
10516,1199.45
10517,1199.4
10518,1199.3
10519,1199.76
10520,1199.98
10521,1647.13
10522,1199.95
10523,1920.87
10524,1999.22
10525,1944.41
10526,2400.36
10527,3200.01
10528,3500.13
10529,3339.44
10530,3506.64
10531,3429.09
10532,3308.47
10533,2329.26
10534,2899.29
10535,2998.47
10536,2650.43
10537,1519.22
10538,2084.03
10539,4297.56
10540,4453.47
10541,4479.61
10542,4479.23
10543,3791.51
10544,3400.5
10545,4200.58
10546,3650.6
10547,5000.02
10548,5350.18
10549,7630.9
10550,10000
10551,10000
10552,10000
10553,10000
10554,10000
10555,10000
10556,10000
10557,10000
10558,10000
10559,10000
10560,10000
10561,10000
10562,10000
10563,10000
10564,10000
10565,10000
10566,10000
10567,5510.43
10568,5499.53
10569,4936.21
10570,4453.87
10571,4512.17
10572,4457.53
10573,4512.67
10574,4822.64
10575,4297.15
10576,4297.35
10577,4297.25
10578,4297.26
10579,3850.58
10580,3800.33
10581,3500.43
10582,4007.18
10583,4500.69
10584,5500.15
10585,5500.67
10586,6195.12
10587,5834.39
10588,5469.36
10589,3663.81
10590,3050.17
10591,2940.52
10592,2910.83
10593,2870.11
10594,2370.92
10595,1920.85
10596,1900.45
10597,2870.02
10598,1999.9
10599,2768.33
10600,2283
10601,1499.09
10602,1499.86
10603,1944.67
10604,1944.33
10605,1974.45
10606,1974.84
10607,1974.59
10608,1948.23
10609,1896.48
10610,1896.99
10611,1896.14
10612,1896.62
10613,1647.01
10614,1647.96
10615,1903.76
10616,1940.41
10617,2929.23
10618,3117.5
10619,3594.06
10620,3769.81
10621,3447.7
10622,3594.92
10623,3400.64
10624,3227.04
10625,3400.13
10626,3600.51
10627,3636.1
10628,3800.1
10629,3229.87
10630,3636.33
10631,3520.95
10632,3510.8
10633,2799.34
10634,3510.33
10635,4060.98
10636,4394.58
10637,4499.62
10638,4699.35
10639,4479.88
10640,4150.63
10641,4000.97
10642,3799.66
10643,4228.05
10644,4517.5
10645,5000.9
10646,5350.39
10647,5000.32
10648,4999.79
10649,5999.06
10650,10000
10651,10000
10652,10000
10653,10000
10654,10000
10655,10000
10656,10000
10657,10000
10658,10000
10659,10000
10660,10000
10661,8000.73
10662,5999.03
10663,5499.24
10664,5000.57
10665,4500.24
10666,5000.89
10667,5469.76
10668,5469.89
10669,4330.95
10670,4000.97
10671,4330.77
10672,4330.57
10673,4361.72
10674,4354.85
10675,4822.01
10676,4510.4
10677,4452.15
10678,4999.22
10679,4199.37
10680,3959.66
10681,4999.13
10682,5000.06
10683,4999.47
10684,4805.69
10685,4000.09
10686,3700.37
10687,3300.69
10688,3339.45
10689,3339.81
10690,3339.02
10691,2870.18
10692,2833.6
10693,1999.84
10694,1999.93
10695,2673.29
10696,2000.71
10697,1940.57
10698,1940.39
10699,1199.91
10700,1199.92
10701,1863.63
10702,1896.99
10703,1944.3
10704,1940.31
10705,1896.73
10706,1944.54
10707,1647.43
10708,1647.02
10709,989.62
10710,989.99
10711,1647.21
10712,1647.95
10713,1920.7
10714,1945.62
10715,2400.51
10716,2650.01
10717,3019.15
10718,3274.41
10719,2895.37
10720,3039.09
10721,3230.6
10722,3499.58
10723,3500.53
10724,3794.06
10725,3274.67
10726,3499.63
10727,3295.93
10728,3499.51
10729,2869.31
10730,3285.99
10731,4199.21
10732,4299.76
10733,4299.85
10734,4822.61
10735,4479.4
10736,4297.34
10737,3185.2
10738,3112.12
10739,3710.86
10740,4000.34
10741,4200.49
10742,4500.15
10743,4832.23
10744,4999.7
10745,5000.65
10746,10000
10747,10000
10748,10000
10749,10000
10750,10000
10751,10000
10752,10000
10753,10000
10754,10000
10755,10000
10756,10000
10757,5499.14
10758,5300.58
10759,3959.86
10760,3780.68
10761,4000.9
10762,4582.07
10763,4396.78
10764,4268.23
10765,4097.55
10766,4097.76
10767,3741.53
10768,3741.4
10769,3474.72
10770,3594.44
10771,3529.11
10772,3636.22
10773,3520.67
10774,3900.7
10775,4453.29
10776,4582.44
10777,4100.68
10778,4289.37
10779,4453.51
10780,3900.17
10781,3039.9
10782,3069.13
10783,2850.66
10784,1999.81
10785,2850.8
10786,2870.32
10787,2700.96
10788,2870.06
10789,2910.28
10790,2870.88
10791,2900
10792,2870.19
10793,1999.32
10794,2061.5
10795,2910.11
10796,2929.43
10797,3000.31
10798,2673.6
10799,2530.87
10800,1974.77
10801,2500.8
10802,2500.49
10803,2995.17
10804,2732
10805,1949.64
10806,1974.26
10807,2000.82
10808,2210.27
10809,2450.87
10810,2895.43
10811,3000.12
10812,3030.93
10813,3295.96
10814,3295.75
10815,3820.93
10816,3817.69
10817,4225.5
10818,4297.38
10819,4289.49
10820,4297.77
10821,3636.99
10822,3999.13
10823,3400.35
10824,3510.5
10825,2819.56
10826,3470.28
10827,3750.54
10828,4301
10829,4582.83
10830,5322.66
10831,4994.89
10832,4999.72
10833,4119.59
10834,4119.73
10835,4900.26
10836,5000.25
10837,5298.4
10838,5326.23
10839,5200.31
10840,5000.17
10841,5600.43
10842,6499.46
10843,10000
10844,10000
10845,10000
10846,10000
10847,10000
10848,10000
10849,10000
10850,10000
10851,10000
10852,10000
10853,9999.58
10854,6499.76
10855,5499.35
10856,4929.36
10857,3924.4
10858,3959.82
10859,3780.11
10860,3820.49
10861,3885.98
10862,4000.65
10863,3885.6
10864,3885.72
10865,3600.56
10866,3510.9
10867,4039.45
10868,4199.05
10869,4097.64
10870,4479.01
10871,4832.8
10872,4999.81
10873,5232.14
10874,5501.06
10875,4900.02
10876,4558.05
10877,3800.33
10878,3608.49
10879,3650.59
10880,3317.2
10881,3720.13
10882,3931.14
10883,3931.61
10884,3355.66
10885,3452.67
10886,3355.89
10887,3260.51
10888,3193.51
10889,2900.48
10890,2937.74
10891,3039.64
10892,3117.78
10893,3079.71
10894,3013.6
10895,2639.48
10896,2437.89
10897,2093.61
10898,2093.88
10899,1975.83
10900,1920.75
10901,1647.46
10902,1771.29
10903,1896.72
10904,1966.8
10905,2895.88
10906,3295.02
10907,3655.54
10908,3794.88
10909,3636.68
10910,3636.33
10911,3737.67
10912,3650.45
10913,3759.06
10914,4000.27
10915,3655.04
10916,3965.33
10917,3989.16
10918,4299.58
10919,4268.27
10920,4299.82
10921,3074.02
10922,3074.72
10923,3344.5
10924,4710.31
10925,4910.32
10926,5300.92
10927,4822.07
10928,4649.48
10929,4200.81
10930,4268.3
10931,4097.84
10932,4297.12
10933,4430.67
10934,4910.96
10935,4999.89
10936,4800.14
10937,5298.43
10938,5999.19
10939,8000.78
10940,10000
10941,6499
10942,5999.98
10943,4999.52
10944,4558.47
10945,5500.05
10946,5300.52
10947,4999.3
10948,4616.45
10949,4999.58
10950,4999.61
10951,4959.74
10952,4500.64
10953,4297.79
10954,4268.97
10955,4330.41
10956,4448.38
10957,4350.61
10958,4350.96
10959,4289.44
10960,4268.89
10961,3600.06
10962,3600
10963,3700.04
10964,3931.6
10965,4249.34
10966,4297.88
10967,4479.37
10968,4582.29
10969,4999.36
10970,5499.23
10971,4999.25
10972,4289.84
10973,4268.27
10974,3931.78
10975,3400.26
10976,2800.23
10977,3329.39
10978,3329.67
10979,3193.25
10980,3075.48
10981,3070.73
10982,3329.14
10983,3039.24
10984,2937.97
10985,2846.83
10986,2850.56
10987,2989.31
10988,2937.72
10989,2995.34
10990,2995.2
10991,2800.91
10992,2609.23
10993,2057.29
10994,2057.09
10995,1999.34
10996,1999.5
10997,1647.81
10998,1647.97
10999,1647.97
11000,1771.78
11001,2500.75
11002,3019.58
11003,3300.38
11004,3452.24
11005,3794.03
11006,4153.83
11007,4199.76
11008,4297.83
11009,3701.99
11010,3850.83
11011,4050.32
11012,4419.14
11013,4268.6
11014,4299.45
11015,4228.35
11016,4153.39
11017,3112.16
11018,3885.93
11019,4479.47
11020,4600.54
11021,4582.78
11022,5450.77
11023,5499.72
11024,5499.46
11025,5000.36
11026,4959.01
11027,4822.95
11028,4810
11029,7428
11030,10000
11031,10000
11032,10000
11033,10000
11034,10000
11035,10000
11036,10000
11037,10000
11038,10000
11039,10000
11040,10000
11041,10000
11042,10000
11043,10000
11044,10000
11045,6499.35
11046,5999.59
11047,6099.59
11048,5999.05
11049,5499.17
11050,5499.03
11051,5469.55
11052,5469.25
11053,4999.43
11054,4999.66
11055,4999.26
11056,4616.68
11057,4199.61
11058,4228.32
11059,4297.68
11060,4354.15
11061,4499.92
11062,4999.1
11063,5105.59
11064,5500.25
11065,5000.63
11066,6195.26
11067,5500.46
11068,4999.77
11069,4453.87
11070,3896.35
11071,3520.99
11072,3400.71
11073,3423.26
11074,3400.74
11075,3075.77
11076,3075.33
11077,3375.26
11078,3306.75
11079,3419.29
11080,3608.94
11081,3283.44
11082,3274.07
11083,3308.21
11084,3285.75
11085,3308.03
11086,3075.93
11087,3039.85
11088,3000.34
11089,2846.04
11090,2550.6
11091,2595.65
11092,2300.15
11093,1519.55
11094,1519.65
11095,2294
11096,2300.96
11097,2995.98
11098,3308.78
11099,3308.63
11100,3539.17
11101,3770.42
11102,3817.3
11103,3539.39
11104,3817.51
11105,4195.76
11106,4354.63
11107,4999.22
11108,4999.89
11109,4730.76
11110,4999.46
11111,4959.66
11112,4999.71
11113,3989.66
11114,4492.42
11115,4268.98
11116,5000.48
11117,7468.73
11118,8000.76
11119,10000
11120,10000
11121,9606.57
11122,8000.82
11123,8479
11124,6499.44
11125,10000
11126,10000
11127,10000
11128,10000
11129,10000
11130,10000
11131,10000
11132,10000
11133,10000
11134,10000
11135,10000
11136,10000
11137,10000
11138,10000
11139,10000
11140,10000
11141,10000
11142,10000
11143,10000
11144,10000
11145,7999.15
11146,5858.04
11147,5500.76
11148,6195.5
11149,7500.42
11150,8000.13
11151,7000.17
11152,5999.74
11153,9999.15
11154,7999.96
11155,10000
11156,9999.19
11157,5668.29
11158,5668.38
11159,8945.58
11160,10000
11161,10000
11162,10000
11163,10000
11164,9999.98
11165,5206
11166,4505.97
11167,4450.19
11168,3969.14
11169,4453.05
11170,4268.47
11171,3754.99
11172,3675.66
11173,3708.91
11174,3969.07
11175,3675.94
11176,3625.47
11177,2995.39
11178,3075.34
11179,3375.17
11180,3375.36
11181,3510.81
11182,3594.2
11183,3452.17
11184,3308.72
11185,3300.45
11186,3249.7
11187,3500.13
11188,3426.44
11189,2650.5
11190,2500.92
11191,2500.94
11192,2600.62
11193,2940.69
11194,3308.91
11195,3794.11
11196,3850.54
11197,3989.31
11198,4153.17
11199,3989.47
11200,4200.9
11201,3219.67
11202,3636
11203,4153.19
11204,4297.57
11205,4499.29
11206,5232.78
11207,4750.31
11208,4479.57
11209,2899.58
11210,4453.62
11211,4999.84
11212,8549.97
11213,10000
11214,10000
11215,10000
11216,10000
11217,10000
11218,10000
11219,10000
11220,10000
11221,10000
11222,10000
11223,7999
11224,7429.16
11225,5999.88
11226,6030.62
11227,10000
11228,10000
11229,10000
11230,10000
11231,10000
11232,10000
11233,10000
11234,10000
11235,10000
11236,10000
11237,10000
11238,10000
11239,9999.67
11240,7429.8
11241,9999.77
11242,9643
11243,10000
11244,9790
11245,6499.5
11246,6000.65
11247,6000.78
11248,6000.46
11249,5999.66
11250,5550.51
11251,6998.83
11252,6499.5
11253,5550.17
11254,6000.32
11255,6499.39
11256,6499.85
11257,5326.58
11258,6000.25
11259,5200.22
11260,4999.15
11261,4310.54
11262,4039.94
11263,3400.97
11264,3009.81
11265,3308.11
11266,3300.97
11267,3320.2
11268,3240.03
11269,4153.01
11270,4245.12
11271,3817.56
11272,3650.45
11273,3464.9
11274,3464.95
11275,3499.15
11276,3474.86
11277,3305.78
11278,3285.66
11279,3274.12
11280,3101.67
11281,3308.32
11282,3308.65
11283,3303.82
11284,3274.08
11285,2995.34
11286,2989.14
11287,3285.26
11288,3314.8
11289,3847.52
11290,3931.93
11291,3989.55
11292,4245.22
11293,4297.23
11294,4299.15
11295,4505.05
11296,4832.62
11297,4832.42
11298,5105.44
11299,5000.15
11300,5469.07
11301,5232.35
11302,5499.1
11303,5729.87
11304,6594.4
11305,4700.89
11306,6100.9
11307,7102.67
11308,10000
11309,10000
11310,10000
11311,10000
11312,10000
11313,10000
11314,10000
11315,10000
11316,10000
11317,10000
11318,10000
11319,10000
11320,10000
11321,10000
11322,10000
11323,10000
11324,10000
11325,10000
11326,10000
11327,10000
11328,10000
11329,10000
11330,10000
11331,10000
11332,10000
11333,10000
11334,10000
11335,10000
11336,10000
11337,10000
11338,10000
11339,10000
11340,10000
11341,10000
11342,10000
11343,10000
11344,10000
11345,10000
11346,10000
11347,10000
11348,10000
11349,10000
11350,10000
11351,10000
11352,10000
11353,7348
11354,10000
11355,6030.18
11356,6000.16
11357,4805.3
11358,4453.2
11359,3800.2
11360,3400.97
11361,3752.9
11362,3300.01
11363,3608.39
11364,3675.42
11365,3701.07
11366,3675.34
11367,3569.52
11368,3099.1
11369,2999.04
11370,3274.94
11371,3075.21
11372,3075.84
11373,2989.44
11374,2890.76
11375,2630.28
11376,2609.68
11377,2000.87
11378,2500.34
11379,1999.99
11380,1999.76
11381,1840.03
11382,1820.04
11383,1840.86
11384,1948.01
11385,2200.03
11386,2650.58
11387,2989.65
11388,3274.24
11389,3452.79
11390,3274.39
11391,2995.44
11392,3008.54
11393,3329.32
11394,3329.96
11395,3636.28
11396,3594.93
11397,3284.08
11398,3285.84
11399,4268.22
11400,4035
11401,2499.37
11402,3510.93
11403,3931.85
11404,4650.75
11405,5469.33
11406,5999.24
11407,5900.48
11408,5600.44
11409,5200.35
11410,5200.83
11411,5200.93
11412,5499.68
11413,6500.24
11414,10000
11415,10000
11416,10000
11417,10000
11418,10000
11419,10000
11420,10000
11421,10000
11422,10000
11423,10000
11424,10000
11425,10000
11426,10000
11427,10000
11428,10000
11429,10000
11430,10000
11431,10000
11432,10000
11433,10000
11434,10000
11435,10000
11436,10000
11437,3885.82
11438,3885.06
11439,5012.1
11440,5000.94
11441,4989.55
11442,5100
11443,5000.41
11444,6000.98
11445,4999.49
11446,6100.28
11447,6199.73
11448,6500.93
11449,6099.4
11450,6499.42
11451,5600.32
11452,5600.14
11453,3931.13
11454,3520.35
11455,3500.41
11456,2870.73
11457,3539.95
11458,3714.02
11459,3605.21
11460,3276
11461,3500.14
11462,3600.25
11463,3329.19
11464,3069.96
11465,2800.31
11466,2910.46
11467,2870.77
11468,2910.86
11469,3075.42
11470,3420.9
11471,3474.46
11472,3474.82
11473,3329.81
11474,3474.91
11475,3794.3
11476,3308.24
11477,2415.55
11478,2650.5
11479,2989.99
11480,3008.68
11481,2800.92
11482,3452.04
11483,3600.76
11484,4002.04
11485,4245.12
11486,4297.72
11487,4299.26
11488,4330
11489,4297.95
11490,4582.6
11491,5510.39
11492,6000.92
11493,4560.66
11494,5000.16
11495,5500
11496,5999.82
11497,3999.99
11498,4943.03
11499,7329.87
11500,10000
11501,10000
11502,10000
11503,10000
11504,10000
11505,10000
11506,10000
11507,10000
11508,10000
11509,10000
11510,10000
11511,10000
11512,10000
11513,10000
11514,10000
11515,10000
11516,10000
11517,10000
11518,10000
11519,10000
11520,10000
11521,10000
11522,10000
11523,10000
11524,10000
11525,10000
11526,10000
11527,10000
11528,10000
11529,10000
11530,10000
11531,5999.6
11532,5999.24
11533,5499.32
11534,5499.21
11535,5499.87
11536,5583
11537,5000.08
11538,4999.76
11539,5000.1
11540,5010.89
11541,5010.18
11542,8579.6
11543,6335.57
11544,8579.51
11545,6000.78
11546,9000.28
11547,8579.8
11548,6000.89
11549,5232.15
11550,4540.21
11551,4199.04
11552,4000.06
11553,3769.34
11554,3831
11555,3769.27
11556,3599.93
11557,3599.12
11558,3654.76
11559,4245.85
11560,4201.21
11561,3636.32
11562,3636.62
11563,3530.89
11564,3594.83
11565,3794.61
11566,3594.53
11567,3549.41
11568,3549.53
11569,3445.79
11570,3308.84
11571,3452.75
11572,3308.03
11573,2989.11
11574,3274.31
11575,3000.24
11576,2950.11
11577,3008.44
11578,3637.87
11579,3820.18
11580,4001.2
11581,4199.68
11582,4354.75
11583,5000.01
11584,5232.01
11585,4822.73
11586,4936.94
11587,5499.12
11588,6030.04
11589,4999.18
11590,5500.79
11591,7364
11592,9000.38
11593,4822.99
11594,5499.45
11595,5999.91
11596,10000
11597,10000
11598,10000
11599,10000
11600,10000
11601,10000
11602,10000
11603,10000
11604,10000
11605,10000
11606,10000
11607,10000
11608,10000
11609,10000
11610,10000
11611,10000
11612,10000
11613,10000
11614,10000
11615,10000
11616,10000
11617,10000
11618,10000
11619,10000
11620,10000
11621,6999.35
11622,5999.89
11623,5499.98
11624,5499.03
11625,4999.36
11626,4999.52
11627,4460.03
11628,4425.1
11629,3998.33
11630,3885.48
11631,3780.19
11632,3850.8
11633,4479.14
11634,4500.02
11635,4299.46
11636,4394.05
11637,4268.75
11638,4479.74
11639,4500.02
11640,4479.01
11641,4453.61
11642,4582.32
11643,4500.66
11644,4394.47
11645,2735.43
11646,2699.98
11647,2870.88
11648,2500.37
11649,2099.79
11650,2695.09
11651,1999.69
11652,1999.62
11653,2230.51
11654,2995.76
11655,2783.99
11656,2695.98
11657,1942.95
11658,1909.75
11659,2600.16
11660,2595.81
11661,1499.48
11662,1840.87
11663,1895.49
11664,1895.13
11665,1863.47
11666,1844.16
11667,1479.8
11668,1479.54
11669,849.34
11670,849.32
11671,989
11672,1199.01
11673,989.53
11674,989.77
11675,1896.6
11676,1896.85
11677,2100.16
11678,2100.95
11679,3100.82
11680,3260.54
11681,3340.68
11682,3308.8
11683,3440.3
11684,3435.87
11685,2869.9
11686,3050.65
11687,3049.32
11688,2870.98
11689,2255.86
11690,2827.19
11691,3540
11692,3523.43
11693,4400.92
11694,4699.68
11695,4450.7
11696,3849.81
11697,4246.41
11698,3999.83
11699,4000.94
11700,4500.97
11701,4500.04
11702,4799.56
11703,4773.5
11704,4600.59
11705,4582.15
11706,5000.66
11707,4999.47
11708,5232.99
11709,5000.45
11710,4822.08
11711,4799.85
11712,4799.01
11713,5234
11714,5232.85
11715,4700.13
11716,4228.19
11717,4297.39
11718,4297.23
11719,4479.72
11720,4297.22
11721,4297.41
11722,4268.32
11723,4035.2
11724,3780.63
11725,3600.1
11726,3452.55
11727,3600.24
11728,3500.99
11729,3700.35
11730,3817.49
11731,3840.98
11732,3765.62
11733,3800.67
11734,3931.67
11735,4268.47
11736,4479.84
11737,4989.69
11738,4999.82
11739,4582.98
11740,4382.9
11741,4000.62
11742,3700.28
11743,3050.14
11744,2870.9
11745,2989.77
11746,2870.44
11747,2920.09
11748,2459.43
11749,2910.43
11750,2930.66
11751,3039.62
11752,3039.63
11753,2850.61
11754,2899.5
11755,3100.62
11756,3100.34
11757,3769.18
11758,3769.43
11759,3769.8
11760,3499.75
11761,3350.73
11762,3300.1
11763,2899.27
11764,2437.79
11765,1970.55
11766,1970.65
11767,2600.2
11768,3274.29
11769,3452.39
11770,3769.21
11771,3600.26
11772,3510.14
11773,4268.74
11774,4419.55
11775,4479.48
11776,4832.07
11777,5469.03
11778,5999.59
11779,6195.01
11780,8000.01
11781,5499.84
11782,5999.95
11783,5330.9
11784,5499.03
11785,3500.87
11786,4199.89
11787,5499.78
11788,9300.39
11789,9999.88
11790,10000
11791,10000
11792,10000
11793,10000
11794,10000
11795,10000
11796,10000
11797,10000
11798,10000
11799,10000
11800,10000
11801,10000
11802,10000
11803,10000
11804,10000
11805,10000
11806,10000
11807,10000
11808,10000
11809,10000
11810,10000
11811,10000
11812,10000
11813,10000
11814,10000
11815,10000
11816,10000
11817,9999.32
11818,9999.12
11819,4999.26
11820,4440.84
11821,4000.14
11822,3999.57
11823,3780.88
11824,3801
11825,4039.96
11826,4300.09
11827,4479.66
11828,4499.59
11829,4582.82
11830,5232.5
11831,6530.6
11832,8000.19
11833,8000.91
11834,10000
11835,6499.94
11836,5668.69
11837,4505.73
11838,4299.39
11839,4000.57
11840,3520.45
11841,3817.54
11842,3906.9
11843,3613.55
11844,3522.15
11845,3466.95
11846,3600.88
11847,3274.89
11848,3300.83
11849,3187.6
11850,3187.03
11851,3769.36
11852,3742.63
11853,3769.35
11854,3769.1
11855,3794.49
11856,3794.48
11857,3662.05
11858,3563.93
11859,3452.79
11860,3444
11861,2879.47
11862,2900.03
11863,3375.98
11864,3540.2
11865,3794.29
11866,4153.51
11867,4268.54
11868,4453.54
11869,4499.85
11870,4805.87
11871,5232.65
11872,5999.3
11873,4999.24
11874,5469.37
11875,4760.72
11876,4999.91
11877,5050.51
11878,5999.68
11879,8000.45
11880,8000.08
11881,3999.74
11882,4228.54
11883,5469.59
11884,5469.53
11885,6100.5
11886,10000
11887,9498.31
11888,9499.48
11889,7499.86
11890,8999.13
11891,8499.76
11892,10000
11893,10000
11894,10000
11895,10000
11896,10000
11897,10000
11898,10000
11899,10000
11900,10000
11901,10000
11902,10000
11903,10000
11904,10000
11905,10000
11906,10000
11907,10000
11908,10000
11909,10000
11910,10000
11911,9999.8
11912,6808
11913,5499.95
11914,5000.6
11915,4499.89
11916,4499.58
11917,5000.64
11918,5000.03
11919,5834.04
11920,5499.02
11921,5232.59
11922,5499.1
11923,4822.75
11924,5000.07
11925,5834.02
11926,5999.12
11927,5999.18
11928,5999.62
11929,6499.17
11930,6499.65
11931,5999.55
11932,5668.95
11933,4453.42
11934,3654.72
11935,3530.9
11936,3249.97
11937,3125.69
11938,3125.74
11939,3125.78
11940,3425.25
11941,3650.76
11942,3625.36
11943,3425.84
11944,3480.24
11945,3274.21
11946,3325.3
11947,3497
11948,3500.31
11949,3497.12
11950,3560.86
11951,3800.32
11952,3794.51
11953,3794.06
11954,3794.77
11955,3794.78
11956,3769.29
11957,3125.97
11958,3000.78
11959,3400.43
11960,3594.39
11961,4082.41
11962,4297.88
11963,4499.24
11964,4582.22
11965,5232.24
11966,5499.53
11967,5769.24
11968,5665.39
11969,4330.69
11970,4499.92
11971,5510.59
11972,6551.72
11973,4330.78
11974,4500.37
11975,5834.1
11976,5834.07
11977,3599.6
11978,4310.18
11979,5834.46
11980,5999.47
11981,10000
11982,10000
11983,10000
11984,10000
11985,10000
11986,10000
11987,10000
11988,10000
11989,10000
11990,10000
11991,10000
11992,10000
11993,10000
11994,10000
11995,10000
11996,10000
11997,10000
11998,10000
11999,10000
12000,10000
12001,10000
12002,10000
12003,10000
12004,10000
12005,10000
12006,10000
12007,10000
12008,10000
12009,10000
12010,10000
12011,10000
12012,10000
12013,10000
12014,7000.73
12015,6500
12016,6499.25
12017,5999.5
12018,5999.69
12019,6500.51
12020,6499.55
12021,5499.52
12022,5999.87
12023,7000.57
12024,6499.99
12025,5999.84
12026,5999.11
12027,4607.96
12028,4310.61
12029,3510.36
12030,3500.67
12031,3989.49
12032,3561.49
12033,3668.6
12034,3684.21
12035,2930.05
12036,2800.25
12037,3249.34
12038,3050.92
12039,3000.09
12040,2930.06
12041,3249.98
12042,3100.67
12043,2899.84
12044,3000.21
12045,3000.78
12046,3025.79
12047,3069.41
12048,3000.04
12049,3069.23
12050,3019.05
12051,3069.19
12052,3069.45
12053,2670.54
12054,2764.96
12055,2829.07
12056,2899.44
12057,3250.06
12058,3350.22
12059,3450.44
12060,3500.76
12061,3794.04
12062,3789.1
12063,3283.3
12064,3548.54
12065,3631.59
12066,3631.26
12067,3631.44
12068,3410.94
12069,2968.5
12070,3029.37
12071,2783.38
12072,2119.61
12073,2119.25
12074,2783.96
12075,2019.6
12076,2019.79
12077,4000.66
12078,4479.11
12079,4419.18
12080,4120.73
12081,3705.87
12082,3701.58
12083,3750.97
12084,4453.67
12085,4822.35
12086,5000.56
12087,5050.25
12088,4760.81
12089,8499.56
12090,10000
12091,10000
12092,10000
12093,10000
12094,10000
12095,10000
12096,10000
12097,10000
12098,10000
12099,10000
12100,10000
12101,5012.62
12102,4519.36
12103,4361.23
12104,4100.63
12105,4039.22
12106,3868.61
12107,3840.23
12108,3840.16
12109,2870.4
12110,2900.7
12111,2940.62
12112,2700.2
12113,3400.17
12114,3800.63
12115,3500.9
12116,3769.11
12117,3769.26
12118,4440.88
12119,3500.1
12120,3500.81
12121,4582.22
12122,4600.93
12123,4998.83
12124,4582.19
12125,4361.62
12126,3050.33
12127,2519.09
12128,1739.66
12129,1739.43
12130,1739.57
12131,2504.13
12132,2500.2
12133,2930.11
12134,2899.45
12135,3050.72
12136,3200.14
12137,2870.44
12138,2870.76
12139,3500.54
12140,3400.76
12141,3500.11
12142,3592.19
12143,3700.9
12144,3769.13
12145,3769.29
12146,3769.71
12147,3600.23
12148,3440.66
12149,2729.43
12150,3244.04
12151,3400.67
12152,3041.5
12153,3500.32
12154,3769.21
12155,4000.63
12156,4000.91
12157,4453.78
12158,4499.99
12159,5499.53
12160,5834.64
12161,6195.53
12162,6195.44
12163,6195.94
12164,7869.74
12165,4710.7
12166,4499.89
12167,4750.06
12168,4750.24
12169,999.77
12170,1999.62
12171,4048.87
12172,4750.91
12173,5000.08
12174,5450.11
12175,5682.49
12176,7500.26
12177,4960.75
12178,4750.45
12179,3779.01
12180,4485.91
12181,5000.05
12182,5450.59
12183,5510.62
12184,5000.75
12185,5300.2
12186,8000.5
12187,10000
12188,10000
12189,10000
12190,10000
12191,10000
12192,10000
12193,10000
12194,10000
12195,10000
12196,5499.42
12197,3600.78
12198,3510.37
12199,3344.96
12200,3000.54
12201,3236.04
12202,3783.41
12203,3497.38
12204,3497.95
12205,3741.15
12206,3710.7
12207,3629.34
12208,2940.13
12209,2710.3
12210,3000.16
12211,3400.45
12212,3520.01
12213,3400.05
12214,3520.15
12215,3700.1
12216,3989.39
12217,4412.2
12218,4465.87
12219,4465.14
12220,4289.09
12221,3337.5
12222,2870.65
12223,1739.21
12224,1739.24
12225,2870.52
12226,2870.4
12227,2930.58
12228,2870.78
12229,2937.12
12230,3000.45
12231,3068.83
12232,3007.38
12233,2809.47
12234,2809.44
12235,2673.99
12236,2700.83
12237,2989.95
12238,2989.67
12239,3100.24
12240,3100.44
12241,3019.57
12242,2870.92
12243,2829.36
12244,2820.02
12245,2434.3
12246,2434.64
12247,2434.47
12248,2434.89
12249,3188.05
12250,3200.28
12251,3389.06
12252,3400.13
12253,3562.44
12254,3741.25
12255,3600.15
12256,3783.27
12257,3520.2
12258,3840.46
12259,3971.6
12260,3942.72
12261,3942.06
12262,3942.97
12263,3700.24
12264,3700.54
12265,989.66
12266,1739.47
12267,1999.88
12268,3200.23
12269,1999.41
12270,2000
12271,1999.3
12272,1999.8
12273,3200.02
12274,3500.16
12275,3200.8
12276,3400.18
12277,2870.38
12278,2956.36
12279,3520.65
12280,3942.15
12281,3693.86
12282,3906
12283,3943.73
12284,3942.29
12285,3840.52
12286,3942.17
12287,3840.97
12288,3606.04
12289,4048.99
12290,4048.99
12291,3783.46
12292,3599.82
12293,3125.43
12294,2800.66
12295,1999.85
12296,2550.16
12297,1999.74
12298,1999.54
12299,2940.69
12300,2870.95
12301,3400.07
12302,3008.96
12303,3000.41
12304,2870.57
12305,3379.22
12306,3599.14
12307,3741.48
12308,3783.54
12309,3072.62
12310,3400.94
12311,3300.27
12312,3000
12313,3012.69
12314,3249.5
12315,3400.82
12316,3012.48
12317,2930.25
12318,1999.52
12319,1999.37
12320,1739.83
12321,2300.62
12322,2300.69
12323,2585.03
12324,2800.87
12325,2800.39
12326,2800.87
12327,2846.56
12328,2800.29
12329,2550.83
12330,2609.14
12331,1739.91
12332,1883.33
12333,2550.16
12334,2802.81
12335,2870.97
12336,2940.91
12337,2846.98
12338,2870.72
12339,3000.37
12340,2870.83
12341,2650.72
12342,2846.29
12343,3000.94
12344,3188.35
12345,3125.71
12346,3200.17
12347,3200.63
12348,3263.58
12349,3520.78
12350,3599.89
12351,3943.32
12352,3942.53
12353,4048.14
12354,4048.28
12355,3800.14
12356,4048.84
12357,4297.48
12358,4297.15
12359,4207.46
12360,4207.3
12361,2000.54
12362,2783.35
12363,3400.56
12364,3660.67
12365,4500.18
12366,4712.79
12367,4530.06
12368,4048.2
12369,4530.8
12370,4620.87
12371,4710.19
12372,4750.76
12373,5100.06
12374,5650.54
12375,5119.58
12376,5065.24
12377,5576.72
12378,8000.72
12379,10000
12380,10000
12381,10000
12382,10000
12383,10000
12384,10000
12385,6380.87
12386,6380.08
12387,4499.22
12388,4119.88
12389,4090.18
12390,3765.22
12391,3185.78
12392,3500.01
12393,4207.88
12394,4207.9
12395,3840.02
12396,3783.48
12397,3567.58
12398,3599.58
12399,3519.52
12400,3300.59
12401,3202.73
12402,3207.16
12403,3340.16
12404,3189.19
12405,3344.29
12406,4048.64
12407,3703.45
12408,3612.07
12409,3931.92
12410,3855
12411,3800.82
12412,3519.52
12413,3125.21
12414,2809.6
12415,1999.99
12416,1999.5
12417,1919.93
12418,2725.74
12419,2930.69
12420,2870.31
12421,2887.81
12422,3000.11
12423,2103.8
12424,1993
12425,2740.13
12426,2740.91
12427,3249.5
12428,3111.98
12429,3000.94
12430,3100.96
12431,3340.95
12432,3360.83
12433,3019.37
12434,3100.46
12435,3100.4
12436,3100.84
12437,2000.91
12438,2000.95
12439,2500.97
12440,2940.6
12441,3125.62
12442,3380.25
12443,3519.56
12444,3599.91
12445,3340.41
12446,3340.09
12447,3340.18
12448,3300.7
12449,3252.04
12450,3300.7
12451,3340.92
12452,3340.84
12453,3150.1
12454,3524.25
12455,2000.99
12456,2000.52
12457,1499.18
12458,1499.66
12459,2064.5
12460,3285.88
12461,3300.61
12462,3510.02
12463,4035.62
12464,3783.78
12465,4386
12466,4412.03
12467,4465.06
12468,4465.32
12469,4412.79
12470,4600.32
12471,3791.23
12472,3791.44
12473,4544.91
12474,5250.2
12475,5000.19
12476,5332.13
12477,6477.05
12478,5000.45
12479,3594.03
12480,3340.23
12481,3368
12482,2974.5
12483,3600.51
12484,3741.15
12485,3783.97
12486,3783.53
12487,3840.32
12488,3600.79
12489,3783.12
12490,3783.37
12491,3783.74
12492,3729.7
12493,3401.01
12494,3252.99
12495,3285.2
12496,3252.75
12497,3340.98
12498,3594.69
12499,3600.5
12500,3410.37
12501,3783.86
12502,4207.49
12503,4048.63
12504,3783.94
12505,3942.15
12506,4000.1
12507,4048.79
12508,3898.9
12509,3520.39
12510,3420.01
12511,2500.92
12512,1999.62
12513,2989.8
12514,3059.78
12515,3125.13
12516,3059.73
12517,3340
12518,3125.21
12519,3050.07
12520,2929.14
12521,3340.26
12522,3455.26
12523,3520.19
12524,3520.1
12525,3125.29
12526,3125.8
12527,3300.89
12528,3200.55
12529,3480.79
12530,3450.85
12531,3280.22
12532,3250.54
12533,2585.12
12534,2869.31
12535,3325.83
12536,3400.43
12537,3599.59
12538,3639.6
12539,3783.79
12540,3942.31
12541,3594.13
12542,3520.5
12543,3942.19
12544,4249.18
12545,3900.34
12546,4035.07
12547,3599.87
12548,3631.63
12549,2945.12
12550,3466.35
12551,2066.66
12552,2650.3
12553,1595.37
12554,1999.75
12555,1999.32
12556,1999.9
12557,4012.03
12558,4297.11
12559,4029.55
12560,3898.84
12561,3050.37
12562,2783.78
12563,3500.09
12564,3817.74
12565,4249.66
12566,4048.92
12567,4000.1
12568,4297.55
12569,3600.7
12570,4012.14
12571,4297.98
12572,5100.03
12573,4048.75
12574,4048.91
12575,1999.2
12576,1999.1
12577,999.83
12578,999.79
12579,1814.85
12580,2010.01
12581,2970.94
12582,2829.94
12583,3567.88
12584,3599.51
12585,3840.99
12586,3783.34
12587,3500.71
12588,3200.53
12589,2829.85
12590,2829.51
12591,2829.47
12592,2829.73
12593,3400.14
12594,3474.66
12595,3500.49
12596,3400.4
12597,3100.37
12598,3594.75
12599,4199.36
12600,4153.29
12601,3473.25
12602,3473.54
12603,3008.7
12604,3008.98
12605,1999.66
12606,1834.45
12607,1499.24
12608,1229.33
12609,729.85
12610,729.57
12611,989.53
12612,999.1
12613,1400
12614,1199.99
12615,1450.56
12616,1450.86
12617,1199.09
12618,1500.36
12619,1499.3
12620,1499.08
12621,1700.82
12622,1700.28
12623,1499.69
12624,1501.98
12625,2000.57
12626,2019.74
12627,2740.06
12628,2636.26
12629,1932.61
12630,1972.87
12631,2829.26
12632,2829.34
12633,3056.83
12634,3425.41
12635,3567.38
12636,3329.55
12637,3741.02
12638,3943.77
12639,3942.17
12640,3783.85
12641,3817.9
12642,3783.69
12643,3840.18
12644,3840.06
12645,3300.81
12646,3340.14
12647,2900.57
12648,2900.89
12649,3004.4
12650,3000.66
12651,3340.77
12652,3594.45
12653,4465.31
12654,4750.46
12655,4712.6
12656,4600.94
12657,4289.9
12658,4022.45
12659,3999.47
12660,4100.1
12661,4850.97
12662,5000.83
12663,5190.93
12664,5065.73
12665,5469.91
12666,6937.22
12667,7000.85
12668,7000.81
12669,9999.19
12670,9833.93
12671,5999.1
12672,4999.03
12673,5499.39
12674,5266.45
12675,5499.41
12676,5065.24
12677,4362.8
12678,4233.12
12679,4048.92
12680,4035.83
12681,4989.96
12682,4289.2
12683,3800.54
12684,3700.56
12685,3710.3
12686,3631.65
12687,3666
12688,3769.83
12689,3741.65
12690,3783.21
12691,3780.32
12692,3769.42
12693,3729.28
12694,3783.8
12695,4153.23
12696,4117
12697,3636.22
12698,3599.4
12699,3380
12700,3019.92
12701,2920.32
12702,2725.44
12703,2109.17
12704,2109.78
12705,2700.98
12706,2585.27
12707,1735.5
12708,1735.02
12709,1593.11
12710,1668
12711,1399.6
12712,1299.35
12713,1593.51
12714,1781.73
12715,1947.5
12716,1986.23
12717,1974.93
12718,1947.31
12719,1599.8
12720,1599.7
12721,1399.96
12722,1399.86
12723,1781.05
12724,1816.84
12725,1699.3
12726,1814.94
12727,2609.2
12728,2700.18
12729,2725.28
12730,2989.55
12731,3025.53
12732,3069.8
12733,2900.94
12734,2999.71
12735,2740.86
12736,2740.7
12737,2989.25
12738,3200.03
12739,3252.92
12740,3230.88
12741,2403.85
12742,2249.79
12743,2049.73
12744,1999.89
12745,1899.98
12746,2893.84
12747,3425.83
12748,3817.42
12749,4297.12
12750,4297.88
12751,4297.45
12752,4450.84
12753,4457.23
12754,4412.82
12755,4440.13
12756,4500.87
12757,4500.19
12758,4600.9
12759,4500.38
12760,4499.37
12761,4720.62
12762,5499.53
12763,5065.39
12764,4901.3
12765,4500.54
12766,4500.03
12767,4958.53
12768,4500.23
12769,5061.81
12770,4530.41
12771,5000.45
12772,4530.02
12773,4297.39
12774,4233.91
12775,3999.47
12776,3800.74
12777,3631.79
12778,3840.25
12779,3800.92
12780,3711.65
12781,3500.96
12782,3295.24
12783,3000.15
12784,2849.93
12785,3220.05
12786,3220.36
12787,3285.64
12788,3285.61
12789,3006.97
12790,3594.6
12791,4297.86
12792,4100.37
12793,4153.41
12794,3931.54
12795,3838.51
12796,3340.99
12797,3463.5
12798,3050.17
12799,2870.15
12800,2800.01
12801,2920.23
12802,2800.46
12803,2312.17
12804,2018.98
12805,2060.85
12806,1783.91
12807,1739.23
12808,1739.38
12809,2710.1
12810,2740.05
12811,2930.35
12812,2800.7
12813,2740.21
12814,2800.49
12815,3100.45
12816,3125.13
12817,3025.49
12818,3025.32
12819,3025.89
12820,3100.76
12821,2748.38
12822,2740.94
12823,3200.8
12824,3425.66
12825,3340.42
12826,3425.81
12827,3491.37
12828,3594.5
12829,3943.94
12830,4000.96
12831,4710.52
12832,4710.39
12833,4412.14
12834,4249.31
12835,3943.35
12836,3594.33
12837,3499.33
12838,3594.51
12839,3340.4
12840,3329.83
12841,1739.55
12842,1999.93
12843,3520.19
12844,4207.05
12845,4048.18
12846,4395.86
12847,3999.72
12848,3866.24
12849,4412.42
12850,4430.09
12851,4905.37
12852,5065.23
12853,4999.3
12854,5000.86
12855,5999.49
12856,5999.45
12857,8852.92
12858,10000
12859,10000
12860,10000
12861,10000
12862,10000
12863,9999.92
12864,9998.44
12865,6999.28
12866,6965.38
12867,6499.57
12868,5668.26
12869,4999.6
12870,4450.38
12871,4444.79
12872,4356.67
12873,4156.07
12874,4048.63
12875,4249.52
12876,4104.11
12877,3960
12878,3854
12879,3817.02
12880,3780.88
12881,4048.52
12882,4207.95
12883,4712.51
12884,4297.42
12885,4199.93
12886,4091.9
12887,4091.38
12888,3817.15
12889,3400.6
12890,3400.62
12891,3931.82
12892,3989.17
12893,3023.19
12894,2763.89
12895,2965.16
12896,2519.16
12897,3069.99
12898,3182.23
12899,3019.28
12900,2989.4
12901,3450.97
12902,3320.18
12903,2850.3
12904,2609.47
12905,2969.07
12906,3109.75
12907,3079.62
12908,2989.62
12909,3019.76
12910,3207.12
12911,3548.57
12912,3520.58
12913,3520.17
12914,3548.87
12915,3520.79
12916,3539.85
12917,3050.4
12918,3125.44
12919,3639.53
12920,3943.15
12921,4113.83
12922,4336.69
12923,4499.53
12924,5061.07
12925,5201.05
12926,5500.44
12927,5576.31
12928,5935.39
12929,5576.93
12930,6730.08
12931,7000.47
12932,6999.16
12933,5000.09
12934,5061.43
12935,4430.22
12936,4430.38
12937,3610.1
12938,3885.53
12939,4358.36
12940,5250.8
12941,4530.03
12942,5000.96
12943,5576.62
12944,5999.05
12945,5499.15
12946,5450.88
12947,5000.29
12948,5201.75
12949,5999.39
12950,6340.98
12951,10000
12952,10000
12953,10000
12954,10000
12955,10000
12956,10000
12957,10000
12958,10000
12959,10000
12960,10000
12961,10000
12962,10000
12963,10000
12964,10000
12965,10000
12966,10000
12967,5999.4
12968,5659.91
12969,4447.46
12970,4249.51
12971,4551.26
12972,4989.22
12973,4499.06
12974,4530.32
12975,4530.4
12976,4412.88
12977,4256.3
12978,4256.22
12979,4989.76
12980,4999.74
12981,3539.57
12982,3400.89
12983,5061.24
12984,5065.84
12985,5065.4
12986,5201.18
12987,5000.45
12988,3539.87
12989,3301
12990,3125.88
12991,3500.13
12992,3125.08
12993,3425.42
12994,3425.99
12995,3520.28
12996,3340.54
12997,3400.37
12998,3325.44
12999,3325.25
13000,3201.44
13001,3430.18
13002,3432.58
13003,3200.95
13004,3136.95
13005,3425.46
13006,3548.44
13007,3539.11
13008,3331.75
13009,3125.8
13010,3125.29
13011,3125.6
13012,3125.53
13013,3000.56
13014,3006.66
13015,3325.85
13016,3436.1
13017,3639.36
13018,3943.35
13019,4153.61
13020,4297.62
13021,4499.07
13022,4530.88
13023,5500.31
13024,5500.54
13025,5500.71
13026,5500.44
13027,5500.89
13028,5500.48
13029,5013.95
13030,5065.15
13031,5369.23
13032,5013.72
13033,4400.04
13034,4530.87
13035,6000.11
13036,7540.08
13037,6000.21
13038,6340.12
13039,10000
13040,10000
13041,10000
13042,10000
13043,10000
13044,10000
13045,10000
13046,10000
13047,10000
13048,10000
13049,10000
13050,10000
13051,10000
13052,10000
13053,10000
13054,10000
13055,10000
13056,10000
13057,10000
13058,10000
13059,10000
13060,10000
13061,10000
13062,10000
13063,5999.83
13064,5999.05
13065,5576.37
13066,5413.3
13067,5275.08
13068,5312.81
13069,5000.8
13070,5061.35
13071,4958.47
13072,4905.3
13073,4119.5
13074,4544.97
13075,4544.63
13076,4769.26
13077,4297.08
13078,4905.54
13079,4958.69
13080,5000.73
13081,4905.74
13082,5000.78
13083,4199.65
13084,3834.84
13085,3060.64
13086,3069.65
13087,2740.68
13088,2740.8
13089,3340.24
13090,3340.17
13091,2109.51
13092,2109.29
13093,3520.39
13094,3520.73
13095,3340.66
13096,3280.54
13097,3425.06
13098,3264.4
13099,2989.6
13100,2930.57
13101,3265.99
13102,3539.9
13103,3639.96
13104,3639.96
13105,3943.84
13106,4000.22
13107,4297.99
13108,4297.88
13109,4048.13
13110,3943.9
13111,4048.7
13112,4336
13113,4498.77
13114,5065.54
13115,5365.75
13116,5500.36
13117,5500.55
13118,5600.52
13119,5759.42
13120,6890.06
13121,5935.83
13122,6657.33
13123,8042.55
13124,8067.27
13125,5500.22
13126,5650.85
13127,5500.01
13128,4750.97
13129,3520.8
13130,4412.28
13131,5065.46
13132,8097
13133,7999.72
13134,10000
13135,10000
13136,10000
13137,10000
13138,10000
13139,10000
13140,10000
13141,10000
13142,10000
13143,10000
13144,10000
13145,10000
13146,10000
13147,10000
13148,10000
13149,10000
13150,10000
13151,10000
13152,10000
13153,10000
13154,10000
13155,10000
13156,10000
13157,5668.69
13158,5668.15
13159,4337.63
13160,4337.57
13161,5000.3
13162,5000.59
13163,4450.79
13164,3989.16
13165,4000.96
13166,4112.32
13167,3840.77
13168,3700.51
13169,3840.97
13170,3989.76
13171,4370.52
13172,4412.49
13173,4199.47
13174,4325
13175,3989.15
13176,3520.18
13177,3425.75
13178,3425.56
13179,4110.97
13180,4336.08
13181,4336.78
13182,3931.63
13183,4048.12
13184,3069.04
13185,3000.26
13186,2999.4
13187,3520.07
13188,3360.77
13189,3511.91
13190,3137.19
13191,3931.49
13192,3771.37
13193,3741.8
13194,3943.03
13195,4199.09
13196,4153.34
13197,3943.63
13198,3943.85
13199,3942.87
13200,3942.2
13201,3639.24
13202,3639.33
13203,3834.18
13204,3639.99
13205,3550.75
13206,3639.08
13207,3999.97
13208,4336.13
13209,4336.53
13210,4440.87
13211,4805.5
13212,5413.52
13213,5576.68
13214,5600.62
13215,7375.53
13216,8000.69
13217,5999.3
13218,10000
13219,5600.77
13220,5600.86
13221,4337.7
13222,4499.39
13223,4499.3
13224,4249.79
13225,3410.73
13226,4465.8
13227,5240.83
13228,5576.8
13229,9969.7
13230,10000
13231,10000
13232,10000
13233,10000
13234,10000
13235,10000
13236,10000
13237,10000
13238,10000
13239,10000
13240,10000
13241,10000
13242,10000
13243,10000
13244,10000
13245,10000
13246,10000
13247,10000
13248,10000
13249,10000
13250,10000
13251,10000
13252,10000
13253,10000
13254,10000
13255,10000
13256,10000
13257,5799.56
13258,5499.43
13259,4901.22
13260,4599.21
13261,4439.18
13262,4269.04
13263,4765.38
13264,4233.26
13265,3700.27
13266,3817.68
13267,3840.8
13268,3520.68
13269,3834.86
13270,4499.6
13271,5000.14
13272,4769.75
13273,4440.82
13274,4450.54
13275,3600.93
13276,3419.79
13277,2995.84
13278,2993.33
13279,2996.65
13280,2996.12
13281,3010.11
13282,3010.54
13283,3009.92
13284,3010.41
13285,2997.3
13286,2969.46
13287,3125.44
13288,3010.92
13289,3010.16
13290,2998
13291,3125.42
13292,3125.86
13293,3425.64
13294,3568.14
13295,3010.02
13296,2919.13
13297,3125.9
13298,3125.36
13299,3125.37
13300,3110.16
13301,3125.52
13302,3425.09
13303,3639.42
13304,3817.25
13305,3942.81
13306,4199.85
13307,4048.98
13308,4412.04
13309,4465.57
13310,4905.63
13311,5065.66
13312,5499.82
13313,5500.34
13314,5500.56
13315,4369.29
13316,4217.16
13317,3996.23
13318,3995.38
13319,3602.01
13320,3530.38
13321,3340.87
13322,4048.23
13323,4500.16
13324,5250.64
13325,5499.03
13326,7000.42
13327,10000
13328,10000
13329,10000
13330,10000
13331,10000
13332,10000
13333,10000
13334,10000
13335,10000
13336,10000
13337,10000
13338,10000
13339,10000
13340,10000
13341,10000
13342,10000
13343,10000
13344,10000
13345,10000
13346,10000
13347,10000
13348,10000
13349,4901.72
13350,4100.68
13351,4901.81
13352,4905.75
13353,4756.57
13354,4444.11
13355,5201.54
13356,4905.02
13357,4769.49
13358,4412.36
13359,3340.63
13360,3340.45
13361,3999.7
13362,4297.27
13363,3994.95
13364,3990.63
13365,3340.06
13366,3455.64
13367,4465.23
13368,4462.17
13369,4412.36
13370,4400.99
13371,3594.44
13372,3420.23
13373,2912.99
13374,2800.31
13375,2000.61
13376,2230.55
13377,1999.02
13378,1585.47
13379,1999.04
13380,2230.06
13381,2230.31
13382,2230.24
13383,999.89
13384,999.53
13385,1932.39
13386,2000.46
13387,1500.71
13388,1593.27
13389,1814.76
13390,2000.81
13391,2180.6
13392,2099.41
13393,2230.42
13394,2260.82
13395,2325.65
13396,2400.49
13397,2325.71
13398,2500.05
13399,2911.92
13400,3000.28
13401,3548.18
13402,3639.44
13403,3640.05
13404,3943.4
13405,3639.74
13406,3984
13407,3817.74
13408,3942.19
13409,3000.86
13410,3455.7
13411,3720.05
13412,3300.4
13413,2550.55
13414,2663.79
13415,1988.66
13416,1990.35
13417,1199.64
13418,2000.2
13419,3520.26
13420,4336.29
13421,4400.92
13422,4950.83
13423,4700.39
13424,4222.29
13425,3999.99
13426,4048.66
13427,4119.05
13428,4119.69
13429,4119.86
13430,4499.16
13431,5000.26
13432,5000.65
13433,4989.53
13434,5999.16
13435,10000
13436,10000
13437,10000
13438,10000
13439,10000
13440,10000
13441,9999.46
13442,9999.1
13443,4901.35
13444,3999.96
13445,4153.3
13446,3830.66
13447,3817.96
13448,3100.57
13449,3300.72
13450,3300.08
13451,2940.98
13452,2919.17
13453,3340.31
13454,3340.2
13455,3300.78
13456,3300.81
13457,3300.8
13458,3300.82
13459,3300.75
13460,3300.62
13461,3340.86
13462,3340.76
13463,3340.66
13464,3300.76
13465,3600.29
13466,3520.68
13467,3300.66
13468,3050.15
13469,2800.95
13470,2740.48
13471,2673.25
13472,1999.76
13473,2000.42
13474,1999.99
13475,2003.33
13476,2000.79
13477,2250.95
13478,2250.51
13479,3000.05
13480,2920.69
13481,2900.39
13482,2830.95
13483,2749.88
13484,2800.62
13485,2830.1
13486,3107.93
13487,2790.21
13488,2816
13489,2830.38
13490,2911.07
13491,2919.63
13492,2911.54
13493,1999.3
13494,1999.51
13495,2230.71
13496,2710.33
13497,3300.77
13498,3599.23
13499,3252.11
13500,3594.68
13501,3539.66
13502,3599.47
13503,3010.34
13504,3252.07
13505,3599.9
13506,3800.1
13507,3065.5
13508,2700.42
13509,2430.92
13510,2230.83
13511,2740.94
13512,2740.93
13513,3420.59
13514,4233.43
13515,4336.99
13516,4850.95
13517,4740.94
13518,4960.93
13519,5413.12
13520,5999.31
13521,5318.6
13522,5499.16
13523,5000.88
13524,5599.22
13525,10000
13526,10000
13527,10000
13528,10000
13529,10000
13530,10000
13531,10000
13532,10000
13533,10000
13534,10000
13535,10000
13536,10000
13537,9636.44
13538,7499.66
13539,5414.59
13540,5205.93
13541,5000.95
13542,4999.58
13543,4999.48
13544,4885.45
13545,4444.25
13546,4412.61
13547,4444.35
13548,4336.43
13549,4336.37
13550,4000.98
13551,3352.65
13552,3352.45
13553,3340.91
13554,3830.68
13555,3700.18
13556,4000.8
13557,4989.4
13558,4769.92
13559,3168.23
13560,2940.25
13561,3539.44
13562,3539.53
13563,3340.63
13564,3168.59
13565,2930.67
13566,3050.66
13567,2740.78
13568,2600.36
13569,2112.54
13570,2500.47
13571,2850.57
13572,3010.43
13573,2830.77
13574,3107.11
13575,3519.89
13576,3203.56
13577,1399.05
13578,1399.87
13579,1735.14
13580,2085.62
13581,2230.16
13582,2500.66
13583,2500.12
13584,2596.4
13585,2749.16
13586,2749.18
13587,2836.55
13588,2830.55
13589,2251.24
13590,2295.46
13591,2891.4
13592,3000.26
13593,3360.4
13594,3594.63
13595,3830.88
13596,3989.82
13597,4289.05
13598,4412.23
13599,4289.03
13600,4336.82
13601,4336.05
13602,4249.76
13603,4289.72
13604,3830.95
13605,4465.22
13606,4412.59
13607,4199.04
13608,3799.44
13609,3500.22
13610,3942.45
13611,5200.15
13612,7020.64
13613,10000
13614,10000
13615,10000
13616,10000
13617,10000
13618,10000
13619,10000
13620,10000
13621,10000
13622,10000
13623,10000
13624,10000
13625,10000
13626,10000
13627,10000
13628,10000
13629,10000
13630,10000
13631,10000
13632,10000
13633,10000
13634,10000
13635,10000
13636,10000
13637,10000
13638,10000
13639,10000
13640,10000
13641,5999.93
13642,5999.74
13643,6000.14
13644,5935.43
13645,5499.06
13646,4989.05
13647,4265.73
13648,3999.22
13649,4714.75
13650,5000.47
13651,5065.07
13652,5000.55
13653,5576.42
13654,5413.17
13655,4465.07
13656,4007.2
13657,3600.11
13658,3840.69
13659,4054.14
13660,4000.03
13661,3480.71
13662,3280.4
13663,3251.22
13664,3251.55
13665,2939.53
13666,2939.46
13667,2830.94
13668,2920.09
13669,2012.82
13670,2000.8
13671,2512.54
13672,2588.25
13673,2830.47
13674,3010.29
13675,2830.98
13676,2950.2
13677,3130.73
13678,3500.01
13679,3548.07
13680,3639.07
13681,3539.34
13682,3594.87
13683,3594.16
13684,3539.25
13685,2749.64
13686,2940.02
13687,3619.62
13688,3943.88
13689,4000.18
13690,4199.34
13691,4094.11
13692,4153.72
13693,3997.07
13694,4042.54
13695,3942.41
13696,4000.2
13697,3510.37
13698,4019.79
13699,3906.06
13700,3969.15
13701,3783.36
13702,3600.28
13703,3783.28
13704,3340.77
13705,2799.54
13706,3520.18
13707,4530.76
13708,5576.53
13709,5576.55
13710,10000
13711,10000
13712,10000
13713,10000
13714,10000
13715,10000
13716,10000
13717,10000
13718,10000
13719,10000
13720,10000
13721,10000
13722,10000
13723,10000
13724,10000
13725,10000
13726,10000
13727,10000
13728,10000
13729,10000
13730,10000
13731,10000
13732,10000
13733,10000
13734,9999.72
13735,5999.82
13736,5499.36
13737,4338.15
13738,4000.31
13739,3629.91
13740,3512.12
13741,3500.45
13742,3500.59
13743,3539.48
13744,3539.81
13745,4249.08
13746,4412.09
13747,3830.78
13748,3701.33
13749,3504.55
13750,3500.3
13751,3200.85
13752,2920.26
13753,3252.13
13754,3340.38
13755,3500.15
13756,3420.49
13757,3340.26
13758,3050.24
13759,3420.97
13760,3340.38
13761,2930.18
13762,2750.44
13763,2749.6
13764,2800.83
13765,3300.28
13766,3004.54
13767,3107.43
13768,3050.72
13769,2790.67
13770,2870.72
13771,2710.95
13772,2900.53
13773,2790.2
13774,2749.21
13775,2790.41
13776,2830.08
13777,2940.17
13778,2940.32
13779,2900.74
13780,2800.86
13781,2500.99
13782,2749.09
13783,3000.41
13784,3267.69
13785,3942.38
13786,3968
13787,4000.45
13788,4153.47
13789,4412.48
13790,4465.76
13791,4500.83
13792,5000.18
13793,5000.73
13794,5000.65
13795,4500.66
13796,4500.27
13797,4499.98
13798,4500.42
13799,4199.83
13800,3999.58
13801,3520.04
13802,4500.9
13803,5413.06
13804,8000.11
13805,10000
13806,10000
13807,10000
13808,10000
13809,10000
13810,10000
13811,10000
13812,10000
13813,10000
13814,10000
13815,10000
13816,10000
13817,10000
13818,10000
13819,10000
13820,10000
13821,10000
13822,10000
13823,10000
13824,10000
13825,10000
13826,10000
13827,10000
13828,10000
13829,10000
13830,10000
13831,10000
13832,10000
13833,10000
13834,10000
13835,5576.1
13836,5576.35
13837,5999.54
13838,5959.71
13839,5576.29
13840,5413.67
13841,5576.42
13842,5576.13
13843,5576.08
13844,5499.62
13845,5959.58
13846,5999.79
13847,5999.22
13848,5413.88
13849,4330.32
13850,4289.16
13851,3520.21
13852,3846.68
13853,4010.43
13854,4010.32
13855,3510.73
13856,3499.45
13857,3499.17
13858,3360.37
13859,3200.08
13860,3289.34
13861,3581.11
13862,3539.5
13863,3162.38
13864,2999.8
13865,3100.47
13866,3250.86
13867,3594.56
13868,3942.52
13869,4010.35
13870,4029.47
13871,4050.35
13872,4199.5
13873,4010.5
13874,4048.79
13875,4029.01
13876,4029.38
13877,4389.12
13878,5499.59
13879,4430.52
13880,4765.98
13881,5500.23
13882,5576.29
13883,5999.2
13884,5999.76
13885,6000.97
13886,7520.68
13887,6000.88
13888,6001
13889,10000
13890,10000
13891,10000
13892,10000
13893,5999.93
13894,5999.98
13895,5999.06
13896,5050.79
13897,4500.13
13898,5010.95
13899,8435.29
13900,10000
13901,10000
13902,10000
13903,10000
13904,10000
13905,10000
13906,10000
13907,10000
13908,10000
13909,10000
13910,10000
13911,10000
13912,10000
13913,10000
13914,10000
13915,10000
13916,10000
13917,10000
13918,10000
13919,10000
13920,10000
13921,10000
13922,10000
13923,10000
13924,9998.95
13925,10000
13926,8499.17
13927,8472
13928,6499.35
13929,5576.28
13930,5499.8
13931,5576.84
13932,5576.5
13933,4769.08
13934,4160.52
13935,4009.57
13936,3830.15
13937,4009.34
13938,4009.73
13939,3700.03
13940,3629.61
13941,3510.21
13942,3200.65
13943,2999.26
13944,2870.25
13945,3500.44
13946,3931.62
13947,3407.15
13948,2920.9
13949,1912.94
13950,1799.9
13951,1499.7
13952,1481.12
13953,2749.04
13954,1896
13955,999.94
13956,999.83
13957,554.37
13958,699.92
13959,2230.65
13960,2230.17
13961,2400.63
13962,2749.81
13963,2410.79
13964,2260.87
13965,1760.94
13966,2201.85
13967,2430.59
13968,2600.66
13969,2250.41
13970,2602.41
13971,2800.37
13972,2800.63
13973,2200.97
13974,2830.31
13975,3034
13976,3400.1
13977,3594.7
13978,3700.43
13979,3942.81
13980,4099.02
13981,4412.19
13982,4465.03
13983,4412.76
13984,4119.88
13985,3050.41
13986,2790.55
13987,4119.02
13988,4048.49
13989,3690.15
13990,3480.65
13991,2600.16
13992,2550.5
13993,1760.88
13994,1999.08
13995,3850.07
13996,4960.01
13997,4958.12
13998,5999
13999,6700.32
14000,9083.47
14001,6999.37
14002,9999.44
14003,9999.78
14004,10000
14005,10000
14006,10000
14007,10000
14008,10000
14009,10000
14010,10000
14011,10000
14012,10000
14013,10000
14014,10000
14015,10000
14016,10000
14017,10000
14018,10000
14019,10000
14020,10000
14021,4599.95
14022,4284.96
14023,5576.51
14024,5576.52
14025,4499.09
14026,4440.67
14027,4358.66
14028,4361.24
14029,4465.64
14030,4412.57
14031,4048.07
14032,4048.73
14033,4358.14
14034,4412.82
14035,4200.75
14036,3835.97
14037,4007.56
14038,4048.39
14039,3969.9
14040,3835.03
14041,3050.42
14042,2999.63
14043,2800.57
14044,2558.5
14045,1912.86
14046,2021.96
14047,1393.18
14048,1325.11
14049,1899.44
14050,1899.88
14051,2230.02
14052,2230.16
14053,2485.23
14054,2500.26
14055,1947.15
14056,1932.67
14057,881.97
14058,959.32
14059,861.57
14060,899.17
14061,999.46
14062,1000.16
14063,1000.1
14064,1000.3
14065,900.32
14066,900.55
14067,700.75
14068,700.75
14069,700.62
14070,700.69
14071,1593.64
14072,1913.16
14073,1947.32
14074,2749.32
14075,2800.36
14076,2830.54
14077,3010.08
14078,3010.29
14079,3203.94
14080,3130.42
14081,2900.05
14082,2900.8
14083,2500.26
14084,2781.51
14085,2230.96
14086,2230.68
14087,2000.77
14088,2230.09
14089,799.87
14090,799.85
14091,2740.41
14092,2911.89
14093,3261.06
14094,3741.39
14095,3219.21
14096,3060
14097,3654.89
14098,3654.04
14099,4294.59
14100,4294.67
14101,4680.27
14102,4999.72
14103,4649.51
14104,4700.39
14105,5576.04
14106,7499.09
14107,5576.67
14108,5576.48
14109,5000.57
14110,5000.87
14111,5576.4
14112,5499.64
14113,3700.64
14114,3340.18
14115,3340.91
14116,3340.23
14117,3300.72
14118,3340.35
14119,3510.37
14120,3329.72
14121,3300.24
14122,3300.17
14123,3043.25
14124,2999.85
14125,2911.48
14126,2740.52
14127,2710.59
14128,2350.24
14129,2740.23
14130,2999.82
14131,2740.17
14132,2710.28
14133,999.91
14134,1999.1
14135,2350.77
14136,2250.91
14137,2500.09
14138,2230.26
14139,2500.06
14140,2230.74
14141,2021.01
14142,1757.62
14143,1627.52
14144,999.76
14145,999.98
14146,999.69
14147,600.53
14148,599.61
14149,1757.72
14150,1834.13
14151,1932.57
14152,1781.21
14153,1947.94
14154,2100.7
14155,2021.13
14156,2230.63
14157,2360.41
14158,2500.79
14159,2710.46
14160,2749.3
14161,2499.11
14162,2499.37
14163,2410.08
14164,2399.79
14165,2299.07
14166,2299.23
14167,1799.39
14168,1999.75
14169,2999.72
14170,3223.11
14171,3610.36
14172,3594.66
14173,2230.92
14174,2000.26
14175,2999.91
14176,3384
14177,3500.11
14178,3500.81
14179,3610.23
14180,3650.24
14181,3500.99
14182,3649.67
14183,3010.57
14184,2830.2
14185,2989.74
14186,3340.67
14187,3800.34
14188,3800.9
14189,4444.88
14190,4710.29
14191,4740.89
14192,4999.67
14193,4999.13
14194,4999.15
14195,4999.05
14196,5012.77
14197,5999.07
14198,5999.11
14199,9999.68
14200,10000
14201,10000
14202,10000
14203,10000
14204,10000
14205,10000
14206,10000
14207,10000
14208,10000
14209,5576.98
14210,5065.46
14211,5527.61
14212,4769.38
14213,3550.58
14214,3550.97
14215,4233.58
14216,3952.74
14217,3650.72
14218,3741.37
14219,3340.77
14220,3340.68
14221,3340.75
14222,3300.52
14223,3203.64
14224,3000.11
14225,2981
14226,3050.48
14227,2998.59
14228,2998.76
14229,2999.36
14230,3000.21
14231,3300.62
14232,3000.11
14233,3500.97
14234,3520.7
14235,4297.76
14236,3943.44
14237,2995.39
14238,2830.29
14239,1664.59
14240,1499.81
14241,1499.52
14242,1499.92
14243,1227.58
14244,1293.03
14245,1662.19
14246,1729.06
14247,1589.86
14248,1589.59
14249,1499.11
14250,1585.99
14251,1585.45
14252,1585.15
14253,1700.34
14254,1913.82
14255,2700.92
14256,2790.48
14257,2558
14258,2830.91
14259,2911.49
14260,2911.87
14261,2911.79
14262,3071
14263,3255.18
14264,3274.24
14265,3443.49
14266,3329.74
14267,3480.73
14268,3627.17
14269,4019.41
14270,4048.39
14271,4370.6
14272,4297.88
14273,4989.26
14274,4999.29
14275,4462.37
14276,4440.28
14277,4128
14278,4169.44
14279,4031.82
14280,3969.46
14281,2999.72
14282,4031.8
14283,3980.83
14284,4814
14285,4750.72
14286,5999.29
14287,5499.17
14288,5499.04
14289,5250.95
14290,6330.56
14291,10000
14292,10000
14293,10000
14294,10000
14295,10000
14296,10000
14297,10000
14298,10000
14299,10000
14300,10000
14301,10000
14302,10000
14303,10000
14304,10000
14305,10000
14306,10000
14307,10000
14308,5576.75
14309,3780.77
14310,3830.24
14311,4450.79
14312,4336.92
14313,4412.29
14314,4440
14315,4220.5
14316,3780.17
14317,3983
14318,3969.81
14319,3700.44
14320,3340.88
14321,3594.04
14322,3340.28
14323,3602.27
14324,3340.75
14325,3340.33
14326,3602.13
14327,4412.24
14328,3969.46
14329,3420.33
14330,3420.45
14331,3633.03
14332,3783.05
14333,2920.59
14334,2230.65
14335,1757.3
14336,1499.89
14337,1757.22
14338,1757.1
14339,1974.3
14340,2009.35
14341,2625.62
14342,2749.41
14343,1947.21
14344,1757.81
14345,1679.49
14346,1679.13
14347,2790.56
14348,2790.21
14349,3275.79
14350,3548.05
14351,3420.5
14352,3289.21
14353,3205.09
14354,3202.22
14355,3000.79
14356,3006.85
14357,3107.84
14358,3254.47
14359,3940.01
14360,4048.31
14361,4104.49
14362,4440.94
14363,4612.95
14364,5065.3
14365,5365.08
14366,5500.4
14367,5600.38
14368,5600.57
14369,5600.38
14370,5600.46
14371,5665.1
14372,5600.82
14373,5576.43
14374,5600.1
14375,4500.45
14376,4119.45
14377,4010.59
14378,4989.42
14379,4750.27
14380,5190.98
14381,5100.72
14382,5300.06
14383,5999.24
14384,6005.86
14385,9116.3
14386,10000
14387,10000
14388,10000
14389,10000
14390,10000
14391,10000
14392,10000
14393,10000
14394,10000
14395,10000
14396,10000
14397,10000
14398,10000
14399,10000
14400,10000
14401,10000
14402,10000
14403,10000
14404,8000.9
14405,5000.65
14406,4500.47
14407,3800.24
14408,3750.96
14409,5999.41
14410,5999.51
14411,7452.34
14412,5999.3
14413,5576.32
14414,4999.99
14415,4999.98
14416,4999.44
14417,5576.88
14418,6099.2
14419,5576.3
14420,4999.99
14421,5965.24
14422,5999.07
14423,5999.55
14424,5965.73
14425,5999.16
14426,5999.14
14427,4765.8
14428,4263.52
14429,3510.54
14430,2830.08
14431,3010.45
14432,3261.42
14433,3010.31
14434,3000.49
14435,2999
14436,3263.43
14437,3639.04
14438,3639.57
14439,3150
14440,2989.08
14441,4048.58
14442,4297.37
14443,4153.95
14444,4272.95
14445,4297.4
14446,4412.8
14447,4407.47
14448,4297.61
14449,4249.64
14450,4249.66
14451,4412.18
14452,4465.57
14453,4412.89
14454,4788.91
14455,4989.7
14456,5499.12
14457,5999.12
14458,5999.65
14459,5999.68
14460,6545.67
14461,5999.9
14462,7230.92
14463,5999.92
14464,6865.9
14465,6000.64
14466,6399.47
14467,6149.87
14468,6493
14469,5999.58
14470,5999.62
14471,5385.49
14472,4865.87
14473,3340.91
14474,4740.48
14475,4999.95
14476,5655.73
14477,5499.54
14478,10000
14479,10000
14480,10000
14481,10000
14482,10000
14483,10000
14484,10000
14485,10000
14486,10000
14487,10000
14488,10000
14489,10000
14490,10000
14491,10000
14492,10000
14493,10000
14494,10000
14495,10000
14496,10000
14497,6828.95
14498,6828.64
14499,4050.57
14500,4000.56
14501,3830.39
14502,3783.73
14503,3942.43
14504,3830.3
14505,3783.87
14506,3780.98
14507,3783.41
14508,3741.94
14509,3830.99
14510,3830.38
14511,3741.58
14512,3340.67
14513,3893.18
14514,4240.6
14515,4233.85
14516,4249.19
14517,5201.63
14518,5499.03
14519,4297.77
14520,3800.45
14521,4000.96
14522,3600.51
14523,4499.91
14524,3520.36
14525,2989.09
14526,2830.01
14527,999.83
14528,999.61
14529,3010.31
14530,2830.24
14531,3107.79
14532,3548.14
14533,3639.84
14534,3639.7
14535,3206.25
14536,3013.45
14537,2989.23
14538,2920.66
14539,2920.43
14540,2999.21
14541,3260.68
14542,3639
14543,3430.47
14544,3460.95
14545,3700.36
14546,3430.09
14547,3999.54
14548,3943.72
14549,3010.83
14550,3780.85
14551,3943.87
14552,4012.45
14553,4012.29
14554,4249.69
14555,4723.73
14556,5499.97
14557,5935.39
14558,5999.1
14559,5576.74
14560,5499.72
14561,5999.42
14562,5999.45
14563,6000.42
14564,6000.45
14565,5326.51
14566,4901.45
14567,4740.75
14568,4500.89
14569,3550.19
14570,4048.02
14571,4740.71
14572,5326.62
14573,5499.1
14574,10000
14575,10000
14576,10000
14577,10000
14578,10000
14579,10000
14580,10000
14581,10000
14582,10000
14583,10000
14584,10000
14585,10000
14586,10000
14587,10000
14588,10000
14589,10000
14590,10000
14591,10000
14592,10000
14593,10000
14594,10000
14595,10000
14596,10000
14597,10000
14598,10000
14599,10000
14600,10000
14601,5303.33
14602,5005.74
14603,5000.72
14604,5000.5
14605,5500.07
14606,5500.11
14607,5499.54
14608,5242.17
14609,5505.56
14610,5576.57
14611,5505.58
14612,5505.45
14613,5999.65
14614,6029.55
14615,5999.81
14616,5999.26
14617,5500.72
14618,5508.22
14619,4999.83
14620,4175.76
14621,3275.83
14622,3575.7
14623,2958.26
14624,2954.1
14625,2790.52
14626,2790.75
14627,1757.83
14628,1757.3
14629,2975.14
14630,2975.46
14631,3107.44
14632,3500.02
14633,3094.56
14634,3362.03
14635,2920.01
14636,2766.8
14637,2911.26
14638,3499.06
14639,3639.09
14640,3639.65
14641,3639.06
14642,3639.66
14643,3942.97
14644,3817.13
14645,3289.1
14646,3289.25
14647,3998.16
14648,4199.42
14649,4556.08
14650,5075.33
14651,5576.1
14652,6000.1
14653,5625.5
14654,6000.16
14655,6000.62
14656,6000.88
14657,4999.41
14658,4999.22
14659,4119.04
14660,3900.65
14661,3500.93
14662,3800.12
14663,4465.36
14664,4740.13
14665,989.58
14666,2000.36
14667,3410.32
14668,3351.66
14669,3700.99
14670,4460.45
14671,4460.38
14672,4500.44
14673,4119.52
14674,4119.14
14675,3999.66
14676,3999.64
14677,4300.12
14678,4750.69
14679,4515.23
14680,4700.17
14681,5576.09
14682,8635.1
14683,10000
14684,10000
14685,10000
14686,10000
14687,5385.02
14688,5000.91
14689,5300.29
14690,5000.62
14691,5000.39
14692,4450.05
14693,4300.9
14694,4233.73
14695,5300.33
14696,5250.29
14697,4200.4
14698,4300.11
14699,5000.79
14700,5000.93
14701,4905.27
14702,4901.68
14703,4544.64
14704,4233.87
14705,4544.3
14706,5000.03
14707,5250.46
14708,5000.7
14709,5061.31
14710,5201.72
14711,5201.88
14712,4899.04
14713,4412.98
14714,4462.05
14715,4530.37
14716,4440.16
14717,3650.77
14718,2975.98
14719,2870.84
14720,2230.51
14721,2019.89
14722,2019.97
14723,2230.28
14724,2230.83
14725,2039.73
14726,2325.46
14727,2625.14
14728,2675.71
14729,2625.2
14730,2641.57
14731,2675.27
14732,2710.4
14733,2625.25
14734,2675.61
14735,2790.24
14736,2790.22
14737,2830.8
14738,2919.44
14739,3280.67
14740,3510.04
14741,3085.73
14742,3289.44
14743,3817.87
14744,4012.39
14745,3783.72
14746,3800.46
14747,4336.45
14748,4465.26
14749,4811.75
14750,5000.7
14751,5500.53
14752,5500.42
14753,4999.39
14754,4999.43
14755,4200.09
14756,3840.84
14757,4330.91
14758,3783.89
14759,2740.96
14760,2781.93
14761,999.23
14762,2749.46
14763,3340.56
14764,3360.36
14765,4000.8
14766,4405.1
14767,4499.83
14768,4999.43
14769,4765.95
14770,4770.16
14771,5000.16
14772,5100.25
14773,5690
14774,9693.08
14775,10000
14776,10000
14777,10000
14778,10000
14779,10000
14780,10000
14781,10000
14782,10000
14783,10000
14784,10000
14785,10000
14786,10000
14787,10000
14788,10000
14789,10000
14790,10000
14791,9075.31
14792,5576.2
14793,10000
14794,9075.97
14795,6500.88
14796,6100.21
14797,4450.59
14798,4426.72
14799,4377.44
14800,4010.58
14801,4012.03
14802,4104.54
14803,4010.55
14804,4010.96
14805,4765.8
14806,4865.48
14807,4999.48
14808,4899.31
14809,4119.18
14810,4076.36
14811,3418.33
14812,3000.08
14813,3507.58
14814,3502.86
14815,3010.83
14816,2900.53
14817,3585.29
14818,3380.61
14819,3499.36
14820,2999.1
14821,3499.04
14822,3500.77
14823,3783.3
14824,3548.53
14825,3556.96
14826,3320.93
14827,3783.55
14828,3769.84
14829,4000.13
14830,4243.63
14831,3639.52
14832,3639.05
14833,3817.34
14834,4048.41
14835,4250.08
14836,4250.75
14837,4050.66
14838,4336.94
14839,4405.91
14840,4499.78
14841,5576.02
14842,6000.31
14843,6000.23
14844,6000.51
14845,6000.78
14846,6000.91
14847,6200.44
14848,6818.35
14849,6500.84
14850,6500.93
14851,6500.1
14852,6000.97
14853,5000.05
14854,4710.93
14855,3999.46
14856,4012.03
14857,2499.06
14858,2971.32
14859,4800.7
14860,5999.31
14861,7500.28
14862,9056.96
14863,10000
14864,10000
14865,10000
14866,10000
14867,10000
14868,10000
14869,10000
14870,10000
14871,10000
14872,10000
14873,10000
14874,10000
14875,10000
14876,10000
14877,10000
14878,10000
14879,10000
14880,10000
14881,10000
14882,10000
14883,10000
14884,10000
14885,10000
14886,10000
14887,10000
14888,10000
14889,7500.89
14890,7500.37
14891,7500.23
14892,7500.11
14893,5000.45
14894,4999.27
14895,4359
14896,4164.62
14897,4000.7
14898,4164.14
14899,4865.25
14900,4007.81
14901,5201.11
14902,5413.95
14903,5000.68
14904,4501.51
14905,4444.84
14906,4460.63
14907,4465.14
14908,3700.75
14909,4048.94
14910,4000.96
14911,4007.66
14912,3012.78
14913,2982.89
14914,2989.36
14915,3736
14916,3500.34
14917,3639.1
14918,3504.05
14919,3639.2
14920,3304
14921,3639.1
14922,3783.24
14923,3942.16
14924,3999.57
14925,3769.52
14926,3931.3
14927,3769.63
14928,3700.22
14929,4000.58
14930,4358.97
14931,3830.88
14932,3350.56
14933,3010.53
14934,4000
14935,4317.94
14936,4440.14
14937,4209.38
14938,5000.44
14939,4999.9
14940,5576.22
14941,5576.63
14942,5576.36
14943,6720.46
14944,7500.9
14945,4882.67
14946,4119.38
14947,4450.18
14948,5250.26
14949,5413.31
14950,4999.57
14951,5202
14952,4700.35
14953,3520.46
14954,4119.35
14955,4119.99
14956,4989.36
14957,4119.53
14958,4900.54
14959,5450.65
14960,6320.53
14961,10000
14962,10000
14963,10000
14964,10000
14965,10000
14966,10000
14967,10000
14968,10000
14969,10000
14970,10000
14971,10000
14972,10000
14973,10000
14974,10000
14975,10000
14976,10000
14977,10000
14978,10000
14979,10000
14980,10000
14981,10000
14982,10000
14983,10000
14984,10000
14985,10000
14986,10000
14987,6099.92
14988,6099.86
14989,3520.59
14990,3520.04
14991,3834.75
14992,4000.42
14993,3900.63
14994,4240.96
14995,4426.35
14996,3952.76
14997,3834.94
14998,3700.09
14999,3834.88
15000,3520.92
15001,3600.15
15002,4000.2
15003,3520.05
15004,3009.52
15005,3520.79
15006,3520.22
15007,3300.72
15008,3012.62
15009,1499.21
15010,2512
15011,3351.26
15012,3000.84
15013,2999.68
15014,2880.99
15015,2109.64
15016,2109.23
15017,2850.85
15018,2999.73
15019,3010.68
15020,3100.36
15021,3539.77
15022,3659
15023,4048.34
15024,4048.52
15025,4069.75
15026,4153.07
15027,3650.6
15028,3783.49
15029,3783.39
15030,3942.07
15031,3969.85
15032,3999
15033,4153.65
15034,4769.88
15035,5000.58
15036,5201.72
15037,4999.51
15038,4999.71
15039,4499.22
15040,3850.28
15041,4865.79
15042,4859.45
15043,4119.92
15044,3539.35
15045,2740.01
15046,2113.37
15047,2430.46
15048,1999.74
15049,3000.25
15050,3300.2
15051,4412.67
15052,4810.67
15053,4774.87
15054,5305
15055,5200.59
15056,5499.52
15057,5499.41
15058,5651.23
15059,5541.5
15060,5850.26
15061,9634
15062,10000
15063,5499.78
15064,6320.19
15065,5499.67
15066,5999.68
15067,4740.91
15068,5255
15069,5050.86
15070,4499.45
15071,4500.35
15072,4499.15
15073,3499.85
15074,3499.59
15075,3261.18
15076,3000.58
15077,3600.7
15078,3500.08
15079,3567.73
15080,3261.21
15081,3389.59
15082,3389.49
15083,3002.6
15084,2999.89
15085,2999.32
15086,2999.06
15087,2793.68
15088,2740.86
15089,2098.08
15090,2098.51
15091,1999.81
15092,2250.33
15093,3008.75
15094,3300.01
15095,2979.55
15096,2979.01
15097,2870.83
15098,2870.28
15099,3002.31
15100,3000.31
15101,2812.11
15102,1989.3
15103,1621.03
15104,1499.52
15105,1499.85
15106,1499.05
15107,1600.62
15108,1621.17
15109,1806.17
15110,1806.56
15111,1499.1
15112,999.96
15113,989.08
15114,999.69
15115,1199.23
15116,1621.16
15117,1916.15
15118,1900.67
15119,1916.53
15120,1916.53
15121,2812.49
15122,3274.88
15123,3482.2
15124,3568.16
15125,3400.5
15126,3400.06
15127,3456
15128,3568.91
15129,3647.57
15130,3736.52
15131,3780.36
15132,3941.83
15133,4402.55
15134,4345.79
15135,4933.45
15136,5305.37
15137,5500.08
15138,5500.78
15139,4806.05
15140,4298.7
15141,3914.42
15142,3914.7
15143,4345.78
15144,4351.56
15145,3010.35
15146,3850.5
15147,3736.32
15148,4000.13
15149,3930.93
15150,5000.4
15151,5650.42
15152,6738.46
15153,8000.79
15154,10000
15155,9650.24
15156,9650.43
15157,10000
15158,10000
15159,6199.29
15160,9650.12
15161,5499.67
15162,6000.3
15163,6199.82
15164,9650.82
15165,10000
15166,10000
15167,4999.75
15168,4999.45
15169,2259.82
15170,2259.87
15171,3000.93
15172,3356.24
15173,5000.78
15174,4500.79
15175,4297.92
15176,4241.01
15177,4298.93
15178,4351.5
15179,4402.22
15180,4297.96
15181,4402.65
15182,4297.32
15183,3803.78
15184,3736.15
15185,3736.41
15186,3736.01
15187,3600.12
15188,3510.06
15189,2920.63
15190,3213.91
15191,3623.86
15192,3625.31
15193,3817.17
15194,3817.31
15195,3650.35
15196,3461.5
15197,3931.01
15198,3817.79
15199,3503.71
15200,3489.15
15201,3647.71
15202,3647.07
15203,3005.42
15204,3085.94
15205,3202.64
15206,3202.43
15207,3217.16
15208,3124.53
15209,3317.69
15210,3317.06
15211,3310.16
15212,3200.58
15213,3736.71
15214,3830.73
15215,3817.38
15216,3834.6
15217,3905.85
15218,4069.28
15219,3931.17
15220,4098.51
15221,3792.94
15222,3817.5
15223,3949.59
15224,4082.29
15225,4032.53
15226,4367.24
15227,4755.74
15228,5055.18
15229,4690
15230,4769.24
15231,5305.1
15232,5305.34
15233,4999.95
15234,5190.66
15235,4999.4
15236,4999.69
15237,3619.17
15238,3101.74
15239,3050.07
15240,3006.91
15241,2740.26
15242,3006.3
15243,4110.72
15244,4297.29
15245,3982.18
15246,4433.13
15247,4899.56
15248,4750.25
15249,6000.94
15250,6500.56
15251,10000
15252,10000
15253,10000
15254,10000
15255,10000
15256,10000
15257,10000
15258,10000
15259,10000
15260,10000
15261,10000
15262,10000
15263,10000
15264,10000
15265,10000
15266,9989
15267,4999.08
15268,4000.18
15269,4750.38
15270,4533.37
15271,5000.26
15272,4898.49
15273,4999.85
15274,4999.05
15275,4805.01
15276,4499.42
15277,4238.05
15278,4119.55
15279,4133.51
15280,4019.75
15281,3400.68
15282,3736.55
15283,3800.75
15284,3800.44
15285,3800.4
15286,3800.4
15287,3931.68
15288,3736.73
15289,3647.43
15290,3736.9
15291,3340.88
15292,3300.79
15293,3220
15294,3039.95
15295,2999.95
15296,2944.18
15297,3010.88
15298,3010.17
15299,2999.49
15300,2920.06
15301,2325.89
15302,2325.16
15303,1757.92
15304,1757.79
15305,1499.26
15306,1499.43
15307,1996.11
15308,2250.15
15309,2325.42
15310,2649.86
15311,2705.59
15312,2325.94
15313,2790.64
15314,2919.56
15315,3005.26
15316,3010.37
15317,2109.93
15318,2705.46
15319,2919.49
15320,3012.08
15321,3012.59
15322,3632.43
15323,3412.62
15324,3736.46
15325,3736.87
15326,3900.95
15327,4345.9
15328,4396.24
15329,4297.39
15330,4007.34
15331,4007.12
15332,3982.65
15333,2830.41
15334,2830.32
15335,4000.04
15336,3150.28
15337,2781.31
15338,2997.37
15339,3010.13
15340,2997.9
15341,3300.88
15342,4007.67
15343,4345.18
15344,4600.24
15345,4740.3
15346,4750.84
15347,5305.4
15348,6500.1
15349,6990.33
15350,6000.27
15351,6990.99
15352,7000.47
15353,10000
15354,10000
15355,10000
15356,10000
15357,10000
15358,10000
15359,10000
15360,10000
15361,10000
15362,10000
15363,10000
15364,9979.41
15365,5210.93
15366,5210.18
15367,9085.68
15368,8490.06
15369,5210.75
15370,5000.77
15371,5305.73
15372,5064.19
15373,4901.41
15374,4672.35
15375,4367.78
15376,4301.21
15377,4426.64
15378,4403
15379,4367.85
15380,4238.79
15381,4345.73
15382,3949.46
15383,3797.82
15384,3791.83
15385,4402.23
15386,4402.23
15387,4402.98
15388,4367.36
15389,3999.89
15390,3587.92
15391,3410.63
15392,3005.18
15393,3010.48
15394,3005.41
15395,2790.53
15396,2625.6
15397,2055.68
15398,2039.24
15399,1757.5
15400,1757.51
15401,1000.97
15402,1500.49
15403,1290.27
15404,1290.16
15405,871.49
15406,1240.7
15407,1654.38
15408,1923.39
15409,1360.86
15410,1511.81
15411,1683.41
15412,1771.53
15413,1510.77
15414,1869.72
15415,1818.07
15416,2355.04
15417,2705.19
15418,3005.08
15419,2625.14
15420,2625.18
15421,2325.3
15422,2700.35
15423,2625.37
15424,2740.24
15425,2919.71
15426,3000.87
15427,3647.27
15428,3605.86
15429,3305.58
15430,3239
15431,3228.67
15432,2625.99
15433,1757.74
15434,1999.46
15435,1818.04
15436,2812.06
15437,2500.25
15438,3489.21
15439,4201.25
15440,4238.45
15441,4480.59
15442,4455.23
15443,4690.05
15444,4750.61
15445,6267.75
15446,6499.27
15447,5499.85
15448,5650.52
15449,9254.4
15450,10000
15451,10000
15452,10000
15453,10000
15454,10000
15455,10000
15456,10000
15457,10000
15458,10000
15459,7999.26
15460,4899.17
15461,3340.6
15462,3300.2
15463,3300.98
15464,3775.34
15465,3775.67
15466,3780.71
15467,3594.43
15468,3340.78
15469,3510.04
15470,3331.05
15471,3340.73
15472,3321.7
15473,3340.81
15474,3340.65
15475,3600.96
15476,3594.25
15477,2999.95
15478,2940.43
15479,3982.53
15480,4040.28
15481,4238.23
15482,4297.77
15483,4345.41
15484,4297.79
15485,3931.46
15486,3510.9
15487,2999.69
15488,2999.33
15489,3069.47
15490,3010.3
15491,3010.06
15492,3010.18
15493,3389.65
15494,3482.32
15495,3561.7
15496,3568.23
15497,3000.65
15498,3010.3
15499,3005.6
15500,3010.19
15501,3147.55
15502,3305.49
15503,3305.96
15504,3381.67
15505,3179.79
15506,3300.18
15507,3305.81
15508,3399.01
15509,2749.17
15510,2625.62
15511,2830.1
15512,3331.55
15513,3069.75
15514,4000.44
15515,4668
15516,4999.3
15517,3999.18
15518,4007.26
15519,4199.27
15520,4455.21
15521,5499.43
15522,5369.25
15523,4030.84
15524,4007.05
15525,4030.15
15526,3520.74
15527,3700.06
15528,3820.79
15529,3340.71
15530,4420.56
15531,5050.98
15532,5200.83
15533,7504.3
15534,10000
15535,10000
15536,10000
15537,10000
15538,10000
15539,10000
15540,10000
15541,10000
15542,10000
15543,10000
15544,10000
15545,10000
15546,10000
15547,10000
15548,10000
15549,10000
15550,10000
15551,10000
15552,10000
15553,10000
15554,10000
15555,10000
15556,10000
15557,10000
15558,10000
15559,7509.89
15560,4901.1
15561,4999.14
15562,4455.9
15563,4421.46
15564,4200.14
15565,4769
15566,4455.95
15567,4153.88
15568,4112.57
15569,4112.86
15570,4052.98
15571,4999.64
15572,4999.73
15573,5055.11
15574,4999.59
15575,5055.4
15576,4999.55
15577,5050.44
15578,5355.16
15579,5421.11
15580,4769.81
15581,3817.1
15582,3500.09
15583,3931.99
15584,3300.03
15585,3665.49
15586,3620.08
15587,3009.9
15588,3489.53
15589,3489.35
15590,3299.64
15591,2703.57
15592,2699.83
15593,2230.48
15594,2410.47
15595,2800
15596,2919.84
15597,3750.92
15598,3830.65
15599,3190.94
15600,2919.26
15601,2830.33
15602,2900.46
15603,2989.02
15604,2971.84
15605,2000.89
15606,2500.72
15607,3000.71
15608,3499.01
15609,3724.92
15610,4099.83
15611,4455.98
15612,4876.19
15613,5500.01
15614,5655.51
15615,4999.68
15616,5050.85
15617,4799.41
15618,4499
15619,5272.25
15620,5546
15621,4199.94
15622,4199.73
15623,3643.66
15624,3499.67
15625,2989.15
15626,3949.6
15627,4069.85
15628,4670.37
15629,3698.67
15630,4007.53
15631,4999.74
15632,5000.93
15633,6000.34
15634,6999.1
15635,6999.39
15636,8000.15
15637,10000
15638,10000
15639,10000
15640,10000
15641,10000
15642,10000
15643,10000
15644,10000
15645,10000
15646,10000
15647,10000
15648,10000
15649,10000
15650,10000
15651,10000
15652,10000
15653,10000
15654,10000
15655,10000
15656,10000
15657,5999.49
15658,4750.54
15659,3900.95
15660,3800.99
15661,4421.83
15662,4210.39
15663,4052.82
15664,3850.6
15665,4300.34
15666,4031.17
15667,3830.26
15668,3830.43
15669,3084.47
15670,2740.64
15671,3300.38
15672,2750.66
15673,3450.14
15674,3340.25
15675,4460.81
15676,4400.1
15677,3550.78
15678,3050.75
15679,2920.37
15680,2920.14
15681,3199.48
15682,3199.72
15683,3489.24
15684,3519.41
15685,3650.11
15686,3359.14
15687,3000.52
15688,2909.84
15689,3000.01
15690,3010.52
15691,4418.67
15692,4500.25
15693,4199.26
15694,3949.5
15695,3931.84
15696,3499.46
15697,3749.6
15698,4002.68
15699,3647.08
15700,3700.73
15701,3931.05
15702,3961.39
15703,3630.81
15704,3961.16
15705,3594.79
15706,3647.58
15707,3999.04
15708,4000.78
15709,3949.94
15710,4249.2
15711,4402.01
15712,4402.7
15713,4402.03
15714,4402.22
15715,4367.53
15716,4402.89
15717,3520.98
15718,3949.74
15719,3520.55
15720,3964.5
15721,2845.13
15722,4000.69
15723,4750.58
15724,4999.67
15725,4010.2
15726,4240.94
15727,4750.96
15728,5999.46
15729,4837
15730,5219.12
15731,6020.06
15732,7878.38
15733,10000
15734,10000
15735,10000
15736,10000
15737,10000
15738,10000
15739,10000
15740,10000
15741,10000
15742,10000
15743,10000
15744,10000
15745,10000
15746,10000
15747,5305.45
15748,3840.34
15749,4450.41
15750,4345.88
15751,3717.42
15752,3850.5
15753,3717.97
15754,3680.63
15755,3982.77
15756,3775.13
15757,4219.91
15758,4345.17
15759,4007.19
15760,3829.65
15761,4007.87
15762,4153.3
15763,3982.92
15764,4007.35
15765,4297.39
15766,4455.79
15767,4007.16
15768,3600.5
15769,3490.51
15770,3982.74
15771,4250.7
15772,3949.61
15773,3499.34
15774,3340.97
15775,3300.42
15776,3005.02
15777,3005.08
15778,2999.81
15779,2999.39
15780,2909.2
15781,2705.28
15782,2790.54
15783,1589.98
15784,2000.03
15785,2790.73
15786,2790.46
15787,2830.83
15788,2830.46
15789,2705.71
15790,2999.52
15791,2999.63
15792,2989.63
15793,2999.67
15794,2999.82
15795,3432.07
15796,3415.6
15797,2790.29
15798,2999.44
15799,3010.78
15800,3122.12
15801,3360.98
15802,3412.37
15803,4153.58
15804,4345.5
15805,4297.63
15806,4297.63
15807,4345.14
15808,4402.39
15809,3817.15
15810,3450.91
15811,3010.31
15812,3450.97
15813,2790.29
15814,2705.61
15815,1999.56
15816,1899.54
15817,1199.36
15818,1499.33
15819,3010.47
15820,3982.35
15821,3499.45
15822,4402.52
15823,4621.5
15824,5305.25
15825,4499.69
15826,4600.95
15827,4740.58
15828,4750.67
15829,7000.58
15830,9999.39
15831,5999.96
15832,10000
15833,10000
15834,10000
15835,10000
15836,10000
15837,10000
15838,10000
15839,10000
15840,10000
15841,4750.3
15842,4452.23
15843,3680.29
15844,4345.06
15845,4219.17
15846,4153.93
15847,3830.24
15848,3560.8
15849,3830.97
15850,3982.67
15851,3630.66
15852,3340.61
15853,3340.08
15854,3122.58
15855,4297.45
15856,4219.08
15857,3982.99
15858,4201.68
15859,4297.02
15860,4219.81
15861,4367.28
15862,4402.64
15863,4345.73
15864,4297.21
15865,4297.09
15866,4433.73
15867,4345.29
15868,3360.39
15869,2920.74
15870,2920.6
15871,2920.11
15872,2118
15873,2325.09
15874,2325.06
15875,2625.73
15876,2625.9
15877,1999.91
15878,1757.67
15879,1757.29
15880,1633.16
15881,1757.1
15882,1757.75
15883,1757.55
15884,1757.95
15885,1757.17
15886,1757.98
15887,1890.97
15888,1890.19
15889,2430.92
15890,2989.44
15891,2919.65
15892,2989.1
15893,2650.34
15894,2812.07
15895,3350.28
15896,3010.73
15897,3432.57
15898,3594.32
15899,3547.65
15900,3954.05
15901,2650.72
15902,2790.86
15903,3869.28
15904,3982.25
15905,3630.19
15906,3628.12
15907,3059.58
15908,3600.07
15909,2557.09
15910,2700.75
15911,2999.34
15912,2810.84
15913,1499.58
15914,3410.05
15915,3982.3
15916,4219.23
15917,4238.98
15918,5190.51
15919,5190.06
15920,5499.14
15921,5651.18
15922,9132
15923,10000
15924,10000
15925,10000
15926,10000
15927,10000
15928,10000
15929,10000
15930,10000
15931,10000
15932,10000
15933,10000
15934,10000
15935,10000
15936,10000
15937,10000
15938,10000
15939,10000
15940,10000
15941,10000
15942,10000
15943,10000
15944,10000
15945,10000
15946,10000
15947,6999.51
15948,5064.1
15949,4999.79
15950,4999.56
15951,4100.76
15952,3999.59
15953,4999.04
15954,5064.68
15955,5190.42
15956,4999.59
15957,5305.22
15958,5305.3
15959,5305.43
15960,5020.11
15961,5305.57
15962,5410.88
15963,5410.57
15964,5305.08
15965,4925.15
15966,4249.73
15967,3869.93
15968,3489.83
15969,3010.02
15970,3010.91
15971,2995.36
15972,2992.69
15973,2999.01
15974,3002.83
15975,2989.09
15976,2625.27
15977,2655.4
15978,2625.65
15979,2410.74
15980,2355.27
15981,1999.45
15982,2100.37
15983,2305.18
15984,2230.06
15985,2325.79
15986,2705.41
15987,3499.21
15988,3305.1
15989,2055.76
15990,2705.91
15991,3482.04
15992,3594.47
15993,3736.89
15994,3982.39
15995,4370.6
15996,4672.14
15997,4800.05
15998,4989.5
15999,5305.39
16000,5305.15
16001,4999.94
16002,4999.99
16003,5410.4
16004,5499.8
16005,4999.8
16006,4999.65
16007,4455.63
16008,4500.02
16009,4250.23
16010,4999.75
16011,5305.35
16012,5772.5
16013,6798.86
16014,10000
16015,10000
16016,10000
16017,10000
16018,10000
16019,10000
16020,10000
16021,10000
16022,10000
16023,10000
16024,10000
16025,10000
16026,10000
16027,10000
16028,10000
16029,10000
16030,10000
16031,10000
16032,10000
16033,10000
16034,10000
16035,10000
16036,10000
16037,10000
16038,10000
16039,10000
16040,10000
16041,10000
16042,10000
16043,10000
16044,10000
16045,10000
16046,10000
16047,10000
16048,10000
16049,10000
16050,10000
16051,10000
16052,10000
16053,10000
16054,10000
16055,10000
16056,10000
16057,10000
16058,10000
16059,8789.93
16060,7702.02
16061,5000.02
16062,4219.28
16063,3300.38
16064,3040.59
16065,2830.5
16066,2790.97
16067,2920.92
16068,2899.1
16069,2830.95
16070,2760.46
16071,2625.72
16072,2589.75
16073,2625.38
16074,2654.61
16075,2705.88
16076,2625.58
16077,2355.97
16078,2625.44
16079,2759.82
16080,2705.84
16081,2625.61
16082,2625.73
16083,1999.72
16084,2000.99
16085,2625.75
16086,2866.5
16087,3648.77
16088,3949.76
16089,4219.24
16090,4297.83
16091,4808.61
16092,4999.78
16093,4999.36
16094,4999.32
16095,4900.58
16096,4999.31
16097,4249.06
16098,4153.98
16099,4402.08
16100,4250.7
16101,4101.78
16102,4402.32
16103,3010.7
16104,3010.63
16105,2230.29
16106,3000.25
16107,4219.55
16108,4950.93
16109,5452.81
16110,6200.48
16111,8232.8
16112,10000
16113,10000
16114,10000
16115,10000
16116,10000
16117,10000
16118,10000
16119,10000
16120,10000
16121,10000
16122,10000
16123,10000
16124,10000
16125,10000
16126,10000
16127,10000
16128,10000
16129,10000
16130,10000
16131,10000
16132,10000
16133,10000
16134,10000
16135,10000
16136,10000
16137,10000
16138,10000
16139,10000
16140,10000
16141,10000
16142,10000
16143,10000
16144,10000
16145,10000
16146,10000
16147,10000
16148,10000
16149,10000
16150,10000
16151,10000
16152,10000
16153,10000
16154,10000
16155,10000
16156,10000
16157,9085.12
16158,4402.9
16159,2010.88
16160,1988.85
16161,3010.35
16162,3010.46
16163,3489.7
16164,3489.37
16165,3489.4
16166,3519.43
16167,3533.15
16168,3547.39
16169,2139.75
16170,2600.09
16171,3604.55
16172,3564.77
16173,3641.42
16174,3736.73
16175,4069.07
16176,3961.98
16177,3961.83
16178,3949.6
16179,3300.67
16180,3359.2
16181,3499.97
16182,3949.3
16183,4374.2
16184,4402.89
16185,4737.13
16186,5190.31
16187,5999.69
16188,6423.74
16189,9964.28
16190,9982.82
16191,10000
16192,10000
16193,10000
16194,10000
16195,10000
16196,10000
16197,10000
16198,10000
16199,10000
16200,10000
16201,4672.18
16202,4750.95
16203,5413.77
16204,6000.51
16205,10000
16206,10000
16207,10000
16208,10000
16209,10000
16210,10000
16211,10000
16212,10000
16213,10000
16214,10000
16215,10000
16216,10000
16217,10000
16218,10000
16219,10000
16220,10000
16221,10000
16222,10000
16223,10000
16224,10000
16225,10000
16226,10000
16227,10000
16228,10000
16229,10000
16230,10000
16231,10000
16232,10000
16233,10000
16234,10000
16235,10000
16236,10000
16237,10000
16238,10000
16239,10000
16240,10000
16241,10000
16242,10000
16243,10000
16244,10000
16245,10000
16246,10000
16247,10000
16248,10000
16249,10000
16250,10000
16251,10000
16252,10000
16253,10000
16254,5999.76
16255,4402.13
16256,3949.33
16257,3399.37
16258,2992.73
16259,2909.27
16260,2999.46
16261,3845.33
16262,3961.3
16263,3489.54
16264,3305.38
16265,2089.59
16266,2089.92
16267,2250.27
16268,3305.63
16269,2000.43
16270,2705.79
16271,2700.02
16272,2705.05
16273,2759.26
16274,2759.56
16275,3499.28
16276,3524.39
16277,1500.98
16278,1700.94
16279,2500.46
16280,2500.32
16281,3340.77
16282,3568.06
16283,3736.08
16284,4000.57
16285,3700.56
16286,4219.94
16287,4345.76
16288,4659.01
16289,3840.28
16290,4040.88
16291,3460.24
16292,3084.6
16293,3000.46
16294,3300.54
16295,3450.87
16296,3600.74
16297,1999.19
16298,999.92
16299,3042
16300,4367.91
16301,4700.83
16302,5450.73
16303,10000
16304,10000
16305,10000
16306,10000
16307,10000
16308,10000
16309,10000
16310,10000
16311,10000
16312,10000
16313,10000
16314,10000
16315,10000
16316,10000
16317,10000
16318,10000
16319,10000
16320,10000
16321,10000
16322,10000
16323,10000
16324,10000
16325,10000
16326,10000
16327,10000
16328,10000
16329,10000
16330,10000
16331,10000
16332,10000
16333,10000
16334,10000
16335,10000
16336,10000
16337,10000
16338,10000
16339,10000
16340,10000
16341,10000
16342,10000
16343,10000
16344,10000
16345,10000
16346,10000
16347,10000
16348,10000
16349,5999.29
16350,5413.55
16351,3640.58
16352,3010.02
16353,1999.12
16354,1757.78
16355,1757.91
16356,2312.61
16357,3010.72
16358,3255.88
16359,3002.13
16360,2865.48
16361,2812.41
16362,2812.87
16363,2759.21
16364,2640.18
16365,2819.58
16366,2999.67
16367,2999.34
16368,2999.62
16369,2999.84
16370,3482.06
16371,3482.45
16372,3482.49
16373,3419.69
16374,3482.14
16375,3020.2
16376,3500.37
16377,3998.54
16378,4238.64
16379,4374.77
16380,4455.97
16381,4069.98
16382,4402.09
16383,4069.99
16384,4201.24
16385,3999.17
16386,3999.89
16387,5190.96
16388,5754.17
16389,4500.63
16390,4345.14
16391,4672.5
16392,5305.28
16393,6000.31
16394,6000.55
16395,10000
16396,10000
16397,10000
16398,10000
16399,10000
16400,10000
16401,10000
16402,10000
16403,10000
16404,10000
16405,10000
16406,10000
16407,10000
16408,10000
16409,10000
16410,10000
16411,10000
16412,10000
16413,10000
16414,10000
16415,10000
16416,10000
16417,7410.4
16418,6822.4
16419,3069.09
16420,3029.31
16421,2625.89
16422,2230.77
16423,1950.73
16424,1950.82
16425,2474.7
16426,2474.58
16427,2812.97
16428,2710.75
16429,2790.46
16430,2710.51
16431,2625.82
16432,2585.92
16433,2625.6
16434,2710.05
16435,2585.21
16436,2585.13
16437,1249.18
16438,1249.85
16439,999.6
16440,999.51
16441,999.89
16442,1249.91
16443,1249.94
16444,999.91
16445,1494
16446,999.48
16447,999.23
16448,999.07
16449,839.56
16450,839.07
16451,649.34
16452,649.07
16453,949.51
16454,949.18
16455,779.53
16456,779.16
16457,881.5
16458,594.3
16459,1199.22
16460,1098
16461,2000.14
16462,2230.23
16463,1887.86
16464,1900.36
16465,2650.21
16466,2812.29
16467,1800
16468,1900.18
16469,1757.08
16470,1499.56
16471,1757.51
16472,1818.07
16473,999.35
16474,1939
16475,499.33
16476,499.77
16477,989.52
16478,2650.33
16479,3568.18
16480,3968.04
16481,3829.66
16482,3600.89
16483,3430.41
16484,3430.15
16485,3500.14
16486,3499.84
16487,4149.41
16488,4205.38
16489,4657.66
16490,4432.5
16491,4201.57
16492,4238.73
16493,3989.5
16494,4112.81
16495,4500.34
16496,4556
16497,10000
16498,10000
16499,10000
16500,10000
16501,10000
16502,10000
16503,10000
16504,10000
16505,10000
16506,10000
16507,10000
16508,10000
16509,10000
16510,10000
16511,10000
16512,10000
16513,10000
16514,10000
16515,10000
16516,10000
16517,5655.03
16518,4999.41
16519,4402.11
16520,4345.35
16521,4402.53
16522,4241.48
16523,3805
16524,3830.65
16525,3736.05
16526,3752.13
16527,3736.53
16528,3775.57
16529,3917
16530,3967.83
16531,4149.01
16532,3990.52
16533,3990.34
16534,3736.08
16535,3539.19
16536,3005.44
16537,4657.65
16538,5500.35
16539,4219.52
16540,3489.63
16541,3059.75
16542,2988.12
16543,2830.27
16544,2612.91
16545,1867
16546,1699.85
16547,2230.35
16548,2705.07
16549,2800.03
16550,2830.37
16551,2999.84
16552,2999.53
16553,2812.41
16554,2790.54
16555,2812.18
16556,2650.23
16557,2912.23
16558,2925.21
16559,3237.7
16560,3069.4
16561,2889.99
16562,2800.31
16563,2655.99
16564,2650.21
16565,1799.98
16566,1996.85
16567,2625.75
16568,2925.07
16569,2539.69
16570,3450.63
16571,3547.54
16572,3820.18
16573,3605.24
16574,3827.45
16575,4050.65
16576,4345.91
16577,3547.27
16578,3547.97
16579,2705.84
16580,2940.75
16581,3255.07
16582,3605.21
16583,3700.73
16584,3832.32
16585,3736.99
16586,3990.3
16587,3736.77
16588,3990.33
16589,4310.75
16590,4672.76
16591,5355.33
16592,10000
16593,10000
16594,10000
16595,10000
16596,10000
16597,10000
16598,10000
16599,10000
16600,10000
16601,10000
16602,10000
16603,10000
16604,10000
16605,10000
16606,10000
16607,10000
16608,10000
16609,10000
16610,10000
16611,10000
16612,10000
16613,5305.18
16614,5190.49
16615,4755.53
16616,4672.71
16617,5286.5
16618,5305.1
16619,4402.98
16620,4112.54
16621,3961.08
16622,3830.24
16623,3616
16624,3539.14
16625,3961.01
16626,3961.63
16627,3961.96
16628,3961.98
16629,3967.61
16630,3990.44
16631,3775.24
16632,3500.82
16633,4621.12
16634,4621.76
16635,4432.68
16636,4345.9
16637,4201.37
16638,3990.8
16639,3982.89
16640,3489.47
16641,3389.38
16642,2900.92
16643,3005.06
16644,3360.62
16645,3404.43
16646,3406.56
16647,3389.73
16648,3256.72
16649,3050.61
16650,3207.9
16651,2827.03
16652,2705.89
16653,2705.49
16654,2908.43
16655,3320.83
16656,3389.01
16657,3482.9
16658,3010.87
16659,2819.58
16660,2927.55
16661,2759.41
16662,2655.33
16663,3010.42
16664,3500.07
16665,3961.48
16666,4424.28
16667,4367.79
16668,4424.27
16669,3990.94
16670,4069.24
16671,4050.81
16672,4433.39
16673,4201.38
16674,4391.35
16675,4007.83
16676,4000.64
16677,3500.88
16678,3044.47
16679,3539.16
16680,3615.68
16681,3005.65
16682,3736.35
16683,4455.77
16684,4740.25
16685,4710.6
16686,5500.71
16687,10000
16688,10000
16689,10000
16690,10000
16691,10000
16692,10000
16693,10000
16694,10000
16695,10000
16696,10000
16697,10000
16698,10000
16699,10000
16700,10000
16701,10000
16702,10000
16703,10000
16704,10000
16705,10000
16706,10000
16707,10000
16708,10000
16709,9998.04
16710,7990.77
16711,4353
16712,3990.88
16713,3982.89
16714,4210.63
16715,4352.63
16716,4252.29
16717,4316.47
16718,4100.05
16719,3982.81
16720,3982.45
16721,4115.16
16722,4115.83
16723,4115.68
16724,4219.37
16725,3982.38
16726,4030.27
16727,3990.75
16728,3630.23
16729,3600.24
16730,3650.96
16731,4131.68
16732,4032.88
16733,3603.95
16734,3700.43
16735,3482.68
16736,2055.7
16737,3204
16738,2895.72
16739,2925.17
16740,2705.76
16741,2705.14
16742,2789.91
16743,2705.87
16744,2325.2
16745,2055.94
16746,2355.2
16747,2595.82
16748,2401.22
16749,1999.27
16750,2350.6
16751,2139.17
16752,1999.31
16753,1887.01
16754,2625.14
16755,3010.25
16756,3010.62
16757,2789.19
16758,2819.05
16759,3005.83
16760,3482.23
16761,3547.27
16762,3961.46
16763,3500.03
16764,3500.43
16765,3499.9
16766,3499.73
16767,3590.01
16768,3775.97
16769,3630.99
16770,3830.45
16771,3547.29
16772,3696
16773,2999.88
16774,2509.57
16775,2100.79
16776,3399.9
16777,2872
16778,2999.41
16779,3736.63
16780,3736.3
16781,3736.72
16782,4391.73
16783,4672.83
16784,4750.32
16785,4424
16786,4740.77
16787,10000
16788,10000
16789,10000
16790,10000
16791,10000
16792,10000
16793,10000
16794,10000
16795,10000
16796,10000
16797,10000
16798,10000
16799,10000
16800,10000
16801,10000
16802,10000
16803,10000
16804,10000
16805,10000
16806,10000
16807,10000
16808,5999.26
16809,10000
16810,10000
16811,5305.86
16812,5134.9
16813,4659.85
16814,4672.69
16815,4367.08
16816,4089.79
16817,4750.75
16818,4672.85
16819,4541.61
16820,4659.55
16821,4241.25
16822,4201.86
16823,4455.17
16824,4402.26
16825,4659.92
16826,4690.74
16827,4402.52
16828,3989.41
16829,4500.5
16830,4424.51
16831,4367.16
16832,4007.84
16833,3982.38
16834,3500.16
16835,3009.19
16836,2999.22
16837,2999.63
16838,2920.52
16839,2930.51
16840,2759.88
16841,2759.84
16842,2759.87
16843,3005.83
16844,3500.46
16845,3800.12
16846,3905.22
16847,3845.95
16848,3845.49
16849,3605.66
16850,3568.54
16851,3568.4
16852,3604.79
16853,3305.53
16854,3482.14
16855,3775.58
16856,3961.06
16857,3499
16858,3498.92
16859,3498.64
16860,3500.23
16861,4089.95
16862,4249.3
16863,4373.44
16864,4455.02
16865,4102.92
16866,3990.62
16867,3600.51
16868,3500.14
16869,3044.97
16870,2999.86
16871,2799.16
16872,2799.45
16873,3500.94
16874,3736.18
16875,4089.99
16876,4219.37
16877,4740.21
16878,4999.6
16879,10000
16880,10000
16881,10000
16882,10000
16883,10000
16884,10000
16885,10000
16886,10000
16887,10000
16888,10000
16889,10000
16890,10000
16891,10000
16892,10000
16893,10000
16894,10000
16895,10000
16896,10000
16897,10000
16898,10000
16899,10000
16900,10000
16901,10000
16902,10000
16903,10000
16904,10000
16905,10000
16906,10000
16907,6989.26
16908,5998.4
16909,4219.09
16910,4347.41
16911,3982.2
16912,3930.35
16913,3830.33
16914,3982.24
16915,4115.57
16916,4391.78
16917,5040
16918,4999.66
16919,4750.62
16920,4533.79
16921,4391.82
16922,3580.64
16923,4219.72
16924,3580.24
16925,3550.27
16926,3300.38
16927,3821.33
16928,2920.04
16929,2999.95
16930,2999.59
16931,2700.69
16932,2759.88
16933,2911.23
16934,2999.7
16935,3500.41
16936,3390.49
16937,2920.85
16938,3122.61
16939,3500.26
16940,3499.95
16941,3499.15
16942,3450.43
16943,3389.18
16944,3436
16945,3389.78
16946,3450.82
16947,3299.64
16948,3368.59
16949,3389.43
16950,3499.74
16951,3568.81
16952,3736.55
16953,4000.22
16954,4402.03
16955,4238.63
16956,4402.69
16957,4432.88
16958,4541.96
16959,4432.93
16960,4621.33
16961,4402.12
16962,4424.93
16963,4089.34
16964,4219.52
16965,4096.52
16966,4352.64
16967,4352.22
16968,4352.23
16969,3598.53
16970,3630.97
16971,3500.8
16972,3827.35
16973,5012.23
16974,10000
16975,10000
16976,10000
16977,10000
16978,10000
16979,10000
16980,10000
16981,10000
16982,10000
16983,10000
16984,10000
16985,10000
16986,10000
16987,10000
16988,10000
16989,10000
16990,10000
16991,10000
16992,10000
16993,10000
16994,10000
16995,10000
16996,10000
16997,10000
16998,10000
16999,10000
17000,10000
17001,10000
17002,10000
17003,10000
17004,10000
17005,5305.39
17006,5050.82
17007,5055.12
17008,4750.37
17009,4659.25
17010,4600.15
17011,4541.71
17012,4750.11
17013,4755.6
17014,5190.95
17015,5305.48
17016,4999.51
17017,5134.28
17018,5838.06
17019,5305.47
17020,4999.39
17021,4424.09
17022,4219.71
17023,3502.79
17024,3200.81
17025,3500.41
17026,3500.32
17027,3123.78
17028,3499.06
17029,3050.73
17030,3064.94
17031,2500.72
17032,2500.7
17033,3000.71
17034,3464.43
17035,3499.92
17036,3305.33
17037,3227
17038,3368.68
17039,3059.51
17040,3059.85
17041,3482.15
17042,3500.39
17043,3500.82
17044,3736.08
17045,2705.54
17046,2705.3
17047,3498.86
17048,3499.71
17049,3600.52
17050,3967.58
17051,3615.87
17052,3830.51
17053,3736.1
17054,3930.86
17055,3775.42
17056,3930.48
17057,2779.32
17058,3122.79
17059,3868.23
17060,3868.94
17061,3122.43
17062,3255.54
17063,3122.98
17064,3044.49
17065,3106
17066,3500.27
17067,3982.14
17068,4200.42
17069,4959.2
17070,9999.5
17071,10000
17072,10000
17073,10000
17074,10000
17075,10000
17076,10000
17077,10000
17078,10000
17079,10000
17080,10000
17081,10000
17082,10000
17083,10000
17084,10000
17085,10000
17086,10000
17087,10000
17088,10000
17089,10000
17090,10000
17091,10000
17092,10000
17093,10000
17094,10000
17095,10000
17096,10000
17097,5317.44
17098,5190.9
17099,4999.86
17100,4795
17101,4391.72
17102,4352.12
17103,4402.89
17104,4402.17
17105,4541.59
17106,4499.98
17107,4659.26
17108,4433.37
17109,4007.26
17110,4219
17111,4050.4
17112,3736.37
17113,3300.85
17114,2999.73
17115,2029.63
17116,1999.69
17117,2065.02
17118,2065.41
17119,1999.05
17120,1757.71
17121,1806.41
17122,1499.67
17123,1371.83
17124,1218.33
17125,1000.85
17126,1249.22
17127,1670.28
17128,1499.52
17129,1249.31
17130,1173.46
17131,1277.17
17132,1499.88
17133,1078.21
17134,1112.81
17135,1000.95
17136,1000.91
17137,750.72
17138,750.89
17139,600.61
17140,600.56
17141,496.81
17142,489.6
17143,545.98
17144,999.59
17145,1589.41
17146,1996.23
17147,1887.71
17148,1290.36
17149,1900.99
17150,2604.64
17151,2500.58
17152,2999.75
17153,2525
17154,2512.05
17155,3002.54
17156,3590.07
17157,3484
17158,3237.86
17159,2410.94
17160,2700.36
17161,3255.91
17162,3500.04
17163,3002.83
17164,2720.64
17165,3999.13
17166,4219.45
17167,4402.32
17168,4402.75
17169,4201.35
17170,4149.89
17171,4433.66
17172,4750.94
17173,5499.67
17174,8000.43
17175,10000
17176,10000
17177,10000
17178,10000
17179,10000
17180,10000
17181,10000
17182,10000
17183,10000
17184,10000
17185,10000
17186,10000
17187,10000
17188,10000
17189,5134.01
17190,4999.3
17191,4069.66
17192,3830.82
17193,3044.15
17194,3122.63
17195,3270.2
17196,3270.54
17197,3150.18
17198,3135.07
17199,2808.58
17200,2807.36
17201,2807.86
17202,2807.53
17203,2806.82
17204,2804.92
17205,1999.71
17206,2720.85
17207,2812.43
17208,2700.78
17209,3500.98
17210,3547.02
17211,3270.98
17212,2920.22
17213,1806.07
17214,1806.43
17215,1887.01
17216,1900.05
17217,1816.8
17218,1996.5
17219,1499.83
17220,1499.37
17221,2000.74
17222,2012.4
17223,2275.31
17224,2298.21
17225,1996.54
17226,1839.61
17227,999.94
17228,999.87
17229,1499.96
17230,1699.46
17231,2000.13
17232,2000.12
17233,999.95
17234,999.79
17235,999.74
17236,599.97
17237,599.63
17238,1316
17239,588.66
17240,999.23
17241,2000.8
17242,2500.44
17243,2325.39
17244,2325.93
17245,2759.55
17246,2812.91
17247,2812.73
17248,2934.12
17249,3177
17250,3389.07
17251,3489.61
17252,3489.59
17253,3313
17254,3460.82
17255,2850.69
17256,2812.03
17257,2319.95
17258,2319.91
17259,3058.67
17260,3160
17261,3775.01
17262,4690.91
17263,4460.81
17264,4690.24
17265,4700.42
17266,4800.38
17267,9002.54
17268,10000
17269,10000
17270,10000
17271,10000
17272,10000
17273,10000
17274,10000
17275,10000
17276,10000
17277,10000
17278,10000
17279,10000
17280,10000
17281,6248.1
17282,4750.93
17283,3780.34
17284,3500.12
17285,3300.43
17286,2710.19
17287,3020.35
17288,3419
17289,2940.24
17290,3476
17291,3217.6
17292,2940.48
17293,3568.67
17294,3568.52
17295,3006.66
17296,2881.94
17297,2937.4
17298,2937.14
17299,3282.8
17300,3490.55
17301,3200.92
17302,3500.46
17303,3949.89
17304,3967.4
17305,4219.36
17306,4220.8
17307,4387.92
17308,4115.24
17309,3310.31
17310,3031.27
17311,3489.12
17312,3500.14
17313,2900.34
17314,2850.35
17315,2999.13
17316,2900.03
17317,2870.53
17318,2904.05
17319,2812.64
17320,2705.78
17321,2499.02
17322,2499.46
17323,2055.55
17324,1999.24
17325,1999.52
17326,1999.77
17327,2325.04
17328,2055.79
17329,1923.96
17330,1900.51
17331,1818.54
17332,1869.07
17333,1595.17
17334,1595.28
17335,2055.73
17336,2447
17337,2779.96
17338,2812.66
17339,2705.92
17340,2812.35
17341,2952.3
17342,3320.7
17343,2999.68
17344,3112.2
17345,2881.47
17346,2999.69
17347,2881.65
17348,2957.53
17349,2779.16
17350,2916.96
17351,3139.2
17352,3020.69
17353,1999.6
17354,2155.07
17355,1999.98
17356,1999.94
17357,3143.45
17358,3788
17359,3982.53
17360,3930.73
17361,3827.76
17362,3999.89
17363,4424.68
17364,4621.1
17365,4690.09
17366,5050.97
17367,4750.44
17368,4794.86
17369,4812
17370,5050.12
17371,5499.35
17372,5838.44
17373,4620.44
17374,4620.54
17375,4420.93
17376,4391.43
17377,2779.93
17378,2117.4
17379,1999.06
17380,1650.93
17381,2649.91
17382,2812.31
17383,3604.75
17384,3500.92
17385,3500.41
17386,3419.89
17387,2957.55
17388,2806.83
17389,2812.86
17390,2720.37
17391,2649
17392,2580.72
17393,2649.31
17394,2807.56
17395,2840.42
17396,2740.64
17397,2059.58
17398,2649.99
17399,2999.2
17400,3000.24
17401,2997.96
17402,2920.64
17403,2731
17404,2649.81
17405,600.68
17406,999.74
17407,1732.57
17408,1604.69
17409,1369.97
17410,1369.78
17411,1460.58
17412,1000.38
17413,989.24
17414,750
17415,2110.89
17416,2055.93
17417,999.65
17418,989.21
17419,999.63
17420,999.69
17421,599.48
17422,599.62
17423,499.74
17424,499.88
17425,1950.04
17426,1996.22
17427,1890.32
17428,1890.78
17429,1890.53
17430,1950.89
17431,2325.55
17432,2625.61
17433,1923.55
17434,2139.81
17435,2325.56
17436,2590.57
17437,2325.29
17438,2625.68
17439,1499.63
17440,1499.62
17441,869.74
17442,1271.87
17443,1769.83
17444,1956.79
17445,999.95
17446,1909.85
17447,2410.72
17448,2625.51
17449,2349.93
17450,2649.84
17451,2779.51
17452,2779.94
17453,2319.53
17454,2934
17455,3500.88
17456,3604.25
17457,3989.11
17458,3982.36
17459,3436.98
17460,3629.5
17461,3500.6
17462,3650.51
17463,3436.1
17464,3436.7
17465,3982.8
17466,4003.69
17467,3500.41
17468,3460.43
17469,3500.65
17470,3436.01
17471,3390.75
17472,3436.25
17473,3780.05
17474,3681.68
17475,3500.63
17476,3310.62
17477,3224.5
17478,3200.64
17479,3700.34
17480,3436.19
17481,2984.14
17482,3021.03
17483,2912.02
17484,2999.6
17485,3000.62
17486,3000.63
17487,3150.43
17488,2999.18
17489,3010.24
17490,3010.73
17491,3010.86
17492,3110.32
17493,2650.63
17494,2174.5
17495,2710.7
17496,2870.8
17497,3700.56
17498,3700.51
17499,3982.91
17500,3500.7
17501,2892.73
17502,2850.66
17503,2800.44
17504,2191.5
17505,2325.66
17506,2649.52
17507,2110.33
17508,2089.8
17509,2720.78
17510,2720.39
17511,2083.25
17512,2110.29
17513,1999.5
17514,1999.96
17515,1929.77
17516,1929.62
17517,2325.04
17518,1909.8
17519,1829.28
17520,1818.42
17521,1890.29
17522,1909.05
17523,1711.91
17524,1711.98
17525,1400.88
17526,1401
17527,1909.89
17528,2000.36
17529,1909.56
17530,2325.13
17531,2625.99
17532,2640.01
17533,2424.67
17534,2400.22
17535,2869.81
17536,2812.52
17537,2800.73
17538,2887.76
17539,3050.1
17540,3050.87
17541,3376.97
17542,3375.77
17543,3237.11
17544,3270.57
17545,3375.86
17546,3741.7
17547,4147.89
17548,3868.83
17549,4200.3
17550,4424.09
17551,4740.93
17552,4925.27
17553,4999.61
17554,5305.53
17555,5305.97
17556,7999.83
17557,10000
17558,10000
17559,10000
17560,10000
17561,10000
17562,10000
17563,10000
17564,10000
17565,10000
17566,10000
17567,10000
17568,10000
17569,3780.96
17570,3612.5
17571,4336.82
17572,3982.61
17573,3436.57
17574,3499.55
17575,3355.57
17576,3296.83
17577,3150.22
17578,3375.23
17579,3375.73
17580,3150.97
17581,3000.42
17582,3000.77
17583,2779.51
17584,2903.48
17585,2800.81
17586,2900.79
17587,2999.12
17588,3000.35
17589,2132.67
17590,2599.34
17591,2703.33
17592,2710.78
17593,2812.03
17594,3150.44
17595,4005.48
17596,4069.19
17597,3590.05
17598,3202.59
17599,2860.49
17600,1969.15
17601,1900.18
17602,1771.44
17603,1996.43
17604,1923.51
17605,1818.51
17606,1818.52
17607,1679.95
17608,1771.22
17609,1187.43
17610,1499.21
17611,899.81
17612,899.84
17613,989.11
17614,989.49
17615,1499.37
17616,1022.82
17617,942.73
17618,944.26
17619,989.89
17620,995.06
17621,700.02
17622,700.75
17623,989.41
17624,989.5
17625,1199.71
17626,1771.02
17627,1711.69
17628,1798.13
17629,1887.15
17630,1977.14
17631,2499.03
17632,2812.6
17633,2481.87
17634,2032.3
17635,2014.87
17636,2080
17637,2100.93
17638,2650.54
17639,3002.74
17640,3370.39
17641,3436.55
17642,4069.5
17643,4402.9
17644,4554.33
17645,4630.82
17646,5190.36
17647,4460.35
17648,4750.95
17649,5305.48
17650,7550.24
17651,6580.12
17652,10000
17653,10000
17654,10000
17655,10000
17656,10000
17657,10000
17658,10000
17659,10000
17660,10000
17661,10000
17662,10000
17663,10000
17664,10000
17665,4999.79
17666,4750.2
17667,4007.46
17668,3843.23
17669,4232.43
17670,3868.4
17671,3436.89
17672,3400.47
17673,3059.83
17674,3133.86
17675,3678.16
17676,3678.45
17677,4147.51
17678,3982.15
17679,3505.92
17680,3505.13
17681,3830.72
17682,3752.44
17683,3752.38
17684,3615.11
17685,3376.28
17686,3872
17687,3930.15
17688,3982.31
17689,4241.9
17690,4832.73
17691,4750.19
17692,4424.06
17693,3505.62
17694,3049.72
17695,3615.29
17696,2999.42
17697,2067.66
17698,2500.91
17699,2512.28
17700,2705.16
17701,2870.01
17702,2878.47
17703,2200.25
17704,1900.4
17705,1757.81
17706,1798.31
17707,1680.22
17708,1680.32
17709,1869.4
17710,1890.52
17711,1909.04
17712,1887.3
17713,1890.56
17714,1887.78
17715,1807
17716,1806.45
17717,1711.74
17718,1680.97
17719,1806.18
17720,1806.55
17721,1909.03
17722,1966.51
17723,1966.55
17724,2010.71
17725,2812.71
17726,3233.31
17727,2999.23
17728,3150.75
17729,2155.28
17730,2320.5
17731,2860.55
17732,3436.41
17733,3375.14
17734,3375.46
17735,3002.79
17736,3359.31
17737,3982.3
17738,3930.78
17739,4499.81
17740,5134.17
17741,5838.21
17742,10000
17743,10000
17744,10000
17745,10000
17746,10000
17747,10000
17748,10000
17749,10000
17750,10000
17751,10000
17752,10000
17753,10000
17754,10000
17755,10000
17756,10000
17757,10000
17758,10000
17759,5147.26
17760,4430.17
17761,4102.09
17762,3800.39
17763,3568.66
17764,3499.53
17765,3375.12
17766,3270.72
17767,3310.97
17768,3269.12
17769,3920.53
17770,3568.7
17771,3002.12
17772,2957.58
17773,3480.28
17774,3375.03
17775,3002.57
17776,3019.48
17777,3243.77
17778,3375.14
17779,2884.88
17780,2884.11
17781,2850.99
17782,2999.41
17783,3059.39
17784,3002.49
17785,3357.67
17786,3375.63
17787,2884.15
17788,1319.85
17789,919.58
17790,919.3
17791,919.91
17792,1590.92
17793,2500.02
17794,2174.28
17795,2034.13
17796,1869.57
17797,1499.27
17798,1499.07
17799,999.42
17800,999.64
17801,519.93
17802,519.95
17803,1680.12
17804,1680.46
17805,1869.03
17806,1869.97
17807,1900.8
17808,1923.66
17809,1887.94
17810,1890.9
17811,2034.16
17812,2034.35
17813,1900.21
17814,1900.3
17815,1980.15
17816,2110.79
17817,2812.88
17818,2999.79
17819,2254
17820,2511.09
17821,2700.69
17822,2770.17
17823,2740.47
17824,2812.29
17825,3002.57
17826,3139.35
17827,3460.98
17828,3498.17
17829,3319.65
17830,3185.98
17831,3122.76
17832,2912.35
17833,2840.79
17834,3410.2
17835,3678.07
17836,4499.16
17837,10000
17838,10000
17839,10000
17840,10000
17841,10000
17842,10000
17843,10000
17844,10000
17845,10000
17846,10000
17847,10000
17848,10000
17849,10000
17850,10000
17851,10000
17852,10000
17853,10000
17854,10000
17855,10000
17856,10000
17857,10000
17858,10000
17859,10000
17860,10000
17861,5499.7
17862,5499.45
17863,5388.8
17864,5388.02
17865,5100.14
17866,5050.91
17867,4389.89
17868,4219.37
17869,3749.77
17870,3679.21
17871,4219.63
17872,4115.41
17873,4219.74
17874,4300.04
17875,3999.47
17876,4000.66
17877,3749.28
17878,3749.82
17879,3498.37
17880,3498.58
17881,3982.45
17882,4219.03
17883,4219.51
17884,3824.1
17885,3517.21
17886,3505.26
17887,4147.09
17888,3615.64
17889,3915.98
17890,3517.47
17891,3300.82
17892,3150.42
17893,3112.5
17894,3233.92
17895,2705.59
17896,2325.68
17897,2920.32
17898,3139.01
17899,3139.81
17900,3143.51
17901,3051.34
17902,2999.5
17903,2800.4
17904,2625.8
17905,2325.64
17906,2595.65
17907,2692.27
17908,2512.15
17909,1901.61
17910,1901.55
17911,2000.51
17912,2325.97
17913,1904.14
17914,1904.65
17915,1595.98
17916,1886
17917,1400
17918,1899.37
17919,2174.26
17920,2216.9
17921,1999.28
17922,1999.13
17923,2518.79
17924,2704.31
17925,2685.89
17926,2275.71
17927,2000.18
17928,2275.41
17929,1999.11
17930,2840.57
17931,3724.39
17932,4499.59
17933,3750.2
17934,4012.3
17935,4500.39
17936,5050.53
17937,4374.63
17938,4422
17939,4100.49
17940,4300.24
17941,4710.44
17942,4740.67
17943,5050.26
17944,5050.83
17945,4361.37
17946,4374.48
17947,4679.23
17948,4679
17949,3677.49
17950,3630.71
17951,2969.23
17952,2969.23
17953,3677.2
17954,3375.44
17955,3376.46
17956,3373.15
17957,2957.79
17958,2797.78
17959,2940.53
17960,3047.44
17961,3151.64
17962,2856.37
17963,1901.63
17964,1829.45
17965,1886.79
17966,1886.88
17967,1666.91
17968,1666.87
17969,1605.8
17970,1605.97
17971,1917.86
17972,2000.99
17973,2000.24
17974,2250.55
17975,2499.29
17976,2499.15
17977,2670.27
17978,2692.64
17979,2249.14
17980,1906.53
17981,999.75
17982,999.74
17983,499.85
17984,1400.14
17985,1499.77
17986,1499.32
17987,999.91
17988,999.7
17989,999.25
17990,999.18
17991,999.51
17992,1410
17993,999.43
17994,999.38
17995,998.4
17996,870
17997,499.61
17998,439.05
17999,499.44
18000,499.44
18001,499.06
18002,399.18
18003,398.68
18004,398.92
18005,398.36
18006,398.54
18007,499.08
18008,499.16
18009,499.81
18010,708.62
18011,989.15
18012,1111
18013,1836.06
18014,1886.21
18015,1789.21
18016,1789.98
18017,1291
18018,919.79
18019,999.88
18020,1000.65
18021,2360.71
18022,2000.26
18023,1906.87
18024,2007.06
18025,2850.86
18026,2884.59
18027,2884.45
18028,3245.82
18029,3500.88
18030,3999.97
18031,3270.81
18032,3270.78
18033,3139.92
18034,3270.34
18035,4112.95
18036,4590.22
18037,3989.26
18038,3505.94
18039,3550.41
18040,3910.84
18041,4740.24
18042,4740.43
18043,4740.7
18044,4740.75
18045,3911.4
18046,3690.26
18047,3540.94
18048,3443.27
18049,2957.92
18050,2957.8
18051,2957.18
18052,2957.05
18053,2957.06
18054,2884.97
18055,2957.41
18056,2957.42
18057,3244.33
18058,3150.96
18059,2811.92
18060,2811.22
18061,2856.28
18062,2811.87
18063,2710.2
18064,2692.27
18065,2710.32
18066,2710.89
18067,2800.33
18068,2811.72
18069,3020.28
18070,3244.6
18071,2850.35
18072,2692.54
18073,2692.47
18074,2692.27
18075,2920.76
18076,2870.1
18077,3000.45
18078,3200.24
18079,2811.26
18080,2639.77
18081,2518.45
18082,2518.17
18083,2035.21
18084,2035.2
18085,1900.1
18086,1789.91
18087,999.34
18088,989.64
18089,949.62
18090,949.64
18091,939.63
18092,999.46
18093,919.85
18094,919.81
18095,999.05
18096,999.84
18097,1587.51
18098,1587.32
18099,1152.6
18100,1070.89
18101,999.97
18102,1179.8
18103,1680.51
18104,1732.8
18105,1732.74
18106,1789.96
18107,1904.88
18108,1906.58
18109,1836.03
18110,1836.05
18111,1980.65
18112,1919.73
18113,1794.09
18114,1933.61
18115,2563.07
18116,2629.06
18117,2840.94
18118,2840.92
18119,2410.47
18120,2692.41
18121,2275.36
18122,2216.95
18123,3064.48
18124,3518
18125,2999.59
18126,2884.92
18127,3150.28
18128,3150.08
18129,3502
18130,3890.56
18131,3999.23
18132,4010.21
18133,4770.95
18134,4969.03
18135,4800.21
18136,4740.51
18137,4740.43
18138,4740.14
18139,5388.39
18140,5264.59
18141,4022.75
18142,3868.85
18143,3868.03
18144,3678.27
18145,3821.32
18146,3989.67
18147,4109.42
18148,4147.93
18149,4216.83
18150,4216.27
18151,4000.25
18152,3916
18153,3989.77
18154,3921
18155,3796.66
18156,3730.05
18157,3749.47
18158,3796.91
18159,3780.12
18160,3730.78
18161,3730.62
18162,3749.25
18163,3830.46
18164,3850.47
18165,3989.05
18166,4069.85
18167,4297.05
18168,4216.73
18169,4216.04
18170,4216.18
18171,4216.05
18172,3900.15
18173,3796.76
18174,3821.26
18175,3678.98
18176,3678.68
18177,3444.63
18178,3444.6
18179,3270.56
18180,3270.4
18181,3499.67
18182,3376.61
18183,3195
18184,3111.19
18185,2885.91
18186,2895.32
18187,2957.57
18188,2957.53
18189,3376.96
18190,3373.03
18191,3730.5
18192,3646
18193,3195.96
18194,3139.36
18195,3083.11
18196,3053.38
18197,2811.06
18198,2811.61
18199,2877.59
18200,2857.12
18201,2857.41
18202,2885.83
18203,2999.13
18204,3316.26
18205,3386.08
18206,3460.78
18207,3816.38
18208,3850.8
18209,3819.19
18210,4136.24
18211,4794.84
18212,4685.02
18213,4010.01
18214,4102.57
18215,3819.7
18216,3993.6
18217,4000.31
18218,4396.78
18219,5350.39
18220,5500.64
18221,10000
18222,10000
18223,10000
18224,10000
18225,10000
18226,10000
18227,10000
18228,10000
18229,10000
18230,10000
18231,10000
18232,10000
18233,10000
18234,10000
18235,10000
18236,10000
18237,10000
18238,10000
18239,10000
18240,10000
18241,10000
18242,10000
18243,10000
18244,10000
18245,10000
18246,6199.67
18247,4999.78
18248,4999.31
18249,5499.82
18250,5388.83
18251,4801.36
18252,4685.81
18253,4554.58
18254,4590.1
18255,4499.21
18256,4385.43
18257,4374.01
18258,4374.47
18259,4452.83
18260,4499.45
18261,4385.35
18262,4985.62
18263,5500.11
18264,5484.56
18265,5500.42
18266,5500.03
18267,4794.43
18268,4554.18
18269,4610.3
18270,4499.86
18271,4396.64
18272,3993.08
18273,3796.77
18274,3993.39
18275,3993.11
18276,3868.99
18277,3900.55
18278,3850.4
18279,3993.31
18280,3993.45
18281,3601.87
18282,3580.1
18283,3263.35
18284,3000.77
18285,2595.97
18286,3083.42
18287,3375.81
18288,3376.2
18289,3375.31
18290,3373.37
18291,2869.52
18292,2779.58
18293,2595.94
18294,2890.37
18295,3386
18296,3770.5
18297,3495.58
18298,4541.5
18299,4499.21
18300,4400.71
18301,4374.19
18302,3999.66
18303,3729.55
18304,3993.47
18305,4499.98
18306,4794.19
18307,4985.12
18308,5285.06
18309,4536.52
18310,4499.84
18311,4499.37
18312,4740.44
18313,4499.66
18314,5350.52
18315,6510.57
18316,10000
18317,10000
18318,10000
18319,10000
18320,10000
18321,10000
18322,10000
18323,10000
18324,10000
18325,10000
18326,10000
18327,10000
18328,10000
18329,10000
18330,10000
18331,10000
18332,10000
18333,10000
18334,10000
18335,10000
18336,10000
18337,10000
18338,10000
18339,10000
18340,10000
18341,10000
18342,10000
18343,10000
18344,10000
18345,10000
18346,10000
18347,6499.01
18348,4794.57
18349,6838
18350,7463
18351,8734
18352,5500.92
18353,5936.55
18354,10000
18355,10000
18356,10000
18357,10000
18358,10000
18359,10000
18360,10000
18361,10000
18362,10000
18363,10000
18364,10000
18365,10000
18366,10000
18367,4868.19
18368,4519.23
18369,4109.91
18370,4361.9
18371,3993.62
18372,4216.5
18373,3749.19
18374,3863.38
18375,3384.52
18376,3499.26
18377,3064.95
18378,3150.99
18379,3373.48
18380,3386.01
18381,3386.51
18382,3499.31
18383,3374
18384,3316.89
18385,3247.5
18386,3129.26
18387,3850.1
18388,3850.01
18389,3499.76
18390,3499.94
18391,3678.97
18392,3850.08
18393,3850.72
18394,3999.03
18395,4356.53
18396,4356.65
18397,4356.41
18398,4499.83
18399,4010.96
18400,4216.27
18401,3999.51
18402,4007.3
18403,4385.98
18404,4554.89
18405,4499.12
18406,4452.31
18407,4007.36
18408,4370.85
18409,4499.06
18410,5100.67
18411,6830.28
18412,10000
18413,10000
18414,10000
18415,10000
18416,10000
18417,10000
18418,10000
18419,10000
18420,10000
18421,10000
18422,10000
18423,10000
18424,10000
18425,10000
18426,10000
18427,10000
18428,10000
18429,10000
18430,10000
18431,10000
18432,10000
18433,10000
18434,10000
18435,10000
18436,10000
18437,10000
18438,10000
18439,10000
18440,10000
18441,5000.95
18442,5000.58
18443,4450.53
18444,4409.7
18445,4870.72
18446,4870.52
18447,4870.53
18448,5100.06
18449,5396.8
18450,6006.18
18451,7999.51
18452,8030.13
18453,10000
18454,10000
18455,10000
18456,10000
18457,10000
18458,10000
18459,10000
18460,10000
18461,10000
18462,10000
18463,10000
18464,4620.87
18465,4069.19
18466,4024.49
18467,3448.81
18468,3448.49
18469,3375.53
18470,3678.62
18471,3250.58
18472,3150.73
18473,3036.5
18474,3247.22
18475,2923.18
18476,2800.67
18477,3064.46
18478,3373.53
18479,3386.73
18480,3386.12
18481,3386.21
18482,3443.58
18483,3364.42
18484,3373.46
18485,2869.61
18486,3064.61
18487,3064.85
18488,3064.58
18489,3380.85
18490,3507.71
18491,3386.06
18492,3499.48
18493,3900.17
18494,3947.09
18495,4370.83
18496,4370.51
18497,3990.38
18498,4074
18499,4499.58
18500,4515.41
18501,4370.76
18502,3906.16
18503,3868.36
18504,4328.6
18505,3868.17
18506,3990.15
18507,5754.77
18508,10000
18509,10000
18510,10000
18511,10000
18512,10000
18513,10000
18514,10000
18515,10000
18516,10000
18517,10000
18518,10000
18519,10000
18520,10000
18521,10000
18522,10000
18523,10000
18524,10000
18525,10000
18526,10000
18527,10000
18528,10000
18529,10000
18530,10000
18531,10000
18532,10000
18533,10000
18534,10000
18535,10000
18536,7500.78
18537,4173.98
18538,4353.79
18539,3720.94
18540,3531.25
18541,5000.92
18542,5350.26
18543,3989.56
18544,3749.91
18545,3730.06
18546,3730.14
18547,3375.91
18548,3375.43
18549,3504.87
18550,3507.46
18551,3816.92
18552,3900.22
18553,4050.87
18554,4161.54
18555,3796.84
18556,3507.16
18557,3000.11
18558,2920.14
18559,2521.81
18560,2490.86
18561,1919.55
18562,2007.3
18563,2600.73
18564,2779.65
18565,1997
18566,2713.92
18567,1904.86
18568,1900.48
18569,1900.97
18570,1900.18
18571,1836.33
18572,1906.71
18573,2250.39
18574,2500.94
18575,2298.24
18576,2007.82
18577,1933.2
18578,1917.57
18579,1904.21
18580,1900.8
18581,1199.63
18582,1199.5
18583,2300.87
18584,2360.27
18585,2870.85
18586,3048.89
18587,2442.81
18588,2500.11
18589,1986.9
18590,2250.36
18591,1900.54
18592,2250.31
18593,2360.76
18594,2870.71
18595,2512.93
18596,2510.84
18597,3080.7
18598,2850.53
18599,2877.02
18600,2850.96
18601,2595.47
18602,2490.83
18603,1889.32
18604,1889.78
18605,3244.16
18606,3699.58
18607,4370.51
18608,4700.29
18609,4216.17
18610,4484.55
18611,4690.86
18612,5000.7
18613,4600.26
18614,5252.59
18615,4395.43
18616,4370.11
18617,3999.18
18618,3999.66
18619,3999.7
18620,4499.1
18621,3500.96
18622,3495.87
18623,3282
18624,3150.01
18625,3500.71
18626,3500.4
18627,3600.55
18628,3500.45
18629,3500.33
18630,3500.38
18631,3677.73
18632,3621.88
18633,3816.38
18634,3544.56
18635,3490.38
18636,3384.21
18637,3710.68
18638,3780.1
18639,3510.34
18640,3375.45
18641,3112.08
18642,3373.14
18643,3000.67
18644,3112.63
18645,3525.18
18646,3510.51
18647,3510.53
18648,3373.41
18649,3420.34
18650,3500.7
18651,3501
18652,3500.03
18653,2499.52
18654,2499.56
18655,2020
18656,2000.47
18657,1699.45
18658,1906.09
18659,2549.22
18660,2692.3
18661,1919.45
18662,2155.71
18663,2885.38
18664,2885.52
18665,2779.24
18666,2500.75
18667,2275.73
18668,2275.56
18669,2465.38
18670,2450.23
18671,1807.79
18672,1765.59
18673,1732.43
18674,1789.28
18675,1732.41
18676,1732.06
18677,1291.64
18678,1305.32
18679,1836.76
18680,2007.05
18681,2595.58
18682,3139.2
18683,3064.27
18684,3263.68
18685,3270.44
18686,3247.12
18687,3386.83
18688,3386.33
18689,3375.62
18690,3064.48
18691,3100.39
18692,3092
18693,3247.44
18694,3064.81
18695,2999.13
18696,3247.31
18697,4109.82
18698,4499.95
18699,4550.25
18700,5484.75
18701,5450.57
18702,6999.24
18703,9281.63
18704,10000
18705,10000
18706,10000
18707,10000
18708,10000
18709,10000
18710,10000
18711,10000
18712,10000
18713,10000
18714,10000
18715,10000
18716,10000
18717,10000
18718,10000
18719,10000
18720,10000
18721,5082.6
18722,5000.95
18723,4650.92
18724,4499.87
18725,4590.22
18726,4499.37
18727,4239.16
18728,4059.9
18729,4364.32
18730,4364.38
18731,4385.27
18732,4370.51
18733,4364.4
18734,4250.94
18735,4364.34
18736,4188.34
18737,4188.48
18738,4364.08
18739,4109.85
18740,4099.64
18741,3510.67
18742,3600.41
18743,3519.1
18744,3749.19
18745,3850.32
18746,3749.89
18747,4075
18748,3749.52
18749,3376.69
18750,3373.06
18751,3000.88
18752,2995.2
18753,2800.55
18754,2595.24
18755,1999.45
18756,1999.91
18757,2869.03
18758,2920.22
18759,2920.82
18760,2877.11
18761,2765.31
18762,2465.77
18763,2505.01
18764,2205.32
18765,2250.14
18766,2465.09
18767,2652
18768,2650.6
18769,1919.44
18770,1999.47
18771,2007.86
18772,1999.25
18773,1732.76
18774,1789.25
18775,1957.32
18776,2692.08
18777,2650.29
18778,2895.93
18779,2819.63
18780,2692.1
18781,3003.04
18782,2996.57
18783,3064.99
18784,3150.2
18785,2869.35
18786,2869.89
18787,2490.13
18788,1919.63
18789,2595.3
18790,2999.2
18791,2119
18792,2119.39
18793,3000.48
18794,3373.17
18795,3373.81
18796,3906.52
18797,4484.1
18798,4484.05
18799,4499.99
18800,4749.93
18801,4541.81
18802,5350.79
18803,4554.65
18804,6000.15
18805,5500.25
18806,6998.79
18807,6160.14
18808,5879.18
18809,5499.73
18810,5500.25
18811,8794.29
18812,10000
18813,7999.98
18814,10000
18815,10000
18816,7531.22
18817,5500.06
18818,5000.94
18819,4541.04
18820,4370.22
18821,0
18822,0
18823,4499.21
18824,4370.6
18825,4007.3
18826,3998
18827,4484.67
18828,4356.05
18829,4484.18
18830,4385.1
18831,4396.98
18832,4385.81
18833,4499.88
18834,4499.06
18835,4499.35
18836,4484.28
18837,3800.97
18838,3909.85
18839,4100.58
18840,3544.46
18841,4188.29
18842,4385.11
18843,4216.43
18844,4188.78
18845,4356.25
18846,4188.34
18847,4188.23
18848,3993.97
18849,4109.1
18850,4139.92
18851,4216.04
18852,4109.64
18853,4216.53
18854,4385.02
18855,3375.47
18856,3386.44
18857,3269.13
18858,3386.42
18859,2920.35
18860,3064.91
18861,3270.53
18862,3270.72
18863,3601.13
18864,3517.19
18865,3320.04
18866,3450.15
18867,3316.77
18868,3064.95
18869,2692.7
18870,2779.09
18871,2115.91
18872,2490.4
18873,2900.22
18874,3146.73
18875,2710.35
18876,2739.17
18877,3850.19
18878,3850.15
18879,3800.85
18880,3375.22
18881,2700.93
18882,2999.71
18883,3200.18
18884,3320.34
18885,2850.71
18886,2764.74
18887,3375.45
18888,3749.4
18889,4112.23
18890,4356.01
18891,4740.6
18892,8000.26
18893,10000
18894,10000
18895,10000
18896,10000
18897,10000
18898,10000
18899,10000
18900,10000
18901,10000
18902,10000
18903,10000
18904,10000
18905,10000
18906,10000
18907,10000
18908,10000
18909,10000
18910,10000
18911,10000
18912,10000
18913,10000
18914,10000
18915,10000
18916,10000
18917,10000
18918,10000
18919,10000
18920,10000
18921,5396.07
18922,4985.98
18923,4985.21
18924,4590.64
18925,4985.95
18926,5000.43
18927,5500.23
18928,5484.18
18929,5000.97
18930,5350.5
18931,4610.27
18932,4610.24
18933,3810.26
18934,4216.49
18935,4484.31
18936,4484.58
18937,4356.09
18938,4610.82
18939,5000.52
18940,4944.98
18941,4590.74
18942,4499.92
18943,3600.91
18944,3375.48
18945,2991.08
18946,2999.7
18947,1839.01
18948,999.92
18949,799.71
18950,799.85
18951,1199.84
18952,1761.14
18953,800.9
18954,882.61
18955,2500.91
18956,2500.92
18957,900.84
18958,900.84
18959,800.6
18960,800.56
18961,749.49
18962,749.51
18963,700.73
18964,700.66
18965,699.64
18966,699.73
18967,700.3
18968,700.4
18969,1848.19
18970,1904.6
18971,2400.29
18972,2410.76
18973,3373.23
18974,3376.68
18975,3000.12
18976,2779.37
18977,2356
18978,1499.12
18979,2300.67
18980,2779.51
18981,3500.16
18982,4109.37
18983,4356.05
18984,4239.1
18985,3373.54
18986,4007.17
18987,4718.82
18988,5500.91
18989,10000
18990,10000
18991,10000
18992,10000
18993,10000
18994,10000
18995,10000
18996,10000
18997,10000
18998,10000
18999,10000
19000,10000
19001,10000
19002,10000
19003,10000
19004,10000
19005,10000
19006,10000
19007,10000
19008,10000
19009,10000
19010,10000
19011,10000
19012,10000
19013,10000
19014,10000
19015,10000
19016,10000
19017,10000
19018,10000
19019,10000
19020,10000
19021,10000
19022,10000
19023,10000
19024,10000
19025,10000
19026,10000
19027,10000
19028,10000
19029,3672.83
19030,4239.66
19031,4484.84
19032,4484.99
19033,4500.77
19034,5754.45
19035,5589.7
19036,5484.43
19037,4870.73
19038,4500.75
19039,4000.67
19040,3480.44
19041,3375.76
19042,3300.51
19043,2999.35
19044,2850.48
19045,3964.14
19046,3964.95
19047,3850.21
19048,3510.92
19049,3906.33
19050,3964.95
19051,2956
19052,2814.33
19053,2779.67
19054,2595.75
19055,3499.47
19056,3519.53
19057,3376.76
19058,3376.67
19059,3499.73
19060,3376.04
19061,1999.37
19062,1999.6
19063,2779.83
19064,3000.9
19065,2940.76
19066,3376.53
19067,3019.95
19068,3376.05
19069,4499.15
19070,4907
19071,4499.27
19072,4985.04
19073,4216.25
19074,4019.14
19075,3010.55
19076,3319.53
19077,2650.66
19078,2919.07
19079,3373.87
19080,3373.82
19081,3250.98
19082,3796.66
19083,5100.4
19084,5999.13
19085,10000
19086,10000
19087,10000
19088,10000
19089,10000
19090,10000
19091,10000
19092,10000
19093,10000
19094,10000
19095,10000
19096,10000
19097,10000
19098,10000
19099,10000
19100,10000
19101,10000
19102,10000
19105,10000
19106,10000
19107,10000
19108,10000
19109,10000
19110,10000
19111,10000
19112,10000
19113,10000
19114,10000
19115,10000
19116,10000
19117,10000
19118,10000
19119,10000
19120,10000
19121,10000
19122,10000
19123,10000
19124,10000
19125,4944.22
19126,4590.9
19127,3964.41
19128,4080.89
19129,4985.34
19130,7449.96
19131,5100.05
19132,4985.23
19133,5484.8
19134,5100.42
19135,5100.17
19136,4590.26
19137,4314.59
19138,3993.51
19139,3499.48
19140,3376.93
19141,3084.65
19142,3084.62
19143,2950.52
19144,2780.34
19145,2850.34
19146,2940.3
19147,3364.8
19148,3373.97
19149,3373.98
19150,3601.06
19151,3521.41
19152,3499.21
19153,2877.07
19154,3336.63
19155,2590.82
19156,2485.25
19157,1599.9
19158,1789.11
19159,1888.29
19160,2077.87
19161,1499.98
19162,1732.57
19163,2250.41
19164,2500.69
19165,3850.17
19166,3967.71
19167,4139.45
19168,4109.46
19169,4188.26
19170,4356.15
19171,3570.5
19172,4139.61
19173,4499.48
19174,4750.5
19175,5396.18
19176,5368.69
19177,4984.27
19178,5244.63
19179,5500.21
19180,8968
19181,10000
19182,10000
19183,10000
19184,10000
19185,10000
19186,10000
19187,10000
19188,10000
19189,10000
19190,10000
19191,10000
19192,10000
19193,10000
19194,10000
19195,10000
19196,10000
19197,10000
19198,10000
19199,10000
19200,10000
19201,10000
19202,10000
19203,10000
19204,10000
19205,10000
19206,10000
19207,10000
19208,10000
19209,10000
19210,10000
19211,9990.51
19212,6200.46
19213,5484.91
19214,5484.6
19215,4499.2
19216,4499.15
19217,4499.1
19218,4501.66
19219,4450.88
19220,4356.61
19221,3479.33
19222,3479.66
19223,4139.83
19224,4357
19225,4969.54
19226,5579.29
19227,4944.63
19228,4510.81
19229,4590.52
19230,4484.46
19231,4007.05
19232,3749.67
19233,3640.08
19234,4000.14
19235,2920.35
19236,2512.73
19237,2850.11
19238,2712.49
19239,2850.44
19240,2820.27
19241,2720.67
19242,2719.92
19243,2091.82
19244,1399.1
19245,899.64
19246,999.37
19247,1789.75
19248,1789.19
19249,699.99
19250,1412.43
19251,1789.96
19252,1732.69
19253,1261
19254,999.5
19255,1732.26
19256,1933.28
19257,2500.07
19258,2500.65
19259,2870.78
19260,3263.37
19261,2999.66
19262,3263.49
19263,4500.07
19264,4500.45
19265,3460.26
19266,3730.86
19267,3550.97
19268,3910.79
19269,4074.34
19270,4139.73
19271,5350.97
19272,4985.48
19273,3619
19274,4007.2
19275,4690.37
19276,5484.76
19277,10000
19278,10000
19279,10000
19280,10000
19281,10000
19282,10000
19283,10000
19284,10000
19285,10000
19286,10000
19287,10000
19288,10000
19289,10000
19290,10000
19291,10000
19292,10000
19293,10000
19294,10000
19295,10000
19296,10000
19297,10000
19298,10000
19299,10000
19300,10000
19301,10000
19302,10000
19303,10000
19304,10000
19305,10000
19306,10000
19307,10000
19308,10000
19309,10000
19310,10000
19311,10000
19312,7999.57
19313,7531.95
19314,10000
19315,9999.24
19316,10000
19317,4499.25
19318,4944.47
19319,6245.28
19320,6499.85
19321,8000.87
19322,10000
19323,10000
19324,10000
19325,4007.51
19326,4000.31
19327,2850.19
19328,2510.63
19329,3019.85
19330,3286
19331,2850.87
19332,2078
19333,799.86
19334,799.77
19335,989.37
19336,1590.08
19337,2692.79
19338,2920.21
19339,2500.46
19340,2499.72
19341,2077.37
19342,2420.15
19343,2510.66
19344,2510.68
19345,2390.83
19346,2370.5
19347,2410.37
19348,2205.91
19349,2000.98
19350,2077.82
19351,2699.6
19352,2909.3
19353,2779.88
19354,3064.32
19355,3064.28
19356,3373.31
19357,3850.72
19358,3850.89
19359,3376.56
19360,3386.67
19361,3947.73
19362,3950.98
19363,4109.55
19364,4109.85
19365,4228.55
19366,4370.69
19367,4484.43
19368,4109.67
19369,4139.59
19370,4554.31
19371,5900.54
19372,10000
19373,10000
19374,10000
19375,10000
19376,10000
19377,10000
19378,10000
19379,10000
19380,10000
19381,10000
19382,10000
19383,10000
19384,10000
19385,10000
19386,10000
19387,10000
19388,10000
19389,10000
19390,10000
19391,10000
19392,10000
19393,10000
19394,10000
19395,10000
19396,10000
19397,10000
19398,10000
19399,10000
19400,10000
19401,10000
19402,10000
19403,10000
19404,10000
19405,10000
19406,10000
19407,10000
19408,10000
19409,10000
19410,10000
19411,10000
19412,10000
19413,5100.69
19414,6199.98
19415,4984.12
19416,4754.74
19417,4800.84
19418,4984.37
19419,4888
19420,4484.96
19421,3906.42
19422,3600.22
19423,2898.88
19424,2398.37
19425,2191.37
19426,2205.9
19427,1499.07
19428,1497.42
19429,2719.58
19430,2611.44
19431,696.97
19432,635.1
19433,582.62
19434,522.83
19435,499.94
19436,499.93
19437,1286.48
19438,1440.51
19439,999.92
19440,999.93
19441,583.1
19442,579.76
19443,599.58
19444,399.45
19445,299.91
19446,299.95
19447,410.33
19448,498.61
19449,583.63
19450,889.6
19451,2007.46
19452,2192
19453,2077.17
19454,2091.12
19455,2077.09
19456,2399.52
19457,2007.14
19458,2091.29
19459,2719.33
19460,2779.72
19461,3247.38
19462,3320.54
19463,2700.8
19464,2205.9
19465,2077.51
19466,2465.18
19467,3373.54
19468,3916
19469,4007.44
19470,4228
19471,4188.79
19472,4600.9
19473,4538.22
19474,4754.34
19475,5754.71
19476,10000
19477,10000
19478,10000
19479,10000
19480,10000
19481,10000
19482,10000
19483,10000
19484,10000
19485,10000
19486,10000
19487,10000
19488,10000
19489,10000
19490,10000
19491,10000
19492,10000
19493,9998.12
19494,7999.54
19495,6499.36
19496,5368.98
19497,4792.73
19498,4685.44
19499,3900.28
19500,3900.77
19501,4139.24
19502,4000.98
19503,3252.02
19504,2850.2
19505,2850.89
19506,3373.79
19507,4450.61
19508,4520.56
19509,2940.21
19510,3375.82
19511,3499.27
19512,3580.09
19513,3517.75
19514,3500.07
19515,4109.72
19516,3993.62
19517,4499.14
19518,4499.71
19519,4109.87
19520,3993.97
19521,3199.86
19522,2999.34
19523,2950.45
19524,2450.92
19525,3543.33
19526,3590
19527,3320.62
19528,3359.11
19529,2850.33
19530,2779.95
19531,2650.35
19532,2640.77
19533,2779.65
19534,2877.82
19535,2500.75
19536,2465.27
19537,2505.06
19538,2500.98
19539,2465.73
19540,2400.34
19541,2091.19
19542,2465.56
19543,2465.84
19544,2692.19
19545,2238.13
19546,2465.69
19547,1904.71
19548,1839.75
19549,2465.02
19550,2692.5
19551,3240.3
19552,3240.49
19553,3570.6
19554,3900.48
19555,3678.91
19556,3517.89
19557,3749.86
19558,3569.66
19559,3375.8
19560,3375.86
19561,3386.93
19562,4004.67
19563,4356.13
19564,4356.73
19565,10000
19566,10000
19567,10000
19568,10000
19569,10000
19570,10000
19571,10000
19572,10000
19573,10000
19574,10000
19575,10000
19576,10000
19577,10000
19578,10000
19579,10000
19580,10000
19581,10000
19582,10000
19583,10000
19584,10000
19585,10000
19586,10000
19587,10000
19588,10000
19589,10000
19590,5285.65
19591,3939.53
19592,3939.28
19593,3500.91
19594,3700.27
19595,3700.74
19596,3796.42
19597,4370.54
19598,4391.15
19599,4370.8
19600,4064.05
19601,3780.34
19602,3816.37
19603,2946
19604,2999.4
19605,1789.64
19606,2590.05
19607,3020.48
19608,3375.39
19609,3700.34
19610,3816.73
19611,4000.41
19612,3993.49
19613,3599.03
19614,3384.64
19615,3749.26
19616,3749.39
19617,3300.5
19618,3200.6
19619,3700.92
19620,3796.88
19621,3816.96
19622,3700.89
19623,3219.34
19624,3064.76
19625,3499.37
19626,3375.7
19627,3064.66
19628,2999.39
19629,3064.1
19630,3064.81
19631,3064.7
19632,3020.18
19633,3118.42
19634,3000.26
19635,2505.69
19636,2465.49
19637,1836.67
19638,1999.1
19639,2012.45
19640,2465.36
19641,2519.64
19642,2595.36
19643,2869.6
19644,3064.99
19645,2877.45
19646,3064.81
19647,3384.23
19648,3598.18
19649,3364.75
19650,3373.64
19651,3337.74
19652,3375.57
19653,3993.31
19654,4093.37
19655,3816.2
19656,3749.17
19657,3700.03
19658,3988.43
19659,4460.53
19660,4740.05
19661,10000
19662,10000
19663,10000
19664,10000
19665,10000
19666,10000
19667,10000
19668,10000
19669,10000
19670,10000
19671,10000
19672,10000
19673,10000
19674,10000
19675,10000
19676,10000
19677,10000
19678,10000
19679,10000
19680,10000
19681,5500.93
19682,4984
19683,4490.76
19684,4421.36
19685,3830.36
19686,3000.55
19687,2890.8
19688,2631.33
19689,3110.02
19690,2999.97
19691,3110.42
19692,3110.15
19693,3830.58
19694,3830.81
19695,3796.76
19696,3375.6
19697,3373.36
19698,3375.02
19699,3375.18
19700,3410.05
19701,2750.14
19702,2850.08
19703,3375.09
19704,3375.7
19705,3796.76
19706,4356.5
19707,4356.71
19708,4300.48
19709,3964.71
19710,3816.47
19711,3384.68
19712,3247.52
19713,2869.49
19714,2920.67
19715,2699.9
19716,2692.68
19717,3064.14
19718,3337.6
19719,3337.04
19720,3200.57
19721,3170.59
19722,3170.81
19723,2920.21
19724,2850.39
19725,2869.09
19726,2779.44
19727,2719.86
19728,2585.29
19729,2692.28
19730,2650.89
19731,1839.27
19732,1789.91
19733,999.71
19734,999.94
19735,1000.14
19736,1635.67
19737,1732.8
19738,1933.3
19739,2551.07
19740,2692
19741,2807.75
19742,2999.47
19743,2870.97
19744,3064.8
19745,2869.4
19746,2759.9
19747,2657.18
19748,2549.74
19749,2900.18
19750,3386.86
19751,3499.43
19752,3569.02
19753,2850.13
19754,2632.41
19755,3700.54
19756,3816.34
19757,5368.06
19758,10000
19759,10000
19760,10000
19761,10000
19762,10000
19763,10000
19764,10000
19765,10000
19766,10000
19767,10000
19768,10000
19769,10000
19770,10000
19771,10000
19772,10000
19773,10000
19774,10000
19775,10000
19776,10000
19777,5000.42
19778,4594.69
19779,4009.91
19780,4009.37
19781,3706.53
19782,3499.43
19783,2850.96
19784,2850.96
19785,3375.43
19786,3500.08
19787,3700.6
19788,3700.38
19789,3830
19790,3800.85
19791,3749.51
19792,3569.04
19793,3400.09
19794,3569.36
19795,3373.4
19796,3384.41
19797,3375.84
19798,3610.57
19799,3780.83
19800,3780.14
19801,4039.53
19802,4100.05
19803,4400.14
19804,4400.22
19805,4100.48
19806,4100.63
19807,3993.84
19808,3989.48
19809,3730.31
19810,3640.85
19811,3019.62
19812,3019.48
19813,3010.63
19814,3383.5
19815,2900.01
19816,2900.67
19817,2950.71
19818,2877.26
19819,2595.57
19820,2525.29
19821,2692.1
19822,2675.37
19823,1950.22
19824,2077.54
19825,2465.49
19826,2519.51
19827,1957.19
19828,1933.71
19829,1933.47
19830,1950.33
19831,1999.42
19832,2007.4
19833,2595.08
19834,2765.25
19835,2779.89
19836,2999.25
19837,3064.99
19838,3290.09
19839,3064.19
19840,3373.9
19841,3499.37
19842,3499.2
19843,3807.39
19844,3808.12
19845,3806.86
19846,3808.26
19847,4505.71
19848,4391.79
19849,3799.32
19850,4230.85
19851,4984.69
19852,10000
19853,10000
19854,10000
19855,10000
19856,10000
19857,10000
19858,10000
19859,10000
19860,10000
19861,10000
19862,10000
19863,10000
19864,10000
19865,10000
19866,10000
19867,10000
19868,10000
19869,10000
19870,10000
19871,10000
19872,10000
19873,3600.09
19874,3127
19875,3410.99
19876,3375.79
19877,3500.88
19878,3600.18
19879,3499.57
19880,3376.73
19881,3850.26
19882,3989.12
19883,3988.86
19884,3917.41
19885,3375.03
19886,3000.23
19887,2869.68
19888,2900.46
19889,3000.03
19890,3376.97
19891,3700.37
19892,3749.05
19893,2850.58
19894,2850.69
19895,2999.33
19896,2870.73
19897,3796.44
19898,4000.69
19899,4000.48
19900,4000.2
19901,3989.53
19902,3796.63
19903,3371.61
19904,2707
19905,3000.43
19906,3250.39
19907,3373.16
19908,3386.04
19909,3700.19
19910,3838.15
19911,3749.19
19912,3659.94
19913,3064.41
19914,3021
19915,2650.1
19916,2091.91
19917,2139.33
19918,2465.07
19919,2465.93
19920,2562.4
19921,3517.46
19922,3520.35
19923,3376.06
19924,2568.08
19925,1100.96
19926,1344.27
19927,2000.59
19928,2648.63
19929,2091.44
19930,2519.66
19931,1836.98
19932,1836.68
19933,2719.31
19934,3110.87
19935,3064.28
19936,3373.12
19937,2999.5
19938,3373.89
19939,3376.89
19940,3373.49
19941,3749.58
19942,3988.09
19943,3749.54
19944,3989.26
19945,3373.48
19946,3749.68
19947,4385.43
19948,4750.59
19949,10000
19950,10000
19951,10000
19952,10000
19953,10000
19954,10000
19955,10000
19956,10000
19957,10000
19958,10000
19959,10000
19960,10000
19961,10000
19962,10000
19963,10000
19964,10000
19965,10000
19966,10000
19967,10000
19968,10000
19969,10000
19970,10000
19971,9999.81
19972,5284.52
19973,4769.47
19974,4490.05
19975,3899.84
19976,3939
19977,4095.49
19978,4356.14
19979,3700.87
19980,3550.89
19981,3939.25
19982,3930.2
19983,3830.17
19984,3750.74
19985,3600.74
19986,3659.14
19987,3600.52
19988,3650.42
19989,3263.75
19990,3375.77
19991,3500.52
19992,3500.82
19993,4109.92
19994,4490.18
19995,4007.11
19996,4000.27
19997,3259.18
19998,3249.51
19999,3580.5
20000,3616.41
20001,3499.39
20002,3616.22
20003,3580.09
20004,3601.08
20005,3517.87
20006,3386.54
20007,3195.51
20008,2999.15
20009,2553.56
20010,2465.36
20011,2719.27
20012,2692.61
20013,2593.94
20014,2595.12
20015,2077.42
20016,1836.96
20017,1732.03
20018,1732.1
20019,1000.8
20020,1000.66
20021,500.61
20022,500.65
20023,500.88
20024,699.09
20025,1789.36
20026,2077.82
20027,2519.43
20028,3064.29
20029,3064.33
20030,3230.2
20031,2877.68
20032,3263.72
20033,2860
20034,3050.96
20035,3375.83
20036,3375.86
20037,3850.48
20038,3988.73
20039,3600.97
20040,3500.62
20041,3650.37
20042,4147.64
20043,4769.74
20044,5500.82
20045,10000
20046,10000
20047,10000
20048,10000
20049,10000
20050,10000
20051,10000
20052,10000
20053,10000
20054,10000
20055,10000
20056,10000
20057,10000
20058,10000
20059,10000
20060,10000
20061,10000
20062,10000
20063,10000
20064,10000
20065,10000
20066,10000
20067,10000
20068,10000
20069,5500.89
20070,5300.48
20071,5500.48
20072,5284.37
20073,4484.41
20074,4220.95
20075,3936.76
20076,3919.16
20077,4410.68
20078,4484.56
20079,4470.06
20080,4484.2
20081,4410.48
20082,4380.16
20083,4405
20084,4396.38
20085,3421.76
20086,3749.32
20087,4000.27
20088,3993.24
20089,4754.1
20090,4984.03
20091,4499.67
20092,4499.3
20093,4007.06
20094,3993.66
20095,3499.29
20096,2990.88
20097,2999.63
20098,3375.96
20099,3500.62
20100,3499.56
20101,2692.26
20102,2671.27
20103,2466
20104,2465.85
20105,1719.88
20106,1836.83
20107,1635.72
20108,1599.89
20109,1635.55
20110,1750.91
20111,1635.26
20112,1635.14
20113,1199.31
20114,900.99
20115,500.93
20116,500.94
20117,500.89
20118,500.98
20119,989.52
20120,999.74
20121,999.15
20122,1500.56
20123,1404
20124,1703.9
20125,1500.56
20126,1836.93
20127,2000.94
20128,2139.21
20129,1957.55
20130,2465.06
20131,2696.92
20132,2800.12
20133,3373.15
20134,3247.86
20135,3195.69
20136,3064.93
20137,3064.69
20138,3250.59
20139,3850.42
20140,4000.52
20141,4490.62
20142,4554.59
20143,4500.55
20144,5000.63
20145,7409.17
20146,10000
20147,10000
20148,10000
20149,10000
20150,10000
20151,10000
20152,10000
20153,10000
20154,10000
20155,10000
20156,10000
20157,10000
20158,10000
20159,10000
20160,10000
20161,10000
20162,10000
20163,10000
20164,10000
20165,10000
20166,10000
20167,10000
20168,10000
20169,10000
20170,10000
20171,4999.79
20172,4944.99
20173,4985.27
20174,4985.28
20175,4985.53
20176,4944.5
20177,4490.91
20178,4490.4
20179,4499.5
20180,4499.57
20181,2850.03
20182,3569.04
20183,3975.75
20184,4039.13
20185,4984.24
20186,5284.27
20187,6658.65
20188,6362.5
20189,5284.84
20190,5073.41
20191,4944.37
20192,4499.04
20193,4499.71
20194,4499.54
20195,4484.43
20196,4435.8
20197,4435.41
20198,4356.48
20199,4007.36
20200,3600.95
20201,2900.23
20202,3064.21
20203,2850.17
20204,2752.49
20205,3616.27
20206,3649.73
20207,3386.75
20208,3094
20209,2205
20210,2205.75
20211,2139.86
20212,2139.83
20213,2007.79
20214,2205.72
20215,2500.22
20216,2519.71
20217,3000.93
20218,3386.12
20219,3195.97
20220,3247.82
20221,3749.59
20222,4074.36
20223,4239.64
20224,4499.24
20225,4490.79
20226,4685.73
20227,4984.43
20228,4985.33
20229,4740.97
20230,4499.96
20231,4769.13
20232,4984.28
20233,4984.75
20234,6510.33
20235,10000
20236,10000
20237,10000
20238,10000
20239,10000
20240,10000
20241,10000
20242,10000
20243,10000
20244,10000
20245,10000
20246,10000
20247,10000
20248,10000
20249,10000
20250,10000
20251,10000
20252,10000
20253,10000
20254,10000
20255,10000
20256,10000
20257,10000
20258,10000
20259,10000
20260,10000
20261,10000
20262,10000
20263,10000
20264,10000
20265,10000
20266,10000
20267,10000
20268,10000
20269,10000
20270,10000
20271,10000
20272,10000
20273,10000
20274,10000
20275,10000
20276,10000
20277,10000
20278,10000
20279,10000
20280,10000
20281,10000
20282,10000
20283,10000
20284,10000
20285,10000
20286,10000
20287,10000
20288,10000
20289,10000
20290,10000
20291,4499.69
20292,4176
20293,3939.94
20294,4385.15
20295,4484.29
20296,4356.03
20297,3645.58
20298,3375.93
20299,3600.57
20300,3384.3
20301,3734
20302,3749.63
20303,2602.97
20304,2743
20305,2710.25
20306,2839.07
20307,2700.85
20308,2719.13
20309,2269.9
20310,2500.94
20311,3247.86
20312,3259.21
20313,3376.74
20314,3601.46
20315,3792.45
20316,3939.73
20317,4413.41
20318,4499.08
20319,4499.67
20320,4985.52
20321,5284.48
20322,5500.72
20323,6950.06
20324,6980.55
20325,8254.64
20326,5754.75
20327,6999.32
20328,6999.38
20329,6999.77
20330,8000.89
20331,10000
20332,10000
20333,10000
20334,10000
20335,10000
20336,10000
20337,10000
20338,10000
20339,10000
20340,10000
20341,10000
20342,10000
20343,10000
20344,10000
20345,10000
20346,10000
20347,10000
20348,10000
20349,10000
20350,10000
20351,10000
20352,10000
20353,10000
20354,10000
20355,10000
20356,10000
20357,10000
20358,10000
20359,10000
20360,10000
20361,10000
20362,10000
20363,10000
20364,10000
20365,10000
20366,10000
20367,10000
20368,10000
20369,10000
20370,10000
20371,10000
20372,10000
20373,5999.96
20374,9002.56
20375,5999.34
20376,5999.51
20377,10000
20378,10000
20379,10000
20380,10000
20381,10000
20382,10000
20383,5360
20384,3999.63
20385,4460.39
20386,4460.17
20387,3574.54
20388,3500
20389,3000.07
20390,3000.46
20391,2500.16
20392,2000.82
20393,2692.47
20394,2719.43
20395,2719.7
20396,2784
20397,2692.13
20398,2599.62
20399,2000.64
20400,2000.51
20401,2465.04
20402,2465.51
20403,2139.12
20404,2077.56
20405,2401.21
20406,2420.45
20407,2692.29
20408,2692.76
20409,3616.85
20410,3749.2
20411,3247.77
20412,2890.61
20413,3600.1
20414,4064.47
20415,3700.86
20416,3919.97
20417,3460.21
20418,3450.06
20419,3300.93
20420,3200
20421,4250.38
20422,4490.53
20423,3616.66
20424,3375.99
20425,1499.66
20426,3640.83
20427,5100.19
20428,8000.28
20429,10000
20430,10000
20431,10000
20432,10000
20433,10000
20434,10000
20435,10000
20436,10000
20437,10000
20438,10000
20439,4749.8
20440,4749.58
20441,5368.05
20442,5100.82
20443,5100.19
20444,5284.77
20445,4944.27
20446,4769.12
20447,4250.16
20448,4064.33
20449,3780.83
20450,3700.72
20451,3600.77
20452,3730.95
20453,3660.67
20454,3500.76
20455,3057.19
20456,3057.45
20457,2783.93
20458,2800.1
20459,2800.31
20460,2783.78
20461,2800.6
20462,2783.91
20463,1999.35
20464,1599.45
20465,1489.73
20466,1489.74
20467,1299.68
20468,1299.72
20469,1399.87
20470,1789.25
20471,1069.91
20472,1069.7
20473,2250.69
20474,2510
20475,2856.59
20476,2870.42
20477,3796.12
20478,3939.56
20479,3057.06
20480,2007.87
20481,2269.3
20482,2269.63
20483,1886.88
20484,1635.29
20485,1906.42
20486,1917.55
20487,1906.38
20488,1904.34
20489,1789.09
20490,1703.99
20491,1499.69
20492,1499.95
20493,1499.44
20494,1466.85
20495,1499.08
20496,1600.3
20497,1419.62
20498,1419.69
20499,1232.17
20500,1232.16
20501,799.57
20502,799.55
20503,599.73
20504,599.81
20505,599.92
20506,999.64
20507,1650.21
20508,1900.12
20509,1919.87
20510,1957.89
20511,2595.9
20512,2692.89
20513,2665.85
20514,2778
20515,2999.7
20516,2999.03
20517,1999.74
20518,2038.33
20519,2500.57
20520,2999.7
20521,2920.32
20522,3176
20523,4306.3
20524,4500.55
20525,4750.48
20526,5000.91
20527,3745
20528,4000.79
20529,3850.92
20530,4400.18
20531,2999.98
20532,3112.61
20533,4400.03
20534,4670.18
20535,3700.5
20536,3689.65
20537,3700.63
20538,3899.59
20539,4007.05
20540,4007.48
20541,3976.85
20542,3979.53
20543,3930.43
20544,3800.8
20545,1353.33
20546,599.07
20547,2580.88
20548,3373.35
20549,3386.75
20550,3430.5
20551,3064.6
20552,2912.63
20553,2338
20554,2019.49
20555,1810
20556,1819.14
20557,1950.21
20558,2360.47
20559,1809.71
20560,1744
20561,1933.31
20562,1836.02
20563,1789.34
20564,1789.76
20565,599.59
20566,1519.04
20567,469.95
20568,599.58
20569,1919.15
20570,1933.8
20571,2900.95
20572,2999.35
20573,2091.67
20574,1957.74
20575,1900.37
20576,1906.48
20577,1957.43
20578,1919.72
20579,1957.72
20580,1933.75
20581,1957.12
20582,1957.14
20583,1820.67
20584,1820.52
20585,1917.35
20586,1933.87
20587,2692.77
20588,2710.76
20589,1963.71
20590,1963.95
20591,1571.33
20592,1267.91
20593,699.83
20594,699.92
20595,499.85
20596,499.86
20597,399.73
20598,399.74
20599,399.79
20600,399.91
20601,399.73
20602,399.74
20603,399.72
20604,399.71
20605,989.86
20606,999.47
20607,1267.26
20608,1732.72
20609,989.96
20610,999.54
20611,1649.68
20612,1789.17
20613,1836.64
20614,1900.74
20615,989.83
20616,1213.24
20617,599.66
20618,908.43
20619,1990.45
20620,2877.38
20621,3988.99
20622,4086
20623,4064.34
20624,3800.13
20625,3064.85
20626,3250.62
20627,2115.55
20628,3247.23
20629,2912.03
20630,3003.9
20631,2340.23
20632,2340.33
20633,3330
20634,3250.61
20635,3247.95
20636,3272.4
20637,2500.46
20638,2115.04
20639,989.74
20640,989.72
20641,2660.72
20642,2710.4
20643,2760.68
20644,2642.65
20645,2340.61
20646,2401.8
20647,2115.92
20648,2115.6
20649,1749.92
20650,1749.57
20651,1399.74
20652,999.56
20653,999.55
20654,999.7
20655,999.38
20656,999.02
20657,989.48
20658,989.79
20659,989.64
20660,999.33
20661,999.04
20662,1232.44
20663,1732.32
20664,989.71
20665,1906.35
20666,2007.87
20667,2000.26
20668,2007.1
20669,1836.17
20670,1754.25
20671,1886.88
20672,1232.83
20673,1732.66
20674,1789.04
20675,1593.5
20676,1232.21
20677,999.74
20678,1232.26
20679,894
20680,499.1
20681,999.2
20682,984.58
20683,999.16
20684,820.72
20685,998.52
20686,998.04
20687,555.52
20688,645.64
20689,499.12
20690,499.26
20691,499.28
20692,400.86
20693,382.53
20694,388.52
20695,499.25
20696,499.84
20697,499.76
20698,599.02
20699,1000.25
20700,1000.91
20701,1267.27
20702,1635.57
20703,1904.08
20704,1919.7
20705,1933.68
20706,2381
20707,2400.48
20708,2512.54
20709,2400.49
20710,2779.67
20711,1963.96
20712,2360.57
20713,1400.97
20714,1599.9
20715,2250.04
20716,3399
20717,3706.17
20718,3730.23
20719,4356.05
20720,4435.14
20721,3999.4
20722,4101.86
20723,4769.07
20724,4944.67
20725,5500.04
20726,5700.63
20727,4012.3
20728,3733.71
20729,3999.64
20730,4074.67
20731,3690.76
20732,3989.87
20733,3700.81
20734,3616.29
20735,3400.08
20736,2890.76
20737,3156.45
20738,3373.68
20739,3500.8
20740,3500.24
20741,3373.38
20742,3064.88
20743,3096.6
20744,2900.42
20745,2870.66
20746,2779.96
20747,2692.46
20748,2800.92
20749,3135.39
20750,3247.64
20751,3120.69
20752,3000.9
20753,2692.55
20754,2692.44
20755,2999.06
20756,3057.69
20757,2999.58
20758,2999.07
20759,3050.24
20760,3057.14
20761,2800.12
20762,2692.87
20763,2856.03
20764,2856.36
20765,2692.65
20766,2464.85
20767,2000.53
20768,1959.92
20769,1917.61
20770,1904.63
20771,1906.11
20772,1906.28
20773,1803.18
20774,1836.63
20775,1836.74
20776,1622.09
20777,1365.18
20778,1299.62
20779,1635.72
20780,1099.97
20781,999.67
20782,999.88
20783,999.57
20784,999.14
20785,1622.26
20786,1200.27
20787,913.82
20788,900.92
20789,760.1
20790,794.45
20791,881.02
20792,898.8
20793,999.14
20794,1622.05
20795,1996.92
20796,2012.33
20797,999.45
20798,999.68
20799,892.77
20800,999.4
20801,499.61
20802,500
20803,1044.42
20804,1732.04
20805,2007.49
20806,2087
20807,2435.7
20808,2677.8
20809,2783.61
20810,3250.1
20811,3080.99
20812,3250.01
20813,3241.66
20814,3432.88
20815,3630.9
20816,3939.92
20817,3989.62
20818,3979.97
20819,3999.19
20820,4370.04
20821,4710.12
20822,4670.44
20823,4400.75
20824,4120.39
20825,3858.65
20826,3858.67
20827,4389.72
20828,4370.38
20829,4670.92
20830,4754.77
20831,4389.15
20832,4012.48
20833,10000
20834,5500.7
20835,3792.94
20836,3520.22
20837,2499.34
20838,2499.2
20839,3569.44
20840,3815.71
20841,2560.15
20842,2000.64
20843,1999.17
20844,1999.75
20845,2510.28
20846,3000.89
20847,2999.7
20848,2510.14
20849,1999.68
20850,2000.61
20851,2401.25
20852,2710.49
20853,2442.05
20854,2800.33
20855,2900.76
20856,3100.7
20857,3000.96
20858,3569.31
20859,2620.6
20860,1999.38
20861,2900.15
20862,2512.1
20863,2999.07
20864,2061.82
20865,2512.3
20866,2800.84
20867,2920.81
20868,3250.46
20869,2999.65
20870,2900.14
20871,2519.96
20872,2420.96
20873,3250.45
20874,3250.52
20875,3400.62
20876,3401
20877,2435.93
20878,1666.59
20879,2200.52
20880,2360.69
20881,1739.08
20882,1910.39
20883,2435.94
20884,2534.08
20885,1702.76
20886,1971.2
20887,1759.6
20888,1808.67
20889,1917.92
20890,2285.31
20891,2900.82
20892,3200.71
20893,3989.25
20894,3689.38
20895,2785.8
20896,2743.08
20897,3003
20898,3400.91
20899,3499.15
20900,3569.15
20901,3316.68
20902,3300.42
20903,3267.1
20904,3230.39
20905,2779.44
20906,2890.36
20907,4074.32
20908,4500.22
20909,5100.89
20910,9060
20911,10000
20912,10000
20913,10000
20914,10000
20915,10000
20916,10000
20917,10000
20918,10000
20919,10000
20920,10000
20921,10000
20922,10000
20923,10000
20924,10000
20925,10000
20926,10000
20927,10000
20928,10000
20929,10000
20930,10000
20931,8999.46
20932,6555.49
20933,3634.43
20934,3364.72
20935,3700.53
20936,3700.09
20937,3800.44
20938,3733.66
20939,3599.66
20940,3400.56
20941,3720.92
20942,3400.94
20943,3810.44
20944,3563
20945,3364.58
20946,3400.66
20947,3500.35
20948,3400.65
20949,2000.19
20950,2510.15
20951,2618.92
20952,2800.21
20953,3353.29
20954,4275.5
20955,4275.64
20956,4275.65
20957,3393.85
20958,3303.42
20959,2119.73
20960,2119.1
20961,2242.58
20962,2800.94
20963,3400.15
20964,3300.54
20965,3689.54
20966,4000.05
20967,4099.47
20968,3938.5
20969,2999.75
20970,2999.22
20971,2550.62
20972,2545.63
20973,2501
20974,2869.68
20975,2157.39
20976,2091.23
20977,1499.49
20978,1499.68
20979,1700.9
20980,1438.5
20981,950.83
20982,950.87
20983,1200.22
20984,2250.01
20985,2680.1
20986,2999.18
20987,2100.48
20988,2115.2
20989,2435.33
20990,2420.73
20991,2999.65
20992,2999.68
20993,2510.71
20994,2504.94
20995,3810.57
20996,3810.68
20997,2779.01
20998,2779.43
20999,2520.9
21000,2779
21001,2920.59
21002,2890.53
21003,3500.42
21004,3500.42
21005,4400.53
21006,5550
21007,10000
21008,10000
21009,10000
21010,10000
21011,10000
21012,10000
21013,10000
21014,10000
21015,10000
21016,10000
21017,10000
21018,10000
21019,10000
21020,10000
21021,10000
21022,10000
21023,3999.87
21024,3999.4
21025,3400.04
21026,3250.84
21027,3364.39
21028,3386.65
21029,4209.73
21030,4030.52
21031,3373.27
21032,3112.25
21033,2952.17
21034,2900.08
21035,2700.9
21036,2435.33
21037,2677.33
21038,2710.18
21039,2400.48
21040,2213.57
21041,2435.88
21042,2692.52
21043,3064.63
21044,3145.49
21045,2692.38
21046,3170.01
21047,3373.69
21048,3373.02
21049,3499.83
21050,4109.32
21051,3989.44
21052,3989.48
21053,3219.92
21054,3057.83
21055,2757.85
21056,2435.99
21057,2145
21058,2692.54
21059,2771.63
21060,2877.1
21061,2856.36
21062,2856.69
21063,1900.32
21064,1839.46
21065,1999.65
21066,2050.53
21067,2512.21
21068,2435.98
21069,1990.63
21070,1990.43
21071,1803.47
21072,1789.21
21073,1789.23
21074,1703.91
21075,1597.31
21076,1635.22
21077,999.86
21078,1516
21079,1000.8
21080,1499.71
21081,1597.56
21082,1732.73
21083,1789.04
21084,1732.88
21085,1886.8
21086,1886.8
21087,1789.17
21088,1789.73
21089,1742.07
21090,1789.17
21091,1906.9
21092,1906.03
21093,1917.92
21094,2435.32
21095,3064.08
21096,3170.7
21097,3569.73
21098,3498.86
21099,3796.15
21100,4109.37
21101,4985.49
21102,5500.16
21103,10000
21104,10000
21105,10000
21106,10000
21107,10000
21108,10000
21109,10000
21110,10000
21111,5999.55
21112,5999.3
21113,3435.92
21114,3435.89
21115,3499.53
21116,3823.35
21117,3690.84
21118,3600.55
21119,3616.5
21120,3400.87
21121,3616.43
21122,3500.58
21123,2940.79
21124,2435.72
21125,2400.34
21126,2170.42
21127,2400.63
21128,2466
21129,2170.49
21130,2000.97
21131,2050.25
21132,2007.43
21133,1999.85
21134,1999.04
21135,1999.98
21136,1650.36
21137,2115.04
21138,2400.06
21139,2710.28
21140,2650.68
21141,1692.85
21142,2442.37
21143,2442.85
21144,2800.88
21145,3247.03
21146,3498.52
21147,2877.7
21148,2692.9
21149,2400.87
21150,2009.47
21151,2091.21
21152,1933.04
21153,1933
21154,2091.1
21155,2450.74
21156,2877.35
21157,2870.05
21158,2692.58
21159,1836.1
21160,1799.91
21161,1799.38
21162,1836.13
21163,1906.83
21164,1900.15
21165,1933.77
21166,1919.29
21167,1906.57
21168,1904.47
21169,1933.03
21170,1900.34
21171,1904.81
21172,1704.68
21173,1635.32
21174,1703.54
21175,1900.89
21176,1933.18
21177,1933.52
21178,2091.44
21179,2100.15
21180,2435.45
21181,2735.03
21182,3000.36
21183,1917.75
21184,1999.57
21185,1886.88
21186,1886.79
21187,1886.95
21188,1904.23
21189,2000.63
21190,2692.3
21191,3300.27
21192,3616.6
21193,3988.19
21194,4109.19
21195,4754.09
21196,5499.01
21197,10000
21198,10000
21199,10000
21200,10000
21201,10000
21202,10000
21203,10000
21204,10000
21205,10000
21206,10000
21207,10000
21208,10000
21209,10000
21210,10000
21211,10000
21212,10000
21213,4370.93
21214,3999.42
21215,3700.54
21216,3690.93
21217,3112.41
21218,3247.69
21219,3512.02
21220,3689.54
21221,3700.82
21222,3689.31
21223,3500.31
21224,3303
21225,3247.46
21226,3247.34
21227,3199.93
21228,3337.31
21229,3337.3
21230,3337.42
21231,3338
21232,3337.68
21233,3212.98
21234,3337.44
21235,3337.8
21236,3373.98
21237,3199.69
21238,3373.15
21239,3538.45
21240,3796.02
21241,3720.11
21242,3569.39
21243,3569.37
21244,3300.08
21245,3064.97
21246,3199.79
21247,3250.86
21248,3064.22
21249,3112
21250,3199.15
21251,2909.59
21252,2920.29
21253,2890.49
21254,2900.07
21255,1999.97
21256,1999.6
21257,1718.37
21258,2439.19
21259,1904.38
21260,2041.44
21261,2285.55
21262,2285.41
21263,1919.55
21264,1789.92
21265,1361.8
21266,1232.93
21267,1789.92
21268,1789.41
21269,1232.81
21270,1232.98
21271,999.25
21272,999.65
21273,1789.04
21274,1886.92
21275,1933.47
21276,2077.73
21277,2435.19
21278,2500.76
21279,2885.33
21280,3064.33
21281,2752.2
21282,3064.3
21283,3499.91
21284,3700.42
21285,4086.35
21286,3800.43
21287,2999.72
21288,2899.93
21289,3250.32
21290,3796.51
21291,4475.6
21292,4984.38
21293,6181.45
21294,10000
21295,10000
21296,10000
21297,10000
21298,10000
21299,10000
21300,10000
21301,10000
21302,10000
21303,10000
21304,9280
21305,4331.67
21306,4312.77
21307,4710.88
21308,4750.62
21309,4999.06
21310,4435.76
21311,3999.33
21312,3810.63
21313,4000.3
21314,4074.22
21315,3750.77
21316,3638.56
21317,3498.22
21318,3380.44
21319,3064.18
21320,3064.77
21321,3064.05
21322,3064.85
21323,3548.84
21324,3498.54
21325,3512.36
21326,3420.13
21327,3689.15
21328,3689.31
21329,3494.91
21330,3410.34
21331,3337.38
21332,3337.81
21333,2850.17
21334,2941.24
21335,3373.4
21336,3380.25
21337,4109.65
21338,4435.6
21339,4490.34
21340,4370.13
21341,3880.08
21342,3858.4
21343,3386.12
21344,2900.69
21345,3000.96
21346,3064.85
21347,2700.66
21348,2891.64
21349,2869.74
21350,2650.97
21351,2057.5
21352,1813.13
21353,1499.51
21354,1947.24
21355,2077.62
21356,2012.81
21357,1267.49
21358,1704.79
21359,1200.58
21360,1200.36
21361,999.88
21362,1500.15
21363,699.83
21364,699.68
21365,1000.99
21366,1000.19
21367,699.24
21368,892.34
21369,885.89
21370,1500.66
21371,1900
21372,1906.81
21373,2077.45
21374,2110.95
21375,2077.89
21376,2017.72
21377,2015.79
21378,2877.53
21379,3010.32
21380,3010.24
21381,2904.5
21382,3064.56
21383,3250.99
21384,3250.11
21385,3689.73
21386,3999.34
21387,4370
21388,4944.38
21389,5500.06
21390,6181.24
21391,8293.75
21392,7716.92
21393,5999.63
21394,5999.14
21395,5499.59
21396,5500.05
21397,5020.09
21398,5500.28
21399,4859
21400,4710.45
21401,4950.37
21402,5100.29
21403,4650.5
21404,4636.59
21405,4064.97
21406,4080.33
21407,4370.37
21408,4450.35
21409,5500.49
21410,5499.58
21411,4435.55
21412,4083.94
21413,4370.92
21414,4356.47
21415,3796.81
21416,3700.53
21417,4074.13
21418,4074.82
21419,3706.91
21420,3700.18
21421,3700.23
21422,3616.93
21423,3177.45
21424,3095.23
21425,2877.99
21426,3064.44
21427,2900.6
21428,3498.55
21429,3003.57
21430,3003.8
21431,3538.72
21432,3616.66
21433,3700.87
21434,3700.48
21435,3700.01
21436,3569.74
21437,2999.05
21438,2800.7
21439,1987.15
21440,1917.81
21441,1900.26
21442,1904.18
21443,1836.55
21444,1732.18
21445,1232.78
21446,1232.16
21447,799.52
21448,500.83
21449,500.68
21450,799.04
21451,500.63
21452,500.35
21453,400.9
21454,400.75
21455,400.45
21456,400.51
21457,400.4
21458,400.6
21459,400.81
21460,400.58
21461,400.05
21462,399.59
21463,299.7
21464,399.23
21465,299.89
21466,299.48
21467,399.53
21468,399.91
21469,399.85
21470,439.28
21471,200.41
21472,398.72
21473,1267.87
21474,1200.19
21475,1635.53
21476,1581
21477,499.52
21478,489.47
21479,499.73
21480,479.79
21481,462.22
21482,999.73
21483,1919.81
21484,2435.17
21485,3498.18
21486,3706.73
21487,3650.9
21488,3498.44
21489,3500.54
21490,3421.26
21491,3699.79
21492,3706.42
21493,4370.63
21494,4394.66
21495,3699.9
21496,3699.04
21497,3699.25
21498,3699.46
21499,4064.76
21500,3989.09
21501,3500.32
21502,3498.18
21503,3375.45
21504,3375.04
21505,2890.48
21506,2710.95
21507,3056.41
21508,2710.95
21509,2692.7
21510,2199.8
21511,2510.07
21512,1917.84
21513,2510.05
21514,2692.41
21515,2762.76
21516,2801.32
21517,2762.58
21518,2692.48
21519,2710.61
21520,2692.42
21521,2510.35
21522,2692.64
21523,2000.65
21524,2600.92
21525,2692.47
21526,2877.25
21527,2900.57
21528,2936.23
21529,3150.65
21530,3250.84
21531,3150.38
21532,3119.32
21533,3250.94
21534,3064.04
21535,2851.39
21536,2756.22
21537,2137
21538,2321
21539,2016.19
21540,2016.2
21541,2499.18
21542,2650.08
21543,2900.49
21544,2913.82
21545,2285.12
21546,2200.24
21547,2077.95
21548,2077.25
21549,1702.67
21550,1597.78
21551,2077.48
21552,2050.07
21553,2007.11
21554,2077.33
21555,1900.9
21556,1900.99
21557,1499.18
21558,1199.56
21559,1789.45
21560,1886.29
21561,1906.53
21562,1933.37
21563,2077.97
21564,2091.99
21565,2360.69
21566,2500.68
21567,2850.42
21568,2877.53
21569,4080.7
21570,4086.26
21571,3337.39
21572,2988.21
21573,2650.59
21574,2520.77
21575,3064.47
21576,3337.31
21577,3373.34
21578,3616.86
21579,5500.17
21580,10000
21581,10000
21582,10000
21583,10000
21584,10000
21585,10000
21586,10000
21587,10000
21588,10000
21589,10000
21590,10000
21591,10000
21592,10000
21593,10000
21594,10000
21595,10000
21596,10000
21597,10000
21598,10000
21599,10000
21600,10000
21601,10000
21602,10000
21603,5499.23
21604,4450.02
21605,3374.59
21606,3374.36
21607,3705.17
21608,3705.78
21609,4153.33
21610,4184
21611,3796.46
21612,3700.18
21613,3638.17
21614,3700.1
21615,3498.19
21616,3450.41
21617,3500.06
21618,3451.49
21619,3420.3
21620,3569.95
21621,3424.82
21622,3500.97
21623,4064.85
21624,4086.87
21625,4030.63
21626,4775.59
21627,4670.81
21628,4605.11
21629,3989.01
21630,3989.15
21631,3386.93
21632,2920.65
21633,2761.43
21634,2550.2
21635,2410.69
21636,2761.78
21637,3064.17
21638,3373.14
21639,3337.63
21640,3337.16
21641,2999.4
21642,2900.51
21643,2771.55
21644,2771.22
21645,2649.53
21646,2649.94
21647,2700.68
21648,2709.56
21649,2647.11
21650,2594.22
21651,2490.05
21652,2464.51
21653,1919.1
21654,1933.95
21655,2628.51
21656,2692.54
21657,2885.26
21658,3000.34
21659,3498.08
21660,3796.03
21661,3700.2
21662,3616.11
21663,3616.08
21664,3575
21665,3386.87
21666,3498.9
21667,3989.22
21668,4155.7
21669,4370.54
21670,4275.32
21671,4422.12
21672,4605.02
21673,4944.02
21674,5500.89
21675,10000
21676,10000
21677,10000
21678,10000
21679,10000
21680,10000
21681,10000
21682,10000
21683,10000
21684,10000
21685,10000
21686,10000
21687,10000
21688,10000
21689,10000
21690,10000
21691,10000
21692,10000
21693,10000
21694,10000
21695,10000
21696,10000
21697,10000
21698,10000
21699,10000
21700,10000
21701,10000
21702,10000
21703,10000
21704,10000
21705,3999.94
21706,3999.7
21707,3700.66
21708,3638.95
21709,4556
21710,4670.97
21711,4370.05
21712,4275.46
21713,4099.96
21714,4275.22
21715,4396.07
21716,4475.1
21717,4370.64
21718,4484.81
21719,5500.85
21720,5510.77
21721,5550.01
21722,10000
21723,10000
21724,10000
21725,10000
21726,10000
21727,5328.37
21728,4301.34
21729,3650.47
21730,3796.89
21731,3999.85
21732,4074.85
21733,4670.13
21734,4924
21735,4605.39
21736,4422.96
21737,3850.59
21738,3733.05
21739,3999.69
21740,3899.33
21741,3850.61
21742,3939.57
21743,4275.04
21744,4200.91
21745,3939.69
21746,3939.5
21747,3988.1
21748,3980
21749,3706.29
21750,3988.15
21751,3988.27
21752,3989.3
21753,3988.63
21754,4275.41
21755,4775.81
21756,5499.06
21757,5350.61
21758,5500.25
21759,5284.43
21760,5284.68
21761,5500.42
21762,5626.25
21763,5754.9
21764,10000
21765,10000
21766,10000
21767,5075.25
21768,5159.09
21769,4000.42
21770,5999.19
21771,10000
21772,10000
21773,10000
21774,10000
21775,10000
21776,10000
21777,10000
21778,10000
21779,10000
21780,10000
21781,10000
21782,10000
21783,10000
21784,10000
21785,10000
21786,10000
21787,10000
21788,10000
21789,10000
21790,10000
21791,10000
21792,10000
21793,10000
21794,10000
21795,10000
21796,10000
21797,10000
21798,10000
21799,10000
21800,10000
21801,10000
21802,10000
21803,3810.91
21804,3810.16
21805,3750.76
21806,4370.65
21807,4371.07
21808,4480.01
21809,4064.21
21810,4275.71
21811,4000.76
21812,3924.24
21813,4605.37
21814,5284.95
21815,4999.52
21816,5500.07
21817,4756.97
21818,5500.26
21819,5629.77
21820,5629.05
21821,5500.36
21822,5500.11
21823,4030.84
21824,3700.02
21825,3051.74
21826,3247.74
21827,2435.06
21828,2519.3
21829,2877.76
21830,2877.16
21831,2715.56
21832,2500.8
21833,1900.63
21834,1904.57
21835,1207.18
21836,1207.14
21837,799.61
21838,799.48
21839,799.6
21840,1000.42
21841,1635.28
21842,1635.25
21843,2077.8
21844,2091.02
21845,1162
21846,1599.49
21847,999.78
21848,999.65
21849,1789.06
21850,1886.84
21851,1789.38
21852,1900.49
21853,2091.24
21854,2126
21855,2605.15
21856,2870.18
21857,2989.78
21858,3109.01
21859,2171.75
21860,2360
21861,1550.91
21862,1219.77
21863,1499.47
21864,1500.9
21865,2512.32
21866,2935.27
21867,4064.33
21868,4460.76
21869,4109.92
21870,4002.03
21871,4200.84
21872,4000.38
21873,3500.47
21874,3600.57
21875,3500.64
21876,3940.54
21877,4600.02
21878,4770.67
21879,4750.28
21880,4710.4
21881,4441.69
21882,4500.17
21883,4441.6
21884,4600.92
21885,3921.76
21886,3921.92
21887,4670.36
21888,4450.59
21889,3733.71
21890,3733.21
21891,3512.15
21892,3733.77
21893,3216.3
21894,2809.75
21895,2499.17
21896,2500.05
21897,2900.58
21898,3115.32
21899,2804.56
21900,2870.18
21901,2768.5
21902,2870.54
21903,3200.88
21904,3243.28
21905,3300.73
21906,3000.04
21907,3071.77
21908,3200.72
21909,2996.89
21910,3528.57
21911,3528.41
21912,3528.64
21913,4000.8
21914,4030.41
21915,3733.06
21916,3539.18
21917,3442.71
21918,3421.99
21919,2989.15
21920,2900.65
21921,3029.77
21922,2989.58
21923,3500.04
21924,3698.47
21925,4031
21926,4444.4
21927,4455.18
21928,4101.27
21929,4480.02
21930,4480.24
21931,4754.9
21932,4480.71
21933,4444.23
21934,4371.3
21935,5051.9
21936,5051.05
21937,3733.06
21938,3758.08
21939,3689.92
21940,3498.95
21941,3250.12
21942,3320.23
21943,3758.46
21944,3829.51
21945,3995.52
21946,4099.67
21947,4480.78
21948,4859.32
21949,5499.73
21950,5350.15
21951,5266.11
21952,5499.24
21953,3600.86
21954,3999.3
21955,3310.41
21956,3244.77
21957,2866.51
21958,2870.64
21959,3192.73
21960,3590.43
21961,4500.36
21962,4600.72
21963,10000
21964,10000
21965,10000
21966,10000
21967,10000
21968,10000
21969,10000
21970,10000
21971,10000
21972,10000
21973,10000
21974,10000
21975,10000
21976,10000
21977,10000
21978,10000
21979,10000
21980,10000
21981,10000
21982,10000
21983,10000
21984,10000
21985,7499.61
21986,5499.57
21987,4444.02
21988,4200.34
21989,3849.12
21990,3780.1
21991,3829
21992,3934.17
21993,3620.75
21994,3650.87
21995,3569.34
21996,3435.44
21997,3100.86
21998,3216.9
21999,3569.8
22000,3442.94
22001,3243.56
22002,3209.81
22003,3209.19
22004,3400.14
22005,2800.45
22006,2849.44
22007,3200.15
22008,3498.92
22009,4260.99
22010,4260.9
22011,3934.43
22012,3550.21
22013,3400.73
22014,3400.09
22015,2804.24
22016,2500.56
22017,2500.88
22018,2900.54
22019,2996.44
22020,2920.98
22021,2550.12
22022,2280.25
22023,1799.08
22024,1799.07
22025,1186.4
22026,1302.86
22027,2360.25
22028,2300.49
22029,2420.99
22030,2420.49
22031,2996.5
22032,2996.73
22033,3191.37
22034,3210.6
22035,2804.9
22036,2804.44
22037,2117.48
22038,2117.39
22039,2117.43
22040,2559.32
22041,2797.18
22042,2890.27
22043,2559.09
22044,2559.85
22045,2870.28
22046,2969.32
22047,3263.22
22048,3499.78
22049,3020.93
22050,3150.49
22051,2799.89
22052,3172
22053,3396.96
22054,3400.84
22055,3500.94
22056,3569.47
22057,2599.91
22058,2999.12
22059,4004.69
22060,4835.85
22061,10000
22062,10000
22063,10000
22064,10000
22065,10000
22066,10000
22067,10000
22068,10000
22069,10000
22070,10000
22071,10000
22072,10000
22073,10000
22074,10000
22075,10000
22076,10000
22077,10000
22078,10000
22079,10000
22080,10000
22081,7499.13
22082,5500
22083,4200.59
22084,4119.83
22085,3700.26
22086,3630.95
22087,3638.85
22088,3597
22089,3012.9
22090,3200.63
22091,3442.79
22092,3500.6
22093,3733.18
22094,3512.3
22095,3600.59
22096,3563
22097,3366.96
22098,3400.82
22099,3250.19
22100,3400.24
22101,3000.97
22102,2920.89
22103,3309.57
22104,3309.17
22105,4455.99
22106,4400.73
22107,3533.81
22108,3150.96
22109,2969.72
22110,2870.38
22111,2435.43
22112,2200.77
22113,1500.84
22114,1519.01
22115,2012.02
22116,2125.02
22117,2500.99
22118,2501
22119,2450.44
22120,2435.58
22121,1499.59
22122,1499.48
22123,919.9
22124,919.46
22125,899.34
22126,1010.21
22127,1651.53
22128,1566
22129,1888.84
22130,2005.25
22131,1888.36
22132,1888.9
22133,2005.46
22134,2064.19
22135,2512.99
22136,2435.74
22137,2549.3
22138,2720
22139,2804.13
22140,2836.11
22141,2831.17
22142,2865.88
22143,2969.02
22144,2969.83
22145,2125.77
22146,2399.17
22147,2870.88
22148,2870.43
22149,2735.64
22150,2879.72
22151,2735.6
22152,2919.82
22153,2735.21
22154,2831.48
22155,3689.54
22156,3999.35
22157,4040.25
22158,4199.82
22159,4754.98
22160,4710.21
22161,5000.71
22162,5218.77
22163,6100.62
22164,8000.84
22165,5499.71
22166,5550.18
22167,5218.6
22168,5350.49
22169,6000.39
22170,6000.83
22171,6100.91
22172,5832.81
22173,5966.54
22174,5499.71
22175,4450.04
22176,3979.59
22177,4650.05
22178,4650.56
22179,4133.31
22180,3810.36
22181,3733.86
22182,3750.62
22183,4100.69
22184,4000.3
22185,3999.29
22186,4030.38
22187,3864.31
22188,3780.1
22189,3863.72
22190,3864.04
22191,3689.4
22192,3600.25
22193,2989.99
22194,3366.22
22195,3500.02
22196,3689.04
22197,2850.3
22198,2850.92
22199,3250.42
22200,3551.87
22201,3934.35
22202,4039.49
22203,3800.17
22204,3610.39
22205,3366.22
22206,2969.69
22207,2804.41
22208,2804
22209,2104.48
22210,2139.77
22211,2400.87
22212,2400.82
22213,2969.96
22214,2996.59
22215,2420.78
22216,2126.33
22217,1660.35
22218,1749.91
22219,2082.77
22220,2119.7
22221,2042.93
22222,2064.43
22223,2120.67
22224,2120.78
22225,2360.07
22226,2199.76
22227,2360.27
22228,2360.69
22229,1913.42
22230,2042.72
22231,2119.85
22232,2119.21
22233,2435.2
22234,2680.77
22235,2360.71
22236,2435.25
22237,2104.82
22238,2050.78
22239,1500.9
22240,1589.21
22241,1327.71
22242,2005.12
22243,2042.07
22244,2104.08
22245,2025.28
22246,2500.2
22247,1882.31
22248,1500.22
22249,1089.96
22250,1089.79
22251,2989.55
22252,3500.83
22253,4275.23
22254,4754.6
22255,4275.48
22256,4275.76
22257,4000.53
22258,3850.91
22259,3451.3
22260,3500.99
22261,4199.9
22262,4300.19
22263,4260.76
22264,4260.34
22265,4444.27
22266,4510.2
22267,4450.79
22268,4605.29
22269,4199.23
22270,4039.93
22271,3733.35
22272,3498.23
22273,2784
22274,2870.74
22275,3012.95
22276,2989.36
22277,2684.5
22278,2510.44
22279,2510.25
22280,2360.19
22281,1500.48
22282,1510.95
22283,2000.78
22284,2250.87
22285,2510.35
22286,2510.89
22287,2510.09
22288,2510.16
22289,1199.55
22290,1199.81
22291,2170.64
22292,2510.19
22293,1010.88
22294,2104.19
22295,2511.54
22296,2710.04
22297,2510.69
22298,2850.43
22299,2969.97
22300,2985.77
22301,2510.21
22302,1999.77
22303,2104.73
22304,1519.11
22305,1009.8
22306,1009.48
22307,999.82
22308,899.67
22309,1900.45
22310,1802.86
22311,779.02
22312,599.01
22313,1913.14
22314,2008.93
22315,2360.55
22316,2250.03
22317,2117.34
22318,2110.55
22319,1993.83
22320,1992.08
22321,1412.23
22322,1099.6
22323,2104.83
22324,1990.94
22325,499.97
22326,499.91
22327,499.92
22328,1000.59
22329,1010.37
22330,1679.54
22331,2025.37
22332,2117.86
22333,2804.01
22334,2700.29
22335,2955.41
22336,2955.79
22337,2969.85
22338,2969.94
22339,2999.12
22340,3050.45
22341,3309.4
22342,3401.15
22343,3250.83
22344,3250.61
22345,3150.43
22346,3309.08
22347,4581.73
22348,5584.18
22349,10000
22350,10000
22351,10000
22352,10000
22353,10000
22354,10000
22355,10000
22356,10000
22357,10000
22358,10000
22359,10000
22360,10000
22361,10000
22362,10000
22363,10000
22364,10000
22365,10000
22366,10000
22367,6999.98
22368,5999.93
22369,5499.54
22370,5499.81
22371,5499.01
22372,5350.26
22373,4422.35
22374,4141.2
22375,4099.53
22376,4099.44
22377,3499.38
22378,3113.31
22379,2985.05
22380,3113.02
22381,4000.76
22382,4030.01
22383,4000.89
22384,4000.09
22385,3733.82
22386,3810.77
22387,3569.79
22388,3780.69
22389,3442.1
22390,3569.72
22391,4030.21
22392,4030.98
22393,4250.43
22394,4250.62
22395,4086.09
22396,3999.35
22397,2965.65
22398,3000.24
22399,2865.69
22400,2857.19
22401,2907.63
22402,2969.71
22403,3019.88
22404,3095.36
22405,2800.77
22406,2969.15
22407,2512.73
22408,2435.46
22409,2435.26
22410,2435.19
22411,2435.01
22412,2435.5
22413,2650.03
22414,2650.42
22415,2450.11
22416,2425.5
22417,3000.05
22418,3000.23
22419,3000.16
22420,2989.35
22421,2425.24
22422,2425.32
22423,2804.65
22424,2969.85
22425,3132.29
22426,3463.71
22427,3216.14
22428,3196.97
22429,2960.07
22430,2996.56
22431,3526.41
22432,4030.91
22433,5051.06
22434,5350.05
22435,5000.86
22436,4775.12
22437,3442.53
22438,3309.62
22439,3442.48
22440,3401.65
22441,3880.56
22442,4999.97
22443,5499.66
22444,8043.42
22445,10000
22446,10000
22447,10000
22448,10000
22449,10000
22450,10000
22451,10000
22452,10000
22453,10000
22454,10000
22455,10000
22456,10000
22457,10000
22458,10000
22459,10000
22460,10000
22461,10000
22462,10000
22463,9998.53
22464,7499.85
22465,5499.35
22466,5499.04
22467,4956.55
22468,4200
22469,4133.56
22470,4275.21
22471,4260.76
22472,4260.49
22473,4133.28
22474,4086.84
22475,4086.54
22476,4086.08
22477,3863.65
22478,3863.59
22479,4086.43
22480,4083.84
22481,3689.51
22482,3600.41
22483,3800.14
22484,3780.71
22485,3689.07
22486,4030.77
22487,4422.07
22488,4422.38
22489,4522.54
22490,4522.29
22491,4600.66
22492,4600.64
22493,3689.92
22494,3689.15
22495,3050.46
22496,3100.8
22497,2969.51
22498,2969.87
22499,2865.86
22500,2865.46
22501,2969.02
22502,3000.06
22503,2900.68
22504,2960.94
22505,2750.98
22506,2800.67
22507,2512.63
22508,2719.87
22509,2735.43
22510,2735.43
22511,2730.93
22512,2735.95
22513,1699.93
22514,1966.15
22515,2435.56
22516,2719.66
22517,2435.69
22518,2735.62
22519,2969.36
22520,2996.67
22521,3000.6
22522,3010.85
22523,3366.36
22524,3442.57
22525,3883.76
22526,3630.94
22527,3401.98
22528,3442.77
22529,3499.25
22530,3818.51
22531,3863.95
22532,3863.58
22533,3934.5
22534,3957.59
22535,3604
22536,3500.43
22537,3689.35
22538,4292.66
22539,5500.63
22540,5999.71
22541,10000
22542,10000
22543,10000
22544,10000
22545,10000
22546,10000
22547,10000
22548,10000
22549,10000
22550,10000
22551,10000
22552,10000
22553,10000
22554,10000
22555,6499.76
22556,8000.02
22557,6000
22558,5999.87
22559,4499.29
22560,4000.6
22561,5737.14
22562,5350.19
22563,4444.6
22564,4200.35
22565,4050.94
22566,3780.57
22567,4200.17
22568,4029.5
22569,3689.02
22570,3569.13
22571,2996.84
22572,2750.84
22573,3366.44
22574,3442.21
22575,3499.21
22576,3500.01
22577,3499.54
22578,3500.55
22579,3500.58
22580,3569.49
22581,3442.41
22582,3733.24
22583,3689.47
22584,3999.29
22585,4099.48
22586,4133.17
22587,4133.93
22588,4260.31
22589,3442.23
22590,3366.51
22591,3442.59
22592,3396.77
22593,2804.69
22594,2799.75
22595,2939.51
22596,2879.41
22597,2804.47
22598,2850.98
22599,2473.89
22600,2550.63
22601,2125.91
22602,2079.66
22603,2512.7
22604,2719.79
22605,2280.2
22606,2139.76
22607,2435.26
22608,2435.9
22609,2042.12
22610,1963.32
22611,1837.62
22612,1839.22
22613,1534.07
22614,1546.32
22615,1156.06
22616,1499.19
22617,1900.84
22618,2042.98
22619,2025.68
22620,2119.87
22621,2766
22622,2910.58
22623,2435.25
22624,2750.47
22625,2514.53
22626,2950.71
22627,3300.34
22628,3250.5
22629,3366.42
22630,3401.54
22631,3460.07
22632,3450.89
22633,3689.13
22634,4199.29
22635,4999.63
22636,4859.31
22637,5500.62
22638,10000
22639,10000
22640,10000
22641,10000
22642,10000
22643,5300.65
22644,5266.81
22645,5050.73
22646,5235.97
22647,5244.46
22648,5244.91
22649,5244.9
22650,5500.01
22651,5500.11
22652,5252.36
22653,4777.92
22654,4393.65
22655,3663.92
22656,3663.37
22657,4114.4
22658,4039.68
22659,4444.62
22660,3815.6
22661,3720.68
22662,3750.37
22663,3269.63
22664,3300.52
22665,3499.04
22666,3569.79
22667,3689.47
22668,3726.5
22669,3362.14
22670,3362.14
22671,3362.6
22672,3309.58
22673,3200.15
22674,3200.89
22675,3290.31
22676,3309.01
22677,2879.1
22678,3239.89
22679,3362.66
22680,3363
22681,3871.86
22682,4199.58
22683,4030.67
22684,3829.06
22685,3498.13
22686,3396.44
22687,3250.2
22688,3200.53
22689,3143.86
22690,3153.62
22691,2104.92
22692,1999.84
22693,1699.35
22694,1699.56
22695,1299.5
22696,1852.92
22697,1839.04
22698,2025.54
22699,2005.21
22700,2006.4
22701,2025.43
22702,2104.31
22703,1839.17
22704,1783.51
22705,1530.23
22706,1401.85
22707,1571.64
22708,1565.26
22709,1000.91
22710,1000.92
22711,999.12
22712,1450.54
22713,2119.59
22714,2795.5
22715,2425.8
22716,2435.58
22717,1963.15
22718,1888.82
22719,1679.32
22720,1799.69
22721,2042.08
22722,2200.03
22723,2969.94
22724,3000
22725,2996.63
22726,3103.45
22727,2955.99
22728,2969.61
22729,2280.53
22730,3010.02
22731,3401.06
22732,3442.07
22733,3305.44
22734,3304.01
22735,3046.7
22736,3010.93
22737,3400.42
22738,3403.51
22739,3300.52
22740,3244.29
22741,3442
22742,3500.45
22743,3691.52
22744,3829.86
22745,3630.44
22746,3690.3
22747,3290.26
22748,3099.05
22749,3019.25
22750,2804.58
22751,2600.61
22752,2128.89
22753,3396.02
22754,3442.71
22755,3750.12
22756,3758.16
22757,3510.8
22758,3501.95
22759,3640.83
22760,3569.27
22761,3758.01
22762,3689.64
22763,2999.47
22764,2969.83
22765,2119.94
22766,2064.7
22767,2064.11
22768,2082.51
22769,1993.27
22770,1888.32
22771,2042.1
22772,2119.96
22773,1679.39
22774,1839.73
22775,2012.4
22776,2042.12
22777,2549.23
22778,2285.82
22779,2104.63
22780,1900.89
22781,1799.42
22782,1679.38
22783,499.98
22784,499.89
22785,439.52
22786,479.39
22787,1500.58
22788,499.8
22789,400.93
22790,400.68
22791,439.09
22792,400.88
22793,350.55
22794,350.54
22795,349.48
22796,349.41
22797,349.32
22798,349.35
22799,349.18
22800,349.34
22801,349.03
22802,338.24
22803,349.27
22804,349.23
22805,349.25
22806,349.05
22807,350.65
22808,350.64
22809,349.88
22810,349.76
22811,499.41
22812,499.6
22813,499.07
22814,350.87
22815,499.4
22816,499.66
22817,892.46
22818,892.56
22819,1550.36
22820,1882.06
22821,2064.94
22822,2042.85
22823,2000.63
22824,1999.68
22825,889.88
22826,1622.16
22827,1999.31
22828,2005.71
22829,3200.71
22830,3309.66
22831,2751
22832,2750.21
22833,2750.56
22834,2785.8
22835,2700.37
22836,2700.47
22837,3396.99
22838,3401.32
22839,3396.57
22840,3396.18
22841,3309.55
22842,3309.58
22843,3500.42
22844,3499.2
22845,3156.4
22846,2960.81
22847,3498.77
22848,3499.35
22849,3569.53
22850,3758.88
22851,3569.78
22852,3510.13
22853,3401.68
22854,3396.87
22855,3357.6
22856,3300.68
22857,3366.67
22858,3356
22859,3250.52
22860,3239.92
22861,2999.29
22862,3200.4
22863,3239.97
22864,3239.28
22865,3250.13
22866,3396.49
22867,3396.58
22868,3442.11
22869,2804.68
22870,2999.89
22871,3216.42
22872,3250.06
22873,3499.58
22874,3297.79
22875,3239.06
22876,3246.99
22877,3239.69
22878,3250.22
22879,3239.5
22880,2969.32
22881,2042.33
22882,2010.32
22883,1839.24
22884,1839.7
22885,1839.27
22886,1849.25
22887,1499.84
22888,1565.2
22889,999.81
22890,999.45
22891,1990.32
22892,1900.17
22893,1679.75
22894,1650.33
22895,996.34
22896,925.85
22897,1459.17
22898,1371.83
22899,1679.29
22900,1679.83
22901,1009.53
22902,1038
22903,1325.65
22904,1565.98
22905,1679.17
22906,1882.99
22907,1825.68
22908,1900.98
22909,2199.11
22910,2530.26
22911,2280.92
22912,2499.08
22913,2042.03
22914,2146.08
22915,3000.06
22916,3000.79
22917,3366.51
22918,3396.69
22919,3010.21
22920,2969.96
22921,3442.39
22922,3758.31
22923,4522.51
22924,4754.49
22925,3934.47
22926,3829.31
22927,3599.68
22928,3739.48
22929,3863.22
22930,3863.16
22931,3599.02
22932,3599.31
22933,3857.27
22934,4030.83
22935,3863.53
22936,3829.82
22937,3442.24
22938,3479.07
22939,3010.56
22940,2996.77
22941,2999.69
22942,3401.1
22943,3113.97
22944,3010.17
22945,1999.81
22946,1999.52
22947,1804.7
22948,1837.02
22949,1888.41
22950,1900.79
22951,1999.92
22952,2005.17
22953,2042.5
22954,2042.76
22955,2549.43
22956,2549.35
22957,2042.42
22958,2103.17
22959,1999
22960,1888.49
22961,1763.11
22962,1839.98
22963,1839.08
22964,1839.5
22965,1565.75
22966,1837.4
22967,1674.5
22968,1900.48
22969,2996.4
22970,3250.26
22971,2999.19
22972,2969.79
22973,1999.26
22974,1499.58
22975,999.69
22976,999.34
22977,999.17
22978,1882.92
22979,1780.46
22980,1780.61
22981,1755.77
22982,1837.21
22983,1510.94
22984,1610.46
22985,2104.29
22986,2117.36
22987,2104.53
22988,2042.87
22989,1900.62
22990,1825.33
22991,1500.41
22992,1599.97
22993,1060.6
22994,917.44
22995,1200.8
22996,1325.59
22997,681.93
22998,624.59
22999,1233
23000,1351.5
23001,1651.11
23002,1837.38
23003,1837.22
23004,1724
23005,1855.53
23006,1888.05
23007,2082.69
23008,2103.84
23009,989.24
23010,1719.49
23011,2499.23
23012,2549.76
23013,2500.56
23014,2280.4
23015,2500.47
23016,2336.54
23017,1799.21
23018,1913.82
23019,1964.13
23020,2117.24
23021,3825.3
23022,3957.81
23023,4347.86
23024,4260.17
23025,4132.15
23026,4102.08
23027,4099.36
23028,4102.56
23029,3899.48
23030,3899.02
23031,3483.7
23032,3403.84
23033,3484.25
23034,3748.08
23035,4168.61
23036,4390.83
23037,4199.74
23038,4168.11
23039,4010.92
23040,3800.14
23041,2797.42
23042,2514.83
23043,2797.51
23044,2919.03
23045,2978.5
23046,2978.75
23047,2985.73
23048,2985.32
23049,2940.72
23050,2865.62
23051,2831.2
23052,2710.16
23053,2501.33
23054,2500.74
23055,2422
23056,2500.04
23057,2104.7
23058,2104.98
23059,2879.16
23060,2900.71
23061,2510.75
23062,2900.3
23063,2978.06
23064,2939.46
23065,2978.87
23066,2985.74
23067,3011.01
23068,2985.93
23069,2978.07
23070,2831.46
23071,2104.55
23072,1900.36
23073,1075
23074,1000.88
23075,1913.52
23076,1894.5
23077,1882.95
23078,1882.61
23079,999.62
23080,999.85
23081,1899.43
23082,2005.45
23083,1882.08
23084,1637.25
23085,1839.13
23086,1839.05
23087,2117.26
23088,2119.13
23089,1882.25
23090,1839.76
23091,1913.87
23092,1882.8
23093,1662.69
23094,1720.48
23095,2005.4
23096,2117.11
23097,2119.8
23098,2620.5
23099,2844.67
23100,3011.36
23101,3000.42
23102,2969.97
23103,2969.42
23104,2996.05
23105,2549.71
23106,2969.56
23107,3000.63
23108,2969.54
23109,3239.81
23110,3366.73
23111,3366.15
23112,3401.34
23113,2619.99
23114,3484.96
23115,4347.05
23116,4522.12
23117,5584.01
23118,5799.7
23119,5000.1
23120,4999.32
23121,4930.99
23122,4999.14
23123,4710.91
23124,4710.61
23125,4680.22
23126,4680.4
23127,4750.57
23128,4622.73
23129,3945.29
23130,3945.04
23131,4754.83
23132,5264.51
23133,4522.21
23134,4522.34
23135,4260.55
23136,4141.86
23137,3871.02
23138,3871.18
23139,4000.81
23140,3758.9
23141,3569.52
23142,3498.38
23143,3442.48
23144,3401.73
23145,3401.59
23146,3401.48
23147,3000.59
23148,2973.59
23149,2859.78
23150,2969.13
23151,2950.2
23152,2857.36
23153,2139.87
23154,2763
23155,2654
23156,2810.77
23157,1619.87
23158,1619.8
23159,1302.32
23160,2017.33
23161,2104.86
23162,2857.09
23163,2844.6
23164,2857.26
23165,2969.53
23166,2510.87
23167,2996.26
23168,2740.51
23169,2996.9
23170,2804.61
23171,2246.13
23172,2104.01
23173,999.21
23174,989.91
23175,619.59
23176,619.74
23177,589.5
23178,589.67
23179,1325.21
23180,1325.14
23181,1617
23182,1325.48
23183,1325.15
23184,999.44
23185,999.01
23186,599.93
23187,1199.27
23188,1199.5
23189,799.81
23190,799.27
23191,999.64
23192,999.79
23193,1809.47
23194,2025.24
23195,2117.18
23196,2119.64
23197,2435.12
23198,2450.95
23199,2853.52
23200,2804.39
23201,2969.11
23202,2500.75
23203,2104.19
23204,1882.97
23205,2332
23206,2708.75
23207,3000.53
23208,2600.2
23209,3174.25
23210,3498.75
23211,3842
23212,4000.84
23213,4141.04
23214,4302.24
23215,4754.25
23216,4600.35
23217,4622.35
23218,4999.03
23219,5264.96
23220,6000.32
23221,4990.33
23222,5050.45
23223,4422
23224,4101.56
23225,3510.14
23226,3619.25
23227,3999.18
23228,4522.02
23229,4444.09
23230,4200.05
23231,3820.38
23232,3500.88
23233,2499.28
23234,2499.88
23235,3048.92
23236,3048.25
23237,2800.54
23238,2680.08
23239,2800.39
23240,2800.78
23241,2969.03
23242,3000.49
23243,2969.91
23244,2804.98
23245,2510.49
23246,2804.34
23247,2996.01
23248,2804.4
23249,1999.55
23250,1999.53
23251,1999.89
23252,2000.5
23253,2900.85
23254,3300.89
23255,3442.29
23256,3483.06
23257,3443
23258,3500.87
23259,3829.02
23260,3498.7
23261,3510.5
23262,3401.31
23263,2978.4
23264,2900.28
23265,2850.94
23266,2978.63
23267,2804.58
23268,2934.89
23269,3401.44
23270,3250.8
23271,2804.64
23272,2039.68
23273,999.94
23274,999.95
23275,1960.14
23276,2005.01
23277,2025.58
23278,2025.97
23279,2804.18
23280,2800.36
23281,2210.5
23282,2117.69
23283,3569.92
23284,3484.15
23285,2104.03
23286,2042.57
23287,1960.66
23288,2005.61
23289,2117.79
23290,2750.71
23291,3000.04
23292,3239.22
23293,2859.94
23294,2859.69
23295,2119.3
23296,2025.13
23297,3000.59
23298,3396.94
23299,3011.19
23300,3159.01
23301,2900.65
23302,2719.06
23303,2969.25
23304,3270.79
23305,3424.78
23306,4168.23
23307,5221.97
23308,5499.27
23309,10000
23310,10000
23311,10000
23312,10000
23313,10000
23314,10000
23315,8999.93
23316,8999.51
23317,5999.75
23318,5999.72
23319,5499.1
23320,5051.4
23321,5199.87
23322,5494.15
23323,5450.94
23324,5200.55
23325,4622.6
23326,4859.05
23327,4499.56
23328,4499.25
23329,4622.42
23330,4935.06
23331,4859.26
23332,4622.11
23333,4168.78
23334,4365.82
23335,3989.75
23336,4044.23
23337,3957.83
23338,4019.07
23339,3000.91
23340,3750.93
23341,3550.94
23342,3689.78
23343,4000.81
23344,4062.58
23345,3829.57
23346,3820.38
23347,3569.82
23348,3689.69
23349,3290.03
23350,3566.37
23351,3689.06
23352,3863.6
23353,3850.12
23354,4039.18
23355,4114.89
23356,4168.6
23357,4168.18
23358,3764.82
23359,3432.82
23360,3250.19
23361,2057.5
23362,2104.18
23363,2519.08
23364,2512.04
23365,2969.48
23366,3000.23
23367,3096.52
23368,2969.06
23369,2650.02
23370,2280.95
23371,2450.42
23372,2507.67
23373,2700.64
23374,2700.65
23375,2750.79
23376,2750.02
23377,2117.42
23378,2064.4
23379,1638.52
23380,1913.43
23381,1599.86
23382,1679.35
23383,2139.4
23384,2519.15
23385,3000.36
23386,3200.29
23387,3309.49
23388,3442.36
23389,3498.7
23390,3781.1
23391,3200.05
23392,3200.85
23393,3309.55
23394,3442.52
23395,3945
23396,4056.61
23397,3957.25
23398,3957.08
23399,4062.34
23400,4522.31
23401,4935.08
23402,5500.67
23403,5635.25
23404,6079.81
23405,8902.11
23406,10000
23407,10000
23408,10000
23409,10000
23410,10000
23411,10000
23412,10000
23413,10000
23414,10000
23415,10000
23416,10000
23417,10000
23418,10000
23419,10000
23420,10000
23421,5269.98
23422,5269.72
23423,4499.73
23424,3989
23425,3820.65
23426,3820.86
23427,3820.97
23428,3829.08
23429,3820.85
23430,3469
23431,3300.76
23432,3500.06
23433,3689.44
23434,3311.87
23435,3750.88
23436,3863.93
23437,3500.82
23438,3689.3
23439,3780.9
23440,3758.44
23441,3595.03
23442,3200.59
23443,3362.28
23444,3386.23
23445,2280.86
23446,2510.83
23447,3000.62
23448,3000.86
23449,3354.29
23450,3502.44
23451,3502.32
23452,3500.12
23453,2499.7
23454,2499.62
23455,1964.72
23456,1964.48
23457,1511
23458,2117.16
23459,697.78
23460,724.77
23461,1499.16
23462,1900.31
23463,895.47
23464,1500.51
23465,505.7
23466,520.69
23467,399.83
23468,399.91
23469,354.81
23470,399.25
23471,299.99
23472,350.61
23473,299.57
23474,299.73
23475,499.79
23476,1308.22
23477,299.75
23478,299.74
23479,1837.78
23480,1837.99
23481,2025.93
23482,2117.03
23483,2750.65
23484,2996.88
23485,2082.97
23486,1804.66
23487,2859.17
23488,2969.35
23489,2220.42
23490,2280.84
23491,2280.26
23492,2499.77
23493,3396.34
23494,3396.54
23495,3442.5
23496,3758.14
23497,3442.99
23498,3500.72
23499,3000.21
23500,2980.79
23501,3500.35
23502,3500.54
23503,4650.45
23504,4960.49
23505,4600.83
23506,4522.46
23507,3510.55
23508,3290.4
23509,4740.91
23510,4455.78
23511,4394.17
23512,4444.7
23513,4768.1
23514,4859.34
23515,4999.03
23516,4622.41
23517,3871.98
23518,3957.33
23519,3957.5
23520,3815.02
23521,4260.03
23522,4102.6
23523,4141.55
23524,4089.84
23525,3290.02
23526,3200.3
23527,3239.67
23528,3239.93
23529,2800.06
23530,2800.22
23531,2750.82
23532,2800.11
23533,3290.44
23534,3212
23535,2804.93
23536,2920.71
23537,2200.59
23538,2280.59
23539,2879.46
23540,2969.07
23541,2750.35
23542,2850.74
23543,3585.91
23544,3585.71
23545,3980.92
23546,4260.17
23547,4260.21
23548,4260.54
23549,4141.99
23550,3989.25
23551,3700.05
23552,3396.93
23553,3396.92
23554,3442.86
23555,3401.36
23556,3442.21
23557,2899.26
23558,2750.67
23559,2963.94
23560,2963.39
23561,3010.17
23562,2859.77
23563,2919.19
23564,2916.31
23565,2719.74
23566,2719.54
23567,2280.2
23568,1659
23569,1839.13
23570,2025.95
23571,2082.86
23572,1888.56
23573,1000.92
23574,1570.35
23575,1839.74
23576,2117.97
23577,2719.97
23578,3200.42
23579,2969.25
23580,3228.87
23581,3401.99
23582,3463.72
23583,3443
23584,3561.46
23585,3600.07
23586,3863.73
23587,3934.54
23588,4065.12
23589,3989.88
23590,4007.61
23591,4347.13
23592,4499.39
23593,4935.25
23594,5500.08
23595,5635.05
23596,5635.16
23597,10000
23598,10000
23599,10000
23600,10000
23601,10000
23602,10000
23603,10000
23604,10000
23605,10000
23606,10000
23607,10000
23608,10000
23609,10000
23610,10000
23611,10000
23612,10000
23613,10000
23614,6199.39
23615,5500.72
23616,4522.19
23617,4499.38
23618,4444.11
23619,3990.94
23620,3957.58
23621,3957.42
23622,3871.23
23623,3999.59
23624,3957.58
23625,3595.7
23626,3689.21
23627,3689.87
23628,3689.95
23629,3644.85
23630,3595.28
23631,3529.9
23632,3451.04
23633,3298
23634,3400.3
23635,3386
23636,3501.76
23637,2797.44
23638,3010.01
23639,3258.13
23640,3585.14
23641,3689.76
23642,3957.07
23643,3970.43
23644,3595.68
23645,3957.08
23646,3957.78
23647,3990.23
23648,3650.64
23649,3595.21
23650,3562.2
23651,3595.45
23652,3502.86
23653,2750.76
23654,2719.59
23655,2910.38
23656,2969.29
23657,2969.22
23658,3309.29
23659,2401.76
23660,2234.57
23661,2699.12
23662,2719.27
23663,2117.74
23664,2103.91
23665,2099.5
23666,1964.15
23667,1730.92
23668,1499.87
23669,977.98
23670,1499.61
23671,1565.95
23672,1951.83
23673,2064.73
23674,2280.58
23675,3030.59
23676,3396.34
23677,2751
23678,2996.17
23679,3239.47
23680,3396.45
23681,3403.51
23682,3650.36
23683,3758.11
23684,3500.76
23685,3498.37
23686,3500
23687,3463.55
23688,3463.11
23689,2999.81
23690,4260.06
23691,5282.93
23692,10000
23693,10000
23694,10000
23695,10000
23696,10000
23697,10000
23698,10000
23699,10000
23700,10000
23701,10000
23702,10000
23703,10000
23704,10000
23705,6200.73
23706,5499.92
23707,5269.01
23708,4500.14
23709,4522.5
23710,4859.92
23711,3720.79
23712,3499.79
23713,2999.85
23714,2999.48
23715,3300.67
23716,3300.02
23717,2800.09
23718,2510.44
23719,2710.82
23720,2510.64
23721,2710.28
23722,2745
23723,1699.98
23724,1699.96
23725,2886
23726,2999.12
23727,2999.03
23728,2800.71
23729,2700.38
23730,2710.51
23731,2350.47
23732,2467.5
23733,1775.97
23734,2999.78
23735,2999.17
23736,3000.53
23737,3500.61
23738,4000.33
23739,3569.62
23740,3323.6
23741,3311.1
23742,3439.59
23743,3019.17
23744,2850.25
23745,2955.09
23746,2955.69
23747,3000.23
23748,3239.71
23749,3239.39
23750,3309.07
23751,2969.51
23752,2500.96
23753,2104.96
23754,2104.6
23755,2104.58
23756,2119.12
23757,2620.54
23758,2900.11
23759,2280.12
23760,2025.23
23761,1900.17
23762,1900.22
23763,1356.43
23764,1325.18
23765,700.93
23766,711.44
23767,550.83
23768,656.31
23769,1646.23
23770,1850.18
23771,999.63
23772,999.94
23773,1913.94
23774,2104.53
23775,2280.54
23776,2410.02
23777,1709.6
23778,1693.49
23779,2400.79
23780,2750.36
23781,2400.31
23782,2400.57
23783,2955.73
23784,2900.37
23785,2280.19
23786,2750.88
23787,3957.12
23788,4604.83
23789,5635.87
23790,10000
23791,5999.21
23792,5500.65
23793,4750.97
23794,4740.63
23795,4455.25
23796,4581.67
23797,4362.95
23798,4347.73
23799,3665.86
23800,3665.43
23801,3871.09
23802,3904.52
23803,4389.23
23804,4343.18
23805,3665.34
23806,3502.97
23807,3200.91
23808,2969.69
23809,3850.88
23810,3700.72
23811,3710.8
23812,3630.43
23813,3500.39
23814,3300.89
23815,3366.69
23816,3366.97
23817,3269.73
23818,3309.41
23819,3186.75
23820,3000.03
23821,3000.57
23822,3010.29
23823,2800.17
23824,2489.4
23825,1529.95
23826,1529.95
23827,1499.9
23828,2000.33
23829,1519.08
23830,2250.57
23831,2969.11
23832,2920.98
23833,2999.65
23834,3112.88
23835,3311.87
23836,3309.88
23837,2969.28
23838,2591
23839,2200.22
23840,2065.61
23841,2104.12
23842,1900.76
23843,1199.65
23844,999.59
23845,700.79
23846,999.13
23847,699.11
23848,490
23849,489.88
23850,999.35
23851,999.63
23852,999.13
23853,999.23
23854,999.74
23855,799.16
23856,500.96
23857,799.71
23858,999.1
23859,799.47
23860,799.04
23861,449.31
23862,449.3
23863,1300.7
23864,1565.6
23865,1679.38
23866,1888.74
23867,1913.62
23868,2005.18
23869,2072.21
23870,2104.72
23871,2280.8
23872,2500.95
23873,2119.78
23874,2277.68
23875,2800.12
23876,2820.14
23877,2500.72
23878,2636.19
23879,2804.34
23880,2820.74
23881,3200.56
23882,3646.86
23883,3934.64
23884,5350.94
23885,5500.7
23886,10000
23887,10000
23888,6199.22
23889,5600.76
23890,5500.62
23891,4740.14
23892,4500.29
23893,4522.68
23894,4600.73
23895,4057.47
23896,3999.26
23897,3463.11
23898,3463.52
23899,3502.25
23900,3630.23
23901,3720.62
23902,3710.42
23903,3511.47
23904,3502.35
23905,3463.99
23906,3216.74
23907,3000.03
23908,2969.09
23909,3020.32
23910,3200.45
23911,3200.05
23912,3132.33
23913,3646.23
23914,3646.2
23915,3500.54
23916,3396.07
23917,3750.66
23918,3586.92
23919,3569.11
23920,3510.37
23921,3442.41
23922,3258.76
23923,3109.3
23924,3010.31
23925,2650.31
23926,2850.43
23927,3193.02
23928,3401.89
23929,3758.39
23930,3758.42
23931,3585.05
23932,3366.26
23933,3200.79
23934,2910.04
23935,2969.98
23936,2855.39
23937,2420.75
23938,2499.25
23939,2025.74
23940,2040.6
23941,2473.51
23942,2733
23943,2512.07
23944,2420.79
23945,2420.79
23946,2420.78
23947,2599.05
23948,2514.68
23949,2128.71
23950,2128.87
23951,1679.37
23952,1599.86
23953,2025.32
23954,2104.92
23955,1882.66
23956,1839.41
23957,999.87
23958,999.88
23959,2020.23
23960,2072.54
23961,2104.76
23962,2500.92
23963,2281.77
23964,2281.86
23965,2020.52
23966,2042.09
23967,2281.38
23968,2420.52
23969,3200.06
23970,3309.01
23971,3169.01
23972,3011.82
23973,3401.14
23974,3311.28
23975,2800.89
23976,2916.77
23977,2804.44
23978,3850.33
23979,3881.07
23980,5000.98
23981,5500.38
23982,5500.17
23983,6200.96
23984,6000.24
23985,4999.78
23986,4999.23
23987,4063.91
23988,4210.65
23989,4499.45
23990,4835.68
23991,5875.49
23992,5500.46
23993,5051.01
23994,5051.62
23995,4522.55
23996,4450.38
23997,4835.32
23998,4429
23999,4200.64
24000,3800.15
24001,4522.53
24002,4522.29
24003,4415.76
24004,4200.18
24005,4141.03
24006,3871.11
24007,3748.32
24008,3502.67
24009,3442.02
24010,3442.3
24011,3750.07
24012,4269.16
24013,3758.05
24014,3595.8
24015,3146.81
24016,2999.26
24017,2919.17
24018,2999.26
24019,3020.82
24020,3093.93
24021,3300.75
24022,3450.9
24023,3585.84
24024,3800.11
24025,4141.17
24026,4499.46
24027,4499.04
24028,4444.69
24029,3646.33
24030,3311.94
24031,2512.56
24032,2170.94
24033,2059.23
24034,2120.53
24035,2820.13
24036,2900.9
24037,2420.61
24038,2350.77
24039,2104.77
24040,1731.9
24041,1400.77
24042,1400.66
24043,1679.84
24044,1839.24
24045,1679.59
24046,1679.67
24047,1000
24048,999.99
24049,999.6
24050,999.85
24051,999.87
24052,999.62
24053,699.99
24054,999.02
24055,1565.29
24056,1888.34
24057,2820.25
24058,2900.82
24059,2900.3
24060,2900.8
24061,2820.55
24062,2820.9
24063,2978.14
24064,3096.93
24065,2316
24066,2499.23
24067,2847.1
24068,2969.72
24069,2969.79
24070,3011.57
24071,3200.59
24072,3579.14
24073,3880.27
24074,4235.31
24075,4415.69
24076,4740.76
24077,5100.36
24078,5500.15
24079,5499.76
24080,5499.16
24081,4450.09
24082,4444.34
24083,4012.1
24084,4000.98
24085,3931.07
24086,4182
24087,4622.42
24088,4499.68
24089,4444.37
24090,4522.13
24091,4600.92
24092,4522.23
24093,4260.29
24094,3989.14
24095,3828.93
24096,3801
24097,3442.8
24098,3156.82
24099,3500.27
24100,3522
24101,3500.01
24102,3498.4
24103,3500.35
24104,3300.55
24105,3290.62
24106,3366.64
24107,3289.65
24108,3289.18
24109,3239.78
24110,3011.33
24111,2996.68
24112,2919.25
24113,2900.87
24114,2910.58
24115,2969.22
24116,3011.69
24117,2996.28
24118,2969.89
24119,2969.92
24120,2996.82
24121,3442.59
24122,3758.1
24123,3569.04
24124,3011.71
24125,2804.74
24126,2704.94
24127,2104.8
24128,1882.9
24129,1900.11
24130,1900.36
24131,999.76
24132,999.78
24133,1750.22
24134,1698.42
24135,629.84
24136,699.5
24137,499.26
24138,499.65
24139,479.93
24140,479.92
24141,499.29
24142,499.42
24143,1249.78
24144,1249.46
24145,1349.37
24146,1349.78
24147,983.56
24148,1349.06
24149,529.09
24150,687.18
24151,509.58
24152,1349.18
24153,1100.24
24154,1651.94
24155,1349.2
24156,1839.71
24157,999.82
24158,1325.29
24159,799.6
24160,1258
24161,1106.8
24162,2022
24163,1873.5
24164,1882.16
24165,2420.09
24166,2664.66
24167,3300.5
24168,3881.34
24169,2980.1
24170,3309.82
24171,3087.43
24172,3366.85
24173,3946.3
24174,3880.56
24175,4012.21
24176,3800.98
24177,3800.25
24178,3840.07
24179,3500.8
24180,3500.42
24181,3800.16
24182,3800.34
24183,3830.4
24184,3871.74
24185,4220.99
24186,4255.45
24187,3957.66
24188,3957.04
24189,3863.25
24190,3710.17
24191,3460.19
24192,3020.75
24193,3403.09
24194,3200.9
24195,2900.88
24196,2810.64
24197,2800.88
24198,2800.29
24199,2900.65
24200,2900.86
24201,3200.96
24202,3463.53
24203,3200.49
24204,3200.48
24205,3000.71
24206,3109.05
24207,3109.82
24208,3010.44
24209,2969.9
24210,2969.74
24211,2990.14
24212,3000.46
24213,2550.59
24214,2820.38
24215,2820.53
24216,2820.78
24217,2855.3
24218,3263.29
24219,4269.79
24220,4000.98
24221,3646.26
24222,3442.84
24223,3300.07
24224,2969.42
24225,2980.06
24226,2980.87
24227,3000.6
24228,2900.86
24229,2955.6
24230,2969.14
24231,2955.77
24232,2955.15
24233,2813.64
24234,2819.79
24235,1964.99
24236,1964.28
24237,1699.7
24238,2042.74
24239,1839.89
24240,2025.21
24241,2719.33
24242,2820.31
24243,2420.55
24244,2804.07
24245,1839.87
24246,1839.71
24247,3269.87
24248,3595.34
24249,2820.7
24250,2859.22
24251,3269.08
24252,2966.93
24253,5000.03
24254,4999.58
24255,2966.02
24256,2966.06
24257,2514.66
24258,2813.37
24259,2708.79
24260,2999.85
24261,3433.21
24262,3433.1
24263,4000.16
24264,4026.11
24265,4269.17
24266,4859.14
24267,5660.68
24268,7717.21
24269,10000
24270,10000
24271,10000
24272,10000
24273,10000
24274,10000
24275,4999.79
24276,5285.91
24277,4740.67
24278,4920.93
24279,4740.3
24280,4750.69
24281,4522.6
24282,4859.54
24283,4754.76
24284,4622.38
24285,3957.09
24286,3690.4
24287,3630.38
24288,3500.02
24289,4605.57
24290,4396.5
24291,4432.76
24292,4050.4
24293,4000.48
24294,3957.66
24295,3646.89
24296,3689.63
24297,3758.46
24298,3829.35
24299,3875.05
24300,3863.69
24301,3463.86
24302,3463.92
24303,3463.24
24304,3469
24305,3424.43
24306,3449.18
24307,3300.1
24308,3396.15
24309,2850.36
24310,3258.15
24311,3396.78
24312,3396.78
24313,3463.42
24314,3957.38
24315,4389.86
24316,4269.13
24317,3500.59
24318,3463.63
24319,3401.95
24320,3200.99
24321,2789.78
24322,2789.44
24323,2969.47
24324,2969.65
24325,1679.24
24326,1837.23
24327,1000.91
24328,999.07
24329,543.6
24330,794.39
24331,745.47
24332,1049.03
24333,712.78
24334,1325.1
24335,2005.3
24336,2104.08
24337,1565.38
24338,1679.96
24339,1679.04
24340,1882.74
24341,1497.58
24342,1837.28
24343,1839.26
24344,2005.57
24345,1599.66
24346,1888.79
24347,1599.47
24348,1900.39
24349,2410.95
24350,2800.28
24351,2719.57
24352,2933.54
24353,2490.47
24354,2820.14
24355,2873.33
24356,3147.85
24357,3000.37
24358,3309.09
24359,3463
24360,3758.32
24361,3401.52
24362,3758.86
24363,4069.65
24364,4800.27
24365,6999.01
24366,6999.29
24367,10000
24368,10000
24369,10000
24370,6299.59
24371,5754.42
24372,5754.06
24373,4859.56
24374,5000.38
24375,4520.49
24376,4450.79
24377,3710.27
24378,3934.29
24379,4522.56
24380,4522.61
24381,4444.39
24382,3989.8
24383,3871.7
24384,3450.95
24385,3700.65
24386,3630.57
24387,4141.97
24388,3934.58
24389,4132.06
24390,3989.11
24391,3010.58
24392,2918
24393,2800.68
24394,2804.7
24395,2955.97
24396,3396.07
24397,3646.55
24398,3506
24399,3396.52
24400,3252.71
24401,3252.26
24402,3080
24403,3258.7
24404,3299.65
24405,3300.3
24406,3050.89
24407,2999.28
24408,2978.44
24409,2996.82
24410,3299.51
24411,4141.45
24412,3989.79
24413,2978.94
24414,2586.92
24415,2531.26
24416,2420.5
24417,1900.13
24418,2000.15
24419,2420.12
24420,2820.18
24421,2104.89
24422,2104.71
24423,1500.9
24424,1697.76
24425,1565.34
24426,1670.74
24427,1499.09
24428,1571.11
24429,934.4
24430,1324.17
24431,1612.11
24432,1670.68
24433,1670.37
24434,1801.11
24435,1839.33
24436,1837.88
24437,1349.27
24438,1349.96
24439,1679.69
24440,2104.04
24441,2104.71
24442,2800.75
24443,2104.69
24444,2710.18
24445,2650.77
24446,2910.61
24447,3050.97
24448,3258.18
24449,2820.67
24450,3096.38
24451,3442.25
24452,3703.02
24453,3758.52
24454,3758.18
24455,3216.57
24456,3177
24457,3442.99
24458,3989.73
24459,3978
24460,4104.73
24461,4750.97
24462,5100.18
24463,4500.73
24464,4471.19
24465,3952.99
24466,3498.09
24467,4499.07
24468,4850.68
24469,4600.7
24470,4740.93
24471,3670.19
24472,3500.81
24473,3200.94
24474,3451.11
24475,3989.09
24476,4000.25
24477,3871.58
24478,3540.25
24479,3500.06
24480,3450.53
24481,3700.85
24482,3500.18
24483,3396.07
24484,3000.78
24485,3000.79
24486,2910.29
24487,2900.54
24488,2985.33
24489,2710.99
24490,2104.87
24491,2473.37
24492,2542.24
24493,2522
24494,2420.88
24495,2800.51
24496,2800.25
24497,2420.68
24498,2281.85
24499,2420.59
24500,2500.79
24501,2900.15
24502,2710.91
24503,2710.32
24504,2542.44
24505,2820.58
24506,2969.42
24507,3131.18
24508,3403.7
24509,3000.03
24510,2850.7
24511,2281.22
24512,2104.49
24513,2005.67
24514,2104.47
24515,2604
24516,2500.69
24517,2104.07
24518,2104.96
24519,2800.46
24520,2719.38
24521,1590.08
24522,1499.75
24523,1671.78
24524,1882.27
24525,1490.06
24526,1679.3
24527,1399.38
24528,1399.98
24529,1839.73
24530,2038.54
24531,2005.38
24532,2020.66
24533,1249.23
24534,1565.16
24535,1671.33
24536,1837.38
24537,1837.71
24538,2025.82
24539,2104.19
24540,2410.87
24541,2680.62
24542,2820.25
24543,3199.3
24544,3200.78
24545,3050.39
24546,3309.3
24547,3442.15
24548,3442.73
24549,2500.13
24550,2542.14
24551,2599.72
24552,2969.59
24553,2969.32
24554,3362.36
24555,3934.49
24556,5010.7
24557,10000
24558,10000
24559,10000
24560,10000
24561,5999.27
24562,5949.82
24563,5100.94
24564,5499.33
24565,4999.08
24566,5285.07
24567,4754.36
24568,4754.42
24569,4800.17
24570,4754.91
24571,4100.52
24572,4012.24
24573,3552.24
24574,3499.4
24575,3091.48
24576,2900.65
24577,3355.5
24578,2990.34
24579,3258.2
24580,2999.47
24581,2900.78
24582,2700.1
24583,2765.2
24584,2820.66
24585,3010.97
24586,2820.95
24587,2820.61
24588,2820.56
24589,2820.61
24590,2820.4
24591,2820.18
24592,2542.86
24593,2820.8
24594,2969.9
24595,3200.58
24596,3096.52
24597,2820.5
24598,2420.93
24599,2900.21
24600,2900.32
24601,3258.49
24602,3646.77
24603,3999.89
24604,3499.67
24605,3258.15
24606,2820.45
24607,2692.98
24608,2281.3
24609,1882.26
24610,2000.13
24611,2000.27
24612,2104.12
24613,2058.83
24614,2058.44
24615,2020.33
24616,2005.62
24617,1725.72
24618,1670.63
24619,2000.66
24620,2020.6
24621,1794
24622,1888.62
24623,1670.19
24624,1725.52
24625,1565.67
24626,1679.05
24627,999.4
24628,1000.43
24629,799.65
24630,799.89
24631,999.03
24632,1651.69
24633,1349.67
24634,1888.94
24635,1839.81
24636,2042.56
24637,1670.61
24638,2005.9
24639,2020.07
24640,2064.59
24641,2200.51
24642,2999
24643,3366.88
24644,3595.99
24645,3200.56
24646,2969.76
24647,2969.34
24648,3153.11
24649,2969.23
24650,3463.72
24651,4026.16
24652,4835.1
24653,4905.59
24654,5499.09
24655,5285.57
24656,4905.95
24657,4089.14
24658,4012.33
24659,4822
24660,4859.34
24661,3881.63
24662,3653.22
24663,3500.97
24664,3500.88
24665,3239.98
24666,3460.29
24667,3200.25
24668,3239.02
24669,3442.72
24670,3499.17
24671,3450.91
24672,3396.15
24673,2910.73
24674,2820.27
24675,2800.79
24676,2692.1
24677,2542.23
24678,2104.24
24679,2820.61
24680,2879.3
24681,2990.35
24682,2996.09
24683,2979.7
24684,2900.34
24685,2330.52
24686,2104.62
24687,2689.52
24688,2750.59
24689,2750.29
24690,2800.27
24691,2820.5
24692,2800.98
24693,2275.63
24694,2275.7
24695,2512.41
24696,2750.34
24697,2800.51
24698,2969.4
24699,2996.84
24700,2999.13
24701,3200.04
24702,2999.9
24703,2510.06
24704,1837.73
24705,1008
24706,999.09
24707,719.9
24708,719.98
24709,1199.82
24710,1325.98
24711,1651.89
24712,1734.82
24713,1900.57
24714,1888.4
24715,1679.4
24716,1671.47
24717,1389.97
24718,1519.78
24719,1349.06
24720,1325.09
24721,854.22
24722,999.91
24723,1612.61
24724,1679.82
24725,1349.44
24726,1565.05
24727,1651.25
24728,1670.59
24729,1839.86
24730,2042.5
24731,1670.88
24732,1837.42
24733,919.13
24734,919.27
24735,2025.16
24736,2038.85
24737,2996.21
24738,3396.14
24739,3664.36
24740,3881.93
24741,3309.02
24742,3000.22
24743,2999.18
24744,3396.81
24745,3200.4
24746,3401.91
24747,4473.29
24748,5402.99
24749,8000.93
24750,10000
24751,10000
24752,4999.78
24753,3494.13
24754,3333
24755,4444.79
24756,4740.61
24757,4076.12
24758,4252.21
24759,3442.36
24760,3471.72
24761,3240.31
24762,3200.96
24763,3930
24764,3989.01
24765,3595.71
24766,3500.92
24767,3250.24
24768,3010.65
24769,3442.96
24770,3442.63
24771,3952.91
24772,3646.98
24773,3494.3
24774,3510.51
24775,3406
24776,3366.13
24777,3263.98
24778,3258.15
24779,2919.6
24780,2854.76
24781,2811.42
24782,2811.37
24783,2811.81
24784,2820.49
24785,2811.25
24786,2820.52
24787,2900.14
24788,2900.41
24789,3200.92
24790,3200.92
24791,3499.3
24792,3569.9
24793,4260.17
24794,4343.29
24795,3804
24796,4026.67
24797,3320.66
24798,3309.45
24799,2275.74
24800,2020.24
24801,2020.32
24802,2020.4
24803,1900.01
24804,1349.49
24805,2004.24
24806,1913.54
24807,1671.78
24808,1349.41
24809,1359.17
24810,1000.75
24811,500.7
24812,500.55
24813,350.85
24814,350.83
24815,350.18
24816,350.32
24817,300.17
24818,300.14
24819,249.77
24820,249.95
24821,199.71
24822,199.89
24823,140.78
24824,140.98
24825,199.92
24826,724.79
24827,1349.15
24828,1565.41
24829,1359.2
24830,1671.3
24831,1671.71
24832,1882.41
24833,1671.59
24834,1900.14
24835,3200.9
24836,3500.18
24837,3863.72
24838,3863.95
24839,3969.77
24840,3881.21
24841,2996.87
24842,2980.57
24843,2473.02
24844,2249.74
24845,2999.39
24846,3200.07
24847,3200.5
24848,2999.9
24849,3401.48
24850,3863.88
24851,3442.43
24852,3442.33
24853,3471.93
24854,3450.6
24855,3450.22
24856,3450.54
24857,3263.41
24858,2765.09
24859,3500.64
24860,3566
24861,3502.48
24862,3502.88
24863,3550.32
24864,3502.39
24865,3595.17
24866,3564.65
24867,3292.76
24868,3153.33
24869,3258.61
24870,3258.29
24871,3538.14
24872,3538.01
24873,3258.6
24874,3093.7
24875,2820.83
24876,2793.78
24877,2535.37
24878,2658.22
24879,2650.22
24880,2832.69
24881,2820.73
24882,2967.98
24883,3281.76
24884,3288
24885,3000.03
24886,2992
24887,3250.9
24888,3258.01
24889,3646.99
24890,3962.5
24891,3646.97
24892,3646.44
24893,3093.61
24894,2979.83
24895,2910.05
24896,2800.29
24897,2820.37
24898,2800.52
24899,2420.62
24900,2501.13
24901,2967.11
24902,3014.18
24903,3014.34
24904,3014.01
24905,3181.68
24906,3093.88
24907,3258.4
24908,3245.32
24909,2702.22
24910,2500.81
24911,2168.33
24912,2168.71
24913,1899.73
24914,2168.09
24915,2313.61
24916,2313.65
24917,1889.57
24918,1899.85
24919,2168.6
24920,2592.74
24921,2550.72
24922,3093.4
24923,2499.1
24924,2420.92
24925,2191.09
24926,2539.89
24927,2832.99
24928,3181.52
24929,3239.84
24930,3500.5
24931,3538.3
24932,3564.28
24933,3983.76
24934,3983.01
24935,3983.89
24936,4208.87
24937,4414.17
24938,4499.87
24939,4000.12
24940,4250.5
24941,5900.37
24942,9284.23
24943,4960.95
24944,4600.47
24945,4400.67
24946,4250.85
24947,4700.42
24948,4750.34
24949,4750.09
24950,4750.14
24951,4012.04
24952,3881.35
24953,3460.9
24954,3500.92
24955,4039.11
24956,3995.94
24957,3999.23
24958,4039.94
24959,4250.01
24960,4250.06
24961,3790.56
24962,3820.59
24963,3390.07
24964,3250.86
24965,3595.22
24966,3595.25
24967,4000.05
24968,3500.79
24969,3502.07
24970,3499.83
24971,3390.73
24972,3345.84
24973,3258.8
24974,3390.85
24975,3538.53
24976,3538.67
24977,3962.63
24978,3983.65
24979,4000.12
24980,4208.45
24981,4000.23
24982,4026.85
24983,4020.76
24984,4039.87
24985,4578.63
24986,4750.5
24987,4714.56
24988,4377
24989,3654.57
24990,3510.8
24991,3345.15
24992,3093.72
24993,3250.34
24994,3200.29
24995,2967.54
24996,2964.86
24997,3245.26
24998,3258.66
24999,3345.84
25000,3345.23
25001,2832.11
25002,2854.97
25003,2640.99
25004,2656.6
25005,2656.85
25006,2820.46
25007,2519.75
25008,2501.68
25009,2574.91
25010,2832.96
25011,2820.07
25012,2656.72
25013,1999.46
25014,2057
25015,2420.67
25016,2591.15
25017,3200.74
25018,3258.09
25019,3200.76
25020,3244.75
25021,3200.26
25022,3239.77
25023,3564.66
25024,3750.63
25025,3345.29
25026,3646.88
25027,3983.27
25028,4000.24
25029,3348.2
25030,3711.59
25031,3969.35
25032,4250.98
25033,4039.65
25034,4020.36
25035,4020.85
25036,5290.35
25037,6999.69
25038,8000.65
25039,4800.72
25040,4500.16
25041,4210.69
25042,4200.06
25043,4400.05
25044,4500.79
25045,4750.27
25046,4750.2
25047,4600.41
25048,4500.46
25049,3700.47
25050,3800.84
25051,3398.46
25052,3381.33
25053,4000.43
25054,4000.15
25055,3499.08
25056,3010.88
25057,3200.78
25058,3494.97
25059,3345.98
25060,3494.21
25061,3595.47
25062,3345.33
25063,3300.56
25064,3345.9
25065,3500.2
25066,3750.53
25067,3646.98
25068,3500.42
25069,3345.58
25070,3012.23
25071,3014.69
25072,3020.87
25073,3345.26
25074,3650.43
25075,3646.71
25076,3750.08
25077,3345.89
25078,3014.84
25079,3591.75
25080,3750.26
25081,4020.56
25082,4500.43
25083,4500.46
25084,4508.81
25085,4020.32
25086,3969.93
25087,3597.17
25088,3201
25089,2854.93
25090,3200.24
25091,3689.16
25092,3591.94
25093,3969.16
25094,3962.45
25095,3875.01
25096,3463.65
25097,3399
25098,3597.61
25099,3345.95
25100,3345.44
25101,3345.9
25102,3689.28
25103,3500.38
25104,3333.74
25105,3345.07
25106,3153.87
25107,2978.07
25108,2964.17
25109,2765.1
25110,2811.47
25111,2854.9
25112,3093.11
25113,3374.66
25114,3710.96
25115,3962.26
25116,3962.39
25117,3564.8
25118,3962.49
25119,4500.82
25120,4558.54
25121,4377.83
25122,4499.37
25123,4750.45
25124,4819.91
25125,5510.51
25126,5500.32
25127,6178.79
25128,8000.59
25129,10000
25130,10000
25131,10000
25132,10000
25133,10000
25134,10000
25135,10000
25136,10000
25137,10000
25138,10000
25139,10000
25140,10000
25141,10000
25142,10000
25143,10000
25144,10000
25145,10000
25146,10000
25147,10000
25148,10000
25149,5499.54
25150,5499.59
25151,5499.06
25152,4800.45
25153,5644.97
25154,4734.38
25155,4250.19
25156,3646.95
25157,3780.69
25158,3823
25159,3500.5
25160,3349.63
25161,3780.82
25162,3876.41
25163,3646.79
25164,3350.53
25165,2820.6
25166,3010.66
25167,3010.72
25168,2820.45
25169,2910.71
25170,3153.31
25171,3349.45
25172,3378.18
25173,4389.48
25174,4493.97
25175,4010.5
25176,3960.01
25177,3990.49
25178,5100.17
25179,5499.65
25180,4960.36
25181,4750.22
25182,3989.07
25183,4337.15
25184,3600.61
25185,3591.3
25186,3646.19
25187,3600
25188,3595.7
25189,3989.91
25190,3990.26
25191,3345.25
25192,3111.75
25193,2793.72
25194,2793.14
25195,2793.34
25196,2820.28
25197,3281.22
25198,3499.27
25199,2793.47
25200,2793.37
25201,3000.35
25202,3200.3
25203,2512.44
25204,2542.64
25205,2079.41
25206,2350.46
25207,3038.72
25208,3117.4
25209,3499.15
25210,3538.33
25211,3662.71
25212,3983.87
25213,3983.14
25214,3999.78
25215,4417.73
25216,4434.25
25217,4714.41
25218,5285.79
25219,5754.07
25220,7000.03
25221,7999.88
25222,7520.21
25223,10000
25224,10000
25225,10000
25226,10000
25227,10000
25228,10000
25229,10000
25230,10000
25231,10000
25232,10000
25233,10000
25234,10000
25235,10000
25236,10000
25237,10000
25238,10000
25239,10000
25240,10000
25241,10000
25242,10000
25243,10000
25244,10000
25245,10000
25246,10000
25247,8000.82
25248,6999.63
25249,10000
25250,10000
25251,8400.82
25252,8000.88
25253,5999.13
25254,5499.9
25255,5499.31
25256,5499.22
25257,6500.55
25258,5662.47
25259,5499.6
25260,5499.13
25261,4650.9
25262,4200.54
25263,3923.96
25264,3989.14
25265,4436.29
25266,4436.19
25267,4460.53
25268,4700.37
25269,5092.75
25270,4996.88
25271,5121.39
25272,5121.9
25273,8000.46
25274,10000
25275,10000
25276,10000
25277,7625.97
25278,6000.07
25279,4568.1
25280,3549.24
25281,3689.08
25282,3591.84
25283,3349.66
25284,3345.01
25285,3564.27
25286,3463.43
25287,3969.33
25288,3983.63
25289,3564.45
25290,3489.53
25291,3500.98
25292,3510.4
25293,3299.83
25294,3349.39
25295,3595.99
25296,3599.13
25297,3300.73
25298,3299.33
25299,3499.47
25300,3345.72
25301,3093.79
25302,3093.99
25303,3646.9
25304,3899.52
25305,4300.09
25306,4750.03
25307,3962.96
25308,4377.56
25309,4436.11
25310,4593.67
25311,4377.14
25312,4714.9
25313,5329.44
25314,5999.73
25315,5949.91
25316,9000.17
25317,5660.91
25318,5499.92
25319,10000
25320,10000
25321,10000
25322,10000
25323,10000
25324,10000
25325,10000
25326,10000
25327,10000
25328,10000
25329,10000
25330,10000
25331,10000
25332,10000
25333,10000
25334,10000
25335,10000
25336,10000
25337,10000
25338,10000
25339,10000
25340,10000
25341,10000
25342,10000
25343,7999.72
25344,5121.81
25345,5949.6
25346,5121.82
25347,7279.02
25348,5121.2
25349,4999.06
25350,4699.96
25351,4317.11
25352,4249.9
25353,4450.07
25354,4020.96
25355,4377.52
25356,4200.66
25357,4517.39
25358,4508.75
25359,4499.23
25360,4377.93
25361,4377.52
25362,4460.3
25363,4750.4
25364,4750.33
25365,3999.93
25366,4020.32
25367,4377.83
25368,4499.63
25369,4750.28
25370,5099.47
25371,5499.12
25372,5000.07
25373,3999.01
25374,3999.49
25375,3499.8
25376,3200.4
25377,2999.46
25378,3000.86
25379,3349.26
25380,3281.54
25381,2999.84
25382,3200.49
25383,4019.59
25384,4000.29
25385,3300.31
25386,3499.09
25387,3564.86
25388,3408.82
25389,3258.37
25390,3224.18
25391,3194.83
25392,3299.33
25393,3258.12
25394,3281.04
25395,3299.62
25396,3299.29
25397,2936.77
25398,2859.32
25399,3014.21
25400,3200.64
25401,3300.25
25402,3564.16
25403,3983.8
25404,4219.36
25405,3962.36
25406,3999.92
25407,4500.67
25408,4750.09
25409,4500.11
25410,4500.27
25411,5000.31
25412,5000.64
25413,5000.57
25414,5000.91
25415,5499.37
25416,10000
25417,10000
25418,10000
25419,10000
25420,10000
25421,10000
25422,10000
25423,10000
25424,10000
25425,10000
25426,10000
25427,10000
25428,10000
25429,10000
25430,10000
25431,10000
25432,10000
25433,4999.92
25434,5050.61
25435,10000
25436,5285.79
25437,10000
25438,10000
25439,10000
25440,5499.73
25441,10000
25442,10000
25443,6499.05
25444,5662.62
25445,5121.51
25446,5100.6
25447,5121.62
25448,5121.14
25449,4317.32
25450,4317.34
25451,4317.25
25452,4317.92
25453,4499.13
25454,4499.51
25455,4665.06
25456,4517.05
25457,4517.29
25458,4714.01
25459,4800.1
25460,5000.36
25461,4508.33
25462,4369.57
25463,4377.23
25464,4369.1
25465,4499.06
25466,4250.93
25467,4243.88
25468,4250.23
25469,3983
25470,4000.65
25471,3989.1
25472,3500.75
25473,2904.08
25474,2936.28
25475,2999.45
25476,2810.86
25477,3564.65
25478,3646.51
25479,3349.36
25480,3345.13
25481,3111.76
25482,3093.45
25483,2999.59
25484,2875.72
25485,3019.97
25486,2836
25487,2999.45
25488,2765.69
25489,3093.74
25490,3299.72
25491,3349.3
25492,3499.53
25493,3345.03
25494,3299.9
25495,3349.84
25496,3538.03
25497,3538.9
25498,3538.86
25499,3689.44
25500,4050.6
25501,3983.16
25502,4131.42
25503,4500.74
25504,4593.91
25505,4332.78
25506,4389.67
25507,4819.15
25508,5000.64
25509,5000.94
25510,5090.35
25511,5000.67
25512,5500.25
25513,5500.05
25514,9621.25
25515,6499
25516,10000
25517,10000
25518,10000
25519,10000
25520,10000
25521,10000
25522,8000.79
25523,5500.36
25524,5269.94
25525,5700.71
25526,8393.14
25527,5900.73
25528,7281.54
25529,10000
25530,10000
25531,10000
25532,10000
25533,10000
25534,10000
25535,10000
25536,10000
25537,10000
25538,10000
25539,10000
25540,10000
25541,10000
25542,10000
25543,7429.01
25544,5662.69
25545,5000.87
25546,4999.43
25547,4511.61
25548,4500.4
25549,4398.78
25550,4499.23
25551,4661.32
25552,4665.15
25553,4524.84
25554,4750.13
25555,5000.17
25556,5000.14
25557,4524.42
25558,4750.16
25559,5100.01
25560,5121.98
25561,5500.13
25562,5500.57
25563,5662.39
25564,5662.37
25565,5065.03
25566,4969.59
25567,4714.78
25568,4000.85
25569,3989.98
25570,4269.38
25571,4377.72
25572,4026.75
25573,4499.15
25574,4524.06
25575,4665.25
25576,4667.68
25577,4050.96
25578,3960.43
25579,3999.45
25580,4026.23
25581,4310.88
25582,4224.4
25583,4414.14
25584,4224.06
25585,4377.19
25586,4414.61
25587,4212.84
25588,4196.4
25589,4317.65
25590,4460.32
25591,4460.84
25592,4714.76
25593,5499.62
25594,5500.31
25595,5121.87
25596,5500.27
25597,5121.66
25598,5662.61
25599,5662.66
25600,7200.82
25601,10000
25602,10000
25603,10000
25604,10000
25605,10000
25606,10000
25607,10000
25608,10000
25609,10000
25610,10000
25611,10000
25612,10000
25613,10000
25614,10000
25615,10000
25616,10000
25617,10000
25618,10000
25619,10000
25620,10000
25621,10000
25622,10000
25623,10000
25624,10000
25625,10000
25626,10000
25627,10000
25628,10000
25629,10000
25630,10000
25631,10000
25632,10000
25633,10000
25634,10000
25635,10000
25636,10000
25637,10000
25638,10000
25639,10000
25640,6998.3
25641,4662.94
25642,4701.98
25643,5285.99
25644,5500.16
25645,5529.37
25646,5550.19
25647,5121.62
25648,5121.55
25649,4714.84
25650,4969.51
25651,5550.31
25652,5550.42
25653,4524.17
25654,5121.33
25655,5529.28
25656,5600.11
25657,5600.62
25658,5662.85
25659,5662.6
25660,5662.63
25661,5500.87
25662,5500.78
25663,4398.66
25664,4398.38
25665,3586.74
25666,4000.49
25667,3662.16
25668,3586.63
25669,3500.81
25670,3560.51
25671,4133.69
25672,3960.31
25673,3278.63
25674,3299.44
25675,3500.45
25676,3537.83
25677,3514.21
25678,3500.74
25679,3345.14
25680,3299.59
25681,3299.98
25682,3494.46
25683,3345.41
25684,3564.33
25685,3093.69
25686,3299.76
25687,3750.7
25688,4019.24
25689,4146.03
25690,4450.81
25691,4792.11
25692,4821.98
25693,4821.27
25694,4821.99
25695,5092.65
25696,5216.77
25697,5090.42
25698,6933.89
25699,10000
25700,10000
25701,6999.35
25702,10000
25703,9999.61
25704,10000
25705,10000
25706,10000
25707,10000
25708,10000
25709,10000
25710,10000
25711,10000
25712,10000
25713,10000
25714,10000
25715,10000
25716,10000
25717,10000
25718,10000
25719,10000
25720,10000
25721,10000
25722,10000
25723,10000
25724,10000
25725,10000
25726,10000
25727,5864.36
25728,5291.13
25729,4499.26
25730,4499.32
25731,4527.35
25732,4999.06
25733,4000.03
25734,3900.97
25735,3960.85
25736,3962.63
25737,4133.91
25738,4524.29
25739,4714.82
25740,5092.47
25741,4460.41
25742,4200.58
25743,4524.18
25744,4524.41
25745,3999.35
25746,4000.85
25747,4337.18
25748,4428.65
25749,4004.02
25750,4053.82
25751,4524.28
25752,4524
25753,5537.12
25754,6500.4
25755,5815.46
25756,5500.36
25757,4460.28
25758,4243.67
25759,4000.17
25760,3764.05
25761,3349.43
25762,3349.3
25763,3341.5
25764,3349.6
25765,3194.45
25766,3094
25767,3000.26
25768,2850.95
25769,2910.68
25770,2999.94
25771,1964.48
25772,1964.67
25773,1325.29
25774,2061.68
25775,2162.24
25776,2168.12
25777,2499.73
25778,2832
25779,2168.37
25780,2016.91
25781,1010.97
25782,1399.12
25783,2635.08
25784,2635.32
25785,2110.67
25786,2250.06
25787,3093.08
25788,3499.02
25789,3269.65
25790,3281.13
25791,3170
25792,3269.12
25793,3019.94
25794,3250.19
25795,3250.51
25796,3281.23
25797,3450.79
25798,3590.18
25799,4524.06
25800,5450.05
25801,7000.43
25802,10000
25803,10000
25804,10000
25805,10000
25806,10000
25807,10000
25808,10000
25809,7000.26
25810,5999.4
25811,4770.92
25812,4740.77
25813,5285.61
25814,5500.07
25815,5450.43
25816,5400.14
25817,5065.53
25818,5121.67
25819,4740.2
25820,4662.83
25821,5500.2
25822,5500.23
25823,4480.5
25824,3999.45
25825,3512.6
25826,3820.99
25827,4243.02
25828,4243.41
25829,4499.7
25830,4517.43
25831,4039.22
25832,3969.8
25833,3999.1
25834,3999.23
25835,3595.51
25836,3500.76
25837,3345.27
25838,3258.82
25839,3258.49
25840,3258.66
25841,3258.49
25842,3316
25843,3258.87
25844,3345.4
25845,2765.5
25846,3010.13
25847,3019.37
25848,3019.42
25849,3800.37
25850,4328
25851,5059.75
25852,4999.28
25853,4365.8
25854,4039.57
25855,3928
25856,3511.26
25857,3250.89
25858,3499.48
25859,3564.53
25860,3564.62
25861,3093.59
25862,3180.24
25863,3010.32
25864,2999.72
25865,2999.51
25866,2999.79
25867,2999.05
25868,2999.86
25869,3011.35
25870,3000.19
25871,2061.62
25872,1964.93
25873,1889.98
25874,1912.25
25875,2112.43
25876,2110.38
25877,1761.79
25878,1883.43
25879,1889.63
25880,2168.97
25881,2710.71
25882,2999.81
25883,2650.61
25884,2512.67
25885,2121.71
25886,2162.34
25887,2788.34
25888,3000.83
25889,2420.61
25890,2980.89
25891,3200.06
25892,3310.77
25893,3153.12
25894,3093.21
25895,3345.09
25896,3600.15
25897,3800.54
25898,4600.85
25899,5499.42
25900,5500.61
25901,10000
25902,9999.57
25903,5920.27
25904,5499.93
25905,5300.71
25906,4600.18
25907,4400.38
25908,3799.05
25909,4254
25910,4000.77
25911,3499.3
25912,3349.35
25913,3050.28
25914,3050.87
25915,2420.89
25916,2683.36
25917,3349.82
25918,3500.45
25919,3200.06
25920,2820.18
25921,2709
25922,3111.34
25923,3349.7
25924,3500.25
25925,3333.13
25926,3019.01
25927,3258.27
25928,3345.51
25929,3258.01
25930,3258.35
25931,3333.95
25932,3258.97
25933,3200.49
25934,3210
25935,3093.13
25936,3014.99
25937,3010.13
25938,3014.35
25939,3011.21
25940,3200.77
25941,2993.43
25942,2820.98
25943,3200.24
25944,3200.04
25945,3492
25946,3500.96
25947,3500.03
25948,3414.21
25949,3212.81
25950,3272
25951,3250.65
25952,2910.8
25953,2832.78
25954,2820.84
25955,2820.65
25956,2769.74
25957,2818.08
25958,2820.49
25959,2820.12
25960,2820.35
25961,2300.26
25962,2168.35
25963,2401.74
25964,2191.79
25965,2168.04
25966,2168.52
25967,2240.8
25968,2240.86
25969,2110.97
25970,2110.82
25971,2087.1
25972,2072.42
25973,1889.13
25974,1889.95
25975,2042.63
25976,2061.42
25977,2056.58
25978,2168.44
25979,2420.49
25980,2420.62
25981,2110.34
25982,2162.22
25983,2859.99
25984,2999.96
25985,2820.05
25986,3200.73
25987,3301.27
25988,3345.21
25989,2820.61
25990,2909.78
25991,2980.55
25992,3014.88
25993,3014.86
25994,3500.52
25995,3862.69
25996,5300.19
25997,10000
25998,10000
25999,7499.31
26000,5500.93
26001,4500.98
26002,4500.75
26003,4400.8
26004,4029.24
26005,3595.26
26006,3586.96
26007,3345.87
26008,3200.41
26009,2818.16
26010,2818.35
26011,2788.73
26012,2797.24
26013,3345.82
26014,3646.54
26015,3646.05
26016,3500.65
26017,4012.17
26018,4100.67
26019,3881.1
26020,3586.94
26021,3646.91
26022,3646.65
26023,3597.47
26024,3556.91
26025,3500.73
26026,3500.95
26027,3300.89
26028,3258.24
26029,3345.29
26030,3269.01
26031,2998.78
26032,2859.12
26033,3349.81
26034,3474.63
26035,3350.79
26036,3350.19
26037,3345.2
26038,3349.85
26039,3584.83
26040,3500.33
26041,3800.78
26042,4000.28
26043,4039.28
26044,3996.25
26045,3960.99
26046,3881.56
26047,3000.74
26048,2499.31
26049,2061.82
26050,2420.22
26051,2168.07
26052,2420.29
26053,2072.56
26054,2168.72
26055,2729.38
26056,2820.71
26057,2818.95
26058,2797.58
26059,2788.06
26060,2729.45
26061,2820.45
26062,2650.33
26063,2420.85
26064,2353.84
26065,2191.84
26066,2300.7
26067,2699.64
26068,2420.18
26069,2056.99
26070,2056.65
26071,2072.4
26072,2087.86
26073,2999.27
26074,3000.19
26075,2999.87
26076,3093.46
26077,3093.89
26078,3345.35
26079,3101.65
26080,3564.23
26081,3200.59
26082,3750.17
26083,3962.39
26084,3962.56
26085,3962.28
26086,4020.65
26087,3884.39
26088,3595.67
26089,4593.02
26090,5190.23
26091,5999.91
26092,10000
26093,10000
26094,10000
26095,10000
26096,10000
26097,5999.29
26098,5650.39
26099,3881.96
26100,3711.86
26101,3564.52
26102,3646.27
26103,3500.29
26104,3552.71
26105,2649.82
26106,3093.99
26107,3345.17
26108,3349.11
26109,3564.77
26110,3599.08
26111,3500.92
26112,3000.02
26113,3345.28
26114,3345.37
26115,3728.62
26116,3728.26
26117,3210.05
26118,2936.25
26119,3345.87
26120,3300.01
26121,3210.01
26122,3097.95
26123,3345.97
26124,3345.97
26125,3646.8
26126,3595.07
26127,3281.24
26128,3111.69
26129,3258.25
26130,3093.74
26131,3162.92
26132,3258.55
26133,3258.74
26134,3345.67
26135,3345.98
26136,3258.85
26137,3646.59
26138,3983.59
26139,3989.04
26140,3669.95
26141,2820.25
26142,2810.23
26143,2699.06
26144,2168.8
26145,2042.18
26146,1912.69
26147,2042.08
26148,2000.53
26149,2420.74
26150,2599.69
26151,2240.39
26152,2168.48
26153,2610.1
26154,2300.5
26155,2168.02
26156,2087.12
26157,1912.56
26158,1943.51
26159,2056.88
26160,2061.89
26161,2112.86
26162,2087.88
26163,2061.76
26164,2168.12
26165,2023.35
26166,2056.18
26167,2139.23
26168,2168.57
26169,2420.79
26170,2820.8
26171,3093.45
26172,3245.63
26173,3093.92
26174,3093.85
26175,2999.84
26176,3093.06
26177,2420.19
26178,2820.06
26179,2999.4
26180,3199.83
26181,3349.62
26182,3500.67
26183,3660.28
26184,4026
26185,3983.15
26186,3689.46
26187,4460.19
26188,4999.37
26189,4960.85
26190,4960.33
26191,4960.63
26192,4750.33
26193,4500.36
26194,4450.31
26195,4600.29
26196,4714.24
26197,4819.9
26198,5065.37
26199,4650.47
26200,4593.22
26201,4600.95
26202,4819.42
26203,5121.65
26204,5499.11
26205,4650.32
26206,5499.3
26207,4807.79
26208,4499.52
26209,5660.1
26210,5529.26
26211,5065.06
26212,4593.95
26213,3825.83
26214,3825.45
26215,3750.8
26216,3646.25
26217,3646.55
26218,3646.73
26219,3669.6
26220,3646.06
26221,3689.87
26222,3646.61
26223,3689.04
26224,3595.71
26225,3586.97
26226,3646.47
26227,3689.79
26228,3689.35
26229,3552.48
26230,3689.57
26231,3999.93
26232,4020.13
26233,4508.05
26234,4524.14
26235,4800.53
26236,4499.66
26237,4039.02
26238,3597.42
26239,3669.45
26240,3564.11
26241,3722
26242,3825.65
26243,3711.49
26244,3650.68
26245,3669.46
26246,3960.08
26247,3597.79
26248,3595.15
26249,3345.01
26250,3299.45
26251,3245.34
26252,3245.66
26253,3500.06
26254,3500.99
26255,3281.72
26256,3014.13
26257,2999.6
26258,3000.95
26259,2999.05
26260,3093.11
26261,2797.17
26262,2797.87
26263,2999.72
26264,3281.77
26265,3538.04
26266,3597.86
26267,3646.38
26268,3689.39
26269,3646.3
26270,3662.62
26271,4020.5
26272,4414.99
26273,4524.73
26274,5121.38
26275,5500.32
26276,5500.71
26277,5092.9
26278,5500.26
26279,10000
26280,10000
26281,10000
26282,10000
26283,10000
26284,10000
26285,10000
26286,10000
26287,10000
26288,10000
26289,10000
26290,10000
26291,10000
26292,10000
26293,10000
26294,10000
26295,10000
26296,10000
26297,10000
26298,10000
26299,10000
26300,10000
26301,10000
26302,10000
26303,10000
26304,10000
26305,10000
26306,10000
26307,10000
26308,10000
26309,7999.5
26310,5121.81
26311,3552.01
26312,3750.07
26313,3500.51
26314,3594.81
26315,3510.31
26316,3494.02
26317,3370.16
26318,3370.02
26319,3600.71
26320,3619.05
26321,3906.99
26322,3989.41
26323,3962.61
26324,3840.27
26325,3969.6
26326,3989.91
26327,3989.73
26328,4365.62
26329,4000.39
26330,4819.15
26331,5060.35
26332,4947.04
26333,4714.3
26334,4714.23
26335,3705.63
26336,3200.16
26337,2801.25
26338,2820.42
26339,2999.58
26340,2999.88
26341,3499.56
26342,3349.28
26343,3345.19
26344,3245.13
26345,2602.5
26346,2820.61
26347,2072.39
26348,2072.92
26349,2820.87
26350,2999.91
26351,2999.97
26352,3093.03
26353,2999.05
26354,2900.81
26355,2710.86
26356,2410.88
26357,2650.45
26358,2999.26
26359,3050.58
26360,3093.63
26361,3299.63
26362,3538.95
26363,3586.26
26364,3586.74
26365,3597.44
26366,3969.93
26367,4460.96
26368,4524.77
26369,5060.16
26370,5285.18
26371,6000.28
26372,6347.06
26373,5092.1
26374,5500.46
26375,10000
26376,10000
26377,10000
26378,10000
26379,10000
26380,10000
26381,10000
26382,10000
26383,10000
26384,10000
26385,10000
26386,10000
26387,10000
26388,10000
26389,10000
26390,10000
26391,10000
26392,10000
26393,10000
26394,10000
26395,10000
26396,10000
26397,10000
26398,10000
26399,10000
26400,10000
26401,10000
26402,10000
26403,10000
26404,10000
26405,10000
26406,10000
26407,10000
26408,7490.24
26409,5500
26410,5121.36
26411,4665.22
26412,4019.76
26413,4714.46
26414,4965.41
26415,4040.36
26416,4365.05
26417,4714.75
26418,4769.08
26419,4701.21
26420,4662.27
26421,4593.2
26422,4965.5
26423,5456.69
26424,5452.96
26425,5565.84
26426,6000.98
26427,5065.38
26428,4665.89
26429,4714.03
26430,4819.3
26431,3689.48
26432,3370.31
26433,2820.63
26434,2820.25
26435,2832.2
26436,2420.77
26437,2999.81
26438,2999.77
26439,1999.85
26440,1999.42
26441,1834.61
26442,2072.96
26443,2056.96
26444,2087.44
26445,2420.45
26446,2501.55
26447,2729.7
26448,2832.78
26449,2420.68
26450,2212.41
26451,2499.11
26452,2729.51
26453,2859.83
26454,2936.9
26455,3093.38
26456,3093.44
26457,3111.15
26458,3198.11
26459,3245.39
26460,3299.54
26461,3300.56
26462,3597.85
26463,3599.61
26464,3689.24
26465,3450.76
26466,3597.74
26467,3711.26
26468,3739.15
26469,3597.22
26470,3489.06
26471,3900.02
26472,4714.63
26473,4696.86
26474,4760.28
26475,5500.94
26476,9454.68
26477,10000
26478,10000
26479,8670.59
26480,6100.94
26481,4700.31
26482,5100.7
26483,5500.15
26484,5500.03
26485,5450.8
26486,5289.17
26487,5121.16
26488,5092.37
26489,4750.64
26490,4800.99
26491,4883.43
26492,4999.66
26493,4883.4
26494,4800.13
26495,4141.25
26496,3739.9
26497,3700.16
26498,3878.25
26499,4524.02
26500,4517.49
26501,3700.04
26502,3200.15
26503,2910.6
26504,2898.44
26505,3200.62
26506,3200.86
26507,3050.77
26508,3153.5
26509,3630.6
26510,3600.29
26511,2999.89
26512,2853.14
26513,2710.54
26514,2730.18
26515,2900.05
26516,2900.87
26517,3250.42
26518,3499.31
26519,3500.07
26520,3200.09
26521,2820.81
26522,2903.33
26523,3012.05
26524,3345.2
26525,3983.5
26526,3983.67
26527,3960.33
26528,3200.6
26529,2178.4
26530,2178.85
26531,2820.71
26532,2413.58
26533,3200.28
26534,3299.23
26535,3245.21
26536,3185.01
26537,2240.37
26538,2168.89
26539,2401.77
26540,2539.56
26541,2434.51
26542,2810.37
26543,2820.17
26544,2820.66
26545,2645.62
26546,2755.93
26547,2832.36
26548,2832.12
26549,2729.31
26550,2420.87
26551,2999.97
26552,3093.41
26553,3245.29
26554,3299.45
26555,3531.44
26556,3531.62
26557,3662.19
26558,3983.85
26559,4508.99
26560,4714.59
26561,3949.72
26562,3949.09
26563,3950.58
26564,3838.38
26565,3881.24
26566,3930.67
26567,6682.91
26568,10000
26569,6000.79
26570,6999.96
26571,10000
26572,10000
26573,10000
26574,10000
26575,10000
26576,10000
26577,10000
26578,10000
26579,6500.95
26580,6310.7
26581,5650.96
26582,5949.18
26583,5200.67
26584,4960.85
26585,5500.55
26586,6000.48
26587,10000
26588,8800
26589,8000.07
26590,6579.39
26591,5500.67
26592,4999.53
26593,4524.2
26594,4020.73
26595,3699.06
26596,3699.7
26597,3714.7
26598,3594.83
26599,3345.29
26600,3100.32
26601,3800.78
26602,3800.81
26603,3630.35
26604,3600.08
26605,3370.7
26606,3345.58
26607,3281.2
26608,3269.85
26609,3370.31
26610,3494.34
26611,3371
26612,3450.49
26613,3499.15
26614,3750.71
26615,3839.87
26616,3595.6
26617,3586.35
26618,3646.04
26619,3989.26
26620,3983.1
26621,3800.52
26622,3781.93
26623,3689.89
26624,3597.99
26625,3200.6
26626,2999.91
26627,3012.27
26628,2999.8
26629,2999.55
26630,2999.63
26631,3093.67
26632,3093.57
26633,3000.46
26634,2999.56
26635,2599.21
26636,2401.59
26637,2500.68
26638,2729.33
26639,2820.38
26640,2590.48
26641,2832.65
26642,2590.56
26643,2420.41
26644,2672
26645,2168.14
26646,2168.86
26647,2990.56
26648,2999.45
26649,3200.66
26650,3299.17
26651,3245.9
26652,3292.04
26653,3423.7
26654,3586.16
26655,3658.34
26656,3840.52
26657,3597.78
26658,3586.94
26659,3349.57
26660,3345.47
26661,3300.72
26662,3345.1
26663,4010.44
26664,4524.72
26665,4714.79
26666,5121.13
26667,6000.67
26668,7999.5
26669,10000
26670,10000
26671,10000
26672,10000
26673,5400.96
26674,5500.4
26675,5500.6
26676,5270.81
26677,4960.7
26678,5121.41
26679,4252.77
26680,4500.69
26681,3824.76
26682,4504.74
26683,4500.79
26684,4499.93
26685,5000.28
26686,5000.55
26687,4524.66
26688,3878.38
26689,3630.4
26690,3700.39
26691,3700.49
26692,3700.79
26693,3650.93
26694,3750.04
26695,3839.65
26696,3839.52
26697,3750.97
26698,3689.49
26699,3865.97
26700,3900.28
26701,3962.28
26702,3962.43
26703,3940.04
26704,3689.8
26705,4019.01
26706,4131.78
26707,3750.19
26708,3839.33
26709,3839.37
26710,3947.88
26711,4200.91
26712,3969.46
26713,3962.02
26714,4052.42
26715,4050.93
26716,4000.34
26717,3937.4
26718,3825.75
26719,3550.12
26720,3345.46
26721,2999.15
26722,3093.05
26723,3245.82
26724,3200.29
26725,3499.03
26726,3345.19
26727,3172.13
26728,2999.27
26729,3299.03
26730,3299.8
26731,3299.3
26732,3245.04
26733,3000.54
26734,3000.87
26735,2985.49
26736,2820.63
26737,2999.08
26738,3000.46
26739,3093.07
26740,3093.94
26741,2999.26
26742,2999.31
26743,2420.44
26744,2999.02
26745,3345.77
26746,3564.27
26747,3600.34
26748,3839.47
26749,4211.43
26750,4447.08
26751,4266.83
26752,4165.8
26753,4200.17
26754,4714.99
26755,4500.14
26756,4341.86
26757,4500.07
26758,4760.76
26759,4760.19
26760,5500.59
26761,8000.04
26762,10000
26763,10000
26764,10000
26765,10000
26766,10000
26767,10000
26768,10000
26769,10000
26770,10000
26771,10000
26772,10000
26773,10000
26774,10000
26775,10000
26776,10000
26777,10000
26778,10000
26779,6300.67
26780,6300.11
26781,6500.31
26782,8000.09
26783,6500.49
26784,5500.77
26785,4481.2
26786,4481.78
26787,4515.14
26788,4481.78
26789,3292.32
26790,3250.68
26791,3345.09
26792,3200.86
26793,3050.94
26794,3265
26795,1999.91
26796,1999.98
26797,1566.5
26798,2019.07
26799,2800.34
26800,2912.38
26801,2200.65
26802,2100.75
26803,2000.23
26804,2168.29
26805,2168.83
26806,2950.84
26807,3550.98
26808,3345.73
26809,3345.61
26810,3650.93
26811,3646.36
26812,3595.38
26813,3586.27
26814,3646.02
26815,3177.91
26816,2999.62
26817,2012.49
26818,1499.98
26819,2000.28
26820,1408.56
26821,2999.87
26822,3014.93
26823,1894.72
26824,1387.11
26825,1307.77
26826,1758.61
26827,2056.7
26828,2056.3
26829,2061.37
26830,2072.86
26831,2400.89
26832,2400.06
26833,2056.83
26834,2061.08
26835,1889.75
26836,1889.92
26837,2061.43
26838,2087.14
26839,2372
26840,2859.2
26841,2999.82
26842,3177.67
26843,3093.86
26844,3200.07
26845,3245.14
26846,3345.93
26847,2980.01
26848,2913.52
26849,2913.97
26850,2999.92
26851,3210.46
26852,3000.24
26853,3281.92
26854,3345.93
26855,3185.38
26856,3185.36
26857,3101.42
26858,2494.19
26859,3832.86
26860,4600.33
26861,4210.96
26862,4517.08
26863,4200.39
26864,3749.71
26865,3531.96
26866,3595.88
26867,4020.62
26868,3983.16
26869,3531.17
26870,3460
26871,3850.08
26872,3531.88
26873,3750.77
26874,3630.82
26875,3995.43
26876,3908.32
26877,3595.29
26878,3825.25
26879,3586.37
26880,3460.94
26881,3953.95
26882,3900.84
26883,3839.88
26884,3705.27
26885,3700.42
26886,3700.03
26887,3600.75
26888,3345.82
26889,3370.47
26890,3370.47
26891,3370.55
26892,3370.04
26893,3345.01
26894,3370.34
26895,3370.07
26896,3024
26897,3154.5
26898,3370.42
26899,3370.82
26900,3370.96
26901,3370.51
26902,3370.44
26903,3500.08
26904,3500.76
26905,3370.91
26906,3531.6
26907,3850.36
26908,3845.37
26909,3800.99
26910,4040.45
26911,3689.88
26912,3370.3
26913,3000
26914,2999.21
26915,2999.48
26916,2999.97
26917,3185.98
26918,3245.39
26919,3281.34
26920,3245.88
26921,3245.57
26922,3200.91
26923,3200.17
26924,3100.52
26925,3093.56
26926,3245.44
26927,3245.86
26928,3245.73
26929,3093.53
26930,3093.44
26931,3050.12
26932,2999.91
26933,2729.79
26934,2980.54
26935,3014.38
26936,3093.17
26937,3153.37
26938,3370.82
26939,3370.98
26940,3499.84
26941,3700.01
26942,3839.05
26943,4200.23
26944,4500.78
26945,4377.78
26946,4447.2
26947,4010.02
26948,4200.02
26949,4593.39
26950,4999.83
26951,5065.75
26952,5500.48
26953,6501.83
26954,6610.65
26955,10000
26956,10000
26957,10000
26958,10000
26959,10000
26960,10000
26961,10000
26962,10000
26963,10000
26964,10000
26965,10000
26966,10000
26967,10000
26968,10000
26969,5999.05
26970,5999.25
26971,6000.09
26972,6000.07
26973,5999.01
26974,6000.04
26975,5499.54
26976,5499.46
26977,5499.99
26978,5999.41
26979,5499.24
26980,5121.96
26981,4999.48
26982,4999.52
26983,3900
26984,3839.32
26985,3989.21
26986,3900.5
26987,3900.29
26988,3840.72
26989,3840.75
26990,3900.19
26991,3900.13
26992,3900.49
26993,3960.75
26994,3989.66
26995,4500.08
26996,4500.45
26997,3840.36
26998,4508.35
26999,4220.42
27000,3983
27001,3962.61
27002,3839.25
27003,3989.51
27004,3983.58
27005,4499.23
27006,4714.81
27007,3991.45
27008,3842.92
27009,3586.8
27010,3586.78
27011,3531.5
27012,3093.61
27013,3299.67
27014,3345.01
27015,3597.06
27016,3597.48
27017,3585.3
27018,3564.55
27019,3564.92
27020,3585.1
27021,3345.47
27022,3500.02
27023,3599.24
27024,3597.04
27025,3349.16
27026,3564.47
27027,3349.26
27028,3345.44
27029,2789.87
27030,2900.85
27031,2999.55
27032,3299.56
27033,3499.84
27034,3586.33
27035,3586.05
27036,3737.09
27037,3839.41
27038,3840.8
27039,4243.03
27040,4329.93
27041,5092.6
27042,5087.61
27043,4508.98
27044,4500.28
27045,4760.47
27046,4956.18
27047,7500.39
27048,10000
27049,10000
27050,10000
27051,10000
27052,10000
27053,10000
27054,10000
27055,10000
27056,10000
27057,10000
27058,10000
27059,10000
27060,9999.85
27061,6000.49
27062,6000.51
27063,5799.37
27064,5750.75
27065,5121.91
27066,5300.98
27067,5402.55
27068,5121.98
27069,5121.42
27070,5121.33
27071,5121.36
27072,5065.02
27073,10000
27074,10000
27075,4739.37
27076,4662
27077,4249.12
27078,4249.17
27079,3839.62
27080,3370.45
27081,3790.42
27082,3700.08
27083,3700.89
27084,3611.6
27085,3500.46
27086,3370.05
27087,3370.97
27088,3370.89
27089,3551
27090,3669.58
27091,3689.17
27092,3600.85
27093,3370.26
27094,3825.18
27095,3896.91
27096,3957.66
27097,3839.59
27098,4276.67
27099,4517.64
27100,4500.87
27101,3962.82
27102,4285.61
27103,3839.7
27104,3669.56
27105,3200.8
27106,3370.05
27107,3476.4
27108,3370.72
27109,3586.71
27110,3586.37
27111,3093.94
27112,3093.56
27113,3345.98
27114,3500.24
27115,3320.06
27116,3299.93
27117,3200.75
27118,3250.91
27119,3281.58
27120,3200.79
27121,3300.63
27122,3300.32
27123,3345.83
27124,3349.01
27125,3210
27126,3159.4
27127,3093.25
27128,3345.78
27129,3538.03
27130,3662.56
27131,3662.05
27132,3662.13
27133,3518.26
27134,3600.61
27135,3839.25
27136,3962.11
27137,4010.15
27138,4400.19
27139,4508.52
27140,4450.33
27141,4000.9
27142,4019.84
27143,4883.12
27144,5499.25
27145,6000.61
27146,5499.91
27147,10000
27148,10000
27149,10000
27150,10000
27151,10000
27152,10000
27153,4999.42
27154,4999.78
27155,4919.33
27156,4824.61
27157,4377.39
27158,4336.83
27159,4252.13
27160,4084.05
27161,3700.45
27162,3750.13
27163,4524.89
27164,4524.11
27165,3879.97
27166,3900.58
27167,3900.08
27168,3839.36
27169,3450.78
27170,3370.65
27171,3398.06
27172,3370.57
27173,3450.42
27174,3465
27175,3197.33
27176,2970.68
27177,3000.21
27178,3000.66
27179,2970.47
27180,2970.16
27181,3200.98
27182,3345.4
27183,3345.9
27184,3345.47
27185,3300.58
27186,3345.18
27187,3252.03
27188,3345.35
27189,3012.55
27190,3345.48
27191,3370.53
27192,3370.49
27193,3560.11
27194,3700.2
27195,3839.25
27196,3804.77
27197,3595.86
27198,3595.75
27199,3200.36
27200,2811.4
27201,2063.25
27202,2228.25
27203,2811.19
27204,2822.53
27205,3181.56
27206,3281.7
27207,3281.75
27208,3281.7
27209,2999.7
27210,2999.86
27211,2999.36
27212,3093.11
27213,3093.38
27214,3093.74
27215,3014.6
27216,2999.34
27217,2999.04
27218,2999.29
27219,2610.88
27220,2597.11
27221,1599.17
27222,1647.12
27223,2003
27224,2500.81
27225,2980.43
27226,3111.17
27227,3093.74
27228,3111.87
27229,3345.32
27230,3349.73
27231,3300.35
27232,3349.81
27233,3281.55
27234,3093.77
27235,3380.02
27236,3560.95
27237,3400.9
27238,3591.25
27239,4243.52
27240,5100.99
27241,4999.13
27242,4999.26
27243,4993.8
27244,4995.53
27245,6000.15
27246,5999.98
27247,5050.27
27248,4662.74
27249,3500.99
27250,3494.73
27251,3610.07
27252,3499.49
27253,3750.13
27254,3750.2
27255,3500.12
27256,3370.56
27257,2500.97
27258,3000.15
27259,3370.67
27260,3750.79
27261,3600.83
27262,3600.35
27263,3281.72
27264,3250.44
27265,2920.67
27266,3370.08
27267,3370.67
27268,3349.8
27269,2970.88
27270,3000.48
27271,3014.74
27272,2970.94
27273,3200.2
27274,3200.05
27275,3281.93
27276,3200.55
27277,3300.45
27278,3333.91
27279,3370.55
27280,3370.2
27281,3500.33
27282,3500.95
27283,3371
27284,3370.02
27285,3370.66
27286,3500.11
27287,3370.33
27288,3173.95
27289,3177.83
27290,3346
27291,3320.2
27292,3281.09
27293,3349.84
27294,3550.12
27295,2970.89
27296,2779.79
27297,2168.99
27298,2168.29
27299,2832.44
27300,2779.16
27301,2999.36
27302,3200.57
27303,3093.66
27304,3012.51
27305,2820.42
27306,2729.04
27307,2729.21
27308,2729.95
27309,2779.93
27310,2820.81
27311,2820.63
27312,2820.5
27313,2590.21
27314,2729.56
27315,2900.21
27316,2832.88
27317,2500.71
27318,2600.9
27319,2999.45
27320,3093.98
27321,3200.99
27322,3299.95
27323,3345.42
27324,3500.3
27325,3210.02
27326,3200.57
27327,3150.96
27328,3177.52
27329,3200.85
27330,3349.13
27331,3349.64
27332,3500.41
27333,3595.17
27334,3595.85
27335,3962.68
27336,3560.49
27337,4377.53
27338,4100.04
27339,4999.46
27340,5999.74
27341,4000.86
27342,3750.67
27343,3220.47
27344,3186.51
27345,3199.57
27346,3220.4
27347,3177.71
27348,3281.73
27349,2980.91
27350,3177.61
27351,3252
27352,3345.77
27353,3000.77
27354,3333.43
27355,3000.5
27356,3000.05
27357,2910.76
27358,2970.19
27359,2970.76
27360,2970.19
27361,3500.26
27362,3700.18
27363,3370.01
27364,3214.46
27365,3214.63
27366,3214.02
27367,3345.53
27368,3185.53
27369,3400.07
27370,3590.54
27371,3590.7
27372,3400.34
27373,2940.93
27374,2920.3
27375,2950.66
27376,2970.59
27377,2999.09
27378,3200.61
27379,3299.85
27380,3345.97
27381,3499.45
27382,3599.89
27383,3556.49
27384,3504.31
27385,3349.15
27386,3370.62
27387,3599.3
27388,3499.59
27389,3412.21
27390,3412.41
27391,3010.24
27392,2999.83
27393,3093.31
27394,3159.45
27395,2970.34
27396,2779.77
27397,2600.6
27398,2709.69
27399,2061.63
27400,2061.96
27401,2062
27402,2110.87
27403,1699.84
27404,1705
27405,1599.91
27406,1699.17
27407,1599.39
27408,1000.86
27409,599.83
27410,799.04
27411,1000.44
27412,1000.1
27413,499.93
27414,499.53
27415,989.92
27416,999.39
27417,1510.31
27418,1761.17
27419,1761.57
27420,1943.96
27421,2125.64
27422,2779.23
27423,2820.36
27424,2832.7
27425,2154.2
27426,2087.95
27427,2970.41
27428,3030.38
27429,3093.64
27430,3370.03
27431,3370.42
27432,3044.31
27433,2316.5
27434,2233.2
27435,3400.51
27436,3450.37
27437,2316.67
27438,2233.45
27439,2154.62
27440,2154.9
27441,1623.81
27442,2400.14
27443,2510.93
27444,2936.23
27445,3093.46
27446,3006.67
27447,2902.94
27448,2899.65
27449,2832.39
27450,2936.23
27451,2832.73
27452,2832.99
27453,2902.35
27454,2902.74
27455,2832.31
27456,2779.95
27457,1999.96
27458,1999.96
27459,2970.92
27460,2970.04
27461,2650.28
27462,2238.15
27463,2810.87
27464,2900.16
27465,2999.64
27466,3177.24
27467,3210.42
27468,3200.37
27469,2999.66
27470,2999
27471,2710.15
27472,2760.46
27473,2859.48
27474,2999.16
27475,3154.18
27476,3154.74
27477,2999.61
27478,2999.87
27479,2999.48
27480,2590.32
27481,2220.49
27482,2790.01
27483,3130.01
27484,3130.65
27485,3177.75
27486,3268.45
27487,2999.42
27488,2970.28
27489,2936.18
27490,2999.17
27491,2018.2
27492,1899.11
27493,2353.42
27494,2398.05
27495,2106.31
27496,1660.52
27497,1519.38
27498,1931.1
27499,2000.1
27500,1918.59
27501,2030.86
27502,2084.1
27503,2132.98
27504,2106.76
27505,2106.61
27506,2106.38
27507,2499.25
27508,2450.44
27509,2238.06
27510,2699.22
27511,2500.47
27512,2401.1
27513,2699.35
27514,2859.95
27515,2501.37
27516,2820.1
27517,2890.25
27518,2999
27519,2999.22
27520,2999.48
27521,2799.02
27522,2501.22
27523,3074.29
27524,3177.25
27525,3370.72
27526,3513.15
27527,3499.04
27528,3450.29
27529,1588.49
27530,1519.81
27531,2970.55
27532,3186.43
27533,3299.03
27534,3140
27535,3214.39
27536,2998.31
27537,2999
27538,3186.5
27539,3450.77
27540,3510.19
27541,3450.78
27542,3450.11
27543,3450.42
27544,3450.03
27545,3370.22
27546,3399.29
27547,3370.34
27548,3450.68
27549,3201.13
27550,3202.03
27551,3200.06
27552,3200.17
27553,3050.15
27554,3154.54
27555,3300.13
27556,2999.09
27557,2999.78
27558,2999.51
27559,2820.56
27560,2999.88
27561,3201.59
27562,3206.92
27563,3299.68
27564,3299.26
27565,2999.97
27566,3202.64
27567,3299.84
27568,3305.29
27569,3370.08
27570,3300.79
27571,3299.34
27572,3252.34
27573,3202.7
27574,3370.24
27575,3177.6
27576,2970.57
27577,2656.63
27578,3130.22
27579,3370.86
27580,3600.05
27581,3750.43
27582,3769.31
27583,3877.6
27584,3750.41
27585,3599.32
27586,3600.07
27587,3599.66
27588,3518.33
27589,3410.18
27590,3488.93
27591,3177.78
27592,3200.04
27593,3177.23
27594,3299.28
27595,3299.35
27596,3299.13
27597,3177.34
27598,3177.35
27599,3100.73
27600,3149.31
27601,3074.13
27602,2999.69
27603,2999.87
27604,3000.2
27605,2420.09
27606,2760.58
27607,2970.21
27608,2970
27609,3059.94
27610,3299.09
27611,3124.17
27612,3299.12
27613,3200.63
27614,3361.7
27615,3529.2
27616,3529.5
27617,3600.24
27618,3689.86
27619,3700.14
27620,3750.42
27621,3750.5
27622,3750.7
27623,3750.1
27624,3500.77
27625,3549.5
27626,2979.92
27627,4250.69
27628,4944.69
27629,3987.22
27630,3739.28
27631,2995.44
27632,2995.47
27633,2994.02
27634,3500.04
27635,3839.04
27636,3842.76
27637,3801.38
27638,3801.38
27639,3371
27640,3370.91
27641,2970.53
27642,3150.36
27643,3300.81
27644,3600.25
27645,3750.33
27646,3801.06
27647,3371
27648,3370.09
27649,3159.06
27650,3122.19
27651,3370.49
27652,3400.23
27653,3114.67
27654,3134.67
27655,2999.85
27656,3000.28
27657,3252.18
27658,3689.27
27659,3214.65
27660,3154.34
27661,3000.82
27662,3200.72
27663,3370.93
27664,3370.64
27665,3499.14
27666,3529.48
27667,3499.92
27668,3595.43
27669,3370.58
27670,3518.98
27671,3529.95
27672,3500.47
27673,3474
27674,3750.58
27675,3689.33
27676,3769.78
27677,3750.25
27678,3769.79
27679,3414.84
27680,3031.49
27681,3111.57
27682,3111.58
27683,3250.39
27684,3372.52
27685,3163.95
27686,3111.98
27687,3299.25
27688,3299.57
27689,3059.22
27690,3059.88
27691,2999.48
27692,2910.18
27693,2981.64
27694,2999.39
27695,2992.91
27696,2980.45
27697,2729.13
27698,2729.25
27699,2133.92
27700,2117.2
27701,2004.43
27702,2012.93
27703,2004.74
27704,2217.43
27705,2790.45
27706,2811.7
27707,2790.28
27708,2811.67
27709,2999.74
27710,3101.76
27711,3409.25
27712,3450.19
27713,3499.68
27714,3700
27715,3529.93
27716,3700.18
27717,3839.7
27718,4109.74
27719,3900.76
27720,4331.64
27721,5087.46
27722,5426.71
27723,7500.39
27724,7999.08
27725,5999.55
27726,5190.14
27727,3999.42
27728,2995.93
27729,3370.73
27730,3867.62
27731,4331.35
27732,4294.82
27733,3839.76
27734,3801.67
27735,3500.94
27736,3370.58
27737,2789.77
27738,3220
27739,3370.28
27740,3372.14
27741,3637.95
27742,3637.8
27743,3529.7
27744,3500.59
27745,2970.27
27746,2970.44
27747,3370.28
27748,3370.77
27749,3200.35
27750,3370.31
27751,3689.93
27752,3769.52
27753,3800.73
27754,3839.75
27755,3583.14
27756,3457.83
27757,3186.67
27758,3100.34
27759,2970.69
27760,3000.59
27761,3350.27
27762,3370.62
27763,3214.85
27764,3365.1
27765,3365.48
27766,3500.12
27767,3370.11
27768,3066.78
27769,3200.55
27770,3529.46
27771,3769.74
27772,3850.96
27773,3867.37
27774,3978.36
27775,3500.64
27776,3163.42
27777,3155.38
27778,3124.83
27779,3124.01
27780,3059.67
27781,2258.48
27782,2334.52
27783,2690
27784,2689.31
27785,2252.5
27786,2410.77
27787,2700.82
27788,2760.13
27789,2420.63
27790,2117.37
27791,2154.3
27792,2133.05
27793,2969.78
27794,2999.3
27795,2155.96
27796,2101.66
27797,1432.5
27798,1519.45
27799,2012.62
27800,2700.27
27801,3023.25
27802,3059.75
27803,3100.71
27804,3124.77
27805,3365.17
27806,3365.74
27807,3200.86
27808,3365.4
27809,3361.15
27810,3455.21
27811,3839.6
27812,4445.49
27813,4331.46
27814,4500.33
27815,5149.98
27816,5500.2
27817,6722.77
27818,8649.96
27819,10000
27820,10000
27821,10000
27822,10000
27823,5999.56
27824,4905.89
27825,3370.11
27826,4079.63
27827,4800.48
27828,4800.59
27829,4360.48
27830,3989.48
27831,3622.57
27832,3370.83
27833,3449.31
27834,3500.41
27835,4109.74
27836,4346.11
27837,4300.82
27838,4294.19
27839,3690.33
27840,3583.6
27841,3100.31
27842,3370.01
27843,3480.91
27844,3370.91
27845,3370.22
27846,3370.25
27847,3252.57
27848,3370.46
27849,3839.14
27850,3978.83
27851,3769.88
27852,3630.32
27853,3154.72
27854,3200.02
27855,3499.72
27856,3299.11
27857,3460.01
27858,3669.44
27859,3669.52
27860,3800.45
27861,3370.36
27862,3504.64
27863,3769.51
27864,3614.17
27865,3650.06
27866,3650.85
27867,3840.15
27868,3978.62
27869,3500.86
27870,3500.74
27871,3370.01
27872,3107.76
27873,2999.75
27874,3059.6
27875,3120.43
27876,2900.04
27877,2133.88
27878,2164.32
27879,1540.45
27880,1519.68
27881,1000.93
27882,1197.63
27883,1959.2
27884,1959.65
27885,2012.85
27886,2004.62
27887,2004.18
27888,2004.27
27889,2350.74
27890,2500.45
27891,2969.65
27892,2441
27893,1500.51
27894,1959.75
27895,1959.22
27896,2060.29
27897,3000.44
27898,3200.62
27899,3200.48
27900,3299.16
27901,3136.6
27902,3300.38
27903,3200.29
27904,3250.48
27905,3473.09
27906,3750.57
27907,4331.06
27908,4487.98
27909,5000.33
27910,5100.35
27911,5500.96
27912,10000
27913,10000
27914,10000
27915,10000
27916,10000
27917,10000
27918,10000
27919,5999.62
27920,4750.91
27921,3781
27922,4100.62
27923,4207.43
27924,4371.94
27925,3995.46
27926,3995.29
27927,3699.48
27928,3699.51
27929,3499.38
27930,3637.61
27931,3995.93
27932,3841.89
27933,3614.5
27934,3690.79
27935,3690.32
27936,3499.68
27937,3450.52
27938,3504.85
27939,3614.3
27940,3504.25
27941,3370.62
27942,3206
27943,3467.6
27944,3450.26
27945,3200.87
27946,3370.53
27947,3200.28
27948,3232.71
27949,3130.54
27950,3082
27951,2970.66
27952,2970.28
27953,3000.03
27954,3154.94
27955,3450.18
27956,3476
27957,3450.57
27958,3500.29
27959,3500.15
27960,3377.28
27961,3311.33
27962,3450.38
27963,3840.34
27964,4000.96
27965,4005.39
27966,4039.88
27967,3529.36
27968,3429.49
27969,3136.04
27970,3136.47
27971,3200.72
27972,3179.12
27973,3124.28
27974,3136.28
27975,3107.31
27976,3066.31
27977,2970.2
27978,2900.14
27979,2811.2
27980,2859.89
27981,2789.13
27982,2752.53
27983,2499.19
27984,2499.72
27985,2420.31
27986,2420.59
27987,2990.3
27988,2992.95
27989,2133.24
27990,2117.69
27991,2859.81
27992,3059.32
27993,3124.52
27994,3299.92
27995,3177.07
27996,3365.9
27997,3607.13
27998,3839.7
27999,3987.45
28000,4000.78
28001,3801.91
28002,3839.15
28003,4360.9
28004,4500.67
28005,4999.03
28006,6000.08
28007,6000.72
28008,10000
28009,10000
28010,10000
28011,10000
28012,10000
28013,10000
28014,10000
28015,10000
28016,7999.76
28017,3800.99
28018,4200.52
28019,4500.12
28020,5100.86
28021,5306.92
28022,5231.51
28023,5149.62
28024,5137.68
28025,4331.81
28026,4445.42
28027,4566.22
28028,4299.64
28029,4331.87
28030,4360.44
28031,4285.36
28032,3614.95
28033,3800.37
28034,4268.14
28035,4313.89
28036,4297.29
28037,3935.64
28038,3840.88
28039,3800.6
28040,3614.6
28041,3800.24
28042,3839.28
28043,3839.33
28044,3839.06
28045,3504.28
28046,3550.77
28047,3504.6
28048,3504.36
28049,3457.74
28050,3689.84
28051,3854.47
28052,3869.09
28053,3935.83
28054,4235.7
28055,4125.07
28056,4000.29
28057,4125.16
28058,4300.32
28059,4339.74
28060,4297.2
28061,4300.46
28062,4331.65
28063,3989.93
28064,3500.54
28065,3107.03
28066,3074.11
28067,3163.63
28068,2999.84
28069,3047.06
28070,2999.42
28071,3288.19
28072,3163.86
28073,2979.69
28074,2979.63
28075,2979.94
28076,2986.79
28077,2600.12
28078,2420.78
28079,2859.19
28080,2689.38
28081,2420.35
28082,2859.13
28083,2999.17
28084,2969.19
28085,2215.45
28086,2215.84
28087,2132.22
28088,2734
28089,2979.9
28090,3074.08
28091,3047.87
28092,3288.83
28093,3455.59
28094,3764.89
28095,3689.24
28096,3764.32
28097,3406.24
28098,3750.96
28099,3909.52
28100,4331.59
28101,4500.51
28102,4800.47
28103,4944.05
28104,4200.13
28105,10000
28106,10000
28107,10000
28108,10000
28109,10000
28110,6999.54
28111,5998.06
28112,5998.02
28113,5499.83
28114,5999.47
28115,5499.24
28116,5499.01
28117,5100.04
28118,4600.91
28119,4999.07
28120,4944.21
28121,3739.28
28122,3637.65
28123,4000.6
28124,4268.53
28125,3865.82
28126,3800.11
28127,3370.98
28128,3450.74
28129,3220.18
28130,3370.96
28131,3637.39
28132,3679
28133,3504.75
28134,3498.18
28135,3299.66
28136,3284
28137,3299.66
28138,3220.33
28139,3252.56
28140,3207.6
28141,3288.53
28142,3200.88
28143,3300.95
28144,3300.74
28145,3299.93
28146,3350.44
28147,3370.6
28148,3370.42
28149,3506.8
28150,3589.35
28151,3406.24
28152,3370.18
28153,3370.36
28154,3250.69
28155,3406.22
28156,3370.57
28157,3160
28158,3360.55
28159,2979.89
28160,2724
28161,1959.9
28162,1500.63
28163,1675.92
28164,996.69
28165,1691.2
28166,2004.97
28167,2155.75
28168,2012.52
28169,1691.68
28170,1500.2
28171,799.86
28172,799.81
28173,576.56
28174,987.73
28175,734
28176,989.41
28177,1880.86
28178,1959.98
28179,2012.7
28180,2004.89
28181,1691.16
28182,1392.94
28183,1199.2
28184,1827.06
28185,1959
28186,2101.94
28187,2970.84
28188,2999.49
28189,3047.28
28190,3204.35
28191,2979.5
28192,2970.86
28193,2821
28194,2999.21
28195,2990.89
28196,3370.49
28197,3370.57
28198,3689.63
28199,3550.31
28200,3432.67
28201,2912.5
28202,2970.15
28203,3700.09
28204,3700.79
28205,3898.35
28206,3750.7
28207,3388.16
28208,3700.81
28209,3840.66
28210,3800.67
28211,3700.88
28212,3839.49
28213,3500.43
28214,3504.45
28215,3370.93
28216,3370.67
28217,2586.6
28218,2811.66
28219,3370.51
28220,3380.55
28221,3186.52
28222,3092
28223,3000.19
28224,2859.39
28225,2811.04
28226,2920.56
28227,3252.49
28228,3050.5
28229,2710.77
28230,2760.46
28231,2400.04
28232,2500.93
28233,2920.55
28234,2970.84
28235,2999.26
28236,2999.31
28237,2940.41
28238,2940.7
28239,2859.85
28240,2850.74
28241,2710.32
28242,2626.33
28243,2650.75
28244,2920.24
28245,2850.95
28246,2999.22
28247,2979.37
28248,2850.23
28249,2164.72
28250,2446.41
28251,3200.45
28252,3288.23
28253,3406.1
28254,3689.86
28255,3288.94
28256,3177.21
28257,3388.02
28258,3288.65
28259,2999.84
28260,2970.13
28261,2859.37
28262,2859.13
28263,2900.51
28264,2859.58
28265,2400.69
28266,2155.87
28267,1250.63
28268,1588.53
28269,1959.62
28270,2155.2
28271,3047.28
28272,3288.24
28273,3074.61
28274,3168
28275,3047.78
28276,2999.8
28277,2310.68
28278,2512.89
28279,2979.86
28280,2999.55
28281,3163.57
28282,3300.01
28283,3530.48
28284,3764.82
28285,3388.06
28286,3388.22
28287,3406.27
28288,3669.32
28289,3800.96
28290,3935.7
28291,3840.18
28292,4123.36
28293,3990.07
28294,4331.7
28295,3999.35
28296,4010.84
28297,5100.63
28298,5999.4
28299,10000
28300,10000
28301,10000
28302,8500.54
28303,5999.06
28304,5999.29
28305,4235.6
28306,4084.24
28307,3840.11
28308,3850.44
28309,3500.51
28310,3750.09
28311,3900.17
28312,3800.91
28313,3637.2
28314,3900.83
28315,3999.87
28316,3999.64
28317,3499.21
28318,3214.4
28319,2970.21
28320,2900.47
28321,2970.86
28322,3154.51
28323,3190.62
28324,3154.73
28325,3154.91
28326,3186.81
28327,3039.21
28328,2999.87
28329,3288.85
28330,3186.35
28331,3295.23
28332,3288.08
28333,3040.75
28334,2999.87
28335,2999.99
28336,2999.82
28337,3030.92
28338,3031.58
28339,3177.74
28340,3288.88
28341,3295.93
28342,3457.85
28343,3388.22
28344,3280.32
28345,3372.04
28346,3510.69
28347,3898.45
28348,3769.82
28349,3689.68
28350,3865.22
28351,3499.88
28352,3370.39
28353,2859.72
28354,2789.63
28355,2970.7
28356,2979.39
28357,2970.45
28358,3047.05
28359,2970.53
28360,2970.74
28361,2970.96
28362,2789.71
28363,2101.74
28364,2004.64
28365,2000.47
28366,2012.87
28367,1959.6
28368,1959.35
28369,2004.08
28370,2101.93
28371,2012.2
28372,1999.16
28373,1708.51
28374,1799.21
28375,1959.67
28376,1999.81
28377,2132.2
28378,2689.15
28379,2782.66
28380,2782.81
28381,3000.04
28382,3047.5
28383,3500.7
28384,3499.41
28385,3455.01
28386,3640.49
28387,3571.73
28388,3690.82
28389,3517.89
28390,3839.08
28391,4331.59
28392,4300.89
28393,4640.08
28394,5100.82
28395,6500.74
28396,6560.8
28397,5650.28
28398,4640.42
28399,3377.63
28400,3370.36
28401,3752.99
28402,4331.89
28403,4268.29
28404,4300.75
28405,4050.71
28406,3750.22
28407,3388.37
28408,3388.45
28409,3460.8
28410,3510.95
28411,3698.46
28412,3839.5
28413,3388.63
28414,3388.63
28415,3388.13
28416,3370.71
28417,3388.65
28418,3500.53
28419,3589.78
28420,3589.32
28421,3388.26
28422,3295.57
28423,3101.58
28424,3000.42
28425,3288.39
28426,3372.78
28427,3299.41
28428,3299.07
28429,3288.28
28430,3295.3
28431,3288.01
28432,3241
28433,3099.13
28434,3050.82
28435,3050.74
28436,3288.35
28437,3047.89
28438,3388.42
28439,3406.35
28440,3250.65
28441,3288.5
28442,3499.18
28443,3730.87
28444,3944.78
28445,3980.5
28446,3998.71
28447,3689.49
28448,3370.55
28449,2999.83
28450,2970.7
28451,2970
28452,2900.05
28453,2808.17
28454,2808.96
28455,2133.02
28456,2008
28457,1519.62
28458,1717.8
28459,2012.87
28460,2133.48
28461,2970.57
28462,2979.62
28463,2854.65
28464,2710.51
28465,2133.41
28466,2139.57
28467,2789.52
28468,2500.37
28469,2004.51
28470,2022.4
28471,2132.68
28472,2789.94
28473,2999.34
28474,3177.47
28475,3163.99
28476,3328.31
28477,3370.42
28478,3320.7
28479,3295.15
28480,3388.82
28481,3504.01
28482,3750.75
28483,3800.65
28484,4000.65
28485,3865.19
28486,3865.7
28487,4123.6
28488,5001.41
28489,6200.76
28490,8000.88
28491,10000
28492,10000
28493,10000
28494,5999.05
28495,4500.83
28496,4341.9
28497,3739.59
28498,3839.79
28499,4300.3
28500,4300.58
28501,4235.33
28502,4235.5
28503,3839.43
28504,3600.63
28505,3689.02
28506,3898.54
28507,3499.89
28508,3499.11
28509,3388.23
28510,3380.89
28511,3050.67
28512,2990.71
28513,3177.14
28514,3295.89
28515,3388.48
28516,3388.16
28517,3150.76
28518,3010.4
28519,3150.44
28520,2999.81
28521,3177.5
28522,3177.31
28523,3136.38
28524,3074.58
28525,2979.83
28526,2979.37
28527,2979.79
28528,2979.84
28529,2999.12
28530,2999.77
28531,2999.59
28532,3013.27
28533,3163.73
28534,3150.64
28535,3177.9
28536,3150.38
28537,3136.94
28538,3295.71
28539,3388.26
28540,3388.31
28541,3406.8
28542,3388.65
28543,3299.27
28544,3274
28545,3136.69
28546,3066.13
28547,3074.15
28548,2854.4
28549,2854.47
28550,2789.37
28551,2789.9
28552,2782.99
28553,2782.01
28554,2808.12
28555,2689.1
28556,2410.1
28557,1968.91
28558,1870.46
28559,1607.79
28560,1588.34
28561,1691.4
28562,1691.46
28563,1691.75
28564,1691.54
28565,1021.71
28566,999.93
28567,689.03
28568,1431
28569,1931.7
28570,2117.92
28571,2132.43
28572,2215.04
28573,2215.08
28574,2700.15
28575,3074.64
28576,3200.39
28577,3074.13
28578,2980.49
28579,3288.15
28580,3406.73
28581,3460.78
28582,3420.73
28583,3400.51
28584,3637.82
28585,4398.01
28586,5400.93
28587,5999.85
28588,5999.32
28589,3839.78
28590,3154.93
28591,2316.68
28592,2443.84
28593,2979.36
28594,3420.23
28595,3420.4
28596,3295.91
28597,2789.25
28598,3000.41
28599,3177.24
28600,3186.95
28601,3150.97
28602,3177.02
28603,3177.57
28604,3150.94
28605,2850.75
28606,2820.66
28607,2850.28
28608,2789.72
28609,2710.58
28610,2999.16
28611,2999.76
28612,3047.11
28613,2850.1
28614,2850.44
28615,2999.05
28616,2999.45
28617,3050.69
28618,3047.34
28619,3030.12
28620,2999.94
28621,2979.98
28622,2999.06
28623,2999.86
28624,2999.58
28625,3007.12
28626,3036.7
28627,3150.28
28628,3163.65
28629,2999.7
28630,3120.07
28631,3066.09
28632,3047.01
28633,3066.42
28634,3150.23
28635,3163.14
28636,3195.25
28637,3599.89
28638,3689.67
28639,3500.12
28640,3372.73
28641,3288.87
28642,3177.81
28643,3066.31
28644,2979.56
28645,2000.38
28646,2000.85
28647,2022.22
28648,2779.05
28649,2117.1
28650,2004.93
28651,1899.76
28652,1999.45
28653,1772.55
28654,1880.83
28655,2004.13
28656,1959.58
28657,1901.13
28658,1968.51
28659,1843.63
28660,1691.51
28661,1243.11
28662,1000.87
28663,1679.09
28664,1880.45
28665,1959.62
28666,2117.78
28667,2510.89
28668,2979.91
28669,2860.92
28670,2860.21
28671,3000.63
28672,3074.38
28673,3388.8
28674,3669.24
28675,3800.03
28676,3989.17
28677,3989.29
28678,4285.98
28679,3637.69
28680,3840.31
28681,4494
28682,5501.58
28683,5501.73
28684,5999.4
28685,4640.47
28686,3519.81
28687,2989.52
28688,3214.58
28689,4039.37
28690,4188
28691,3420.19
28692,3388.85
28693,3200.18
28694,3150.09
28695,3000.77
28696,3186.58
28697,3047.43
28698,3153.01
28699,3150.89
28700,3150.48
28701,2900.63
28702,2899.5
28703,2820.49
28704,2820.18
28705,2854.99
28706,2999.92
28707,3150.01
28708,3150.64
28709,3150.47
28710,3100.68
28711,3150.56
28712,3074.7
28713,3047.54
28714,3050.87
28715,3047.17
28716,2999.68
28717,2999.57
28718,2999.01
28719,2950.12
28720,2979.32
28721,2779
28722,2800.69
28723,2999.19
28724,2999.93
28725,2979.32
28726,3000.08
28727,3100.73
28728,3100.35
28729,3150.98
28730,3388.13
28731,3455.34
28732,3689.58
28733,4000.31
28734,4000.44
28735,3499.79
28736,3388.22
28737,3177.59
28738,3074.98
28739,2299.69
28740,1952.04
28741,2000.2
28742,2155.33
28743,2689.54
28744,2779.35
28745,2310.44
28746,2155.52
28747,2133.43
28748,2101.64
28749,1959.89
28750,1959.69
28751,2133.42
28752,2155.32
28753,2000.83
28754,2004.14
28755,2004.29
28756,1959.87
28757,1100.88
28758,1100.86
28759,1493.83
28760,1959.17
28761,2051.12
28762,2500.37
28763,3074.2
28764,3295.31
28765,3195.62
28766,3177.71
28767,3299.8
28768,3406.83
28769,3406.46
28770,3599.01
28771,3839.14
28772,4235.84
28773,4398.28
28774,4400.46
28775,4650.43
28776,4545.72
28777,5304.96
28778,5999.5
28779,8282.09
28780,7500.6
28781,4900.81
28782,3849.31
28783,2999.56
28784,3388.25
28785,3620.12
28786,3624.5
28787,3508.92
28788,3500.87
28789,3449.08
28790,3420.99
28791,3468
28792,3660.43
28793,3339.44
28794,3249.61
28795,3333.5
28796,3295.49
28797,2092.5
28798,2000.94
28799,2820.1
28800,3000.58
28801,3388.31
28802,3299.29
28803,3264.98
28804,3288.49
28805,3256
28806,3177.69
28807,3288.38
28808,3120.47
28809,3295.74
28810,3296
28811,3195.64
28812,3169
28813,3150.45
28814,3150.25
28815,3177.86
28816,3163.39
28817,3047.93
28818,3150.19
28819,3264.37
28820,3288.16
28821,3150.83
28822,3150.76
28823,3299.8
28824,3288.6
28825,3295.1
28826,3372.85
28827,3388.08
28828,3388.99
28829,3499.26
28830,3669.07
28831,3406.41
28832,3150.27
28833,3150.89
28834,2917.48
28835,2779.98
28836,2383.63
28837,2299.11
28838,2383.99
28839,2779.06
28840,2800.03
28841,2004.96
28842,2101.93
28843,2094.5
28844,2000.24
28845,1499.58
28846,1600
28847,1959.03
28848,1959.31
28849,1691.21
28850,1630.18
28851,1664.98
28852,1493.35
28853,999.86
28854,1199.06
28855,1931.97
28856,2132
28857,2383.19
28858,2979.18
28859,2900.15
28860,2979.42
28861,2979.31
28862,2980.64
28863,3074.39
28864,3200.25
28865,3150.39
28866,3047.8
28867,3388.54
28868,3800.66
28869,4000.72
28870,4123.4
28871,3969.42
28872,3854.45
28873,3999.12
28874,4500.57
28875,4970.44
28876,4944.14
28877,3388.67
28878,2759.14
28879,2158.74
28880,3388.48
28881,3600.82
28882,3842.06
28883,3880.6
28884,3840.87
28885,3420.43
28886,3500.16
28887,3839.19
28888,3669.75
28889,3451.8
28890,3499.92
28891,3669.56
28892,3499.29
28893,3460.08
28894,3500.22
28895,3388.05
28896,3300.48
28897,3153.99
28898,3319.18
28899,3388.98
28900,3388.42
28901,3169.49
28902,3030.76
28903,2980.87
28904,2854.35
28905,3299.44
28906,3288.81
28907,3150.93
28908,3103.87
28909,3240.46
28910,3190.33
28911,2999.93
28912,3150.25
28913,2999.58
28914,3163.52
28915,3047.97
28916,3120.45
28917,3150.46
28918,3388
28919,3565.99
28920,3599.2
28921,3589.72
28922,3757.5
28923,3989.34
28924,4123.44
28925,4125.14
28926,4125.73
28927,3865.61
28928,3420.47
28929,3689.18
28930,3620.24
28931,3599.7
28932,3388.66
28933,3388.15
28934,3388.83
28935,3388.82
28936,3295.68
28937,3136.83
28938,3136.43
28939,3388.11
28940,3388.9
28941,3388.08
28942,3400.06
28943,3328.38
28944,3299.83
28945,3027.48
28946,2999.8
28947,3150.01
28948,3205.77
28949,3005.61
28950,3074.04
28951,3205.59
28952,3328.06
28953,3450.53
28954,3542.1
28955,3499.96
28956,3620.4
28957,3764.48
28958,3898.33
28959,3898.09
28960,4125.99
28961,4969.26
28962,5499.36
28963,6502.77
28964,8000.49
28965,10000
28966,10000
28967,10000
28968,10000
28969,10000
28970,10000
28971,10000
28972,10000
28973,10000
28974,10000
28975,10000
28976,10000
28977,5499.75
28978,5499.49
28979,5000.96
28980,5000.25
28981,4449.59
28982,4601.12
28983,4123.1
28984,4119.93
28985,4000.46
28986,4268.31
28987,4650.37
28988,4398.42
28989,4300.39
28990,4300.7
28991,4300.34
28992,4300.18
28993,4285.65
28994,4297.25
28995,3621.62
28996,3299.36
28997,2900.97
28998,2999.08
28999,3299.89
29000,3388.53
29001,3643.82
29002,3669.96
29003,3599.61
29004,3456.97
29005,3388.34
29006,3372.36
29007,3150.32
29008,3047.55
29009,3047.7
29010,3150.77
29011,3150.61
29012,3241.33
29013,3502.5
29014,3839.02
29015,3989.26
29016,3999.03
29017,4000.84
29018,4398.35
29019,5000.51
29020,5000.95
29021,5000.35
29022,4944.1
29023,4300.25
29024,3872.22
29025,3800.42
29026,3689.66
29027,3420.82
29028,3299.89
29029,3388.67
29030,3388.8
29031,3309.68
29032,3299.56
29033,3299.46
29034,3299.99
29035,3480.89
29036,3422
29037,3400.32
29038,3406.59
29039,3328.77
29040,3299.64
29041,3047.28
29042,2993.69
29043,3074.08
29044,3074.26
29045,2250.84
29046,2310.31
29047,3047.58
29048,3295.73
29049,3299.61
29050,3388.62
29051,3669.14
29052,3689.79
29053,3854.56
29054,3989.75
29055,3669.19
29056,3854.06
29057,4464.13
29058,4800.52
29059,5100.16
29060,6000.62
29061,5766.45
29062,7000.51
29063,10000
29064,10000
29065,10000
29066,10000
29067,10000
29068,10000
29069,10000
29070,10000
29071,10000
29072,10000
29073,4944.78
29074,4750.69
29075,3820.53
29076,3865.55
29077,4000.57
29078,4510.6
29079,4500.82
29080,4500.29
29081,4500.8
29082,4522.37
29083,4585.96
29084,4235.51
29085,3969.7
29086,3898.16
29087,3940.62
29088,3989.83
29089,4339.59
29090,4487.65
29091,4266.93
29092,4235.33
29093,4000.91
29094,4000.18
29095,3935.04
29096,3900.09
29097,3854.66
29098,3689.24
29099,3599.3
29100,3621.49
29101,3643.6
29102,3689.1
29103,3589.6
29104,3504.83
29105,3643.43
29106,3599.74
29107,3499.95
29108,3406.09
29109,3504.15
29110,3689.55
29111,3935.83
29112,4000.02
29113,4043.99
29114,4644.38
29115,4944.03
29116,4944.07
29117,4944.3
29118,4644.86
29119,4123.14
29120,3589.99
29121,3388.32
29122,3200.05
29123,2999.8
29124,2999.32
29125,3388.21
29126,3420.49
29127,3540.82
29128,3455.2
29129,3047.97
29130,3047.4
29131,3328.02
29132,3328.46
29133,3047.6
29134,3047.29
29135,3047.73
29136,3074.1
29137,3047.23
29138,3047.39
29139,3100.94
29140,3150.17
29141,2900.6
29142,2979.68
29143,2999.81
29144,3047.29
29145,3372.67
29146,3388.74
29147,3500.19
29148,3589.14
29149,3620.39
29150,3764.21
29151,3599.02
29152,3589.23
29153,3455.51
29154,3842.17
29155,4341.01
29156,4500.76
29157,5149.32
29158,10000
29159,10000
29160,10000
29161,10000
29162,10000
29163,10000
29164,10000
29165,10000
29166,6200.35
29167,3898.69
29168,4286.6
29169,4000.54
29170,4500.05
29171,4804.43
29172,4500.24
29173,4487.86
29174,4266.09
29175,4100.27
29176,4100.02
29177,3900.36
29178,4100.84
29179,4487.47
29180,4487.12
29181,4285.3
29182,4266.6
29183,3969.93
29184,3839.76
29185,3839.56
29186,4000.39
29187,4123.59
29188,4000.81
29189,3935.74
29190,3935.53
29191,3875.23
29192,3839.8
29193,3898.37
29194,3840.05
29195,3504.86
29196,3499.24
29197,3190.08
29198,3388.38
29199,3388.15
29200,3150.55
29201,3372.57
29202,3399.93
29203,3399.61
29204,3621.82
29205,3820.44
29206,3935.44
29207,3989.34
29208,3989.72
29209,3689.6
29210,3689.21
29211,4041
29212,4125.81
29213,4170.04
29214,4235.5
29215,3989.56
29216,3840.86
29217,2979.1
29218,2249.72
29219,2004.96
29220,1619.92
29221,1918.57
29222,2004.4
29223,2200.36
29224,2132
29225,1899.6
29226,1500.63
29227,1691.87
29228,1880.61
29229,1760.78
29230,1760.75
29231,1500.73
29232,1392.81
29233,1392.16
29234,1199.77
29235,989.83
29236,999.51
29237,419.65
29238,989.43
29239,1300.22
29240,1691.15
29241,1700.4
29242,1800.54
29243,2000.13
29244,2000.67
29245,2012.92
29246,2132.47
29247,2858.55
29248,3047.93
29249,2980.03
29250,2779.89
29251,2979.84
29252,3047.6
29253,2999.74
29254,3399.07
29255,3388.75
29256,3300.05
29257,1199.97
29258,1819.41
29259,2499.76
29260,2834.1
29261,2857.6
29262,2022.91
29263,1000.15
29264,1660.2
29265,2101.88
29266,2155.57
29267,2500.03
29268,2843.49
29269,3150.56
29270,3163.62
29271,2999.87
29272,2689.3
29273,2500.9
29274,2500.27
29275,2500.02
29276,2500.01
29277,2450.86
29278,2500.11
29279,2779.07
29280,2689.05
29281,2659.76
29282,1992.71
29283,1110.19
29284,1350.98
29285,2612.79
29286,2689.89
29287,2850.33
29288,2689.53
29289,2819.61
29290,2838.77
29291,2824
29292,2779.19
29293,2449.49
29294,2133.19
29295,2132.17
29296,2004.1
29297,2117.76
29298,2779.16
29299,2659.09
29300,2612.77
29301,2449.15
29302,2689.21
29303,2979.79
29304,2979.38
29305,3047.31
29306,3136.5
29307,3150.86
29308,3136.26
29309,2979.69
29310,2689.02
29311,2132.8
29312,2101.72
29313,2299.53
29314,2004.3
29315,1199.14
29316,999.68
29317,799.81
29318,799.7
29319,539.17
29320,499.69
29321,539.49
29322,1199.12
29323,999.64
29324,1200.46
29325,399.97
29326,558.12
29327,1000.6
29328,1000.39
29329,999.09
29330,1199.49
29331,999.29
29332,999.77
29333,999.6
29334,1083.97
29335,1176.82
29336,1493.24
29337,1899.86
29338,2000.07
29339,1880.34
29340,1880.54
29341,1880.24
29342,2004.54
29343,2000.61
29344,2299.84
29345,1880.58
29346,2013.1
29347,2330.76
29348,2779.05
29349,2659.96
29350,2980.38
29351,3200.89
29352,3030.42
29353,3295
29354,3263.12
29355,2999.73
29356,2999.04
29357,2101.79
29358,1999.66
29359,1299.2
29360,1900.27
29361,2449.64
29362,2717.57
29363,2600.84
29364,2659.53
29365,2449.77
29366,2500.24
29367,2979.4
29368,2868.29
29369,2500.01
29370,2779.04
29371,2779.53
29372,2834.46
29373,2779.01
29374,2449.03
29375,2058.86
29376,1940.47
29377,2825.42
29378,2779.57
29379,2979.03
29380,2875.17
29381,989.81
29382,1899.73
29383,2132.95
29384,2500.46
29385,2689.11
29386,2612.7
29387,2842.98
29388,2837.36
29389,2449.22
29390,2199.75
29391,2500.24
29392,2449.48
29393,2547.5
29394,2659.29
29395,2612.2
29396,2685.75
29397,2710.75
29398,3000.01
29399,3047.81
29400,3047.59
29401,3120.43
29402,2779.38
29403,2999.54
29404,2979.34
29405,2979.93
29406,2979.7
29407,2980.62
29408,2689.52
29409,2779.43
29410,2512.84
29411,2132.41
29412,1500.96
29413,1609
29414,1000.42
29415,1880.21
29416,1880.14
29417,499.76
29418,999.54
29419,999.02
29420,1006
29421,1199.8
29422,1500.16
29423,1610.65
29424,1880.28
29425,999.83
29426,1392.67
29427,499.82
29428,558.9
29429,249.89
29430,399.74
29431,300.62
29432,399.98
29433,1392.42
29434,1664.07
29435,2004.52
29436,2132.84
29437,2000.48
29438,2132.61
29439,2263.57
29440,2689.07
29441,3047.11
29442,3195.77
29443,3328.09
29444,3372.33
29445,2999.97
29446,3406.68
29447,3301.67
29448,3581.44
29449,3150.75
29450,3150.71
29451,3047.78
29452,2449.76
29453,2500.11
29454,2599.99
29455,3150.64
29456,3388.52
29457,3150.27
29458,2980.86
29459,2871.56
29460,2980.75
29461,2881.23
29462,2980.66
29463,2779.71
29464,2779.26
29465,2979.87
29466,2979.51
29467,2800.44
29468,2848.52
29469,2600.76
29470,2599.04
29471,2731.25
29472,2819.17
29473,2880.78
29474,2854.51
29475,2401.9
29476,2500.62
29477,2800.39
29478,2800.63
29479,2400.34
29480,2310.52
29481,2500.73
29482,2500.51
29483,2300.94
29484,2330.48
29485,2490.78
29486,2490.69
29487,2400.41
29488,2401.9
29489,2155.97
29490,2500.29
29491,2599.4
29492,2599.67
29493,2710.58
29494,2733.86
29495,2855.3
29496,2855.04
29497,2899.02
29498,2854.21
29499,3150.62
29500,3288.57
29501,2855.73
29502,2779.5
29503,2959.15
29504,3000.28
29505,2855.17
29506,2599.17
29507,2779.25
29508,2250.16
29509,2689.44
29510,2132.76
29511,2007.3
29512,2004.94
29513,1493.19
29514,1790.65
29515,1222
29516,1392.16
29517,1199.83
29518,1779.58
29519,1691.03
29520,1880.91
29521,1500.1
29522,1627.66
29523,1691.49
29524,1700.05
29525,900.4
29526,900.93
29527,649.92
29528,1500
29529,1880.25
29530,2117.88
29531,2133.86
29532,2700.01
29533,1899.43
29534,2034.57
29535,2022.04
29536,2779.41
29537,2249.32
29538,3074.66
29539,3299.08
29540,3420.22
29541,3499.79
29542,3620.31
29543,3690.99
29544,3581.56
29545,2999.04
29546,2779.07
29547,3499.41
29548,3000.71
29549,2870.22
29550,2500.09
29551,3420.23
29552,3455.15
29553,3000.52
29554,2979.78
29555,3150.71
29556,3150.67
29557,3150.32
29558,3100.38
29559,2855.71
29560,2949.73
29561,2779.45
29562,2800.67
29563,3047.28
29564,3047.48
29565,2891.37
29566,2850.48
29567,2779.64
29568,2317.8
29569,2854.34
29570,2850.61
29571,2979.28
29572,2897.58
29573,2752.46
29574,2500.91
29575,2500.61
29576,2534.03
29577,2383.34
29578,2752.42
29579,2480.29
29580,2383.86
29581,2383.58
29582,2383.22
29583,2400.66
29584,2400.9
29585,2677
29586,2689.92
29587,2819.79
29588,2871.17
29589,2999.82
29590,3163.45
29591,3150.81
29592,2999.37
29593,3406.03
29594,3388.22
29595,3599.36
29596,3582.78
29597,3582.07
29598,3388.29
29599,3192.83
29600,3150.61
29601,3136.21
29602,2999.46
29603,2980.85
29604,2900.87
29605,3288.41
29606,3192.4
29607,3000.78
29608,3000.31
29609,2854.4
29610,2854.46
29611,2383.52
29612,2263.8
29613,2263.44
29614,2402.2
29615,2810.4
29616,2979.03
29617,2777.45
29618,2779.63
29619,2747.79
29620,2803.75
29621,1679.5
29622,2132.06
29623,2249.76
29624,2747.01
29625,2785.57
29626,2999.11
29627,2747.24
29628,2747.94
29629,3047.31
29630,3047.87
29631,3192.54
29632,3192.03
29633,2899.21
29634,3163.22
29635,3406.74
29636,3542.75
29637,3650.32
29638,4000.24
29639,4750.27
29640,5149.49
29641,5794.07
29642,5999.2
29643,6005.31
29644,5106.25
29645,4000.81
29646,3749.64
29647,3504.4
29648,3800.18
29649,2749.33
29650,2804
29651,3000.74
29652,3000.08
29653,3214.61
29654,3300.45
29655,3420.82
29656,3388.08
29657,3406.18
29658,3420.47
29659,3388.09
29660,3150.81
29661,3047.16
29662,3000.34
29663,2900.82
29664,2850.87
29665,2850.48
29666,2837.29
29667,2880.07
29668,2910.11
29669,2749.14
29670,2752.49
29671,2979.59
29672,2900.65
29673,2886.46
29674,2873.82
29675,2854.72
29676,2752.46
29677,2749.27
29678,2512.83
29679,2550
29680,2510.03
29681,2749.23
29682,2750.86
29683,2950.54
29684,3047.62
29685,3388.38
29686,3499.2
29687,3581.68
29688,3420.97
29689,3406.06
29690,3581.24
29691,3800.12
29692,3800.45
29693,3589.78
29694,3456
29695,3850.22
29696,3600.39
29697,3047.88
29698,3000.13
29699,3150.92
29700,3100.88
29701,3047.36
29702,3049.31
29703,3021
29704,3049.62
29705,2749.18
29706,2249.81
29707,2143.98
29708,2249.25
29709,2779.26
29710,2779.21
29711,2628
29712,2249.18
29713,2132.26
29714,2022.39
29715,2047.73
29716,2047.66
29717,1837
29718,1931.99
29719,2000.11
29720,2034.39
29721,2249.6
29722,2861.96
29723,3000.2
29724,3030.13
29725,2979.21
29726,3047.04
29727,3049.65
29728,3074.88
29729,3372.19
29730,3400.25
29731,3600.89
29732,4200.85
29733,3650.95
29734,4005.53
29735,5245.5
29736,5999.97
29737,6300.71
29738,6000.95
29739,5100.17
29740,4460.7
29741,3420.88
29742,2779.56
29743,3047.88
29744,3048
29745,3150.5
29746,3186.97
29747,3000.41
29748,3000.34
29749,3510.64
29750,3582.39
29751,3510.16
29752,3457.26
29753,3000.73
29754,2999.2
29755,3154.08
29756,3150.93
29757,3290.04
29758,3288.1
29759,2979.15
29760,2897.68
29761,3406.09
29762,3406.42
29763,3388.43
29764,3163.22
29765,3192.88
29766,2979.54
29767,2882.72
29768,2850.86
29769,2860.28
29770,3047.12
29771,3047.64
29772,3047.6
29773,2892.79
29774,2850.82
29775,2779.22
29776,2749.89
29777,2854.04
29778,3047.32
29779,3140.89
29780,3221.54
29781,3406.43
29782,3589.43
29783,3388.06
29784,3288.76
29785,3192.85
29786,3620.83
29787,3898.11
29788,3898.6
29789,4005.29
29790,3750.78
29791,3739.64
29792,3589.26
29793,3163.54
29794,3047.03
29795,3388.59
29796,3200.36
29797,3420.17
29798,3388.99
29799,3328.89
29800,3192.58
29801,2979.84
29802,2979.45
29803,3074.41
29804,3047.99
29805,2899.07
29806,2899.22
29807,3047.41
29808,3047.46
29809,2979.2
29810,3047.7
29811,3047.68
29812,2899.12
29813,1499.41
29814,1479.74
29815,2249.77
29816,2822.79
29817,3049.75
29818,3150.77
29819,3192.72
29820,3349.7
29821,3406.53
29822,3660.57
29823,3388.11
29824,3500.36
29825,3581.21
29826,4032.54
29827,4522.97
29828,5235.44
29829,6500.71
29830,7949.73
29831,10000
29832,10000
29833,10000
29834,10000
29835,6499.46
29836,5999.86
29837,4745.72
29838,3870.11
29839,3806.22
29840,3800.65
29841,3420.82
29842,3420.34
29843,3500.87
29844,3510.29
29845,3150.69
29846,3457.85
29847,3643.71
29848,3643.06
29849,3819.97
29850,3721.85
29851,3721.28
29852,3700.21
29853,3388.82
29854,3150.1
29855,3047.76
29856,2700.96
29857,2986.5
29858,3097.1
29859,2779.74
29860,2515
29861,2894.76
29862,3000.5
29863,3000.24
29864,3097.76
29865,3121.19
29866,3121.09
29867,3049.45
29868,2954.2
29869,2917.41
29870,2917.03
29871,2850.05
29872,2850.38
29873,2917.2
29874,2968.25
29875,2980.79
29876,3049.23
29877,3365.6
29878,3500.54
29879,3418.74
29880,3365.28
29881,3581.42
29882,3966.09
29883,4340.54
29884,4346.41
29885,4005.67
29886,3900.51
29887,3966.15
29888,3487.67
29889,3121.52
29890,3176.16
29891,3049.45
29892,2917.92
29893,2942.27
29894,2942.48
29895,2899.71
29896,2749.56
29897,2800.49
29898,2917.5
29899,3049.33
29900,2942.87
29901,2850.37
29902,2858
29903,2917.58
29904,2868.63
29905,2779.15
29906,2749.91
29907,2853.55
29908,2779.23
29909,2051.53
29910,2512.16
29911,2917.02
29912,2819.44
29913,2942.24
29914,3150.35
29915,3100.04
29916,3426.05
29917,3518.68
29918,3620.46
29919,3620.16
29920,3748.66
29921,3510.87
29922,3582.81
29923,4100.45
29924,4487.3
29925,4499.8
29926,4944.55
29927,4777.25
29928,6005.76
29929,6499.81
29930,10000
29931,6200.56
29932,5499.43
29933,4805.71
29934,3800.63
29935,2780
29936,2779.68
29937,2019.3
29938,2500.26
29939,3739.27
29940,3750.38
29941,3581.9
29942,3619.1
29943,3581.93
29944,3581.1
29945,3841.35
29946,3581.98
29947,3150.64
29948,3100.89
29949,3000.86
29950,3000.43
29951,2749.22
29952,2408
29953,2500.76
29954,2051.07
29955,2295
29956,2250.58
29957,2650.58
29958,2699.98
29959,2699.45
29960,2500.19
29961,2330.66
29962,2700.22
29963,2733.47
29964,2733.23
29965,2540.11
29966,2699.87
29967,2512.89
29968,2512.44
29969,2650.88
29970,2699.69
29971,2767.31
29972,2749.21
29973,3082.77
29974,3150.77
29975,3176.97
29976,3176.72
29977,3176.97
29978,3518.31
29979,3518.15
29980,3600.17
29981,3581.46
29982,3420.08
29983,3550.16
29984,3150.74
29985,3250.23
29986,3200.63
29987,3220.49
29988,3150.63
29989,3150.82
29990,3414.56
29991,3210.53
29992,3150.8
29993,2749.16
29994,2800.21
29995,1499.99
29996,1499.98
29997,2749.68
29998,2917.95
29999,2942.37
30000,3000.69
30001,2942.7
30002,2942.77
30003,2843.8
30004,2770.22
30005,1342.83
30006,1702.09
30007,2250.8
30008,2600.47
30009,2749.49
30010,2917.47
30011,3110.33
30012,3314.76
30013,3150.81
30014,3414.05
30015,3620.53
30016,3819.05
30017,3999.13
30018,4333.97
30019,4963.14
30020,5999.07
30021,5330.47
30022,7665.81
30023,10000
30024,10000
30025,10000
30026,10000
30027,10000
30028,10000
30029,4750.22
30030,3870.83
30031,3550.29
30032,3390.93
30033,3989.61
30034,4135.29
30035,3909.48
30036,3800.81
30037,3582.6
30038,3719.96
30039,3582.98
30040,3550.96
30041,3875.17
30042,3889.01
30043,3966.2
30044,3909.24
30045,3518.25
30046,3414.92
30047,2750.13
30048,2500.97
30049,2917.19
30050,2549.25
30051,2844.74
30052,2917.12
30053,2917.09
30054,2699.37
30055,2811.88
30056,2811.98
30057,2799.32
30058,2863.86
30059,2800.87
30060,2799.35
30061,2899.26
30062,2800.45
30063,2799.05
30064,2749.74
30065,2850.67
30066,3082.68
30067,3136.84
30068,3150.36
30069,3192.96
30070,3420.92
30071,3504.28
30072,3581.52
30073,3589.48
30074,4000.24
30075,4260.95
30076,4346.26
30077,3904.38
30078,3582.6
30079,3420.07
30080,3136.53
30081,3150.33
30082,3000.81
30083,2830.94
30084,2799.25
30085,2819.53
30086,2749.67
30087,2859.25
30088,2749.52
30089,2749.18
30090,2837.71
30091,2954.15
30092,3049.13
30093,2870.5
30094,2877.42
30095,2872.46
30096,2917.53
30097,2852.79
30098,2879.58
30099,2829.33
30100,2749.8
30101,1512.89
30102,1799.8
30103,2388
30104,2800.8
30105,2900.24
30106,2917.26
30107,2954.29
30108,3150.47
30109,3589.9
30110,3889.31
30111,3700.67
30112,3800.79
30113,3586.22
30114,3854.86
30115,5003.24
30116,6000.43
30117,8000.07
30118,10000
30119,10000
30120,10000
30121,10000
30122,10000
30123,10000
30124,8065.6
30125,4130.2
30126,3480.02
30127,3590.96
30128,3700.13
30129,3581.35
30130,3750.71
30131,3800.52
30132,3889.24
30133,3859.05
30134,3870.5
30135,3581.37
30136,3399.85
30137,3484.67
30138,3518.9
30139,3581.79
30140,3510.11
30141,3264.75
30142,3176.31
30143,3121.32
30144,3065
30145,3150.52
30146,3080.79
30147,3080.17
30148,3080.2
30149,3136.39
30150,3176.07
30151,3176.11
30152,3080.93
30153,3150.15
30154,3097.75
30155,3049.4
30156,2942.8
30157,3150.12
30158,3150.74
30159,3192.11
30160,3192.73
30161,3192.59
30162,3467.05
30163,3414.2
30164,3192.43
30165,3518.33
30166,3717.1
30167,3750.09
30168,3748.77
30169,3800.81
30170,4039.67
30171,3989.43
30172,3895.91
30173,3589.12
30174,3518.1
30175,3176.55
30176,2865.09
30177,2819.24
30178,2512.6
30179,3049.71
30180,2917.29
30181,2942.69
30182,2954.87
30183,2954.71
30184,2689.54
30185,2500.36
30186,2689.82
30187,2008.12
30188,1749.52
30189,900.69
30190,900.74
30191,989.84
30192,1371.25
30193,999.16
30194,1653.05
30195,1912.26
30196,2008.36
30197,600.73
30198,600.72
30199,989.85
30200,1900.53
30201,2400.22
30202,2749.99
30203,2917.32
30204,2917.93
30205,2930.69
30206,3049.75
30207,2749.28
30208,2950.87
30209,3457.9
30210,3739.5
30211,4294.87
30212,4963.8
30213,3819.92
30214,4700.12
30215,5501.1
30216,5600.59
30217,5200.93
30218,5235.88
30219,4265.73
30220,3921.06
30221,1999.69
30222,1999.5
30223,3500.52
30224,3518.16
30225,3895.62
30226,3989.5
30227,3854.03
30228,3721.87
30229,3582.8
30230,3582.56
30231,3484.19
30232,3518.05
30233,3414.69
30234,3510.67
30235,3581.5
30236,3518.13
30237,3349.34
30238,3484.8
30239,3249.23
30240,2999.39
30241,2899.47
30242,2900.96
30243,2800.19
30244,2512.29
30245,2139.7
30246,2100.85
30247,2667.21
30248,2175.87
30249,2700.08
30250,2350.45
30251,2171.62
30252,2330.61
30253,2750.48
30254,2750.77
30255,2774
30256,2667.9
30257,2800.6
30258,3082.07
30259,3150.15
30260,3150.53
30261,3581.35
30262,3854.48
30263,3854.8
30264,3739.66
30265,3854.36
30266,3999.07
30267,4135.66
30268,4105.48
30269,4105.7
30270,4105.64
30271,4554.23
30272,4105.47
30273,4005.71
30274,3998.83
30275,3518.12
30276,3119
30277,3414.67
30278,3484.7
30279,3620.13
30280,3581.22
30281,2779.88
30282,2819.75
30283,2749.39
30284,2899
30285,2749.14
30286,2750
30287,2879.64
30288,2749.87
30289,1250.63
30290,1248.92
30291,2008.91
30292,2240.35
30293,1934.68
30294,2008.28
30295,2749.47
30296,2850.34
30297,2500.01
30298,2500.67
30299,3082.2
30300,3299.21
30301,3518.49
30302,3620.18
30303,3748.04
30304,4235
30305,4499.77
30306,5214.99
30307,10000
30308,10000
30309,10000
30310,10000
30311,10000
30312,10000
30313,10000
30314,10000
30315,10000
30316,10000
30317,10000
30318,10000
30319,6000.65
30320,5400.5
30321,3807.42
30322,3739.9
30323,4168.64
30324,4296.52
30325,3909.76
30326,3800.15
30327,3583.19
30328,3550.56
30329,3402.67
30330,3600.64
30331,3600.86
30332,3518.91
30333,3150.01
30334,3150.72
30335,3420.4
30336,3420.3
30337,3582.55
30338,3600.66
30339,3510.4
30340,3097.31
30341,2850.01
30342,2800.09
30343,2620.29
30344,2819.71
30345,3000.37
30346,3000.94
30347,3100.51
30348,3110.18
30349,3176.28
30350,3150.43
30351,3049.14
30352,3019.66
30353,3019.03
30354,3192.83
30355,3200.82
30356,3420.13
30357,3620.21
30358,3969.13
30359,3905.82
30360,3909.16
30361,3905.85
30362,4346.79
30363,5125.49
30364,5316.19
30365,4500.99
30366,4500.77
30367,4865.97
30368,4500.51
30369,3739.34
30370,3800.04
30371,3420.46
30372,3176.7
30373,3194.7
30374,3299.4
30375,3418.68
30376,3414.83
30377,3001.19
30378,3049.9
30379,3049.88
30380,2999.69
30381,2865.86
30382,2950.11
30383,2900.83
30384,2900.26
30385,2819.46
30386,2819.01
30387,2689.9
30388,2749.46
30389,1999.34
30390,2540.84
30391,2950.13
30392,2999.83
30393,3252.25
30394,3400.91
30395,3418.63
30396,3518.21
30397,3700.42
30398,3969.94
30399,3900.97
30400,4153.73
30401,3900.2
30402,4200.97
30403,5812.15
30404,10000
30405,10000
30406,10000
30407,10000
30408,10000
30409,10000
30410,10000
30411,10000
30412,10000
30413,10000
30414,10000
30415,4902.5
30416,4005.4
30417,3768
30418,3814.67
30419,4049.94
30420,4100.25
30421,4300.18
30422,4346.7
30423,4389.48
30424,4265.42
30425,4019.84
30426,3990.1
30427,3700.43
30428,3500.29
30429,3500.55
30430,3150.92
30431,3000.2
30432,2860.17
30433,3413
30434,3414.6
30435,3192.96
30436,3001.74
30437,2699.7
30438,2512.77
30439,2819.69
30440,2871.49
30441,3049.66
30442,3049.23
30443,3049.32
30444,3049.2
30445,2860.94
30446,2859.78
30447,2859.29
30448,2859.07
30449,2749.59
30450,2900.48
30451,2940.75
30452,2940.42
30453,3467.26
30454,3500.55
30455,3518.33
30456,3581.36
30457,3819.09
30458,4170.7
30459,4170.88
30460,4670.14
30461,4346.47
30462,4200.8
30463,4200.88
30464,3969.34
30465,4000.27
30466,3909.97
30467,3420.32
30468,3097.67
30469,3418.13
30470,3300.8
30471,2749.83
30472,2819.32
30473,2600.68
30474,2800.78
30475,2917.5
30476,2900.34
30477,2749.26
30478,2749.29
30479,2347.33
30480,2379.33
30481,2249.62
30482,2242.9
30483,2249.71
30484,2249.89
30485,1800.37
30486,1748.13
30487,1999.72
30488,2249.39
30489,2600.61
30490,2900.21
30491,3107.46
30492,3136.26
30493,3176.52
30494,3176.02
30495,3420.62
30496,3605.51
30497,3420.39
30498,3504.51
30499,4001.3
30500,4346.18
30501,3510.21
30502,3516
30503,5002.34
30504,4505.67
30505,5000.51
30506,5000.49
30507,4294.17
30508,3186.15
30509,2019.72
30510,999.85
30511,3730.78
30512,3600.1
30513,3150.8
30514,2500.74
30515,3500.57
30516,3581.24
30517,3581.66
30518,3582.15
30519,3582.59
30520,3414.97
30521,3414.75
30522,3414.48
30523,3250.29
30524,3150.06
30525,3150.58
30526,3176.83
30527,3066.72
30528,3000.3
30529,2917.44
30530,2899.13
30531,2859.79
30532,2900.49
30533,2895.66
30534,2917.71
30535,2807.67
30536,2807.35
30537,2837.74
30538,2807.12
30539,2859.75
30540,2900.75
30541,2823.51
30542,2749.34
30543,2733.22
30544,2700.62
30545,2671.28
30546,2733.39
30547,2534.22
30548,2749.76
30549,3192.07
30550,3418.13
30551,3414.36
30552,3176.8
30553,3484.67
30554,3510.61
30555,3819.25
30556,3989.16
30557,3739.15
30558,3150.96
30559,3748.47
30560,3582.31
30561,3420.65
30562,3097.94
30563,3107.49
30564,2980.05
30565,3420.29
30566,3420.97
30567,3418.23
30568,3314.92
30569,2942.13
30570,2942.6
30571,2942.48
30572,2800.63
30573,2749.22
30574,2749.4
30575,2807.62
30576,2917.02
30577,3082.56
30578,3176.28
30579,2917.52
30580,2830.5
30581,2145.42
30582,2249.09
30583,2800.07
30584,3000.73
30585,3049.83
30586,3192.32
30587,3418.35
30588,3484.31
30589,3518.62
30590,3748.48
30591,3748.69
30592,3800.84
30593,3909.42
30594,4153.12
30595,4053
30596,5020.02
30597,5000.96
30598,6000.84
30599,5999.15
30600,5540
30601,6005.31
30602,6005.54
30603,5000.02
30604,3373.8
30605,4005.56
30606,3700.92
30607,4019.86
30608,3800.99
30609,3900.43
30610,3582.23
30611,3581.46
30612,3518.11
30613,3368.37
30614,3373.5
30615,3414.74
30616,3415
30617,3500.01
30618,3414.55
30619,3000.51
30620,2950.65
30621,2650.75
30622,3000.35
30623,2800.97
30624,2900.02
30625,3097.65
30626,3100.95
30627,3019.14
30628,3100.98
30629,2865.08
30630,2807.37
30631,2807.04
30632,2807.36
30633,2450.5
30634,2266.95
30635,2500.72
30636,2612.06
30637,2400.32
30638,2500.13
30639,2326.36
30640,2749.56
30641,2765.67
30642,2860.15
30643,2898.96
30644,2819.5
30645,3250.11
30646,3420.51
30647,3518.59
30648,3467.77
30649,3966.28
30650,4088.38
30651,4333.15
30652,4619.52
30653,4281.91
30654,4500.06
30655,4410.48
30656,4260.19
30657,3600.1
30658,3570.14
30659,3518
30660,3500.16
30661,3484.36
30662,3418.48
30663,3484.21
30664,3414.88
30665,3418.02
30666,3314.25
30667,3210.96
30668,3192.23
30669,3176.05
30670,3150.15
30671,3097.18
30672,3049.11
30673,2873.12
30674,2865.72
30675,2917.08
30676,3005.2
30677,2249.67
30678,2600.66
30679,3049.27
30680,3019.77
30681,3176.02
30682,3205.35
30683,3418.81
30684,3518.99
30685,3500.79
30686,3800.17
30687,3800.91
30688,3800.78
30689,3999.45
30690,4100.51
30691,4479.06
30692,4805.62
30693,4049.93
30694,4680.06
30695,4902.11
30696,4902.23
30697,7793.2
30698,7005.57
30699,5450.73
30700,4089.74
30701,4200.66
30702,4000.14
30703,3700.03
30704,3700.77
30705,3150.01
30706,3150.15
30707,3518.27
30708,3581.15
30709,3550.16
30710,3581.62
30711,3550.55
30712,3518.95
30713,3250.78
30714,3502.74
30715,3506.65
30716,3050.17
30717,2612.41
30718,2500.17
30719,1999.92
30720,1996
30721,2512.71
30722,2512.82
30723,2955.6
30724,2900.31
30725,2500.11
30726,2544.51
30727,2450.3
30728,2612.18
30729,2742.22
30730,2742.28
30731,2591.83
30732,2441
30733,2550.34
30734,2550.38
30735,2350.48
30736,2536.8
30737,2699.79
30738,2749.09
30739,2749.76
30740,3000.18
30741,3150.02
30742,2955.93
30743,2900.1
30744,2861.24
30745,3499.89
30746,3499.7
30747,3484.31
30748,3550.71
30749,3966.25
30750,3989.2
30751,4389.65
30752,4346.46
30753,4265.22
30754,3926.58
30755,3739.73
30756,3926.47
30757,3895.02
30758,3739.18
30759,3418.64
30760,2900.98
30761,3280.82
30762,3082.89
30763,3082.49
30764,3150.05
30765,3049.35
30766,3176.08
30767,2929.47
30768,3000.21
30769,2749.62
30770,2749.54
30771,2605.72
30772,2749.24
30773,1916.16
30774,2010.52
30775,2249.05
30776,2800.12
30777,3000.75
30778,3200.12
30779,3176.1
30780,3176.18
30781,2861.14
30782,2861.72
30783,3150.27
30784,3420.5
30785,3518.7
30786,3739.22
30787,4500.41
30788,4510.9
30789,4500.54
30790,4902.67
30791,5316.42
30792,6398
30793,10000
30794,6999.23
30795,6796.28
30796,5450.15
30797,3364.65
30798,3150.3
30799,3700.07
30800,3500.06
30801,3500.58
30802,3500.95
30803,3581.51
30804,3620.41
30805,3420.16
30806,3521.86
30807,3582.32
30808,3521.06
30809,3312.63
30810,3300.01
30811,3110.81
30812,3000.37
30813,2250.87
30814,2598.93
30815,2607.57
30816,2535.21
30817,3000.16
30818,2763.64
30819,2850.13
30820,2921
30821,2900.3
30822,2805.36
30823,2749.21
30824,2607.04
30825,2612.05
30826,2699.49
30827,2700.24
30828,2750.33
30829,2742.81
30830,2749.53
30831,2900.48
30832,2900.56
30833,3049.39
30834,3150.27
30835,3150.73
30836,3192.58
30837,3300.06
30838,3300.33
30839,3420.79
30840,3500.23
30841,3097.23
30842,2763.1
30843,3414.16
30844,3530.76
30845,3192.38
30846,3414.98
30847,3192.12
30848,3176.47
30849,3518.44
30850,3582.04
30851,3581.94
30852,3406.84
30853,3233.41
30854,3192.11
30855,3314.89
30856,3176.12
30857,2350.52
30858,2749.19
30859,2861.39
30860,2920.07
30861,1809.6
30862,1373.2
30863,799.88
30864,799.97
30865,1916.48
30866,2000.1
30867,2100.85
30868,2100.85
30869,1625.04
30870,1371.81
30871,1752.63
30872,1912.04
30873,1912.73
30874,1949.5
30875,2500.15
30876,2700.35
30877,2700.88
30878,2861.93
30879,2861.11
30880,3000.45
30881,3000.56
30882,3176.4
30883,3400.8
30884,3700.31
30885,3650.66
30886,3530.43
30887,3700.47
30888,3521.92
30889,3700.24
30890,3620.27
30891,3521.53
30892,3112.22
30893,2200.89
30894,2249.55
30895,3010.15
30896,3150.39
30897,2900.55
30898,3010.03
30899,3176.07
30900,3019.33
30901,3082.45
30902,3000.01
30903,3150.17
30904,3089.6
30905,3000.16
30906,3000.03
30907,2749.01
30908,2500.01
30909,2199.22
30910,1929.44
30911,1280.31
30912,1149.21
30913,2236.3
30914,2519.78
30915,2700.48
30916,2700.02
30917,1929.93
30918,1916.42
30919,1912.12
30920,1611.26
30921,1911.85
30922,1808
30923,1912.22
30924,1912.59
30925,1912.5
30926,1916.79
30927,1912.98
30928,1912.8
30929,1966.44
30930,1983.35
30931,2800.39
30932,2800.86
30933,2350.99
30934,2612.53
30935,3082.02
30936,3176.37
30937,3406.32
30938,3406.48
30939,3600.08
30940,3518.29
30941,3750.51
30942,3620.94
30943,4902.05
30944,4296.11
30945,4333.55
30946,4260.34
30947,3926.38
30948,3926.27
30949,3620.58
30950,3739.29
30951,3518.11
30952,3444.01
30953,2719.75
30954,2700.6
30955,3019.32
30956,3000.77
30957,2942.35
30958,2942.75
30959,2850.47
30960,2850.24
30961,2563.42
30962,2512.61
30963,1500.75
30964,1500.69
30965,998.79
30966,999.56
30967,1934.4
30968,2500.18
30969,2550.4
30970,2769.5
30971,3097.44
30972,3200.06
30973,3400.65
30974,3500.71
30975,3739.05
30976,3899.69
30977,3748.87
30978,4265.76
30979,4839.55
30980,6200.97
30981,5332.99
30982,7363.63
30983,10000
30984,9999.39
30985,10000
30986,10000
30987,10000
30988,5252.37
30989,3499.12
30990,2249.89
30991,2235.01
30992,3000.79
30993,3500.03
30994,3518.25
30995,3518.23
30996,3500.29
30997,3406.8
30998,3456.28
30999,3200.68
31000,2999.92
31001,2929.72
31002,2929.52
31003,2800.26
31004,2800.41
31005,1929.02
31006,1929.1
31007,1750.96
31008,1499.62
31009,2500.01
31010,2500.81
31011,2622.89
31012,2650.86
31013,2500.67
31014,2333.47
31015,2260.63
31016,2252.81
31017,2252.77
31018,2333.02
31019,2333.05
31020,2252.83
31021,2519.46
31022,2620.43
31023,2700.2
31024,2700.34
31025,2701
31026,2917.26
31027,2871.51
31028,2850.91
31029,3200.59
31030,3418.15
31031,3581.87
31032,3581.44
31033,3720.66
31034,3748.96
31035,3966.97
31036,4135.81
31037,4346.15
31038,4250.55
31039,4865.84
31040,4818.91
31041,4500.13
31042,4153.14
31043,4389.27
31044,4281.38
31045,3999.12
31046,3867.66
31047,3620.94
31048,3418.79
31049,2500.6
31050,2619.24
31051,2691.66
31052,2612.15
31053,2917.45
31054,2942.84
31055,2549.14
31056,2450.23
31057,2250.94
31058,2450.86
31059,2871.74
31060,2800.73
31061,2139.67
31062,1934.97
31063,2249.11
31064,2749.28
31065,2800.75
31066,2942.86
31067,3100.11
31068,3271.96
31069,3400.59
31070,3518.97
31071,3581.11
31072,3620.37
31073,3748.67
31074,4281.4
31075,4500.91
31076,5499.1
31077,5214.66
31078,6005.65
31079,8000.79
31080,6005.77
31081,10000
31082,10000
31083,8000.17
31084,5205.73
31085,3000.49
31086,2764.59
31087,3420.81
31088,3500.6
31089,3745.33
31090,3650.52
31091,3361.79
31092,3050.07
31093,2257.13
31094,3000.49
31095,3176.51
31096,3420.22
31097,2921.38
31098,2965.43
31099,2917.04
31100,2751.7
31101,2500.94
31102,2589.1
31103,2510.26
31104,2500.73
31105,2800.42
31106,2871.97
31107,2900.31
31108,2917.78
31109,2749.36
31110,2550.15
31111,2550.67
31112,2500.63
31113,2500.15
31114,2536.21
31115,2500.23
31116,2550.66
31117,2550.09
31118,2550.1
31119,2252.7
31120,2252.97
31121,2501.1
31122,2642.19
31123,2700.97
31124,2917.14
31125,3097.26
31126,3049.08
31127,2871.84
31128,2843.88
31129,3600.05
31130,3518.36
31131,3750.55
31132,3700.95
31133,3999.33
31134,3999.47
31135,4500.45
31136,4500.37
31137,4135.65
31138,4019.26
31139,4039.8
31140,3957.11
31141,3620.53
31142,3484.74
31143,3277.98
31144,3259.42
31145,2749.95
31146,2749.22
31147,2510.62
31148,2899.08
31149,2800.2
31150,2726
31151,2594.02
31152,2512.56
31153,2236.98
31154,2000.9
31155,2187
31156,1550.55
31157,519.65
31158,1400.07
31159,1499.58
31160,1911.33
31161,2699.32
31162,2900.67
31163,2900.29
31164,3082.49
31165,3150.48
31166,3200.62
31167,3457.01
31168,3620.38
31169,3899.18
31170,4346.51
31171,4389.04
31172,4818.87
31173,5200.04
31174,10000
31175,10000
31176,5999.2
31177,10000
31178,10000
31179,5000.09
31180,4130.44
31181,3500.2
31182,3200.75
31183,3745.64
31184,3619.4
31185,3467.55
31186,3299.08
31187,3200.68
31188,3200.57
31189,3200.21
31190,3150.3
31191,3012.33
31192,3000.53
31193,2930.84
31194,3176.32
31195,3049.31
31196,3001.35
31197,2751.53
31198,2749.89
31199,2597.35
31200,2359.1
31201,2580.74
31202,2551.27
31203,2700.39
31204,2607.9
31205,2500.97
31206,2333.59
31207,2000.29
31208,1705.84
31209,1582.72
31210,1950.74
31211,2500.98
31212,2600.68
31213,2503.36
31214,2000.16
31215,2359.71
31216,2400.92
31217,2561.76
31218,2800.13
31219,2800.81
31220,2800.02
31221,3019.06
31222,3082.35
31223,3049.6
31224,3049.62
31225,3620.83
31226,3619.25
31227,3969.77
31228,4019.1
31229,4631.35
31230,4500.9
31231,5400.61
31232,5446.59
31233,4818.3
31234,4333.59
31235,4346.11
31236,4294.29
31237,3895.57
31238,3844.73
31239,3620.41
31240,3510.5
31241,2526.86
31242,2899.78
31243,3299.7
31244,3300.35
31245,3019.43
31246,3012.93
31247,2500.86
31248,2249.82
31249,2800.12
31250,2871.69
31251,2917.38
31252,2900.58
31253,1848
31254,1489.86
31255,1900.12
31256,1934.6
31257,2954.03
31258,3176.14
31259,3200.97
31260,3250.21
31261,3315
31262,3420.39
31263,3457.98
31264,3620.02
31265,3899.95
31266,4260.86
31267,3999.59
31268,4963.52
31269,4816.7
31270,8526.22
31271,10000
31272,10000
31273,10000
31274,10000
31275,10000
31276,5999.28
31277,3500.79
31278,3119.61
31279,3582.74
31280,3700.92
31281,3800.44
31282,3819.73
31283,3582.72
31284,3581.29
31285,3200.25
31286,3200.84
31287,2699.25
31288,3000.45
31289,2500.29
31290,2900.32
31291,2611.26
31292,3019.66
31293,3240.42
31294,3270.1
31295,3240.32
31296,3176.83
31297,2999.45
31298,2920.3
31299,2799.8
31300,2772.44
31301,2700.77
31302,2710.65
31303,2700.5
31304,2350.32
31305,2550.02
31306,2537.01
31307,2550.13
31308,2330.94
31309,2008.98
31310,2008.45
31311,2060.02
31312,2519.54
31313,2751.99
31314,2954.06
31315,3082.16
31316,3097.28
31317,3176.62
31318,3097.8
31319,3406.65
31320,3457.38
31321,3850.45
31322,3895.76
31323,4281.87
31324,4346.23
31325,4469.51
31326,4490.29
31327,5000.62
31328,5316.55
31329,4816.49
31330,4281.43
31331,4157.72
31332,3999.48
31333,4098.62
31334,4039.99
31335,4098.4
31336,3819.55
31337,2700.06
31338,2749.97
31339,3418.01
31340,3518.42
31341,2942.87
31342,2942.79
31343,3049.65
31344,3049.89
31345,3049.82
31346,3100.92
31347,3200.64
31348,3100.42
31349,2600.34
31350,2700.81
31351,3100.92
31352,3349.39
31353,3418.27
31354,3457.81
31355,3518.19
31356,3867.35
31357,3966.22
31358,3966.91
31359,3969.2
31360,4500.44
31361,4000.33
31362,4816.46
31363,5316.77
31364,8000.12
31365,10000
31366,10000
31367,10000
31368,10000
31369,10000
31370,10000
31371,10000
31372,10000
31373,5999.07
31374,5316.45
31375,4818.91
31376,4477.94
31377,3348.79
31378,3330.96
31379,3000.15
31380,3000.23
31381,3000.32
31382,3113.71
31383,3000.37
31384,2500.24
31385,2567.49
31386,2533.96
31387,2942.39
31388,3000.73
31389,2600.04
31390,2522.09
31391,2250.53
31392,1913
31393,1929.9
31394,1989.08
31395,2500.01
31396,2510.42
31397,2500.96
31398,2510.19
31399,2500.78
31400,2330.58
31401,2600.99
31402,2600.02
31403,2400.44
31404,2400.28
31405,2000.13
31406,1990
31407,1989.31
31408,1989.86
31409,2749.64
31410,2772.35
31411,2917.02
31412,3010.06
31413,3176.88
31414,3350.84
31415,3467.4
31416,3457.12
31417,3899.01
31418,3989.37
31419,4153.35
31420,4346.37
31421,4500.36
31422,4631.55
31423,5332.74
31424,5316.55
31425,4490.93
31426,3921.38
31427,4010.09
31428,3999.14
31429,3999.68
31430,3867.11
31431,3710.02
31432,3560.42
31433,3310.37
31434,3200.6
31435,3176.59
31436,3082.47
31437,2954.51
31438,2942.78
31439,2857.37
31440,2942.03
31441,2942.33
31442,2942.78
31443,2780.52
31444,2772.71
31445,1912.65
31446,1912.71
31447,1929.8
31448,1999.89
31449,2749.86
31450,2831.57
31451,2559.5
31452,3049.29
31453,3457.99
31454,3518.94
31455,3739.34
31456,4280.68
31457,5332.76
31458,6000.53
31459,6139.87
31460,9006.38
31461,10000
31462,10000
31463,10000
31464,10000
31465,10000
31466,10000
31467,10000
31468,10000
31469,3870.36
31470,2999.03
31471,3500.15
31472,3500.35
31473,3518.07
31474,3518.86
31475,3518.9
31476,3369.02
31477,3240.51
31478,3362.7
31479,3200.57
31480,3090.86
31481,2766.62
31482,3176.73
31483,3200.79
31484,3200.43
31485,3014.2
31486,3000.29
31487,2917.03
31488,2871.1
31489,2778
31490,2900.14
31491,2900.41
31492,2843.49
31493,2765.59
31494,2850.04
31495,2900.26
31496,2749.92
31497,2600.62
31498,2585.92
31499,2449.81
31500,2400.81
31501,2536.27
31502,2560.41
31503,2600.67
31504,2605.04
31505,2765.91
31506,2917.45
31507,3049.45
31508,3192.8
31509,3350.57
31510,3457.44
31511,3457.48
31512,3299.68
31513,3600.01
31514,3500.99
31515,3350.31
31516,3350.18
31517,3582.41
31518,3600.36
31519,3926.63
31520,3969.43
31521,3957.36
31522,3670.29
31523,3518.35
31524,3240.45
31525,3680.43
31526,3581.08
31527,3581.2
31528,3240.94
31529,3330.22
31530,3418.06
31531,3410.4
31532,3414.33
31533,3200.61
31534,3259.53
31535,3200.24
31536,3100.98
31537,2917.27
31538,2917.66
31539,2871.22
31540,2450.05
31541,1934.31
31542,2000.81
31543,2550.51
31544,3049.06
31545,2942.14
31546,3049.59
31547,3049.28
31548,3200.37
31549,3240.9
31550,3457.03
31551,3200.82
31552,3450.46
31553,3414.16
31554,3600.12
31555,4000.55
31556,4818.19
31557,4260.8
31558,4750.22
31559,4000.36
31560,3783.69
31561,3581.6
31562,3523.74
31563,2500.75
31564,2119.57
31565,2500.1
31566,2149.82
31567,3299.66
31568,3510.54
31569,3739.4
31570,3581.68
31571,3581.18
31572,3459.01
31573,3097.3
31574,3200.27
31575,3176.47
31576,3082.81
31577,2749.45
31578,2536.59
31579,2639.39
31580,2600.74
31581,2080.71
31582,2252.01
31583,2000.86
31584,1999.65
31585,2450.05
31586,2150.96
31587,2100.55
31588,2150.5
31589,2008.3
31590,2000.27
31591,1911.64
31592,1705.71
31593,1900.13
31594,1978
31595,1911.22
31596,1900.59
31597,1588.84
31598,1588.58
31599,1912.41
31600,1911.38
31601,2150.41
31602,2330.38
31603,2401.52
31604,2500.91
31605,2871.81
31606,3082.65
31607,3457.12
31608,3457.51
31609,3457.78
31610,3457.34
31611,3859.02
31612,3859.25
31613,4281.34
31614,4010.84
31615,4307.79
31616,4500.67
31617,5000.75
31618,4963.82
31619,5000.81
31620,4870.02
31621,4816.91
31622,4670.71
31623,4281.51
31624,3890
31625,3350.95
31626,3299.3
31627,3582.61
31628,3518.15
31629,3330.68
31630,3418.36
31631,3418.46
31632,3418.46
31633,3240.8
31634,3240.56
31635,3212
31636,3158.2
31637,1929.25
31638,1916.95
31639,2210.92
31640,2550.95
31641,3097.96
31642,3418.88
31643,3457.47
31644,3582.35
31645,3966.07
31646,3969.49
31647,3969.29
31648,4294.66
31649,4265.03
31650,4963.31
31651,6708.92
31652,10000
31653,10000
31654,10000
31655,10000
31656,10000
31657,10000
31658,10000
31659,10000
31660,10000
31661,5999.14
31662,5000.58
31663,3959
31664,3719.47
31665,3750.48
31666,3750.7
31667,3600.97
31668,3582.84
31669,3300.12
31670,3240.7
31671,3240.82
31672,3270.11
31673,3176.23
31674,3200.49
31675,3176.96
31676,3176.34
31677,2930.21
31678,2930.58
31679,2843.9
31680,2751.96
31681,2519.47
31682,2765.26
31683,2899.8
31684,2843.37
31685,2597.77
31686,2429
31687,2252.2
31688,2333.65
31689,2333.97
31690,2500.43
31691,2550.11
31692,2550.08
31693,2333.63
31694,2333.29
31695,2512.6
31696,2550.74
31697,2749.17
31698,2800.19
31699,2850.9
31700,2900.06
31701,3408.66
31702,3518.06
31703,3581.56
31704,3899.75
31705,4019.73
31706,4631.26
31707,4818.5
31708,5332.94
31709,8000.5
31710,8785.06
31711,5593.1
31712,5511.38
31713,9999.15
31714,8000.67
31715,7999.45
31716,7999.5
31717,5684.05
31718,5585.46
31719,5332.67
31720,4346.8
31721,3808.25
31722,3792
31723,3720.65
31724,3581.67
31725,3456.22
31726,3414.33
31727,3748.44
31728,3720.23
31729,3457.08
31730,3457.4
31731,3457.25
31732,3240.34
31733,2600.61
31734,2139.92
31735,2850.57
31736,3097.67
31737,3299.24
31738,3457.02
31739,3457.6
31740,3484.46
31741,3748.73
31742,3989.58
31743,4000.12
31744,3999.59
31745,4816.91
31746,5252.24
31747,10000
31748,10000
31749,10000
31750,10000
31751,10000
31752,10000
31753,10000
31754,10000
31755,10000
31756,10000
31757,3966.4
31758,3720.83
31759,4000.47
31760,3989
31761,3899.66
31762,3899.68
31763,3720.5
31764,3240.46
31765,3300.42
31766,3500.93
31767,3406.95
31768,3240.74
31769,2965.34
31770,3049.62
31771,3240.78
31772,3240.38
31773,2950.67
31774,2850.95
31775,2871.78
31776,2871.17
31777,2540.75
31778,2550.34
31779,2850.02
31780,2581.12
31781,2252.44
31782,2000.12
31783,2139.03
31784,2000.54
31785,2040.31
31786,2150.36
31787,1514.74
31788,1514.67
31789,1514.8
31790,1514.89
31791,1514.79
31792,1514.77
31793,2710.23
31794,2900.38
31795,2900.38
31796,2900.53
31797,3290.89
31798,3457.76
31799,3457.28
31800,3480.21
31801,3660.46
31802,4088.37
31803,4488.31
31804,4904.36
31805,5332.21
31806,5500.81
31807,6999.63
31808,6999.07
31809,5000.41
31810,4999.48
31811,4999.37
31812,4488.83
31813,5332.36
31814,5332.51
31815,4565.96
31816,4259.9
31817,3581.51
31818,3581.62
31819,3259.89
31820,3176.2
31821,3299.23
31822,3457.71
31823,3457.04
31824,3450.63
31825,3082.28
31826,3097.09
31827,2749.75
31828,2699.44
31829,1989.36
31830,2007.39
31831,2830.72
31832,2942.46
31833,3095.54
31834,3049.31
31835,3418.09
31836,3457.69
31837,3518.35
31838,3518.39
31839,3748.29
31840,3899.24
31841,3999.17
31842,4281.19
31843,4500.74
31844,6000.08
31845,4963.82
31846,10000
31847,10000
31848,10000
31849,10000
31850,10000
31851,10000
31852,6000.01
31853,4502.67
31854,3581.41
31855,3364.29
31856,3000.98
31857,3240.11
31858,3240.45
31859,3253.07
31860,3254.83
31861,2898.33
31862,2512.04
31863,1999.72
31864,1999.7
31865,2070.14
31866,2214.25
31867,2751.35
31868,2917.93
31869,2751.68
31870,2749.18
31871,1919.75
31872,1840.58
31873,1199.45
31874,1199.26
31875,2240.13
31876,2252.1
31877,2150.03
31878,1911.48
31879,1514.97
31880,1514.32
31881,1514.01
31882,1514.28
31883,1514.66
31884,1514.58
31885,1514.67
31886,1514.76
31887,1514.55
31888,1514.62
31889,1929.85
31890,2252.87
31891,2333.98
31892,2616.26
31893,2800.97
31894,3176.12
31895,3408.66
31896,3400.2
31897,3680.28
31898,3895.22
31899,3739.15
31900,3966.26
31901,3999.18
31902,4963.15
31903,4119.64
31904,3889.11
31905,4488.57
31906,4099.41
31907,4510.7
31908,3989.36
31909,4000.01
31910,4000.08
31911,3926.62
31912,3600.58
31913,3176.75
31914,3020.13
31915,3176.6
31916,3176.43
31917,2917.91
31918,3049
31919,3049.71
31920,3000.43
31921,2871.62
31922,2871.11
31923,2799.6
31924,2749.93
31925,2249.88
31926,2400.06
31927,2550.82
31928,2869.9
31929,2550.98
31930,3049.34
31931,3362.93
31932,3457.49
31933,3457.37
31934,3480.23
31935,3660.19
31936,3950.4
31937,3989.6
31938,4670.19
31939,5500.82
31940,10000
31941,10000
31942,10000
31943,10000
31944,10000
31945,10000
31946,10000
31947,10000
31948,5000.67
31949,3582.88
31950,2699.8
31951,4006.54
31952,4019.41
31953,3600.62
31954,3600.82
31955,3581.03
31956,3480.79
31957,3000.35
31958,3176.21
31959,3050.65
31960,2999.84
31961,3000.13
31962,2917.3
31963,2899.05
31964,2772.46
31965,2524.88
31966,2300
31967,2236.82
31968,2236.52
31969,1989.17
31970,1989.74
31971,2545.35
31972,2500.27
31973,1929.78
31974,1911.58
31975,1912.75
31976,1912.9
31977,1799.79
31978,1911.7
31979,1911.59
31980,1611.08
31981,1911.66
31982,1911.56
31983,1912.71
31984,1912.78
31985,2139.84
31986,2500.53
31987,2749.94
31988,2917.55
31989,3140.44
31990,3176.28
31991,3406.72
31992,3457.72
31993,3581.7
31994,3582.25
31995,4466.82
31996,5446.12
31997,5013.24
31998,5332.21
31999,6499.95
32000,6499.43
32001,5332.56
32002,5214.2
32003,5500.4
32004,5446.43
32005,4706.15
32006,4565.22
32007,5000.37
32008,4963.19
32009,4098.93
32010,4294.01
32011,4294.56
32012,4153.86
32013,3969.83
32014,3969.91
32015,3739.07
32016,3361.82
32017,3518.39
32018,3582.23
32019,3518.68
32020,3480.77
32021,3072.38
32022,2310.65
32023,3176.22
32024,3200.28
32025,3110.13
32026,3414.58
32027,3582.64
32028,3989.88
32029,4135
32030,4663.25
32031,4346.89
32032,4818.93
32033,4816.54
32034,5500.17
32035,10000
32036,10000
32037,10000
32038,10000
32039,10000
32040,10000
32041,10000
32042,10000
32043,10000
32044,10000
32045,4159.81
32046,3364.77
32047,4700.49
32048,4019.81
32049,4153.58
32050,4019.48
32051,3895.38
32052,3719.9
32053,3200.84
32054,3110.18
32055,3200.21
32056,3090.91
32057,2900.08
32058,3176.16
32059,3090.74
32060,3049.25
32061,2950.26
32062,2917.52
32063,2900.56
32064,2751.65
32065,2330.19
32066,2500.05
32067,2540.24
32068,2540.69
32069,2350.47
32070,1973.7
32071,2330.42
32072,2070.48
32073,1989.08
32074,1989.03
32075,1934.02
32076,1929.89
32077,1774.67
32078,1600.49
32079,1587.77
32080,1680.67
32081,1851.5
32082,1950.59
32083,2674.74
32084,2917.12
32085,3176.12
32086,3019.77
32087,3113.03
32088,3158.36
32089,3244.79
32090,3300.35
32091,3540.5
32092,4346.23
32093,4910.43
32094,5499.41
32095,10000
32096,10000
32097,5500.89
32098,4963.53
32099,4079.66
32100,4079.13
32101,5111.11
32102,4964
32103,5316.26
32104,4565.21
32105,4281.43
32106,4157.75
32107,3909.81
32108,3629.7
32109,3459.37
32110,3299.39
32111,3581.04
32112,3484.48
32113,3406.73
32114,3406.42
32115,3049.25
32116,2871.9
32117,1911.99
32118,1775
32119,1929.95
32120,1956.95
32121,2500.32
32122,3049.86
32123,3300.42
32124,3457.13
32125,3700.11
32126,3700.19
32127,3600.81
32128,3582.98
32129,3050.06
32130,3890.41
32131,4346.98
32132,5131.85
32133,4346.52
32134,4832
32135,5000.78
32136,5000.87
32137,5300.56
32138,5332.54
32139,5300.37
32140,3701.9
32141,2500.89
32142,2499.05
32143,2000.92
32144,2980.12
32145,3200.73
32146,3480.45
32147,3200.18
32148,2766.06
32149,1899.83
32150,1899.83
32151,2500.97
32152,2699.65
32153,2710.91
32154,2480.95
32155,2250.05
32156,2070.17
32157,1522
32158,1929.94
32159,1220.4
32160,999.9
32161,1062
32162,1742
32163,1734.5
32164,1799.09
32165,1588.08
32166,999.9
32167,1750.6
32168,1588.47
32169,1588.3
32170,1588.64
32171,1350.02
32172,1499.09
32173,1588.48
32174,1588.54
32175,1588.94
32176,1750.86
32177,1912.28
32178,1912.93
32179,1929.34
32180,1973.97
32181,1990.85
32182,3000.81
32183,2917.38
32184,2942.67
32185,3000.58
32186,3240.96
32187,3288
32188,3500.61
32189,3480.59
32190,3457.93
32191,3500.79
32192,3300.22
32193,3500.62
32194,3660.35
32195,3508.73
32196,3300.13
32197,3400.51
32198,3100.4
32199,3650.14
32200,3300.83
32201,3518.46
32202,3705.71
32203,3518.65
32204,3300.23
32205,3110.27
32206,3200.55
32207,2749.36
32208,2749.5
32209,2550.45
32210,2749.87
32211,2800.49
32212,2700.95
32213,2333.51
32214,2333.75
32215,2550.66
32216,2746
32217,2749.21
32218,3082.19
32219,3372.12
32220,3418.07
32221,3373.17
32222,3373.83
32223,3000.29
32224,2699.51
32225,3097.47
32226,3898.49
32227,3966.04
32228,4010.11
32229,3484.27
32230,3500.08
32231,2999.56
32232,2420.49
32233,3484.14
32234,3240.51
32235,2230.86
32236,2001.14
32237,999.89
32238,2000.17
32239,3097.48
32240,3200.79
32241,3200.32
32242,3176.8
32243,3484.55
32244,3418.86
32245,3200.41
32246,3240.06
32247,3010.86
32248,2942.1
32249,2700.6
32250,2542.6
32251,1916.63
32252,1911.3
32253,1999.4
32254,1934.21
32255,1916.56
32256,1911.74
32257,900.48
32258,900.41
32259,499.71
32260,499.77
32261,999.34
32262,999.12
32263,499.49
32264,399.87
32265,999.94
32266,1400.43
32267,999.76
32268,999.58
32269,878.4
32270,748.8
32271,599.3
32272,599.31
32273,799.31
32274,1200.02
32275,999.42
32276,1585.63
32277,1600.52
32278,1916.45
32279,2236.62
32280,2550.33
32281,3176.5
32282,3480.25
32283,3480.58
32284,3705.69
32285,3540.91
32286,3705.47
32287,3855.29
32288,3760.62
32289,4346.73
32290,4389.39
32291,4294.92
32292,4294.09
32293,4963.67
32294,4963.45
32295,3999.98
32296,3549.4
32297,2880.28
32298,2500.12
32299,2917.41
32300,3082.52
32301,989.35
32302,989.95
32303,2917.65
32304,3100.7
32305,2800.31
32306,2563.16
32307,1934.43
32308,1342.95
32309,1499.13
32310,1911.27
32311,1934.66
32312,2699.17
32313,2249.3
32314,2596.53
32315,2942.17
32316,3200.39
32317,3518.02
32318,3739.69
32319,3660.18
32320,3835.56
32321,3909.6
32322,4010.32
32323,4160.85
32324,4905.95
32325,3500.91
32326,4358.15
32327,5006.61
32328,5001.26
32329,5999.45
32330,5999.02
32331,4340.64
32332,3701.78
32333,3750.3
32334,3364.67
32335,3200.01
32336,2999.75
32337,3200.01
32338,2999.12
32339,2980.95
32340,3400.03
32341,2500.27
32342,2068.13
32343,3176.2
32344,2970.67
32345,2354.72
32346,2100.35
32347,1990.78
32348,1916.72
32349,1751.71
32350,1590.47
32351,1912.23
32352,1912.24
32353,1911.68
32354,1929.44
32355,2118.54
32356,2000.26
32357,1929.65
32358,1916.23
32359,1912.61
32360,1912.08
32361,1911.13
32362,1750.91
32363,1516.81
32364,1516.73
32365,1516.56
32366,1516.28
32367,1516.14
32368,1516.14
32369,1516.29
32370,1685.68
32371,1916.9
32372,2118.32
32373,2350.5
32374,2899.97
32375,3049.18
32376,2950.13
32377,3400.32
32378,3480.83
32379,3899.07
32380,4281.26
32381,4281.09
32382,4310.72
32383,4816.34
32384,4953.7
32385,4957.2
32386,4957.93
32387,4951.46
32388,4631.48
32389,4957.63
32390,4951.44
32391,3926.64
32392,3898.84
32393,2929.36
32394,2519.97
32395,1399.65
32396,2700.66
32397,3000.81
32398,3200.67
32399,3240.62
32400,3200.41
32401,2942.87
32402,2900.89
32403,2899.33
32404,2875.32
32405,2776.34
32406,2875.19
32407,2875.4
32408,3000.48
32409,3418.27
32410,3500.34
32411,3457.87
32412,3660.43
32413,3177
32414,3176.89
32415,1999.67
32416,2776.47
32417,3739.96
32418,4000.89
32419,4550.81
32420,4972.22
32421,4098.54
32422,4505.4
32423,5252.91
32424,5252.11
32425,6999.68
32426,10000
32427,4999.74
32428,4050.69
32429,4335.29
32430,4153.41
32431,4200.02
32432,4000.74
32433,3739.17
32434,3600.37
32435,3719.7
32436,3719.2
32437,3176.84
32438,3176.89
32439,3097.24
32440,3097.94
32441,3097.73
32442,3176.33
32443,3049.13
32444,2755.05
32445,2752.56
32446,2450.1
32447,2175.7
32448,2400.82
32449,1911.18
32450,2200.24
32451,2236.73
32452,2236.65
32453,2140.9
32454,2140.01
32455,2118.11
32456,1934.82
32457,2139.87
32458,2149.85
32459,2236.11
32460,2175.6
32461,2000.87
32462,1950.52
32463,2140.18
32464,2149.07
32465,2236.54
32466,2650.77
32467,2800.71
32468,2917.14
32469,3000.59
32470,3176.63
32471,3200.2
32472,3400.54
32473,3760.97
32474,3999.95
32475,3899.28
32476,4495.6
32477,4818.78
32478,5323.17
32479,5200.72
32480,5032.25
32481,4800.56
32482,4963.09
32483,5000.04
32484,5000.39
32485,4818.33
32486,4098.45
32487,3909.16
32488,3660.25
32489,3299.29
32490,3518.93
32491,3518.95
32492,3500.58
32493,3518.47
32494,3490.88
32495,3518.23
32496,3364.61
32497,3113.07
32498,3240.01
32499,3049.38
32500,2942.28
32501,1499.27
32502,1499.45
32503,1599.45
32504,2400.35
32505,2917.16
32506,3176.44
32507,3176.82
32508,3457.69
32509,3705.13
32510,3762.19
32511,3899.69
32512,3899.51
32513,4000.78
32514,4550.41
32515,5032.92
32516,5499.96
32517,5550.45
32518,5999.13
32519,8753.85
32520,7005.98
32521,10000
32522,10000
32523,10000
32524,5499.39
32525,4700.45
32526,4800.25
32527,3989.09
32528,2999.99
32529,3500.74
32530,3909.72
32531,3600.88
32532,3600.01
32533,3240.62
32534,3240.43
32535,3240.25
32536,3240.53
32537,2999.81
32538,3019.86
32539,3176.39
32540,3176.61
32541,3019.96
32542,3049.79
32543,2958.12
32544,2950.88
32545,2699.03
32546,2752.3
32547,2917.21
32548,2752.45
32549,2749.8
32550,2627.12
32551,2800.59
32552,2800.24
32553,2608.46
32554,2587.06
32555,2749.21
32556,2765.46
32557,2350.66
32558,2499.31
32559,2540.51
32560,2580.19
32561,2752.6
32562,3000.25
32563,2942.19
32564,2917.28
32565,3418.87
32566,3700.99
32567,3748.37
32568,3899.74
32569,4153.95
32570,4800.04
32571,5305.8
32572,5618.09
32573,6005
32574,10000
32575,8000.53
32576,5501.72
32577,9007.6
32578,5500.45
32579,5500.51
32580,5163.83
32581,5252.8
32582,5446.67
32583,4963.73
32584,4393.04
32585,4099.46
32586,4294.08
32587,3898.49
32588,3739.89
32589,3480.09
32590,3518.73
32591,3200.13
32592,2917.95
32593,3000.82
32594,3176.89
32595,3176.23
32596,3176.86
32597,2549.56
32598,2549.22
32599,3097.68
32600,2942.89
32601,3097.39
32602,3388.35
32603,3300.91
32604,3518.63
32605,3660.82
32606,3750.67
32607,3899.19
32608,3966.08
32609,4300.9
32610,4670.29
32611,4956.9
32612,5252.29
32613,6000.83
32614,10000
32615,10000
32616,10000
32617,10000
32618,10000
32619,10000
32620,10000
32621,5499.33
32622,5499.44
32623,5020.87
32624,4850.35
32625,0
32626,0
32627,4281.63
32628,4012.61
32629,3999.73
32630,4153.74
32631,3898.29
32632,3719.18
32633,3457.8
32634,3500.83
32635,3510.49
32636,3518.99
32637,3300.76
32638,3414.16
32639,3300.68
32640,3300.03
32641,3414.46
32642,3414.09
32643,3406.11
32644,3220.06
32645,3097.31
32646,3019.27
32647,3176.3
32648,2917.7
32649,3097.07
32650,3113.53
32651,2954.45
32652,3049.41
32653,3000.38
32654,3049.71
32655,3134.12
32656,3176.07
32657,3200.39
32658,3400.95
32659,3457.97
32660,3518.36
32661,3719.11
32662,3899.22
32663,3899.25
32664,3989
32665,4281.45
32666,4800.66
32667,5300.98
32668,6942.4
32669,9998.39
32670,10000
32671,10000
32672,10000
32673,10000
32674,8000.74
32675,5000.9
32676,4807.67
32677,6000.74
32678,6000.52
32679,5252.32
32680,4099.74
32681,4153.03
32682,4346.01
32683,3989.47
32684,3660.6
32685,3867
32686,3762.61
32687,3414.32
32688,3319.93
32689,3518.2
32690,3436.31
32691,3240.91
32692,2942.43
32693,2200.17
32694,2333.48
32695,3176
32696,3414.57
32697,3518.21
32698,3707.7
32699,3867.29
32700,3966.39
32701,3660.5
32702,3969.75
32703,4464.19
32704,4510.29
32705,4600.93
32706,5400.78
32707,5618.56
32708,10000
32709,10000
32710,10000
32711,10000
32712,10000
32713,10000
32714,10000
32715,10000
32716,10000
32717,10000
32718,6000.8
32719,5499.15
32720,4999.28
32721,4900.64
32722,4818.48
32723,4631.41
32724,4346.95
32725,3909.73
32726,3898.01
32727,3700.25
32728,3700.16
32729,3299.76
32730,3400.87
32731,3400.87
32732,3300.34
32733,2875.37
32734,2875.77
32735,3246
32736,3200.8
32737,3299.77
32738,3300.48
32739,3300.61
32740,3299.24
32741,3134.96
32742,3134.76
32743,3176.01
32744,3110.82
32745,3097.5
32746,3019.44
32747,2800.16
32748,2700.71
32749,2850.29
32750,2765.62
32751,2765.07
32752,2900.43
32753,3019.25
32754,3310.68
32755,3418.39
32756,3457.97
32757,3600.86
32758,3748.13
32759,3800.18
32760,3759.73
32761,4281.71
32762,4963.03
32763,4999.02
32764,5499.33
32765,8001.83
32766,8005.37
32767,5400.7
32768,4300.61
32769,4500.76
32770,4450.45
32771,4393.46
32772,4099.8
32773,3867.21
32774,3600.94
32775,3989.51
32776,3703.82
32777,3400.79
32778,3400.62
32779,3660.33
32780,3518.31
32781,3350.1
32782,3250.49
32783,3170
32784,2980.38
32785,3050.14
32786,3176.71
32787,3350.36
32788,3240.11
32789,2549.39
32790,2249.2
32791,2519.15
32792,2446
32793,2699.38
32794,3000.94
32795,2917.15
32796,3200.04
32797,3549.99
32798,3867.47
32799,3899.95
32800,3999.53
32801,3459.76
32802,3989.49
32803,4280.87
32804,4908.49
32805,5400.06
32806,6000.04
32807,5400.76
32808,4800.26
32809,10000
32810,10000
32811,10000
32812,7000.94
32813,3919.25
32814,3919.98
32815,4250.95
32816,3845.33
32817,3660.47
32818,3510.86
32819,3660.89
32820,3600.2
32821,3456
32822,3299.1
32823,2875.58
32824,2875.32
32825,3384.97
32826,3518.4
32827,3414.44
32828,3299.51
32829,2890.94
32830,2917.74
32831,2873.94
32832,2873.38
32833,3127.26
32834,3200.8
32835,3200.47
32836,3200.13
32837,3134.06
32838,3113.71
32839,3010
32840,3030.67
32841,2950.12
32842,2754.88
32843,2669.77
32844,2754.36
32845,2576.95
32846,2398.69
32847,2800.88
32848,2800.75
32849,2800.67
32850,3100.56
32851,3134.41
32852,3206.8
32853,3305.55
32854,3600.46
32855,3510.47
32856,3461.04
32857,3775.93
32858,3850.29
32859,3459.26
32860,3705.74
32861,3405.89
32862,3999.33
32863,3845.57
32864,3600.02
32865,4115.42
32866,4351.41
32867,4220.07
32868,4099.41
32869,3705.41
32870,3549.33
32871,3240.44
32872,2560.99
32873,2769.68
32874,3134.23
32875,3851.04
32876,3775.68
32877,3299.47
32878,3447.23
32879,2769.93
32880,2549.55
32881,1640.4
32882,2000.35
32883,2150.9
32884,2249.16
32885,2265.55
32886,2334.42
32887,1950.76
32888,1950.36
32889,1950.09
32890,1950.22
32891,1812.81
32892,1399.92
32893,2225.58
32894,2510.24
32895,2765.94
32896,2800.53
32897,3240.2
32898,3680.6
32899,3775.04
32900,3775.98
32901,3680.29
32902,3800.04
32903,4000.85
32904,3999.68
32905,4250.11
32906,4115.59
32907,3999.42
32908,2749.46
32909,1519.44
32910,2500.17
32911,3705.65
32912,3988.01
32913,3898.89
32914,3791.01
32915,3600.5
32916,3403.35
32917,3113.92
32918,2900.6
32919,2559.01
32920,2263.37
32921,2193.89
32922,2218.89
32923,2218.93
32924,2099.45
32925,2000.57
32926,2000.77
32927,1981.28
32928,1739.93
32929,1900.23
32930,1990.21
32931,1981.11
32932,1967.72
32933,1739.91
32934,1739.86
32935,1800.28
32936,1773.92
32937,1862.96
32938,1863.27
32939,1739.7
32940,1800.03
32941,1536.7
32942,1536.41
32943,1536.41
32944,1536.22
32945,1429.44
32946,1586.37
32947,1785.77
32948,1988
32949,2334.53
32950,2263.65
32951,2615.99
32952,3206.94
32953,3200.25
32954,3300.61
32955,3453.57
32956,3739.32
32957,3605.31
32958,3605.77
32959,3921.11
32960,3720.52
32961,3886.93
32962,4099.74
32963,4363.23
32964,4351.54
32965,4355.07
32966,4291.73
32967,4210.96
32968,3739.26
32969,2929.37
32970,2715.45
32971,3447.8
32972,3404.86
32973,3705.14
32974,3660.95
32975,3500.26
32976,3250.58
32977,2769.89
32978,3127.45
32979,3240.76
32980,3240.16
32981,2800.97
32982,2800.36
32983,2715.46
32984,2868
32985,2749.69
32986,3206.83
32987,3447.24
32988,3705.22
32989,3549.87
32990,3500.28
32991,3775.87
32992,3705.82
32993,3500.47
32994,4000.95
32995,4621.71
32996,5303.94
32997,5001.45
32998,6000.41
32999,6000.85
33000,5999.28
33001,6500.39
33002,8000.91
33003,6000.57
33004,5130.08
33005,4818.82
33006,4804.67
33007,4807.9
33008,4800.96
33009,3480.93
33010,3549.72
33011,3886.51
33012,3791.82
33013,3510.52
33014,3510.31
33015,3364.42
33016,3206.58
33017,3240.47
33018,3240.2
33019,3134.05
33020,3240.32
33021,2765.88
33022,2614.14
33023,2334.19
33024,2263.05
33025,2000.25
33026,2225.95
33027,2345
33028,2334.79
33029,2090.03
33030,1971.13
33031,1586.59
33032,1586.33
33033,1586.77
33034,1586.94
33035,1971.13
33036,1981.36
33037,1987.66
33038,1987.55
33039,2006.97
33040,2006.14
33041,2252.25
33042,2334.66
33043,2550.29
33044,2994.84
33045,3127.37
33046,3480.02
33047,3480.45
33048,3660.67
33049,3660.9
33050,4042.61
33051,4099.42
33052,4393.15
33053,4429.82
33054,5303.91
33055,5303.24
33056,4650.86
33057,5001.52
33058,4909.76
33059,4291.41
33060,4050.63
33061,5001.9
33062,4565.08
33063,4005.19
33064,3698.56
33065,3999.13
33066,3698.47
33067,3929.03
33068,3698.94
33069,3500.06
33070,3480.41
33071,3447.24
33072,3364.65
33073,3275.48
33074,3406.02
33075,3259.25
33076,3134.32
33077,2237.81
33078,2237.65
33079,2000.57
33080,2500.87
33081,2994.36
33082,3275.25
33083,3598.51
33084,3750.01
33085,3775.9
33086,3898.31
33087,4565.98
33088,4956.18
33089,4477.67
33090,5303.02
33091,5500.06
33092,10000
33093,10000
33094,10000
33095,10000
33096,10000
33097,10000
33098,10000
33099,10000
33100,10000
33101,7352
33102,5999.3
33103,5000.46
33104,4376.41
33105,3348.34
33106,3739.92
33107,3929.71
33108,3929.19
33109,3549.9
33110,3373.74
33111,3549.25
33112,3300.28
33113,3113.75
33114,3206.11
33115,2699.43
33116,2994.46
33117,2749.31
33118,2500.6
33119,2050.61
33120,1981.64
33121,2400.36
33122,2499.94
33123,2545.68
33124,2500.52
33125,2565.78
33126,2345.44
33127,2100.76
33128,1987.18
33129,1752.71
33130,1611.93
33131,1987.55
33132,1987.7
33133,1992.7
33134,1992.52
33135,1992.46
33136,1992.57
33137,1992.23
33138,2006.03
33139,2400.85
33140,2800.1
33141,3000.93
33142,3200.19
33143,3400.14
33144,3240.14
33145,3240.19
33146,3212.65
33147,3700.59
33148,4291.79
33149,4650.15
33150,5500.2
33151,5303.76
33152,4999.79
33153,4363.36
33154,4363.36
33155,5000.24
33156,5000.05
33157,4956.92
33158,4804.87
33159,4499.29
33160,4265.48
33161,3400.33
33162,3240.97
33163,3447.61
33164,3403.06
33165,3008.69
33166,3127.42
33167,3254.51
33168,3261.3
33169,2868.59
33170,2769.96
33171,2769.61
33172,2769.58
33173,2500.8
33174,2550.67
33175,2700.28
33176,2769.56
33177,2868.01
33178,2994.84
33179,2868.11
33180,3200.57
33181,3549.3
33182,3660.3
33183,3669.95
33184,3739.77
33185,3739.22
33186,4000.29
33187,4500.09
33188,4972.1
33189,4805.58
33190,5500.5
33191,7999.05
33192,7000.98
33193,10000
33194,10000
33195,10000
33196,10000
33197,4500.25
33198,4971.42
33199,4973.87
33200,4800.61
33201,3705.74
33202,3500.99
33203,3898.2
33204,3791.85
33205,3000.49
33206,2572.19
33207,3250.56
33208,3136.75
33209,2994.68
33210,3250.86
33211,3276.67
33212,3261.38
33213,2800.79
33214,2559.65
33215,2500.17
33216,2410.57
33217,2420.72
33218,2345.14
33219,2400.9
33220,2539.4
33221,2400.05
33222,2225.92
33223,2110.97
33224,1981.51
33225,2225.35
33226,2110.14
33227,2130.84
33228,2130.66
33229,2225.28
33230,2252.18
33231,2259.36
33232,2259.21
33233,2000.96
33234,2400.86
33235,2550.79
33236,2550.85
33237,2868.98
33238,3206.64
33239,3403.47
33240,3395.64
33241,3901.21
33242,4051.36
33243,4291.05
33244,4818.77
33245,4900.93
33246,5805.44
33247,8785.61
33248,8700.84
33249,9561
33250,8785.06
33251,10000
33252,5500.46
33253,5500.33
33254,5500.64
33255,5499.57
33256,5056.84
33257,4355.24
33258,3969.98
33259,3863.98
33260,3775.1
33261,3660.32
33262,3660.85
33263,3403.51
33264,3150.17
33265,3299.07
33266,3549.77
33267,3549.97
33268,3447.2
33269,2999.21
33270,2840.02
33271,2607.06
33272,2769.71
33273,2994.83
33274,3198.48
33275,3275.77
33276,3660.64
33277,3705.8
33278,3775.51
33279,3775.97
33280,3774.36
33281,4265.12
33282,4818.61
33283,4512.63
33284,5400.5
33285,4750.1
33286,5450.52
33287,8781.43
33288,5800.58
33289,10000
33290,10000
33291,10000
33292,10000
33293,4101.41
33294,4200.28
33295,4350.83
33296,4201
33297,4030.74
33298,3898.8
33299,3400.85
33300,3549.44
33301,3068.84
33302,2565.44
33303,3110.1
33304,2994.9
33305,1999.42
33306,1999.49
33307,1999.85
33308,2000.61
33309,2200.39
33310,2450.69
33311,2110.44
33312,1981.1
33313,2110.67
33314,2000.62
33315,2100.16
33316,1981.25
33317,1750.41
33318,1739.29
33319,1429.78
33320,1317.45
33321,1317.29
33322,999.96
33323,1500.24
33324,1650.76
33325,1700.01
33326,1317.46
33327,1328.8
33328,1470.7
33329,1317.98
33330,1429.41
33331,1100
33332,1739.46
33333,2218.24
33334,2868.44
33335,2994.85
33336,3008.16
33337,3310.28
33338,3355.66
33339,3549.74
33340,4000.3
33341,4000.75
33342,4065.27
33343,4429.74
33344,4249.46
33345,4074.99
33346,3950.69
33347,4631.8
33348,4047.36
33349,4444.43
33350,4520.68
33351,4650.23
33352,4351.49
33353,3990.11
33354,3775.2
33355,3775.6
33356,3610.94
33357,3705.61
33358,3660.94
33359,3127.67
33360,3127.55
33361,3000.81
33362,3127.9
33363,3275.02
33364,3240.44
33365,1998.99
33366,1998.74
33367,2019.84
33368,2345.85
33369,2019.63
33370,2769.17
33371,2730.64
33372,2633.37
33373,2800.78
33374,2539.64
33375,2900.43
33376,3000.91
33377,3354.44
33378,3480.9
33379,3898.51
33380,4909.56
33381,4005.69
33382,4912.32
33383,4914.49
33384,4909.02
33385,10000
33386,10000
33387,10000
33388,5360.28
33389,3720.51
33390,3850.21
33391,3863.6
33392,3837.77
33393,3210.02
33394,3068.29
33395,3304.46
33396,3308.93
33397,3299.86
33398,3090.36
33399,2999.36
33400,2198.51
33401,2100.73
33402,2900.85
33403,2650.04
33404,2474.29
33405,1999.07
33406,1999.14
33407,2012.44
33408,1967.77
33409,2252.19
33410,2333.48
33411,2512.23
33412,2699.02
33413,2550.7
33414,2345.15
33415,2334.84
33416,2283
33417,2237.3
33418,2225.05
33419,2225.85
33420,2249.58
33421,2237.6
33422,2225.91
33423,2199.95
33424,2199.63
33425,2263.11
33426,2333
33427,2450.47
33428,2810.69
33429,3299.27
33430,3549.23
33431,3310.97
33432,3459.47
33433,3775.03
33434,3791.98
33435,4027
33436,4027.87
33437,3886.63
33438,4818.7
33439,4999.14
33440,5001.13
33441,3863.4
33442,3950.96
33443,4119.05
33444,3863.76
33445,3863.87
33446,3750.3
33447,3870.21
33448,3600.66
33449,3549.47
33450,3510.15
33451,3863.97
33452,3770.77
33453,3275.76
33454,3000.41
33455,2500.98
33456,2456
33457,3390.01
33458,3390.91
33459,3299.32
33460,3206.55
33461,2265.34
33462,2051
33463,2345.51
33464,2539.54
33465,2900.03
33466,2929.16
33467,3020.79
33468,3127.65
33469,3510.31
33470,3640.16
33471,3770.32
33472,3867.89
33473,4000.65
33474,5000.16
33475,5499.33
33476,7500.45
33477,8599.84
33478,10000
33479,10000
33480,10000
33481,10000
33482,10000
33483,10000
33484,10000
33485,5681.21
33486,7999.2
33487,5004.2
33488,4306.95
33489,3720.26
33490,3750.73
33491,4101.29
33492,3969.04
33493,3500.38
33494,3090.05
33495,3127.76
33496,3127.33
33497,2900.23
33498,3090.15
33499,3090.34
33500,2994.4
33501,2868.55
33502,2900.75
33503,2900.87
33504,2812.67
33505,2345.44
33506,2345.64
33507,2500.64
33508,2700.86
33509,2501.95
33510,2410.27
33511,2610.14
33512,2510.47
33513,2345.4
33514,2410.12
33515,2401.98
33516,2345.19
33517,2345.73
33518,2380.24
33519,2680.11
33520,2699.1
33521,2565.84
33522,2700.47
33523,3000.06
33524,3000.93
33525,3376
33526,3617.21
33527,3406.86
33528,3300.9
33529,3403.67
33530,3775.79
33531,3400.98
33532,3886.65
33533,4027.53
33534,4621.08
33535,4351.08
33536,4351.43
33537,4499.38
33538,4798.7
33539,4351.98
33540,4000.53
33541,3707.96
33542,3640.86
33543,3780.5
33544,3629.43
33545,3300.44
33546,3210.67
33547,2801
33548,2597.76
33549,2212.7
33550,1999.75
33551,1499.41
33552,1317.36
33553,899.86
33554,2212.53
33555,2565.92
33556,2592.06
33557,2249.61
33558,2225.73
33559,2249.97
33560,2345.07
33561,2265.13
33562,2500.13
33563,2900.06
33564,2994.55
33565,2900.46
33566,2900.17
33567,3008.75
33568,3119.55
33569,2249.93
33570,3484.58
33571,3867.36
33572,4145.01
33573,3989.08
33574,4351.71
33575,4798.07
33576,4200.72
33577,4910.47
33578,4910.36
33579,4351.02
33580,4169.33
33581,3698.1
33582,4005.84
33583,3012.66
33584,2000.8
33585,2500.29
33586,3012.35
33587,3510.04
33588,3650.63
33589,3299.08
33590,3090.42
33591,2980.93
33592,2800.58
33593,2345.83
33594,2345.25
33595,2600.85
33596,2699.6
33597,2519.27
33598,2500.73
33599,2345.69
33600,2225.86
33601,2345.28
33602,2074.83
33603,2000.47
33604,2037.06
33605,2000.33
33606,1981.41
33607,1654.25
33608,1569.96
33609,1529.4
33610,1529.34
33611,1520.53
33612,1520.51
33613,1520.88
33614,1750.12
33615,1654.9
33616,1654.99
33617,1967.46
33618,2000.51
33619,2300.22
33620,2415.5
33621,3127
33622,3500.53
33623,3000.59
33624,3027.14
33625,3775.22
33626,3640.57
33627,3617.24
33628,4062.32
33629,4956.08
33630,6115.39
33631,10000
33632,10000
33633,10000
33634,10000
33635,10000
33636,9392.68
33637,5499.11
33638,5298.18
33639,5000.87
33640,4800.89
33641,3863.44
33642,3640.3
33643,3687.04
33644,3600.42
33645,3863.02
33646,3687.53
33647,3127.45
33648,3000.68
33649,2861.45
33650,2900.15
33651,2980.5
33652,3000.1
33653,2500.6
33654,2539.38
33655,3000.96
33656,2994.73
33657,2998.1
33658,3127.59
33659,3000.56
33660,2850.42
33661,3447.13
33662,3641
33663,4026.65
33664,4291.01
33665,4291.05
33666,5298.43
33667,5976.26
33668,10000
33669,10000
33670,10000
33671,10000
33672,10000
33673,10000
33674,10000
33675,10000
33676,10000
33677,10000
33678,10000
33679,5999.95
33680,5303.56
33681,4351.48
33682,4159.18
33683,4265.08
33684,3500.61
33685,3510.07
33686,3299.01
33687,3090.95
33688,2980.98
33689,3019.67
33690,2999.28
33691,2843.56
33692,2590.36
33693,2474.71
33694,2480.5
33695,2393.94
33696,2345.56
33697,2900.11
33698,2700.1
33699,2589.33
33700,2500.44
33701,2225.85
33702,2212.25
33703,2159.64
33704,2072.56
33705,2072.3
33706,2072.27
33707,2070.51
33708,2059.52
33709,2038.21
33710,2000.95
33711,1777.36
33712,1944.22
33713,1655.59
33714,1944.6
33715,1912.89
33716,2500.43
33717,3134.34
33718,3500.87
33719,3403.88
33720,3299.73
33721,3863.6
33722,4100.72
33723,4429.06
33724,4784.18
33725,5499.49
33726,7999.52
33727,10000
33728,10000
33729,10000
33730,10000
33731,10000
33732,10000
33733,10000
33734,9999.95
33735,5100.05
33736,4700.13
33737,3900.27
33738,3549.93
33739,4033.73
33740,3900.48
33741,3549.17
33742,3687.89
33743,3705.01
33744,3762.56
33745,3350.56
33746,3305
33747,2800.16
33748,2799.85
33749,2500.04
33750,2345.92
33751,2599.82
33752,2994.54
33753,2594.57
33754,2599.66
33755,3019.44
33756,3127.14
33757,3617.13
33758,3775.24
33759,3510.44
33760,3855.27
33761,4500.82
33762,4907.73
33763,5681.85
33764,10000
33765,10000
33766,10000
33767,10000
33768,10000
33769,10000
33770,10000
33771,10000
33772,10000
33773,8000.88
33774,5681.85
33775,4890.29
33776,4956.01
33777,4501.07
33778,3899.89
33779,3705.17
33780,3299.21
33781,3090.29
33782,3299.01
33783,3400.6
33784,2999.79
33785,2999.17
33786,3010.96
33787,3019.93
33788,3019.24
33789,2512.33
33790,2300.74
33791,1981.32
33792,1999.87
33793,2059.69
33794,2100.83
33795,2345.87
33796,2300.55
33797,2263.98
33798,2225.94
33799,2038.04
33800,2000.67
33801,1932
33802,1802.92
33803,1944.71
33804,1750.06
33805,1655.98
33806,1655.84
33807,2038.23
33808,2090.64
33809,2225.06
33810,2574.72
33811,2700.16
33812,3206.63
33813,3206.74
33814,3127.37
33815,3200.49
33816,3114.55
33817,2994.89
33818,3700.3
33819,4119.04
33820,5001.97
33821,7999.13
33822,10000
33823,10000
33824,10000
33825,10000
33826,10000
33827,10000
33828,10000
33829,9899.69
33830,6799.01
33831,5500.89
33832,5056.97
33833,5056.32
33834,4645.16
33835,5000.22
33836,4631.32
33837,3999.24
33838,3720.85
33839,3687.51
33840,3687.03
33841,3449.96
33842,3549.94
33843,3447.83
33844,3403.62
33845,2800.34
33846,2630.34
33847,2799.17
33848,3085.81
33849,2999.73
33850,3206.28
33851,3549.8
33852,3988.74
33853,3950.17
33854,3898.25
33855,3898.87
33856,4291.2
33857,4265.49
33858,5056.74
33859,10000
33860,10000
33861,10000
33862,10000
33863,10000
33864,10000
33865,10000
33866,10000
33867,10000
33868,10000
33869,10000
33870,10000
33871,10000
33872,6000.51
33873,5298.66
33874,4265.41
33875,5000.68
33876,4291.52
33877,3929.48
33878,3929.15
33879,3779.89
33880,3775.09
33881,3791.05
33882,3767.06
33883,3090.68
33884,2823.78
33885,2345.55
33886,2345.19
33887,2265.1
33888,2221.2
33889,2850.88
33890,2994.23
33891,2865.17
33892,2865.41
33893,2520.29
33894,2345.73
33895,2345.73
33896,2265.79
33897,2401.2
33898,2345.33
33899,2345.55
33900,2265.68
33901,2345.42
33902,2400.18
33903,2450.52
33904,2450.97
33905,2519.78
33906,2599.78
33907,2725.09
33908,2824
33909,3705.72
33910,3775.47
33911,3705.3
33912,3775.06
33913,3791.61
33914,3999.19
33915,5001.75
33916,10000
33917,10000
33918,10000
33919,10000
33920,10000
33921,10000
33922,10000
33923,10000
33924,10000
33925,10000
33926,10000
33927,5000.8
33928,4493.62
33929,4252.64
33930,3898.28
33931,4287.53
33932,4291.04
33933,3999.79
33934,3775.56
33935,3775.1
33936,3705.45
33937,3200.45
33938,3153.75
33939,3599.49
33940,3510.18
33941,2630.15
33942,2000.94
33943,2500.65
33944,3185.36
33945,3549.32
33946,3705.63
33947,3700.47
33948,3713.62
33949,3770.27
33950,3770.38
33951,4429
33952,4392.55
33953,4501.34
33954,5500.9
33955,10000
33956,10000
33957,10000
33958,10000
33959,10000
33960,10000
33961,10000
33962,10000
33963,10000
33964,10000
33965,10000
33966,10000
33967,7999.42
33968,4999.83
33969,4429.49
33970,3837.27
33971,3863.45
33972,3855.3
33973,3929.18
33974,3819.3
33975,3510.16
33976,2199.79
33977,3127.45
33978,3510.86
33979,3403.28
33980,3206.56
33981,2994.36
33982,2950.24
33983,2345.49
33984,2300.31
33985,1967.04
33986,2038.64
33987,2159.59
33988,2100.85
33989,2038.66
33990,1999.02
33991,2038.1
33992,1999.63
33993,2038.52
33994,2038.77
33995,2000.41
33996,1999.97
33997,2000.71
33998,1999.81
33999,1981.07
34000,2000.08
34001,1999.81
34002,2224.1
34003,2263.94
34004,2573.78
34005,2800.81
34006,3090.21
34007,3019.9
34008,2999.86
34009,2699.66
34010,3300.39
34011,3855.44
34012,4501
34013,5000.89
34014,7509.72
34015,7500.73
34016,10000
34017,10000
34018,10000
34019,6998.71
34020,5005.92
34021,5480.4
34022,5303.87
34023,5404.24
34024,4700.96
34025,4207.63
34026,4265.18
34027,4631.88
34028,4392.16
34029,4301.45
34030,4087.58
34031,4228.93
34032,4210.96
34033,3701
34034,3640.2
34035,3549.46
34036,3500.71
34037,3303.43
34038,3127.4
34039,3299.55
34040,3351.32
34041,3351.98
34042,3500.34
34043,3711.31
34044,3855.94
34045,4042.85
34046,4200.76
34047,4415.43
34048,4631.28
34049,4501.41
34050,5000.17
34051,10000
34052,10000
34053,10000
34054,10000
34055,10000
34056,10000
34057,10000
34058,10000
34059,10000
34060,10000
34061,5999.31
34062,5005.69
34063,3250.88
34064,2499.91
34065,3999.54
34066,3886.1
34067,3999.8
34068,4062.54
34069,3739.2
34070,3447.41
34071,3300.58
34072,3206.46
34073,2600
34074,2994.13
34075,2999.86
34076,2815.87
34077,2345.35
34078,2237.78
34079,2200.59
34080,2149.64
34081,2218.35
34082,2224.39
34083,2237.19
34084,2193.17
34085,2038.36
34086,2162.06
34087,2159.17
34088,1981.4
34089,1967.65
34090,1981.66
34091,2070.88
34092,2139.76
34093,1967.22
34094,1967.12
34095,1944.69
34096,1981.15
34097,1967.03
34098,2193.31
34099,2296.03
34100,2489.16
34101,3019.04
34102,3299.06
34103,3447.45
34104,3299.01
34105,3791.89
34106,3929.13
34107,3863.02
34108,3999.15
34109,4429.44
34110,6001.42
34111,7063.24
34112,9171.39
34113,10000
34114,10000
34115,9024.06
34116,5303.35
34117,4501.58
34118,4700.4
34119,4505.36
34120,4078.29
34121,3855.62
34122,3640.3
34123,5001.99
34124,4956.08
34125,4065.58
34126,4042.44
34127,3863.83
34128,3819.94
34129,3447.68
34130,3549.87
34131,3254.26
34132,3127.43
34133,2814
34134,2699.14
34135,3127.6
34136,2999.45
34137,3510.63
34138,3617.25
34139,3714.6
34140,3770.82
34141,3770.94
34142,3898.53
34143,3898.87
34144,3999.85
34145,4001.37
34146,4489.82
34147,4784.9
34148,5303.22
34149,8701.97
34150,10000
34151,10000
34152,10000
34153,10000
34154,10000
34155,10000
34156,10000
34157,5003.45
34158,5003.41
34159,5205.48
34160,4844
34161,3689.43
34162,3689.17
34163,3698.6
34164,3701.74
34165,3376.35
34166,3376.28
34167,3307.2
34168,3303.61
34169,3000.64
34170,3085.7
34171,2700.06
34172,2617.13
34173,2500.81
34174,2539.08
34175,2072.29
34176,1980.07
34177,2345.95
34178,2800.19
34179,2999.78
34180,2994.53
34181,2565.97
34182,2519.61
34183,2345.19
34184,2265.93
34185,2302
34186,2265.51
34187,2265.63
34188,2265.7
34189,2265.33
34190,2225.16
34191,2300.56
34192,2300.55
34193,2265.24
34194,2225.78
34195,2345.36
34196,2700.28
34197,3546
34198,3698.86
34199,3500.69
34200,3610.93
34201,3775.13
34202,3969.94
34203,3898.29
34204,4245.31
34205,3930.42
34206,4000.58
34207,3999.99
34208,4210.21
34209,5000.89
34210,5000.66
34211,4450.71
34212,3999.88
34213,4115.18
34214,4101.5
34215,4631.28
34216,4284.32
34217,4351.72
34218,4125.3
34219,5004.91
34220,5000.57
34221,4291.72
34222,4351.67
34223,4115.46
34224,3988.52
34225,3447.54
34226,3299.23
34227,3698.43
34228,3640.5
34229,3300.5
34230,3400.04
34231,3139.54
34232,3139.64
34233,3254.94
34234,3200.72
34235,3403.04
34236,3770.01
34237,3770.67
34238,3775.48
34239,3898.52
34240,3988.42
34241,3898.36
34242,3907.66
34243,4565.24
34244,4800.12
34245,4500.46
34246,5000.94
34247,4800.95
34248,4265.34
34249,4500.04
34250,4200.83
34251,3999.9
34252,3802.26
34253,3100.28
34254,2999.49
34255,3308.01
34256,3400.47
34257,3299.17
34258,3305.01
34259,3640.26
34260,3617.91
34261,3699.11
34262,3639.58
34263,3617.16
34264,3200.67
34265,2843.09
34266,2823.56
34267,2110.74
34268,1999.08
34269,1967.18
34270,1912.95
34271,1750.07
34272,1655.7
34273,2260.43
34274,2100.7
34275,2345.46
34276,2265.93
34277,2265.55
34278,2265.6
34279,2099.79
34280,2099.02
34281,2099.78
34282,2260.29
34283,2225.88
34284,2265.17
34285,2225.72
34286,2210.14
34287,2250.05
34288,2225
34289,2225.38
34290,2231.08
34291,2159.96
34292,2401.85
34293,2900.31
34294,3127.54
34295,3000.73
34296,2932.14
34297,3739.83
34298,3855.69
34299,4042.05
34300,3999.75
34301,4500.79
34302,5090.54
34303,10000
34304,10000
34305,10000
34306,10000
34307,10000
34308,10000
34309,10000
34310,10000
34311,7499.71
34312,6005.8
34313,5499.43
34314,5303.93
34315,5500.55
34316,5499.61
34317,5005.76
34318,4999.95
34319,5000.02
34320,4631.28
34321,4351.12
34322,4115.24
34323,3770.92
34324,3750.13
34325,3376.46
34326,3376.3
34327,3705.54
34328,3770.3
34329,3770.1
34330,3770.8
34331,3886.3
34332,4145.06
34333,4501.71
34334,4801.09
34335,4999.73
34336,5298.21
34337,5300.24
34338,5999.6
34339,10000
34340,10000
34341,10000
34342,10000
34343,10000
34344,10000
34345,10000
34346,10000
34347,10000
34348,10000
34349,10000
34350,10000
34351,5499.83
34352,5208.49
34353,4265.65
34354,4265.25
34355,3990.65
34356,3800.76
34357,4228.25
34358,3999.68
34359,3770.68
34360,3300.19
34361,3376.01
34362,3376.39
34363,3127.63
34364,2900.97
34365,2345.11
34366,2345.22
34367,2282.61
34368,2162.85
34369,1611.97
34370,1570.75
34371,2159.68
34372,2072.71
34373,2200.9
34374,2012.94
34375,1967.43
34376,1944.56
34377,1967.85
34378,1981.25
34379,2012.9
34380,2010.38
34381,2000.95
34382,2000.09
34383,1706.47
34384,1571
34385,1570.41
34386,1944.41
34387,1739.33
34388,1570.99
34389,2300.45
34390,3000.72
34391,3447.79
34392,3500.14
34393,3349.6
34394,3355.67
34395,3510.7
34396,3775.94
34397,4010.2
34398,4805.4
34399,9078.03
34400,9998.57
34401,10000
34402,10000
34403,10000
34404,10000
34405,10000
34406,10000
34407,10000
34408,10000
34409,10000
34410,10000
34411,10000
34412,9010.05
34413,5500.04
34414,5499.27
34415,4500.65
34416,4299.27
34417,3519.62
34418,3200.31
34419,3200.54
34420,3001.03
34421,2750.57
34422,2750.76
34423,2448.97
34424,2500.04
34425,2750.18
34426,2900.5
34427,3050.19
34428,3200.75
34429,3898.49
34430,3988.64
34431,4415.61
34432,4205.4
34433,4291.67
34434,4806.16
34435,5303.41
34436,6000.29
34437,9998.14
34438,10000
34439,10000
34440,10000
34441,10000
34442,10000
34443,10000
34444,10000
34445,10000
34446,5999.46
34447,4499.01
34448,3549.56
34449,3250.34
34450,3772.51
34451,3898.6
34452,3900
34453,3700.3
34454,3603.28
34455,3251.79
34456,2973.14
34457,2399.98
34458,2345.11
34459,2345.55
34460,2393.15
34461,2455.5
34462,2352.5
34463,2699.72
34464,2352.07
34465,1983.69
34466,2072.23
34467,2159.88
34468,2038.78
34469,2000.44
34470,1846.15
34471,1520.61
34472,1448.19
34473,1317.97
34474,1417.09
34475,1570.15
34476,1570.27
34477,1750.5
34478,1944.58
34479,1739.08
34480,1739.13
34481,1440.11
34482,1429.6
34483,1484.35
34484,1570.07
34485,2263.75
34486,2900.05
34487,3249.44
34488,3090.98
34489,3640.56
34490,3929.69
34491,4115.23
34492,4500.94
34493,3855.14
34494,4429.83
34495,4510.27
34496,4005.15
34497,4026.27
34498,4146.99
34499,5500.21
34500,6005.43
34501,10000
34502,10000
34503,6999.71
34504,6005.68
34505,5300.86
34506,4893.03
34507,6001.81
34508,5500.17
34509,5446.18
34510,4505.05
34511,4499.5
34512,4351.42
34513,3898.97
34514,3863.61
34515,3750.78
34516,3640.74
34517,2999.86
34518,2999.5
34519,3300.54
34520,3299.01
34521,3500.28
34522,3500.5
34523,3510.81
34524,3689.32
34525,4042.45
34526,4291.28
34527,4115.45
34528,4495.86
34529,4429.48
34530,5500.51
34531,6005.53
34532,9010.35
34533,6005.61
34534,10000
34535,10000
34536,10000
34537,10000
34538,10000
34539,9999.73
34540,5700.57
34541,2999.68
34542,3000.28
34543,3969.6
34544,3863.54
34545,3898.05
34546,3863.5
34547,3499.9
34548,3225.82
34549,2999.05
34550,3019.99
34551,2263.49
34552,1640.38
34553,2345.6
34554,2400.65
34555,2500.93
34556,2345.64
34557,1802.4
34558,1750.58
34559,1512.37
34560,989.47
34561,1967.29
34562,1967.28
34563,2237.93
34564,2237.68
34565,2059.16
34566,1967.79
34567,2059.87
34568,1981.24
34569,1800.17
34570,1752.2
34571,1944.36
34572,1944.8
34573,1944.44
34574,1944.99
34575,1967.94
34576,1949.24
34577,1981.37
34578,1981.07
34579,1739.8
34580,2218.46
34581,2814.64
34582,3000.76
34583,3617.46
34584,3500.5
34585,3750.55
34586,3510.25
34587,3167.54
34588,3750.16
34589,4358.51
34590,5000.08
34591,5000.77
34592,5002.84
34593,9998.31
34594,10000
34595,10000
34596,10000
34597,10000
34598,10000
34599,10000
34600,10000
34601,10000
34602,9010.39
34603,10000
34604,7010.83
34605,5500.99
34606,5499.3
34607,5000.61
34608,5000.04
34609,4300.24
34610,4042.07
34611,3775.2
34612,3739.06
34613,2998.8
34614,2998.96
34615,3507.38
34616,3599.3
34617,3500.69
34618,3775.18
34619,3969.11
34620,4145
34621,4265.83
34622,4450.7
34623,4010.33
34624,4143.19
34625,4429.1
34626,4800.42
34627,4663.72
34628,5999.87
34629,7220
34630,10000
34631,10000
34632,10000
34633,10000
34634,10000
34635,5999.34
34636,5718
34637,4003.68
34638,3999.47
34639,3999.07
34640,3417.75
34641,3616
34642,3510.56
34643,3539.12
34644,3500.3
34645,2899.61
34646,2899.55
34647,2699.71
34648,1819.62
34649,2808.13
34650,2950.16
34651,2900.7
34652,2994.35
34653,2900.85
34654,2403.76
34655,2225.37
34656,1831.7
34657,1944.11
34658,2038.28
34659,2237.15
34660,2218.63
34661,2218.15
34662,2193.22
34663,2159.07
34664,2038.32
34665,1944.61
34666,1967.67
34667,1944.6
34668,1981.09
34669,1981.34
34670,1967.91
34671,1967.18
34672,1944.42
34673,1739.43
34674,1739.43
34675,1738.5
34676,1967.05
34677,2160.59
34678,2800.99
34679,3090
34680,3206.56
34681,3127.9
34682,3403.65
34683,3351.4
34684,3863.02
34685,3500.44
34686,3640.67
34687,3640.96
34688,4146.03
34689,4145.41
34690,4250.53
34691,4598.45
34692,4598.47
34693,5500.89
34694,6000.97
34695,5210.29
34696,5000.83
34697,4567
34698,4252.94
34699,4291.79
34700,4284.15
34701,4062.25
34702,3863.43
34703,3620.93
34704,3620.53
34705,2930.69
34706,2884.58
34707,2842.42
34708,2843.15
34709,2448.35
34710,2448.33
34711,2999.7
34712,3000.22
34713,3413.08
34714,3500.96
34715,3167.74
34716,3417.72
34717,3417.2
34718,3600.23
34719,3580.58
34720,3705.7
34721,2940.06
34722,2800.73
34723,2248.79
34724,2199.58
34725,3890.89
34726,4100.17
34727,4284.65
34728,3999.02
34729,4000.82
34730,5300.86
34731,3999.99
34732,3705.31
34733,2687.37
34734,2600.11
34735,2800.79
34736,3278.46
34737,3999.78
34738,3999.81
34739,3376.25
34740,2999.93
34741,2969.4
34742,2823.08
34743,2008.51
34744,1699.65
34745,1569.15
34746,1569.22
34747,1802.52
34748,1960.5
34749,1568.66
34750,1499.92
34751,1328.25
34752,1099.19
34753,1967.43
34754,1944.03
34755,1967.66
34756,1967.62
34757,1739.2
34758,1677
34759,1350.53
34760,1317.71
34761,1512.6
34762,1429.28
34763,1220.02
34764,999.86
34765,799.95
34766,800
34767,999.26
34768,999.34
34769,799.99
34770,999.48
34771,1220.45
34772,1499.24
34773,1263.75
34774,1800.7
34775,1739.83
34776,1739.75
34777,2345.03
34778,2814.59
34779,2237.47
34780,2994.55
34781,2375.2
34782,2994.7
34783,3417.17
34784,3539.77
34785,3249.37
34786,3090.99
34787,1999.41
34788,2800.98
34789,3640.31
34790,3090.71
34791,3989.64
34792,3705.13
34793,2800.63
34794,2800.19
34795,2557.27
34796,2240.76
34797,3020.58
34798,3310.94
34799,3127.48
34800,3206.55
34801,2850.52
34802,2823.99
34803,2334.06
34804,1500.56
34805,2010.62
34806,1981.31
34807,2159.43
34808,2159.37
34809,919.64
34810,919.71
34811,779.74
34812,779.86
34813,1706.89
34814,2500.95
34815,2375.9
34816,3000.67
34817,1500.65
34818,2630.37
34819,3560.28
34820,3863.6
34821,3220.72
34822,3250.12
34823,3705.5
34824,3500.42
34825,5000.12
34826,5056.68
34827,5056.76
34828,4145.53
34829,4291.1
34830,4351.59
34831,3778.46
34832,3199.68
34833,2519.68
34834,3010.36
34835,3510.87
34836,3510.3
34837,3299.31
34838,3347.2
34839,3299.74
34840,2999.94
34841,2224.77
34842,2072.93
34843,2352.21
34844,2900.75
34845,3000.65
34846,3000.08
34847,2334.17
34848,2193.83
34849,2265.95
34850,2334.16
34851,2334.48
34852,2265.75
34853,2225.63
34854,2218.53
34855,2313.49
34856,2313.89
34857,2519.39
34858,2519.5
34859,2539.5
34860,2520.24
34861,2403.32
34862,2345.92
34863,2403.27
34864,2345.44
34865,2263.34
34866,2265.82
34867,2334.19
34868,2345.35
34869,3206.37
34870,3620.86
34871,3705.2
34872,3500.83
34873,3552.38
34874,3555.4
34875,3400.54
34876,3640.91
34877,3585.26
34878,3775.59
34879,3775.38
34880,3900.97
34881,3929.49
34882,4208.87
34883,4000.95
34884,3999.49
34885,4244.39
34886,4244.22
34887,3969.27
34888,3687.57
34889,2441.42
34890,1999.39
34891,2328.55
34892,2300.84
34893,3050.95
34894,3275.65
34895,3376.98
34896,3127.86
34897,3020.91
34898,2800.89
34899,2519.33
34900,2344.35
34901,1599.37
34902,1599.46
34903,1599.79
34904,1967.99
34905,1599.55
34906,1967.04
34907,1100.55
34908,1944.95
34909,2059.17
34910,2799.92
34911,2799.56
34912,2956.46
34913,3610.45
34914,3770.89
34915,3791.54
34916,4188.02
34917,4241.12
34918,4042.15
34919,3929.05
34920,3900.42
34921,5165.62
34922,5298.57
34923,4750.31
34924,4291.41
34925,3999.24
34926,4000.37
34927,4210.66
34928,3999.21
34929,3999.04
34930,3863.99
34931,3539.68
34932,3206.53
34933,3300.97
34934,3303.86
34935,3575
34936,3305.16
34937,2771.07
34938,2575.3
34939,2797.31
34940,2800.08
34941,2800.08
34942,2797.47
34943,2593.76
34944,2529.62
34945,2225.37
34946,2120.25
34947,2345.46
34948,2345.35
34949,2225.84
34950,2099.11
34951,1739.03
34952,1520.04
34953,1944.8
34954,1967.88
34955,1739.14
34956,1699.6
34957,1654.94
34958,1706.22
34959,1739.79
34960,1654.6
34961,1739.81
34962,2038.11
34963,2193.86
34964,2345.97
34965,2550.82
34966,2660.44
34967,2800.22
34968,2800.29
34969,3027.8
34970,3200.86
34971,3090.05
34972,3750.15
34973,3863.22
34974,4200.35
34975,4291.99
34976,4500.09
34977,5056.78
34978,5750.89
34979,5500.88
34980,5500.89
34981,8296.94
34982,8102.3
34983,9297.39
34984,5303.55
34985,5000.72
34986,4621.24
34987,4351.13
34988,3800.3
34989,3863.21
34990,3949
34991,3400.58
34992,3220.98
34993,2519.9
34994,2519.27
34995,2246.17
34996,2261
34997,2193.32
34998,2375.24
34999,2334.09
35000,2263.43
35001,1748.76
35002,1748.79
35003,2800.43
35004,3167.89
35005,3200.91
35006,3100.54
35007,2910.52
35008,3206.29
35009,3510.89
35010,3863.21
35011,4501.67
35012,8855.19
35013,5444.05
35014,10000
35015,10000
35016,10000
35017,10000
35018,10000
35019,10000
35020,10000
35021,10000
35022,10000
35023,5001.06
35024,4368.47
35025,4265.1
35026,4501.33
35027,4145.66
35028,3898.62
35029,3714.94
35030,3762.13
35031,3714.58
35032,3714.05
35033,3273.33
35034,3299.69
35035,3376.29
35036,3317.93
35037,3085.05
35038,3085.13
35039,3090.31
35040,2994.16
35041,2550.34
35042,2554
35043,2814
35044,2800.09
35045,2586.07
35046,2519.35
35047,2296.67
35048,2265.72
35049,2254.67
35050,2225.5
35051,2159.39
35052,2159.93
35053,2224.2
35054,2225.18
35055,2224.72
35056,2224.9
35057,2265.58
35058,2345.8
35059,2401.06
35060,2994.64
35061,3090.93
35062,3300.67
35063,3355.8
35064,3376.07
35065,2799.41
35066,2999.03
35067,2224.72
35068,3261.32
35069,3650.16
35070,4001.23
35071,4450.32
35072,4500.6
35073,4805.66
35074,5002.67
35075,4800.45
35076,4805.26
35077,5298.98
35078,5000.7
35079,5503.47
35080,4512.8
35081,3720.13
35082,3377.96
35083,3261.6
35084,3310.22
35085,3261.44
35086,3320.52
35087,3377.05
35088,3250.35
35089,3301
35090,3200.98
35091,2500.53
35092,2500.01
35093,2237.05
35094,2234.8
35095,2400.87
35096,2617.98
35097,2800.16
35098,2929.82
35099,2797.9
35100,2977.76
35101,2800.14
35102,3020.68
35103,3780.25
35104,3780.92
35105,3640.92
35106,4042.07
35107,4000.59
35108,4904.78
35109,4499.97
35110,5112.2
35111,10000
35112,10000
35113,10000
35114,10000
35115,10000
35116,10000
35117,10000
35118,10000
35119,5006.62
35120,4499.27
35121,3720.41
35122,4085.39
35123,4210.98
35124,4060.81
35125,3863.09
35126,3739.33
35127,3705.14
35128,3251.31
35129,2420.29
35130,2999.25
35131,3167.62
35132,3167.68
35133,2500.98
35134,2510.95
35135,2994.71
35136,2900.72
19103,10000
19104,10000
