*Interval,Price (Rs./MWh)
1,2994.33
2,2900.35
3,2565.79
4,2539.25
5,2599.25
6,2565.64
7,2345.87
8,2345.14
9,2232.67
10,2100.99
11,2012.12
12,2109.58
13,2218.71
14,2237.32
15,2263.24
16,2265.21
17,2334.27
18,2345.08
19,2539.16
20,2950.32
21,3085.68
22,3090.19
23,3167.1
24,3167.97
25,3447.19
26,3617.77
27,3302.0
28,3501.64
29,2375.26
30,3410.57
31,3921.58
32,3999.84
33,3640.54
34,3501.63
35,3855.37
36,3863.43
37,4474.08
38,4621.58
39,4474.47
40,4100.7
41,3837.38
42,3510.1
43,3500.99
44,3401.22
45,2800.89
46,2969.63
47,2750.12
48,2300.46
49,3020.2
50,3085.31
51,2969.59
52,2273.1
53,1448.2
54,1448.53
55,924.51
56,924.48
57,919.26
58,999.75
59,924.79
60,1599.63
61,2334.27
62,2975.9
63,2800.65
64,2811.58
65,3200.81
66,3640.27
67,3999.7
68,4299.33
69,3720.05
70,3590.17
71,3999.86
72,4099.66
73,5298.68
74,5500.7
75,5056.13
76,4890.47
77,3999.1
78,3700.25
79,3564.8
80,3400.89
81,2800.18
82,2789.26
83,3539.12
84,3600.33
85,3363.74
86,3363.81
87,3320.93
88,3119.33
89,2994.79
90,2789.73
91,2789.33
92,2800.43
93,2251.71
94,2225.93
95,2345.34
96,2225.79
97,2345.47
98,2565.0
99,2265.31
100,2234.07
101,2224.29
102,2099.22
103,1967.14
104,1967.22
105,1700.72
106,1499.32
107,1700.45
108,1700.41
109,1807.59
110,1944.29
111,1944.24
112,1944.56
113,1944.94
114,1967.1
115,2100.88
116,2237.94
117,2799.89
118,3414.04
119,2799.26
120,2994.35
121,2539.03
122,3775.84
123,3279.61
124,3090.71
125,3200.73
126,3863.55
127,4361.46
128,4598.47
129,4567.78
130,4598.12
131,4598.71
132,4900.19
133,5500.9
134,5000.62
135,4890.16
136,4095.96
137,3850.27
138,3020.34
139,3090.5
140,2830.92
141,3310.38
142,3167.6
143,3167.69
144,3085.12
145,2969.73
146,2800.01
147,2539.36
148,2225.91
149,2500.7
150,2539.93
151,2237.69
152,2240.41
153,1199.11
154,1199.69
155,1249.78
156,2218.74
157,2539.55
158,2800.12
159,2500.01
160,2500.58
161,3759.52
162,3999.59
163,4291.96
164,5001.88
165,4500.81
166,5056.38
167,9999.09
168,10000.0
169,10000.0
170,10000.0
171,10000.0
172,10000.0
173,10000.0
174,10000.0
175,9172.0
176,4800.41
177,5298.64
178,4600.89
179,4291.89
180,3969.86
181,3969.15
182,3886.52
183,3750.39
184,3739.26
185,2999.86
186,3100.56
187,3090.49
188,3059.62
189,2928.8
190,2874.0
191,2800.05
192,2572.5
193,2800.33
194,3127.24
195,2865.74
196,2684.42
197,2550.56
198,2400.1
199,2315.28
200,2265.73
201,2345.13
202,2334.65
203,2334.79
204,2334.21
205,2261.23
206,2249.59
207,2334.48
208,2345.94
209,2344.93
210,2375.11
211,2406.91
212,2410.07
213,2818.69
214,3090.2
215,3090.98
216,3299.57
217,3510.43
218,3802.23
219,4094.87
220,4291.61
221,4265.3
222,5500.74
223,6005.95
224,10000.0
225,10000.0
226,10000.0
227,10000.0
228,10000.0
229,10000.0
230,10000.0
231,4849.49
232,4499.85
233,4291.2
234,3863.16
235,3687.41
236,3549.2
237,3855.12
238,3687.66
239,3549.79
240,3200.4
241,2843.46
242,3090.41
243,3090.55
244,3020.83
245,2799.3
246,2519.35
247,2799.4
248,2994.32
249,2999.4
250,2846.41
251,2799.45
252,2999.44
253,2994.53
254,2999.92
255,3350.37
256,3750.94
257,3564.72
258,4062.2
259,4093.88
260,4621.46
261,5303.38
262,5500.63
263,10000.0
264,10000.0
265,10000.0
266,10000.0
267,10000.0
268,10000.0
269,10000.0
270,10000.0
271,10000.0
272,10000.0
273,9999.18
274,5298.48
275,4420.32
276,3999.3
277,3739.41
278,3759.12
279,3739.72
280,3759.96
281,3447.03
282,3447.72
283,3447.3
284,3400.41
285,3100.43
286,2950.25
287,3167.09
288,3254.57
289,2818.92
290,2843.72
291,2994.56
292,2999.33
293,2818.85
294,2579.36
295,2345.78
296,2224.96
297,2186.54
298,2186.97
299,2334.05
300,2334.7
301,2273.97
302,2224.7
303,2159.9
304,2200.33
305,2345.66
306,2563.96
307,3167.34
308,3167.97
309,3300.01
310,3447.95
311,3689.32
312,3689.75
313,3969.08
314,4287.97
315,4625.45
316,5200.13
317,6000.11
318,10000.0
319,10000.0
320,10000.0
321,10000.0
322,10000.0
323,10000.0
324,10000.0
325,9910.03
326,7999.18
327,4351.12
328,4000.37
329,3687.02
330,3687.99
331,3501.03
332,3350.38
333,3001.99
334,3090.83
335,3502.0
336,3447.88
337,3401.98
338,3401.12
339,3300.58
340,3090.85
341,1200.96
342,1200.82
343,900.82
344,900.83
345,2700.99
346,3072.8
347,3000.22
348,2900.41
349,3090.75
350,3090.94
351,3350.76
352,3500.53
353,3999.86
354,4501.18
355,4878.91
356,5500.74
357,9910.28
358,10000.0
359,10000.0
360,10000.0
361,10000.0
362,10000.0
363,10000.0
364,10000.0
365,10000.0
366,10000.0
367,10000.0
368,10000.0
369,9010.77
370,5499.58
371,4853.16
372,4500.95
373,4325.97
374,3863.21
375,3837.59
376,3837.05
377,3739.63
378,3791.15
379,3770.45
380,3687.87
381,3324.27
382,3210.17
383,3324.12
384,2994.83
385,2818.02
386,2818.88
387,2994.26
388,3000.84
389,2994.87
390,2994.58
391,2994.49
392,2994.09
393,2950.83
394,2599.96
395,2599.51
396,2599.81
397,2565.76
398,2545.15
399,2555.64
400,2565.29
401,2599.07
402,2818.55
403,2818.5
404,2994.38
405,3206.61
406,3299.05
407,3770.1
408,3791.44
409,4000.56
410,4093.48
411,4115.81
412,4355.25
413,3863.06
414,4450.69
415,5001.76
416,5001.58
417,4864.8
418,4450.69
419,5298.1
420,4600.79
421,4849.14
422,4725.84
423,4725.55
424,4098.23
425,4228.22
426,3739.85
427,3687.01
428,3238.17
429,3249.01
430,3090.97
431,3500.11
432,3119.34
433,2690.67
434,2752.68
435,1690.32
436,1300.86
437,2000.42
438,2000.12
439,2050.06
440,1220.57
441,2500.23
442,2522.09
443,3127.58
444,3500.5
445,2999.53
446,2575.18
447,2500.21
448,3000.91
449,3534.87
450,3775.99
451,3999.69
452,4469.38
453,4390.31
454,4417.52
455,4093.05
456,4009.85
457,6006.15
458,7950.49
459,5505.42
460,5505.2
461,5298.09
462,5001.69
463,4784.07
464,4244.84
465,4042.34
466,3969.58
467,3687.23
468,3400.72
469,2999.64
470,2797.94
471,3299.23
472,3200.25
473,3068.5
474,3068.97
475,3100.99
476,3000.98
477,2797.61
478,2300.19
479,1999.54
480,1498.33
481,2406.67
482,2344.47
483,2406.37
484,2406.55
485,2345.16
486,2265.44
487,2225.37
488,2218.65
489,2218.45
490,2100.23
491,2061.7
492,2040.94
493,2040.17
494,2040.54
495,2040.86
496,2000.06
497,1944.95
498,2000.81
499,2100.94
500,2345.32
501,2345.99
502,2800.73
503,2818.83
504,3008.42
505,2999.42
506,3640.23
507,3750.87
508,4005.84
509,3950.13
510,4450.98
511,5500.98
512,5944.0
513,5005.36
514,6005.28
515,7631.05
516,5500.95
517,9008.78
518,9008.32
519,6230.91
520,5056.84
521,4849.68
522,4325.13
523,3999.44
524,3720.89
525,3700.26
526,3510.87
527,3999.63
528,3929.43
529,3401.0
530,3549.91
531,3270.0
532,3200.83
533,1999.75
534,1999.13
535,2237.12
536,2345.48
537,2838.0
538,3119.51
539,3608.2
540,3624.55
541,3564.38
542,3400.86
543,3119.91
544,3500.33
545,3557.19
546,3999.47
547,4510.39
548,10000.0
549,10000.0
550,10000.0
551,10000.0
552,10000.0
553,10000.0
554,10000.0
555,10000.0
556,10000.0
557,10000.0
558,10000.0
559,10000.0
560,10000.0
561,5005.75
562,4069.58
563,3800.76
564,3663.28
565,3640.82
566,3606.48
567,3687.12
568,3400.9
569,2999.69
570,3008.01
571,2994.91
572,2994.22
573,2700.82
574,2475.8
575,2500.71
576,2500.54
577,2500.22
578,2533.95
579,2440.46
580,2263.64
581,2330.67
582,2237.78
583,2225.97
584,2040.91
585,2255.74
586,2265.47
587,2237.84
588,2252.32
589,2080.32
590,2218.62
591,2225.36
592,2225.51
593,2075.68
594,2099.57
595,2193.62
596,2334.53
597,3254.33
598,3565.77
599,3565.33
600,3617.68
601,3739.78
602,3929.13
603,4314.2
604,4469.49
605,5056.46
606,10000.0
607,10000.0
608,10000.0
609,10000.0
610,10000.0
611,10000.0
612,10000.0
613,10000.0
614,10000.0
615,10000.0
616,10000.0
617,7010.25
618,5001.2
619,4501.37
620,4329.57
621,3855.87
622,3840.88
623,3206.29
624,2969.42
625,3017.01
626,3119.0
627,3500.07
628,3300.13
629,2700.16
630,2334.85
631,2400.86
632,2890.3
633,3167.09
634,3000.06
635,3085.68
636,3090.61
637,3300.85
638,3300.06
639,3119.6
640,3127.31
641,3216.49
642,3863.79
643,4631.61
644,10000.0
645,10000.0
646,10000.0
647,10000.0
648,10000.0
649,10000.0
650,10000.0
651,10000.0
652,10000.0
653,10000.0
654,10000.0
655,10000.0
656,6993.36
657,4325.49
658,3800.03
659,4101.55
660,3930.02
661,3999.73
662,3886.98
663,3796.99
664,3600.36
665,3449.8
666,3442.37
667,3250.62
668,3191.28
669,2900.59
670,2700.76
671,2251.78
672,2251.12
673,2889.09
674,3003.73
675,3140.08
676,3040.3
677,2889.9
678,2519.67
679,2250.83
680,2080.73
681,2180.53
682,2224.0
683,2252.37
684,2180.29
685,2265.77
686,2265.63
687,2526.98
688,2519.87
689,2565.72
690,2843.02
691,3003.85
692,3090.05
693,3299.25
694,3250.06
695,3373.19
696,3167.81
697,3564.63
698,3564.81
699,4093.24
700,5000.75
701,10000.0
702,10000.0
703,10000.0
704,10000.0
705,10000.0
706,10000.0
707,10000.0
708,10000.0
709,10000.0
710,10000.0
711,5815.24
712,4546.87
713,4227.08
714,3805.23
715,3801.43
716,3600.84
717,3564.56
718,3549.82
719,3450.95
720,3155.22
721,3200.42
722,3179.04
723,3020.27
724,3008.58
725,2500.85
726,2104.73
727,2800.76
728,2889.34
729,2900.86
730,2800.8
731,2800.42
732,2958.78
733,3012.28
734,3280.39
735,3500.37
736,3706.07
737,3549.13
738,3800.68
739,4700.92
740,6063.73
741,5112.86
742,9999.32
743,10000.0
744,10000.0
745,10000.0
746,10000.0
747,10000.0
748,10000.0
749,10000.0
750,10000.0
751,10000.0
752,7000.22
753,4368.19
754,4093.9
755,4093.52
756,3905.62
757,3759.94
758,3564.52
759,3547.45
760,3400.07
761,3510.74
762,3510.89
763,3640.09
764,3573.66
765,3240.99
766,3040.8
767,2800.71
768,2500.5
769,2330.07
770,2519.27
771,2533.0
772,2265.6
773,2320.74
774,2265.38
775,2458.25
776,2458.45
777,2265.07
778,2265.77
779,2252.3
780,2180.77
781,2097.93
782,2118.84
783,2100.43
784,2097.56
785,2265.11
786,2265.08
787,2549.67
788,2458.54
789,3299.62
790,3510.76
791,3400.77
792,3564.92
793,3640.04
794,4360.18
795,4683.52
796,8004.39
797,10000.0
798,10000.0
799,10000.0
800,10000.0
801,10000.0
802,10000.0
803,10000.0
804,10000.0
805,10000.0
806,10000.0
807,6299.34
808,4999.17
809,5250.09
810,3874.87
811,3200.84
812,2499.77
813,2265.69
814,2752.67
815,3200.94
816,3373.48
817,3400.87
818,3510.06
819,3547.04
820,3400.01
821,2799.73
822,2580.85
823,1999.73
824,1999.65
825,2349.08
826,2860.41
827,3096.11
828,3190.35
829,3564.88
830,3564.39
831,3557.67
832,3564.98
833,3573.94
834,3999.7
835,4510.5
836,10000.0
837,10000.0
838,10000.0
839,10000.0
840,10000.0
841,10000.0
842,10000.0
843,10000.0
844,10000.0
845,10000.0
846,10000.0
847,10000.0
848,10000.0
849,7999.4
850,5446.67
851,5600.13
852,5250.64
853,3670.13
854,3739.23
855,3739.85
856,3585.05
857,3300.07
858,3510.63
859,3400.61
860,3373.47
861,3090.13
862,3179.22
863,3133.17
864,3085.76
865,2929.21
866,2884.21
867,2999.07
868,2999.13
869,2700.31
870,2583.45
871,2539.68
872,2519.77
873,2344.96
874,2526.34
875,2239.22
876,2239.08
877,2544.71
878,2534.52
879,2569.41
880,2595.64
881,2450.74
882,2599.86
883,2800.95
884,2832.13
885,3090.23
886,3573.17
887,3702.32
888,3706.96
889,3689.96
890,4501.42
891,5499.54
892,10000.0
893,10000.0
894,10000.0
895,10000.0
896,10000.0
897,10000.0
898,10000.0
899,10000.0
900,10000.0
901,10000.0
902,10000.0
903,10000.0
904,8008.75
905,8660.75
906,6525.5
907,3999.86
908,3640.76
909,4683.73
910,4683.44
911,4449.78
912,4227.45
913,3900.1
914,3844.7
915,3700.48
916,3599.19
917,3151.14
918,2999.82
919,3549.37
920,3549.39
921,3510.84
922,3640.46
923,3844.57
924,4037.46
925,4449.24
926,4853.56
927,6873.91
928,8005.19
929,10000.0
930,10000.0
931,10000.0
932,10000.0
933,10000.0
934,10000.0
935,10000.0
936,10000.0
937,10000.0
938,10000.0
939,10000.0
940,10000.0
941,10000.0
942,10000.0
943,10000.0
944,10000.0
945,10000.0
946,10000.0
947,10000.0
948,8999.09
949,5499.66
950,4762.31
951,3999.24
952,3550.9
953,3510.27
954,3702.35
955,3739.0
956,3653.23
957,3512.0
958,3261.57
959,3202.39
960,3200.96
961,2826.24
962,2818.27
963,2999.56
964,3003.37
965,2818.44
966,2818.9
967,3040.55
968,3003.18
969,2800.72
970,2700.08
971,2531.88
972,2519.42
973,2655.93
974,2539.04
975,2889.62
976,2940.0
977,2810.56
978,3040.35
979,3050.87
980,3179.31
981,3373.36
982,3565.64
983,3759.16
984,3834.31
985,4250.65
986,4785.65
987,10000.0
988,10000.0
989,10000.0
990,10000.0
991,10000.0
992,10000.0
993,10000.0
994,10000.0
995,10000.0
996,10000.0
997,10000.0
998,10000.0
999,10000.0
1000,10000.0
1001,10000.0
1002,9999.98
1003,9000.62
1004,6001.0
1005,5446.99
1006,5446.88
1007,4762.38
1008,4325.58
1009,4287.63
1010,3999.56
1011,4093.26
1012,3969.22
1013,3573.51
1014,3500.41
1015,3702.23
1016,3564.44
1017,3680.0
1018,3759.81
1019,4093.76
1020,4449.81
1021,4500.32
1022,4853.04
1023,5499.28
1024,10000.0
1025,10000.0
1026,10000.0
1027,10000.0
1028,10000.0
1029,10000.0
1030,10000.0
1031,10000.0
1032,10000.0
1033,10000.0
1034,10000.0
1035,10000.0
1036,10000.0
1037,10000.0
1038,10000.0
1039,10000.0
1040,10000.0
1041,10000.0
1042,10000.0
1043,5499.95
1044,4853.31
1045,4762.1
1046,4500.6
1047,3999.46
1048,3653.29
1049,3050.08
1050,2999.3
1051,3299.34
1052,3200.93
1053,3500.02
1054,3500.59
1055,3650.32
1056,3564.64
1057,3100.64
1058,3040.29
1059,3050.48
1060,3040.8
1061,2900.69
1062,2889.83
1063,2799.22
1064,2799.37
1065,2556.98
1066,2522.35
1067,2700.36
1068,2818.99
1069,2818.75
1070,2818.2
1071,2599.91
1072,2599.52
1073,2892.2
1074,3040.67
1075,3179.72
1076,3447.64
1077,3686.41
1078,3710.02
1079,3999.21
1080,3893.16
1081,4287.5
1082,4483.27
1083,4152.14
1084,3999.57
1085,4000.92
1086,4510.23
1087,5500.01
1088,5500.77
1089,5432.06
1090,5300.3
1091,5250.4
1092,5000.93
1093,10000.0
1094,10000.0
1095,10000.0
1096,10000.0
1097,6999.29
1098,6300.17
1099,5600.87
1100,4999.72
1101,4445.09
1102,4329.14
1103,3771.98
1104,3547.53
1105,3530.83
1106,3500.38
1107,3547.05
1108,3470.56
1109,2740.27
1110,2599.03
1111,2558.03
1112,2889.28
1113,3003.4
1114,3040.98
1115,3000.44
1116,3191.58
1117,3599.32
1118,3710.69
1119,3759.38
1120,3819.09
1121,3624.25
1122,3710.52
1123,4005.6
1124,4510.07
1125,4228.49
1126,4547.56
1127,3706.5
1128,3999.78
1129,5600.32
1130,7999.92
1131,10000.0
1132,8000.98
1133,4725.98
1134,4019.39
1135,3999.14
1136,3999.24
1137,3573.87
1138,3502.47
1139,3502.79
1140,3099.96
1141,3301.0
1142,2118.48
1143,2999.05
1144,2062.75
1145,2255.48
1146,2600.23
1147,2800.1
1148,2655.18
1149,2700.88
1150,2565.95
1151,2180.25
1152,1999.95
1153,2079.96
1154,2180.45
1155,2180.54
1156,2097.53
1157,2090.1
1158,2079.89
1159,2040.05
1160,1999.36
1161,2046.47
1162,2000.26
1163,1933.74
1164,1933.26
1165,1750.81
1166,1661.94
1167,1824.81
1168,1811.98
1169,2079.21
1170,2097.45
1171,2079.5
1172,2090.83
1173,2330.1
1174,2800.25
1175,2826.48
1176,2953.81
1177,3200.82
1178,3540.23
1179,3573.13
1180,3750.24
1181,4094.99
1182,5602.38
1183,10000.0
1184,10000.0
1185,10000.0
1186,10000.0
1187,10000.0
1188,10000.0
1189,10000.0
1190,10000.0
1191,10000.0
1192,10000.0
1193,10000.0
1194,10000.0
1195,10000.0
1196,10000.0
1197,10000.0
1198,7002.12
1199,5432.27
1200,4325.7
1201,3594.5
1202,3549.4
1203,3549.12
1204,3573.25
1205,3240.99
1206,3179.65
1207,3479.62
1208,3549.26
1209,3300.85
1210,3126.22
1211,3012.42
1212,3201.61
1213,3040.53
1214,3102.1
1215,3000.79
1216,3000.93
1217,2850.51
1218,3030.51
1219,3720.67
1220,5432.73
1221,5450.8
1222,5501.69
1223,5301.64
1224,5600.05
1225,10000.0
1226,10000.0
1227,10000.0
1228,10000.0
1229,10000.0
1230,10000.0
1231,4519.4
1232,4000.93
1233,2929.3
1234,2890.97
1235,3470.18
1236,3470.54
1237,3512.46
1238,3502.27
1239,3470.93
1240,3200.69
1241,3003.49
1242,3003.79
1243,3050.48
1244,2999.43
1245,2500.36
1246,2499.07
1247,2230.6
1248,2090.57
1249,2826.65
1250,2900.07
1251,2621.59
1252,2401.53
1253,2180.67
1254,2230.18
1255,2090.23
1256,2062.64
1257,1940.99
1258,2062.92
1259,2062.56
1260,2079.55
1261,1940.21
1262,1933.65
1263,1940.85
1264,1940.74
1265,2150.38
1266,2580.4
1267,2889.65
1268,3003.96
1269,3220.25
1270,3300.7
1271,3040.7
1272,3050.47
1273,3573.7
1274,3752.61
1275,4019.55
1276,4250.36
1277,4487.37
1278,5600.51
1279,7008.09
1280,8000.27
1281,9999.0
1282,10000.0
1283,10000.0
1284,10000.0
1285,10000.0
1286,10000.0
1287,10000.0
1288,10000.0
1289,5432.21
1290,3706.07
1291,2999.25
1292,2702.0
1293,2800.24
1294,2800.57
1295,2700.76
1296,2611.85
1297,1999.78
1298,1999.27
1299,999.93
1300,999.98
1301,499.86
1302,499.79
1303,1500.54
1304,1580.66
1305,1933.7
1306,1934.0
1307,2461.09
1308,2538.91
1309,1940.05
1310,2062.41
1311,2012.2
1312,2800.33
1313,2800.33
1314,2855.54
1315,3050.09
1316,3549.35
1317,3549.62
1318,3600.71
1319,3099.81
1320,3706.25
1321,4499.15
1322,4762.61
1323,4725.46
1324,4725.88
1325,3917.65
1326,3599.29
1327,3549.99
1328,3653.25
1329,3470.93
1330,3417.34
1331,3040.84
1332,3000.68
1333,3003.94
1334,3250.62
1335,3040.15
1336,3001.12
1337,2319.46
1338,2969.91
1339,2545.89
1340,2206.53
1341,1757.0
1342,1338.95
1343,1338.93
1344,1165.35
1345,1010.15
1346,1043.69
1347,1500.14
1348,1125.3
1349,1395.5
1350,1395.7
1351,1656.01
1352,1520.28
1353,1656.33
1354,1656.25
1355,1656.55
1356,1656.64
1357,1600.19
1358,1580.7
1359,1656.03
1360,1656.22
1361,1729.17
1362,2040.2
1363,2265.2
1364,2453.95
1365,2499.23
1366,2628.09
1367,3240.0
1368,3470.69
1369,3156.84
1370,3470.56
1371,3470.7
1372,3506.82
1373,3419.73
1374,4000.51
1375,5487.14
1376,9389.6
1377,10000.0
1378,10000.0
1379,10000.0
1380,10000.0
1381,10000.0
1382,10000.0
1383,6501.89
1384,4999.64
1385,3400.11
1386,3000.18
1387,3599.75
1388,3400.1
1389,3573.75
1390,3573.38
1391,3259.03
1392,3050.6
1393,2700.63
1394,2596.89
1395,2999.25
1396,2969.15
1397,1748.36
1398,1499.79
1399,2799.01
1400,3000.19
1401,2900.13
1402,3000.12
1403,2967.5
1404,3000.71
1405,2799.62
1406,2799.8
1407,2799.53
1408,3000.19
1409,3000.88
1410,3005.92
1411,3150.31
1412,3837.84
1413,3900.95
1414,4329.26
1415,4762.68
1416,5203.06
1417,7005.02
1418,10000.0
1419,10000.0
1420,10000.0
1421,6736.81
1422,5000.44
1423,4100.0
1424,3859.61
1425,4037.08
1426,3999.26
1427,4037.03
1428,3874.99
1429,3874.45
1430,3599.13
1431,3573.36
1432,3500.9
1433,2715.77
1434,2715.29
1435,3350.79
1436,3470.17
1437,2999.39
1438,2969.47
1439,2800.22
1440,2800.1
1441,2097.62
1442,2252.25
1443,2535.4
1444,2265.32
1445,2510.88
1446,2265.57
1447,2519.9
1448,2355.82
1449,2097.52
1450,2199.69
1451,2062.85
1452,2062.56
1453,2062.67
1454,2074.15
1455,2024.79
1456,2062.73
1457,2062.01
1458,2118.77
1459,2255.1
1460,2539.75
1461,2889.89
1462,3050.5
1463,3040.53
1464,3034.63
1465,3573.82
1466,3653.01
1467,4341.9
1468,4499.51
1469,5000.26
1470,10000.0
1471,10000.0
1472,10000.0
1473,10000.0
1474,10000.0
1475,10000.0
1476,10000.0
1477,10000.0
1478,10000.0
1479,10000.0
1480,10000.0
1481,4804.43
1482,4227.66
1483,3752.19
1484,3502.22
1485,3310.48
1486,3019.16
1487,3000.57
1488,3000.99
1489,3249.45
1490,3200.4
1491,3000.03
1492,3000.43
1493,2275.73
1494,2275.01
1495,2401.07
1496,2525.36
1497,2800.33
1498,2818.51
1499,2889.12
1500,3000.33
1501,2800.88
1502,3040.24
1503,3479.14
1504,3564.14
1505,3564.69
1506,3999.86
1507,4227.03
1508,4853.79
1509,4159.15
1510,5505.76
1511,10000.0
1512,10000.0
1513,10000.0
1514,10000.0
1515,10000.0
1516,10000.0
1517,10000.0
1518,10000.0
1519,10000.0
1520,8807.62
1521,4487.12
1522,4227.47
1523,4487.42
1524,4101.72
1525,3759.54
1526,3739.38
1527,3819.28
1528,3599.82
1529,3448.57
1530,3506.17
1531,3479.43
1532,3417.27
1533,3085.09
1534,3040.72
1535,2800.53
1536,2715.95
1537,2600.7
1538,2700.43
1539,2600.1
1540,2558.82
1541,2385.65
1542,2255.78
1543,2265.66
1544,2192.22
1545,2265.27
1546,2510.71
1547,2265.51
1548,2180.79
1549,2265.86
1550,2265.3
1551,2117.64
1552,2180.27
1553,2255.35
1554,2539.25
1555,2539.14
1556,2580.97
1557,3040.38
1558,3373.44
1559,3447.76
1560,3506.54
1561,3639.2
1562,3893.31
1563,4001.86
1564,4227.17
1565,6501.77
1566,10000.0
1567,10000.0
1568,10000.0
1569,10000.0
1570,10000.0
1571,10000.0
1572,10000.0
1573,10000.0
1574,10000.0
1575,10000.0
1576,10000.0
1577,10000.0
1578,9999.45
1579,4683.18
1580,4001.69
1581,3670.59
1582,3547.38
1583,3050.15
1584,3000.68
1585,3500.85
1586,3470.1
1587,3000.81
1588,2900.81
1589,1557.2
1590,1500.98
1591,1471.37
1592,1999.29
1593,2539.17
1594,2800.84
1595,2811.27
1596,2800.34
1597,2889.06
1598,3000.85
1599,3000.07
1600,3003.55
1601,3040.72
1602,3420.9
1603,3402.53
1604,3850.95
1605,3999.01
1606,4619.83
1607,6204.19
1608,10000.0
1609,10000.0
1610,10000.0
1611,10000.0
1612,10000.0
1613,10000.0
1614,10000.0
1615,10000.0
1616,10000.0
1617,4762.08
1618,4499.29
1619,4152.39
1620,3670.22
1621,3573.09
1622,3729.12
1623,3502.39
1624,3200.15
1625,2800.82
1626,3240.67
1627,3300.92
1628,3541.0
1629,3192.68
1630,3003.75
1631,2999.66
1632,2820.34
1633,2999.44
1634,2779.16
1635,2630.71
1636,2570.53
1637,2062.75
1638,1980.59
1639,2440.21
1640,2600.09
1641,2539.09
1642,2520.05
1643,2539.31
1644,2480.58
1645,2314.98
1646,2314.82
1647,2556.51
1648,2554.68
1649,2570.19
1650,2600.03
1651,2850.44
1652,3000.13
1653,3003.57
1654,3299.36
1655,3350.18
1656,3300.68
1657,3601.88
1658,4002.0
1659,4101.04
1660,4093.2
1661,4499.25
1662,10000.0
1663,10000.0
1664,10000.0
1665,10000.0
1666,10000.0
1667,10000.0
1668,10000.0
1669,10000.0
1670,10000.0
1671,10000.0
1672,10000.0
1673,5236.76
1674,4938.19
1675,4683.82
1676,4404.2
1677,4069.39
1678,3901.92
1679,3499.34
1680,3470.28
1681,3040.54
1682,3003.06
1683,3050.92
1684,3218.0
1685,2800.7
1686,2607.47
1687,2499.43
1688,2843.7
1689,2999.14
1690,3000.02
1691,3040.39
1692,3489.53
1693,3380.54
1694,3470.58
1695,3319.13
1696,3489.08
1697,3564.03
1698,3999.15
1699,4501.91
1700,6200.64
1701,4874.6
1702,6000.28
1703,10000.0
1704,10000.0
1705,10000.0
1706,10000.0
1707,10000.0
1708,10000.0
1709,10000.0
1710,10000.0
1711,10000.0
1712,9999.54
1713,4999.76
1714,4500.7
1715,4499.28
1716,4093.54
1717,3502.59
1718,3500.19
1719,3710.85
1720,3502.6
1721,3547.56
1722,3573.01
1723,3599.63
1724,3547.96
1725,3368.27
1726,3203.42
1727,3040.71
1728,2999.3
1729,2799.25
1730,2519.0
1731,2750.1
1732,2900.57
1733,2852.84
1734,2850.77
1735,3000.34
1736,2999.15
1737,2999.9
1738,2889.38
1739,2570.11
1740,2539.57
1741,2500.19
1742,2533.41
1743,2540.74
1744,2555.41
1745,2593.1
1746,2999.45
1747,3040.05
1748,3200.06
1749,3200.68
1750,3447.42
1751,3686.42
1752,3686.59
1753,3840.66
1754,4050.3
1755,4487.34
1756,4405.84
1757,3950.5
1758,4999.67
1759,6501.39
1760,7001.62
1761,7010.27
1762,7010.11
1763,10000.0
1764,8855.43
1765,6704.91
1766,6001.29
1767,4683.49
1768,4487.11
1769,4487.78
1770,4456.27
1771,4050.78
1772,3796.26
1773,3547.26
1774,3240.75
1775,2526.15
1776,2400.72
1777,2710.88
1778,2890.47
1779,2700.72
1780,2999.35
1781,1999.32
1782,1933.53
1783,1914.46
1784,1940.82
1785,2084.01
1786,2200.56
1787,2084.57
1788,2244.09
1789,2800.56
1790,2811.54
1791,2752.72
1792,3040.14
1793,3447.98
1794,3686.32
1795,3830.7
1796,4037.41
1797,2751.78
1798,3200.11
1799,3547.16
1800,3706.18
1801,4094.87
1802,4499.54
1803,4380.0
1804,4487.0
1805,3670.07
1806,3050.61
1807,2670.0
1808,2621.0
1809,3502.14
1810,3573.62
1811,3573.22
1812,3547.22
1813,3189.27
1814,3119.97
1815,3119.67
1816,2900.92
1817,2499.82
1818,2655.65
1819,2700.41
1820,2700.62
1821,1940.0
1822,1792.27
1823,1940.17
1824,1499.53
1825,2252.47
1826,2265.71
1827,2250.2
1828,2250.23
1829,2118.05
1830,1999.73
1831,1999.18
1832,1684.44
1833,1999.2
1834,1980.82
1835,1792.59
1836,1733.0
1837,1696.92
1838,1696.81
1839,1792.67
1840,1940.36
1841,1940.72
1842,2140.62
1843,2500.21
1844,2500.59
1845,2519.12
1846,2800.81
1847,3040.11
1848,3003.88
1849,2800.99
1850,3198.65
1851,3874.06
1852,4369.85
1853,4300.04
1854,10000.0
1855,10000.0
1856,10000.0
1857,10000.0
1858,10000.0
1859,10000.0
1860,10000.0
1861,10000.0
1862,10000.0
1863,10000.0
1864,10000.0
1865,9999.27
1866,6000.05
1867,4499.67
1868,4369.24
1869,3500.53
1870,3019.75
1871,2800.44
1872,2727.81
1873,3119.51
1874,3000.08
1875,3000.37
1876,3040.23
1877,2450.31
1878,2240.05
1879,1940.6
1880,1940.84
1881,2500.06
1882,2500.49
1883,2500.6
1884,2753.26
1885,3000.15
1886,3319.92
1887,3240.88
1888,3419.18
1889,3623.73
1890,3900.33
1891,4200.07
1892,4810.48
1893,4369.55
1894,4800.62
1895,7860.0
1896,10000.0
1897,10000.0
1898,10000.0
1899,10000.0
1900,10000.0
1901,10000.0
1902,10000.0
1903,10000.0
1904,10000.0
1905,4499.77
1906,4146.59
1907,4410.49
1908,4069.63
1909,3901.15
1910,3800.45
1911,3759.39
1912,3564.45
1913,3564.08
1914,3800.57
1915,3564.62
1916,3600.36
1917,3389.23
1918,3003.45
1919,2710.06
1920,2500.68
1921,2892.28
1922,3003.67
1923,3240.08
1924,3200.15
1925,3040.38
1926,3000.59
1927,2950.59
1928,2855.93
1929,2748.0
1930,2700.42
1931,2550.72
1932,2550.26
1933,2555.63
1934,2550.69
1935,2800.34
1936,2800.3
1937,2855.84
1938,3040.61
1939,3040.47
1940,3119.37
1941,3050.1
1942,3240.54
1943,3304.26
1944,3547.47
1945,3900.88
1946,4369.56
1947,5500.81
1948,5501.83
1949,10000.0
1950,10000.0
1951,10000.0
1952,10000.0
1953,10000.0
1954,10000.0
1955,10000.0
1956,10000.0
1957,10000.0
1958,10000.0
1959,6000.99
1960,4306.0
1961,3751.85
1962,3502.16
1963,3502.72
1964,3500.02
1965,3000.21
1966,2999.02
1967,3200.87
1968,3250.86
1969,3000.45
1970,2680.33
1971,2889.72
1972,2889.13
1973,1570.5
1974,1570.54
1975,1538.0
1976,1570.45
1977,1933.43
1978,2079.28
1979,2594.8
1980,2840.23
1981,2800.78
1982,2780.11
1983,2900.54
1984,3000.94
1985,3650.35
1986,3999.96
1987,3999.41
1988,4381.15
1989,5500.89
1990,6788.42
1991,6005.02
1992,10000.0
1993,10000.0
1994,10000.0
1995,10000.0
1996,10000.0
1997,10000.0
1998,10000.0
1999,10000.0
2000,9999.23
2001,4843.13
2002,4683.82
2003,5000.77
2004,4925.42
2005,3900.14
2006,3837.25
2007,3650.88
2008,3602.08
2009,3470.06
2010,3470.32
2011,3459.4
2012,3213.83
2013,2999.72
2014,2800.03
2015,2800.23
2016,2884.06
2017,3000.3
2018,3000.82
2019,2999.9
2020,2820.33
2021,2852.33
2022,2800.5
2023,2820.75
2024,2540.17
2025,2655.89
2026,2800.61
2027,2892.35
2028,2800.06
2029,2639.35
2030,2566.77
2031,2555.7
2032,2539.2
2033,2490.58
2034,2570.83
2035,2980.0
2036,3240.73
2037,3414.85
2038,3506.46
2039,3759.33
2040,3720.65
2041,3844.05
2042,4381.18
2043,4893.14
2044,5500.86
2045,10000.0
2046,10000.0
2047,10000.0
2048,10000.0
2049,10000.0
2050,10000.0
2051,10000.0
2052,10000.0
2053,6505.88
2054,5510.17
2055,4200.65
2056,3600.9
2057,3720.72
2058,3800.68
2059,3310.58
2060,2900.67
2061,3300.05
2062,3249.61
2063,3500.64
2064,3428.2
2065,3502.19
2066,3320.1
2067,3040.22
2068,3003.36
2069,1620.78
2070,1620.17
2071,2700.25
2072,2753.36
2073,2401.89
2074,2700.59
2075,2846.26
2076,2900.95
2077,3050.77
2078,3250.69
2079,3104.5
2080,3405.79
2081,3070.51
2082,3085.25
2083,3500.39
2084,3759.19
2085,3985.14
2086,4501.28
2087,5008.15
2088,5505.43
2089,10000.0
2090,10000.0
2091,10000.0
2092,10000.0
2093,10000.0
2094,10000.0
2095,5600.87
2096,5446.86
2097,4762.12
2098,4499.02
2099,4244.18
2100,4099.68
2101,3818.51
2102,3893.26
2103,3350.23
2104,3192.04
2105,2800.95
2106,2999.96
2107,3050.97
2108,3085.93
2109,3319.71
2110,3003.84
2111,3299.17
2112,3050.99
2113,3003.17
2114,3119.08
2115,3003.43
2116,2999.16
2117,2600.6
2118,2350.85
2119,2519.92
2120,2519.71
2121,2570.88
2122,2571.0
2123,2567.83
2124,2610.2
2125,2561.28
2126,2555.88
2127,2561.91
2128,2539.61
2129,2750.22
2130,2889.7
2131,3003.65
2132,3040.88
2133,3400.16
2134,3500.98
2135,3739.56
2136,3739.87
2137,3744.17
2138,4505.06
2139,4683.27
2140,6005.75
2141,10000.0
2142,10000.0
2143,10000.0
2144,10000.0
2145,10000.0
2146,10000.0
2147,10000.0
2148,10000.0
2149,6194.55
2150,5100.87
2151,4510.9
2152,3670.8
2153,3999.31
2154,3573.62
2155,3852.43
2156,3759.2
2157,3564.5
2158,3300.62
2159,3000.65
2160,2929.37
2161,3119.26
2162,3050.45
2163,2597.69
2164,2298.74
2165,1953.37
2166,1933.31
2167,1933.63
2168,2079.93
2169,2554.31
2170,2632.46
2171,2900.86
2172,3000.56
2173,3000.71
2174,3119.5
2175,3000.76
2176,3082.52
2177,2999.23
2178,3240.74
2179,3549.57
2180,3900.81
2181,3790.54
2182,4420.91
2183,4497.55
2184,5805.93
2185,7000.94
2186,10000.0
2187,10000.0
2188,10000.0
2189,10000.0
2190,6498.85
2191,4505.42
2192,4370.86
2193,3799.29
2194,3585.33
2195,3417.36
2196,3417.11
2197,3573.42
2198,3573.81
2199,3800.77
2200,3750.39
2201,3506.69
2202,3506.42
2203,2843.11
2204,2499.82
2205,2062.21
2206,1880.93
2207,2118.45
2208,2400.12
2209,2314.86
2210,2300.68
2211,2385.8
2212,2252.31
2213,1849.19
2214,1799.02
2215,1999.05
2216,2084.32
2217,2079.66
2218,2104.58
2219,2112.56
2220,2112.29
2221,2118.82
2222,2112.92
2223,2097.53
2224,2079.74
2225,2078.66
2226,2238.22
2227,2300.94
2228,2500.05
2229,2330.65
2230,2889.08
2231,2865.67
2232,2884.11
2233,3999.28
2234,4227.69
2235,4501.52
2236,5712.72
2237,6504.51
2238,10000.0
2239,10000.0
2240,10000.0
2241,10000.0
2242,10000.0
2243,10000.0
2244,10000.0
2245,6504.91
2246,6504.47
2247,5231.44
2248,4227.95
2249,3900.64
2250,3650.86
2251,3301.85
2252,3201.16
2253,3410.0
2254,3400.91
2255,3030.34
2256,3249.55
2257,3429.15
2258,3310.28
2259,3040.18
2260,3000.13
2261,2500.62
2262,2568.0
2263,2800.21
2264,2800.05
2265,2850.68
2266,2889.79
2267,2865.85
2268,2872.88
2269,2830.87
2270,2850.96
2271,2800.26
2272,2865.89
2273,2750.87
2274,3209.1
2275,3178.87
2276,3805.63
2277,3670.41
2278,4093.18
2279,4999.92
2280,5603.05
2281,8999.81
2282,10000.0
2283,10000.0
2284,10000.0
2285,10000.0
2286,7999.29
2287,4683.2
2288,4094.36
2289,3837.75
2290,3250.17
2291,3573.97
2292,3500.09
2293,3213.84
2294,3489.66
2295,3502.57
2296,3198.67
2297,3470.22
2298,3500.66
2299,3316.47
2300,3213.53
2301,3003.39
2302,2539.71
2303,2561.32
2304,2342.0
2305,2561.32
2306,2818.07
2307,2892.5
2308,2818.6
2309,2700.56
2310,2410.07
2311,2700.75
2312,2800.34
2313,2700.21
2314,2700.01
2315,2700.97
2316,2800.66
2317,2700.7
2318,2700.94
2319,2889.24
2320,2892.9
2321,2892.84
2322,3000.39
2323,3003.86
2324,3040.07
2325,3470.52
2326,3500.55
2327,3565.89
2328,3653.98
2329,3999.15
2330,4500.18
2331,4999.97
2332,5231.3
2333,6005.89
2334,10000.0
2335,10000.0
2336,10000.0
2337,10000.0
2338,10000.0
2339,7500.5
2340,4920.82
2341,4999.48
2342,4499.31
2343,3930.66
2344,3200.38
2345,3200.68
2346,3040.19
2347,3502.28
2348,3500.37
2349,3003.33
2350,3003.28
2351,2999.75
2352,2701.0
2353,2999.58
2354,2889.77
2355,3003.34
2356,3000.53
2357,2407.15
2358,2312.59
2359,2843.57
2360,2889.1
2361,2892.65
2362,3003.19
2363,2892.06
2364,2800.41
2365,2158.89
2366,2250.26
2367,3003.2
2368,3471.0
2369,2880.21
2370,3003.84
2371,3871.45
2372,3999.93
2373,2800.82
2374,4069.43
2375,4874.11
2376,5500.87
2377,5112.81
2378,10000.0
2379,10000.0
2380,10000.0
2381,10000.0
2382,10000.0
2383,5300.37
2384,4135.54
2385,4097.55
2386,3999.59
2387,3999.39
2388,3750.86
2389,3999.54
2390,3800.51
2391,3871.22
2392,3699.72
2393,3350.11
2394,3316.83
2395,3547.36
2396,3400.66
2397,3316.46
2398,3040.84
2399,3300.2
2400,3119.89
2401,3300.29
2402,3379.35
2403,3050.06
2404,3050.31
2405,3040.62
2406,3040.95
2407,3050.11
2408,3000.66
2409,2873.47
2410,2892.04
2411,2999.45
2412,2999.95
2413,2900.14
2414,2900.43
2415,2889.59
2416,2892.47
2417,2884.72
2418,3000.17
2419,3040.04
2420,3050.85
2421,3470.76
2422,3547.65
2423,3800.2
2424,3769.88
2425,4093.7
2426,4501.15
2427,4559.4
2428,4325.28
2429,4999.71
2430,6200.63
2431,8000.16
2432,8000.18
2433,5446.37
2434,5300.03
2435,5446.67
2436,4799.5
2437,4683.61
2438,3900.11
2439,3739.11
2440,3000.78
2441,2500.0
2442,2600.93
2443,3050.89
2444,3422.4
2445,3119.76
2446,2889.81
2447,2789.55
2448,2384.0
2449,2519.53
2450,2634.57
2451,2598.04
2452,2519.26
2453,1640.22
2454,1395.68
2455,1900.79
2456,1933.09
2457,1975.88
2458,1999.18
2459,2099.99
2460,2099.32
2461,2407.29
2462,2800.55
2463,2855.56
2464,2889.67
2465,1933.64
2466,2890.88
2467,3410.46
2468,3686.25
2469,3003.36
2470,3479.24
2471,2780.77
2472,3000.58
2473,3200.73
2474,4037.38
2475,3940.26
2476,3999.55
2477,3999.06
2478,3700.62
2479,3564.94
2480,3368.67
2481,3252.3
2482,3411.0
2483,3382.0
2484,3252.52
2485,3400.36
2486,3156.65
2487,3040.94
2488,3003.6
2489,3090.78
2490,3040.16
2491,3003.12
2492,3000.67
2493,2407.94
2494,2312.23
2495,2140.77
2496,1824.65
2497,1811.46
2498,1611.25
2499,1591.84
2500,1700.66
2501,1800.87
2502,2099.82
2503,2080.28
2504,1799.55
2505,2000.99
2506,1933.85
2507,1940.49
2508,1940.95
2509,1933.85
2510,1933.74
2511,1940.3
2512,1940.21
2513,2099.05
2514,2265.94
2515,2255.91
2516,2236.55
2517,2349.42
2518,2642.81
2519,2800.51
2520,2567.03
2521,3102.04
2522,3500.42
2523,4200.63
2524,4450.74
2525,6000.27
2526,10000.0
2527,10000.0
2528,10000.0
2529,10000.0
2530,10000.0
2531,5500.54
2532,4379.09
2533,4762.13
2534,4450.68
2535,3650.68
2536,2800.23
2537,3653.82
2538,3573.37
2539,3506.92
2540,3650.11
2541,3547.66
2542,3547.99
2543,3506.57
2544,3213.57
2545,3050.18
2546,3067.02
2547,3119.39
2548,3067.11
2549,3050.74
2550,3067.42
2551,3082.56
2552,3176.0
2553,3210.06
2554,3300.78
2555,3082.08
2556,3040.5
2557,2945.7
2558,3003.41
2559,3100.66
2560,3003.76
2561,3470.24
2562,3573.69
2563,3479.66
2564,3900.75
2565,3018.83
2566,3729.21
2567,4093.55
2568,5022.72
2569,10000.0
2570,10000.0
2571,10000.0
2572,10000.0
2573,10000.0
2574,10000.0
2575,10000.0
2576,6499.79
2577,4999.91
2578,4762.55
2579,4325.56
2580,3999.94
2581,3999.78
2582,4093.79
2583,3844.24
2584,3800.2
2585,3739.21
2586,3547.18
2587,3564.61
2588,3600.29
2589,3300.55
2590,3003.23
2591,3003.45
2592,2999.69
2593,2889.58
2594,3003.68
2595,3050.03
2596,3050.08
2597,3003.51
2598,3003.11
2599,3000.26
2600,3000.26
2601,3000.06
2602,3000.59
2603,2999.34
2604,2892.99
2605,3000.08
2606,3000.26
2607,2892.75
2608,2750.91
2609,3000.42
2610,3240.68
2611,3050.21
2612,3240.18
2613,3686.68
2614,3739.4
2615,3686.27
2616,3739.72
2617,4152.06
2618,4874.82
2619,6504.83
2620,9998.85
2621,10000.0
2622,10000.0
2623,10000.0
2624,10000.0
2625,10000.0
2626,10000.0
2627,10000.0
2628,6999.97
2629,6001.68
2630,5499.23
2631,4898.46
2632,4162.35
2633,4487.26
2634,4001.14
2635,3799.66
2636,3650.77
2637,3759.42
2638,3564.74
2639,3759.54
2640,3573.36
2641,3450.46
2642,3040.47
2643,3249.39
2644,3200.47
2645,3040.26
2646,3003.37
2647,3000.02
2648,3003.35
2649,3003.69
2650,3293.23
2651,3120.69
2652,3050.82
2653,3178.02
2654,3470.28
2655,3040.76
2656,3290.79
2657,3300.88
2658,3430.93
2659,3499.92
2660,3888.85
2661,3499.84
2662,3499.61
2663,3999.71
2664,5981.38
2665,5805.03
2666,10000.0
2667,10000.0
2668,10000.0
2669,10000.0
2670,10000.0
2671,4762.7
2672,4499.13
2673,4487.27
2674,4227.09
2675,4110.68
2676,3900.72
2677,3726.47
2678,3739.19
2679,3874.68
2680,3874.32
2681,3759.34
2682,3759.8
2683,3620.96
2684,3547.1
2685,3316.04
2686,3050.62
2687,3040.4
2688,3003.66
2689,3003.43
2690,3040.93
2691,3119.65
2692,3050.05
2693,2950.3
2694,2950.18
2695,3003.88
2696,3003.2
2697,3000.77
2698,2892.62
2699,2999.08
2700,2956.0
2701,2892.52
2702,2892.27
2703,3000.2
2704,3003.61
2705,3003.75
2706,3003.85
2707,3050.98
2708,3300.0
2709,3710.35
2710,3880.99
2711,3999.16
2712,3852.5
2713,4799.56
2714,6244.57
2715,7352.0
2716,7999.21
2717,10000.0
2718,10000.0
2719,10000.0
2720,10000.0
2721,10000.0
2722,10000.0
2723,10000.0
2724,10000.0
2725,5499.91
2726,5499.19
2727,5499.9
2728,5231.72
2729,4501.94
2730,4227.71
2731,3990.91
2732,4069.05
2733,3600.67
2734,3600.3
2735,3573.5
2736,3510.42
2737,3249.75
2738,3200.72
2739,3506.01
2740,3470.12
2741,3003.17
2742,3040.71
2743,3393.84
2744,3393.99
2745,3050.12
2746,3040.61
2747,3240.79
2748,3370.0
2749,3399.03
2750,3502.99
2751,3547.88
2752,3547.25
2753,3834.65
2754,4093.92
2755,4237.7
2756,4874.76
2757,4501.43
2758,4649.31
2759,4499.42
2760,5600.68
2761,10000.0
2762,10000.0
2763,10000.0
2764,10000.0
2765,10000.0
2766,10000.0
2767,10000.0
2768,5499.74
2769,4700.52
2770,4379.09
2771,4227.87
2772,3999.27
2773,3898.08
2774,3874.55
2775,3917.9
2776,3882.28
2777,3729.0
2778,3547.47
2779,3547.08
2780,3456.32
2781,3240.73
2782,3119.63
2783,3316.67
2784,3300.64
2785,3003.07
2786,3000.84
2787,2999.55
2788,2852.63
2789,2800.71
2790,2610.9
2791,2580.68
2792,2330.92
2793,2607.74
2794,2700.36
2795,2800.86
2796,2599.97
2797,3000.34
2798,3000.39
2799,3000.14
2800,2892.16
2801,3003.24
2802,3040.1
2803,3042.56
2804,3400.2
2805,3686.78
2806,3739.73
2807,4000.2
2808,3653.16
2809,3710.67
2810,4562.12
2811,6500.89
2812,6500.92
2813,10000.0
2814,10000.0
2815,10000.0
2816,10000.0
2817,10000.0
2818,10000.0
2819,10000.0
2820,10000.0
2821,10000.0
2822,10000.0
2823,6000.73
2824,5500.7
2825,5446.8
2826,4956.47
2827,4645.97
2828,4248.98
2829,4308.1
2830,4243.48
2831,3553.85
2832,3479.99
2833,3547.39
2834,3547.64
2835,3564.76
2836,3547.16
2837,2700.38
2838,2499.45
2839,3040.21
2840,2800.73
2841,3000.03
2842,3179.66
2843,3547.4
2844,3686.33
2845,3040.48
2846,3230.45
2847,3300.79
2848,3553.44
2849,3871.63
2850,4227.83
2851,5446.72
2852,6000.91
2853,6000.13
2854,7999.13
2855,5510.23
2856,10000.0
2857,10000.0
2858,10000.0
2859,10000.0
2860,10000.0
2861,10000.0
2862,10000.0
2863,10000.0
2864,6999.24
2865,5500.88
2866,4683.17
2867,4325.65
2868,4369.26
2869,4227.73
2870,4205.79
2871,3886.43
2872,3729.78
2873,3700.98
2874,3510.41
2875,3564.88
2876,3500.82
2877,3456.59
2878,3456.62
2879,3506.04
2880,3547.23
2881,3003.82
2882,3050.48
2883,3479.34
2884,3479.59
2885,3447.95
2886,3447.37
2887,3506.02
2888,3479.69
2889,3447.66
2890,3447.56
2891,3010.16
2892,3003.6
2893,2999.31
2894,3003.69
2895,3119.78
2896,3119.15
2897,3119.62
2898,3240.56
2899,3050.96
2900,3240.4
2901,3686.45
2902,3999.09
2903,3999.36
2904,4037.95
2905,4874.85
2906,6510.88
2907,10000.0
2908,10000.0
2909,10000.0
2910,10000.0
2911,10000.0
2912,10000.0
2913,10000.0
2914,10000.0
2915,10000.0
2916,10000.0
2917,10000.0
2918,10000.0
2919,8852.34
2920,6510.45
2921,5499.38
2922,5231.03
2923,6000.38
2924,5499.1
2925,4956.45
2926,4683.13
2927,4762.76
2928,4487.18
2929,4325.98
2930,4227.18
2931,3999.52
2932,3630.94
2933,3547.98
2934,3653.81
2935,3653.86
2936,3506.22
2937,3397.95
2938,3470.77
2939,3547.37
2940,3610.41
2941,3653.07
2942,3900.19
2943,3710.83
2944,3710.97
2945,3999.04
2946,4353.66
2947,4956.19
2948,5499.36
2949,5099.33
2950,5500.78
2951,5231.87
2952,10000.0
2953,10000.0
2954,10000.0
2955,10000.0
2956,10000.0
2957,10000.0
2958,10000.0
2959,10000.0
2960,5496.42
2961,4300.49
2962,4097.79
2963,4093.3
2964,4096.61
2965,4000.47
2966,4152.25
2967,3800.86
2968,3739.49
2969,3630.45
2970,3564.07
2971,3470.44
2972,3042.46
2973,3300.14
2974,3090.31
2975,3252.24
2976,3119.85
2977,3470.37
2978,3700.16
2979,3300.83
2980,3344.09
2981,3050.4
2982,3003.15
2983,3050.1
2984,3040.14
2985,3040.4
2986,3050.64
2987,3040.93
2988,3003.25
2989,2862.06
2990,2862.17
2991,2929.16
2992,2999.28
2993,2800.48
2994,2999.5
2995,3119.13
2996,3479.71
2997,3750.58
2998,4000.4
2999,3999.28
3000,4228.55
3001,4099.07
3002,5500.87
3003,6550.97
3004,8001.68
3005,10000.0
3006,10000.0
3007,10000.0
3008,10000.0
3009,10000.0
3010,10000.0
3011,10000.0
3012,10000.0
3013,10000.0
3014,5500.85
3015,5800.22
3016,4500.21
3017,4465.58
3018,4369.78
3019,4645.96
3020,4508.52
3021,4465.66
3022,4227.55
3023,4227.83
3024,3900.31
3025,3547.61
3026,3502.06
3027,3506.96
3028,3470.45
3029,2699.34
3030,2800.24
3031,2900.72
3032,2800.98
3033,3019.18
3034,3500.42
3035,3050.89
3036,3307.39
3037,3570.73
3038,3547.91
3039,3547.64
3040,3316.89
3041,3650.17
3042,3999.04
3043,3837.64
3044,5200.17
3045,4377.97
3046,5000.33
3047,4249.18
3048,10000.0
3049,10000.0
3050,10000.0
3051,10000.0
3052,10000.0
3053,10000.0
3054,10000.0
3055,10000.0
3056,5800.03
3057,5446.31
3058,4874.14
3059,4487.58
3060,4227.72
3061,3999.6
3062,3837.36
3063,3726.78
3064,3042.74
3065,3470.27
3066,3729.31
3067,3418.14
3068,3300.01
3069,2889.32
3070,2862.94
3071,2900.6
3072,2800.28
3073,3447.45
3074,3502.68
3075,3506.51
3076,3506.41
3077,3502.36
3078,3479.54
3079,3119.89
3080,2843.29
3081,2800.43
3082,2800.43
3083,2750.31
3084,2750.2
3085,2800.0
3086,2790.51
3087,2567.33
3088,2357.27
3089,2750.61
3090,2996.93
3091,3000.45
3092,3000.49
3093,3506.31
3094,3547.43
3095,3430.11
3096,3316.94
3097,4000.97
3098,4762.88
3099,4100.28
3100,4201.18
3101,4999.3
3102,6005.83
3103,5999.76
3104,6505.82
3105,5505.26
3106,6005.66
3107,5231.19
3108,4683.56
3109,5231.24
3110,4519.06
3111,4099.36
3112,3805.0
3113,3930.0
3114,3650.14
3115,2889.64
3116,2800.61
3117,3000.57
3118,3003.49
3119,3000.63
3120,3000.07
3121,2999.05
3122,2889.61
3123,2512.91
3124,2110.65
3125,1792.33
3126,1824.14
3127,1694.57
3128,1694.18
3129,1824.3
3130,1824.95
3131,2076.51
3132,2110.69
3133,2173.14
3134,2173.13
3135,2173.43
3136,2761.41
3137,2950.69
3138,3050.48
3139,3479.19
3140,3759.27
3141,3650.25
3142,3710.86
3143,2929.2
3144,3564.74
3145,4500.42
3146,4810.89
3147,4500.31
3148,4762.11
3149,4600.89
3150,4487.95
3151,3999.77
3152,3882.1
3153,3653.66
3154,3600.16
3155,3834.2
3156,3874.43
3157,3650.89
3158,3620.35
3159,3759.04
3160,3547.02
3161,3456.95
3162,3447.43
3163,3470.25
3164,3470.92
3165,3003.7
3166,3003.67
3167,3110.74
3168,3249.95
3169,3240.31
3170,3467.63
3171,3240.07
3172,3168.76
3173,3000.33
3174,2934.57
3175,2830.24
3176,2830.46
3177,2583.0
3178,2523.64
3179,2565.37
3180,2722.0
3181,2800.16
3182,2800.58
3183,2800.24
3184,2800.4
3185,2750.93
3186,2750.59
3187,2750.49
3188,2800.49
3189,3547.52
3190,3739.85
3191,3739.12
3192,3850.71
3193,3800.47
3194,4683.54
3195,5800.19
3196,6520.57
3197,10000.0
3198,10000.0
3199,10000.0
3200,10000.0
3201,10000.0
3202,10000.0
3203,10000.0
3204,6510.5
3205,10000.0
3206,9998.3
3207,5500.72
3208,4992.65
3209,4369.32
3210,4369.43
3211,4162.21
3212,3889.77
3213,3844.39
3214,3553.0
3215,3250.9
3216,3300.15
3217,3547.79
3218,3502.7
3219,3000.54
3220,2889.86
3221,2800.03
3222,2979.4
3223,2800.59
3224,2889.67
3225,3119.53
3226,3240.74
3227,3007.53
3228,3040.08
3229,2945.17
3230,3000.64
3231,3573.37
3232,3502.36
3233,3570.38
3234,3999.06
3235,4500.98
3236,4326.16
3237,4237.59
3238,4500.34
3239,4683.31
3240,10000.0
3241,10000.0
3242,10000.0
3243,10000.0
3244,10000.0
3245,10000.0
3246,10000.0
3247,10000.0
3248,6500.76
3249,4762.23
3250,4500.38
3251,4683.51
3252,4499.89
3253,4250.41
3254,4358.24
3255,4373.9
3256,4152.23
3257,3871.16
3258,3834.58
3259,3759.84
3260,3759.06
3261,3594.88
3262,3591.72
3263,3547.6
3264,3549.88
3265,3408.42
3266,3494.11
3267,3412.65
3268,3379.91
3269,3040.99
3270,3050.97
3271,3240.15
3272,3050.74
3273,3250.56
3274,3119.53
3275,3050.28
3276,3050.62
3277,3050.05
3278,3003.58
3279,3050.1
3280,3050.33
3281,3200.46
3282,3470.56
3283,3447.02
3284,3470.36
3285,3573.03
3286,3819.26
3287,3696.93
3288,3994.86
3289,4925.68
3290,5600.54
3291,7500.33
3292,7500.58
3293,10000.0
3294,10000.0
3295,10000.0
3296,10000.0
3297,10000.0
3298,10000.0
3299,6992.81
3300,5236.9
3301,5800.64
3302,6510.83
3303,5500.56
3304,4838.45
3305,4095.94
3306,4162.81
3307,4162.6
3308,3802.87
3309,3316.93
3310,3220.47
3311,3200.37
3312,3165.04
3313,3156.21
3314,3003.92
3315,2750.07
3316,2770.01
3317,2519.74
3318,2539.54
3319,2680.0
3320,2574.24
3321,2889.13
3322,3000.92
3323,3003.14
3324,3040.4
3325,3502.36
3326,3547.2
3327,3564.59
3328,3553.78
3329,3759.74
3330,3999.4
3331,4483.59
3332,5446.1
3333,4683.29
3334,4499.9
3335,4950.68
3336,10000.0
3337,10000.0
3338,10000.0
3339,10000.0
3340,10000.0
3341,10000.0
3342,10000.0
3343,7999.05
3344,5500.18
3345,5252.73
3346,4625.83
3347,4325.16
3348,4300.15
3349,4300.53
3350,4227.55
3351,4333.09
3352,4345.54
3353,3834.78
3354,3874.37
3355,3819.29
3356,3759.29
3357,3750.83
3358,3710.49
3359,3564.79
3360,3470.97
3361,3470.62
3362,3547.89
3363,3653.4
3364,3547.52
3365,3573.22
3366,3502.48
3367,3323.29
3368,3165.68
3369,3502.03
3370,3479.89
3371,3470.18
3372,3470.54
3373,3447.82
3374,3470.25
3375,3447.73
3376,3447.13
3377,3200.78
3378,3240.13
3379,3199.4
3380,3502.08
3381,3599.01
3382,3653.59
3383,3844.3
3384,4483.81
3385,4999.49
3386,6005.83
3387,10000.0
3388,10000.0
3389,10000.0
3390,10000.0
3391,10000.0
3392,10000.0
3393,10000.0
3394,10000.0
3395,10000.0
3396,10000.0
3397,10000.0
3398,10000.0
3399,6920.92
3400,5600.73
3401,5094.88
3402,4956.19
3403,4888.89
3404,4369.7
3405,3759.97
3406,3653.75
3407,3653.34
3408,3200.81
3409,3547.86
3410,3564.98
3411,3547.0
3412,3506.92
3413,3000.86
3414,3019.71
3415,2878.46
3416,3003.05
3417,3003.65
3418,3050.17
3419,3100.12
3420,3240.94
3421,3502.49
3422,3650.24
3423,3547.35
3424,3769.21
3425,3844.54
3426,4093.12
3427,4227.83
3428,4501.32
3429,3653.81
3430,3871.43
3431,5005.76
3432,10000.0
3433,10000.0
3434,10000.0
3435,10000.0
3436,10000.0
3437,10000.0
3438,10000.0
3439,10000.0
3440,6999.69
3441,5446.48
3442,5004.95
3443,4549.28
3444,4116.65
3445,4379.48
3446,4152.81
3447,4094.76
3448,4097.14
3449,3630.13
3450,3620.78
3451,3605.8
3452,3600.32
3453,3464.0
3454,3083.49
3455,3050.1
3456,2999.2
3457,3470.51
3458,3506.33
3459,3506.6
3460,3400.01
3461,3200.24
3462,3200.49
3463,3200.28
3464,3139.01
3465,3040.38
3466,3003.39
3467,3040.79
3468,3023.55
3469,3003.97
3470,3040.75
3471,3040.11
3472,2980.91
3473,3003.66
3474,3030.98
3475,3003.07
3476,3040.77
3477,3479.92
3478,3573.52
3479,3547.5
3480,3610.66
3481,4093.99
3482,4800.55
3483,6505.11
3484,6505.47
3485,10000.0
3486,10000.0
3487,10000.0
3488,10000.0
3489,10000.0
3490,10000.0
3491,5800.45
3492,5230.65
3493,4999.95
3494,4894.36
3495,5399.94
3496,4379.33
3497,4097.79
3498,4096.13
3499,3400.35
3500,3012.38
3501,3200.16
3502,3040.84
3503,3134.0
3504,3003.88
3505,3001.0
3506,3020.79
3507,2800.79
3508,2750.77
3509,2079.38
3510,2082.27
3511,2082.98
3512,2062.09
3513,2349.04
3514,2566.0
3515,2360.78
3516,2418.95
3517,2880.3
3518,2890.95
3519,2650.15
3520,2516.89
3521,2991.73
3522,3300.56
3523,3502.59
3524,3040.59
3525,2499.82
3526,2499.9
3527,2750.22
3528,2750.94
3529,3564.44
3530,4622.81
3531,5750.61
3532,6005.03
3533,5805.92
3534,5505.38
3535,4600.95
3536,4562.53
3537,4094.91
3538,4003.47
3539,3837.81
3540,3573.95
3541,3470.6
3542,3156.71
3543,3502.27
3544,3512.13
3545,3156.66
3546,3368.89
3547,3240.29
3548,3067.61
3549,3067.47
3550,3067.31
3551,3067.49
3552,3040.7
3553,2550.87
3554,2750.83
3555,2750.71
3556,2750.44
3557,2750.34
3558,2750.52
3559,2750.17
3560,2750.16
3561,2567.41
3562,2567.85
3563,2583.92
3564,2600.82
3565,2567.34
3566,2567.34
3567,2609.23
3568,2550.45
3569,1350.74
3570,999.41
3571,2700.37
3572,2750.48
3573,3050.54
3574,3189.41
3575,3050.99
3576,3198.97
3577,3012.91
3578,3553.14
3579,4094.76
3580,4470.84
3581,5760.3
3582,10000.0
3583,10000.0
3584,10000.0
3585,10000.0
3586,10000.0
3587,5505.44
3588,4935.63
3589,4646.37
3590,4379.4
3591,4650.27
3592,4227.18
3593,4047.67
3594,4047.58
3595,3882.72
3596,3553.51
3597,3547.96
3598,3316.12
3599,3450.38
3600,3316.64
3601,3020.46
3602,3020.04
3603,2753.66
3604,2753.21
3605,2750.32
3606,2753.62
3607,2753.0
3608,2699.75
3609,2889.61
3610,2612.9
3611,2612.56
3612,2819.35
3613,2850.25
3614,2800.6
3615,3100.35
3616,3120.91
3617,3564.67
3618,4227.56
3619,4337.28
3620,5000.21
3621,4499.13
3622,4373.77
3623,5000.15
3624,6000.63
3625,5500.38
3626,10000.0
3627,10000.0
3628,10000.0
3629,10000.0
3630,9998.49
3631,4250.96
3632,3745.0
3633,4020.76
3634,4096.78
3635,3917.16
3636,3819.86
3637,3547.94
3638,3500.04
3639,3506.27
3640,3502.19
3641,3506.43
3642,3502.5
3643,3400.58
3644,3050.96
3645,3100.6
3646,3100.35
3647,3100.83
3648,3050.1
3649,3110.27
3650,3111.23
3651,3210.31
3652,3195.5
3653,3000.57
3654,2850.6
3655,2911.53
3656,2910.81
3657,2941.24
3658,2941.4
3659,2800.57
3660,2932.4
3661,2941.21
3662,2941.18
3663,3050.58
3664,3138.48
3665,3450.28
3666,3441.06
3667,3441.03
3668,3510.89
3669,3534.4
3670,3759.66
3671,3837.31
3672,3999.28
3673,4095.62
3674,4700.57
3675,6505.56
3676,5500.3
3677,10000.0
3678,10000.0
3679,10000.0
3680,10000.0
3681,10000.0
3682,10000.0
3683,5805.27
3684,5231.07
3685,4999.82
3686,4510.97
3687,4956.12
3688,4499.74
3689,4095.31
3690,3730.55
3691,3834.15
3692,3696.83
3693,3564.6
3694,3439.32
3695,3439.86
3696,3441.59
3697,3441.44
3698,3119.45
3699,2600.75
3700,2612.92
3701,2407.58
3702,2531.6
3703,2539.71
3704,2567.54
3705,2565.07
3706,2567.01
3707,2901.17
3708,2907.93
3709,3001.64
3710,2999.62
3711,3300.37
3712,3441.84
3713,3696.25
3714,4093.2
3715,5067.65
3716,5499.47
3717,4097.91
3718,4499.67
3719,4481.69
3720,6510.24
3721,5800.47
3722,10000.0
3723,10000.0
3724,10000.0
3725,10000.0
3726,10000.0
3727,10000.0
3728,5499.15
3729,4519.98
3730,4516.63
3731,4321.89
3732,4116.79
3733,4012.51
3734,4012.12
3735,4000.52
3736,3800.13
3737,3672.84
3738,3600.21
3739,3165.99
3740,3138.42
3741,3000.42
3742,3000.26
3743,3050.45
3744,3050.73
3745,2942.0
3746,3301.35
3747,3564.84
3748,3570.11
3749,3534.76
3750,3550.8
3751,3534.55
3752,3534.18
3753,3500.63
3754,3500.12
3755,3473.05
3756,3290.57
3757,3415.05
3758,3470.7
3759,3473.26
3760,3500.09
3761,3500.75
3762,3534.45
3763,3534.99
3764,3720.23
3765,3767.36
3766,3693.72
3767,3720.52
3768,3767.59
3769,4516.09
3770,4874.06
3771,4999.08
3772,4956.47
3773,5500.59
3774,8000.91
3775,10000.0
3776,10000.0
3777,8000.32
3778,5505.83
3779,4373.22
3780,4097.65
3781,4097.96
3782,4251.48
3783,4700.66
3784,4379.09
3785,3610.79
3786,3573.29
3787,3139.31
3788,2944.8
3789,2800.34
3790,2750.42
3791,3000.73
3792,3050.23
3793,3249.66
3794,3139.42
3795,3138.26
3796,3050.24
3797,2750.94
3798,2567.92
3799,2547.76
3800,2407.66
3801,2074.22
3802,1798.68
3803,1830.48
3804,2005.5
3805,1999.99
3806,2400.88
3807,2389.54
3808,2700.18
3809,3050.44
3810,3413.62
3811,3500.35
3812,3470.5
3813,3111.53
3814,3000.9
3815,3570.54
3816,4012.04
3817,3000.29
3818,4337.42
3819,4510.71
3820,4809.01
3821,4337.98
3822,4093.56
3823,3947.63
3824,3510.24
3825,3564.94
3826,3510.46
3827,3696.02
3828,3759.34
3829,3767.11
3830,3696.7
3831,3249.66
3832,3470.24
3833,3039.49
3834,2999.88
3835,3000.88
3836,3039.42
3837,2750.24
3838,2750.38
3839,2800.42
3840,2750.35
3841,3139.11
3842,3111.3
3843,2944.55
3844,2911.02
3845,2941.42
3846,2941.42
3847,2951.1
3848,2944.44
3849,2941.2
3850,2858.0
3851,2810.74
3852,2750.57
3853,2879.72
3854,2899.95
3855,2850.94
3856,2879.84
3857,2810.87
3858,2780.9
3859,2929.5
3860,3050.11
3861,3111.57
3862,3067.92
3863,3316.91
3864,3316.71
3865,3870.36
3866,4250.82
3867,4540.93
3868,4373.94
3869,10000.0
3870,10000.0
3871,10000.0
3872,10000.0
3873,10000.0
3874,10000.0
3875,10000.0
3876,10000.0
3877,9499.41
3878,8976.15
3879,9096.8
3880,5499.28
3881,5231.64
3882,5180.06
3883,5001.17
3884,4516.92
3885,4190.48
3886,3767.89
3887,3696.42
3888,3573.3
3889,3470.51
3890,3564.26
3891,3620.93
3892,3580.58
3893,2626.32
3894,2592.78
3895,2385.07
3896,2400.18
3897,3000.15
3898,3010.67
3899,2539.41
3900,2780.53
3901,3415.08
3902,3441.35
3903,3492.0
3904,3470.49
3905,3573.01
3906,4012.29
3907,4999.47
3908,5500.38
3909,4999.65
3910,4196.87
3911,4093.98
3912,5005.28
3913,10000.0
3914,10000.0
3915,10000.0
3916,10000.0
3917,10000.0
3918,10000.0
3919,10000.0
3920,6000.79
3921,4920.51
3922,4339.68
3923,4379.96
3924,4379.03
3925,4499.4
3926,4401.44
3927,4377.14
3928,4012.25
3929,3630.71
3930,3510.57
3931,3800.06
3932,3720.92
3933,3573.69
3934,3473.19
3935,3401.6
3936,3138.96
3937,3200.22
3938,3200.69
3939,3401.33
3940,3467.67
3941,3573.05
3942,3564.18
3943,3139.98
3944,3111.38
3945,2950.55
3946,3030.36
3947,2950.35
3948,3111.42
3949,3200.21
3950,3195.56
3951,3200.57
3952,3200.78
3953,3301.99
3954,3500.69
3955,3500.01
3956,3441.52
3957,3759.14
3958,3999.65
3959,4377.74
3960,4481.86
3961,5446.56
3962,6505.43
3963,10000.0
3964,10000.0
3965,10000.0
3966,10000.0
3967,10000.0
3968,10000.0
3969,10000.0
3970,10000.0
3971,10000.0
3972,10000.0
3973,10000.0
3974,10000.0
3975,10000.0
3976,6005.55
3977,4999.25
3978,4888.18
3979,4888.37
3980,4888.89
3981,4540.33
3982,4516.57
3983,4377.4
3984,4097.44
3985,3573.63
3986,3570.28
3987,3500.23
3988,3316.37
3989,2519.49
3990,2531.84
3991,2860.28
3992,2860.05
3993,3000.28
3994,3165.63
3995,3301.85
3996,3473.32
3997,3720.33
3998,3819.43
3999,3693.88
4000,3759.52
4001,3837.7
4002,4377.38
4003,5369.96
4004,6505.35
4005,4505.59
4006,4505.28
4007,5231.26
4008,6505.11
4009,5999.71
4010,10000.0
4011,10000.0
4012,10000.0
4013,10000.0
4014,10000.0
4015,10000.0
4016,5303.24
4017,4505.27
4018,4464.56
4019,4379.75
4020,4098.57
4021,4377.64
4022,4379.21
4023,4379.55
4024,4281.47
4025,3800.29
4026,3759.98
4027,3720.94
4028,3693.98
4029,3340.37
4030,3139.35
4031,2999.47
4032,2867.72
4033,3000.83
4034,3111.68
4035,3564.81
4036,3573.16
4037,3415.6
4038,3300.07
4039,3111.63
4040,3000.68
4041,2944.51
4042,2944.35
4043,2885.07
4044,2710.37
4045,2867.44
4046,2944.1
4047,2885.33
4048,2867.03
4049,2700.88
4050,2628.41
4051,2929.82
4052,2944.77
4053,3316.88
4054,3510.37
4055,3620.88
4056,3767.44
4057,4219.86
4058,5231.86
4059,8855.06
4060,10000.0
4061,10000.0
4062,10000.0
4063,10000.0
4064,10000.0
4065,10000.0
4066,10000.0
4067,5500.18
4068,4300.38
4069,5800.09
4070,5750.27
4071,4457.42
4072,4021.97
4073,3506.14
4074,3000.94
4075,3882.63
4076,3951.01
4077,3882.53
4078,3769.97
4079,3721.07
4080,3721.95
4081,3570.85
4082,3553.03
4083,3401.96
4084,3195.42
4085,2650.61
4086,2800.45
4087,3012.38
4088,2944.65
4089,2941.08
4090,2941.38
4091,3000.45
4092,3139.48
4093,3473.66
4094,3564.53
4095,3759.0
4096,3837.08
4097,3767.6
4098,4219.83
4099,4481.45
4100,4735.49
4101,4100.91
4102,4549.94
4103,3999.46
4104,4999.96
4105,5000.94
4106,10000.0
4107,10000.0
4108,10000.0
4109,10000.0
4110,10000.0
4111,10000.0
4112,6000.95
4113,4900.74
4114,4665.1
4115,4540.25
4116,4516.91
4117,4516.83
4118,4379.61
4119,4499.51
4120,4379.72
4121,4012.81
4122,4248.25
4123,3882.13
4124,3759.98
4125,3441.25
4126,3470.26
4127,3650.02
4128,3573.96
4129,3441.99
4130,3441.88
4131,3111.52
4132,3111.99
4133,3067.8
4134,3111.12
4135,3111.88
4136,3111.91
4137,3111.82
4138,3067.94
4139,3050.7
4140,3050.91
4141,3067.46
4142,3067.93
4143,3042.73
4144,3042.8
4145,3067.63
4146,3327.29
4147,3441.43
4148,3573.33
4149,4190.97
4150,4712.67
4151,4577.13
4152,4481.18
4153,4749.0
4154,6505.13
4155,10000.0
4156,10000.0
4157,10000.0
4158,10000.0
4159,10000.0
4160,10000.0
4161,10000.0
4162,10000.0
4163,9999.32
4164,5800.17
4165,5500.98
4166,5800.07
4167,5500.94
4168,4650.18
4169,4097.95
4170,4097.39
4171,3705.31
4172,3705.56
4173,3200.28
4174,3320.26
4175,3570.3
4176,3580.01
4177,3138.53
4178,2945.29
4179,2800.9
4180,2753.43
4181,2112.44
4182,2349.62
4183,2400.84
4184,2628.04
4185,2099.16
4186,2349.84
4187,1999.95
4188,2079.25
4189,3010.63
4190,3139.68
4191,3195.36
4192,3050.87
4193,2800.68
4194,3200.95
4195,3757.5
4196,4499.86
4197,4097.1
4198,4499.52
4199,7000.47
4200,10000.0
4201,10000.0
4202,10000.0
4203,10000.0
4204,10000.0
4205,10000.0
4206,10000.0
4207,10000.0
4208,10000.0
4209,4499.46
4210,4250.35
4211,4012.76
4212,3870.85
4213,4000.69
4214,4000.4
4215,4377.41
4216,3999.18
4217,3767.02
4218,3767.59
4219,3490.0
4220,3420.79
4221,3650.15
4222,3619.1
4223,3564.1
4224,3402.23
4225,3165.42
4226,3401.07
4227,3138.42
4228,3111.81
4229,3139.99
4230,3139.44
4231,3138.22
4232,3111.1
4233,2977.0
4234,2867.98
4235,2925.42
4236,2867.75
4237,2867.75
4238,3000.14
4239,2867.73
4240,2842.0
4241,3000.52
4242,3138.81
4243,3138.64
4244,3401.47
4245,3639.6
4246,3767.4
4247,4377.28
4248,4098.25
4249,4577.0
4250,5500.37
4251,8000.85
4252,10000.0
4253,10000.0
4254,10000.0
4255,10000.0
4256,10000.0
4257,10000.0
4258,10000.0
4259,9999.6
4260,4794.8
4261,8499.28
4262,5512.0
4263,4700.95
4264,4251.28
4265,4224.94
4266,4054.98
4267,4379.8
4268,4096.97
4269,3620.5
4270,3620.93
4271,3441.61
4272,3211.88
4273,3111.76
4274,3195.38
4275,3111.11
4276,2700.9
4277,1999.41
4278,1999.87
4279,2543.76
4280,2539.07
4281,2610.27
4282,3111.9
4283,2752.6
4284,2982.2
4285,2950.92
4286,3050.99
4287,2990.09
4288,3173.61
4289,3138.42
4290,3316.17
4291,3720.94
4292,3999.3
4293,3767.09
4294,4094.02
4295,4384.49
4296,6005.52
4297,4999.88
4298,10000.0
4299,10000.0
4300,10000.0
4301,10000.0
4302,10000.0
4303,10000.0
4304,7999.19
4305,4094.91
4306,3837.83
4307,4440.88
4308,4012.68
4309,4000.21
4310,3951.78
4311,3693.8
4312,3573.65
4313,3000.34
4314,3000.44
4315,3200.45
4316,3200.12
4317,3470.42
4318,3442.0
4319,3208.19
4320,3202.48
4321,3138.99
4322,3300.44
4323,3301.16
4324,3300.97
4325,3138.15
4326,3112.92
4327,2929.26
4328,2750.4
4329,2750.05
4330,2929.63
4331,2605.71
4332,2567.71
4333,2330.88
4334,2349.47
4335,2567.98
4336,2730.61
4337,2899.66
4338,3111.46
4339,3200.16
4340,3103.24
4341,3316.94
4342,3400.37
4343,3526.6
4344,3620.57
4345,3837.32
4346,4202.61
4347,4505.46
4348,4888.34
4349,5200.83
4350,5800.25
4351,6200.14
4352,4888.94
4353,4550.27
4354,4499.17
4355,4094.32
4356,3050.97
4357,4516.84
4358,4540.77
4359,4500.53
4360,4095.07
4361,3139.84
4362,3020.52
4363,3050.7
4364,2750.3
4365,3139.95
4366,3300.35
4367,3139.23
4368,3050.86
4369,2986.29
4370,2984.45
4371,2600.19
4372,2312.49
4373,1798.86
4374,1693.33
4375,1693.89
4376,1693.97
4377,1829.6
4378,2012.99
4379,2000.89
4380,2200.29
4381,2849.18
4382,2929.23
4383,2941.48
4384,3111.48
4385,2951.67
4386,3195.89
4387,3564.77
4388,3918.72
4389,3300.84
4390,3490.56
4391,2719.67
4392,3371.55
4393,3837.09
4394,5450.14
4395,8999.32
4396,8855.56
4397,6599.89
4398,6000.52
4399,4400.78
4400,3999.47
4401,3704.29
4402,3449.31
4403,3401.51
4404,3195.65
4405,3470.65
4406,3555.04
4407,3500.68
4408,3139.76
4409,3195.94
4410,3470.42
4411,3138.8
4412,3112.46
4413,2929.31
4414,2800.67
4415,2944.64
4416,2999.48
4417,3300.09
4418,3401.6
4419,3450.1
4420,3301.76
4421,3301.34
4422,3300.92
4423,3195.14
4424,3138.27
4425,2944.76
4426,2944.15
4427,3050.16
4428,2900.77
4429,2700.8
4430,2523.52
4431,2944.45
4432,3000.74
4433,3050.27
4434,3111.91
4435,3441.12
4436,3473.89
4437,3767.69
4438,3999.27
4439,3999.9
4440,3999.45
4441,4505.52
4442,5008.01
4443,5000.12
4444,5008.91
4445,5180.29
4446,5502.54
4447,5446.09
4448,5008.81
4449,4251.74
4450,4098.13
4451,4005.59
4452,3805.73
4453,4505.07
4454,4516.31
4455,4251.34
4456,3620.78
4457,3573.01
4458,3441.95
4459,3553.36
4460,3441.12
4461,3111.66
4462,3050.32
4463,3138.59
4464,3129.45
4465,2959.59
4466,2800.89
4467,3195.7
4468,3138.29
4469,2929.41
4470,2855.9
4471,2600.39
4472,2499.03
4473,2268.19
4474,2268.0
4475,2268.6
4476,2539.32
4477,2499.99
4478,2800.97
4479,2944.22
4480,3200.91
4481,3111.55
4482,3470.41
4483,3720.39
4484,4000.78
4485,3767.6
4486,3669.31
4487,3573.55
4488,3700.93
4489,2929.4
4490,4097.46
4491,5008.25
4492,5505.35
4493,4499.22
4494,4095.17
4495,4099.9
4496,4094.06
4497,3759.98
4498,3573.83
4499,3510.06
4500,3229.27
4501,3266.65
4502,3400.39
4503,3639.38
4504,3573.34
4505,3441.06
4506,3401.58
4507,3441.85
4508,3573.43
4509,2999.49
4510,2993.42
4511,2841.47
4512,2841.26
4513,3111.75
4514,3120.2
4515,3200.49
4516,3200.3
4517,3111.96
4518,3111.25
4519,2944.55
4520,2820.79
4521,2628.14
4522,2410.17
4523,2950.85
4524,3000.36
4525,2841.79
4526,2722.1
4527,2632.6
4528,2590.65
4529,2875.48
4530,2944.35
4531,2944.53
4532,3055.97
4533,3195.53
4534,3500.26
4535,3573.24
4536,3175.85
4537,3693.45
4538,4391.15
4539,5800.43
4540,5458.55
4541,10000.0
4542,10000.0
4543,10000.0
4544,10000.0
4545,10000.0
4546,10000.0
4547,5243.61
4548,5243.48
4549,5500.22
4550,5550.34
4551,5243.94
4552,4516.53
4553,4296.9
4554,3999.04
4555,4251.4
4556,4012.87
4557,3890.0
4558,3564.61
4559,2788.0
4560,2800.47
4561,3200.13
4562,3415.44
4563,3195.82
4564,3000.66
4565,2600.49
4566,2539.65
4567,2620.98
4568,2722.93
4569,2548.9
4570,2700.0
4571,2941.86
4572,2944.15
4573,3111.9
4574,3510.46
4575,3195.66
4576,3510.32
4577,3441.34
4578,3759.31
4579,4735.78
4580,5499.07
4581,4190.06
4582,4499.24
4583,4438.92
4584,10000.0
4585,10000.0
4586,10000.0
4587,10000.0
4588,10000.0
4589,10000.0
4590,10000.0
4591,10000.0
4592,9998.16
4593,5660.05
4594,5200.52
4595,4499.79
4596,4094.39
4597,3470.29
4598,3650.92
4599,4199.37
4600,3769.84
4601,3650.6
4602,3720.7
4603,3767.68
4604,3693.16
4605,3401.95
4606,3139.88
4607,3139.34
4608,3000.84
4609,3500.43
4610,3500.93
4611,3573.09
4612,3573.14
4613,3564.04
4614,3441.03
4615,3169.13
4616,3119.32
4617,3139.52
4618,3139.48
4619,3244.16
4620,3244.16
4621,3175.73
4622,3195.41
4623,3139.16
4624,3138.11
4625,3175.59
4626,3450.44
4627,3564.05
4628,3767.75
4629,4092.32
4630,4499.1
4631,5050.82
4632,5446.35
4633,4577.11
4634,8499.95
4635,10000.0
4636,10000.0
4637,10000.0
4638,10000.0
4639,10000.0
4640,10000.0
4641,10000.0
4642,10000.0
4643,6299.59
4644,4987.26
4645,5350.34
4646,5500.35
4647,7000.23
4648,5000.83
4649,4516.95
4650,4499.13
4651,4435.1
4652,3999.24
4653,3769.7
4654,3492.95
4655,3470.53
4656,3553.43
4657,3573.59
4658,3714.28
4659,3573.62
4660,3473.62
4661,3111.71
4662,2999.8
4663,3111.39
4664,3138.82
4665,3175.91
4666,3139.72
4667,3139.42
4668,3175.33
4669,3473.08
4670,3714.39
4671,3720.8
4672,3720.77
4673,3573.25
4674,3999.95
4675,4540.67
4676,4540.43
4677,4200.56
4678,4735.3
4679,4601.0
4680,10000.0
4681,10000.0
4682,10000.0
4683,10000.0
4684,10000.0
4685,10000.0
4686,10000.0
4687,10000.0
4688,10000.0
4689,5200.88
4690,4873.05
4691,4499.99
4692,4329.6
4693,4000.76
4694,3810.91
4695,3769.37
4696,3769.99
4697,3669.36
4698,3693.39
4699,3573.72
4700,3345.61
4701,2999.57
4702,2999.48
4703,3460.07
4704,3470.27
4705,3590.11
4706,3621.32
4707,3473.45
4708,3401.96
4709,3299.48
4710,3200.05
4711,3301.13
4712,3283.0
4713,2999.14
4714,2999.42
4715,3000.11
4716,2999.87
4717,3111.19
4718,3104.54
4719,3204.0
4720,3244.09
4721,3138.19
4722,3244.79
4723,3323.4
4724,3467.38
4725,3759.93
4726,4377.14
4727,4516.09
4728,4577.58
4729,4750.56
4730,7501.0
4731,10000.0
4732,10000.0
4733,10000.0
4734,10000.0
4735,10000.0
4736,10000.0
4737,10000.0
4738,10000.0
4739,10000.0
4740,5500.51
4741,5500.45
4742,10000.0
4743,10000.0
4744,6035.74
4745,4536.47
4746,4499.02
4747,4499.21
4748,4460.51
4749,4516.35
4750,4499.25
4751,4377.61
4752,4190.2
4753,3714.37
4754,3714.13
4755,3415.55
4756,3164.84
4757,2720.12
4758,2752.59
4759,3102.53
4760,3195.19
4761,3669.38
4762,3837.88
4763,4203.4
4764,4219.17
4765,4499.44
4766,4499.57
4767,3999.25
4768,4099.79
4769,4540.63
4770,5409.51
4771,6000.64
4772,7864.71
4773,5000.81
4774,5000.74
4775,5243.54
4776,10000.0
4777,10000.0
4778,10000.0
4779,10000.0
4780,10000.0
4781,10000.0
4782,10000.0
4783,10000.0
4784,10000.0
4785,5000.07
4786,4597.91
4787,4499.8
4788,4250.19
4789,4377.71
4790,4219.69
4791,3999.79
4792,3999.12
4793,3759.17
4794,3769.69
4795,3759.49
4796,3573.41
4797,3500.57
4798,3470.15
4799,3510.9
4800,3500.82
4801,3400.23
4802,3467.08
4803,3470.15
4804,3111.47
4805,3138.57
4806,3055.87
4807,3195.12
4808,3100.07
4809,3050.28
4810,2944.91
4811,3111.34
4812,3050.06
4813,2600.33
4814,2545.41
4815,2349.78
4816,2349.66
4817,1991.76
4818,2752.02
4819,3195.49
4820,3415.16
4821,3546.28
4822,3639.49
4823,3573.64
4824,3999.2
4825,3667.73
4826,4219.18
4827,5200.41
4828,7500.12
4829,10000.0
4830,10000.0
4831,10000.0
4832,10000.0
4833,5243.95
4834,4999.31
4835,4450.56
4836,3499.91
4837,4510.16
4838,4500.77
4839,4329.56
4840,3904.17
4841,3300.98
4842,3111.47
4843,3244.85
4844,3175.5
4845,2349.16
4846,2022.16
4847,2100.63
4848,2519.32
4849,2565.65
4850,2752.26
4851,2530.96
4852,2500.12
4853,1586.66
4854,1500.64
4855,1586.12
4856,1586.66
4857,1586.9
4858,1850.75
4859,2250.27
4860,2511.54
4861,2849.11
4862,2849.95
4863,2944.66
4864,3195.59
4865,3365.98
4866,3759.47
4867,3999.37
4868,4197.62
4869,3720.08
4870,3958.0
4871,4219.95
4872,6188.33
4873,10000.0
4874,10000.0
4875,10000.0
4876,10000.0
4877,10000.0
4878,10000.0
4879,10000.0
4880,10000.0
4881,10000.0
4882,10000.0
4883,4875.79
4884,4519.78
4885,4499.84
4886,4499.84
4887,4499.79
4888,4219.59
4889,4499.03
4890,4499.74
4891,4219.25
4892,3769.58
4893,3340.91
4894,3055.35
4895,3111.27
4896,3100.78
4897,3365.09
4898,3573.03
4899,3470.47
4900,3470.21
4901,3470.88
4902,3470.75
4903,3510.98
4904,3500.37
4905,3336.53
4906,3323.52
4907,3111.54
4908,3111.45
4909,3111.5
4910,3139.54
4911,3290.46
4912,3174.68
4913,3470.7
4914,3573.07
4915,3693.63
4916,3736.0
4917,3918.46
4918,4219.53
4919,4499.04
4920,4499.5
4921,4481.24
4922,5505.37
4923,10000.0
4924,10000.0
4925,10000.0
4926,10000.0
4927,10000.0
4928,10000.0
4929,10000.0
4930,10000.0
4931,10000.0
4932,10000.0
4933,10000.0
4934,10000.0
4935,10000.0
4936,7000.18
4937,4540.6
4938,4499.05
4939,4438.35
4940,4329.34
4941,4094.92
4942,3729.99
4943,3573.35
4944,3250.56
4945,3296.0
4946,3396.67
4947,3111.7
4948,2979.99
4949,2306.55
4950,2349.6
4951,2128.41
4952,2128.23
4953,2230.62
4954,2849.3
4955,2670.0
4956,3011.08
4957,3736.11
4958,4092.68
4959,4418.35
4960,4499.72
4961,4160.28
4962,4510.62
4963,6250.44
4964,10000.0
4965,10000.0
4966,10000.0
4967,10000.0
4968,10000.0
4969,10000.0
4970,10000.0
4971,10000.0
4972,10000.0
4973,10000.0
4974,10000.0
4975,10000.0
4976,10000.0
4977,7999.23
4978,5777.64
4979,8010.71
4980,6000.54
4981,5308.41
4982,4500.82
4983,4499.16
4984,4329.39
4985,3999.06
4986,4269.54
4987,4012.05
4988,3837.67
4989,3573.58
4990,3500.31
4991,3499.93
4992,3039.92
4993,3621.77
4994,3834.54
4995,3696.85
4996,3696.16
4997,3759.19
4998,3736.9
4999,3693.69
5000,3693.13
5001,3570.48
5002,3500.15
5003,3450.44
5004,3470.16
5005,3265.49
5006,3200.54
5007,3470.1
5008,3470.26
5009,3700.04
5010,3759.25
5011,3759.84
5012,4000.24
5013,4190.38
5014,4499.27
5015,5000.99
5016,5180.86
5017,8000.67
5018,10000.0
5019,10000.0
5020,10000.0
5021,10000.0
5022,10000.0
5023,10000.0
5024,10000.0
5025,10000.0
5026,10000.0
5027,10000.0
5028,10000.0
5029,10000.0
5030,10000.0
5031,7999.54
5032,5100.86
5033,4500.58
5034,4499.01
5035,4098.65
5036,3917.19
5037,3175.8
5038,3111.68
5039,2841.27
5040,2750.03
5041,3111.05
5042,3139.04
5043,3310.25
5044,3138.16
5045,2349.51
5046,2349.15
5047,2065.51
5048,2200.49
5049,2373.96
5050,2373.8
5051,2944.88
5052,3000.44
5053,3139.43
5054,3138.31
5055,3564.88
5056,3837.97
5057,3600.4
5058,3999.88
5059,4499.53
5060,6278.53
5061,5180.39
5062,6470.95
5063,5505.32
5064,10000.0
5065,10000.0
5066,10000.0
5067,10000.0
5068,10000.0
5069,10000.0
5070,10000.0
5071,10000.0
5072,10000.0
5073,10000.0
5074,7754.84
5075,6644.06
5076,5459.0
5077,4499.25
5078,4400.34
5079,4499.61
5080,4499.07
5081,4499.04
5082,4050.9
5083,4019.59
5084,3990.54
5085,3876.27
5086,3693.48
5087,3650.66
5088,3696.48
5089,3573.89
5090,3759.2
5091,3693.81
5092,3700.09
5093,3759.39
5094,3759.38
5095,3700.11
5096,3573.04
5097,3450.83
5098,3470.91
5099,3517.41
5100,3564.42
5101,3546.33
5102,3518.0
5103,3460.76
5104,3460.4
5105,3500.62
5106,3613.0
5107,3650.48
5108,3714.99
5109,4100.11
5110,4499.34
5111,5060.78
5112,5060.29
5113,4600.47
5114,5243.55
5115,5600.62
5116,5499.62
5117,6505.97
5118,10000.0
5119,10000.0
5120,10000.0
5121,3999.52
5122,3350.89
5123,3890.71
5124,3218.7
5125,3401.27
5126,3300.29
5127,3546.6
5128,3183.69
5129,3000.23
5130,2953.97
5131,2889.91
5132,2723.31
5133,2730.91
5134,2713.39
5135,3050.65
5136,2872.9
5137,2499.77
5138,2499.43
5139,2410.67
5140,2349.18
5141,2000.71
5142,1499.96
5143,1830.12
5144,2022.42
5145,2022.93
5146,2092.6
5147,2600.82
5148,2673.95
5149,1829.49
5150,1919.53
5151,2763.96
5152,3000.22
5153,2349.89
5154,2900.43
5155,2944.54
5156,3000.93
5157,2539.42
5158,1999.33
5159,1999.25
5160,2929.02
5161,3449.01
5162,4019.76
5163,4540.06
5164,4500.01
5165,4516.04
5166,4329.35
5167,3999.44
5168,3512.03
5169,3674.59
5170,3500.66
5171,3800.4
5172,3564.61
5173,3195.62
5174,3050.75
5175,3470.98
5176,3415.98
5177,3570.97
5178,3570.87
5179,3573.28
5180,3470.52
5181,3230.56
5182,3004.63
5183,2875.03
5184,2500.73
5185,3050.92
5186,3200.31
5187,3301.64
5188,3473.44
5189,3564.16
5190,3441.31
5191,3111.05
5192,2991.78
5193,2500.16
5194,2820.75
5195,3111.53
5196,3220.52
5197,3111.52
5198,3111.54
5199,3039.14
5200,2941.43
5201,2875.76
5202,2875.68
5203,3111.06
5204,3500.69
5205,3639.24
5206,3700.96
5207,3767.73
5208,3837.98
5209,4219.18
5210,4998.23
5211,5800.18
5212,5999.26
5213,7500.25
5214,10000.0
5215,10000.0
5216,10000.0
5217,4980.79
5218,4610.26
5219,4019.71
5220,3720.21
5221,4100.04
5222,4094.18
5223,3200.93
5224,1999.53
5225,2700.33
5226,2849.24
5227,3401.28
5228,3470.01
5229,3401.31
5230,3200.25
5231,3020.06
5232,2373.98
5233,2385.16
5234,2583.91
5235,2625.89
5236,2400.3
5237,1748.96
5238,1748.47
5239,1245.43
5240,1000.82
5241,1985.0
5242,2774.0
5243,2400.73
5244,2680.63
5245,2000.91
5246,3000.41
5247,3553.23
5248,3837.16
5249,3526.65
5250,3350.46
5251,3178.28
5252,3350.96
5253,2770.16
5254,2750.29
5255,3700.63
5256,4499.45
5257,4507.5
5258,7005.22
5259,10000.0
5260,10000.0
5261,10000.0
5262,10000.0
5263,6500.01
5264,4800.39
5265,4540.54
5266,4329.19
5267,3990.62
5268,3780.08
5269,3500.4
5270,3319.68
5271,3396.14
5272,3396.1
5273,2872.73
5274,3133.78
5275,3564.81
5276,3441.95
5277,3401.66
5278,3190.82
5279,3500.32
5280,3179.33
5281,3470.6
5282,3401.8
5283,3229.09
5284,3111.91
5285,3229.47
5286,3111.92
5287,3050.81
5288,3050.2
5289,3195.13
5290,3195.13
5291,3138.7
5292,3138.57
5293,3139.21
5294,3139.06
5295,2841.84
5296,2912.0
5297,3111.05
5298,3400.07
5299,2999.12
5300,3088.65
5301,3326.4
5302,3383.68
5303,3500.56
5304,3767.89
5305,4400.03
5306,4510.55
5307,4520.57
5308,5005.35
5309,6520.71
5310,10000.0
5311,9999.95
5312,8137.44
5313,4097.89
5314,3900.87
5315,4100.55
5316,3672.54
5317,3750.93
5318,3441.1
5319,3700.7
5320,3401.85
5321,3500.18
5322,3401.42
5323,3573.68
5324,3564.49
5325,3720.03
5326,3573.73
5327,3650.37
5328,3470.51
5329,3200.4
5330,3200.26
5331,3441.29
5332,3401.86
5333,3050.18
5334,2944.75
5335,3139.26
5336,3195.3
5337,3138.89
5338,3195.85
5339,3139.16
5340,3111.6
5341,3470.94
5342,3573.31
5343,3834.06
5344,3834.09
5345,3767.68
5346,4473.71
5347,5219.96
5348,8000.16
5349,5193.42
5350,4749.07
5351,3999.03
5352,5000.04
5353,5000.94
5354,10000.0
5355,10000.0
5356,10000.0
5357,10000.0
5358,10000.0
5359,10000.0
5360,5111.07
5361,4616.74
5362,4469.62
5363,4269.37
5364,4015.95
5365,3999.99
5366,3999.11
5367,4000.3
5368,3951.31
5369,3573.82
5370,3806.68
5371,3944.93
5372,3767.44
5373,3573.29
5374,3400.32
5375,3639.15
5376,3573.23
5377,3669.22
5378,3720.48
5379,3601.0
5380,3573.46
5381,3573.65
5382,3470.37
5383,3396.51
5384,3335.17
5385,3290.23
5386,3316.98
5387,3229.76
5388,3290.89
5389,3012.81
5390,2953.7
5391,2953.0
5392,2953.04
5393,2850.68
5394,3100.03
5395,3290.57
5396,3360.32
5397,3767.42
5398,4000.92
5399,4190.27
5400,4219.41
5401,4377.13
5402,5550.35
5403,6005.34
5404,9501.71
5405,10000.0
5406,10000.0
5407,10000.0
5408,6505.27
5409,5999.16
5410,5999.18
5411,4999.0
5412,4435.26
5413,4540.58
5414,4519.83
5415,4516.1
5416,3800.35
5417,3500.28
5418,3500.84
5419,3415.49
5420,3195.55
5421,3138.9
5422,3195.12
5423,3415.68
5424,3250.01
5425,3139.36
5426,3195.19
5427,3195.57
5428,3111.27
5429,2028.56
5430,1779.51
5431,2000.92
5432,2300.44
5433,2500.18
5434,2941.76
5435,2944.49
5436,3111.62
5437,3441.05
5438,3195.43
5439,3229.06
5440,3195.38
5441,3139.14
5442,3195.38
5443,3383.95
5444,3470.76
5445,2719.53
5446,2719.01
5447,1999.47
5448,3000.15
5449,3615.97
5450,4655.39
5451,5375.68
5452,5600.57
5453,5800.48
5454,5800.58
5455,4329.57
5456,3470.38
5457,3675.36
5458,3730.38
5459,2975.21
5460,2872.49
5461,2975.4
5462,3195.09
5463,3470.08
5464,3200.77
5465,3639.39
5466,3600.77
5467,3573.1
5468,3473.06
5469,3415.5
5470,3111.17
5471,2892.87
5472,2892.27
5473,2944.48
5474,2875.33
5475,2944.05
5476,2891.84
5477,2916.25
5478,2890.68
5479,2850.65
5480,2850.44
5481,2848.78
5482,2848.5
5483,2970.61
5484,3012.23
5485,2944.67
5486,2944.28
5487,2994.84
5488,3000.72
5489,3111.09
5490,3200.19
5491,3441.0
5492,3361.03
5493,3564.07
5494,3564.85
5495,3600.26
5496,3500.42
5497,3837.88
5498,4139.11
5499,5300.66
5500,4800.84
5501,5300.98
5502,6000.22
5503,4600.98
5504,4419.95
5505,4098.59
5506,4095.88
5507,4600.34
5508,4516.36
5509,4460.5
5510,4095.57
5511,4499.06
5512,3999.37
5513,4329.13
5514,4499.93
5515,4519.58
5516,4499.65
5517,4435.93
5518,4210.94
5519,3685.0
5520,3441.25
5521,2999.77
5522,3111.3
5523,3470.37
5524,3470.66
5525,3130.19
5526,3111.83
5527,2975.81
5528,3111.09
5529,3240.88
5530,3440.06
5531,3138.38
5532,3301.3
5533,3139.12
5534,3195.94
5535,3415.12
5536,3564.67
5537,3573.06
5538,3837.8
5539,3837.67
5540,4000.04
5541,2500.86
5542,2519.7
5543,2520.21
5544,2999.47
5545,2999.83
5546,3401.32
5547,5500.45
5548,6005.86
5549,5750.27
5550,6005.33
5551,4900.29
5552,4400.29
5553,4000.58
5554,3499.47
5555,3837.93
5556,3470.08
5557,3837.69
5558,3750.8
5559,3930.45
5560,3573.55
5561,3573.49
5562,3837.02
5563,3500.15
5564,3441.17
5565,3138.67
5566,3130.23
5567,2950.55
5568,3000.18
5569,3250.72
5570,3360.03
5571,3360.86
5572,3470.15
5573,3179.79
5574,3179.18
5575,3007.0
5576,2973.08
5577,2900.92
5578,2892.76
5579,2850.12
5580,2875.68
5581,2870.44
5582,2845.87
5583,2870.01
5584,2870.46
5585,3100.24
5586,3200.22
5587,3441.46
5588,3441.08
5589,3410.04
5590,3610.86
5591,3500.01
5592,3800.37
5593,3590.85
5594,4099.92
5595,5249.55
5596,5000.43
5597,5501.79
5598,6510.21
5599,5800.61
5600,5550.01
5601,4450.86
5602,4499.28
5603,5000.52
5604,5999.4
5605,9000.52
5606,7500.59
5607,8000.61
5608,5446.93
5609,4577.38
5610,4499.43
5611,4198.88
5612,4012.38
5613,3793.97
5614,3590.38
5615,3130.87
5616,2780.96
5617,1568.92
5618,1999.21
5619,3150.6
5620,3150.14
5621,1449.77
5622,999.83
5623,2240.3
5624,2500.01
5625,2500.74
5626,2519.63
5627,1649.54
5628,2400.4
5629,1879.79
5630,2268.22
5631,2999.49
5632,3111.16
5633,2500.45
5634,2500.8
5635,3086.53
5636,3500.22
5637,3111.63
5638,3195.36
5639,3219.73
5640,3800.25
5641,3870.93
5642,5000.74
5643,4479.92
5644,5000.59
5645,5905.73
5646,5500.25
5647,4880.64
5648,4100.55
5649,4000.25
5650,3449.81
5651,2789.59
5652,2500.65
5653,4012.97
5654,4019.8
5655,3767.39
5656,3499.93
5657,3499.79
5658,3620.46
5659,3564.44
5660,3200.88
5661,3175.78
5662,3175.19
5663,2930.15
5664,2842.66
5665,2889.43
5666,2850.74
5667,3095.0
5668,3000.53
5669,3230.31
5670,3360.6
5671,3401.33
5672,3336.86
5673,3230.43
5674,3195.81
5675,3000.12
5676,2987.0
5677,2800.53
5678,2720.4
5679,2650.09
5680,2889.69
5681,3130.36
5682,3441.87
5683,3360.91
5684,3360.88
5685,3410.39
5686,3470.57
5687,3470.79
5688,3500.87
5689,3759.89
5690,4505.45
5691,4627.33
5692,5505.58
5693,5813.0
5694,6510.19
5695,5800.46
5696,5000.29
5697,5500.9
5698,4999.45
5699,4499.74
5700,4143.97
5701,2640.72
5702,2019.94
5703,3000.35
5704,1519.95
5705,3000.8
5706,3111.95
5707,3500.16
5708,3139.55
5709,3229.21
5710,3111.76
5711,2944.15
5712,2590.06
5713,2349.04
5714,2349.2
5715,2600.79
5716,2590.13
5717,1479.26
5718,1220.17
5719,1830.52
5720,2065.04
5721,2065.58
5722,2268.78
5723,2100.92
5724,2716.45
5725,3100.78
5726,3285.6
5727,3396.25
5728,3470.56
5729,3720.62
5730,3879.41
5731,4404.44
5732,5005.43
5733,4577.11
5734,4577.71
5735,4095.1
5736,5200.26
5737,6005.72
5738,10000.0
5739,10000.0
5740,10000.0
5741,10000.0
5742,10000.0
5743,10000.0
5744,9999.47
5745,5005.13
5746,4601.1
5747,4516.8
5748,4499.45
5749,4499.93
5750,4329.94
5751,4470.0
5752,4250.14
5753,4329.16
5754,4219.23
5755,3767.69
5756,3620.22
5757,3564.07
5758,3423.19
5759,3441.48
5760,3470.92
5761,3564.97
5762,3639.7
5763,3834.11
5764,3834.3
5765,3639.49
5766,3639.4
5767,3564.33
5768,3444.15
5769,3195.9
5770,3138.12
5771,3111.49
5772,3138.1
5773,3130.04
5774,3250.31
5775,3336.01
5776,3139.81
5777,3200.25
5778,3441.0
5779,3615.26
5780,3767.73
5781,3910.23
5782,4012.95
5783,4499.98
5784,4540.53
5785,4626.75
5786,5200.08
5787,5243.77
5788,5600.3
5789,5954.16
5790,5955.02
5791,5000.67
5792,4802.51
5793,4690.31
5794,4400.8
5795,3490.92
5796,1999.37
5797,3250.51
5798,3336.58
5799,3244.9
5800,3372.59
5801,3138.85
5802,3175.81
5803,2886.98
5804,2575.08
5805,2400.05
5806,1999.56
5807,2210.6
5808,1817.93
5809,2500.67
5810,2519.61
5811,2590.32
5812,2512.88
5813,1199.31
5814,1100.97
5815,989.06
5816,989.68
5817,950.52
5818,999.27
5819,750.89
5820,750.97
5821,999.6
5822,999.89
5823,2144.4
5824,2716.97
5825,2906.69
5826,3000.41
5827,3111.92
5828,3209.51
5829,3139.73
5830,2999.73
5831,2841.94
5832,3470.34
5833,3979.28
5834,4426.62
5835,5200.52
5836,7503.83
5837,8765.75
5838,6000.23
5839,4864.64
5840,4500.32
5841,4499.73
5842,4400.92
5843,4099.56
5844,4012.86
5845,4040.85
5846,3999.37
5847,3990.88
5848,3696.11
5849,4110.17
5850,4036.89
5851,3714.73
5852,3696.96
5853,3573.56
5854,3401.79
5855,3573.05
5856,3573.1
5857,3900.03
5858,3990.77
5859,3714.48
5860,3714.51
5861,3470.28
5862,3519.93
5863,3573.29
5864,3499.73
5865,3499.16
5866,3499.31
5867,3250.77
5868,3195.82
5869,3195.38
5870,3195.47
5871,3138.69
5872,3195.11
5873,3401.4
5874,3524.52
5875,3582.12
5876,3999.53
5877,3999.04
5878,4519.63
5879,5000.93
5880,5999.04
5881,5180.63
5882,6530.22
5883,10000.0
5884,10000.0
5885,10000.0
5886,10000.0
5887,10000.0
5888,10000.0
5889,10000.0
5890,10000.0
5891,5500.63
5892,4000.72
5893,4000.51
5894,3999.51
5895,3250.95
5896,3138.53
5897,3415.2
5898,3441.19
5899,3714.3
5900,3684.39
5901,3553.72
5902,3440.49
5903,3130.95
5904,3253.91
5905,3111.5
5906,3111.25
5907,2628.57
5908,2082.0
5909,1829.64
5910,1670.8
5911,2240.74
5912,2410.16
5913,2526.13
5914,2849.59
5915,2979.47
5916,2944.79
5917,3111.97
5918,3396.49
5919,3415.97
5920,3415.12
5921,3100.07
5922,3500.25
5923,3999.22
5924,4000.7
5925,3800.03
5926,3800.33
5927,4540.72
5928,5200.92
5929,5500.12
5930,10000.0
5931,10000.0
5932,10000.0
5933,10000.0
5934,10000.0
5935,10000.0
5936,10000.0
5937,10000.0
5938,10000.0
5939,8030.5
5940,6000.81
5941,5306.72
5942,4540.03
5943,4540.4
5944,4516.3
5945,4750.59
5946,5402.45
5947,4300.44
5948,4040.08
5949,3615.86
5950,3500.36
5951,3880.92
5952,3800.02
5953,3500.7
5954,3500.31
5955,3530.97
5956,3530.12
5957,3500.57
5958,3500.59
5959,3573.23
5960,3573.06
5961,3573.76
5962,3530.27
5963,3500.55
5964,3441.52
5965,3530.04
5966,3573.9
5967,3441.79
5968,3429.17
5969,3441.41
5970,3800.47
5971,3573.65
5972,3999.82
5973,4577.46
5974,5696.53
5975,6000.85
5976,6540.53
5977,5510.42
5978,7000.86
5979,6838.81
5980,10000.0
5981,10000.0
5982,10000.0
5983,10000.0
5984,10000.0
5985,10000.0
5986,4810.94
5987,3499.32
5988,3510.97
5989,3993.63
5990,4038.47
5991,4012.4
5992,3328.46
5993,2600.3
5994,2999.73
5995,3000.99
5996,2979.31
5997,3450.75
5998,3441.65
5999,2700.96
6000,2200.97
6001,2423.53
6002,2590.95
6003,2790.49
6004,2578.64
6005,1829.8
6006,1798.15
6007,1829.56
6008,2097.97
6009,2499.89
6010,2545.8
6011,2621.91
6012,2625.57
6013,2849.85
6014,3050.84
6015,3195.68
6016,3178.84
6017,3111.42
6018,3470.93
6019,3615.24
6020,3767.9
6021,3401.03
6022,3410.02
6023,3415.52
6024,3570.66
6025,3693.38
6026,10000.0
6027,10000.0
6028,10000.0
6029,10000.0
6030,10000.0
6031,10000.0
6032,10000.0
6033,10000.0
6034,6999.84
6035,5578.46
6036,5600.45
6037,6196.2
6038,5600.16
6039,4700.95
6040,4020.97
6041,4320.85
6042,4540.98
6043,4219.86
6044,4047.58
6045,3230.48
6046,3120.14
6047,3500.07
6048,3470.96
6049,3470.87
6050,3610.03
6051,3610.52
6052,3573.89
6053,3573.51
6054,3600.98
6055,3441.8
6056,3415.58
6057,3253.05
6058,3249.25
6059,3441.58
6060,3550.44
6061,3200.86
6062,3170.52
6063,3326.67
6064,3272.26
6065,3415.54
6066,3441.55
6067,3410.48
6068,3441.59
6069,3790.21
6070,3979.21
6071,4058.33
6072,4460.94
6073,4700.74
6074,4810.16
6075,6000.95
6076,7500.66
6077,9007.69
6078,10000.0
6079,7500.76
6080,5998.37
6081,4750.13
6082,4700.4
6083,4460.17
6084,4012.17
6085,3573.39
6086,3200.07
6087,3415.06
6088,3441.44
6089,2880.32
6090,2789.92
6091,3111.45
6092,2889.82
6093,2598.24
6094,2500.91
6095,2120.26
6096,2119.48
6097,1707.96
6098,1761.61
6099,1657.11
6100,1479.28
6101,1000.26
6102,1000.48
6103,600.31
6104,600.56
6105,1470.54
6106,1500.03
6107,1707.73
6108,1761.61
6109,1829.01
6110,1829.98
6111,2076.21
6112,2599.93
6113,2118.99
6114,2706.24
6115,3111.01
6116,3111.59
6117,3130.2
6118,3178.45
6119,3401.38
6120,3917.12
6121,4051.28
6122,4968.12
6123,10000.0
6124,10000.0
6125,10000.0
6126,10000.0
6127,10000.0
6128,10000.0
6129,10000.0
6130,10000.0
6131,10000.0
6132,6599.03
6133,10000.0
6134,9499.03
6135,4999.5
6136,4563.88
6137,4635.53
6138,4577.6
6139,4535.52
6140,4400.84
6141,4219.73
6142,4093.89
6143,4012.21
6144,3615.87
6145,4140.63
6146,4377.31
6147,4325.3
6148,4219.12
6149,3880.47
6150,3696.57
6151,3880.67
6152,3880.41
6153,3667.54
6154,3639.81
6155,3693.63
6156,3615.93
6157,3573.64
6158,3582.32
6159,3639.12
6160,3693.66
6161,3979.1
6162,4140.5
6163,4219.96
6164,4377.88
6165,4499.62
6166,5575.88
6167,6720.06
6168,6720.83
6169,5500.01
6170,6550.56
6171,6600.3
6172,10000.0
6173,10000.0
6174,10000.0
6175,10000.0
6176,10000.0
6177,5999.55
6178,4904.72
6179,4219.04
6180,3720.28
6181,4199.66
6182,3696.88
6183,3573.2
6184,3111.98
6185,2979.58
6186,3130.07
6187,3001.36
6188,3000.05
6189,3000.86
6190,2979.75
6191,2898.86
6192,2889.9
6193,2770.22
6194,2722.23
6195,2512.82
6196,2499.98
6197,2028.76
6198,2059.6
6199,2458.86
6200,2500.51
6201,2700.05
6202,2700.43
6203,3111.18
6204,2944.84
6205,2628.82
6206,2790.33
6207,3000.6
6208,3401.81
6209,3783.62
6210,4102.7
6211,4033.45
6212,4039.43
6213,3470.57
6214,3470.71
6215,3800.1
6216,4516.96
6217,4073.16
6218,10000.0
6219,10000.0
6220,10000.0
6221,10000.0
6222,10000.0
6223,10000.0
6224,10000.0
6225,10000.0
6226,7999.23
6227,5060.69
6228,4800.93
6229,4400.36
6230,4329.06
6231,4329.23
6232,3959.15
6233,3999.65
6234,4328.57
6235,3999.3
6236,3888.75
6237,3582.44
6238,3400.69
6239,3470.77
6240,3470.63
6241,3157.03
6242,3470.82
6243,3470.3
6244,3470.33
6245,3435.18
6246,3401.15
6247,3360.39
6248,3230.12
6249,3249.04
6250,3230.66
6251,3130.5
6252,3050.18
6253,2979.12
6254,3000.22
6255,3195.3
6256,3195.25
6257,3234.71
6258,3234.99
6259,3441.16
6260,3573.38
6261,3582.72
6262,3720.1
6263,4010.97
6264,4010.27
6265,4540.41
6266,5800.36
6267,7500.21
6268,10000.0
6269,10000.0
6270,10000.0
6271,10000.0
6272,4999.29
6273,6005.09
6274,5200.22
6275,4092.3
6276,3950.36
6277,4020.3
6278,3950.91
6279,3979.32
6280,3573.53
6281,3195.51
6282,3470.63
6283,3441.89
6284,3510.39
6285,3450.32
6286,3436.0
6287,3470.73
6288,3200.8
6289,4199.6
6290,4193.3
6291,2979.05
6292,2896.81
6293,2385.87
6294,2610.04
6295,2944.43
6296,2944.48
6297,2979.15
6298,3111.84
6299,3138.18
6300,3130.22
6301,3310.37
6302,3473.75
6303,3979.93
6304,4102.65
6305,3979.92
6306,3999.85
6307,4499.17
6308,4577.55
6309,4499.46
6310,4640.28
6311,4900.76
6312,4875.34
6313,3601.58
6314,4500.29
6315,10000.0
6316,10000.0
6317,10000.0
6318,10000.0
6319,10000.0
6320,10000.0
6321,5200.83
6322,4864.51
6323,4200.77
6324,3999.96
6325,4031.68
6326,4500.12
6327,5060.66
6328,4250.34
6329,4620.73
6330,4970.02
6331,5200.01
6332,4820.4
6333,4300.97
6334,4199.3
6335,4325.14
6336,4012.16
6337,4219.78
6338,4019.49
6339,4010.44
6340,3990.02
6341,3615.5
6342,3752.43
6343,3435.08
6344,3200.94
6345,3582.67
6346,3623.98
6347,3573.26
6348,3596.68
6349,3526.78
6350,3470.25
6351,3573.76
6352,3615.96
6353,3800.4
6354,4019.85
6355,4401.27
6356,4377.29
6357,4540.4
6358,4850.25
6359,4673.39
6360,5200.14
6361,4510.29
6362,6499.5
6363,6305.53
6364,9500.09
6365,6699.53
6366,6349.35
6367,4577.01
6368,4010.92
6369,4260.18
6370,4499.57
6371,3750.36
6372,3499.74
6373,3470.46
6374,3582.35
6375,3720.47
6376,3582.6
6377,3573.8
6378,3620.21
6379,3441.16
6380,3415.29
6381,3287.43
6382,3269.38
6383,3250.68
6384,3195.07
6385,3269.05
6386,3396.38
6387,3301.94
6388,3196.75
6389,2722.95
6390,2722.84
6391,3111.8
6392,3195.54
6393,3195.53
6394,3269.39
6395,3415.17
6396,3441.4
6397,3470.27
6398,3470.88
6399,3615.56
6400,4102.69
6401,4060.6
6402,4027.99
6403,4418.48
6404,5249.82
6405,4219.65
6406,4014.74
6407,3056.3
6408,3550.08
6409,4000.71
6410,5500.58
6411,10000.0
6412,10000.0
6413,10000.0
6414,10000.0
6415,10000.0
6416,10000.0
6417,9999.67
6418,6005.31
6419,4650.13
6420,4500.3
6421,4510.76
6422,4540.8
6423,4800.07
6424,4540.72
6425,6000.53
6426,6000.69
6427,6000.71
6428,5050.53
6429,4540.8
6430,4540.39
6431,5200.91
6432,5160.0
6433,4540.59
6434,4540.8
6435,4499.72
6436,4499.41
6437,4219.87
6438,4219.84
6439,3999.98
6440,3800.8
6441,3615.89
6442,3667.88
6443,3667.33
6444,3615.48
6445,3615.67
6446,3615.21
6447,3615.0
6448,3999.31
6449,4329.07
6450,4499.61
6451,4540.43
6452,4999.34
6453,6510.06
6454,8000.93
6455,10000.0
6456,9197.92
6457,6505.43
6458,8000.07
6459,5999.91
6460,6000.49
6461,5400.8
6462,4674.04
6463,4577.94
6464,4438.56
6465,4035.94
6466,3969.71
6467,3500.66
6468,3401.34
6469,3696.87
6470,3553.93
6471,3696.34
6472,3582.75
6473,3469.74
6474,3553.06
6475,3553.07
6476,3343.18
6477,2970.56
6478,2889.38
6479,3111.72
6480,2810.61
6481,2889.88
6482,2979.59
6483,2944.85
6484,2799.53
6485,2599.3
6486,2349.43
6487,2800.23
6488,2841.04
6489,2841.9
6490,2889.11
6491,2889.16
6492,2841.75
6493,3138.17
6494,3099.07
6495,3290.39
6496,3350.89
6497,3573.77
6498,3951.07
6499,4219.81
6500,4499.57
6501,3990.55
6502,3885.33
6503,3396.5
6504,3951.84
6505,4200.91
6506,5001.26
6507,5999.83
6508,10000.0
6509,10000.0
6510,10000.0
6511,10000.0
6512,6500.16
6513,4597.93
6514,4540.05
6515,4500.44
6516,4329.87
6517,4377.3
6518,4377.65
6519,5200.64
6520,5270.7
6521,5375.59
6522,5375.58
6523,5200.77
6524,4950.2
6525,4286.07
6526,4012.61
6527,3979.68
6528,3615.41
6529,4377.25
6530,4329.32
6531,4329.5
6532,4329.51
6533,3805.64
6534,3615.89
6535,3615.64
6536,3615.29
6537,3696.31
6538,3783.3
6539,3693.85
6540,3696.08
6541,3696.33
6542,3693.15
6543,3667.22
6544,3615.14
6545,3729.46
6546,4019.17
6547,4012.08
6548,4000.34
6549,4500.44
6550,4516.98
6551,4464.88
6552,4411.01
6553,4396.83
6554,5500.4
6555,5501.11
6556,7500.79
6557,7284.0
6558,7500.98
6559,5800.63
6560,4864.18
6561,5205.14
6562,4500.16
6563,4329.97
6564,4007.39
6565,4925.62
6566,5446.1
6567,4516.17
6568,4329.27
6569,3999.17
6570,3947.02
6571,3583.43
6572,3112.35
6573,2979.18
6574,2979.82
6575,3469.72
6576,3441.3
6577,3396.12
6578,3195.94
6579,3415.31
6580,3396.87
6581,2800.78
6582,2800.02
6583,2995.88
6584,3111.75
6585,3160.78
6586,3470.53
6587,3550.16
6588,3550.16
6589,3470.1
6590,3573.69
6591,4012.97
6592,4464.49
6593,4377.82
6594,4540.78
6595,5000.94
6596,5999.11
6597,5400.47
6598,4577.07
6599,4206.05
6600,4750.96
6601,4674.73
6602,7999.43
6603,10000.0
6604,10000.0
6605,10000.0
6606,10000.0
6607,10000.0
6608,10000.0
6609,9998.9
6610,5999.58
6611,5499.15
6612,5060.66
6613,5100.09
6614,5200.33
6615,5750.81
6616,5400.7
6617,5000.14
6618,5100.69
6619,4875.81
6620,4516.78
6621,4403.2
6622,4160.06
6623,4499.27
6624,4219.39
6625,4650.14
6626,4577.76
6627,4999.35
6628,4760.01
6629,4519.52
6630,4516.36
6631,4519.78
6632,4516.1
6633,4377.4
6634,4219.24
6635,3923.2
6636,4012.32
6637,3947.61
6638,3800.6
6639,4012.7
6640,4096.19
6641,4499.23
6642,4519.41
6643,4516.93
6644,4540.53
6645,5100.43
6646,5375.72
6647,5505.15
6648,5805.39
6649,7005.07
6650,10000.0
6651,10000.0
6652,10000.0
6653,10000.0
6654,10000.0
6655,5500.53
6656,4864.36
6657,5200.55
6658,5375.58
6659,5999.16
6660,5999.16
6661,8000.73
6662,8000.76
6663,5500.19
6664,5243.23
6665,4516.22
6666,4499.18
6667,4219.74
6668,4219.36
6669,3696.92
6670,3553.41
6671,3469.01
6672,3415.03
6673,3441.46
6674,3469.8
6675,3396.79
6676,3415.65
6677,2899.32
6678,2349.45
6679,2995.87
6680,3209.97
6681,3415.6
6682,3441.76
6683,3469.87
6684,3573.06
6685,3696.72
6686,3615.02
6687,3849.87
6688,4340.59
6689,4340.35
6690,4499.7
6691,4516.72
6692,4650.08
6693,4109.69
6694,4093.95
6695,4020.18
6696,4499.08
6697,4396.74
6698,5502.43
6699,10000.0
6700,10000.0
6701,10000.0
6702,10000.0
6703,10000.0
6704,8004.94
6705,5440.0
6706,4999.96
6707,5200.91
6708,4970.14
6709,4800.0
6710,4900.55
6711,5311.48
6712,4999.03
6713,5375.8
6714,5502.19
6715,6005.58
6716,5499.95
6717,4516.3
6718,4325.48
6719,4377.42
6720,4160.59
6721,4774.0
6722,4540.89
6723,5005.33
6724,5005.05
6725,4519.14
6726,4499.26
6727,4499.74
6728,4499.28
6729,4499.34
6730,4499.08
6731,4499.82
6732,4499.43
6733,4206.91
6734,4206.96
6735,4325.43
6736,4499.12
6737,4516.16
6738,5005.02
6739,4519.9
6740,4625.33
6741,4577.59
6742,5300.92
6743,5505.46
6744,5805.98
6745,6505.97
6746,10000.0
6747,10000.0
6748,10000.0
6749,10000.0
6750,10000.0
6751,6505.1
6752,4420.82
6753,5006.39
6754,4464.53
6755,4500.87
6756,5200.85
6757,5100.92
6758,5300.7
6759,5100.3
6760,4499.76
6761,3849.42
6762,3947.32
6763,3947.15
6764,3573.81
6765,3470.34
6766,3550.32
6767,3573.11
6768,3401.79
6769,3553.29
6770,3573.24
6771,3369.57
6772,3249.14
6773,2240.88
6774,2550.17
6775,3000.63
6776,3111.55
6777,3100.64
6778,3127.92
6779,3130.24
6780,3195.51
6781,3133.33
6782,3415.92
6783,3470.68
6784,3499.51
6785,3399.78
6786,3400.16
6787,2862.77
6788,2862.98
6789,3088.45
6790,3138.24
6791,3250.81
6792,3195.08
6793,3401.85
6794,4219.64
6795,4577.71
6796,5402.94
6797,10000.0
6798,10000.0
6799,9999.21
6800,6000.96
6801,5500.11
6802,5499.55
6803,4970.54
6804,4519.22
6805,4520.64
6806,4519.38
6807,4500.4
6808,4250.93
6809,4516.46
6810,4516.83
6811,4519.56
6812,4499.82
6813,3999.74
6814,3791.53
6815,3747.0
6816,3696.37
6817,4970.09
6818,4970.84
6819,4540.65
6820,4540.04
6821,4516.96
6822,4499.32
6823,4499.85
6824,4464.0
6825,4499.12
6826,4499.15
6827,4096.68
6828,4325.74
6829,4096.6
6830,4219.3
6831,3627.49
6832,3696.88
6833,4377.5
6834,4519.59
6835,4519.09
6836,4516.66
6837,4519.49
6838,5100.92
6839,5100.73
6840,5505.26
6841,5800.06
6842,8765.15
6843,9005.23
6844,10000.0
6845,10000.0
6846,8000.03
6847,4516.65
6848,3600.25
6849,3600.15
6850,3000.54
6851,3111.71
6852,2539.8
6853,4100.33
6854,4501.11
6855,4121.76
6856,3582.47
6857,3553.29
6858,3470.78
6859,3696.01
6860,3470.44
6861,3100.63
6862,2979.07
6863,3111.39
6864,2944.27
6865,2750.23
6866,2878.45
6867,2341.01
6868,2213.73
6869,1999.89
6870,1969.67
6871,2073.38
6872,2116.66
6873,2022.12
6874,2116.11
6875,2849.15
6876,2944.33
6877,2990.27
6878,3118.03
6879,3138.41
6880,3050.79
6881,2688.72
6882,3000.95
6883,3520.33
6884,3729.12
6885,3005.39
6886,3111.75
6887,3195.07
6888,3340.27
6889,3229.29
6890,4325.63
6891,4650.47
6892,5200.92
6893,5311.37
6894,5516.36
6895,4601.11
6896,4418.23
6897,4516.87
6898,4219.88
6899,4072.87
6900,4020.52
6901,3999.68
6902,3573.42
6903,3323.45
6904,3195.56
6905,3599.34
6906,3999.09
6907,4219.13
6908,3999.57
6909,3951.47
6910,3693.72
6911,3696.08
6912,3573.02
6913,3415.54
6914,3573.65
6915,3615.8
6916,3615.41
6917,3700.12
6918,3627.29
6919,3752.21
6920,3610.57
6921,3615.09
6922,3615.34
6923,3918.97
6924,3800.84
6925,3639.93
6926,3639.27
6927,3521.42
6928,3500.57
6929,3460.24
6930,3470.44
6931,3520.69
6932,3639.05
6933,3947.38
6934,4219.51
6935,4540.45
6936,4540.35
6937,4377.63
6938,4499.36
6939,4012.84
6940,4058.87
6941,3076.08
6942,2019.68
6943,1519.3
6944,1000.4
6945,1948.27
6946,2000.57
6947,2478.67
6948,2547.77
6949,3401.09
6950,3486.0
6951,2995.67
6952,2165.11
6953,1817.39
6954,1489.43
6955,1330.43
6956,799.96
6957,1489.58
6958,1500.51
6959,1500.38
6960,1499.85
6961,1489.28
6962,1464.33
6963,1399.43
6964,1399.19
6965,1199.91
6966,1330.33
6967,1199.66
6968,1330.89
6969,1799.88
6970,1948.22
6971,1830.51
6972,1829.54
6973,1588.03
6974,1705.36
6975,1588.2
6976,1700.45
6977,1349.11
6978,1588.71
6979,2000.35
6980,2500.45
6981,1984.61
6982,999.78
6983,1817.34
6984,1399.7
6985,1948.25
6986,2500.76
6987,3467.19
6988,3879.56
6989,3667.8
6990,3783.52
6991,3573.96
6992,3133.24
6993,2693.08
6994,2693.01
6995,2944.38
6996,2944.14
6997,3195.07
6998,3415.26
6999,3441.27
7000,3500.77
7001,3583.19
7002,3693.76
7003,3693.55
7004,3573.03
7005,2838.17
7006,2349.99
7007,2600.49
7008,2700.93
7009,2944.45
7010,3249.69
7011,3473.91
7012,3467.83
7013,2910.13
7014,2820.71
7015,2944.67
7016,2860.22
7017,2889.49
7018,3000.07
7019,2800.28
7020,2662.47
7021,2000.8
7022,2100.26
7023,2099.44
7024,2580.45
7025,2944.27
7026,3111.45
7027,3006.93
7028,3040.54
7029,3106.88
7030,3195.36
7031,2662.93
7032,2662.72
7033,3195.1
7034,3450.03
7035,2271.55
7036,2271.65
7037,3000.99
7038,3000.8
7039,2944.49
7040,1830.58
7041,2539.66
7042,2539.68
7043,1997.1
7044,2226.81
7045,2849.03
7046,2849.32
7047,2800.18
7048,2666.6
7049,1979.26
7050,2011.17
7051,2576.46
7052,2620.4
7053,2095.34
7054,2007.63
7055,2250.88
7056,1829.74
7057,2022.49
7058,2200.57
7059,2095.72
7060,2099.42
7061,2095.67
7062,2095.96
7063,2051.73
7064,2071.27
7065,2074.57
7066,2099.35
7067,2064.1
7068,1829.28
7069,2500.49
7070,2349.16
7071,2911.19
7072,2979.52
7073,3100.28
7074,3000.47
7075,3000.76
7076,3195.98
7077,3165.05
7078,2944.87
7079,2700.83
7080,2944.1
7081,2990.74
7082,3999.42
7083,4540.3
7084,5000.42
7085,4520.28
7086,5001.8
7087,5100.07
7088,4519.46
7089,4252.23
7090,3999.97
7091,4000.85
7092,4012.19
7093,4516.26
7094,4516.79
7095,4516.53
7096,4481.07
7097,4540.14
7098,4620.06
7099,4550.65
7100,4516.35
7101,4499.81
7102,4012.49
7103,4499.92
7104,4499.11
7105,4401.37
7106,4500.51
7107,4540.57
7108,4540.96
7109,4581.08
7110,4800.08
7111,4499.87
7112,4499.27
7113,4401.76
7114,4481.28
7115,4300.94
7116,4219.89
7117,3888.86
7118,3888.23
7119,3693.06
7120,3696.31
7121,3689.91
7122,3917.74
7123,4066.22
7124,4102.45
7125,4481.9
7126,4540.47
7127,4577.75
7128,4526.55
7129,4540.9
7130,5000.5
7131,4499.4
7132,4499.91
7133,4028.58
7134,3700.83
7135,3620.73
7136,3056.09
7137,3002.4
7138,2990.61
7139,3138.25
7140,3003.37
7141,3000.24
7142,2990.36
7143,2735.5
7144,2711.4
7145,2524.6
7146,3010.22
7147,2959.65
7148,3065.25
7149,2944.8
7150,2944.07
7151,2306.22
7152,2136.25
7153,2298.02
7154,2298.04
7155,2041.9
7156,2037.36
7157,1818.0
7158,1699.93
7159,1654.36
7160,1654.55
7161,1899.19
7162,1830.87
7163,2079.27
7164,2099.21
7165,2539.02
7166,2876.12
7167,3036.24
7168,3259.49
7169,3351.34
7170,3534.24
7171,3693.89
7172,3800.75
7173,3249.7
7174,2940.39
7175,2626.86
7176,2650.38
7177,1001.0
7178,3351.5
7179,3800.67
7180,3800.88
7181,4027.1
7182,4500.09
7183,4012.86
7184,3951.67
7185,3500.19
7186,3195.42
7187,3059.71
7188,3079.72
7189,3990.6
7190,3980.12
7191,3990.76
7192,3990.89
7193,3910.05
7194,4012.75
7195,3918.71
7196,3667.74
7197,3435.11
7198,3351.17
7199,3252.09
7200,2990.82
7201,3615.19
7202,3700.24
7203,3979.32
7204,3979.6
7205,3729.07
7206,3951.13
7207,3583.25
7208,3583.7
7209,3573.74
7210,3573.2
7211,3573.03
7212,3573.16
7213,3573.35
7214,3582.4
7215,3500.52
7216,3441.57
7217,3441.85
7218,3626.63
7219,3947.8
7220,4012.64
7221,3693.33
7222,3750.41
7223,3951.59
7224,3720.72
7225,4104.67
7226,4499.6
7227,4650.17
7228,5090.54
7229,4595.24
7230,4577.43
7231,4005.13
7232,2539.13
7233,1819.85
7234,1819.26
7235,1999.35
7236,1999.5
7237,3195.63
7238,3415.4
7239,3195.52
7240,3138.17
7241,3000.17
7242,3000.29
7243,3195.61
7244,3195.59
7245,3111.83
7246,3111.24
7247,2944.91
7248,2610.93
7249,2240.47
7250,2310.26
7251,2735.38
7252,2735.92
7253,1984.21
7254,1830.64
7255,1969.94
7256,1969.26
7257,2375.13
7258,2789.56
7259,2849.71
7260,2260.14
7261,2238.37
7262,2979.3
7263,2990.63
7264,3111.97
7265,3620.25
7266,4001.81
7267,3979.88
7268,3999.93
7269,3323.5
7270,3112.0
7271,1999.82
7272,2790.67
7273,3573.25
7274,4750.73
7275,7999.62
7276,10000.0
7277,10000.0
7278,10000.0
7279,10000.0
7280,10000.0
7281,5999.37
7282,5350.0
7283,4601.23
7284,4499.78
7285,4610.35
7286,4577.85
7287,5005.78
7288,5000.79
7289,5967.2
7290,5999.62
7291,7114.07
7292,5999.83
7293,4500.08
7294,4499.62
7295,5005.96
7296,4577.32
7297,4577.54
7298,4450.5
7299,4636.51
7300,5005.99
7301,4300.67
7302,4300.98
7303,3583.64
7304,3550.86
7305,3573.3
7306,3570.25
7307,3500.86
7308,3573.01
7309,3470.5
7310,3470.73
7311,3441.55
7312,3441.49
7313,3433.33
7314,3615.79
7315,4012.96
7316,4499.14
7317,3903.54
7318,4082.53
7319,4341.27
7320,4500.34
7321,4219.32
7322,4450.05
7323,5500.21
7324,6001.07
7325,5500.36
7326,4904.45
7327,3750.2
7328,1999.8
7329,3599.54
7330,3470.08
7331,3113.14
7332,2824.8
7333,3564.61
7334,3582.63
7335,3401.11
7336,3200.05
7337,3111.13
7338,3138.37
7339,3402.0
7340,3220.34
7341,3195.2
7342,3111.83
7343,2838.77
7344,2550.33
7345,2717.31
7346,2819.09
7347,2499.85
7348,2499.5
7349,2259.21
7350,2259.04
7351,1999.28
7352,2064.92
7353,1999.04
7354,2035.55
7355,1984.42
7356,2064.45
7357,2899.72
7358,3111.75
7359,3410.37
7360,3415.2
7361,3500.28
7362,3979.14
7363,4340.58
7364,5375.02
7365,3783.85
7366,3729.83
7367,3800.12
7368,3998.51
7369,3441.97
7370,3894.54
7371,10000.0
7372,10000.0
7373,10000.0
7374,10000.0
7375,10000.0
7376,10000.0
7377,10000.0
7378,5800.56
7379,5500.67
7380,5000.0
7381,6505.13
7382,6005.6
7383,5005.03
7384,4750.05
7385,7500.11
7386,7500.84
7387,5999.21
7388,5999.32
7389,4300.24
7390,3999.7
7391,3600.86
7392,3460.61
7393,4499.39
7394,4577.06
7395,4056.78
7396,3999.88
7397,3499.42
7398,3499.03
7399,3626.36
7400,3700.57
7401,3470.87
7402,3564.26
7403,3470.92
7404,3470.74
7405,3441.57
7406,3441.06
7407,2999.59
7408,3120.99
7409,3583.61
7410,3979.75
7411,3979.16
7412,4019.98
7413,4540.16
7414,5300.92
7415,4540.85
7416,5103.59
7417,4372.95
7418,5058.73
7419,6613.4
7420,10000.0
7421,5199.2
7422,4516.88
7423,4095.99
7424,4250.74
7425,3999.63
7426,3979.53
7427,3620.68
7428,3564.89
7429,3529.64
7430,3529.25
7431,3400.12
7432,3000.87
7433,2880.43
7434,3195.01
7435,3230.25
7436,3138.32
7437,2944.29
7438,2911.84
7439,2890.47
7440,2700.43
7441,2920.96
7442,3049.6
7443,2999.62
7444,2929.6
7445,2022.4
7446,2000.68
7447,2116.42
7448,2889.0
7449,2911.85
7450,2920.61
7451,2920.2
7452,2979.51
7453,3195.37
7454,3473.46
7455,3601.08
7456,3573.79
7457,3573.18
7458,3979.16
7459,4200.57
7460,5225.74
7461,4540.28
7462,4920.23
7463,4500.17
7464,4481.92
7465,3693.56
7466,4577.87
7467,10000.0
7468,10000.0
7469,10000.0
7470,10000.0
7471,10000.0
7472,10000.0
7473,6505.86
7474,5390.48
7475,4999.08
7476,4731.91
7477,4801.22
7478,4540.96
7479,4650.31
7480,4500.83
7481,4910.04
7482,5999.59
7483,4550.74
7484,4112.24
7485,3435.61
7486,3252.47
7487,3351.62
7488,3320.61
7489,4481.51
7490,4219.77
7491,4540.95
7492,4265.76
7493,4199.34
7494,4160.13
7495,4219.94
7496,4199.21
7497,3610.31
7498,3610.75
7499,3615.79
7500,3615.04
7501,3704.67
7502,3693.51
7503,4009.0
7504,3929.0
7505,4372.36
7506,4577.48
7507,4869.33
7508,5180.43
7509,4846.0
7510,5505.66
7511,6004.34
7512,6499.48
7513,9485.89
7514,10000.0
7515,10000.0
7516,10000.0
7517,10000.0
7518,10000.0
7519,4500.32
7520,3750.73
7521,3693.14
7522,3720.05
7523,3569.29
7524,3400.8
7525,3979.98
7526,4000.56
7527,3529.76
7528,3518.34
7529,3063.54
7530,3238.01
7531,3169.81
7532,3059.63
7533,3010.4
7534,3000.55
7535,2990.64
7536,2790.01
7537,2820.18
7538,2810.27
7539,2979.75
7540,2800.81
7541,2349.29
7542,2372.0
7543,2789.89
7544,2929.93
7545,2969.27
7546,2999.78
7547,3000.43
7548,3049.66
7549,3111.5
7550,3415.63
7551,3583.62
7552,3717.67
7553,3917.61
7554,3999.72
7555,4540.87
7556,5169.86
7557,4219.45
7558,4219.59
7559,3102.07
7560,2990.63
7561,2249.28
7562,2500.76
7563,5505.19
7564,10000.0
7565,10000.0
7566,10000.0
7567,10000.0
7568,10000.0
7569,10000.0
7570,6350.43
7571,5310.54
7572,4999.96
7573,4410.21
7574,4200.98
7575,3510.73
7576,3499.21
7577,3050.2
7578,3710.71
7579,4390.05
7580,3999.22
7581,3200.74
7582,2996.11
7583,3053.91
7584,2990.38
7585,4000.67
7586,4265.55
7587,4012.89
7588,3802.75
7589,3999.02
7590,3710.17
7591,3710.78
7592,3610.13
7593,3615.68
7594,3693.16
7595,3693.02
7596,3615.57
7597,3573.71
7598,3522.0
7599,3550.9
7600,3610.41
7601,3615.81
7602,3796.33
7603,4012.81
7604,4012.49
7605,4450.72
7606,4749.71
7607,4499.78
7608,4012.42
7609,4700.51
7610,4800.55
7611,4577.1
7612,4796.91
7613,4576.1
7614,4056.8
7615,3000.57
7616,2249.02
7617,1829.37
7618,2400.0
7619,3111.25
7620,3195.65
7621,4190.18
7622,4516.23
7623,4440.18
7624,3750.2
7625,3336.72
7626,3195.46
7627,3415.87
7628,3336.46
7629,3301.33
7630,3111.82
7631,3111.2
7632,2999.64
7633,3102.69
7634,3138.84
7635,3000.05
7636,2990.25
7637,1799.45
7638,1799.81
7639,2240.26
7640,2750.11
7641,2800.2
7642,2849.82
7643,2539.32
7644,2820.99
7645,3220.4
7646,3473.01
7647,3529.67
7648,3668.0
7649,3401.31
7650,3573.32
7651,3195.93
7652,3473.72
7653,3193.57
7654,3501.39
7655,3195.91
7656,3615.47
7657,2248.66
7658,3111.89
7659,4500.77
7660,7000.2
7661,10000.0
7662,10000.0
7663,10000.0
7664,7000.57
7665,4410.61
7666,3999.58
7667,3921.39
7668,3351.42
7669,3891.74
7670,3615.17
7671,3564.16
7672,3426.76
7673,3500.66
7674,3615.73
7675,3619.5
7676,3619.13
7677,2720.62
7678,2800.21
7679,2747.83
7680,2747.4
7681,3138.2
7682,3435.41
7683,3030.34
7684,3174.0
7685,2800.37
7686,2700.96
7687,2800.94
7688,2899.67
7689,2899.59
7690,2950.83
7691,3195.71
7692,3250.9
7693,3195.47
7694,3195.55
7695,3380.81
7696,3401.62
7697,3500.44
7698,3610.91
7699,3564.73
7700,3500.67
7701,3603.65
7702,3573.38
7703,3573.44
7704,3351.2
7705,2385.99
7706,3049.09
7707,3049.91
7708,3573.81
7709,2889.2
7710,2200.36
7711,3000.58
7712,1999.38
7713,2812.0
7714,2899.5
7715,3000.75
7716,2830.0
7717,3000.37
7718,3195.8
7719,3195.23
7720,3195.42
7721,2979.78
7722,2979.12
7723,2704.5
7724,2610.51
7725,2738.52
7726,2129.45
7727,2316.73
7728,2051.9
7729,1969.76
7730,1941.75
7731,1830.34
7732,1798.75
7733,1499.4
7734,1499.25
7735,1724.1
7736,1724.65
7737,2006.09
7738,2036.39
7739,2539.57
7740,2385.2
7741,2064.73
7742,2349.55
7743,2849.06
7744,2990.76
7745,2944.24
7746,3301.28
7747,3195.91
7748,3380.95
7749,3099.9
7750,3290.03
7751,3195.27
7752,3290.76
7753,3195.32
7754,3990.79
7755,4000.55
7756,4520.67
7757,10000.0
7758,10000.0
7759,4137.33
7760,3780.0
7761,3900.12
7762,3351.72
7763,3695.0
7764,3500.86
7765,4900.2
7766,5200.61
7767,4420.74
7768,3811.94
7769,3573.52
7770,3615.07
7771,4516.53
7772,4300.0
7773,3323.95
7774,3401.02
7775,3551.0
7776,3573.54
7777,4190.06
7778,4516.04
7779,4516.04
7780,4499.19
7781,3849.81
7782,3573.94
7783,3415.41
7784,3195.91
7785,3415.71
7786,3610.94
7787,3564.62
7788,3783.02
7789,3500.85
7790,3473.84
7791,3473.57
7792,3473.25
7793,3710.54
7794,4012.82
7795,4190.64
7796,4219.51
7797,4019.8
7798,4199.23
7799,3951.03
7800,3720.76
7801,3470.59
7802,3729.97
7803,3729.05
7804,3951.45
7805,3111.67
7806,3000.03
7807,1499.64
7808,1199.18
7809,2000.73
7810,2800.19
7811,2849.11
7812,2944.59
7813,3111.39
7814,3111.85
7815,2600.96
7816,2119.94
7817,2024.51
7818,2024.21
7819,1948.44
7820,1808.0
7821,1778.44
7822,1798.28
7823,1724.74
7824,1655.75
7825,1724.1
7826,1778.19
7827,1640.42
7828,1489.05
7829,1386.84
7830,1389.28
7831,1469.14
7832,1489.45
7833,1489.97
7834,1568.1
7835,1860.41
7836,2022.55
7837,1778.56
7838,1727.02
7839,1830.45
7840,2022.1
7841,2420.66
7842,2944.01
7843,3426.41
7844,3529.86
7845,2259.87
7846,1830.95
7847,1798.12
7848,1955.03
7849,2139.46
7850,2944.98
7851,3729.02
7852,4219.56
7853,3999.22
7854,3916.0
7855,4000.94
7856,3999.48
7857,4079.99
7858,4119.88
7859,3460.06
7860,2999.38
7861,3249.01
7862,3470.13
7863,3979.95
7864,3850.41
7865,4019.81
7866,4410.67
7867,4450.56
7868,4219.52
7869,3049.99
7870,3049.62
7871,2881.33
7872,3009.82
7873,3470.66
7874,3693.36
7875,3573.58
7876,3432.0
7877,3195.32
7878,3077.27
7879,3200.25
7880,3074.33
7881,3401.75
7882,3310.71
7883,3310.9
7884,3441.63
7885,3470.78
7886,3500.7
7887,3470.58
7888,3470.44
7889,3435.42
7890,3500.9
7891,3470.74
7892,3351.83
7893,3336.48
7894,3300.22
7895,3470.74
7896,3401.54
7897,3615.63
7898,3693.34
7899,3609.11
7900,3979.88
7901,3500.79
7902,3573.83
7903,3290.36
7904,2779.81
7905,3111.89
7906,2550.83
7907,3599.65
7908,3582.83
7909,3569.06
7910,3470.24
7911,3059.91
7912,2944.93
7913,2649.0
7914,2649.03
7915,2711.47
7916,2711.33
7917,2539.04
7918,2051.81
7919,2539.99
7920,2501.55
7921,2376.27
7922,2376.02
7923,2129.41
7924,2022.73
7925,1984.18
7926,2000.48
7927,2064.34
7928,2376.29
7929,2539.36
7930,2375.15
7931,1991.91
7932,1999.07
7933,2259.68
7934,2849.28
7935,2849.94
7936,2944.31
7937,3111.53
7938,3553.6
7939,3529.78
7940,3729.21
7941,3615.09
7942,4000.39
7943,3693.01
7944,3700.64
7945,3195.24
7946,3696.43
7947,4577.03
7948,5650.13
7949,10000.0
7950,10000.0
7951,10000.0
7952,7999.97
7953,4650.61
7954,4499.05
7955,4075.51
7956,4090.61
7957,5000.72
7958,5129.17
7959,5400.08
7960,5335.39
7961,5400.83
7962,5800.12
7963,4750.08
7964,4516.23
7965,3700.41
7966,3582.72
7967,3410.71
7968,3324.8
7969,5575.4
7970,5500.77
7971,5375.54
7972,5323.64
7973,4516.03
7974,3615.53
7975,3573.49
7976,3573.44
7977,3667.69
7978,3800.88
7979,3573.4
7980,3573.23
7981,3500.99
7982,3573.11
7983,3573.76
7984,3500.61
7985,3917.55
7986,4012.48
7987,4019.99
7988,4500.46
7989,4499.57
7990,4940.35
7991,5205.54
7992,5500.66
7993,5375.25
7994,5805.17
7995,6499.56
7996,6501.53
7997,5499.31
7998,5375.33
7999,4339.18
8000,3039.26
8001,3039.3
8002,3401.67
8003,3399.01
8004,3399.07
8005,3529.3
8006,3441.28
8007,3210.45
8008,3069.08
8009,2911.11
8010,2990.07
8011,2990.02
8012,2761.75
8013,2349.96
8014,2306.72
8015,2979.65
8016,2855.01
8017,2944.02
8018,2911.41
8019,2349.96
8020,2300.27
8021,1845.84
8022,1969.06
8023,2000.12
8024,1999.71
8025,2000.74
8026,2022.02
8027,1910.97
8028,1829.49
8029,2673.53
8030,2900.82
8031,2979.16
8032,2979.73
8033,3138.75
8034,3284.36
8035,3405.02
8036,3470.82
8037,3998.29
8038,4219.68
8039,4325.94
8040,4680.37
8041,2610.09
8042,3999.28
8043,5500.25
8044,10000.0
8045,10000.0
8046,10000.0
8047,10000.0
8048,9999.03
8049,5800.9
8050,5998.4
8051,6500.37
8052,6500.45
8053,5500.38
8054,5335.2
8055,5500.68
8056,5276.0
8057,6100.62
8058,5500.75
8059,4800.45
8060,4300.9
8061,4000.13
8062,4000.63
8063,4160.0
8064,3619.33
8065,4516.06
8066,4500.53
8067,4499.08
8068,4000.1
8069,4499.78
8070,4516.26
8071,4500.42
8072,4506.16
8073,4499.77
8074,4481.38
8075,3849.81
8076,3615.87
8077,3441.57
8078,3415.97
8079,3600.11
8080,3693.48
8081,3951.04
8082,3917.68
8083,3600.67
8084,3644.2
8085,3700.04
8086,3917.35
8087,4481.97
8088,4650.11
8089,5089.21
8090,5506.84
8091,4999.82
8092,5058.12
8093,4499.88
8094,4499.2
8095,3783.06
8096,3250.0
8097,2239.6
8098,2499.33
8099,3620.11
8100,3582.27
8101,3470.04
8102,3569.87
8103,2911.69
8104,2499.63
8105,2711.19
8106,2711.9
8107,2990.41
8108,2990.82
8109,2900.98
8110,2889.14
8111,2711.79
8112,2349.19
8113,2343.56
8114,2400.9
8115,2064.87
8116,2116.04
8117,1548.22
8118,1500.68
8119,1798.6
8120,1778.99
8121,1969.15
8122,2089.46
8123,2649.67
8124,2849.05
8125,2811.27
8126,2881.54
8127,2990.95
8128,3030.49
8129,3040.49
8130,3300.04
8131,3473.25
8132,4019.18
8133,4019.7
8134,4548.79
8135,4888.62
8136,5200.23
8137,4400.11
8138,4340.5
8139,9140.89
8140,10000.0
8141,10000.0
8142,10000.0
8143,10000.0
8144,9999.79
8145,6505.73
8146,6884.63
8147,6380.23
8148,7000.04
8149,6099.98
8150,6300.81
8151,6913.26
8152,5999.13
8153,10000.0
8154,10000.0
8155,9995.43
8156,7999.77
8157,5500.44
8158,5199.69
8159,5500.16
8160,5500.4
8161,9999.02
8162,9999.16
8163,5999.06
8164,5300.54
8165,5500.72
8166,4999.31
8167,4625.02
8168,4516.07
8169,4538.8
8170,4892.44
8171,4516.39
8172,4516.26
8173,4499.32
8174,4200.84
8175,4372.67
8176,4372.15
8177,4516.29
8178,4940.82
8179,4625.22
8180,4940.96
8181,4190.8
8182,4516.98
8183,10000.0
8184,10000.0
8185,6349.03
8186,10000.0
8187,6510.88
8188,5524.36
8189,5058.68
8190,4940.77
8191,3720.11
8192,3076.97
8193,3000.21
8194,2612.18
8195,2487.86
8196,1999.08
8197,3049.03
8198,3049.54
8199,3473.15
8200,3470.22
8201,3076.24
8202,3076.3
8203,3076.06
8204,2995.69
8205,3049.72
8206,2995.65
8207,2959.28
8208,2349.31
8209,2959.87
8210,2995.68
8211,3049.63
8212,2990.23
8213,1998.94
8214,1969.57
8215,2000.98
8216,2016.58
8217,2649.08
8218,2855.8
8219,2976.5
8220,3010.96
8221,3063.23
8222,3195.37
8223,3119.01
8224,3220.29
8225,3284.99
8226,3510.1
8227,3729.47
8228,4500.4
8229,4325.09
8230,4625.09
8231,4920.78
8232,5040.28
8233,4500.15
8234,5300.98
8235,10000.0
8236,10000.0
8237,10000.0
8238,10000.0
8239,10000.0
8240,10000.0
8241,10000.0
8242,10000.0
8243,10000.0
8244,10000.0
8245,10000.0
8246,10000.0
8247,10000.0
8248,10000.0
8249,10000.0
8250,10000.0
8251,10000.0
8252,10000.0
8253,10000.0
8254,10000.0
8255,10000.0
8256,10000.0
8257,10000.0
8258,10000.0
8259,10000.0
8260,9999.47
8261,8999.57
8262,7999.5
8263,6999.58
8264,6999.02
8265,4000.45
8266,3667.01
8267,4160.45
8268,3615.87
8269,3667.56
8270,3644.59
8271,3564.22
8272,3499.44
8273,3564.24
8274,4200.02
8275,3729.24
8276,4499.0
8277,3720.09
8278,4325.69
8279,3807.99
8280,3610.08
8281,3784.82
8282,4501.44
8283,4499.85
8284,4700.58
8285,4763.18
8286,4481.87
8287,3573.94
8288,3195.1
8289,1999.04
8290,1999.34
8291,2990.14
8292,2944.45
8293,3111.58
8294,3049.23
8295,3000.14
8296,2385.62
8297,2000.06
8298,1969.44
8299,2051.12
8300,2000.23
8301,1921.67
8302,1984.47
8303,2310.69
8304,2298.0
8305,1919.33
8306,1817.11
8307,1798.33
8308,1799.41
8309,1500.79
8310,1500.54
8311,1724.68
8312,1724.56
8313,1984.72
8314,2835.1
8315,2115.72
8316,2115.51
8317,1829.62
8318,1984.38
8319,2119.37
8320,2695.71
8321,2900.47
8322,3235.14
8323,4499.39
8324,5500.42
8325,4219.24
8326,4549.13
8327,9998.33
8328,8001.64
8329,4099.83
8330,8000.55
8331,10000.0
8332,10000.0
8333,10000.0
8334,10000.0
8335,10000.0
8336,10000.0
8337,10000.0
8338,10000.0
8339,10000.0
8340,10000.0
8341,10000.0
8342,10000.0
8343,10000.0
8344,10000.0
8345,10000.0
8346,10000.0
8347,10000.0
8348,10000.0
8349,8011.01
8350,7999.0
8351,4262.91
8352,3999.27
8353,4499.96
8354,5009.78
8355,5200.49
8356,5200.12
8357,4499.38
8358,4300.74
8359,4540.67
8360,4300.44
8361,4000.73
8362,4000.22
8363,3441.64
8364,3369.8
8365,3195.69
8366,3111.56
8367,3133.1
8368,3195.67
8369,3415.83
8370,3470.38
8371,3195.8
8372,3441.54
8373,3615.16
8374,3999.27
8375,4000.81
8376,3999.9
8377,4015.39
8378,4576.16
8379,4341.05
8380,4325.87
8381,3500.73
8382,3059.55
8383,2662.05
8384,2512.97
8385,2116.97
8386,2180.45
8387,2306.64
8388,2349.17
8389,3111.28
8390,3278.0
8391,3401.44
8392,3111.05
8393,2116.92
8394,2116.62
8395,2200.87
8396,2499.75
8397,2048.03
8398,2048.4
8399,1900.72
8400,1800.87
8401,1845.7
8402,1900.98
8403,1845.71
8404,1829.26
8405,1489.22
8406,1469.24
8407,1548.37
8408,1648.13
8409,1648.75
8410,1829.42
8411,1817.03
8412,1829.5
8413,1984.62
8414,2499.04
8415,2539.19
8416,3000.32
8417,3000.87
8418,3441.35
8419,3529.92
8420,3564.99
8421,3284.78
8422,3290.8
8423,3999.84
8424,4620.81
8425,4601.26
8426,5100.34
8427,10000.0
8428,10000.0
8429,10000.0
8430,10000.0
8431,10000.0
8432,10000.0
8433,10000.0
8434,10000.0
8435,10000.0
8436,10000.0
8437,5999.97
8438,5999.85
8439,5066.08
8440,5035.65
8441,9998.37
8442,9998.43
8443,5500.86
8444,4999.28
8445,3644.4
8446,3500.74
8447,3615.62
8448,3917.78
8449,4940.5
8450,5103.6
8451,4467.0
8452,3999.31
8453,3999.57
8454,4100.18
8455,4577.26
8456,4577.12
8457,4219.34
8458,4019.85
8459,3999.61
8460,3999.06
8461,3999.1
8462,3700.25
8463,3619.95
8464,3644.33
8465,4325.39
8466,4516.34
8467,4499.75
8468,4499.97
8469,4341.99
8470,4485.63
8471,4499.22
8472,4499.35
8473,5000.65
8474,5421.39
8475,4645.72
8476,4499.91
8477,4499.84
8478,3903.75
8479,3441.45
8480,3039.91
8481,2499.87
8482,1948.55
8483,2015.51
8484,1999.61
8485,2689.03
8486,2811.9
8487,2368.0
8488,2064.0
8489,2033.3
8490,2048.15
8491,2001.72
8492,1984.43
8493,1829.8
8494,1817.55
8495,1489.79
8496,1330.21
8497,1548.67
8498,1548.8
8499,1498.27
8500,1469.54
8501,1330.96
8502,1300.0
8503,1292.0
8504,1464.27
8505,1330.93
8506,1498.02
8507,1724.87
8508,1831.22
8509,1829.51
8510,1830.19
8511,2064.87
8512,2500.71
8513,2349.52
8514,2729.51
8515,2999.41
8516,3039.41
8517,2747.35
8518,3000.68
8519,3063.51
8520,3583.03
8521,3039.25
8522,3138.77
8523,3811.53
8524,4023.38
8525,3510.31
8526,3351.31
8527,2729.6
8528,2999.51
8529,4020.64
8530,4481.39
8531,4074.96
8532,4022.47
8533,3323.71
8534,3323.25
8535,3441.6
8536,3510.72
8537,3951.27
8538,4300.56
8539,4540.33
8540,4516.52
8541,3600.66
8542,3499.2
8543,3883.25
8544,4000.94
8545,4401.99
8546,4401.22
8547,3623.19
8548,3500.19
8549,3500.02
8550,3415.6
8551,3470.11
8552,3435.18
8553,3500.66
8554,3510.93
8555,3459.77
8556,3470.49
8557,3459.82
8558,3459.19
8559,3582.59
8560,3564.61
8561,3441.19
8562,3500.56
8563,3550.72
8564,3550.83
8565,3500.08
8566,3792.13
8567,4499.92
8568,4501.8
8569,4190.39
8570,4030.54
8571,4495.05
8572,5000.53
8573,4499.29
8574,3441.51
8575,3689.68
8576,3441.7
8577,2349.26
8578,2064.55
8579,2900.05
8580,2064.52
8581,3441.03
8582,3569.87
8583,2944.85
8584,2145.33
8585,2310.44
8586,2274.1
8587,2501.31
8588,2499.9
8589,2729.72
8590,2499.18
8591,2499.43
8592,2099.91
8593,2610.68
8594,2784.26
8595,2545.18
8596,2499.33
8597,2000.02
8598,1975.19
8599,1984.07
8600,1984.03
8601,2051.2
8602,2051.53
8603,2022.56
8604,2024.52
8605,2649.52
8606,2944.28
8607,3138.49
8608,3250.98
8609,3226.98
8610,3500.75
8611,3729.14
8612,4012.32
8613,3917.92
8614,3951.79
8615,4000.82
8616,4625.9
8617,4551.09
8618,4499.88
8619,5324.75
8620,8998.53
8621,10000.0
8622,9999.87
8623,5300.58
8624,4731.85
8625,6004.4
8626,6099.61
8627,5500.9
8628,5110.72
8629,4481.73
8630,4500.71
8631,4088.28
8632,3999.37
8633,3918.59
8634,3999.41
8635,4341.11
8636,4017.03
8637,3510.75
8638,3323.61
8639,3582.79
8640,3620.21
8641,4499.29
8642,4479.33
8643,4000.89
8644,3620.97
8645,3573.6
8646,3470.2
8647,3550.68
8648,3464.09
8649,3441.04
8650,3415.07
8651,3300.88
8652,3415.79
8653,3470.8
8654,3500.6
8655,3464.31
8656,3415.97
8657,3410.57
8658,3470.5
8659,3441.97
8660,3464.31
8661,3510.67
8662,3700.52
8663,4219.64
8664,5077.41
8665,5500.77
8666,10000.0
8667,10000.0
8668,10000.0
8669,10000.0
8670,10000.0
8671,3460.26
8672,2499.06
8673,2118.77
8674,2050.23
8675,2018.89
8676,2018.49
8677,2499.08
8678,2800.28
8679,2700.85
8680,2649.82
8681,2357.75
8682,2649.12
8683,2990.37
8684,2959.48
8685,2990.77
8686,2995.19
8687,2407.58
8688,2173.9
8689,2499.71
8690,2173.32
8691,2074.06
8692,1948.62
8693,1583.87
8694,1583.87
8695,1999.12
8696,2394.65
8697,2810.91
8698,2914.01
8699,2489.8
8700,2349.26
8701,2899.78
8702,3000.62
8703,3000.97
8704,2962.0
8705,3033.71
8706,2990.04
8707,3111.92
8708,3470.78
8709,2512.53
8710,3063.86
8711,3266.57
8712,3619.6
8713,3150.89
8714,3700.44
8715,4012.62
8716,5500.66
8717,7499.54
8718,7499.38
8719,5499.9
8720,5450.24
8721,4579.88
8722,4450.28
8723,4490.73
8724,4450.83
8725,3696.49
8726,3500.44
8727,3441.77
8728,3460.71
8729,3729.13
8730,4003.4
8731,4219.37
8732,4481.43
8733,4540.22
8734,4545.5
8735,4540.05
8736,4540.02
8737,4012.43
8738,4000.37
8739,3980.14
8740,3980.27
8741,3800.07
8742,3968.0
8743,3980.48
8744,3730.59
8745,3751.94
8746,3751.62
8747,3645.13
8748,3680.38
8749,3885.83
8750,3751.62
8751,4000.0
8752,3999.91
8753,3841.0
8754,3710.92
8755,4048.85
8756,4190.35
8757,4070.41
8758,4540.86
8759,4516.42
8760,4499.91
8761,4847.23
8762,9499.81
8763,10000.0
8764,10000.0
8765,8417.5
8766,5588.34
8767,5019.38
8768,4134.31
8769,3573.09
8770,3001.0
8771,3195.42
8772,3195.19
8773,3033.04
8774,3111.77
8775,3226.67
8776,3195.03
8777,3000.27
8778,2995.4
8779,2995.91
8780,2995.73
8781,2973.3
8782,2995.15
8783,3089.0
8784,2944.01
8785,2118.92
8786,2197.03
8787,2499.72
8788,2710.68
8789,2000.03
8790,1999.45
8791,2154.45
8792,2154.57
8793,2911.4
8794,2944.65
8795,3063.64
8796,3111.37
8797,3226.37
8798,3226.33
8799,3649.62
8800,3918.0
8801,3751.1
8802,3941.0
8803,4340.59
8804,5300.79
8805,4019.98
8806,4940.75
8807,4925.18
8808,5500.62
8809,4219.41
8810,5999.17
8811,7000.87
8812,10000.0
8813,10000.0
8814,10000.0
8815,10000.0
8816,10000.0
8817,10000.0
8818,10000.0
8819,8999.17
8820,7498.6
8821,7999.42
8822,7479.78
8823,6500.02
8824,5780.0
8825,5506.9
8826,6099.32
8827,8001.16
8828,7479.95
8829,6613.46
8830,5575.09
8831,6099.15
8832,7000.23
8833,6099.65
8834,6099.07
8835,5962.82
8836,5800.28
8837,4540.78
8838,4516.7
8839,4500.18
8840,4049.2
8841,4007.57
8842,3751.41
8843,4219.83
8844,4219.21
8845,3885.2
8846,3831.0
8847,4999.35
8848,4999.43
8849,4999.69
8850,5500.45
8851,6000.3
8852,6613.01
8853,8000.58
8854,10000.0
8855,9303.96
8856,10000.0
8857,9964.0
8858,10000.0
8859,10000.0
8860,10000.0
8861,10000.0
8862,6620.57
8863,3328.98
8864,2799.95
8865,2990.71
8866,2911.6
8867,3231.26
8868,3329.1
8869,3380.46
8870,3473.08
8871,3195.02
8872,2959.55
8873,2882.79
8874,3026.17
8875,3195.36
8876,2995.59
8877,3470.91
8878,3226.54
8879,3195.48
8880,2995.24
8881,2914.62
8882,2854.85
8883,2019.39
8884,2019.07
8885,1550.37
8886,1550.52
8887,1499.91
8888,1969.73
8889,2022.23
8890,2811.78
8891,2944.55
8892,2994.53
8893,3195.08
8894,3226.28
8895,3573.04
8896,3751.46
8897,3573.7
8898,3760.51
8899,3529.9
8900,3700.8
8901,2999.44
8902,3000.84
8903,3385.33
8904,3599.21
8905,2738.31
8906,2938.0
8907,4250.58
8908,5275.22
8909,10000.0
8910,10000.0
8911,10000.0
8912,9999.35
8913,3816.0
8914,3200.26
8915,4500.32
8916,4500.89
8917,3519.76
8918,3519.26
8919,3230.0
8920,3188.08
8921,4219.36
8922,4516.2
8923,4630.15
8924,4579.97
8925,4940.31
8926,4540.55
8927,4645.79
8928,4540.16
8929,4500.21
8930,3947.67
8931,5962.82
8932,5800.28
8933,0.0
8934,0.0
8935,0.0
8936,0.0
8937,3879.02
8938,3700.14
8939,3519.83
8940,3610.38
8941,3435.78
8942,3369.91
8943,3500.27
8944,3450.83
8945,3879.35
8946,3751.02
8947,3879.59
8948,3879.32
8949,3652.58
8950,3730.94
8951,3730.45
8952,3888.79
8953,4600.04
8954,5500.71
8955,5199.87
8956,4579.93
8957,4012.99
8958,3999.83
8959,3729.26
8960,3109.0
8961,3284.93
8962,3284.82
8963,2820.93
8964,2836.95
8965,2789.74
8966,2240.01
8967,2789.03
8968,2279.2
8969,2018.88
8970,2018.19
8971,2018.63
8972,2018.1
8973,2019.37
8974,2018.62
8975,2019.46
8976,2019.17
8977,2018.64
8978,1831.36
8979,1672.72
8980,1830.52
8981,1550.91
8982,1550.71
8983,1549.92
8984,1789.36
8985,2005.91
8986,2614.48
8987,2944.36
8988,2944.85
8989,2854.08
8990,2995.63
8991,2995.78
8992,3226.01
8993,3226.1
8994,3227.0
8995,3569.38
8996,3646.35
8997,3195.61
8998,3669.04
8999,3323.29
9000,3573.7
9001,2657.1
9002,3500.97
9003,3999.65
9004,6000.98
9005,10000.0
9006,10000.0
9007,10000.0
9008,10000.0
9009,7490.35
9010,5540.5
9011,5800.8
9012,5510.29
9013,4999.05
9014,4588.38
9015,3970.27
9016,3323.83
9017,4040.12
9018,4683.27
9019,8827.17
9020,8712.38
9021,9249.58
9022,6000.53
9023,8765.88
9024,7295.77
9025,4579.3
9026,4473.55
9027,4516.06
9028,4134.98
9029,4323.38
9030,4323.7
9031,4579.62
9032,4579.83
9033,4516.44
9034,4500.77
9035,4134.0
9036,3999.82
9037,3947.95
9038,3760.05
9039,3750.03
9040,3750.98
9041,4012.69
9042,4323.17
9043,4323.72
9044,4316.96
9045,4011.6
9046,4219.86
9047,4490.92
9048,4516.35
9049,4579.71
9050,5999.18
9051,6999.93
9052,7678.59
9053,5000.3
9054,2800.36
9055,3000.43
9056,2850.18
9057,3000.22
9058,3000.34
9059,2300.86
9060,2349.77
9061,2349.81
9062,2789.66
9063,2789.59
9064,2789.77
9065,2241.43
9066,2500.34
9067,2400.29
9068,2455.81
9069,2198.42
9070,2089.83
9071,2300.85
9072,1999.33
9073,2300.45
9074,2064.11
9075,1817.43
9076,1799.38
9077,1550.56
9078,1550.52
9079,1550.65
9080,1550.83
9081,1550.83
9082,1948.17
9083,1550.89
9084,1550.97
9085,2018.04
9086,2800.28
9087,2995.16
9088,3111.5
9089,3000.29
9090,3284.12
9091,3573.55
9092,3729.42
9093,3649.34
9094,3730.1
9095,3650.97
9096,3650.13
9097,3610.61
9098,4312.33
9099,4999.37
9100,7001.5
9101,10000.0
9102,10000.0
9103,10000.0
9104,10000.0
9105,6999.03
9106,5999.7
9107,5000.73
9108,4998.42
9109,5993.38
9110,5993.2
9111,4998.69
9112,4569.83
9113,4040.72
9114,4500.12
9115,5993.52
9116,9999.22
9117,5998.06
9118,5996.93
9119,6099.09
9120,6000.94
9121,6001.65
9122,5749.04
9123,6005.32
9124,5500.74
9125,4999.79
9126,4999.17
9127,4999.56
9128,4999.08
9129,4500.52
9130,4100.02
9131,4465.09
9132,4011.87
9133,4500.37
9134,4465.46
9135,4011.25
9136,3999.55
9137,3999.93
9138,4011.74
9139,3940.57
9140,4089.87
9141,4089.33
9142,4686.67
9143,4579.39
9144,4999.04
9145,5000.59
9146,5993.11
9147,5365.73
9148,4999.94
9149,4584.37
9150,4089.69
9151,3600.48
9152,2385.09
9153,2752.33
9154,2076.93
9155,2900.03
9156,2990.28
9157,2800.81
9158,2801.17
9159,2051.02
9160,1794.51
9161,1666.32
9162,1766.82
9163,1550.84
9164,1550.78
9165,1349.96
9166,1550.57
9167,1550.3
9168,1550.02
9169,1349.15
9170,1349.31
9171,999.02
9172,972.35
9173,499.02
9174,399.97
9175,399.13
9176,399.03
9177,398.32
9178,299.98
9179,398.13
9180,398.31
9181,399.28
9182,399.67
9183,1794.1
9184,1962.19
9185,1794.93
9186,1794.81
9187,2394.55
9188,2789.36
9189,2649.18
9190,2649.33
9191,2648.8
9192,2648.73
9193,2212.47
9194,2647.52
9195,3367.12
9196,3900.67
9197,3920.93
9198,3999.34
9199,3751.75
9200,2651.0
9201,4005.99
9202,3999.43
9203,3390.88
9204,2789.97
9205,3620.38
9206,3500.21
9207,3907.43
9208,3620.88
9209,4107.62
9210,4579.43
9211,5022.16
9212,5300.85
9213,5801.0
9214,5600.03
9215,5500.6
9216,5275.01
9217,4999.91
9218,4784.58
9219,4089.28
9220,3700.37
9221,3000.48
9222,2999.98
9223,3492.0
9224,3470.1
9225,3600.15
9226,3700.99
9227,2585.41
9228,2119.35
9229,3094.33
9230,3094.53
9231,4300.31
9232,4323.72
9233,3198.0
9234,3033.76
9235,2789.24
9236,2401.76
9237,2789.22
9238,2900.13
9239,3033.77
9240,3290.2
9241,4089.31
9242,4579.72
9243,4579.58
9244,3940.25
9245,3600.02
9246,3284.99
9247,2800.02
9248,2330.19
9249,2735.2
9250,2735.13
9251,2076.01
9252,1995.78
9253,2500.0
9254,1986.73
9255,1994.63
9256,2089.22
9257,1962.87
9258,1962.82
9259,2076.26
9260,2300.36
9261,2499.28
9262,2076.82
9263,2500.71
9264,2340.0
9265,1866.83
9266,1797.84
9267,1794.81
9268,1780.31
9269,1423.75
9270,1423.53
9271,1423.79
9272,1674.14
9273,2849.04
9274,3033.96
9275,3033.62
9276,3107.83
9277,3000.32
9278,2999.47
9279,3033.43
9280,3130.0
9281,3422.52
9282,3602.59
9283,3606.37
9284,4011.63
9285,4089.65
9286,4089.85
9287,4765.67
9288,4940.76
9289,4078.39
9290,5800.55
9291,10000.0
9292,10000.0
9293,10000.0
9294,10000.0
9295,10000.0
9296,10000.0
9297,10000.0
9298,10000.0
9299,10000.0
9300,10000.0
9301,10000.0
9302,10000.0
9303,10000.0
9304,10000.0
9305,10000.0
9306,10000.0
9307,10000.0
9308,10000.0
9309,10000.0
9310,10000.0
9311,10000.0
9312,10000.0
9313,10000.0
9314,10000.0
9315,10000.0
9316,10000.0
9317,4900.63
9318,4372.52
9319,5300.33
9320,4999.52
9321,4552.99
9322,4582.12
9323,4465.3
9324,4089.61
9325,4000.38
9326,4000.17
9327,4134.75
9328,4134.17
9329,4106.3
9330,4089.58
9331,4372.91
9332,4597.43
9333,4784.67
9334,5993.53
9335,5022.86
9336,6099.08
9337,6505.04
9338,10000.0
9339,10000.0
9340,10000.0
9341,7479.37
9342,4570.54
9343,3500.21
9344,2903.43
9345,3004.67
9346,3033.45
9347,3239.89
9348,3239.65
9349,3107.0
9350,3153.05
9351,3094.9
9352,3033.52
9353,3000.93
9354,3033.23
9355,2929.4
9356,2899.5
9357,2939.42
9358,2799.44
9359,2604.62
9360,2349.99
9361,1810.05
9362,1873.86
9363,2076.03
9364,1800.92
9365,1662.8
9366,1548.74
9367,1794.72
9368,1784.04
9369,2939.44
9370,3033.6
9371,3239.28
9372,3324.52
9373,3039.83
9374,3094.01
9375,3300.79
9376,3382.44
9377,3800.89
9378,4163.55
9379,4784.49
9380,5500.85
9381,4579.58
9382,4784.02
9383,6099.9
9384,7479.29
9385,6505.92
9386,10000.0
9387,10000.0
9388,10000.0
9389,10000.0
9390,10000.0
9391,10000.0
9392,10000.0
9393,10000.0
9394,10000.0
9395,10000.0
9396,10000.0
9397,10000.0
9398,10000.0
9399,10000.0
9400,10000.0
9401,10000.0
9402,10000.0
9403,10000.0
9404,10000.0
9405,10000.0
9406,10000.0
9407,10000.0
9408,10000.0
9409,10000.0
9410,10000.0
9411,10000.0
9412,10000.0
9413,4900.63
9414,4372.52
9415,0.0
9416,0.0
9417,10000.0
9418,7479.65
9419,5500.7
9420,4999.37
9421,5505.25
9422,5500.61
9423,4732.0
9424,4784.49
9425,5300.46
9426,5505.74
9427,5800.41
9428,6194.94
9429,5500.71
9430,7979.9
9431,10000.0
9432,10000.0
9433,10000.0
9434,10000.0
9435,10000.0
9436,10000.0
9437,10000.0
9438,10000.0
9439,3519.47
9440,999.84
9441,2990.54
9442,2990.66
9443,3107.22
9444,2990.43
9445,2800.08
9446,2939.34
9447,3053.57
9448,2990.5
9449,3030.98
9450,3033.55
9451,2800.74
9452,2903.76
9453,3146.62
9454,3221.21
9455,3174.66
9456,3167.3
9457,2903.6
9458,2800.59
9459,2820.44
9460,2789.67
9461,1991.18
9462,1902.95
9463,2165.97
9464,2789.79
9465,3053.52
9466,3174.76
9467,3324.82
9468,3367.5
9469,4645.02
9470,4645.85
9471,4300.12
9472,4107.14
9473,4999.75
9474,9000.01
9475,7000.3
9476,9499.46
9477,10000.0
9478,10000.0
9479,10000.0
9480,10000.0
9481,10000.0
9482,10000.0
9483,10000.0
9484,10000.0
9485,10000.0
9486,10000.0
9487,10000.0
9488,10000.0
9489,10000.0
9490,10000.0
9491,10000.0
9492,10000.0
9493,10000.0
9494,10000.0
9495,10000.0
9496,10000.0
9497,10000.0
9498,10000.0
9499,10000.0
9500,10000.0
9501,10000.0
9502,10000.0
9503,10000.0
9504,10000.0
9505,10000.0
9506,10000.0
9507,10000.0
9508,10000.0
9509,10000.0
9510,10000.0
9511,10000.0
9512,9991.06
9513,5200.53
9514,4582.14
9515,4500.73
9516,4100.51
9517,4090.67
9518,4200.65
9519,3699.0
9520,3999.22
9521,3845.5
9522,4011.42
9523,4000.33
9524,4212.56
9525,3780.74
9526,4579.17
9527,3999.96
9528,4579.42
9529,4999.3
9530,5800.05
9531,5005.53
9532,4999.39
9533,3499.61
9534,3327.84
9535,2550.41
9536,2340.0
9537,1891.72
9538,1905.12
9539,1784.2
9540,1650.61
9541,1650.96
9542,1794.81
9543,1999.46
9544,1980.98
9545,1780.09
9546,1736.25
9547,1763.48
9548,1549.83
9549,1549.31
9550,1549.58
9551,1650.75
9552,1650.36
9553,1549.68
9554,1549.6
9555,1549.37
9556,1549.31
9557,999.99
9558,1349.24
9559,1549.43
9560,1549.48
9561,1549.69
9562,1674.95
9563,1674.83
9564,1755.11
9565,1784.9
9566,1794.78
9567,2521.63
9568,2900.89
9569,2349.79
9570,2822.03
9571,1279.74
9572,1999.27
9573,979.6
9574,2079.6
9575,989.64
9576,1199.14
9577,989.85
9578,2499.96
9579,989.03
9580,1999.19
9581,3999.1
9582,4250.47
9583,3499.18
9584,3422.57
9585,999.81
9586,999.27
9587,3239.58
9588,3321.63
9589,3450.77
9590,3455.77
9591,3287.56
9592,3287.38
9593,3287.37
9594,3287.28
9595,3107.67
9596,3000.97
9597,2930.7
9598,2930.66
9599,2929.5
9600,2817.93
9601,3250.79
9602,3321.01
9603,3321.47
9604,3382.96
9605,3133.57
9606,3107.57
9607,2570.77
9608,2349.82
9609,2499.28
9610,2499.44
9611,1962.94
9612,2343.75
9613,2349.59
9614,2349.56
9615,2349.95
9616,2349.53
9617,2300.24
9618,1995.56
9619,2330.96
9620,2789.04
9621,2789.65
9622,2959.54
9623,3033.49
9624,3107.02
9625,2959.88
9626,3221.72
9627,3607.3
9628,3293.88
9629,2752.77
9630,1399.85
9631,1780.89
9632,1676.05
9633,1676.77
9634,1780.96
9635,1794.23
9636,1780.54
9637,1550.0
9638,1549.65
9639,1424.37
9640,1424.12
9641,800.6
9642,800.1
9643,480.37
9644,480.44
9645,390.46
9646,390.68
9647,299.47
9648,290.91
9649,249.23
9650,249.15
9651,483.58
9652,299.09
9653,179.94
9654,398.68
9655,951.64
9656,999.25
9657,1424.36
9658,1676.63
9659,1766.06
9660,1794.56
9661,1665.92
9662,1424.96
9663,2310.21
9664,2499.82
9665,2849.1
9666,2849.44
9667,3140.65
9668,3200.24
9669,3077.97
9670,3199.37
9671,2903.78
9672,3174.24
9673,1519.74
9674,3174.54
9675,3800.08
9676,4551.69
9677,4650.02
9678,4715.45
9679,4499.78
9680,4000.81
9681,3500.98
9682,3696.0
9683,3572.0
9684,3582.2
9685,2499.03
9686,3250.59
9687,1848.16
9688,1848.54
9689,2500.03
9690,3000.35
9691,4000.83
9692,4011.03
9693,3700.71
9694,3650.08
9695,3422.88
9696,3324.56
9697,3620.35
9698,3751.32
9699,3920.21
9700,3920.82
9701,3728.47
9702,3603.08
9703,3430.18
9704,3414.8
9705,3470.79
9706,3582.75
9707,3500.45
9708,3500.93
9709,3582.67
9710,3582.18
9711,3500.08
9712,3422.14
9713,3300.75
9714,3249.04
9715,3500.18
9716,3503.73
9717,3251.74
9718,3287.44
9719,3287.65
9720,3295.08
9721,4000.65
9722,4198.26
9723,4005.36
9724,3834.4
9725,3633.78
9726,3518.5
9727,2800.35
9728,2323.88
9729,2185.2
9730,2185.39
9731,1620.57
9732,1471.76
9733,1784.19
9734,1424.77
9735,1424.31
9736,1380.12
9737,499.85
9738,499.67
9739,346.87
9740,498.48
9741,999.51
9742,999.38
9743,1200.99
9744,1674.27
9745,1424.86
9746,1500.33
9747,1165.02
9748,971.74
9749,699.07
9750,367.36
9751,1005.93
9752,1250.01
9753,1589.99
9754,1349.81
9755,1349.31
9756,1600.33
9757,1999.72
9758,2499.93
9759,2794.65
9760,2903.74
9761,2903.98
9762,3094.17
9763,3053.12
9764,3101.72
9765,2510.21
9766,2940.32
9767,3050.8
9768,3295.2
9769,1799.66
9770,2737.78
9771,3300.72
9772,3620.32
9773,6500.42
9774,6500.36
9775,5499.57
9776,5200.83
9777,4200.93
9778,4134.35
9779,5250.03
9780,5544.0
9781,4800.01
9782,4784.21
9783,5500.11
9784,4940.95
9785,4650.95
9786,4840.98
9787,5300.66
9788,5300.47
9789,5343.78
9790,4999.66
9791,4999.77
9792,4940.66
9793,5100.35
9794,4940.66
9795,4250.05
9796,4252.87
9797,3700.01
9798,3610.3
9799,4089.8
9800,4011.99
9801,3921.92
9802,4000.29
9803,3863.97
9804,3700.06
9805,3490.86
9806,3512.8
9807,3435.99
9808,3294.11
9809,3094.84
9810,3470.33
9811,3500.47
9812,3520.72
9813,3598.13
9814,3760.55
9815,3907.06
9816,3940.48
9817,4089.14
9818,4487.1
9819,3907.32
9820,3703.27
9821,3703.18
9822,3033.79
9823,3153.81
9824,3107.6
9825,3174.05
9826,2800.95
9827,1999.25
9828,1999.41
9829,1766.82
9830,1500.22
9831,989.3
9832,599.79
9833,199.75
9834,199.69
9835,299.0
9836,198.79
9837,197.75
9838,299.15
9839,169.96
9840,169.91
9841,119.53
9842,119.6
9843,99.48
9844,99.48
9845,90.61
9846,90.71
9847,84.82
9848,84.95
9849,1065.84
9850,1165.4
9851,1349.62
9852,1349.1
9853,1794.2
9854,1962.53
9855,2305.1
9856,2305.43
9857,2410.64
9858,2455.91
9859,2499.84
9860,2976.0
9861,2980.31
9862,2959.06
9863,3239.32
9864,3300.35
9865,3057.24
9866,3331.75
9867,3422.02
9868,3800.91
9869,5065.13
9870,5500.91
9871,5022.92
9872,4999.63
9873,3999.74
9874,3999.39
9875,4089.99
9876,4465.08
9877,4465.84
9878,4499.49
9879,4940.97
9880,4940.95
9881,4645.94
9882,4999.17
9883,5200.65
9884,5200.13
9885,5000.23
9886,4999.8
9887,4999.79
9888,4800.06
9889,3700.0
9890,3510.66
9891,3691.55
9892,3470.95
9893,3618.11
9894,3610.83
9895,3700.99
9896,3650.28
9897,3422.42
9898,3414.75
9899,3470.5
9900,3582.15
9901,3500.31
9902,3520.15
9903,3600.3
9904,3470.49
9905,3414.44
9906,3422.46
9907,3600.75
9908,3650.98
9909,3414.25
9910,3600.61
9911,3742.58
9912,3800.06
9913,3600.17
9914,3616.93
9915,4011.79
9916,3624.44
9917,3569.77
9918,3012.23
9919,2822.25
9920,1794.4
9921,1424.78
9922,1424.39
9923,749.49
9924,749.03
9925,1962.16
9926,1797.31
9927,2001.82
9928,1995.99
9929,1784.96
9930,1766.42
9931,1794.75
9932,1780.01
9933,1676.79
9934,1766.1
9935,1766.78
9936,1739.03
9937,1780.35
9938,1780.28
9939,1794.09
9940,1794.27
9941,1044.97
9942,1220.29
9943,1500.23
9944,1643.47
9945,1766.31
9946,1794.44
9947,2017.57
9948,2018.12
9949,2105.0
9950,2499.36
9951,2700.38
9952,2959.99
9953,2521.38
9954,2900.95
9955,2835.35
9956,2819.1
9957,2036.76
9958,2018.63
9959,1999.83
9960,2018.89
9961,989.6
9962,3000.57
9963,2000.99
9964,3239.62
9965,4500.46
9966,5199.69
9967,5500.06
9968,5400.95
9969,4650.55
9970,4600.96
9971,4579.54
9972,4579.3
9973,4579.81
9974,4570.16
9975,4250.7
9976,4214.1
9977,4300.78
9978,4512.29
9979,4784.12
9980,4784.45
9981,4784.46
9982,4784.24
9983,4950.6
9984,4502.35
9985,4909.37
9986,4784.91
9987,4784.19
9988,4579.07
9989,4214.93
9990,4000.49
9991,3657.0
9992,3610.18
9993,3751.16
9994,3834.81
9995,3382.16
9996,3000.91
9997,3605.23
9998,3600.67
9999,3582.39
10000,3610.7
10001,3420.96
10002,3450.19
10003,3210.39
10004,3321.72
10005,3321.95
10006,3620.08
10007,3239.08
10008,3470.66
10009,4214.31
10010,4784.56
10011,4784.16
10012,3750.56
10013,3849.19
10014,3849.47
10015,3094.15
10016,2789.26
10017,2300.91
10018,2349.32
10019,2443.0
10020,2018.95
10021,1875.57
10022,2499.73
10023,1875.95
10024,1875.83
10025,1962.6
10026,1870.43
10027,1870.64
10028,1870.49
10029,2351.76
10030,2108.9
10031,2359.33
10032,2095.51
10033,1962.26
10034,1815.67
10035,1339.55
10036,1248.78
10037,499.7
10038,499.72
10039,1650.41
10040,1650.65
10041,1889.59
10042,2076.54
10043,2410.07
10044,2811.93
10045,3053.12
10046,3053.92
10047,3174.77
10048,3239.32
10049,3217.71
10050,3239.19
10051,3217.78
10052,3217.62
10053,2903.56
10054,3174.52
10055,3250.72
10056,3500.4
10057,3751.51
10058,4597.23
10059,5199.47
10060,10000.0
10061,10000.0
10062,10000.0
10063,10000.0
10064,10000.0
10065,10000.0
10066,10000.0
10067,10000.0
10068,10000.0
10069,10000.0
10070,10000.0
10071,9999.23
10072,10000.0
10073,10000.0
10074,10000.0
10075,10000.0
10076,10000.0
10077,10000.0
10078,10000.0
10079,10000.0
10080,6499.95
10081,5199.42
10082,4500.41
10083,5360.48
10084,4784.4
10085,4090.79
10086,4252.91
10087,4500.61
10088,4500.0
10089,4081.56
10090,4024.33
10091,3778.17
10092,3778.14
10093,3700.7
10094,3700.52
10095,3700.78
10096,3700.04
10097,3688.0
10098,3750.69
10099,3710.57
10100,3999.61
10101,4011.59
10102,4070.27
10103,4081.36
10104,4081.32
10105,4700.34
10106,6000.17
10107,6100.07
10108,5000.47
10109,4081.09
10110,3388.0
10111,2012.43
10112,1519.36
10113,2510.51
10114,2980.32
10115,2700.74
10116,2349.76
10117,2455.37
10118,2031.08
10119,2500.79
10120,2455.24
10121,2455.79
10122,2031.58
10123,2021.3
10124,1975.24
10125,2499.72
10126,2500.06
10127,2035.26
10128,2035.16
10129,1797.73
10130,1962.4
10131,1780.84
10132,1780.15
10133,1058.43
10134,1349.55
10135,1660.68
10136,1794.26
10137,2000.03
10138,2499.37
10139,2114.0
10140,2649.13
10141,2500.44
10142,2649.25
10143,2462.88
10144,3094.26
10145,3200.68
10146,3250.7
10147,3422.95
10148,3760.28
10149,3834.67
10150,4000.54
10151,3742.06
10152,3367.45
10153,2500.13
10154,4081.87
10155,7000.27
10156,10000.0
10157,10000.0
10158,10000.0
10159,10000.0
10160,10000.0
10161,10000.0
10162,10000.0
10163,10000.0
10164,10000.0
10165,10000.0
10166,10000.0
10167,9998.37
10168,9998.46
10169,10000.0
10170,10000.0
10171,10000.0
10172,10000.0
10173,10000.0
10174,9999.33
10175,6099.31
10176,5999.61
10177,5499.82
10178,5499.52
10179,5100.98
10180,5022.2
10181,4950.48
10182,4990.11
10183,4582.82
10184,4252.91
10185,3800.15
10186,3751.24
10187,3907.35
10188,3700.09
10189,3550.62
10190,3600.98
10191,3608.03
10192,3810.54
10193,3751.62
10194,3751.33
10195,3751.88
10196,3809.05
10197,3883.96
10198,3907.93
10199,3940.49
10200,3610.93
10201,4052.93
10202,4499.75
10203,4190.1
10204,3499.73
10205,2671.0
10206,999.7
10207,1766.41
10208,519.94
10209,2021.51
10210,2674.43
10211,2799.24
10212,2499.51
10213,2297.69
10214,2297.82
10215,2649.97
10216,2499.66
10217,2297.37
10218,2500.54
10219,2749.86
10220,2455.05
10221,1999.43
10222,1999.38
10223,2500.49
10224,2150.85
10225,1794.58
10226,1836.27
10227,1647.09
10228,1539.61
10229,1700.26
10230,1794.18
10231,1794.96
10232,1962.58
10233,2150.26
10234,2150.91
10235,2903.96
10236,3052.07
10237,3094.28
10238,3185.62
10239,3269.71
10240,3382.9
10241,3500.75
10242,3728.77
10243,3728.74
10244,3834.36
10245,3920.87
10246,4499.98
10247,3582.14
10248,3500.32
10249,3352.1
10250,3774.77
10251,5500.12
10252,10000.0
10253,10000.0
10254,10000.0
10255,10000.0
10256,10000.0
10257,10000.0
10258,10000.0
10259,10000.0
10260,10000.0
10261,10000.0
10262,10000.0
10263,7999.37
10264,6000.83
10265,5749.96
10266,9520.27
10267,10000.0
10268,10000.0
10269,10000.0
10270,10000.0
10271,10000.0
10272,10000.0
10273,10000.0
10274,5499.77
10275,5181.87
10276,4502.27
10277,4500.66
10278,4500.34
10279,4500.34
10280,4499.73
10281,3945.26
10282,3783.7
10283,3700.71
10284,3670.76
10285,3620.71
10286,3834.28
10287,3700.29
10288,3907.3
10289,3610.88
10290,3700.05
10291,3990.24
10292,3999.25
10293,3922.91
10294,3999.55
10295,4011.21
10296,4081.3
10297,3809.07
10298,3984.81
10299,3569.14
10300,2747.0
10301,2000.25
10302,1499.11
10303,2903.99
10304,2700.42
10305,2349.21
10306,2349.53
10307,1797.73
10308,1784.65
10309,1797.75
10310,1794.75
10311,2000.19
10312,2000.02
10313,1780.59
10314,1687.76
10315,1780.2
10316,1660.06
10317,1648.7
10318,1693.06
10319,1766.86
10320,1499.94
10321,1220.68
10322,1349.43
10323,1676.44
10324,1607.22
10325,999.49
10326,999.54
10327,1589.77
10328,1747.28
10329,1784.61
10330,2150.19
10331,2169.21
10332,2400.03
10333,2600.96
10334,2850.55
10335,2900.36
10336,2903.94
10337,2150.79
10338,2150.46
10339,2990.79
10340,2950.47
10341,2308.73
10342,2500.51
10343,1999.63
10344,2308.44
10345,999.92
10346,1999.88
10347,3422.51
10348,3623.83
10349,4499.89
10350,4551.84
10351,4500.06
10352,4034.58
10353,3289.42
10354,3314.92
10355,4410.17
10356,4550.85
10357,4650.57
10358,4700.07
10359,3470.14
10360,3422.46
10361,3728.2
10362,3728.88
10363,4500.58
10364,4582.8
10365,3499.21
10366,3000.38
10367,2700.96
10368,2359.96
10369,2050.71
10370,3000.7
10371,3728.97
10372,3981.0
10373,3728.51
10374,3700.98
10375,3610.37
10376,3499.26
10377,3499.67
10378,3422.71
10379,2661.19
10380,2645.81
10381,3321.24
10382,3390.42
10383,3210.48
10384,3000.27
10385,3367.01
10386,3422.05
10387,3094.96
10388,2899.46
10389,2550.56
10390,2750.87
10391,1794.76
10392,1784.26
10393,2850.41
10394,3107.79
10395,3422.42
10396,3000.56
10397,2000.16
10398,1794.77
10399,799.83
10400,799.24
10401,701.3
10402,587.84
10403,586.78
10404,586.8
10405,585.18
10406,585.22
10407,584.86
10408,584.91
10409,583.67
10410,583.49
10411,582.47
10412,582.39
10413,581.64
10414,581.59
10415,580.92
10416,580.74
10417,799.25
10418,799.35
10419,1000.59
10420,1000.14
10421,999.13
10422,999.33
10423,999.91
10424,1349.55
10425,1680.71
10426,1794.24
10427,1797.39
10428,1784.73
10429,2400.85
10430,2500.78
10431,2799.36
10432,2700.49
10433,2499.18
10434,2499.58
10435,2700.58
10436,2903.57
10437,2382.44
10438,3000.29
10439,3300.07
10440,3300.06
10441,1999.68
10442,3367.24
10443,4500.54
10444,10000.0
10445,10000.0
10446,10000.0
10447,10000.0
10448,10000.0
10449,10000.0
10450,10000.0
10451,10000.0
10452,10000.0
10453,10000.0
10454,10000.0
10455,10000.0
10456,10000.0
10457,10000.0
10458,10000.0
10459,10000.0
10460,10000.0
10461,10000.0
10462,10000.0
10463,10000.0
10464,10000.0
10465,10000.0
10466,10000.0
10467,10000.0
10468,10000.0
10469,10000.0
10470,10000.0
10471,10000.0
10472,10000.0
10473,6100.94
10474,5355.86
10475,5100.46
10476,5000.01
10477,4784.9
10478,4584.98
10479,4584.1
10480,4582.63
10481,4513.52
10482,4582.61
10483,4784.48
10484,4999.46
10485,5365.66
10486,5795.34
10487,5199.59
10488,5100.34
10489,5075.22
10490,5205.47
10491,4999.51
10492,4584.5
10493,4018.45
10494,3750.89
10495,3174.54
10496,2710.32
10497,2800.04
10498,1780.57
10499,1780.12
10500,1589.3
10501,1647.33
10502,1499.48
10503,1780.82
10504,1780.41
10505,1766.75
10506,1499.08
10507,1647.25
10508,1766.42
10509,1000.56
10510,1349.22
10511,499.99
10512,999.01
10513,1308.0
10514,1500.23
10515,1399.06
10516,1647.08
10517,1500.43
10518,1647.78
10519,1794.08
10520,1794.52
10521,1962.16
10522,2499.86
10523,2663.13
10524,2903.59
10525,3174.43
10526,3174.42
10527,3367.43
10528,3422.88
10529,3390.37
10530,3422.5
10531,3414.95
10532,3576.67
10533,3034.36
10534,3269.18
10535,3287.51
10536,3367.52
10537,3199.42
10538,3367.14
10539,2139.86
10540,2843.41
10541,4163.59
10542,4650.73
10543,5005.31
10544,5005.08
10545,5005.73
10546,4789.79
10547,6505.29
10548,6630.29
10549,10000.0
10550,10000.0
10551,10000.0
10552,10000.0
10553,10000.0
10554,10000.0
10555,10000.0
10556,10000.0
10557,10000.0
10558,10000.0
10559,10000.0
10560,10000.0
10561,10000.0
10562,10000.0
10563,10000.0
10564,10000.0
10565,8999.94
10566,5012.42
10567,4799.81
10568,4784.96
10569,5400.38
10570,5355.19
10571,5260.12
10572,4784.91
10573,4134.14
10574,4063.11
10575,4011.73
10576,4089.1
10577,3620.04
10578,3751.6
10579,4089.45
10580,4499.15
10581,4499.37
10582,4909.42
10583,5993.23
10584,6540.75
10585,6600.1
10586,10000.0
10587,10000.0
10588,10000.0
10589,3753.25
10590,3599.92
10591,3660.57
10592,3470.4
10593,3352.02
10594,3321.85
10595,2999.2
10596,2840.82
10597,2932.72
10598,2959.21
10599,3034.29
10600,2980.73
10601,2903.39
10602,2850.47
10603,3269.48
10604,3239.57
10605,3422.57
10606,3422.27
10607,3367.6
10608,3361.5
10609,3239.18
10610,3270.75
10611,3390.51
10612,3386.5
10613,3221.27
10614,3352.16
10615,3422.2
10616,3499.22
10617,3576.22
10618,3605.7
10619,3760.59
10620,3800.06
10621,3760.77
10622,3834.9
10623,4163.2
10624,4584.79
10625,4784.85
10626,4999.6
10627,6032.37
10628,10000.0
10629,5499.33
10630,10000.0
10631,10000.0
10632,10000.0
10633,10000.0
10634,10000.0
10635,10000.0
10636,10000.0
10637,10000.0
10638,10000.0
10639,10000.0
10640,10000.0
10641,10000.0
10642,10000.0
10643,10000.0
10644,10000.0
10645,10000.0
10646,10000.0
10647,10000.0
10648,10000.0
10649,10000.0
10650,10000.0
10651,10000.0
10652,10000.0
10653,10000.0
10654,10000.0
10655,10000.0
10656,10000.0
10657,10000.0
10658,10000.0
10659,10000.0
10660,10000.0
10661,10000.0
10662,10000.0
10663,10000.0
10664,10000.0
10665,10000.0
10666,10000.0
10667,10000.0
10668,10000.0
10669,10000.0
10670,10000.0
10671,10000.0
10672,10000.0
10673,10000.0
10674,10000.0
10675,10000.0
10676,10000.0
10677,10000.0
10678,10000.0
10679,10000.0
10680,10000.0
10681,10000.0
10682,10000.0
10683,10000.0
10684,10000.0
10685,10000.0
10686,10000.0
10687,4582.84
10688,3831.76
10689,3329.74
10690,3499.84
10691,3234.77
10692,3201.72
10693,3655.86
10694,3696.91
10695,3239.66
10696,3201.35
10697,3107.93
10698,3034.66
10699,3034.66
10700,3000.74
10701,3034.43
10702,3174.34
10703,3239.02
10704,3269.02
10705,3295.47
10706,3277.0
10707,3367.51
10708,3382.59
10709,3250.36
10710,3322.55
10711,3414.78
10712,3576.24
10713,3619.7
10714,3811.24
10715,3760.64
10716,3799.03
10717,3907.97
10718,4089.48
10719,4554.99
10720,4789.23
10721,4999.74
10722,5022.23
10723,6499.44
10724,7440.6
10725,5999.89
10726,8555.24
10727,10000.0
10728,10000.0
10729,10000.0
10730,10000.0
10731,10000.0
10732,10000.0
10733,10000.0
10734,10000.0
10735,10000.0
10736,10000.0
10737,10000.0
10738,10000.0
10739,10000.0
10740,10000.0
10741,10000.0
10742,10000.0
10743,10000.0
10744,10000.0
10745,10000.0
10746,10000.0
10747,10000.0
10748,10000.0
10749,10000.0
10750,10000.0
10751,10000.0
10752,10000.0
10753,10000.0
10754,10000.0
10755,10000.0
10756,10000.0
10757,10000.0
10758,10000.0
10759,10000.0
10760,10000.0
10761,10000.0
10762,10000.0
10763,10000.0
10764,10000.0
10765,10000.0
10766,10000.0
10767,10000.0
10768,10000.0
10769,10000.0
10770,10000.0
10771,5999.28
10772,5999.53
10773,6500.73
10774,9520.94
10775,9520.3
10776,10000.0
10777,10000.0
10778,10000.0
10779,10000.0
10780,5075.15
10781,3550.55
10782,2999.54
10783,3034.44
10784,1794.63
10785,2980.55
10786,3250.59
10787,3174.87
10788,3034.69
10789,2903.14
10790,2903.66
10791,3034.41
10792,3030.0
10793,3000.56
10794,3107.02
10795,2980.53
10796,2929.48
10797,3153.08
10798,3174.46
10799,2929.02
10800,3000.24
10801,2500.92
10802,2803.4
10803,2349.25
10804,2260.22
10805,1784.03
10806,1797.67
10807,2400.45
10808,2499.16
10809,2980.58
10810,3054.99
10811,3034.28
10812,3094.8
10813,3200.1
10814,3382.12
10815,3700.14
10816,3800.47
10817,3728.35
10818,4107.41
10819,3783.49
10820,3994.85
10821,3527.86
10822,3527.88
10823,3527.45
10824,3742.21
10825,4250.27
10826,5420.81
10827,5500.12
10828,10000.0
10829,10000.0
10830,10000.0
10831,10000.0
10832,10000.0
10833,10000.0
10834,10000.0
10835,10000.0
10836,10000.0
10837,10000.0
10838,10000.0
10839,10000.0
10840,10000.0
10841,10000.0
10842,10000.0
10843,10000.0
10844,10000.0
10845,10000.0
10846,10000.0
10847,10000.0
10848,10000.0
10849,10000.0
10850,10000.0
10851,10000.0
10852,10000.0
10853,10000.0
10854,10000.0
10855,10000.0
10856,10000.0
10857,10000.0
10858,10000.0
10859,5999.14
10860,5999.0
10861,4784.04
10862,3730.68
10863,4784.7
10864,4502.21
10865,3551.52
10866,3551.82
10867,3730.31
10868,3750.8
10869,5022.91
10870,6100.89
10871,6400.36
10872,6505.45
10873,6400.23
10874,8005.01
10875,5500.74
10876,4400.01
10877,3240.92
10878,1650.29
10879,1687.43
10880,500.78
10881,2001.0
10882,2033.87
10883,2833.8
10884,2950.5
10885,3000.02
10886,3094.41
10887,3321.82
10888,3321.18
10889,3094.67
10890,2803.18
10891,3094.08
10892,3130.0
10893,3094.83
10894,2903.37
10895,2800.13
10896,2711.04
10897,2150.55
10898,2295.27
10899,2903.32
10900,2800.37
10901,3107.59
10902,3221.89
10903,3293.43
10904,3250.26
10905,3290.88
10906,3382.05
10907,3324.95
10908,3382.87
10909,3569.27
10910,3776.85
10911,4582.47
10912,5000.02
10913,5075.68
10914,6400.88
10915,8998.83
10916,8806.32
10917,4300.79
10918,4582.58
10919,6099.43
10920,10000.0
10921,4502.59
10922,6099.47
10923,8000.03
10924,10000.0
10925,10000.0
10926,10000.0
10927,10000.0
10928,10000.0
10929,10000.0
10930,10000.0
10931,10000.0
10932,10000.0
10933,10000.0
10934,10000.0
10935,10000.0
10936,10000.0
10937,10000.0
10938,10000.0
10939,10000.0
10940,10000.0
10941,10000.0
10942,10000.0
10943,10000.0
10944,10000.0
10945,10000.0
10946,10000.0
10947,10000.0
10948,10000.0
10949,10000.0
10950,10000.0
10951,10000.0
10952,10000.0
10953,10000.0
10954,10000.0
10955,10000.0
10956,7000.46
10957,5999.03
10958,5200.87
10959,4517.45
10960,4517.27
10961,4517.59
10962,4502.27
10963,4789.97
10964,5000.01
10965,7000.26
10966,9520.74
10967,9999.81
10968,9999.76
10969,10000.0
10970,10000.0
10971,10000.0
10972,10000.0
10973,4089.71
10974,2950.62
10975,2903.82
10976,2021.13
10977,2800.58
10978,2850.97
10979,2929.01
10980,2980.37
10981,3107.82
10982,3200.79
10983,3239.36
10984,2996.0
10985,3239.41
10986,2980.81
10987,3400.13
10988,3400.07
10989,3321.52
10990,3324.45
10991,3382.68
10992,3324.68
10993,3268.11
10994,3269.9
10995,3239.78
10996,3300.4
10997,3200.67
10998,3239.04
10999,3251.78
11000,3367.68
11001,3499.28
11002,3576.14
11003,3493.23
11004,3491.99
11005,3499.48
11006,3606.59
11007,4089.24
11008,4089.96
11009,4107.14
11010,4166.86
11011,4502.04
11012,5000.93
11013,3312.66
11014,3499.81
11015,3699.32
11016,4300.08
11017,4033.0
11018,6283.49
11019,6311.31
11020,10000.0
11021,10000.0
11022,10000.0
11023,10000.0
11024,10000.0
11025,10000.0
11026,10000.0
11027,10000.0
11028,10000.0
11029,10000.0
11030,10000.0
11031,10000.0
11032,10000.0
11033,10000.0
11034,10000.0
11035,10000.0
11036,10000.0
11037,10000.0
11038,10000.0
11039,10000.0
11040,10000.0
11041,10000.0
11042,10000.0
11043,10000.0
11044,10000.0
11045,10000.0
11046,10000.0
11047,10000.0
11048,10000.0
11049,10000.0
11050,10000.0
11051,8998.77
11052,8998.36
11053,6995.24
11054,6992.69
11055,6005.37
11056,5505.64
11057,6505.41
11058,7005.73
11059,7005.44
11060,7309.0
11061,9678.72
11062,10000.0
11063,10000.0
11064,10000.0
11065,10000.0
11066,10000.0
11067,10000.0
11068,9150.22
11069,4011.48
11070,3529.87
11071,2804.44
11072,2203.33
11073,2799.53
11074,2810.58
11075,3000.66
11076,3070.51
11077,3239.86
11078,3321.48
11079,3322.22
11080,3201.84
11081,3034.41
11082,2884.76
11083,2980.5
11084,2939.56
11085,2980.99
11086,3107.69
11087,3201.51
11088,3201.68
11089,3153.69
11090,3167.88
11091,3000.15
11092,2903.15
11093,2004.2
11094,2538.0
11095,3167.68
11096,3324.99
11097,3367.84
11098,3569.56
11099,3600.27
11100,3728.37
11101,3776.68
11102,4011.02
11103,4300.84
11104,4325.83
11105,4480.34
11106,4597.75
11107,4635.36
11108,5000.32
11109,3500.95
11110,3710.89
11111,3249.24
11112,3500.51
11113,2478.0
11114,3249.43
11115,4089.76
11116,6110.0
11117,10000.0
11118,10000.0
11119,10000.0
11120,10000.0
11121,10000.0
11122,10000.0
11123,10000.0
11124,10000.0
11125,10000.0
11126,10000.0
11127,10000.0
11128,10000.0
11129,10000.0
11130,10000.0
11131,10000.0
11132,10000.0
11133,10000.0
11134,10000.0
11135,10000.0
11136,10000.0
11137,10000.0
11138,10000.0
11139,10000.0
11140,10000.0
11141,10000.0
11142,10000.0
11143,10000.0
11144,10000.0
11145,6099.62
11146,6005.56
11147,6000.31
11148,5505.79
11149,4597.35
11150,4450.36
11151,3600.58
11152,3390.3
11153,3290.03
11154,3600.76
11155,4450.65
11156,4784.98
11157,6500.82
11158,6500.8
11159,9020.42
11160,9020.09
11161,8020.27
11162,6700.23
11163,5100.67
11164,4000.8
11165,2920.21
11166,2749.57
11167,2000.06
11168,1249.51
11169,2349.74
11170,2920.09
11171,1995.3
11172,1966.84
11173,2000.1
11174,2118.34
11175,1794.75
11176,1780.91
11177,1591.17
11178,1424.78
11179,1506.0
11180,1645.32
11181,1794.52
11182,1962.86
11183,1794.04
11184,1794.92
11185,1800.5
11186,1962.49
11187,1797.37
11188,1900.6
11189,1766.85
11190,1780.73
11191,1995.76
11192,2118.14
11193,2903.84
11194,3107.71
11195,2604.6
11196,2401.31
11197,2500.7
11198,3054.09
11199,3239.51
11200,3239.32
11201,3039.33
11202,3101.36
11203,2299.16
11204,2833.56
11205,1569.73
11206,1952.83
11207,989.89
11208,1500.84
11209,683.7
11210,1676.5
11211,2843.39
11212,3293.27
11213,3239.95
11214,3422.01
11215,2961.36
11216,3239.2
11217,3440.72
11218,3500.06
11219,3613.16
11220,3920.92
11221,3965.27
11222,3920.05
11223,3907.97
11224,4017.21
11225,4500.07
11226,4784.8
11227,7005.42
11228,8555.69
11229,10000.0
11230,9763.64
11231,8555.91
11232,7005.38
11233,7005.4
11234,6401.23
11235,5397.06
11236,4799.17
11237,4234.6
11238,4033.54
11239,3941.84
11240,3620.48
11241,3000.38
11242,2932.71
11243,3470.21
11244,3630.49
11245,3610.56
11246,3650.22
11247,3422.92
11248,3367.67
11249,3126.33
11250,3195.11
11251,3493.54
11252,3610.58
11253,3295.02
11254,3491.69
11255,3500.19
11256,3540.34
11257,3645.02
11258,4089.72
11259,3617.24
11260,3540.21
11261,3222.81
11262,2620.14
11263,2000.07
11264,1999.08
11265,999.43
11266,1084.62
11267,1999.8
11268,1999.49
11269,2604.14
11270,2799.99
11271,2803.34
11272,2799.07
11273,2021.72
11274,1995.53
11275,2385.03
11276,2385.21
11277,2420.33
11278,2510.37
11279,2295.73
11280,2385.96
11281,1999.61
11282,1995.28
11283,1995.33
11284,1966.41
11285,1339.66
11286,1620.43
11287,1794.14
11288,1962.32
11289,2420.85
11290,2849.94
11291,2903.86
11292,3210.25
11293,3094.56
11294,3050.63
11295,3301.16
11296,3200.72
11297,2980.96
11298,3112.34
11299,2838.21
11300,2980.9
11301,2821.75
11302,2980.86
11303,3250.11
11304,3104.48
11305,3041.27
11306,3650.1
11307,4597.35
11308,8000.55
11309,10000.0
11310,10000.0
11311,10000.0
11312,10000.0
11313,10000.0
11314,10000.0
11315,10000.0
11316,10000.0
11317,10000.0
11318,10000.0
11319,9998.68
11320,10000.0
11321,8546.87
11322,10000.0
11323,10000.0
11324,10000.0
11325,10000.0
11326,10000.0
11327,10000.0
11328,10000.0
11329,10000.0
11330,10000.0
11331,6401.08
11332,5000.94
11333,6005.26
11334,5100.04
11335,4600.54
11336,4132.82
11337,3700.91
11338,3700.1
11339,3422.75
11340,3550.04
11341,3414.93
11342,3321.47
11343,3287.49
11344,3287.42
11345,2810.73
11346,3000.1
11347,3390.6
11348,3499.6
11349,3500.98
11350,3920.63
11351,4089.47
11352,4392.0
11353,4500.45
11354,4762.7
11355,3551.77
11356,2885.87
11357,2816.7
11358,2816.51
11359,1980.43
11360,1766.66
11361,1794.65
11362,1980.35
11363,1966.2
11364,1962.58
11365,2499.39
11366,2849.76
11367,2034.91
11368,2099.86
11369,1797.4
11370,1794.43
11371,1797.56
11372,1794.91
11373,1794.95
11374,1966.3
11375,2849.58
11376,2800.34
11377,1949.45
11378,1978.62
11379,1968.85
11380,1968.25
11381,1674.89
11382,1676.85
11383,1766.79
11384,1794.65
11385,2849.16
11386,3221.68
11387,3094.13
11388,3019.4
11389,3104.64
11390,3269.05
11391,3324.97
11392,3390.75
11393,3422.18
11394,3720.35
11395,3400.42
11396,3422.5
11397,2961.02
11398,3322.63
11399,3422.52
11400,3350.65
11401,2662.23
11402,3200.34
11403,4089.23
11404,5022.3
11405,6500.79
11406,10000.0
11407,10000.0
11408,10000.0
11409,8012.85
11410,7500.55
11411,7500.23
11412,7500.05
11413,5999.7
11414,5999.67
11415,5060.2
11416,5400.3
11417,10000.0
11418,10000.0
11419,10000.0
11420,10000.0
11421,10000.0
11422,10000.0
11423,10000.0
11424,9373.69
11425,6012.13
11426,5100.69
11427,4600.9
11428,3899.85
11429,4000.02
11430,3730.17
11431,3899.16
11432,3669.01
11433,3422.22
11434,3000.65
11435,3000.51
11436,3107.1
11437,3470.75
11438,3422.73
11439,3367.64
11440,3019.17
11441,3094.34
11442,3367.48
11443,3470.75
11444,3499.56
11445,3499.57
11446,3732.0
11447,3664.42
11448,3664.74
11449,3664.59
11450,3664.94
11451,3499.92
11452,2980.26
11453,3414.02
11454,2980.82
11455,2385.41
11456,1676.93
11457,2326.0
11458,2000.01
11459,1599.55
11460,1339.72
11461,2112.39
11462,2112.94
11463,2250.53
11464,2250.03
11465,2250.31
11466,2076.66
11467,2499.4
11468,2297.71
11469,2400.08
11470,2400.7
11471,2649.96
11472,2499.51
11473,2085.26
11474,2296.61
11475,1999.57
11476,1999.29
11477,1794.47
11478,1797.81
11479,2100.1
11480,2499.99
11481,2903.56
11482,3167.85
11483,3094.32
11484,3167.54
11485,3094.75
11486,3167.51
11487,3094.85
11488,3201.03
11489,3367.15
11490,3434.84
11491,3390.95
11492,3434.14
11493,3422.15
11494,3470.38
11495,3649.81
11496,3849.09
11497,1377.5
11498,1799.31
11499,2204.62
11500,3750.79
11501,5250.57
11502,7350.18
11503,6300.38
11504,6300.92
11505,6000.64
11506,6200.74
11507,5800.76
11508,6000.74
11509,5500.78
11510,5999.43
11511,5540.55
11512,6000.5
11513,7020.41
11514,9864.56
11515,10000.0
11516,10000.0
11517,7350.88
11518,6688.0
11519,5199.87
11520,5199.3
11521,5342.46
11522,4650.75
11523,4582.64
11524,3899.63
11525,4500.8
11526,4500.34
11527,4163.05
11528,3907.6
11529,3834.46
11530,3783.92
11531,3728.56
11532,3834.75
11533,3642.58
11534,3582.78
11535,3639.09
11536,3582.68
11537,3422.98
11538,3500.35
11539,3750.08
11540,3834.85
11541,3610.46
11542,3834.72
11543,3907.95
11544,3728.98
11545,4500.41
11546,4582.97
11547,3422.28
11548,2798.79
11549,2920.14
11550,2650.34
11551,2095.09
11552,1999.61
11553,1794.72
11554,1766.61
11555,1604.33
11556,1343.29
11557,1766.95
11558,1780.58
11559,1676.37
11560,1676.84
11561,1674.09
11562,999.41
11563,1339.16
11564,1165.98
11565,954.1
11566,905.14
11567,1339.0
11568,1200.63
11569,1676.4
11570,1676.53
11571,1339.79
11572,1165.7
11573,778.68
11574,778.73
11575,1256.0
11576,1780.45
11577,2074.22
11578,2630.07
11579,2849.51
11580,2799.61
11581,2799.58
11582,3153.4
11583,3167.66
11584,3300.7
11585,3239.54
11586,3221.38
11587,2799.45
11588,2803.06
11589,2349.74
11590,2407.4
11591,2803.18
11592,3094.58
11593,1674.71
11594,1999.69
11595,1999.47
11596,1999.96
11597,3608.54
11598,3751.93
11599,3604.62
11600,3422.47
11601,1499.79
11602,1499.69
11603,2798.36
11604,3249.46
11605,3422.93
11606,3390.34
11607,3052.33
11608,3107.82
11609,3239.95
11610,3367.38
11611,3570.5
11612,3249.28
11613,3000.56
11614,2903.45
11615,2995.73
11616,1999.77
11617,3751.55
11618,3610.4
11619,3094.03
11620,2843.4
11621,1980.29
11622,1875.0
11623,1165.42
11624,1499.68
11625,1399.11
11626,2000.1
11627,1819.5
11628,1980.42
11629,2000.91
11630,1995.06
11631,1995.82
11632,1766.7
11633,2021.35
11634,2123.25
11635,2021.56
11636,2235.66
11637,1962.55
11638,2849.57
11639,3019.43
11640,3000.74
11641,3100.17
11642,2850.69
11643,1766.41
11644,1349.63
11645,500.25
11646,299.21
11647,109.83
11648,109.59
11649,109.59
11650,109.93
11651,999.14
11652,699.46
11653,698.68
11654,698.51
11655,999.22
11656,999.2
11657,697.77
11658,697.75
11659,697.42
11660,697.44
11661,697.64
11662,697.7
11663,697.44
11664,697.41
11665,697.75
11666,697.83
11667,1500.65
11668,1500.16
11669,1349.56
11670,1349.51
11671,1424.79
11672,1500.13
11673,1766.33
11674,1966.67
11675,2076.83
11676,2400.8
11677,2500.67
11678,2510.63
11679,3000.46
11680,3107.22
11681,3322.07
11682,3382.56
11683,3367.92
11684,3367.54
11685,2903.07
11686,2903.02
11687,2614.23
11688,2462.1
11689,1794.31
11690,2799.32
11691,3289.95
11692,3659.64
11693,5500.93
11694,6280.1
11695,6300.44
11696,8501.09
11697,5700.96
11698,5500.92
11699,5500.2
11700,5500.07
11701,5000.72
11702,4999.24
11703,4799.9
11704,4950.89
11705,5200.34
11706,5499.3
11707,6499.97
11708,8508.31
11709,6000.62
11710,5500.69
11711,4784.43
11712,4699.3
11713,4200.29
11714,4089.74
11715,3977.66
11716,3920.87
11717,3754.72
11718,3550.24
11719,3500.72
11720,3505.92
11721,3567.05
11722,3563.56
11723,3800.12
11724,3807.05
11725,3800.68
11726,3751.82
11727,3610.42
11728,3582.09
11729,3499.81
11730,3692.0
11731,3700.4
11732,3750.74
11733,3720.02
11734,3834.6
11735,3769.56
11736,3728.88
11737,3920.69
11738,4000.25
11739,3201.38
11740,2903.31
11741,2297.82
11742,2296.65
11743,2500.42
11744,2400.92
11745,2150.49
11746,2169.04
11747,1780.57
11748,1676.56
11749,1780.99
11750,1784.81
11751,2021.52
11752,1962.76
11753,2535.67
11754,2499.88
11755,2595.53
11756,2665.63
11757,2700.71
11758,2800.28
11759,2850.91
11760,2800.71
11761,2535.98
11762,2535.11
11763,2649.43
11764,2515.5
11765,2346.2
11766,2346.4
11767,2800.13
11768,3167.3
11769,2949.76
11770,3107.72
11771,3322.93
11772,3440.99
11773,3422.52
11774,3577.0
11775,3414.63
11776,3382.5
11777,3324.18
11778,3167.43
11779,2500.38
11780,2499.91
11781,2500.14
11782,2780.93
11783,2510.6
11784,2700.42
11785,999.18
11786,1119.55
11787,1643.71
11788,2499.47
11789,3100.3
11790,3422.89
11791,4050.82
11792,4084.76
11793,3920.15
11794,3500.09
11795,3491.87
11796,3500.08
11797,3252.67
11798,3367.48
11799,3295.83
11800,3499.27
11801,4163.52
11802,4499.68
11803,4650.92
11804,4789.52
11805,4784.48
11806,4550.91
11807,4011.08
11808,3620.13
11809,3367.42
11810,3106.18
11811,3390.19
11812,3367.54
11813,3390.54
11814,3390.15
11815,3367.02
11816,3390.12
11817,3390.87
11818,3414.13
11819,3337.35
11820,3293.17
11821,3293.54
11822,3125.51
11823,2119.54
11824,2119.17
11825,2112.86
11826,2119.07
11827,1995.68
11828,2629.29
11829,3321.49
11830,3414.88
11831,3100.25
11832,3094.01
11833,2903.25
11834,2850.58
11835,2299.19
11836,1922.0
11837,1784.93
11838,1797.11
11839,1794.25
11840,1780.8
11841,1980.93
11842,1794.3
11843,1678.47
11844,1474.0
11845,1780.52
11846,1797.77
11847,1962.57
11848,1794.64
11849,1590.47
11850,1349.37
11851,999.16
11852,984.13
11853,656.5
11854,699.14
11855,819.17
11856,900.65
11857,946.88
11858,963.69
11859,1143.25
11860,1165.08
11861,999.26
11862,1306.38
11863,1349.84
11864,1674.85
11865,1676.68
11866,1780.6
11867,1780.36
11868,1955.25
11869,2012.2
11870,2499.22
11871,2100.43
11872,2499.47
11873,1962.45
11874,1762.53
11875,1766.58
11876,1794.71
11877,1810.28
11878,1999.94
11879,1980.5
11880,1999.14
11881,1676.14
11882,1766.08
11883,1758.08
11884,1758.18
11885,2000.07
11886,2855.94
11887,3094.36
11888,3094.13
11889,2402.0
11890,2629.21
11891,3414.69
11892,3470.95
11893,3422.79
11894,3390.41
11895,2943.01
11896,3064.94
11897,3390.74
11898,3780.84
11899,3907.6
11900,3834.61
11901,3492.0
11902,3496.0
11903,3502.62
11904,3295.28
11905,3367.02
11906,3414.93
11907,3290.14
11908,2980.85
11909,2400.23
11910,2349.11
11911,2400.41
11912,2300.3
11913,1940.7
11914,1999.4
11915,2499.55
11916,2300.46
11917,2649.55
11918,2499.83
11919,2849.47
11920,2799.15
11921,2980.68
11922,3055.52
11923,3295.99
11924,3321.9
11925,2629.06
11926,2980.75
11927,2850.93
11928,2773.97
11929,3094.07
11930,3105.73
11931,2980.82
11932,2629.12
11933,2499.32
11934,2266.0
11935,1995.3
11936,1797.21
11937,1766.9
11938,1975.89
11939,2021.35
11940,2035.5
11941,2275.36
11942,2510.32
11943,2525.73
11944,2076.64
11945,2076.95
11946,2025.59
11947,2035.33
11948,2010.99
11949,1766.63
11950,1775.75
11951,1499.54
11952,1766.35
11953,1921.44
11954,1980.23
11955,1794.8
11956,1797.51
11957,1599.7
11958,1794.74
11959,1995.26
11960,2499.3
11961,2810.14
11962,2649.25
11963,2500.58
11964,2594.27
11965,1794.36
11966,1995.7
11967,2980.74
11968,3105.01
11969,2803.87
11970,2430.0
11971,1797.63
11972,1797.27
11973,2099.82
11974,2903.49
11975,3390.94
11976,3422.57
11977,3000.67
11978,3094.61
11979,2500.41
11980,3250.19
11981,4150.85
11982,3970.94
11983,3473.61
11984,4250.6
11985,3499.4
11986,3414.77
11987,2349.85
11988,2204.97
11989,2827.97
11990,3295.42
11991,3174.14
11992,3094.17
11993,3293.43
11994,3174.21
11995,3422.44
11996,3422.99
11997,3287.51
11998,3000.9
11999,2827.82
12000,2827.4
12001,2540.57
12002,2540.34
12003,2768.0
12004,2540.89
12005,2540.7
12006,2540.71
12007,2540.71
12008,2540.74
12009,2540.84
12010,2540.62
12011,2540.5
12012,2540.28
12013,2540.18
12014,2540.07
12015,2400.45
12016,2308.69
12017,2649.22
12018,2903.91
12019,2970.2
12020,2903.83
12021,2629.61
12022,2903.29
12023,2448.57
12024,2267.43
12025,2807.05
12026,2807.23
12027,2807.26
12028,2700.17
12029,2235.85
12030,1999.57
12031,2076.81
12032,2000.51
12033,2200.19
12034,2235.81
12035,1995.46
12036,1962.15
12037,1794.87
12038,1980.8
12039,1676.22
12040,1592.69
12041,1643.01
12042,1598.39
12043,1589.03
12044,1485.75
12045,1674.16
12046,1674.94
12047,1349.88
12048,1349.7
12049,1349.56
12050,1349.83
12051,1414.22
12052,1349.96
12053,999.9
12054,1008.0
12055,1349.85
12056,1589.48
12057,1794.19
12058,2010.71
12059,2903.87
12060,3094.25
12061,2903.05
12062,2843.25
12063,3102.62
12064,3167.67
12065,2903.56
12066,2968.0
12067,3322.95
12068,3400.18
12069,3201.55
12070,2903.05
12071,3150.95
12072,3064.98
12073,1643.3
12074,1995.48
12075,2943.69
12076,3367.72
12077,4188.4
12078,4582.97
12079,4545.58
12080,4500.78
12081,3518.07
12082,3367.89
12083,3367.92
12084,3800.51
12085,3414.81
12086,3400.73
12087,3390.07
12088,3422.61
12089,3800.38
12090,4011.2
12091,4163.52
12092,4450.69
12093,3850.61
12094,3470.44
12095,3422.17
12096,3390.67
12097,3470.08
12098,3500.72
12099,3422.1
12100,3390.06
12101,3367.83
12102,3414.19
12103,3470.2
12104,3422.48
12105,3470.98
12106,3600.7
12107,3582.1
12108,3582.17
12109,3293.57
12110,3246.0
12111,3053.78
12112,3053.26
12113,3321.83
12114,3422.22
12115,3414.95
12116,3499.24
12117,3422.65
12118,3728.03
12119,3499.12
12120,3493.8
12121,3430.93
12122,3601.93
12123,3367.31
12124,3201.75
12125,3239.12
12126,2903.91
12127,1605.17
12128,799.93
12129,1962.45
12130,2201.28
12131,2274.76
12132,2196.49
12133,2799.25
12134,2799.59
12135,1995.88
12136,1995.98
12137,1780.89
12138,1750.15
12139,1766.76
12140,1766.1
12141,1766.05
12142,1780.22
12143,1980.37
12144,1995.69
12145,1980.83
12146,1976.09
12147,1858.92
12148,1858.82
12149,1858.03
12150,1799.72
12151,1980.48
12152,2076.3
12153,2900.36
12154,2980.37
12155,2900.13
12156,3000.61
12157,3174.75
12158,3190.58
12159,3322.51
12160,3350.99
12161,3321.27
12162,3322.73
12163,3494.0
12164,3422.09
12165,3200.66
12166,3210.72
12167,3322.95
12168,3422.02
12169,3094.15
12170,3540.85
12171,3769.77
12172,4000.22
12173,4500.22
12174,4789.12
12175,4500.15
12176,4107.21
12177,3430.7
12178,3500.3
12179,3875.88
12180,3582.62
12181,3531.63
12182,3780.83
12183,4120.01
12184,4410.86
12185,4011.2
12186,4274.38
12187,4920.37
12188,5000.34
12189,3999.09
12190,3990.76
12191,3820.02
12192,3620.59
12193,3820.79
12194,3562.49
12195,3771.29
12196,3710.27
12197,3738.49
12198,3710.36
12199,3751.07
12200,3738.44
12201,3515.42
12202,3470.29
12203,3015.23
12204,3015.68
12205,3098.0
12206,3221.08
12207,3210.05
12208,3012.16
12209,2971.51
12210,2971.72
12211,3362.34
12212,3515.85
12213,2823.52
12214,3290.59
12215,3499.78
12216,3566.0
12217,3499.82
12218,3499.1
12219,2998.0
12220,2823.49
12221,2420.65
12222,2349.67
12223,2169.13
12224,1733.78
12225,2014.26
12226,2014.71
12227,1902.86
12228,1788.88
12229,2025.62
12230,2600.11
12231,1999.76
12232,1913.03
12233,1766.38
12234,1731.69
12235,1776.67
12236,1776.72
12237,1799.76
12238,1912.18
12239,1949.92
12240,1906.34
12241,2055.0
12242,1999.67
12243,1889.23
12244,1788.9
12245,1704.0
12246,1714.59
12247,1888.62
12248,2155.16
12249,2799.78
12250,3039.39
12251,3308.91
12252,3381.0
12253,3308.08
12254,3308.02
12255,3039.97
12256,3039.55
12257,2799.63
12258,2829.71
12259,2500.12
12260,1519.66
12261,999.81
12262,2000.96
12263,2499.88
12264,2807.73
12265,2849.56
12266,3500.97
12267,3816.83
12268,3906.51
12269,4591.32
12270,4789.88
12271,4250.41
12272,3900.64
12273,4000.04
12274,4120.34
12275,4999.42
12276,4999.58
12277,5250.94
12278,4912.21
12279,4500.2
12280,4591.15
12281,5300.86
12282,5800.22
12283,5483.34
12284,5795.26
12285,3999.84
12286,3910.53
12287,3500.08
12288,3161.52
12289,4255.86
12290,4107.4
12291,3000.34
12292,2949.23
12293,3000.4
12294,2999.3
12295,3880.44
12296,3880.9
12297,3751.77
12298,3751.13
12299,3800.25
12300,3800.38
12301,3750.37
12302,3630.19
12303,3600.39
12304,3710.28
12305,3710.05
12306,3710.11
12307,3812.75
12308,3980.03
12309,3980.27
12310,3980.31
12311,4145.56
12312,3939.17
12313,3760.26
12314,4000.8
12315,3562.83
12316,3205.66
12317,3317.27
12318,2349.83
12319,2112.75
12320,1758.73
12321,2594.79
12322,2594.96
12323,2949.4
12324,2971.05
12325,3000.81
12326,3140.92
12327,3196.88
12328,3140.91
12329,2999.64
12330,2961.79
12331,2799.64
12332,2401.36
12333,2799.43
12334,2799.27
12335,2430.25
12336,2700.9
12337,2971.9
12338,3015.87
12339,2799.64
12340,2799.73
12341,2210.62
12342,2300.61
12343,2799.69
12344,2849.11
12345,2949.36
12346,3200.72
12347,3015.95
12348,3205.78
12349,3385.77
12350,3499.03
12351,3385.22
12352,3381.77
12353,3381.59
12354,3470.01
12355,3381.91
12356,3406.79
12357,2871.0
12358,2999.32
12359,3200.03
12360,3499.29
12361,2949.6
12362,3790.27
12363,4250.84
12364,5504.23
12365,10000.0
12366,10000.0
12367,10000.0
12368,10000.0
12369,10000.0
12370,10000.0
12371,10000.0
12372,10000.0
12373,9990.05
12374,6186.04
12375,10000.0
12376,10000.0
12377,10000.0
12378,10000.0
12379,6000.66
12380,5999.07
12381,6500.96
12382,6000.18
12383,10000.0
12384,6000.15
12385,8500.84
12386,5199.71
12387,4686.91
12388,4450.03
12389,4500.59
12390,4283.0
12391,3730.14
12392,3640.7
12393,3999.98
12394,3999.45
12395,3994.22
12396,3880.2
12397,2800.44
12398,2800.35
12399,3610.7
12400,3750.04
12401,3769.59
12402,3879.29
12403,3750.49
12404,3771.45
12405,3105.36
12406,3360.81
12407,3562.97
12408,3805.19
12409,4052.68
12410,4391.73
12411,3783.68
12412,3543.35
12413,3205.06
12414,3181.49
12415,2545.11
12416,2349.9
12417,2075.6
12418,2660.48
12419,2799.39
12420,2544.83
12421,2799.73
12422,2799.4
12423,2544.24
12424,2544.1
12425,2000.59
12426,1785.96
12427,2544.33
12428,2544.3
12429,2971.3
12430,2920.42
12431,2773.53
12432,2773.7
12433,2999.74
12434,3100.76
12435,3015.08
12436,2959.13
12437,2880.7
12438,2920.55
12439,2880.32
12440,3015.02
12441,3196.76
12442,3381.71
12443,3359.84
12444,3381.73
12445,3308.67
12446,3381.93
12447,3499.33
12448,3571.27
12449,3710.9
12450,3812.98
12451,4145.24
12452,4121.4
12453,3499.28
12454,3649.88
12455,3036.0
12456,3015.49
12457,1910.93
12458,3590.63
12459,4752.78
12460,5075.69
12461,10000.0
12462,10000.0
12463,10000.0
12464,10000.0
12465,10000.0
12466,10000.0
12467,10000.0
12468,10000.0
12469,10000.0
12470,9999.67
12471,7999.45
12472,8999.94
12473,10000.0
12474,10000.0
12475,10000.0
12476,10000.0
12477,5499.24
12478,5450.27
12479,5280.62
12480,4999.25
12481,10000.0
12482,10000.0
12483,10000.0
12484,10000.0
12485,9999.28
12486,5649.25
12487,4791.55
12488,4600.5
12489,4860.97
12490,4752.75
12491,4789.23
12492,4600.77
12493,4591.24
12494,4090.58
12495,3880.68
12496,3880.59
12497,4217.19
12498,4261.95
12499,4199.68
12500,4391.28
12501,4100.22
12502,4250.6
12503,4170.58
12504,4052.77
12505,3701.01
12506,3562.91
12507,3000.49
12508,3015.3
12509,2499.68
12510,2499.66
12511,1519.44
12512,1519.55
12513,2640.11
12514,2640.37
12515,2055.41
12516,1906.22
12517,1999.13
12518,2155.74
12519,1794.45
12520,1714.31
12521,1612.63
12522,1687.3
12523,1731.17
12524,1714.33
12525,999.45
12526,1589.58
12527,899.83
12528,999.3
12529,1626.66
12530,1766.95
12531,1766.84
12532,1700.69
12533,1731.53
12534,1731.73
12535,2034.67
12536,2510.71
12537,2799.62
12538,3000.47
12539,3015.99
12540,3015.54
12541,2890.83
12542,3015.54
12543,2900.13
12544,2788.0
12545,2510.63
12546,2118.81
12547,3035.7
12548,3220.18
12549,3000.57
12550,2850.9
12551,2300.03
12552,2512.52
12553,1000.73
12554,2349.74
12555,3640.21
12556,3999.69
12557,4789.64
12558,5075.19
12559,4499.65
12560,4500.13
12561,3880.6
12562,3880.87
12563,3771.35
12564,3899.25
12565,4750.61
12566,4665.14
12567,4789.77
12568,5450.51
12569,4450.66
12570,4791.68
12571,7964.17
12572,6000.31
12573,10000.0
12574,10000.0
12575,10000.0
12576,10000.0
12577,10000.0
12578,10000.0
12579,4800.31
12580,4499.48
12581,4499.15
12582,3999.88
12583,3512.22
12584,3000.5
12585,3565.48
12586,3565.81
12587,3562.73
12588,3342.5
12589,3500.43
12590,3102.02
12591,3499.27
12592,3269.21
12593,3000.97
12594,3499.13
12595,3499.9
12596,3565.55
12597,2850.13
12598,3499.69
12599,3590.54
12600,3638.57
12601,3698.0
12602,3603.12
12603,3300.54
12604,3211.77
12605,2450.39
12606,1699.82
12607,2500.77
12608,2849.63
12609,2629.55
12610,2730.98
12611,2400.1
12612,1589.53
12613,2400.04
12614,2400.76
12615,2155.84
12616,2055.97
12617,1788.44
12618,1776.96
12619,2118.45
12620,2100.02
12621,2510.82
12622,2560.88
12623,2799.82
12624,2799.18
12625,2959.31
12626,3019.39
12627,2980.38
12628,2799.34
12629,2055.97
12630,2067.67
12631,2600.51
12632,2849.92
12633,2980.67
12634,3201.7
12635,3470.83
12636,3620.68
12637,3649.02
12638,3820.93
12639,3852.12
12640,3771.7
12641,4040.05
12642,4261.53
12643,4391.55
12644,4500.76
12645,3783.57
12646,3820.07
12647,3783.09
12648,3771.66
12649,3491.09
12650,4490.71
12651,4752.84
12652,6000.86
12653,10000.0
12654,10000.0
12655,10000.0
12656,10000.0
12657,10000.0
12658,10000.0
12659,10000.0
12660,10000.0
12661,10000.0
12662,10000.0
12663,10000.0
12664,10000.0
12665,10000.0
12666,10000.0
12667,10000.0
12668,10000.0
12669,10000.0
12670,10000.0
12671,10000.0
12672,10000.0
12673,10000.0
12674,10000.0
12675,10000.0
12676,10000.0
12677,5199.19
12678,4539.61
12679,3621.79
12680,3470.57
12681,4000.83
12682,3752.69
12683,4029.47
12684,4000.23
12685,4499.29
12686,4146.0
12687,3900.13
12688,3651.28
12689,3651.0
12690,3900.84
12691,4000.72
12692,4090.4
12693,3102.2
12694,3600.85
12695,3760.13
12696,4170.72
12697,4107.3
12698,3900.14
12699,3000.95
12700,2512.71
12701,2850.04
12702,3000.45
12703,3200.17
12704,3015.67
12705,3300.48
12706,3200.45
12707,2959.59
12708,2711.93
12709,2971.16
12710,2971.32
12711,3000.08
12712,2999.7
12713,2971.01
12714,2950.21
12715,2799.11
12716,2799.27
12717,2071.24
12718,2349.99
12719,2949.25
12720,2920.76
12721,3196.14
12722,3206.67
12723,3196.05
12724,3070.57
12725,2971.06
12726,3015.53
12727,3015.94
12728,3385.37
12729,3653.83
12730,3831.74
12731,3640.64
12732,3710.88
12733,3900.53
12734,4052.1
12735,3999.17
12736,3999.84
12737,3880.19
12738,3999.94
12739,4591.17
12740,4591.0
12741,3499.83
12742,3551.8
12743,3418.0
12744,3050.56
12745,2137.39
12746,3550.48
12747,3630.65
12748,3710.95
12749,5500.33
12750,9999.39
12751,9999.63
12752,10000.0
12753,10000.0
12754,10000.0
12755,10000.0
12756,10000.0
12757,6000.75
12758,5530.73
12759,5190.38
12760,5530.53
12761,4799.89
12762,8999.69
12763,10000.0
12764,10000.0
12765,10000.0
12766,10000.0
12767,10000.0
12768,10000.0
12769,10000.0
12770,10000.0
12771,10000.0
12772,10000.0
12773,10000.0
12774,10000.0
12775,4996.54
12776,4791.31
12777,5510.04
12778,5075.72
12779,5075.05
12780,4791.96
12781,4789.29
12782,4789.86
12783,3650.65
12784,3636.6
12785,3750.46
12786,3751.9
12787,3880.9
12788,4056.81
12789,2999.9
12790,3471.67
12791,3565.09
12792,3420.86
12793,3672.5
12794,3580.75
12795,3540.78
12796,3205.8
12797,2990.92
12798,2650.92
12799,3019.86
12800,2513.14
12801,2990.17
12802,3015.66
12803,2799.32
12804,2829.22
12805,2850.81
12806,3015.06
12807,2959.2
12808,2800.41
12809,2959.49
12810,2920.57
12811,2952.67
12812,2971.03
12813,2920.6
12814,3015.18
12815,2971.99
12816,2971.77
12817,3015.72
12818,3140.43
12819,3205.87
12820,3196.63
12821,2299.17
12822,2799.64
12823,3385.07
12824,3562.2
12825,3680.75
12826,3856.39
12827,3890.83
12828,3999.67
12829,3950.94
12830,4052.21
12831,4261.51
12832,4490.76
12833,4416.91
12834,4500.73
12835,4731.04
12836,4791.9
12837,4552.19
12838,4924.98
12839,4752.64
12840,4924.3
12841,4042.39
12842,4500.23
12843,4752.75
12844,4787.9
12845,6422.72
12846,10000.0
12847,10000.0
12848,10000.0
12849,10000.0
12850,10000.0
12851,10000.0
12852,10000.0
12853,10000.0
12854,10000.0
12855,10000.0
12856,10000.0
12857,10000.0
12858,10000.0
12859,10000.0
12860,10000.0
12861,10000.0
12862,10000.0
12863,10000.0
12864,10000.0
12865,10000.0
12866,10000.0
12867,10000.0
12868,10000.0
12869,10000.0
12870,10000.0
12871,10000.0
12872,10000.0
12873,10000.0
12874,10000.0
12875,10000.0
12876,10000.0
12877,10000.0
12878,10000.0
12879,5649.26
12880,4996.35
12881,4822.94
12882,5075.11
12883,4591.59
12884,4591.99
12885,3500.34
12886,3958.0
12887,3610.13
12888,3691.63
12889,3880.69
12890,3700.78
12891,3620.33
12892,3499.48
12893,3381.99
12894,3205.39
12895,2850.72
12896,2349.46
12897,2349.51
12898,2799.13
12899,1731.97
12900,2067.23
12901,3119.75
12902,3385.44
12903,3165.71
12904,3205.84
12905,3067.82
12906,2971.96
12907,3205.14
12908,3165.37
12909,3015.25
12910,3050.55
12911,3015.56
12912,3015.67
12913,3015.92
12914,3165.27
12915,2971.9
12916,3015.25
12917,2560.17
12918,3015.02
12919,3588.46
12920,3680.3
12921,3710.12
12922,3856.78
12923,3852.46
12924,3852.89
12925,4098.27
12926,4391.14
12927,4261.25
12928,4255.93
12929,4499.65
12930,4552.14
12931,4752.12
12932,4791.8
12933,3750.02
12934,3600.5
12935,3720.13
12936,3582.0
12937,2000.62
12938,2999.28
12939,4789.03
12940,4791.74
12941,5199.93
12942,10000.0
12943,10000.0
12944,10000.0
12945,10000.0
12946,10000.0
12947,10000.0
12948,10000.0
12949,10000.0
12950,10000.0
12951,10000.0
12952,10000.0
12953,10000.0
12954,10000.0
12955,10000.0
12956,10000.0
12957,10000.0
12958,10000.0
12959,10000.0
12960,10000.0
12961,10000.0
12962,10000.0
12963,10000.0
12964,10000.0
12965,10000.0
12966,10000.0
12967,10000.0
12968,5500.54
12969,5499.75
12970,5499.13
12971,4550.21
12972,4100.15
12973,3810.74
12974,4450.89
12975,3650.42
12976,3620.07
12977,3720.47
12978,3840.7
12979,4016.38
12980,4065.86
12981,3470.61
12982,3600.16
12983,3610.9
12984,3600.12
12985,3470.57
12986,3499.98
12987,3470.46
12988,3200.79
12989,3015.06
12990,2349.09
12991,1695.28
12992,1649.17
12993,1999.98
12994,2564.86
12995,2055.45
12996,1999.83
12997,2440.12
12998,2800.36
12999,2789.83
13000,2799.42
13001,2789.95
13002,2600.23
13003,2560.59
13004,2440.87
13005,2512.55
13006,2838.0
13007,2971.76
13008,2849.02
13009,2971.86
13010,2971.4
13011,2849.06
13012,2512.32
13013,1677.92
13014,1840.88
13015,2155.81
13016,2440.29
13017,2900.82
13018,3100.04
13019,3040.5
13020,3400.31
13021,3250.29
13022,3250.57
13023,3565.39
13024,3585.3
13025,3650.09
13026,3600.69
13027,3381.21
13028,3102.13
13029,1519.52
13030,1999.18
13031,2511.24
13032,3000.14
13033,1220.38
13034,3000.91
13035,3561.0
13036,4390.18
13037,6306.82
13038,8999.17
13039,6340.37
13040,10000.0
13041,8999.91
13042,10000.0
13043,7999.47
13044,7999.77
13045,4996.69
13046,4996.51
13047,4500.67
13048,4700.74
13049,5181.97
13050,8999.65
13051,10000.0
13052,9999.53
13053,10000.0
13054,9999.03
13055,8120.0
13056,6000.95
13057,8042.67
13058,6000.9
13059,3000.88
13060,2500.69
13061,4000.9
13062,3880.29
13063,3610.32
13064,3290.55
13065,3471.62
13066,3499.88
13067,3381.83
13068,3428.41
13069,3499.26
13070,3406.53
13071,3000.78
13072,2881.63
13073,2990.54
13074,3360.38
13075,3510.67
13076,3565.17
13077,2971.98
13078,2971.81
13079,3470.97
13080,3420.1
13081,3639.93
13082,3717.95
13083,3499.65
13084,3181.71
13085,2800.85
13086,2711.95
13087,2802.35
13088,2664.6
13089,2365.05
13090,2140.12
13091,2365.61
13092,2385.72
13093,2949.2
13094,3015.91
13095,2920.4
13096,2849.74
13097,2849.72
13098,2849.58
13099,2789.82
13100,2849.3
13101,2071.72
13102,2500.48
13103,2065.95
13104,2055.05
13105,1003.13
13106,1606.94
13107,1731.51
13108,1714.65
13109,1589.57
13110,1550.68
13111,1906.77
13112,2071.26
13113,3000.21
13114,3181.35
13115,3196.47
13116,3202.91
13117,3249.55
13118,3276.59
13119,3202.99
13120,3276.41
13121,3309.43
13122,3434.57
13123,3202.79
13124,3350.83
13125,2230.06
13126,2385.71
13127,1999.5
13128,2280.02
13129,1399.8
13130,2280.73
13131,2280.16
13132,2800.43
13133,3565.03
13134,3806.5
13135,3614.53
13136,3990.45
13137,4056.05
13138,4400.64
13139,4170.93
13140,4500.55
13141,4499.99
13142,4420.67
13143,4012.47
13144,4000.47
13145,4000.12
13146,4217.23
13147,4944.39
13148,4908.12
13149,5450.71
13150,4791.79
13151,6000.6
13152,5898.33
13153,5309.18
13154,4903.85
13155,4165.5
13156,3707.97
13157,3000.09
13158,3290.91
13159,3585.41
13160,3610.3
13161,3800.85
13162,3600.97
13163,2990.42
13164,3200.24
13165,3015.48
13166,3205.37
13167,3400.96
13168,3400.67
13169,3470.68
13170,3470.78
13171,3565.02
13172,3550.91
13173,3205.19
13174,3290.91
13175,1999.01
13176,1940.4
13177,1399.91
13178,2800.18
13179,2959.44
13180,2990.01
13181,2789.13
13182,2500.94
13183,1776.99
13184,999.98
13185,2071.87
13186,2150.25
13187,2065.79
13188,1889.49
13189,999.09
13190,999.93
13191,300.94
13192,300.54
13193,199.5
13194,199.67
13195,200.0
13196,398.56
13197,109.77
13198,199.05
13199,109.83
13200,109.94
13201,199.14
13202,199.72
13203,1210.12
13204,1210.63
13205,999.45
13206,1210.42
13207,1651.86
13208,1700.68
13209,1788.64
13210,1794.97
13211,2071.33
13212,2182.5
13213,2949.09
13214,3000.66
13215,2118.62
13216,2500.43
13217,2440.28
13218,2920.77
13219,3000.55
13220,3000.89
13221,2842.5
13222,2349.91
13223,1679.77
13224,899.8
13225,499.12
13226,499.98
13227,1999.52
13228,2400.58
13229,3565.57
13230,3565.53
13231,1999.37
13232,1999.78
13233,2780.94
13234,3000.84
13235,3880.93
13236,4052.83
13237,4220.02
13238,3928.43
13239,4500.16
13240,4600.92
13241,4791.49
13242,5309.16
13243,5200.96
13244,5340.25
13245,5309.58
13246,5075.26
13247,4944.65
13248,4791.41
13249,4799.31
13250,4791.06
13251,4791.31
13252,4499.2
13253,3610.24
13254,3350.77
13255,3000.01
13256,3000.12
13257,3701.63
13258,3900.32
13259,4000.92
13260,3880.27
13261,3499.93
13262,3012.31
13263,3000.57
13264,2858.67
13265,3000.08
13266,3000.76
13267,3112.84
13268,3012.13
13269,2850.58
13270,3181.72
13271,3016.0
13272,3196.03
13273,3500.0
13274,3309.69
13275,3000.96
13276,2672.0
13277,199.9
13278,199.99
13279,1695.35
13280,1519.3
13281,1794.58
13282,2155.34
13283,2118.84
13284,1888.19
13285,1888.58
13286,2071.4
13287,1888.97
13288,1888.47
13289,1888.45
13290,1797.6
13291,2055.88
13292,2065.16
13293,2071.13
13294,2138.06
13295,2450.62
13296,2512.09
13297,2512.66
13298,2512.57
13299,2849.7
13300,2849.88
13301,2155.43
13302,2512.33
13303,3181.02
13304,3188.51
13305,3070.52
13306,3196.45
13307,2521.56
13308,2521.63
13309,2521.86
13310,2522.0
13311,3050.49
13312,3381.64
13313,3499.68
13314,3499.94
13315,3574.01
13316,3499.71
13317,3249.36
13318,3465.43
13319,3070.26
13320,3000.75
13321,1000.95
13322,2860.96
13323,3845.95
13324,4510.46
13325,5350.47
13326,6560.57
13327,7499.87
13328,8728.0
13329,10000.0
13330,10000.0
13331,10000.0
13332,10000.0
13333,10000.0
13334,10000.0
13335,10000.0
13336,10000.0
13337,10000.0
13338,10000.0
13339,10000.0
13340,10000.0
13341,10000.0
13342,10000.0
13343,10000.0
13344,10000.0
13345,10000.0
13346,10000.0
13347,10000.0
13348,10000.0
13349,10000.0
13350,10000.0
13351,7999.78
13352,6999.6
13353,5999.06
13354,5350.43
13355,4591.75
13356,4591.76
13357,4510.06
13358,4102.15
13359,3650.38
13360,3562.07
13361,3650.43
13362,3650.72
13363,3880.42
13364,4098.8
13365,3499.14
13366,3562.29
13367,3771.28
13368,3813.0
13369,3595.27
13370,3565.73
13371,2971.22
13372,1800.9
13373,2012.68
13374,2849.74
13375,1220.31
13376,1019.33
13377,2071.9
13378,2500.76
13379,2924.0
13380,2789.6
13381,2155.97
13382,2799.49
13383,2155.91
13384,2055.35
13385,1999.95
13386,2071.35
13387,2118.13
13388,2275.84
13389,2155.24
13390,2275.61
13391,2118.31
13392,2155.53
13393,2155.26
13394,2300.09
13395,2920.44
13396,2971.63
13397,2800.83
13398,2814.84
13399,3040.35
13400,2971.75
13401,3040.82
13402,3371.57
13403,3385.81
13404,3471.92
13405,3680.73
13406,3760.41
13407,3820.76
13408,3900.73
13409,3880.77
13410,3980.02
13411,3950.52
13412,4056.11
13413,4056.37
13414,4255.33
13415,4145.84
13416,4107.04
13417,1799.59
13418,1999.82
13419,3999.81
13420,4499.59
13421,4791.94
13422,10000.0
13423,10000.0
13424,10000.0
13425,10000.0
13426,10000.0
13427,10000.0
13428,10000.0
13429,10000.0
13430,10000.0
13431,10000.0
13432,10000.0
13433,10000.0
13434,10000.0
13435,10000.0
13436,10000.0
13437,10000.0
13438,10000.0
13439,10000.0
13440,10000.0
13441,10000.0
13442,10000.0
13443,4799.64
13444,4799.01
13445,3800.7
13446,3610.81
13447,4056.68
13448,3800.1
13449,3585.51
13450,3406.52
13451,3470.51
13452,3269.01
13453,3009.45
13454,3112.77
13455,3350.41
13456,3550.8
13457,3565.33
13458,3610.69
13459,3620.07
13460,3637.34
13461,3470.76
13462,3585.93
13463,3642.95
13464,3649.74
13465,3603.64
13466,3565.71
13467,3381.5
13468,3015.58
13469,3000.52
13470,2810.53
13471,1800.08
13472,1220.85
13473,2849.92
13474,2850.64
13475,2465.14
13476,2349.88
13477,2003.77
13478,2680.04
13479,1970.57
13480,1975.36
13481,1660.74
13482,1599.68
13483,1999.35
13484,1975.76
13485,2067.41
13486,2065.44
13487,1999.04
13488,1975.74
13489,1766.35
13490,1798.0
13491,1906.86
13492,2030.64
13493,2471.34
13494,2465.81
13495,2920.64
13496,2980.04
13497,3196.36
13498,3181.91
13499,2849.72
13500,2959.28
13501,2790.0
13502,2898.39
13503,3000.88
13504,3196.88
13505,3320.06
13506,3381.42
13507,3604.58
13508,3598.8
13509,3565.34
13510,3499.65
13511,2485.93
13512,2349.41
13513,929.07
13514,1499.96
13515,1762.49
13516,1800.33
13517,3585.86
13518,3654.79
13519,3500.43
13520,3500.5
13521,1999.59
13522,1999.59
13523,3622.86
13524,3820.74
13525,2990.98
13526,2990.37
13527,399.05
13528,399.03
13529,500.81
13530,1493.99
13531,2999.4
13532,2990.95
13533,3015.47
13534,3181.83
13535,2990.44
13536,2349.46
13537,1785.79
13538,1437.93
13539,1766.75
13540,1888.8
13541,1797.6
13542,2055.11
13543,1700.75
13544,1437.99
13545,2000.59
13546,1888.63
13547,2000.93
13548,1797.59
13549,1797.25
13550,1797.32
13551,1797.56
13552,1797.22
13553,1437.84
13554,1437.84
13555,1437.92
13556,1766.41
13557,1797.87
13558,2100.3
13559,1888.84
13560,1797.3
13561,1437.97
13562,1437.87
13563,1437.72
13564,1437.48
13565,1437.3
13566,1382.99
13567,745.6
13568,699.27
13569,698.07
13570,499.84
13571,349.78
13572,349.31
13573,348.06
13574,348.34
13575,347.07
13576,199.92
13577,198.03
13578,198.11
13579,99.87
13580,99.88
13581,90.8
13582,90.8
13583,49.32
13584,49.47
13585,19.59
13586,19.66
13587,19.98
13588,24.96
13589,999.06
13590,499.53
13591,499.09
13592,499.27
13593,1210.87
13594,1731.6
13595,1776.81
13596,1888.99
13597,1888.41
13598,1970.12
13599,2485.85
13600,2703.46
13601,2800.98
13602,2810.13
13603,2906.11
13604,2920.01
13605,2900.55
13606,2664.58
13607,2900.5
13608,3000.05
13609,2511.14
13610,3070.89
13611,3565.75
13612,3662.65
13613,5990.57
13614,6300.57
13615,5450.12
13616,6000.12
13617,10000.0
13618,10000.0
13619,6000.88
13620,7812.3
13621,5350.65
13622,6000.32
13623,4999.72
13624,4999.84
13625,5500.03
13626,10000.0
13627,10000.0
13628,10000.0
13629,4999.91
13630,4999.41
13631,4600.24
13632,4499.43
13633,4944.72
13634,4600.79
13635,4750.96
13636,4650.62
13637,4500.26
13638,4486.85
13639,3610.42
13640,3453.32
13641,3499.61
13642,3769.05
13643,3250.49
13644,3181.23
13645,3609.28
13646,3650.85
13647,3470.52
13648,3385.02
13649,2990.13
13650,2800.69
13651,3000.21
13652,3000.36
13653,3000.8
13654,3406.73
13655,3499.38
13656,3562.06
13657,3565.3
13658,3381.35
13659,2990.16
13660,2349.65
13661,2308.89
13662,2308.31
13663,2280.3
13664,2200.66
13665,1949.6
13666,2077.36
13667,1999.4
13668,1888.45
13669,1766.25
13670,1785.56
13671,1888.27
13672,1788.91
13673,1676.77
13674,1684.8
13675,1620.66
13676,1676.59
13677,937.96
13678,1050.53
13679,1593.73
13680,1676.01
13681,1589.4
13682,1670.98
13683,1785.54
13684,1794.5
13685,1731.59
13686,1785.41
13687,1981.67
13688,2155.37
13689,2971.87
13690,3181.35
13691,2971.09
13692,2990.19
13693,2971.06
13694,3015.81
13695,3451.51
13696,3499.42
13697,3406.84
13698,3565.15
13699,3565.44
13700,3585.7
13701,3102.06
13702,3205.13
13703,3000.29
13704,2349.01
13705,999.13
13706,2000.01
13707,3880.22
13708,3880.19
13709,4500.5
13710,4999.34
13711,4600.18
13712,4500.74
13713,5450.62
13714,6000.14
13715,5200.34
13716,5155.99
13717,5499.54
13718,5450.61
13719,4800.57
13720,5155.68
13721,6000.01
13722,9999.23
13723,10000.0
13724,9999.07
13725,9900.51
13726,9900.27
13727,10000.0
13728,5450.17
13729,4999.88
13730,4999.67
13731,9999.97
13732,5350.67
13733,5155.02
13734,4855.75
13735,4499.04
13736,4056.09
13737,4500.11
13738,4499.43
13739,4098.07
13740,3880.95
13741,3594.99
13742,3406.45
13743,3585.35
13744,3620.35
13745,3585.31
13746,3609.66
13747,3406.21
13748,3499.11
13749,3470.42
13750,3565.25
13751,3499.71
13752,3562.93
13753,3565.27
13754,3406.46
13755,2794.28
13756,2500.83
13757,2780.76
13758,2349.71
13759,1611.79
13760,1358.45
13761,2003.63
13762,2003.72
13763,1797.35
13764,1731.07
13765,1732.66
13766,1776.45
13767,2275.27
13768,2500.13
13769,2118.07
13770,2155.44
13771,1794.36
13772,1788.4
13773,1667.19
13774,1714.19
13775,1785.62
13776,1785.46
13777,1731.37
13778,1728.13
13779,1618.99
13780,1618.77
13781,1548.8
13782,1548.63
13783,1714.82
13784,1785.29
13785,2401.92
13786,3140.39
13787,2959.8
13788,3076.86
13789,3205.3
13790,3250.37
13791,3299.54
13792,3300.58
13793,3381.17
13794,3406.68
13795,3385.98
13796,3499.58
13797,3313.07
13798,3200.53
13799,3063.84
13800,2920.66
13801,832.5
13802,2920.29
13803,3643.28
13804,3651.58
13805,3900.67
13806,4052.92
13807,4153.43
13808,4500.04
13809,3487.7
13810,3239.88
13811,3500.58
13812,3512.0
13813,3587.34
13814,3620.05
13815,3136.18
13816,3136.85
13817,2960.18
13818,3300.32
13819,3880.65
13820,3889.19
13821,3751.82
13822,3751.74
13823,3719.14
13824,3673.0
13825,3000.84
13826,3000.76
13827,2460.11
13828,1924.0
13829,999.76
13830,999.94
13831,499.9
13832,499.99
13833,1794.87
13834,1785.3
13835,1349.29
13836,1211.56
13837,1766.2
13838,1590.4
13839,1154.58
13840,1154.47
13841,1154.58
13842,1154.51
13843,999.88
13844,999.54
13845,500.73
13846,500.96
13847,899.43
13848,899.58
13849,899.07
13850,899.03
13851,898.48
13852,500.91
13853,300.39
13854,99.92
13855,40.42
13856,9.9
13857,8.7
13858,8.59
13859,7.41
13860,7.49
13861,0.71
13862,0.67
13863,0.58
13864,0.63
13865,0.52
13866,0.56
13867,0.54
13868,0.55
13869,0.57
13870,0.55
13871,0.63
13872,0.61
13873,0.72
13874,0.75
13875,0.94
13876,0.96
13877,199.02
13878,199.08
13879,199.75
13880,199.96
13881,1349.06
13882,1349.63
13883,1349.79
13884,1500.25
13885,1382.9
13886,1349.3
13887,1557.52
13888,1557.59
13889,1766.24
13890,1776.93
13891,1776.62
13892,1794.67
13893,999.91
13894,999.84
13895,1224.7
13896,1650.48
13897,999.49
13898,1776.71
13899,2311.24
13900,2524.2
13901,3300.76
13902,3406.83
13903,3000.42
13904,3668.85
13905,3406.37
13906,3000.43
13907,3406.51
13908,3565.99
13909,3613.34
13910,3600.05
13911,4007.87
13912,4170.65
13913,4591.54
13914,4645.86
13915,4944.14
13916,4944.76
13917,4591.81
13918,4550.57
13919,4591.71
13920,4519.43
13921,4591.82
13922,4500.3
13923,4056.68
13924,3861.15
13925,3249.15
13926,2780.62
13927,2959.54
13928,2780.98
13929,3000.17
13930,3000.49
13931,2780.02
13932,2160.0
13933,2450.25
13934,2447.0
13935,2899.53
13936,2949.43
13937,2990.01
13938,3147.33
13939,2999.28
13940,2401.55
13941,1279.7
13942,1279.54
13943,2055.72
13944,2949.31
13945,2399.11
13946,2525.45
13947,2850.18
13948,2789.46
13949,2850.24
13950,1990.16
13951,1888.52
13952,1776.5
13953,1374.0
13954,1368.23
13955,989.86
13956,499.47
13957,1270.6
13958,1349.64
13959,0.0
13960,0.0
13961,0.0
13962,0.0
13963,2255.98
13964,1955.24
13965,398.26
13966,799.15
13967,1794.03
13968,1955.34
13969,1738.13
13970,1776.81
13971,1794.49
13972,1785.62
13973,1785.27
13974,1785.75
13975,1955.9
13976,2221.52
13977,2155.18
13978,2765.98
13979,2780.74
13980,3000.65
13981,3015.86
13982,3015.75
13983,2155.76
13984,2780.16
13985,2067.52
13986,2885.85
13987,2984.89
13988,3015.6
13989,3000.28
13990,2984.98
13991,3181.89
13992,3015.24
13993,1000.55
13994,1000.7
13995,500.56
13996,500.65
13997,3880.1
13998,4153.19
13999,4500.58
14000,4931.14
14001,4944.67
14002,4999.61
14003,7999.71
14004,8000.84
14005,6710.36
14006,6999.03
14007,5999.6
14008,6200.52
14009,8480.7
14010,10000.0
14011,10000.0
14012,9999.61
14013,5999.2
14014,5499.33
14015,4510.29
14016,4499.29
14017,3900.92
14018,3912.45
14019,3650.8
14020,3550.13
14021,3015.14
14022,3000.77
14023,2780.02
14024,2789.26
14025,3381.69
14026,3420.49
14027,3350.89
14028,3000.92
14029,3009.49
14030,2990.9
14031,2990.91
14032,2800.05
14033,2266.0
14034,2440.43
14035,2890.88
14036,3000.12
14037,1609.74
14038,2720.45
14039,2789.68
14040,2789.75
14041,2971.11
14042,2959.41
14043,2959.83
14044,2794.05
14045,1758.67
14046,1199.2
14047,1382.41
14048,1676.42
14049,1714.09
14050,1797.25
14051,1888.02
14052,1888.57
14053,1906.72
14054,2071.9
14055,2055.47
14056,1888.49
14057,2067.99
14058,1975.48
14059,2155.99
14060,2118.47
14061,1888.37
14062,1800.68
14063,1766.79
14064,1766.78
14065,1384.0
14066,1382.56
14067,1589.51
14068,1688.76
14069,1685.29
14070,1714.76
14071,1975.83
14072,2082.48
14073,2250.88
14074,2603.97
14075,2780.7
14076,2971.15
14077,2920.77
14078,2984.51
14079,2971.42
14080,2920.86
14081,2898.94
14082,3290.92
14083,2959.06
14084,2971.01
14085,2794.2
14086,2794.55
14087,2948.0
14088,2971.35
14089,2055.36
14090,3024.0
14091,2000.09
14092,1350.0
14093,3800.11
14094,4145.83
14095,3880.98
14096,4056.3
14097,3159.18
14098,4010.61
14099,4800.36
14100,4931.79
14101,4752.94
14102,4650.52
14103,5100.32
14104,5450.68
14105,10000.0
14106,10000.0
14107,10000.0
14108,10000.0
14109,10000.0
14110,10000.0
14111,10000.0
14112,10000.0
14113,10000.0
14114,10000.0
14115,3816.93
14116,3519.21
14117,2119.24
14118,799.95
14119,2000.61
14120,1866.0
14121,3290.46
14122,3406.68
14123,3381.55
14124,3000.77
14125,2300.69
14126,1999.51
14127,1979.51
14128,1776.08
14129,2250.07
14130,2789.49
14131,2200.02
14132,2200.43
14133,2200.37
14134,2850.25
14135,2920.93
14136,2920.85
14137,2950.07
14138,2971.47
14139,1776.84
14140,1373.33
14141,1785.64
14142,1888.41
14143,1888.47
14144,1797.11
14145,2067.63
14146,2055.28
14147,1888.0
14148,1797.49
14149,1731.53
14150,1773.63
14151,1797.62
14152,1776.91
14153,1676.26
14154,1666.15
14155,1776.25
14156,1776.98
14157,1955.32
14158,1906.33
14159,1900.11
14160,1906.48
14161,1776.04
14162,1788.25
14163,1731.07
14164,1714.75
14165,1680.44
14166,1731.06
14167,1956.05
14168,2055.22
14169,2849.86
14170,2971.36
14171,2499.98
14172,2765.74
14173,2920.22
14174,2920.66
14175,3269.46
14176,3385.37
14177,3313.76
14178,3395.16
14179,3616.42
14180,3634.57
14181,3381.19
14182,3381.02
14183,2860.35
14184,2659.38
14185,799.39
14186,2400.87
14187,1999.77
14188,1999.78
14189,4145.64
14190,4499.98
14191,4420.14
14192,4650.08
14193,4500.96
14194,4752.12
14195,6499.12
14196,6499.39
14197,5850.03
14198,5760.98
14199,6999.22
14200,7729.25
14201,9999.47
14202,9999.86
14203,10000.0
14204,10000.0
14205,10000.0
14206,10000.0
14207,10000.0
14208,10000.0
14209,10000.0
14210,8704.71
14211,4855.43
14212,3880.84
14213,2800.82
14214,2780.13
14215,3470.47
14216,3565.38
14217,3290.04
14218,3140.46
14219,2789.12
14220,2965.49
14221,3140.08
14222,3290.64
14223,2500.31
14224,2034.1
14225,2440.05
14226,2700.4
14227,3050.07
14228,3406.78
14229,2615.79
14230,2615.88
14231,2789.69
14232,2780.8
14233,3385.38
14234,3244.95
14235,3385.72
14236,3385.46
14237,3385.68
14238,3381.41
14239,3140.48
14240,2898.4
14241,2450.52
14242,2300.58
14243,2440.01
14244,2275.8
14245,2067.84
14246,2789.26
14247,2621.95
14248,2750.65
14249,1999.59
14250,1975.22
14251,1971.23
14252,1971.18
14253,1788.08
14254,1819.11
14255,1955.09
14256,1949.44
14257,1888.16
14258,1955.77
14259,1971.04
14260,1975.11
14261,1788.69
14262,1788.17
14263,1971.96
14264,2275.23
14265,2849.12
14266,3181.85
14267,3206.11
14268,3300.88
14269,3196.32
14270,3181.25
14271,2911.89
14272,2971.87
14273,3250.55
14274,3465.36
14275,3290.8
14276,3381.06
14277,3196.68
14278,3196.64
14279,2780.35
14280,2349.76
14281,499.11
14282,799.72
14283,1000.37
14284,1348.19
14285,4300.46
14286,4645.77
14287,4000.82
14288,4145.98
14289,4000.05
14290,4000.28
14291,3175.33
14292,3565.59
14293,3928.84
14294,3999.33
14295,4499.01
14296,4510.47
14297,4255.94
14298,4153.54
14299,4591.99
14300,4552.7
14301,4145.19
14302,3999.12
14303,3880.84
14304,3639.93
14305,3269.3
14306,3269.45
14307,2850.15
14308,2460.85
14309,2990.41
14310,2990.11
14311,1999.54
14312,1776.35
14313,2789.72
14314,2678.86
14315,2789.02
14316,2789.22
14317,2789.7
14318,2849.02
14319,1182.3
14320,999.67
14321,1794.71
14322,1776.7
14323,1787.15
14324,1820.21
14325,499.38
14326,499.41
14327,199.96
14328,999.07
14329,1000.65
14330,1220.36
14331,999.43
14332,999.45
14333,1906.85
14334,2000.78
14335,1794.12
14336,999.03
14337,999.33
14338,1000.04
14339,749.88
14340,270.33
14341,99.7
14342,100.61
14343,199.91
14344,399.44
14345,199.43
14346,199.35
14347,199.16
14348,199.02
14349,199.54
14350,199.74
14351,199.13
14352,199.2
14353,199.89
14354,300.24
14355,398.2
14356,500.02
14357,99.76
14358,99.9
14359,99.97
14360,199.61
14361,1187.99
14362,1714.26
14363,1725.89
14364,1731.09
14365,1797.65
14366,2071.12
14367,2067.6
14368,2155.15
14369,2440.39
14370,2440.61
14371,2071.97
14372,1776.73
14373,2729.07
14374,2849.85
14375,2230.73
14376,1731.34
14377,1000.38
14378,998.97
14379,2000.13
14380,2500.2
14381,2959.04
14382,3471.28
14383,999.4
14384,1000.0
14385,2851.0
14386,3140.42
14387,3710.27
14388,3870.96
14389,3900.19
14390,3850.15
14391,2789.63
14392,2780.43
14393,3630.23
14394,3852.55
14395,4052.01
14396,4010.88
14397,3450.43
14398,2780.82
14399,3252.58
14400,2780.34
14401,3585.04
14402,3406.27
14403,3585.56
14404,3210.43
14405,3310.42
14406,3122.16
14407,2155.78
14408,1950.03
14409,2377.83
14410,2640.17
14411,2385.91
14412,2780.51
14413,2000.57
14414,1776.83
14415,3290.37
14416,3015.93
14417,1656.91
14418,1647.58
14419,1596.89
14420,1599.51
14421,1041.61
14422,1766.91
14423,2465.28
14424,2000.65
14425,1758.98
14426,1776.57
14427,999.88
14428,624.0
14429,1766.63
14430,1220.97
14431,1776.44
14432,1663.01
14433,1099.5
14434,999.18
14435,99.74
14436,99.77
14437,99.61
14438,99.62
14439,99.44
14440,99.42
14441,99.41
14442,99.36
14443,99.37
14444,99.28
14445,99.53
14446,99.72
14447,99.84
14448,99.95
14449,249.49
14450,399.11
14451,249.81
14452,249.79
14453,99.93
14454,99.99
14455,1349.52
14456,1614.79
14457,1688.64
14458,1776.04
14459,1888.5
14460,2055.02
14461,2065.06
14462,2210.18
14463,2200.19
14464,2244.08
14465,2071.54
14466,2522.4
14467,2920.38
14468,2971.13
14469,2299.5
14470,2149.33
14471,1000.39
14472,999.64
14473,99.45
14474,99.94
14475,3205.98
14476,3471.05
14477,3945.5
14478,4170.24
14479,4510.3
14480,4552.89
14481,2999.12
14482,3406.05
14483,4200.01
14484,4145.15
14485,4145.88
14486,3905.0
14487,3816.06
14488,3820.84
14489,3820.5
14490,4145.59
14491,4645.56
14492,4600.62
14493,4052.71
14494,4052.69
14495,3852.43
14496,3705.09
14497,3869.59
14498,4056.71
14499,4052.91
14500,3852.18
14501,3852.2
14502,3751.14
14503,3453.43
14504,3290.99
14505,3406.26
14506,3499.52
14507,3562.25
14508,3550.51
14509,3385.74
14510,3381.66
14511,3499.43
14512,3385.34
14513,3244.73
14514,3196.1
14515,3290.25
14516,3205.38
14517,2780.43
14518,2780.4
14519,3100.91
14520,3290.66
14521,3299.54
14522,3205.31
14523,2850.58
14524,2365.9
14525,2190.63
14526,2200.92
14527,1975.95
14528,1349.08
14529,199.45
14530,119.36
14531,109.08
14532,109.08
14533,49.16
14534,49.03
14535,9.61
14536,9.59
14537,0.87
14538,0.8
14539,0.49
14540,0.5
14541,0.35
14542,0.35
14543,0.34
14544,0.34
14545,0.37
14546,0.4
14547,0.46
14548,0.47
14549,0.47
14550,0.48
14551,0.63
14552,0.69
14553,99.36
14554,99.95
14555,889.15
14556,1122.21
14557,1514.29
14558,1695.71
14559,1766.72
14560,1776.02
14561,1794.77
14562,2065.62
14563,2118.71
14564,2149.73
14565,2118.2
14566,2170.28
14567,2365.18
14568,2949.69
14569,2794.69
14570,2971.89
14571,3196.4
14572,3585.67
14573,3615.27
14574,3368.71
14575,3622.1
14576,3586.0
14577,3501.0
14578,3594.47
14579,3585.75
14580,3710.1
14581,3750.89
14582,4010.8
14583,3810.3
14584,3594.68
14585,3659.74
14586,3649.79
14587,3790.6
14588,4052.5
14589,4052.05
14590,3790.23
14591,3565.83
14592,3381.4
14593,3660.82
14594,3658.05
14595,3880.46
14596,3852.08
14597,4153.61
14598,4100.31
14599,3771.7
14600,3636.39
14601,3645.53
14602,3629.74
14603,3560.58
14604,3406.56
14605,2990.32
14606,2983.15
14607,3015.3
14608,2999.91
14609,2209.07
14610,2360.6
14611,3015.22
14612,3470.33
14613,2799.8
14614,3205.39
14615,3290.27
14616,3015.5
14617,2999.54
14618,2780.83
14619,2899.7
14620,2750.73
14621,2165.44
14622,2118.74
14623,1888.64
14624,1731.81
14625,1731.23
14626,1785.81
14627,1512.56
14628,999.93
14629,1349.8
14630,1571.71
14631,1349.29
14632,985.54
14633,699.54
14634,699.58
14635,1187.62
14636,1187.34
14637,1382.02
14638,1382.44
14639,1382.82
14640,1413.94
14641,1731.36
14642,1795.0
14643,1777.0
14644,1731.89
14645,1614.5
14646,1631.48
14647,1688.46
14648,1788.31
14649,2030.54
14650,2465.98
14651,2210.98
14652,2440.03
14653,2275.39
14654,2765.47
14655,2920.87
14656,2920.98
14657,2440.96
14658,2525.59
14659,2780.4
14660,2440.38
14661,3015.02
14662,2349.95
14663,2400.49
14664,2400.33
14665,1758.75
14666,3140.46
14667,3196.49
14668,3613.7
14669,5500.33
14670,4896.24
14671,4052.66
14672,3900.53
14673,4499.07
14674,4499.58
14675,4500.54
14676,4500.13
14677,4107.78
14678,4800.1
14679,4653.14
14680,4298.7
14681,4700.78
14682,5499.93
14683,6000.12
14684,7812.53
14685,6000.95
14686,5649.75
14687,4924.52
14688,3910.2
14689,5499.07
14690,5649.15
14691,6390.07
14692,4896.87
14693,4052.12
14694,3606.96
14695,3450.34
14696,2999.92
14697,2729.84
14698,2780.32
14699,3124.13
14700,2999.67
14701,3015.44
14702,2929.78
14703,3015.79
14704,2741.0
14705,3012.86
14706,3012.47
14707,3250.06
14708,3172.74
14709,1799.03
14710,2230.51
14711,2499.82
14712,2650.13
14713,3530.51
14714,3547.37
14715,3244.44
14716,2971.97
14717,2165.87
14718,1506.09
14719,1519.88
14720,1496.6
14721,1377.78
14722,1440.04
14723,1460.75
14724,999.79
14725,999.4
14726,999.74
14727,1382.18
14728,1367.99
14729,1010.22
14730,1330.25
14731,1571.52
14732,1596.0
14733,1614.18
14734,1554.06
14735,1544.22
14736,1510.79
14737,1512.25
14738,1578.0
14739,1631.13
14740,1631.2
14741,1614.97
14742,1631.94
14743,1731.74
14744,1788.32
14745,2000.17
14746,2118.37
14747,2018.02
14748,2055.39
14749,2067.95
14750,2299.4
14751,2299.3
14752,2699.8
14753,3381.24
14754,3439.4
14755,3140.65
14756,2729.25
14757,2669.28
14758,2275.66
14759,2500.37
14760,2350.75
14761,1797.32
14762,3344.73
14763,3852.49
14764,4499.38
14765,6000.18
14766,7141.66
14767,10000.0
14768,10000.0
14769,5040.38
14770,4750.14
14771,4800.08
14772,5320.0
14773,5500.05
14774,10000.0
14775,6500.55
14776,6500.17
14777,5999.63
14778,6500.67
14779,6500.66
14780,6500.93
14781,10000.0
14782,10000.0
14783,5500.28
14784,4600.19
14785,4750.18
14786,3799.91
14787,3710.67
14788,3512.99
14789,4250.73
14790,4250.14
14791,3999.36
14792,3813.0
14793,4145.24
14794,3771.08
14795,3565.74
14796,3499.09
14797,3290.89
14798,3289.89
14799,3460.33
14800,3381.86
14801,3372.89
14802,3471.95
14803,3565.93
14804,3585.88
14805,3373.07
14806,3565.56
14807,3652.98
14808,3695.13
14809,3900.98
14810,3869.1
14811,3852.04
14812,3574.83
14813,3129.85
14814,2349.73
14815,1933.56
14816,1499.38
14817,1382.83
14818,1235.95
14819,1731.43
14820,1400.97
14821,999.97
14822,1187.99
14823,1776.31
14824,1731.76
14825,1382.83
14826,1304.18
14827,999.52
14828,999.63
14829,1382.61
14830,1500.32
14831,1382.41
14832,1489.98
14833,1382.32
14834,1510.52
14835,1631.04
14836,1631.53
14837,1631.66
14838,1688.09
14839,1776.5
14840,1949.19
14841,1869.45
14842,1999.25
14843,1766.43
14844,1796.0
14845,2390.12
14846,2440.55
14847,2400.82
14848,2510.87
14849,2440.87
14850,2920.02
14851,2818.01
14852,3015.64
14853,2942.1
14854,2942.41
14855,3196.8
14856,3196.07
14857,2200.98
14858,3289.97
14859,3373.93
14860,3565.52
14861,4416.13
14862,4500.56
14863,5499.38
14864,6000.19
14865,4752.72
14866,4600.69
14867,5499.2
14868,5999.47
14869,5300.26
14870,6280.54
14871,4591.19
14872,4363.74
14873,4350.68
14874,4939.33
14875,4999.16
14876,6500.75
14877,4800.36
14878,4150.92
14879,4000.45
14880,3769.83
14881,5450.78
14882,4752.1
14883,3999.66
14884,3769.01
14885,3810.22
14886,3672.14
14887,3565.37
14888,3459.69
14889,3760.13
14890,3650.73
14891,3515.96
14892,3550.22
14893,3499.2
14894,3460.85
14895,3530.05
14896,3499.97
14897,3289.92
14898,3290.92
14899,3499.16
14900,3562.05
14901,4052.98
14902,4217.21
14903,3499.45
14904,3289.0
14905,3585.73
14906,3660.66
14907,3771.28
14908,3596.19
14909,3381.4
14910,2849.36
14911,2349.31
14912,1888.54
14913,2071.68
14914,2099.8
14915,2300.07
14916,2155.75
14917,2055.23
14918,2055.89
14919,1714.11
14920,1520.25
14921,1731.65
14922,1731.98
14923,1906.42
14924,1906.97
14925,1949.02
14926,1955.01
14927,1731.67
14928,1731.72
14929,1731.09
14930,1714.59
14931,1918.0
14932,1949.41
14933,1417.14
14934,1445.67
14935,1794.37
14936,2071.34
14937,2920.7
14938,3181.39
14939,3196.34
14940,3205.61
14941,2899.48
14942,3133.1
14943,3406.67
14944,3500.54
14945,3710.03
14946,4052.25
14947,3660.2
14948,3771.69
14949,3660.51
14950,3769.06
14951,4040.55
14952,4052.91
14953,4019.02
14954,4140.23
14955,5899.6
14956,10000.0
14957,10000.0
14958,10000.0
14959,10000.0
14960,10000.0
14961,10000.0
14962,10000.0
14963,10000.0
14964,10000.0
14965,10000.0
14966,10000.0
14967,10000.0
14968,10000.0
14969,10000.0
14970,10000.0
14971,10000.0
14972,10000.0
14973,10000.0
14974,10000.0
14975,10000.0
14976,10000.0
14977,10000.0
14978,10000.0
14979,10000.0
14980,10000.0
14981,10000.0
14982,10000.0
14983,10000.0
14984,10000.0
14985,10000.0
14986,10000.0
14987,5800.62
14988,5469.23
14989,4650.28
14990,4500.55
14991,4145.06
14992,3822.44
14993,4145.52
14994,4328.36
14995,4896.15
14996,4924.69
14997,4328.36
14998,4650.9
14999,4328.14
15000,4650.13
15001,5155.79
15002,5500.73
15003,5155.4
15004,4248.83
15005,3181.13
15006,2796.57
15007,1999.88
15008,1888.9
15009,2465.2
15010,2849.2
15011,3150.25
15012,3160.03
15013,2931.15
15014,2780.81
15015,2849.03
15016,2575.65
15017,2324.0
15018,2275.52
15019,2950.03
15020,2899.05
15021,2999.66
15022,2849.29
15023,2729.42
15024,2520.96
15025,2099.73
15026,2155.04
15027,2789.99
15028,2789.98
15029,2780.27
15030,2780.79
15031,3205.65
15032,3406.28
15033,3406.93
15034,3565.23
15035,3574.82
15036,3700.67
15037,3751.3
15038,3610.27
15039,3585.03
15040,3621.5
15041,3852.13
15042,4000.71
15043,4591.17
15044,5520.45
15045,5155.83
15046,6520.32
15047,4052.49
15048,3975.65
15049,3136.86
15050,3620.89
15051,5500.84
15052,10000.0
15053,10000.0
15054,10000.0
15055,10000.0
15056,10000.0
15057,10000.0
15058,10000.0
15059,10000.0
15060,10000.0
15061,10000.0
15062,10000.0
15063,10000.0
15064,10000.0
15065,10000.0
15066,10000.0
15067,10000.0
15068,10000.0
15069,10000.0
15070,10000.0
15071,10000.0
15072,10000.0
15073,10000.0
15074,10000.0
15075,10000.0
15076,10000.0
15077,10000.0
15078,10000.0
15079,4250.52
15080,3710.82
15081,3790.93
15082,3750.67
15083,3799.4
15084,3842.17
15085,3319.03
15086,3429.67
15087,3705.7
15088,3705.46
15089,3869.94
15090,4153.13
15091,3729.49
15092,3776.16
15093,2850.27
15094,3000.51
15095,3499.82
15096,3627.16
15097,4328.23
15098,4328.93
15099,4000.71
15100,3842.15
15101,3488.74
15102,3000.08
15103,2750.38
15104,2099.28
15105,2099.89
15106,2520.33
15107,2520.62
15108,2780.6
15109,1798.18
15110,2299.36
15111,2280.48
15112,2157.58
15113,2099.37
15114,2085.59
15115,2273.32
15116,2300.65
15117,2500.42
15118,2505.89
15119,2750.78
15120,2789.84
15121,2495.13
15122,2304.02
15123,2520.94
15124,2780.99
15125,2366.62
15126,2520.65
15127,3178.8
15128,3306.75
15129,3198.94
15130,3184.08
15131,3388.54
15132,3750.05
15133,3549.54
15134,3861.3
15135,3669.44
15136,3842.5
15137,3842.83
15138,4328.96
15139,4645.51
15140,4999.98
15141,3925.0
15142,3750.6
15143,3488.91
15144,3256.15
15145,499.88
15146,2019.56
15147,3378.51
15148,3732.3
15149,4800.56
15150,4811.34
15151,5000.96
15152,5250.6
15153,4944.15
15154,4500.78
15155,4600.82
15156,5000.6
15157,4811.5
15158,6100.65
15159,8020.83
15160,6100.67
15161,5707.5
15162,10000.0
15163,10000.0
15164,10000.0
15165,10000.0
15166,10000.0
15167,10000.0
15168,10000.0
15169,10000.0
15170,10000.0
15171,10000.0
15172,10000.0
15173,6000.01
15174,5000.05
15175,4250.07
15176,3550.96
15177,4042.44
15178,4186.67
15179,4042.1
15180,3800.37
15181,3790.43
15182,3776.9
15183,3790.16
15184,4042.25
15185,3889.97
15186,4042.42
15187,4042.51
15188,4000.05
15189,3499.48
15190,3599.26
15191,3660.77
15192,3530.41
15193,4092.29
15194,4472.16
15195,3499.86
15196,3184.49
15197,1999.58
15198,1965.52
15199,1500.41
15200,1699.74
15201,1000.66
15202,999.49
15203,999.88
15204,972.0
15205,1816.14
15206,1959.35
15207,1949.5
15208,1897.21
15209,1533.44
15210,1421.17
15211,1807.06
15212,1802.69
15213,1802.07
15214,1807.64
15215,2162.18
15216,2173.46
15217,2099.56
15218,2173.61
15219,2273.45
15220,2299.33
15221,2266.2
15222,2500.92
15223,2500.72
15224,2780.2
15225,2520.47
15226,2930.83
15227,3178.91
15228,3198.34
15229,2959.25
15230,2849.72
15231,3000.36
15232,3000.09
15233,2849.48
15234,2931.57
15235,2931.98
15236,2974.01
15237,819.76
15238,919.47
15239,511.2
15240,1700.0
15241,997.2
15242,2700.46
15243,2999.71
15244,3488.72
15245,3500.8
15246,3488.91
15247,3600.13
15248,3599.55
15249,3799.21
15250,3875.05
15251,3940.45
15252,4153.95
15253,5447.48
15254,10000.0
15255,5860.0
15256,4999.91
15257,9000.88
15258,10000.0
15259,10000.0
15260,10000.0
15261,10000.0
15262,10000.0
15263,10000.0
15264,10000.0
15265,10000.0
15266,10000.0
15267,7000.71
15268,5999.52
15269,4944.08
15270,4042.17
15271,4153.61
15272,3943.76
15273,4153.45
15274,3910.77
15275,3370.48
15276,3290.87
15277,3290.23
15278,3012.41
15279,3226.04
15280,3290.16
15281,3290.5
15282,3583.45
15283,3420.48
15284,3500.9
15285,3200.05
15286,3488.88
15287,3940.67
15288,3940.71
15289,4153.84
15290,3940.25
15291,3820.11
15292,3600.07
15293,3330.43
15294,3000.3
15295,2499.17
15296,1884.56
15297,2157.47
15298,2366.12
15299,2700.31
15300,2500.62
15301,2262.67
15302,2299.5
15303,2499.86
15304,2780.06
15305,2525.25
15306,2780.08
15307,3125.72
15308,3087.74
15309,2989.09
15310,2931.35
15311,3024.33
15312,2999.35
15313,2704.23
15314,2800.42
15315,2989.19
15316,2989.21
15317,2576.47
15318,2845.54
15319,3178.7
15320,3360.2
15321,3198.5
15322,3378.34
15323,3178.47
15324,3360.85
15325,3549.54
15326,3619.23
15327,3549.87
15328,3588.47
15329,3359.41
15330,3500.47
15331,3705.55
15332,3709.82
15333,3560.4
15334,3560.81
15335,3560.49
15336,3700.76
15337,3125.92
15338,3488.09
15339,3776.86
15340,4042.89
15341,5155.82
15342,5300.67
15343,5500.03
15344,5500.76
15345,5806.0
15346,6000.28
15347,10000.0
15348,10000.0
15349,10000.0
15350,10000.0
15351,10000.0
15352,10000.0
15353,10000.0
15354,10000.0
15355,10000.0
15356,10000.0
15357,10000.0
15358,10000.0
15359,10000.0
15360,10000.0
15361,10000.0
15362,10000.0
15363,6999.26
15364,4799.95
15365,4399.58
15366,4000.09
15367,4153.57
15368,4042.11
15369,4850.56
15370,4811.27
15371,4811.48
15372,4672.95
15373,4999.95
15374,4924.76
15375,4250.17
15376,4153.81
15377,4158.42
15378,4650.74
15379,4152.84
15380,4250.05
15381,4042.09
15382,4069.18
15383,4042.14
15384,4042.33
15385,3917.71
15386,4042.07
15387,3745.82
15388,3581.35
15389,3300.45
15390,2989.71
15391,2780.08
15392,2304.82
15393,2450.26
15394,2485.32
15395,2304.91
15396,2385.52
15397,2500.4
15398,2780.14
15399,2525.66
15400,2780.37
15401,2899.22
15402,2876.7
15403,2520.91
15404,2520.43
15405,2550.98
15406,2780.71
15407,2780.1
15408,2780.39
15409,2366.48
15410,2550.34
15411,2849.85
15412,2615.24
15413,2780.92
15414,2850.88
15415,2989.07
15416,3125.94
15417,3198.53
15418,3290.15
15419,3198.09
15420,3360.64
15421,3560.35
15422,3776.51
15423,3943.38
15424,3893.95
15425,3760.44
15426,3750.23
15427,3660.9
15428,3708.25
15429,3488.86
15430,3599.03
15431,3560.18
15432,3701.48
15433,2800.43
15434,3230.89
15435,3650.75
15436,4010.3
15437,4944.91
15438,5200.7
15439,6000.08
15440,6200.42
15441,10000.0
15442,10000.0
15443,7317.95
15444,10000.0
15445,10000.0
15446,10000.0
15447,10000.0
15448,10000.0
15449,10000.0
15450,10000.0
15451,10000.0
15452,10000.0
15453,10000.0
15454,10000.0
15455,10000.0
15456,10000.0
15457,10000.0
15458,10000.0
15459,10000.0
15460,10000.0
15461,10000.0
15462,10000.0
15463,4944.69
15464,4799.6
15465,4159.61
15466,4042.86
15467,4042.8
15468,4000.82
15469,4999.04
15470,4811.1
15471,4042.09
15472,3776.36
15473,4543.47
15474,4611.69
15475,4999.47
15476,5586.5
15477,3940.74
15478,3999.65
15479,4650.49
15480,4672.91
15481,4672.62
15482,4472.39
15483,4139.36
15484,4032.22
15485,3776.55
15486,3560.42
15487,3388.09
15488,2989.26
15489,2898.45
15490,2850.24
15491,2565.09
15492,2386.0
15493,2316.58
15494,2898.09
15495,2943.85
15496,3000.5
15497,3125.47
15498,2989.48
15499,3184.14
15500,3198.33
15501,2931.73
15502,2959.61
15503,2818.63
15504,2931.68
15505,2780.8
15506,2899.17
15507,2780.52
15508,2860.06
15509,2273.56
15510,2350.2
15511,3355.24
15512,3549.18
15513,3705.07
15514,3932.35
15515,3374.98
15516,3460.9
15517,3547.95
15518,3850.21
15519,3861.3
15520,3960.83
15521,3705.34
15522,3800.45
15523,3889.3
15524,3893.13
15525,3500.44
15526,3760.36
15527,3705.87
15528,3842.69
15529,2700.34
15530,3488.27
15531,3900.85
15532,4600.17
15533,8408.72
15534,10000.0
15535,10000.0
15536,10000.0
15537,10000.0
15538,10000.0
15539,10000.0
15540,10000.0
15541,10000.0
15542,10000.0
15543,10000.0
15544,10000.0
15545,10000.0
15546,10000.0
15547,10000.0
15548,10000.0
15549,10000.0
15550,10000.0
15551,10000.0
15552,10000.0
15553,10000.0
15554,10000.0
15555,10000.0
15556,10000.0
15557,10000.0
15558,10000.0
15559,10000.0
15560,10000.0
15561,10000.0
15562,10000.0
15563,10000.0
15564,10000.0
15565,10000.0
15566,10000.0
15567,10000.0
15568,10000.0
15569,10000.0
15570,10000.0
15571,10000.0
15572,8000.72
15573,4153.87
15574,4672.34
15575,4328.75
15576,4672.64
15577,4999.58
15578,5300.94
15579,4999.73
15580,4328.97
15581,3705.47
15582,3490.37
15583,3298.14
15584,2500.57
15585,2780.05
15586,2931.88
15587,2930.07
15588,2800.84
15589,2780.25
15590,2999.45
15591,2010.95
15592,1999.15
15593,2304.95
15594,2785.43
15595,2789.39
15596,2780.62
15597,2820.59
15598,2959.99
15599,2785.94
15600,2789.17
15601,2299.48
15602,2273.86
15603,2785.26
15604,2789.15
15605,2780.97
15606,2989.54
15607,3178.16
15608,3360.43
15609,3374.2
15610,3388.24
15611,2520.77
15612,2949.14
15613,3388.98
15614,3557.24
15615,3608.72
15616,3760.47
15617,3939.83
15618,4042.29
15619,4300.17
15620,4672.03
15621,4811.75
15622,5000.37
15623,5271.01
15624,5271.35
15625,4999.95
15626,6920.57
15627,10000.0
15628,10000.0
15629,10000.0
15630,10000.0
15631,10000.0
15632,10000.0
15633,10000.0
15634,10000.0
15635,10000.0
15636,10000.0
15637,10000.0
15638,10000.0
15639,10000.0
15640,10000.0
15641,10000.0
15642,10000.0
15643,10000.0
15644,10000.0
15645,10000.0
15646,10000.0
15647,10000.0
15648,10000.0
15649,10000.0
15650,10000.0
15651,10000.0
15652,10000.0
15653,10000.0
15654,10000.0
15655,10000.0
15656,10000.0
15657,10000.0
15658,10000.0
15659,10000.0
15660,10000.0
15661,10000.0
15662,10000.0
15663,10000.0
15664,10000.0
15665,10000.0
15666,10000.0
15667,10000.0
15668,10000.0
15669,6999.81
15670,10000.0
15671,10000.0
15672,10000.0
15673,10000.0
15674,10000.0
15675,6000.22
15676,4999.91
15677,4672.11
15678,3869.12
15679,3499.32
15680,3355.96
15681,3355.22
15682,3184.49
15683,3165.56
15684,3269.58
15685,2865.45
15686,2989.37
15687,2700.82
15688,2349.11
15689,2157.58
15690,2273.08
15691,2781.0
15692,2789.96
15693,3297.94
15694,3295.87
15695,3269.95
15696,3184.17
15697,3184.44
15698,3297.62
15699,2949.54
15700,2963.25
15701,2989.22
15702,2989.24
15703,3378.81
15704,3601.2
15705,3560.3
15706,3750.15
15707,2989.03
15708,3230.7
15709,3619.1
15710,3842.9
15711,4153.62
15712,4107.72
15713,4300.2
15714,4328.55
15715,3998.03
15716,3996.52
15717,4153.01
15718,4153.92
15719,4042.13
15720,4020.3
15721,3700.99
15722,4042.73
15723,4944.31
15724,4999.88
15725,8005.53
15726,10000.0
15727,10000.0
15728,10000.0
15729,10000.0
15730,10000.0
15731,10000.0
15732,10000.0
15733,10000.0
15734,10000.0
15735,10000.0
15736,10000.0
15737,10000.0
15738,10000.0
15739,10000.0
15740,10000.0
15741,10000.0
15742,10000.0
15743,10000.0
15744,10000.0
15745,10000.0
15746,10000.0
15747,10000.0
15748,10000.0
15749,10000.0
15750,10000.0
15751,6000.2
15752,5500.67
15753,5500.99
15754,5450.68
15755,4800.28
15756,4640.73
15757,5447.25
15758,5200.57
15759,5260.75
15760,4672.89
15761,8670.12
15762,5900.04
15763,5000.0
15764,4260.82
15765,4944.75
15766,4944.62
15767,5827.5
15768,6420.63
15769,5827.45
15770,10000.0
15771,4811.15
15772,3875.52
15773,3549.5
15774,3374.21
15775,3355.95
15776,2989.33
15777,1930.02
15778,1884.98
15779,2850.71
15780,2629.76
15781,2989.91
15782,3000.88
15783,2989.12
15784,2789.43
15785,2931.01
15786,3184.66
15787,3488.97
15788,3586.9
15789,3381.18
15790,3428.01
15791,3355.48
15792,3355.06
15793,3428.43
15794,3428.97
15795,3609.88
15796,3675.49
15797,3740.52
15798,3743.19
15799,3781.65
15800,3842.11
15801,4217.43
15802,4672.59
15803,5447.79
15804,6506.56
15805,6236.12
15806,6999.88
15807,6110.15
15808,5827.55
15809,10000.0
15810,10000.0
15811,4999.06
15812,4896.91
15813,4368.57
15814,4543.65
15815,3956.7
15816,3810.61
15817,1799.39
15818,1999.21
15819,2998.25
15820,2999.36
15821,4672.88
15822,4999.83
15823,5500.59
15824,7270.0
15825,5800.55
15826,5800.95
15827,10000.0
15828,10000.0
15829,10000.0
15830,10000.0
15831,10000.0
15832,10000.0
15833,10000.0
15834,10000.0
15835,10000.0
15836,10000.0
15837,10000.0
15838,10000.0
15839,10000.0
15840,10000.0
15841,10000.0
15842,10000.0
15843,10000.0
15844,10000.0
15845,10000.0
15846,10000.0
15847,10000.0
15848,10000.0
15849,10000.0
15850,10000.0
15851,10000.0
15852,10000.0
15853,10000.0
15854,6500.88
15855,3943.13
15856,3842.75
15857,3842.11
15858,3833.86
15859,3833.24
15860,3833.77
15861,3290.05
15862,3290.55
15863,3750.05
15864,3760.81
15865,3700.75
15866,3696.53
15867,3269.04
15868,2829.27
15869,2349.39
15870,2173.23
15871,2931.82
15872,2849.07
15873,2140.42
15874,2399.68
15875,1999.58
15876,2366.62
15877,2366.69
15878,2299.14
15879,1895.38
15880,1884.66
15881,1802.35
15882,1829.79
15883,1389.74
15884,1389.16
15885,1736.07
15886,1752.42
15887,1802.71
15888,1868.12
15889,1736.8
15890,1802.39
15891,1693.02
15892,1736.09
15893,1902.1
15894,2095.87
15895,2262.17
15896,2780.19
15897,2565.64
15898,2780.1
15899,2590.92
15900,2366.88
15901,2312.98
15902,2312.18
15903,2567.38
15904,2931.23
15905,2931.07
15906,2849.97
15907,2407.89
15908,2407.34
15909,2173.86
15910,2407.24
15911,1758.89
15912,1599.92
15913,979.49
15914,799.67
15915,736.06
15916,599.69
15917,2997.47
15918,3499.15
15919,3306.65
15920,3355.48
15921,3500.86
15922,3619.52
15923,3488.45
15924,3705.62
15925,4042.08
15926,4260.02
15927,4209.03
15928,4153.98
15929,4550.83
15930,4750.66
15931,4153.47
15932,4450.14
15933,3900.97
15934,3875.31
15935,3875.83
15936,3550.45
15937,3350.52
15938,3303.33
15939,3500.87
15940,3460.53
15941,3670.71
15942,3630.2
15943,3669.69
15944,3631.16
15945,3280.51
15946,3199.19
15947,3269.47
15948,3269.28
15949,2997.24
15950,3112.27
15951,3269.64
15952,3269.32
15953,3249.34
15954,3269.91
15955,3000.44
15956,2993.8
15957,2267.88
15958,2600.73
15959,2664.62
15960,2700.91
15961,3000.44
15962,3000.65
15963,2959.93
15964,2398.2
15965,2700.43
15966,2366.0
15967,2700.16
15968,2299.48
15969,2000.55
15970,1999.66
15971,1799.7
15972,1699.93
15973,2140.39
15974,2220.26
15975,1555.93
15976,1555.48
15977,1521.88
15978,1555.06
15979,1700.3
15980,1816.46
15981,1807.96
15982,1897.04
15983,2033.65
15984,2033.5
15985,2140.29
15986,1868.86
15987,1799.49
15988,1802.83
15989,1802.23
15990,1868.62
15991,1555.8
15992,1802.28
15993,2510.7
15994,2780.32
15995,2157.78
15996,2033.62
15997,2989.28
15998,2989.82
15999,2800.92
16000,2849.04
16001,2748.69
16002,2931.04
16003,2989.34
16004,3290.2
16005,3087.4
16006,3269.21
16007,2728.42
16008,2349.93
16009,1799.45
16010,1599.21
16011,999.52
16012,1850.27
16013,3199.53
16014,3637.44
16015,3800.71
16016,4172.8
16017,3799.46
16018,3799.42
16019,3510.38
16020,3594.84
16021,3800.74
16022,4126.14
16023,3887.4
16024,3885.51
16025,3999.85
16026,4300.82
16027,4400.83
16028,4372.16
16029,4069.33
16030,3996.4
16031,3822.5
16032,3596.75
16033,4069.53
16034,3943.28
16035,3761.91
16036,3761.11
16037,3639.54
16038,3650.13
16039,3488.08
16040,3355.96
16041,3400.44
16042,3332.9
16043,3350.75
16044,3350.18
16045,3240.07
16046,3125.11
16047,3000.95
16048,3012.03
16049,3139.99
16050,3350.37
16051,3200.18
16052,3240.4
16053,2900.54
16054,2989.19
16055,3184.32
16056,3308.16
16057,3488.49
16058,3184.01
16059,2861.4
16060,2299.36
16061,2349.82
16062,2490.0
16063,2490.16
16064,2349.13
16065,1799.66
16066,1799.98
16067,2299.13
16068,2157.77
16069,1884.75
16070,1884.38
16071,499.79
16072,499.16
16073,179.69
16074,599.25
16075,600.0
16076,549.61
16077,199.05
16078,399.61
16079,1050.03
16080,1050.02
16081,499.77
16082,399.6
16083,1294.18
16084,1294.14
16085,398.41
16086,399.48
16087,599.32
16088,599.48
16089,1667.44
16090,1807.59
16091,1499.01
16092,1499.13
16093,2150.0
16094,2366.76
16095,1667.9
16096,1773.93
16097,1959.08
16098,2300.36
16099,1999.79
16100,2500.3
16101,2520.31
16102,2230.26
16103,2157.36
16104,2299.85
16105,1868.12
16106,1850.58
16107,2500.72
16108,2989.26
16109,3470.36
16110,3470.1
16111,3488.45
16112,3499.44
16113,3488.44
16114,3499.12
16115,3600.93
16116,3500.38
16117,3891.66
16118,3820.35
16119,4042.03
16120,4010.17
16121,3590.9
16122,3932.37
16123,3999.61
16124,3820.48
16125,3750.05
16126,3597.79
16127,3639.71
16128,3499.7
16129,3499.42
16130,3217.39
16131,3000.54
16132,2520.21
16133,3368.9
16134,3290.56
16135,2989.15
16136,2602.56
16137,2989.46
16138,3240.09
16139,2989.83
16140,2900.58
16141,3017.84
16142,2937.0
16143,2349.96
16144,2324.63
16145,2356.1
16146,2499.4
16147,2667.98
16148,2602.78
16149,2710.54
16150,2900.15
16151,2931.77
16152,2970.73
16153,3389.74
16154,3374.13
16155,2349.71
16156,2046.5
16157,1868.23
16158,1555.63
16159,1389.69
16160,1389.41
16161,1388.2
16162,1388.03
16163,999.16
16164,989.59
16165,989.35
16166,989.53
16167,989.45
16168,989.45
16169,499.56
16170,499.15
16171,599.04
16172,527.74
16173,1050.05
16174,1070.17
16175,1199.83
16176,1250.25
16177,499.71
16178,499.82
16179,462.44
16180,499.0
16181,405.19
16182,497.74
16183,899.13
16184,999.45
16185,1276.0
16186,1276.26
16187,1276.38
16188,1276.78
16189,1500.79
16190,1667.52
16191,1802.95
16192,1802.2
16193,2015.93
16194,2073.36
16195,2073.01
16196,1959.99
16197,1464.7
16198,1464.15
16199,1555.17
16200,1773.63
16201,2500.51
16202,2931.89
16203,3355.86
16204,3488.06
16205,3875.81
16206,3932.53
16207,4042.57
16208,3932.87
16209,4174.2
16210,4170.04
16211,4042.96
16212,4200.75
16213,3500.34
16214,3700.75
16215,3932.08
16216,4010.25
16217,4372.8
16218,4650.56
16219,4650.64
16220,4410.51
16221,3500.2
16222,3499.06
16223,3499.01
16224,2999.24
16225,3645.9
16226,3750.61
16227,3309.44
16228,3000.6
16229,3240.84
16230,3198.84
16231,3000.6
16232,3000.57
16233,3080.69
16234,3000.99
16235,3000.92
16236,3000.79
16237,1120.78
16238,2060.39
16239,2750.37
16240,2800.36
16241,2899.84
16242,3000.86
16243,2500.71
16244,1303.41
16245,638.35
16246,979.68
16247,1294.4
16248,1500.37
16249,2304.03
16250,2520.8
16251,2300.0
16252,2262.27
16253,2100.02
16254,2185.03
16255,2500.91
16256,1965.01
16257,1736.88
16258,1555.55
16259,1555.81
16260,1555.6
16261,1837.67
16262,1884.01
16263,1667.6
16264,1555.83
16265,899.76
16266,899.23
16267,1325.11
16268,1325.55
16269,1443.47
16270,1667.66
16271,999.79
16272,999.72
16273,499.88
16274,611.34
16275,1325.56
16276,1325.66
16277,799.59
16278,999.99
16279,1500.72
16280,1736.52
16281,1736.41
16282,1868.19
16283,1807.5
16284,2000.92
16285,2265.71
16286,2304.25
16287,2262.04
16288,2195.64
16289,2157.7
16290,2262.77
16291,2157.59
16292,2500.35
16293,2300.27
16294,2366.36
16295,2780.57
16296,2667.88
16297,2262.92
16298,2667.65
16299,2861.57
16300,2931.63
16301,3591.46
16302,3889.29
16303,3932.1
16304,3943.57
16305,3470.19
16306,2753.17
16307,2602.51
16308,2844.54
16309,3198.02
16310,3198.18
16311,3125.65
16312,2872.85
16313,2602.85
16314,2602.97
16315,3500.13
16316,3875.09
16317,3470.86
16318,3470.36
16319,3470.83
16320,3470.16
16321,3198.99
16322,3080.77
16323,3080.76
16324,2931.31
16325,2490.8
16326,2490.4
16327,2570.45
16328,2164.94
16329,1896.67
16330,1896.94
16331,2600.16
16332,2490.15
16333,2849.97
16334,2849.04
16335,2849.94
16336,2700.01
16337,2316.53
16338,2360.52
16339,2931.03
16340,2849.99
16341,2850.68
16342,2849.49
16343,2157.29
16344,2157.15
16345,3017.7
16346,3080.58
16347,2931.63
16348,2849.89
16349,2780.37
16350,2157.11
16351,1965.82
16352,1897.35
16353,1389.45
16354,1389.39
16355,1389.85
16356,1708.0
16357,1807.24
16358,1807.54
16359,1389.9
16360,1667.05
16361,1555.91
16362,1510.86
16363,1389.86
16364,1389.92
16365,1450.71
16366,1325.84
16367,1294.41
16368,1200.66
16369,1200.3
16370,1294.61
16371,999.38
16372,799.93
16373,1102.22
16374,1199.37
16375,1349.89
16376,1567.23
16377,1667.34
16378,1799.47
16379,1636.07
16380,1807.77
16381,1799.16
16382,1816.58
16383,1816.81
16384,2173.72
16385,2499.39
16386,2780.62
16387,2931.31
16388,2925.44
16389,2748.69
16390,2729.03
16391,2729.59
16392,2729.59
16393,2157.79
16394,2780.13
16395,2861.27
16396,2980.98
16397,3356.0
16398,3842.2
16399,3184.87
16400,2861.24
16401,2140.4
16402,2237.05
16403,3501.0
16404,3790.01
16405,4042.33
16406,4250.6
16407,4042.77
16408,4042.14
16409,4061.46
16410,4611.31
16411,3630.85
16412,3607.93
16413,2587.55
16414,2587.79
16415,2589.52
16416,2304.54
16417,3100.26
16418,3100.34
16419,3100.69
16420,3149.7
16421,3560.23
16422,3488.81
16423,2980.09
16424,2500.99
16425,2441.9
16426,2441.45
16427,2490.5
16428,2700.21
16429,2583.5
16430,2780.15
16431,2931.03
16432,2931.31
16433,2999.28
16434,2989.79
16435,2999.69
16436,2999.47
16437,3102.1
16438,2980.71
16439,3198.34
16440,3198.62
16441,3198.29
16442,2999.99
16443,2850.53
16444,2850.66
16445,2485.41
16446,2349.48
16447,1555.98
16448,1555.75
16449,1437.88
16450,1464.88
16451,1868.45
16452,1868.31
16453,1736.25
16454,1500.11
16455,1816.52
16456,1802.99
16457,1800.78
16458,1800.87
16459,1868.56
16460,1807.08
16461,1392.41
16462,1325.39
16463,1314.25
16464,1432.1
16465,1567.5
16466,1636.17
16467,1807.53
16468,1895.09
16469,1707.17
16470,1736.91
16471,1736.18
16472,1895.01
16473,1807.76
16474,1807.97
16475,1868.84
16476,2162.59
16477,2273.68
16478,2324.87
16479,3199.91
16480,3355.17
16481,3198.12
16482,3198.58
16483,2470.14
16484,2590.0
16485,2849.5
16486,2942.0
16487,2949.79
16488,2999.87
16489,2459.1
16490,3240.67
16491,3355.23
16492,3470.95
16493,3790.99
16494,3630.64
16495,3838.0
16496,3880.5
16497,3870.47
16498,3751.67
16499,4042.1
16500,4107.07
16501,4924.18
16502,5040.83
16503,4828.94
16504,4811.02
16505,5042.05
16506,5500.13
16507,10000.0
16508,10000.0
16509,5500.48
16510,4700.37
16511,4122.62
16512,4122.99
16513,4501.0
16514,4122.67
16515,3979.35
16516,3842.39
16517,3355.64
16518,3400.76
16519,3506.86
16520,3641.68
16521,3650.3
16522,3355.52
16523,3290.86
16524,3345.88
16525,2587.36
16526,2600.59
16527,3319.37
16528,3374.24
16529,3450.53
16530,3549.5
16531,3310.01
16532,3254.41
16533,2481.24
16534,2850.69
16535,3360.64
16536,3470.51
16537,3470.47
16538,3360.1
16539,2850.63
16540,2349.51
16541,2849.3
16542,2849.02
16543,2920.18
16544,2849.36
16545,2151.76
16546,1667.63
16547,1385.0
16548,989.34
16549,899.41
16550,999.07
16551,1306.27
16552,955.32
16553,699.19
16554,599.34
16555,699.29
16556,999.6
16557,1045.78
16558,1000.69
16559,489.54
16560,398.59
16561,599.05
16562,599.23
16563,599.59
16564,599.76
16565,527.5
16566,555.75
16567,599.61
16568,624.5
16569,699.95
16570,1294.07
16571,919.77
16572,1000.37
16573,919.25
16574,992.77
16575,1500.71
16576,1868.91
16577,1868.51
16578,2015.48
16579,2485.55
16580,2925.53
16581,2849.96
16582,2849.42
16583,1976.18
16584,1959.19
16585,1199.53
16586,1299.39
16587,2010.64
16588,2366.25
16589,3500.42
16590,3842.19
16591,3776.86
16592,3750.05
16593,3319.8
16594,2639.82
16595,2299.17
16596,3374.08
16597,2519.93
16598,3150.97
16599,3630.69
16600,3630.24
16601,3760.34
16602,3705.03
16603,3112.62
16604,3099.82
16605,2500.59
16606,2475.82
16607,3180.38
16608,3300.21
16609,2299.87
16610,2099.18
16611,2490.42
16612,2349.55
16613,2989.84
16614,2980.86
16615,2980.24
16616,2500.25
16617,2980.34
16618,2833.18
16619,3209.22
16620,2999.66
16621,2292.89
16622,2349.3
16623,2284.95
16624,2399.7
16625,2861.71
16626,2989.6
16627,2999.57
16628,2929.12
16629,1889.94
16630,1958.4
16631,2667.09
16632,2849.07
16633,3050.01
16634,3050.29
16635,2999.96
16636,2935.03
16637,2851.0
16638,2780.08
16639,2980.16
16640,2850.48
16641,2999.65
16642,2989.93
16643,2185.87
16644,1965.93
16645,2220.32
16646,2366.38
16647,2750.64
16648,2602.91
16649,2299.28
16650,2262.5
16651,2273.63
16652,2262.96
16653,2185.14
16654,1895.69
16655,1802.11
16656,1807.94
16657,2401.61
16658,2780.71
16659,2195.76
16660,2000.04
16661,1807.05
16662,1802.61
16663,2050.35
16664,2262.93
16665,2748.11
16666,2799.06
16667,2485.77
16668,2299.05
16669,3345.26
16670,3360.58
16671,3039.44
16672,2861.59
16673,3049.69
16674,2999.87
16675,2989.15
16676,2959.72
16677,3000.14
16678,2999.43
16679,2851.43
16680,2880.83
16681,2349.47
16682,2349.98
16683,3360.56
16684,3646.62
16685,3659.44
16686,3842.58
16687,4672.93
16688,5500.24
16689,4999.56
16690,4650.36
16691,4999.72
16692,5500.33
16693,5500.89
16694,8055.57
16695,5999.66
16696,5750.98
16697,4500.36
16698,4500.76
16699,4999.85
16700,6300.48
16701,4042.37
16702,3650.63
16703,3650.96
16704,3390.13
16705,3646.22
16706,3550.1
16707,2921.14
16708,3112.46
16709,2995.0
16710,2859.89
16711,2490.56
16712,2833.88
16713,2910.63
16714,2833.5
16715,2349.83
16716,2989.02
16717,3310.8
16718,3306.75
16719,2500.82
16720,2349.96
16721,3360.53
16722,3488.98
16723,3500.88
16724,3449.86
16725,2980.06
16726,2899.11
16727,3198.14
16728,3200.23
16729,3269.54
16730,3230.25
16731,2871.1
16732,1897.76
16733,1897.12
16734,2000.19
16735,2157.72
16736,2157.33
16737,2485.13
16738,2500.26
16739,2865.14
16740,2849.5
16741,2220.61
16742,2220.23
16743,1802.62
16744,1802.77
16745,781.41
16746,1010.53
16747,1999.45
16748,1959.87
16749,1895.88
16750,1884.5
16751,1702.56
16752,1749.63
16753,1667.19
16754,1773.42
16755,1802.03
16756,1799.93
16757,1325.5
16758,1336.28
16759,1593.63
16760,1799.54
16761,1802.48
16762,1807.32
16763,1325.19
16764,1294.93
16765,1736.52
16766,1750.77
16767,801.38
16768,480.44
16769,1219.01
16770,1868.21
16771,2828.02
16772,3050.13
16773,2565.91
16774,2000.59
16775,2931.24
16776,2849.56
16777,2989.08
16778,3184.87
16779,3488.21
16780,3560.97
16781,3990.46
16782,4500.19
16783,4800.96
16784,4650.47
16785,3499.87
16786,3500.44
16787,3200.18
16788,3461.95
16789,5200.42
16790,7013.35
16791,5763.33
16792,5396.59
16793,5500.68
16794,5500.56
16795,6729.39
16796,5500.88
16797,4040.4
16798,3499.49
16799,2999.72
16800,2959.82
16801,3400.32
16802,3390.55
16803,3670.08
16804,3290.93
16805,2499.07
16806,2280.36
16807,2880.76
16808,3000.12
16809,2980.9
16810,2989.46
16811,2349.93
16812,2349.94
16813,2490.55
16814,2999.64
16815,2900.22
16816,2700.24
16817,3769.43
16818,3842.88
16819,3560.48
16820,3488.64
16821,2579.5
16822,2950.53
16823,3198.58
16824,3290.09
16825,3670.64
16826,3761.12
16827,3875.41
16828,3470.44
16829,3306.42
16830,3269.28
16831,3198.13
16832,2931.48
16833,2490.77
16834,2349.17
16835,2849.78
16836,2849.78
16837,2931.68
16838,2999.14
16839,3070.48
16840,2989.79
16841,2099.06
16842,1899.48
16843,1959.48
16844,2299.18
16845,1959.53
16846,1999.05
16847,2299.49
16848,2366.45
16849,1897.93
16850,1949.89
16851,2100.15
16852,2000.06
16853,1897.52
16854,1894.79
16855,2099.64
16856,2273.35
16857,2849.27
16858,2999.75
16859,2931.36
16860,2999.36
16861,2849.09
16862,2999.84
16863,3184.26
16864,3274.73
16865,3488.8
16866,3560.94
16867,3776.42
16868,3776.77
16869,3388.41
16870,3549.29
16871,3645.86
16872,3744.77
16873,3973.21
16874,4118.96
16875,4505.5
16876,4896.19
16877,6505.95
16878,7938.29
16879,10000.0
16880,10000.0
16881,10000.0
16882,10000.0
16883,10000.0
16884,10000.0
16885,10000.0
16886,10000.0
16887,10000.0
16888,10000.0
16889,10000.0
16890,10000.0
16891,10000.0
16892,10000.0
16893,10000.0
16894,10000.0
16895,6999.82
16896,4985.82
16897,3500.76
16898,3550.75
16899,3875.94
16900,3842.53
16901,3378.01
16902,3050.06
16903,3355.74
16904,3240.02
16905,3769.53
16906,3650.49
16907,3769.54
16908,3705.08
16909,2959.32
16910,2587.58
16911,2830.15
16912,2577.11
16913,3006.5
16914,3180.73
16915,3180.67
16916,3300.18
16917,3279.1
16918,3378.48
16919,3560.75
16920,3670.03
16921,3875.26
16922,3893.2
16923,3799.24
16924,3776.15
16925,3559.79
16926,3388.81
16927,3410.98
16928,3305.3
16929,3269.25
16930,2999.24
16931,2931.24
16932,2931.58
16933,2999.26
16934,3180.73
16935,2989.38
16936,2898.53
16937,2499.04
16938,2349.03
16939,3125.62
16940,3070.52
16941,2430.15
16942,2317.0
16943,1895.03
16944,1410.78
16945,2280.97
16946,2832.0
16947,2316.38
16948,2299.5
16949,1802.49
16950,1802.98
16951,1959.41
16952,2200.94
16953,2931.57
16954,3198.54
16955,2999.35
16956,2989.38
16957,2900.13
16958,2849.97
16959,1999.8
16960,2505.33
16961,3050.05
16962,3150.1
16963,3250.83
16964,3305.24
16965,2999.03
16966,3150.68
16967,3306.96
16968,3355.27
16969,3360.24
16970,3500.88
16971,3560.61
16972,4042.18
16973,5800.95
16974,6500.53
16975,7000.68
16976,10000.0
16977,10000.0
16978,10000.0
16979,10000.0
16980,10000.0
16981,10000.0
16982,10000.0
16983,10000.0
16984,10000.0
16985,10000.0
16986,10000.0
16987,10000.0
16988,10000.0
16989,10000.0
16990,10000.0
16991,10000.0
16992,6000.22
16993,5827.87
16994,4672.18
16995,3999.96
16996,3999.52
16997,4094.06
16998,4094.38
16999,3789.72
17000,3769.3
17001,3789.15
17002,3650.86
17003,3510.17
17004,3610.45
17005,3180.23
17006,3180.0
17007,3240.06
17008,3290.09
17009,3600.03
17010,3650.26
17011,3550.8
17012,3488.97
17013,2829.89
17014,3240.43
17015,3184.01
17016,3488.94
17017,3885.61
17018,4042.52
17019,3885.72
17020,3560.57
17021,3889.56
17022,3842.23
17023,3429.24
17024,3269.43
17025,2935.62
17026,2980.84
17027,2931.77
17028,2989.88
17029,2931.18
17030,2931.3
17031,2780.65
17032,2899.26
17033,1220.08
17034,1884.9
17035,2280.97
17036,2499.01
17037,2366.64
17038,2849.06
17039,2400.35
17040,2204.78
17041,2204.85
17042,2162.7
17043,2204.09
17044,2195.67
17045,1959.05
17046,1940.32
17047,2099.11
17048,2262.29
17049,2173.67
17050,2299.12
17051,2444.9
17052,2899.97
17053,2508.0
17054,2865.97
17055,2262.84
17056,2431.32
17057,2931.97
17058,3274.61
17059,3360.95
17060,3488.06
17061,3470.58
17062,3355.64
17063,3776.11
17064,3842.34
17065,3500.52
17066,3500.21
17067,3438.44
17068,3500.4
17069,5505.2
17070,6300.29
17071,5500.52
17072,5688.89
17073,5840.32
17074,6100.62
17075,10000.0
17076,10000.0
17077,10000.0
17078,10000.0
17079,10000.0
17080,10000.0
17081,10000.0
17082,10000.0
17083,10000.0
17084,10000.0
17085,10000.0
17086,10000.0
17087,10000.0
17088,10000.0
17089,9999.52
17090,6999.79
17091,4999.18
17092,4650.44
17093,4499.68
17094,3932.44
17095,4094.01
17096,4094.04
17097,4499.72
17098,4300.01
17099,4061.71
17100,4079.06
17101,3941.84
17102,3885.96
17103,3700.54
17104,3700.92
17105,3893.57
17106,3900.49
17107,5169.18
17108,5876.52
17109,3269.01
17110,3488.1
17111,4077.72
17112,4672.18
17113,4835.11
17114,5260.85
17115,4896.99
17116,4305.3
17117,3269.07
17118,2989.96
17119,3005.3
17120,2300.8
17121,1499.93
17122,2000.97
17123,1466.67
17124,1002.54
17125,2000.14
17126,2099.93
17127,2299.34
17128,2304.95
17129,999.54
17130,919.89
17131,999.96
17132,1401.88
17133,1750.35
17134,1667.64
17135,1802.72
17136,1802.33
17137,1802.27
17138,1791.32
17139,1736.74
17140,1667.62
17141,1736.09
17142,1667.06
17143,1736.94
17144,1800.06
17145,1750.62
17146,2099.88
17147,1959.58
17148,2173.92
17149,2266.46
17150,2304.42
17151,2499.54
17152,2780.73
17153,2900.89
17154,2989.18
17155,2800.63
17156,2931.65
17157,2780.1
17158,2989.2
17159,3198.2
17160,3050.78
17161,2500.43
17162,2989.25
17163,3374.24
17164,3504.79
17165,3991.27
17166,4500.61
17167,4672.93
17168,4999.01
17169,4384.28
17170,4384.59
17171,4118.83
17172,4200.53
17173,4200.93
17174,4672.01
17175,5250.79
17176,5040.02
17177,4999.75
17178,5450.61
17179,5396.74
17180,5627.41
17181,4000.0
17182,3550.62
17183,3943.61
17184,3850.24
17185,3670.62
17186,3750.73
17187,3620.02
17188,3669.28
17189,3184.33
17190,2999.55
17191,2870.7
17192,3000.8
17193,3488.41
17194,3479.17
17195,3645.93
17196,3578.03
17197,3012.63
17198,2999.25
17199,2833.15
17200,2959.54
17201,3269.93
17202,3300.12
17203,3240.01
17204,3180.75
17205,2810.03
17206,2861.45
17207,2750.71
17208,2850.57
17209,3355.33
17210,3355.03
17211,3306.08
17212,2999.59
17213,2602.19
17214,2349.99
17215,2602.69
17216,2600.81
17217,2850.19
17218,2849.3
17219,1959.79
17220,1802.02
17221,1524.83
17222,1453.33
17223,1325.66
17224,799.95
17225,1557.17
17226,1390.89
17227,1557.79
17228,1390.81
17229,1300.98
17230,1499.79
17231,1497.87
17232,1463.01
17233,1390.71
17234,1390.21
17235,999.23
17236,945.01
17237,899.22
17238,985.02
17239,999.19
17240,999.63
17241,999.58
17242,1075.01
17243,952.89
17244,999.01
17245,799.75
17246,837.45
17247,1155.17
17248,1449.82
17249,1764.79
17250,1802.09
17251,1816.47
17252,1910.21
17253,1813.19
17254,1807.06
17255,1325.85
17256,1054.59
17257,899.19
17258,989.73
17259,848.93
17260,1773.78
17261,1807.55
17262,2490.84
17263,2989.53
17264,2849.12
17265,2780.65
17266,2811.8
17267,2702.69
17268,2702.63
17269,3381.44
17270,3705.31
17271,3672.55
17272,3790.99
17273,3560.78
17274,3705.56
17275,3249.16
17276,3089.44
17277,1980.1
17278,1919.97
17279,2490.38
17280,2460.0
17281,2230.06
17282,2200.66
17283,2500.78
17284,2360.85
17285,2299.01
17286,2200.19
17287,2000.02
17288,1884.96
17289,2048.02
17290,2000.2
17291,1897.89
17292,1897.18
17293,2000.52
17294,2000.54
17295,1500.73
17296,999.81
17297,1402.34
17298,1807.55
17299,1884.78
17300,1897.75
17301,1421.82
17302,2000.15
17303,1220.82
17304,1237.89
17305,2230.04
17306,2500.44
17307,2273.21
17308,2157.89
17309,2151.25
17310,2151.36
17311,2073.71
17312,1807.97
17313,1773.27
17314,1399.6
17315,999.23
17316,882.0
17317,1736.97
17318,1780.73
17319,1802.58
17320,1807.51
17321,1773.19
17322,1802.2
17323,2000.18
17324,2000.13
17325,1897.77
17326,1897.07
17327,1884.17
17328,1959.27
17329,1726.58
17330,1802.08
17331,1557.7
17332,1557.73
17333,1434.88
17334,1550.24
17335,1667.73
17336,1802.66
17337,1758.75
17338,1846.43
17339,1758.08
17340,1758.23
17341,1807.29
17342,1807.05
17343,1667.73
17344,1667.41
17345,1390.25
17346,1439.06
17347,1816.14
17348,1807.67
17349,1884.28
17350,2157.91
17351,2273.51
17352,2230.57
17353,1390.36
17354,1468.4
17355,2999.64
17356,3230.1
17357,3200.63
17358,3000.45
17359,3488.44
17360,3488.53
17361,3355.35
17362,3355.58
17363,2999.28
17364,2999.51
17365,2699.8
17366,2949.24
17367,3230.29
17368,2999.95
17369,3355.38
17370,3306.45
17371,3157.61
17372,3139.47
17373,2999.13
17374,2900.0
17375,2300.86
17376,1501.85
17377,2000.19
17378,2316.58
17379,2780.46
17380,2780.17
17381,2316.95
17382,2780.37
17383,2931.79
17384,2899.57
17385,2360.28
17386,2230.99
17387,2157.15
17388,2157.07
17389,2366.64
17390,2316.65
17391,2304.02
17392,2262.37
17393,2490.17
17394,2931.15
17395,2750.38
17396,2849.07
17397,2157.92
17398,2157.68
17399,2112.16
17400,2280.9
17401,3184.5
17402,3355.46
17403,3274.5
17404,3184.14
17405,2931.06
17406,2349.3
17407,2450.52
17408,2304.5
17409,1859.23
17410,2000.37
17411,2750.79
17412,2262.15
17413,2195.85
17414,2185.05
17415,1816.34
17416,1807.28
17417,1251.64
17418,1310.71
17419,1736.57
17420,1802.36
17421,1248.22
17422,1325.19
17423,1103.08
17424,1059.14
17425,898.24
17426,927.44
17427,999.84
17428,999.53
17429,1000.57
17430,1199.18
17431,1349.66
17432,1389.14
17433,1500.96
17434,1773.25
17435,926.89
17436,1016.53
17437,1408.76
17438,1563.95
17439,1884.73
17440,1959.81
17441,2808.12
17442,2931.36
17443,2931.96
17444,2980.64
17445,2980.32
17446,2935.09
17447,2500.43
17448,2865.17
17449,2861.1
17450,3017.58
17451,2931.71
17452,3184.58
17453,3889.1
17454,3935.58
17455,3903.0
17456,3935.13
17457,3799.77
17458,3776.28
17459,3144.93
17460,3144.77
17461,3644.34
17462,3671.82
17463,3870.12
17464,3789.9
17465,4061.31
17466,4300.87
17467,3940.99
17468,3789.94
17469,3560.6
17470,3378.86
17471,2998.81
17472,2995.82
17473,2829.39
17474,2949.14
17475,2949.49
17476,2949.23
17477,2980.14
17478,2949.27
17479,2980.11
17480,2349.49
17481,2304.8
17482,2280.3
17483,2820.18
17484,2780.45
17485,2700.58
17486,2262.74
17487,2490.29
17488,2280.14
17489,2280.28
17490,2316.96
17491,2931.59
17492,2931.04
17493,2280.06
17494,2564.59
17495,2880.88
17496,2935.17
17497,3297.24
17498,3297.55
17499,3381.29
17500,3125.14
17501,2850.68
17502,2710.26
17503,2989.48
17504,2989.5
17505,2579.91
17506,2750.44
17507,2865.14
17508,2485.57
17509,2304.33
17510,2349.3
17511,2861.84
17512,2861.05
17513,2931.59
17514,2861.53
17515,2980.7
17516,2900.71
17517,2349.66
17518,2349.12
17519,2210.92
17520,2385.5
17521,2565.06
17522,2699.55
17523,2565.45
17524,2505.37
17525,1895.97
17526,1802.73
17527,2262.46
17528,2284.22
17529,2316.41
17530,2861.73
17531,2833.77
17532,2849.93
17533,2699.72
17534,2849.5
17535,3184.34
17536,3165.23
17537,3060.87
17538,3184.59
17539,3206.16
17540,3269.89
17541,3388.82
17542,3488.45
17543,3378.65
17544,3360.52
17545,3269.93
17546,3560.6
17547,3782.81
17548,4127.96
17549,4127.44
17550,4410.38
17551,5000.64
17552,4750.57
17553,5000.51
17554,5020.13
17555,5800.02
17556,5827.71
17557,7000.46
17558,8520.16
17559,7542.88
17560,7000.2
17561,10000.0
17562,10000.0
17563,10000.0
17564,10000.0
17565,6005.01
17566,5499.6
17567,4500.78
17568,3996.23
17569,4500.69
17570,3999.81
17571,3973.43
17572,3880.22
17573,3800.98
17574,3885.69
17575,3671.01
17576,3500.1
17577,3610.25
17578,3600.63
17579,3500.69
17580,3360.75
17581,3343.76
17582,3343.4
17583,3290.02
17584,3290.28
17585,3488.19
17586,3705.33
17587,3780.94
17588,3776.27
17589,3441.36
17590,3549.6
17591,3505.8
17592,3671.15
17593,3671.21
17594,3940.21
17595,4472.43
17596,4472.59
17597,4472.77
17598,3935.25
17599,3366.49
17600,3206.96
17601,3232.68
17602,3355.31
17603,3374.06
17604,3355.85
17605,2989.51
17606,2989.74
17607,2980.46
17608,2931.71
17609,2585.49
17610,2898.01
17611,2999.89
17612,3030.04
17613,2861.32
17614,2931.17
17615,2565.59
17616,2565.7
17617,1959.88
17618,1959.32
17619,1959.88
17620,2100.66
17621,1807.44
17622,1959.39
17623,2499.17
17624,2925.92
17625,2833.36
17626,2861.01
17627,3165.27
17628,3206.43
17629,3067.56
17630,3060.07
17631,3388.61
17632,3388.3
17633,3470.9
17634,3470.8
17635,3488.54
17636,3488.66
17637,3488.83
17638,3671.84
17639,3875.81
17640,3982.28
17641,4449.01
17642,5378.01
17643,9171.9
17644,10000.0
17645,10000.0
17646,10000.0
17647,10000.0
17648,10000.0
17649,10000.0
17650,10000.0
17651,10000.0
17652,10000.0
17653,10000.0
17654,10000.0
17655,10000.0
17656,10000.0
17657,10000.0
17658,10000.0
17659,10000.0
17660,10000.0
17661,10000.0
17662,10000.0
17663,6480.0
17664,5499.69
17665,5500.68
17666,4500.26
17667,3981.9
17668,3780.6
17669,3610.41
17670,3200.43
17671,3068.0
17672,2410.34
17673,3544.5
17674,3560.75
17675,3560.49
17676,3355.47
17677,3610.65
17678,3600.15
17679,3560.21
17680,3280.67
17681,3720.34
17682,3889.96
17683,4500.21
17684,4672.08
17685,3290.54
17686,3602.44
17687,4127.65
17688,4472.91
17689,5500.06
17690,9014.65
17691,5051.23
17692,3999.78
17693,3870.75
17694,3595.61
17695,3441.95
17696,3305.84
17697,3269.18
17698,3297.42
17699,3374.0
17700,3297.05
17701,3305.16
17702,3210.87
17703,3206.9
17704,3206.16
17705,2925.61
17706,2925.93
17707,3125.74
17708,3030.92
17709,3345.9
17710,3355.19
17711,3125.63
17712,2989.12
17713,2710.3
17714,2560.42
17715,2931.6
17716,2780.05
17717,1940.42
17718,2157.17
17719,2410.23
17720,2833.95
17721,2959.04
17722,3039.34
17723,2453.12
17724,2780.15
17725,2900.08
17726,3039.27
17727,3184.6
17728,3360.02
17729,3388.7
17730,3488.67
17731,3392.6
17732,3499.94
17733,3560.41
17734,3885.95
17735,4200.29
17736,3982.3
17737,4042.9
17738,4811.41
17739,4472.56
17740,5203.72
17741,10000.0
17742,10000.0
17743,10000.0
17744,10000.0
17745,10000.0
17746,10000.0
17747,10000.0
17748,10000.0
17749,10000.0
17750,10000.0
17751,10000.0
17752,10000.0
17753,10000.0
17754,10000.0
17755,10000.0
17756,10000.0
17757,10000.0
17758,10000.0
17759,9999.94
17760,5500.6
17761,4012.24
17762,3709.92
17763,3780.89
17764,3671.53
17765,3671.71
17766,3600.25
17767,3800.45
17768,3671.49
17769,3750.14
17770,3610.83
17771,3705.94
17772,3729.97
17773,3488.66
17774,3488.14
17775,2900.59
17776,2959.13
17777,3500.56
17778,3650.42
17779,3700.2
17780,3705.67
17781,3200.25
17782,3290.57
17783,3680.8
17784,4042.82
17785,4472.95
17786,4811.17
17787,4499.59
17788,3932.29
17789,3889.15
17790,3800.1
17791,3290.73
17792,2929.12
17793,2931.98
17794,2980.61
17795,2931.48
17796,2931.45
17797,2939.44
17798,2929.03
17799,2576.8
17800,2687.42
17801,2316.16
17802,2262.24
17803,2565.06
17804,2617.12
17805,2273.15
17806,2273.73
17807,2210.38
17808,2210.93
17809,2099.02
17810,2099.61
17811,2195.22
17812,2157.53
17813,2000.76
17814,2039.43
17815,2085.87
17816,2195.54
17817,2316.84
17818,2800.82
17819,1959.56
17820,1959.58
17821,2262.2
17822,2499.82
17823,2949.64
17824,2989.7
17825,2931.19
17826,3017.94
17827,3250.33
17828,3470.83
17829,3360.25
17830,3310.02
17831,3560.65
17832,3710.39
17833,3729.61
17834,4042.38
17835,3982.25
17836,4042.65
17837,5505.64
17838,5500.88
17839,6400.66
17840,6005.94
17841,5499.49
17842,5499.36
17843,5000.3
17844,5300.92
17845,5670.13
17846,6000.58
17847,5499.98
17848,5450.29
17849,9838.0
17850,10000.0
17851,4990.02
17852,4610.18
17853,4820.75
17854,4200.75
17855,4057.83
17856,4057.26
17857,3595.59
17858,3595.4
17859,3610.72
17860,3671.46
17861,3780.08
17862,3710.03
17863,3500.23
17864,3290.91
17865,3280.06
17866,3280.41
17867,3290.46
17868,3351.95
17869,3400.08
17870,3351.87
17871,3095.8
17872,2980.6
17873,3110.88
17874,3290.34
17875,3671.66
17876,3750.29
17877,3257.0
17878,3257.59
17879,3523.58
17880,3578.07
17881,3792.06
17882,3792.88
17883,3671.14
17884,3265.24
17885,3187.02
17886,2800.37
17887,2699.91
17888,2300.24
17889,2700.44
17890,2699.48
17891,2110.07
17892,1471.41
17893,1188.17
17894,1329.0
17895,1935.12
17896,1790.95
17897,1500.41
17898,1219.55
17899,1400.18
17900,1099.7
17901,687.09
17902,796.5
17903,649.0
17904,726.62
17905,663.65
17906,666.59
17907,599.14
17908,599.39
17909,599.87
17910,899.72
17911,741.79
17912,883.05
17913,1335.22
17914,1400.06
17915,1335.51
17916,1790.38
17917,2175.31
17918,2288.48
17919,1856.27
17920,1790.47
17921,1101.19
17922,1587.0
17923,1520.67
17924,2171.03
17925,2200.99
17926,2280.82
17927,2560.18
17928,2476.65
17929,2073.73
17930,2280.82
17931,2999.75
17932,3671.38
17933,3845.71
17934,3885.09
17935,3907.71
17936,3845.62
17937,3271.35
17938,3269.1
17939,3671.83
17940,3500.24
17941,3500.0
17942,3783.18
17943,4200.73
17944,4520.66
17945,5092.34
17946,5392.65
17947,5000.25
17948,4610.29
17949,3792.21
17950,3671.4
17951,3620.84
17952,3610.27
17953,3257.52
17954,3150.23
17955,2999.92
17956,2999.73
17957,2800.08
17958,2710.83
17959,2991.28
17960,2991.16
17961,3305.5
17962,3410.34
17963,3257.28
17964,3150.63
17965,2550.72
17966,2336.88
17967,2219.0
17968,2230.8
17969,3250.33
17970,3410.33
17971,3428.71
17972,3515.93
17973,2991.3
17974,3150.46
17975,3351.82
17976,3523.09
17977,3515.48
17978,3507.68
17979,3470.69
17980,3470.02
17981,3351.36
17982,2861.51
17983,2991.53
17984,2780.94
17985,3125.12
17986,3114.33
17987,3187.93
17988,3151.21
17989,2991.84
17990,2991.28
17991,2318.94
17992,2280.7
17993,2326.24
17994,2780.15
17995,2861.18
17996,2825.95
17997,2381.19
17998,2336.23
17999,1999.06
18000,1875.23
18001,1723.15
18002,1752.42
18003,1723.17
18004,1790.43
18005,1752.09
18006,1790.52
18007,2100.07
18008,2210.91
18009,2602.64
18010,2699.65
18011,2525.72
18012,2318.26
18013,2505.58
18014,2602.03
18015,2991.5
18016,3030.42
18017,2757.53
18018,2899.17
18019,3187.72
18020,3288.21
18021,3237.36
18022,3257.82
18023,3269.18
18024,3113.74
18025,3540.0
18026,3760.03
18027,3220.93
18028,3499.27
18029,5500.37
18030,10000.0
18031,5929.81
18032,5929.92
18033,5600.33
18034,5500.07
18035,6500.07
18036,6500.15
18037,10000.0
18038,10000.0
18039,10000.0
18040,10000.0
18041,10000.0
18042,10000.0
18043,10000.0
18044,10000.0
18045,5630.06
18046,5499.09
18047,3800.65
18048,3499.85
18049,3780.5
18050,4110.47
18051,4499.73
18052,4045.82
18053,4045.75
18054,3760.8
18055,3269.17
18056,3269.74
18057,3125.42
18058,3220.63
18059,3671.44
18060,3699.8
18061,3699.54
18062,3550.27
18063,3351.72
18064,3300.07
18065,3729.07
18066,3762.22
18067,3700.05
18068,3351.44
18069,2490.53
18070,2991.75
18071,3510.35
18072,3845.09
18073,4346.55
18074,4500.37
18075,4346.8
18076,4067.19
18077,3767.85
18078,3400.09
18079,3500.75
18080,3298.67
18081,3351.69
18082,3217.08
18083,3030.14
18084,3010.39
18085,2991.07
18086,2865.95
18087,2349.6
18088,1912.0
18089,2318.31
18090,2499.48
18091,3030.91
18092,3125.1
18093,2757.89
18094,2525.05
18095,2000.58
18096,1875.71
18097,2099.6
18098,2199.87
18099,2381.65
18100,2381.69
18101,2280.69
18102,2281.5
18103,2780.93
18104,2899.65
18105,2757.76
18106,2991.54
18107,2349.21
18108,2780.16
18109,3030.08
18110,3060.02
18111,3137.03
18112,3125.63
18113,3160.6
18114,3257.56
18115,3423.11
18116,3500.19
18117,3423.04
18118,3500.94
18119,3806.75
18120,3845.36
18121,3671.67
18122,3845.49
18123,3999.81
18124,5111.31
18125,10000.0
18126,10000.0
18127,10000.0
18128,10000.0
18129,10000.0
18130,10000.0
18131,10000.0
18132,10000.0
18133,10000.0
18134,10000.0
18135,10000.0
18136,10000.0
18137,10000.0
18138,10000.0
18139,10000.0
18140,10000.0
18141,10000.0
18142,10000.0
18143,10000.0
18144,10000.0
18145,10000.0
18146,10000.0
18147,10000.0
18148,10000.0
18149,10000.0
18150,10000.0
18151,10000.0
18152,10000.0
18153,5499.42
18154,5499.2
18155,4298.75
18156,4295.7
18157,4499.19
18158,4045.24
18159,4150.15
18160,4100.83
18161,4346.99
18162,4501.6
18163,5111.16
18164,5128.71
18165,3740.89
18166,4500.55
18167,5500.25
18168,6931.3
18169,7500.46
18170,8000.81
18171,10000.0
18172,10000.0
18173,5111.19
18174,4548.91
18175,3772.54
18176,3240.27
18177,2842.72
18178,2664.36
18179,2504.21
18180,2504.91
18181,2810.43
18182,2980.79
18183,2288.04
18184,2171.93
18185,2280.33
18186,2381.72
18187,2849.06
18188,2849.26
18189,2780.78
18190,2757.32
18191,2318.09
18192,2280.69
18193,2210.15
18194,2280.15
18195,2699.05
18196,2525.94
18197,2281.05
18198,2236.29
18199,2210.98
18200,2288.3
18201,2504.0
18202,2780.95
18203,2829.49
18204,2849.62
18205,2326.58
18206,2326.66
18207,2780.54
18208,2849.98
18209,3030.33
18210,3160.8
18211,3257.17
18212,3237.53
18213,2861.33
18214,2861.69
18215,3351.35
18216,3500.01
18217,3257.07
18218,3069.52
18219,3620.29
18220,4900.33
18221,8500.17
18222,10000.0
18223,5500.84
18224,6100.49
18225,4900.11
18226,4500.75
18227,4647.64
18228,4900.46
18229,4950.82
18230,4900.09
18231,3319.02
18232,3523.87
18233,4450.87
18234,4500.44
18235,5236.89
18236,5450.12
18237,5111.69
18238,5111.54
18239,4546.37
18240,4152.16
18241,2991.35
18242,3257.65
18243,3257.87
18244,3304.0
18245,3257.43
18246,3300.23
18247,3010.06
18248,3072.22
18249,3672.86
18250,3672.73
18251,3300.82
18252,3610.64
18253,3233.47
18254,3249.46
18255,3000.07
18256,2991.4
18257,3020.43
18258,3200.93
18259,3410.52
18260,3523.5
18261,3233.99
18262,3600.42
18263,3772.36
18264,3845.47
18265,5000.82
18266,5499.79
18267,3973.99
18268,3523.83
18269,2732.36
18270,2699.58
18271,2699.29
18272,2228.33
18273,1935.19
18274,1935.13
18275,2200.04
18276,2280.2
18277,2602.51
18278,2780.83
18279,2499.93
18280,2410.56
18281,1472.85
18282,1000.96
18283,2318.77
18284,2318.49
18285,2326.06
18286,2280.91
18287,2189.46
18288,2200.69
18289,1935.58
18290,2150.66
18291,999.23
18292,999.13
18293,810.08
18294,1220.65
18295,1935.16
18296,2099.43
18297,1790.22
18298,2200.17
18299,949.79
18300,949.73
18301,1178.45
18302,346.0
18303,1790.18
18304,1829.43
18305,1900.69
18306,1999.83
18307,2344.0
18308,2849.97
18309,3100.51
18310,2780.62
18311,3000.33
18312,3010.5
18313,3203.05
18314,3760.31
18315,5400.43
18316,9067.03
18317,10000.0
18318,10000.0
18319,10000.0
18320,10000.0
18321,10000.0
18322,10000.0
18323,10000.0
18324,10000.0
18325,10000.0
18326,10000.0
18327,10000.0
18328,10000.0
18329,10000.0
18330,10000.0
18331,10000.0
18332,10000.0
18333,10000.0
18334,10000.0
18335,5111.82
18336,4549.16
18337,4397.05
18338,4295.78
18339,4595.55
18340,4800.39
18341,5092.72
18342,4924.68
18343,4546.15
18344,4135.57
18345,3845.39
18346,3780.82
18347,3610.1
18348,3604.0
18349,3772.87
18350,3772.91
18351,3740.74
18352,3740.49
18353,3885.46
18354,3845.71
18355,3973.56
18356,3999.01
18357,3845.25
18358,4045.02
18359,4045.82
18360,4480.15
18361,5171.65
18362,6000.52
18363,5100.05
18364,4096.1
18365,4346.34
18366,4028.33
18367,3307.1
18368,3237.4
18369,3137.73
18370,3351.11
18371,3171.24
18372,2950.61
18373,2780.68
18374,2950.0
18375,2810.27
18376,3030.27
18377,2349.77
18378,2780.28
18379,3113.93
18380,3125.4
18381,3000.42
18382,3000.63
18383,2699.86
18384,2699.45
18385,2980.49
18386,2780.35
18387,2381.54
18388,2318.23
18389,1922.23
18390,2288.16
18391,2849.79
18392,3030.7
18393,3000.9
18394,3030.23
18395,2699.23
18396,2861.16
18397,2991.02
18398,3030.01
18399,3110.92
18400,3030.33
18401,3090.78
18402,3257.62
18403,3749.25
18404,3772.73
18405,4000.68
18406,4000.42
18407,3679.14
18408,3030.73
18409,2200.71
18410,2780.7
18411,4150.47
18412,5499.16
18413,9999.09
18414,10000.0
18415,10000.0
18416,10000.0
18417,10000.0
18418,10000.0
18419,10000.0
18420,10000.0
18421,10000.0
18422,10000.0
18423,10000.0
18424,10000.0
18425,10000.0
18426,10000.0
18427,10000.0
18428,10000.0
18429,10000.0
18430,10000.0
18431,10000.0
18432,10000.0
18433,5033.11
18434,5111.44
18435,4300.8
18436,4260.07
18437,4500.36
18438,4500.13
18439,3600.17
18440,3750.3
18441,3825.79
18442,3825.34
18443,3427.66
18444,3427.4
18445,3500.4
18446,3610.59
18447,3814.26
18448,3750.92
18449,3825.91
18450,4150.5
18451,4440.97
18452,4500.12
18453,4305.82
18454,4499.89
18455,5100.34
18456,5989.35
18457,5629.06
18458,6786.04
18459,5499.8
18460,5111.2
18461,4305.06
18462,3601.58
18463,3000.77
18464,2699.49
18465,2212.29
18466,2699.66
18467,2900.07
18468,3110.53
18469,2433.19
18470,2490.33
18471,2929.31
18472,2756.42
18473,2802.0
18474,2991.71
18475,3140.44
18476,3165.35
18477,3030.83
18478,3057.08
18479,2865.6
18480,2780.8
18481,2991.15
18482,2865.87
18483,2991.46
18484,2865.45
18485,2381.86
18486,2560.9
18487,2991.38
18488,3030.2
18489,3219.23
18490,3271.11
18491,3030.04
18492,2861.72
18493,3187.11
18494,3125.78
18495,3428.17
18496,3309.82
18497,2991.37
18498,3010.28
18499,3150.57
18500,3419.71
18501,2699.52
18502,2856.98
18503,3104.47
18504,3090.94
18505,2171.8
18506,3252.57
18507,3870.38
18508,5005.15
18509,6400.77
18510,10000.0
18511,10000.0
18512,10000.0
18513,10000.0
18514,10000.0
18515,10000.0
18516,10000.0
18517,10000.0
18518,10000.0
18519,10000.0
18520,10000.0
18521,10000.0
18522,10000.0
18523,10000.0
18524,10000.0
18525,10000.0
18526,10000.0
18527,10000.0
18528,10000.0
18529,5111.36
18530,4591.54
18531,4591.98
18532,4752.89
18533,4591.68
18534,4591.38
18535,4387.42
18536,4387.87
18537,4600.85
18538,4346.05
18539,4045.39
18540,3907.76
18541,4100.15
18542,4000.82
18543,4500.45
18544,4346.92
18545,4346.95
18546,4546.33
18547,4546.95
18548,4499.51
18549,4820.35
18550,5061.17
18551,5000.91
18552,4595.59
18553,5111.65
18554,4999.35
18555,4017.47
18556,3671.79
18557,3079.16
18558,2628.24
18559,2151.99
18560,2151.72
18561,2171.96
18562,2318.04
18563,2850.91
18564,2951.0
18565,2699.72
18566,2565.08
18567,1917.07
18568,1500.17
18569,1922.43
18570,2027.07
18571,2027.16
18572,1856.55
18573,1752.82
18574,1478.74
18575,1442.88
18576,1752.26
18577,1752.19
18578,1752.11
18579,1752.17
18580,1723.56
18581,1150.0
18582,1000.75
18583,999.62
18584,1564.58
18585,1917.18
18586,2171.66
18587,1915.6
18588,1917.93
18589,1564.86
18590,1752.13
18591,2171.36
18592,2171.87
18593,2565.65
18594,2499.95
18595,2490.97
18596,2849.55
18597,2699.36
18598,2980.83
18599,2058.46
18600,2027.69
18601,1199.54
18602,1200.36
18603,2479.4
18604,3219.63
18605,3620.34
18606,3772.28
18607,3772.87
18608,3825.41
18609,3600.65
18610,3300.34
18611,3140.44
18612,3140.92
18613,3500.3
18614,4000.07
18615,3523.55
18616,3523.66
18617,4000.64
18618,4012.37
18619,4012.39
18620,4046.0
18621,3379.74
18622,2699.58
18623,2609.59
18624,2609.1
18625,3030.78
18626,2991.02
18627,2929.5
18628,2799.82
18629,2980.82
18630,2759.79
18631,2058.74
18632,2058.64
18633,2058.99
18634,2200.75
18635,2200.57
18636,2171.16
18637,2171.81
18638,2200.05
18639,2073.96
18640,2073.89
18641,2490.9
18642,2847.59
18643,3040.0
18644,3187.91
18645,3257.2
18646,3187.12
18647,2800.07
18648,2602.92
18649,2751.18
18650,2980.38
18651,3428.68
18652,3032.5
18653,2499.73
18654,2151.53
18655,2058.05
18656,1999.24
18657,2058.29
18658,2058.17
18659,999.7
18660,999.7
18661,716.35
18662,699.93
18663,1565.13
18664,1565.44
18665,999.17
18666,999.96
18667,1565.68
18668,1565.1
18669,1799.36
18670,1752.74
18671,1752.7
18672,1723.06
18673,1682.34
18674,1500.77
18675,1721.64
18676,1418.64
18677,549.17
18678,299.94
18679,928.88
18680,1300.38
18681,1856.18
18682,1917.15
18683,1752.61
18684,1870.55
18685,1228.65
18686,1345.07
18687,1999.61
18688,1917.39
18689,1199.63
18690,2171.61
18691,1999.71
18692,2500.84
18693,2517.79
18694,2350.84
18695,2238.27
18696,2238.1
18697,3423.85
18698,3845.09
18699,2628.33
18700,2959.14
18701,3789.57
18702,4035.68
18703,3789.19
18704,3432.83
18705,3005.26
18706,2760.09
18707,3438.07
18708,3579.94
18709,4045.81
18710,4067.42
18711,3865.0
18712,3671.79
18713,4045.86
18714,4012.41
18715,4000.33
18716,3825.39
18717,3671.56
18718,3579.61
18719,3523.04
18720,3474.65
18721,1838.66
18722,1838.08
18723,999.69
18724,999.69
18725,2200.12
18726,2699.7
18727,3187.0
18728,2910.77
18729,2349.48
18730,1999.61
18731,2171.14
18732,2300.78
18733,2861.08
18734,2861.32
18735,3000.32
18736,3000.04
18737,2929.51
18738,2935.71
18739,3000.41
18740,3000.32
18741,2700.83
18742,2570.0
18743,2800.27
18744,3150.38
18745,3708.11
18746,4063.97
18747,4043.86
18748,3708.27
18749,2820.08
18750,2230.63
18751,2336.27
18752,2090.93
18753,2360.86
18754,2326.38
18755,2200.69
18756,2499.31
18757,2312.29
18758,2499.37
18759,2460.41
18760,2490.88
18761,2234.49
18762,2336.11
18763,2567.49
18764,2567.58
18765,2490.69
18766,2200.09
18767,2200.12
18768,2171.19
18769,2171.36
18770,2171.83
18771,1920.69
18772,1723.94
18773,999.03
18774,1399.43
18775,1990.77
18776,2000.02
18777,1917.1
18778,2200.12
18779,2015.49
18780,2171.87
18781,2326.22
18782,2229.23
18783,2750.52
18784,2699.86
18785,2381.91
18786,2602.5
18787,2500.82
18788,2847.35
18789,2349.57
18790,2269.03
18791,2764.76
18792,2870.6
18793,999.94
18794,1292.69
18795,3030.22
18796,3820.91
18797,4546.56
18798,5210.85
18799,5392.44
18800,5499.55
18801,6505.72
18802,6505.37
18803,6419.0
18804,8000.03
18805,10000.0
18806,10000.0
18807,10000.0
18808,10000.0
18809,8499.25
18810,8499.12
18811,10000.0
18812,10000.0
18813,9999.2
18814,7431.0
18815,6005.57
18816,5230.68
18817,5505.98
18818,6005.47
18819,5499.15
18820,5115.68
18821,4820.47
18822,4550.15
18823,4000.19
18824,4000.0
18825,4346.72
18826,4500.56
18827,4750.84
18828,4500.15
18829,3789.52
18830,3700.81
18831,3300.0
18832,3299.87
18833,3650.29
18834,3860.56
18835,3789.31
18836,3880.0
18837,3789.75
18838,3975.35
18839,3975.21
18840,3993.51
18841,4820.07
18842,5092.24
18843,5000.84
18844,4546.9
18845,4135.71
18846,3975.44
18847,3499.14
18848,3299.07
18849,2893.51
18850,2502.3
18851,2326.05
18852,2171.5
18853,2326.11
18854,2336.09
18855,2490.48
18856,2460.11
18857,2000.76
18858,2015.04
18859,2281.25
18860,2225.64
18861,2281.32
18862,2288.31
18863,2199.04
18864,2188.26
18865,2800.81
18866,2825.84
18867,2699.72
18868,2490.73
18869,1478.34
18870,1478.71
18871,1752.45
18872,2023.69
18873,2015.61
18874,2053.53
18875,2004.3
18876,2102.96
18877,2171.22
18878,2326.65
18879,2318.56
18880,2326.01
18881,2602.33
18882,2859.31
18883,2602.1
18884,2602.57
18885,2870.8
18886,2991.24
18887,3030.68
18888,3220.57
18889,3030.08
18890,3030.84
18891,3800.34
18892,5300.02
18893,5501.0
18894,6300.58
18895,7813.33
18896,9999.49
18897,8499.93
18898,8499.75
18899,8499.98
18900,10000.0
18901,8499.52
18902,10000.0
18903,10000.0
18904,10000.0
18905,8499.08
18906,8499.95
18907,10000.0
18908,10000.0
18909,5505.62
18910,5499.24
18911,5005.63
18912,4494.84
18913,3952.72
18914,3885.53
18915,3960.46
18916,3885.16
18917,2613.54
18918,2613.29
18919,3110.39
18920,3300.73
18921,3271.76
18922,3099.09
18923,3110.57
18924,3299.41
18925,3845.61
18926,3410.56
18927,3558.43
18928,3410.05
18929,3299.65
18930,3299.37
18931,3110.01
18932,3184.19
18933,3030.59
18934,3351.41
18935,3600.8
18936,3749.69
18937,4030.23
18938,4067.75
18939,3999.94
18940,3599.34
18941,3250.38
18942,2929.93
18943,3423.25
18944,3140.56
18945,3151.44
18946,3143.27
18947,3090.88
18948,3110.9
18949,3140.66
18950,3137.5
18951,2860.03
18952,2760.2
18953,2349.36
18954,2507.96
18955,2991.34
18956,3030.02
18957,2870.98
18958,2870.78
18959,2549.83
18960,2549.27
18961,2399.56
18962,2399.4
18963,2388.22
18964,2388.48
18965,2132.26
18966,2146.31
18967,2699.58
18968,3030.69
18969,2991.17
18970,3090.39
18971,3140.26
18972,3151.4
18973,3140.94
18974,3151.63
18975,3523.78
18976,3671.82
18977,4260.93
18978,4830.36
18979,4546.41
18980,4645.77
18981,4063.28
18982,3973.77
18983,3890.75
18984,3772.65
18985,3870.2
18986,4092.79
18987,4720.62
18988,6000.84
18989,10000.0
18990,10000.0
18991,10000.0
18992,10000.0
18993,10000.0
18994,10000.0
18995,10000.0
18996,10000.0
18997,10000.0
18998,10000.0
18999,10000.0
19000,10000.0
19001,10000.0
19002,10000.0
19003,10000.0
19004,10000.0
19005,10000.0
19006,10000.0
19007,10000.0
19008,10000.0
19009,4382.02
19010,4378.76
19011,4494.28
19012,4494.11
19013,3789.25
19014,3299.98
19015,4350.9
19016,4092.21
19017,3885.83
19018,3719.18
19019,3108.0
19020,3030.96
19021,3299.19
19022,3300.8
19023,3885.71
19024,3845.02
19025,3671.45
19026,3700.06
19027,3900.52
19028,3845.69
19029,3772.91
19030,3907.32
19031,4295.3
19032,5005.18
19033,6005.41
19034,8000.02
19035,5190.8
19036,4346.88
19037,4499.48
19038,4305.19
19039,3772.66
19040,3428.86
19041,3975.69
19042,3973.71
19043,3990.65
19044,3885.25
19045,4063.21
19046,4150.77
19047,3999.76
19048,3845.86
19049,3523.35
19050,3523.08
19051,3850.05
19052,3880.12
19053,3550.54
19054,3419.74
19055,3143.4
19056,3052.96
19057,2780.5
19058,2600.45
19059,2600.84
19060,2869.41
19061,2610.46
19062,2780.26
19063,3076.23
19064,3178.0
19065,3019.12
19066,2991.61
19067,3052.93
19068,3269.19
19069,3351.66
19070,3623.17
19071,3885.35
19072,3975.24
19073,4595.73
19074,4900.9
19075,5499.67
19076,5500.53
19077,4499.23
19078,3757.0
19079,3756.75
19080,3756.83
19081,3076.5
19082,3970.0
19083,5500.53
19084,10000.0
19085,10000.0
19086,10000.0
19087,10000.0
19088,10000.0
19089,10000.0
19090,10000.0
19091,10000.0
19092,10000.0
19093,10000.0
19094,10000.0
19095,10000.0
19096,10000.0
19097,10000.0
19098,10000.0
19099,10000.0
19100,10000.0
19101,5999.84
19102,5800.99
19103,5499.81
19104,5450.4
19105,6000.28
19106,5499.89
19107,5060.56
19108,4900.16
19109,3885.23
19110,3671.72
19111,4428.19
19112,4500.71
19113,3789.16
19114,3800.11
19115,3973.95
19116,4000.92
19117,3845.87
19118,3800.13
19119,4095.75
19120,4063.08
19121,4080.87
19122,4346.76
19123,4500.37
19124,4500.67
19125,4346.49
19126,4067.14
19127,5000.33
19128,5195.81
19129,5499.06
19130,5500.8
19131,5500.6
19132,4546.84
19133,4000.99
19134,3845.8
19135,3845.95
19136,3319.16
19137,3187.62
19138,3199.13
19139,3845.13
19140,3772.01
19141,3632.0
19142,3772.82
19143,3783.36
19144,3671.96
19145,3332.58
19146,3077.0
19147,3351.18
19148,3423.72
19149,3419.45
19150,3623.39
19151,3628.18
19152,3438.03
19153,3271.84
19154,3151.71
19155,2699.45
19156,2679.06
19157,1858.77
19158,2800.2
19159,3237.43
19160,3302.69
19161,3535.61
19162,3679.27
19163,3756.63
19164,3783.73
19165,4000.62
19166,4079.11
19167,4835.02
19168,4835.93
19169,5092.86
19170,5500.38
19171,5552.53
19172,5505.47
19173,5499.2
19174,5499.27
19175,5190.99
19176,5115.45
19177,3623.29
19178,3600.23
19179,4258.51
19180,5100.1
19181,10000.0
19182,10000.0
19183,10000.0
19184,10000.0
19185,10000.0
19186,10000.0
19187,10000.0
19188,10000.0
19189,10000.0
19190,10000.0
19191,10000.0
19192,10000.0
19193,10000.0
19194,10000.0
19195,10000.0
19196,10000.0
19197,10000.0
19198,10000.0
19199,10000.0
19200,10000.0
19201,6500.32
19202,5500.44
19203,5000.28
19204,4500.84
19205,4647.16
19206,4500.9
19207,5500.03
19208,5092.61
19209,5035.65
19210,4900.22
19211,4116.94
19212,4008.52
19213,4080.97
19214,4092.75
19215,4546.14
19216,4601.39
19217,5000.18
19218,5092.36
19219,5092.19
19220,5115.07
19221,4045.69
19222,4428.08
19223,4999.03
19224,5092.27
19225,5392.46
19226,5500.41
19227,4647.54
19228,3679.55
19229,3076.75
19230,3076.32
19231,3118.49
19232,2929.78
19233,2810.52
19234,2700.33
19235,3000.62
19236,3151.98
19237,3351.35
19238,3257.85
19239,3450.66
19240,3419.08
19241,2846.46
19242,2565.14
19243,2899.53
19244,2525.33
19245,2991.0
19246,2869.75
19247,3000.17
19248,2991.97
19249,2525.29
19250,2590.13
19251,2846.65
19252,2846.87
19253,2846.39
19254,2846.15
19255,2869.07
19256,2991.54
19257,3151.25
19258,3233.79
19259,3143.41
19260,3151.86
19261,3350.16
19262,3419.05
19263,3328.49
19264,3332.71
19265,3257.91
19266,3288.1
19267,3423.19
19268,3505.62
19269,3099.42
19270,3010.59
19271,2841.26
19272,2500.51
19273,1999.84
19274,1999.46
19275,3200.3
19276,3200.7
19277,3885.65
19278,4080.82
19279,4295.69
19280,4505.32
19281,4428.54
19282,4805.32
19283,5115.66
19284,5115.53
19285,5499.77
19286,5827.46
19287,5505.27
19288,6005.82
19289,6505.32
19290,6505.83
19291,5499.87
19292,5505.19
19293,5250.58
19294,4950.73
19295,4500.9
19296,4100.49
19297,4820.86
19298,4245.12
19299,3608.06
19300,3300.55
19301,3000.69
19302,2999.18
19303,4009.14
19304,3671.99
19305,3671.44
19306,3780.92
19307,4009.33
19308,4067.74
19309,4080.25
19310,4080.43
19311,3710.7
19312,3845.04
19313,4052.99
19314,4092.42
19315,4140.33
19316,4436.38
19317,3973.56
19318,4099.26
19319,3756.65
19320,3850.75
19321,4010.69
19322,4595.89
19323,4080.37
19324,3850.76
19325,3671.45
19326,3535.59
19327,3535.18
19328,3499.08
19329,3756.3
19330,3598.58
19331,3671.35
19332,3328.57
19333,3230.35
19334,3189.29
19335,3237.54
19336,3121.01
19337,3217.89
19338,3397.35
19339,3310.23
19340,3305.8
19341,3257.41
19342,3200.44
19343,3143.16
19344,3030.84
19345,3271.86
19346,3187.41
19347,2023.99
19348,1999.92
19349,2318.42
19350,2991.06
19351,3151.19
19352,3151.56
19353,3187.17
19354,3270.84
19355,3500.71
19356,3620.68
19357,3740.17
19358,3800.62
19359,3845.57
19360,3845.34
19361,3885.19
19362,3993.99
19363,4035.2
19364,4092.07
19365,3999.82
19366,4017.25
19367,4080.62
19368,4895.29
19369,4092.74
19370,4436.82
19371,5115.25
19372,10000.0
19373,10000.0
19374,10000.0
19375,10000.0
19376,10000.0
19377,10000.0
19378,10000.0
19379,10000.0
19380,10000.0
19381,10000.0
19382,10000.0
19383,10000.0
19384,10000.0
19385,10000.0
19386,10000.0
19387,10000.0
19388,10000.0
19389,10000.0
19390,10000.0
19391,10000.0
19392,10000.0
19393,10000.0
19394,10000.0
19395,10000.0
19396,8055.63
19397,5629.89
19398,5180.69
19399,4835.35
19400,4400.03
19401,4560.09
19402,4546.58
19403,4275.33
19404,4120.05
19405,4080.61
19406,4092.53
19407,4242.16
19408,4092.64
19409,4436.2
19410,4546.29
19411,4900.74
19412,5092.03
19413,4895.63
19414,5115.87
19415,5005.41
19416,5115.25
19417,5115.89
19418,5500.48
19419,5115.32
19420,4546.27
19421,3973.09
19422,3756.0
19423,3671.19
19424,3288.93
19425,3419.35
19426,3288.25
19427,3400.41
19428,3189.89
19429,2850.47
19430,2699.98
19431,3010.49
19432,3030.56
19433,1799.36
19434,1964.84
19435,2700.0
19436,2900.34
19437,2468.99
19438,2499.42
19439,1799.79
19440,1922.57
19441,1752.82
19442,1922.9
19443,549.09
19444,499.52
19445,448.65
19446,499.42
19447,962.32
19448,1723.36
19449,2112.6
19450,2645.47
19451,2699.7
19452,2857.76
19453,2869.71
19454,2869.6
19455,2849.41
19456,2980.12
19457,2980.02
19458,3103.95
19459,3210.38
19460,3400.47
19461,3140.07
19462,2699.83
19463,2800.22
19464,2900.75
19465,699.52
19466,1648.0
19467,3140.56
19468,3792.71
19469,4510.27
19470,5000.67
19471,6000.43
19472,7000.54
19473,10000.0
19474,10000.0
19475,10000.0
19476,10000.0
19477,10000.0
19478,10000.0
19479,10000.0
19480,10000.0
19481,10000.0
19482,10000.0
19483,10000.0
19484,10000.0
19485,10000.0
19486,10000.0
19487,10000.0
19488,10000.0
19489,10000.0
19490,10000.0
19491,5450.37
19492,4850.46
19493,4499.79
19494,4080.11
19495,4499.44
19496,4410.45
19497,3780.43
19498,3500.91
19499,3500.98
19500,3671.28
19501,3792.24
19502,3789.71
19503,4009.49
19504,3975.3
19505,3885.97
19506,3900.68
19507,4045.35
19508,4009.2
19509,2810.43
19510,2850.08
19511,3792.01
19512,4080.05
19513,4832.26
19514,5005.94
19515,4609.15
19516,4030.18
19517,3580.64
19518,3300.95
19519,3500.15
19520,2980.56
19521,2749.11
19522,2381.12
19523,2199.97
19524,1588.4
19525,1823.33
19526,1867.33
19527,999.24
19528,919.91
19529,499.02
19530,899.13
19531,2049.07
19532,2123.23
19533,2140.56
19534,2171.6
19535,1922.13
19536,1723.98
19537,1757.64
19538,1756.59
19539,999.99
19540,999.19
19541,999.61
19542,1723.67
19543,1757.17
19544,1870.58
19545,1935.08
19546,2237.03
19547,1790.93
19548,2171.61
19549,2518.32
19550,2700.15
19551,2500.4
19552,2680.08
19553,2900.22
19554,3037.73
19555,2759.84
19556,2699.36
19557,2381.63
19558,2336.35
19559,2488.23
19560,2500.34
19561,1499.74
19562,2349.32
19563,2500.41
19564,3189.69
19565,4000.48
19566,4750.27
19567,5750.26
19568,6367.61
19569,5800.53
19570,5929.91
19571,10000.0
19572,10000.0
19573,8499.73
19574,10000.0
19575,8499.2
19576,6000.96
19577,6000.2
19578,8499.63
19579,5799.67
19580,5799.86
19581,10000.0
19582,5629.09
19583,4350.59
19584,4092.26
19585,3420.91
19586,3410.08
19587,3561.6
19588,3561.56
19589,3750.65
19590,3789.09
19591,3410.75
19592,2800.93
19593,3200.0
19594,3122.0
19595,2500.0
19596,2699.29
19597,3210.96
19598,3170.55
19599,2965.63
19600,3140.03
19601,2980.26
19602,2990.51
19603,3520.39
19604,3528.28
19605,2991.72
19606,2970.37
19607,3257.41
19608,3300.8
19609,3329.68
19610,3596.02
19611,3711.62
19612,3375.91
19613,3375.79
19614,3303.51
19615,3679.42
19616,3269.14
19617,2980.75
19618,2490.26
19619,1885.49
19620,2225.09
19621,2500.81
19622,2699.63
19623,2810.95
19624,2800.57
19625,2507.13
19626,2381.68
19627,2318.97
19628,2171.65
19629,2326.1
19630,2318.66
19631,1760.53
19632,1752.68
19633,1599.33
19634,1599.04
19635,1115.34
19636,1023.41
19637,928.42
19638,909.65
19639,1335.75
19640,1752.99
19641,2288.78
19642,2699.68
19643,2888.32
19644,2888.85
19645,2929.59
19646,3030.66
19647,3230.16
19648,3271.83
19649,3510.12
19650,3420.55
19651,3300.01
19652,3500.43
19653,3535.91
19654,3679.96
19655,3101.14
19656,3217.52
19657,3679.55
19658,3993.29
19659,3671.68
19660,3999.42
19661,4591.49
19662,5450.33
19663,6005.42
19664,6505.69
19665,6505.58
19666,8499.08
19667,5505.1
19668,5499.92
19669,6452.98
19670,6650.84
19671,10000.0
19672,10000.0
19673,10000.0
19674,10000.0
19675,9998.83
19676,9998.12
19677,5827.15
19678,5499.64
19679,4080.04
19680,3885.76
19681,4010.0
19682,4000.71
19683,3619.48
19684,3309.08
19685,3650.48
19686,3309.89
19687,3000.77
19688,2780.16
19689,2230.02
19690,2700.92
19691,3257.56
19692,3220.17
19693,2929.56
19694,2780.14
19695,2700.54
19696,2699.26
19697,2699.21
19698,2750.32
19699,2780.91
19700,3140.55
19701,2336.28
19702,2720.36
19703,3140.54
19704,3288.9
19705,3623.97
19706,3845.59
19707,4080.42
19708,3993.9
19709,3528.45
19710,3187.59
19711,2842.05
19712,2820.77
19713,2519.62
19714,2519.09
19715,1464.92
19716,2318.95
19717,2970.86
19718,2992.0
19719,2099.49
19720,1999.96
19721,1800.54
19722,1790.95
19723,2029.9
19724,2099.44
19725,1957.38
19726,1875.17
19727,1752.61
19728,1752.1
19729,1541.25
19730,1721.58
19731,1723.45
19732,1723.07
19733,1268.09
19734,1622.06
19735,1935.09
19736,2099.61
19737,2318.54
19738,2326.01
19739,2288.94
19740,2580.36
19741,2699.19
19742,2849.0
19743,2991.96
19744,3030.58
19745,2870.14
19746,2870.44
19747,3030.37
19748,3187.25
19749,2699.52
19750,2431.76
19751,3076.18
19752,3076.04
19753,3140.49
19754,3375.44
19755,3476.4
19756,3623.5
19757,4080.95
19758,4708.23
19759,4591.41
19760,4848.36
19761,4848.42
19762,4848.91
19763,4631.82
19764,4650.69
19765,4080.02
19766,4092.42
19767,3870.22
19768,3650.34
19769,3756.27
19770,3756.34
19771,3052.56
19772,2870.92
19773,2870.51
19774,2870.98
19775,2699.79
19776,2459.46
19777,3845.68
19778,3845.27
19779,3772.85
19780,3490.1
19781,3030.45
19782,2800.43
19783,2549.05
19784,2489.33
19785,2177.03
19786,2177.24
19787,2699.48
19788,2980.49
19789,2400.98
19790,2480.73
19791,2699.34
19792,2780.2
19793,2700.81
19794,2780.39
19795,2200.25
19796,2229.24
19797,1688.61
19798,2010.14
19799,2861.52
19800,3030.09
19801,3671.45
19802,3772.29
19803,3219.51
19804,3099.16
19805,2699.89
19806,2759.08
19807,2750.48
19808,2196.12
19809,2925.64
19810,2991.36
19811,2499.71
19812,2288.13
19813,2288.25
19814,2177.79
19815,2326.76
19816,2171.91
19817,1870.32
19818,1870.98
19819,1099.66
19820,1099.26
19821,665.42
19822,699.3
19823,459.21
19824,469.32
19825,549.88
19826,866.78
19827,1000.77
19828,935.88
19829,480.19
19830,599.1
19831,499.89
19832,599.45
19833,1228.49
19834,1723.44
19835,929.77
19836,1074.22
19837,1510.0
19838,1850.57
19839,2385.62
19840,2699.36
19841,3030.0
19842,3151.53
19843,3271.56
19844,3440.41
19845,3187.78
19846,3151.72
19847,3135.55
19848,2990.37
19849,989.03
19850,1599.13
19851,928.88
19852,999.22
19853,3271.22
19854,3792.2
19855,3623.69
19856,3792.42
19857,4010.8
19858,4041.19
19859,4045.64
19860,4000.56
19861,3999.95
19862,4000.59
19863,3990.67
19864,3792.68
19865,3845.1
19866,3999.03
19867,3792.04
19868,3792.85
19869,3783.38
19870,3500.47
19871,3845.48
19872,3500.51
19873,3510.01
19874,3351.77
19875,3500.69
19876,3104.69
19877,3271.22
19878,3187.97
19879,3169.78
19880,3257.54
19881,3510.05
19882,3510.4
19883,3419.04
19884,3271.92
19885,2780.94
19886,2780.1
19887,2738.88
19888,2780.37
19889,2929.46
19890,3187.37
19891,2980.19
19892,2565.1
19893,2210.94
19894,2355.13
19895,2780.08
19896,2920.41
19897,3187.1
19898,3419.27
19899,3419.07
19900,3140.53
19901,3090.57
19902,3019.13
19903,2699.95
19904,2349.13
19905,2039.9
19906,2700.76
19907,1922.98
19908,1831.38
19909,999.03
19910,928.81
19911,906.73
19912,599.89
19913,599.21
19914,599.49
19915,1199.64
19916,1007.02
19917,1000.51
19918,808.88
19919,1017.1
19920,873.49
19921,499.7
19922,494.91
19923,99.59
19924,99.67
19925,99.12
19926,99.07
19927,50.0
19928,99.07
19929,199.87
19930,489.66
19931,1228.86
19932,1349.16
19933,1349.64
19934,1349.8
19935,1624.85
19936,1723.75
19937,1875.51
19938,2381.68
19939,2171.72
19940,2499.55
19941,1999.86
19942,2318.08
19943,2565.39
19944,2842.4
19945,2865.27
19946,3249.23
19947,2700.75
19948,2613.93
19949,2842.23
19950,2506.37
19951,2980.1
19952,3500.15
19953,3233.1
19954,3257.6
19955,3671.19
19956,3561.49
19957,4499.21
19958,4800.82
19959,5115.15
19960,5115.88
19961,5500.13
19962,6000.09
19963,4550.08
19964,4436.49
19965,4710.96
19966,4260.97
19967,4080.28
19968,4009.51
19969,3135.77
19970,2825.0
19971,3000.7
19972,3100.72
19973,3121.24
19974,3000.13
19975,3050.6
19976,2980.88
19977,2868.91
19978,2869.25
19979,3351.94
19980,3499.83
19981,3098.24
19982,2980.69
19983,3050.14
19984,3050.49
19985,2980.35
19986,2980.01
19987,2980.58
19988,2980.19
19989,1499.86
19990,2500.47
19991,3200.3
19992,3419.61
19993,3623.95
19994,3679.46
19995,3679.83
19996,3623.32
19997,3623.51
19998,3351.98
19999,3257.79
20000,2980.92
20001,3419.95
20002,3528.95
20003,3271.41
20004,3269.22
20005,2865.89
20006,2720.83
20007,2929.78
20008,2780.42
20009,2318.89
20010,2230.5
20011,2318.01
20012,2525.3
20013,2381.41
20014,2288.45
20015,1999.66
20016,2085.36
20017,1999.86
20018,1790.67
20019,1999.29
20020,1999.63
20021,999.61
20022,1623.31
20023,1623.42
20024,1723.57
20025,1856.71
20026,1856.86
20027,1800.0
20028,1826.04
20029,2015.66
20030,2318.63
20031,2799.33
20032,2925.25
20033,2700.03
20034,2834.44
20035,2849.28
20036,3050.18
20037,2699.75
20038,2700.37
20039,2849.33
20040,3030.54
20041,2500.44
20042,3151.5
20043,3200.69
20044,3237.91
20045,4275.07
20046,4580.23
20047,4600.16
20048,4428.68
20049,4600.62
20050,4645.36
20051,5831.67
20052,6000.35
20053,5920.41
20054,7803.54
20055,7854.64
20056,6118.97
20057,5500.48
20058,9499.87
20059,5000.44
20060,4810.44
20061,4380.4
20062,4100.74
20063,3317.11
20064,3055.29
20065,3907.76
20066,3999.03
20067,3538.63
20068,3410.7
20069,3000.11
20070,2780.85
20071,3069.75
20072,2980.92
20073,3500.24
20074,3500.66
20075,3151.04
20076,3030.54
20077,2780.35
20078,2349.33
20079,2991.14
20080,3151.12
20081,3000.75
20082,3151.59
20083,3151.93
20084,3257.59
20085,2490.74
20086,2499.76
20087,2490.01
20088,2699.76
20089,2810.79
20090,2991.94
20091,3090.85
20092,3084.56
20093,3151.19
20094,3052.13
20095,2870.87
20096,2349.07
20097,2826.37
20098,2950.42
20099,1499.73
20100,989.9
20101,1935.6
20102,2699.79
20103,1935.94
20104,1870.0
20105,928.55
20106,928.48
20107,999.34
20108,1935.23
20109,1752.76
20110,1870.02
20111,1699.41
20112,928.6
20113,749.79
20114,749.21
20115,499.58
20116,499.56
20117,499.11
20118,499.06
20119,149.77
20120,398.6
20121,499.33
20122,499.71
20123,499.75
20124,841.6
20125,999.04
20126,1199.2
20127,1630.26
20128,1922.11
20129,1630.41
20130,2171.28
20131,2000.01
20132,1935.6
20133,1922.44
20134,1510.93
20135,2171.19
20136,2576.5
20137,2171.45
20138,2171.72
20139,2381.45
20140,1999.21
20141,3735.41
20142,4000.07
20143,3907.05
20144,3650.54
20145,2519.97
20146,2519.49
20147,3271.72
20148,3323.0
20149,3500.53
20150,3623.72
20151,3257.66
20152,3000.53
20153,2929.13
20154,3000.99
20155,3271.92
20156,3197.93
20157,3140.5
20158,2865.09
20159,2849.28
20160,1999.93
20161,3257.38
20162,3243.21
20163,2770.5
20164,2759.16
20165,2849.23
20166,2849.01
20167,3233.54
20168,3300.92
20169,2884.67
20170,2699.22
20171,2945.56
20172,3054.97
20173,3151.6
20174,3090.46
20175,3000.73
20176,2980.3
20177,2780.01
20178,2736.08
20179,2991.83
20180,2999.68
20181,2210.71
20182,2128.4
20183,2700.0
20184,2849.98
20185,3114.53
20186,3528.7
20187,3671.03
20188,3351.85
20189,3052.56
20190,2935.82
20191,2810.83
20192,2392.75
20193,2720.68
20194,2700.49
20195,2326.1
20196,2115.77
20197,2318.65
20198,2318.09
20199,1723.15
20200,999.81
20201,1856.31
20202,1856.62
20203,2281.86
20204,2381.89
20205,2381.55
20206,2381.79
20207,1839.12
20208,1752.22
20209,1723.9
20210,1723.92
20211,1752.54
20212,1723.95
20213,799.27
20214,699.89
20215,1335.64
20216,1752.18
20217,2380.04
20218,2780.62
20219,2699.2
20220,2645.95
20221,2849.11
20222,2991.42
20223,2780.45
20224,2849.26
20225,2849.38
20226,2849.24
20227,2780.35
20228,2849.91
20229,3140.55
20230,3151.13
20231,2699.99
20232,2900.73
20233,2849.84
20234,2991.83
20235,3271.77
20236,3610.15
20237,5000.89
20238,5499.93
20239,5499.94
20240,5499.7
20241,4742.67
20242,4750.93
20243,9499.52
20244,8520.0
20245,10000.0
20246,10000.0
20247,10000.0
20248,9999.59
20249,5499.84
20250,5499.87
20251,5499.31
20252,5450.96
20253,4410.81
20254,4100.71
20255,3199.18
20256,2699.96
20257,3290.59
20258,3410.22
20259,3623.93
20260,3427.27
20261,3600.87
20262,3290.68
20263,3212.12
20264,3119.07
20265,3151.16
20266,3151.78
20267,2699.54
20268,2935.78
20269,2780.85
20270,2780.21
20271,2849.92
20272,2935.23
20273,2935.97
20274,2935.48
20275,3151.15
20276,3271.79
20277,2780.68
20278,2900.09
20279,3189.66
20280,3338.43
20281,3671.24
20282,3845.86
20283,3799.29
20284,3671.24
20285,3600.4
20286,3000.95
20287,2699.85
20288,2519.44
20289,2849.09
20290,2699.77
20291,2849.36
20292,2849.15
20293,2849.89
20294,2800.08
20295,2780.44
20296,2800.83
20297,2500.45
20298,1999.73
20299,2400.45
20300,2699.3
20301,2326.33
20302,2281.64
20303,1723.5
20304,1752.28
20305,1723.86
20306,2015.57
20307,1752.79
20308,1723.66
20309,513.0
20310,699.01
20311,305.85
20312,497.99
20313,599.15
20314,999.59
20315,1752.56
20316,1800.33
20317,999.77
20318,1475.81
20319,2210.31
20320,2288.87
20321,2780.56
20322,2834.21
20323,2318.13
20324,1784.94
20325,2046.79
20326,2469.33
20327,3000.25
20328,3030.68
20329,2966.5
20330,3351.75
20331,3735.81
20332,4027.15
20333,6480.27
20334,10000.0
20335,10000.0
20336,10000.0
20337,8499.52
20338,7000.03
20339,5250.22
20340,5402.29
20341,5200.55
20342,5499.96
20343,5115.79
20344,5040.98
20345,3999.55
20346,3999.63
20347,3561.52
20348,3799.04
20349,3374.51
20350,3309.99
20351,3766.53
20352,3610.42
20353,3351.87
20354,3410.68
20355,3773.85
20356,3799.71
20357,3735.72
20358,3772.47
20359,3706.58
20360,3400.31
20361,3317.46
20362,3309.83
20363,2888.01
20364,2888.3
20365,2300.8
20366,2406.55
20367,2925.12
20368,3012.39
20369,3000.07
20370,2951.99
20371,3309.13
20372,3410.43
20373,3550.4
20374,3773.61
20375,3845.71
20376,3799.76
20377,3901.37
20378,4546.51
20379,4546.14
20380,4499.67
20381,4003.2
20382,3773.16
20383,3398.15
20384,2699.95
20385,3187.8
20386,3090.53
20387,3030.84
20388,2853.86
20389,3528.46
20390,3623.91
20391,3528.83
20392,3423.0
20393,2849.83
20394,2849.04
20395,2576.14
20396,2699.01
20397,2500.85
20398,2511.49
20399,1475.83
20400,1439.08
20401,2876.29
20402,2890.61
20403,2318.53
20404,2281.15
20405,2019.07
20406,2188.88
20407,2499.8
20408,2576.05
20409,2381.77
20410,2600.05
20411,2381.95
20412,2593.4
20413,2991.07
20414,3090.34
20415,2991.17
20416,3008.9
20417,3101.38
20418,3351.57
20419,3305.09
20420,3118.28
20421,3104.4
20422,3118.9
20423,2908.4
20424,2699.8
20425,2032.0
20426,3351.33
20427,4063.41
20428,4845.87
20429,8005.47
20430,10000.0
20431,10000.0
20432,10000.0
20433,10000.0
20434,10000.0
20435,10000.0
20436,10000.0
20437,10000.0
20438,10000.0
20439,5999.63
20440,5999.54
20441,10000.0
20442,10000.0
20443,9190.0
20444,7999.43
20445,5200.07
20446,4742.36
20447,4803.72
20448,4042.48
20449,3309.29
20450,3309.19
20451,3295.13
20452,3309.13
20453,3940.04
20454,4000.25
20455,3845.83
20456,3804.41
20457,3773.44
20458,3710.69
20459,3309.29
20460,3309.26
20461,3000.82
20462,2931.98
20463,2846.95
20464,2999.79
20465,3309.55
20466,3309.62
20467,3772.8
20468,3710.71
20469,3351.77
20470,3410.06
20471,3804.29
20472,3804.56
20473,3799.2
20474,3804.25
20475,4003.71
20476,3799.97
20477,3410.27
20478,3351.4
20479,3257.66
20480,2910.02
20481,3202.33
20482,3203.92
20483,2849.31
20484,2699.68
20485,1519.25
20486,1519.57
20487,549.16
20488,549.51
20489,499.23
20490,499.47
20491,2288.73
20492,2381.59
20493,2288.18
20494,2299.94
20495,2381.48
20496,2299.27
20497,1499.05
20498,1000.51
20499,1000.57
20500,1000.66
20501,499.34
20502,499.62
20503,1399.59
20504,1752.13
20505,2019.31
20506,2171.15
20507,2019.59
20508,2318.01
20509,2400.33
20510,2640.97
20511,3030.14
20512,3143.29
20513,3001.75
20514,3007.66
20515,3030.6
20516,2870.83
20517,3007.87
20518,3005.84
20519,999.78
20520,1519.46
20521,869.5
20522,2000.15
20523,3656.44
20524,5000.1
20525,9799.33
20526,10000.0
20527,10000.0
20528,10000.0
20529,10000.0
20530,10000.0
20531,10000.0
20532,10000.0
20533,10000.0
20534,10000.0
20535,10000.0
20536,10000.0
20537,10000.0
20538,10000.0
20539,10000.0
20540,10000.0
20541,5500.77
20542,4803.67
20543,4742.54
20544,4160.87
20545,3800.2
20546,3799.61
20547,3735.8
20548,3735.65
20549,4295.4
20550,4260.88
20551,4750.22
20552,4546.84
20553,4346.64
20554,4499.14
20555,4260.6
20556,4067.51
20557,3627.22
20558,3600.02
20559,3410.64
20560,3450.03
20561,3300.54
20562,3610.31
20563,3623.17
20564,3735.25
20565,3735.68
20566,3889.08
20567,3889.73
20568,4063.53
20569,4346.82
20570,4499.21
20571,4295.05
20572,3837.78
20573,3499.07
20574,2834.21
20575,2400.33
20576,2171.84
20577,898.35
20578,999.89
20579,1220.85
20580,1870.79
20581,1900.45
20582,2171.18
20583,1922.12
20584,1657.29
20585,699.16
20586,599.77
20587,1657.05
20588,1657.44
20589,1502.3
20590,1502.95
20591,1723.26
20592,1723.23
20593,599.24
20594,499.97
20595,499.95
20596,499.82
20597,376.5
20598,399.17
20599,499.75
20600,999.24
20601,599.9
20602,999.92
20603,1502.67
20604,1752.63
20605,1657.53
20606,1657.76
20607,1752.89
20608,1922.69
20609,1790.89
20610,2326.65
20611,1657.17
20612,1220.88
20613,1119.7
20614,1842.17
20615,1566.01
20616,2410.98
20617,1935.52
20618,3030.58
20619,3328.85
20620,3500.71
20621,4505.29
20622,4546.82
20623,4250.88
20624,4012.32
20625,3670.13
20626,3610.01
20627,3850.17
20628,4000.91
20629,4000.95
20630,4000.19
20631,3735.68
20632,3628.99
20633,3783.72
20634,3783.24
20635,4045.2
20636,4009.66
20637,4160.8
20638,4160.52
20639,3993.84
20640,3623.91
20641,3845.37
20642,3735.43
20643,3381.17
20644,2890.3
20645,2999.93
20646,2806.0
20647,2210.11
20648,2350.6
20649,3210.64
20650,3550.67
20651,3351.47
20652,3410.67
20653,2480.33
20654,2400.76
20655,2699.04
20656,1525.9
20657,2849.45
20658,2849.28
20659,3151.14
20660,3150.26
20661,3200.81
20662,3200.25
20663,3151.87
20664,3219.38
20665,3735.21
20666,3879.95
20667,4045.71
20668,3772.18
20669,3219.77
20670,3160.36
20671,3030.11
20672,2780.39
20673,2800.66
20674,2834.81
20675,2400.53
20676,2171.73
20677,2171.74
20678,2212.93
20679,1880.36
20680,1499.09
20681,1499.3
20682,1935.17
20683,1497.35
20684,1494.19
20685,1922.75
20686,1999.55
20687,1999.51
20688,1999.09
20689,1752.8
20690,1664.36
20691,1664.82
20692,1773.29
20693,1499.99
20694,1508.42
20695,1664.19
20696,1664.94
20697,1900.16
20698,1935.71
20699,1799.93
20700,1917.42
20701,2100.81
20702,2318.26
20703,2500.45
20704,2690.89
20705,2299.33
20706,2472.64
20707,3030.78
20708,3219.09
20709,3374.65
20710,3351.44
20711,2931.84
20712,3030.97
20713,2388.79
20714,2388.69
20715,3773.79
20716,4546.94
20717,10000.0
20718,10000.0
20719,10000.0
20720,10000.0
20721,10000.0
20722,10000.0
20723,10000.0
20724,10000.0
20725,10000.0
20726,10000.0
20727,10000.0
20728,10000.0
20729,10000.0
20730,10000.0
20731,10000.0
20732,10000.0
20733,8499.55
20734,6000.27
20735,4521.17
20736,3845.52
20737,3628.49
20738,3845.79
20739,3810.27
20740,3526.3
20741,3099.25
20742,3099.85
20743,3000.52
20744,2867.63
20745,3300.49
20746,3294.91
20747,3711.29
20748,3772.05
20749,3700.93
20750,3515.87
20751,3351.61
20752,3300.21
20753,3294.56
20754,3432.16
20755,3427.09
20756,3515.43
20757,3000.15
20758,3099.93
20759,3257.81
20760,3300.2
20761,3656.0
20762,3968.35
20763,4295.93
20764,3800.01
20765,3870.14
20766,3540.56
20767,2890.72
20768,2400.83
20769,2750.99
20770,2512.35
20771,2190.03
20772,2190.57
20773,2171.39
20774,2381.6
20775,1922.87
20776,2171.05
20777,1999.34
20778,1999.86
20779,3012.07
20780,2991.04
20781,2319.68
20782,2319.79
20783,1999.91
20784,2102.63
20785,2318.36
20786,2318.55
20787,2190.72
20788,2190.57
20789,2015.7
20790,2158.21
20791,2250.64
20792,2336.92
20793,2448.0
20794,2991.5
20795,1999.96
20796,1999.74
20797,2319.43
20798,2849.65
20799,3140.59
20800,3143.34
20801,3187.72
20802,3257.69
20803,3200.35
20804,3271.14
20805,2991.09
20806,2864.83
20807,3316.14
20808,3499.18
20809,3510.96
20810,3426.77
20811,4999.46
20812,5805.84
20813,10000.0
20814,10000.0
20815,10000.0
20816,10000.0
20817,10000.0
20818,10000.0
20819,10000.0
20820,10000.0
20821,10000.0
20822,10000.0
20823,10000.0
20824,10000.0
20825,10000.0
20826,10000.0
20827,10000.0
20828,10000.0
20829,10000.0
20830,10000.0
20831,10000.0
20832,10000.0
20833,10000.0
20834,9999.08
20835,4199.47
20836,3799.75
20837,3735.58
20838,3772.9
20839,3756.74
20840,3773.38
20841,3773.38
20842,3993.75
20843,4045.31
20844,4035.51
20845,3799.22
20846,3735.14
20847,3774.56
20848,3773.58
20849,3845.49
20850,3916.0
20851,3889.73
20852,4006.19
20853,4080.12
20854,4067.75
20855,4063.03
20856,4295.94
20857,5035.66
20858,6005.38
20859,5505.08
20860,4900.9
20861,5005.85
20862,3772.53
20863,3076.62
20864,2720.7
20865,2849.46
20866,2900.83
20867,2849.1
20868,2604.32
20869,2171.48
20870,2572.1
20871,1922.86
20872,1922.95
20873,1856.92
20874,2180.73
20875,2890.26
20876,2869.36
20877,2780.68
20878,2604.83
20879,2264.6
20880,2099.93
20881,2288.19
20882,2453.28
20883,2453.03
20884,2419.0
20885,1856.37
20886,1856.49
20887,2318.84
20888,2453.43
20889,2453.73
20890,2780.36
20891,2453.71
20892,2453.31
20893,2500.85
20894,3000.22
20895,3187.99
20896,3187.75
20897,3423.45
20898,3623.84
20899,3499.03
20900,3499.19
20901,3305.38
20902,3187.46
20903,3101.04
20904,3050.08
20905,2019.49
20906,3572.0
20907,3799.72
20908,5100.02
20909,10000.0
20910,10000.0
20911,10000.0
20912,10000.0
20913,10000.0
20914,10000.0
20915,10000.0
20916,10000.0
20917,10000.0
20918,10000.0
20919,10000.0
20920,10000.0
20921,10000.0
20922,10000.0
20923,10000.0
20924,10000.0
20925,10000.0
20926,10000.0
20927,5800.85
20928,5450.57
20929,5275.83
20930,5035.22
20931,4035.26
20932,3991.01
20933,3799.96
20934,3799.65
20935,3799.34
20936,3799.26
20937,4045.64
20938,4205.76
20939,4092.64
20940,4006.53
20941,4074.0
20942,3845.26
20943,4092.57
20944,3993.91
20945,3772.15
20946,3650.37
20947,3990.63
20948,3921.51
20949,3740.58
20950,3773.63
20951,3993.36
20952,4365.18
20953,4250.92
20954,4609.44
20955,4820.76
20956,4499.32
20957,3592.0
20958,3499.54
20959,3380.55
20960,2780.58
20961,3019.85
20962,3143.11
20963,3143.42
20964,2991.12
20965,3030.88
20966,3200.2
20967,3237.86
20968,3040.29
20969,2336.43
20970,2003.0
20971,3056.0
20972,3030.41
20973,2869.09
20974,2846.91
20975,2488.26
20976,2102.11
20977,2604.99
20978,2780.88
20979,2326.95
20980,1999.88
20981,1856.25
20982,1935.78
20983,2604.19
20984,2849.78
20985,2991.54
20986,3019.91
20987,2171.0
20988,1999.94
20989,2500.66
20990,2480.86
20991,2966.32
20992,3000.96
20993,3030.64
20994,3305.2
20995,3419.95
20996,3499.27
20997,3623.01
20998,3700.34
20999,3500.9
21000,3101.32
21001,2499.68
21002,2929.25
21003,5000.58
21004,10000.0
21005,10000.0
21006,10000.0
21007,10000.0
21008,10000.0
21009,10000.0
21010,10000.0
21011,10000.0
21012,10000.0
21013,10000.0
21014,10000.0
21015,10000.0
21016,10000.0
21017,10000.0
21018,10000.0
21019,10000.0
21020,10000.0
21021,10000.0
21022,10000.0
21023,4618.52
21024,4228.8
21025,4499.01
21026,4135.38
21027,4135.93
21028,4140.08
21029,4082.7
21030,3920.8
21031,3613.03
21032,3526.58
21033,3549.42
21034,3410.89
21035,3270.9
21036,3199.29
21037,3051.91
21038,3040.51
21039,3051.06
21040,3012.24
21041,3307.21
21042,3307.97
21043,3750.68
21044,3735.62
21045,3920.4
21046,4092.58
21047,4026.14
21048,4260.87
21049,5614.18
21050,6005.91
21051,6505.35
21052,5827.25
21053,3999.71
21054,3735.54
21055,3512.52
21056,2931.79
21057,2499.63
21058,2453.72
21059,1999.8
21060,2499.83
21061,2312.02
21062,2499.25
21063,2710.89
21064,2720.89
21065,2810.95
21066,2849.68
21067,2849.57
21068,2780.24
21069,3000.69
21070,2900.43
21071,2145.68
21072,2238.39
21073,1999.93
21074,2360.48
21075,2250.7
21076,2455.0
21077,1999.53
21078,2145.12
21079,2604.3
21080,2780.96
21081,2507.48
21082,2760.69
21083,2087.0
21084,2145.07
21085,2185.69
21086,2213.0
21087,2780.81
21088,2966.36
21089,2576.97
21090,2780.5
21091,3000.98
21092,3200.54
21093,2846.65
21094,3093.04
21095,3400.88
21096,3200.87
21097,3650.85
21098,4000.56
21099,5305.96
21100,10000.0
21101,10000.0
21102,10000.0
21103,10000.0
21104,10000.0
21105,10000.0
21106,10000.0
21107,10000.0
21108,10000.0
21109,10000.0
21110,10000.0
21111,10000.0
21112,10000.0
21113,10000.0
21114,10000.0
21115,10000.0
21116,10000.0
21117,4899.84
21118,4899.23
21119,5500.0
21120,5275.09
21121,5275.83
21122,4906.83
21123,4650.47
21124,4500.76
21125,4135.01
21126,4010.41
21127,4500.16
21128,4228.61
21129,3849.43
21130,3849.64
21131,3738.55
21132,3700.05
21133,3410.75
21134,3431.94
21135,3613.99
21136,3610.78
21137,3738.63
21138,3773.73
21139,3902.83
21140,3902.39
21141,4092.47
21142,4092.4
21143,4974.7
21144,5499.13
21145,5827.22
21146,6830.98
21147,6500.29
21148,5500.95
21149,4558.5
21150,4249.1
21151,3504.78
21152,3093.88
21153,2145.04
21154,2145.08
21155,1664.55
21156,1664.88
21157,1664.75
21158,1952.07
21159,2085.21
21160,1999.03
21161,1644.43
21162,1644.69
21163,1530.84
21164,1530.98
21165,1380.57
21166,1380.7
21167,1220.74
21168,1380.04
21169,699.8
21170,699.86
21171,499.78
21172,499.5
21173,499.51
21174,499.56
21175,499.56
21176,499.62
21177,498.98
21178,499.7
21179,499.01
21180,498.92
21181,498.83
21182,499.18
21183,1867.18
21184,1867.63
21185,1753.87
21186,1630.88
21187,2085.97
21188,2100.22
21189,2492.29
21190,799.51
21191,1399.92
21192,299.11
21193,109.45
21194,920.0
21195,2000.96
21196,3200.64
21197,3613.46
21198,3773.71
21199,3100.76
21200,3099.14
21201,2780.62
21202,2795.0
21203,3252.25
21204,3375.06
21205,3309.76
21206,3273.47
21207,3180.0
21208,3099.2
21209,3375.87
21210,3596.76
21211,3499.11
21212,3375.21
21213,3804.65
21214,3773.83
21215,3370.2
21216,3250.91
21217,3093.81
21218,3198.29
21219,3560.92
21220,3738.1
21221,2799.46
21222,2480.48
21223,2930.3
21224,2849.71
21225,3290.65
21226,3273.62
21227,3273.76
21228,3118.4
21229,2885.2
21230,2930.57
21231,3012.37
21232,3012.51
21233,3012.72
21234,3012.2
21235,3052.85
21236,3093.17
21237,3093.68
21238,3175.23
21239,3273.81
21240,3375.04
21241,3270.31
21242,3360.77
21243,3288.21
21244,3032.83
21245,2844.5
21246,2604.1
21247,2300.22
21248,1946.5
21249,1481.0
21250,1848.14
21251,979.95
21252,999.34
21253,1499.42
21254,1220.82
21255,1000.13
21256,1040.0
21257,499.86
21258,599.17
21259,1048.15
21260,599.17
21261,499.89
21262,557.87
21263,499.72
21264,499.7
21265,499.69
21266,499.84
21267,499.56
21268,499.74
21269,499.54
21270,499.55
21271,499.55
21272,499.89
21273,999.44
21274,1349.21
21275,1253.91
21276,1349.29
21277,1736.07
21278,1500.36
21279,1508.58
21280,1835.15
21281,1848.08
21282,1999.43
21283,1999.78
21284,2470.84
21285,2780.06
21286,2519.79
21287,1499.85
21288,1510.44
21289,299.35
21290,299.74
21291,99.89
21292,1399.08
21293,3104.05
21294,3521.87
21295,3375.83
21296,3104.36
21297,2780.64
21298,2910.04
21299,3157.57
21300,3500.2
21301,3773.75
21302,3920.93
21303,3375.39
21304,3317.51
21305,3936.0
21306,4050.0
21307,4092.13
21308,4100.96
21309,3580.66
21310,3580.9
21311,2999.78
21312,2999.44
21313,2999.42
21314,2999.45
21315,2986.88
21316,2986.25
21317,3199.52
21318,3199.26
21319,3100.81
21320,2890.52
21321,2890.55
21322,2780.57
21323,2720.01
21324,2780.98
21325,2533.0
21326,2410.92
21327,2090.63
21328,2250.96
21329,1848.12
21330,2210.19
21331,2780.26
21332,2849.28
21333,2849.07
21334,2849.31
21335,3051.46
21336,3250.59
21337,3375.51
21338,3431.05
21339,3375.67
21340,3051.4
21341,2780.33
21342,2410.33
21343,2400.68
21344,999.77
21345,2650.28
21346,2846.81
21347,2849.66
21348,2849.44
21349,2576.25
21350,2780.71
21351,1952.62
21352,1999.5
21353,1499.4
21354,2340.63
21355,2400.92
21356,2360.81
21357,2737.55
21358,2519.28
21359,2355.95
21360,1999.9
21361,1999.49
21362,2145.25
21363,2354.07
21364,2220.87
21365,1753.66
21366,1753.77
21367,2120.92
21368,2355.22
21369,2354.53
21370,2455.61
21371,2455.13
21372,2388.97
21373,2780.67
21374,2870.17
21375,3050.4
21376,3040.15
21377,3051.69
21378,3050.44
21379,2799.43
21380,2870.06
21381,2453.19
21382,2549.57
21383,3000.85
21384,3040.13
21385,3093.34
21386,3773.16
21387,4092.72
21388,4906.06
21389,5500.03
21390,6500.8
21391,5200.04
21392,5000.72
21393,6505.31
21394,6505.77
21395,6005.51
21396,6005.13
21397,5799.71
21398,5505.36
21399,4500.95
21400,4500.21
21401,4499.8
21402,4610.24
21403,4810.85
21404,4499.05
21405,4000.08
21406,3990.78
21407,3850.19
21408,3756.3
21409,1776.76
21410,1940.61
21411,3375.2
21412,3500.54
21413,3375.16
21414,3328.58
21415,2999.43
21416,2890.81
21417,2890.61
21418,2890.31
21419,3175.63
21420,3250.31
21421,3250.52
21422,3050.55
21423,2699.79
21424,2699.44
21425,2700.29
21426,3051.42
21427,3210.12
21428,3270.62
21429,3175.9
21430,3040.55
21431,2699.8
21432,2750.29
21433,2890.99
21434,3000.96
21435,3051.59
21436,3010.61
21437,2699.94
21438,2370.5
21439,999.61
21440,499.9
21441,1250.48
21442,1946.63
21443,1946.39
21444,2085.83
21445,1848.47
21446,1630.25
21447,1799.31
21448,1848.38
21449,2085.49
21450,2131.56
21451,1848.04
21452,1848.59
21453,1499.51
21454,557.56
21455,1753.03
21456,2000.12
21457,1803.71
21458,1753.6
21459,740.0
21460,448.96
21461,99.74
21462,99.73
21463,1848.4
21464,1958.67
21465,2083.36
21466,2254.3
21467,2549.67
21468,2780.21
21469,2869.87
21470,2699.44
21471,2229.33
21472,2010.09
21473,1664.74
21474,2085.33
21475,2700.66
21476,2849.22
21477,2849.79
21478,3250.87
21479,2846.37
21480,2846.35
21481,2400.65
21482,2699.25
21483,4558.4
21484,6500.47
21485,10000.0
21486,10000.0
21487,10000.0
21488,10000.0
21489,10000.0
21490,10000.0
21491,10000.0
21492,10000.0
21493,10000.0
21494,10000.0
21495,10000.0
21496,10000.0
21497,10000.0
21498,10000.0
21499,6005.38
21500,5500.54
21501,4999.22
21502,4620.35
21503,4092.1
21504,3613.5
21505,3270.34
21506,3308.08
21507,3249.82
21508,3249.21
21509,3210.85
21510,3219.2
21511,2890.89
21512,3100.0
21513,2400.56
21514,2470.4
21515,2400.8
21516,2340.99
21517,2470.59
21518,2929.18
21519,2699.91
21520,2780.21
21521,2470.43
21522,3040.19
21523,2890.7
21524,3093.63
21525,3000.21
21526,3040.43
21527,3250.94
21528,3613.31
21529,3613.75
21530,3656.13
21531,3639.64
21532,3329.8
21533,3218.59
21534,3019.71
21535,2849.28
21536,2172.09
21537,2257.5
21538,2400.69
21539,2145.08
21540,1952.78
21541,2100.55
21542,2499.68
21543,2560.73
21544,2560.3
21545,2500.71
21546,2846.35
21547,2846.17
21548,2846.58
21549,2510.73
21550,2587.56
21551,2381.05
21552,2381.61
21553,2499.92
21554,2600.69
21555,2600.14
21556,2600.01
21557,2085.08
21558,2085.46
21559,2400.55
21560,2500.53
21561,2882.74
21562,3019.02
21563,2849.48
21564,3000.6
21565,3160.91
21566,3395.82
21567,3652.22
21568,3652.47
21569,3812.26
21570,3841.19
21571,3597.57
21572,3592.89
21573,3469.07
21574,3613.2
21575,4358.1
21576,4358.4
21577,3799.8
21578,3580.41
21579,3430.59
21580,3656.17
21581,10000.0
21582,10000.0
21583,10000.0
21584,10000.0
21585,10000.0
21586,10000.0
21587,10000.0
21588,10000.0
21589,10000.0
21590,10000.0
21591,4799.96
21592,4799.99
21593,5499.86
21594,7122.76
21595,6000.99
21596,5799.53
21597,5799.19
21598,5799.33
21599,4906.27
21600,3852.37
21601,3921.07
21602,4000.11
21603,3880.39
21604,3773.6
21605,3841.26
21606,3595.72
21607,3290.89
21608,3270.29
21609,3290.59
21610,3510.01
21611,3375.7
21612,3123.18
21613,3076.07
21614,3040.81
21615,3150.03
21616,3040.86
21617,2966.98
21618,3032.17
21619,3000.61
21620,3025.88
21621,3797.54
21622,3613.94
21623,3773.7
21624,3920.69
21625,3812.55
21626,3921.39
21627,3773.65
21628,3799.51
21629,3656.79
21630,3504.62
21631,3051.7
21632,2966.54
21633,3157.48
21634,3250.34
21635,3175.16
21636,3051.42
21637,3513.53
21638,3513.87
21639,3269.09
21640,3019.77
21641,2145.72
21642,2400.54
21643,2381.12
21644,2699.37
21645,2780.54
21646,2849.0
21647,2835.2
21648,2699.6
21649,1998.75
21650,1850.98
21651,1261.22
21652,1752.81
21653,2199.68
21654,2319.45
21655,2354.4
21656,2319.87
21657,2354.55
21658,2455.75
21659,2587.09
21660,2780.18
21661,2869.28
21662,2849.81
21663,2496.79
21664,2849.57
21665,2849.3
21666,3050.93
21667,2849.5
21668,3000.99
21669,2791.78
21670,2835.91
21671,3375.63
21672,3595.3
21673,3375.11
21674,3499.39
21675,3656.85
21676,4900.88
21677,6005.4
21678,10000.0
21679,10000.0
21680,10000.0
21681,10000.0
21682,10000.0
21683,6000.45
21684,5999.99
21685,5600.35
21686,5200.37
21687,4999.94
21688,4900.27
21689,5000.14
21690,5000.83
21691,4999.7
21692,5000.82
21693,4902.92
21694,4125.35
21695,4199.42
21696,4000.41
21697,3920.68
21698,3902.47
21699,3949.03
21700,3920.92
21701,3889.17
21702,3799.06
21703,3960.05
21704,3889.82
21705,3731.35
21706,3595.93
21707,3510.46
21708,3462.88
21709,3309.86
21710,3309.62
21711,3410.99
21712,3375.8
21713,3468.7
21714,3590.17
21715,3511.45
21716,3595.0
21717,3290.01
21718,3300.22
21719,3731.35
21720,3731.55
21721,3920.92
21722,4101.68
21723,4101.09
21724,4160.98
21725,3639.17
21726,3460.24
21727,3250.11
21728,2910.92
21729,1813.97
21730,1813.91
21731,999.64
21732,499.76
21733,1199.2
21734,1848.6
21735,1000.33
21736,681.4
21737,109.14
21738,99.9
21739,49.97
21740,49.77
21741,102.0
21742,369.0
21743,400.87
21744,400.55
21745,400.84
21746,400.48
21747,400.56
21748,400.71
21749,199.68
21750,400.06
21751,400.56
21752,499.2
21753,999.51
21754,1500.21
21755,1349.11
21756,1349.1
21757,1349.04
21758,1349.92
21759,1499.29
21760,1736.58
21761,1803.44
21762,2000.48
21763,2455.5
21764,2629.55
21765,2734.31
21766,2780.03
21767,2887.17
21768,2849.54
21769,2380.05
21770,2600.26
21771,2499.18
21772,2731.37
21773,3601.47
21774,4000.03
21775,4000.7
21776,3920.86
21777,3536.75
21778,3536.6
21779,3521.74
21780,3536.83
21781,3613.3
21782,3773.59
21783,3660.57
21784,3731.38
21785,3837.7
21786,3920.92
21787,4092.0
21788,3920.78
21789,3931.67
21790,3800.35
21791,3639.8
21792,3590.1
21793,3521.42
21794,3459.28
21795,3499.62
21796,3499.7
21797,3536.02
21798,3536.07
21799,3150.1
21800,3099.64
21801,2981.61
21802,3019.17
21803,3093.89
21804,3452.25
21805,3269.95
21806,3250.55
21807,3040.5
21808,3019.97
21809,3019.75
21810,3310.94
21811,3220.07
21812,3270.73
21813,3019.86
21814,3219.92
21815,3595.9
21816,3812.74
21817,3850.44
21818,3889.51
21819,3880.6
21820,3850.58
21821,3270.99
21822,3049.31
21823,2849.27
21824,2099.24
21825,2499.53
21826,2629.85
21827,2999.47
21828,2887.41
21829,2610.55
21830,2750.62
21831,2680.17
21832,2750.92
21833,2849.77
21834,2966.35
21835,2849.93
21836,2800.43
21837,2731.92
21838,2600.4
21839,2835.48
21840,2931.04
21841,2815.84
21842,2499.81
21843,2099.14
21844,1867.74
21845,1700.32
21846,1952.57
21847,1866.85
21848,2080.0
21849,2260.13
21850,2499.54
21851,2499.66
21852,2780.43
21853,2849.08
21854,2839.61
21855,2731.14
21856,2731.52
21857,3250.23
21858,3291.73
21859,2868.85
21860,2879.28
21861,3375.77
21862,3349.99
21863,3250.07
21864,3220.22
21865,2999.32
21866,2750.19
21867,3611.2
21868,3931.68
21869,7000.96
21870,10000.0
21871,9999.84
21872,9999.94
21873,10000.0
21874,10000.0
21875,7499.42
21876,7499.97
21877,6499.11
21878,6499.85
21879,5100.5
21880,5000.78
21881,4610.23
21882,4950.87
21883,5299.43
21884,5000.39
21885,4110.83
21886,4084.36
21887,3976.79
21888,3532.08
21889,3804.93
21890,3772.66
21891,3536.03
21892,3595.42
21893,3613.39
21894,3469.86
21895,3804.87
21896,3740.16
21897,3800.77
21898,3752.6
21899,3686.35
21900,3686.36
21901,3595.77
21902,3595.24
21903,3469.2
21904,3500.27
21905,3110.89
21906,3219.84
21907,3110.23
21908,3250.17
21909,3051.99
21910,3349.3
21911,3595.97
21912,3804.45
21913,3595.1
21914,3524.57
21915,3445.47
21916,3051.6
21917,3300.94
21918,3051.09
21919,3019.21
21920,2849.57
21921,2499.57
21922,2470.05
21923,1799.81
21924,349.88
21925,1794.97
21926,2085.72
21927,907.8
21928,1027.21
21929,999.12
21930,1410.72
21931,1753.84
21932,1748.75
21933,1748.45
21934,1748.75
21935,1736.72
21936,1748.23
21937,1696.0
21938,1636.42
21939,699.59
21940,500.0
21941,199.44
21942,389.64
21943,1292.49
21944,1696.35
21945,1600.68
21946,1748.79
21947,2085.29
21948,2260.06
21949,2324.95
21950,2381.89
21951,2280.78
21952,2402.0
21953,1999.97
21954,2381.49
21955,2145.42
21956,2499.76
21957,2455.91
21958,2360.93
21959,2499.9
21960,2381.45
21961,2999.34
21962,2999.38
21963,3260.58
21964,3250.2
21965,3976.57
21966,4290.13
21967,3999.94
21968,3999.49
21969,3999.81
21970,4288.14
21971,4761.79
21972,4869.82
21973,4260.89
21974,3976.82
21975,4000.75
21976,4210.04
21977,4228.12
21978,4228.53
21979,4500.78
21980,4499.63
21981,4288.35
21982,3976.04
21983,3889.39
21984,3656.89
21985,2686.29
21986,2750.97
21987,3019.91
21988,3100.18
21989,3200.38
21990,3032.84
21991,3259.86
21992,3270.32
21993,3019.57
21994,2839.54
21995,2499.74
21996,2499.43
21997,2238.0
21998,2455.67
21999,2839.19
22000,2839.59
22001,3012.18
22002,3100.3
22003,3150.63
22004,3102.18
22005,3019.19
22006,3019.91
22007,3175.33
22008,3157.41
22009,3375.98
22010,3613.83
22011,3617.08
22012,3259.99
22013,3375.3
22014,2890.17
22015,3032.58
22016,2720.85
22017,2145.75
22018,2176.0
22019,2400.38
22020,2589.29
22021,2499.62
22022,2710.93
22023,2589.11
22024,2549.39
22025,2099.74
22026,2145.99
22027,2382.0
22028,2360.07
22029,1753.65
22030,1718.94
22031,1467.76
22032,1753.43
22033,1753.88
22034,1748.51
22035,1564.99
22036,1147.46
22037,419.41
22038,419.5
22039,319.79
22040,497.05
22041,1333.63
22042,1952.42
22043,1848.45
22044,1848.51
22045,1327.92
22046,1257.93
22047,1736.45
22048,1736.01
22049,1667.32
22050,1736.64
22051,1809.43
22052,2381.22
22053,1596.03
22054,1499.36
22055,2849.44
22056,3019.39
22057,3059.18
22058,3000.99
22059,2929.45
22060,2729.58
22061,4974.59
22062,6520.79
22063,5510.66
22064,5510.91
22065,5689.3
22066,5600.72
22067,4974.84
22068,4999.13
22069,4950.49
22070,4974.77
22071,4485.95
22072,4101.82
22073,4199.26
22074,4520.35
22075,4500.23
22076,4200.26
22077,3752.34
22078,3230.42
22079,4040.1
22080,3752.61
22081,3122.15
22082,3000.36
22083,3160.44
22084,3160.02
22085,2060.97
22086,1499.4
22087,979.97
22088,979.97
22089,2800.46
22090,3019.59
22091,2240.11
22092,2100.93
22093,2210.89
22094,1848.88
22095,2160.67
22096,1848.76
22097,2920.12
22098,3000.95
22099,2849.46
22100,2210.25
22101,1848.47
22102,2400.02
22103,3051.96
22104,3320.97
22105,3613.99
22106,3812.63
22107,3738.19
22108,3613.79
22109,3400.32
22110,3093.03
22111,2890.22
22112,2440.72
22113,2400.96
22114,2750.35
22115,2499.12
22116,999.67
22117,249.42
22118,400.18
22119,400.78
22120,1147.88
22121,1848.83
22122,2000.62
22123,1499.11
22124,999.37
22125,999.32
22126,899.82
22127,1000.29
22128,1000.13
22129,1250.42
22130,1250.47
22131,999.73
22132,907.75
22133,99.84
22134,99.85
22135,400.31
22136,400.84
22137,902.18
22138,729.0
22139,400.33
22140,399.28
22141,433.14
22142,698.18
22143,1499.85
22144,1848.7
22145,1753.98
22146,1867.91
22147,2499.52
22148,3033.0
22149,3019.33
22150,3175.11
22151,2400.81
22152,2849.42
22153,2590.89
22154,3259.16
22155,3528.19
22156,3613.8
22157,8351.11
22158,10000.0
22159,10000.0
22160,10000.0
22161,10000.0
22162,10000.0
22163,10000.0
22164,10000.0
22165,10000.0
22166,10000.0
22167,10000.0
22168,9999.3
22169,5799.18
22170,5799.81
22171,5827.48
22172,5827.34
22173,3613.02
22174,3396.41
22175,3511.12
22176,3160.2
22177,3521.97
22178,3328.89
22179,3595.24
22180,3521.38
22181,3521.18
22182,3300.42
22183,3290.46
22184,3290.22
22185,3019.9
22186,3019.92
22187,2929.22
22188,2899.29
22189,2499.74
22190,2354.19
22191,2499.75
22192,2455.89
22193,2716.0
22194,2900.78
22195,3051.94
22196,3100.17
22197,2750.53
22198,3051.26
22199,3375.51
22200,3521.73
22201,3656.79
22202,3853.36
22203,3750.3
22204,3656.34
22205,3650.46
22206,3051.79
22207,2925.93
22208,2810.61
22209,2250.15
22210,2600.11
22211,2700.14
22212,2700.89
22213,2100.14
22214,2100.52
22215,1725.79
22216,1793.14
22217,2099.29
22218,2300.61
22219,2085.14
22220,1748.63
22221,858.95
22222,932.13
22223,867.95
22224,1147.12
22225,665.06
22226,599.04
22227,399.93
22228,249.66
22229,99.64
22230,99.64
22231,731.07
22232,999.74
22233,847.38
22234,999.13
22235,1047.78
22236,1147.41
22237,1610.49
22238,1753.81
22239,2000.18
22240,2260.13
22241,2500.22
22242,2676.91
22243,2575.0
22244,2819.79
22245,2499.2
22246,2400.24
22247,3375.29
22248,3502.57
22249,3376.91
22250,3773.42
22251,4259.12
22252,7245.34
22253,10000.0
22254,10000.0
22255,10000.0
22256,10000.0
22257,10000.0
22258,10000.0
22259,10000.0
22260,10000.0
22261,10000.0
22262,10000.0
22263,10000.0
22264,10000.0
22265,10000.0
22266,10000.0
22267,10000.0
22268,10000.0
22269,10000.0
22270,9100.72
22271,5733.0
22272,4499.72
22273,3309.43
22274,3410.47
22275,3550.5
22276,3710.95
22277,3775.76
22278,3731.13
22279,3880.56
22280,3799.98
22281,3799.01
22282,3731.77
22283,3710.72
22284,3613.59
22285,3250.45
22286,3110.05
22287,3310.74
22288,3391.16
22289,3437.57
22290,3536.03
22291,3700.48
22292,3799.57
22293,3595.51
22294,3773.5
22295,4156.81
22296,3920.31
22297,4700.78
22298,5827.16
22299,5101.65
22300,4401.1
22301,3999.4
22302,3504.95
22303,2699.2
22304,1499.53
22305,1499.69
22306,2000.19
22307,2400.86
22308,2599.67
22309,2500.28
22310,2500.98
22311,2400.85
22312,2400.66
22313,2400.31
22314,2355.65
22315,2099.56
22316,1999.29
22317,1830.33
22318,1829.04
22319,1753.34
22320,1753.58
22321,2085.71
22322,2085.98
22323,1753.84
22324,1510.32
22325,999.84
22326,1499.08
22327,1848.66
22328,2085.62
22329,2400.69
22330,2455.95
22331,2990.46
22332,3019.44
22333,3100.71
22334,3093.03
22335,2890.59
22336,2849.2
22337,3250.79
22338,3513.85
22339,3320.07
22340,3375.47
22341,3320.11
22342,3375.06
22343,3600.62
22344,3375.66
22345,3375.38
22346,3931.43
22347,10000.0
22348,10000.0
22349,10000.0
22350,10000.0
22351,10000.0
22352,10000.0
22353,10000.0
22354,10000.0
22355,10000.0
22356,10000.0
22357,10000.0
22358,10000.0
22359,10000.0
22360,10000.0
22361,10000.0
22362,10000.0
22363,10000.0
22364,10000.0
22365,10000.0
22366,10000.0
22367,10000.0
22368,10000.0
22369,5075.58
22370,3900.07
22371,3613.59
22372,3521.49
22373,3740.85
22374,3731.13
22375,3613.99
22376,3521.56
22377,3613.1
22378,3536.8
22379,3536.93
22380,3613.01
22381,3060.07
22382,3160.27
22383,3112.61
22384,3110.95
22385,3250.3
22386,3310.02
22387,3375.63
22388,3410.13
22389,3200.13
22390,3259.72
22391,3613.37
22392,3731.79
22393,4558.63
22394,4700.14
22395,4974.38
22396,4645.39
22397,4085.64
22398,3613.22
22399,3376.51
22400,2810.57
22401,2699.54
22402,2850.31
22403,3291.75
22404,3187.37
22405,2729.39
22406,2500.19
22407,2849.73
22408,2849.2
22409,2849.08
22410,2470.29
22411,2099.3
22412,2200.44
22413,2360.04
22414,2360.36
22415,2260.95
22416,2260.64
22417,1952.25
22418,1930.47
22419,1867.81
22420,1946.08
22421,1696.05
22422,1696.85
22423,1753.5
22424,1800.35
22425,2145.8
22426,2354.61
22427,2280.16
22428,2360.08
22429,2835.5
22430,2890.28
22431,2849.09
22432,2887.24
22433,3291.46
22434,3404.5
22435,3175.76
22436,3175.1
22437,2324.48
22438,2324.68
22439,2360.37
22440,1803.31
22441,999.97
22442,1586.83
22443,5000.37
22444,10000.0
22445,10000.0
22446,10000.0
22447,10000.0
22448,10000.0
22449,10000.0
22450,10000.0
22451,10000.0
22452,10000.0
22453,10000.0
22454,10000.0
22455,4600.66
22456,4500.27
22457,3536.08
22458,3521.96
22459,3536.77
22460,3600.54
22461,3521.59
22462,3375.97
22463,2308.75
22464,2272.5
22465,899.45
22466,899.88
22467,2900.33
22468,2932.11
22469,2849.25
22470,2699.85
22471,2890.88
22472,2890.45
22473,2699.81
22474,2730.67
22475,2890.97
22476,2900.55
22477,1250.33
22478,1499.03
22479,2455.28
22480,2455.81
22481,2849.52
22482,2890.39
22483,3102.72
22484,3093.77
22485,2085.41
22486,2400.2
22487,2849.97
22488,3157.09
22489,3175.72
22490,3250.98
22491,3175.39
22492,3175.47
22493,3175.46
22494,3093.74
22495,2890.48
22496,2400.3
22497,1848.96
22498,2354.05
22499,2699.74
22500,2455.96
22501,2849.03
22502,2839.8
22503,2890.41
22504,2699.95
22505,2699.38
22506,2599.76
22507,2355.61
22508,2000.88
22509,2000.43
22510,2085.14
22511,1955.33
22512,1957.26
22513,1000.36
22514,898.87
22515,1155.55
22516,1292.53
22517,499.96
22518,999.12
22519,1753.1
22520,1810.66
22521,1753.87
22522,1801.78
22523,1147.52
22524,1753.1
22525,1753.89
22526,2010.71
22527,2354.9
22528,2355.86
22529,1866.72
22530,1952.05
22531,1292.19
22532,1696.64
22533,499.7
22534,499.75
22535,948.0
22536,499.9
22537,109.81
22538,499.39
22539,1753.8
22540,2500.09
22541,3613.23
22542,4300.76
22543,3773.66
22544,3359.7
22545,3499.39
22546,3536.36
22547,4000.06
22548,3812.62
22549,3613.02
22550,3613.9
22551,2470.75
22552,2470.38
22553,2999.5
22554,3250.59
22555,3375.25
22556,3299.35
22557,2470.26
22558,2381.17
22559,2400.23
22560,2354.62
22561,2500.68
22562,2699.49
22563,2590.18
22564,2533.51
22565,2890.36
22566,2890.43
22567,2890.9
22568,2835.6
22569,2623.07
22570,2400.34
22571,2370.19
22572,2406.69
22573,2500.78
22574,2699.57
22575,2699.29
22576,2699.4
22577,2849.56
22578,2890.04
22579,2752.78
22580,2849.45
22581,2849.96
22582,2857.19
22583,3032.06
22584,3093.7
22585,3093.72
22586,3093.4
22587,3093.31
22588,2890.15
22589,2699.8
22590,2145.92
22591,2510.89
22592,2360.68
22593,2450.11
22594,2500.15
22595,2400.8
22596,2400.42
22597,2589.02
22598,2589.52
22599,2589.04
22600,2360.63
22601,1999.2
22602,1572.7
22603,400.27
22604,399.77
22605,499.05
22606,499.1
22607,499.2
22608,499.15
22609,400.83
22610,400.42
22611,499.03
22612,349.58
22613,99.85
22614,99.73
22615,99.63
22616,349.72
22617,499.07
22618,499.22
22619,499.2
22620,499.54
22621,499.32
22622,499.48
22623,499.88
22624,1000.44
22625,400.02
22626,434.96
22627,499.13
22628,731.73
22629,499.12
22630,499.61
22631,499.45
22632,499.34
22633,1100.68
22634,1455.69
22635,1431.5
22636,989.3
22637,2216.3
22638,2599.0
22639,2216.41
22640,1500.82
22641,907.17
22642,99.94
22643,1848.77
22644,1999.85
22645,2536.31
22646,2740.41
22647,2470.21
22648,1999.57
22649,899.05
22650,599.2
22651,2000.11
22652,2354.21
22653,1499.04
22654,99.52
22655,499.71
22656,109.53
22657,907.05
22658,708.0
22659,999.84
22660,999.46
22661,2354.85
22662,2455.93
22663,1753.83
22664,1117.5
22665,907.27
22666,816.0
22667,109.98
22668,599.96
22669,599.22
22670,999.31
22671,1736.33
22672,1736.67
22673,1292.21
22674,1530.0
22675,1736.54
22676,1753.85
22677,1946.57
22678,2010.14
22679,2059.05
22680,2145.93
22681,2512.99
22682,2699.41
22683,2972.68
22684,2599.59
22685,499.01
22686,99.77
22687,99.71
22688,10.0
22689,599.61
22690,1455.16
22691,1455.27
22692,611.59
22693,99.76
22694,599.11
22695,999.92
22696,1120.64
22697,599.4
22698,99.93
22699,99.82
22700,99.77
22701,249.46
22702,1050.51
22703,199.88
22704,101.81
22705,49.86
22706,49.79
22707,49.83
22708,49.77
22709,49.2
22710,49.21
22711,49.5
22712,49.81
22713,49.85
22714,49.09
22715,49.04
22716,49.31
22717,99.27
22718,99.5
22719,99.01
22720,49.92
22721,599.15
22722,1147.3
22723,610.0
22724,1455.22
22725,1147.76
22726,1147.62
22727,1867.49
22728,1952.44
22729,1455.91
22730,2145.68
22731,4558.74
22732,5300.8
22733,10000.0
22734,10000.0
22735,10000.0
22736,10000.0
22737,10000.0
22738,10000.0
22739,10000.0
22740,10000.0
22741,10000.0
22742,10000.0
22743,4750.42
22744,4637.78
22745,4040.74
22746,3999.36
22747,3799.91
22748,3565.6
22749,3155.65
22750,3350.2
22751,3510.12
22752,3375.16
22753,3309.77
22754,3320.22
22755,3500.49
22756,3499.04
22757,3536.82
22758,3375.61
22759,2910.63
22760,2900.24
22761,2899.29
22762,2910.69
22763,2730.03
22764,2720.07
22765,2699.12
22766,2700.31
22767,2600.73
22768,2600.21
22769,2599.49
22770,2510.68
22771,3000.99
22772,3000.92
22773,2800.41
22774,3000.18
22775,2849.05
22776,3050.17
22777,3613.45
22778,3773.23
22779,3773.93
22780,3600.63
22781,3613.11
22782,3000.53
22783,2200.55
22784,425.6
22785,99.97
22786,109.22
22787,628.15
22788,99.93
22789,2500.95
22790,2599.72
22791,2569.84
22792,2145.54
22793,1700.89
22794,1848.95
22795,2000.64
22796,2000.25
22797,1450.68
22798,1000.5
22799,499.57
22800,499.61
22801,999.41
22802,999.7
22803,1349.58
22804,1349.29
22805,499.73
22806,499.95
22807,1349.37
22808,1349.98
22809,1946.54
22810,2100.0
22811,1803.03
22812,1349.83
22813,1365.92
22814,1952.12
22815,2120.6
22816,2200.07
22817,2492.04
22818,2250.3
22819,1499.81
22820,2200.68
22821,3093.65
22822,3250.99
22823,3500.17
22824,3656.09
22825,3374.02
22826,3773.7
22827,4529.49
22828,10000.0
22829,10000.0
22830,10000.0
22831,10000.0
22832,10000.0
22833,10000.0
22834,10000.0
22835,10000.0
22836,9999.79
22837,4490.42
22838,4260.79
22839,3764.82
22840,3764.42
22841,3976.89
22842,4070.0
22843,4510.91
22844,4850.49
22845,3960.94
22846,3799.43
22847,4260.93
22848,3889.76
22849,2999.29
22850,3100.84
22851,3595.62
22852,3656.33
22853,3521.99
22854,3499.19
22855,3000.01
22856,2799.52
22857,3309.53
22858,3309.14
22859,3499.78
22860,3499.73
22861,3157.4
22862,3110.57
22863,3250.32
22864,3222.42
22865,3175.71
22866,3216.25
22867,3499.07
22868,3536.16
22869,3239.06
22870,3580.4
22871,3536.08
22872,3536.6
22873,3931.44
22874,4558.15
22875,4637.47
22876,4100.35
22877,3738.48
22878,3300.58
22879,2145.84
22880,1999.39
22881,2699.72
22882,2839.09
22883,1937.89
22884,399.5
22885,2000.59
22886,2230.21
22887,2300.81
22888,2455.03
22889,1992.33
22890,1946.87
22891,2381.77
22892,2381.21
22893,2000.66
22894,1946.43
22895,1051.47
22896,999.5
22897,499.45
22898,524.23
22899,400.39
22900,400.68
22901,96.02
22902,99.17
22903,499.28
22904,499.9
22905,1349.06
22906,1349.68
22907,1047.18
22908,1159.56
22909,1867.37
22910,1952.62
22911,2179.64
22912,2085.54
22913,1946.61
22914,2400.18
22915,2799.71
22916,2910.05
22917,2880.0
22918,3000.79
22919,3051.15
22920,3309.12
22921,2849.15
22922,3852.8
22923,4200.81
22924,5300.49
22925,10000.0
22926,10000.0
22927,10000.0
22928,10000.0
22929,10000.0
22930,10000.0
22931,10000.0
22932,10000.0
22933,10000.0
22934,10000.0
22935,5510.91
22936,5346.79
22937,5000.06
22938,5000.99
22939,4200.5
22940,3920.29
22941,3595.04
22942,3656.26
22943,3656.9
22944,3469.75
22945,3259.01
22946,3102.59
22947,2389.82
22948,2389.99
22949,2599.18
22950,2900.56
22951,3000.84
22952,3110.55
22953,3051.48
22954,3000.92
22955,3000.94
22956,3000.41
22957,2468.0
22958,2599.23
22959,2599.4
22960,2599.37
22961,2699.48
22962,3000.23
22963,3139.79
22964,3258.0
22965,2599.67
22966,2599.48
22967,2249.95
22968,2499.49
22969,2599.44
22970,2750.6
22971,3504.56
22972,3595.32
22973,1220.19
22974,999.61
22975,799.76
22976,599.62
22977,99.55
22978,99.61
22979,499.75
22980,499.98
22981,1350.0
22982,499.89
22983,1946.67
22984,1800.9
22985,548.05
22986,595.28
22987,1147.55
22988,1748.41
22989,599.32
22990,499.91
22991,421.44
22992,435.34
22993,299.53
22994,457.72
22995,599.66
22996,499.14
22997,49.98
22998,99.16
22999,999.29
23000,1147.93
23001,1748.49
23002,1748.76
23003,1349.14
23004,1500.64
23005,1349.9
23006,1147.12
23007,1930.3
23008,2299.06
23009,1147.69
23010,1435.28
23011,1500.46
23012,1930.91
23013,2700.45
23014,3019.08
23015,3375.93
23016,3000.7
23017,3250.34
23018,3580.76
23019,6500.31
23020,10000.0
23021,10000.0
23022,10000.0
23023,10000.0
23024,10000.0
23025,10000.0
23026,10000.0
23027,10000.0
23028,10000.0
23029,10000.0
23030,10000.0
23031,10000.0
23032,9999.8
23033,4519.38
23034,4310.62
23035,3976.12
23036,3595.24
23037,2599.35
23038,2549.5
23039,2542.89
23040,1525.12
23041,3804.69
23042,3804.2
23043,3420.13
23044,3175.4
23045,2000.67
23046,2470.52
23047,3051.96
23048,3051.6
23049,2910.64
23050,2756.68
23051,1285.03
23052,1000.97
23053,919.5
23054,1160.89
23055,1000.35
23056,1548.23
23057,2145.18
23058,2499.43
23059,2699.96
23060,2730.04
23061,2852.8
23062,3051.73
23063,3051.87
23064,3051.57
23065,2799.96
23066,3093.34
23067,3309.82
23068,3300.53
23069,3175.88
23070,3093.27
23071,2499.91
23072,1946.3
23073,1150.94
23074,1800.2
23075,2085.8
23076,2085.7
23077,1867.33
23078,1999.89
23079,748.97
23080,748.65
23081,911.81
23082,1147.11
23083,1300.12
23084,1292.56
23085,1748.65
23086,1753.23
23087,1946.85
23088,1952.1
23089,1803.3
23090,1753.53
23091,999.84
23092,599.99
23093,49.7
23094,49.97
23095,400.85
23096,1047.4
23097,499.74
23098,1147.48
23099,996.96
23100,500.99
23101,1753.69
23102,1946.22
23103,2400.44
23104,2568.52
23105,2599.38
23106,2599.39
23107,2605.35
23108,2820.98
23109,3093.25
23110,3139.24
23111,3656.31
23112,3613.94
23113,3506.75
23114,3504.89
23115,4870.4
23116,6385.42
23117,10000.0
23118,10000.0
23119,10000.0
23120,10000.0
23121,10000.0
23122,10000.0
23123,10000.0
23124,10000.0
23125,7999.46
23126,6100.99
23127,4999.11
23128,4300.46
23129,3655.85
23130,3655.67
23131,3799.94
23132,3656.62
23133,3209.04
23134,3210.13
23135,2470.46
23136,1320.67
23137,2645.98
23138,3100.91
23139,3375.17
23140,3309.09
23141,3354.57
23142,3309.07
23143,2210.12
23144,1946.05
23145,3175.09
23146,3032.84
23147,2699.12
23148,2699.12
23149,2699.86
23150,2699.05
23151,1499.43
23152,1499.85
23153,2799.27
23154,3020.49
23155,3250.56
23156,3291.96
23157,3290.03
23158,3328.12
23159,3773.38
23160,3774.84
23161,3596.91
23162,3596.74
23163,3515.12
23164,3309.44
23165,3076.0
23166,2920.24
23167,2799.84
23168,2589.72
23169,2470.57
23170,2145.7
23171,2413.9
23172,2599.01
23173,2560.67
23174,2587.67
23175,2599.4
23176,2599.14
23177,2699.84
23178,2699.97
23179,2599.91
23180,2599.02
23181,2522.2
23182,2455.71
23183,2455.09
23184,2400.85
23185,2000.33
23186,1930.2
23187,1829.02
23188,1848.86
23189,400.96
23190,500.97
23191,1753.38
23192,2000.81
23193,2139.31
23194,2198.63
23195,2145.96
23196,2354.83
23197,2360.98
23198,2500.45
23199,2455.24
23200,2599.15
23201,2360.58
23202,2510.33
23203,2849.36
23204,3051.67
23205,3175.13
23206,3375.59
23207,3220.71
23208,3250.68
23209,3000.57
23210,3375.12
23211,3270.6
23212,4101.95
23213,10000.0
23214,10000.0
23215,10000.0
23216,10000.0
23217,10000.0
23218,10000.0
23219,10000.0
23220,10000.0
23221,5040.59
23222,5499.02
23223,4260.61
23224,4250.38
23225,3774.16
23226,3800.06
23227,3447.21
23228,3309.82
23229,3373.6
23230,3034.4
23231,2922.96
23232,2770.87
23233,3260.61
23234,3309.04
23235,3309.86
23236,3290.54
23237,2500.12
23238,2500.68
23239,1640.12
23240,2070.05
23241,2608.54
23242,2470.17
23243,2470.13
23244,2414.69
23245,2910.77
23246,3000.11
23247,1952.7
23248,1800.86
23249,899.89
23250,899.64
23251,1250.27
23252,1800.5
23253,1952.51
23254,2000.42
23255,2000.35
23256,2020.34
23257,2000.61
23258,2580.56
23259,2580.08
23260,1952.35
23261,489.87
23262,489.51
23263,699.74
23264,99.81
23265,499.05
23266,499.31
23267,1047.11
23268,1047.57
23269,2379.75
23270,2263.12
23271,2230.03
23272,1946.68
23273,1748.32
23274,599.48
23275,99.91
23276,224.0
23277,249.17
23278,498.62
23279,1311.29
23280,1500.05
23281,1292.57
23282,1147.82
23283,695.5
23284,499.53
23285,99.87
23286,199.23
23287,49.81
23288,99.39
23289,499.21
23290,499.87
23291,499.52
23292,499.48
23293,499.46
23294,700.86
23295,599.68
23296,1137.14
23297,1147.83
23298,1349.02
23299,1349.38
23300,1349.91
23301,599.95
23302,1810.0
23303,1952.32
23304,1952.39
23305,1455.29
23306,1952.14
23307,2145.03
23308,2204.04
23309,2145.15
23310,3419.16
23311,3419.67
23312,2658.29
23313,2699.7
23314,3091.56
23315,299.95
23316,299.7
23317,2085.58
23318,2820.24
23319,3061.52
23320,3010.69
23321,2929.88
23322,2820.87
23323,3000.05
23324,2929.67
23325,2799.99
23326,2499.69
23327,1999.64
23328,1499.13
23329,799.45
23330,799.95
23331,1665.0
23332,1800.44
23333,1946.33
23334,1320.14
23335,1548.64
23336,599.82
23337,599.48
23338,999.03
23339,1736.24
23340,1800.03
23341,999.67
23342,999.96
23343,499.51
23344,499.54
23345,1952.67
23346,2000.45
23347,499.79
23348,499.72
23349,715.94
23350,799.51
23351,1147.38
23352,1630.51
23353,2100.42
23354,2499.78
23355,2700.33
23356,2599.67
23357,2354.09
23358,999.09
23359,1285.36
23360,99.97
23361,349.68
23362,499.89
23363,499.59
23364,499.7
23365,1383.84
23366,1763.14
23367,1292.49
23368,815.22
23369,499.6
23370,499.45
23371,499.63
23372,499.4
23373,294.72
23374,499.04
23375,99.75
23376,199.69
23377,99.69
23378,99.61
23379,99.11
23380,89.13
23381,24.95
23382,29.16
23383,24.51
23384,29.54
23385,24.65
23386,49.28
23387,49.4
23388,49.38
23389,24.73
23390,24.69
23391,47.53
23392,49.55
23393,99.23
23394,760.9
23395,1499.48
23396,1500.6
23397,1212.11
23398,1337.11
23399,1337.16
23400,1736.41
23401,2200.25
23402,2880.26
23403,3093.17
23404,3731.42
23405,4358.91
23406,4280.36
23407,4288.63
23408,4000.41
23409,2656.83
23410,1930.15
23411,566.43
23412,1500.93
23413,3050.26
23414,3515.27
23415,3327.39
23416,3327.74
23417,3620.55
23418,3630.88
23419,3273.97
23420,3093.97
23421,2999.07
23422,2999.75
23423,2200.72
23424,2000.21
23425,499.9
23426,2100.33
23427,2145.65
23428,2293.0
23429,99.09
23430,83.75
23431,1251.83
23432,1409.01
23433,99.81
23434,990.91
23435,99.34
23436,99.77
23437,1500.38
23438,1500.31
23439,1359.74
23440,1320.83
23441,1499.15
23442,1499.16
23443,1499.26
23444,1548.34
23445,1320.09
23446,1753.88
23447,999.54
23448,1661.91
23449,2215.32
23450,2600.85
23451,2208.78
23452,2460.08
23453,1661.95
23454,999.61
23455,999.49
23456,499.59
23457,499.3
23458,499.28
23459,99.54
23460,99.53
23461,99.52
23462,99.77
23463,49.93
23464,49.85
23465,49.58
23466,49.64
23467,99.02
23468,49.95
23469,49.71
23470,49.74
23471,49.43
23472,49.23
23473,24.03
23474,23.85
23475,24.37
23476,23.01
23477,9.47
23478,9.26
23479,0.91
23480,0.99
23481,23.55
23482,49.31
23483,49.12
23484,49.85
23485,499.76
23486,800.72
23487,1736.65
23488,1753.19
23489,1952.02
23490,1820.43
23491,1946.19
23492,2085.33
23493,2360.38
23494,2587.02
23495,2870.19
23496,2500.79
23497,3093.38
23498,3404.88
23499,3600.93
23500,4080.15
23501,5540.43
23502,6005.12
23503,5450.1
23504,4558.29
23505,4080.55
23506,3985.5
23507,3510.28
23508,3375.96
23509,3216.88
23510,3345.06
23511,2630.61
23512,2580.3
23513,2784.64
23514,3074.07
23515,2764.0
23516,2519.32
23517,2519.45
23518,2574.14
23519,2299.57
23520,1999.21
23521,3220.99
23522,3375.64
23523,3309.61
23524,3220.5
23525,2925.85
23526,2845.77
23527,2470.09
23528,2380.98
23529,2145.38
23530,2210.66
23531,2380.62
23532,2470.77
23533,2455.16
23534,2455.28
23535,2381.38
23536,2354.46
23537,2221.78
23538,2354.79
23539,2381.89
23540,2455.45
23541,2719.56
23542,2810.08
23543,2208.95
23544,2208.53
23545,3175.61
23546,3500.37
23547,3209.19
23548,3093.93
23549,2471.0
23550,2215.6
23551,1946.06
23552,1458.53
23553,1458.61
23554,499.34
23555,1147.18
23556,1458.57
23557,1661.81
23558,1661.19
23559,1740.6
23560,1332.56
23561,249.59
23562,249.4
23563,630.84
23564,999.74
23565,499.52
23566,499.23
23567,499.38
23568,499.58
23569,499.69
23570,499.32
23571,454.0
23572,99.8
23573,49.74
23574,49.72
23575,49.9
23576,471.71
23577,1147.75
23578,1636.09
23579,1147.14
23580,1147.69
23581,1147.55
23582,1170.92
23583,1292.34
23584,1736.06
23585,2005.31
23586,2380.83
23587,2719.82
23588,2919.07
23589,2839.56
23590,2850.38
23591,3051.37
23592,3175.7
23593,3000.72
23594,3093.38
23595,4000.59
23596,6000.11
23597,10000.0
23598,10000.0
23599,10000.0
23600,10000.0
23601,5000.01
23602,4430.74
23603,3810.17
23604,3511.86
23605,3430.44
23606,3799.97
23607,4000.51
23608,4139.1
23609,4000.62
23610,3976.25
23611,3319.98
23612,3051.37
23613,2380.72
23614,2730.82
23615,3051.18
23616,3000.15
23617,3051.29
23618,3051.2
23619,2455.55
23620,2360.83
23621,2000.88
23622,2170.3
23623,2570.93
23624,2849.47
23625,3051.49
23626,3050.23
23627,2683.4
23628,2532.12
23629,2499.86
23630,2519.4
23631,2835.8
23632,2849.27
23633,2510.94
23634,2519.36
23635,2499.11
23636,2455.63
23637,2730.54
23638,2849.26
23639,3093.08
23640,2850.57
23641,3218.15
23642,3537.88
23643,3375.08
23644,3185.71
23645,3250.79
23646,2867.9
23647,1620.19
23648,200.77
23649,2080.32
23650,2145.19
23651,2145.97
23652,2085.68
23653,1333.29
23654,799.26
23655,1999.58
23656,2085.6
23657,1508.14
23658,1500.53
23659,1000.91
23660,1000.01
23661,499.3
23662,499.28
23663,499.29
23664,499.35
23665,1147.83
23666,1083.05
23667,499.86
23668,499.72
23669,176.0
23670,411.53
23671,499.94
23672,999.01
23673,1120.49
23674,1400.85
23675,1400.41
23676,1510.33
23677,1748.14
23678,1867.73
23679,2245.98
23680,2280.09
23681,2085.74
23682,2145.16
23683,2500.37
23684,2820.31
23685,2820.12
23686,3000.04
23687,2145.39
23688,1832.71
23689,2000.59
23690,3051.18
23691,3093.3
23692,3319.44
23693,7000.3
23694,9999.44
23695,7000.24
23696,5999.01
23697,3319.53
23698,2857.6
23699,2749.9
23700,2983.43
23701,3319.37
23702,3512.29
23703,3829.5
23704,3868.11
23705,4260.42
23706,4156.75
23707,3731.76
23708,3515.03
23709,2649.84
23710,2519.52
23711,2849.02
23712,3000.5
23713,2849.97
23714,2900.98
23715,3000.41
23716,2849.13
23717,2910.27
23718,2849.51
23719,2471.21
23720,2299.72
23721,2500.21
23722,2750.23
23723,2750.58
23724,2870.14
23725,2519.93
23726,2500.36
23727,2395.92
23728,2395.85
23729,2587.88
23730,2849.42
23731,2519.44
23732,2800.81
23733,2689.96
23734,2519.08
23735,2450.55
23736,2471.36
23737,3403.5
23738,3738.47
23739,3709.14
23740,3360.38
23741,2470.88
23742,2007.03
23743,1232.84
23744,611.82
23745,2081.04
23746,2081.19
23747,2002.4
23748,2010.54
23749,2340.83
23750,2395.19
23751,2499.79
23752,2395.12
23753,2410.23
23754,2395.07
23755,1770.72
23756,1770.32
23757,1499.4
23758,1771.56
23759,1618.23
23760,1771.12
23761,1499.29
23762,1140.25
23763,1771.77
23764,1771.59
23765,611.92
23766,990.23
23767,1310.49
23768,1833.94
23769,1818.24
23770,2000.8
23771,1983.17
23772,1989.58
23773,2000.38
23774,2000.5
23775,2240.34
23776,2374.68
23777,2240.36
23778,2395.83
23779,2748.66
23780,3166.43
23781,2820.98
23782,2820.72
23783,2800.88
23784,3000.71
23785,3232.59
23786,3605.53
23787,5026.72
23788,6500.1
23789,10000.0
23790,10000.0
23791,10000.0
23792,10000.0
23793,10000.0
23794,10000.0
23795,5210.68
23796,4610.89
23797,3600.73
23798,4269.08
23799,3880.88
23800,3829.37
23801,3835.48
23802,3900.55
23803,3880.37
23804,3835.17
23805,3500.77
23806,3450.22
23807,3232.81
23808,3319.97
23809,3515.19
23810,3409.6
23811,3319.79
23812,3260.98
23813,3260.13
23814,3139.22
23815,3000.33
23816,2800.67
23817,3052.98
23818,3139.99
23819,3000.6
23820,3034.0
23821,2849.99
23822,2849.14
23823,3209.59
23824,3121.86
23825,3303.1
23826,3303.32
23827,3409.86
23828,3500.4
23829,3169.82
23830,3127.91
23831,3319.48
23832,3409.02
23833,3409.2
23834,3630.93
23835,3600.46
23836,3403.54
23837,3209.98
23838,2750.67
23839,1491.27
23840,499.16
23841,1469.21
23842,2000.43
23843,1800.37
23844,2000.24
23845,1499.14
23846,499.55
23847,499.08
23848,299.86
23849,2002.32
23850,2000.74
23851,1800.34
23852,999.34
23853,49.89
23854,49.94
23855,1200.98
23856,1200.79
23857,1733.02
23858,1771.79
23859,1918.13
23860,1771.36
23861,49.63
23862,49.76
23863,99.72
23864,1349.14
23865,1309.7
23866,1918.37
23867,908.54
23868,908.37
23869,499.29
23870,908.4
23871,2471.5
23872,2860.05
23873,2374.5
23874,2116.44
23875,1934.66
23876,1989.4
23877,2422.58
23878,2400.22
23879,2422.55
23880,2395.03
23881,2116.04
23882,2395.18
23883,1512.0
23884,2395.2
23885,5800.76
23886,6809.6
23887,10000.0
23888,6420.36
23889,6500.93
23890,6500.47
23891,5750.4
23892,5540.86
23893,5400.52
23894,6001.0
23895,5379.44
23896,5075.17
23897,3541.16
23898,3500.11
23899,3403.17
23900,3470.52
23901,3150.42
23902,3316.96
23903,3390.56
23904,3408.13
23905,3512.59
23906,3541.64
23907,3290.14
23908,3200.72
23909,3122.19
23910,3000.64
23911,3219.57
23912,3166.92
23913,3050.9
23914,3050.44
23915,3166.26
23916,3139.1
23917,2920.03
23918,2519.71
23919,2849.88
23920,2849.22
23921,2500.55
23922,2515.78
23923,2519.08
23924,2519.6
23925,2849.1
23926,2849.27
23927,2510.78
23928,2510.82
23929,2729.4
23930,2800.88
23931,2374.71
23932,2198.47
23933,2010.96
23934,1499.65
23935,999.27
23936,99.98
23937,499.85
23938,1645.63
23939,1499.42
23940,1499.7
23941,1989.9
23942,1771.38
23943,499.08
23944,49.94
23945,99.85
23946,499.27
23947,1349.4
23948,1500.02
23949,1499.2
23950,1349.32
23951,499.72
23952,499.69
23953,499.18
23954,99.98
23955,99.94
23956,99.46
23957,0.97
23958,1.22
23959,499.21
23960,499.42
23961,700.75
23962,1349.3
23963,1500.76
23964,1600.29
23965,1645.28
23966,1771.81
23967,1645.05
23968,1349.19
23969,499.78
23970,499.67
23971,499.66
23972,499.94
23973,499.77
23974,1288.3
23975,1510.04
23976,2000.58
23977,1593.09
23978,2500.22
23979,3166.83
23980,3232.53
23981,3630.09
23982,3560.61
23983,3512.52
23984,2929.77
23985,3218.6
23986,3218.52
23987,3580.25
23988,3590.14
23989,4700.26
23990,4800.64
23991,4799.72
23992,4870.35
23993,5000.89
23994,4870.6
23995,5000.93
23996,4741.38
23997,3594.31
23998,3319.06
23999,3050.95
24000,3139.69
24001,2800.47
24002,2950.36
24003,2374.0
24004,1999.83
24005,2000.42
24006,2000.07
24007,2395.18
24008,2471.82
24009,2200.23
24010,2374.34
24011,1999.42
24012,1999.04
24013,1833.53
24014,1833.2
24015,2410.81
24016,2499.86
24017,2560.13
24018,2560.97
24019,3000.31
24020,3110.63
24021,2471.42
24022,2368.2
24023,2610.1
24024,2900.22
24025,3390.89
24026,3605.93
24027,3829.34
24028,3390.66
24029,3303.25
24030,3403.85
24031,3390.5
24032,3218.99
24033,2925.57
24034,2610.08
24035,2116.69
24036,2368.38
24037,2374.18
24038,2395.44
24039,2099.06
24040,2007.88
24041,1771.09
24042,1771.53
24043,2010.67
24044,2295.02
24045,2374.66
24046,2274.88
24047,1930.01
24048,999.28
24049,499.87
24050,510.91
24051,1771.01
24052,1771.14
24053,499.8
24054,499.86
24055,1800.19
24056,1918.38
24057,2268.99
24058,2368.14
24059,2371.1
24060,2590.63
24061,3190.24
24062,3196.68
24063,3196.23
24064,3235.71
24065,3528.98
24066,3589.03
24067,3835.1
24068,3835.65
24069,3232.42
24070,3079.01
24071,3000.49
24072,3300.83
24073,4001.0
24074,6420.33
24075,10000.0
24076,10000.0
24077,10000.0
24078,10000.0
24079,10000.0
24080,10000.0
24081,10000.0
24082,10000.0
24083,10000.0
24084,10000.0
24085,10000.0
24086,10000.0
24087,10000.0
24088,10000.0
24089,10000.0
24090,10000.0
24091,10000.0
24092,10000.0
24093,10000.0
24094,10000.0
24095,10000.0
24096,10000.0
24097,10000.0
24098,10000.0
24099,5379.59
24100,5000.36
24101,3829.91
24102,3542.43
24103,3982.5
24104,4001.03
24105,3829.04
24106,3835.14
24107,3630.58
24108,3605.18
24109,3510.14
24110,3478.25
24111,3408.54
24112,3490.96
24113,3589.58
24114,3605.51
24115,4429.35
24116,4585.65
24117,5300.76
24118,5529.71
24119,6510.06
24120,7245.3
24121,6212.92
24122,10000.0
24123,10000.0
24124,10000.0
24125,4419.8
24126,3945.75
24127,3300.03
24128,3074.58
24129,3074.01
24130,2949.76
24131,2450.47
24132,2116.38
24133,2326.0
24134,2368.21
24135,2116.25
24136,1999.95
24137,2000.08
24138,2471.08
24139,2699.97
24140,2519.84
24141,2210.74
24142,2210.15
24143,2081.53
24144,2081.52
24145,2049.46
24146,2010.59
24147,1910.25
24148,2000.91
24149,2010.72
24150,2499.23
24151,2268.37
24152,2295.18
24153,2560.58
24154,2849.29
24155,3196.01
24156,3209.75
24157,3200.08
24158,3200.8
24159,3441.55
24160,3530.41
24161,3409.05
24162,3530.68
24163,3835.1
24164,3710.5
24165,3605.82
24166,3835.2
24167,4303.53
24168,4635.28
24169,3887.84
24170,10000.0
24171,10000.0
24172,10000.0
24173,10000.0
24174,10000.0
24175,10000.0
24176,10000.0
24177,10000.0
24178,10000.0
24179,10000.0
24180,10000.0
24181,10000.0
24182,10000.0
24183,10000.0
24184,10000.0
24185,10000.0
24186,10000.0
24187,10000.0
24188,10000.0
24189,10000.0
24190,10000.0
24191,10000.0
24192,10000.0
24193,10000.0
24194,10000.0
24195,10000.0
24196,10000.0
24197,4870.78
24198,4310.75
24199,3800.31
24200,3630.03
24201,3319.77
24202,3388.87
24203,3587.87
24204,3600.54
24205,3589.1
24206,3600.02
24207,3518.79
24208,3480.74
24209,3510.26
24210,3600.22
24211,3774.76
24212,3739.04
24213,3606.8
24214,3829.88
24215,3605.57
24216,3597.66
24217,4249.65
24218,4870.74
24219,4900.45
24220,3985.64
24221,2923.97
24222,2750.06
24223,1449.99
24224,499.17
24225,99.59
24226,1989.1
24227,2116.92
24228,2413.61
24229,1996.8
24230,1771.04
24231,2007.12
24232,2100.84
24233,2007.78
24234,2135.82
24235,2135.88
24236,2135.54
24237,2007.31
24238,2116.66
24239,2274.4
24240,2268.5
24241,2081.46
24242,2000.93
24243,2268.57
24244,2268.59
24245,2268.31
24246,2295.39
24247,2371.62
24248,2374.85
24249,2887.95
24250,3197.0
24251,3190.96
24252,3139.46
24253,2844.44
24254,2844.8
24255,2844.15
24256,2844.15
24257,3208.73
24258,3209.58
24259,3530.24
24260,3630.12
24261,3390.07
24262,3249.89
24263,3589.2
24264,3602.99
24265,2699.12
24266,3800.68
24267,4885.39
24268,9999.9
24269,10000.0
24270,10000.0
24271,10000.0
24272,10000.0
24273,10000.0
24274,10000.0
24275,10000.0
24276,10000.0
24277,10000.0
24278,10000.0
24279,10000.0
24280,10000.0
24281,10000.0
24282,10000.0
24283,9999.54
24284,7000.58
24285,5500.43
24286,5200.45
24287,3767.31
24288,2999.75
24289,4650.02
24290,4620.87
24291,4019.47
24292,3699.97
24293,3219.37
24294,3219.22
24295,2800.93
24296,3122.29
24297,3270.61
24298,3475.77
24299,3319.38
24300,3319.33
24301,3232.99
24302,3236.0
24303,3101.93
24304,3000.08
24305,2999.01
24306,2999.48
24307,3110.25
24308,3000.94
24309,2512.76
24310,2700.9
24311,2800.92
24312,2999.64
24313,3630.83
24314,4112.62
24315,3762.97
24316,3300.65
24317,2849.48
24318,2750.48
24319,2500.22
24320,2007.7
24321,1499.75
24322,1499.26
24323,2081.64
24324,2081.39
24325,2081.78
24326,2010.21
24327,2081.03
24328,1771.11
24329,1312.74
24330,1645.89
24331,2081.16
24332,2081.74
24333,2081.45
24334,2081.06
24335,1771.02
24336,1700.87
24337,1771.38
24338,1800.27
24339,801.78
24340,499.84
24341,499.0
24342,499.58
24343,1500.15
24344,1771.2
24345,1880.0
24346,2081.57
24347,1629.2
24348,1771.16
24349,2395.28
24350,2500.07
24351,3074.05
24352,2925.98
24353,2471.74
24354,2499.2
24355,3196.95
24356,3061.52
24357,2210.82
24358,2520.44
24359,2759.0
24360,2600.09
24361,2469.0
24362,3887.62
24363,5499.78
24364,6400.36
24365,10000.0
24366,10000.0
24367,10000.0
24368,10000.0
24369,10000.0
24370,10000.0
24371,10000.0
24372,10000.0
24373,10000.0
24374,10000.0
24375,10000.0
24376,10000.0
24377,10000.0
24378,10000.0
24379,10000.0
24380,9999.06
24381,4485.63
24382,3580.78
24383,3910.91
24384,3648.77
24385,3605.05
24386,3800.91
24387,3319.57
24388,3290.27
24389,2999.19
24390,2999.37
24391,3260.36
24392,3010.26
24393,3319.62
24394,3390.44
24395,3010.59
24396,2800.7
24397,2500.45
24398,2920.51
24399,3210.25
24400,3221.42
24401,3196.74
24402,3270.95
24403,3319.24
24404,3409.68
24405,2800.41
24406,2667.5
24407,2999.2
24408,2800.73
24409,3403.44
24410,3910.34
24411,3807.59
24412,3518.79
24413,3518.45
24414,3319.0
24415,3166.21
24416,2931.75
24417,2519.98
24418,2460.48
24419,2470.47
24420,2395.61
24421,2512.46
24422,2471.51
24423,2535.16
24424,2589.47
24425,2185.7
24426,2319.2
24427,2116.56
24428,2119.14
24429,2116.97
24430,2119.49
24431,2116.08
24432,2116.83
24433,2268.1
24434,2235.16
24435,2220.95
24436,2235.66
24437,2099.5
24438,2116.86
24439,2119.67
24440,2295.25
24441,2319.27
24442,2411.27
24443,2119.28
24444,2319.73
24445,2519.19
24446,2499.14
24447,3070.21
24448,3190.11
24449,3074.84
24450,3190.2
24451,3074.99
24452,3192.77
24453,3000.37
24454,3100.02
24455,3630.9
24456,3910.8
24457,4240.47
24458,6000.14
24459,10000.0
24460,10000.0
24461,10000.0
24462,10000.0
24463,10000.0
24464,10000.0
24465,10000.0
24466,10000.0
24467,10000.0
24468,10000.0
24469,10000.0
24470,10000.0
24471,10000.0
24472,10000.0
24473,10000.0
24474,10000.0
24475,10000.0
24476,10000.0
24477,10000.0
24478,5379.12
24479,3800.83
24480,3164.57
24481,3319.87
24482,3270.88
24483,3541.72
24484,3835.27
24485,3829.32
24486,3774.31
24487,3910.89
24488,3910.89
24489,3829.69
24490,3756.17
24491,3751.21
24492,3736.42
24493,3408.13
24494,3510.17
24495,3500.97
24496,3408.92
24497,3547.38
24498,3605.32
24499,3729.21
24500,3800.21
24501,3300.04
24502,3609.56
24503,3475.86
24504,3557.53
24505,3839.27
24506,4035.35
24507,4500.0
24508,4683.96
24509,3910.95
24510,3630.07
24511,2970.32
24512,2600.11
24513,2220.81
24514,2407.95
24515,2499.2
24516,2410.27
24517,2849.12
24518,2920.32
24519,2499.38
24520,2460.6
24521,2484.77
24522,2498.99
24523,2471.05
24524,2410.71
24525,2395.79
24526,2460.49
24527,2395.03
24528,2368.81
24529,2295.21
24530,2135.78
24531,1999.82
24532,1989.9
24533,1771.74
24534,1934.4
24535,2116.15
24536,2295.42
24537,2499.01
24538,2800.28
24539,2567.35
24540,2519.15
24541,2519.92
24542,2719.33
24543,2967.04
24544,3196.39
24545,3139.87
24546,3175.36
24547,3412.67
24548,3441.57
24549,3415.78
24550,3496.12
24551,3985.6
24552,4156.4
24553,4853.46
24554,6505.13
24555,10000.0
24556,10000.0
24557,10000.0
24558,10000.0
24559,10000.0
24560,10000.0
24561,10000.0
24562,10000.0
24563,10000.0
24564,10000.0
24565,10000.0
24566,10000.0
24567,10000.0
24568,10000.0
24569,10000.0
24570,10000.0
24571,9999.36
24572,6999.83
24573,4100.57
24574,3774.05
24575,3319.66
24576,3480.11
24577,3480.92
24578,3810.32
24579,3547.18
24580,3512.16
24581,3910.29
24582,3907.25
24583,3240.47
24584,3240.41
24585,3170.22
24586,3280.32
24587,3409.61
24588,3409.55
24589,3000.49
24590,3170.66
24591,3110.26
24592,3000.57
24593,3000.86
24594,3200.19
24595,3310.55
24596,3409.68
24597,3250.39
24598,3270.33
24599,3578.13
24600,3616.08
24601,3600.71
24602,3630.89
24603,3828.33
24604,3472.17
24605,3139.9
24606,2600.64
24607,2220.78
24608,2049.27
24609,2119.24
24610,1821.43
24611,1499.14
24612,1499.3
24613,1220.33
24614,1220.03
24615,499.08
24616,498.78
24617,737.94
24618,1499.0
24619,1124.0
24620,670.02
24621,499.01
24622,497.79
24623,399.98
24624,684.98
24625,447.31
24626,499.61
24627,999.3
24628,999.88
24629,999.01
24630,999.49
24631,1200.91
24632,1453.73
24633,1618.35
24634,1771.34
24635,1771.67
24636,1918.51
24637,1934.88
24638,2049.6
24639,2116.51
24640,2374.7
24641,2116.35
24642,2200.69
24643,2400.38
24644,2800.19
24645,2919.55
24646,2919.69
24647,3240.61
24648,3500.52
24649,3630.83
24650,4133.3
24651,3782.39
24652,3728.54
24653,4853.9
24654,4999.59
24655,4175.17
24656,3805.62
24657,3829.34
24658,3829.5
24659,3910.06
24660,3910.64
24661,3916.84
24662,3990.05
24663,3836.37
24664,3817.89
24665,3835.66
24666,3700.81
24667,4035.98
24668,3919.92
24669,3769.37
24670,3580.76
24671,2550.72
24672,2040.7
24673,2500.4
24674,2460.14
24675,2582.61
24676,2849.76
24677,2390.01
24678,2460.94
24679,2699.78
24680,2999.84
24681,2999.05
24682,2999.39
24683,2460.41
24684,2100.34
24685,2512.29
24686,2699.97
24687,2699.2
24688,2699.98
24689,2849.52
24690,2849.71
24691,3160.86
24692,3119.48
24693,2699.47
24694,2810.6
24695,2800.28
24696,2970.43
24697,3600.76
24698,3910.81
24699,3870.63
24700,3696.97
24701,3699.05
24702,3554.11
24703,2910.35
24704,2220.05
24705,199.45
24706,99.23
24707,1990.91
24708,2007.01
24709,2199.05
24710,2407.99
24711,2567.43
24712,2234.41
24713,2081.01
24714,2002.66
24715,2116.18
24716,2099.68
24717,2185.02
24718,2220.02
24719,2119.69
24720,2135.77
24721,2081.64
24722,1990.61
24723,1771.13
24724,1930.93
24725,915.06
24726,820.15
24727,1645.58
24728,1981.66
24729,1989.48
24730,2116.08
24731,2116.61
24732,2235.09
24733,2211.32
24734,2270.0
24735,2800.29
24736,3196.02
24737,3000.53
24738,3000.72
24739,2699.24
24740,2800.95
24741,3196.45
24742,3050.4
24743,2849.15
24744,2977.17
24745,2699.34
24746,3100.04
24747,3310.1
24748,4349.14
24749,10000.0
24750,10000.0
24751,10000.0
24752,10000.0
24753,10000.0
24754,10000.0
24755,5500.65
24756,5800.42
24757,5200.18
24758,5036.13
24759,4240.69
24760,3890.04
24761,4300.76
24762,4500.99
24763,5500.52
24764,5500.14
24765,4212.54
24766,4100.76
24767,3101.34
24768,2750.58
24769,2750.85
24770,3080.02
24771,3290.83
24772,3270.16
24773,3080.52
24774,3199.49
24775,3117.0
24776,2970.84
24777,2400.28
24778,2401.04
24779,3350.74
24780,3630.13
24781,3254.96
24782,3209.12
24783,3196.6
24784,3160.43
24785,2880.04
24786,3210.39
24787,3232.46
24788,3303.68
24789,3310.77
24790,3605.5
24791,3626.36
24792,3668.55
24793,3900.14
24794,3900.51
24795,4006.14
24796,3912.65
24797,3259.31
24798,3233.09
24799,3233.1
24800,2699.13
24801,2460.74
24802,2569.35
24803,2849.41
24804,2700.89
24805,2780.53
24806,2919.35
24807,2750.47
24808,2600.95
24809,2519.79
24810,2395.25
24811,2250.38
24812,2199.98
24813,2000.11
24814,1819.03
24815,2119.23
24816,2269.13
24817,2320.21
24818,2295.86
24819,2300.54
24820,2319.25
24821,1899.55
24822,1999.3
24823,2471.33
24824,2719.15
24825,2977.94
24826,3190.05
24827,2368.09
24828,2081.78
24829,1899.64
24830,2007.18
24831,2460.35
24832,2535.91
24833,2977.81
24834,3196.07
24835,2780.76
24836,2568.79
24837,2870.42
24838,3232.37
24839,3110.76
24840,3409.59
24841,3210.12
24842,3743.49
24843,5026.26
24844,6005.49
24845,10000.0
24846,10000.0
24847,10000.0
24848,10000.0
24849,10000.0
24850,10000.0
24851,6420.27
24852,6420.02
24853,6420.04
24854,6420.78
24855,4995.62
24856,4650.76
24857,4900.69
24858,5000.39
24859,4550.57
24860,4200.04
24861,3550.28
24862,3000.74
24863,2849.24
24864,2780.48
24865,3945.7
24866,3872.35
24867,3541.02
24868,3502.42
24869,2500.63
24870,1999.94
24871,1999.83
24872,1999.19
24873,2520.81
24874,2849.02
24875,2849.43
24876,2970.01
24877,2869.39
24878,2900.47
24879,3020.98
24880,3160.33
24881,3232.05
24882,3260.09
24883,3260.74
24884,3270.18
24885,3409.57
24886,3390.3
24887,3409.02
24888,3410.73
24889,3518.6
24890,3702.14
24891,4006.61
24892,3990.43
24893,3602.79
24894,3518.14
24895,3270.95
24896,2519.58
24897,2460.22
24898,2448.64
24899,2780.06
24900,2719.73
24901,2970.6
24902,3066.89
24903,2519.91
24904,2269.94
24905,2000.76
24906,2235.36
24907,2499.93
24908,2519.27
24909,2269.97
24910,2185.47
24911,2081.18
24912,2007.09
24913,2081.51
24914,2119.35
24915,2116.98
24916,2081.94
24917,1910.53
24918,2081.23
24919,2150.39
24920,2371.08
24921,2460.12
24922,2719.13
24923,2658.43
24924,2569.74
24925,2235.03
24926,2100.36
24927,2273.2
24928,2499.66
24929,2699.69
24930,2849.83
24931,3066.87
24932,3209.33
24933,2780.52
24934,2699.1
24935,2698.72
24936,2780.54
24937,3390.56
24938,4012.82
24939,6999.34
24940,10000.0
24941,10000.0
24942,10000.0
24943,10000.0
24944,10000.0
24945,10000.0
24946,10000.0
24947,10000.0
24948,10000.0
24949,6505.93
24950,6005.94
24951,5392.66
24952,4950.82
24953,4950.59
24954,4870.82
24955,4800.98
24956,4525.77
24957,4013.11
24958,3833.5
24959,3232.57
24960,3409.93
24961,3611.37
24962,3835.76
24963,3250.23
24964,3080.58
24965,2699.06
24966,2059.5
24967,2500.14
24968,2512.59
24969,2849.99
24970,3069.43
24971,2980.02
24972,2800.26
24973,2699.56
24974,2699.68
24975,2658.23
24976,2699.94
24977,2800.14
24978,2810.76
24979,3209.73
24980,3350.02
24981,3290.2
24982,3303.81
24983,3410.52
24984,3474.2
24985,3839.48
24986,4285.64
24987,4035.69
24988,3878.13
24989,3945.42
24990,3673.19
24991,2999.27
24992,2610.49
24993,2763.34
24994,2780.24
24995,2780.67
24996,2780.56
24997,2535.93
24998,2512.94
24999,2460.48
25000,2199.52
25001,2235.52
25002,2320.33
25003,2319.1
25004,2319.73
25005,2319.62
25006,2319.07
25007,2135.34
25008,2185.24
25009,2295.52
25010,2336.26
25011,2199.96
25012,2150.6
25013,1771.19
25014,1833.03
25015,2002.6
25016,2081.58
25017,2295.02
25018,2499.14
25019,2500.68
25020,2569.66
25021,3000.07
25022,3209.51
25023,3000.46
25024,2887.16
25025,2887.22
25026,2999.8
25027,3403.67
25028,3530.62
25029,3102.83
25030,3110.3
25031,3409.8
25032,4012.71
25033,4012.78
25034,4499.66
25035,10000.0
25036,10000.0
25037,10000.0
25038,10000.0
25039,10000.0
25040,10000.0
25041,10000.0
25042,10000.0
25043,10000.0
25044,10000.0
25045,10000.0
25046,10000.0
25047,9999.97
25048,6650.68
25049,10000.0
25050,10000.0
25051,9999.27
25052,6000.77
25053,5500.55
25054,4853.29
25055,4224.47
25056,4193.95
25057,4193.82
25058,4035.42
25059,3409.44
25060,3514.03
25061,3760.77
25062,3810.84
25063,4035.06
25064,3910.74
25065,3753.94
25066,3700.58
25067,3680.57
25068,3700.48
25069,3550.98
25070,3550.05
25071,3400.4
25072,3303.66
25073,3500.36
25074,3649.24
25075,3835.65
25076,3910.52
25077,3823.27
25078,3872.83
25079,4019.81
25080,4300.92
25081,4585.58
25082,5064.27
25083,5100.99
25084,4853.98
25085,4193.19
25086,3825.79
25087,3061.03
25088,2999.0
25089,2699.13
25090,2686.89
25091,2969.59
25092,3196.08
25093,2849.65
25094,2919.98
25095,2869.01
25096,2969.34
25097,2699.58
25098,2413.86
25099,2413.76
25100,2371.7
25101,2371.22
25102,2295.91
25103,2450.5
25104,2587.63
25105,2471.96
25106,2450.94
25107,2368.97
25108,2295.69
25109,1890.31
25110,2268.03
25111,2368.48
25112,2460.62
25113,2919.23
25114,3110.86
25115,2999.02
25116,2870.73
25117,2900.29
25118,2970.99
25119,3110.35
25120,3209.87
25121,3209.73
25122,3409.11
25123,3390.67
25124,3450.65
25125,3409.27
25126,3700.09
25127,4035.11
25128,4826.51
25129,4826.15
25130,5820.64
25131,10000.0
25132,10000.0
25133,10000.0
25134,10000.0
25135,10000.0
25136,10000.0
25137,10000.0
25138,10000.0
25139,10000.0
25140,10000.0
25141,10000.0
25142,10000.0
25143,6499.85
25144,6499.32
25145,5100.67
25146,5392.77
25147,5299.68
25148,5050.01
25149,4650.52
25150,4393.62
25151,4132.35
25152,3845.93
25153,4035.46
25154,3910.89
25155,3650.17
25156,3600.23
25157,3409.48
25158,3196.75
25159,3499.02
25160,3408.67
25161,3160.49
25162,3160.28
25163,3379.46
25164,3379.81
25165,3032.78
25166,2929.33
25167,3080.53
25168,3012.93
25169,3379.68
25170,3390.47
25171,3380.0
25172,3409.11
25173,3310.16
25174,3409.17
25175,3588.69
25176,3600.45
25177,3718.8
25178,3945.44
25179,4153.3
25180,4019.97
25181,3564.99
25182,3409.84
25183,3232.14
25184,2500.07
25185,2311.93
25186,2448.65
25187,2330.16
25188,2330.85
25189,2471.72
25190,2699.23
25191,2448.62
25192,2448.97
25193,2135.25
25194,2374.3
25195,2448.01
25196,2448.05
25197,2371.86
25198,2395.06
25199,2200.38
25200,2235.31
25201,2135.24
25202,2116.63
25203,2000.52
25204,1930.94
25205,1399.38
25206,1645.42
25207,1918.66
25208,2002.85
25209,1878.7
25210,1934.96
25211,1833.51
25212,1930.04
25213,2471.22
25214,2780.01
25215,2999.98
25216,3209.92
25217,3379.07
25218,3379.58
25219,2819.34
25220,2750.93
25221,2900.43
25222,2999.34
25223,3050.56
25224,3600.91
25225,3859.49
25226,4853.74
25227,5392.38
25228,5499.25
25229,10000.0
25230,10000.0
25231,9999.51
25232,7000.99
25233,5392.0
25234,5186.89
25235,3661.99
25236,3910.66
25237,3888.55
25238,4372.0
25239,4220.99
25240,4035.25
25241,3810.19
25242,3990.47
25243,3910.4
25244,3900.33
25245,4100.5
25246,4193.36
25247,3570.19
25248,3000.43
25249,3435.68
25250,3549.55
25251,3590.85
25252,3589.58
25253,3714.55
25254,3660.28
25255,3600.53
25256,3499.81
25257,3409.34
25258,3310.72
25259,3420.4
25260,3518.85
25261,3210.15
25262,3180.88
25263,3253.55
25264,3248.18
25265,3209.53
25266,3209.86
25267,3270.43
25268,3270.97
25269,3196.97
25270,3300.08
25271,3410.68
25272,3403.41
25273,3630.05
25274,3945.14
25275,3743.44
25276,3512.8
25277,3251.04
25278,2849.88
25279,2007.11
25280,749.85
25281,2135.16
25282,2413.19
25283,2419.4
25284,2116.36
25285,1918.01
25286,1885.65
25287,1719.03
25288,1551.76
25289,1551.84
25290,1800.27
25291,1551.54
25292,1551.75
25293,1323.07
25294,1323.13
25295,1525.0
25296,1551.04
25297,1199.28
25298,1199.91
25299,1551.31
25300,1551.27
25301,499.05
25302,499.69
25303,1551.37
25304,1551.91
25305,1772.0
25306,2016.31
25307,2235.29
25308,2274.17
25309,2135.22
25310,1999.78
25311,2012.51
25312,2185.7
25313,2450.12
25314,2700.86
25315,2419.91
25316,2485.37
25317,2325.63
25318,2368.51
25319,2699.39
25320,2970.56
25321,3178.69
25322,3480.5
25323,2699.81
25324,1900.43
25325,4035.5
25326,4524.09
25327,3385.54
25328,2380.39
25329,3409.81
25330,3550.9
25331,3502.58
25332,3630.25
25333,4000.46
25334,4309.4
25335,3810.86
25336,3799.92
25337,3590.89
25338,3810.54
25339,4193.32
25340,4071.72
25341,3835.85
25342,3590.37
25343,3390.34
25344,3209.21
25345,3910.66
25346,3835.45
25347,3829.04
25348,3590.47
25349,2899.36
25350,2699.76
25351,2116.03
25352,2918.66
25353,3200.55
25354,3209.67
25355,2999.16
25356,3117.9
25357,2700.1
25358,2700.1
25359,2700.63
25360,2780.72
25361,2970.45
25362,2990.16
25363,2849.01
25364,2700.85
25365,3105.38
25366,3155.46
25367,2800.93
25368,2770.63
25369,3390.18
25370,3500.55
25371,3418.37
25372,3494.59
25373,3496.29
25374,2949.79
25375,2961.0
25376,2460.62
25377,1999.07
25378,2081.5
25379,2116.64
25380,2199.93
25381,2460.18
25382,2466.5
25383,2395.61
25384,2374.81
25385,2199.74
25386,2235.26
25387,2116.39
25388,2081.14
25389,2080.2
25390,2081.26
25391,1999.61
25392,1833.35
25393,1771.11
25394,1918.39
25395,2000.14
25396,2081.42
25397,1645.62
25398,1645.63
25399,2081.89
25400,2319.48
25401,2471.13
25402,2619.7
25403,2519.98
25404,2719.71
25405,2395.14
25406,2371.43
25407,2499.97
25408,2619.79
25409,2899.2
25410,3080.36
25411,3209.97
25412,3209.69
25413,3259.84
25414,3409.25
25415,3400.54
25416,3660.56
25417,4000.28
25418,4870.99
25419,7000.59
25420,10000.0
25421,10000.0
25422,10000.0
25423,10000.0
25424,10000.0
25425,10000.0
25426,10000.0
25427,10000.0
25428,10000.0
25429,5000.96
25430,5006.95
25431,3610.38
25432,3800.04
25433,3420.62
25434,3910.85
25435,4550.16
25436,4500.94
25437,4826.04
25438,4250.96
25439,3810.1
25440,3570.86
25441,3512.12
25442,3410.13
25443,3320.78
25444,3290.55
25445,3250.53
25446,3209.99
25447,3270.68
25448,3209.89
25449,3017.37
25450,3016.3
25451,3016.63
25452,3015.31
25453,2890.67
25454,2890.09
25455,2849.19
25456,2699.64
25457,3000.47
25458,3390.85
25459,3102.84
25460,3110.49
25461,2750.65
25462,2750.11
25463,2800.74
25464,2849.45
25465,3320.6
25466,3700.05
25467,3630.91
25468,3581.7
25469,3409.43
25470,3223.81
25471,2699.62
25472,1103.54
25473,1989.89
25474,2135.82
25475,2135.18
25476,2081.66
25477,1140.87
25478,2319.76
25479,1918.51
25480,1516.06
25481,1012.66
25482,1885.23
25483,1748.7
25484,1645.14
25485,1140.69
25486,1140.05
25487,1140.47
25488,1323.97
25489,1800.84
25490,1771.88
25491,1645.36
25492,1545.7
25493,500.82
25494,508.46
25495,1323.73
25496,1771.93
25497,2110.25
25498,2250.37
25499,2081.12
25500,2183.8
25501,2081.33
25502,2081.57
25503,2460.09
25504,2510.95
25505,2849.39
25506,2800.61
25507,2510.27
25508,2533.61
25509,2700.41
25510,3196.08
25511,3270.69
25512,3390.3
25513,3558.68
25514,3602.51
25515,4193.66
25516,4094.9
25517,10000.0
25518,10000.0
25519,10000.0
25520,5920.67
25521,4590.13
25522,4000.77
25523,3190.81
25524,3910.86
25525,3938.77
25526,4019.56
25527,3000.41
25528,2984.47
25529,3099.46
25530,3409.17
25531,3614.08
25532,3479.92
25533,3601.05
25534,3479.65
25535,3500.66
25536,3269.17
25537,3269.91
25538,3269.5
25539,3019.46
25540,2999.13
25541,2320.47
25542,1499.77
25543,2090.46
25544,2081.91
25545,2000.21
25546,2081.27
25547,2800.51
25548,2890.12
25549,2890.02
25550,2800.99
25551,2849.84
25552,2890.24
25553,2800.86
25554,2849.57
25555,3209.31
25556,3303.12
25557,3196.19
25558,3196.14
25559,3139.16
25560,3119.69
25561,3409.6
25562,3600.8
25563,3668.1
25564,3483.93
25565,3270.61
25566,3223.17
25567,2949.51
25568,2470.41
25569,2081.95
25570,2116.21
25571,2319.48
25572,2219.71
25573,2395.93
25574,2471.56
25575,2219.93
25576,2135.47
25577,2002.57
25578,2002.35
25579,2081.15
25580,1989.06
25581,1950.17
25582,1981.9
25583,2235.19
25584,2268.57
25585,2135.91
25586,2116.8
25587,2081.19
25588,2081.45
25589,1934.3
25590,2000.2
25591,2007.14
25592,2010.15
25593,2019.95
25594,2135.76
25595,2319.95
25596,2395.9
25597,2519.24
25598,2780.36
25599,2719.78
25600,2819.91
25601,2719.36
25602,2800.92
25603,2780.6
25604,2854.6
25605,3209.92
25606,3270.06
25607,3835.45
25608,4012.19
25609,4165.47
25610,4700.44
25611,5026.9
25612,5000.89
25613,10000.0
25614,6280.48
25615,4741.5
25616,4224.41
25617,4300.52
25618,4165.94
25619,4165.33
25620,4300.52
25621,3810.03
25622,4019.38
25623,4000.24
25624,4031.53
25625,3409.68
25626,4035.07
25627,4153.96
25628,4153.54
25629,3512.99
25630,3512.87
25631,3510.69
25632,3580.15
25633,3835.11
25634,3668.99
25635,3479.07
25636,3402.26
25637,3409.38
25638,3390.42
25639,3320.65
25640,3270.34
25641,3051.33
25642,2999.17
25643,2999.41
25644,3063.3
25645,3012.08
25646,2999.08
25647,3160.26
25648,3170.46
25649,3102.37
25650,3196.14
25651,3259.04
25652,3320.96
25653,3209.99
25654,3271.34
25655,3512.5
25656,3581.8
25657,3689.57
25658,3839.81
25659,3839.32
25660,3835.4
25661,3622.48
25662,3232.42
25663,2977.68
25664,2700.73
25665,2326.36
25666,2326.29
25667,2321.13
25668,2395.45
25669,2471.81
25670,2653.08
25671,2460.28
25672,2374.4
25673,1999.1
25674,2002.61
25675,2116.3
25676,2007.38
25677,2100.75
25678,2081.56
25679,2081.25
25680,2116.14
25681,2002.48
25682,2116.8
25683,2119.47
25684,2119.72
25685,1499.04
25686,1833.29
25687,2119.57
25688,2219.57
25689,2368.6
25690,2719.2
25691,2780.74
25692,2810.05
25693,2780.57
25694,2749.8
25695,2780.71
25696,2999.95
25697,3232.25
25698,3403.51
25699,3471.3
25700,3518.17
25701,3743.08
25702,3835.71
25703,3982.87
25704,4249.05
25705,4502.17
25706,5500.31
25707,10000.0
25708,10000.0
25709,10000.0
25710,10000.0
25711,10000.0
25712,10000.0
25713,10000.0
25714,10000.0
25715,5999.41
25716,5900.08
25717,4999.29
25718,4991.09
25719,4853.05
25720,4853.87
25721,3938.77
25722,4568.0
25723,4741.11
25724,4524.2
25725,3829.81
25726,3743.71
25727,3503.15
25728,3005.85
25729,3910.17
25730,3900.31
25731,3800.25
25732,3512.1
25733,3196.09
25734,2999.93
25735,3409.26
25736,3403.29
25737,3409.45
25738,3515.86
25739,3319.25
25740,3319.78
25741,3000.32
25742,2800.75
25743,2970.84
25744,3160.71
25745,3209.69
25746,3209.53
25747,3254.29
25748,3350.77
25749,3260.0
25750,3271.19
25751,3320.35
25752,3209.84
25753,3743.64
25754,3872.88
25755,3945.28
25756,3839.75
25757,3835.17
25758,3390.47
25759,3047.75
25760,2269.25
25761,1312.74
25762,989.32
25763,2135.59
25764,2135.44
25765,2306.0
25766,2374.81
25767,2551.55
25768,2519.56
25769,2460.76
25770,2466.91
25771,2499.61
25772,2469.24
25773,2099.19
25774,2049.83
25775,2005.38
25776,1833.88
25777,1846.25
25778,2092.0
25779,1671.29
25780,1771.72
25781,1323.88
25782,1771.01
25783,2081.39
25784,2135.46
25785,2269.12
25786,2460.49
25787,2295.47
25788,2409.89
25789,2369.68
25790,2371.52
25791,2471.47
25792,2899.19
25793,2970.11
25794,3019.46
25795,3409.74
25796,3500.84
25797,3510.85
25798,3510.39
25799,3668.95
25800,4203.71
25801,4000.68
25802,5026.18
25803,4035.47
25804,4500.47
25805,10000.0
25806,10000.0
25807,10000.0
25808,6000.66
25809,3660.36
25810,2898.84
25811,3061.57
25812,3420.7
25813,4120.6
25814,4853.37
25815,3622.82
25816,3630.17
25817,3420.21
25818,3518.92
25819,3810.31
25820,3898.1
25821,3409.53
25822,3118.35
25823,3118.22
25824,3019.22
25825,3700.08
25826,3520.28
25827,3196.33
25828,2913.33
25829,3409.77
25830,3319.92
25831,2890.63
25832,2800.3
25833,2749.88
25834,2780.02
25835,2699.61
25836,2699.89
25837,2780.29
25838,2849.84
25839,2900.06
25840,2849.83
25841,2800.75
25842,2849.93
25843,2970.35
25844,3000.6
25845,2890.83
25846,2970.47
25847,3139.77
25848,3196.3
25849,3232.6
25850,3409.69
25851,3259.08
25852,3232.58
25853,3209.76
25854,2949.72
25855,2460.16
25856,2019.59
25857,1646.53
25858,1645.35
25859,1833.7
25860,1645.32
25861,1645.19
25862,1771.64
25863,1645.75
25864,1542.56
25865,1771.37
25866,1934.41
25867,1500.73
25868,1287.21
25869,799.95
25870,902.61
25871,857.39
25872,937.35
25873,599.17
25874,599.45
25875,402.62
25876,99.97
25877,99.85
25878,99.89
25879,400.68
25880,400.86
25881,1140.61
25882,1800.7
25883,2000.69
25884,2019.1
25885,1999.99
25886,2119.2
25887,2780.92
25888,2999.16
25889,2800.88
25890,2780.01
25891,2460.66
25892,2561.87
25893,3000.4
25894,3000.88
25895,3209.76
25896,3232.49
25897,3580.4
25898,4000.2
25899,2749.45
25900,2640.6
25901,4650.95
25902,4999.54
25903,4853.29
25904,4300.74
25905,3217.36
25906,2540.23
25907,1209.29
25908,2800.53
25909,3602.16
25910,3810.37
25911,3541.66
25912,3510.51
25913,3500.59
25914,3580.46
25915,3835.04
25916,3835.69
25917,3835.37
25918,3743.13
25919,3390.92
25920,2970.68
25921,3102.36
25922,3012.26
25923,3250.56
25924,3235.43
25925,3390.32
25926,3403.95
25927,3010.18
25928,2699.59
25929,2849.45
25930,2970.19
25931,2699.92
25932,2780.93
25933,2586.9
25934,2550.65
25935,3259.66
25936,3209.91
25937,3196.14
25938,3000.87
25939,2849.68
25940,2849.24
25941,2780.68
25942,2849.87
25943,2770.59
25944,2711.59
25945,3232.84
25946,3403.01
25947,3408.3
25948,3305.13
25949,2970.64
25950,2550.06
25951,2135.64
25952,1628.34
25953,899.31
25954,899.4
25955,226.3
25956,954.89
25957,1300.93
25958,1300.37
25959,1819.28
25960,1818.26
25961,499.35
25962,562.74
25963,400.81
25964,400.75
25965,400.08
25966,400.15
25967,99.34
25968,213.27
25969,400.45
25970,400.61
25971,400.08
25972,400.21
25973,371.25
25974,399.59
25975,399.55
25976,400.08
25977,1140.29
25978,1499.33
25979,1934.99
25980,2007.9
25981,2119.28
25982,2135.34
25983,1934.53
25984,2100.88
25985,2319.22
25986,2395.62
25987,2374.0
25988,2766.8
25989,2820.75
25990,3209.42
25991,3390.31
25992,3572.96
25993,3252.48
25994,3630.19
25995,4035.11
25996,3769.41
25997,2970.9
25998,3510.1
25999,3390.32
26000,2780.81
26001,2190.87
26002,1771.9
26003,3196.75
26004,3728.93
26005,3810.48
26006,3982.93
26007,3100.88
26008,2395.69
26009,2970.8
26010,3408.11
26011,3630.17
26012,3810.61
26013,3409.31
26014,3403.31
26015,3409.03
26016,3391.0
26017,3409.72
26018,3403.77
26019,3209.54
26020,2996.19
26021,2970.28
26022,2849.99
26023,3209.41
26024,3196.06
26025,2780.05
26026,2849.43
26027,3000.99
26028,3209.08
26029,2633.03
26030,2780.22
26031,2849.72
26032,3150.94
26033,2800.28
26034,2970.27
26035,3232.96
26036,3366.53
26037,3630.06
26038,3617.94
26039,3605.28
26040,3303.31
26041,3232.33
26042,3166.99
26043,3196.38
26044,3128.67
26045,2837.57
26046,2499.24
26047,2460.95
26048,2116.95
26049,2395.4
26050,2435.84
26051,2519.3
26052,2466.74
26053,2269.36
26054,2230.21
26055,637.83
26056,742.0
26057,99.97
26058,498.12
26059,1645.57
26060,1499.66
26061,1885.46
26062,1885.85
26063,1140.17
26064,1187.84
26065,1323.5
26066,1140.78
26067,400.64
26068,400.57
26069,400.44
26070,400.62
26071,1140.5
26072,1545.91
26073,1618.83
26074,1885.44
26075,2371.44
26076,2395.53
26077,2499.48
26078,2780.79
26079,3118.26
26080,3209.12
26081,3017.19
26082,3000.86
26083,3070.51
26084,3309.4
26085,3668.08
26086,3835.42
26087,3668.52
26088,3985.37
26089,5499.74
26090,10000.0
26091,10000.0
26092,10000.0
26093,10000.0
26094,10000.0
26095,10000.0
26096,8999.38
26097,4300.02
26098,3580.34
26099,3838.95
26100,4600.24
26101,4999.2
26102,4700.2
26103,3660.23
26104,3749.9
26105,4500.73
26106,4826.98
26107,5520.89
26108,5827.39
26109,5500.4
26110,5026.45
26111,4035.53
26112,4035.02
26113,5392.69
26114,5064.06
26115,4826.98
26116,4653.8
26117,4035.89
26118,3829.56
26119,4000.92
26120,3829.91
26121,3409.03
26122,3270.99
26123,3390.76
26124,3501.1
26125,3390.16
26126,3403.79
26127,3500.7
26128,3409.22
26129,3270.17
26130,3303.91
26131,3409.65
26132,3410.08
26133,3611.02
26134,3630.36
26135,3611.72
26136,3541.25
26137,3409.83
26138,3945.62
26139,3839.04
26140,3611.46
26141,3303.29
26142,3000.03
26143,2766.64
26144,2499.03
26145,2169.13
26146,2081.62
26147,2369.4
26148,2395.79
26149,2803.0
26150,2516.91
26151,2938.18
26152,2899.31
26153,3196.59
26154,3166.19
26155,2849.81
26156,2550.1
26157,2135.95
26158,2081.01
26159,2219.16
26160,2268.33
26161,2395.69
26162,2550.16
26163,2371.46
26164,2368.37
26165,2135.04
26166,2169.22
26167,2100.56
26168,2268.56
26169,2371.38
26170,2750.76
26171,3117.1
26172,3066.98
26173,2699.84
26174,2810.88
26175,3010.41
26176,3081.15
26177,2460.33
26178,2632.0
26179,2780.96
26180,3196.46
26181,2970.45
26182,3409.65
26183,3630.48
26184,4006.17
26185,2780.64
26186,3256.38
26187,4853.21
26188,4600.43
26189,5392.63
26190,5378.95
26191,4900.49
26192,3760.74
26193,3558.71
26194,3581.87
26195,2699.28
26196,3506.5
26197,2880.42
26198,3270.25
26199,2012.88
26200,2780.33
26201,3116.01
26202,3196.07
26203,3320.8
26204,3408.68
26205,3116.18
26206,2646.25
26207,2699.25
26208,2550.45
26209,3100.84
26210,2849.13
26211,2550.86
26212,2460.36
26213,2012.68
26214,2368.0
26215,1940.61
26216,1777.5
26217,2849.15
26218,2849.13
26219,2800.82
26220,2620.36
26221,2680.51
26222,2460.64
26223,2810.58
26224,2713.76
26225,2970.48
26226,3196.25
26227,2970.33
26228,2900.36
26229,1989.07
26230,1592.94
26231,2970.13
26232,2970.32
26233,3139.68
26234,3139.11
26235,3196.67
26236,2970.07
26237,2849.17
26238,2680.78
26239,2460.19
26240,2150.7
26241,1645.48
26242,1293.78
26243,909.33
26244,498.18
26245,399.64
26246,499.39
26247,1243.0
26248,1645.23
26249,1771.72
26250,1771.74
26251,999.79
26252,398.78
26253,99.94
26254,99.82
26255,399.83
26256,399.89
26257,1040.95
26258,1299.08
26259,611.32
26260,499.58
26261,399.35
26262,399.54
26263,1040.51
26264,1323.45
26265,1140.22
26266,1758.16
26267,1323.91
26268,1463.35
26269,999.24
26270,1500.39
26271,1771.08
26272,2135.69
26273,1833.54
26274,2374.94
26275,2500.34
26276,2460.37
26277,2489.46
26278,2849.78
26279,3409.5
26280,3303.69
26281,3000.0
26282,3263.96
26283,3134.63
26284,2680.6
26285,2693.3
26286,2693.02
26287,1018.96
26288,1018.77
26289,795.25
26290,2000.61
26291,1544.25
26292,2946.0
26293,2980.64
26294,2980.29
26295,2680.21
26296,2799.24
26297,2699.25
26298,2699.45
26299,2200.24
26300,2310.24
26301,2012.59
26302,1940.83
26303,1934.26
26304,1934.08
26305,1992.09
26306,2000.65
26307,2250.16
26308,2200.09
26309,2011.43
26310,2000.74
26311,2395.32
26312,2395.21
26313,2699.24
26314,2849.09
26315,2899.21
26316,2849.76
26317,2849.74
26318,2680.64
26319,2766.35
26320,2720.46
26321,3134.86
26322,3232.2
26323,3232.86
26324,3259.46
26325,3303.89
26326,3250.8
26327,3390.12
26328,3247.12
26329,3232.42
26330,3066.34
26331,2999.63
26332,2930.52
26333,2899.8
26334,2850.71
26335,2135.06
26336,1219.95
26337,109.24
26338,99.59
26339,99.02
26340,999.15
26341,99.95
26342,99.27
26343,99.13
26344,99.47
26345,99.39
26346,205.49
26347,99.63
26348,99.72
26349,49.68
26350,49.6
26351,29.91
26352,29.86
26353,29.57
26354,29.4
26355,29.4
26356,29.2
26357,10.11
26358,10.48
26359,19.54
26360,29.49
26361,29.99
26362,99.39
26363,99.44
26364,99.81
26365,99.66
26366,499.94
26367,500.49
26368,1040.57
26369,499.53
26370,1140.23
26371,1300.07
26372,1990.67
26373,1989.72
26374,2000.5
26375,2435.66
26376,2680.65
26377,1999.85
26378,1999.92
26379,1799.8
26380,1903.15
26381,2381.0
26382,2460.23
26383,999.25
26384,998.14
26385,926.77
26386,869.31
26387,909.92
26388,775.38
26389,2000.55
26390,2000.81
26391,2400.39
26392,2395.36
26393,2499.41
26394,2500.13
26395,2623.6
26396,2680.24
26397,2499.64
26398,2452.0
26399,2499.5
26400,2395.62
26401,2699.13
26402,2519.48
26403,2460.5
26404,2099.67
26405,1920.23
26406,2007.67
26407,1990.01
26408,1800.95
26409,1827.6
26410,1819.44
26411,2049.78
26412,2135.41
26413,2194.0
26414,2135.16
26415,2340.26
26416,2210.9
26417,2340.87
26418,2435.82
26419,2499.03
26420,2519.57
26421,2680.41
26422,2680.09
26423,2699.55
26424,2460.03
26425,1799.5
26426,1342.57
26427,2002.41
26428,1989.86
26429,2460.37
26430,2520.0
26431,2519.18
26432,1999.05
26433,2002.15
26434,1934.55
26435,2050.82
26436,2049.23
26437,2049.23
26438,2007.91
26439,2081.89
26440,2010.33
26441,1859.11
26442,1908.44
26443,2075.06
26444,1918.53
26445,2007.58
26446,2012.02
26447,2268.84
26448,2371.35
26449,2274.47
26450,2268.26
26451,2075.28
26452,1918.14
26453,1545.41
26454,1660.6
26455,1819.76
26456,1885.74
26457,1833.23
26458,2049.65
26459,2274.88
26460,2371.61
26461,2460.74
26462,2471.37
26463,2680.16
26464,2977.14
26465,2970.09
26466,2880.28
26467,2763.76
26468,2977.55
26469,3060.58
26470,3262.5
26471,4285.17
26472,5292.17
26473,5499.7
26474,6530.2
26475,10000.0
26476,10000.0
26477,10000.0
26478,10000.0
26479,6000.67
26480,5827.18
26481,3118.88
26482,2749.56
26483,4200.61
26484,4706.19
26485,4030.06
26486,4012.28
26487,3599.92
26488,3599.86
26489,3599.53
26490,3839.66
26491,3839.13
26492,3630.19
26493,3209.64
26494,3139.39
26495,3019.1
26496,2949.39
26497,2970.53
26498,3139.25
26499,3390.23
26500,3403.73
26501,2810.96
26502,2499.37
26503,2800.28
26504,2849.31
26505,2849.39
26506,3000.62
26507,3139.94
26508,3209.84
26509,3196.99
26510,3196.44
26511,2970.79
26512,2880.7
26513,3100.4
26514,3139.52
26515,3166.23
26516,3200.34
26517,3209.64
26518,3303.97
26519,3232.5
26520,3196.47
26521,3139.03
26522,2977.95
26523,3209.98
26524,2977.67
26525,3070.59
26526,2910.17
26527,2447.7
26528,2328.25
26529,2049.59
26530,1989.86
26531,1734.0
26532,1989.15
26533,2049.97
26534,2011.99
26535,1934.24
26536,1771.89
26537,1550.08
26538,1550.49
26539,1833.11
26540,1819.12
26541,1733.76
26542,1645.77
26543,1618.37
26544,1645.06
26545,1671.7
26546,1771.18
26547,1733.91
26548,1671.87
26549,697.48
26550,744.85
26551,1649.43
26552,1733.72
26553,1833.91
26554,1989.66
26555,1981.7
26556,2007.51
26557,2081.57
26558,2368.54
26559,2447.83
26560,2699.09
26561,3208.3
26562,3300.62
26563,3142.0
26564,3209.93
26565,2699.63
26566,3209.07
26567,4193.18
26568,6708.46
26569,6505.27
26570,10000.0
26571,10000.0
26572,10000.0
26573,10000.0
26574,10000.0
26575,10000.0
26576,5500.27
26577,3252.17
26578,3000.14
26579,2551.0
26580,3839.9
26581,3839.97
26582,3839.7
26583,3837.1
26584,3700.67
26585,4285.27
26586,5026.8
26587,4193.45
26588,3982.66
26589,3329.7
26590,3329.51
26591,2800.06
26592,2810.71
26593,3160.25
26594,3209.5
26595,3500.15
26596,3409.64
26597,2810.11
26598,2871.8
26599,3209.98
26600,3232.02
26601,3100.53
26602,3196.45
26603,2970.14
26604,3166.93
26605,3110.68
26606,3139.91
26607,3196.29
26608,3196.89
26609,3166.88
26610,3196.18
26611,3209.91
26612,3335.39
26613,3390.75
26614,3408.22
26615,3270.04
26616,3196.39
26617,2600.14
26618,2410.79
26619,1499.04
26620,999.16
26621,1499.61
26622,249.36
26623,0.8
26624,0.56
26625,0.92
26626,0.93
26627,99.92
26628,49.79
26629,49.91
26630,49.75
26631,24.34
26632,9.92
26633,0.88
26634,0.86
26635,0.76
26636,0.81
26637,0.51
26638,0.45
26639,0.48
26640,0.47
26641,0.56
26642,0.6
26643,0.58
26644,0.58
26645,0.5
26646,0.55
26647,0.66
26648,0.7
26649,29.29
26650,29.47
26651,49.81
26652,67.4
26653,1500.02
26654,1500.46
26655,1499.8
26656,914.64
26657,99.81
26658,1154.5
26659,2081.63
26660,2500.47
26661,2310.32
26662,2420.74
26663,3166.33
26664,3515.35
26665,3510.69
26666,3580.53
26667,3630.55
26668,3700.35
26669,3630.72
26670,3510.1
26671,2500.76
26672,2134.04
26673,1220.59
26674,2501.62
26675,3020.9
26676,3409.77
26677,3214.61
26678,3200.01
26679,2918.61
26680,2800.76
26681,3030.38
26682,3409.9
26683,3100.06
26684,3070.33
26685,2501.69
26686,2484.0
26687,2100.82
26688,2000.24
26689,2039.42
26690,2510.08
26691,2849.32
26692,3010.55
26693,2060.78
26694,2116.54
26695,2010.45
26696,1877.96
26697,999.81
26698,999.7
26699,1645.29
26700,1999.27
26701,1000.93
26702,1480.51
26703,2002.5
26704,2007.99
26705,2100.48
26706,2116.44
26707,2081.35
26708,2081.36
26709,2116.67
26710,2374.89
26711,2699.67
26712,2471.25
26713,2007.86
26714,1499.87
26715,2007.49
26716,2049.95
26717,2849.74
26718,2977.76
26719,3150.64
26720,2510.66
26721,2049.13
26722,1885.6
26723,784.04
26724,499.45
26725,1771.86
26726,2020.4
26727,1918.45
26728,1885.6
26729,1833.94
26730,1720.52
26731,2000.98
26732,1934.98
26733,1934.19
26734,1771.03
26735,399.67
26736,499.08
26737,299.05
26738,299.18
26739,99.5
26740,99.35
26741,2.77
26742,2.92
26743,9.46
26744,29.17
26745,9.61
26746,29.4
26747,9.92
26748,29.85
26749,99.25
26750,682.08
26751,299.95
26752,1140.06
26753,1989.41
26754,2313.65
26755,2466.21
26756,2327.55
26757,2471.84
26758,2550.41
26759,3196.92
26760,3409.12
26761,3117.31
26762,3409.13
26763,3409.82
26764,3377.45
26765,3329.24
26766,2826.33
26767,2911.52
26768,2500.63
26769,2519.77
26770,2999.04
26771,1628.51
26772,2374.14
26773,1799.59
26774,2500.71
26775,2143.25
26776,2092.21
26777,1968.0
26778,2042.32
26779,2116.81
26780,2100.74
26781,999.23
26782,887.83
26783,486.56
26784,99.94
26785,1300.74
26786,1989.35
26787,1500.0
26788,1499.33
26789,1499.69
26790,1859.72
26791,1499.74
26792,1499.47
26793,1918.58
26794,1934.94
26795,1499.53
26796,1499.63
26797,1918.38
26798,1499.92
26799,1934.1
26800,1499.75
26801,1067.91
26802,1499.24
26803,1989.69
26804,2039.09
26805,2000.76
26806,2039.89
26807,2039.31
26808,2002.31
26809,2763.84
26810,2929.38
26811,2977.25
26812,2313.6
26813,2849.52
26814,2250.07
26815,1720.53
26816,99.49
26817,99.48
26818,99.34
26819,1323.87
26820,1140.78
26821,1655.5
26822,1720.32
26823,299.88
26824,299.43
26825,299.34
26826,199.29
26827,299.66
26828,500.28
26829,785.33
26830,642.67
26831,299.93
26832,300.0
26833,299.81
26834,299.81
26835,299.31
26836,299.27
26837,99.62
26838,99.73
26839,299.57
26840,299.66
26841,687.6
26842,1040.92
26843,1323.44
26844,1552.66
26845,1124.2
26846,1552.8
26847,2007.59
26848,2135.15
26849,2500.28
26850,2699.0
26851,2499.1
26852,2415.11
26853,2332.49
26854,2374.03
26855,3515.97
26856,4035.88
26857,4943.74
26858,6505.19
26859,6005.43
26860,6455.74
26861,4706.91
26862,3945.57
26863,3512.24
26864,2699.8
26865,2116.01
26866,3449.91
26867,2693.92
26868,2699.13
26869,2733.25
26870,3196.88
26871,3209.19
26872,3196.5
26873,3196.49
26874,3196.73
26875,3232.75
26876,3070.55
26877,1235.4
26878,998.24
26879,499.27
26880,499.5
26881,3134.58
26882,3224.07
26883,3000.67
26884,2710.01
26885,2112.65
26886,1826.5
26887,2660.23
26888,2519.83
26889,2466.78
26890,2408.21
26891,2300.4
26892,2395.99
26893,2519.47
26894,2519.92
26895,2580.09
26896,2494.17
26897,2450.43
26898,2415.55
26899,2430.64
26900,2699.23
26901,3118.32
26902,3118.42
26903,3140.03
26904,3118.63
26905,3118.77
26906,3123.54
26907,3373.6
26908,3373.37
26909,3607.08
26910,3407.04
26911,2379.84
26912,1999.03
26913,1750.0
26914,1720.52
26915,1720.74
26916,1885.05
26917,1500.64
26918,1552.53
26919,1552.52
26920,1010.23
26921,299.37
26922,299.59
26923,299.15
26924,299.12
26925,299.44
26926,299.61
26927,299.9
26928,299.93
26929,800.13
26930,800.1
26931,299.9
26932,299.87
26933,299.15
26934,299.19
26935,299.39
26936,299.66
26937,1000.95
26938,1357.25
26939,1552.21
26940,1720.81
26941,1750.93
26942,2000.27
26943,2037.51
26944,2415.97
26945,2500.23
26946,3070.91
26947,3139.04
26948,3251.19
26949,3630.49
26950,3837.15
26951,3695.54
26952,4100.11
26953,4706.18
26954,6520.32
26955,6708.65
26956,10000.0
26957,10000.0
26958,10000.0
26959,6500.04
26960,4007.49
26961,3512.87
26962,3610.22
26963,3925.24
26964,4683.17
26965,3925.0
26966,3925.14
26967,3070.87
26968,2380.57
26969,1997.08
26970,2512.19
26971,3329.89
26972,3329.45
26973,3120.66
26974,3000.41
26975,3000.54
26976,2699.83
26977,3110.14
26978,3019.46
26979,2693.38
26980,2780.68
26981,2610.31
26982,2519.56
26983,2556.52
26984,2699.88
26985,3100.51
26986,3100.85
26987,2849.25
26988,2699.8
26989,2600.43
26990,2699.09
26991,2620.39
26992,2500.55
26993,2471.97
26994,2600.47
26995,2510.33
26996,2810.9
26997,3209.77
26998,3390.97
26999,3232.41
27000,3209.31
27001,3400.19
27002,3409.2
27003,3576.0
27004,3515.15
27005,3480.49
27006,3209.48
27007,2332.79
27008,2116.4
27009,1989.07
27010,2001.66
27011,1323.5
27012,426.36
27013,684.59
27014,1645.06
27015,1112.64
27016,499.99
27017,1545.95
27018,1545.89
27019,499.81
27020,499.53
27021,299.61
27022,299.71
27023,299.93
27024,499.27
27025,499.28
27026,494.1
27027,497.5
27028,445.64
27029,299.56
27030,299.61
27031,299.87
27032,299.98
27033,1630.12
27034,1730.78
27035,1907.02
27036,2037.97
27037,2135.99
27038,2177.34
27039,2977.99
27040,3291.0
27041,3310.56
27042,3407.94
27043,3600.46
27044,3573.33
27045,4007.95
27046,4748.78
27047,5064.58
27048,5361.39
27049,10000.0
27050,10000.0
27051,10000.0
27052,10000.0
27053,10000.0
27054,10000.0
27055,10000.0
27056,10000.0
27057,3839.72
27058,3519.94
27059,2971.23
27060,3270.08
27061,3433.09
27062,3700.17
27063,3510.14
27064,3400.03
27065,3329.82
27066,3330.65
27067,3290.71
27068,3493.53
27069,3290.36
27070,3249.34
27071,2872.82
27072,2733.88
27073,2863.81
27074,2850.19
27075,2959.25
27076,2699.38
27077,2519.85
27078,2550.57
27079,2500.51
27080,2395.7
27081,2601.27
27082,2750.98
27083,2620.25
27084,2494.47
27085,2320.01
27086,2500.96
27087,2620.98
27088,2849.13
27089,2680.41
27090,2849.29
27091,2854.64
27092,2854.66
27093,2949.71
27094,3146.32
27095,3373.55
27096,3400.47
27097,3607.25
27098,3480.86
27099,3661.36
27100,3607.85
27101,3710.86
27102,3335.96
27103,2854.88
27104,2358.51
27105,2037.17
27106,1999.94
27107,1885.89
27108,1552.71
27109,1993.86
27110,1885.24
27111,1750.24
27112,1552.97
27113,1552.77
27114,1701.42
27115,1701.37
27116,1552.38
27117,1630.14
27118,1552.89
27119,999.54
27120,606.0
27121,999.65
27122,1319.9
27123,1002.87
27124,914.63
27125,299.93
27126,499.85
27127,999.43
27128,1384.94
27129,1650.01
27130,1937.0
27131,1937.62
27132,2007.78
27133,2037.34
27134,2394.93
27135,2999.5
27136,3130.95
27137,3291.06
27138,3433.93
27139,3407.34
27140,3661.19
27141,3510.25
27142,3600.66
27143,4065.14
27144,4748.96
27145,10000.0
27146,10000.0
27147,10000.0
27148,10000.0
27149,10000.0
27150,10000.0
27151,10000.0
27152,10000.0
27153,9998.81
27154,5500.41
27155,1499.08
27156,2075.27
27157,1651.73
27158,3000.4
27159,3330.17
27160,3200.96
27161,2880.42
27162,2913.59
27163,3078.98
27164,3200.34
27165,2913.76
27166,2763.64
27167,2660.63
27168,2660.03
27169,2550.09
27170,2650.62
27171,2800.04
27172,2699.1
27173,1754.3
27174,1596.82
27175,1999.86
27176,2210.07
27177,2395.68
27178,2487.08
27179,2519.91
27180,2550.3
27181,2415.51
27182,2130.16
27183,2395.26
27184,2430.69
27185,2600.07
27186,2800.33
27187,2929.1
27188,2970.38
27189,2854.03
27190,2854.07
27191,2854.89
27192,2861.67
27193,2999.14
27194,3118.94
27195,3270.33
27196,3224.8
27197,3407.25
27198,3330.25
27199,2854.54
27200,2699.72
27201,2177.23
27202,2135.13
27203,2049.31
27204,1993.08
27205,1999.46
27206,1720.67
27207,1885.6
27208,1730.56
27209,1384.03
27210,1464.58
27211,1659.45
27212,1730.32
27213,1384.84
27214,1317.55
27215,512.79
27216,399.96
27217,499.64
27218,1170.95
27219,1020.21
27220,1081.58
27221,299.4
27222,299.3
27223,299.62
27224,760.8
27225,1552.36
27226,1650.76
27227,1750.34
27228,1913.13
27229,2099.58
27230,2395.86
27231,3130.58
27232,3310.56
27233,3229.71
27234,3310.1
27235,3407.21
27236,3607.44
27237,3663.37
27238,3842.73
27239,4550.13
27240,5505.61
27241,9999.2
27242,10000.0
27243,10000.0
27244,10000.0
27245,10000.0
27246,10000.0
27247,4300.99
27248,3499.4
27249,2550.19
27250,2550.85
27251,2512.3
27252,3224.85
27253,3661.51
27254,3720.96
27255,3296.44
27256,3000.64
27257,3400.49
27258,3607.27
27259,3433.99
27260,3407.89
27261,3407.03
27262,3291.66
27263,3236.6
27264,3000.04
27265,2800.59
27266,3224.24
27267,2699.23
27268,2470.67
27269,2500.48
27270,2580.97
27271,2849.02
27272,2949.02
27273,2959.6
27274,3118.18
27275,2763.56
27276,2585.57
27277,2700.9
27278,2700.63
27279,2854.65
27280,2854.31
27281,2872.55
27282,3100.13
27283,3110.79
27284,2999.05
27285,3110.54
27286,3150.37
27287,3224.21
27288,3224.62
27289,3251.65
27290,3224.68
27291,3291.47
27292,3270.13
27293,3250.37
27294,3229.49
27295,2854.74
27296,2519.42
27297,1910.8
27298,1596.35
27299,2037.16
27300,1994.05
27301,1910.12
27302,1730.16
27303,399.49
27304,399.17
27305,99.42
27306,198.06
27307,299.36
27308,299.42
27309,299.33
27310,299.22
27311,299.09
27312,299.26
27313,299.18
27314,299.21
27315,299.02
27316,199.64
27317,89.71
27318,79.37
27319,99.47
27320,99.98
27321,299.07
27322,512.38
27323,912.54
27324,1236.11
27325,1750.69
27326,1994.8
27327,2330.98
27328,2470.6
27329,3046.9
27330,3310.37
27331,3270.21
27332,3310.73
27333,2999.0
27334,3236.57
27335,3807.33
27336,4200.82
27337,4548.28
27338,4700.36
27339,4299.37
27340,4037.66
27341,3580.28
27342,2699.48
27343,3012.23
27344,2499.64
27345,3224.16
27346,3224.13
27347,3300.84
27348,3480.96
27349,3382.21
27350,3407.14
27351,3224.02
27352,3200.15
27353,2750.89
27354,3100.87
27355,2999.11
27356,2872.44
27357,2700.99
27358,2800.52
27359,2610.67
27360,2470.34
27361,2700.72
27362,2850.37
27363,2872.84
27364,2832.73
27365,2699.17
27366,2620.38
27367,2763.48
27368,2763.59
27369,2860.11
27370,2766.71
27371,2810.02
27372,2800.8
27373,2900.51
27374,2849.55
27375,2800.69
27376,2733.33
27377,3000.67
27378,3000.05
27379,3102.4
27380,3038.3
27381,2949.73
27382,2949.95
27383,3118.84
27384,3224.58
27385,3607.16
27386,3609.03
27387,3796.1
27388,3837.7
27389,3661.29
27390,3480.03
27391,3500.73
27392,3473.1
27393,3130.84
27394,2970.75
27395,3091.61
27396,2807.41
27397,2185.49
27398,2177.15
27399,2037.2
27400,2037.18
27401,1993.82
27402,2049.16
27403,2037.57
27404,2019.1
27405,2013.12
27406,1999.45
27407,1701.04
27408,1630.28
27409,1510.55
27410,1650.17
27411,1650.2
27412,1630.88
27413,819.58
27414,1000.54
27415,1550.63
27416,1730.25
27417,2037.2
27418,2199.64
27419,2049.47
27420,2150.91
27421,2299.73
27422,2510.9
27423,3060.14
27424,3291.38
27425,3291.29
27426,3330.22
27427,3561.75
27428,3661.0
27429,3923.28
27430,4193.44
27431,4548.91
27432,6000.17
27433,10000.0
27434,10000.0
27435,10000.0
27436,10000.0
27437,10000.0
27438,10000.0
27439,5499.96
27440,4900.39
27441,3795.06
27442,3839.01
27443,4007.73
27444,3910.42
27445,3661.22
27446,3661.66
27447,3736.94
27448,3731.27
27449,3807.79
27450,3784.18
27451,3778.24
27452,3609.65
27453,3515.98
27454,3329.43
27455,3220.82
27456,3100.16
27457,3064.46
27458,3000.06
27459,2970.79
27460,2999.23
27461,2872.61
27462,2970.39
27463,3118.06
27464,3118.8
27465,3224.8
27466,3373.11
27467,3270.72
27468,3224.84
27469,3118.8
27470,3118.04
27471,3118.34
27472,3118.25
27473,2800.78
27474,2970.13
27475,2630.07
27476,2800.57
27477,3373.86
27478,3573.05
27479,3573.82
27480,3530.07
27481,3807.48
27482,3661.81
27483,3716.32
27484,3807.96
27485,3682.0
27486,3433.47
27487,3200.41
27488,3224.77
27489,3000.93
27490,2913.23
27491,2049.44
27492,2007.65
27493,2037.33
27494,2037.82
27495,1994.89
27496,1994.86
27497,1750.01
27498,1755.53
27499,2037.74
27500,2049.42
27501,2019.85
27502,2013.3
27503,2037.89
27504,2049.13
27505,2037.36
27506,2037.87
27507,1994.71
27508,1828.94
27509,1197.0
27510,1384.82
27511,1730.04
27512,1885.15
27513,2007.16
27514,2315.14
27515,2394.71
27516,2785.23
27517,2929.82
27518,3130.74
27519,3223.07
27520,3373.97
27521,3609.06
27522,3838.48
27523,3796.24
27524,4253.66
27525,4683.35
27526,5500.01
27527,6500.77
27528,10000.0
27529,10000.0
27530,10000.0
27531,10000.0
27532,10000.0
27533,10000.0
27534,10000.0
27535,10000.0
27536,5800.63
27537,3839.02
27538,4249.3
27539,4296.33
27540,4700.02
27541,3839.1
27542,3440.04
27543,4037.56
27544,4007.76
27545,3759.46
27546,3759.61
27547,3329.31
27548,3066.14
27549,2821.5
27550,2710.94
27551,2699.57
27552,2538.66
27553,3200.21
27554,3224.61
27555,3070.71
27556,2929.41
27557,2720.04
27558,2699.64
27559,2872.39
27560,3110.15
27561,3224.76
27562,3291.62
27563,3224.19
27564,3235.23
27565,3118.4
27566,3099.21
27567,2970.71
27568,2850.35
27569,2700.97
27570,2800.28
27571,2970.97
27572,3118.61
27573,3146.26
27574,3224.68
27575,3607.88
27576,3796.73
27577,4055.41
27578,3796.67
27579,3796.65
27580,4007.16
27581,3807.5
27582,3473.3
27583,3473.65
27584,3335.85
27585,3118.55
27586,2959.41
27587,2485.11
27588,2466.61
27589,2013.41
27590,2037.58
27591,2015.52
27592,1999.01
27593,1993.39
27594,1999.89
27595,1750.75
27596,1701.86
27597,1810.37
27598,1999.63
27599,1913.69
27600,1750.9
27601,1701.85
27602,1630.8
27603,999.9
27604,512.52
27605,400.08
27606,299.92
27607,1820.03
27608,2007.17
27609,2315.12
27610,2713.73
27611,2854.67
27612,2785.42
27613,3131.0
27614,3291.33
27615,3224.43
27616,3407.6
27617,3407.69
27618,3573.78
27619,3923.52
27620,3850.66
27621,3661.8
27622,3901.72
27623,5064.79
27624,10000.0
27625,10000.0
27626,10000.0
27627,10000.0
27628,10000.0
27629,10000.0
27630,10000.0
27631,10000.0
27632,5529.01
27633,3720.22
27634,4850.66
27635,4748.4
27636,4748.1
27637,3699.41
27638,3661.41
27639,3433.02
27640,3329.98
27641,3310.53
27642,3310.8
27643,2999.59
27644,2699.6
27645,2852.58
27646,2970.27
27647,2611.54
27648,2112.9
27649,2970.22
27650,3118.99
27651,3290.84
27652,3224.22
27653,2970.93
27654,3110.9
27655,3110.27
27656,3070.37
27657,3118.7
27658,3118.68
27659,3110.79
27660,3000.44
27661,2999.93
27662,2970.74
27663,3118.36
27664,3118.32
27665,3110.76
27666,3118.16
27667,3118.83
27668,3129.69
27669,3270.43
27670,3407.87
27671,3600.52
27672,3695.39
27673,3716.95
27674,3620.82
27675,4092.51
27676,4100.41
27677,3882.79
27678,3639.05
27679,3433.03
27680,3118.09
27681,3118.4
27682,3010.89
27683,2999.91
27684,2619.75
27685,2430.62
27686,2415.26
27687,2049.96
27688,2049.37
27689,1993.43
27690,1994.31
27691,2135.94
27692,2135.19
27693,2013.69
27694,1994.24
27695,2013.14
27696,2013.24
27697,1750.94
27698,1755.47
27699,1994.09
27700,1800.9
27701,1730.16
27702,1750.21
27703,1880.05
27704,1755.94
27705,2013.77
27706,2177.27
27707,2494.46
27708,2849.75
27709,2619.17
27710,2913.74
27711,3310.82
27712,3480.21
27713,3473.97
27714,3842.99
27715,4053.83
27716,4100.62
27717,3990.58
27718,4812.02
27719,10000.0
27720,10000.0
27721,10000.0
27722,10000.0
27723,10000.0
27724,10000.0
27725,10000.0
27726,10000.0
27727,10000.0
27728,4650.61
27729,3500.2
27730,3958.42
27731,3008.92
27732,3400.6
27733,3110.12
27734,3392.16
27735,4007.15
27736,4007.04
27737,3807.79
27738,4055.94
27739,4000.15
27740,3807.74
27741,3634.24
27742,3438.64
27743,3252.15
27744,3001.0
27745,2733.36
27746,2850.22
27747,3134.47
27748,3139.81
27749,3118.28
27750,3330.42
27751,3407.16
27752,3373.75
27753,3407.85
27754,3407.89
27755,3350.33
27756,3330.78
27757,3191.91
27758,3118.88
27759,3224.02
27760,3139.28
27761,3181.08
27762,3237.14
27763,3291.23
27764,3373.36
27765,3607.16
27766,3784.27
27767,3661.58
27768,3661.21
27769,3607.8
27770,3661.77
27771,4253.26
27772,4499.02
27773,4227.83
27774,3837.31
27775,3780.33
27776,3480.08
27777,3373.68
27778,3291.99
27779,2999.29
27780,2680.45
27781,2470.51
27782,2494.3
27783,2390.06
27784,2177.12
27785,2013.58
27786,2408.88
27787,2185.76
27788,2037.31
27789,1750.65
27790,1880.67
27791,1994.02
27792,1994.87
27793,1999.3
27794,2015.34
27795,1999.33
27796,1755.9
27797,909.65
27798,1208.06
27799,1993.89
27800,2037.14
27801,2415.58
27802,2999.15
27803,3139.3
27804,3224.39
27805,3140.97
27806,3224.7
27807,3407.13
27808,3448.35
27809,3604.47
27810,4000.28
27811,4055.23
27812,4053.81
27813,4240.23
27814,5459.45
27815,10000.0
27816,10000.0
27817,10000.0
27818,10000.0
27819,10000.0
27820,10000.0
27821,10000.0
27822,10000.0
27823,10000.0
27824,4300.54
27825,3020.12
27826,4300.1
27827,4300.49
27828,4240.11
27829,4200.91
27830,4227.21
27831,3839.47
27832,3837.54
27833,3839.7
27834,3983.85
27835,3763.81
27836,3000.55
27837,2733.01
27838,2810.6
27839,3000.06
27840,2822.36
27841,3190.53
27842,3579.27
27843,3340.56
27844,3139.29
27845,2970.93
27846,2999.19
27847,3114.63
27848,3118.67
27849,3224.98
27850,3407.24
27851,3224.54
27852,3237.06
27853,3224.5
27854,3180.74
27855,3224.75
27856,3224.63
27857,3180.63
27858,3180.74
27859,3330.23
27860,3400.4
27861,3330.83
27862,3450.58
27863,3433.28
27864,3500.64
27865,3764.69
27866,4007.4
27867,4089.42
27868,3892.76
27869,3229.73
27870,3050.68
27871,3139.67
27872,2599.62
27873,2970.92
27874,3118.28
27875,2713.7
27876,2395.47
27877,2037.44
27878,2000.85
27879,1885.68
27880,1750.52
27881,1730.6
27882,2007.41
27883,2430.97
27884,2485.27
27885,2494.8
27886,2420.52
27887,2395.53
27888,2177.55
27889,2185.07
27890,2099.39
27891,1999.9
27892,1993.41
27893,1384.11
27894,1500.15
27895,1999.69
27896,2177.12
27897,2250.47
27898,2800.37
27899,3066.06
27900,3066.95
27901,3118.99
27902,3291.43
27903,3418.71
27904,3561.32
27905,3407.35
27906,3118.63
27907,3118.89
27908,3607.15
27909,4053.96
27910,4964.3
27911,6176.0
27912,10000.0
27913,10000.0
27914,10000.0
27915,10000.0
27916,10000.0
27917,10000.0
27918,10000.0
27919,10000.0
27920,4200.56
27921,3329.97
27922,4189.18
27923,4355.34
27924,3837.48
27925,4650.52
27926,4500.6
27927,4499.71
27928,4200.8
27929,3484.35
27930,3380.83
27931,3600.95
27932,3485.32
27933,3784.35
27934,4007.07
27935,3784.44
27936,3390.7
27937,2500.76
27938,2689.3
27939,3066.93
27940,3224.18
27941,3510.27
27942,3573.81
27943,3579.08
27944,3480.7
27945,3407.8
27946,3480.16
27947,3500.21
27948,3480.49
27949,3410.83
27950,3330.8
27951,3373.01
27952,3224.84
27953,3067.85
27954,3118.05
27955,3118.96
27956,3140.29
27957,3356.76
27958,3560.99
27959,3561.62
27960,3418.98
27961,3684.67
27962,3661.45
27963,3562.14
27964,3418.2
27965,3154.9
27966,3118.86
27967,3312.87
27968,3134.47
27969,2185.24
27970,2000.84
27971,611.81
27972,200.72
27973,1730.49
27974,2015.89
27975,2013.04
27976,2015.05
27977,2007.26
27978,1994.62
27979,2037.93
27980,2007.44
27981,1750.32
27982,1701.83
27983,1384.88
27984,1500.36
27985,1730.95
27986,1730.35
27987,1372.0
27988,1000.95
27989,399.97
27990,695.27
27991,1701.54
27992,1730.93
27993,2007.23
27994,2394.83
27995,2494.91
27996,2999.03
27997,2597.51
27998,3010.82
27999,3118.7
28000,3291.62
28001,3118.81
28002,3222.0
28003,3118.84
28004,3440.29
28005,2680.5
28006,3252.58
28007,3710.89
28008,4500.81
28009,4999.94
28010,5000.82
28011,3879.47
28012,3739.51
28013,3839.38
28014,3573.97
28015,2816.51
28016,2500.93
28017,3837.15
28018,4253.74
28019,4227.86
28020,4035.63
28021,3839.76
28022,3784.35
28023,3807.43
28024,3807.32
28025,3807.52
28026,3807.07
28027,3784.51
28028,3513.04
28029,3579.48
28030,3480.71
28031,3573.54
28032,3480.12
28033,2500.41
28034,2500.51
28035,3118.74
28036,3407.37
28037,3407.99
28038,3480.46
28039,3480.0
28040,3407.9
28041,3407.99
28042,3407.35
28043,3433.69
28044,3407.92
28045,3224.44
28046,3224.53
28047,3224.84
28048,3224.11
28049,3118.66
28050,3200.64
28051,3200.27
28052,3280.91
28053,3480.47
28054,3573.75
28055,3573.51
28056,3407.14
28057,3099.39
28058,2680.93
28059,3607.75
28060,3607.07
28061,3460.62
28062,3224.92
28063,3224.91
28064,2850.72
28065,2499.52
28066,2015.28
28067,1355.93
28068,1755.85
28069,1750.09
28070,1880.16
28071,1499.52
28072,499.61
28073,1755.76
28074,2000.03
28075,2010.44
28076,1994.67
28077,1236.38
28078,499.39
28079,198.9
28080,221.65
28081,499.54
28082,499.79
28083,500.96
28084,499.13
28085,407.37
28086,1136.05
28087,1236.77
28088,1236.49
28089,1730.06
28090,1913.75
28091,1993.55
28092,1993.13
28093,1750.42
28094,1940.77
28095,2039.47
28096,2550.08
28097,2049.27
28098,2049.78
28099,2619.07
28100,3070.45
28101,1999.93
28102,2849.33
28103,3510.85
28104,4227.51
28105,4227.82
28106,4249.34
28107,3212.39
28108,2409.88
28109,2699.04
28110,2879.67
28111,1999.86
28112,749.48
28113,1999.58
28114,2430.51
28115,2356.0
28116,2519.8
28117,2849.92
28118,2849.8
28119,2970.43
28120,2849.84
28121,3310.27
28122,3373.77
28123,3160.33
28124,3066.1
28125,2612.09
28126,2499.48
28127,2010.79
28128,1999.34
28129,98.24
28130,98.36
28131,2000.91
28132,2210.49
28133,2500.21
28134,2500.75
28135,2470.62
28136,2000.97
28137,1788.8
28138,1616.53
28139,2049.78
28140,2059.1
28141,2500.18
28142,2500.72
28143,2000.85
28144,1890.69
28145,2060.0
28146,2049.73
28147,2650.1
28148,2680.7
28149,2844.65
28150,2699.9
28151,2717.94
28152,2699.89
28153,3118.54
28154,2618.87
28155,3140.28
28156,3140.57
28157,3118.43
28158,2781.11
28159,3118.67
28160,2849.67
28161,2049.07
28162,2037.71
28163,1750.9
28164,1135.24
28165,1994.55
28166,2000.05
28167,2039.14
28168,2015.24
28169,2049.18
28170,2177.43
28171,2199.89
28172,2177.67
28173,2039.97
28174,2037.63
28175,1236.94
28176,499.76
28177,299.59
28178,1000.99
28179,1500.6
28180,1384.68
28181,999.65
28182,1505.39
28183,1730.87
28184,1800.1
28185,1730.42
28186,1993.01
28187,1810.26
28188,2000.58
28189,1990.5
28190,2037.88
28191,2049.89
28192,2494.5
28193,2415.28
28194,2199.95
28195,2015.53
28196,2039.76
28197,2250.24
28198,2177.12
28199,2970.14
28200,3500.22
28201,3607.1
28202,3480.98
28203,2599.48
28204,982.89
28205,1500.3
28206,1000.47
28207,2039.19
28208,2039.48
28209,2619.97
28210,3224.33
28211,3100.52
28212,2844.97
28213,2720.67
28214,2844.08
28215,2470.22
28216,2000.47
28217,3000.64
28218,3139.23
28219,3118.5
28220,2680.98
28221,2351.95
28222,2000.04
28223,1499.75
28224,1499.11
28225,1993.72
28226,2000.9
28227,2680.27
28228,2707.26
28229,3118.01
28230,3066.3
28231,2699.29
28232,2305.7
28233,2059.79
28234,1804.0
28235,2494.28
28236,2600.94
28237,2510.24
28238,2060.34
28239,2059.42
28240,2210.59
28241,2600.76
28242,2519.79
28243,2682.09
28244,2666.47
28245,2520.44
28246,2499.95
28247,2494.21
28248,2210.92
28249,1994.45
28250,1499.61
28251,2766.14
28252,3046.02
28253,3139.21
28254,2619.87
28255,2466.05
28256,2250.78
28257,1792.57
28258,2007.24
28259,752.07
28260,309.93
28261,99.1
28262,299.57
28263,1994.87
28264,1730.51
28265,1913.39
28266,1755.38
28267,752.4
28268,99.73
28269,99.21
28270,99.31
28271,183.0
28272,99.57
28273,99.04
28274,58.77
28275,23.49
28276,10.0
28277,9.97
28278,20.65
28279,20.73
28280,24.75
28281,58.8
28282,199.34
28283,1000.31
28284,1000.97
28285,1730.36
28286,2000.24
28287,2037.59
28288,2177.94
28289,2415.65
28290,2260.86
28291,2049.31
28292,2699.0
28293,2820.18
28294,3300.81
28295,3579.75
28296,4053.79
28297,4124.21
28298,3700.07
28299,2849.9
28300,3000.04
28301,3099.81
28302,2699.16
28303,2840.0
28304,2849.66
28305,2889.74
28306,3407.09
28307,3550.52
28308,3607.6
28309,3224.7
28310,2849.24
28311,2849.68
28312,2699.26
28313,2680.85
28314,3104.95
28315,2849.02
28316,2611.57
28317,3160.3
28318,3020.54
28319,2741.39
28320,2849.18
28321,2710.89
28322,2204.77
28323,2500.78
28324,2466.11
28325,2220.22
28326,2320.89
28327,2680.21
28328,2707.93
28329,2619.82
28330,2466.97
28331,2466.78
28332,2520.8
28333,2470.58
28334,2500.08
28335,2520.5
28336,2494.41
28337,2408.25
28338,2211.92
28339,2408.18
28340,2619.4
28341,2752.15
28342,2619.5
28343,2619.39
28344,2395.78
28345,2600.29
28346,2550.67
28347,2910.33
28348,3010.37
28349,3139.91
28350,3139.19
28351,3330.77
28352,3224.0
28353,3224.93
28354,3118.74
28355,2250.43
28356,1994.25
28357,2250.85
28358,2499.23
28359,2849.34
28360,2408.38
28361,1994.94
28362,1755.75
28363,1730.43
28364,1750.62
28365,1449.0
28366,1000.97
28367,1296.0
28368,1384.74
28369,1500.82
28370,1550.08
28371,1505.0
28372,1500.14
28373,1236.14
28374,199.47
28375,1236.87
28376,1655.7
28377,1730.8
28378,2007.55
28379,1500.88
28380,823.58
28381,1236.09
28382,1940.38
28383,2049.76
28384,2537.6
28385,3291.23
28386,3310.94
28387,3310.96
28388,3510.13
28389,3561.39
28390,3796.7
28391,4735.23
28392,5161.64
28393,8281.38
28394,8000.92
28395,5529.64
28396,5500.24
28397,4500.88
28398,4109.77
28399,3837.28
28400,3329.31
28401,2470.76
28402,3329.86
28403,3607.12
28404,3573.17
28405,3440.93
28406,3224.49
28407,3291.44
28408,3252.39
28409,3224.61
28410,3407.81
28411,3140.0
28412,3000.47
28413,2970.74
28414,2959.85
28415,2060.03
28416,1799.62
28417,3373.0
28418,3407.73
28419,3407.35
28420,3330.28
28421,3118.49
28422,3110.72
28423,3064.8
28424,2970.65
28425,2849.15
28426,2680.76
28427,2690.82
28428,2710.18
28429,2766.34
28430,2849.02
28431,3000.28
28432,2970.14
28433,2849.26
28434,2766.21
28435,2690.94
28436,2970.21
28437,2990.06
28438,3224.01
28439,3000.46
28440,2752.42
28441,2681.23
28442,2494.95
28443,2913.87
28444,2970.31
28445,3224.87
28446,3146.61
28447,3400.91
28448,3200.15
28449,2849.45
28450,2629.16
28451,3239.57
28452,3134.87
28453,2408.11
28454,2013.95
28455,2419.81
28456,2177.06
28457,2037.46
28458,2359.81
28459,2466.7
28460,2328.48
28461,2415.35
28462,2408.33
28463,2395.23
28464,2376.73
28465,2099.35
28466,2100.04
28467,2013.78
28468,1885.92
28469,1885.21
28470,2013.54
28471,1750.65
28472,1755.24
28473,2150.45
28474,2469.65
28475,2680.65
28476,2820.75
28477,3120.44
28478,3212.18
28479,3440.82
28480,3600.02
28481,3663.99
28482,4000.14
28483,4048.47
28484,4741.95
28485,4092.99
28486,4964.6
28487,10000.0
28488,10000.0
28489,10000.0
28490,10000.0
28491,10000.0
28492,10000.0
28493,5529.49
28494,4440.26
28495,3500.52
28496,2470.29
28497,2921.8
28498,4007.91
28499,3749.4
28500,3807.87
28501,3000.14
28502,2750.06
28503,3607.58
28504,3607.93
28505,3607.99
28506,3607.22
28507,3600.52
28508,3407.48
28509,3485.0
28510,3480.22
28511,3330.88
28512,3291.82
28513,3450.73
28514,3480.14
28515,3607.25
28516,3440.41
28517,3407.88
28518,3480.27
28519,3276.2
28520,3200.59
28521,2999.32
28522,3118.02
28523,3212.2
28524,3210.92
28525,3200.73
28526,3070.62
28527,3100.92
28528,3100.57
28529,2930.67
28530,2810.15
28531,2810.33
28532,2970.8
28533,3070.55
28534,3290.72
28535,3291.28
28536,3320.73
28537,3407.33
28538,3335.57
28539,3610.3
28540,3663.61
28541,3796.68
28542,3607.69
28543,3400.42
28544,3212.99
28545,2970.39
28546,2430.37
28547,2699.25
28548,2767.91
28549,2910.59
28550,3118.13
28551,2499.86
28552,2499.31
28553,2599.49
28554,2466.1
28555,2430.84
28556,2415.05
28557,1885.88
28558,1885.87
28559,1399.98
28560,1730.54
28561,1730.41
28562,1885.68
28563,1885.02
28564,1750.57
28565,999.19
28566,899.88
28567,1730.04
28568,1750.72
28569,1755.48
28570,2177.59
28571,2037.01
28572,2037.68
28573,2499.78
28574,2990.76
28575,3330.48
28576,3473.31
28577,4619.08
28578,5499.43
28579,4619.45
28580,4741.26
28581,3661.63
28582,4748.82
28583,5500.31
28584,9999.37
28585,10000.0
28586,10000.0
28587,8999.87
28588,5499.13
28589,3500.74
28590,2512.62
28591,3317.65
28592,1999.41
28593,3291.66
28594,4000.19
28595,3840.79
28596,3839.32
28597,3784.12
28598,3607.95
28599,3433.46
28600,3400.79
28601,3407.1
28602,3573.89
28603,3407.78
28604,3380.45
28605,3224.4
28606,3236.1
28607,3291.44
28608,3224.03
28609,3059.19
28610,3229.18
28611,3065.97
28612,2999.96
28613,2850.3
28614,2970.4
28615,3212.09
28616,3224.16
28617,3000.85
28618,2999.49
28619,2850.68
28620,2851.32
28621,2849.04
28622,2810.98
28623,2650.54
28624,2677.76
28625,2550.76
28626,2619.04
28627,2750.87
28628,2959.61
28629,2680.38
28630,3118.23
28631,2619.27
28632,2400.12
28633,2426.53
28634,1999.15
28635,2498.95
28636,2849.45
28637,2470.69
28638,2210.67
28639,2619.33
28640,2510.83
28641,2494.6
28642,2418.58
28643,2059.12
28644,1755.39
28645,2200.07
28646,2177.76
28647,2010.76
28648,1994.8
28649,2000.04
28650,2000.24
28651,1755.87
28652,1356.62
28653,1099.49
28654,1236.79
28655,1619.57
28656,1619.19
28657,999.59
28658,1250.02
28659,749.3
28660,499.12
28661,99.11
28662,99.53
28663,1188.35
28664,1655.84
28665,1894.23
28666,2000.52
28667,2037.06
28668,2013.58
28669,2039.36
28670,2350.83
28671,2177.29
28672,2415.66
28673,2499.55
28674,2913.17
28675,3000.78
28676,3139.56
28677,3160.23
28678,3290.46
28679,3480.54
28680,3573.4
28681,3099.05
28682,2291.79
28683,1931.55
28684,2470.27
28685,3000.97
28686,2999.93
28687,1999.31
28688,1806.92
28689,2619.96
28690,3407.3
28691,3360.58
28692,3330.27
28693,2334.05
28694,2380.73
28695,3146.19
28696,3224.18
28697,3200.56
28698,3373.01
28699,3291.15
28700,3064.82
28701,2600.23
28702,2401.39
28703,2619.24
28704,2600.93
28705,2680.06
28706,2494.87
28707,2520.73
28708,2690.82
28709,2699.9
28710,2699.54
28711,2707.03
28712,2699.02
28713,2619.55
28714,2550.39
28715,2500.89
28716,2499.09
28717,2415.82
28718,2408.65
28719,2494.46
28720,2499.41
28721,2519.62
28722,2650.37
28723,2645.56
28724,2680.88
28725,2699.67
28726,2534.24
28727,2210.42
28728,1746.95
28729,2252.57
28730,2470.77
28731,3273.7
28732,3330.2
28733,3330.51
28734,3335.44
28735,3212.79
28736,3212.18
28737,2970.79
28738,2485.13
28739,2013.22
28740,2430.57
28741,2466.07
28742,2600.77
28743,1755.49
28744,1236.8
28745,1499.24
28746,1755.12
28747,2037.98
28748,2177.88
28749,2099.34
28750,2013.28
28751,2013.28
28752,1821.26
28753,1428.78
28754,933.87
28755,499.94
28756,1384.64
28757,1755.8
28758,1940.58
28759,1850.13
28760,1756.0
28761,1730.17
28762,1999.45
28763,2100.69
28764,2306.15
28765,2239.45
28766,2415.43
28767,2707.98
28768,2999.29
28769,2494.71
28770,2185.15
28771,1180.03
28772,1999.89
28773,894.18
28774,999.54
28775,1556.0
28776,2849.23
28777,2510.86
28778,2523.04
28779,2295.27
28780,933.81
28781,2495.0
28782,2600.05
28783,2408.38
28784,1370.26
28785,176.0
28786,933.93
28787,2395.84
28788,2510.68
28789,2415.23
28790,2415.6
28791,2494.79
28792,2600.17
28793,2395.67
28794,2408.83
28795,1755.1
28796,1730.0
28797,1384.95
28798,1730.46
28799,1524.05
28800,841.55
28801,2177.32
28802,2395.9
28803,2279.36
28804,2219.55
28805,2039.28
28806,1999.5
28807,1487.99
28808,1487.18
28809,1487.91
28810,1730.17
28811,1487.75
28812,1600.77
28813,1487.71
28814,1487.99
28815,1592.47
28816,1450.01
28817,1487.97
28818,1730.02
28819,1750.1
28820,1925.49
28821,1487.57
28822,1547.44
28823,2007.04
28824,2049.72
28825,1487.87
28826,1236.31
28827,1730.16
28828,2039.67
28829,2430.87
28830,2395.27
28831,2049.39
28832,1487.89
28833,1999.34
28834,1499.46
28835,2409.0
28836,2494.76
28837,2408.82
28838,2494.94
28839,2584.51
28840,2466.83
28841,2707.34
28842,2680.94
28843,2210.6
28844,2037.6
28845,749.68
28846,934.28
28847,1730.26
28848,1885.57
28849,1755.82
28850,1940.22
28851,1750.5
28852,1655.93
28853,1112.68
28854,1592.34
28855,1619.27
28856,1750.03
28857,934.8
28858,1218.95
28859,99.02
28860,99.25
28861,299.91
28862,699.39
28863,699.91
28864,1500.67
28865,2415.27
28866,2820.3
28867,2494.26
28868,2415.77
28869,699.44
28870,2210.46
28871,2849.37
28872,3330.36
28873,3790.19
28874,3661.85
28875,2494.61
28876,999.26
28877,933.6
28878,933.73
28879,1755.38
28880,2415.19
28881,1384.36
28882,2415.31
28883,2415.85
28884,2415.79
28885,2037.5
28886,1730.56
28887,933.88
28888,933.16
28889,999.46
28890,1750.82
28891,2013.95
28892,2000.73
28893,2000.24
28894,1750.33
28895,1894.61
28896,1755.94
28897,1755.33
28898,1730.19
28899,1750.18
28900,1750.11
28901,1750.3
28902,1755.04
28903,1994.32
28904,1993.3
28905,1730.77
28906,1500.81
28907,1586.73
28908,1576.07
28909,1692.57
28910,1600.36
28911,1600.83
28912,1487.71
28913,999.69
28914,1068.47
28915,1730.32
28916,1993.06
28917,2039.27
28918,2049.5
28919,2037.19
28920,2049.99
28921,2099.61
28922,2039.07
28923,2395.42
28924,2415.93
28925,2820.69
28926,2820.98
28927,2879.64
28928,2820.47
28929,2913.52
28930,2849.41
28931,2234.76
28932,1750.92
28933,99.53
28934,400.26
28935,49.01
28936,99.13
28937,29.9
28938,99.54
28939,99.55
28940,58.74
28941,49.67
28942,99.02
28943,99.47
28944,99.19
28945,69.64
28946,49.76
28947,29.96
28948,29.9
28949,29.36
28950,29.43
28951,29.02
28952,29.23
28953,29.74
28954,49.65
28955,99.56
28956,400.27
28957,400.06
28958,400.64
28959,1433.67
28960,1520.9
28961,2013.26
28962,2500.26
28963,3070.97
28964,3224.73
28965,2970.15
28966,2879.16
28967,3330.07
28968,3424.41
28969,3842.71
28970,3842.84
28971,2856.99
28972,2024.03
28973,2800.16
28974,2415.38
28975,2306.2
28976,1785.95
28977,2306.62
28978,2849.12
28979,3290.18
28980,3224.33
28981,2470.4
28982,2408.93
28983,1999.35
28984,2199.7
28985,2600.35
28986,2850.69
28987,2266.87
28988,2000.49
28989,2395.73
28990,2395.17
28991,2240.22
28992,2300.84
28993,2410.09
28994,2494.8
28995,2494.98
28996,2494.96
28997,2408.9
28998,2283.68
28999,2395.97
29000,2219.83
29001,2177.72
29002,2049.89
29003,2099.1
29004,2049.42
29005,1999.32
29006,1812.78
29007,1730.49
29008,1755.31
29009,1885.62
29010,2015.08
29011,2049.84
29012,2260.56
29013,2408.2
29014,2820.0
29015,2662.63
29016,2599.63
29017,2766.34
29018,2707.35
29019,3290.22
29020,3310.81
29021,3373.77
29022,3330.46
29023,3291.06
29024,2913.08
29025,2960.88
29026,2960.49
29027,3118.71
29028,2960.78
29029,2099.07
29030,2219.86
29031,2013.73
29032,1660.0
29033,785.4
29034,1885.96
29035,2199.15
29036,1977.79
29037,599.74
29038,599.89
29039,1236.12
29040,999.05
29041,400.89
29042,400.93
29043,400.93
29044,400.77
29045,99.08
29046,99.66
29047,199.43
29048,400.05
29049,1136.1
29050,1219.0
29051,400.9
29052,1730.41
29053,1700.58
29054,1994.56
29055,2177.73
29056,2415.73
29057,2499.35
29058,2850.38
29059,3331.4
29060,3407.71
29061,3318.47
29062,3661.87
29063,4499.24
29064,5340.49
29065,10000.0
29066,10000.0
29067,5499.06
29068,4530.06
29069,2930.67
29070,2146.0
29071,2960.33
29072,2849.84
29073,2000.47
29074,2849.01
29075,3224.27
29076,3118.79
29077,2650.34
29078,2659.34
29079,3000.83
29080,2633.39
29081,2960.67
29082,3200.15
29083,2975.33
29084,2499.88
29085,2408.06
29086,2235.44
29087,2271.03
29088,1999.5
29089,2385.95
29090,2177.99
29091,2177.04
29092,2350.79
29093,2499.94
29094,2499.95
29095,2400.03
29096,2219.75
29097,2234.09
29098,2235.24
29099,2466.12
29100,2466.8
29101,2199.31
29102,2188.22
29103,2177.77
29104,2188.21
29105,1999.14
29106,2037.14
29107,2013.28
29108,2037.58
29109,2849.19
29110,3300.01
29111,3118.83
29112,3118.3
29113,3407.03
29114,3473.3
29115,3490.75
29116,3473.86
29117,3440.9
29118,3224.97
29119,4042.45
29120,3609.85
29121,2990.46
29122,3000.57
29123,2499.08
29124,2306.05
29125,639.44
29126,553.44
29127,1715.48
29128,1715.28
29129,1750.73
29130,1857.16
29131,1639.43
29132,400.95
29133,1236.65
29134,1384.39
29135,1236.6
29136,1236.43
29137,1350.47
29138,1350.69
29139,718.52
29140,273.26
29141,99.28
29142,99.59
29143,1066.29
29144,1236.79
29145,1730.13
29146,1880.56
29147,2037.22
29148,2235.13
29149,2311.02
29150,2494.75
29151,3118.95
29152,3134.64
29153,3139.99
29154,3335.78
29155,3407.97
29156,3784.08
29157,3473.65
29158,4037.33
29159,8594.55
29160,10000.0
29161,10000.0
29162,10000.0
29163,10000.0
29164,10000.0
29165,10000.0
29166,10000.0
29167,8999.38
29168,5450.7
29169,3330.62
29170,3661.1
29171,4055.86
29172,4007.76
29173,3607.39
29174,3807.11
29175,3319.11
29176,3319.27
29177,3500.63
29178,3630.48
29179,3573.72
29180,3490.08
29181,3224.83
29182,3273.73
29183,2850.18
29184,2499.38
29185,3224.82
29186,3357.16
29187,3110.84
29188,3020.64
29189,3273.37
29190,3118.79
29191,3008.0
29192,3137.0
29193,2880.77
29194,2750.58
29195,2451.62
29196,2408.09
29197,2567.11
29198,2567.11
29199,2500.19
29200,2499.48
29201,2750.7
29202,2810.78
29203,2860.66
29204,2878.68
29205,3350.93
29206,3573.98
29207,3661.03
29208,3607.15
29209,3661.6
29210,3796.49
29211,4120.34
29212,4170.03
29213,3661.32
29214,3553.64
29215,3373.18
29216,2733.56
29217,2673.24
29218,3291.77
29219,3339.98
29220,3118.03
29221,2998.88
29222,2998.67
29223,1755.55
29224,929.7
29225,899.58
29226,1384.3
29227,1999.68
29228,1999.08
29229,1750.98
29230,1750.45
29231,1999.96
29232,2013.63
29233,2000.09
29234,1755.24
29235,2013.82
29236,2007.06
29237,1236.82
29238,999.65
29239,1384.62
29240,1715.99
29241,1501.91
29242,1730.86
29243,1755.95
29244,1750.43
29245,2535.67
29246,3000.68
29247,3224.49
29248,3373.61
29249,3500.87
29250,3796.21
29251,3749.85
29252,4500.51
29253,4700.54
29254,10000.0
29255,10000.0
29256,10000.0
29257,10000.0
29258,10000.0
29259,10000.0
29260,10000.0
29261,10000.0
29262,10000.0
29263,10000.0
29264,10000.0
29265,4500.28
29266,4999.95
29267,4947.28
29268,4812.82
29269,4914.68
29270,4914.32
29271,4620.97
29272,4383.56
29273,4614.29
29274,4500.15
29275,4499.49
29276,4152.19
29277,3661.91
29278,3334.36
29279,3661.78
29280,3694.92
29281,3609.18
29282,3607.38
29283,3661.75
29284,3609.59
29285,3544.85
29286,3490.21
29287,3407.09
29288,3287.99
29289,3187.57
29290,3169.0
29291,2550.98
29292,2410.69
29293,2960.1
29294,3224.03
29295,3224.31
29296,3139.93
29297,3000.02
29298,3100.13
29299,3244.68
29300,3299.01
29301,3694.33
29302,4007.21
29303,3983.11
29304,3694.98
29305,3330.4
29306,3224.34
29307,3210.3
29308,3224.71
29309,2910.34
29310,2185.43
29311,1599.99
29312,1599.87
29313,2328.0
29314,2415.41
29315,1000.67
29316,29.94
29317,1000.51
29318,249.76
29319,1500.07
29320,1236.5
29321,1630.31
29322,1701.23
29323,1384.62
29324,1236.84
29325,934.03
29326,499.42
29327,198.08
29328,499.02
29329,499.37
29330,499.51
29331,99.07
29332,49.84
29333,19.86
29334,29.05
29335,29.17
29336,29.69
29337,99.28
29338,933.66
29339,1136.44
29340,1500.33
29341,1750.39
29342,2177.74
29343,2177.75
29344,2394.23
29345,2879.59
29346,3091.62
29347,2820.27
29348,3130.77
29349,3310.16
29350,3560.61
29351,4249.38
29352,4599.62
29353,4620.48
29354,6500.45
29355,5920.43
29356,4812.39
29357,3200.9
29358,2485.7
29359,2500.48
29360,3512.15
29361,4000.63
29362,3840.33
29363,3607.5
29364,3433.16
29365,3291.38
29366,3291.03
29367,3291.71
29368,3407.52
29369,3335.56
29370,3330.88
29371,3502.69
29372,3407.81
29373,3148.59
29374,3110.44
29375,2783.56
29376,2750.68
29377,2000.28
29378,1499.06
29379,1855.71
29380,2098.43
29381,2395.62
29382,2210.23
29383,1800.95
29384,1999.87
29385,2037.54
29386,2039.43
29387,2039.59
29388,2037.64
29389,2015.31
29390,2012.17
29391,2037.6
29392,2015.39
29393,1900.49
29394,2012.59
29395,2199.02
29396,2408.41
29397,2929.07
29398,3289.35
29399,3373.78
29400,3373.91
29401,3374.0
29402,3310.35
29403,3440.63
29404,3573.53
29405,3490.63
29406,3440.17
29407,3357.33
29408,3099.63
29409,2913.57
29410,2315.04
29411,2000.5
29412,19.56
29413,1050.41
29414,1500.73
29415,1800.91
29416,1750.48
29417,1236.27
29418,1499.3
29419,1750.68
29420,1730.4
29421,1650.59
29422,1650.12
29423,1210.0
29424,929.46
29425,1048.0
29426,958.89
29427,1236.74
29428,472.17
29429,52.02
29430,49.77
29431,99.78
29432,1000.69
29433,499.76
29434,1384.88
29435,1500.42
29436,1655.14
29437,1910.99
29438,2012.84
29439,2300.57
29440,2408.92
29441,2499.98
29442,3000.42
29443,3118.95
29444,2499.07
29445,2900.86
29446,3407.68
29447,4551.49
29448,6000.37
29449,5801.08
29450,10000.0
29451,9998.77
29452,6263.31
29453,3850.15
29454,2897.93
29455,1999.17
29456,2000.8
29457,1949.63
29458,2395.2
29459,2015.24
29460,2415.54
29461,2494.85
29462,2500.02
29463,2500.77
29464,2500.95
29465,2947.99
29466,2960.74
29467,2611.22
29468,2500.21
29469,2415.83
29470,2324.5
29471,1750.19
29472,1701.31
29473,2913.47
29474,2800.83
29475,2450.87
29476,2387.0
29477,2049.92
29478,2177.03
29479,2177.85
29480,2177.27
29481,2177.78
29482,2199.3
29483,2177.43
29484,2177.83
29485,2052.89
29486,2122.22
29487,2282.1
29488,2397.2
29489,2430.13
29490,2474.53
29491,2258.26
29492,2415.38
29493,2494.82
29494,3071.38
29495,3050.35
29496,2499.69
29497,3099.61
29498,3118.82
29499,3500.42
29500,3609.47
29501,3433.62
29502,3373.48
29503,3118.56
29504,2499.47
29505,2494.08
29506,2120.44
29507,1720.62
29508,600.57
29509,2100.18
29510,1810.21
29511,2037.31
29512,2013.37
29513,1885.83
29514,1750.32
29515,1384.9
29516,1236.98
29517,1236.84
29518,1015.05
29519,383.18
29520,299.46
29521,299.24
29522,299.13
29523,49.38
29524,49.47
29525,29.74
29526,29.77
29527,29.87
29528,99.33
29529,99.22
29530,99.82
29531,1236.49
29532,1730.39
29533,1701.42
29534,2000.58
29535,2177.16
29536,2408.7
29537,3118.51
29538,3373.34
29539,2810.4
29540,3100.96
29541,3118.44
29542,3607.35
29543,4807.08
29544,6000.62
29545,10000.0
29546,10000.0
29547,10000.0
29548,6600.01
29549,3600.58
29550,3012.89
29551,929.94
29552,1805.12
29553,3610.36
29554,3490.51
29555,3433.77
29556,3478.0
29557,3360.82
29558,3319.35
29559,3309.54
29560,2500.97
29561,3100.28
29562,3100.07
29563,3100.41
29564,2500.75
29565,1932.15
29566,1799.09
29567,751.25
29568,299.61
29569,2474.57
29570,2500.76
29571,2274.33
29572,2200.11
29573,2212.8
29574,2415.04
29575,2319.5
29576,2080.46
29577,2415.69
29578,2494.85
29579,2512.79
29580,2525.5
29581,2525.89
29582,2525.01
29583,2525.49
29584,2525.24
29585,2750.63
29586,2767.01
29587,2750.72
29588,2630.5
29589,2960.14
29590,3118.18
29591,3139.46
29592,3200.91
29593,3224.4
29594,3118.61
29595,3500.01
29596,3607.02
29597,3373.01
29598,3212.88
29599,3118.14
29600,2820.05
29601,2474.1
29602,2535.98
29603,2049.08
29604,1236.75
29605,1236.7
29606,933.7
29607,99.67
29608,261.4
29609,1384.76
29610,1400.11
29611,1730.23
29612,1650.02
29613,1236.91
29614,999.7
29615,1100.23
29616,999.04
29617,998.62
29618,998.2
29619,449.56
29620,449.1
29621,99.42
29622,99.71
29623,99.77
29624,499.7
29625,1046.86
29626,1701.43
29627,1730.12
29628,1809.96
29629,1885.39
29630,2007.13
29631,2500.58
29632,2835.23
29633,3210.49
29634,3330.16
29635,3291.44
29636,3407.19
29637,3610.61
29638,4812.4
29639,4505.79
29640,5024.29
29641,5005.87
29642,10000.0
29643,5517.66
29644,4410.77
29645,3607.16
29646,2854.48
29647,1588.19
29648,2380.52
29649,2500.72
29650,1492.0
29651,3360.42
29652,3607.15
29653,3360.89
29654,3360.48
29655,3050.14
29656,2960.27
29657,2307.29
29658,2395.66
29659,2470.92
29660,2650.72
29661,2638.33
29662,2640.98
29663,2430.5
29664,2080.01
29665,2710.39
29666,2160.12
29667,1316.19
29668,1516.95
29669,2007.06
29670,2177.29
29671,2112.35
29672,2112.49
29673,1999.95
29674,1993.01
29675,999.95
29676,775.36
29677,1312.0
29678,1940.49
29679,2000.48
29680,1999.38
29681,1999.1
29682,2000.99
29683,2080.25
29684,2199.07
29685,2650.14
29686,2870.91
29687,3247.62
29688,3224.24
29689,2820.96
29690,3118.31
29691,3319.73
29692,3433.99
29693,3360.04
29694,3160.43
29695,3146.51
29696,2199.57
29697,2694.5
29698,2485.53
29699,2177.34
29700,1999.0
29701,2037.46
29702,2037.38
29703,1730.74
29704,1730.47
29705,999.1
29706,949.37
29707,1655.89
29708,1655.12
29709,933.61
29710,199.71
29711,1236.25
29712,611.82
29713,933.75
29714,1110.51
29715,933.9
29716,290.84
29717,49.3
29718,49.28
29719,49.76
29720,99.31
29721,1110.63
29722,1244.0
29723,1730.63
29724,1755.75
29725,2007.79
29726,2185.8
29727,2767.62
29728,3045.81
29729,3118.77
29730,3000.73
29731,2249.22
29732,3247.0
29733,3510.92
29734,4000.31
29735,10000.0
29736,10000.0
29737,10000.0
29738,10000.0
29739,10000.0
29740,6500.38
29741,3065.44
29742,1824.82
29743,989.33
29744,989.21
29745,2949.04
29746,3000.88
29747,3118.4
29748,3209.56
29749,3209.96
29750,3065.9
29751,2415.06
29752,2199.74
29753,2849.69
29754,2960.7
29755,3099.33
29756,3118.34
29757,2810.83
29758,2756.0
29759,2810.77
29760,2849.07
29761,2849.21
29762,2474.5
29763,2199.83
29764,2188.26
29765,2199.2
29766,2350.41
29767,2177.18
29768,2177.34
29769,2212.36
29770,2415.46
29771,2430.98
29772,2470.63
29773,2430.53
29774,2360.96
29775,2210.75
29776,2210.72
29777,2525.88
29778,2630.54
29779,2630.86
29780,2700.86
29781,2810.32
29782,3118.19
29783,3287.35
29784,3291.4
29785,3373.57
29786,3373.75
29787,3699.93
29788,3842.86
29789,3783.53
29790,3500.98
29791,3373.38
29792,2372.66
29793,2638.17
29794,2810.29
29795,2499.74
29796,2199.24
29797,2177.9
29798,2408.65
29799,2049.4
29800,1755.22
29801,1650.95
29802,1630.68
29803,1630.41
29804,1630.06
29805,1284.12
29806,1284.21
29807,1284.44
29808,1250.26
29809,981.54
29810,399.57
29811,1010.03
29812,684.01
29813,23.37
29814,10.04
29815,737.0
29816,1200.14
29817,1655.76
29818,1937.33
29819,1993.01
29820,1885.22
29821,2010.35
29822,2177.87
29823,2849.39
29824,3139.13
29825,3310.44
29826,3479.42
29827,3407.73
29828,3360.23
29829,3224.43
29830,4131.09
29831,6699.21
29832,10000.0
29833,10000.0
29834,10000.0
29835,10000.0
29836,10000.0
29837,5000.26
29838,2750.74
29839,999.02
29840,2548.0
29841,3661.53
29842,3661.69
29843,3807.87
29844,3778.05
29845,3651.87
29846,3607.18
29847,3209.96
29848,3100.43
29849,2960.41
29850,3010.57
29851,3160.42
29852,3010.83
29853,2470.95
29854,2300.22
29855,2662.85
29856,2849.12
29857,2630.62
29858,2400.71
29859,2450.45
29860,2474.71
29861,2322.7
29862,2347.94
29863,2310.41
29864,2184.98
29865,2212.21
29866,2341.2
29867,2330.13
29868,2341.34
29869,2416.16
29870,2400.53
29871,2499.68
29872,2499.49
29873,2700.18
29874,2803.14
29875,2936.59
29876,2936.33
29877,3064.8
29878,3210.53
29879,3476.54
29880,3479.67
29881,3475.35
29882,3490.1
29883,3644.96
29884,3821.5
29885,3680.67
29886,3600.52
29887,3238.01
29888,2880.09
29889,2525.57
29890,2485.83
29891,1899.81
29892,1899.1
29893,1815.2
29894,1815.14
29895,1899.61
29896,1624.06
29897,1614.7
29898,1624.08
29899,1524.49
29900,1414.64
29901,500.52
29902,1009.69
29903,400.83
29904,400.72
29905,400.58
29906,400.77
29907,400.85
29908,400.74
29909,400.04
29910,400.09
29911,754.03
29912,1164.94
29913,1264.82
29914,1551.22
29915,1715.89
29916,1885.52
29917,1974.87
29918,2316.75
29919,3038.71
29920,3276.45
29921,3038.36
29922,2803.24
29923,2803.91
29924,3139.51
29925,3733.71
29926,4978.44
29927,10000.0
29928,10000.0
29929,10000.0
29930,10000.0
29931,10000.0
29932,4339.38
29933,3599.84
29934,3176.63
29935,3252.74
29936,3252.91
29937,2710.0
29938,3000.35
29939,3176.0
29940,3237.53
29941,2960.14
29942,2936.23
29943,2416.23
29944,2195.63
29945,2849.98
29946,3129.31
29947,3139.45
29948,2960.22
29949,2820.59
29950,2820.64
29951,2350.73
29952,2322.07
29953,2936.82
29954,2750.04
29955,2800.42
29956,2750.09
29957,2750.0
29958,2535.54
29959,2800.29
29960,2800.25
29961,2750.65
29962,2750.01
29963,2474.62
29964,2474.2
29965,2420.68
29966,2420.35
29967,2474.14
29968,2474.08
29969,2590.41
29970,2849.73
29971,2936.57
29972,3099.69
29973,3212.75
29974,3276.83
29975,3276.56
29976,3276.5
29977,3289.07
29978,3475.76
29979,3476.48
29980,3575.75
29981,3479.41
29982,3220.83
29983,3050.38
29984,2210.25
29985,1979.87
29986,2081.09
29987,1815.07
29988,1614.33
29989,1614.06
29990,1614.35
29991,1551.09
29992,1414.57
29993,400.2
29994,357.83
29995,1264.73
29996,1264.36
29997,99.85
29998,99.79
29999,137.43
30000,99.81
30001,99.7
30002,99.71
30003,99.72
30004,99.68
30005,99.11
30006,58.69
30007,98.88
30008,99.18
30009,99.32
30010,99.86
30011,1357.59
30012,1400.31
30013,1732.15
30014,1885.83
30015,2049.32
30016,2330.09
30017,2315.56
30018,2525.62
30019,3214.2
30020,3621.3
30021,3560.56
30022,4105.95
30023,3899.95
30024,3899.46
30025,3529.25
30026,3644.11
30027,3644.26
30028,3476.81
30029,3176.51
30030,3000.61
30031,2768.4
30032,2750.74
30033,2936.23
30034,3176.37
30035,3374.08
30036,3176.57
30037,2884.23
30038,2803.57
30039,2184.62
30040,2184.18
30041,2499.9
30042,2936.22
30043,2750.69
30044,2525.34
30045,1999.89
30046,2012.3
30047,2040.27
30048,1746.0
30049,2049.6
30050,1962.27
30051,1999.87
30052,1961.08
30053,2000.78
30054,2000.2
30055,1589.26
30056,1485.67
30057,2072.01
30058,2250.55
30059,2340.39
30060,2345.54
30061,2210.48
30062,2199.55
30063,2166.0
30064,2199.48
30065,2330.38
30066,2450.32
30067,2800.3
30068,2879.6
30069,3129.62
30070,3276.62
30071,3330.11
30072,3410.51
30073,3476.39
30074,3490.81
30075,3880.65
30076,4064.29
30077,4365.2
30078,4065.03
30079,3837.0
30080,3476.9
30081,3250.65
30082,3414.04
30083,3099.74
30084,2960.42
30085,3176.82
30086,3176.24
30087,2347.23
30088,2114.58
30089,2416.27
30090,2416.71
30091,2341.2
30092,2200.26
30093,1832.26
30094,1899.76
30095,1961.76
30096,1938.21
30097,1832.09
30098,1614.38
30099,1551.8
30100,1526.8
30101,1485.07
30102,1414.24
30103,1485.92
30104,1551.1
30105,1832.24
30106,1832.19
30107,2049.62
30108,2166.29
30109,2500.26
30110,2976.25
30111,3214.92
30112,3476.07
30113,3644.33
30114,3747.9
30115,3900.47
30116,4735.82
30117,5543.78
30118,10000.0
30119,10000.0
30120,10000.0
30121,10000.0
30122,10000.0
30123,10000.0
30124,10000.0
30125,10000.0
30126,10000.0
30127,3410.68
30128,3318.28
30129,2470.87
30130,2929.62
30131,3250.4
30132,3476.25
30133,3621.08
30134,3630.99
30135,3519.87
30136,3504.07
30137,3129.04
30138,3129.03
30139,2525.32
30140,2430.72
30141,2410.51
30142,2499.3
30143,2347.02
30144,2300.29
30145,2500.54
30146,2500.86
30147,2784.39
30148,2750.98
30149,2385.75
30150,2072.32
30151,1962.37
30152,2000.82
30153,1961.38
30154,1938.92
30155,1938.4
30156,1961.04
30157,1974.23
30158,2049.04
30159,2060.41
30160,2049.52
30161,2300.72
30162,2184.84
30163,2150.2
30164,2610.67
30165,2850.65
30166,3130.02
30167,3247.25
30168,3161.95
30169,3479.72
30170,3644.96
30171,4365.5
30172,5000.19
30173,6052.82
30174,4964.54
30175,4914.72
30176,4000.39
30177,3476.74
30178,2960.85
30179,3273.86
30180,2960.56
30181,2784.64
30182,2884.51
30183,2433.0
30184,2322.7
30185,2210.15
30186,2345.72
30187,2330.97
30188,2185.91
30189,1899.38
30190,1962.48
30191,1938.05
30192,1899.91
30193,1815.48
30194,1815.82
30195,1815.11
30196,1680.9
30197,1526.64
30198,1551.4
30199,1551.61
30200,1745.55
30201,1849.48
30202,1938.77
30203,1938.4
30204,2072.44
30205,2466.32
30206,2803.85
30207,3139.75
30208,3176.68
30209,3374.39
30210,3500.24
30211,3644.67
30212,4227.28
30213,4647.09
30214,10000.0
30215,10000.0
30216,10000.0
30217,10000.0
30218,10000.0
30219,10000.0
30220,10000.0
30221,6501.23
30222,4410.31
30223,2999.86
30224,2999.34
30225,3262.0
30226,3290.32
30227,3476.92
30228,3476.55
30229,3476.74
30230,3476.6
30231,3250.58
30232,3247.99
30233,3212.72
30234,3212.58
30235,3176.79
30236,2937.12
30237,2450.59
30238,2380.95
30239,2380.34
30240,1900.03
30241,2543.37
30242,2430.28
30243,2072.31
30244,2200.49
30245,2199.39
30246,2430.78
30247,2059.8
30248,2100.25
30249,2213.0
30250,2474.94
30251,2499.81
30252,2550.84
30253,2550.41
30254,2599.33
30255,2420.47
30256,2160.41
30257,2474.49
30258,2720.18
30259,2710.36
30260,2800.42
30261,2659.86
30262,3210.4
30263,3247.33
30264,3308.0
30265,3575.41
30266,3651.36
30267,3837.4
30268,4065.92
30269,4647.48
30270,4198.6
30271,3837.42
30272,3476.86
30273,3482.0
30274,3273.79
30275,3475.23
30276,3099.51
30277,3238.62
30278,3161.48
30279,2499.86
30280,2068.93
30281,2062.7
30282,2200.72
30283,2322.76
30284,2250.87
30285,2045.24
30286,1899.91
30287,1910.76
30288,1899.5
30289,1745.42
30290,1624.45
30291,1614.72
30292,1614.7
30293,1414.73
30294,1524.35
30295,1524.77
30296,1551.43
30297,1745.75
30298,1938.38
30299,2032.99
30300,2225.27
30301,2803.29
30302,2976.71
30303,3212.51
30304,3276.89
30305,3276.32
30306,3680.82
30307,3821.66
30308,4784.2
30309,4964.63
30310,10000.0
30311,10000.0
30312,10000.0
30313,10000.0
30314,10000.0
30315,10000.0
30316,10000.0
30317,5199.4
30318,3970.67
30319,4000.29
30320,4000.66
30321,4227.55
30322,4250.97
30323,3983.66
30324,3931.94
30325,3512.39
30326,3476.12
30327,3287.07
30328,3161.74
30329,3176.64
30330,3238.6
30331,3129.64
30332,2929.72
30333,2500.48
30334,2500.2
30335,1974.82
30336,1974.03
30337,2803.01
30338,2804.0
30339,2750.32
30340,2700.47
30341,2362.32
30342,2225.64
30343,2072.96
30344,2072.8
30345,2474.33
30346,2710.89
30347,2525.83
30348,2350.25
30349,2000.21
30350,1999.45
30351,2072.05
30352,2100.41
30353,2500.53
30354,2803.67
30355,2550.97
30356,2650.29
30357,2803.22
30358,2884.54
30359,2884.33
30360,3099.63
30361,3364.76
30362,3749.34
30363,4250.33
30364,4784.8
30365,5005.14
30366,4647.28
30367,4048.08
30368,3651.24
30369,3476.45
30370,3129.61
30371,3129.04
30372,2788.9
30373,2240.79
30374,2416.6
30375,2416.18
30376,2466.3
30377,2341.21
30378,2341.22
30379,2322.26
30380,2049.18
30381,1885.89
30382,1899.6
30383,1961.05
30384,1962.39
30385,1938.78
30386,1900.41
30387,1614.85
30388,1551.79
30389,1414.4
30390,1514.83
30391,1614.04
30392,1624.74
30393,1815.1
30394,1851.09
30395,1974.05
30396,2049.05
30397,2150.36
30398,2420.93
30399,3214.07
30400,3259.88
30401,3214.96
30402,3749.29
30403,3650.54
30404,4000.81
30405,4647.04
30406,9999.23
30407,10000.0
30408,10000.0
30409,10000.0
30410,10000.0
30411,5500.35
30412,3500.67
30413,3837.08
30414,3849.47
30415,3983.33
30416,3804.0
30417,2884.28
30418,2800.65
30419,2800.5
30420,2936.09
30421,2803.89
30422,2803.94
30423,2800.43
30424,2499.88
30425,2872.01
30426,3169.2
30427,3100.62
30428,2848.03
30429,2499.48
30430,2072.78
30431,1499.76
30432,1499.71
30433,1167.5
30434,300.12
30435,1199.71
30436,1600.93
30437,1824.11
30438,1961.97
30439,2039.92
30440,2059.17
30441,2019.51
30442,2000.11
30443,1974.24
30444,2019.13
30445,2039.39
30446,2039.51
30447,1766.0
30448,1799.27
30449,1600.9
30450,1971.0
30451,2810.08
30452,2884.5
30453,2800.34
30454,3129.26
30455,3273.97
30456,3139.63
30457,3247.75
30458,3330.52
30459,3837.03
30460,3983.94
30461,3598.58
30462,3479.13
30463,3479.57
30464,3399.41
30465,3359.87
30466,3176.45
30467,2936.46
30468,2700.63
30469,3000.31
30470,3030.3
30471,3030.39
30472,2936.77
30473,2884.42
30474,2910.44
30475,2884.06
30476,2500.51
30477,2330.43
30478,2072.88
30479,2322.34
30480,2199.49
30481,1938.74
30482,1938.68
30483,1832.84
30484,1832.49
30485,1614.49
30486,1551.96
30487,1832.91
30488,1938.11
30489,1974.39
30490,2199.65
30491,2185.92
30492,2410.78
30493,2416.19
30494,2803.26
30495,2884.68
30496,3214.21
30497,2500.41
30498,2543.77
30499,2552.98
30500,3783.27
30501,3931.89
30502,4500.66
30503,10000.0
30504,10000.0
30505,10000.0
30506,10000.0
30507,7999.2
30508,5000.88
30509,2308.97
30510,2308.87
30511,3000.76
30512,3306.71
30513,3040.16
30514,3306.77
30515,3276.16
30516,3012.92
30517,2072.99
30518,2072.0
30519,2199.0
30520,1603.77
30521,1962.06
30522,2019.81
30523,2205.78
30524,2300.25
30525,2212.45
30526,2214.53
30527,2072.72
30528,2019.51
30529,2072.14
30530,2020.13
30531,2039.31
30532,2049.31
30533,2019.29
30534,1982.17
30535,1962.99
30536,1961.97
30537,1961.38
30538,1961.61
30539,1950.62
30540,1800.21
30541,1600.6
30542,1600.62
30543,1600.37
30544,1815.04
30545,1899.43
30546,1974.25
30547,2072.62
30548,2499.92
30549,2877.12
30550,3139.91
30551,3176.89
30552,3176.23
30553,3210.1
30554,3247.93
30555,3837.89
30556,4000.66
30557,3765.05
30558,3749.33
30559,3490.33
30560,3247.46
30561,3129.78
30562,2960.63
30563,1832.23
30564,1938.16
30565,1624.85
30566,1832.46
30567,2240.22
30568,2000.28
30569,1938.56
30570,1972.63
30571,2000.02
30572,1938.49
30573,1899.92
30574,1832.18
30575,1815.54
30576,1745.82
30577,1551.47
30578,1551.62
30579,1551.46
30580,1526.88
30581,249.12
30582,249.04
30583,349.69
30584,1495.27
30585,1624.08
30586,1832.91
30587,1885.78
30588,1938.08
30589,2049.15
30590,2800.25
30591,2920.11
30592,3214.46
30593,2884.22
30594,2936.57
30595,2834.84
30596,3374.03
30597,3363.43
30598,4220.07
30599,10000.0
30600,10000.0
30601,7261.47
30602,6635.17
30603,5000.88
30604,4124.63
30605,2510.12
30606,1999.75
30607,3374.18
30608,3451.07
30609,3319.88
30610,3276.08
30611,3276.7
30612,3000.84
30613,2936.73
30614,2884.21
30615,2884.44
30616,2767.84
30617,2803.76
30618,2884.53
30619,2936.95
30620,2936.29
30621,2341.12
30622,2205.31
30623,2000.51
30624,1698.24
30625,1842.0
30626,1961.3
30627,1697.99
30628,1799.46
30629,1969.34
30630,2000.87
30631,2049.18
30632,2019.39
30633,1974.62
30634,1974.03
30635,1938.35
30636,1938.52
30637,1938.91
30638,1962.62
30639,1974.39
30640,1969.91
30641,1974.68
30642,2019.45
30643,2019.1
30644,2225.32
30645,2810.01
30646,2999.7
30647,3214.07
30648,3224.04
30649,3212.53
30650,3374.15
30651,3689.66
30652,3765.82
30653,3479.32
30654,3238.58
30655,3176.03
30656,2936.14
30657,2783.42
30658,1962.09
30659,2000.22
30660,1832.14
30661,1832.96
30662,1961.14
30663,2019.87
30664,2000.81
30665,1974.41
30666,2100.21
30667,2059.17
30668,1962.75
30669,1551.34
30670,1551.76
30671,1526.58
30672,1526.03
30673,1526.69
30674,1524.1
30675,1499.28
30676,1434.5
30677,409.14
30678,299.61
30679,535.0
30680,1414.52
30681,1414.65
30682,1551.4
30683,1614.37
30684,1614.44
30685,1705.57
30686,1832.86
30687,2347.15
30688,2803.21
30689,2803.14
30690,3000.76
30691,3176.67
30692,3765.97
30693,3475.02
30694,4584.05
30695,3821.84
30696,3882.91
30697,3319.31
30698,3099.13
30699,3403.41
30700,2958.11
30701,3176.08
30702,2619.57
30703,2199.3
30704,3161.51
30705,3129.41
30706,2936.45
30707,2766.4
30708,2519.35
30709,2766.58
30710,2400.0
30711,2330.68
30712,2322.88
30713,2072.74
30714,2222.97
30715,2059.81
30716,2019.85
30717,2019.09
30718,1999.62
30719,1769.83
30720,1769.43
30721,1551.39
30722,1697.25
30723,1800.19
30724,1885.44
30725,1938.6
30726,1938.06
30727,1697.81
30728,1697.06
30729,1526.5
30730,1551.79
30731,1005.67
30732,999.97
30733,999.88
30734,999.9
30735,1500.15
30736,1551.21
30737,1500.89
30738,1692.01
30739,1692.85
30740,1974.5
30741,2112.8
30742,2416.51
30743,2801.45
30744,2801.52
30745,2990.35
30746,2910.35
30747,3479.76
30748,3644.69
30749,3644.56
30750,3575.87
30751,3550.03
30752,3410.72
30753,3100.66
30754,2112.6
30755,1900.68
30756,1885.14
30757,2920.83
30758,3161.11
30759,3118.0
30760,2960.19
30761,2550.94
30762,2300.02
30763,2199.1
30764,2072.14
30765,2019.33
30766,1944.62
30767,1832.97
30768,1832.98
30769,1815.66
30770,1624.6
30771,1646.0
30772,1745.68
30773,1551.89
30774,1551.73
30775,1614.18
30776,1624.14
30777,1832.41
30778,1938.47
30779,2045.74
30780,2300.22
30781,2341.82
30782,2884.5
30783,2884.73
30784,3249.79
30785,3255.67
30786,3644.69
30787,3783.67
30788,3999.5
30789,4150.23
30790,5844.82
30791,10000.0
30792,10000.0
30793,10000.0
30794,10000.0
30795,5400.57
30796,4471.47
30797,3302.89
30798,3250.01
30799,3600.75
30800,3651.07
30801,3476.07
30802,3369.91
30803,3210.2
30804,2839.55
30805,2820.1
30806,2369.0
30807,2416.3
30808,2485.13
30809,2466.07
30810,2512.56
30811,2884.68
30812,2884.67
30813,2199.85
30814,2199.45
30815,1499.87
30816,99.98
30817,2072.46
30818,2072.97
30819,2330.37
30820,2340.42
30821,2200.0
30822,2072.99
30823,2185.17
30824,2072.6
30825,2072.9
30826,2072.94
30827,2072.62
30828,2072.67
30829,2072.39
30830,2072.7
30831,2185.11
30832,2185.96
30833,2347.95
30834,2605.53
30835,2627.39
30836,2872.83
30837,2720.66
30838,2936.55
30839,3100.25
30840,2953.58
30841,2599.3
30842,2717.57
30843,3747.87
30844,3931.78
30845,3931.24
30846,3931.61
30847,3800.08
30848,3480.95
30849,3057.3
30850,2810.21
30851,2720.57
30852,2500.65
30853,3010.98
30854,3176.85
30855,3276.39
30856,3129.37
30857,2341.34
30858,2199.58
30859,2330.48
30860,2225.92
30861,2049.55
30862,2050.63
30863,2019.92
30864,1938.75
30865,1885.9
30866,1938.11
30867,1938.58
30868,1938.96
30869,1264.72
30870,1510.83
30871,1799.73
30872,1938.05
30873,1938.48
30874,1974.9
30875,1974.6
30876,2185.85
30877,2803.17
30878,2936.17
30879,3214.12
30880,3429.71
30881,3200.47
30882,3213.99
30883,3359.0
30884,3783.62
30885,3606.67
30886,5315.7
30887,10000.0
30888,10000.0
30889,10000.0
30890,10000.0
30891,6470.74
30892,4004.26
30893,999.47
30894,2420.9
30895,3100.51
30896,3176.59
30897,2849.7
30898,2605.91
30899,2944.0
30900,2849.46
30901,2599.07
30902,2420.66
30903,2720.26
30904,2720.9
30905,2720.32
30906,2800.71
30907,2803.64
30908,2720.74
30909,2199.08
30910,2072.88
30911,2072.02
30912,1999.27
30913,2049.03
30914,2000.39
30915,1841.82
30916,1885.56
30917,1974.77
30918,1961.5
30919,1961.27
30920,1885.76
30921,2000.12
30922,2000.73
30923,1809.11
30924,1764.06
30925,1692.91
30926,1692.9
30927,1940.99
30928,1974.33
30929,1974.96
30930,2100.48
30931,2738.71
30932,2884.24
30933,3214.71
30934,3476.92
30935,3476.21
30936,3510.92
30937,3350.53
30938,3644.15
30939,4216.04
30940,5000.91
30941,5505.42
30942,5468.35
30943,4647.97
30944,3807.84
30945,3476.23
30946,2999.81
30947,3400.5
30948,3144.6
30949,3249.28
30950,3276.29
30951,3129.41
30952,3125.93
30953,2639.62
30954,2540.53
30955,2341.23
30956,2099.21
30957,2550.88
30958,2485.82
30959,2072.22
30960,2019.9
30961,1938.3
30962,1849.94
30963,2049.81
30964,2019.07
30965,1764.01
30966,1764.2
30967,1838.38
30968,1938.69
30969,1938.92
30970,2049.04
30971,2072.83
30972,2705.03
30973,2820.89
30974,2960.91
30975,3006.2
30976,3238.18
30977,3476.33
30978,3999.2
30979,4447.74
30980,5000.5
30981,5500.33
30982,10000.0
30983,10000.0
30984,10000.0
30985,10000.0
30986,10000.0
30987,10000.0
30988,10000.0
30989,4784.16
30990,4550.61
30991,3363.99
30992,3362.96
30993,3765.8
30994,3680.14
30995,3373.8
30996,3363.0
30997,2879.82
30998,2849.62
30999,3276.15
31000,3238.07
31001,2430.27
31002,2072.83
31003,2350.68
31004,2800.16
31005,2599.03
31006,2801.01
31007,2050.0
31008,2030.16
31009,2210.04
31010,2347.46
31011,2525.91
31012,2710.64
31013,2803.1
31014,2803.91
31015,2803.78
31016,2738.33
31017,2400.67
31018,2341.75
31019,2225.59
31020,2330.08
31021,2341.56
31022,2499.29
31023,2500.03
31024,2803.15
31025,2766.38
31026,2710.45
31027,2884.07
31028,2884.95
31029,3276.64
31030,3500.96
31031,3476.15
31032,3476.33
31033,3644.56
31034,3800.77
31035,4917.08
31036,5315.1
31037,5300.42
31038,5000.11
31039,4500.59
31040,3651.91
31041,3010.78
31042,2884.25
31043,2268.8
31044,2884.09
31045,3400.67
31046,3471.93
31047,3276.86
31048,3276.62
31049,3214.41
31050,3259.11
31051,2884.97
31052,2495.19
31053,2099.42
31054,2099.08
31055,2199.28
31056,2019.75
31057,2099.49
31058,2019.12
31059,1938.31
31060,1849.59
31061,969.51
31062,499.23
31063,1692.61
31064,1938.1
31065,1938.1
31066,2030.0
31067,2803.19
31068,2884.77
31069,2884.65
31070,2936.9
31071,3276.12
31072,3475.33
31073,3476.02
31074,4060.08
31075,4700.42
31076,5505.13
31077,6952.91
31078,10000.0
31079,10000.0
31080,10000.0
31081,10000.0
31082,10000.0
31083,10000.0
31084,10000.0
31085,4784.64
31086,4400.04
31087,3765.4
31088,3644.87
31089,3783.8
31090,3510.76
31091,3373.44
31092,3200.91
31093,3050.68
31094,3099.17
31095,2936.45
31096,2720.4
31097,2466.82
31098,2180.69
31099,2540.58
31100,2800.24
31101,2884.55
31102,2884.06
31103,2525.13
31104,2072.69
31105,2884.03
31106,2936.2
31107,2936.03
31108,2884.38
31109,2500.52
31110,2445.02
31111,2300.84
31112,2339.4
31113,2049.41
31114,2100.56
31115,2239.74
31116,2330.33
31117,2420.71
31118,2499.1
31119,2410.82
31120,2350.24
31121,2803.08
31122,2803.31
31123,2803.04
31124,2810.35
31125,2884.29
31126,3238.8
31127,3276.55
31128,3269.57
31129,3388.08
31130,3860.29
31131,4580.29
31132,4999.46
31133,5543.92
31134,5500.79
31135,4647.26
31136,4600.5
31137,4647.15
31138,3878.31
31139,3685.98
31140,3639.15
31141,3489.4
31142,3490.26
31143,3544.51
31144,3363.71
31145,3276.26
31146,3276.36
31147,3238.26
31148,3238.61
31149,3125.09
31150,2936.69
31151,2936.84
31152,2884.99
31153,2341.78
31154,2225.51
31155,2279.9
31156,2049.79
31157,1938.46
31158,1938.49
31159,2072.37
31160,2500.04
31161,2810.14
31162,2884.18
31163,3010.65
31164,3176.6
31165,3238.25
31166,3502.42
31167,3747.04
31168,4039.11
31169,3821.81
31170,4500.73
31171,7000.51
31172,10000.0
31173,10000.0
31174,10000.0
31175,10000.0
31176,10000.0
31177,10000.0
31178,10000.0
31179,10000.0
31180,10000.0
31181,10000.0
31182,10000.0
31183,5200.77
31184,4917.02
31185,3900.14
31186,3599.62
31187,3476.52
31188,3476.32
31189,2820.83
31190,2820.54
31191,2884.65
31192,2720.28
31193,2884.64
31194,2936.06
31195,3238.6
31196,3238.79
31197,2960.92
31198,2884.77
31199,2599.53
31200,2803.13
31201,2803.22
31202,2620.58
31203,2803.35
31204,2803.21
31205,2720.83
31206,2720.22
31207,2450.7
31208,2342.42
31209,2216.24
31210,2216.25
31211,2430.46
31212,2350.82
31213,2499.5
31214,2610.32
31215,2620.36
31216,2600.19
31217,2720.51
31218,2803.11
31219,2884.27
31220,3000.16
31221,3276.88
31222,3476.48
31223,3621.25
31224,3644.85
31225,3699.62
31226,3821.82
31227,4505.78
31228,4647.24
31229,4950.74
31230,4978.04
31231,4978.92
31232,4784.66
31233,3837.19
31234,3747.79
31235,3685.8
31236,3520.7
31237,3747.71
31238,3747.95
31239,3747.53
31240,3644.45
31241,3579.21
31242,3644.5
31243,3644.05
31244,3374.55
31245,2877.29
31246,2630.93
31247,2884.9
31248,2936.05
31249,2825.55
31250,2936.88
31251,2825.52
31252,2780.37
31253,2072.47
31254,2072.06
31255,2445.68
31256,2803.26
31257,2803.15
31258,2960.96
31259,3176.7
31260,3476.22
31261,3250.28
31262,3502.01
31263,3502.33
31264,3644.97
31265,3820.73
31266,4784.6
31267,4999.67
31268,10000.0
31269,10000.0
31270,10000.0
31271,10000.0
31272,10000.0
31273,10000.0
31274,10000.0
31275,10000.0
31276,10000.0
31277,10000.0
31278,6952.96
31279,4671.54
31280,4647.43
31281,3999.45
31282,3575.4
31283,3400.92
31284,3400.57
31285,2960.98
31286,3373.11
31287,3276.36
31288,3176.1
31289,3000.31
31290,3276.94
31291,3414.25
31292,3351.74
31293,2800.91
31294,2500.0
31295,2803.01
31296,2800.52
31297,2627.01
31298,2510.37
31299,2800.34
31300,2820.43
31301,2803.18
31302,2803.08
31303,2500.45
31304,2342.28
31305,2160.33
31306,2347.74
31307,2410.77
31308,2604.71
31309,2490.3
31310,2499.07
31311,2525.81
31312,2700.7
31313,2803.99
31314,2929.27
31315,3200.96
31316,3476.87
31317,3520.0
31318,3644.41
31319,3476.45
31320,3374.11
31321,2599.63
31322,2936.24
31323,4064.32
31324,4778.35
31325,4647.01
31326,4400.35
31327,4647.99
31328,4000.36
31329,3540.75
31330,3434.67
31331,3512.39
31332,3099.76
31333,3249.09
31334,3129.43
31335,3161.47
31336,2884.38
31337,2341.46
31338,2884.76
31339,3176.3
31340,3061.29
31341,3129.29
31342,3038.6
31343,2996.43
31344,2499.42
31345,2299.63
31346,2322.14
31347,2416.2
31348,2416.58
31349,2416.67
31350,2350.32
31351,2784.12
31352,2785.0
31353,2910.22
31354,2999.73
31355,3176.2
31356,3144.95
31357,2960.45
31358,3276.34
31359,3269.09
31360,3502.81
31361,2717.14
31362,2884.67
31363,4005.33
31364,5199.93
31365,4999.92
31366,7000.5
31367,5999.48
31368,8000.97
31369,4784.8
31370,4799.53
31371,4600.54
31372,4245.16
31373,3890.38
31374,3373.01
31375,3362.81
31376,3651.57
31377,3644.39
31378,3476.4
31379,2960.34
31380,2884.3
31381,2305.16
31382,2305.13
31383,2936.51
31384,2936.1
31385,2820.82
31386,2849.74
31387,2884.38
31388,2803.95
31389,2445.49
31390,2049.61
31391,2380.03
31392,2410.4
31393,2049.51
31394,2049.41
31395,2019.39
31396,2049.42
31397,1879.19
31398,1940.53
31399,1974.25
31400,1961.98
31401,2000.42
31402,1974.46
31403,2000.74
31404,1974.27
31405,1974.88
31406,1961.66
31407,1974.15
31408,1974.92
31409,2049.55
31410,2150.86
31411,2500.72
31412,2803.5
31413,2849.17
31414,3129.9
31415,3250.1
31416,3361.13
31417,2810.94
31418,2996.73
31419,4000.29
31420,4917.74
31421,4784.93
31422,4917.2
31423,4450.16
31424,3500.99
31425,3931.6
31426,3706.81
31427,3000.03
31428,2803.58
31429,3500.05
31430,3821.45
31431,4216.79
31432,3945.31
31433,3575.25
31434,3386.89
31435,3018.67
31436,2936.07
31437,3012.84
31438,3050.09
31439,2936.71
31440,2996.17
31441,2710.96
31442,2720.16
31443,2499.31
31444,2604.57
31445,1974.36
31446,1938.69
31447,1938.62
31448,2049.75
31449,2803.56
31450,3000.7
31451,3214.57
31452,3373.71
31453,3621.75
31454,3800.48
31455,4000.68
31456,4296.23
31457,3575.89
31458,3931.35
31459,4647.96
31460,10000.0
31461,10000.0
31462,10000.0
31463,10000.0
31464,10000.0
31465,10000.0
31466,10000.0
31467,10000.0
31468,10000.0
31469,5920.4
31470,3500.45
31471,3644.22
31472,3650.95
31473,3783.46
31474,3821.67
31475,3490.91
31476,3362.76
31477,2810.05
31478,2801.92
31479,1900.59
31480,599.89
31481,2447.29
31482,2499.92
31483,2849.09
31484,2884.04
31485,2800.25
31486,2072.45
31487,2000.58
31488,1961.02
31489,1950.0
31490,2000.3
31491,1961.93
31492,2049.16
31493,2030.41
31494,2072.1
31495,2000.71
31496,1961.84
31497,1938.91
31498,1900.34
31499,1694.71
31500,1694.68
31501,1614.06
31502,999.87
31503,1551.3
31504,1614.34
31505,1694.88
31506,1974.09
31507,2019.65
31508,2210.78
31509,2889.14
31510,3176.93
31511,2996.47
31512,2996.89
31513,3179.49
31514,3255.86
31515,3630.05
31516,3837.5
31517,4978.29
31518,5315.78
31519,5505.52
31520,4352.99
31521,3700.93
31522,3411.0
31523,3519.98
31524,3500.25
31525,3837.13
31526,3931.79
31527,3699.21
31528,3594.78
31529,3544.81
31530,3575.68
31531,3471.05
31532,3238.8
31533,2900.08
31534,2884.1
31535,2810.08
31536,2801.31
31537,2801.18
31538,2766.89
31539,2019.74
31540,1938.66
31541,1885.45
31542,1789.33
31543,1961.94
31544,2019.52
31545,2400.83
31546,2803.25
31547,2936.81
31548,2957.65
31549,3129.63
31550,3374.47
31551,3680.64
31552,3945.36
31553,3610.01
31554,4269.75
31555,4647.92
31556,10000.0
31557,10000.0
31558,10000.0
31559,10000.0
31560,10000.0
31561,10000.0
31562,10000.0
31563,10000.0
31564,10000.0
31565,5500.29
31566,3860.88
31567,3890.12
31568,3837.41
31569,3490.14
31570,3372.32
31571,3490.88
31572,3490.94
31573,2849.85
31574,2929.11
31575,2326.91
31576,2308.34
31577,2849.5
31578,2884.67
31579,2499.58
31580,2049.09
31581,1815.73
31582,1815.54
31583,2072.17
31584,2072.08
31585,2160.01
31586,2170.66
31587,2030.34
31588,2170.31
31589,2420.98
31590,2560.41
31591,2430.66
31592,2218.49
31593,2210.6
31594,2225.46
31595,2308.92
31596,2341.65
31597,2341.17
31598,2330.46
31599,2499.71
31600,2560.43
31601,2500.33
31602,2620.38
31603,2803.23
31604,2803.58
31605,3188.0
31606,3400.79
31607,3747.39
31608,3837.16
31609,3269.33
31610,3129.3
31611,3878.8
31612,4501.0
31613,4647.59
31614,5000.07
31615,4647.01
31616,4150.14
31617,4647.82
31618,4647.02
31619,3931.99
31620,3680.94
31621,3680.64
31622,3680.63
31623,3821.67
31624,3747.06
31625,3374.85
31626,3471.05
31627,3476.33
31628,3269.07
31629,2918.8
31630,2884.7
31631,2889.66
31632,2884.93
31633,3038.13
31634,3099.65
31635,2936.7
31636,2849.24
31637,2049.41
31638,2049.45
31639,2330.5
31640,2466.01
31641,2803.62
31642,2884.62
31643,3238.92
31644,3249.99
31645,3410.39
31646,3644.86
31647,3999.19
31648,4216.9
31649,4647.71
31650,5548.93
31651,10000.0
31652,10000.0
31653,10000.0
31654,10000.0
31655,10000.0
31656,10000.0
31657,10000.0
31658,10000.0
31659,10000.0
31660,10000.0
31661,5800.79
31662,5000.73
31663,4500.87
31664,3945.08
31665,2849.83
31666,2823.84
31667,3161.32
31668,3490.08
31669,3374.68
31670,3250.1
31671,3276.18
31672,3176.57
31673,2936.18
31674,2700.1
31675,2799.44
31676,2700.37
31677,2380.59
31678,2450.84
31679,2250.98
31680,2000.82
31681,2030.57
31682,2019.88
31683,2072.18
31684,2019.42
31685,2049.16
31686,2072.46
31687,2072.63
31688,2152.0
31689,2099.89
31690,2019.82
31691,2049.17
31692,2019.84
31693,2019.2
31694,2000.91
31695,1938.93
31696,1938.18
31697,1694.53
31698,1938.3
31699,2072.94
31700,2160.34
31701,2590.68
31702,2803.35
31703,2936.64
31704,3250.49
31705,3644.39
31706,3651.38
31707,3900.05
31708,4252.26
31709,4780.15
31710,4048.81
31711,4415.35
31712,4048.95
31713,4000.02
31714,3765.26
31715,3780.45
31716,3476.97
31717,3479.56
31718,3476.09
31719,3502.2
31720,3510.58
31721,3733.94
31722,3749.99
31723,3765.34
31724,3747.31
31725,3364.11
31726,3364.29
31727,3363.34
31728,3238.51
31729,2849.75
31730,2500.93
31731,2801.02
31732,2801.62
31733,2072.64
31734,2225.31
31735,2447.87
31736,2803.35
31737,2960.82
31738,3374.11
31739,3476.42
31740,3490.54
31741,3374.5
31742,3530.35
31743,3644.65
31744,4004.67
31745,4917.17
31746,5005.9
31747,4999.92
31748,6340.0
31749,10000.0
31750,10000.0
31751,10000.0
31752,10000.0
31753,10000.0
31754,10000.0
31755,10000.0
31756,10000.0
31757,3200.29
31758,2019.99
31759,4380.63
31760,4069.66
31761,3490.35
31762,3400.4
31763,3410.07
31764,3410.61
31765,2960.85
31766,2936.17
31767,3000.36
31768,2847.74
31769,2600.35
31770,2960.37
31771,2957.61
31772,2872.81
31773,2499.67
31774,2049.51
31775,1999.34
31776,1961.23
31777,2400.66
31778,2300.67
31779,2019.25
31780,1961.68
31781,1974.06
31782,1974.14
31783,1974.53
31784,1962.64
31785,1974.79
31786,2019.02
31787,2039.6
31788,2072.73
31789,2072.35
31790,2072.61
31791,2072.59
31792,2072.68
31793,2072.46
31794,2072.66
31795,2499.47
31796,2800.49
31797,2801.99
31798,2849.28
31799,3213.45
31800,3414.28
31801,3644.98
31802,3999.79
31803,4069.42
31804,4001.0
31805,4500.99
31806,4500.77
31807,4700.49
31808,4301.29
31809,5000.96
31810,5250.24
31811,4784.19
31812,4296.85
31813,4269.52
31814,4064.06
31815,4584.61
31816,4300.29
31817,4584.0
31818,4545.02
31819,3821.69
31820,3644.15
31821,3414.41
31822,3429.76
31823,3330.22
31824,3305.83
31825,3361.82
31826,3276.99
31827,3276.53
31828,3276.21
31829,2784.49
31830,2803.44
31831,2999.27
31832,3214.16
31833,3476.4
31834,3621.38
31835,3578.25
31836,3680.37
31837,3600.97
31838,3931.38
31839,4246.84
31840,4447.37
31841,4339.75
31842,4917.85
31843,4399.97
31844,4600.21
31845,10000.0
31846,10000.0
31847,10000.0
31848,10000.0
31849,10000.0
31850,10000.0
31851,10000.0
31852,6501.95
31853,99.89
31854,99.26
31855,2000.7
31856,2599.61
31857,2499.79
31858,2936.42
31859,3001.0
31860,3200.09
31861,3179.98
31862,3000.77
31863,3000.03
31864,2884.76
31865,2936.77
31866,2996.23
31867,2884.82
31868,2590.9
31869,2344.21
31870,2072.79
31871,2072.93
31872,2072.03
31873,2000.65
31874,2330.36
31875,2447.55
31876,2160.87
31877,2416.0
31878,2100.91
31879,2019.53
31880,2019.26
31881,2019.6
31882,2000.97
31883,1961.66
31884,2000.12
31885,2072.78
31886,2049.45
31887,2019.22
31888,2039.34
31889,2012.93
31890,2019.9
31891,2100.6
31892,2330.27
31893,2331.8
31894,2849.48
31895,2849.93
31896,3306.29
31897,3621.32
31898,3290.4
31899,3821.38
31900,4206.05
31901,4183.71
31902,4400.82
31903,4004.3
31904,3821.19
31905,3900.99
31906,3710.9
31907,4296.41
31908,4380.24
31909,4069.57
31910,3837.04
31911,3821.6
31912,3620.99
31913,3601.49
31914,3601.82
31915,3749.78
31916,3733.57
31917,3255.71
31918,3176.09
31919,3099.68
31920,3129.34
31921,2823.24
31922,2823.48
31923,2849.59
31924,2936.82
31925,2604.02
31926,2604.88
31927,2849.62
31928,2936.29
31929,2996.88
31930,3238.84
31931,3276.8
31932,3476.43
31933,3300.55
31934,3644.14
31935,4447.37
31936,4647.11
31937,4499.24
31938,4647.84
31939,4007.67
31940,5500.88
31941,6869.7
31942,10000.0
31943,10000.0
31944,10000.0
31945,10000.0
31946,10000.0
31947,5505.14
31948,4005.49
31949,2740.0
31950,1999.83
31951,3000.42
31952,3000.26
31953,3176.33
31954,3200.84
31955,3200.52
31956,2936.91
31957,3200.32
31958,2957.55
31959,2659.32
31960,1938.6
31961,1938.74
31962,1990.59
31963,1938.99
31964,1961.3
31965,1938.12
31966,1694.91
31967,1694.61
31968,1376.0
31969,1962.18
31970,2000.54
31971,2555.03
31972,2555.72
31973,2499.73
31974,2218.25
31975,2416.9
31976,2341.29
31977,2000.51
31978,1999.33
31979,2049.72
31980,2200.83
31981,2330.39
31982,2416.81
31983,2620.31
31984,2341.59
31985,2700.23
31986,2738.81
31987,2806.67
31988,2849.04
31989,2499.45
31990,2936.42
31991,2958.28
31992,3144.64
31993,3065.14
31994,2720.11
31995,3000.2
31996,3433.25
31997,3575.84
31998,3783.29
31999,3853.47
32000,3644.34
32001,3500.64
32002,3500.86
32003,3385.86
32004,3330.31
32005,3374.63
32006,3355.76
32007,3488.09
32008,3363.29
32009,3300.68
32010,3374.76
32011,3213.23
32012,2949.88
32013,2884.46
32014,2784.26
32015,2049.96
32016,2019.53
32017,2783.76
32018,2766.74
32019,2447.28
32020,2225.06
32021,1815.13
32022,1745.87
32023,1962.71
32024,2019.36
32025,2447.19
32026,2766.13
32027,3000.24
32028,3276.58
32029,3250.05
32030,3374.17
32031,3374.55
32032,3476.88
32033,3129.45
32034,3385.5
32035,3495.04
32036,3770.99
32037,3499.71
32038,3610.07
32039,3644.78
32040,3837.78
32041,3306.01
32042,3300.3
32043,3479.07
32044,3001.16
32045,2344.5
32046,2019.39
32047,3000.59
32048,2936.06
32049,3161.42
32050,3200.2
32051,3100.7
32052,3100.21
32053,2884.57
32054,2331.61
32055,2400.03
32056,2400.12
32057,2466.88
32058,2803.64
32059,2624.83
32060,2700.91
32061,2019.86
32062,1885.33
32063,1694.47
32064,1694.15
32065,1264.75
32066,1564.0
32067,2030.66
32068,2072.98
32069,2072.99
32070,2072.61
32071,2049.27
32072,1974.85
32073,2030.39
32074,2049.04
32075,2100.19
32076,2100.3
32077,2072.52
32078,2049.76
32079,2072.81
32080,2039.66
32081,1879.19
32082,2019.17
32083,1938.71
32084,2019.05
32085,2225.46
32086,2849.46
32087,3176.61
32088,3176.83
32089,2878.91
32090,2876.7
32091,2849.9
32092,3530.98
32093,4978.08
32094,5246.25
32095,5000.26
32096,5000.41
32097,5061.84
32098,5500.53
32099,5520.68
32100,5061.75
32101,5500.42
32102,4917.15
32103,3639.87
32104,3410.7
32105,2012.15
32106,2884.09
32107,2849.56
32108,2800.23
32109,2599.26
32110,2347.62
32111,2347.33
32112,2416.64
32113,2820.42
32114,2884.02
32115,2365.03
32116,2222.65
32117,2049.51
32118,2049.54
32119,2222.34
32120,2312.74
32121,2889.09
32122,3238.5
32123,3000.95
32124,3000.06
32125,2960.78
32126,3110.86
32127,3476.37
32128,3490.71
32129,3391.13
32130,3392.8
32131,3821.74
32132,5505.06
32133,10000.0
32134,10000.0
32135,10000.0
32136,10000.0
32137,10000.0
32138,10000.0
32139,10000.0
32140,10000.0
32141,5005.57
32142,4937.55
32143,3780.89
32144,2948.0
32145,3999.94
32146,4048.66
32147,3750.22
32148,3499.34
32149,3144.37
32150,3249.48
32151,3487.83
32152,3476.19
32153,3299.11
32154,3409.14
32155,3400.1
32156,3200.59
32157,2999.63
32158,2949.59
32159,2936.7
32160,2810.11
32161,2910.96
32162,3299.14
32163,3414.76
32164,3276.97
32165,2803.47
32166,2185.0
32167,2803.62
32168,2803.82
32169,2750.01
32170,2650.09
32171,2750.95
32172,2650.46
32173,2650.52
32174,2750.29
32175,2803.09
32176,2750.34
32177,2849.16
32178,2936.58
32179,3238.25
32180,3392.0
32181,3129.85
32182,3476.76
32183,3490.42
32184,3550.72
32185,3480.06
32186,3783.12
32187,4064.97
32188,5505.66
32189,10000.0
32190,10000.0
32191,10000.0
32192,10000.0
32193,10000.0
32194,10000.0
32195,4949.96
32196,3960.64
32197,3255.63
32198,3336.92
32199,3490.15
32200,3490.58
32201,3129.24
32202,3410.78
32203,3476.41
32204,3410.4
32205,3374.83
32206,3391.79
32207,3424.57
32208,3276.8
32209,3099.93
32210,2884.35
32211,2803.14
32212,2466.92
32213,2466.87
32214,2884.18
32215,3129.04
32216,3176.12
32217,3424.62
32218,3476.76
32219,3414.87
32220,3490.88
32221,3685.07
32222,4000.06
32223,4246.54
32224,4216.13
32225,3783.47
32226,4128.0
32227,5199.48
32228,10000.0
32229,10000.0
32230,10000.0
32231,10000.0
32232,10000.0
32233,10000.0
32234,10000.0
32235,10000.0
32236,10000.0
32237,10000.0
32238,8997.13
32239,5165.0
32240,4620.65
32241,4069.08
32242,3783.67
32243,3363.64
32244,3300.69
32245,2996.88
32246,2956.0
32247,3310.77
32248,3362.68
32249,3359.0
32250,3500.7
32251,3490.35
32252,3374.62
32253,3100.38
32254,2849.64
32255,2800.41
32256,2410.58
32257,2700.5
32258,2700.82
32259,2803.56
32260,2884.58
32261,2849.67
32262,2800.71
32263,2416.21
32264,2347.63
32265,2416.01
32266,2350.9
32267,2310.34
32268,2222.25
32269,2210.61
32270,2280.78
32271,2341.04
32272,2341.85
32273,2250.71
32274,2510.66
32275,2551.0
32276,2849.29
32277,2725.18
32278,2725.86
32279,2884.9
32280,3213.15
32281,3213.22
32282,3255.9
32283,3821.1
32284,5500.44
32285,6400.56
32286,10000.0
32287,10000.0
32288,10000.0
32289,5246.47
32290,4100.69
32291,5000.77
32292,4647.77
32293,5248.27
32294,4917.71
32295,3837.94
32296,3300.99
32297,3499.87
32298,3685.96
32299,4000.43
32300,3821.48
32301,3582.61
32302,3556.0
32303,3510.29
32304,3490.66
32305,3269.41
32306,3213.13
32307,3213.85
32308,3269.56
32309,3211.5
32310,3176.67
32311,3117.66
32312,3213.35
32313,3490.91
32314,3502.81
32315,3476.61
32316,3502.03
32317,3931.23
32318,3931.52
32319,4200.58
32320,5042.61
32321,4684.73
32322,5300.71
32323,4917.35
32324,10000.0
32325,10000.0
32326,10000.0
32327,10000.0
32328,10000.0
32329,10000.0
32330,10000.0
32331,10000.0
32332,10000.0
32333,6300.2
32334,5500.09
32335,5505.62
32336,5250.25
32337,4373.29
32338,3837.93
32339,3783.43
32340,3495.33
32341,3476.47
32342,3372.55
32343,3168.75
32344,3099.01
32345,3276.23
32346,3247.48
32347,2936.27
32348,2800.02
32349,2871.94
32350,2849.16
32351,2670.4
32352,2312.52
32353,2072.6
32354,2350.96
32355,2619.85
32356,2416.64
32357,2416.05
32358,2210.51
32359,2112.27
32360,2069.31
32361,2072.27
32362,2069.53
32363,2069.14
32364,2100.01
32365,2330.28
32366,2416.64
32367,2416.18
32368,2342.0
32369,2630.33
32370,2884.93
32371,2884.07
32372,3176.41
32373,3238.13
32374,3319.64
32375,3475.14
32376,3500.58
32377,3644.24
32378,4000.65
32379,4450.73
32380,5315.97
32381,7000.55
32382,10000.0
32383,7000.11
32384,10000.0
32385,5548.53
32386,5061.4
32387,5000.32
32388,4647.2
32389,4647.95
32390,4647.42
32391,3999.75
32392,3495.93
32393,3644.33
32394,3644.54
32395,3621.03
32396,3495.79
32397,3495.63
32398,3411.93
32399,3392.29
32400,3369.58
32401,3213.75
32402,3213.85
32403,3176.21
32404,2960.52
32405,2120.6
32406,1961.71
32407,2049.64
32408,2803.28
32409,2878.56
32410,2936.66
32411,2936.23
32412,2936.31
32413,3495.48
32414,3621.47
32415,3783.7
32416,3931.99
32417,4069.82
32418,5000.26
32419,10000.0
32420,10000.0
32421,10000.0
32422,10000.0
32423,10000.0
32424,10000.0
32425,10000.0
32426,10000.0
32427,10000.0
32428,10000.0
32429,10000.0
32430,10000.0
32431,7442.18
32432,5250.8
32433,4448.31
32434,4000.84
32435,3490.11
32436,3299.08
32437,3376.39
32438,3300.34
32439,3100.04
32440,2960.64
32441,2960.51
32442,2849.42
32443,3129.47
32444,3161.49
32445,2900.33
32446,2849.41
32447,2341.63
32448,2112.95
32449,2309.51
32450,2089.47
32451,2630.01
32452,2630.87
32453,2738.63
32454,2710.25
32455,2599.84
32456,2450.25
32457,2324.19
32458,2324.05
32459,2324.74
32460,2396.11
32461,2420.9
32462,2430.0
32463,2505.19
32464,2396.59
32465,2599.88
32466,2738.75
32467,2365.18
32468,2420.0
32469,2396.55
32470,2910.29
32471,3317.29
32472,3505.04
32473,3474.58
32474,3530.3
32475,3651.82
32476,4301.58
32477,6001.12
32478,10000.0
32479,6505.96
32480,6505.94
32481,5100.38
32482,5499.37
32483,6001.13
32484,4048.86
32485,3601.37
32486,3391.18
32487,2856.2
32488,2849.15
32489,2949.82
32490,3376.21
32491,3424.98
32492,3489.98
32493,3260.16
32494,2960.14
32495,3274.69
32496,3274.51
32497,3128.0
32498,3160.65
32499,3274.09
32500,3259.88
32501,2710.03
32502,2450.96
32503,2915.02
32504,2860.0
32505,3040.36
32506,3240.12
32507,3106.94
32508,3022.98
32509,2452.51
32510,3290.07
32511,3474.95
32512,3999.12
32513,3761.0
32514,3760.01
32515,3649.31
32516,4731.96
32517,5300.15
32518,10000.0
32519,10000.0
32520,10000.0
32521,10000.0
32522,10000.0
32523,10000.0
32524,10000.0
32525,5510.27
32526,4950.07
32527,3558.0
32528,3490.51
32529,3376.04
32530,3252.01
32531,3200.4
32532,2600.3
32533,2960.25
32534,2915.79
32535,2399.25
32536,2399.77
32537,2915.39
32538,3000.55
32539,2849.55
32540,2420.22
32541,2089.57
32542,2080.06
32543,2056.42
32544,2000.02
32545,2049.75
32546,1932.33
32547,1944.27
32548,2035.7
32549,2000.97
32550,2089.15
32551,2074.38
32552,2089.78
32553,2049.7
32554,2069.92
32555,2100.04
32556,2101.92
32557,2302.06
32558,2324.54
32559,2380.46
32560,2525.69
32561,2550.74
32562,2610.6
32563,2630.78
32564,2800.69
32565,3070.49
32566,3260.27
32567,2710.59
32568,2552.99
32569,3269.1
32570,3474.75
32571,3626.35
32572,3945.34
32573,4448.46
32574,4503.4
32575,4500.26
32576,4385.73
32577,3963.1
32578,4006.66
32579,3905.45
32580,3626.66
32581,2849.65
32582,2704.33
32583,3260.6
32584,3106.56
32585,3101.83
32586,3106.9
32587,3249.26
32588,2946.96
32589,2910.11
32590,3106.32
32591,2633.7
32592,2619.56
32593,2420.07
32594,2312.04
32595,2396.88
32596,2312.94
32597,1932.84
32598,1932.57
32599,2324.01
32600,2610.7
32601,2915.33
32602,3260.82
32603,3100.94
32604,3163.83
32605,3250.31
32606,3380.51
32607,3860.99
32608,3963.61
32609,4356.49
32610,4520.05
32611,4764.03
32612,6006.03
32613,6510.76
32614,10000.0
32615,10000.0
32616,10000.0
32617,10000.0
32618,10000.0
32619,10000.0
32620,10000.0
32621,5649.35
32622,6001.85
32623,3963.34
32624,3499.0
32625,3470.64
32626,3626.02
32627,3930.11
32628,3626.55
32629,3071.55
32630,2999.98
32631,2915.06
32632,2800.77
32633,2915.34
32634,2849.5
32635,2600.95
32636,2501.12
32637,2590.9
32638,2530.29
32639,2380.76
32640,2312.26
32641,2290.38
32642,2102.0
32643,2112.68
32644,2300.76
32645,2112.14
32646,2089.86
32647,2069.6
32648,2069.08
32649,2089.73
32650,2300.69
32651,2300.19
32652,2300.15
32653,2300.39
32654,2300.14
32655,2301.74
32656,2340.49
32657,2499.08
32658,2499.72
32659,2452.48
32660,2452.8
32661,3260.02
32662,3317.25
32663,2910.16
32664,2915.33
32665,3213.75
32666,3213.74
32667,3420.99
32668,3440.21
32669,3440.44
32670,3583.08
32671,3278.03
32672,3700.64
32673,3296.5
32674,3211.0
32675,3289.05
32676,3200.1
32677,3000.52
32678,3099.62
32679,3260.99
32680,3019.24
32681,3106.12
32682,2960.3
32683,2849.4
32684,2530.46
32685,2630.15
32686,2710.71
32687,2700.59
32688,2530.96
32689,2430.0
32690,2324.4
32691,2525.64
32692,2700.97
32693,2300.55
32694,1932.62
32695,2049.06
32696,2300.33
32697,1938.13
32698,2294.0
32699,2420.29
32700,2753.01
32701,2766.04
32702,2960.52
32703,3106.42
32704,2974.31
32705,2499.41
32706,2710.61
32707,3220.75
32708,3760.15
32709,3474.99
32710,3860.55
32711,3990.1
32712,5500.66
32713,5005.66
32714,4755.42
32715,4085.53
32716,3000.37
32717,2500.84
32718,3474.64
32719,3132.4
32720,2999.49
32721,3072.96
32722,3106.83
32723,2710.9
32724,2550.88
32725,2524.94
32726,2500.85
32727,2710.18
32728,2500.42
32729,2500.69
32730,2500.17
32731,2335.03
32732,2078.98
32733,2000.88
32734,1999.43
32735,1999.54
32736,1940.04
32737,2222.98
32738,2222.96
32739,2500.45
32740,2500.25
32741,2115.88
32742,1990.05
32743,1819.75
32744,1693.88
32745,1932.49
32746,1819.17
32747,1905.33
32748,1819.65
32749,1819.28
32750,1693.95
32751,1819.65
32752,1932.38
32753,2067.17
32754,2078.72
32755,2303.37
32756,2420.56
32757,2000.06
32758,2000.76
32759,1980.8
32760,2849.91
32761,3474.93
32762,3982.0
32763,3219.41
32764,3623.93
32765,3710.98
32766,4450.85
32767,4000.07
32768,3800.98
32769,3410.05
32770,3623.33
32771,3623.69
32772,3399.32
32773,2960.08
32774,2999.66
32775,2999.14
32776,2956.44
32777,2770.19
32778,2800.25
32779,2679.33
32780,2530.82
32781,2530.11
32782,2718.77
32783,2599.91
32784,2560.99
32785,2396.11
32786,2324.73
32787,2049.27
32788,1932.07
32789,1584.5
32790,1598.5
32791,1785.02
32792,2078.67
32793,2340.84
32794,2446.12
32795,2710.19
32796,2710.21
32797,2500.1
32798,2693.0
32799,3200.62
32800,3474.84
32801,2915.13
32802,3350.89
32803,2999.94
32804,3550.55
32805,5999.59
32806,10000.0
32807,10000.0
32808,10000.0
32809,10000.0
32810,10000.0
32811,10000.0
32812,10000.0
32813,4999.28
32814,4999.65
32815,3739.84
32816,3739.2
32817,2530.31
32818,2877.5
32819,3300.7
32820,3290.7
32821,3250.32
32822,3046.0
32823,2746.94
32824,2500.96
32825,2000.23
32826,2370.67
32827,2343.68
32828,2049.46
32829,1999.8
32830,2302.3
32831,2000.17
32832,1819.99
32833,2300.59
32834,1990.26
32835,2049.8
32836,2324.19
32837,2210.38
32838,2100.01
32839,2100.85
32840,2200.46
32841,2012.02
32842,2049.24
32843,2000.55
32844,2049.68
32845,2100.18
32846,2049.86
32847,2049.93
32848,2303.36
32849,2100.8
32850,2340.24
32851,2049.55
32852,2303.67
32853,2719.56
32854,2849.08
32855,3106.43
32856,3100.57
32857,3500.22
32858,3654.49
32859,3750.93
32860,4100.95
32861,5140.92
32862,5500.65
32863,5020.45
32864,5140.25
32865,4000.25
32866,3878.78
32867,3745.08
32868,3399.33
32869,2530.45
32870,2530.06
32871,3220.6
32872,3019.66
32873,2820.88
32874,2889.13
32875,3106.32
32876,3000.38
32877,2599.51
32878,2889.23
32879,2808.1
32880,2803.57
32881,2049.71
32882,2078.75
32883,1944.28
32884,1885.05
32885,1470.0
32886,1536.59
32887,1885.25
32888,2078.02
32889,2324.16
32890,2303.53
32891,2880.14
32892,2999.41
32893,2929.83
32894,3269.24
32895,2803.46
32896,3474.19
32897,2319.08
32898,2599.35
32899,3310.3
32900,3500.17
32901,3928.82
32902,7000.91
32903,10000.0
32904,10000.0
32905,10000.0
32906,10000.0
32907,10000.0
32908,10000.0
32909,4500.05
32910,4200.43
32911,3610.24
32912,3810.25
32913,3590.01
32914,3106.13
32915,3610.66
32916,3490.7
32917,3106.96
32918,2849.65
32919,2960.12
32920,2820.76
32921,2530.47
32922,2700.2
32923,1499.02
32924,1499.15
32925,2340.29
32926,2170.65
32927,1932.29
32928,1210.59
32929,1919.59
32930,2000.17
32931,2000.89
32932,2000.42
32933,2000.52
32934,2000.49
32935,2069.87
32936,2078.66
32937,1940.34
32938,1990.8
32939,2010.13
32940,2000.97
32941,2078.56
32942,2100.99
32943,2010.5
32944,1932.29
32945,1840.8
32946,1990.95
32947,1932.59
32948,1990.37
32949,1938.38
32950,2049.14
32951,2915.46
32952,3353.45
32953,3278.78
32954,3310.85
32955,3963.35
32956,4764.88
32957,5081.56
32958,6505.13
32959,5500.35
32960,5139.61
32961,4499.9
32962,4048.86
32963,4106.3
32964,3651.38
32965,3593.57
32966,3593.22
32967,3200.0
32968,2512.16
32969,2839.61
32970,3235.24
32971,3373.36
32972,3317.65
32973,3010.06
32974,3019.52
32975,3220.43
32976,3274.26
32977,2710.46
32978,2390.35
32979,2302.1
32980,2303.41
32981,2078.21
32982,2078.97
32983,2610.28
32984,2396.15
32985,2307.39
32986,2303.06
32987,2396.99
32988,2610.12
32989,2710.51
32990,2929.39
32991,2915.96
32992,3010.78
32993,2550.44
32994,3163.19
32995,4200.81
32996,4578.04
32997,4572.15
32998,5505.02
32999,10000.0
33000,10000.0
33001,10000.0
33002,10000.0
33003,10000.0
33004,10000.0
33005,4499.11
33006,4410.19
33007,4100.84
33008,4000.24
33009,3700.68
33010,3490.8
33011,3647.21
33012,3626.28
33013,3500.4
33014,3373.65
33015,3106.2
33016,2956.42
33017,2880.72
33018,2810.97
33019,2810.05
33020,2700.18
33021,2710.55
33022,2600.23
33023,2020.82
33024,1810.5
33025,2100.76
33026,2199.74
33027,2250.05
33028,2530.36
33029,2530.99
33030,2430.26
33031,2480.17
33032,2464.0
33033,2100.17
33034,2100.67
33035,2100.74
33036,2150.66
33037,2210.88
33038,2390.48
33039,2410.64
33040,2499.38
33041,2466.7
33042,2550.32
33043,2774.72
33044,2915.18
33045,3087.68
33046,3250.18
33047,3269.12
33048,3566.47
33049,3590.75
33050,3963.63
33051,3900.21
33052,4505.06
33053,5011.91
33054,10000.0
33055,7498.33
33056,8176.92
33057,4964.7
33058,4493.05
33059,4087.17
33060,3878.33
33061,3541.01
33062,2999.14
33063,2530.29
33064,2710.36
33065,1932.6
33066,1885.25
33067,1242.77
33068,1242.47
33069,2100.73
33070,2300.47
33071,2323.02
33072,2378.89
33073,2078.98
33074,2049.83
33075,2049.95
33076,1932.27
33077,1919.11
33078,1880.49
33079,1932.58
33080,1919.65
33081,1932.76
33082,2049.19
33083,1932.38
33084,1931.25
33085,2078.71
33086,2446.64
33087,2324.08
33088,2560.97
33089,2217.58
33090,2599.49
33091,2801.03
33092,3000.23
33093,3910.88
33094,4106.31
33095,10000.0
33096,10000.0
33097,10000.0
33098,10000.0
33099,10000.0
33100,8999.35
33101,3605.0
33102,3605.63
33103,4000.17
33104,3626.1
33105,3410.83
33106,3410.69
33107,3384.85
33108,3384.95
33109,3384.44
33110,3260.96
33111,2996.98
33112,2324.15
33113,2822.13
33114,2800.74
33115,2324.08
33116,1944.99
33117,2078.66
33118,1999.38
33119,1999.35
33120,1938.51
33121,2300.34
33122,2324.89
33123,2499.92
33124,2500.53
33125,2324.33
33126,2049.92
33127,1944.39
33128,1932.71
33129,1944.65
33130,2076.0
33131,2303.15
33132,2396.13
33133,2500.18
33134,2500.1
33135,2499.22
33136,2466.27
33137,2396.57
33138,2500.6
33139,2303.93
33140,2396.3
33141,2217.49
33142,2312.44
33143,2210.05
33144,2910.36
33145,3163.25
33146,3510.94
33147,2519.23
33148,3474.04
33149,4589.7
33150,5105.18
33151,4589.15
33152,4499.76
33153,3999.6
33154,3671.48
33155,2720.83
33156,1499.71
33157,2849.51
33158,3010.98
33159,3410.16
33160,3410.2
33161,3526.6
33162,3450.93
33163,3249.34
33164,2720.88
33165,2810.33
33166,2810.27
33167,2710.19
33168,2560.29
33169,2801.82
33170,2810.16
33171,2710.66
33172,2400.66
33173,1840.62
33174,1938.29
33175,2500.24
33176,2598.62
33177,2800.41
33178,2800.63
33179,2774.16
33180,2801.09
33181,2710.18
33182,2915.12
33183,2999.06
33184,3294.11
33185,3588.64
33186,3590.65
33187,3623.74
33188,4061.2
33189,4220.09
33190,8008.55
33191,10000.0
33192,10000.0
33193,10000.0
33194,10000.0
33195,10000.0
33196,10000.0
33197,4030.51
33198,4410.03
33199,4010.29
33200,3490.89
33201,3432.25
33202,3560.31
33203,3490.87
33204,3474.75
33205,3384.79
33206,2849.64
33207,2849.98
33208,2380.03
33209,2810.94
33210,2960.4
33211,3050.97
33212,3106.42
33213,2849.56
33214,2849.0
33215,2710.15
33216,2499.33
33217,2530.89
33218,2500.33
33219,2500.59
33220,2500.79
33221,2499.9
33222,2510.01
33223,2450.85
33224,2400.0
33225,2410.23
33226,2401.26
33227,2449.83
33228,2500.03
33229,2410.93
33230,2199.59
33231,2220.52
33232,2449.24
33233,2530.61
33234,2757.5
33235,2650.35
33236,2650.98
33237,2999.11
33238,3250.12
33239,3504.64
33240,3500.42
33241,3623.86
33242,3745.3
33243,3590.49
33244,3806.0
33245,4200.86
33246,4708.32
33247,4608.85
33248,4589.33
33249,3760.75
33250,3520.01
33251,3928.47
33252,3020.91
33253,2312.33
33254,3100.0
33255,2900.82
33256,2530.77
33257,3610.1
33258,3600.87
33259,3720.18
33260,3526.88
33261,3260.61
33262,3260.41
33263,3213.41
33264,3200.71
33265,2960.02
33266,2766.75
33267,2600.18
33268,2530.35
33269,2078.71
33270,2300.56
33271,2710.28
33272,2774.86
33273,2774.61
33274,2720.74
33275,2915.12
33276,3000.57
33277,2915.77
33278,2810.89
33279,3211.77
33280,3376.45
33281,3474.63
33282,3970.32
33283,6000.25
33284,6000.95
33285,9461.33
33286,10000.0
33287,10000.0
33288,10000.0
33289,10000.0
33290,10000.0
33291,10000.0
33292,10000.0
33293,5425.67
33294,5637.97
33295,4731.09
33296,4505.65
33297,3963.76
33298,3760.36
33299,3106.86
33300,2960.95
33301,2946.67
33302,3106.66
33303,3260.41
33304,3110.52
33305,2849.93
33306,2947.45
33307,2942.96
33308,2849.27
33309,2450.91
33310,2049.61
33311,2049.9
33312,1969.42
33313,2480.71
33314,2500.07
33315,2502.0
33316,2510.64
33317,2449.41
33318,2370.47
33319,2396.77
33320,2400.52
33321,2396.94
33322,2499.16
33323,2500.35
33324,2500.63
33325,2500.35
33326,2410.09
33327,2499.35
33328,2490.02
33329,2180.71
33330,2049.12
33331,2199.58
33332,2302.91
33333,2753.13
33334,2915.62
33335,2710.43
33336,2900.45
33337,3399.94
33338,3474.74
33339,3213.25
33340,3450.27
33341,3470.76
33342,3610.58
33343,3626.44
33344,3745.67
33345,3490.19
33346,3626.24
33347,3211.41
33348,2915.54
33349,2466.54
33350,2900.46
33351,2915.89
33352,2915.31
33353,2910.63
33354,2889.49
33355,2915.53
33356,2810.43
33357,2801.94
33358,2820.99
33359,2801.47
33360,2801.3
33361,2446.1
33362,2324.79
33363,2303.03
33364,2049.47
33365,2099.74
33366,2134.87
33367,2049.43
33368,2324.39
33369,2199.6
33370,2501.23
33371,2620.47
33372,2501.84
33373,3000.63
33374,2810.08
33375,2599.73
33376,2495.54
33377,2307.01
33378,2307.63
33379,2799.9
33380,3610.31
33381,3610.16
33382,4410.31
33383,4608.58
33384,8000.1
33385,4731.12
33386,4964.59
33387,4397.07
33388,3606.76
33389,3106.26
33390,3550.19
33391,3500.34
33392,2999.83
33393,3099.53
33394,2915.26
33395,2960.16
33396,2719.78
33397,2960.21
33398,2804.31
33399,2303.92
33400,1999.79
33401,2049.47
33402,2430.8
33403,2254.0
33404,1950.92
33405,1938.44
33406,1938.58
33407,1800.55
33408,1693.27
33409,1434.71
33410,1693.05
33411,1990.09
33412,2069.77
33413,1932.57
33414,1840.22
33415,1932.86
33416,1693.89
33417,1693.23
33418,1693.03
33419,1693.39
33420,1693.81
33421,1693.66
33422,1693.78
33423,1944.63
33424,2050.35
33425,2250.99
33426,1944.74
33427,1935.2
33428,1944.5
33429,2303.43
33430,2750.27
33431,2915.39
33432,2960.65
33433,3012.53
33434,3200.36
33435,3278.5
33436,3800.11
33437,4000.26
33438,4311.96
33439,4572.39
33440,3860.95
33441,3760.32
33442,3800.34
33443,3928.45
33444,3300.56
33445,3590.98
33446,3500.38
33447,3541.44
33448,3588.35
33449,3590.47
33450,3591.0
33451,3490.7
33452,3220.4
33453,2710.2
33454,2600.43
33455,2630.91
33456,2710.09
33457,2466.38
33458,2510.36
33459,2500.14
33460,2600.6
33461,1990.67
33462,1967.8
33463,1932.86
33464,2234.47
33465,2466.64
33466,2710.02
33467,2312.95
33468,2396.67
33469,2299.96
33470,2431.0
33471,2774.33
33472,3117.53
33473,2996.09
33474,3410.01
33475,4531.85
33476,4917.78
33477,4300.99
33478,5500.66
33479,10000.0
33480,10000.0
33481,10000.0
33482,10000.0
33483,10000.0
33484,10000.0
33485,4200.97
33486,4500.66
33487,3990.31
33488,3507.83
33489,3474.93
33490,3508.06
33491,3623.04
33492,3385.35
33493,2996.85
33494,2849.93
33495,2600.75
33496,2324.47
33497,2280.79
33498,2303.17
33499,2495.68
33500,2396.78
33501,2012.64
33502,2049.63
33503,1969.83
33504,1807.51
33505,2210.03
33506,2303.4
33507,2400.44
33508,2410.17
33509,2396.08
33510,2303.96
33511,2049.11
33512,1932.57
33513,1969.31
33514,1990.37
33515,2012.52
33516,1969.19
33517,1931.64
33518,1931.68
33519,1944.05
33520,1969.12
33521,2012.7
33522,2078.22
33523,1932.28
33524,1990.25
33525,1944.06
33526,2399.86
33527,2396.02
33528,2630.7
33529,2751.81
33530,2600.44
33531,2504.59
33532,3700.42
33533,4061.79
33534,5386.93
33535,5560.62
33536,4801.81
33537,5199.96
33538,4577.97
33539,4731.55
33540,4608.53
33541,4502.31
33542,4499.16
33543,3999.1
33544,3928.98
33545,3610.58
33546,3647.99
33547,3466.0
33548,3260.22
33549,2710.55
33550,2915.05
33551,2915.83
33552,2880.64
33553,2450.78
33554,2510.42
33555,2564.02
33556,2564.12
33557,1840.27
33558,1932.13
33559,2280.06
33560,2499.62
33561,2821.54
33562,2910.03
33563,2849.38
33564,3106.72
33565,3117.5
33566,3300.09
33567,3590.76
33568,3763.3
33569,3626.28
33570,3800.7
33571,4150.36
33572,4505.4
33573,4350.3
33574,6776.0
33575,10000.0
33576,10000.0
33577,10000.0
33578,10000.0
33579,10000.0
33580,5200.6
33581,3928.83
33582,4100.83
33583,4500.68
33584,3850.68
33585,3874.52
33586,3810.35
33587,3720.51
33588,3443.99
33589,3342.37
33590,3106.35
33591,2849.29
33592,2049.92
33593,2400.93
33594,2799.51
33595,2399.64
33596,2399.32
33597,2396.02
33598,2399.26
33599,2078.5
33600,1990.98
33601,2049.8
33602,1999.69
33603,2012.61
33604,2078.9
33605,2078.43
33606,2076.0
33607,2049.52
33608,1944.7
33609,1938.85
33610,1999.71
33611,2049.13
33612,2049.7
33613,2280.29
33614,2303.6
33615,2399.82
33616,2500.05
33617,2049.91
33618,2280.21
33619,2929.87
33620,2520.73
33621,2710.54
33622,2990.53
33623,2915.97
33624,3211.48
33625,3474.04
33626,3626.73
33627,3831.27
33628,4500.98
33629,5500.61
33630,9356.03
33631,10000.0
33632,10000.0
33633,10000.0
33634,10000.0
33635,4492.71
33636,3928.58
33637,3510.3
33638,3799.73
33639,3928.57
33640,3760.21
33641,3200.1
33642,3249.56
33643,3199.27
33644,2999.87
33645,2960.84
33646,3106.47
33647,2960.59
33648,2710.86
33649,2900.25
33650,2800.58
33651,2500.14
33652,2432.0
33653,1999.99
33654,2049.32
33655,2399.67
33656,2500.13
33657,2370.25
33658,2399.24
33659,2600.58
33660,2980.15
33661,2699.22
33662,2915.62
33663,2875.01
33664,2710.51
33665,2199.48
33666,2349.67
33667,3600.83
33668,3980.51
33669,4731.29
33670,10000.0
33671,10000.0
33672,10000.0
33673,10000.0
33674,10000.0
33675,10000.0
33676,10000.0
33677,5010.47
33678,5423.65
33679,4900.46
33680,4749.49
33681,4608.13
33682,4250.44
33683,4110.17
33684,3780.96
33685,3651.53
33686,3700.83
33687,3700.24
33688,3475.61
33689,3096.55
33690,3258.11
33691,3626.82
33692,3474.39
33693,1999.33
33694,1995.16
33695,2078.61
33696,2049.54
33697,2600.54
33698,2700.14
33699,2800.69
33700,2899.49
33701,2849.11
33702,2774.64
33703,2774.01
33704,2738.08
33705,2466.66
33706,2390.17
33707,2399.37
33708,2510.42
33709,2511.0
33710,2600.87
33711,2601.31
33712,2601.11
33713,2710.04
33714,2915.75
33715,3200.18
33716,3000.4
33717,2752.74
33718,2710.24
33719,3141.7
33720,3258.54
33721,3351.01
33722,3500.79
33723,3749.11
33724,3850.78
33725,4600.6
33726,10000.0
33727,10000.0
33728,10000.0
33729,5998.21
33730,4731.03
33731,3710.13
33732,3266.9
33733,3342.17
33734,3483.55
33735,3500.78
33736,3060.0
33737,3020.55
33738,2910.09
33739,2999.99
33740,3000.56
33741,2999.48
33742,2999.19
33743,3000.01
33744,2950.06
33745,2899.77
33746,2710.35
33747,2620.25
33748,2399.89
33749,2149.36
33750,2120.1
33751,2149.27
33752,2349.41
33753,2299.05
33754,2564.93
33755,2049.79
33756,2500.82
33757,2049.54
33758,2810.89
33759,3500.46
33760,3510.85
33761,3260.41
33762,3590.93
33763,3874.0
33764,4577.36
33765,10000.0
33766,10000.0
33767,10000.0
33768,10000.0
33769,10000.0
33770,10000.0
33771,10000.0
33772,10000.0
33773,10000.0
33774,10000.0
33775,7999.17
33776,5499.84
33777,4731.62
33778,4731.65
33779,3850.49
33780,3800.72
33781,3800.57
33782,3930.22
33783,3928.44
33784,3626.5
33785,3627.0
33786,3588.89
33787,3526.12
33788,3450.33
33789,2980.37
33790,2710.96
33791,2399.43
33792,2348.17
33793,2500.13
33794,2630.24
33795,2800.58
33796,2800.62
33797,2500.58
33798,2500.16
33799,2430.59
33800,2399.18
33801,2078.95
33802,2149.99
33803,2499.87
33804,2500.08
33805,2500.35
33806,2500.91
33807,2500.7
33808,2500.93
33809,2634.09
33810,2800.15
33811,2916.0
33812,2500.39
33813,2485.61
33814,2399.21
33815,2500.93
33816,2915.61
33817,2800.03
33818,3610.24
33819,4250.59
33820,4731.24
33821,10000.0
33822,10000.0
33823,10000.0
33824,10000.0
33825,8000.53
33826,4964.34
33827,4608.18
33828,3975.37
33829,3831.02
33830,3710.06
33831,3342.49
33832,3004.66
33833,3399.53
33834,3342.14
33835,3310.57
33836,3266.9
33837,3399.72
33838,3317.03
33839,3294.12
33840,3317.18
33841,3258.99
33842,3106.66
33843,2810.24
33844,2500.63
33845,2399.95
33846,2396.81
33847,2500.11
33848,2650.48
33849,2710.08
33850,2781.71
33851,2499.65
33852,2860.55
33853,2915.94
33854,2849.47
33855,3257.95
33856,3500.5
33857,3210.06
33858,3623.87
33859,4000.52
33860,10000.0
33861,10000.0
33862,10000.0
33863,10000.0
33864,10000.0
33865,10000.0
33866,10000.0
33867,10000.0
33868,10000.0
33869,10000.0
33870,10000.0
33871,10000.0
33872,5499.71
33873,4964.21
33874,4639.68
33875,4852.6
33876,4410.52
33877,3999.53
33878,4182.09
33879,3831.45
33880,3799.5
33881,3651.35
33882,3760.4
33883,3526.98
33884,3469.04
33885,3220.56
33886,3249.02
33887,3100.7
33888,2980.66
33889,3260.2
33890,3294.22
33891,3000.08
33892,2849.87
33893,2710.19
33894,2710.09
33895,2700.96
33896,2630.52
33897,2399.65
33898,2410.48
33899,2550.06
33900,2710.15
33901,2610.49
33902,2564.93
33903,2781.09
33904,2849.24
33905,2960.97
33906,3100.32
33907,3240.44
33908,3000.79
33909,3720.71
33910,3963.01
33911,3749.38
33912,3610.16
33913,3494.42
33914,3910.83
33915,4593.6
33916,7010.0
33917,10000.0
33918,10000.0
33919,10000.0
33920,10000.0
33921,10000.0
33922,10000.0
33923,5649.8
33924,4589.76
33925,4389.48
33926,4200.29
33927,3763.0
33928,3626.71
33929,3560.25
33930,3474.95
33931,3526.71
33932,3490.26
33933,3294.28
33934,3474.4
33935,3294.45
33936,3139.7
33937,2899.92
33938,2878.71
33939,3106.38
33940,3210.19
33941,2849.34
33942,2821.49
33943,2979.96
33944,3210.95
33945,3274.23
33946,3314.0
33947,3274.64
33948,3474.37
33949,3526.41
33950,3590.48
33951,3999.74
33952,4500.44
33953,4964.69
33954,5356.35
33955,5264.3
33956,10000.0
33957,10000.0
33958,10000.0
33959,10000.0
33960,10000.0
33961,10000.0
33962,10000.0
33963,10000.0
33964,10000.0
33965,10000.0
33966,10000.0
33967,10000.0
33968,10000.0
33969,10000.0
33970,10000.0
33971,10000.0
33972,9999.76
33973,4700.97
33974,4417.15
33975,4510.73
33976,4199.02
33977,3963.48
33978,3928.7
33979,3763.23
33980,3720.97
33981,3526.02
33982,3549.23
33983,3342.82
33984,3317.52
33985,3399.98
33986,3469.72
33987,3260.52
33988,3317.09
33989,3100.42
33990,2960.86
33991,3000.14
33992,2915.39
33993,2800.14
33994,2738.37
33995,2800.72
33996,2960.69
33997,3211.91
33998,3260.63
33999,3260.24
34000,3269.48
34001,3269.01
34002,3474.97
34003,3474.47
34004,3588.64
34005,3720.61
34006,3999.36
34007,4250.95
34008,4764.37
34009,3928.05
34010,3831.73
34011,4507.46
34012,4506.34
34013,4500.91
34014,4593.73
34015,4593.04
34016,4593.2
34017,4593.28
34018,4475.13
34019,4000.67
34020,3710.1
34021,4175.02
34022,4000.3
34023,4000.38
34024,3710.12
34025,3626.24
34026,3526.31
34027,3590.51
34028,3500.95
34029,3400.17
34030,3350.33
34031,3399.86
34032,3294.11
34033,3269.39
34034,3294.92
34035,3306.81
34036,3294.72
34037,2901.39
34038,2601.47
34039,2960.95
34040,3260.05
34041,3226.0
34042,3400.03
34043,3299.82
34044,3483.67
34045,3440.21
34046,3483.59
34047,3626.2
34048,3930.24
34049,3859.0
34050,3928.45
34051,4997.41
34052,8000.03
34053,6499.7
34054,10000.0
34055,10000.0
34056,10000.0
34057,10000.0
34058,10000.0
34059,10000.0
34060,10000.0
34061,5499.35
34062,5499.65
34063,4340.5
34064,4036.96
34065,4087.57
34066,3963.87
34067,4000.09
34068,3910.27
34069,3626.62
34070,3573.2
34071,3269.28
34072,3220.09
34073,2960.58
34074,3199.16
34075,3100.03
34076,2980.04
34077,2466.03
34078,2550.34
34079,2199.11
34080,1999.55
34081,2550.45
34082,2369.67
34083,2303.03
34084,2303.78
34085,2280.08
34086,2200.68
34087,2200.66
34088,2100.99
34089,2049.75
34090,2270.56
34091,2369.1
34092,2500.08
34093,2564.6
34094,2660.22
34095,2550.24
34096,2512.55
34097,2710.04
34098,2781.64
34099,2781.55
34100,2566.48
34101,2700.16
34102,2700.59
34103,3240.7
34104,3500.32
34105,3440.79
34106,3440.47
34107,3800.81
34108,5500.21
34109,10000.0
34110,10000.0
34111,10000.0
34112,10000.0
34113,10000.0
34114,10000.0
34115,7510.91
34116,5250.08
34117,4388.2
34118,4000.21
34119,4200.79
34120,4388.21
34121,5042.8
34122,5264.5
34123,5061.92
34124,4608.65
34125,4182.89
34126,3980.86
34127,4000.33
34128,3963.62
34129,3278.55
34130,2980.06
34131,3110.38
34132,3260.18
34133,2500.29
34134,2499.71
34135,2512.49
34136,2710.53
34137,3249.65
34138,3294.32
34139,3211.25
34140,3260.52
34141,3760.77
34142,3930.73
34143,3930.16
34144,3763.73
34145,3963.97
34146,4500.96
34147,5783.62
34148,10000.0
34149,10000.0
34150,10000.0
34151,10000.0
34152,10000.0
34153,10000.0
34154,10000.0
34155,10000.0
34156,10000.0
34157,10000.0
34158,10000.0
34159,10000.0
34160,10000.0
34161,5999.9
34162,4999.18
34163,5246.99
34164,4997.78
34165,4340.39
34166,3999.87
34167,3720.63
34168,3500.63
34169,3399.55
34170,3342.79
34171,3269.49
34172,3090.37
34173,3000.02
34174,2960.05
34175,2610.24
34176,2500.01
34177,2526.16
34178,2324.54
34179,2399.84
34180,2501.1
34181,2500.9
34182,2340.55
34183,2049.51
34184,1992.0
34185,2014.0
34186,2090.82
34187,2306.0
34188,2396.24
34189,2399.53
34190,2620.25
34191,2590.42
34192,2720.58
34193,2670.16
34194,2999.65
34195,3096.07
34196,2915.04
34197,3009.67
34198,3096.46
34199,3163.11
34200,3278.26
34201,3963.64
34202,4007.5
34203,4999.49
34204,6000.42
34205,10000.0
34206,10000.0
34207,10000.0
34208,10000.0
34209,10000.0
34210,10000.0
34211,10000.0
34212,10000.0
34213,10000.0
34214,10000.0
34215,10000.0
34216,10000.0
34217,6000.73
34218,5510.08
34219,5500.39
34220,5000.05
34221,4591.16
34222,3963.58
34223,3199.1
34224,2899.53
34225,2049.37
34226,2280.53
34227,2710.58
34228,2800.54
34229,2324.23
34230,2399.04
34231,2540.33
34232,2710.98
34233,2856.05
34234,2915.93
34235,3106.79
34236,3299.35
34237,3410.82
34238,3500.45
34239,3474.91
34240,3500.18
34241,3474.85
34242,3895.86
34243,4800.21
34244,8903.43
34245,10000.0
34246,10000.0
34247,10000.0
34248,10000.0
34249,10000.0
34250,10000.0
34251,10000.0
34252,10000.0
34253,10000.0
34254,10000.0
34255,10000.0
34256,10000.0
34257,6005.64
34258,5400.41
34259,5005.12
34260,4659.73
34261,4010.97
34262,3831.95
34263,3720.78
34264,3474.11
34265,3340.08
34266,3340.79
34267,3163.72
34268,2979.68
34269,2599.02
34270,2199.72
34271,1666.39
34272,1499.62
34273,2369.16
34274,2590.34
34275,2800.9
34276,2800.99
34277,2710.51
34278,2600.71
34279,2399.7
34280,2324.18
34281,2348.1
34282,2396.3
34283,2500.5
34284,2500.61
34285,2500.81
34286,2710.33
34287,2710.33
34288,2630.92
34289,2901.38
34290,2781.89
34291,2734.0
34292,2781.79
34293,3440.95
34294,3626.79
34295,3760.83
34296,3999.41
34297,3269.06
34298,3474.38
34299,4176.0
34300,6000.23
34301,10000.0
34302,10000.0
34303,10000.0
34304,10000.0
34305,10000.0
34306,10000.0
34307,5261.69
34308,5000.77
34309,4996.08
34310,4993.14
34311,4731.44
34312,4600.26
34313,3767.19
34314,4199.54
34315,3800.25
34316,3549.68
34317,3249.46
34318,3000.54
34319,3299.79
34320,3310.01
34321,3000.85
34322,3000.23
34323,3166.06
34324,3058.0
34325,2800.62
34326,2500.16
34327,2950.66
34328,3106.58
34329,2710.52
34330,2684.0
34331,3117.76
34332,3280.71
34333,3474.35
34334,3501.85
34335,3760.32
34336,3895.46
34337,3860.29
34338,4309.49
34339,10000.0
34340,10000.0
34341,10000.0
34342,10000.0
34343,10000.0
34344,10000.0
34345,10000.0
34346,10000.0
34347,10000.0
34348,10000.0
34349,10000.0
34350,10000.0
34351,10000.0
34352,10000.0
34353,6917.22
34354,5499.62
34355,5354.96
34356,4850.29
34357,3831.53
34358,3626.09
34359,3440.79
34360,3258.38
34361,3089.6
34362,3150.5
34363,2915.32
34364,2710.53
34365,2774.09
34366,2730.69
34367,2620.79
34368,2700.25
34369,2990.26
34370,2910.72
34371,2999.32
34372,3211.69
34373,3000.98
34374,2999.97
34375,2821.61
34376,2821.01
34377,2915.62
34378,2915.99
34379,2915.9
34380,2999.27
34381,2929.01
34382,2999.48
34383,2960.25
34384,2915.72
34385,2999.49
34386,2999.28
34387,2999.26
34388,2999.07
34389,3400.07
34390,3474.94
34391,3650.32
34392,3626.3
34393,3340.71
34394,3341.0
34395,3720.48
34396,4764.63
34397,3650.18
34398,4995.89
34399,6365.03
34400,10000.0
34401,9999.11
34402,9998.86
34403,5261.38
34404,4145.5
34405,3720.53
34406,3651.26
34407,3930.88
34408,4100.33
34409,3626.19
34410,3512.15
34411,3390.12
34412,3369.64
34413,3310.24
34414,3474.52
34415,3258.87
34416,3258.86
34417,3274.66
34418,3274.89
34419,2960.42
34420,2710.55
34421,2396.8
34422,2424.0
34423,2177.63
34424,1758.6
34425,2177.42
34426,2252.88
34427,2199.68
34428,2900.33
34429,2399.32
34430,2500.71
34431,2500.58
34432,2507.39
34433,3265.08
34434,3623.17
34435,3975.01
34436,5000.94
34437,5499.84
34438,10000.0
34439,10000.0
34440,10000.0
34441,10000.0
34442,10000.0
34443,10000.0
34444,10000.0
34445,9999.67
34446,6500.95
34447,4800.61
34448,4800.94
34449,4500.58
34450,4000.86
34451,3651.86
34452,3720.18
34453,3490.89
34454,3483.22
34455,3590.38
34456,3351.84
34457,3106.27
34458,3380.62
34459,3200.29
34460,2979.21
34461,2650.72
34462,2399.79
34463,2200.25
34464,2052.0
34465,1990.9
34466,2078.72
34467,2500.1
34468,2550.78
34469,2280.02
34470,2100.3
34471,2210.77
34472,2199.11
34473,2399.94
34474,2501.26
34475,2604.9
34476,2700.01
34477,2450.76
34478,2519.53
34479,2519.67
34480,2704.24
34481,2630.43
34482,2490.59
34483,2512.84
34484,2630.93
34485,2630.53
34486,2800.59
34487,2937.75
34488,2910.68
34489,2856.12
34490,2856.91
34491,2856.5
34492,3710.89
34493,3963.59
34494,4579.63
34495,4659.04
34496,6940.67
34497,7510.65
34498,6186.25
34499,4984.14
34500,4380.7
34501,4731.12
34502,4061.39
34503,4475.72
34504,4389.65
34505,3831.14
34506,3626.32
34507,3199.48
34508,3200.28
34509,3469.05
34510,3490.47
34511,3474.47
34512,3469.43
34513,3443.96
34514,3317.12
34515,3012.24
34516,2915.63
34517,2280.14
34518,2500.98
34519,2710.69
34520,2915.76
34521,2929.04
34522,3080.63
34523,3042.9
34524,3294.15
34525,3260.46
34526,3474.69
34527,3269.46
34528,3510.04
34529,3380.87
34530,3500.58
34531,3600.92
34532,5500.61
34533,5001.0
34534,10000.0
34535,10000.0
34536,10000.0
34537,10000.0
34538,10000.0
34539,10000.0
34540,9994.16
34541,5996.08
34542,5007.64
34543,4000.51
34544,3763.31
34545,4000.22
34546,3963.43
34547,3649.14
34548,3500.56
34549,3474.46
34550,3000.44
34551,2960.18
34552,2505.81
34553,2999.72
34554,3115.79
34555,2999.13
34556,2915.26
34557,2402.19
34558,2299.18
34559,2396.51
34560,2280.42
34561,2000.59
34562,2000.83
34563,2399.64
34564,2500.75
34565,2510.58
34566,2500.84
34567,2399.92
34568,2396.47
34569,2420.23
34570,2399.65
34571,2500.15
34572,2450.56
34573,2399.82
34574,2399.65
34575,2410.96
34576,2500.01
34577,2410.99
34578,2410.98
34579,2774.17
34580,2929.35
34581,3260.34
34582,3211.75
34583,3000.21
34584,3000.14
34585,2396.82
34586,2399.07
34587,2348.97
34588,3626.06
34589,3800.07
34590,4630.37
34591,4510.68
34592,4764.55
34593,4964.1
34594,4800.95
34595,4850.1
34596,3700.5
34597,3700.94
34598,3471.81
34599,3471.78
34600,3471.09
34601,2500.88
34602,2999.21
34603,3462.1
34604,3294.26
34605,3269.18
34606,3089.46
34607,3012.23
34608,2960.8
34609,2399.46
34610,2500.53
34611,2710.44
34612,2710.73
34613,2302.17
34614,2295.43
34615,2303.3
34616,2710.12
34617,2375.41
34618,2410.2
34619,2500.39
34620,2929.62
34621,3003.87
34622,3106.79
34623,3474.16
34624,3474.92
34625,3258.46
34626,3380.8
34627,3269.39
34628,3860.31
34629,4574.66
34630,7000.45
34631,10000.0
34632,10000.0
34633,10000.0
34634,10000.0
34635,10000.0
34636,5649.84
34637,4591.97
34638,4600.67
34639,3999.98
34640,3890.92
34641,4100.35
34642,3999.48
34643,3626.52
34644,3483.16
34645,3258.76
34646,3096.16
34647,3300.07
34648,3257.98
34649,3274.53
34650,3260.48
34651,3000.82
34652,2949.36
34653,2770.08
34654,2650.92
34655,2650.41
34656,2618.0
34657,2348.85
34658,2563.85
34659,2600.94
34660,2600.9
34661,2510.65
34662,2519.29
34663,2600.04
34664,2499.75
34665,2466.81
34666,2500.02
34667,2340.79
34668,2499.75
34669,2300.94
34670,2340.27
34671,2466.86
34672,2519.33
34673,2600.06
34674,2600.25
34675,2800.07
34676,2872.98
34677,3199.06
34678,3474.75
34679,3590.93
34680,3699.48
34681,3710.72
34682,3749.61
34683,3490.63
34684,3760.21
34685,3763.13
34686,3999.43
34687,3965.17
34688,3801.0
34689,4003.56
34690,3820.9
34691,3763.02
34692,3540.18
34693,3340.74
34694,3265.86
34695,3200.73
34696,3106.38
34697,3096.53
34698,3029.49
34699,2915.06
34700,2700.6
34701,2700.45
34702,2563.25
34703,2650.42
34704,2630.64
34705,2560.88
34706,2560.91
34707,2610.18
34708,2499.25
34709,2078.15
34710,1932.8
34711,2280.96
34712,2415.93
34713,2563.62
34714,2563.67
34715,2563.04
34716,2610.11
34717,2700.04
34718,2715.05
34719,2929.96
34720,3099.49
34721,2766.97
34722,2604.0
34723,2915.8
34724,3626.08
34725,3474.98
34726,3928.76
34727,4175.45
34728,4731.04
34729,3999.05
34730,3029.78
34731,3980.16
34732,3626.57
34733,3699.5
34734,3720.77
34735,3800.09
34736,3720.21
34737,3963.33
34738,3647.97
34739,3651.11
34740,3510.36
34741,3260.06
34742,3260.14
34743,3220.13
34744,2950.63
34745,3220.97
34746,3260.54
34747,3029.54
34748,2710.42
34749,2078.01
34750,1879.16
34751,1282.86
34752,999.96
34753,2000.96
34754,2100.66
34755,2200.35
34756,2300.62
34757,2303.02
34758,2320.63
34759,2303.3
34760,2100.27
34761,1932.35
34762,1938.59
34763,1800.98
34764,1970.34
34765,1940.51
34766,1970.18
34767,2199.29
34768,2280.3
34769,2370.52
34770,2550.92
34771,2601.62
34772,2601.95
34773,3106.43
34774,2950.31
34775,2821.95
34776,2821.7
34777,2399.51
34778,2549.77
34779,2989.13
34780,3610.4
34781,3745.29
34782,4500.66
34783,4608.89
34784,4780.49
34785,4799.59
34786,4764.51
34787,4528.92
34788,3760.07
34789,3720.38
34790,3763.23
34791,3627.27
34792,3512.78
34793,3490.96
34794,3483.27
34795,3999.24
34796,3720.5
34797,3526.75
34798,3474.16
34799,3474.8
34800,3317.13
34801,3258.81
34802,3029.68
34803,2979.41
34804,2710.91
34805,2280.5
34806,2100.47
34807,2340.22
34808,2700.75
34809,2650.82
34810,2915.62
34811,2999.96
34812,3258.2
34813,3534.71
34814,3474.44
34815,3317.78
34816,3211.32
34817,3211.08
34818,3626.63
34819,3600.13
34820,3820.94
34821,3760.74
34822,6499.66
34823,10000.0
34824,10000.0
34825,10000.0
34826,10000.0
34827,10000.0
34828,10000.0
34829,10000.0
34830,10000.0
34831,6610.73
34832,4799.91
34833,4608.93
34834,4608.52
34835,4999.6
34836,4699.34
34837,4045.79
34838,3930.71
34839,3626.49
34840,3106.14
34841,3197.59
34842,3147.52
34843,2950.05
34844,2915.29
34845,2950.53
34846,2989.04
34847,2873.0
34848,2510.97
34849,2550.89
34850,2670.5
34851,2774.52
34852,2800.01
34853,2800.05
34854,2770.42
34855,2774.67
34856,2710.05
34857,2510.46
34858,2670.35
34859,2800.14
34860,2770.67
34861,2670.61
34862,2670.56
34863,2710.86
34864,2770.14
34865,2850.32
34866,2850.68
34867,2915.99
34868,2999.17
34869,3474.1
34870,3474.47
34871,3732.49
34872,3720.01
34873,3600.21
34874,3700.27
34875,4574.77
34876,4799.14
34877,5200.82
34878,10000.0
34879,10000.0
34880,10000.0
34881,10000.0
34882,10000.0
34883,10000.0
34884,9499.01
34885,4999.49
34886,4636.9
34887,4600.0
34888,4573.11
34889,4345.37
34890,4045.56
34891,3763.6
34892,3599.06
34893,3510.5
34894,3474.14
34895,3490.46
34896,3474.26
34897,3274.75
34898,3220.28
34899,3106.27
34900,2910.62
34901,2500.75
34902,2396.2
34903,2710.56
34904,2588.31
34905,2700.61
34906,2650.04
34907,2588.9
34908,2710.69
34909,3474.72
34910,3490.75
34911,3720.18
34912,3763.74
34913,3895.22
34914,4061.43
34915,4997.02
34916,10000.0
34917,10000.0
34918,10000.0
34919,10000.0
34920,10000.0
34921,10000.0
34922,10000.0
34923,10000.0
34924,10000.0
34925,10000.0
34926,10000.0
34927,10000.0
34928,6993.18
34929,5193.28
34930,4999.14
34931,4964.7
34932,4620.35
34933,4182.5
34934,4039.77
34935,3627.68
34936,3500.33
34937,3317.64
34938,3474.51
34939,3149.31
34940,3044.21
34941,3106.67
34942,3000.77
34943,3060.32
34944,3044.05
34945,2781.38
34946,2781.53
34947,2800.49
34948,2915.59
34949,3000.57
34950,2979.1
34951,2850.47
34952,2800.59
34953,2900.3
34954,2915.47
34955,2915.53
34956,2910.43
34957,2781.15
34958,2781.33
34959,2781.46
34960,2781.93
34961,2781.18
34962,2820.89
34963,2915.51
34964,3200.28
34965,3474.2
34966,3300.28
34967,3300.18
34968,3474.53
34969,3651.25
34970,3999.13
34971,4589.97
34972,5601.31
34973,10000.0
34974,10000.0
34975,10000.0
34976,10000.0
34977,10000.0
34978,10000.0
34979,10000.0
34980,10000.0
34981,10000.0
34982,10000.0
34983,10000.0
34984,5500.89
34985,5271.81
34986,4964.19
34987,7000.96
34988,5075.27
34989,5354.92
34990,4964.36
34991,4799.31
34992,4574.28
34993,4182.96
34994,3763.73
34995,3963.48
34996,3700.34
34997,3763.64
34998,3474.26
34999,3626.79
35000,3500.06
35001,3763.9
35002,3763.65
35003,4048.5
35004,4048.4
35005,4499.43
35006,4608.86
35007,4964.41
35008,4964.67
35009,6000.07
35010,8000.09
35011,10000.0
35012,10000.0
35013,10000.0
35014,10000.0
35015,10000.0
35016,10000.0
35017,10000.0
35018,10000.0
35019,10000.0
35020,10000.0
35021,10000.0
35022,10000.0
35023,10000.0
35024,5999.28
35025,5837.31
35026,5354.75
35027,5000.45
35028,4764.19
35029,4106.9
35030,3928.48
35031,3928.84
35032,3626.72
35033,3763.33
35034,3626.46
35035,3317.13
35036,3180.83
35037,2999.52
35038,2950.24
35039,2999.57
35040,2700.26
