*Interval,Price (Rs./MWh)
97,3000.16
98,2939.68
99,2950.91
100,2850.51
101,2700.55
102,2400.49
103,2880.02
104,2850.66
105,2850.47
106,2850.88
107,2768.22
108,2600.78
109,2768.13
110,2891.08
111,2939.01
112,2939.47
113,3101.6
114,3101.68
115,3379.92
116,3101.78
117,3379.33
118,3501.2
119,3620.78
120,3620.59
121,5020.57
122,5200.75
123,4945.07
124,5630.59
125,4500.29
126,4309.1
127,5200.28
128,6500.15
129,5100.47
130,5200.23
131,5500.53
132,6000.84
133,6505.18
134,6505.28
135,6303.67
136,6149.22
137,5200.69
138,4787.81
139,4749.5
140,4682.2
141,3899.43
142,4392.24
143,4701.0
144,4989.34
145,4364.94
146,4392.68
147,3680.47
148,3680.81
149,2489.74
150,2431.24
151,2921.51
152,2921.1
153,2900.75
154,3000.33
155,2670.0
156,2860.19
157,2921.87
158,2959.43
159,3499.24
160,3510.78
161,3800.41
162,4200.62
163,4945.2
164,4442.11
165,3599.01
166,3599.25
167,2999.96
168,3680.69
169,4500.97
170,5780.31
171,12000.0
172,12000.0
173,12000.0
174,12000.0
175,12000.0
176,12000.0
177,6149.95
178,5699.08
179,6149.64
180,5250.4
181,4898.81
182,4700.63
183,4200.34
184,3899.69
185,3599.19
186,4476.0
187,4662.22
188,4540.07
189,4442.99
190,4000.79
191,4652.98
192,4392.9
3073,3719.06
3074,3595.87
3075,3595.42
3076,3595.09
3077,3250.99
3078,3050.92
3079,3000.31
3080,2950.44
3081,3000.02
3082,2959.47
3083,2950.7
3084,2950.71
3085,2850.46
3086,2850.2
3087,2850.86
3088,2959.11
3089,3595.78
3090,3595.66
3091,3250.4
3092,3268.42
3093,4263.69
3094,3719.85
3095,4000.88
3096,3980.98
3097,6000.21
3098,5499.5
3099,6131.16
3100,7500.09
3101,7500.61
3102,6989.47
3103,8000.62
3104,8000.58
3105,6000.94
3106,6000.93
3107,5611.53
3108,6060.17
3109,6500.96
3110,6500.94
3111,6989.33
3112,5678.82
3113,5611.74
3114,4500.82
3115,4200.68
3116,4150.34
3117,4787.47
3118,5026.56
3119,4652.39
3120,4652.3
3121,3719.44
3122,3595.64
3123,3500.06
3124,3499.92
3125,2999.34
3126,2919.11
3127,2850.54
3128,2850.75
3129,3595.51
3130,3595.66
3131,3680.23
3132,3680.47
3133,3595.87
3134,3595.15
3135,3595.32
3136,3595.42
3137,3719.23
3138,3719.19
3139,4001.83
3140,4000.03
3141,3944.0
3142,4005.96
3143,3561.63
3144,3680.11
3145,4504.51
3146,7000.74
3147,12000.0
3148,12000.0
3149,12000.0
3150,12000.0
3151,8000.25
3152,5100.05
3153,4479.0
3154,4315.0
3155,4000.54
3156,4000.84
3157,3680.98
3158,3680.36
3159,3680.85
3160,3680.85
3161,3600.65
3162,4263.84
3163,4596.58
3164,4596.18
3165,3458.9
3166,3458.0
3167,3458.92
3168,3290.39
5761,3000.47
5762,3000.4
5763,3218.33
5764,3100.45
5765,2970.36
5766,2970.21
5767,3000.55
5768,2970.77
5769,2970.97
5770,2959.32
5771,3000.34
5772,2970.93
5773,2970.45
5774,2970.5
5775,2970.67
5776,2970.62
5777,2850.7
5778,3000.68
5779,3700.4
5780,3719.37
5781,3719.73
5782,3832.51
5783,4200.88
5784,4000.16
5785,5500.72
5786,5200.91
5787,6149.3
5788,6500.12
5789,6955.45
5790,7500.89
5791,8000.29
5792,8000.0
5793,6500.78
5794,6500.08
5795,6303.66
5796,5999.54
5797,6000.97
5798,5550.72
5799,5200.31
5800,4999.31
5801,4000.22
5802,3717.87
5803,3620.46
5804,3600.71
5805,4214.0
5806,4550.7
5807,4412.21
5808,4412.12
5809,3800.17
5810,3680.11
5811,3719.45
5812,3620.93
5813,2800.68
5814,3000.26
5815,3000.5
5816,3400.75
5817,3620.81
5818,3500.74
5819,2652.93
5820,2730.61
5821,3137.4
5822,3137.57
5823,3500.64
5824,3600.43
5825,3379.24
5826,3379.11
5827,3680.68
5828,3680.03
5829,4200.24
5830,4200.64
5831,3500.7
5832,4200.35
5833,4989.27
5834,6303.81
5835,11999.22
5836,12000.0
5837,12000.0
5838,12000.0
5839,9999.96
5840,6998.96
5841,5001.79
5842,4990.0
5843,5500.63
5844,5200.16
5845,5100.3
5846,4719.39
5847,4250.24
5848,3680.99
5849,4395.83
5850,4540.96
5851,4611.39
5852,4540.32
5853,4412.62
5854,4395.29
5855,4200.11
5856,3700.76
8737,3595.19
8738,3607.42
8739,3595.2
8740,3561.11
8741,3595.35
8742,3460.63
8743,3460.69
8744,3450.95
8745,3595.06
8746,3500.55
8747,3607.19
8748,3500.52
8749,3450.93
8750,3424.65
8751,3460.26
8752,3460.6
8753,3503.19
8754,3719.82
8755,4596.17
8756,4652.23
8757,5000.08
8758,4945.83
8759,5200.31
8760,5402.15
8761,7499.65
8762,8000.86
8763,8452.81
8764,8874.48
8765,11095.08
8766,12000.0
8767,8874.12
8768,8000.81
8769,8494.17
8770,8000.94
8771,8500.94
8772,8500.82
8773,8500.54
8774,8500.43
8775,8500.41
8776,8500.02
8777,6131.43
8778,5989.91
8779,5999.4
8780,6131.43
8781,7530.83
8782,7530.9
8783,8500.43
8784,8500.33
8785,5989.26
8786,5499.76
8787,5026.68
8788,4412.51
8789,3000.77
8790,2999.14
8791,3300.39
8792,3100.79
8793,3500.21
8794,3500.57
8795,3595.55
8796,3595.56
8797,4611.22
8798,4830.41
8799,3700.31
8800,4200.8
8801,4200.42
8802,4200.46
8803,4200.69
8804,4662.84
8805,5630.09
8806,5499.99
8807,5630.62
8808,6501.66
8809,7920.98
8810,11498.69
8811,12000.0
8812,12000.0
8813,12000.0
8814,12000.0
8815,12000.0
8816,12000.0
8817,12000.0
8818,12000.0
8819,10000.71
8820,9499.46
8821,6999.67
8822,6999.31
8823,5381.6
8824,4395.61
8825,4412.94
8826,5384.0
8827,4989.99
8828,4700.59
8829,4395.14
8830,4222.72
8831,4200.7
8832,4125.44
11617,4263.67
11618,3719.7
11619,3951.0
11620,3595.5
11621,3595.78
11622,3526.32
11623,3719.97
11624,3811.0
11625,3510.82
11626,3500.54
11627,3458.64
11628,3458.45
11629,3458.29
11630,3458.26
11631,3458.16
11632,3458.48
11633,3379.82
11634,3649.0
11635,3719.42
11636,3719.81
11637,3739.0
11638,4412.57
11639,4280.6
11640,5520.14
11641,5200.08
11642,5989.18
11643,6000.16
11644,6131.41
11645,5989.47
11646,5727.25
11647,6000.07
11648,6000.35
11649,5499.58
11650,5200.24
11651,4200.36
11652,4200.62
11653,3900.77
11654,4412.76
11655,4839.54
11656,4945.51
11657,5520.73
11658,5520.33
11659,5999.3
11660,5999.96
11661,5200.57
11662,5200.59
11663,5513.0
11664,5469.92
11665,5450.46
11666,5200.69
11667,5000.25
11668,4999.16
11669,4000.33
11670,3712.74
11671,3495.19
11672,3214.13
11673,2670.93
11674,2717.74
11675,2820.56
11676,2900.15
11677,3595.31
11678,3620.48
11679,3460.2
11680,3460.82
11681,3458.57
11682,3458.99
11683,3450.67
11684,3379.99
11685,2682.15
11686,1500.1
11687,999.7
11688,2700.75
11689,3379.94
11690,4000.7
11691,4319.48
11692,4540.66
11693,4945.92
11694,5296.63
11695,4989.73
11696,4991.22
11697,4300.75
11698,4361.5
11699,4200.39
11700,4500.13
11701,3460.19
11702,3381.89
11703,3510.81
11704,2369.76
11705,2830.46
11706,2880.66
11707,3599.0
11708,3460.18
11709,3460.29
11710,3460.37
11711,3460.8
11712,3022.46
14593,2720.75
14594,2700.11
14595,3077.57
14596,2991.65
14597,2900.31
14598,3100.64
14599,2950.72
14600,2880.35
14601,2880.65
14602,2700.7
14603,2700.28
14604,2500.97
14605,2500.49
14606,2540.92
14607,2100.0
14608,2099.85
14609,1670.22
14610,2700.72
14611,3137.71
14612,3458.7
14613,3267.67
14614,3600.33
14615,3620.14
14616,3400.87
14617,4000.16
14618,4999.51
14619,5980.0
14620,6131.35
14621,6300.28
14622,5630.03
14623,6303.23
14624,6999.81
14625,6300.6
14626,6005.14
14627,5200.75
14628,5500.28
14629,6131.32
14630,7500.43
14631,5900.65
14632,4510.41
14633,4199.01
14634,4200.35
14635,4719.35
14636,5200.29
14637,5499.66
14638,5678.17
14639,5499.95
14640,5499.91
14641,5499.49
14642,4989.24
14643,4719.21
14644,4235.21
14645,3460.03
14646,3460.01
14647,3595.34
14648,3460.84
14649,3595.56
14650,3595.93
14651,3595.99
14652,3598.62
14653,3719.89
14654,3900.08
14655,3900.94
14656,3900.34
14657,3494.8
14658,3503.96
14659,3950.55
14660,3991.55
14661,4100.25
14662,3460.56
14663,3977.05
14664,4540.95
14665,4660.96
14666,7999.47
14667,12000.0
14668,12000.0
14669,12000.0
14670,12000.0
14671,12000.0
14672,11715.91
14673,8874.46
14674,6684.0
14675,5462.0
14676,5410.0
14677,4540.86
14678,4540.52
14679,4945.65
14680,4945.53
14681,4228.69
14682,4540.95
14683,4540.02
14684,4540.63
14685,4450.25
14686,3950.73
14687,3602.3
14688,3499.45
17473,2810.35
17474,2810.7
17475,2810.43
17476,2810.03
17477,3000.03
17478,2991.24
17479,3137.23
17480,3137.28
17481,3137.87
17482,3137.75
17483,3137.42
17484,3137.61
17485,3137.58
17486,3137.69
17487,3137.9
17488,3137.81
17489,3460.85
17490,3844.85
17491,4450.4
17492,3844.5
17493,4945.18
17494,5199.99
17495,4989.18
17496,5200.42
17497,6131.63
17498,7020.06
17499,8500.4
17500,8520.23
17501,8500.26
17502,8499.38
17503,9130.03
17504,8500.7
17505,8500.73
17506,8500.79
17507,6000.98
17508,5800.83
17509,7530.04
17510,7530.57
17511,6989.27
17512,5599.99
17513,6000.88
17514,5989.8
17515,6898.32
17516,6500.6
17517,5989.7
17518,5499.96
17519,4989.74
17520,5200.44
17521,4662.5
17522,4662.22
17523,5630.38
17524,5499.38
17525,4200.35
17526,4235.08
17527,4000.33
17528,3719.61
17529,4000.14
17530,4000.61
17531,4100.07
17532,4200.56
17533,4200.07
17534,4050.0
17535,4228.87
17536,4500.38
17537,4712.67
17538,5250.03
17539,5499.84
17540,5500.23
17541,5200.23
17542,5110.17
17543,5500.38
17544,6000.32
17545,5989.11
17546,11448.12
17547,12000.0
17548,12000.0
17549,12000.0
17550,12000.0
17551,12000.0
17552,12000.0
17553,8500.29
17554,8500.36
17555,5050.7
17556,5499.4
17557,5959.2
17558,5989.31
17559,5100.51
17560,4989.46
17561,4989.69
17562,5499.64
17563,5039.4
17564,5039.94
17565,4368.89
17566,4235.78
17567,4235.1
17568,4228.77
20449,4315.28
20450,4450.37
20451,3719.94
20452,3719.93
20453,4029.51
20454,3720.86
20455,3701.2
20456,3460.82
20457,3719.28
20458,3701.38
20459,3701.17
20460,3719.46
20461,3844.55
20462,3844.81
20463,3845.0
20464,4000.07
20465,4412.01
20466,4945.09
20467,4945.06
20468,4450.1
20469,5469.35
20470,6000.58
20471,6501.63
20472,7499.41
20473,7650.78
20474,12000.0
20475,12000.0
20476,12000.0
20477,12000.0
20478,12000.0
20479,12000.0
20480,12000.0
20481,9999.86
20482,8200.35
20483,8200.15
20484,8200.55
20485,8500.85
20486,8874.31
20487,7999.09
20488,7499.24
20489,6505.91
20490,6500.67
20491,7500.94
20492,7500.54
20493,8500.41
20494,8500.45
20495,7000.89
20496,6562.47
20497,5590.99
20498,5499.61
20499,5500.09
20500,5042.08
20501,4662.18
20502,4244.83
20503,4594.67
20504,4377.78
20505,4235.18
20506,4235.44
20507,4293.34
20508,5199.17
20509,5546.46
20510,5500.84
20511,4438.67
20512,4412.31
20513,4300.46
20514,4278.84
20515,5011.84
20516,5500.15
20517,5599.72
20518,5110.27
20519,4989.3
20520,5500.29
20521,12000.0
20522,12000.0
20523,12000.0
20524,12000.0
20525,12000.0
20526,12000.0
20527,12000.0
20528,12000.0
20529,12000.0
20530,12000.0
20531,12000.0
20532,12000.0
20533,7999.52
20534,5959.45
20535,5200.04
20536,5499.28
20537,4700.69
20538,5499.71
20539,5499.07
20540,5199.41
20541,4989.09
20542,5199.81
20543,4450.25
20544,4000.65
23425,4450.63
23426,4000.77
23427,3701.91
23428,3637.97
23429,3595.47
23430,3500.24
23431,3561.73
23432,3458.68
23433,3050.05
23434,3100.65
23435,3480.25
23436,3595.02
23437,3650.72
23438,3650.09
23439,3651.21
23440,3651.52
23441,3595.46
23442,3719.47
23443,4235.93
23444,4235.66
23445,4501.67
23446,4989.97
23447,6001.9
23448,6501.43
23449,6501.71
23450,8520.73
23451,12000.0
23452,11499.37
23453,11999.35
23454,12000.0
23455,11999.52
23456,12000.0
23457,8000.54
23458,6501.37
23459,6499.39
23460,6501.58
23461,8874.73
23462,8874.93
23463,12000.0
23464,12000.0
23465,9499.45
23466,10000.03
23467,9499.61
23468,8000.89
23469,8874.26
23470,8500.88
23471,8500.54
23472,8500.82
23473,5989.95
23474,6059.12
23475,6500.48
23476,6000.71
23477,5499.92
23478,5499.76
23479,5199.83
23480,4937.41
23481,4697.37
23482,5199.08
23483,5959.93
23484,5959.29
23485,5499.61
23486,5499.78
23487,5959.4
23488,5959.52
23489,4504.46
23490,4480.9
23491,4401.29
23492,4989.21
23493,4200.12
23494,3881.24
23495,3730.74
23496,4200.38
23497,7650.92
23498,12000.0
23499,12000.0
23500,12000.0
23501,12000.0
23502,12000.0
23503,12000.0
23504,12000.0
23505,12000.0
23506,7999.43
23507,5500.56
23508,4899.08
23509,5000.23
23510,4010.5
23511,3553.56
23512,3499.24
23513,3500.55
23514,3680.03
23515,4450.66
23516,4550.3
23517,4989.28
23518,5469.13
23519,4000.73
23520,3680.87
26305,4300.15
26306,4000.9
26307,4070.95
26308,3719.94
26309,4000.01
26310,3595.79
26311,4300.38
26312,3800.85
26313,3458.41
26314,3458.29
26315,2900.02
26316,2881.55
26317,2810.44
26318,2810.22
26319,2810.07
26320,2810.49
26321,2810.2
26322,3458.99
26323,3512.91
26324,3418.06
26325,1673.82
26326,3010.38
26327,3630.38
26328,4200.21
26329,4769.22
26330,5999.55
26331,8000.32
26332,9000.53
26333,12000.0
26334,12000.0
26335,9000.12
26336,6137.65
26337,6200.28
26338,6199.46
26339,5989.64
26340,6000.55
26341,12000.0
26342,9030.99
26343,12000.0
26344,9499.65
26345,7999.73
26346,7999.17
26347,5500.68
26348,5367.42
26349,5367.65
26350,5367.29
26351,5959.16
26352,5934.27
26353,5582.0
26354,5499.6
26355,5249.31
26356,4549.75
26357,3800.48
26358,3719.2
26359,3844.84
26360,3844.74
26361,4719.71
26362,5200.23
26363,5039.43
26364,5249.2
26365,4450.55
26366,4200.83
26367,5599.64
26368,6000.4
26369,7500.79
26370,8874.12
26371,12000.0
26372,12000.0
26373,6999.58
26374,8874.72
26375,6999.52
26376,9999.55
26377,11999.33
26378,12000.0
26379,12000.0
26380,12000.0
26381,12000.0
26382,12000.0
26383,12000.0
26384,8000.44
26385,6005.33
26386,5000.8
26387,4800.64
26388,4750.7
26389,4716.0
26390,4660.86
26391,5249.6
26392,4187.92
26393,5500.44
26394,5499.44
26395,5000.87
26396,4504.33
26397,4000.76
26398,3765.0
26399,3595.19
26400,3500.55
29281,5469.36
29282,5077.97
29283,4228.32
29284,4228.41
29285,3719.17
29286,3595.64
29287,3600.39
29288,3600.69
29289,3129.07
29290,3499.45
29291,3458.56
29292,3458.6
29293,2810.0
29294,2710.73
29295,2704.0
29296,2709.6
29297,3200.06
29298,2912.8
29299,2881.38
29300,3200.87
29301,4524.49
29302,5575.87
29303,7268.2
29304,8000.15
29305,8500.64
29306,12000.0
29307,12000.0
29308,12000.0
29309,12000.0
29310,12000.0
29311,12000.0
29312,12000.0
29313,12000.0
29314,11999.55
29315,8500.82
29316,8874.45
29317,10520.19
29318,11146.82
29319,9499.42
29320,8500.54
29321,10000.87
29322,10000.17
29323,8500.23
29324,7650.69
29325,6500.01
29326,6000.01
29327,8500.24
29328,8500.17
29329,8500.34
29330,8500.05
29331,6562.5
29332,5959.23
29333,4419.89
29334,4412.04
29335,5469.16
29336,5499.94
29337,5204.83
29338,5499.04
29339,5499.94
29340,5889.0
29341,5575.4
29342,5575.28
29343,6562.5
29344,6820.43
29345,6000.71
29346,7950.33
29347,9120.38
29348,9499.97
29349,7918.37
29350,5989.73
29351,6000.09
29352,7999.66
29353,10000.83
29354,11999.06
29355,12000.0
29356,12000.0
29357,12000.0
29358,12000.0
29359,12000.0
29360,12000.0
29361,8499.41
29362,7999.35
29363,9000.65
29364,9499.06
29365,9000.43
29366,8874.59
29367,7342.11
29368,5989.13
29369,7969.2
29370,7999.09
29371,8086.43
29372,6989.73
29373,6616.15
29374,7999.17
29375,9964.96
29376,8260.45
32161,8874.49
32162,7650.49
32163,7499.62
32164,6000.78
32165,5575.84
32166,5499.21
32167,5680.65
32168,5652.77
32169,5934.21
32170,5764.11
32171,5575.77
32172,5491.86
32173,5588.35
32174,5575.23
32175,4405.98
32176,4385.25
32177,4249.29
32178,4049.21
32179,4450.22
32180,4377.66
32181,4405.9
32182,4405.31
32183,5934.37
32184,6000.83
32185,5934.0
32186,8000.08
32187,8500.78
32188,8500.68
32189,6500.81
32190,6500.82
32191,5678.51
32192,6000.37
32193,4849.01
32194,4259.07
32195,3900.63
32196,4510.41
32197,5500.9
32198,5567.7
32199,5042.44
32200,5039.42
32201,4594.55
32202,4259.44
32203,4070.67
32204,3741.88
32205,4000.76
32206,4099.27
32207,3800.75
32208,4000.47
32209,4000.25
32210,3719.88
32211,4100.03
32212,3800.15
32213,3460.94
32214,3630.2
32215,3460.33
32216,3200.3
32217,3137.28
32218,3100.66
32219,2664.27
32220,2701.54
32221,3399.43
32222,3501.33
32223,3379.97
32224,3460.43
32225,3228.96
32226,3227.68
32227,3500.15
32228,3500.9
32229,3536.5
32230,3460.57
32231,2921.5
32232,2999.24
32233,3595.0
32234,4235.01
32235,4200.33
32236,4200.5
32237,5142.55
32238,5100.61
32239,4662.96
32240,4000.72
32241,3399.07
32242,3100.01
32243,3379.9
32244,4120.77
32245,4111.55
32246,3752.65
32247,3379.14
32248,3379.11
32249,2693.25
32250,2810.5
32251,3000.88
32252,3399.36
32253,3460.35
32254,3399.95
32255,3310.95
32256,3000.48
4129,3719.13
4130,3719.05
4131,3000.54
4132,3000.17
4133,2825.76
4134,3000.37
4135,2980.25
4136,3000.21
4137,3458.11
4138,3000.96
4139,3100.39
4140,2959.03
4141,2959.6
4142,2720.79
4143,2600.15
4144,3010.07
4145,3137.01
4146,3458.39
4147,3100.93
4148,2890.5
4149,3719.35
4150,4412.92
4151,3719.62
4152,3779.17
4153,4225.2
4154,5920.17
4155,7520.1
4156,7520.19
4157,6250.52
4158,6506.48
4159,8500.87
4160,8500.77
4161,8500.79
4162,8500.86
4163,9000.51
4164,9000.85
4165,9000.92
4166,10520.58
4167,11720.62
4168,11720.21
4169,8000.25
4170,8000.85
4171,6989.15
4172,6562.61
4173,4500.94
4174,4719.48
4175,4234.8
4176,4226.58
4177,4000.72
4178,4000.3
4179,3889.0
4180,3640.13
4181,2972.38
4182,2959.99
4183,3250.74
4184,3500.53
4185,4200.1
4186,4500.89
4187,4662.44
4188,5200.78
4189,4719.46
4190,4662.36
4191,4719.81
4192,4719.3
4193,4412.67
4194,4594.78
4195,6927.15
4196,7048.88
4197,5200.22
4198,4791.4
4199,4662.86
4200,5000.38
4201,5504.09
4202,8000.96
4203,12000.0
4204,12000.0
4205,12000.0
4206,12000.0
4207,12000.0
4208,12000.0
4209,12000.0
4210,12000.0
4211,8998.97
4212,7999.89
4213,5989.26
4214,5989.26
4215,5989.62
4216,5999.18
4217,5989.53
4218,5934.55
4219,5999.87
4220,5999.14
4221,5934.9
4222,5934.13
4223,5575.72
4224,5575.36
4225,5000.86
4226,5959.05
4227,5500.49
4228,4226.93
4229,4226.58
4230,4226.42
4231,4200.43
4232,4111.37
4233,4111.53
4234,4111.31
4235,4111.27
4236,3719.78
4237,3410.72
4238,3719.01
4239,3595.04
4240,3595.53
4241,4000.88
4242,4500.78
4243,5934.17
4244,6000.19
4245,8000.4
4246,8000.98
4247,12000.0
4248,12000.0
4249,12000.0
4250,12000.0
4251,12000.0
4252,12000.0
4253,12000.0
4254,12000.0
4255,12000.0
4256,12000.0
4257,12000.0
4258,12000.0
4259,12000.0
4260,12000.0
4261,12000.0
4262,12000.0
4263,12000.0
4264,12000.0
4265,12000.0
4266,12000.0
4267,12000.0
4268,12000.0
4269,12000.0
4270,12000.0
4271,12000.0
4272,12000.0
4273,12000.0
4274,12000.0
4275,11999.38
4276,10000.5
4277,6562.53
4278,6059.65
4279,6746.18
4280,6999.13
4281,7500.71
4282,6999.3
4283,7500.92
4284,7520.22
4285,8500.81
4286,8874.75
4287,10020.17
4288,12000.0
4289,12000.0
4290,12000.0
4291,12000.0
4292,12000.0
4293,12000.0
4294,12000.0
4295,12000.0
4296,12000.0
4297,12000.0
4298,12000.0
4299,12000.0
4300,12000.0
4301,12000.0
4302,12000.0
4303,12000.0
4304,12000.0
4305,12000.0
4306,12000.0
4307,12000.0
4308,12000.0
4309,12000.0
4310,12000.0
4311,11999.6
4312,8874.89
4313,8874.03
4314,8000.91
4315,8874.51
4316,8978.42
4317,9458.69
4318,10000.49
4319,8200.18
4320,6989.49
4321,8200.55
4322,8461.19
4323,8461.2
4324,8200.71
4325,6562.74
4326,6562.22
4327,6510.28
4328,6510.1
4329,5989.76
4330,5934.07
4331,5500.01
4332,5500.75
4333,5575.51
4334,5588.93
4335,5500.67
4336,5500.04
4337,5599.46
4338,6562.59
4339,6999.11
4340,7000.76
4341,8044.06
4342,10000.39
4343,12000.0
4344,12000.0
4345,12000.0
4346,12000.0
4347,12000.0
4348,12000.0
4349,12000.0
4350,12000.0
4351,12000.0
4352,12000.0
4353,12000.0
4354,12000.0
4355,12000.0
4356,12000.0
4357,12000.0
4358,12000.0
4359,12000.0
4360,12000.0
4361,12000.0
4362,12000.0
4363,12000.0
4364,12000.0
4365,12000.0
4366,12000.0
4367,12000.0
4368,12000.0
4369,12000.0
4370,12000.0
4371,8461.2
4372,6399.78
4373,5200.53
4374,5200.49
4375,5599.27
4376,5959.94
4377,6000.41
4378,6999.07
4379,6500.58
4380,6510.13
4381,6499.38
4382,6499.73
4383,7520.3
4384,8499.76
4385,8461.01
4386,8500.89
4387,12000.0
4388,12000.0
4389,8500.0
4390,7999.01
4391,9999.44
4392,12000.0
4393,12000.0
4394,12000.0
4395,12000.0
4396,12000.0
4397,12000.0
4398,12000.0
4399,12000.0
4400,12000.0
4401,12000.0
4402,12000.0
4403,12000.0
4404,12000.0
4405,12000.0
4406,12000.0
4407,12000.0
4408,12000.0
4409,12000.0
4410,12000.0
4411,12000.0
4412,12000.0
4413,10000.39
4414,10000.37
4415,8500.34
4416,7650.27
4417,6896.1
4418,6999.63
4419,6499.66
4420,6499.79
4421,4500.83
4422,5127.47
4423,4847.93
4424,4847.06
4425,4847.39
4426,5239.71
4427,5579.66
4428,5512.78
4429,5469.31
4430,5419.5
4431,5199.92
4432,5199.76
4433,5469.95
4434,5959.45
4435,6499.26
4436,6510.85
4437,5501.53
4438,8423.16
4439,10679.57
4440,12000.0
4441,12000.0
4442,12000.0
4443,12000.0
4444,12000.0
4445,12000.0
4446,12000.0
4447,12000.0
4448,12000.0
4449,12000.0
4450,12000.0
4451,12000.0
4452,12000.0
4453,12000.0
4454,12000.0
4455,12000.0
4456,12000.0
4457,12000.0
4458,12000.0
4459,12000.0
4460,12000.0
4461,12000.0
4462,12000.0
4463,8874.27
4464,8500.17
4465,8461.19
4466,8461.04
4467,8461.13
4468,6999.12
4469,5500.6
4470,5500.29
4471,5500.71
4472,4799.19
4473,4395.67
4474,4395.94
4475,5164.29
4476,5500.03
4477,4324.47
4478,4439.47
4479,6510.45
4480,6580.32
4481,5830.0
4482,7650.36
4483,7650.84
4484,10000.2
4485,5579.88
4486,5579.79
4487,6499.41
4488,6999.66
4489,5997.57
4490,12000.0
4491,12000.0
4492,12000.0
4493,12000.0
4494,12000.0
4495,12000.0
4496,12000.0
4497,12000.0
4498,12000.0
4499,12000.0
4500,11999.22
4501,9999.92
4502,8957.67
4503,6499.02
4504,5500.62
4505,5989.81
4506,6999.28
4507,8014.35
4508,8015.18
4509,8000.59
4510,8461.04
4511,8000.33
4512,7379.8
4513,5579.3
4514,5500.07
4515,5989.18
4516,5500.77
4517,5999.31
4518,5500.75
4519,5599.2
4520,5500.53
4521,5989.21
4522,5999.86
4523,5500.97
4524,4799.42
4525,5469.51
4526,4560.77
4527,5500.04
4528,5500.53
4529,5469.04
4530,5127.18
4531,8000.24
4532,8874.13
4533,8874.65
4534,12000.0
4535,12000.0
4536,12000.0
4537,12000.0
4538,12000.0
4539,12000.0
4540,12000.0
4541,12000.0
4542,12000.0
4543,12000.0
4544,12000.0
4545,12000.0
4546,12000.0
4547,12000.0
4548,12000.0
4549,12000.0
4550,12000.0
4551,12000.0
4552,12000.0
4553,10000.74
4554,10000.54
4555,10000.94
4556,6999.89
4557,10000.42
4558,10000.06
4559,9999.39
4560,8874.13
4561,8874.67
4562,8874.45
4563,6000.0
4564,4681.07
4565,4000.8
4566,3999.2
4567,5000.59
4568,3800.59
4569,3460.21
4570,3460.37
4571,4897.13
4572,5500.81
4573,4721.52
4574,4897.82
4575,6510.76
4576,8000.29
4577,6704.0
4578,6000.72
4579,5999.11
4580,7600.95
4581,6500.93
4582,6500.65
4583,6500.7
4584,6500.22
4585,6500.55
4586,10000.97
4587,12000.0
4588,12000.0
4589,12000.0
4590,12000.0
4591,12000.0
4592,12000.0
4593,12000.0
4594,12000.0
4595,10000.94
4596,10000.91
4597,6989.33
4598,5880.15
4599,4981.26
4600,4839.78
4601,8254.04
4602,8000.61
4603,8500.44
4604,8500.39
4605,8500.69
4606,8500.34
4607,8500.77
4608,8500.25
4609,8500.61
4610,8500.69
4611,8500.59
4612,8500.54
4613,8254.9
4614,6999.41
4615,5999.91
4616,6989.0
4617,6510.59
4618,6059.53
4619,6059.66
4620,5959.64
4621,5989.47
4622,5959.57
4623,5999.27
4624,5959.51
4625,5500.21
4626,6989.93
4627,8500.2
4628,8500.36
4629,12000.0
4630,12000.0
4631,12000.0
4632,12000.0
4633,12000.0
4634,12000.0
4635,12000.0
4636,12000.0
4637,12000.0
4638,12000.0
4639,12000.0
4640,12000.0
4641,12000.0
4642,12000.0
4643,10000.11
4644,10000.44
4645,10000.34
4646,10000.26
4647,10000.72
4648,10203.48
4649,10000.13
4650,10000.49
4651,12000.0
4652,10000.87
4653,8207.54
4654,8000.56
4655,6999.31
4656,6500.63
4657,6500.34
4658,6500.09
4659,6500.38
4660,5999.85
4661,3800.47
4662,3640.72
4663,3700.39
4664,3700.1
4665,4107.59
4666,4107.83
4667,5989.63
4668,6000.75
4669,6000.04
4670,5999.84
4671,6500.05
4672,6500.21
4673,6500.26
4674,6000.64
4675,7650.45
4676,9936.67
4677,7600.9
4678,10000.06
4679,8200.28
4680,10004.27
4681,10005.69
4682,12000.0
4683,12000.0
4684,12000.0
4685,12000.0
4686,12000.0
4687,12000.0
4688,12000.0
4689,9999.16
4690,6500.93
4691,6999.29
4692,7600.09
4693,8000.16
4694,6936.0
4695,5500.43
4696,4560.19
4697,5500.63
4698,5999.62
4699,7600.67
4700,6236.0
4701,8500.02
4702,8254.98
4703,8254.77
4704,8254.78
4705,8500.12
4706,8500.03
4707,8500.02
4708,8461.61
4709,8461.06
4710,7600.36
4711,5613.41
4712,5613.55
4713,5008.84
4714,5001.97
4715,5001.71
4716,4897.4
4717,5469.24
4718,5001.15
4719,5469.54
4720,5001.37
4721,4947.16
4722,5613.48
4723,5999.5
4724,5678.13
4725,7500.18
4726,8500.08
4727,8500.06
4728,9000.4
4729,8500.58
4730,10000.48
4731,10000.41
4732,10000.61
4733,10000.7
4734,10000.59
4735,8500.05
4736,7650.33
4737,5999.86
4738,6500.96
4739,6000.69
4740,5999.72
4741,6999.25
4742,6532.7
4743,5756.23
4744,5803.0
4745,4538.1
4746,4538.71
4747,3999.78
4748,3640.62
4749,4599.87
4750,4868.27
4751,5613.28
4752,5499.04
4753,5239.23
4754,5239.45
4755,5000.67
4756,4605.86
4757,3878.38
4758,3912.85
4759,4439.29
4760,4350.11
4761,4799.37
4762,4592.0
4763,4324.22
4764,3878.62
4765,5002.6
4766,4350.18
4767,4324.34
4768,4324.46
4769,3611.77
4770,4000.93
4771,4000.36
4772,3640.95
4773,3100.04
4774,3000.04
4775,2369.01
4776,3040.56
4777,3000.39
4778,3611.35
4779,4560.25
4780,5000.92
4781,5000.3
4782,4660.43
4783,4259.36
4784,3999.72
4785,4843.2
4786,4847.15
4787,4847.22
4788,4820.0
4789,4439.5
4790,4439.83
4791,3688.05
4792,4050.72
4793,3143.29
4794,3460.59
4795,4324.68
4796,4324.5
4797,3999.11
4798,3999.06
4799,4100.21
4800,4200.26
4801,5529.35
4802,5959.21
4803,5500.61
4804,5959.15
4805,3500.57
4806,3502.09
4807,2999.74
4808,3300.98
4809,3454.92
4810,3460.99
4811,3460.95
4812,3460.57
4813,3460.27
4814,3460.46
4815,3499.39
4816,3454.63
4817,2800.08
4818,2999.01
4819,3460.12
4820,3700.47
4821,4324.48
4822,4022.09
4823,3600.56
4824,3653.82
4825,5520.91
4826,6520.09
4827,9989.57
4828,12000.0
4829,12000.0
4830,12000.0
4831,12000.0
4832,12000.0
4833,12000.0
4834,12000.0
4835,10000.48
4836,9989.89
4837,10001.0
4838,12000.0
4839,7650.93
4840,6508.71
4841,6503.25
4842,6000.93
4843,6352.54
4844,6001.24
4845,4500.4
4846,4030.91
4847,4868.88
4848,4847.67
4849,4847.63
4850,4603.01
4851,4500.61
4852,4604.49
4853,4400.29
4854,4400.03
4855,5889.43
4856,5500.76
4857,4969.37
4858,4969.3
4859,6001.4
4860,6009.06
4861,6130.21
4862,6500.59
4863,6500.66
4864,6500.55
4865,6335.01
4866,6000.31
4867,6000.36
4868,6500.54
4869,4999.96
4870,5000.2
4871,5500.35
4872,6499.48
4873,5500.37
4874,6000.7
4875,9305.47
4876,11504.53
4877,12000.0
4878,12000.0
4879,6000.3
4880,5300.64
4881,5000.65
4882,4100.0
4883,4580.34
4884,4981.75
4885,5225.38
4886,5000.48
4887,4750.32
4888,4580.41
4889,7000.21
4890,7000.05
4891,8000.49
4892,7380.2
4893,7192.58
4894,6499.53
4895,6999.28
4896,6499.17
4897,7674.87
4898,7650.69
4899,6999.92
4900,6999.47
4901,6499.97
4902,6499.17
4903,6499.33
4904,5959.19
4905,6009.63
4906,6009.68
4907,5341.56
4908,5959.38
4909,5469.21
4910,4800.89
4911,5599.68
4912,5464.81
4913,6000.78
4914,6059.89
4915,6500.12
4916,8000.3
4917,8874.17
4918,12000.0
4919,12000.0
4920,12000.0
4921,12000.0
4922,12000.0
4923,12000.0
4924,12000.0
4925,12000.0
4926,12000.0
4927,12000.0
4928,12000.0
4929,12000.0
4930,12000.0
4931,12000.0
4932,12000.0
4933,12000.0
4934,12000.0
4935,12000.0
4936,12000.0
4937,12000.0
4938,12000.0
4939,12000.0
4940,12000.0
4941,12000.0
4942,11999.55
4943,8874.58
4944,8200.94
4945,6997.46
4946,6264.98
4947,6000.51
4948,5597.3
4949,5741.82
4950,6000.68
4951,6499.25
4952,6149.94
4953,5999.09
4954,6149.44
4955,5845.61
4956,6499.13
4957,7650.25
4958,8000.2
4959,8461.5
4960,10000.25
4961,10000.9
4962,10202.13
4963,12000.0
4964,10106.75
4965,7600.46
4966,7650.13
4967,6001.09
4968,5845.79
4969,6001.31
4970,10000.99
4971,12000.0
4972,12000.0
4973,12000.0
4974,12000.0
4975,12000.0
4976,10007.63
4977,10000.51
4978,8000.91
4979,8000.84
4980,8000.93
4981,8461.38
4982,8461.72
4983,8874.46
4984,8461.38
4985,8874.42
4986,8874.49
4987,8200.24
4988,8200.57
4989,7600.78
4990,8089.88
4991,7999.83
4992,6510.33
4993,6499.91
4994,6499.43
4995,6499.65
4996,6000.92
4997,5800.75
4998,5999.35
4999,5800.41
5000,5225.87
5001,5800.24
5002,5500.91
5003,5800.46
5004,5800.25
5005,4548.6
5006,4605.73
5007,4548.57
5008,4548.82
5009,6000.3
5010,6000.46
5011,5999.42
5012,5999.52
5013,6500.92
5014,8461.22
5015,10000.41
5016,10000.98
5017,9000.77
5018,10000.65
5019,12000.0
5020,12000.0
5021,12000.0
5022,12000.0
5023,12000.0
5024,12000.0
5025,10006.41
5026,10008.25
5027,10511.33
5028,10000.68
5029,10000.88
5030,10000.24
5031,8999.29
5032,8999.56
5033,8200.59
5034,8200.39
5035,8200.25
5036,8200.1
5037,7650.39
5038,6500.01
5039,5225.93
5040,5225.21
5041,4605.7
5042,4548.91
5043,4799.34
5044,4154.96
5045,5000.85
5046,5469.59
5047,4609.92
5048,4609.84
5049,4500.47
5050,4642.3
5051,4439.6
5052,5500.2
5053,4642.68
5054,5500.18
5055,5500.39
5056,5578.72
5057,5500.95
5058,6000.88
5059,6500.38
5060,7000.2
5061,4660.86
5062,4605.85
5063,5500.91
5064,5549.74
5065,5800.22
5066,6060.25
5067,8000.89
5068,10008.83
5069,12000.0
5070,12000.0
5071,12000.0
5072,12000.0
5073,8000.24
5074,6500.59
5075,7500.16
5076,6510.62
5077,5045.42
5078,4800.09
5079,4500.87
5080,4580.01
5081,6000.1
5082,6000.47
5083,5499.7
5084,5499.71
5085,5959.68
5086,6000.13
5087,6000.54
5088,6000.42
5089,6000.27
5090,5800.68
5091,4642.21
5092,4500.19
5093,3611.97
5094,3900.2
5095,4128.0
5096,4100.09
5097,4500.47
5098,4605.61
5099,4500.31
5100,3750.8
5101,4500.38
5102,4500.63
5103,4416.0
5104,4500.11
5105,3611.16
5106,4200.22
5107,4500.41
5108,4642.69
5109,4642.79
5110,6000.16
5111,6499.65
5112,7650.22
5113,6000.53
5114,6500.75
5115,10000.65
5116,11166.52
5117,12000.0
5118,12000.0
5119,12000.0
5120,12000.0
5121,12000.0
5122,12000.0
5123,10000.45
5124,8200.69
5125,10000.29
5126,10000.89
5127,8000.33
5128,8000.03
5129,8000.33
5130,7999.72
5131,8000.04
5132,7500.79
5133,6499.16
5134,6000.9
5135,5225.05
5136,5114.98
5137,4538.55
5138,4200.47
5139,4059.2
5140,3899.93
5141,3750.03
5142,3899.2
5143,4000.47
5144,3810.23
5145,3999.01
5146,4200.5
5147,4324.23
5148,4324.67
5149,4609.03
5150,4999.17
5151,5800.22
5152,6000.16
5153,6000.12
5154,6059.62
5155,5500.09
5156,5500.58
5157,5000.13
5158,5244.88
5159,5000.5
5160,4999.51
5161,6500.32
5162,8000.89
5163,12000.0
5164,12000.0
5165,12000.0
5166,12000.0
5167,12000.0
5168,12000.0
5169,10004.41
5170,8679.18
5171,6499.56
5172,5862.09
5173,6462.98
5174,5500.99
5175,6000.25
5176,5500.82
5177,6500.82
5178,7626.9
5179,8461.02
5180,8461.29
5181,8000.8
5182,8000.71
5183,8385.22
5184,8383.02
5185,8255.05
5186,8137.65
5187,8255.54
5188,7652.22
5189,6728.06
5190,6591.96
5191,8255.75
5192,8255.01
5193,7359.94
5194,6499.71
5195,6499.97
5196,6610.72
5197,6499.5
5198,6329.85
5199,6499.47
5200,6499.81
5201,6499.48
5202,6999.09
5203,7499.15
5204,8255.64
5205,7650.21
5206,9632.79
5207,9459.25
5208,10000.26
5209,10000.38
5210,10000.69
5211,12000.0
5212,12000.0
5213,12000.0
5214,12000.0
5215,12000.0
5216,12000.0
5217,12000.0
5218,12000.0
5219,12000.0
5220,12000.0
5221,12000.0
5222,12000.0
5223,12000.0
5224,12000.0
5225,11999.6
5226,11999.83
5227,10005.17
5228,10000.97
5229,10000.28
5230,9989.31
5231,8874.54
5232,8874.72
5233,8500.92
5234,8500.64
5235,8500.61
5236,8500.29
5237,6499.28
5238,6006.72
5239,6499.1
5240,6510.27
5241,7570.64
5242,7570.8
5243,8750.16
5244,8500.4
5245,8500.31
5246,8500.55
5247,8500.87
5248,8874.38
5249,7600.05
5250,9870.49
5251,10000.95
5252,10000.95
5253,10000.32
5254,10003.43
5255,8500.67
5256,10003.65
5257,11570.28
5258,11570.57
5259,12000.0
5260,12000.0
5261,12000.0
5262,12000.0
5263,12000.0
5264,12000.0
5265,12000.0
5266,12000.0
5267,10000.65
5268,9459.62
5269,10000.2
5270,10000.45
5271,10000.75
5272,10000.39
5273,8874.66
5274,9000.3
5275,8500.97
5276,8500.96
5277,8874.02
5278,8874.17
5279,8874.74
5280,8874.85
5281,10443.56
5282,11938.67
5283,10000.81
5284,9999.13
5285,8500.42
5286,8462.71
5287,8462.15
5288,8462.13
5289,7500.87
5290,7499.75
5291,6999.88
5292,7325.27
5293,6499.32
5294,6499.85
5295,6149.19
5296,5999.14
5297,4649.97
5298,7499.54
5299,8462.73
5300,8500.61
5301,8500.84
5302,10000.4
5303,10000.39
5304,10000.28
5305,8500.47
5306,10000.12
5307,10000.32
5308,10002.91
5309,12000.0
5310,12000.0
5311,12000.0
5312,12000.0
5313,12000.0
5314,12000.0
5315,12000.0
5316,12000.0
5317,12000.0
5318,12000.0
5319,12000.0
5320,12000.0
5321,12000.0
5322,10006.92
5323,8500.42
5324,8500.3
5325,8462.87
5326,8462.96
5327,9200.05
5328,7600.39
5329,7325.73
5330,6499.33
5331,6999.11
5332,6149.98
5333,4548.77
5334,5500.46
5335,5500.06
5336,4999.43
5337,6000.06
5338,6000.73
5339,6059.21
5340,6059.43
5341,7100.06
5342,7100.7
5343,7325.64
5344,7999.86
5345,8462.68
5346,9020.9
5347,11999.92
5348,11999.38
5349,9999.88
5350,12000.0
5351,12000.0
5352,12000.0
5353,12000.0
5354,12000.0
5355,12000.0
5356,12000.0
5357,12000.0
5358,12000.0
5359,12000.0
5360,12000.0
5361,10999.9
5362,11800.0
5363,12000.0
5364,10358.44
5365,12000.0
5366,12000.0
5367,12000.0
5368,12000.0
5369,12000.0
5370,12000.0
5371,12000.0
5372,12000.0
5373,12000.0
5374,12000.0
5375,12000.0
5376,12000.0
5377,12000.0
5378,12000.0
5379,12000.0
5380,10000.9
5381,7500.17
5382,6500.34
5383,6500.37
5384,6000.0
5385,5500.68
5386,5500.65
5387,5501.66
5388,5501.31
5389,5502.6
5390,5502.69
5391,5505.72
5392,5599.66
5393,5500.97
5394,6505.5
5395,7650.42
5396,7620.93
5397,8201.0
5398,10000.11
5399,10000.36
5400,11989.22
5401,8200.79
5402,8508.17
5403,7650.8
5404,9500.99
5405,10000.81
5406,11999.98
5407,10000.33
5408,10000.47
5409,8989.71
5410,10000.14
5411,8200.92
5412,8200.73
5413,7650.32
5414,8200.24
5415,8400.02
5416,6813.38
5417,7177.79
5418,6530.31
5419,6099.3
5420,5599.4
5421,4548.98
5422,4548.96
5423,4489.67
5424,4489.52
5425,4200.66
5426,4200.55
5427,4283.71
5428,4283.55
5429,3679.78
5430,3611.66
5431,3460.57
5432,3510.02
5433,3478.63
5434,3478.49
5435,4000.09
5436,3690.75
5437,4920.11
5438,4920.53
5439,5959.82
5440,6000.18
5441,4548.09
5442,5219.6
5443,6300.77
5444,6500.02
5445,5492.02
5446,4611.09
5447,4200.9
5448,5000.39
5449,5252.89
5450,6000.04
5451,5500.69
5452,6001.0
5453,5500.94
5454,5500.51
5455,5219.65
5456,4999.05
5457,5000.47
5458,4641.9
5459,4500.78
5460,4500.83
5461,5101.31
5462,5219.33
5463,5100.8
5464,4790.73
5465,4701.0
5466,4642.39
5467,5219.16
5468,5500.2
5469,5500.42
5470,5500.59
5471,5500.93
5472,5500.78
5473,7650.06
5474,7500.87
5475,7500.93
5476,6500.34
5477,5594.3
5478,5599.98
5479,5500.45
5480,5000.46
5481,5223.7
5482,5223.59
5483,4868.0
5484,4868.07
5485,4200.95
5486,4200.46
5487,4000.4
5488,4000.72
5489,4500.19
5490,5500.09
5491,6000.88
5492,5599.68
5493,4760.07
5494,4638.02
5495,7500.47
5496,7860.99
5497,9148.13
5498,12000.0
5499,12000.0
5500,12000.0
5501,12000.0
5502,12000.0
5503,12000.0
5504,12000.0
5505,12000.0
5506,12000.0
5507,12000.0
5508,12000.0
5509,12000.0
5510,12000.0
5511,12000.0
5512,12000.0
5513,12000.0
5514,12000.0
5515,9597.73
5516,8499.75
5517,9052.0
5518,8499.23
5519,6597.52
5520,6595.61
5521,6001.06
5522,4200.84
5523,5500.32
5524,5250.76
5525,4500.34
5526,4546.39
5527,5469.1
5528,5500.2
5529,6500.14
5530,6510.94
5531,7316.56
5532,6500.82
5533,7998.94
5534,8120.47
5535,10000.27
5536,10000.33
5537,10213.43
5538,12000.0
5539,12000.0
5540,12000.0
5541,12000.0
5542,12000.0
5543,12000.0
5544,12000.0
5545,12000.0
5546,12000.0
5547,12000.0
5548,12000.0
5549,12000.0
5550,12000.0
5551,12000.0
5552,12000.0
5553,12000.0
5554,12000.0
5555,11360.24
5556,9999.83
5557,10000.76
5558,11499.92
5559,11499.87
5560,10000.69
5561,11553.79
5562,11820.38
5563,12000.0
5564,12000.0
5565,12000.0
5566,12000.0
5567,12000.0
5568,12000.0
5569,9645.91
5570,9500.3
5571,10005.0
5572,10007.71
5573,7650.09
5574,7918.1
5575,7364.61
5576,7316.66
5577,7364.7
5578,7364.35
5579,7364.9
5580,7364.9
5581,7316.67
5582,7364.28
5583,7316.29
5584,7364.37
5585,7316.05
5586,8596.89
5587,8499.16
5588,10000.24
5589,11820.25
5590,12000.0
5591,12000.0
5592,12000.0
5593,12000.0
5594,12000.0
5595,12000.0
5596,12000.0
5597,12000.0
5598,12000.0
5599,12000.0
5600,12000.0
5601,12000.0
5602,12000.0
5603,12000.0
5604,12000.0
5605,12000.0
5606,12000.0
5607,12000.0
5608,12000.0
5609,12000.0
5610,12000.0
5611,12000.0
5612,12000.0
5613,12000.0
5614,12000.0
5615,9000.63
5616,8499.46
5617,5992.07
5618,6000.85
5619,5500.88
5620,4399.82
5621,4000.48
5622,4012.95
5623,6000.87
5624,6149.79
5625,6149.32
5626,6470.2
5627,6149.7
5628,6001.68
5629,7500.73
5630,8000.02
5631,8989.81
5632,10006.38
5633,11999.79
5634,11999.27
5635,11999.44
5636,11999.19
5637,11909.68
5638,10000.14
5639,10999.48
5640,10465.26
5641,8499.01
5642,8499.47
5643,12000.0
5644,12000.0
5645,12000.0
5646,12000.0
5647,12000.0
5648,12000.0
5649,10999.86
5650,9500.07
5651,5678.23
5652,5143.45
5653,5500.26
5654,6000.34
5655,5500.06
5656,5500.03
5657,6038.17
5658,6057.16
5659,6100.15
5660,5500.75
5661,6105.44
5662,6500.35
5663,4646.2
5664,4500.96
193,6107.53
194,6101.54
195,6000.1
196,4200.9
197,4720.92
198,4200.83
199,4000.8
200,3949.73
201,3800.49
202,4000.27
203,3552.27
204,3451.96
205,3500.66
206,3410.19
207,3500.02
208,3451.37
209,2701.15
210,3660.46
211,4000.89
212,4200.98
213,4000.59
214,5000.98
215,4502.91
216,5112.47
217,4546.69
218,5000.41
219,4989.68
220,6000.53
221,6849.83
222,8499.16
223,8499.39
224,7356.5
225,4989.94
226,7650.09
227,8101.76
228,8100.38
229,8499.53
230,8499.51
231,7501.78
232,7500.92
233,7806.29
234,6499.57
235,7600.85
236,6122.77
237,4947.89
238,4947.19
239,4700.95
240,4200.71
241,3660.07
242,3620.22
243,3660.19
244,3620.25
245,3000.88
246,3000.63
247,3600.45
248,3660.31
249,5000.87
250,6056.32
251,4748.0
252,4546.82
253,4098.67
254,4546.62
255,6000.16
256,6001.32
257,6000.46
258,6499.29
259,10001.97
260,10500.31
261,6499.29
262,6999.32
263,6499.92
264,6000.49
265,4702.35
266,5100.2
267,6000.63
268,7600.29
269,6000.76
270,5597.47
271,5500.44
272,5000.8
273,6000.41
274,4947.76
275,4679.07
276,4679.55
277,5060.23
278,5894.26
279,4900.18
280,4820.63
281,6499.12
282,6513.63
283,7650.9
284,6210.2
285,4649.72
286,4649.78
287,4395.94
288,4649.84
961,4418.32
962,4418.68
963,4999.62
964,4999.86
965,4418.14
966,4100.98
967,3885.15
968,3659.91
969,3668.19
970,3623.88
971,3623.81
972,3623.03
973,3700.45
974,3507.25
975,3457.69
976,3423.64
977,3422.04
978,3683.03
979,4000.87
980,4000.8
981,4418.07
982,4300.57
983,5000.71
984,5000.3
985,4242.09
986,5499.94
987,6501.74
988,6801.88
989,5900.51
990,5999.36
991,5539.64
992,5400.09
993,4073.85
994,4073.08
995,4732.07
996,4000.7
997,5499.51
998,5510.89
999,5702.49
1000,5499.49
1001,5048.44
1002,5029.94
1003,4937.04
1004,4732.5
1005,4519.09
1006,4464.56
1007,4418.52
1008,4418.42
1009,4000.22
1010,4241.28
1011,4310.68
1012,4073.35
1013,3800.11
1014,3869.62
1015,4005.21
1016,4005.49
1017,4418.25
1018,4499.31
1019,5102.03
1020,5499.07
1021,5702.72
1022,6464.45
1023,7001.26
1024,10000.0
1025,5999.94
1026,7001.93
1027,10000.0
1028,10000.0
1029,10000.0
1030,10000.0
1031,10000.0
1032,10000.0
1033,10000.0
1034,10000.0
1035,10000.0
1036,10000.0
1037,10000.0
1038,10000.0
1039,7001.89
1040,6508.43
1041,4418.48
1042,4288.54
1043,4120.85
1044,4120.92
1045,4130.94
1046,4120.92
1047,4193.23
1048,4193.57
1049,4073.39
1050,4254.95
1051,4418.19
1052,4418.54
1053,4465.33
1054,4418.64
1055,4193.73
1056,3800.86
3937,4418.73
3938,4418.69
3939,5400.57
3940,5000.03
3941,4418.22
3942,4241.37
3943,3885.3
3944,3685.04
3945,3507.8
3946,3491.92
3947,3913.95
3948,3725.8
3949,3500.13
3950,3489.0
3951,3488.51
3952,3488.14
3953,3429.06
3954,3491.13
3955,3673.64
3956,3526.37
3957,3830.81
3958,4000.18
3959,4000.9
3960,4000.64
3961,3925.6
3962,4468.66
3963,4999.6
3964,5102.16
3965,5702.24
3966,5702.94
3967,5787.34
3968,5499.75
3969,5702.82
3970,5102.96
3971,5500.77
3972,5102.01
3973,4910.23
3974,4999.59
3975,4165.45
3976,3668.97
3977,3947.68
3978,4109.67
3979,4200.29
3980,4200.21
3981,4073.67
3982,4078.72
3983,3890.75
3984,4073.17
3985,3830.92
3986,3869.58
3987,4000.91
3988,4000.35
3989,3549.88
3990,3659.27
3991,3659.63
3992,3869.6
3993,4205.66
3994,4418.64
3995,4101.5
3996,4976.01
3997,5149.65
3998,5510.36
3999,5819.54
4000,6801.18
4001,5836.28
4002,7501.16
4003,10000.0
4004,10000.0
4005,10000.0
4006,10000.0
4007,10000.0
4008,10000.0
4009,10000.0
4010,10000.0
4011,10000.0
4012,10000.0
4013,10000.0
4014,10000.0
4015,9000.5
4016,6760.0
4017,5836.96
4018,5819.27
4019,5510.62
4020,5499.13
4021,4418.53
4022,4556.5
4023,5149.4
4024,5149.09
4025,5400.31
4026,5499.09
4027,5400.24
4028,5149.88
4029,5149.08
4030,5000.29
4031,4900.88
4032,4900.52
6625,4900.17
6626,4700.44
6627,5239.98
6628,5499.01
6629,4564.74
6630,4418.8
6631,4418.23
6632,4100.88
6633,4073.72
6634,3885.95
6635,4100.82
6636,4073.17
6637,4073.64
6638,4073.31
6639,3885.97
6640,3885.98
6641,5000.58
6642,5090.34
6643,4418.6
6644,4418.65
6645,4418.88
6646,5000.36
6647,5149.19
6648,5149.45
6649,4732.01
6650,5149.91
6651,5621.51
6652,5787.54
6653,6487.75
6654,6500.89
6655,5599.98
6656,5599.51
6657,5200.14
6658,5102.76
6659,5048.12
6660,4976.99
6661,5450.33
6662,5499.56
6663,5900.46
6664,5200.91
6665,4732.93
6666,4732.24
6667,4510.1
6668,4510.86
6669,4894.44
6670,4976.84
6671,4732.85
6672,4564.15
6673,4193.09
6674,4104.19
6675,4050.72
6676,4000.91
6677,3999.38
6678,3885.94
6679,4078.3
6680,4078.89
6681,4564.76
6682,5000.64
6683,5200.42
6684,5499.64
6685,5510.58
6686,6999.02
6687,10000.0
6688,10000.0
6689,10000.0
6690,10000.0
6691,10000.0
6692,10000.0
6693,10000.0
6694,10000.0
6695,10000.0
6696,10000.0
6697,10000.0
6698,10000.0
6699,10000.0
6700,10000.0
6701,10000.0
6702,10000.0
6703,10000.0
6704,10000.0
6705,5900.44
6706,5614.1
6707,5499.14
6708,4919.07
6709,4465.42
6710,4288.42
6711,4564.2
6712,4564.36
6713,4564.73
6714,5000.8
6715,5014.5
6716,4564.4
6717,5069.8
6718,4919.38
6719,4097.0
6720,3776.48
9601,4418.47
9602,4418.25
9603,5000.59
9604,4900.66
9605,4418.92
9606,4418.26
9607,4418.22
9608,4250.26
9609,4418.21
9610,4418.08
9611,4241.72
9612,4193.75
9613,4104.08
9614,4000.61
9615,4250.27
9616,4104.92
9617,4193.03
9618,4418.86
9619,4732.14
9620,4732.67
9621,4900.35
9622,5149.74
9623,5239.77
9624,5499.36
9625,5999.49
9626,6999.77
9627,7500.48
9628,8502.89
9629,9700.44
9630,9700.18
9631,6999.73
9632,6999.78
9633,5549.36
9634,5796.06
9635,5499.07
9636,5149.85
9637,5499.79
9638,5510.82
9639,5702.25
9640,5499.27
9641,5000.14
9642,5000.88
9643,5000.65
9644,5000.43
9645,5000.16
9646,4976.24
9647,4418.96
9648,4418.69
9649,4078.8
9650,4418.02
9651,4104.14
9652,4078.18
9653,3623.79
9654,3623.27
9655,3769.75
9656,3885.38
9657,4073.24
9658,4193.43
9659,4468.79
9660,4919.29
9661,4976.5
9662,5001.23
9663,5000.53
9664,5102.5
9665,5102.47
9666,5500.55
9667,6500.62
9668,10000.0
9669,9999.8
9670,10000.0
9671,10000.0
9672,10000.0
9673,10000.0
9674,10000.0
9675,10000.0
9676,9313.0
9677,5499.2
9678,4999.57
9679,5117.43
9680,4999.22
9681,4600.26
9682,4000.63
9683,3499.75
9684,3450.72
9685,3209.99
9686,3497.05
9687,3999.31
9688,4000.26
9689,4250.48
9690,4324.5
9691,4104.88
9692,3999.61
9693,3999.54
9694,4000.48
9695,3575.73
9696,3512.38
12481,3719.41
12482,3776.02
12483,3719.16
12484,3800.1
12485,3685.44
12486,3685.35
12487,3685.75
12488,3605.49
12489,3685.77
12490,3719.36
12491,3885.76
12492,3885.62
12493,3685.65
12494,3685.35
12495,3623.99
12496,3623.55
12497,3605.35
12498,3700.88
12499,4000.04
12500,4000.37
12501,3830.57
12502,3900.12
12503,4067.9
12504,4101.7
12505,4087.29
12506,3811.41
12507,4002.63
12508,4193.63
12509,4193.09
12510,4193.26
12511,3250.37
12512,2999.84
12513,3250.23
12514,3615.0
12515,3800.11
12516,3913.26
12517,3800.49
12518,3719.4
12519,3801.16
12520,3719.36
12521,3885.06
12522,3885.38
12523,3685.19
12524,3501.74
12525,3036.23
12526,3036.19
12527,3500.67
12528,3500.02
12529,3399.19
12530,3314.34
12531,3250.01
12532,3230.77
12533,2099.97
12534,2099.91
12535,3100.18
12536,3422.71
12537,3685.07
12538,3778.38
12539,3778.64
12540,3719.84
12541,4000.46
12542,4418.2
12543,4193.51
12544,4073.76
12545,4077.06
12546,4231.87
12547,4418.86
12548,4550.62
12549,4550.88
12550,4999.18
12551,5000.48
12552,5499.39
12553,6390.31
12554,5600.14
12555,5316.41
12556,5050.9
12557,4740.31
12558,4241.66
12559,3245.97
12560,3245.01
12561,3999.13
12562,3999.8
12563,3999.12
12564,3773.62
12565,4000.93
12566,3900.69
12567,3773.28
12568,3784.5
12569,3964.99
12570,3964.94
12571,3800.7
12572,3800.96
12573,3970.16
12574,3725.78
12575,3502.7
12576,3340.11
15457,3000.75
15458,3000.39
15459,2812.0
15460,2800.77
15461,2649.53
15462,2429.0
15463,2979.96
15464,3036.66
15465,3279.52
15466,3250.23
15467,3231.07
15468,3123.33
15469,3250.94
15470,3279.33
15471,3314.94
15472,3314.0
15473,3036.93
15474,3100.47
15475,3485.8
15476,3512.77
15477,3623.11
15478,3549.13
15479,3501.0
15480,2960.65
15481,2994.2
15482,2999.27
15483,3860.51
15484,4100.45
15485,4104.93
15486,4100.84
15487,4130.13
15488,4104.69
15489,4242.44
15490,4418.18
15491,4500.41
15492,4465.48
15493,4101.0
15494,4130.17
15495,3830.06
15496,3850.29
15497,3440.35
15498,3529.39
15499,3830.81
15500,3970.42
15501,3885.35
15502,3800.15
15503,3840.75
15504,3700.1
15505,3420.0
15506,3440.9
15507,3549.31
15508,3496.34
15509,3000.07
15510,2979.33
15511,3036.13
15512,2961.0
15513,3450.82
15514,3850.55
15515,4030.91
15516,4100.96
15517,3830.23
15518,4073.03
15519,4100.75
15520,4100.14
15521,3500.82
15522,3700.33
15523,4598.59
15524,5000.91
15525,5102.66
15526,6250.55
15527,6542.82
15528,9501.96
15529,9000.35
15530,7508.64
15531,7008.22
15532,6508.6
15533,5739.5
15534,5142.46
15535,4750.98
15536,4241.73
15537,4418.72
15538,4418.58
15539,4242.4
15540,4130.43
15541,3500.68
15542,3398.7
15543,3776.82
15544,4104.91
15545,4132.16
15546,4132.19
15547,4000.83
15548,3885.56
15549,3250.56
15550,3130.33
15551,3036.71
15552,3036.09
18337,2890.95
18338,2920.47
18339,3620.91
18340,3590.58
18341,3573.14
18342,3623.58
18343,3485.97
18344,3300.43
18345,3036.94
18346,3036.71
18347,3000.56
18348,2950.09
18349,3050.4
18350,3200.81
18351,3314.09
18352,3399.53
18353,3399.62
18354,3623.3
18355,3776.48
18356,3769.9
18357,3913.08
18358,3970.91
18359,4093.94
18360,4093.78
18361,4030.03
18362,4000.73
18363,4418.08
18364,4418.91
18365,4199.91
18366,4199.68
18367,4418.0
18368,4418.33
18369,4418.76
18370,4500.67
18371,4418.93
18372,4242.11
18373,4073.56
18374,4120.63
18375,4079.48
18376,3885.88
18377,4073.47
18378,4073.97
18379,4241.91
18380,4241.33
18381,3866.17
18382,3573.48
18383,4000.41
18384,3970.97
18385,3399.22
18386,3399.3
18387,3659.61
18388,3659.5
18389,3349.65
18390,3399.51
18391,3549.35
18392,3560.22
18393,3850.55
18394,3907.65
18395,4055.73
18396,4105.66
18397,4279.18
18398,4500.66
18399,5041.34
18400,5000.96
18401,4853.31
18402,5449.23
18403,6144.81
18404,7500.26
18405,6502.46
18406,10000.0
18407,10000.0
18408,10000.0
18409,10000.0
18410,10000.0
18411,10000.0
18412,10000.0
18413,7508.16
18414,6250.28
18415,5000.09
18416,4500.43
18417,4900.86
18418,4936.08
18419,4700.05
18420,4355.14
18421,4199.75
18422,4199.41
18423,4199.88
18424,4010.67
18425,4000.23
18426,4279.07
18427,4028.8
18428,4000.08
18429,3776.05
18430,3659.23
18431,3560.38
18432,3069.77
21313,3560.67
21314,3560.71
21315,3769.38
21316,3659.86
21317,3554.92
21318,3224.72
21319,3560.14
21320,3554.28
21321,3560.15
21322,3554.93
21323,3560.15
21324,3560.25
21325,3560.01
21326,3560.05
21327,3554.7
21328,3554.58
21329,3245.86
21330,3560.59
21331,3800.06
21332,3835.16
21333,3835.95
21334,3974.21
21335,4000.47
21336,4043.76
21337,4073.08
21338,4100.21
21339,4500.17
21340,4852.46
21341,5239.78
21342,5469.39
21343,5149.72
21344,5149.76
21345,4355.26
21346,4195.41
21347,4355.07
21348,4195.52
21349,4976.25
21350,4976.23
21351,4521.14
21352,4461.16
21353,4976.35
21354,4976.17
21355,4976.78
21356,4976.0
21357,4852.91
21358,4500.4
21359,4355.75
21360,4355.37
21361,4170.3
21362,4144.55
21363,3974.53
21364,3800.1
21365,3549.42
21366,3560.87
21367,3659.3
21368,3808.62
21369,3921.5
21370,4000.16
21371,4308.49
21372,4500.01
21373,5000.18
21374,5239.97
21375,5434.3
21376,5469.02
21377,5399.19
21378,5510.83
21379,6008.64
21380,8213.16
21381,7000.7
21382,9999.8
21383,10000.0
21384,10000.0
21385,10000.0
21386,10000.0
21387,10000.0
21388,10000.0
21389,5775.82
21390,5499.31
21391,5312.94
21392,5149.3
21393,4508.76
21394,4355.53
21395,4139.25
21396,4058.42
21397,4279.79
21398,4279.79
21399,4199.54
21400,3988.64
21401,4100.83
21402,4199.11
21403,4279.99
21404,4279.3
21405,3843.5
21406,3560.77
21407,3769.76
21408,3560.63
24289,3554.58
24290,3554.45
24291,3659.76
24292,3623.65
24293,3623.41
24294,3623.41
24295,3554.78
24296,3399.91
24297,3471.51
24298,3399.84
24299,3202.27
24300,3136.51
24301,3224.09
24302,3103.21
24303,3049.59
24304,3049.77
24305,2999.72
24306,3401.34
24307,3620.02
24308,3300.16
24309,3769.37
24310,3458.97
24311,3422.81
24312,3458.83
24313,3000.85
24314,3560.68
24315,3865.35
24316,4050.8
24317,3811.82
24318,4000.93
24319,3939.59
24320,4130.3
24321,3811.62
24322,3801.53
24323,3659.71
24324,3560.61
24325,4253.75
24326,4200.04
24327,4130.7
24328,3974.83
24329,4000.55
24330,4000.88
24331,3974.07
24332,3769.11
24333,3412.33
24334,3450.97
24335,3549.96
24336,3560.3
24337,3560.88
24338,3560.03
24339,3554.74
24340,3560.35
24341,3102.3
24342,3102.06
24343,3560.87
24344,3570.09
24345,3570.39
24346,3835.3
24347,3570.84
24348,3570.28
24349,3919.64
24350,3919.99
24351,4355.29
24352,4199.24
24353,4050.08
24354,4355.93
24355,4999.43
24356,5434.47
24357,6500.09
24358,10000.0
24359,10000.0
24360,10000.0
24361,10000.0
24362,10000.0
24363,10000.0
24364,10000.0
24365,10000.0
24366,10000.0
24367,5499.76
24368,5499.21
24369,5499.6
24370,5000.4
24371,5450.28
24372,4355.46
24373,4150.86
24374,4073.05
24375,4063.15
24376,4200.36
24377,3835.33
24378,4279.61
24379,4355.81
24380,4093.32
24381,3560.32
24382,3560.4
24383,3560.11
24384,3500.96
27169,3560.69
27170,3560.66
27171,4000.59
27172,4000.6
27173,3250.06
27174,3250.68
27175,3554.62
27176,3500.11
27177,3300.44
27178,3224.54
27179,3224.16
27180,3173.19
27181,2930.92
27182,3224.4
27183,2950.09
27184,3224.6
27185,3109.73
27186,3279.85
27187,3560.64
27188,3575.33
27189,3570.63
27190,3835.16
27191,3500.38
27192,3570.94
27193,3974.59
27194,4050.78
27195,4279.24
27196,4499.25
27197,4120.75
27198,4063.3
27199,4120.33
27200,4120.53
27201,4063.03
27202,4030.84
27203,4335.53
27204,4063.39
27205,4544.8
27206,4279.55
27207,3919.96
27208,3919.79
27209,3102.55
27210,3102.62
27211,3800.33
27212,3800.48
27213,3974.13
27214,3974.35
27215,3919.99
27216,3919.37
27217,3560.44
27218,3560.24
27219,3560.25
27220,3560.5
27221,3500.04
27222,3399.2
27223,3000.89
27224,3102.83
27225,3560.53
27226,3813.91
27227,3659.11
27228,3659.2
27229,3224.37
27230,3224.67
27231,3554.69
27232,3840.94
27233,4786.77
27234,4508.8
27235,3850.37
27236,5000.4
27237,5000.62
27238,5000.74
27239,5499.37
27240,6516.13
27241,10000.0
27242,6516.77
27243,6499.53
27244,5999.62
27245,4999.25
27246,4231.74
27247,3499.08
27248,3499.19
27249,3215.37
27250,3274.0
27251,3835.07
27252,3835.49
27253,3554.14
27254,3500.71
27255,3011.84
27256,2500.23
27257,3560.48
27258,3865.44
27259,3560.07
27260,3560.5
27261,3769.17
27262,3560.87
27263,3500.3
27264,3224.74
30145,2330.49
30146,2138.91
30147,2449.4
30148,2400.25
30149,2800.41
30150,1999.79
30151,1999.85
30152,1761.46
30153,1757.32
30154,1757.12
30155,1757.76
30156,1757.99
30157,1761.8
30158,1870.62
30159,1999.19
30160,2131.0
30161,1999.95
30162,2920.47
30163,3224.84
30164,3500.47
30165,3560.57
30166,3573.0
30167,3560.43
30168,3500.02
30169,1542.75
30170,2801.55
30171,2960.76
30172,3554.26
30173,3800.95
30174,3835.5
30175,3554.18
30176,3835.08
30177,3554.53
30178,3605.92
30179,3000.11
30180,2919.29
30181,2600.01
30182,2138.72
30183,3560.27
30184,3630.55
30185,3322.11
30186,3008.31
30187,3250.48
30188,3322.98
30189,3250.65
30190,3251.95
30191,3000.84
30192,2960.16
30193,1699.94
30194,1699.94
30195,1499.65
30196,1500.67
30197,999.82
30198,1737.79
30199,2131.63
30200,2131.96
30201,3000.08
30202,3250.22
30203,3426.96
30204,3554.17
30205,3550.71
30206,3450.16
30207,3250.46
30208,3224.97
30209,2979.88
30210,3224.46
30211,3554.23
30212,3909.35
30213,4008.9
30214,4227.5
30215,4740.48
30216,4852.25
30217,5000.45
30218,4852.95
30219,4520.32
30220,3999.64
30221,3474.66
30222,2800.73
30223,3000.69
30224,3255.68
30225,3835.29
30226,3700.62
30227,3570.63
30228,3554.47
30229,2810.81
30230,3098.15
30231,3000.62
30232,1999.97
30233,3130.74
30234,3224.31
30235,3554.97
30236,3554.93
30237,3560.97
30238,3554.9
30239,3224.79
30240,3050.19
33025,2920.64
33026,3475.0
33027,3349.24
33028,3399.83
33029,2813.35
33030,2813.16
33031,2850.46
33032,2610.78
33033,2886.0
33034,2380.43
33035,2576.0
33036,2850.29
33037,2550.36
33038,2627.74
33039,2979.34
33040,3050.27
33041,2920.84
33042,3554.09
33043,3399.57
33044,3500.71
33045,3554.56
33046,3399.55
33047,3560.68
33048,3000.62
33049,3266.78
33050,3554.31
33051,3769.42
33052,3835.86
33053,3835.05
33054,3731.26
33055,3573.37
33056,3623.84
33057,2960.46
33058,2000.06
33059,1619.6
33060,1999.02
33061,2500.78
33062,2500.76
33063,2600.43
33064,2600.42
33065,2316.65
33066,2316.44
33067,2316.68
33068,1999.97
33069,1199.58
33070,1155.26
33071,989.08
33072,989.06
33073,999.1
33074,999.84
33075,799.63
33076,908.63
33077,700.86
33078,700.96
33079,989.4
33080,999.33
33081,1245.11
33082,1664.16
33083,1761.85
33084,1762.61
33085,2131.17
33086,2131.43
33087,2331.23
33088,2331.8
33089,3000.08
33090,3000.73
33091,3500.37
33092,3560.85
33093,3573.62
33094,3850.27
33095,3835.26
33096,3988.67
33097,3769.34
33098,3500.22
33099,3560.6
33100,3499.09
33101,2999.79
33102,2138.62
33103,1500.07
33104,1894.0
33105,3224.32
33106,3224.3
33107,3210.8
33108,3224.37
33109,2131.31
33110,2131.41
33111,2131.36
33112,2000.69
33113,2131.4
33114,2919.95
33115,3224.92
33116,3224.94
33117,3000.18
33118,2498.91
33119,2131.14
33120,2000.39
30337,1776.62
30338,1757.87
30339,2342.95
30340,2386.23
30341,1761.12
30342,1761.21
30343,1737.02
30344,1689.54
30345,1702.04
30346,1702.94
30347,1702.64
30348,1737.62
30349,1737.82
30350,1737.98
30351,1757.2
30352,1757.05
30353,1737.66
30354,1757.28
30355,2817.23
30356,2850.78
30357,1761.8
30358,2000.89
30359,2131.4
30360,2298.71
30361,2500.62
30362,2876.33
30363,3030.05
30364,3000.04
30365,1999.74
30366,1999.68
30367,1757.25
30368,1999.58
30369,2627.15
30370,2649.51
30371,2500.75
30372,2131.64
30373,2627.76
30374,2131.92
30375,2316.21
30376,2316.76
30377,2131.99
30378,2316.46
30379,2316.66
30380,2316.14
30381,1761.34
30382,1322.5
30383,1295.5
30384,1747.0
30385,2131.08
30386,2131.11
30387,2342.22
30388,2485.09
30389,2332.0
30390,2316.29
30391,2745.35
30392,2745.31
30393,1760.89
30394,1830.03
30395,2342.15
30396,2331.33
30397,3224.47
30398,3560.03
30399,3600.46
30400,3849.59
30401,3974.11
30402,3849.77
30403,3835.68
30404,3989.03
30405,3659.53
30406,3850.58
30407,3888.56
30408,4002.63
30409,4369.4
30410,3974.09
30411,3849.51
30412,3549.9
30413,3570.88
30414,3399.71
30415,2131.37
30416,3000.1
30417,3624.0
30418,3623.68
30419,3623.11
30420,3560.97
30421,3245.89
30422,3224.07
30423,3205.61
30424,3205.53
30425,2950.4
30426,3224.37
30427,3216.0
30428,3224.41
30429,3050.41
30430,3000.23
30431,2529.71
30432,2500.24
30433,2131.26
30434,2000.43
30435,2979.46
30436,2987.0
30437,2342.36
30438,2342.18
30439,2450.23
30440,2380.73
30441,2627.13
30442,2500.95
30443,2891.35
30444,2649.9
30445,2649.07
30446,2500.81
30447,2865.96
30448,2890.47
30449,2999.64
30450,3224.68
30451,3299.83
30452,3550.45
30453,3224.7
30454,3224.72
30455,3820.28
30456,3570.59
30457,3249.87
30458,3149.75
30459,3549.1
30460,3573.19
30461,3810.69
30462,3840.0
30463,3570.82
30464,3800.77
30465,3919.44
30466,3919.11
30467,4000.34
30468,3865.38
30469,3919.97
30470,3849.22
30471,3800.25
30472,3492.49
30473,3501.42
30474,3426.75
30475,3400.72
30476,3400.34
30477,3349.5
30478,3400.38
30479,3426.05
30480,3299.17
30481,2960.26
30482,2331.09
30483,2500.32
30484,2600.73
30485,2386.28
30486,2331.58
30487,2500.88
30488,2627.94
30489,2800.56
30490,3224.44
30491,3731.54
30492,3830.42
30493,3550.04
30494,3400.15
30495,3560.63
30496,3731.11
30497,3560.45
30498,3450.91
30499,3554.49
30500,3989.37
30501,4399.36
30502,4800.47
30503,4853.51
30504,5510.14
30505,4852.6
30506,4479.18
30507,4730.81
30508,4499.97
30509,4250.06
30510,4149.54
30511,4139.2
30512,4214.0
30513,3573.05
30514,3500.17
30515,3404.8
30516,3450.78
30517,3560.37
30518,3501.76
30519,3422.88
30520,3422.84
30521,3835.36
30522,3835.65
30523,3700.24
30524,3560.92
30525,3224.85
30526,2999.61
30527,2960.22
30528,2890.7
30529,1737.34
30530,1761.67
30531,2386.74
30532,2386.85
30533,2500.64
30534,2540.4
30535,2512.02
30536,2512.33
30537,2600.7
30538,2380.95
30539,2380.95
30540,2400.75
30541,2450.72
30542,2500.47
30543,2500.21
30544,2627.26
30545,2627.76
30546,2804.31
30547,3000.98
30548,3224.32
30549,3669.23
30550,3988.19
30551,3800.17
30552,3426.31
30553,2960.59
30554,3426.29
30555,3560.43
30556,3605.12
30557,3835.48
30558,3989.22
30559,4000.5
30560,4000.63
30561,4050.38
30562,4073.22
30563,4000.19
30564,3835.15
30565,3988.16
30566,3835.41
30567,4000.61
30568,3776.22
30569,3560.28
30570,3450.0
30571,3573.1
30572,3573.57
30573,3500.7
30574,3548.02
30575,3450.83
30576,3548.45
30577,2999.23
30578,2999.49
30579,2876.7
30580,2850.81
30581,2000.66
30582,2200.9
30583,2200.47
30584,2386.31
30585,2600.32
30586,2600.35
30587,2999.22
30588,3224.02
30589,3573.02
30590,3560.83
30591,3989.58
30592,4000.06
30593,3990.86
30594,3990.97
30595,4369.23
30596,5493.49
30597,5000.27
30598,6163.91
30599,6501.48
30600,10000.0
30601,5600.33
30602,5510.42
30603,4999.69
30604,4852.92
30605,4355.26
30606,3999.16
30607,3799.41
30608,3799.42
30609,3999.96
30610,4000.35
30611,3739.14
30612,3554.04
30613,3731.16
30614,3835.01
30615,3349.97
30616,3346.08
30617,3365.4
30618,3554.58
30619,3500.83
30620,3224.88
30621,2960.31
30622,2440.38
30623,2131.14
30624,2000.77
30625,3020.55
30626,3087.18
30627,3087.01
30628,3087.5
30629,2942.33
30630,2700.04
30631,2661.19
30632,2550.67
30633,2493.28
30634,2402.19
30635,2402.09
30636,2380.98
30637,2380.26
30638,2142.02
30639,2131.45
30640,2331.85
30641,2900.16
30642,2960.43
30643,3000.78
30644,3323.12
30645,3560.17
30646,3602.83
30647,3557.34
30648,3560.34
30649,3548.72
30650,3728.32
30651,4000.85
30652,4209.13
30653,4100.04
30654,4002.42
30655,4010.49
30656,4082.89
30657,4355.63
30658,4082.36
30659,4002.48
30660,4060.5
30661,3718.25
30662,3573.05
30663,3573.76
30664,3554.85
30665,3500.04
30666,3500.33
30667,3554.21
30668,3500.69
30669,3600.48
30670,3600.3
30671,3570.67
30672,3493.9
30673,3570.56
30674,3570.36
30675,3501.87
30676,3500.63
30677,2789.91
30678,2942.37
30679,2942.97
30680,2942.99
30681,3200.41
30682,3500.13
30683,3560.32
30684,3835.38
30685,3880.6
30686,3974.79
30687,4000.63
30688,4169.87
30689,4400.7
30690,5119.5
30691,5499.59
30692,6499.01
30693,6499.12
30694,6990.8
30695,10000.0
30696,10000.0
30697,10000.0
30698,10000.0
30699,7000.55
30700,6501.71
30701,5499.99
30702,4999.95
30703,5000.51
30704,4100.85
30705,4000.1
30706,3865.98
30707,3835.82
30708,3731.49
30709,3570.83
30710,3570.37
30711,3722.0
30712,3570.23
30713,3835.03
30714,3835.27
30715,3560.66
30716,3560.8
30717,3299.37
30718,3323.0
30719,3114.09
30720,3087.52
30721,2960.14
30722,2500.71
30723,2700.41
30724,2600.42
30725,2500.64
30726,2999.71
30727,3064.4
30728,2891.05
30729,2979.24
30730,2979.99
30731,2960.53
30732,2960.06
30733,2891.2
30734,2750.08
30735,2627.5
30736,2627.65
30737,2676.71
30738,2949.12
30739,3224.66
30740,3323.1
30741,3570.9
30742,3600.73
30743,3731.85
30744,3792.0
30745,3570.31
30746,3571.0
30747,4000.82
30748,4438.22
30749,4852.76
30750,4852.88
30751,4355.7
30752,4782.67
30753,4891.75
30754,4853.85
30755,4999.67
30756,4852.56
30757,4400.44
30758,5100.17
30759,5449.67
30760,4800.58
30761,4000.91
30762,4000.86
30763,4500.37
30764,4355.41
30765,4455.97
30766,4455.58
30767,4204.21
30768,4204.97
30769,3919.56
30770,3974.03
30771,3835.95
30772,3573.25
30773,3300.81
30774,3300.91
30775,3560.23
30776,3570.55
30777,3800.45
30778,3974.79
30779,4499.51
30780,4993.98
30781,5000.14
30782,5000.8
30783,5499.32
30784,5499.1
30785,6094.91
30786,8000.08
30787,9900.73
30788,10000.0
30789,10000.0
30790,10000.0
30791,10000.0
30792,10000.0
30793,10000.0
30794,10000.0
30795,10000.0
30796,10000.0
30797,5499.1
30798,4598.08
30799,3499.21
30800,3499.53
30801,3560.62
30802,3560.62
30803,3493.83
30804,3493.14
30805,3481.59
30806,3481.82
30807,3250.25
30808,3115.0
30809,3363.0
30810,3500.18
30811,3239.86
30812,3184.91
30813,3184.08
30814,3114.38
30815,3114.25
30816,3114.4
30817,3426.41
30818,3400.01
30819,3426.48
30820,3500.32
30821,3215.1
30822,3135.6
30823,3250.71
30824,3250.16
30825,3224.9
30826,3224.39
30827,3087.11
30828,3087.29
30829,2960.47
30830,2920.8
30831,3084.43
30832,3000.81
30833,3323.51
30834,3560.77
30835,3865.01
30836,3990.41
30837,4000.69
30838,3990.99
30839,3593.19
30840,3566.7
30841,3865.88
30842,3990.89
30843,4452.25
30844,4452.5
30845,4479.54
30846,4900.76
30847,5119.02
30848,5119.47
30849,4499.91
30850,4499.19
30851,4106.18
30852,4100.92
30853,4100.08
30854,4100.81
30855,4355.7
30856,4000.92
30857,4355.13
30858,4100.42
30859,4355.96
30860,4355.6
30861,4000.31
30862,4000.55
30863,3990.45
30864,3990.11
30865,3990.71
30866,3974.77
30867,3865.13
30868,3685.95
30869,3570.86
30870,3560.92
30871,3560.05
30872,3573.43
30873,4000.37
30874,4200.59
30875,4853.7
30876,4993.7
30877,5000.9
30878,5200.02
30879,5434.29
30880,5765.18
30881,5510.44
30882,5999.25
30883,7000.98
30884,9000.4
30885,10000.0
30886,10000.0
30887,10000.0
30888,10000.0
30889,10000.0
30890,10000.0
30891,10000.0
30892,10000.0
30893,5999.55
30894,5499.27
30895,4099.37
30896,3748.11
30897,4000.59
30898,4130.24
30899,4000.38
30900,3790.81
30901,3480.55
30902,3474.67
30903,3346.39
30904,3549.9
30905,3493.85
30906,3560.34
30907,3560.49
30908,3560.04
30909,3493.61
30910,3560.03
30911,3549.71
30912,3493.83
30913,3224.19
30914,3224.17
30915,3239.11
30916,3184.64
30917,3200.19
30918,3114.58
30919,3114.78
30920,3114.23
30921,3114.48
30922,3087.91
30923,3087.64
30924,3087.45
30925,3087.42
30926,3050.49
30927,3087.81
30928,3088.0
30929,3087.7
30930,3087.92
30931,3087.93
30932,3087.91
30933,3849.87
30934,3989.05
30935,3919.19
30936,3990.32
30937,3800.48
30938,3750.88
30939,3800.55
30940,3835.79
30941,3835.28
30942,3865.23
30943,3865.1
30944,4000.31
30945,3800.49
30946,3800.75
30947,4000.28
30948,4000.07
30949,4355.48
30950,4280.04
30951,4000.11
30952,3865.74
30953,3450.69
30954,3450.78
30955,3500.25
30956,3500.34
30957,3300.44
30958,3300.53
30959,3250.53
30960,2960.38
30961,3156.74
30962,3500.11
30963,3554.47
30964,3560.04
30965,3261.9
30966,3224.95
30967,3481.04
30968,3481.84
30969,3549.94
30970,3450.63
30971,3573.79
30972,3835.56
30973,4000.17
30974,3990.54
30975,3573.64
30976,3700.65
30977,3974.37
30978,4000.63
30979,4355.15
30980,4999.02
30981,4599.26
30982,5499.94
30983,8007.98
30984,10000.0
30985,5499.19
30986,4799.67
30987,4253.86
30988,4000.3
30989,3224.39
30990,3006.22
30991,1999.51
30992,2700.46
30993,4000.39
30994,4000.31
30995,3560.12
30996,3560.24
30997,3224.64
30998,3098.05
30999,3099.0
31000,2362.8
31001,3224.21
31002,3493.87
31003,3548.68
31004,3493.23
31005,2979.01
31006,2440.7
31007,1999.75
31008,1499.97
31009,1499.03
31010,1199.14
31011,2650.84
31012,2910.49
31013,1757.21
31014,1762.31
31015,1737.38
31016,1737.2
31017,1761.35
31018,1671.23
31019,1761.13
31020,1780.0
31021,2131.3
31022,2400.87
31023,2650.03
31024,2619.69
31025,2939.97
31026,2990.66
31027,3200.07
31028,3200.35
31029,3250.59
31030,3500.46
31031,3550.2
31032,3450.19
31033,3370.22
31034,3500.24
31035,3849.3
31036,4000.31
31037,4000.95
31038,4000.65
31039,4000.88
31040,4000.56
31041,4000.45
31042,4000.27
31043,4001.0
31044,4000.77
31045,4500.01
31046,4279.16
31047,4010.57
31048,4000.6
31049,3370.7
31050,3572.0
31051,3633.37
31052,3974.53
31053,4000.09
31054,4000.26
31055,4000.82
31056,3974.6
31057,3559.43
31058,3559.45
31059,3559.21
31060,3554.46
31061,2900.4
31062,3000.56
31063,3559.08
31064,3559.45
31065,3559.46
31066,3559.44
31067,3955.79
31068,4000.53
31069,3925.5
31070,3835.91
31071,3974.44
31072,4500.65
31073,5000.63
31074,5849.96
31075,7008.08
31076,10000.0
31077,9885.33
31078,10000.0
31079,10000.0
31080,10000.0
31081,10000.0
31082,10000.0
31083,10000.0
31084,6500.26
31085,4733.04
31086,3999.52
31087,2999.25
31088,2999.31
31089,3548.02
31090,3554.07
31091,3554.98
31092,3560.56
31093,3554.8
31094,3554.5
31095,2960.4
31096,2143.0
31097,2960.69
31098,2367.69
31099,2500.56
31100,2811.29
31101,3000.4
31102,2740.0
31103,2500.3
31104,2291.2
31105,2943.16
31106,2943.21
31107,2960.71
31108,2960.33
31109,2501.87
31110,2399.11
31111,1926.67
31112,1757.63
31113,2700.59
31114,2737.32
31115,1795.0
31116,2225.18
31117,2737.66
31118,2737.63
31119,2500.26
31120,2493.8
31121,2960.09
31122,3087.43
31123,3160.71
31124,3224.32
31125,3570.25
31126,3600.93
31127,3570.75
31128,3482.69
31129,3160.89
31130,3560.16
31131,4000.61
31132,4000.74
31133,4000.23
31134,4000.95
31135,3955.29
31136,4000.67
31137,4853.08
31138,4852.41
31139,4100.92
31140,4082.95
31141,4582.35
31142,4582.32
31143,3974.18
31144,3955.77
31145,3955.98
31146,3974.98
31147,4651.62
31148,4253.78
31149,4161.63
31150,4082.89
31151,4000.06
31152,4000.39
31153,3570.2
31154,3570.15
31155,3160.04
31156,3100.21
31157,1999.85
31158,2380.44
31159,3160.92
31160,3451.0
31161,3570.19
31162,3700.43
31163,3990.11
31164,3955.25
31165,4000.84
31166,4250.21
31167,4891.85
31168,5242.58
31169,5242.98
31170,7773.52
31171,8804.0
31172,9382.0
31173,10000.0
31174,10000.0
31175,10000.0
31176,10000.0
31177,10000.0
31178,10000.0
31179,10000.0
31180,9000.81
31181,5077.99
31182,4200.57
31183,5050.64
31184,4700.66
31185,4852.02
31186,4280.39
31187,4002.79
31188,3955.39
31189,3800.23
31190,3782.96
31191,3835.48
31192,3790.78
31193,3500.44
31194,3554.33
31195,3382.48
31196,3382.56
31197,3160.72
31198,3114.07
31199,3000.07
31200,2960.94
31201,3160.06
31202,3200.21
31203,3500.59
31204,3202.74
31205,3202.44
31206,3224.99
31207,3500.56
31208,3323.11
31209,3160.52
31210,3114.18
31211,3087.25
31212,3087.24
31213,3160.24
31214,3087.15
31215,3000.28
31216,3000.96
31217,3160.6
31218,3350.21
31219,3835.05
31220,3955.82
31221,4000.03
31222,4000.45
31223,3990.46
31224,4000.5
31225,3919.61
31226,3974.97
31227,4500.83
31228,5183.75
31229,4750.65
31230,4582.98
31231,5499.21
31232,6129.2
31233,5183.87
31234,4994.34
31235,5000.95
31236,4799.05
31237,5499.69
31238,5499.42
31239,6999.29
31240,6500.63
31241,5183.7
31242,5000.01
31243,4000.83
31244,3990.19
31245,3955.53
31246,3750.57
31247,3700.84
31248,3865.07
31249,3549.15
31250,3500.58
31251,3554.64
31252,3554.65
31253,3160.23
31254,3448.83
31255,3500.26
31256,3554.3
31257,3593.05
31258,4000.33
31259,3990.73
31260,4000.94
31261,4200.78
31262,4208.27
31263,4508.75
31264,4999.17
31265,4599.27
31266,5000.06
31267,6500.22
31268,9500.68
31269,10000.0
31270,10000.0
31271,10000.0
31272,10000.0
31273,10000.0
31274,10000.0
31275,10000.0
31276,7500.86
31277,6000.1
31278,5119.2
31279,4450.77
31280,4253.61
31281,4599.91
31282,4479.88
31283,4479.41
31284,4069.53
31285,4082.77
31286,4082.55
31287,4000.9
31288,3999.31
31289,3990.12
31290,4000.46
31291,4000.7
31292,4000.59
31293,3610.82
31294,3590.93
31295,3570.06
31296,3493.18
31297,3570.16
31298,3573.03
31299,4250.95
31300,4250.0
31301,3114.99
31302,3000.8
31303,3160.85
31304,3087.75
31305,3114.79
31306,3087.54
31307,2819.02
31308,2943.91
31309,3160.2
31310,3160.73
31311,3240.17
31312,3240.27
31313,3323.15
31314,3549.2
31315,3835.04
31316,3573.43
31317,3865.04
31318,3955.81
31319,4000.02
31320,4000.64
31321,4105.98
31322,4501.85
31323,5434.82
31324,6000.27
31325,7500.03
31326,7000.88
31327,6505.55
31328,7505.29
31329,7505.44
31330,7505.64
31331,9000.14
31332,7505.49
31333,7073.28
31334,7005.68
31335,5183.87
31336,5077.69
31337,3955.71
31338,4000.69
31339,4299.88
31340,4299.55
31341,4500.82
31342,4500.78
31343,4211.83
31344,3990.08
31345,3570.84
31346,3891.76
31347,3685.36
31348,3685.1
31349,3160.95
31350,3160.29
31351,3554.57
31352,3835.3
31353,3835.68
31354,3955.52
31355,4000.53
31356,4253.34
31357,4250.06
31358,4450.26
31359,4500.93
31360,4500.85
31361,4120.98
31362,4500.08
31363,5849.62
31364,6502.92
31365,10000.0
31366,10000.0
31367,10000.0
31368,10000.0
31369,10000.0
31370,10000.0
31371,10000.0
31372,7499.28
31373,4999.4
31374,4500.55
31375,3450.67
31376,3500.59
31377,3718.19
31378,3560.28
31379,3450.2
31380,2960.52
31381,3450.13
31382,3493.72
31383,3450.12
31384,3224.6
31385,3160.95
31386,3450.58
31387,3500.62
31388,3554.08
31389,3450.57
31390,3450.53
31391,3450.93
31392,3224.41
31393,3500.22
31394,3450.3
31395,3700.01
31396,3539.68
31397,2960.69
31398,2745.02
31399,2943.2
31400,2380.78
31401,2960.96
31402,2960.55
31403,3087.67
31404,3160.05
31405,3160.94
31406,3160.6
31407,3160.3
31408,3160.03
31409,3160.53
31410,3451.0
31411,3299.18
31412,3450.28
31413,3554.88
31414,3570.26
31415,3554.53
31416,3570.85
31417,3750.27
31418,4000.03
31419,3999.31
31420,4250.23
31421,4891.31
31422,4170.96
31423,4161.29
31424,4250.48
31425,4250.06
31426,4250.94
31427,4847.25
31428,4700.25
31429,4500.02
31430,4891.18
31431,5434.55
31432,5242.31
31433,4120.16
31434,4079.15
31435,4120.6
31436,3990.03
31437,3748.97
31438,3890.0
31439,3500.51
31440,3450.8
31441,3474.42
31442,3550.38
31443,3718.7
31444,3570.64
31445,3250.82
31446,3200.51
31447,3160.87
31448,3549.69
31449,3570.56
31450,3570.67
31451,3974.84
31452,4000.24
31453,3974.38
31454,3990.91
31455,4008.62
31456,4255.44
31457,3865.61
31458,4409.96
31459,4508.78
31460,6008.59
31461,6277.16
31462,10000.0
31463,10000.0
31464,10000.0
31465,10000.0
31466,10000.0
31467,6272.9
31468,5000.26
31469,2999.1
31470,2499.77
31471,1999.61
31472,1999.63
31473,3560.04
31474,3896.8
31475,3560.1
31476,3554.33
31477,3500.04
31478,3493.7
31479,3239.5
31480,3168.66
31481,2540.24
31482,3130.07
31483,3114.45
31484,3114.97
31485,3000.07
31486,3000.44
31487,2400.37
31488,2142.84
31489,1761.02
31490,1757.52
31491,2790.47
31492,2850.16
31493,1762.36
31494,2131.36
31495,2400.37
31496,2131.11
31497,2600.25
31498,2131.74
31499,1870.76
31500,1817.46
31501,2840.41
31502,2790.15
31503,3000.17
31504,2960.97
31505,2914.32
31506,3004.06
31507,3168.7
31508,3224.45
31509,3340.05
31510,3554.37
31511,3282.42
31512,3282.69
31513,3573.97
31514,3800.81
31515,3612.77
31516,3896.12
31517,4000.53
31518,4000.62
31519,3810.4
31520,4170.0
31521,4130.08
31522,4069.77
31523,3350.06
31524,3250.43
31525,4000.87
31526,4333.69
31527,4100.17
31528,4170.24
31529,3610.12
31530,3729.58
31531,3800.77
31532,3534.27
31533,3250.78
31534,3450.65
31535,3323.78
31536,3250.96
31537,3244.2
31538,3323.56
31539,2760.8
31540,2695.0
31541,2392.33
31542,1881.72
31543,1737.35
31544,2131.21
31545,3168.18
31546,3224.61
31547,3450.6
31548,3500.46
31549,3400.48
31550,3323.73
31551,3323.83
31552,3640.46
31553,3729.64
31554,4195.63
31555,4500.29
31556,4650.57
31557,4750.81
31558,6500.59
31559,6992.52
31560,9800.03
31561,5699.05
31562,5000.56
31563,3500.53
31564,3474.62
31565,3102.56
31566,3000.65
31567,2449.62
31568,2142.63
31569,3560.22
31570,3936.39
31571,3834.49
31572,3834.49
31573,3936.13
31574,3834.7
31575,3482.77
31576,3168.49
31577,3000.36
31578,3168.16
31579,3356.28
31580,3500.79
31581,3323.3
31582,3200.12
31583,3168.29
31584,2960.8
31585,2900.81
31586,2960.69
31587,3400.24
31588,3390.97
31589,2960.27
31590,2790.67
31591,2943.39
31592,3114.97
31593,2960.29
31594,2890.17
31595,2890.23
31596,2619.64
31597,2510.63
31598,2836.66
31599,2890.72
31600,2790.0
31601,2950.32
31602,3168.28
31603,3168.2
31604,3168.84
31605,3534.17
31606,3450.46
31607,3239.52
31608,3168.63
31609,3323.74
31610,3323.04
31611,3282.36
31612,3450.87
31613,3450.83
31614,3282.86
31615,3239.75
31616,3470.39
31617,3600.9
31618,3500.07
31619,3896.57
31620,3999.31
31621,4000.64
31622,3810.23
31623,3999.97
31624,3941.36
31625,4000.13
31626,3851.53
31627,3580.44
31628,3549.04
31629,3534.02
31630,3500.62
31631,3500.77
31632,3500.34
31633,3500.13
31634,3500.31
31635,3493.58
31636,3168.46
31637,3000.09
31638,3000.66
31639,3224.44
31640,3224.93
31641,3168.8
31642,3224.41
31643,3500.72
31644,3534.53
31645,3731.74
31646,3834.15
31647,3623.12
31648,3593.73
31649,3450.86
31650,3239.82
31651,3042.0
31652,3168.27
31653,3000.91
31654,3249.14
31655,3560.35
31656,3731.29
31657,3834.27
31658,3554.37
31659,3323.12
31660,2969.52
31661,2500.96
31662,2520.47
31663,1199.96
31664,1933.23
31665,3224.56
31666,3250.73
31667,3114.02
31668,3000.14
31669,3168.41
31670,3150.71
31671,2960.68
31672,2891.53
31673,2130.94
31674,2100.5
31675,2943.55
31676,3000.3
31677,2199.16
31678,1900.23
31679,1830.57
31680,1757.95
31681,1949.43
31682,1799.65
31683,2920.17
31684,2745.62
31685,1702.53
31686,1689.01
31687,1499.09
31688,1487.81
31689,1671.18
31690,1671.81
31691,1671.28
31692,1624.03
31693,1671.48
31694,1624.2
31695,1689.72
31696,1725.17
31697,1762.73
31698,2131.94
31699,1762.94
31700,2050.81
31701,1737.37
31702,1762.25
31703,2131.71
31704,3087.21
31705,1684.1
31706,1725.78
31707,2131.34
31708,3534.64
31709,3470.35
31710,3534.02
31711,1671.45
31712,1737.22
31713,2810.7
31714,3450.29
31715,3719.73
31716,3554.51
31717,3534.83
31718,3554.84
31719,3731.1
31720,3800.73
31721,4002.7
31722,3936.27
31723,3834.37
31724,3573.66
31725,3731.5
31726,3534.56
31727,2922.54
31728,2900.19
31729,3168.26
31730,3251.56
31731,3168.4
31732,2960.29
31733,2960.8
31734,3534.09
31735,3450.89
31736,3168.06
31737,3053.17
31738,3168.56
31739,2830.23
31740,3168.95
31741,3168.68
31742,3200.06
31743,2891.26
31744,2149.03
31745,1199.94
31746,2142.86
31747,3936.53
31748,4195.9
31749,5234.85
31750,5500.75
31751,6504.95
31752,8507.13
31753,3803.62
31754,3156.28
31755,3750.01
31756,3450.55
31757,4002.7
31758,3936.28
31759,3102.76
31760,3102.92
31761,3450.12
31762,3150.62
31763,3168.3
31764,3102.32
31765,2960.91
31766,2960.36
31767,2960.88
31768,2800.46
31769,2603.88
31770,2960.14
31771,2960.84
31772,2438.58
31773,2890.41
31774,2500.23
31775,1699.87
31776,1699.13
31777,1520.12
31778,1737.36
31779,2600.82
31780,2960.22
31781,1929.2
31782,1826.93
31783,2131.08
31784,1761.21
31785,1702.0
31786,1702.4
31787,1737.97
31788,1725.86
31789,1702.89
31790,1702.29
31791,1737.59
31792,1761.15
31793,2131.33
31794,2493.27
31795,2131.71
31796,2000.41
31797,2512.5
31798,3114.75
31799,3000.4
31800,3114.26
31801,1853.44
31802,2439.0
31803,3168.13
31804,3301.26
31805,3200.79
31806,3450.14
31807,3200.25
31808,3168.93
31809,3168.03
31810,3094.27
31811,3168.94
31812,3500.52
31813,3988.64
31814,4000.06
31815,3810.33
31816,3440.08
31817,3168.47
31818,3160.15
31819,3203.87
31820,3299.17
31821,3102.38
31822,3102.23
31823,3224.18
31824,3000.92
31825,2380.31
31826,2142.83
31827,3070.23
31828,3000.8
31829,1762.81
31830,1933.08
31831,1757.74
31832,1762.69
31833,2380.53
31834,3299.82
31835,3020.9
31836,3200.89
31837,3087.79
31838,3130.92
31839,3323.79
31840,3450.73
31841,3379.5
31842,3896.16
31843,3731.75
31844,4002.76
31845,4000.72
31846,4549.54
31847,4333.74
31848,5000.31
31849,4002.5
31850,3869.22
31851,3750.03
31852,3474.54
31853,4511.57
31854,4200.53
31855,3474.33
31856,3418.29
31857,3332.18
31858,3554.11
31859,3554.33
31860,3482.12
31861,3206.71
31862,3226.72
31863,3200.37
31864,3168.75
31865,2540.76
31866,3087.56
31867,2979.08
31868,2984.19
31869,3087.01
31870,3000.26
31871,2790.98
31872,2490.39
31873,2200.35
31874,2790.36
31875,3050.33
31876,2960.5
31877,2131.0
31878,2131.56
31879,1837.62
31880,1799.26
31881,2000.87
31882,2372.5
31883,2737.08
31884,2737.57
31885,2201.0
31886,2260.83
31887,2790.56
31888,2680.76
31889,2577.5
31890,2800.88
31891,2648.37
31892,2650.19
31893,2960.1
31894,3168.23
31895,3202.76
31896,3205.63
31897,2600.33
31898,3168.01
31899,3834.12
31900,4000.34
31901,4000.08
31902,3936.35
31903,3936.87
31904,3950.35
31905,3750.24
31906,3727.77
31907,3834.08
31908,3800.24
31909,4195.39
31910,4195.61
31911,4100.94
31912,3969.28
31913,4000.28
31914,4000.11
31915,3731.14
31916,3620.99
31917,3323.35
31918,3450.1
31919,2960.43
31920,2760.79
31921,2960.27
31922,2960.44
31923,2142.84
31924,2550.33
31925,1830.99
31926,1813.77
31927,2619.52
31928,2960.18
31929,3224.66
31930,3450.74
31931,3573.37
31932,3534.67
31933,3224.51
31934,3168.67
31935,3239.67
31936,3224.82
31937,3450.46
31938,3810.89
31939,4002.93
31940,4999.92
31941,4999.95
31942,5500.88
31943,9501.6
31944,10000.0
31945,8008.67
31946,7008.44
31947,5150.59
31948,4700.16
31949,4000.96
31950,3685.22
31951,3346.46
31952,3346.4
31953,3493.68
31954,3795.33
31955,3690.0
31956,3560.06
31957,3168.71
31958,3168.59
31959,3168.32
31960,3000.57
31961,2960.66
31962,3107.8
31963,3000.37
31964,3000.89
31965,2890.61
31966,2890.01
31967,2891.11
31968,2500.71
31969,2380.91
31970,2440.38
31971,3087.66
31972,3087.3
31973,3075.6
31974,2960.56
31975,2300.61
31976,1999.16
31977,2030.96
31978,1968.0
31979,1979.62
31980,1853.61
31981,2032.0
31982,2000.72
31983,1933.35
31984,2000.41
31985,2000.67
31986,2380.47
31987,2500.85
31988,2943.02
31989,2943.49
31990,3026.52
31991,3209.11
31992,3168.38
31993,2790.29
31994,2943.82
31995,3450.33
31996,3936.32
31997,3560.61
31998,3560.88
31999,3554.14
32000,3999.9
32001,3610.95
32002,4002.75
32003,3896.9
32004,3549.1
32005,2960.69
32006,2647.01
32007,2502.43
32008,1952.8
32009,2608.82
32010,3168.19
32011,3450.85
32012,3200.53
32013,2297.93
32014,2955.3
32015,2018.98
32016,1813.5
32017,1830.56
32018,2000.67
32019,1960.45
32020,2142.06
32021,1530.42
32022,1530.06
32023,1830.14
32024,2800.53
32025,2960.7
32026,3168.47
32027,2493.22
32028,2493.79
32029,2891.94
32030,3168.91
32031,3168.11
32032,3200.65
32033,3224.61
32034,3250.99
32035,3400.72
32036,3810.46
32037,4258.61
32038,5000.95
32039,6499.39
32040,9501.27
32041,5500.23
32042,5519.65
32043,4956.59
32044,4170.07
32045,3910.84
32046,3250.93
32047,3356.96
32048,3450.01
32049,3501.76
32050,3501.69
32051,3554.61
32052,3539.39
32053,2999.99
32054,2250.94
32055,1999.2
32056,1877.85
32057,2400.36
32058,3050.62
32059,3000.85
32060,2970.26
32061,2650.01
32062,2280.36
32063,2142.53
32064,1762.02
1057,2300.02
1058,2800.05
1059,2960.01
1060,2500.35
1061,1677.12
1062,1737.6
1063,1737.39
1064,1762.67
1065,2131.67
1066,2250.89
1067,2600.88
1068,2286.52
1069,1877.5
1070,1757.92
1071,1761.12
1072,1761.79
1073,2493.02
1074,2850.39
1075,2943.46
1076,3168.17
1077,2960.91
1078,3224.54
1079,3450.05
1080,3446.5
1081,3087.81
1082,3253.9
1083,3950.47
1084,4170.07
1085,4002.4
1086,4000.32
1087,3854.68
1088,4060.19
1089,4195.84
1090,4249.84
1091,4457.82
1092,4258.22
1093,4170.29
1094,4002.52
1095,3450.33
1096,3170.1
1097,3450.78
1098,3155.58
1099,3450.1
1100,2960.47
1101,3731.77
1102,3941.13
1103,3731.89
1104,3450.79
1105,3455.45
1106,3518.03
1107,3325.03
1108,3224.25
1109,2224.03
1110,2197.04
1111,1881.73
1112,1853.97
1113,1702.51
1114,1762.43
1115,2985.59
1116,3274.88
1117,3325.51
1118,3224.61
1119,3130.19
1120,3224.44
1121,3000.05
1122,2208.88
1123,1699.75
1124,2500.82
1125,3720.82
1126,4511.96
1127,5000.71
1128,5500.63
1129,5750.9
1130,4998.74
1131,5004.91
1132,4381.46
1133,3559.39
1134,3250.09
1135,2987.42
1136,2950.66
1137,4002.22
1138,4161.69
1139,3941.57
1140,3727.8
1141,3493.57
1142,3493.77
1143,3087.61
1144,3000.64
1145,2891.89
1146,2943.09
1147,3087.54
1148,3087.15
1149,2800.79
1150,2700.44
1151,2737.54
1152,2737.62
4033,2500.04
4034,2380.77
4035,3121.0
4036,2950.28
4037,2049.11
4038,1761.57
4039,1725.84
4040,1690.0
4041,1856.4
4042,2215.85
4043,2493.6
4044,2300.22
4045,2215.68
4046,2131.04
4047,1761.67
4048,1761.35
4049,1932.53
4050,2131.45
4051,2493.7
4052,2840.48
4053,3087.68
4054,3224.97
4055,3210.42
4056,3168.18
4057,3168.54
4058,3202.54
4059,3534.21
4060,3936.82
4061,3896.79
4062,3700.95
4063,3560.59
4064,4000.42
4065,4000.36
4066,3927.03
4067,3750.78
4068,3719.83
4069,4000.34
4070,4002.36
4071,3941.56
4072,3997.27
4073,3932.49
4074,3834.06
4075,3208.67
4076,3112.33
4077,2650.29
4078,2650.81
4079,2500.18
4080,2380.41
4081,3325.8
4082,3224.2
4083,2499.51
4084,2200.61
4085,1478.3
4086,1478.32
4087,989.98
4088,1614.2
4089,2940.8
4090,3224.85
4091,3200.13
4092,3100.9
4093,3224.36
4094,3200.18
4095,3200.53
4096,3200.4
4097,3450.14
4098,3834.98
4099,4000.08
4100,4511.51
4101,5001.0
4102,5500.7
4103,10000.0
4104,10000.0
4105,6990.16
4106,6990.05
4107,5493.47
4108,4222.43
4109,3721.34
4110,3700.37
4111,4000.22
4112,4000.92
4113,4002.86
4114,4000.85
4115,3896.71
4116,3570.22
4117,3224.54
4118,3200.55
4119,2400.85
4120,2224.92
4121,2224.59
4122,2943.88
4123,3224.12
4124,3019.15
4125,3075.89
4126,3050.58
4127,2943.82
4128,2450.72
6721,2380.59
6722,2142.96
6723,2890.27
6724,2648.1
6725,2490.3
6726,2380.18
6727,2000.85
6728,1877.05
6729,1762.4
6730,2131.11
6731,2000.92
6732,2000.94
6733,2131.28
6734,2131.91
6735,2215.42
6736,2215.43
6737,2939.8
6738,3224.15
6739,3050.17
6740,3012.4
6741,3165.5
6742,3410.07
6743,3500.35
6744,3482.04
6745,3450.53
6746,3482.67
6747,3474.74
6748,3549.67
6749,3450.88
6750,3474.18
6751,3239.17
6752,3482.02
6753,3936.15
6754,4050.19
6755,3896.31
6756,3560.93
6757,3450.76
6758,3510.69
6759,3746.0
6760,3450.93
6761,3450.34
6762,3450.66
6763,3450.88
6764,3450.63
6765,2950.61
6766,2950.47
6767,3224.58
6768,3224.3
6769,2950.81
6770,2950.38
6771,3003.98
6772,2599.82
6773,1881.73
6774,1847.46
6775,2399.73
6776,2500.52
6777,3075.36
6778,3325.44
6779,3109.0
6780,3075.49
6781,2133.92
6782,2891.19
6783,1999.22
6784,2010.13
6785,2950.24
6786,3000.44
6787,2950.21
6788,3224.14
6789,3250.49
6790,3941.27
6791,3988.62
6792,3621.0
6793,3941.46
6794,3864.09
6795,3450.78
6796,3127.79
6797,3138.46
6798,3450.14
6799,3325.15
6800,3450.85
6801,3729.35
6802,3834.69
6803,3936.41
6804,3731.73
6805,3554.25
6806,3168.3
6807,3073.17
6808,2771.06
6809,2650.62
6810,3114.62
6811,3014.75
6812,2600.43
6813,2500.06
6814,2224.52
6815,2300.55
6816,1990.34
9697,2100.18
9698,2100.02
9699,2737.17
9700,2493.18
9701,1624.88
9702,1499.82
9703,1689.17
9704,1762.49
9705,1761.65
9706,1762.4
9707,1762.13
9708,1762.51
9709,1920.36
9710,2000.87
9711,1757.73
9712,1761.08
9713,1847.58
9714,3075.12
9715,2131.19
9716,1800.63
9717,2020.39
9718,1914.32
9719,2950.68
9720,3012.25
9721,2810.55
9722,2066.0
9723,2950.63
9724,3450.74
9725,3805.3
9726,3941.58
9727,4002.63
9728,4333.94
9729,5000.68
9730,5119.4
9731,4558.21
9732,5000.15
9733,5000.93
9734,5000.86
9735,4000.82
9736,3620.63
9737,3311.12
9738,3618.33
9739,3451.0
9740,3356.46
9741,3325.76
9742,3444.0
9743,3224.74
9744,3061.09
9745,3087.69
9746,3114.92
9747,3224.31
9748,3087.87
9749,1933.59
9750,1933.67
9751,1896.39
9752,1999.53
9753,3224.06
9754,3554.51
9755,3554.07
9756,3450.74
9757,3000.1
9758,3061.42
9759,2950.03
9760,2922.21
9761,3620.54
9762,3554.18
9763,3450.6
9764,4000.47
9765,4010.68
9766,4599.99
9767,4499.29
9768,4710.98
9769,3941.65
9770,4010.99
9771,3941.09
9772,3620.32
9773,3450.73
9774,3450.12
9775,3405.28
9776,3450.24
9777,3800.95
9778,3800.78
9779,3860.28
9780,3560.69
9781,3539.37
9782,3549.16
9783,3376.34
9784,3258.83
9785,2953.89
9786,3000.45
9787,3000.64
9788,2999.92
9789,2898.06
9790,2501.84
9791,2500.77
9792,2400.16
12577,2131.89
12578,2131.76
12579,2900.74
12580,2960.23
12581,1896.36
12582,1896.21
12583,1851.71
12584,1830.84
12585,1762.51
12586,1800.53
12587,1825.51
12588,1999.66
12589,2131.07
12590,1896.52
12591,1762.14
12592,1762.59
12593,1853.46
12594,1896.03
12595,1896.64
12596,2200.52
12597,2131.86
12598,2316.32
12599,2999.06
12600,3000.93
12601,3224.02
12602,2960.76
12603,3834.17
12604,4000.49
12605,4499.83
12606,4258.65
12607,4000.13
12608,4002.21
12609,4599.98
12610,5000.79
12611,4503.38
12612,4416.89
12613,4500.24
12614,4422.6
12615,3226.24
12616,3318.09
12617,3224.0
12618,3435.0
12619,3780.14
12620,3834.5
12621,3087.31
12622,2999.33
12623,3000.95
12624,3008.5
12625,3201.63
12626,3450.71
12627,3114.59
12628,2922.3
12629,1896.67
12630,2000.86
12631,1933.59
12632,1979.73
12633,2943.83
12634,3087.14
12635,2950.3
12636,2922.56
12637,3087.14
12638,3087.46
12639,3450.01
12640,3450.67
12641,3450.49
12642,3450.56
12643,3780.96
12644,3800.6
12645,3800.09
12646,4258.15
12647,5499.86
12648,5000.37
12649,4200.06
12650,4300.01
12651,4500.38
12652,3957.67
12653,3718.99
12654,4000.3
12655,4000.35
12656,4000.1
12657,3718.28
12658,3896.79
12659,3450.66
12660,3325.39
12661,3197.63
12662,3196.33
12663,3117.1
12664,2950.55
12665,3168.5
12666,3168.29
12667,2950.93
12668,2908.01
12669,2441.27
12670,2228.9
12671,1897.09
12672,1871.75
15553,1757.01
15554,1757.31
15555,2046.53
15556,2500.08
15557,1761.12
15558,1737.55
15559,1689.44
15560,1608.5
15561,1612.62
15562,1578.63
15563,1578.77
15564,1689.14
15565,1624.84
15566,1624.09
15567,1900.63
15568,1900.29
15569,2050.69
15570,2050.55
15571,2050.1
15572,2021.63
15573,2214.55
15574,2950.25
15575,3168.89
15576,3450.84
15577,3224.36
15578,3242.06
15579,3554.95
15580,3800.45
15581,4181.14
15582,4500.34
15583,5499.51
15584,5565.5
15585,7000.96
15586,7000.3
15587,5500.92
15588,5499.67
15589,5034.86
15590,5000.2
15591,4499.58
15592,3969.56
15593,3750.46
15594,3750.09
15595,3750.3
15596,3450.89
15597,3295.44
15598,3356.82
15599,3450.26
15600,3450.61
15601,3102.91
15602,3168.73
15603,3224.9
15604,3371.13
15605,2926.4
15606,2910.24
15607,2999.65
15608,3102.97
15609,2950.52
15610,3041.72
15611,3155.41
15612,3224.44
15613,3240.23
15614,3224.62
15615,3450.85
15616,3325.44
15617,3519.85
15618,3936.37
15619,4416.08
15620,5000.16
15621,7000.76
15622,10000.0
15623,10000.0
15624,10000.0
15625,10000.0
15626,10000.0
15627,10000.0
15628,10000.0
15629,4999.41
15630,4766.52
15631,3936.16
15632,3499.65
15633,3727.28
15634,3727.46
15635,3727.56
15636,3718.57
15637,3325.17
15638,3168.81
15639,2950.94
15640,2899.93
15641,3833.75
15642,3729.52
15643,3224.99
15644,3087.93
15645,2950.29
15646,2880.33
15647,2800.45
15648,2101.87
18433,2041.31
18434,2020.24
18435,2950.24
18436,2580.05
18437,2131.42
18438,2101.3
18439,2101.04
18440,2131.21
18441,1761.02
18442,1757.49
18443,1993.6
18444,1999.92
18445,1999.48
18446,1920.33
18447,2018.4
18448,2018.34
18449,2131.78
18450,2880.1
18451,2751.89
18452,2811.88
18453,3450.59
18454,3729.53
18455,3224.95
18456,3402.32
18457,3023.28
18458,3450.21
18459,3500.96
18460,3800.34
18461,4530.86
18462,5000.75
18463,5001.18
18464,5600.05
18465,5500.06
18466,5500.87
18467,5008.87
18468,5000.0
18469,4200.06
18470,4110.61
18471,4195.13
18472,3999.19
18473,3236.75
18474,3217.68
18475,3554.98
18476,3936.12
18477,4000.73
18478,3999.06
18479,3936.14
18480,3718.39
18481,3255.73
18482,3250.63
18483,3185.57
18484,3185.46
18485,2200.54
18486,2500.87
18487,2515.93
18488,3075.69
18489,3271.98
18490,3810.97
18491,2996.03
18492,3171.89
18493,3380.9
18494,4000.02
18495,3200.62
18496,3100.28
18497,4000.07
18498,4599.05
18499,4599.02
18500,5499.37
18501,6504.97
18502,10000.0
18503,10000.0
18504,10000.0
18505,10000.0
18506,10000.0
18507,5699.51
18508,4297.83
18509,5000.05
18510,5183.77
18511,4026.75
18512,4000.55
18513,4000.36
18514,4000.41
18515,3522.54
18516,3250.82
18517,3075.17
18518,2950.92
18519,2950.24
18520,2950.76
18521,3100.32
18522,3100.88
18523,3039.68
18524,2999.01
18525,2559.24
18526,2377.65
18527,1999.83
18528,2049.19
21409,2670.79
21410,2880.37
21411,3969.01
21412,3493.64
21413,3560.44
21414,3075.91
21415,2850.21
21416,2500.77
21417,2105.51
21418,2056.7
21419,2105.23
21420,2105.15
21421,2001.12
21422,2105.46
21423,2105.82
21424,2110.85
21425,2499.63
21426,2880.8
21427,2922.99
21428,2901.96
21429,3087.93
21430,3291.91
21431,3291.5
21432,3291.98
21433,3291.79
21434,3662.67
21435,4089.43
21436,4130.61
21437,4457.3
21438,5002.41
21439,5500.55
21440,8000.02
21441,8200.24
21442,8200.41
21443,6200.42
21444,5000.97
21445,5000.23
21446,4636.83
21447,4319.41
21448,4198.22
21449,4000.01
21450,3957.37
21451,3616.74
21452,3450.02
21453,3474.02
21454,3580.6
21455,3616.12
21456,3500.68
21457,3255.5
21458,3417.81
21459,3371.21
21460,3291.91
21461,2499.47
21462,2499.46
21463,2900.34
21464,2752.91
21465,3087.14
21466,3291.69
21467,3239.27
21468,3356.81
21469,3450.76
21470,3600.9
21471,4000.81
21472,4228.85
21473,4026.34
21474,4000.93
21475,3969.71
21476,5000.81
21477,6990.59
21478,10000.0
21479,10000.0
21480,10000.0
21481,10000.0
21482,10000.0
21483,9999.62
21484,6508.59
21485,4250.53
21486,4500.28
21487,5268.77
21488,4599.42
21489,4499.63
21490,4457.44
21491,3957.16
21492,3547.95
21493,3600.03
21494,3727.98
21495,3810.37
21496,3600.12
21497,3718.87
21498,3560.5
21499,3356.39
21500,3291.57
21501,3050.34
21502,3138.85
21503,3072.59
21504,2950.94
24385,2800.23
24386,2891.49
24387,3325.47
24388,3204.88
24389,3000.22
24390,3087.7
24391,3493.55
24392,3325.23
24393,3107.16
24394,3087.06
24395,2700.81
24396,2560.0
24397,2314.33
24398,2380.22
24399,2600.41
24400,2600.99
24401,3075.33
24402,3300.79
24403,3291.93
24404,3547.74
24405,3718.83
24406,3969.52
24407,3616.86
24408,3999.16
24409,3685.95
24410,3969.55
24411,4700.64
24412,5000.9
24413,7018.58
24414,8000.29
24415,8500.77
24416,8500.81
24417,8500.64
24418,8500.24
24419,4844.82
24420,4651.98
24421,4723.56
24422,4991.43
24423,4844.65
24424,4382.16
24425,3957.84
24426,3616.19
24427,3776.3
24428,3600.94
24429,3434.04
24430,3430.14
24431,3215.68
24432,3172.78
24433,3000.29
24434,3049.42
24435,3293.6
24436,3293.03
24437,2950.39
24438,2550.65
24439,2999.59
24440,2752.27
24441,3039.38
24442,3039.99
24443,4599.85
24444,5000.57
24445,3969.98
24446,3969.43
24447,3547.78
24448,3600.59
24449,5002.63
24450,5183.85
24451,5782.42
24452,9800.18
24453,10000.0
24454,10000.0
24455,10000.0
24456,10000.0
24457,10000.0
24458,10000.0
24459,10000.0
24460,7500.71
24461,5999.01
24462,6149.23
24463,5268.56
24464,4999.65
24465,5183.8
24466,5183.92
24467,4599.95
24468,4403.03
24469,3776.09
24470,3747.93
24471,3969.02
24472,3969.3
24473,3291.74
24474,3291.04
24475,3325.35
24476,3547.55
24477,3969.58
24478,3729.96
24479,3325.02
24480,3239.52
27265,3325.66
27266,3114.39
27267,3075.05
27268,2943.29
27269,3300.39
27270,3584.0
27271,3325.7
27272,3239.94
27273,2999.79
27274,2880.75
27275,3069.0
27276,3000.13
27277,2999.76
27278,3027.04
27279,2891.95
27280,2922.88
27281,3075.51
27282,3863.0
27283,4000.65
27284,3947.0
27285,3500.18
27286,3662.91
27287,4075.32
27288,4194.82
27289,3450.44
27290,3450.63
27291,3751.28
27292,4000.28
27293,4000.34
27294,4231.61
27295,4599.31
27296,5769.28
27297,5001.97
27298,4500.68
27299,4000.69
27300,3969.97
27301,3999.04
27302,3860.13
27303,3810.09
27304,3450.9
27305,3450.54
27306,3450.8
27307,3291.44
27308,3328.29
27309,3291.4
27310,3291.61
27311,3200.33
27312,3138.15
27313,3200.28
27314,3282.62
27315,3279.83
27316,3075.77
27317,2499.75
27318,2499.55
27319,2800.53
27320,2800.86
27321,2887.95
27322,2999.24
27323,3200.64
27324,3274.86
27325,3200.07
27326,3150.62
27327,3450.16
27328,3500.76
27329,3600.35
27330,4102.02
27331,4500.43
27332,5339.83
27333,4499.42
27334,4743.96
27335,4364.0
27336,4529.91
27337,4130.61
27338,4530.31
27339,3890.25
27340,3155.33
27341,3616.16
27342,4119.18
27343,4089.32
27344,4034.13
27345,4124.74
27346,4000.7
27347,3539.02
27348,3482.75
27349,3075.52
27350,3075.95
27351,3291.93
27352,3291.51
27353,3547.48
27354,3969.98
27355,3729.11
27356,3450.92
27357,3255.79
27358,3114.35
27359,3138.61
27360,3087.03
30241,2891.46
30242,2790.35
30243,2790.03
30244,2790.92
30245,2737.13
30246,2402.35
30247,1830.46
30248,1813.21
30249,1920.91
30250,2010.71
30251,1745.3
30252,1745.26
30253,1745.27
30254,1745.67
30255,1745.49
30256,1811.6
30257,2105.15
30258,2811.62
30259,3059.17
30260,3250.81
30261,3300.06
30262,3291.48
30263,3325.61
30264,3325.85
30265,2999.62
30266,3252.11
30267,4000.79
30268,4499.58
30269,5000.89
30270,5500.48
30271,5500.25
30272,6002.38
30273,6999.63
30274,6999.71
30275,5503.44
30276,5000.68
30277,5049.9
30278,5000.94
30279,5049.94
30280,4750.4
30281,4000.17
30282,3860.85
30283,3417.06
30284,3417.39
30285,3500.78
30286,3450.75
30287,3451.0
30288,3356.18
30289,3000.32
30290,3255.64
30291,3450.83
30292,3504.24
30293,3114.59
30294,3061.76
30295,2961.83
30296,2961.9
30297,3325.66
30298,3810.29
30299,4000.48
30300,4029.67
30301,4999.5
30302,4000.46
30303,4250.88
30304,4999.55
30305,4486.16
30306,5000.23
30307,5000.07
30308,6990.54
30309,10000.0
30310,10000.0
30311,10000.0
30312,10000.0
30313,10000.0
30314,10000.0
30315,10000.0
30316,10000.0
30317,10000.0
30318,10000.0
30319,6999.21
30320,5500.77
30321,5601.0
30322,4550.69
30323,4050.37
30324,3969.85
30325,3504.53
30326,3505.1
30327,3450.22
30328,3155.61
30329,3560.14
30330,3700.6
30331,3560.44
30332,3560.53
30333,3560.92
30334,3547.95
30335,3547.17
30336,3430.53
33121,3220.0
33122,3272.4
33123,3496.83
33124,3501.67
33125,3239.61
33126,3020.77
33127,3239.25
33128,3039.87
33129,3075.97
33130,3291.08
33131,3039.49
33132,2999.6
33133,2887.26
33134,2811.04
33135,2887.84
33136,2914.75
33137,3325.74
33138,3291.93
33139,3450.21
33140,3570.3
33141,3547.14
33142,3450.58
33143,3500.22
33144,3583.35
33145,4000.95
33146,4110.65
33147,6000.19
33148,6000.68
33149,6990.49
33150,8500.58
33151,10000.0
33152,10000.0
33153,10000.0
33154,10000.0
33155,10000.0
33156,10000.0
33157,7000.65
33158,5500.68
33159,5779.84
33160,5000.79
33161,4110.37
33162,3685.15
33163,3750.28
33164,4110.78
33165,4110.2
33166,4089.5
33167,3604.02
33168,3500.32
33169,3507.28
33170,3547.32
33171,3860.73
33172,3560.02
33173,2950.97
33174,3114.7
33175,3239.47
33176,3291.9
33177,3420.57
33178,3450.54
33179,3802.92
33180,3860.67
33181,3650.02
33182,3905.49
33183,4110.9
33184,4405.44
33185,4399.5
33186,5499.7
33187,6005.87
33188,7000.36
33189,10000.0
33190,10000.0
33191,10000.0
33192,10000.0
33193,10000.0
33194,10000.0
33195,10000.0
33196,10000.0
33197,10000.0
33198,10000.0
33199,10000.0
33200,6005.13
33201,5499.75
33202,4839.92
33203,4030.35
33204,3910.88
33205,3450.26
33206,3417.98
33207,3450.36
33208,3450.97
33209,3493.04
33210,3547.74
33211,3547.29
33212,3501.43
33213,3325.44
33214,3249.23
33215,3291.68
33216,3099.36
33217,3110.47
33218,3249.1
33219,3350.2
33220,3232.5
33221,2800.76
33222,2350.43
33223,1706.7
33224,2000.54
33225,2260.63
33226,2416.34
33227,2608.99
33228,2767.73
33229,2791.96
33230,2608.81
33231,2810.88
33232,2800.53
33233,3249.59
33234,3293.01
33235,3249.55
33236,3272.73
33237,3450.91
33238,3583.13
33239,3583.53
33240,3609.8
33241,3999.41
33242,4089.72
33243,4373.93
33244,5500.08
33245,8001.4
33246,10000.0
33247,10000.0
33248,10000.0
33249,10000.0
33250,10000.0
33251,10000.0
33252,9998.27
33253,10000.0
33254,10000.0
33255,5999.8
33256,5005.5
33257,5000.23
33258,4999.17
33259,4000.71
33260,3969.25
33261,3969.38
33262,4000.16
33263,3999.35
33264,3694.74
33265,3760.3
33266,4000.28
33267,4000.75
33268,4026.12
33269,3194.26
33270,3291.5
33271,3239.62
33272,3291.5
33273,3602.73
33274,4000.09
33275,3969.53
33276,4026.88
33277,4000.56
33278,4405.84
33279,4417.1
33280,5030.56
33281,6500.08
33282,8327.31
33283,10000.0
33284,10000.0
33285,10000.0
33286,10000.0
33287,10000.0
33288,10000.0
33289,10000.0
33290,10000.0
33291,10000.0
33292,10000.0
33293,10000.0
33294,10000.0
33295,10000.0
33296,10000.0
33297,5789.54
33298,5209.1
33299,4499.3
33300,4110.04
33301,3602.39
33302,3602.58
33303,3539.94
33304,3538.94
33305,3547.41
33306,3720.0
33307,3700.5
33308,3500.77
33309,3206.24
33310,3087.48
33311,3114.31
33312,3087.66
33313,2999.35
33314,3087.19
33315,3450.87
33316,3450.73
33317,3114.03
33318,3087.98
33319,3239.86
33320,3249.89
33321,3087.26
33322,3075.9
33323,3087.11
33324,3000.55
33325,2999.37
33326,3000.53
33327,3087.8
33328,3202.18
33329,2950.03
33330,2950.97
33331,3114.97
33332,3249.31
33333,3249.71
33334,3250.39
33335,3583.79
33336,4000.06
33337,4000.59
33338,4508.25
33339,5499.6
33340,6000.35
33341,10000.0
33342,10000.0
33343,10000.0
33344,10000.0
33345,10000.0
33346,10000.0
33347,7819.0
33348,6500.41
33349,5999.99
33350,6000.62
33351,5400.78
33352,4750.68
33353,4750.03
33354,4750.52
33355,4935.05
33356,4750.69
33357,4499.79
33358,4194.34
33359,3999.71
33360,3685.57
33361,3776.97
33362,4000.97
33363,3999.87
33364,3776.06
33365,3000.25
33366,3000.26
33367,3249.05
33368,3325.26
33369,3249.2
33370,3451.0
33371,3750.44
33372,4228.58
33373,4228.25
33374,4499.96
33375,5000.32
33376,5999.91
33377,5499.7
33378,7500.57
33379,10000.0
33380,10000.0
33381,10000.0
33382,10000.0
33383,10000.0
33384,10000.0
33385,10000.0
33386,10000.0
33387,10000.0
33388,10000.0
33389,10000.0
33390,10000.0
33391,10000.0
33392,6001.0
33393,5510.23
33394,5499.81
33395,5510.48
33396,4569.56
33397,4194.26
33398,4000.63
33399,3499.2
33400,3450.35
33401,3408.67
33402,3718.89
33403,4000.26
33404,3727.71
33405,3547.75
33406,3547.21
33407,3320.88
33408,3275.75
33409,2840.72
33410,3050.41
33411,3560.15
33412,3325.95
33413,3202.39
33414,3114.96
33415,3075.18
33416,3093.96
33417,3087.55
33418,3020.94
33419,2999.91
33420,2950.53
33421,2690.9
33422,2580.54
33423,2780.01
33424,2610.65
33425,2950.57
33426,3291.47
33427,3450.89
33428,3541.0
33429,3547.65
33430,3510.87
33431,3560.25
33432,3388.48
33433,3760.66
33434,4026.1
33435,4350.67
33436,4938.46
33437,6999.04
33438,6015.9
33439,9802.5
33440,9999.36
33441,10000.0
33442,8499.9
33443,10000.0
33444,10000.0
33445,10000.0
33446,10000.0
33447,10000.0
33448,10000.0
33449,8999.12
33450,5799.2
33451,4999.86
33452,4750.28
33453,4749.9
33454,4941.11
33455,5441.83
33456,5441.4
33457,4999.25
33458,4499.94
33459,4082.55
33460,3999.33
33461,3441.47
33462,3450.22
33463,3950.0
33464,3999.42
33465,4228.16
33466,4999.15
33467,5000.72
33468,5001.0
33469,5499.13
33470,5199.21
33471,5499.15
33472,6200.14
33473,4999.8
33474,6501.47
33475,10000.0
33476,10000.0
33477,10000.0
33478,10000.0
33479,10000.0
33480,10000.0
33481,10000.0
33482,10000.0
33483,10000.0
33484,7508.96
33485,7001.21
33486,7000.76
33487,5799.89
33488,5039.49
33489,4839.47
33490,4650.91
33491,4000.6
33492,3500.7
33493,3450.34
33494,3776.98
33495,3547.78
33496,3518.0
33497,3718.98
33498,3643.04
33499,3560.23
33500,3547.33
33501,3229.69
33502,3130.0
33503,3000.79
33504,2950.44
33505,3000.91
33506,3216.8
33507,3223.0
33508,2950.9
33509,2950.92
33510,2960.94
33511,2900.98
33512,2900.57
33513,2600.19
33514,2778.96
33515,2580.51
33516,2580.6
33517,2624.17
33518,2624.99
33519,2950.27
33520,2950.45
33521,2950.84
33522,3242.89
33523,3242.97
33524,3249.81
33525,3547.03
33526,3450.54
33527,3556.4
33528,3969.41
33529,4000.83
33530,4194.15
33531,4500.82
33532,5000.18
33533,6249.03
33534,6990.21
33535,10000.0
33536,10000.0
33537,10000.0
33538,10000.0
33539,6500.64
33540,5800.78
33541,8000.2
33542,7500.46
33543,7500.2
33544,6278.12
33545,7500.82
33546,10000.0
33547,6000.25
33548,5499.64
33549,4399.65
33550,4499.52
33551,4000.35
33552,4000.14
33553,3692.34
33554,3969.69
33555,4000.58
33556,3969.01
33557,3344.55
33558,3274.32
33559,3450.83
33560,3520.13
33561,3616.24
33562,3776.31
33563,4399.15
33564,4499.56
33565,4991.96
33566,4991.12
33567,5000.21
33568,5198.19
33569,5000.11
33570,6000.21
33571,8000.87
33572,10000.0
33573,10000.0
33574,10000.0
33575,10000.0
33576,10000.0
33577,10000.0
33578,10000.0
33579,10000.0
33580,9998.89
33581,6999.09
33582,7500.52
33583,5249.0
33584,4750.11
33585,5000.71
33586,4712.34
33587,4505.94
33588,4100.45
33589,4000.42
33590,3881.76
33591,3762.19
33592,3465.07
33593,3500.69
33594,3320.06
33595,3275.02
33596,3275.4
33597,3207.17
33598,3239.71
33599,3002.19
33600,3001.99
33601,2960.41
33602,3000.62
33603,3107.3
33604,3107.71
33605,3102.51
33606,3073.16
33607,3014.43
33608,3014.48
33609,2930.68
33610,2950.18
33611,2350.46
33612,2000.8
33613,2000.96
33614,2500.29
33615,2420.35
33616,2300.19
33617,2264.74
33618,2200.99
33619,2659.46
33620,2950.85
33621,3499.7
33622,3729.64
33623,3873.47
33624,3873.39
33625,3560.83
33626,4000.41
33627,4114.7
33628,4114.71
33629,4089.58
33630,4269.3
33631,4000.89
33632,4269.08
33633,3685.98
33634,3729.14
33635,3685.61
33636,3780.88
33637,4194.18
33638,4110.44
33639,4110.97
33640,4029.15
33641,3430.16
33642,3491.6
33643,3405.74
33644,3600.89
33645,3729.94
33646,3621.81
33647,3776.89
33648,3776.56
33649,3620.31
33650,3693.81
33651,3405.83
33652,3291.58
33653,2999.22
33654,3112.67
33655,3239.15
33656,3249.97
33657,3249.96
33658,3323.64
33659,3343.67
33660,3344.8
33661,3323.95
33662,3450.28
33663,3323.34
33664,3200.35
33665,3000.46
33666,3602.33
33667,3496.31
33668,3729.35
33669,3496.91
33670,3685.26
33671,3512.24
33672,3450.08
33673,4194.71
33674,4228.52
33675,4029.03
33676,3700.28
33677,2950.33
33678,3400.33
33679,3739.17
33680,3662.01
33681,4026.76
33682,3972.99
33683,3532.05
33684,3239.65
33685,3291.34
33686,3132.9
33687,2889.96
33688,2889.12
33689,2503.56
33690,2950.76
33691,2031.56
33692,1999.6
33693,1999.61
33694,2000.12
33695,1670.32
33696,1599.54
33697,1674.35
33698,1674.09
33699,2500.97
33700,2500.78
33701,1683.05
33702,1622.34
33703,1099.26
33704,1099.18
33705,1188.5
33706,1527.0
33707,999.77
33708,1030.77
33709,1622.17
33710,1674.06
33711,1679.59
33712,1674.64
33713,1674.88
33714,1699.83
33715,1703.93
33716,1900.44
33717,2000.44
33718,2500.07
33719,2020.96
33720,2500.02
33721,2666.67
33722,2500.74
33723,3291.39
33724,4000.8
33725,3700.27
33726,4228.84
33727,4955.02
33728,5510.1
33729,7500.36
33730,9756.25
33731,8499.21
33732,7500.02
33733,10000.0
33734,10000.0
33735,10000.0
33736,6090.91
33737,8000.03
33738,6990.03
33739,6103.77
33740,5499.41
33741,4110.53
33742,4111.0
33743,3999.57
33744,4000.64
33745,3999.6
33746,3673.26
33747,3510.15
33748,3325.72
33749,3112.01
33750,2960.49
33751,3050.59
33752,3112.89
33753,3291.44
33754,3325.2
33755,3547.58
33756,3600.19
33757,3360.11
33758,3700.87
33759,3954.0
33760,4000.49
33761,4403.52
33762,5499.86
33763,6990.3
33764,8503.05
33765,8807.9
33766,10000.0
33767,10000.0
33768,10000.0
33769,7508.51
33770,7508.62
33771,5508.94
33772,5529.16
33773,5183.05
33774,5198.19
33775,4373.26
33776,3999.66
33777,4026.58
33778,3583.24
33779,3662.35
33780,3450.1
33781,3417.54
33782,3547.67
33783,3662.92
33784,3500.69
33785,3102.53
33786,3291.37
33787,3282.56
33788,3282.95
33789,3075.28
33790,2800.61
33791,2000.31
33792,1799.14
33793,1707.37
33794,1707.67
33795,2420.81
33796,2420.59
33797,1766.55
33798,1707.15
33799,1729.68
33800,1706.75
33801,2000.0
33802,2050.26
33803,2751.07
33804,2500.66
33805,2411.67
33806,2411.18
33807,2650.12
33808,2200.6
33809,2871.19
33810,2871.9
33811,2800.5
33812,2800.83
33813,2650.96
33814,2811.56
33815,2800.19
33816,3016.16
33817,2900.03
33818,3042.5
33819,4110.8
33820,4499.86
33821,4500.56
33822,4755.62
33823,5500.99
33824,6010.99
33825,8501.24
33826,8501.95
33827,7006.06
33828,5638.95
33829,6833.84
33830,6249.8
33831,5801.19
33832,5500.41
33833,4974.47
33834,4499.58
33835,4373.42
33836,4241.7
33837,4000.04
33838,3892.33
33839,3685.44
33840,3499.49
33841,3602.45
33842,3547.55
33843,3616.47
33844,3531.12
33845,2999.75
33846,2999.81
33847,2960.11
33848,2999.71
33849,3112.26
33850,3239.24
33851,3450.52
33852,3686.0
33853,3450.72
33854,3547.09
33855,4008.61
33856,4499.67
33857,3685.38
33858,4000.86
33859,4991.29
33860,6000.68
33861,6001.29
33862,10000.0
33863,10000.0
33864,10000.0
33865,10000.0
33866,7499.42
33867,7503.71
33868,7000.36
33869,4992.17
33870,4994.09
33871,4502.86
33872,4228.75
33873,4200.33
33874,4089.9
33875,3693.47
33876,3252.67
33877,3276.81
33878,3294.49
33879,3379.04
33880,3379.09
33881,3616.5
33882,3662.02
33883,3616.11
33884,3556.25
33885,3547.1
33886,3307.22
33887,3075.53
33888,2950.69
33889,3325.21
33890,3405.42
33891,3261.31
33892,3100.23
33893,2868.72
33894,2640.03
33895,2650.54
33896,2650.72
33897,2291.89
33898,2291.06
33899,1749.61
33900,1889.73
33901,2659.8
33902,2580.41
33903,2580.71
33904,2401.35
33905,3239.68
33906,3325.83
33907,3331.61
33908,3547.35
33909,3325.59
33910,3291.91
33911,3450.17
33912,3450.47
33913,3850.8
33914,4000.92
33915,4089.97
33916,4801.56
33917,5500.14
33918,7007.23
33919,10000.0
33920,10000.0
33921,10000.0
33922,10000.0
33923,10000.0
33924,10000.0
33925,10000.0
33926,10000.0
33927,10000.0
33928,10000.0
33929,5000.0
33930,5183.86
33931,5050.58
33932,4500.53
33933,4110.77
33934,4000.08
33935,4000.98
33936,4000.23
33937,4228.02
33938,4199.81
33939,4403.2
33940,4198.44
33941,3000.09
33942,3200.7
33943,3250.55
33944,3361.77
33945,3560.66
33946,3692.4
33947,4499.64
33948,4991.16
33949,5741.82
33950,6002.37
33951,8198.41
33952,10000.0
33953,10000.0
33954,10000.0
33955,10000.0
33956,10000.0
33957,10000.0
33958,10000.0
33959,10000.0
33960,10000.0
33961,10000.0
33962,10000.0
33963,10000.0
33964,10000.0
33965,10000.0
33966,10000.0
33967,7499.91
33968,6621.51
33969,6385.43
33970,5426.62
33971,4650.67
33972,4030.0
33973,3272.88
33974,3388.36
33975,3618.73
33976,3388.53
33977,3400.21
33978,3325.7
33979,3450.22
33980,3291.41
33981,3592.11
33982,3592.47
33983,3291.97
33984,3102.64
33985,3616.47
33986,3325.46
33987,4000.04
33988,3400.38
33989,2950.15
33990,2771.16
33991,2778.6
33992,2771.9
33993,2540.9
33994,2650.15
33995,2400.9
33996,2301.94
33997,2350.26
33998,2511.15
33999,2539.19
34000,2540.15
34001,3048.0
34002,3075.06
34003,3219.4
34004,3430.78
34005,3770.97
34006,4000.36
34007,3776.76
34008,3750.62
34009,3401.75
34010,4000.58
34011,4420.69
34012,5500.27
34013,8000.41
34014,10000.0
34015,10000.0
34016,10000.0
34017,10000.0
34018,10000.0
34019,10000.0
34020,10000.0
34021,10000.0
34022,10000.0
34023,10000.0
34024,10000.0
34025,10000.0
34026,10000.0
34027,10000.0
34028,10000.0
34029,9999.31
34030,7500.38
34031,6815.43
34032,6499.94
34033,6990.37
34034,5500.24
34035,4499.51
34036,3685.93
34037,3250.36
34038,3360.74
34039,3547.16
34040,3759.07
34041,3776.72
34042,4110.32
34043,5000.28
34044,5426.92
34045,5000.29
34046,5499.36
34047,5829.13
34048,8198.02
34049,10000.0
34050,10000.0
34051,10000.0
34052,10000.0
34053,10000.0
34054,10000.0
34055,10000.0
34056,10000.0
34057,10000.0
34058,10000.0
34059,10000.0
34060,10000.0
34061,10000.0
34062,10000.0
34063,10000.0
34064,10000.0
34065,10000.0
34066,10000.0
34067,6696.85
34068,5183.47
34069,4499.9
34070,4089.47
34071,4089.79
34072,3861.38
34073,3592.75
34074,3759.93
34075,3759.14
34076,3662.92
34077,3660.78
34078,3592.95
34079,3592.68
34080,3547.47
34081,3102.83
34082,3110.57
34083,3538.05
34084,3370.57
34085,2960.78
34086,2950.55
34087,2950.9
34088,2950.89
34089,2950.69
34090,2860.06
34091,2870.15
34092,2950.35
34093,2950.08
34094,2923.84
34095,2950.11
34096,2900.15
34097,2950.81
34098,3239.99
34099,3249.53
34100,3450.23
34101,3556.27
34102,3759.57
34103,3759.51
34104,3583.87
34105,3450.22
34106,4844.57
34107,5741.68
34108,10000.0
34109,10000.0
34110,10000.0
34111,10000.0
34112,10000.0
34113,10000.0
34114,10000.0
34115,10000.0
34116,10000.0
34117,10000.0
34118,10000.0
34119,10000.0
34120,10000.0
34121,10000.0
34122,10000.0
34123,10000.0
34124,10000.0
34125,10000.0
34126,10000.0
34127,10000.0
34128,10000.0
34129,7992.9
34130,6200.41
34131,5499.28
34132,5061.65
34133,4000.42
34134,4000.0
34135,4110.83
34136,4293.57
34137,4999.35
34138,5000.76
34139,5426.01
34140,5741.34
34141,7000.75
34142,8000.42
34143,9999.92
34144,9000.71
34145,10000.0
34146,10000.0
34147,10000.0
34148,10000.0
34149,10000.0
34150,10000.0
34151,10000.0
34152,10000.0
34153,10000.0
34154,10000.0
34155,10000.0
34156,10000.0
34157,10000.0
34158,10000.0
34159,10000.0
34160,10000.0
34161,10000.0
34162,10000.0
34163,5500.64
34164,4999.92
34165,4590.02
34166,4403.46
34167,4611.0
34168,4403.28
34169,3861.28
34170,3662.46
34171,3592.25
34172,3450.46
34173,3450.59
34174,3365.81
34175,3291.58
34176,3291.75
34177,3239.51
34178,3182.15
34179,3597.5
34180,3651.0
34181,3182.92
34182,3172.65
34183,3172.25
34184,3100.37
34185,2950.5
34186,2906.03
34187,2870.35
34188,2860.26
34189,2950.62
34190,3116.76
34191,2940.49
34192,2900.57
34193,3000.7
34194,3172.69
34195,3182.36
34196,3239.93
34197,3873.19
34198,3873.76
34199,3720.88
34200,3910.1
34201,4300.29
34202,5226.94
34203,10000.0
34204,10000.0
34205,10000.0
34206,10000.0
34207,10000.0
34208,10000.0
34209,10000.0
34210,10000.0
34211,10000.0
34212,10000.0
34213,10000.0
34214,10000.0
34215,10000.0
34216,10000.0
34217,10000.0
34218,10000.0
34219,10000.0
34220,10000.0
34221,10000.0
34222,10000.0
34223,10000.0
34224,9999.13
34225,5499.77
34226,5499.69
34227,5426.53
34228,5014.76
34229,4171.64
34230,4119.67
34231,4403.48
34232,4569.08
34233,4955.34
34234,4999.15
34235,4955.9
34236,4999.06
34237,4999.52
34238,5426.54
34239,4999.76
34240,6102.86
34241,10000.0
34242,10000.0
34243,10000.0
34244,10000.0
34245,10000.0
34246,10000.0
34247,10000.0
34248,10000.0
34249,10000.0
34250,10000.0
34251,10000.0
34252,10000.0
34253,10000.0
34254,10000.0
34255,7999.1
34256,6999.91
34257,5029.02
34258,4569.21
34259,4130.28
34260,3700.98
34261,3236.12
34262,3219.23
34263,2000.7
34264,2000.12
34265,2870.6
34266,3004.77
34267,3120.86
34268,3116.88
34269,3116.37
34270,3116.69
34271,3101.88
34272,2950.46
34273,2950.13
34274,2950.88
34275,4029.4
34276,3583.71
34277,2700.3
34278,2191.16
34279,2157.2
34280,2191.33
34281,2200.82
34282,2105.66
34283,2105.09
34284,2105.25
34285,2200.93
34286,2500.59
34287,2600.65
34288,2500.45
34289,2511.79
34290,2811.24
34291,3259.32
34292,3300.34
34293,3470.37
34294,3470.43
34295,3515.59
34296,3591.68
34297,3687.51
34298,3710.33
34299,4550.84
34300,5000.86
34301,4802.05
34302,4999.19
34303,4400.28
34304,5638.52
34305,5500.31
34306,5502.66
34307,5501.54
34308,5426.8
34309,5999.25
34310,5200.35
34311,5200.78
34312,4869.8
34313,5999.08
34314,5600.12
34315,5999.21
34316,6000.03
34317,5741.77
34318,5741.52
34319,5039.8
34320,4916.21
34321,4500.36
34322,4249.92
34323,4198.33
34324,4194.92
34325,3770.9
34326,3660.26
34327,3662.85
34328,3662.22
34329,4119.06
34330,4089.39
34331,4249.82
34332,4373.87
34333,4249.21
34334,4403.79
34335,4991.66
34336,5000.67
34337,4499.54
34338,6198.37
34339,10000.0
34340,10000.0
34341,10000.0
34342,10000.0
34343,10000.0
34344,10000.0
34345,10000.0
34346,10000.0
34347,10000.0
34348,10000.0
34349,5500.2
34350,5500.64
34351,5183.58
34352,5075.25
34353,4194.7
34354,3910.1
34355,3776.29
34356,3662.08
34357,3504.59
34358,3500.72
34359,3480.04
34360,3259.28
34361,3200.03
34362,3291.66
34363,3259.13
34364,3259.42
34365,3120.03
34366,3116.36
34367,3003.2
34368,2950.56
34369,3103.53
34370,2950.27
34371,3325.3
34372,3001.95
34373,2570.51
34374,2499.88
34375,2610.8
34376,2770.55
34377,2133.31
34378,1999.54
34379,2300.78
34380,2301.92
34381,2506.72
34382,2506.78
34383,2659.88
34384,2659.32
34385,2758.39
34386,2880.06
34387,3325.08
34388,3547.17
34389,3291.63
34390,3259.45
34391,3620.87
34392,3640.65
34393,3547.92
34394,3803.49
34395,4228.85
34396,5200.59
34397,5500.68
34398,7500.81
34399,9000.45
34400,10000.0
34401,10000.0
34402,10000.0
34403,10000.0
34404,9500.68
34405,10000.0
34406,10000.0
34407,10000.0
34408,10000.0
34409,10000.0
34410,9999.86
34411,8198.79
34412,7000.53
34413,5741.87
34414,5741.03
34415,5741.9
34416,5499.5
34417,5075.6
34418,5000.64
34419,4249.74
34420,4160.26
34421,3547.04
34422,3259.74
34423,3470.88
34424,3259.6
34425,3547.57
34426,4000.97
34427,4198.5
34428,4955.61
34429,3776.93
34430,4198.24
34431,4268.0
34432,5010.75
34433,6019.32
34434,7999.95
34435,10000.0
34436,10000.0
34437,10000.0
34438,10000.0
34439,10000.0
34440,10000.0
34441,10000.0
34442,10000.0
34443,10000.0
34444,10000.0
34445,10000.0
34446,10000.0
34447,10000.0
34448,10000.0
34449,6600.0
34450,5500.75
34451,4499.92
34452,4077.01
34453,3388.98
34454,3450.14
34455,3102.53
34456,3259.5
34457,3291.64
34458,3547.69
34459,3660.97
34460,3547.91
34461,3291.12
34462,3259.15
34463,3291.24
34464,3291.69
34465,3200.3
34466,2983.5
34467,3592.72
34468,3456.17
34469,2950.51
34470,2950.83
34471,2950.74
34472,2950.59
34473,2899.43
34474,2880.64
34475,2870.74
34476,2880.56
34477,2880.6
34478,2840.23
34479,2899.95
34480,2899.5
34481,3009.66
34482,3227.53
34483,3259.93
34484,3291.84
34485,3790.23
34486,3873.48
34487,4110.26
34488,4000.62
34489,3399.19
34490,4005.63
34491,5000.09
34492,5500.8
34493,8999.43
34494,10000.0
34495,10000.0
34496,10000.0
34497,10000.0
34498,10000.0
34499,10000.0
34500,10000.0
34501,10000.0
34502,10000.0
34503,10000.0
34504,10000.0
34505,10000.0
34506,10000.0
34507,10000.0
34508,10000.0
34509,9999.51
34510,5226.83
34511,5741.68
34512,5000.9
34513,5000.17
34514,4835.24
34515,4844.85
34516,4701.86
34517,3685.73
34518,3669.51
34519,3456.17
34520,3456.6
34521,3550.27
34522,3828.0
34523,4249.57
34524,4403.5
34525,4955.0
34526,4999.69
34527,5109.38
34528,5500.89
34529,5199.41
34530,10000.0
34531,10000.0
34532,10000.0
34533,10000.0
34534,10000.0
34535,10000.0
34536,10000.0
34537,10000.0
34538,10000.0
34539,10000.0
34540,10000.0
34541,10000.0
34542,10000.0
34543,10000.0
34544,10000.0
34545,10000.0
34546,5507.6
34547,5010.38
34548,4600.59
34549,4228.42
34550,3765.81
34551,4089.95
34552,4000.68
34553,3800.87
34554,3662.05
34555,3592.28
34556,3400.09
34557,2999.6
34558,2950.49
34559,2880.19
34560,2810.53
34561,2840.15
34562,2950.7
34563,2950.97
34564,2950.53
34565,2950.69
34566,2930.4
34567,2950.66
34568,2950.39
34569,2800.86
34570,2812.39
34571,2925.52
34572,2860.71
34573,2860.25
34574,2860.24
34575,2840.19
34576,2880.94
34577,2950.86
34578,3116.19
34579,3250.59
34580,2999.17
34581,3259.08
34582,3116.53
34583,3450.14
34584,3456.38
34585,3291.27
34586,4068.32
34587,4955.72
34588,5500.6
34589,6990.57
34590,10000.0
34591,10000.0
34592,10000.0
34593,10000.0
34594,10000.0
34595,10000.0
34596,10000.0
34597,10000.0
34598,10000.0
34599,10000.0
34600,10000.0
34601,10000.0
34602,10000.0
34603,10000.0
34604,7500.89
34605,5209.84
34606,6249.1
34607,5000.08
34608,4100.52
34609,4500.48
34610,4500.52
34611,4800.33
34612,4198.95
34613,3456.98
34614,3417.72
34615,3502.25
34616,3460.92
34617,3776.15
34618,3776.3
34619,4000.36
34620,4000.25
34621,4110.75
34622,4014.47
34623,4403.49
34624,4434.99
34625,5500.76
34626,10000.0
34627,10000.0
34628,10000.0
34629,10000.0
34630,10000.0
34631,10000.0
34632,10000.0
34633,10000.0
34634,10000.0
34635,10000.0
34636,10000.0
34637,10000.0
34638,10000.0
34639,10000.0
34640,7000.32
34641,4060.57
34642,3194.19
34643,3450.01
34644,3450.48
34645,3099.19
34646,3662.97
34647,3312.18
34648,3259.88
34649,3259.42
34650,3400.91
34651,3279.69
34652,3108.25
34653,2819.31
34654,2499.95
34655,2500.34
34656,2000.46
34657,2950.02
34658,3250.37
34659,2860.95
34660,2800.49
34661,2350.7
34662,2500.16
34663,2019.71
34664,1706.76
34665,1800.21
34666,1706.17
34667,1706.83
34668,1952.07
34669,1951.46
34670,1951.84
34671,1800.28
34672,1951.3
34673,2511.17
34674,2764.35
34675,2860.13
34676,2950.43
34677,3450.06
34678,3430.83
34679,3439.62
34680,3439.71
34681,2999.24
34682,3498.58
34683,4000.83
34684,4590.9
34685,5226.55
34686,6990.64
34687,10000.0
34688,10000.0
34689,10000.0
34690,10000.0
34691,10000.0
34692,10000.0
34693,10000.0
34694,10000.0
34695,10000.0
34696,10000.0
34697,5500.6
34698,4649.85
34699,6048.0
34700,5500.08
34701,5510.45
34702,5426.2
34703,5426.27
34704,5000.14
34705,4914.1
34706,4880.5
34707,4252.26
34708,4110.38
34709,3450.48
34710,3456.86
34711,3660.56
34712,3547.44
34713,3592.68
34714,3790.86
34715,4844.51
34716,5420.0
34717,5109.67
34718,5226.22
34719,5999.14
34720,6000.61
34721,10000.0
34722,10000.0
34723,10000.0
34724,10000.0
34725,10000.0
34726,10000.0
34727,10000.0
34728,10000.0
34729,10000.0
34730,10000.0
34731,10000.0
34732,10000.0
34733,10000.0
34734,10000.0
34735,10000.0
34736,10000.0
34737,10000.0
34738,6994.09
34739,5999.07
34740,5200.57
34741,5000.97
34742,5109.24
34743,4403.02
34744,3624.5
34745,3616.76
34746,4000.92
34747,4000.21
34748,3776.29
34749,3547.28
34750,3291.57
34751,3259.25
34752,3102.47
34753,3102.07
34754,3259.01
34755,3873.36
34756,3873.31
34757,3075.53
34758,2950.62
34759,2812.79
34760,2812.01
34761,2840.38
34762,2800.2
34763,2812.24
34764,2581.0
34765,2420.19
34766,2580.52
34767,2600.61
34768,2580.13
34769,2650.35
34770,2812.84
34771,3102.32
34772,3092.46
34773,3574.51
34774,4000.75
34775,3790.97
34776,3790.91
34777,3401.68
34778,3750.46
34779,5426.42
34780,6406.7
34781,6000.51
34782,10000.0
34783,10000.0
34784,10000.0
34785,10000.0
34786,10000.0
34787,10000.0
34788,10000.0
34789,10000.0
34790,10000.0
34791,10000.0
34792,10000.0
34793,10000.0
34794,10000.0
34795,10000.0
34796,8000.77
34797,6499.28
34798,7000.07
34799,7500.83
34800,7500.1
34801,7490.53
34802,7490.13
34803,5510.37
34804,5500.13
34805,4499.52
34806,4110.58
34807,4050.18
34808,4050.4
34809,4120.14
34810,4499.35
34811,5039.02
34812,5176.04
34813,5510.25
34814,5510.68
34815,5426.86
34816,5773.08
34817,10000.0
34818,10000.0
34819,10000.0
34820,10000.0
34821,10000.0
34822,10000.0
34823,10000.0
34824,10000.0
34825,10000.0
34826,10000.0
34827,10000.0
34828,10000.0
34829,10000.0
34830,10000.0
34831,10000.0
34832,10000.0
34833,6699.99
34834,5183.2
34835,5183.07
34836,4955.75
34837,3999.65
34838,3662.23
34839,4022.06
34840,3662.72
34841,3910.67
34842,3980.27
34843,3662.32
34844,3547.22
34845,3259.59
34846,3257.63
34847,3200.65
34848,2950.35
34849,3092.24
34850,3132.95
34851,3132.77
34852,2976.48
34853,2950.6
34854,2650.81
34855,2950.25
34856,2880.57
34857,2461.8
34858,2400.25
34859,2157.87
34860,2146.67
34861,2000.64
34862,2000.73
34863,2240.83
34864,2240.81
34865,2752.82
34866,2950.05
34867,3092.12
34868,3092.13
34869,3350.33
34870,3132.87
34871,3325.4
34872,3662.87
34873,3650.33
34874,3715.82
34875,4766.25
34876,4789.61
34877,5426.63
34878,5632.3
34879,10000.0
34880,10000.0
34881,10000.0
34882,10000.0
34883,10000.0
34884,10000.0
34885,10000.0
34886,10000.0
34887,10000.0
34888,10000.0
34889,10000.0
34890,10000.0
34891,10000.0
34892,10000.0
34893,10000.0
34894,10000.0
34895,10000.0
34896,10000.0
34897,10000.0
34898,10000.0
34899,7097.09
34900,6990.35
34901,3685.31
34902,3669.52
34903,4194.13
34904,4228.97
34905,4249.95
34906,4525.25
34907,5000.18
34908,4699.98
34909,5109.01
34910,5510.65
34911,5499.57
34912,5510.25
34913,10000.0
34914,10000.0
34915,10000.0
34916,10000.0
34917,10000.0
34918,10000.0
34919,10000.0
34920,10000.0
34921,10000.0
34922,10000.0
34923,10000.0
34924,10000.0
34925,10000.0
34926,10000.0
34927,10000.0
34928,6990.49
34929,5500.8
34930,5012.8
34931,4110.59
34932,4000.73
34933,3662.21
34934,3662.4
34935,3599.95
34936,3547.02
34937,3259.69
34938,3542.84
34939,3450.75
34940,3430.58
34941,3010.31
34942,2999.6
34943,2556.0
34944,2840.48
34945,3259.55
34946,3262.79
34947,3323.71
34948,3200.51
34949,3070.64
34950,3073.07
34951,2780.53
34952,2687.1
34953,2950.37
34954,2687.55
34955,2600.05
34956,2147.75
34957,2500.17
34958,2720.57
34959,2752.65
34960,2830.93
34961,2830.47
34962,2687.27
34963,2980.03
34964,2780.99
34965,3176.08
34966,3323.1
34967,3494.24
34968,3542.07
34969,3399.76
34970,3450.99
34971,3662.45
34972,3801.65
34973,4000.47
34974,4500.08
34975,4955.96
34976,5125.37
34977,4749.45
34978,4749.84
34979,5426.04
34980,5426.67
34981,10000.0
34982,10000.0
34983,10000.0
34984,10000.0
34985,5500.99
34986,5500.82
34987,5500.38
34988,5176.66
34989,4499.51
34990,4198.94
34991,4417.09
34992,4198.83
34993,4040.0
34994,4110.68
34995,4110.65
34996,3669.65
34997,3006.31
34998,3004.94
34999,3616.24
35000,3669.06
35001,3662.64
35002,3776.11
35003,3940.82
35004,4000.99
35005,3259.72
35006,3547.3
35007,3547.31
35008,3610.04
35009,3547.08
35010,3600.23
35011,3480.29
35012,4991.28
35013,4448.09
35014,5426.84
35015,5632.97
35016,5500.67
35017,4958.85
35018,5000.51
35019,4463.69
35020,4463.07
35021,3987.16
35022,4350.15
35023,4766.54
35024,4350.86
35025,4198.18
35026,4089.21
35027,4110.86
35028,4060.18
35029,3685.21
35030,3662.18
35031,3470.64
35032,3259.1
35033,3262.75
35034,3262.92
35035,3262.11
35036,3262.74
35037,2840.22
35038,2810.89
35039,2699.31
35040,2499.41
3169,6186.78
3170,6131.12
3171,4649.26
3172,4395.82
3173,5959.22
3174,5000.97
3175,5959.71
3176,4649.85
3177,4399.21
3178,4398.25
3179,4500.3
3180,4500.07
3181,4540.33
3182,4540.25
3183,4492.45
3184,4300.84
3185,4550.46
3186,4395.99
3187,4300.09
3188,4300.41
3189,6099.04
3190,7099.22
3191,7650.81
3192,8000.32
3193,7099.51
3194,8200.79
3195,9000.43
3196,10000.59
3197,11065.96
3198,12000.0
3199,8500.88
3200,7980.53
3201,8898.0
3202,8989.0
3203,7999.05
3204,7550.48
3205,7099.22
3206,7999.66
3207,5001.93
3208,4900.05
3209,6419.66
3210,4400.31
3211,6020.07
3212,4649.36
3213,5599.11
3214,5959.44
3215,6099.44
3216,6099.69
3217,7520.23
3218,7520.27
3219,6099.5
3220,5593.76
3221,5002.51
3222,5007.6
3223,5959.04
3224,6059.33
3225,7099.59
3226,6419.94
3227,5544.58
3228,5599.63
3229,7020.47
3230,7020.44
3231,7757.23
3232,7999.77
3233,8500.43
3234,10000.06
3235,9000.75
3236,10144.41
3237,8500.16
3238,7999.32
3239,10520.41
3240,10520.67
3241,10000.02
3242,10000.06
3243,12000.0
3244,12000.0
3245,12000.0
3246,12000.0
3247,12000.0
3248,12000.0
3249,12000.0
3250,12000.0
3251,9999.32
3252,9999.37
3253,11020.15
3254,11020.59
3255,8042.79
3256,7999.61
3257,10000.18
3258,10000.45
3259,9197.22
3260,7999.97
3261,7999.18
3262,7982.61
3263,7999.44
3264,7999.72
5857,6419.76
5858,7099.53
5859,7291.56
5860,7500.77
5861,7650.79
5862,7365.17
5863,7365.47
5864,7099.97
5865,5549.3
5866,5196.04
5867,5999.8
5868,5993.81
5869,4649.36
5870,4649.3
5871,3899.9
5872,4209.13
5873,4649.06
5874,6000.69
5875,6000.86
5876,7099.93
5877,6000.22
5878,7099.73
5879,8500.59
5880,10000.37
5881,10000.41
5882,12000.0
5883,10000.67
5884,10999.23
5885,12000.0
5886,12000.0
5887,12000.0
5888,12000.0
5889,10999.25
5890,10999.66
5891,8500.75
5892,8500.7
5893,10520.17
5894,8989.89
5895,9999.96
5896,8989.98
5897,10000.13
5898,7999.02
5899,7999.15
5900,7650.73
5901,7365.1
5902,6520.81
5903,7365.46
5904,7365.43
5905,6500.89
5906,6459.46
5907,6059.25
5908,4994.02
5909,5357.22
5910,4692.29
5911,4692.15
5912,4692.56
5913,5100.49
5914,6020.9
5915,7365.31
5916,7365.43
5917,5678.62
5918,6099.17
5919,7365.18
5920,7570.78
5921,8989.05
5922,9020.57
5923,10999.57
5924,12000.0
5925,8289.36
5926,7650.36
5927,7788.9
5928,8289.21
5929,5679.41
5930,6149.94
5931,7600.08
5932,7650.8
5933,7499.49
5934,7999.84
5935,12000.0
5936,12000.0
5937,12000.0
5938,12000.0
5939,9891.2
5940,8910.77
5941,8289.53
5942,8289.12
5943,7999.52
5944,7769.67
5945,8500.57
5946,9991.85
5947,10000.29
5948,10000.43
5949,8289.67
5950,7999.64
5951,7999.1
5952,7600.98
8833,6099.51
8834,6149.62
8835,6500.8
8836,6419.23
8837,5994.63
8838,5995.8
8839,5678.37
8840,6000.68
8841,6000.37
8842,6000.14
8843,5500.51
8844,5273.8
8845,5644.38
8846,6001.62
8847,5656.0
8848,5500.88
8849,6149.97
8850,6099.72
8851,5112.83
8852,5282.43
8853,5469.96
8854,6202.37
8855,7600.92
8856,8500.38
8857,8289.83
8858,8500.5
8859,8499.62
8860,10000.38
8861,12000.0
8862,12000.0
8863,12000.0
8864,12000.0
8865,9519.62
8866,8289.21
8867,7999.7
8868,8289.41
8869,10002.93
8870,10002.7
8871,10003.56
8872,10004.74
8873,10004.95
8874,9999.26
8875,6998.14
8876,5500.76
8877,6260.15
8878,4999.18
8879,3999.89
8880,3999.1
8881,4200.04
8882,4200.16
8883,4300.41
8884,4206.17
8885,3600.48
8886,3456.36
8887,3519.26
8888,3316.9
8889,3706.61
8890,4300.39
8891,4550.95
8892,5000.27
8893,6260.35
8894,6300.38
8895,6500.3
8896,6500.03
8897,7200.42
8898,7650.2
8899,8289.57
8900,8200.88
8901,5600.47
8902,5600.5
8903,4699.75
8904,6000.02
8905,5199.28
8906,5500.07
8907,5600.61
8908,6419.92
8909,6837.5
8910,6500.69
8911,6500.58
8912,6000.68
8913,6999.05
8914,5000.48
8915,5000.84
8916,4969.54
8917,4649.68
8918,4969.41
8919,4900.14
8920,4752.91
8921,7499.72
8922,7650.32
8923,8100.06
8924,8108.24
8925,9811.55
8926,9743.74
8927,10103.19
8928,10000.4
11713,6419.42
11714,4989.63
11715,6006.26
11716,7650.68
11717,5600.02
11718,5600.98
11719,4489.83
11720,4436.9
11721,4200.36
11722,4324.67
11723,4200.6
11724,3960.78
11725,3695.75
11726,3783.42
11727,3502.09
11728,3502.96
11729,3700.54
11730,4199.88
11731,4500.7
11732,4760.57
11733,4200.71
11734,4500.82
11735,5223.5
11736,5600.68
11737,4989.98
11738,4989.88
11739,4949.47
11740,4949.77
11741,4949.88
11742,5500.56
11743,4649.97
11744,4649.13
11745,4599.26
11746,4599.42
11747,5387.55
11748,5563.0
11749,5600.8
11750,4649.37
11751,4502.31
11752,4649.29
11753,4200.41
11754,4050.8
11755,4100.82
11756,4000.23
11757,3723.46
11758,3694.93
11759,3660.74
11760,3600.47
11761,3500.65
11762,3494.57
11763,3469.59
11764,3400.62
11765,3339.3
11766,3339.32
11767,3500.8
11768,3456.49
11769,3600.25
11770,3620.27
11771,3660.16
11772,3957.45
11773,3779.6
11774,4050.88
11775,4200.28
11776,4200.85
11777,5000.89
11778,5599.56
11779,4642.33
11780,4642.48
11781,4200.19
11782,4200.35
11783,4610.84
11784,5599.75
11785,4775.6
11786,4702.42
11787,5138.69
11788,5313.08
11789,5800.45
11790,6000.43
11791,6000.57
11792,6000.05
11793,5151.54
11794,4999.86
11795,5600.54
11796,5350.07
11797,5252.75
11798,5150.72
11799,4900.34
11800,4900.16
11801,5482.77
11802,5600.85
11803,7500.51
11804,7500.27
11805,7650.85
11806,8020.48
11807,8289.57
11808,8289.56
14689,8500.01
14690,7365.63
14691,7365.91
14692,5899.37
14693,6149.53
14694,5600.81
14695,5959.94
14696,5959.52
14697,6371.09
14698,6693.31
14699,7110.19
14700,6266.55
14701,5959.61
14702,6059.72
14703,5204.36
14704,5204.03
14705,4969.58
14706,5205.0
14707,6000.75
14708,5282.99
14709,5204.15
14710,6030.32
14711,8000.6
14712,8030.23
14713,7999.38
14714,9030.5
14715,8000.74
14716,9003.68
14717,9003.31
14718,9999.37
14719,8000.05
14720,6000.34
14721,5070.11
14722,5500.13
14723,6000.31
14724,5600.98
14725,8000.38
14726,7650.74
14727,5738.68
14728,5738.84
14729,7650.5
14730,5783.18
14731,6500.16
14732,6260.89
14733,5600.16
14734,5595.75
14735,4649.43
14736,4300.79
14737,4538.31
14738,4538.45
14739,4439.14
14740,4324.81
14741,4153.18
14742,4153.74
14743,4153.8
14744,4200.21
14745,4541.55
14746,4560.62
14747,4642.22
14748,4300.35
14749,4300.53
14750,4439.58
14751,5500.48
14752,5500.9
14753,7365.47
14754,7500.74
14755,7110.86
14756,6501.9
14757,4110.06
14758,4868.42
14759,5112.7
14760,5012.93
14761,4969.48
14762,5150.62
14763,4969.71
14764,5412.04
14765,4981.98
14766,4829.82
14767,4981.32
14768,4585.31
14769,5000.07
14770,5070.24
14771,4007.53
14772,3960.88
14773,5070.24
14774,5504.1
14775,4580.62
14776,4200.21
14777,3799.09
14778,3799.21
14779,3695.22
14780,3620.73
14781,4500.94
14782,4500.7
14783,4750.5
14784,5000.58
17569,3510.29
17570,3350.58
17571,3620.25
17572,3620.5
17573,3300.46
17574,3350.61
17575,3620.99
17576,3620.26
17577,3620.66
17578,3620.45
17579,3620.01
17580,3599.09
17581,3300.35
17582,3240.68
17583,3099.58
17584,2997.86
17585,3342.44
17586,3620.54
17587,3502.43
17588,3620.74
17589,3620.3
17590,4007.25
17591,4200.19
17592,4605.31
17593,4007.55
17594,4100.43
17595,4100.12
17596,4760.48
17597,4288.57
17598,4749.17
17599,3750.69
17600,3510.09
17601,2999.44
17602,2999.8
17603,3620.79
17604,3949.92
17605,4981.33
17606,5500.16
17607,4267.05
17608,3999.89
17609,3660.38
17610,3510.65
17611,3344.78
17612,2999.98
17613,3311.69
17614,3620.14
17615,3600.47
17616,3195.0
17617,3270.22
17618,3190.41
17619,3599.14
17620,2999.38
17621,3000.27
17622,3299.82
17623,4200.5
17624,4200.78
17625,4720.77
17626,4720.36
17627,4491.18
17628,4439.59
17629,4439.3
17630,4491.13
17631,4999.06
17632,4999.37
17633,5604.48
17634,4899.58
17635,5959.29
17636,6002.1
17637,4799.91
17638,4857.85
17639,4259.6
17640,4426.22
17641,4200.83
17642,4750.91
17643,5611.21
17644,5962.56
17645,5559.61
17646,5200.39
17647,4200.91
17648,3999.59
17649,4100.15
17650,4200.8
17651,3899.15
17652,3899.45
17653,4200.16
17654,4050.98
17655,4470.97
17656,4324.64
17657,3620.1
17658,3899.27
17659,5012.56
17660,5593.57
17661,5619.44
17662,5500.77
17663,6149.91
17664,6149.18
20545,5500.22
20546,5500.38
20547,4324.36
20548,4267.18
20549,4200.37
20550,4153.88
20551,5999.23
20552,5959.25
20553,4843.77
20554,4799.85
20555,4692.0
20556,3779.17
20557,3650.13
20558,3650.16
20559,4200.26
20560,4200.32
20561,3620.35
20562,3650.32
20563,4257.62
20564,4200.08
20565,4184.0
20566,6099.61
20567,5959.47
20568,5599.97
20569,5599.73
20570,6419.84
20571,5500.3
20572,6149.74
20573,4991.21
20574,5500.2
20575,5499.0
20576,4496.75
20577,3783.38
20578,3650.35
20579,3660.07
20580,3650.14
20581,4649.42
20582,4899.72
20583,2730.89
20584,2860.99
20585,2284.9
20586,2400.39
20587,3140.42
20588,3620.48
20589,3650.35
20590,3456.45
20591,2982.96
20592,3316.81
20593,3620.91
20594,3661.88
20595,3863.03
20596,3650.4
20597,2860.26
20598,3135.6
20599,3316.98
20600,3316.57
20601,3316.74
20602,3316.29
20603,3135.9
20604,3316.6
20605,2510.83
20606,2368.51
20607,3316.59
20608,3999.24
20609,2860.12
20610,2980.65
20611,3999.0
20612,3670.87
20613,2890.47
20614,2617.59
20615,1999.55
20616,2359.52
20617,3456.63
20618,4200.64
20619,2558.92
20620,2368.2
20621,3500.1
20622,3620.14
20623,4007.75
20624,4200.82
20625,4200.6
20626,4200.63
20627,3800.78
20628,3620.32
20629,2999.99
20630,2999.33
20631,2928.79
20632,2947.39
20633,3199.76
20634,2980.96
20635,3999.79
20636,4399.74
20637,3501.47
20638,3502.06
20639,3350.54
20640,3149.05
23521,2701.05
23522,2019.92
23523,2783.02
23524,2783.38
23525,2783.84
23526,2783.5
23527,2739.58
23528,2739.42
23529,2800.02
23530,2800.3
23531,2783.34
23532,2739.77
23533,2730.43
23534,2720.8
23535,2720.94
23536,2720.65
23537,2500.28
23538,2300.9
23539,2369.42
23540,2700.92
23541,2900.81
23542,4077.42
23543,3129.16
23544,2800.88
23545,3129.75
23546,3509.2
23547,3620.77
23548,4147.37
23549,4000.7
23550,4399.77
23551,4288.47
23552,3683.33
23553,3889.57
23554,4470.22
23555,5959.72
23556,5599.78
23557,4150.14
23558,4110.73
23559,4150.76
23560,3848.75
23561,3650.64
23562,4399.64
23563,5430.19
23564,5430.33
23565,3500.86
23566,3400.56
23567,3310.47
23568,3478.29
23569,3316.58
23570,3316.96
23571,3010.43
23572,2947.82
23573,2783.98
23574,2857.52
23575,2783.94
23576,2783.6
23577,2670.55
23578,2700.05
23579,2558.05
23580,2558.91
23581,3100.71
23582,2860.61
23583,3700.07
23584,4030.11
23585,4200.67
23586,4300.16
23587,4200.98
23588,4150.4
23589,3510.6
23590,3620.98
23591,3200.52
23592,3500.37
23593,3456.17
23594,3469.11
23595,4829.36
23596,5600.17
23597,7800.65
23598,6499.57
23599,5600.13
23600,5493.49
23601,5500.36
23602,4829.72
23603,4503.43
23604,4580.21
23605,5070.79
23606,6000.14
23607,4947.73
23608,4546.76
23609,5600.69
23610,7110.31
23611,5100.27
23612,4700.36
23613,3695.55
23614,3993.91
23615,6499.05
23616,6499.94
26401,4649.78
26402,4649.96
26403,3900.97
26404,4267.32
26405,4530.49
26406,4267.12
26407,3783.15
26408,3783.24
26409,3620.3
26410,3600.12
26411,3650.95
26412,3681.39
26413,4200.34
26414,4200.18
26415,4007.36
26416,4007.73
26417,4799.03
26418,6499.04
26419,4200.73
26420,4200.33
26421,4267.28
26422,5500.78
26423,5977.1
26424,4969.7
26425,4502.55
26426,5500.3
26427,5500.65
26428,7110.35
26429,8000.16
26430,10416.78
26431,12000.0
26432,12000.0
26433,7999.76
26434,7999.38
26435,6946.87
26436,5500.05
26437,6499.02
26438,6200.33
26439,5282.22
26440,5008.89
26441,4200.65
26442,4259.16
26443,4150.34
26444,3999.71
26445,4439.24
26446,4100.76
26447,4538.05
26448,4538.62
26449,4200.24
26450,4200.29
26451,4112.92
26452,3695.35
26453,3478.31
26454,3135.83
26455,3550.32
26456,3456.95
26457,3650.08
26458,3650.26
26459,3270.9
26460,3316.9
26461,3439.1
26462,3456.88
26463,4100.58
26464,4150.25
26465,4500.25
26466,4530.73
26467,6002.82
26468,6001.4
26469,4500.09
26470,4267.34
26471,4267.65
26472,4200.86
26473,3783.82
26474,4300.45
26475,4981.48
26476,5500.03
26477,8000.91
26478,8000.62
26479,5500.54
26480,5500.24
26481,6500.84
26482,6500.24
26483,6998.15
26484,6995.39
26485,5204.67
26486,4900.79
26487,4439.59
26488,4324.59
26489,5500.41
26490,6030.21
26491,5000.98
26492,4649.63
26493,3783.02
26494,4005.08
26495,3650.24
26496,3618.94
29377,6149.56
29378,7004.35
29379,6149.84
29380,6149.63
29381,7110.88
29382,5959.65
29383,6059.15
29384,4899.27
29385,5599.66
29386,5959.87
29387,5500.88
29388,5499.23
29389,4649.96
29390,4649.88
29391,5500.43
29392,5500.1
29393,5599.44
29394,6999.93
29395,6999.05
29396,6149.43
29397,7365.38
29398,7999.36
29399,7504.32
29400,7505.3
29401,6500.67
29402,7504.76
29403,7365.4
29404,8371.25
29405,8989.7
29406,9999.26
29407,7419.55
29408,5428.68
29409,4899.76
29410,4900.21
29411,4502.71
29412,4500.27
29413,4200.93
29414,4300.44
29415,4502.45
29416,4491.81
29417,4324.01
29418,3900.42
29419,3770.34
29420,3900.76
29421,4000.8
29422,4491.51
29423,3749.64
29424,3749.2
29425,4153.17
29426,4281.17
29427,4649.68
29428,4200.86
29429,3863.65
29430,3620.4
29431,3650.57
29432,3618.78
29433,4300.91
29434,4649.49
29435,5500.01
29436,5518.22
29437,5959.86
29438,5899.61
29439,4500.42
29440,4500.59
29441,4538.99
29442,5625.13
29443,7365.98
29444,7365.84
29445,6499.35
29446,5500.36
29447,5008.95
29448,5000.98
29449,4395.28
29450,4620.46
29451,5151.4
29452,7500.23
29453,8200.73
29454,8200.53
29455,7999.02
29456,7419.53
29457,6499.71
29458,5012.98
29459,5000.34
29460,4910.0
29461,6850.43
29462,6849.69
29463,7110.47
29464,5500.78
29465,7570.63
29466,7931.84
29467,6999.71
29468,6999.56
29469,7500.91
29470,7999.16
29471,8000.11
29472,7049.07
32257,7049.35
32258,5599.27
32259,5079.59
32260,4999.76
32261,4526.15
32262,4782.41
32263,5000.1
32264,5500.03
32265,6000.53
32266,5501.35
32267,4649.36
32268,4491.88
32269,3620.37
32270,3502.81
32271,4693.11
32272,4799.73
32273,3550.78
32274,3650.17
32275,4300.98
32276,5000.71
32277,4200.62
32278,7049.5
32279,5501.8
32280,5500.31
32281,4962.36
32282,4999.88
32283,5070.09
32284,6499.01
32285,4962.11
32286,4981.33
32287,4423.46
32288,4423.27
32289,3660.72
32290,4137.14
32291,4000.06
32292,4000.04
32293,4447.5
32294,4649.33
32295,4649.9
32296,4981.7
32297,4200.83
32298,3795.48
32299,3620.52
32300,3479.52
32301,3620.7
32302,3620.25
32303,3469.97
32304,3030.14
32305,2947.23
32306,2739.18
32307,2783.54
32308,2739.89
32309,2600.35
32310,2630.51
32311,2860.58
32312,3329.41
32313,2947.35
32314,3030.54
32315,4000.29
32316,4000.47
32317,4600.6
32318,4600.24
32319,3770.88
32320,3650.39
32321,4600.26
32322,5003.66
32323,5595.96
32324,5500.05
32325,5000.59
32326,5151.69
32327,4585.99
32328,4649.99
32329,4324.68
32330,4580.52
32331,4649.21
32332,5150.11
32333,5200.05
32334,5200.29
32335,4580.01
32336,4580.04
32337,4790.54
32338,4200.67
32339,4620.84
32340,4649.92
32341,7088.65
32342,6813.49
32343,7500.46
32344,6999.14
32345,7110.52
32346,7365.94
32347,8005.48
32348,7510.87
32349,7365.22
32350,6999.93
32351,7365.16
32352,5500.33
6817,5500.06
6818,5500.46
6819,6049.38
6820,5599.41
6821,5500.07
6822,5500.08
6823,4000.89
6824,3993.08
6825,5000.19
6826,4649.49
6827,3712.41
6828,3660.13
6829,3550.04
6830,3550.14
6831,3620.45
6832,3300.94
6833,3660.22
6834,4050.58
6835,4500.84
6836,5500.07
6837,4050.43
6838,5000.35
6839,5200.2
6840,5500.43
6841,4981.13
6842,6000.01
6843,4900.8
6844,4981.66
6845,5800.73
6846,6000.99
6847,5800.45
6848,5000.19
6849,4839.71
6850,4839.73
6851,4200.59
6852,4110.91
6853,5000.93
6854,5500.4
6855,5000.71
6856,4610.49
6857,5001.67
6858,4502.04
6859,5959.55
6860,5700.82
6861,4844.5
6862,5757.65
6863,4610.85
6864,4300.46
6865,4324.67
6866,4324.81
6867,4365.34
6868,4300.95
6869,3660.32
6870,3650.21
6871,3650.42
6872,3620.72
6873,4005.18
6874,3850.81
6875,4400.8
6876,4835.92
6877,5959.8
6878,6059.43
6879,6499.24
6880,5959.29
6881,4500.35
6882,6499.47
6883,6499.64
6884,7004.63
6885,4580.29
6886,4741.25
6887,4649.25
6888,6499.48
6889,5008.54
6890,5412.73
6891,7000.55
6892,7999.47
6893,10976.91
6894,10000.25
6895,8500.95
6896,8499.18
6897,7989.73
6898,7800.69
6899,6499.0
6900,6449.59
6901,7110.58
6902,7000.81
6903,5150.14
6904,4999.97
6905,7500.55
6906,8060.76
6907,7365.89
6908,7651.49
6909,6499.14
6910,5678.77
6911,6499.17
6912,7800.77
6913,7365.12
6914,7049.44
6915,7365.53
6916,6499.95
6917,4992.77
6918,4395.65
6919,6499.77
6920,6499.05
6921,4797.51
6922,6499.01
6923,4909.37
6924,6499.23
6925,4500.92
6926,5678.17
6927,5959.32
6928,4500.92
6929,4200.45
6930,5500.86
6931,4500.92
6932,5959.51
6933,6500.32
6934,7365.82
6935,7500.95
6936,7989.87
6937,7800.66
6938,8508.68
6939,8108.91
6940,8500.3
6941,8102.74
6942,8100.44
6943,7365.82
6944,6499.92
6945,5656.05
6946,5000.87
6947,5000.76
6948,5450.77
6949,6499.03
6950,6520.29
6951,5100.89
6952,4981.25
6953,5000.03
6954,6000.17
6955,5361.74
6956,5000.33
6957,4135.0
6958,4200.34
6959,5000.66
6960,4649.82
6961,5008.34
6962,5500.4
6963,4324.75
6964,4280.81
6965,3270.68
6966,2975.5
6967,3800.59
6968,4267.44
6969,4500.06
6970,4500.67
6971,4720.19
6972,4500.99
6973,4350.72
6974,4600.02
6975,5208.53
6976,6000.2
6977,5552.95
6978,6999.08
6979,6499.58
6980,5677.62
6981,4200.75
6982,4910.66
6983,6499.77
6984,6989.28
6985,5126.0
6986,5500.02
6987,8499.24
6988,10000.35
6989,12000.0
6990,11999.35
6991,8500.7
6992,8289.8
6993,5986.04
6994,5140.47
6995,5009.06
6996,5140.91
6997,7365.99
6998,6500.93
6999,4580.86
7000,4580.23
7001,8000.12
7002,8000.73
7003,7365.29
7004,6999.37
7005,5989.4
7006,5677.93
7007,6499.11
7008,5989.73
7009,7365.16
7010,7299.12
7011,6500.8
7012,6405.48
7013,4959.13
7014,4909.47
7015,5989.53
7016,4999.92
7017,4500.43
7018,4500.51
7019,4501.15
7020,4199.33
7021,4400.28
7022,4300.64
7023,4401.86
7024,4401.82
7025,4401.93
7026,4610.93
7027,5677.29
7028,6499.71
7029,5724.85
7030,6499.13
7031,7279.07
7032,7365.72
7033,7008.93
7034,8000.97
7035,8129.05
7036,8500.24
7037,8129.46
7038,8499.64
7039,7365.19
7040,7279.11
7041,4910.22
7042,4500.73
7043,5180.1
7044,5959.2
7045,6500.4
7046,6989.45
7047,6989.14
7048,5989.74
7049,6000.06
7050,5600.42
7051,5500.35
7052,5500.32
7053,5600.05
7054,5600.55
7055,6499.9
7056,5959.28
7057,5959.15
7058,5989.09
7059,5500.22
7060,5499.46
7061,3770.62
7062,4140.24
7063,4720.74
7064,4720.71
7065,5500.66
7066,5820.46
7067,6499.3
7068,5959.66
7069,7999.41
7070,7299.91
7071,7110.97
7072,7500.63
7073,7299.96
7074,9000.06
7075,8000.71
7076,9000.88
7077,5412.24
7078,5919.48
7079,6989.23
7080,6989.21
7081,4580.09
7082,5600.5
7083,6000.55
7084,8000.94
7085,8500.77
7086,9000.99
7087,6499.99
7088,5600.58
7089,4999.39
7090,4200.64
7091,4501.91
7092,4999.04
7093,5600.77
7094,6499.92
7095,5000.06
7096,4580.26
7097,5989.71
7098,6830.65
7099,6500.03
7100,7299.86
7101,4000.66
7102,4140.71
7103,4300.04
7104,4000.55
7105,5989.08
7106,5499.66
7107,4140.31
7108,4007.53
7109,3770.74
7110,4000.08
7111,4007.05
7112,3126.03
7113,3620.46
7114,3390.89
7115,3620.27
7116,3620.18
7117,2950.69
7118,3202.28
7119,3200.03
7120,3200.86
7121,3410.42
7122,3684.1
7123,5499.41
7124,6000.36
7125,4899.28
7126,5314.12
7127,4959.52
7128,5079.27
7129,5100.55
7130,6500.57
7131,7049.6
7132,7499.65
7133,6500.03
7134,6500.75
7135,5562.19
7136,5100.97
7137,6283.24
7138,5562.86
7139,5000.67
7140,4929.56
7141,7105.22
7142,6989.55
7143,8000.91
7144,7800.55
7145,7599.89
7146,8000.22
7147,8500.16
7148,8500.32
7149,6499.93
7150,6283.73
7151,5989.97
7152,5003.46
7153,5000.61
7154,5499.11
7155,4713.21
7156,4688.66
7157,3620.05
7158,3620.79
7159,3768.79
7160,3768.28
7161,6000.07
7162,5989.22
7163,4910.48
7164,4549.83
7165,6283.05
7166,6000.85
7167,4500.91
7168,5113.21
7169,4150.9
7170,4500.86
7171,5989.64
7172,6499.49
7173,3700.47
7174,3620.45
7175,2999.09
7176,2999.85
7177,4000.37
7178,4580.09
7179,5499.69
7180,7800.04
7181,7249.43
7182,7249.71
7183,4610.69
7184,4247.97
7185,4247.7
7186,4100.26
7187,4800.09
7188,4580.21
7189,4799.13
7190,4500.13
7191,4499.37
7192,3700.83
7193,4580.62
7194,5599.95
7195,4929.35
7196,4199.72
7197,3660.7
7198,4015.1
7199,3300.55
7200,2921.64
7201,3030.05
7202,3030.65
7203,3550.08
7204,3660.47
7205,4296.67
7206,3624.25
7207,3660.21
7208,3620.19
7209,2900.14
7210,2850.87
7211,4520.0
7212,4669.12
7213,3100.3
7214,3000.21
7215,2900.62
7216,2730.87
7217,2700.56
7218,2850.12
7219,2600.68
7220,2630.4
7221,3388.0
7222,4610.12
7223,3660.22
7224,3303.84
7225,3600.45
7226,4106.61
7227,3450.92
7228,2799.88
7229,2921.71
7230,3660.05
7231,4500.48
7232,4000.75
7233,3823.04
7234,3750.03
7235,4175.76
7236,3850.09
7237,4900.97
7238,5062.46
7239,5997.21
7240,4386.45
7241,2850.98
7242,2730.81
7243,2720.81
7244,2630.33
7245,3000.65
7246,3620.46
7247,3620.75
7248,3500.01
7249,3500.59
7250,2890.16
7251,2850.69
7252,2630.15
7253,2610.42
7254,2700.08
7255,2850.41
7256,2701.55
7257,2950.44
7258,3100.94
7259,3010.47
7260,3031.33
7261,3500.37
7262,3501.7
7263,2850.44
7264,3100.66
7265,2890.72
7266,2890.43
7267,3030.3
7268,3190.18
7269,3620.31
7270,3684.98
7271,3501.9
7272,3700.87
7273,3500.58
7274,3670.29
7275,4880.42
7276,6989.62
7277,7499.92
7278,6806.45
7279,4999.39
7280,4500.06
7281,5600.72
7282,5959.36
7283,5450.52
7284,5599.56
7285,5412.57
7286,5499.7
7287,4192.81
7288,4106.83
7289,4095.65
7290,4602.87
7291,3968.76
7292,3968.73
7293,3250.98
7294,3410.4
7295,3620.93
7296,3660.29
7297,3010.15
7298,2669.89
7299,2730.51
7300,2701.21
7301,3453.2
7302,3325.0
7303,3500.4
7304,3453.7
7305,3010.13
7306,2900.07
7307,3010.09
7308,2992.5
7309,2730.37
7310,2850.69
7311,2850.91
7312,2850.36
7313,2730.69
7314,2800.0
7315,2950.41
7316,3077.45
7317,3578.9
7318,3660.76
7319,3403.9
7320,3070.09
7321,2890.48
7322,4000.86
7323,6283.5
7324,6499.78
7325,4395.37
7326,4395.71
7327,4150.57
7328,4150.14
7329,4150.99
7330,4000.39
7331,3769.07
7332,3700.52
7333,4500.02
7334,5180.05
7335,5700.89
7336,5500.82
7337,3500.53
7338,3010.78
7339,3400.74
7340,3545.0
7341,3500.72
7342,3500.8
7343,3170.93
7344,3100.65
7345,2830.29
7346,2701.71
7347,2320.69
7348,2300.05
7349,0.0
7350,0.0
7351,0.0
7352,0.0
7353,2045.96
7354,2045.72
7355,2045.85
7356,2045.9
7357,2053.47
7358,2053.81
7359,2954.12
7360,3000.21
7361,0.0
7362,0.0
7363,5959.3
7364,6059.27
7365,4090.27
7366,3707.6
7367,2965.2
7368,3000.67
7369,3370.44
7370,4500.71
7371,4050.14
7372,4299.57
7373,4669.07
7374,4000.94
7375,3853.14
7376,3600.6
7377,3670.68
7378,3600.22
7379,3730.01
7380,3730.26
7381,3830.94
7382,3923.19
7383,3884.0
7384,3600.16
7385,2990.88
7386,3404.52
7387,2860.65
7388,2816.94
7389,2770.08
7390,2793.88
7391,2730.78
7392,2707.56
7393,2399.89
7394,2500.62
7395,2032.96
7396,2003.91
7397,2045.31
7398,2701.96
7399,0.0
7400,2707.73
7401,2880.27
7402,2860.62
7403,2860.84
7404,2860.33
7405,2770.9
7406,2707.95
7407,2707.42
7408,2707.25
7409,2700.3
7410,2499.7
7411,2369.18
7412,2280.62
7413,2399.3
7414,1999.93
7415,2707.99
7416,2730.87
7417,2098.14
7418,2360.16
7419,3800.15
7420,4000.36
7421,3600.74
7422,3600.93
7423,3581.6
7424,3450.82
7425,2370.23
7426,2500.79
7427,3450.55
7428,3000.69
7429,3530.37
7430,3450.1
7431,2730.19
7432,2500.43
7433,1800.73
7434,1800.71
7435,1800.64
7436,1800.6
7437,1800.54
7438,1800.48
7439,1800.29
7440,1800.38
7441,1800.08
7442,1800.13
7443,1793.91
7444,1793.84
7445,1793.76
7446,1793.77
7447,1500.84
7448,1500.82
7449,1250.88
7450,1250.98
7451,1793.36
7452,1793.53
7453,1793.3
7454,1793.22
7455,1793.28
7456,1793.39
7457,1793.72
7458,1810.21
7459,2860.23
7460,3100.76
7461,2300.96
7462,2860.92
7463,2860.46
7464,3200.22
7465,3600.62
7466,3600.14
7467,3600.31
7468,3600.6
7469,4200.85
7470,4200.36
7471,3999.08
7472,3379.97
7473,4200.09
7474,4052.56
7475,3570.55
7476,3600.12
7477,2892.74
7478,2892.02
7479,2902.53
7480,3305.23
7481,2860.34
7482,2860.8
7483,2860.12
7484,2860.48
7485,2902.63
7486,3100.84
7487,2902.23
7488,2860.29
7489,3408.74
7490,3401.21
7491,2850.5
7492,2707.5
7493,2707.11
7494,2707.41
7495,2922.5
7496,2860.33
7497,2707.23
7498,2699.31
7499,2399.42
7500,2399.39
7501,2340.94
7502,2399.15
7503,2399.76
7504,2399.62
7505,2707.29
7506,2707.69
7507,2750.48
7508,2990.55
7509,3600.29
7510,3900.76
7511,2862.59
7512,2860.78
7513,4000.88
7514,7049.61
7515,5001.22
7516,4669.49
7517,5001.91
7518,5003.86
7519,4500.68
7520,4200.05
7521,3040.24
7522,3030.8
7523,2889.56
7524,2730.1
7525,2553.33
7526,2434.3
7527,2795.67
7528,2402.88
7529,2402.75
7530,2402.71
7531,2421.38
7532,2453.33
7533,2402.66
7534,2402.6
7535,2131.5
7536,2131.84
7537,2275.19
7538,2139.44
7539,2131.07
7540,2124.17
7541,2099.49
7542,2099.17
7543,2121.96
7544,2121.15
7545,2199.95
7546,2280.42
7547,2320.63
7548,2199.49
7549,2266.65
7550,2431.39
7551,3150.86
7552,3450.43
7553,2159.73
7554,2432.0
7555,2430.65
7556,2860.86
7557,3250.51
7558,3200.5
7559,2860.83
7560,2400.77
7561,2816.42
7562,2816.73
7563,4200.08
7564,4999.2
7565,5412.58
7566,5729.01
7567,4580.37
7568,4200.36
7569,4580.04
7570,4500.85
7571,4470.38
7572,4499.18
7573,3891.54
7574,3570.88
7575,3250.98
7576,2999.44
7577,4499.8
7578,3600.92
7579,4499.15
7580,3761.49
7581,3600.03
7582,3400.89
7583,2900.66
7584,2700.69
7585,2707.02
7586,2399.9
7587,3000.76
7588,3450.77
7589,3450.82
7590,3250.36
7591,3250.55
7592,3000.6
7593,3000.23
7594,2707.98
7595,2707.36
7596,2700.24
7597,2155.96
7598,2359.92
7599,2360.7
7600,2360.8
7601,2399.09
7602,2399.26
7603,2670.28
7604,2707.31
7605,2730.22
7606,2860.5
7607,3600.98
7608,4669.32
7609,4669.9
7610,5642.65
7611,4000.41
7612,4017.32
7613,3800.21
7614,3999.56
7615,3650.78
7616,3479.24
7617,3379.37
7618,3379.55
7619,3029.94
7620,2889.78
7621,3500.27
7622,3535.46
7623,3650.11
7624,3500.57
7625,2557.9
7626,2557.16
7627,1979.98
7628,1979.81
7629,1999.94
7630,2572.74
7631,3500.71
7632,3650.87
7633,2630.38
7634,2224.0
7635,2000.39
7636,1999.84
7637,1810.0
7638,1999.12
7639,1999.58
7640,2300.09
7641,2500.55
7642,1999.91
7643,2300.27
7644,2150.99
7645,2500.98
7646,3000.22
7647,2399.14
7648,2599.38
7649,3000.76
7650,3327.79
7651,3550.74
7652,3800.32
7653,3830.0
7654,4000.07
7655,3310.11
7656,3123.01
7657,2860.71
7658,2903.93
7659,3900.62
7660,4580.67
7661,6000.92
7662,5500.78
7663,4880.49
7664,4580.79
7665,4200.63
7666,4150.02
7667,4500.6
7668,4089.36
7669,4627.16
7670,3999.08
7671,4000.19
7672,3773.11
7673,3772.46
7674,3600.43
7675,3930.0
7676,3800.06
7677,3700.39
7678,3700.7
7679,4000.86
7680,3830.72
7681,2780.4
7682,2383.16
7683,2850.83
7684,2800.47
7685,3305.27
7686,3305.98
7687,3600.44
7688,3042.68
7689,3500.17
7690,2862.28
7691,3450.35
7692,2990.51
7693,2860.95
7694,2860.34
7695,2860.04
7696,2850.72
7697,2701.86
7698,2860.73
7699,3450.01
7700,3650.61
7701,4000.85
7702,3850.09
7703,4799.48
7704,4401.51
7705,4200.62
7706,4669.21
7707,4499.21
7708,4501.84
7709,4019.38
7710,4200.81
7711,4100.98
7712,3451.2
7713,3040.8
7714,3600.77
7715,4019.87
7716,3600.3
7717,3650.52
7718,3600.21
7719,4000.07
7720,3600.42
7721,3600.03
7722,3531.42
7723,2999.9
7724,2903.95
7725,2862.66
7726,2900.5
7727,2776.74
7728,2816.73
7729,2900.92
7730,3010.88
7731,3105.23
7732,2999.6
7733,2600.74
7734,2602.19
7735,2362.89
7736,2364.15
7737,2500.57
7738,2500.48
7739,2860.28
7740,2860.15
7741,2999.62
7742,3305.71
7743,3607.35
7744,3650.08
7745,3250.64
7746,3250.38
7747,3250.81
7748,3608.0
7749,4316.44
7750,4316.23
7751,3500.76
7752,3600.93
7753,4580.14
7754,4999.89
7755,5500.34
7756,5599.49
7757,6000.8
7758,6000.68
7759,5000.66
7760,4900.09
7761,4848.56
7762,4750.44
7763,4900.08
7764,4981.31
7765,4620.68
7766,4500.39
7767,4000.51
7768,3650.23
7769,4499.75
7770,4500.38
7771,5574.81
7772,5547.96
7773,4274.07
7774,3600.65
7775,3600.14
7776,3523.76
7777,3650.73
7778,4669.24
7779,3703.0
7780,3450.43
7781,3500.78
7782,3500.26
7783,3600.17
7784,3500.25
7785,3300.89
7786,3450.33
7787,3500.73
7788,3500.73
7789,3300.03
7790,3250.88
7791,3463.56
7792,3500.15
7793,3500.09
7794,3300.95
7795,3600.08
7796,3600.47
7797,4669.8
7798,5499.59
7799,4669.79
7800,4999.54
7801,4904.0
7802,5500.16
7803,6000.26
7804,6000.23
7805,5599.77
7806,7049.46
7807,6249.71
7808,6200.04
7809,4395.11
7810,4289.37
7811,3943.0
7812,4000.56
7813,4000.25
7814,5499.42
7815,4505.58
7816,3800.39
7817,3388.73
7818,3250.39
7819,3450.44
7820,3450.98
7821,3480.5
7822,3200.15
7823,3250.25
7824,3000.68
7825,2602.78
7826,2602.04
7827,2900.85
7828,2900.67
7829,2900.91
7830,2900.65
7831,2431.16
7832,2364.77
7833,2860.77
7834,2900.64
7835,3000.67
7836,3000.91
7837,3500.51
7838,3305.75
7839,3600.62
7840,3730.63
7841,3650.55
7842,4289.97
7843,3650.21
7844,3650.24
7845,5499.24
7846,4850.87
7847,4395.3
7848,4395.39
7849,3600.56
7850,4000.96
7851,5070.66
7852,7300.6
7853,8000.17
7854,8000.02
7855,7469.08
7856,5678.65
7857,6004.87
7858,5678.73
7859,4752.2
7860,4200.38
7861,4900.52
7862,4233.99
7863,3250.59
7864,3032.25
7865,3930.41
7866,4690.36
7867,4799.41
7868,5499.22
7869,3500.79
7870,3500.59
7871,3500.72
7872,3500.75
7873,4669.94
7874,4669.95
7875,5624.5
7876,5469.08
7877,3600.73
7878,3600.35
7879,3600.87
7880,3600.7
7881,3600.84
7882,3770.08
7883,3770.47
7884,3600.87
7885,3531.28
7886,3535.02
7887,3607.6
7888,3607.0
7889,3531.78
7890,3971.29
7891,5000.09
7892,4053.0
7893,5469.29
7894,7300.97
7895,6249.78
7896,6249.71
7897,4914.51
7898,6499.01
7899,5959.01
7900,5959.61
7901,5599.13
7902,4937.44
7903,4880.29
7904,4849.34
7905,4239.02
7906,4239.45
7907,5210.0
7908,4669.96
7909,5469.11
7910,4669.75
7911,4136.19
7912,3600.9
7913,3000.03
7914,2860.82
7915,3500.08
7916,3500.8
7917,3650.37
7918,3800.92
7919,3650.71
7920,3650.53
7921,3379.45
7922,3379.2
7923,3447.74
7924,3305.07
7925,2500.61
7926,2423.81
7927,2500.73
7928,2600.3
7929,2529.77
7930,2860.31
7931,2850.94
7932,2850.79
7933,3032.29
7934,3070.07
7935,4000.57
7936,5000.11
7937,3388.15
7938,3305.87
7939,3750.41
7940,3478.64
7941,4003.44
7942,4580.91
7943,5226.91
7944,4690.43
7945,4200.96
7946,5137.94
7947,6005.54
7948,7678.82
7949,12000.0
7950,12000.0
7951,6005.77
7952,5975.0
7953,4760.35
7954,4580.2
7955,5100.48
7956,5499.04
7957,7169.44
7958,6008.97
7959,4316.38
7960,4290.38
7961,5499.34
7962,5959.2
7963,6226.65
7964,5959.31
7965,6059.62
7966,6129.38
7967,7213.09
7968,6848.47
7969,5000.23
7970,4914.05
7971,5959.46
7972,5800.8
7973,5959.05
7974,5959.51
7975,5500.29
7976,4914.01
7977,4137.0
7978,4000.68
7979,3971.47
7980,3772.44
7981,3971.26
7982,4100.9
7983,5500.82
7984,5648.25
7985,6249.18
7986,6500.14
7987,4396.35
7988,6059.19
7989,5959.0
7990,6059.54
7991,7213.15
7992,7365.77
7993,6500.55
7994,8500.11
7995,7365.73
7996,11763.49
7997,7365.52
7998,7365.91
7999,7199.73
8000,6915.29
8001,5249.59
8002,5249.42
8003,4914.37
8004,4129.69
8005,4129.73
8006,4129.1
8007,5000.16
8008,4316.93
8009,3980.13
8010,3999.78
8011,3009.83
8012,3032.91
8013,3478.38
8014,3514.0
8015,3305.61
8016,3388.62
8017,2860.87
8018,3000.07
8019,3000.26
8020,2860.55
8021,2399.75
8022,2399.97
8023,2860.09
8024,3400.84
8025,3800.96
8026,2860.89
8027,3607.75
8028,3400.49
8029,3400.71
8030,3388.48
8031,3600.81
8032,3600.01
8033,4000.63
8034,6499.73
8035,5535.77
8036,5599.87
8037,4669.07
8038,4580.71
8039,5500.87
8040,6000.33
8041,5294.92
8042,5294.99
8043,7363.08
8044,9001.0
8045,12000.0
8046,12000.0
8047,12000.0
8048,12000.0
8049,12000.0
8050,12000.0
8051,8129.03
8052,5765.13
8053,5500.36
8054,5289.8
8055,5227.11
8056,4981.6
8057,5527.72
8058,6486.48
8059,7099.01
8060,7213.2
8061,6059.03
8062,6059.76
8063,5237.72
8064,5078.98
8065,3800.47
8066,4136.38
8067,4750.27
8068,4669.81
8069,3773.08
8070,3650.83
8071,4262.64
8072,4000.77
8073,3700.35
8074,3650.48
8075,3750.02
8076,4500.08
8077,3700.03
8078,4000.11
8079,4100.24
8080,3800.85
8081,3712.86
8082,3800.62
8083,3800.6
8084,5000.08
8085,5499.28
8086,5599.13
8087,6696.66
8088,6850.61
8089,5499.24
8090,7049.85
8091,5959.47
8092,5499.35
8093,5499.18
8094,5499.27
8095,4500.48
8096,4500.19
8097,3750.96
8098,4000.22
8099,3769.82
8100,3678.64
8101,3671.0
8102,3600.63
8103,3600.28
8104,3196.75
8105,1999.22
8106,2629.78
8107,2320.68
8108,2320.32
8109,2701.18
8110,2862.41
8111,2707.43
8112,2900.2
8113,2707.47
8114,2707.19
8115,2637.06
8116,2399.54
8117,1734.68
8118,1734.66
8119,2360.72
8120,2360.68
8121,1999.73
8122,1999.68
8123,1499.65
8124,1499.52
8125,2399.78
8126,2399.46
8127,3305.2
8128,3305.26
8129,2159.21
8130,2400.12
8131,3531.64
8132,4000.89
8133,4800.22
8134,4453.64
8135,3700.51
8136,3600.75
8137,2362.5
8138,3000.65
8139,3700.47
8140,4036.37
8141,4500.44
8142,4669.9
8143,4902.93
8144,4669.55
8145,3900.26
8146,3600.21
8147,4880.68
8148,4790.41
8149,4669.76
8150,4580.22
8151,3010.43
8152,2860.84
8153,3388.69
8154,3999.26
8155,4316.48
8156,4336.54
8157,3501.85
8158,3501.98
8159,3712.91
8160,3531.49
8161,2860.28
8162,2892.41
8163,4669.54
8164,5388.96
8165,4333.06
8166,3769.13
8167,3700.38
8168,3700.61
8169,3500.95
8170,3438.87
8171,3600.41
8172,3600.44
8173,3250.29
8174,3029.92
8175,3410.29
8176,3600.12
8177,3379.86
8178,3379.11
8179,3600.08
8180,3600.37
8181,3600.07
8182,4129.7
8183,4300.71
8184,4500.32
8185,4850.59
8186,5506.53
8187,4800.81
8188,5500.01
8189,4823.5
8190,4777.0
8191,4750.28
8192,4500.51
8193,3650.3
8194,3999.68
8195,4150.65
8196,4000.36
8197,4050.5
8198,3999.11
8199,3769.92
8200,3379.02
8201,3060.83
8202,2978.96
8203,3000.3
8204,2990.32
8205,3251.0
8206,3535.31
8207,3640.34
8208,3600.04
8209,3305.07
8210,3305.42
8211,2816.82
8212,2701.35
8213,1998.23
8214,1943.81
8215,2270.39
8216,2816.21
8217,3049.55
8218,3049.34
8219,3029.3
8220,3029.89
8221,3535.24
8222,3600.41
8223,3600.24
8224,3700.75
8225,4300.7
8226,4649.76
8227,4316.2
8228,4275.3
8229,4500.06
8230,5120.24
8231,4396.45
8232,3900.28
8233,4396.28
8234,5000.94
8235,7009.67
8236,9000.31
8237,12000.0
8238,12000.0
8239,10000.29
8240,7300.67
8241,9500.68
8242,7495.44
8243,12000.0
8244,9500.23
8245,9500.24
8246,8989.86
8247,8989.71
8248,7279.85
8249,8989.87
8250,9076.41
8251,10000.9
8252,9345.07
8253,10000.68
8254,10538.14
8255,10371.84
8256,10250.84
8257,12000.0
8258,12000.0
8259,10001.0
8260,9799.81
8261,6493.57
8262,6493.77
8263,5500.08
8264,5469.45
8265,5007.9
8266,5008.56
8267,4119.82
8268,4136.2
8269,4150.5
8270,4396.21
8271,5004.97
8272,5469.84
8273,5505.1
8274,5522.14
8275,8002.93
8276,8008.87
8277,0.0
8278,8289.18
8279,12000.0
8280,12000.0
8281,12000.0
8282,12000.0
8283,12000.0
8284,12000.0
8285,12000.0
8286,12000.0
8287,10481.0
8288,7359.67
8289,6365.22
8290,5450.61
8291,4500.4
8292,4147.72
8293,4002.76
8294,4050.48
8295,4275.1
8296,4007.38
8297,4062.11
8298,3600.77
8299,3250.73
8300,3250.68
8301,3437.52
8302,3600.45
8303,3305.46
8304,3250.77
8305,3556.96
8306,3600.44
8307,3600.99
8308,3379.47
8309,3032.15
8310,3000.42
8311,3500.91
8312,4000.67
8313,3680.88
8314,3670.06
8315,3600.76
8316,3600.02
8317,4090.77
8318,4500.07
8319,4698.27
8320,4500.91
8321,4500.21
8322,6314.49
8323,7359.05
8324,7359.25
8325,6696.93
8326,7279.54
8327,7501.0
8328,8001.9
8329,5500.92
8330,8002.52
8331,12000.0
8332,12000.0
8333,12000.0
8334,12000.0
8335,12000.0
8336,12000.0
8337,12000.0
8338,12000.0
8339,12000.0
8340,12000.0
8341,12000.0
8342,12000.0
8343,12000.0
8344,12000.0
8345,12000.0
8346,12000.0
8347,12000.0
8348,12000.0
8349,12000.0
8350,12000.0
8351,12000.0
8352,11989.98
8353,10767.7
8354,7499.64
8355,9251.39
8356,11000.42
8357,9036.77
8358,11066.83
8359,7359.15
8360,7359.42
8361,5500.52
8362,5500.98
8363,4999.96
8364,4999.95
8365,5378.62
8366,5130.92
8367,5999.04
8368,5999.22
8369,7359.03
8370,7359.56
8371,7359.08
8372,8999.91
8373,8999.2
8374,11206.37
8375,12000.0
8376,12000.0
8377,12000.0
8378,12000.0
8379,12000.0
8380,12000.0
8381,12000.0
8382,12000.0
8383,7499.77
8384,6499.91
8385,4999.27
8386,4999.94
8387,5498.89
8388,4999.93
8389,5500.3
8390,5599.57
8391,5689.43
8392,5000.95
8393,5500.15
8394,5500.9
8395,4800.51
8396,4316.86
8397,4275.67
8398,4140.89
8399,3799.41
8400,4275.7
8401,5999.1
8402,6000.14
8403,4235.11
8404,3680.23
8405,2860.69
8406,2860.36
8407,2911.27
8408,2911.78
8409,2860.21
8410,2869.29
8411,3305.04
8412,3305.06
8413,3049.04
8414,3049.77
8415,7359.68
8416,8000.1
8417,7800.38
8418,9041.06
8419,10334.25
8420,10998.99
8421,5560.27
8422,5560.53
8423,5599.67
8424,5999.37
8425,5088.46
8426,6499.89
8427,8006.7
8428,8999.91
8429,11989.49
8430,11688.89
8431,5499.39
8432,5999.2
8433,5999.28
8434,5120.47
8435,5070.71
8436,5500.2
8437,5999.49
8438,5999.2
8439,4981.94
8440,4600.64
8441,6499.16
8442,7372.59
8443,6499.66
8444,6001.71
8445,5999.03
8446,5500.45
8447,4300.21
8448,4200.76
8449,3712.04
8450,3712.3
8451,5599.18
8452,6000.12
8453,5500.53
8454,5500.38
8455,5000.51
8456,4610.86
8457,3640.9
8458,3600.54
8459,4500.36
8460,4700.33
8461,4261.84
8462,4300.82
8463,4396.72
8464,4396.92
8465,4401.78
8466,5500.47
8467,5500.43
8468,5500.16
8469,7000.82
8470,7000.38
8471,6001.75
8472,6008.47
8473,6499.73
8474,7501.15
8475,7200.5
8476,7500.8
8477,7200.75
8478,6500.55
8479,5999.96
8480,5999.02
8481,4000.4
8482,3997.26
8483,4000.3
8484,3900.05
8485,4434.41
8486,4396.81
8487,5379.04
8488,5500.09
8489,3773.85
8490,3600.44
8491,5469.37
8492,4500.86
8493,4316.96
8494,4500.61
8495,5379.76
8496,5000.65
8497,3600.82
8498,3600.3
8499,3388.76
8500,3388.82
8501,2362.49
8502,2362.14
8503,2701.24
8504,2860.02
8505,3670.79
8506,3780.78
8507,3535.72
8508,3535.5
8509,2860.14
8510,2860.72
8511,4600.1
8512,4700.93
8513,3680.12
8514,4763.0
8515,4000.26
8516,3680.53
8517,2892.48
8518,3150.28
8519,3501.54
8520,3600.58
8521,2860.87
8522,3388.9
8523,2860.11
8524,3482.82
8525,4631.1
8526,4914.46
8527,4500.48
8528,4250.84
8529,4316.53
8530,4100.91
8531,3803.97
8532,3773.49
8533,3900.32
8534,3813.36
8535,3500.43
8536,3600.19
8537,4300.53
8538,4600.86
8539,4500.65
8540,4400.09
8541,3500.9
8542,3596.0
8543,4200.61
8544,4500.92
8545,5000.3
8546,4649.1
8547,3600.83
8548,3600.94
8549,3680.39
8550,3712.46
8551,5578.85
8552,4200.53
8553,3556.46
8554,3449.37
8555,3388.85
8556,3600.98
8557,2860.73
8558,2938.5
8559,3600.2
8560,3580.16
8561,4500.59
8562,4799.41
8563,4500.77
8564,4500.47
8565,4500.16
8566,3912.96
8567,4500.97
8568,4500.92
8569,4500.45
8570,4500.31
8571,4500.09
8572,4500.98
8573,3912.66
8574,4150.79
8575,2860.74
8576,2860.93
8577,2860.83
8578,3288.99
8579,3600.35
8580,3600.74
8581,3800.12
8582,3780.03
8583,3670.67
8584,3556.97
8585,3000.95
8586,2760.26
8587,2439.49
8588,2498.93
8589,2860.85
8590,3070.04
8591,2860.56
8592,2670.75
8593,2362.1
8594,2364.63
8595,2602.22
8596,2519.12
8597,2360.42
8598,2439.2
8599,2399.84
8600,2340.98
8601,1739.64
8602,1739.88
8603,2000.44
8604,2860.02
8605,1534.95
8606,2103.42
8607,2999.97
8608,3700.82
8609,2860.17
8610,2610.04
8611,2810.16
8612,2892.39
8613,2700.57
8614,2602.77
8615,2830.78
8616,3250.05
8617,3478.97
8618,3478.98
8619,3570.73
8620,3800.0
8621,4500.13
8622,4300.97
8623,4200.01
8624,3581.13
8625,2889.7
8626,2860.63
8627,2633.33
8628,2869.04
8629,4520.12
8630,4400.8
8631,3351.2
8632,3049.88
8633,3600.65
8634,3620.79
8635,3250.85
8636,3600.28
8637,3556.42
8638,3438.77
8639,2892.33
8640,2602.23
289,3379.77
290,3060.12
291,3000.4
292,2860.49
293,2860.63
294,2860.89
295,2790.74
296,2860.35
297,2720.73
298,2701.18
299,2860.16
300,2860.97
301,2632.16
302,2860.96
303,2860.47
304,2860.63
305,3000.11
306,2860.16
307,2860.59
308,3001.0
309,2910.37
310,2760.74
311,3900.37
312,4300.56
313,3379.62
314,3600.5
315,3305.67
316,3305.57
317,2816.82
318,2816.54
319,2860.13
320,3288.73
321,2910.23
322,3000.5
323,2860.89
324,3600.28
325,2860.23
326,2632.89
327,2820.78
328,2619.61
329,2362.88
330,2159.54
331,2079.14
332,2340.34
333,2339.7
334,2339.27
335,2079.25
336,2079.41
337,2009.57
338,1999.31
339,1979.82
340,1999.36
341,1979.74
342,1979.57
343,2010.03
344,1979.82
345,1979.82
346,1916.19
347,1916.02
348,1916.72
349,1916.56
350,2400.86
351,2800.99
352,3600.32
353,2816.58
354,3305.45
355,3800.18
356,3501.02
357,2860.9
358,3449.05
359,2700.29
360,3700.04
361,4600.04
362,4999.96
363,4299.2
364,3408.33
365,4750.84
366,4801.5
367,3600.82
368,3600.1
369,3540.4
370,3501.6
371,4600.61
372,5040.47
373,5499.92
374,5060.86
375,4567.86
376,4000.78
377,3540.18
378,3600.06
379,3600.6
380,3600.1
381,2369.91
382,2570.38
383,2535.5
384,2600.93
3265,5487.12
3266,5000.06
3267,4100.37
3268,4000.54
3269,4012.91
3270,4000.82
3271,4100.19
3272,4001.5
3273,4100.09
3274,4300.38
3275,3830.9
3276,3718.5
3277,3600.87
3278,3600.91
3279,3830.39
3280,3950.25
3281,3700.28
3282,3680.59
3283,4050.79
3284,4050.22
3285,4200.47
3286,5498.86
3287,4500.31
3288,4318.06
3289,3703.92
3290,4500.58
3291,4500.85
3292,4500.06
3293,3979.5
3294,3357.6
3295,3600.44
3296,3710.8
3297,2910.76
3298,2860.95
3299,3800.18
3300,3400.83
3301,4318.78
3302,3450.98
3303,2699.32
3304,2599.27
3305,2367.2
3306,2369.86
3307,2750.84
3308,2099.73
3309,2860.29
3310,2860.93
3311,2860.51
3312,2860.47
3313,2719.26
3314,2399.57
3315,2270.95
3316,2129.21
3317,1739.18
3318,1798.12
3319,1798.58
3320,1798.33
3321,2010.51
3322,1916.82
3323,1456.98
3324,1629.56
3325,1456.92
3326,1456.92
3327,1449.59
3328,1449.97
3329,1979.36
3330,1999.12
3331,0.0
3332,4649.11
3333,2976.59
3334,3371.02
3335,4370.63
3336,4670.3
3337,4380.0
3338,4600.43
3339,3314.66
3340,3314.95
3341,4000.6
3342,4000.85
3343,3999.44
3344,3914.7
3345,3303.53
3346,3303.78
3347,3303.21
3348,3600.7
3349,4600.87
3350,5200.63
3351,4500.37
3352,4600.43
3353,3600.51
3354,4000.02
3355,3250.78
3356,2850.76
3357,2600.1
3358,3030.34
3359,3481.14
3360,3501.05
5953,3600.5
5954,3700.38
5955,3250.57
5956,2947.2
5957,4150.3
5958,4000.74
5959,3830.9
5960,3800.43
5961,3680.54
5962,3750.4
5963,3700.87
5964,3640.53
5965,3478.47
5966,3500.92
5967,3500.64
5968,3600.15
5969,3700.94
5970,3830.41
5971,3800.41
5972,3769.22
5973,3600.81
5974,3540.03
5975,3900.36
5976,4178.23
5977,4221.61
5978,4350.24
5979,4500.5
5980,4500.49
5981,4000.81
5982,4000.01
5983,5499.17
5984,4500.48
5985,3050.14
5986,3300.45
5987,4200.94
5988,4749.55
5989,3100.61
5990,2860.57
5991,2921.18
5992,3030.96
5993,2985.6
5994,3437.38
5995,3556.66
5996,3600.2
5997,4126.0
5998,4649.82
5999,3535.32
6000,3526.8
6001,2990.75
6002,3200.9
6003,2860.37
6004,2816.26
6005,2359.91
6006,2399.26
6007,2399.6
6008,2399.82
6009,3200.02
6010,3200.87
6011,2750.94
6012,2816.28
6013,3437.03
6014,3420.56
6015,3556.87
6016,4250.0
6017,3379.5
6018,3500.58
6019,3600.15
6020,3600.96
6021,3531.81
6022,3999.9
6023,4350.74
6024,0.0
6025,3630.54
6026,4750.23
6027,5500.78
6028,6093.24
6029,7000.88
6030,7000.8
6031,5499.82
6032,5499.4
6033,5499.27
6034,5000.47
6035,5000.41
6036,5499.75
6037,7000.13
6038,7359.27
6039,5600.34
6040,5600.06
6041,6808.59
6042,6884.38
6043,5499.48
6044,5600.41
6045,4299.99
6046,4963.86
6047,4200.74
6048,4000.88
8929,4000.18
8930,3900.89
8931,4999.05
8932,5035.58
8933,4000.94
8934,4000.85
8935,3900.84
8936,3900.89
8937,4000.45
8938,3900.41
8939,4000.43
8940,4200.66
8941,4000.7
8942,4030.85
8943,4150.71
8944,4052.64
8945,5487.86
8946,5499.23
8947,4050.73
8948,4012.45
8949,4500.3
8950,4500.94
8951,5501.29
8952,6000.64
8953,4500.7
8954,5500.47
8955,5499.45
8956,5801.48
8957,4143.51
8958,3900.32
8959,4000.14
8960,3601.0
8961,3332.47
8962,3600.0
8963,3291.63
8964,3600.6
8965,4000.96
8966,4000.37
8967,3281.01
8968,2999.94
8969,2860.08
8970,2889.14
8971,3600.85
8972,3500.13
8973,3500.71
8974,3600.61
8975,3600.09
8976,3124.76
8977,3310.87
8978,3250.9
8979,2876.19
8980,2860.66
8981,2609.42
8982,2707.74
8983,2700.21
8984,2550.28
8985,2707.55
8986,2750.11
8987,2399.53
8988,2399.52
8989,2860.32
8990,3490.38
8991,5000.8
8992,5000.59
8993,3650.93
8994,3700.09
8995,4500.23
8996,4200.4
8997,3900.66
8998,4300.65
8999,4600.29
9000,4300.92
9001,4649.75
9002,5000.69
9003,5800.42
9004,7284.22
9005,9463.04
9006,8539.23
9007,5599.39
9008,5499.03
9009,4914.96
9010,4800.56
9011,4800.88
9012,5190.66
9013,5499.82
9014,6314.99
9015,5900.68
9016,5550.95
9017,7359.64
9018,8049.03
9019,8049.15
9020,7284.94
9021,5499.85
9022,5499.53
9023,5499.74
9024,5499.85
11809,5499.68
11810,5499.5
11811,4914.85
11812,4500.91
11813,4200.85
11814,4258.22
11815,4200.88
11816,4200.02
11817,4500.28
11818,4208.6
11819,3999.47
11820,4000.85
11821,3999.7
11822,4000.27
11823,4200.69
11824,4200.18
11825,3789.0
11826,4000.56
11827,3700.65
11828,3700.22
11829,3538.22
11830,3600.03
11831,5000.31
11832,6249.76
11833,5600.58
11834,6503.19
11835,5499.65
11836,5500.56
11837,5500.54
11838,5294.0
11839,5499.39
11840,3872.0
11841,3900.75
11842,4135.28
11843,4143.49
11844,3900.05
11845,4500.03
11846,4384.32
11847,4200.61
11848,4031.79
11849,2889.73
11850,2910.79
11851,2860.95
11852,2701.32
11853,2550.23
11854,2860.6
11855,2860.37
11856,2860.32
11857,2913.59
11858,3280.38
11859,3600.17
11860,3490.96
11861,2399.74
11862,2362.82
11863,2599.65
11864,2707.56
11865,3500.13
11866,2860.78
11867,2860.37
11868,2860.31
11869,3410.82
11870,3500.72
11871,3800.95
11872,4829.97
11873,5000.66
11874,5500.29
11875,5500.27
11876,5000.92
11877,4031.47
11878,4600.2
11879,5499.75
11880,5599.58
11881,5289.57
11882,5289.66
11883,5499.87
11884,6999.31
11885,10000.0
11886,10000.0
11887,8000.96
11888,7500.06
11889,6002.62
11890,6000.43
11891,6002.39
11892,6005.43
11893,5000.94
11894,5088.08
11895,4601.96
11896,4963.53
11897,6000.61
11898,6001.19
11899,6000.8
11900,5499.24
11901,4507.26
11902,4500.69
11903,3700.92
11904,3800.72
14785,4200.83
14786,3830.33
14787,4649.66
14788,4508.5
14789,5900.98
14790,5500.42
14791,3700.87
14792,3680.44
14793,3060.36
14794,3470.63
14795,3470.71
14796,3680.84
14797,3600.04
14798,3680.43
14799,4000.3
14800,4000.3
14801,4350.57
14802,4500.08
14803,5499.25
14804,5499.92
14805,5289.79
14806,5499.74
14807,5079.46
14808,5500.88
14809,5499.12
14810,5289.13
14811,4314.18
14812,4100.9
14813,4249.39
14814,3504.0
14815,4208.0
14816,3772.9
14817,3250.93
14818,2910.77
14819,2467.5
14820,2760.15
14821,3470.51
14822,3440.46
14823,2910.85
14824,2765.3
14825,3800.38
14826,3687.76
14827,3291.3
14828,2850.77
14829,2700.57
14830,2431.57
14831,1740.84
14832,1740.91
14833,4300.84
14834,3950.84
14835,3305.42
14836,3046.5
14837,2498.58
14838,2498.94
14839,2707.3
14840,2707.11
14841,2700.87
14842,2700.05
14843,2700.39
14844,2700.48
14845,2707.82
14846,3700.84
14847,5469.18
14848,5499.02
14849,3999.94
14850,5000.23
14851,5500.85
14852,5500.86
14853,4963.04
14854,5000.78
14855,5500.05
14856,5749.13
14857,4800.4
14858,5599.49
14859,5900.72
14860,5900.62
14861,10000.0
14862,10000.0
14863,10000.0
14864,10000.0
14865,5499.69
14866,5000.85
14867,4999.51
14868,5500.75
14869,8438.98
14870,9863.58
14871,10000.0
14872,10000.0
14873,9989.05
14874,10000.0
14875,10000.0
14876,8599.9
14877,5667.69
14878,5900.79
14879,5500.4
14880,5289.17
17665,6325.59
17666,5900.61
17667,6829.53
17668,6000.66
17669,7499.08
17670,6872.95
17671,6249.97
17672,5900.08
17673,5500.49
17674,5500.97
17675,5494.93
17676,5300.83
17677,5000.85
17678,5000.53
17679,5289.92
17680,5200.68
17681,4001.84
17682,5000.94
17683,5250.41
17684,5499.09
17685,7000.68
17686,7500.14
17687,9323.2
17688,8000.92
17689,6872.21
17690,7049.43
17691,6008.28
17692,5500.94
17693,4818.66
17694,4500.08
17695,4200.86
17696,3470.4
17697,2806.77
17698,2800.37
17699,3470.27
17700,3470.15
17701,3900.23
17702,4799.27
17703,5499.37
17704,4570.81
17705,4100.49
17706,3773.42
17707,3167.31
17708,3260.52
17709,3531.75
17710,3535.13
17711,4100.82
17712,3929.74
17713,4000.82
17714,3999.54
17715,3610.68
17716,3681.0
17717,2999.04
17718,2700.88
17719,3535.76
17720,3700.54
17721,4300.77
17722,4728.8
17723,3750.62
17724,3750.94
17725,4031.11
17726,4500.07
17727,4031.82
17728,5559.01
17729,4500.53
17730,4500.25
17731,5013.51
17732,5516.85
17733,3783.61
17734,3800.8
17735,4750.59
17736,4750.48
17737,4649.77
17738,5850.6
17739,9000.18
17740,10000.0
17741,10000.0
17742,10000.0
17743,7999.7
17744,6597.46
17745,5599.64
17746,6001.27
17747,5500.74
17748,5499.93
17749,7000.37
17750,7250.8
17751,6872.06
17752,6000.55
17753,7020.62
17754,7999.58
17755,8868.65
17756,9655.39
17757,9000.63
17758,9911.91
17759,10000.0
17760,10000.0
20641,8500.02
20642,7999.05
20643,5499.82
20644,5499.44
20645,6503.04
20646,6505.51
20647,4959.22
20648,4510.4
20649,4000.32
20650,5289.76
20651,5499.59
20652,5499.61
20653,5499.19
20654,5499.43
20655,5289.43
20656,4959.55
20657,4899.33
20658,6000.52
20659,6899.74
20660,7359.16
20661,6499.38
20662,7000.75
20663,7500.65
20664,7999.04
20665,5500.88
20666,6872.06
20667,7002.8
20668,6872.06
20669,5749.19
20670,6791.19
20671,5289.53
20672,5289.09
20673,3531.93
20674,3531.94
20675,5499.49
20676,4649.27
20677,5499.19
20678,5551.73
20679,6000.07
20680,4649.94
20681,3772.8
20682,3772.29
20683,3535.71
20684,3535.78
20685,4649.64
20686,5005.04
20687,4314.23
20688,3305.7
20689,3300.72
20690,3299.71
20691,2816.63
20692,2871.31
20693,2400.39
20694,2700.83
20695,2750.22
20696,2707.78
20697,2707.46
20698,2700.59
20699,3470.53
20700,2816.74
20701,3306.0
20702,3470.53
20703,4314.62
20704,5499.68
20705,5469.25
20706,5561.94
20707,6093.28
20708,7359.09
20709,5000.96
20710,5159.82
20711,4800.57
20712,5000.68
20713,4914.12
20714,5200.22
20715,6000.79
20716,9000.8
20717,10000.0
20718,10000.0
20719,10000.0
20720,8000.2
20721,5900.71
20722,6219.0
20723,6899.12
20724,7301.83
20725,10000.0
20726,10000.0
20727,10000.0
20728,10000.0
20729,10000.0
20730,10000.0
20731,10000.0
20732,10000.0
20733,9364.26
20734,10000.0
20735,6750.03
20736,6219.68
23617,4999.86
23618,4999.78
23619,5500.45
23620,5500.01
23621,7000.96
23622,7000.17
23623,4000.03
23624,3680.17
23625,3500.47
23626,3912.66
23627,6899.55
23628,6975.02
23629,6249.85
23630,6499.24
23631,5500.36
23632,5500.09
23633,6975.54
23634,7499.81
23635,10000.0
23636,10000.0
23637,7499.87
23638,10000.0
23639,6899.65
23640,10000.0
23641,5587.61
23642,6499.12
23643,7359.95
23644,6975.76
23645,5500.93
23646,4999.6
23647,4258.15
23648,4029.78
23649,3773.55
23650,4314.26
23651,4000.33
23652,3531.56
23653,3999.03
23654,3470.66
23655,2891.57
23656,2649.07
23657,2609.65
23658,2550.47
23659,2360.78
23660,2364.34
23661,3052.39
23662,3052.47
23663,3000.54
23664,2700.8
23665,621.26
23666,199.62
23667,2329.48
23668,2360.53
23669,2399.23
23670,2645.58
23671,2602.04
23672,2632.48
23673,2645.35
23674,2645.4
23675,2700.12
23676,2645.97
23677,2399.95
23678,2645.49
23679,2645.68
23680,2700.06
23681,2816.79
23682,5289.01
23683,5491.22
23684,4500.78
23685,3600.05
23686,3482.78
23687,4500.56
23688,5499.43
23689,4787.2
23690,5499.83
23691,4959.87
23692,5159.8
23693,5289.27
23694,5500.58
23695,4999.34
23696,4981.42
23697,4649.53
23698,5428.0
23699,5520.44
23700,5590.75
23701,7999.88
23702,7999.67
23703,6300.37
23704,5500.43
23705,5900.53
23706,6300.23
23707,6301.0
23708,6300.47
23709,8502.3
23710,8504.04
23711,5500.33
23712,5289.88
26497,5500.87
26498,5000.67
26499,5000.84
26500,5000.57
26501,4101.0
26502,3999.8
26503,3773.36
26504,4200.04
26505,4200.58
26506,4000.87
26507,3835.05
26508,3835.36
26509,4200.75
26510,4200.5
26511,4200.87
26512,5500.35
26513,5500.4
26514,4500.49
26515,7049.91
26516,10000.0
26517,4200.21
26518,4200.01
26519,6501.02
26520,6506.45
26521,5600.34
26522,5500.55
26523,5089.34
26524,5089.37
26525,5989.14
26526,5299.51
26527,6249.6
26528,5989.51
26529,5631.84
26530,5500.33
26531,4100.25
26532,2900.3
26533,2700.31
26534,2910.85
26535,3470.79
26536,3470.61
26537,4000.62
26538,3900.57
26539,4318.24
26540,3202.78
26541,3450.09
26542,2869.66
26543,2869.54
26544,3685.86
26545,2998.99
26546,2998.94
26547,2869.65
26548,2816.8
26549,2816.13
26550,2816.26
26551,2921.46
26552,2921.48
26553,5206.07
26554,3305.58
26555,3049.28
26556,3049.28
26557,3029.17
26558,3049.56
26559,4062.37
26560,4000.22
26561,3541.97
26562,4223.61
26563,5600.67
26564,5000.58
26565,5900.06
26566,5168.06
26567,5500.72
26568,6499.23
26569,5099.17
26570,5600.93
26571,6250.84
26572,8001.7
26573,10000.0
26574,10000.0
26575,10000.0
26576,10000.0
26577,9959.87
26578,10000.0
26579,10000.0
26580,10000.0
26581,10000.0
26582,10000.0
26583,10000.0
26584,10000.0
26585,10000.0
26586,10000.0
26587,10000.0
26588,10000.0
26589,10000.0
26590,10000.0
26591,10000.0
26592,10000.0
29473,10000.0
29474,10000.0
29475,10000.0
29476,10000.0
29477,10000.0
29478,10000.0
29479,10000.0
29480,10000.0
29481,10000.0
29482,10000.0
29483,10000.0
29484,10000.0
29485,10000.0
29486,10000.0
29487,10000.0
29488,10000.0
29489,10000.0
29490,10000.0
29491,10000.0
29492,10000.0
29493,10000.0
29494,10000.0
29495,10000.0
29496,10000.0
29497,10000.0
29498,10000.0
29499,10000.0
29500,10000.0
29501,10000.0
29502,10000.0
29503,5500.4
29504,4937.63
29505,5300.19
29506,4783.85
29507,4396.37
29508,4649.88
29509,5130.0
29510,4316.96
29511,3900.05
29512,3706.25
29513,3498.45
29514,3700.45
29515,4100.71
29516,4200.4
29517,3700.34
29518,3622.0
29519,4000.81
29520,3900.18
29521,3806.29
29522,3806.68
29523,3724.0
29524,3619.04
29525,3189.17
29526,3349.33
29527,3806.02
29528,3687.37
29529,3500.03
29530,3189.68
29531,3600.18
29532,4200.09
29533,5000.52
29534,5000.45
29535,6000.67
29536,6000.21
29537,5900.72
29538,5900.8
29539,7000.54
29540,6999.38
29541,6049.9
29542,6899.55
29543,6049.09
29544,6999.36
29545,6999.31
29546,8000.4
29547,8500.92
29548,10000.0
29549,10000.0
29550,10000.0
29551,10000.0
29552,10000.0
29553,10000.0
29554,10000.0
29555,10000.0
29556,10000.0
29557,10000.0
29558,10000.0
29559,10000.0
29560,10000.0
29561,10000.0
29562,10000.0
29563,10000.0
29564,10000.0
29565,10000.0
29566,10000.0
29567,10000.0
29568,10000.0
32353,10000.0
32354,10000.0
32355,10000.0
32356,10000.0
32357,10000.0
32358,10000.0
32359,10000.0
32360,10000.0
32361,8999.6
32362,8899.98
32363,5600.22
32364,5500.42
32365,4319.0
32366,4300.4
32367,3835.5
32368,4000.66
32369,5900.64
32370,7359.07
32371,7019.9
32372,7359.21
32373,7061.59
32374,8003.84
32375,10000.0
32376,10000.0
32377,10000.0
32378,10000.0
32379,8005.46
32380,6999.94
32381,5000.22
32382,4300.36
32383,4400.32
32384,4300.04
32385,3470.83
32386,2910.8
32387,3470.09
32388,3470.6
32389,3772.08
32390,3708.57
32391,4649.41
32392,3699.88
32393,3029.93
32394,3051.88
32395,2990.75
32396,3035.69
32397,3060.7
32398,3051.67
32399,3316.17
32400,3280.34
32401,3129.93
32402,3300.03
32403,3100.69
32404,3100.17
32405,2669.26
32406,2669.61
32407,3000.43
32408,3800.07
32409,3420.27
32410,3500.81
32411,4000.11
32412,4000.7
32413,4700.06
32414,5500.05
32415,5000.57
32416,4800.06
32417,5500.29
32418,5000.85
32419,5299.25
32420,5299.36
32421,5000.93
32422,5248.0
32423,5000.2
32424,5470.78
32425,6049.45
32426,6999.61
32427,8000.53
32428,10000.0
32429,10000.0
32430,10000.0
32431,10000.0
32432,10000.0
32433,10000.0
32434,10000.0
32435,10000.0
32436,10000.0
32437,10000.0
32438,10000.0
32439,10000.0
32440,10000.0
32441,10000.0
32442,10000.0
32443,10000.0
32444,10000.0
32445,10000.0
32446,10000.0
32447,10000.0
32448,10000.0
9793,10000.0
9794,10000.0
9795,10000.0
9796,10000.0
9797,10000.0
9798,10000.0
9799,10000.0
9800,9998.23
9801,6109.52
9802,6109.58
9803,5000.24
9804,5000.02
9805,5500.75
9806,7494.84
9807,7394.64
9808,7500.04
9809,9989.18
9810,9989.71
9811,10000.0
9812,7000.78
9813,10000.0
9814,10000.0
9815,10000.0
9816,10000.0
9817,10000.0
9818,10000.0
9819,10000.0
9820,8200.17
9821,5500.15
9822,5000.16
9823,4316.8
9824,4316.03
9825,4200.52
9826,3888.86
9827,4000.07
9828,3779.51
9829,3300.99
9830,3399.92
9831,3535.38
9832,3500.71
9833,3500.55
9834,3600.21
9835,3772.69
9836,3535.86
9837,3800.45
9838,3800.85
9839,4150.41
9840,4000.99
9841,3772.29
9842,3685.25
9843,3535.16
9844,3531.91
9845,3300.18
9846,3305.34
9847,3049.87
9848,3049.95
9849,3470.52
9850,3305.5
9851,3470.33
9852,3470.5
9853,3470.51
9854,3470.74
9855,4316.47
9856,4316.69
9857,6000.39
9858,6049.0
9859,7000.74
9860,7000.34
9861,7359.67
9862,6819.44
9863,7359.25
9864,7359.59
9865,6975.36
9866,10000.0
9867,10000.0
9868,10000.0
9869,10000.0
9870,10000.0
9871,10000.0
9872,10000.0
9873,10000.0
9874,10000.0
9875,10000.0
9876,10000.0
9877,10000.0
9878,10000.0
9879,10000.0
9880,10000.0
9881,10000.0
9882,10000.0
9883,10000.0
9884,10000.0
9885,10000.0
9886,10000.0
9887,10000.0
9888,10000.0
9889,10000.0
9890,10000.0
9891,10000.0
9892,10000.0
9893,10000.0
9894,10000.0
9895,10000.0
9896,10000.0
9897,10000.0
9898,10000.0
9899,10000.0
9900,10000.0
9901,10000.0
9902,10000.0
9903,10000.0
9904,10000.0
9905,7499.97
9906,6999.88
9907,5000.61
9908,5500.49
9909,5667.27
9910,5667.6
9911,6999.27
9912,7020.46
9913,6712.0
9914,5900.46
9915,6000.45
9916,5900.66
9917,4601.56
9918,4050.47
9919,3772.54
9920,3300.09
9921,3772.29
9922,3780.06
9923,6000.64
9924,6000.45
9925,5779.21
9926,4950.54
9927,6975.35
9928,6500.41
9929,3772.49
9930,3535.62
9931,3700.29
9932,3600.87
9933,3801.54
9934,4001.9
9935,4469.46
9936,4316.94
9937,5000.57
9938,6049.44
9939,5779.94
9940,4638.95
9941,3526.82
9942,3531.86
9943,4505.13
9944,3685.01
9945,3685.93
9946,3305.07
9947,3050.0
9948,3470.54
9949,3470.56
9950,3526.32
9951,6049.4
9952,6999.23
9953,6049.2
9954,6049.11
9955,7359.58
9956,7359.9
9957,6469.97
9958,6059.64
9959,6975.1
9960,7359.03
9961,6049.09
9962,10000.0
9963,10000.0
9964,10000.0
9965,10000.0
9966,10000.0
9967,10000.0
9968,10000.0
9969,10000.0
9970,10000.0
9971,10000.0
9972,10000.0
9973,10000.0
9974,10000.0
9975,10000.0
9976,10000.0
9977,10000.0
9978,10000.0
9979,10000.0
9980,10000.0
9981,10000.0
9982,10000.0
9983,10000.0
9984,10000.0
9985,0.0
9986,10000.0
9987,10000.0
9988,10000.0
9989,10000.0
9990,10000.0
9991,10000.0
9992,10000.0
9993,10000.0
9994,10000.0
9995,10000.0
9996,10000.0
9997,5996.64
9998,5998.76
9999,4636.48
10000,4636.93
10001,4387.88
10002,5900.71
10003,8049.95
10004,8049.14
10005,5779.53
10006,5779.4
10007,6999.05
10008,6999.98
10009,4500.74
10010,4100.55
10011,4800.52
10012,4981.42
10013,4700.43
10014,4649.71
10015,5900.16
10016,4500.36
10017,4799.5
10018,4140.3
10019,3470.47
10020,3529.33
10021,3482.47
10022,3900.45
10023,4400.43
10024,4501.75
10025,3600.38
10026,3619.21
10027,3600.43
10028,3900.07
10029,4140.18
10030,4141.0
10031,3900.83
10032,3700.47
10033,3772.63
10034,3700.04
10035,3526.72
10036,3526.61
10037,2912.98
10038,2700.44
10039,3305.27
10040,3305.87
10041,3535.49
10042,3535.46
10043,3772.75
10044,4140.13
10045,5000.81
10046,7000.29
10047,7394.38
10048,6975.8
10049,6000.44
10050,6975.28
10051,9000.08
10052,9000.27
10053,6552.0
10054,7499.14
10055,6699.75
10056,7394.08
10057,4981.1
10058,6499.3
10059,10000.0
10060,10000.0
10061,10000.0
10062,10000.0
10063,10000.0
10064,10000.0
10065,10000.0
10066,10000.0
10067,10000.0
10068,10000.0
10069,10000.0
10070,10000.0
10071,10000.0
10072,10000.0
10073,10000.0
10074,10000.0
10075,10000.0
10076,10000.0
10077,10000.0
10078,10000.0
10079,10000.0
10080,10000.0
10081,10000.0
10082,10000.0
10083,10000.0
10084,10000.0
10085,10000.0
10086,10000.0
10087,10000.0
10088,10000.0
10089,10000.0
10090,10000.0
10091,10000.0
10092,10000.0
10093,10000.0
10094,10000.0
10095,10000.0
10096,10000.0
10097,10000.0
10098,10000.0
10099,10000.0
10100,10000.0
10101,10000.0
10102,10000.0
10103,10000.0
10104,10000.0
10105,5999.45
10106,5999.49
10107,5500.85
10108,5299.91
10109,4950.8
10110,4929.92
10111,4718.93
10112,4500.7
10113,3158.71
10114,3035.86
10115,3440.69
10116,3050.92
10117,3190.9
10118,3300.59
10119,3402.99
10120,3403.0
10121,2884.93
10122,2697.34
10123,1999.76
10124,1955.88
10125,2700.69
10126,2767.0
10127,2700.25
10128,2700.33
10129,2700.01
10130,1819.9
10131,1819.67
10132,1819.74
10133,199.46
10134,199.78
10135,356.0
10136,599.45
10137,1000.21
10138,1859.3
10139,2700.16
10140,1859.71
10141,2700.34
10142,2700.37
10143,2400.26
10144,2912.59
10145,4074.75
10146,5000.79
10147,4304.99
10148,4000.52
10149,3470.28
10150,3601.95
10151,4000.94
10152,4304.13
10153,3500.37
10154,4883.49
10155,5299.06
10156,6975.81
10157,7000.37
10158,10000.0
10159,10000.0
10160,10000.0
10161,10000.0
10162,8200.61
10163,10000.0
10164,10000.0
10165,10000.0
10166,10000.0
10167,10000.0
10168,10000.0
10169,10000.0
10170,10000.0
10171,10000.0
10172,10000.0
10173,10000.0
10174,10000.0
10175,10000.0
10176,10000.0
10177,10000.0
10178,10000.0
10179,10000.0
10180,10000.0
10181,10000.0
10182,0.0
10183,0.0
10184,0.0
10185,10000.0
10186,10000.0
10187,10000.0
10188,10000.0
10189,5999.27
10190,5999.42
10191,5000.21
10192,4883.03
10193,5800.29
10194,5900.23
10195,5500.59
10196,5500.4
10197,5500.57
10198,5779.9
10199,8500.66
10200,9000.05
10201,3899.98
10202,4100.26
10203,5779.56
10204,6000.63
10205,5000.97
10206,4700.78
10207,4799.45
10208,3849.51
10209,2770.78
10210,2760.64
10211,2649.53
10212,2920.29
10213,4399.69
10214,4659.77
10215,4500.19
10216,3510.05
10217,3440.85
10218,2700.88
10219,4304.56
10220,4370.45
10221,5999.03
10222,5920.15
10223,6500.14
10224,5999.13
10225,4469.14
10226,3500.11
10227,3035.52
10228,3035.55
10229,2885.07
10230,2885.91
10231,3806.17
10232,4000.97
10233,4399.15
10234,4399.74
10235,3714.68
10236,4200.07
10237,4024.82
10238,4240.92
10239,5000.76
10240,5000.21
10241,3715.91
10242,3685.44
10243,5000.3
10244,5001.0
10245,4700.32
10246,4200.59
10247,5900.35
10248,5750.21
10249,4937.19
10250,6999.21
10251,10000.0
10252,10000.0
10253,10000.0
10254,10000.0
10255,10000.0
10256,10000.0
10257,10000.0
10258,10000.0
10259,10000.0
10260,10000.0
10261,10000.0
10262,10000.0
10263,10000.0
10264,10000.0
10265,10000.0
10266,10000.0
10267,10000.0
10268,10000.0
10269,10000.0
10270,10000.0
10271,10000.0
10272,10000.0
10273,10000.0
10274,10000.0
10275,10000.0
10276,10000.0
10277,10000.0
10278,10000.0
10279,10000.0
10280,10000.0
10281,10000.0
10282,10000.0
10283,10000.0
10284,10000.0
10285,10000.0
10286,10000.0
10287,10000.0
10288,10000.0
10289,10000.0
10290,10000.0
10291,10000.0
10292,10000.0
10293,10000.0
10294,10000.0
10295,10000.0
10296,10000.0
10297,10000.0
10298,10000.0
10299,8599.52
10300,8499.42
10301,6000.97
10302,6000.77
10303,5500.28
10304,5899.74
10305,4799.27
10306,4799.35
10307,4370.27
10308,4304.02
10309,5178.36
10310,5746.71
10311,4800.84
10312,4350.66
10313,4351.5
10314,4500.54
10315,4751.62
10316,4751.94
10317,4799.98
10318,5899.32
10319,5497.13
10320,4489.72
10321,4097.95
10322,4330.73
10323,4024.75
10324,4024.51
10325,4024.58
10326,4024.67
10327,3999.14
10328,3799.15
10329,5000.83
10330,6000.01
10331,5565.25
10332,5000.36
10333,5500.38
10334,5500.83
10335,5010.36
10336,5500.29
10337,4600.89
10338,5500.34
10339,6500.62
10340,7793.8
10341,8499.13
10342,8499.96
10343,6500.68
10344,6500.34
10345,10000.0
10346,10000.0
10347,10000.0
10348,10000.0
10349,10000.0
10350,10000.0
10351,10000.0
10352,10000.0
10353,10000.0
10354,10000.0
10355,10000.0
10356,10000.0
10357,10000.0
10358,10000.0
10359,10000.0
10360,10000.0
10361,10000.0
10362,10000.0
10363,10000.0
10364,10000.0
10365,10000.0
10366,10000.0
10367,10000.0
10368,10000.0
10369,10000.0
10370,10000.0
10371,10000.0
10372,10000.0
10373,10000.0
10374,10000.0
10375,10000.0
10376,10000.0
10377,10000.0
10378,10000.0
10379,10000.0
10380,10000.0
10381,10000.0
10382,10000.0
10383,5257.77
10384,5489.58
10385,5000.23
10386,6000.17
10387,3990.82
10388,3999.83
10389,3412.97
10390,3999.17
10391,6093.59
10392,6999.75
10393,3999.3
10394,4024.69
10395,4531.0
10396,4420.88
10397,3529.24
10398,3512.13
10399,3402.17
10400,2770.89
10401,1979.74
10402,1979.81
10403,4100.03
10404,4300.61
10405,4499.51
10406,4499.18
10407,4304.45
10408,4304.34
10409,3500.02
10410,3715.96
10411,4304.03
10412,3715.96
10413,3883.03
10414,3990.14
10415,3618.77
10416,3618.61
10417,3640.22
10418,3900.38
10419,4000.75
10420,4300.25
10421,3609.03
10422,3600.74
10423,3618.76
10424,3709.08
10425,4150.14
10426,5000.83
10427,5959.22
10428,5206.73
10429,4330.5
10430,4041.72
10431,4024.34
10432,4069.4
10433,4000.07
10434,4240.84
10435,6499.97
10436,8229.03
10437,5500.8
10438,5500.02
10439,5660.61
10440,4859.65
10441,5199.29
10442,5400.7
10443,5501.24
10444,6001.94
10445,10000.0
10446,10000.0
10447,10000.0
10448,10000.0
10449,10000.0
10450,10000.0
10451,10000.0
10452,10000.0
10453,10000.0
10454,10000.0
10455,10000.0
10456,10000.0
10457,10000.0
10458,10000.0
10459,10000.0
10460,10000.0
10461,10000.0
10462,10000.0
10463,10000.0
10464,10000.0
10465,10000.0
10466,10000.0
10467,10000.0
10468,10000.0
10469,10000.0
10470,10000.0
10471,10000.0
10472,10000.0
10473,4500.83
10474,4500.12
10475,3690.22
10476,3900.13
10477,4950.06
10478,4500.76
10479,4500.81
10480,4500.31
10481,5486.16
10482,5500.26
10483,4999.44
10484,4999.37
10485,5900.17
10486,7359.85
10487,7359.19
10488,7359.03
10489,5489.25
10490,5000.58
10491,5178.2
10492,4914.51
10493,4024.69
10494,3618.73
10495,3572.44
10496,2770.84
10497,3470.58
10498,3565.71
10499,2229.33
10500,2229.14
10501,2760.11
10502,2700.73
10503,3300.16
10504,3250.22
10505,2500.85
10506,2700.41
10507,3475.52
10508,3412.42
10509,3360.85
10510,3500.51
10511,3000.62
10512,3000.34
10513,3512.32
10514,3572.31
10515,3499.79
10516,3499.98
10517,3029.81
10518,2499.51
10519,2701.62
10520,3051.81
10521,2600.73
10522,2599.74
10523,3512.74
10524,3900.82
10525,3601.56
10526,3572.41
10527,4000.44
10528,4000.83
10529,3600.67
10530,3604.76
10531,4000.62
10532,4100.5
10533,3512.4
10534,3529.4
10535,3402.25
10536,3350.96
10537,2576.57
10538,2212.44
10539,2657.66
10540,4310.22
10541,10000.0
10542,10000.0
10543,10000.0
10544,10000.0
10545,10000.0
10546,10000.0
10547,5499.06
10548,5189.33
10549,4601.19
10550,4981.19
10551,4250.04
10552,4620.44
10553,9999.19
10554,10000.0
10555,7395.0
10556,6499.77
10557,5900.62
10558,5637.21
10559,5900.63
10560,5900.84
10561,6006.8
10562,6000.89
10563,5500.43
10564,4600.46
10565,4150.71
10566,4050.67
10567,3840.84
10568,3999.24
10569,3840.75
10570,4050.94
10571,3404.66
10572,3404.41
10573,2700.64
10574,2700.68
10575,3426.46
10576,3500.51
10577,3495.85
10578,3449.19
10579,4330.3
10580,4399.3
10581,3784.33
10582,4050.02
10583,4305.5
10584,4500.75
10585,3572.74
10586,3572.62
10587,4170.82
10588,3529.68
10589,3470.18
10590,3020.34
10591,3512.94
10592,2700.97
10593,2700.98
10594,2860.11
10595,3018.46
10596,2920.56
10597,3529.4
10598,4100.6
10599,3395.26
10600,3189.75
10601,3300.47
10602,3200.71
10603,3108.08
10604,3179.51
10605,2700.8
10606,3000.23
10607,2896.0
10608,2657.44
10609,2700.31
10610,2700.65
10611,2940.0
10612,2730.73
10613,2499.68
10614,2499.48
10615,3104.4
10616,3104.01
10617,2499.63
10618,3402.01
10619,3402.57
10620,3189.63
10621,3600.84
10622,4000.52
10623,4500.18
10624,4500.2
10625,4500.04
10626,4300.04
10627,3900.79
10628,4024.03
10629,3501.62
10630,4024.38
10631,3900.68
10632,3831.2
10633,4620.97
10634,4751.16
10635,4350.39
10636,5000.73
10637,6499.91
10638,9999.26
10639,6499.04
10640,6200.48
10641,5000.58
10642,5000.86
10643,4999.71
10644,4981.91
10645,4999.63
10646,4999.87
10647,4809.38
10648,4783.69
10649,3999.88
10650,5000.5
10651,3999.62
10652,4110.91
10653,3840.61
10654,3840.03
10655,4300.96
10656,4399.41
10657,4700.79
10658,4800.15
10659,3470.49
10660,2701.88
10661,1999.53
10662,1999.47
10663,2700.92
10664,3690.32
10665,4399.49
10666,4800.94
10667,4799.81
10668,4700.9
10669,3784.59
10670,2999.75
10671,3470.84
10672,3800.89
10673,4112.19
10674,4112.46
10675,3935.55
10676,3800.34
10677,3470.51
10678,3412.28
10679,3784.79
10680,4600.16
10681,4000.17
10682,3800.55
10683,3800.33
10684,4278.33
10685,4200.88
10686,3440.54
10687,2770.08
10688,2492.83
10689,2700.15
10690,3470.1
10691,3900.88
10692,3470.96
10693,2770.15
10694,2920.31
10695,2700.28
10696,2510.55
10697,2920.46
10698,2701.87
10699,2500.12
10700,2770.15
10701,3600.76
10702,3806.78
10703,4000.25
10704,3806.55
10705,3330.11
10706,3104.32
10707,3000.81
10708,2991.15
10709,2699.17
10710,2700.39
10711,2900.06
10712,3000.06
10713,2808.73
10714,2808.65
10715,3205.09
10716,3204.36
10717,3402.56
10718,3500.07
10719,2885.8
10720,2885.26
10721,3070.64
10722,3344.0
10723,3402.59
10724,3420.52
10725,3402.18
10726,3520.17
10727,2700.54
10728,2369.16
10729,1979.41
10730,1979.99
10731,1979.2
10732,1980.0
10733,3704.98
10734,3525.22
10735,3470.65
10736,3715.85
10737,3470.16
10738,3450.32
10739,3600.84
10740,3756.86
10741,4500.6
10742,4469.62
10743,4399.7
10744,4499.49
10745,3501.4
10746,3756.86
10747,4000.32
10748,3501.91
10749,3470.72
10750,3470.74
10751,3800.25
10752,3153.96
10753,5501.1
10754,5001.5
10755,3470.89
10756,3221.53
10757,4050.88
10758,3800.53
10759,3840.51
10760,3489.6
10761,3690.96
10762,3806.67
10763,3700.66
10764,3690.06
10765,3470.75
10766,3599.19
10767,3470.35
10768,3310.71
10769,3470.22
10770,3324.0
10771,3404.47
10772,3470.29
10773,3470.88
10774,3619.07
10775,3440.82
10776,3400.04
10777,4000.07
10778,4401.0
10779,4399.28
10780,4399.19
10781,2700.67
10782,2369.36
10783,3029.28
10784,3022.82
10785,2199.53
10786,2649.2
10787,2678.91
10788,2569.9
10789,2369.89
10790,1994.14
10791,1499.67
10792,1499.32
10793,1499.05
10794,1319.42
10795,989.88
10796,1369.04
10797,1499.4
10798,1499.1
10799,999.56
10800,999.48
10801,1332.0
10802,1499.7
10803,1009.46
10804,1009.06
10805,699.32
10806,699.3
10807,699.39
10808,699.55
10809,699.43
10810,699.35
10811,699.48
10812,699.81
10813,2273.15
10814,1804.49
10815,1665.94
10816,1665.86
10817,1641.78
10818,1641.31
10819,1499.44
10820,1499.33
10821,1349.37
10822,1499.35
10823,1979.28
10824,1979.01
10825,2688.5
10826,3402.26
10827,2921.46
10828,3001.4
10829,3705.75
10830,3504.3
10831,2921.39
10832,2707.94
10833,3501.0
10834,3502.73
10835,3681.71
10836,4200.23
10837,3404.8
10838,3404.08
10839,4399.09
10840,4200.39
10841,3511.0
10842,3619.86
10843,4400.99
10844,4400.65
10845,3189.9
10846,3429.25
10847,3400.17
10848,3189.7
10849,3030.46
10850,3200.0
10851,3504.75
10852,3470.7
10853,3470.71
10854,3500.39
10855,4290.5
10856,4469.89
10857,3900.75
10858,3700.41
10859,3700.03
10860,3673.25
10861,3470.24
10862,3470.07
10863,3470.66
10864,3329.0
10865,3035.14
10866,3035.48
10867,3470.99
10868,3806.64
10869,3609.55
10870,3609.93
10871,5599.94
10872,5000.67
10873,4455.77
10874,4800.72
10875,4399.64
10876,3779.65
10877,3470.46
10878,2780.89
10879,3000.5
10880,2569.96
10881,3500.24
10882,3618.99
10883,3572.01
10884,2780.59
10885,3402.35
10886,3050.92
10887,2748.37
10888,2700.1
10889,2369.01
10890,2700.22
10891,2808.61
10892,2780.34
10893,3200.85
10894,3402.3
10895,3000.42
10896,2808.15
10897,2612.1
10898,2657.18
10899,2360.4
10900,2550.72
10901,1998.81
10902,1999.29
10903,2176.3
10904,2700.14
10905,2678.77
10906,3070.05
10907,2360.92
10908,2360.58
10909,2612.72
10910,2500.68
10911,2098.86
10912,2727.5
10913,3000.93
10914,3509.0
10915,4338.94
10916,4300.67
10917,2707.73
10918,2707.88
10919,3360.4
10920,3200.71
10921,3035.71
10922,3402.3
10923,4410.92
10924,5189.04
10925,4981.13
10926,4950.04
10927,4500.35
10928,3969.2
10929,4059.02
10930,4200.4
10931,4514.06
10932,4500.49
10933,5500.49
10934,5890.75
10935,5500.09
10936,5189.93
10937,5200.5
10938,5000.71
10939,4499.75
10940,4098.02
10941,3470.54
10942,3860.26
10943,5200.08
10944,5200.29
10945,5999.56
10946,5500.69
10947,5500.3
10948,5200.84
10949,4700.38
10950,4500.29
10951,3860.03
10952,3715.07
10953,3710.54
10954,3710.96
10955,3750.03
10956,3860.43
10957,3030.78
10958,3035.44
10959,3860.05
10960,3800.22
10961,3806.11
10962,3860.39
10963,4156.45
10964,4050.4
10965,3652.15
10966,4391.61
10967,4800.89
10968,4701.0
10969,4200.72
10970,4800.2
10971,4500.22
10972,3800.24
10973,4950.64
10974,4410.32
10975,3499.32
10976,2780.34
10977,2700.06
10978,2700.27
10979,3500.95
10980,3512.75
10981,3800.55
10982,3800.14
10983,3796.88
10984,3547.26
10985,2713.31
10986,2701.81
10987,2701.41
10988,2992.0
10989,2947.55
10990,3402.2
10991,3510.59
10992,3402.09
10993,3402.65
10994,3353.1
10995,3806.15
10996,3608.44
10997,2678.1
10998,2808.55
10999,3200.99
11000,3351.76
11001,3510.17
11002,3609.14
11003,2808.35
11004,3003.77
11005,3900.99
11006,4100.42
11007,3512.29
11008,3512.72
11009,4000.83
11010,4000.39
11011,3572.77
11012,3572.76
11013,3572.16
11014,3572.31
11015,3603.0
11016,3572.47
11017,2700.43
11018,2894.33
11019,4050.13
11020,4399.59
11021,4630.25
11022,4800.41
11023,4783.1
11024,4666.2
11025,3314.0
11026,3212.67
11027,2700.13
11028,2700.12
11029,4400.64
11030,4399.31
11031,4399.32
11032,4140.99
11033,4399.83
11034,4140.99
11035,4500.12
11036,3768.74
11037,5500.41
11038,5467.76
11039,4800.3
11040,3619.99
11041,3860.27
11042,3714.93
11043,3441.3
11044,3441.98
11045,3035.43
11046,3189.38
11047,3507.42
11048,3500.66
11049,3153.44
11050,3060.37
11051,3710.46
11052,3710.58
11053,2999.39
11054,2999.64
11055,3000.66
11056,2999.29
11057,2727.94
11058,2727.84
11059,3502.97
11060,3507.53
11061,3050.65
11062,3118.41
11063,4100.95
11064,4399.94
11065,3470.35
11066,3470.79
11067,3399.77
11068,3281.66
11069,2930.31
11070,2866.13
11071,3399.87
11072,3300.44
11073,2930.74
11074,3039.7
11075,3470.12
11076,3402.58
11077,3470.31
11078,3402.38
11079,2780.82
11080,2800.28
11081,2780.36
11082,2701.46
11083,3221.52
11084,3200.08
11085,2982.13
11086,3051.35
11087,3119.28
11088,2900.1
11089,2205.05
11090,2090.17
11091,1499.47
11092,1499.44
11093,1029.34
11094,1499.51
11095,2999.93
11096,3400.69
11097,3800.38
11098,3900.14
11099,4200.5
11100,4200.74
11101,4200.01
11102,4304.7
11103,4024.28
11104,4024.73
11105,3850.31
11106,3784.18
11107,4168.7
11108,4304.26
11109,4024.69
11110,4304.9
11111,3568.98
11112,3501.67
11113,3470.08
11114,3738.0
11115,2700.56
11116,3392.85
11117,5999.43
11118,8002.12
11119,5012.55
11120,5000.16
11121,3470.32
11122,3035.36
11123,4600.26
11124,4700.62
11125,5101.22
11126,5102.95
11127,4500.8
11128,4400.65
11129,3050.22
11130,3470.21
11131,4468.16
11132,4500.21
11133,5105.87
11134,5106.01
11135,4050.81
11136,3950.05
11137,4340.3
11138,4168.58
11139,3980.88
11140,4000.42
11141,4000.78
11142,3806.19
11143,3860.63
11144,3710.78
11145,3500.98
11146,3500.71
11147,3470.12
11148,3470.29
11149,1874.98
11150,1874.92
11151,2618.0
11152,2581.42
11153,3060.86
11154,3069.85
11155,3000.75
11156,3000.38
11157,2800.07
11158,3000.76
11159,3523.31
11160,3523.01
11161,3500.23
11162,4479.59
11163,4024.69
11164,3618.5
11165,2930.27
11166,2780.23
11167,2850.81
11168,2750.41
11169,2850.89
11170,2930.91
11171,3402.7
11172,3402.74
11173,3000.42
11174,3200.8
11175,3000.75
11176,3000.24
11177,3400.07
11178,3400.55
11179,3512.58
11180,3859.6
11181,3888.0
11182,4486.58
11183,5439.33
11184,5000.47
11185,4000.87
11186,3900.25
11187,3291.7
11188,3200.39
11189,1999.39
11190,2000.02
11191,3000.05
11192,3400.93
11193,4181.36
11194,4616.0
11195,5500.97
11196,5150.41
11197,3900.51
11198,3799.98
11199,4000.83
11200,4000.64
11201,3600.5
11202,3501.7
11203,3100.27
11204,3200.59
11205,2205.55
11206,2576.83
11207,3000.57
11208,3035.43
11209,1650.0
11210,2657.42
11211,4001.74
11212,4780.51
11213,5439.97
11214,5439.94
11215,4479.7
11216,4000.95
11217,3700.65
11218,3619.68
11219,3404.7
11220,3471.0
11221,3500.65
11222,4200.44
11223,5000.02
11224,4900.95
11225,4802.35
11226,4780.78
11227,3619.2
11228,3470.29
11229,3800.34
11230,3806.5
11231,4008.54
11232,4000.59
11233,4280.26
11234,4300.19
11235,4194.97
11236,4195.41
11237,3597.34
11238,3593.68
11239,3900.74
11240,3710.06
11241,3710.3
11242,3780.45
11243,3404.72
11244,3153.62
11245,3300.34
11246,3305.92
11247,3499.82
11248,3470.68
11249,3303.27
11250,3470.79
11251,3470.1
11252,3470.06
11253,3189.14
11254,3404.17
11255,3500.96
11256,4060.22
11257,3652.92
11258,3618.24
11259,4005.68
11260,3572.95
11261,3179.05
11262,3000.58
11263,3399.3
11264,3200.96
11265,2930.21
11266,2700.16
11267,2700.87
11268,2369.06
11269,3470.64
11270,3200.19
11271,3402.56
11272,3402.91
11273,3100.77
11274,3000.94
11275,2701.63
11276,3000.68
11277,3210.54
11278,3450.3
11279,3470.51
11280,3450.88
11281,3400.0
11282,3470.22
11283,3470.68
11284,3470.13
11285,3402.6
11286,3402.28
11287,3402.62
11288,3470.33
11289,2810.42
11290,3300.0
11291,3470.79
11292,3510.74
11293,3600.27
11294,3700.24
11295,4479.85
11296,4469.12
11297,3529.25
11298,3529.89
11299,2204.24
11300,1999.83
11301,1658.96
11302,1658.96
11303,1979.49
11304,1955.15
11305,1857.52
11306,2700.47
11307,1955.5
11308,2700.78
11309,4950.72
11310,5004.68
11311,4500.44
11312,4000.5
11313,4200.38
11314,3200.0
11315,4475.95
11316,4479.19
11317,4720.91
11318,4530.48
11319,4479.75
11320,4200.99
11321,3806.8
11322,4600.7
11323,4816.46
11324,4780.76
11325,3900.71
11326,4150.26
11327,4216.94
11328,4150.67
11329,4308.83
11330,4112.43
11331,3512.75
11332,3470.27
11333,3600.56
11334,3600.01
11335,3470.77
11336,3312.61
11337,3314.23
11338,3189.61
11339,3310.06
11340,3300.88
11341,2899.64
11342,3000.59
11343,2720.55
11344,2700.17
11345,2700.9
11346,3000.19
11347,3470.39
11348,3470.52
11349,3412.18
11350,3470.38
11351,5999.47
11352,5325.0
11353,3399.4
11354,3609.72
11355,3490.46
11356,3470.28
11357,3400.2
11358,3281.69
11359,2930.94
11360,2649.88
11361,1949.77
11362,1999.55
11363,2700.35
11364,2700.72
11365,2860.67
11366,2940.65
11367,3000.84
11368,2930.82
11369,3402.23
11370,3221.26
11371,2701.0
11372,2700.14
11373,1955.86
11374,1999.23
11375,2009.0
11376,2760.31
11377,3402.88
11378,3490.61
11379,3512.91
11380,3500.5
11381,1897.47
11382,1874.44
11383,2700.99
11384,2800.16
11385,2701.28
11386,3300.05
11387,2701.28
11388,3000.59
11389,2499.5
11390,2639.91
11391,3470.62
11392,3500.71
11393,3508.78
11394,3572.15
11395,3200.1
11396,3200.94
11397,1804.74
11398,1833.59
11399,2700.81
11400,2700.26
11401,3600.57
11402,4000.63
11403,4981.3
11404,5200.61
11405,5999.21
11406,5999.93
11407,5599.7
11408,5000.46
11409,4200.56
11410,4300.79
11411,4700.61
11412,4630.23
11413,4200.2
11414,4289.36
11415,4050.32
11416,3500.37
11417,4400.03
11418,4500.42
11419,4100.74
11420,4200.48
11421,3500.81
11422,3470.58
11423,3501.78
11424,3501.42
11425,4500.95
11426,5000.11
11427,4069.83
11428,4069.46
11429,4000.07
11430,3725.0
11431,3669.33
11432,3600.65
11433,3710.33
11434,3710.64
11435,3999.74
11436,3860.67
11437,3030.37
11438,2800.07
11439,3060.25
11440,2750.73
11441,2900.08
11442,3470.54
11443,3726.48
11444,3805.86
11445,4000.6
11446,4300.15
11447,4400.68
11448,4479.52
11449,3610.69
11450,3806.13
11451,3490.98
11452,2980.21
11453,2500.94
11454,1979.89
11455,2780.91
11456,2229.92
11457,1873.16
11458,1832.94
11459,1771.57
11460,1909.23
11461,1999.15
11462,1674.0
11463,1979.13
11464,1857.81
11465,1399.42
11466,1399.95
11467,2200.54
11468,2750.06
11469,2200.87
11470,2200.79
11471,2000.93
11472,2000.19
11473,2500.55
11474,2500.72
11475,2000.69
11476,2000.28
11477,2000.0
11478,1999.99
11479,2000.35
11480,2000.18
11481,1874.82
11482,1757.06
11483,1614.27
11484,1614.9
11485,1613.42
11486,1999.44
11487,1599.75
11488,2273.38
11489,1639.39
11490,1599.9
11491,2273.4
11492,2678.85
11493,2700.17
11494,2700.79
11495,2360.98
11496,2273.91
11497,2700.9
11498,2799.32
11499,2826.0
11500,2700.36
11501,4350.92
11502,4300.59
11503,2205.92
11504,1758.0
11505,3999.43
11506,3999.69
11507,1999.14
11508,1999.95
11509,3522.76
11510,3525.81
11511,1874.7
11512,1857.88
11513,3501.12
11514,3800.52
11515,3806.18
11516,3600.84
11517,2850.85
11518,2999.38
11519,3500.71
11520,3500.12
385,2500.72
386,1869.11
387,2700.62
388,3470.03
389,3470.41
390,3302.53
391,3470.05
392,3000.45
393,3250.11
394,3470.67
395,3250.67
396,2850.24
397,2610.98
398,2204.22
399,2470.62
400,2550.86
401,2700.66
402,2900.01
403,2701.78
404,2700.93
405,2576.04
406,2900.48
407,2900.46
408,2900.19
409,2607.1
410,2700.65
411,2679.24
412,2569.09
413,2679.32
414,2679.11
415,2200.63
416,1999.56
417,1681.9
418,1659.05
419,989.97
420,989.63
421,1399.66
422,1399.5
423,989.96
424,1399.2
425,1500.29
426,1399.21
427,989.18
428,989.09
429,699.96
430,989.7
431,499.52
432,499.61
433,2000.84
434,2000.74
435,1399.95
436,1500.3
437,1300.38
438,1300.78
439,1850.45
440,1999.42
441,1400.76
442,1400.91
443,2000.81
444,2078.73
445,1519.71
446,1519.87
447,1500.8
448,1519.29
449,1500.59
450,1978.5
451,1795.75
452,1941.75
453,2000.46
454,2273.14
455,1875.05
456,2000.19
457,3314.73
458,3726.93
459,3500.17
460,3500.53
461,3805.62
462,3715.54
463,3398.51
464,3330.97
465,3035.04
466,3035.49
467,2205.7
468,2573.63
469,1999.29
470,1857.92
471,2369.78
472,1999.97
473,2550.79
474,3330.21
475,2730.35
476,3330.2
477,2323.0
478,2369.09
479,1999.96
480,1873.65
3361,3927.27
3362,3905.68
3363,3500.59
3364,3850.61
3365,3497.39
3366,3480.35
3367,2730.26
3368,2900.66
3369,2793.37
3370,2730.49
3371,2607.04
3372,2701.13
3373,3170.28
3374,3330.81
3375,3580.05
3376,3500.36
3377,2900.69
3378,2896.72
3379,2900.81
3380,3250.42
3381,2500.74
3382,2576.25
3383,3500.62
3384,3580.63
3385,4130.24
3386,4201.77
3387,4250.26
3388,4201.78
3389,3314.75
3390,3029.65
3391,2199.48
3392,2199.58
3393,1869.57
3394,1889.52
3395,3000.35
3396,3512.19
3397,3000.87
3398,3314.19
3399,2730.75
3400,1997.44
3401,2500.66
3402,1957.27
3403,2000.38
3404,1999.2
3405,2360.82
3406,2570.67
3407,1981.37
3408,1968.37
3409,1897.4
3410,1881.65
3411,2000.17
3412,1762.25
3413,1651.75
3414,1721.76
3415,2369.23
3416,2932.14
3417,2146.9
3418,2273.17
3419,1874.56
3420,1999.02
3421,1911.66
3422,1959.97
3423,2500.99
3424,2775.78
3425,2730.31
3426,2628.3
3427,2205.66
3428,2730.03
3429,2679.98
3430,2900.83
3431,2576.1
3432,2500.78
3433,3000.76
3434,3806.36
3435,5017.33
3436,5944.3
3437,6989.55
3438,6500.04
3439,5944.02
3440,4999.64
3441,4200.61
3442,3829.55
3443,3330.03
3444,3619.51
3445,4981.73
3446,5170.62
3447,4475.4
3448,4250.4
3449,2921.2
3450,3000.58
3451,3000.83
3452,3000.85
3453,3000.47
3454,3010.57
3455,3030.75
3456,3000.51
6049,4999.86
6050,5200.73
6051,4999.19
6052,4479.6
6053,3000.82
6054,3000.78
6055,3302.87
6056,3307.47
6057,3301.18
6058,3300.74
6059,3550.43
6060,3550.13
6061,3000.61
6062,3000.38
6063,3010.36
6064,3035.4
6065,3035.34
6066,3189.92
6067,3101.96
6068,3550.07
6069,3281.73
6070,4479.7
6071,5000.58
6072,5599.02
6073,4938.6
6074,4999.07
6075,5944.98
6076,5944.82
6077,3855.36
6078,3599.23
6079,3000.78
6080,2730.91
6081,3000.02
6082,3000.89
6083,3000.2
6084,2898.71
6085,2900.91
6086,3000.78
6087,3275.85
6088,3716.33
6089,3001.14
6090,3001.43
6091,3005.8
6092,3005.51
6093,2771.0
6094,2730.58
6095,2730.91
6096,2448.52
6097,2399.16
6098,2500.54
6099,2150.0
6100,1999.76
6101,1659.23
6102,1659.02
6103,1799.55
6104,1999.81
6105,2868.1
6106,3000.58
6107,2808.04
6108,2808.71
6109,1995.6
6110,1994.96
6111,2500.01
6112,2400.62
6113,2500.82
6114,2606.78
6115,2623.66
6116,2730.41
6117,2808.34
6118,2857.0
6119,3716.83
6120,4079.27
6121,3999.61
6122,4051.28
6123,4630.98
6124,4981.17
6125,7500.6
6126,9000.01
6127,7000.03
6128,5944.26
6129,4900.9
6130,4579.19
6131,4600.44
6132,4600.15
6133,4981.71
6134,4650.57
6135,4508.89
6136,4300.9
6137,4500.48
6138,4500.68
6139,4500.23
6140,4107.49
6141,4500.48
6142,4500.9
6143,4999.52
6144,4600.27
9025,3330.77
9026,3330.16
9027,3544.28
9028,3500.75
9029,3850.41
9030,3700.76
9031,3846.2
9032,3922.4
9033,3814.02
9034,3719.6
9035,3700.88
9036,3685.6
9037,3480.99
9038,3189.82
9039,3522.3
9040,3556.65
9041,3700.29
9042,3708.65
9043,3743.98
9044,3800.78
9045,3619.43
9046,3999.94
9047,3933.92
9048,4320.45
9049,3814.96
9050,4799.62
9051,4500.12
9052,4300.14
9053,4500.23
9054,4500.35
9055,3100.65
9056,3029.11
9057,3029.36
9058,3000.9
9059,3330.88
9060,3330.77
9061,3330.12
9062,3330.28
9063,2657.29
9064,2547.6
9065,2730.45
9066,2701.04
9067,2657.79
9068,2730.1
9069,2730.83
9070,3000.43
9071,3300.11
9072,3000.19
9073,2556.4
9074,2576.53
9075,3005.36
9076,2730.38
9077,1996.87
9078,1999.2
9079,2730.56
9080,3212.09
9081,2700.7
9082,3000.98
9083,3420.9
9084,3700.4
9085,3000.76
9086,3000.05
9087,3000.73
9088,3450.84
9089,3112.73
9090,3201.51
9091,3814.59
9092,4000.45
9093,3716.6
9094,3450.09
9095,4100.33
9096,4499.89
9097,4200.89
9098,5911.93
9099,5944.85
9100,5600.02
9101,7416.41
9102,7499.46
9103,10000.0
9104,9500.41
9105,5938.43
9106,5060.62
9107,5170.85
9108,5000.15
9109,6969.57
9110,6006.16
9111,6006.79
9112,5599.84
9113,5599.69
9114,6006.12
9115,5170.22
9116,6200.37
9117,5599.54
9118,5938.72
9119,4579.31
9120,4856.37
11905,4489.44
11906,4499.13
11907,4000.61
11908,4000.46
11909,4499.73
11910,4499.97
11911,4499.63
11912,4499.64
11913,3850.66
11914,3970.9
11915,3970.99
11916,3784.28
11917,4479.53
11918,4479.44
11919,4579.43
11920,4552.48
11921,4469.64
11922,3963.86
11923,4479.59
11924,4479.58
11925,3281.88
11926,3300.03
11927,3050.11
11928,3300.6
11929,4110.29
11930,3869.79
11931,3779.09
11932,3621.0
11933,3610.51
11934,3705.3
11935,3610.65
11936,3512.03
11937,3179.92
11938,3010.75
11939,3500.88
11940,3300.68
11941,3512.84
11942,3705.89
11943,3512.38
11944,3010.76
11945,3501.84
11946,3503.56
11947,3706.0
11948,3772.2
11949,3909.89
11950,3909.99
11951,4000.14
11952,3726.22
11953,3900.81
11954,3990.5
11955,3716.62
11956,3700.0
11957,2730.29
11958,2657.63
11959,3400.43
11960,3512.04
11961,2930.21
11962,3000.89
11963,3035.01
11964,3000.16
11965,3315.89
11966,3700.11
11967,4479.32
11968,4579.4
11969,4479.26
11970,4579.54
11971,4499.83
11972,4499.83
11973,4676.71
11974,6002.06
11975,4499.8
11976,4489.91
11977,4479.8
11978,5339.76
11979,5339.43
11980,7000.1
11981,10000.0
11982,10000.0
11983,10000.0
11984,10000.0
11985,10000.0
11986,10000.0
11987,10000.0
11988,10000.0
11989,10000.0
11990,10000.0
11991,6499.83
11992,5523.09
11993,9000.28
11994,9000.39
11995,10000.0
11996,7416.87
11997,7416.97
11998,7499.09
11999,10000.0
12000,10000.0
14881,7499.32
14882,7416.62
14883,7416.92
14884,7416.85
14885,6999.79
14886,7240.0
14887,7416.39
14888,7499.75
14889,6249.54
14890,5935.22
14891,5499.24
14892,5339.82
14893,4579.3
14894,4579.5
14895,4499.8
14896,4499.66
14897,4499.27
14898,4499.83
14899,5600.4
14900,5944.43
14901,5999.27
14902,5944.46
14903,5938.99
14904,5499.91
14905,4350.5
14906,4027.75
14907,5339.9
14908,5339.53
14909,4499.15
14910,3705.2
14911,3480.43
14912,3314.87
14913,3314.32
14914,3314.78
14915,3670.11
14916,3512.8
14917,4271.66
14918,4271.54
14919,4469.12
14920,4000.88
14921,3314.96
14922,3330.12
14923,3476.15
14924,3330.99
14925,3330.52
14926,3400.83
14927,3705.77
14928,3512.86
14929,3314.46
14930,3314.37
14931,2750.82
14932,2730.35
14933,1999.6
14934,1999.45
14935,2576.63
14936,2899.69
14937,2899.52
14938,3000.83
14939,3000.23
14940,3000.44
14941,4595.04
14942,5000.04
14943,5599.05
14944,5938.04
14945,3700.52
14946,3619.41
14947,3829.72
14948,3785.32
14949,3571.6
14950,4469.01
14951,4664.6
14952,4489.2
14953,3683.54
14954,4590.65
14955,5798.32
14956,6999.32
14957,10000.0
14958,10000.0
14959,10000.0
14960,10000.0
14961,7499.53
14962,6999.84
14963,6499.02
14964,6500.85
14965,8000.16
14966,8000.77
14967,9734.13
14968,10000.0
14969,9999.28
14970,7499.65
14971,7499.68
14972,7501.01
14973,9999.92
14974,8511.06
14975,10000.0
14976,10000.0
17761,10000.0
17762,10000.0
17763,10000.0
17764,10000.0
17765,7499.59
17766,7499.93
17767,6000.76
17768,6000.37
17769,5500.74
17770,5499.91
17771,5499.15
17772,4879.4
17773,4500.23
17774,4499.64
17775,4479.11
17776,4000.83
17777,4000.55
17778,4000.77
17779,4499.5
17780,4479.36
17781,3300.2
17782,3330.31
17783,3330.27
17784,3330.94
17785,3652.2
17786,3800.21
17787,3716.84
17788,3716.44
17789,2850.92
17790,2730.65
17791,2500.22
17792,1999.09
17793,1979.59
17794,1979.56
17795,1499.84
17796,1959.71
17797,1499.74
17798,1851.89
17799,3141.42
17800,3314.62
17801,2510.1
17802,2899.49
17803,2200.35
17804,1959.43
17805,1999.01
17806,2174.36
17807,3000.49
17808,3200.03
17809,3000.41
17810,3000.91
17811,2800.13
17812,2404.8
17813,1367.49
17814,1499.58
17815,1599.81
17816,1699.53
17817,3716.99
17818,4469.21
17819,3705.11
17820,3494.29
17821,3000.44
17822,2808.87
17823,2808.45
17824,2808.5
17825,2679.89
17826,2679.67
17827,2031.9
17828,2000.35
17829,2500.23
17830,2841.48
17831,4000.19
17832,3705.05
17833,2062.91
17834,1499.44
17835,2500.37
17836,2569.13
17837,3680.02
17838,4350.68
17839,4350.48
17840,4200.75
17841,3500.25
17842,3500.05
17843,4499.92
17844,4951.44
17845,4995.06
17846,4995.2
17847,4800.77
17848,4780.27
17849,6006.08
17850,6000.76
17851,6134.72
17852,5944.23
17853,6999.64
17854,7499.36
17855,7599.39
17856,7416.97
20737,10000.0
20738,10000.0
20739,5499.85
20740,5499.17
20741,5236.32
20742,5499.53
20743,4489.54
20744,4280.35
20745,3900.4
20746,4112.09
20747,4340.5
20748,5499.09
20749,3830.49
20750,3830.0
20751,3330.88
20752,3404.18
20753,2730.29
20754,2730.24
20755,2800.33
20756,2700.6
20757,2500.45
20758,2730.88
20759,3010.6
20760,3000.81
20761,2730.91
20762,3190.38
20763,3000.69
20764,3100.85
20765,3060.89
20766,3200.11
20767,2730.09
20768,1859.84
20769,2209.77
20770,2730.52
20771,2760.31
20772,2730.03
20773,2730.39
20774,2510.57
20775,2900.63
20776,2750.47
20777,3300.24
20778,3200.68
20779,3512.98
20780,3500.65
20781,3510.8
20782,3450.25
20783,3450.75
20784,3314.17
20785,3000.72
20786,3258.23
20787,3350.86
20788,3350.58
20789,2932.36
20790,2657.71
20791,3314.76
20792,3314.63
20793,3512.19
20794,3663.05
20795,3512.15
20796,3512.15
20797,3658.83
20798,3580.33
20799,3827.67
20800,3700.88
20801,4336.83
20802,4202.74
20803,5310.27
20804,5499.41
20805,5499.1
20806,5499.62
20807,4600.88
20808,4258.22
20809,3619.19
20810,4600.84
20811,6499.83
20812,8500.28
20813,10000.0
20814,10000.0
20815,10000.0
20816,10000.0
20817,10000.0
20818,10000.0
20819,10000.0
20820,10000.0
20821,10000.0
20822,10000.0
20823,10000.0
20824,10000.0
20825,10000.0
20826,10000.0
20827,10000.0
20828,10000.0
20829,10000.0
20830,10000.0
20831,10000.0
20832,10000.0
23713,10000.0
23714,10000.0
23715,10000.0
23716,10000.0
23717,10000.0
23718,10000.0
23719,10000.0
23720,10000.0
23721,10000.0
23722,10000.0
23723,10000.0
23724,10000.0
23725,7499.54
23726,7099.72
23727,5419.3
23728,5499.13
23729,5339.27
23730,5499.0
23731,5499.81
23732,5499.86
23733,5499.23
23734,5500.83
23735,7416.79
23736,7999.65
23737,5500.58
23738,5500.53
23739,5499.41
23740,5339.53
23741,4600.24
23742,4063.82
23743,3800.9
23744,3029.85
23745,3000.82
23746,3333.59
23747,4024.28
23748,3999.11
23749,4497.91
23750,4200.06
23751,4500.09
23752,4024.93
23753,3350.28
23754,3330.24
23755,3580.28
23756,3999.39
23757,3510.74
23758,3999.3
23759,4024.61
23760,4024.87
23761,4063.86
23762,4024.61
23763,4024.61
23764,4024.09
23765,3500.53
23766,3500.48
23767,3909.68
23768,4441.76
23769,4522.78
23770,5499.03
23771,5491.17
23772,5499.33
23773,5499.95
23774,5499.12
23775,4883.15
23776,4821.53
23777,5000.92
23778,5499.33
23779,5555.35
23780,5499.5
23781,6141.6
23782,7000.05
23783,5945.77
23784,6000.56
23785,4350.09
23786,4700.7
23787,6001.52
23788,8500.7
23789,10000.0
23790,10000.0
23791,10000.0
23792,10000.0
23793,10000.0
23794,10000.0
23795,10000.0
23796,10000.0
23797,10000.0
23798,10000.0
23799,10000.0
23800,10000.0
23801,10000.0
23802,10000.0
23803,10000.0
23804,10000.0
23805,10000.0
23806,10000.0
23807,10000.0
23808,10000.0
26593,10000.0
26594,10000.0
26595,10000.0
26596,10000.0
26597,10000.0
26598,10000.0
26599,7499.49
26600,5999.78
26601,5499.27
26602,5497.25
26603,5000.29
26604,4996.06
26605,4856.7
26606,5339.28
26607,4856.52
26608,4783.17
26609,4199.29
26610,4150.4
26611,5999.08
26612,6899.21
26613,5000.27
26614,5999.36
26615,5339.45
26616,5486.19
26617,3510.42
26618,3412.06
26619,3330.34
26620,3330.17
26621,3330.01
26622,3190.38
26623,2751.0
26624,2499.36
26625,1998.98
26626,1999.96
26627,3189.17
26628,3035.21
26629,3330.19
26630,3330.88
26631,3330.68
26632,3330.3
26633,2800.96
26634,2960.5
26635,3010.39
26636,3330.93
26637,3676.81
26638,3909.48
26639,3500.16
26640,3420.08
26641,3315.73
26642,3112.15
26643,2800.92
26644,2819.61
26645,2559.47
26646,2510.04
26647,3100.57
26648,3330.27
26649,3330.62
26650,3425.45
26651,3570.09
26652,3609.34
26653,3999.39
26654,3900.79
26655,3550.88
26656,3510.05
26657,4094.73
26658,4094.33
26659,4479.45
26660,4699.5
26661,4929.85
26662,4999.78
26663,4600.14
26664,3999.66
26665,2999.82
26666,3330.26
26667,4250.43
26668,4516.37
26669,10000.0
26670,10000.0
26671,10000.0
26672,10000.0
26673,10000.0
26674,9999.92
26675,10000.0
26676,8999.95
26677,10000.0
26678,10000.0
26679,10000.0
26680,10000.0
26681,10000.0
26682,10000.0
26683,10000.0
26684,10000.0
26685,10000.0
26686,10000.0
26687,10000.0
26688,10000.0
29569,10000.0
29570,10000.0
29571,10000.0
29572,10000.0
29573,7499.39
29574,7160.94
29575,5500.87
29576,5500.47
29577,5000.42
29578,5000.03
29579,5499.15
29580,5499.82
29581,5000.28
29582,5000.57
29583,4500.51
29584,4500.4
29585,5000.12
29586,5486.07
29587,5555.17
29588,5999.07
29589,5000.48
29590,5339.05
29591,5999.06
29592,5339.72
29593,5000.7
29594,4700.55
29595,4500.18
29596,4500.55
29597,3500.5
29598,3900.27
29599,3909.25
29600,3544.41
29601,3330.81
29602,3850.64
29603,3466.96
29604,3500.17
29605,2899.48
29606,3330.2
29607,4210.76
29608,4479.58
29609,3466.13
29610,4024.19
29611,3817.5
29612,3500.01
29613,4185.7
29614,4512.66
29615,4001.45
29616,3900.08
29617,4185.41
29618,4185.69
29619,3450.09
29620,3404.89
29621,3010.44
29622,3200.05
29623,3330.6
29624,3450.45
29625,4024.42
29626,4036.26
29627,4185.87
29628,4024.95
29629,4555.6
29630,5500.22
29631,5486.99
29632,4699.29
29633,3887.13
29634,4679.71
29635,5486.04
29636,5486.33
29637,5486.07
29638,5154.1
29639,3991.14
29640,3510.36
29641,3030.77
29642,4150.52
29643,4601.4
29644,5440.28
29645,10000.0
29646,10000.0
29647,10000.0
29648,10000.0
29649,10000.0
29650,10000.0
29651,10000.0
29652,10000.0
29653,10000.0
29654,10000.0
29655,10000.0
29656,10000.0
29657,10000.0
29658,10000.0
29659,10000.0
29660,10000.0
29661,10000.0
29662,10000.0
29663,10000.0
29664,10000.0
32449,10000.0
32450,10000.0
32451,10000.0
32452,10000.0
32453,3441.93
32454,3437.33
32455,3530.74
32456,3830.48
32457,5499.16
32458,5339.23
32459,4150.84
32460,4305.74
32461,5339.38
32462,5200.1
32463,4479.73
32464,4000.84
32465,3706.0
32466,3892.58
32467,3895.68
32468,3894.94
32469,3500.06
32470,3490.48
32471,3412.22
32472,3050.72
32473,3580.17
32474,3662.5
32475,3709.1
32476,3501.44
32477,3498.82
32478,3493.55
32479,3450.09
32480,3330.91
32481,2850.11
32482,2750.54
32483,3190.63
32484,3089.8
32485,3512.57
32486,3909.89
32487,4185.37
32488,3900.44
32489,2995.78
32490,2937.98
32491,3000.84
32492,2900.54
32493,3400.48
32494,3520.71
32495,3500.62
32496,3330.81
32497,3330.88
32498,3401.21
32499,3572.0
32500,3571.88
32501,3370.91
32502,3330.17
32503,3612.95
32504,4200.68
32505,4024.21
32506,4210.11
32507,4304.29
32508,4469.93
32509,4929.58
32510,4929.83
32511,5299.06
32512,4929.31
32513,3680.95
32514,3685.13
32515,4304.24
32516,4304.42
32517,5339.18
32518,5339.32
32519,5339.13
32520,4751.68
32521,4750.13
32522,5090.14
32523,5339.5
32524,6499.29
32525,10000.0
32526,10000.0
32527,10000.0
32528,10000.0
32529,9999.8
32530,10000.0
32531,9999.21
32532,10000.0
32533,10000.0
32534,10000.0
32535,10000.0
32536,10000.0
32537,10000.0
32538,10000.0
32539,10000.0
32540,10000.0
32541,10000.0
32542,10000.0
32543,10000.0
32544,10000.0
12673,8500.28
12674,7499.48
12675,4999.21
12676,3950.86
12677,3530.26
12678,3830.52
12679,5600.88
12680,5880.0
12681,5999.13
12682,5354.25
12683,6500.02
12684,6499.32
12685,4491.49
12686,4305.92
12687,4305.91
12688,4305.09
12689,3680.84
12690,3830.64
12691,5339.15
12692,5339.5
12693,5486.77
12694,5339.62
12695,5555.33
12696,5949.56
12697,4220.19
12698,3663.66
12699,4479.39
12700,4350.38
12701,4024.42
12702,4024.27
12703,3770.89
12704,3571.73
12705,3571.38
12706,3330.74
12707,3330.09
12708,2900.47
12709,2730.62
12710,3050.08
12711,3610.08
12712,3900.86
12713,3000.64
12714,3330.89
12715,3303.99
12716,3303.52
12717,2730.93
12718,2730.01
12719,2601.0
12720,2800.22
12721,3999.39
12722,4185.46
12723,3490.28
12724,3450.6
12725,3330.66
12726,3420.94
12727,4024.38
12728,4024.86
12729,4024.63
12730,4510.04
12731,5486.97
12732,5499.03
12733,4996.58
12734,4625.4
12735,5620.1
12736,5499.58
12737,5938.83
12738,5938.76
12739,5938.21
12740,5499.67
12741,5339.5
12742,5299.55
12743,3330.6
12744,3330.92
12745,2999.89
12746,3000.38
12747,3830.45
12748,4500.3
12749,6000.06
12750,6730.9
12751,7416.37
12752,7499.46
12753,5999.23
12754,5506.04
12755,5503.96
12756,6000.8
12757,6999.4
12758,7246.01
12759,5400.79
12760,5499.57
12761,6001.62
12762,6006.98
12763,8000.12
12764,8000.5
12765,10000.0
12766,10000.0
12767,10000.0
12768,8989.07
12769,10000.0
12770,10000.0
12771,6999.59
12772,6994.18
12773,6999.33
12774,6989.44
12775,4499.03
12776,4290.5
12777,4305.97
12778,3997.21
12779,4479.29
12780,3800.07
12781,3680.6
12782,3680.85
12783,4185.98
12784,4185.56
12785,4185.51
12786,4185.29
12787,3830.46
12788,3680.09
12789,2940.52
12790,3250.78
12791,3466.1
12792,3500.42
12793,3190.92
12794,3500.87
12795,4502.8
12796,4999.26
12797,3299.27
12798,3143.0
12799,2500.99
12800,1999.97
12801,1499.6
12802,1499.78
12803,1841.11
12804,1499.77
12805,1499.95
12806,2000.36
12807,1841.67
12808,1841.64
12809,2325.0
12810,2600.64
12811,2349.94
12812,2349.89
12813,499.99
12814,799.17
12815,1841.52
12816,1841.75
12817,2841.98
12818,3400.96
12819,2899.36
12820,2899.12
12821,1906.54
12822,1906.98
12823,3700.76
12824,3999.48
12825,2900.77
12826,2750.23
12827,2732.95
12828,3000.86
12829,3000.03
12830,2949.92
12831,3500.02
12832,3600.28
12833,3420.88
12834,3400.41
12835,3099.77
12836,2900.22
12837,3172.0
12838,3099.15
12839,2999.04
12840,2800.81
12841,1906.99
12842,2840.93
12843,3114.22
12844,4001.56
12845,3999.97
12846,3999.16
12847,3510.3
12848,4170.32
12849,4506.75
12850,4506.04
12851,4505.64
12852,4645.0
12853,5239.76
12854,5499.73
12855,5499.09
12856,5499.12
12857,4679.04
12858,4679.47
12859,3890.88
12860,4554.43
12861,3860.19
12862,4112.82
12863,4489.96
12864,4305.83
12865,2999.47
12866,2999.38
12867,2499.37
12868,2499.76
12869,2730.67
12870,3200.23
12871,3206.48
12872,3119.49
12873,3101.29
12874,3050.79
12875,3004.85
12876,3002.64
12877,3002.35
12878,3000.11
12879,2730.56
12880,2500.93
12881,2500.32
12882,2300.53
12883,2312.2
12884,1799.97
12885,1499.61
12886,2600.03
12887,2900.87
12888,3300.8
12889,3020.21
12890,3330.58
12891,3112.58
12892,2939.0
12893,1799.96
12894,1499.33
12895,1841.01
12896,1199.98
12897,999.91
12898,1880.0
12899,1841.52
12900,1841.2
12901,999.98
12902,2215.0
12903,2750.77
12904,3000.39
12905,2730.72
12906,2750.52
12907,2730.3
12908,2730.56
12909,2209.64
12910,2209.9
12911,2730.77
12912,2899.45
12913,3134.14
12914,3156.05
12915,2810.29
12916,2912.7
12917,2730.42
12918,2732.71
12919,2840.7
12920,2937.88
12921,3400.5
12922,3578.75
12923,4304.55
12924,4024.1
12925,3500.07
12926,3440.43
12927,4024.89
12928,4800.39
12929,4479.64
12930,5499.25
12931,4161.08
12932,4110.02
12933,3657.03
12934,4024.23
12935,4024.98
12936,3510.64
12937,2067.82
12938,2730.01
12939,0.0
12940,0.0
12941,4700.41
12942,5499.9
12943,4900.88
12944,5152.97
12945,4500.9
12946,4000.87
12947,3696.08
12948,3685.26
12949,5499.38
12950,5499.21
12951,4610.17
12952,4340.18
12953,3649.24
12954,3649.9
12955,3500.45
12956,3900.9
12957,6499.89
12958,8640.36
12959,4680.16
12960,4000.66
12961,4012.45
12962,3771.0
12963,4000.72
12964,3700.05
12965,3750.68
12966,3830.18
12967,3530.9
12968,3500.85
12969,2799.48
12970,2799.85
12971,2701.88
12972,2730.4
12973,3330.15
12974,3330.6
12975,3700.46
12976,3330.77
12977,3000.23
12978,3200.98
12979,3680.11
12980,3873.97
12981,3000.39
12982,3330.39
12983,3600.4
12984,3490.39
12985,4257.08
12986,4479.99
12987,4700.51
12988,4526.56
12989,3000.03
12990,2610.57
12991,2850.01
12992,2369.33
12993,2730.17
12994,2730.4
12995,2730.83
12996,2760.98
12997,2899.38
12998,2829.85
12999,2900.38
13000,3200.47
13001,2732.22
13002,2730.61
13003,3000.13
13004,3100.34
13005,4495.59
13006,4469.72
13007,4495.66
13008,4495.45
13009,3710.58
13010,3800.39
13011,4469.62
13012,4375.45
13013,3214.0
13014,3800.06
13015,4257.2
13016,4304.02
13017,4680.27
13018,5499.7
13019,5499.55
13020,5500.0
13021,5555.98
13022,6006.75
13023,5041.18
13024,5499.06
13025,7416.73
13026,8007.65
13027,10000.0
13028,10000.0
13029,7246.85
13030,7246.8
13031,5879.27
13032,5499.63
13033,3330.82
13034,3790.98
13035,3657.53
13036,5229.87
13037,10000.0
13038,10000.0
13039,10000.0
13040,10000.0
13041,10000.0
13042,10000.0
13043,7399.44
13044,8499.66
13045,10000.0
13046,10000.0
13047,10000.0
13048,10000.0
13049,10000.0
13050,10000.0
13051,10000.0
13052,10000.0
13053,10000.0
13054,10000.0
13055,10000.0
13056,10000.0
13057,10000.0
13058,10000.0
13059,10000.0
13060,10000.0
13061,10000.0
13062,10000.0
13063,10000.0
13064,10000.0
13065,10000.0
13066,10000.0
13067,10000.0
13068,10000.0
13069,7999.07
13070,7999.3
13071,6999.55
13072,6200.66
13073,6200.67
13074,6200.27
13075,7246.36
13076,7246.19
13077,6999.12
13078,7409.79
13079,7246.6
13080,7499.08
13081,5555.15
13082,5499.82
13083,5949.35
13084,5499.86
13085,4495.44
13086,3330.39
13087,3330.66
13088,3303.11
13089,3800.63
13090,3376.84
13091,3465.56
13092,3213.44
13093,4444.34
13094,4469.51
13095,2900.34
13096,2900.66
13097,4257.68
13098,4495.25
13099,4680.15
13100,4680.46
13101,4680.42
13102,5042.22
13103,5500.35
13104,5499.85
13105,5499.72
13106,5500.22
13107,5500.07
13108,5499.8
13109,4958.62
13110,5499.52
13111,5500.44
13112,5500.72
13113,5555.44
13114,6620.0
13115,7000.78
13116,7510.27
13117,8520.88
13118,9000.18
13119,10000.0
13120,10000.0
13121,10000.0
13122,10000.0
13123,10000.0
13124,10000.0
13125,10000.0
13126,9799.9
13127,7409.44
13128,6899.21
13129,4500.16
13130,4600.55
13131,4223.03
13132,4620.73
13133,10000.0
13134,10000.0
13135,10000.0
13136,10000.0
13137,10000.0
13138,10000.0
13139,10000.0
13140,10000.0
13141,10000.0
13142,10000.0
13143,10000.0
13144,10000.0
13145,10000.0
13146,10000.0
13147,10000.0
13148,10000.0
13149,10000.0
13150,10000.0
13151,10000.0
13152,10000.0
13153,10000.0
13154,10000.0
13155,10000.0
13156,10000.0
13157,10000.0
13158,10000.0
13159,10000.0
13160,10000.0
13161,3900.48
13162,3800.33
13163,2999.07
13164,2984.9
13165,1979.56
13166,1979.86
13167,2000.79
13168,2400.47
13169,3680.97
13170,5499.51
13171,4999.51
13172,4499.87
13173,3000.16
13174,3000.38
13175,3594.5
13176,3303.01
13177,3200.08
13178,3000.45
13179,3200.27
13180,2044.24
13181,1959.03
13182,1499.95
13183,2500.06
13184,2452.75
13185,2500.16
13186,2750.78
13187,2342.15
13188,2342.79
13189,2900.28
13190,3500.25
13191,3500.72
13192,3500.9
13193,4409.59
13194,4149.66
13195,3500.9
13196,3500.02
13197,3650.68
13198,3603.92
13199,3303.31
13200,3999.21
13201,4000.62
13202,4000.25
13203,3303.65
13204,3200.5
13205,3200.92
13206,3457.81
13207,4409.2
13208,4899.09
13209,5879.21
13210,7142.72
13211,6999.75
13212,7409.28
13213,8000.58
13214,8000.74
13215,10000.0
13216,10000.0
13217,10000.0
13218,10000.0
13219,10000.0
13220,10000.0
13221,10000.0
13222,10000.0
13223,9799.31
13224,8810.24
13225,4750.77
13226,5799.47
13227,6000.7
13228,7499.83
13229,10000.0
13230,10000.0
13231,10000.0
13232,10000.0
13233,10000.0
13234,10000.0
13235,10000.0
13236,10000.0
13237,10000.0
13238,10000.0
13239,10000.0
13240,10000.0
13241,10000.0
13242,10000.0
13243,10000.0
13244,10000.0
13245,10000.0
13246,10000.0
13247,10000.0
13248,10000.0
13249,10000.0
13250,10000.0
13251,10000.0
13252,10000.0
13253,10000.0
13254,10000.0
13255,10000.0
13256,10000.0
13257,10000.0
13258,10000.0
13259,10000.0
13260,10000.0
13261,8999.9
13262,8999.44
13263,7499.29
13264,7142.88
13265,7142.32
13266,6999.96
13267,6999.91
13268,6999.79
13269,7999.42
13270,8500.26
13271,10000.0
13272,10000.0
13273,8500.07
13274,8500.76
13275,7499.52
13276,6999.68
13277,5799.15
13278,5799.54
13279,4257.2
13280,3999.61
13281,3465.97
13282,4257.37
13283,4495.56
13284,4257.71
13285,5444.31
13286,5555.98
13287,6000.16
13288,6000.32
13289,5444.36
13290,5438.38
13291,4989.43
13292,4899.87
13293,4549.7
13294,4304.12
13295,3679.21
13296,3679.8
13297,4925.25
13298,4983.32
13299,5444.96
13300,5499.81
13301,5444.49
13302,5779.09
13303,5438.72
13304,5438.44
13305,6000.96
13306,6800.48
13307,6599.11
13308,7142.16
13309,8230.12
13310,8230.11
13311,9799.3
13312,7499.9
13313,8434.38
13314,9799.39
13315,10000.0
13316,9830.59
13317,9799.76
13318,7499.76
13319,7142.59
13320,6499.92
13321,4728.55
13322,6006.42
13323,6999.13
13324,7142.61
13325,10000.0
13326,10000.0
13327,10000.0
13328,10000.0
13329,10000.0
13330,10000.0
13331,10000.0
13332,10000.0
13333,10000.0
13334,10000.0
13335,10000.0
13336,10000.0
13337,10000.0
13338,10000.0
13339,10000.0
13340,10000.0
13341,10000.0
13342,10000.0
13343,10000.0
13344,10000.0
13345,10000.0
13346,10000.0
13347,10000.0
13348,10000.0
13349,8999.36
13350,8000.49
13351,4304.98
13352,3830.16
13353,4500.98
13354,4500.84
13355,6200.99
13356,5600.93
13357,4150.19
13358,4000.22
13359,3680.03
13360,3680.07
13361,4250.28
13362,4479.22
13363,4340.34
13364,4509.81
13365,3590.69
13366,4500.49
13367,5486.27
13368,5500.7
13369,3500.57
13370,3500.35
13371,4495.39
13372,4400.8
13373,3800.23
13374,3330.64
13375,3221.05
13376,2900.52
13377,3200.29
13378,3099.04
13379,3200.58
13380,3330.55
13381,5444.0
13382,5417.6
13383,3500.41
13384,4611.45
13385,3200.55
13386,3330.43
13387,4474.86
13388,4479.45
13389,4469.48
13390,4151.5
13391,4000.1
13392,3649.33
13393,3420.32
13394,3420.75
13395,2899.73
13396,2900.81
13397,3330.22
13398,3330.77
13399,4149.69
13400,3770.9
13401,3770.39
13402,4005.3
13403,5444.61
13404,5779.27
13405,5409.57
13406,4680.15
13407,4751.22
13408,4261.88
13409,3501.93
13410,5779.23
13411,6899.43
13412,6936.37
13413,4988.03
13414,4679.23
13415,4750.68
13416,4800.93
13417,4487.06
13418,4700.61
13419,4223.55
13420,4400.46
13421,6010.65
13422,7500.64
13423,6120.58
13424,6300.18
13425,5150.96
13426,5440.59
13427,5190.02
13428,6499.6
13429,8000.52
13430,9999.01
13431,9999.17
13432,9999.16
13433,9999.18
13434,9999.26
13435,9999.42
13436,9999.51
13437,9999.53
13438,9999.5
13439,9999.6
13440,9999.43
13441,10000.0
13442,10000.0
13443,10000.0
13444,10000.0
13445,10000.0
13446,10000.0
13447,10000.0
13448,10000.0
13449,10000.0
13450,10000.0
13451,6296.87
13452,6006.98
13453,5999.0
13454,5748.21
13455,5500.18
13456,5000.27
13457,5000.88
13458,5000.66
13459,5444.31
13460,5500.9
13461,5999.75
13462,6006.03
13463,5500.68
13464,5500.69
13465,5000.21
13466,4899.02
13467,5000.82
13468,4595.0
13469,4168.25
13470,3657.34
13471,3500.99
13472,3330.02
13473,3099.35
13474,3099.28
13475,2840.08
13476,2840.61
13477,3465.12
13478,3330.9
13479,999.94
13480,2499.83
13481,2259.72
13482,1999.73
13483,1999.35
13484,1999.07
13485,2838.0
13486,3330.16
13487,3330.6
13488,3000.54
13489,2732.63
13490,3000.5
13491,3500.62
13492,3500.34
13493,3500.87
13494,3999.73
13495,3900.92
13496,3990.45
13497,4304.44
13498,4659.08
13499,4469.63
13500,4149.2
13501,4495.65
13502,4543.74
13503,4495.69
13504,4495.08
13505,3999.22
13506,4526.27
13507,3659.97
13508,3659.01
13509,3659.1
13510,3510.3
13511,3510.18
13512,3500.45
13513,2839.27
13514,3213.27
13515,2839.74
13516,2656.44
13517,4479.94
13518,5444.3
13519,4549.98
13520,4549.57
13521,3764.65
13522,3800.58
13523,4012.52
13524,4321.19
13525,5750.47
13526,5999.44
13527,5000.52
13528,4500.17
13529,5600.5
13530,6006.28
13531,6200.4
13532,6438.0
13533,9989.29
13534,10000.0
13535,9999.53
13536,8924.0
13537,10000.0
13538,9998.5
13539,5999.15
13540,5999.11
13541,5000.81
13542,5000.4
13543,3500.73
13544,3668.91
13545,4501.89
13546,4680.91
13547,3874.74
13548,3830.59
13549,3900.89
13550,3680.64
13551,3700.63
13552,3700.47
13553,3000.76
13554,2999.76
13555,2799.54
13556,2899.95
13557,2799.01
13558,3330.44
13559,3330.57
13560,4149.21
13561,4000.87
13562,4149.53
13563,3584.93
13564,3330.04
13565,2750.43
13566,2780.41
13567,1999.5
13568,1497.59
13569,2280.0
13570,2510.57
13571,2920.08
13572,2899.1
13573,3330.52
13574,3401.75
13575,3330.53
13576,3303.01
13577,2750.76
13578,2829.45
13579,3100.31
13580,3181.35
13581,5000.29
13582,5000.6
13583,5000.62
13584,5000.21
13585,4223.76
13586,4223.78
13587,3685.33
13588,3500.05
13589,3499.17
13590,3510.22
13591,4990.32
13592,4990.13
13593,5000.66
13594,5000.47
13595,5550.56
13596,5550.18
13597,5999.32
13598,5999.77
13599,6936.69
13600,6936.22
13601,7299.23
13602,7089.72
13603,7750.51
13604,7750.13
13605,5486.51
13606,5150.82
13607,4990.45
13608,4554.32
13609,3210.52
13610,4000.96
13611,4000.44
13612,4630.23
13613,5500.51
13614,5999.8
13615,8500.05
13616,8720.51
13617,9720.2
13618,9989.39
13619,9999.56
13620,9999.75
13621,10000.0
13622,10000.0
13623,10000.0
13624,10000.0
13625,10000.0
13626,10000.0
13627,10000.0
13628,10000.0
13629,10000.0
13630,10000.0
13631,10000.0
13632,10000.0
13633,10000.0
13634,10000.0
13635,10000.0
13636,10000.0
13637,10000.0
13638,10000.0
13639,9999.67
13640,9999.44
13641,9999.12
13642,9999.07
13643,9989.31
13644,8800.0
13645,8484.32
13646,9799.81
13647,9999.4
13648,9999.41
13649,10000.0
13650,10000.0
13651,10000.0
13652,10000.0
13653,9999.17
13654,9999.59
13655,9999.5
13656,9999.43
13657,8484.96
13658,9999.0
13659,6699.71
13660,5999.62
13661,5999.74
13662,6000.39
13663,5486.1
13664,4990.62
13665,3399.81
13666,3500.12
13667,3500.77
13668,3900.34
13669,4680.29
13670,5486.6
13671,4680.24
13672,4680.16
13673,3500.33
13674,3499.71
13675,5010.25
13676,5010.37
13677,4516.93
13678,4990.85
13679,5550.86
13680,5555.68
13681,4990.82
13682,5486.67
13683,4990.36
13684,4990.74
13685,3149.29
13686,3500.48
13687,5500.7
13688,5779.66
13689,5999.16
13690,6500.23
13691,5239.99
13692,5779.1
13693,6200.54
13694,6936.46
13695,8000.08
13696,8000.63
13697,6999.11
13698,7299.76
13699,6949.13
13700,6006.24
13701,4479.2
13702,4222.23
13703,3448.04
13704,3127.73
13705,999.84
13706,999.84
13707,999.55
13708,999.93
13709,4550.47
13710,4999.94
13711,5010.02
13712,5000.75
13713,3749.79
13714,3900.36
13715,3749.47
13716,3859.35
13717,3719.75
13718,4000.93
13719,4630.5
13720,4780.2
13721,8000.08
13722,8000.56
13723,7399.1
13724,5174.94
13725,8000.35
13726,8000.9
13727,6500.49
13728,5059.82
13729,4420.81
13730,3859.78
13731,2730.18
13732,2701.88
13733,3500.22
13734,3850.59
13735,3650.01
13736,3510.39
13737,3500.74
13738,3500.79
13739,3545.66
13740,3700.92
13741,3700.17
13742,3501.81
13743,2481.16
13744,2200.47
13745,3412.16
13746,3499.95
13747,2900.33
13748,3240.49
13749,2500.97
13750,2500.48
13751,2920.31
13752,3350.78
13753,3250.13
13754,3250.29
13755,3250.83
13756,3300.92
13757,3450.53
13758,3376.71
13759,3118.36
13760,3450.29
13761,2499.65
13762,2319.59
13763,1999.35
13764,1999.45
13765,997.21
13766,1499.42
13767,2099.45
13768,2099.42
13769,1999.29
13770,1499.89
13771,2780.29
13772,2850.13
13773,2780.66
13774,2899.37
13775,2820.25
13776,2899.53
13777,2820.13
13778,3000.05
13779,3200.67
13780,2925.0
13781,2780.26
13782,2780.53
13783,3450.64
13784,3450.86
13785,3500.01
13786,3450.82
13787,3500.39
13788,3500.15
13789,3500.92
13790,3400.22
13791,3610.41
13792,3610.13
13793,3885.66
13794,3700.55
13795,4486.85
13796,4323.38
13797,3661.88
13798,3510.2
13799,3330.3
13800,3330.22
13801,2730.49
13802,2800.33
13803,3450.19
13804,3510.82
13805,4630.25
13806,4540.86
13807,4321.99
13808,4550.99
13809,3600.73
13810,3600.31
13811,4050.62
13812,4540.43
13813,5499.27
13814,5499.08
13815,4550.34
13816,5400.61
13817,3545.31
13818,3859.47
13819,2470.01
13820,2300.02
13821,3060.8
13822,3750.49
13823,3850.6
13824,3510.8
13825,3850.12
13826,3704.18
13827,3510.17
13828,3483.85
13829,3510.3
13830,3700.9
13831,4555.75
13832,4000.03
13833,3429.61
13834,3429.48
13835,2800.53
13836,2701.16
13837,2511.57
13838,2550.07
13839,3000.35
13840,3510.68
13841,3510.44
13842,3510.65
13843,2610.22
13844,3000.66
13845,1199.83
13846,1450.67
13847,2750.1
13848,3000.57
13849,2790.32
13850,3000.19
13851,1959.36
13852,1450.7
13853,1959.2
13854,1999.6
13855,1999.94
13856,2000.4
13857,1499.35
13858,1450.06
13859,1500.07
13860,2000.44
13861,1499.09
13862,1499.04
13863,2499.42
13864,2000.99
13865,2780.28
13866,2770.45
13867,1799.74
13868,1799.25
13869,1450.88
13870,1450.87
13871,1275.53
13872,1499.7
13873,1959.63
13874,2500.07
13875,2799.31
13876,2701.9
13877,2499.22
13878,2799.19
13879,2800.2
13880,2799.16
13881,2701.32
13882,2700.55
13883,3000.87
13884,3510.29
13885,3660.09
13886,3660.78
13887,3360.72
13888,2810.3
13889,2600.97
13890,3000.03
13891,3203.93
13892,2750.19
13893,2510.6
13894,2899.73
13895,3510.62
13896,3850.5
13897,3949.87
13898,4486.21
13899,2309.96
13900,999.81
13901,1499.71
13902,1499.8
13903,3330.91
13904,3330.68
13905,999.76
13906,499.21
13907,989.43
13908,3057.37
13909,3330.33
13910,3448.0
13911,3330.1
13912,3330.15
13913,1999.2
13914,1999.42
13915,2067.43
13916,2200.91
13917,3510.1
13918,5600.73
13919,2500.93
13920,2456.0
13921,998.74
13922,998.31
13923,1719.05
13924,2500.14
13925,3429.76
13926,3700.18
13927,2369.78
13928,1230.96
13929,1230.36
13930,1230.85
13931,1230.26
13932,1230.47
13933,1959.73
13934,2199.21
13935,1804.7
13936,1804.45
13937,1726.79
13938,2000.17
13939,1244.28
13940,1450.46
13941,1594.72
13942,1726.32
13943,1959.22
13944,1959.48
13945,1668.24
13946,1668.48
13947,1212.4
13948,1259.09
13949,1203.0
13950,1306.67
13951,999.73
13952,999.29
13953,999.12
13954,989.54
13955,483.35
13956,489.03
13957,489.44
13958,489.25
13959,999.39
13960,999.35
13961,999.65
13962,999.63
13963,894.28
13964,949.66
13965,999.47
13966,999.6
13967,2064.52
13968,2302.32
13969,1499.25
13970,1499.06
13971,1230.62
13972,1230.49
13973,499.96
13974,799.54
13975,989.22
13976,1000.58
13977,1286.5
13978,1800.5
13979,3000.93
13980,2729.69
13981,3510.64
13982,3510.2
13983,3270.58
13984,3315.74
13985,3510.08
13986,3700.57
13987,3450.52
13988,3401.71
13989,2829.92
13990,3123.06
13991,3510.3
13992,3000.04
13993,2209.49
13994,4257.81
13995,4999.31
13996,5000.73
13997,5000.19
13998,5000.61
13999,3800.03
14000,4300.11
14001,3525.03
14002,3510.9
14003,4499.87
14004,4579.04
14005,5239.94
14006,5989.13
14007,4499.57
14008,4499.03
14009,5000.54
14010,5779.67
14011,6499.04
14012,5999.41
14013,4996.21
14014,4996.72
14015,4499.63
14016,4499.31
14017,3510.89
14018,4499.0
14019,4579.73
14020,4579.09
14021,4579.42
14022,4503.87
14023,4499.88
14024,4499.76
14025,4499.64
14026,4499.45
14027,3850.94
14028,3850.67
14029,3418.04
14030,3510.55
14031,3599.0
14032,3499.79
14033,3023.66
14034,3213.26
14035,4000.23
14036,4323.15
14037,2730.17
14038,3000.31
14039,3499.05
14040,3510.13
14041,1989.73
14042,2067.09
14043,2067.94
14044,2550.34
14045,1753.16
14046,1710.93
14047,989.84
14048,989.79
14049,699.61
14050,699.52
14051,699.58
14052,699.58
14053,699.76
14054,699.83
14055,989.34
14056,699.93
14057,699.82
14058,699.9
14059,1000.87
14060,1094.4
14061,1917.8
14062,1917.63
14063,2500.38
14064,2500.73
14065,3500.92
14066,3700.72
14067,4479.49
14068,3641.72
14069,2209.34
14070,2064.94
14071,1959.49
14072,2013.79
14073,3450.96
14074,3963.82
14075,3700.44
14076,4000.79
14077,3675.85
14078,3700.45
14079,4499.94
14080,4499.83
14081,4522.39
14082,5000.25
14083,6000.68
14084,6000.73
14085,4630.18
14086,4549.04
14087,4554.8
14088,4499.18
14089,3510.66
14090,3749.41
14091,5500.66
14092,5999.53
14093,10000.0
14094,10000.0
14095,10000.0
14096,10000.0
14097,10000.0
14098,10000.0
14099,8200.97
14100,10000.0
14101,9999.22
14102,9000.84
14103,10000.0
14104,10000.0
14105,10000.0
14106,10000.0
14107,10000.0
14108,10000.0
14109,10000.0
14110,10000.0
14111,10000.0
14112,10000.0
14113,10000.0
14114,10000.0
14115,7499.33
14116,7049.31
14117,7499.38
14118,7049.31
14119,7299.8
14120,6863.79
14121,6863.05
14122,6499.62
14123,6500.62
14124,6000.47
14125,6500.86
14126,6499.81
14127,6863.76
14128,6600.92
14129,6499.02
14130,6499.38
14131,6500.41
14132,6499.65
14133,5239.51
14134,5000.85
14135,6200.78
14136,5500.44
14137,4047.74
14138,4319.64
14139,4499.02
14140,4400.48
14141,3099.15
14142,2899.07
14143,3612.67
14144,3404.78
14145,2730.45
14146,2449.67
14147,1999.07
14148,1883.94
14149,2920.4
14150,2799.22
14151,2799.44
14152,2784.6
14153,1829.9
14154,1829.02
14155,2800.25
14156,3000.83
14157,4000.63
14158,3997.72
14159,3148.33
14160,3119.12
14161,2841.78
14162,3089.17
14163,3000.65
14164,3089.99
14165,3023.67
14166,3340.39
14167,3610.97
14168,3680.5
14169,4038.29
14170,4038.81
14171,3580.92
14172,3499.32
14173,3680.56
14174,4071.52
14175,4499.41
14176,4499.33
14177,3455.45
14178,3510.6
14179,3829.99
14180,4038.35
14181,3500.3
14182,3089.97
14183,1721.78
14184,1668.89
14185,1499.3
14186,1499.53
14187,3250.48
14188,4017.33
14189,5000.71
14190,4981.53
14191,2730.52
14192,2730.59
14193,3355.24
14194,3355.57
14195,4479.8
14196,4505.32
14197,6499.02
14198,6499.91
14199,5600.49
14200,5440.71
14201,6499.86
14202,7000.58
14203,6200.22
14204,6499.7
14205,6499.0
14206,6499.21
14207,6863.47
14208,6499.64
14209,4000.94
14210,4000.88
14211,3657.07
14212,3510.76
14213,3945.08
14214,3900.27
14215,4508.03
14216,4502.97
14217,4770.86
14218,4000.45
14219,3510.38
14220,3500.04
14221,3330.39
14222,3000.63
14223,2730.12
14224,2510.42
14225,2470.54
14226,2510.02
14227,2510.6
14228,2623.6
14229,2100.27
14230,2750.98
14231,3000.96
14232,3000.61
14233,2730.71
14234,2760.8
14235,3300.11
14236,3330.16
14237,4579.48
14238,4500.52
14239,2750.58
14240,2000.82
14241,1589.21
14242,1589.21
14243,3500.21
14244,5000.2
14245,4350.47
14246,3800.89
14247,3457.91
14248,3453.59
14249,2492.26
14250,2271.51
14251,3000.09
14252,3510.83
14253,4151.64
14254,4151.49
14255,4159.06
14256,4151.66
14257,3500.79
14258,3568.58
14259,3964.04
14260,4000.78
14261,3000.7
14262,3270.02
14263,5239.7
14264,5600.14
14265,4000.33
14266,4326.48
14267,5679.34
14268,6006.59
14269,5999.97
14270,6000.88
14271,6499.02
14272,5999.43
14273,5999.64
14274,5999.8
14275,5999.88
14276,5999.14
14277,5239.06
14278,5417.44
14279,4479.02
14280,3829.59
14281,3000.3
14282,3529.33
14283,5999.22
14284,6499.13
14285,10000.0
14286,10000.0
14287,10000.0
14288,10000.0
14289,10000.0
14290,10000.0
14291,10000.0
14292,10000.0
14293,10000.0
14294,10000.0
14295,10000.0
14296,10000.0
14297,10000.0
14298,10000.0
14299,10000.0
14300,10000.0
14301,10000.0
14302,10000.0
14303,10000.0
14304,10000.0
14305,10000.0
14306,10000.0
14307,10000.0
14308,10000.0
14309,10000.0
14310,10000.0
14311,10000.0
14312,10000.0
14313,6499.06
14314,5999.0
14315,6499.81
14316,6499.92
14317,7377.77
14318,8000.01
14319,7377.55
14320,7000.91
14321,6100.24
14322,5999.88
14323,6100.93
14324,6200.39
14325,5999.03
14326,6100.25
14327,5679.85
14328,5587.11
14329,3999.13
14330,4240.13
14331,3392.18
14332,3370.82
14333,2499.61
14334,2500.01
14335,3200.43
14336,3200.72
14337,2720.86
14338,2900.04
14339,3450.27
14340,3000.83
14341,3900.78
14342,3741.64
14343,3501.47
14344,3249.65
14345,2900.91
14346,3501.01
14347,4122.9
14348,4484.97
14349,5239.06
14350,5600.53
14351,5080.32
14352,4486.98
14353,3657.45
14354,3599.44
14355,4500.82
14356,4575.67
14357,3657.05
14358,3764.06
14359,3764.23
14360,4001.42
14361,5239.53
14362,6000.28
14363,5417.62
14364,5381.37
14365,4711.18
14366,4030.77
14367,5679.71
14368,6499.36
14369,5999.54
14370,5999.5
14371,4996.08
14372,5239.57
14373,5800.07
14374,5600.94
14375,3878.6
14376,5000.51
14377,4630.67
14378,5280.46
14379,6499.97
14380,6759.11
14381,10000.0
14382,10000.0
14383,9599.41
14384,9439.35
14385,5481.3
14386,5178.78
14387,6499.24
14388,6499.14
14389,7000.51
14390,6500.82
14391,8500.26
14392,8500.97
14393,7499.58
14394,8508.77
14395,10000.0
14396,10000.0
14397,10000.0
14398,10000.0
14399,10000.0
14400,10000.0
14401,10000.0
14402,10000.0
14403,10000.0
14404,10000.0
14405,8499.61
14406,8499.08
14407,6999.82
14408,6499.31
14409,5999.04
14410,5600.78
14411,4897.64
14412,4893.71
14413,5600.62
14414,5999.23
14415,5999.67
14416,5999.12
14417,4554.61
14418,4679.34
14419,3919.88
14420,3919.47
14421,3234.9
14422,3819.87
14423,5000.05
14424,5000.93
14425,3499.33
14426,3649.19
14427,3345.0
14428,3499.04
14429,2819.68
14430,2819.29
14431,2819.0
14432,2740.61
14433,2419.4
14434,2419.36
14435,2499.65
14436,2419.99
14437,1849.46
14438,1849.79
14439,2543.75
14440,2750.61
14441,3200.23
14442,3180.13
14443,3300.0
14444,3200.4
14445,3680.47
14446,3609.61
14447,3680.67
14448,3680.21
14449,2899.43
14450,3099.0
14451,3487.47
14452,3500.98
14453,2701.53
14454,2732.86
14455,2900.03
14456,3000.42
14457,2452.36
14458,2700.48
14459,2452.51
14460,2600.43
14461,3450.56
14462,3420.41
14463,3700.55
14464,3659.48
14465,4038.74
14466,4150.98
14467,3401.2
14468,3680.89
14469,4038.43
14470,4500.25
14471,4600.08
14472,4495.28
14473,3657.27
14474,4001.54
14475,4038.38
14476,4350.56
14477,8000.18
14478,8000.93
14479,5249.54
14480,5000.91
14481,5700.81
14482,5999.86
14483,4760.29
14484,5600.09
14485,7002.44
14486,7003.09
14487,7500.25
14488,8000.71
14489,9799.25
14490,10000.0
14491,8000.03
14492,6499.71
14493,6499.81
14494,6499.61
14495,5990.92
14496,5499.67
481,9999.33
482,10000.0
483,8751.43
484,9774.29
485,7500.27
486,7000.61
487,4999.56
488,4999.31
489,5999.04
490,5600.69
491,4996.24
492,4999.36
493,4999.44
494,4999.58
495,4999.42
496,4999.46
497,4999.78
498,4999.6
499,4030.79
500,4112.39
501,3657.53
502,4030.47
503,3252.63
504,3100.9
505,3708.33
506,4495.52
507,4495.79
508,3749.11
509,2099.94
510,2099.52
511,1810.56
512,1649.62
513,1369.91
514,1369.99
515,3033.47
516,3500.7
517,1999.74
518,1999.58
519,2750.83
520,2994.3
521,3420.75
522,3420.86
523,2900.18
524,2920.03
525,3315.06
526,3112.7
527,3192.0
528,3100.41
529,3000.47
530,3213.53
531,2841.6
532,2800.99
533,1804.53
534,2058.22
535,3100.11
536,3500.68
537,3000.03
538,3538.64
539,3680.22
540,3878.13
541,3659.65
542,3680.35
543,5500.27
544,5600.43
545,4679.42
546,4599.78
547,3719.64
548,3680.8
549,4000.28
550,4000.14
551,3510.55
552,3510.13
553,3900.6
554,4300.16
555,5600.79
556,7499.3
557,7499.61
558,10000.0
559,7499.1
560,6499.22
561,4999.35
562,4576.77
563,5999.07
564,6499.78
565,6800.44
566,7499.95
567,8500.89
568,6999.43
569,8000.36
570,9999.82
571,10000.0
572,10000.0
573,10000.0
574,10000.0
575,8500.14
576,7500.36
3457,8499.27
3458,7499.86
3459,5999.46
3460,5600.98
3461,4679.52
3462,4679.22
3463,7499.49
3464,7499.53
3465,7499.13
3466,7499.18
3467,6500.98
3468,5999.13
3469,5699.74
3470,5679.9
3471,7377.06
3472,7377.19
3473,6499.7
3474,6499.66
3475,5999.67
3476,5679.02
3477,4500.69
3478,4989.33
3479,5699.49
3480,5699.91
3481,4500.44
3482,4100.24
3483,3100.88
3484,2750.41
3485,3000.75
3486,3001.0
3487,2960.34
3488,2000.58
3489,2656.07
3490,2000.93
3491,2841.7
3492,2750.27
3493,3659.16
3494,2750.35
3495,2656.72
3496,2732.69
3497,2729.0
3498,2750.48
3499,3530.6
3500,3510.57
3501,3300.2
3502,3260.7
3503,3510.25
3504,3501.33
3505,3299.93
3506,3299.4
3507,2999.64
3508,2999.55
3509,3000.37
3510,3300.39
3511,3504.24
3512,3612.98
3513,3963.82
3514,4389.19
3515,3802.09
3516,3878.93
3517,4455.54
3518,4257.86
3519,4500.18
3520,4999.22
3521,5600.99
3522,5679.51
3523,6499.05
3524,5999.47
3525,5679.39
3526,5499.78
3527,4600.38
3528,4499.81
3529,4675.15
3530,4999.2
3531,4999.38
3532,5500.09
3533,8000.26
3534,10000.0
3535,10000.0
3536,10000.0
3537,7500.38
3538,7499.38
3539,8499.76
3540,10000.0
3541,10000.0
3542,10000.0
3543,10000.0
3544,10000.0
3545,10000.0
3546,10000.0
3547,10000.0
3548,10000.0
3549,10000.0
3550,10000.0
3551,10000.0
3552,10000.0
6145,10000.0
6146,10000.0
6147,10000.0
6148,10000.0
6149,10000.0
6150,10000.0
6151,10000.0
6152,10000.0
6153,7499.75
6154,7479.44
6155,5999.58
6156,5999.73
6157,5699.68
6158,6200.53
6159,5699.31
6160,5699.02
6161,5600.9
6162,5500.48
6163,5999.25
6164,6499.75
6165,5999.35
6166,5679.65
6167,5999.2
6168,5999.0
6169,5000.46
6170,4864.61
6171,4864.88
6172,5500.46
6173,4496.17
6174,4496.76
6175,4500.49
6176,4300.31
6177,4300.03
6178,3780.72
6179,3510.57
6180,3780.71
6181,4000.28
6182,4000.5
6183,3749.09
6184,3749.55
6185,3499.71
6186,3900.89
6187,4351.9
6188,4469.87
6189,4496.64
6190,4500.55
6191,5139.66
6192,5000.51
6193,4700.74
6194,4662.21
6195,4999.79
6196,4988.17
6197,3963.4
6198,4685.02
6199,5200.18
6200,5200.96
6201,5200.83
6202,5999.43
6203,7000.62
6204,7377.19
6205,9000.77
6206,9349.75
6207,10000.0
6208,10000.0
6209,10000.0
6210,10000.0
6211,10000.0
6212,10000.0
6213,8667.37
6214,8443.26
6215,5999.3
6216,5139.94
6217,4679.12
6218,5600.25
6219,5679.32
6220,9799.0
6221,6000.48
6222,10000.0
6223,10000.0
6224,10000.0
6225,10000.0
6226,10000.0
6227,10000.0
6228,10000.0
6229,10000.0
6230,10000.0
6231,10000.0
6232,10000.0
6233,10000.0
6234,10000.0
6235,10000.0
6236,10000.0
6237,10000.0
6238,10000.0
6239,10000.0
6240,10000.0
9121,10000.0
9122,10000.0
9123,10000.0
9124,7497.59
9125,4112.25
9126,3829.08
9127,4479.55
9128,4500.1
9129,4319.63
9130,4500.44
9131,4161.62
9132,4500.74
9133,4500.81
9134,4630.02
9135,4500.18
9136,4300.21
9137,4300.92
9138,4500.07
9139,4500.71
9140,4500.69
9141,4500.59
9142,4500.85
9143,5000.04
9144,4501.44
9145,3500.4
9146,3685.78
9147,2568.52
9148,2259.95
9149,3290.66
9150,3501.0
9151,3000.95
9152,2209.83
9153,1849.9
9154,1849.87
9155,2834.42
9156,2449.54
9157,2462.67
9158,2000.74
9159,1779.95
9160,1999.03
9161,2252.23
9162,1999.42
9163,2645.9
9164,2732.79
9165,3010.94
9166,3200.15
9167,2500.38
9168,2860.26
9169,3492.8
9170,3499.59
9171,3501.59
9172,3501.95
9173,2309.15
9174,1804.62
9175,1959.87
9176,2500.42
9177,3112.41
9178,3499.4
9179,2920.51
9180,2800.62
9181,3510.79
9182,3559.65
9183,3680.55
9184,3719.57
9185,3501.65
9186,3501.45
9187,3499.29
9188,3200.13
9189,2732.61
9190,2732.04
9191,2495.99
9192,2452.3
9193,1999.52
9194,1999.63
9195,1999.75
9196,3102.63
9197,5500.21
9198,5999.68
9199,4479.59
9200,4554.4
9201,3685.63
9202,3734.33
9203,4760.0
9204,5499.54
9205,5999.87
9206,7000.64
9207,10000.0
9208,8946.67
9209,5999.34
9210,5999.85
9211,10000.0
9212,10000.0
9213,10000.0
9214,10000.0
9215,10000.0
9216,10000.0
12001,10000.0
12002,10000.0
12003,10000.0
12004,10000.0
12005,10000.0
12006,10000.0
12007,10000.0
12008,10000.0
12009,6656.39
12010,6656.29
12011,7171.24
12012,7171.75
12013,6656.22
12014,5999.6
12015,5679.27
12016,5999.18
12017,4250.55
12018,3860.96
12019,5417.35
12020,5750.32
12021,3780.08
12022,3510.75
12023,3400.09
12024,3499.1
12025,5239.04
12026,5679.32
12027,3800.25
12028,4200.21
12029,4700.14
12030,4479.36
12031,3990.0
12032,4000.72
12033,2860.68
12034,2750.26
12035,3022.93
12036,3099.05
12037,2780.86
12038,2950.56
12039,3963.89
12040,3900.48
12041,2740.66
12042,2740.27
12043,3450.42
12044,3089.41
12045,5140.04
12046,5999.07
12047,5140.82
12048,4719.5
12049,4478.52
12050,4496.09
12051,4496.49
12052,4496.64
12053,4038.72
12054,4505.69
12055,5239.78
12056,5699.95
12057,6499.8
12058,6500.03
12059,5417.28
12060,4550.94
12061,5679.09
12062,6499.08
12063,5999.75
12064,6499.71
12065,6499.35
12066,6899.11
12067,6449.31
12068,5699.7
12069,4208.97
12070,4510.89
12071,5699.6
12072,5679.0
12073,5600.22
12074,5600.74
12075,4679.86
12076,5305.03
12077,5050.18
12078,7501.52
12079,8500.76
12080,10000.0
12081,10000.0
12082,10000.0
12083,10000.0
12084,10000.0
12085,10000.0
12086,10000.0
12087,10000.0
12088,10000.0
12089,10000.0
12090,10000.0
12091,10000.0
12092,10000.0
12093,10000.0
12094,10000.0
12095,10000.0
12096,10000.0
14977,10000.0
14978,10000.0
14979,10000.0
14980,10000.0
14981,10000.0
14982,10000.0
14983,10000.0
14984,10000.0
14985,5638.62
14986,4999.98
14987,3130.62
14988,3130.38
14989,4000.22
14990,4130.11
14991,5500.29
14992,5500.9
14993,6999.73
14994,6999.9
14995,6999.34
14996,6656.76
14997,5000.74
14998,4700.8
14999,4159.24
15000,3999.19
15001,5750.73
15002,5239.39
15003,4700.36
15004,4500.75
15005,5679.14
15006,5679.05
15007,4496.15
15008,3963.42
15009,4598.4
15010,4496.36
15011,4038.47
15012,3764.58
15013,3100.14
15014,3401.0
15015,3510.31
15016,3749.75
15017,3477.97
15018,3500.55
15019,3659.78
15020,3659.19
15021,5000.38
15022,5438.35
15023,4479.31
15024,4999.11
15025,4159.78
15026,5239.21
15027,5100.61
15028,5100.12
15029,3963.14
15030,4000.52
15031,5500.87
15032,5500.9
15033,6005.11
15034,6005.65
15035,6008.96
15036,6656.46
15037,7499.11
15038,8000.11
15039,8499.49
15040,8499.12
15041,7171.85
15042,8723.11
15043,8587.89
15044,8499.78
15045,7171.83
15046,7171.86
15047,6200.78
15048,5999.46
15049,4981.22
15050,5500.06
15051,5392.23
15052,6000.96
15053,7499.11
15054,10000.0
15055,10000.0
15056,10000.0
15057,8499.02
15058,7499.87
15059,7000.62
15060,7499.81
15061,10000.0
15062,10000.0
15063,10000.0
15064,10000.0
15065,10000.0
15066,10000.0
15067,10000.0
15068,10000.0
15069,10000.0
15070,10000.0
15071,10000.0
15072,10000.0
17857,6899.84
17858,6499.78
17859,5750.8
17860,5382.78
17861,5000.82
17862,4999.41
17863,4999.33
17864,4549.08
17865,5401.51
17866,5400.52
17867,5000.18
17868,4999.71
17869,4500.88
17870,4500.5
17871,4999.13
17872,4454.94
17873,4999.09
17874,4500.55
17875,3999.59
17876,4000.6
17877,3749.4
17878,4130.84
17879,4999.3
17880,4669.25
17881,4999.17
17882,4999.43
17883,4496.17
17884,4200.21
17885,3446.64
17886,3050.66
17887,2780.98
17888,1999.61
17889,2500.34
17890,3499.42
17891,3499.94
17892,3963.63
17893,3102.77
17894,3499.32
17895,3499.17
17896,3499.05
17897,3300.29
17898,3240.04
17899,3499.14
17900,3420.22
17901,3900.05
17902,4050.47
17903,3963.65
17904,3900.33
17905,3963.14
17906,4100.05
17907,4100.2
17908,3700.32
17909,3468.32
17910,3710.21
17911,4900.63
17912,5552.61
17913,5402.63
17914,4900.76
17915,4159.03
17916,4000.55
17917,5500.63
17918,6449.09
17919,6999.94
17920,6999.61
17921,6499.27
17922,5999.89
17923,4999.88
17924,4864.54
17925,4679.5
17926,4950.06
17927,4640.45
17928,4031.95
17929,4428.93
17930,4450.08
17931,4500.76
17932,4679.58
17933,5000.63
17934,6000.81
17935,8500.17
17936,9999.14
17937,8500.71
17938,8500.02
17939,8499.51
17940,8500.21
17941,8918.67
17942,8999.99
17943,8499.68
17944,7000.8
17945,8499.07
17946,8636.0
17947,10000.0
17948,10000.0
17949,10000.0
17950,10000.0
17951,10000.0
17952,10000.0
20833,10000.0
20834,10000.0
20835,10000.0
20836,10000.0
20837,8500.63
20838,7499.56
20839,10000.0
20840,8200.86
20841,8499.78
20842,8200.8
20843,8200.3
20844,7999.99
20845,7171.84
20846,7499.07
20847,7171.01
20848,7000.72
20849,6499.78
20850,6525.0
20851,6499.8
20852,6499.4
20853,4669.55
20854,5699.98
20855,5699.8
20856,5699.68
20857,5500.77
20858,6449.75
20859,6449.84
20860,5400.34
20861,4500.84
20862,4257.33
20863,4100.52
20864,4038.99
20865,4257.41
20866,3749.04
20867,4200.5
20868,3963.76
20869,3679.55
20870,3963.45
20871,4050.58
20872,4038.92
20873,3550.34
20874,3550.94
20875,3490.38
20876,3590.0
20877,4159.64
20878,4691.12
20879,4100.92
20880,4050.78
20881,3963.65
20882,4050.38
20883,5239.64
20884,4999.44
20885,4038.22
20886,4050.76
20887,4038.16
20888,4100.84
20889,5000.16
20890,4454.36
20891,5450.66
20892,6000.68
20893,6449.83
20894,6000.58
20895,6945.36
20896,7171.1
20897,6500.35
20898,7171.68
20899,7171.27
20900,7000.11
20901,5729.22
20902,5639.81
20903,6029.27
20904,5639.98
20905,3127.38
20906,3099.52
20907,3127.88
20908,4089.06
20909,4981.48
20910,5499.71
20911,6200.98
20912,6500.54
20913,7000.2
20914,7499.53
20915,8396.3
20916,10000.0
20917,10000.0
20918,10000.0
20919,10000.0
20920,10000.0
20921,10000.0
20922,10000.0
20923,10000.0
20924,10000.0
20925,10000.0
20926,10000.0
20927,10000.0
20928,10000.0
23809,10000.0
23810,10000.0
23811,10000.0
23812,10000.0
23813,10000.0
23814,10000.0
23815,10000.0
23816,10000.0
23817,7500.59
23818,7999.21
23819,7500.07
23820,6500.0
23821,7171.82
23822,7171.3
23823,6499.44
23824,6499.45
23825,5750.78
23826,6449.31
23827,6449.5
23828,6499.14
23829,4996.03
23830,6449.18
23831,5638.02
23832,5638.61
23833,4031.5
23834,4031.04
23835,4386.03
23836,4200.44
23837,3102.31
23838,3102.32
23839,2740.38
23840,2740.61
23841,2510.68
23842,2740.72
23843,3450.17
23844,4000.75
23845,5000.13
23846,5750.71
23847,3000.42
23848,2780.89
23849,3007.11
23850,3099.06
23851,4000.11
23852,3530.56
23853,3685.31
23854,3710.48
23855,3710.88
23856,3685.69
23857,3600.25
23858,3963.2
23859,4159.88
23860,4159.71
23861,4038.99
23862,4955.0
23863,4000.68
23864,4479.89
23865,4159.48
23866,5000.03
23867,6499.26
23868,6857.55
23869,10000.0
23870,10000.0
23871,10000.0
23872,10000.0
23873,10000.0
23874,10000.0
23875,7171.85
23876,6500.37
23877,3530.87
23878,3550.56
23879,3147.94
23880,3490.09
23881,2740.36
23882,2260.36
23883,3130.92
23884,4500.57
23885,5000.66
23886,6499.37
23887,5060.59
23888,5250.58
23889,4700.08
23890,4981.02
23891,6499.0
23892,7209.38
23893,7084.27
23894,8499.9
23895,10000.0
23896,10000.0
23897,10000.0
23898,10000.0
23899,10000.0
23900,10000.0
23901,10000.0
23902,10000.0
23903,10000.0
23904,10000.0
26689,10000.0
26690,10000.0
26691,10000.0
26692,9999.9
26693,8008.63
26694,8006.13
26695,7674.84
26696,6500.03
26697,8205.58
26698,8178.4
26699,6499.04
26700,5999.57
26701,7000.41
26702,7000.36
26703,4500.06
26704,4399.56
26705,3710.26
26706,3885.0
26707,4500.91
26708,5750.41
26709,4500.88
26710,5750.09
26711,3862.75
26712,3499.15
26713,4300.58
26714,4257.39
26715,3499.25
26716,3112.59
26717,3500.34
26718,3803.02
26719,3963.52
26720,3657.07
26721,3235.65
26722,3200.19
26723,2770.98
26724,2740.81
26725,2059.86
26726,2259.06
26727,4038.8
26728,4159.92
26729,3152.35
26730,3100.5
26731,2840.44
26732,2780.61
26733,2780.6
26734,3130.09
26735,3130.66
26736,3311.33
26737,3462.87
26738,3500.15
26739,3500.83
26740,3500.44
26741,3445.31
26742,3490.32
26743,4002.16
26744,3900.43
26745,3720.65
26746,4050.31
26747,5031.51
26748,5949.7
26749,5500.09
26750,4159.86
26751,4159.83
26752,4505.25
26753,3501.8
26754,3700.13
26755,3819.75
26756,3819.32
26757,3102.47
26758,3130.72
26759,3510.34
26760,3501.02
26761,1704.98
26762,1704.14
26763,2740.88
26764,3510.52
26765,4999.05
26766,4900.13
26767,4200.2
26768,4670.83
26769,4999.33
26770,4999.79
26771,6499.12
26772,9750.0
26773,10000.0
26774,10000.0
26775,8000.84
26776,9999.1
26777,9999.97
26778,10000.0
26779,10000.0
26780,10000.0
26781,7499.57
26782,7499.44
26783,7499.19
26784,7000.74
29665,10000.0
29666,10000.0
29667,6994.43
29668,6499.46
29669,5499.96
29670,5239.86
29671,6499.6
29672,6499.29
29673,5499.75
29674,5499.53
29675,4864.32
29676,4863.38
29677,5750.98
29678,6000.31
29679,5000.73
29680,5000.86
29681,4999.45
29682,4700.4
29683,6200.68
29684,6003.06
29685,3785.05
29686,3785.64
29687,6000.14
29688,4999.26
29689,4410.89
29690,4999.03
29691,4999.02
29692,4100.78
29693,3200.65
29694,3611.1
29695,2850.27
29696,3050.56
29697,2849.41
29698,2400.52
29699,2249.12
29700,2149.01
29701,2930.25
29702,3499.68
29703,1909.48
29704,1909.0
29705,1199.45
29706,1499.18
29707,1999.54
29708,2499.17
29709,999.99
29710,2249.24
29711,2500.57
29712,2860.55
29713,2701.94
29714,2900.29
29715,2903.66
29716,3400.25
29717,2500.19
29718,2900.24
29719,2550.8
29720,2732.83
29721,3303.82
29722,3303.26
29723,3000.3
29724,2499.81
29725,3423.79
29726,3500.62
29727,3710.98
29728,3780.09
29729,2419.99
29730,2800.78
29731,2519.51
29732,2519.29
29733,999.5
29734,999.27
29735,1199.05
29736,1906.94
29737,1339.92
29738,1619.46
29739,2800.2
29740,1199.07
29741,3499.73
29742,4400.61
29743,3913.31
29744,4479.13
29745,4038.48
29746,4200.43
29747,5050.84
29748,5949.01
29749,4640.83
29750,4149.28
29751,4790.87
29752,4936.36
29753,5999.38
29754,8000.37
29755,10000.0
29756,10000.0
29757,10000.0
29758,10000.0
29759,10000.0
29760,9999.58
32545,10000.0
32546,10000.0
32547,9999.25
32548,7499.99
32549,4252.42
32550,3685.97
32551,3780.78
32552,3780.28
32553,5999.09
32554,6200.11
32555,5999.05
32556,5600.95
32557,5007.01
32558,4789.11
32559,4250.6
32560,3930.72
32561,3601.49
32562,3699.09
32563,3000.29
32564,2999.75
32565,2810.57
32566,3400.91
32567,5417.68
32568,4249.66
32569,4250.21
32570,4500.17
32571,5000.89
32572,5649.1
32573,4487.99
32574,4241.75
32575,3149.14
32576,2848.67
32577,2319.17
32578,2198.88
32579,2960.11
32580,2859.55
32581,2506.04
32582,2660.41
32583,1735.94
32584,2259.14
32585,2701.9
32586,2930.48
32587,3530.76
32588,3450.07
32589,3300.0
32590,3152.94
32591,3073.0
32592,3009.47
32593,2740.14
32594,2701.39
32595,3000.75
32596,3000.42
32597,2700.19
32598,3000.64
32599,3657.53
32600,3802.43
32601,5239.83
32602,5780.28
32603,4000.89
32604,3930.26
32605,3750.74
32606,3550.55
32607,4159.53
32608,4190.62
32609,3300.84
32610,3240.22
32611,3400.79
32612,3419.22
32613,3300.92
32614,3481.1
32615,3963.3
32616,4038.04
32617,3900.01
32618,2740.61
32619,4500.94
32620,4510.41
32621,4950.14
32622,5600.14
32623,5999.86
32624,5999.98
32625,5239.05
32626,4950.58
32627,4700.54
32628,4861.0
32629,5999.11
32630,6000.85
32631,7019.35
32632,9999.57
32633,10000.0
32634,10000.0
32635,10000.0
32636,10000.0
32637,10000.0
32638,10000.0
32639,10000.0
32640,10000.0
15649,0.0
15650,10000.0
15651,10000.0
15652,10000.0
15653,10000.0
15654,10000.0
15655,7000.26
15656,4999.94
15657,7499.16
15658,7499.27
15659,5999.95
15660,5999.68
15661,6346.61
15662,6346.75
15663,6346.65
15664,5999.72
15665,4312.14
15666,3999.17
15667,5999.02
15668,6346.45
15669,5999.1
15670,5999.51
15671,7000.01
15672,7000.45
15673,5649.31
15674,5649.03
15675,5649.3
15676,5949.73
15677,5508.62
15678,4435.64
15679,3995.27
15680,4496.04
15681,3963.07
15682,4000.41
15683,3270.4
15684,3200.96
15685,2499.41
15686,2835.09
15687,1999.93
15688,1999.01
15689,2810.53
15690,3000.55
15691,3510.24
15692,4038.18
15693,3780.85
15694,3800.27
15695,3800.2
15696,3800.33
15697,3298.95
15698,3514.22
15699,3510.26
15700,3481.97
15701,2965.82
15702,3000.31
15703,3099.99
15704,3200.73
15705,5999.02
15706,6000.19
15707,6200.9
15708,5949.94
15709,5999.32
15710,5750.43
15711,4479.54
15712,4510.51
15713,3719.08
15714,4000.78
15715,4121.92
15716,4435.01
15717,5050.93
15718,5050.28
15719,4950.24
15720,4708.79
15721,3130.96
15722,3600.03
15723,3200.9
15724,4170.47
15725,4500.28
15726,5749.16
15727,6249.57
15728,6400.19
15729,5750.63
15730,7000.94
15731,6999.04
15732,6999.02
15733,7503.43
15734,7508.85
15735,7499.77
15736,7499.69
15737,9000.33
15738,9000.08
15739,7499.59
15740,9374.07
15741,9784.0
15742,10000.0
15743,7499.77
15744,7000.15
15745,7499.67
15746,7499.32
15747,6999.65
15748,6999.09
15749,0.0
15750,5750.89
15751,7002.19
15752,6200.22
15753,5750.52
15754,4773.53
15755,4252.14
15756,4252.75
15757,4000.65
15758,4420.33
15759,4200.09
15760,4000.89
15761,4312.77
15762,4312.53
15763,4456.49
15764,4300.17
15765,3200.9
15766,4140.0
15767,4500.37
15768,4479.7
15769,5178.06
15770,5749.91
15771,4510.98
15772,3749.37
15773,3605.19
15774,3450.02
15775,3266.23
15776,3001.09
15777,1499.9
15778,1243.0
15779,1632.0
15780,2699.85
15781,2800.02
15782,2811.0
15783,2510.04
15784,1999.66
15785,1499.76
15786,1499.7
15787,2309.94
15788,2309.99
15789,2740.92
15790,2803.49
15791,3000.89
15792,3000.73
15793,2784.62
15794,2815.21
15795,2099.48
15796,2200.04
15797,2064.16
15798,2064.27
15799,2784.8
15800,2920.33
15801,3780.43
15802,4748.93
15803,5000.76
15804,4494.51
15805,4355.64
15806,3514.96
15807,5020.87
15808,5749.87
15809,5749.37
15810,5500.58
15811,5639.53
15812,6449.15
15813,6449.61
15814,6064.15
15815,5749.05
15816,4700.36
15817,3000.69
15818,2740.0
15819,3000.96
15820,4435.08
15821,5100.87
15822,7171.28
15823,6499.88
15824,5470.05
15825,6499.65
15826,6499.79
15827,5999.81
15828,6499.11
15829,6499.18
15830,6899.68
15831,9814.05
15832,10000.0
15833,10000.0
15834,10000.0
15835,10000.0
15836,10000.0
15837,10000.0
15838,10000.0
15839,10000.0
15840,10000.0
15841,10000.0
15842,10000.0
15843,10000.0
15844,10000.0
15845,10000.0
15846,10000.0
15847,10000.0
15848,6999.95
15849,6449.49
15850,6449.99
15851,5024.5
15852,5000.35
15853,4999.87
15854,5404.0
15855,5749.89
15856,5750.41
15857,6449.37
15858,6449.24
15859,7500.92
15860,8000.05
15861,6499.09
15862,6999.64
15863,8000.2
15864,8500.3
15865,5110.14
15866,5999.46
15867,5750.38
15868,5999.0
15869,6500.03
15870,6449.11
15871,5750.59
15872,4209.95
15873,3612.65
15874,2964.63
15875,1999.55
15876,1999.59
15877,1959.51
15878,1959.67
15879,1959.52
15880,2100.31
15881,2100.95
15882,2699.79
15883,2936.8
15884,2862.89
15885,2699.91
15886,3145.7
15887,3453.89
15888,3781.97
15889,2742.83
15890,2784.59
15891,3000.45
15892,2815.78
15893,2815.62
15894,2815.72
15895,3600.16
15896,4273.21
15897,4510.96
15898,5790.89
15899,4511.43
15900,4510.03
15901,5499.43
15902,5750.43
15903,6499.46
15904,6102.94
15905,5999.22
15906,6449.95
15907,5999.26
15908,5999.06
15909,4510.53
15910,4507.08
15911,3749.96
15912,3200.21
15913,3499.47
15914,3514.93
15915,5750.01
15916,9000.07
15917,10000.0
15918,10000.0
15919,10000.0
15920,10000.0
15921,10000.0
15922,10000.0
15923,10000.0
15924,10000.0
15925,10000.0
15926,10000.0
15927,10000.0
15928,10000.0
15929,10000.0
15930,10000.0
15931,10000.0
15932,10000.0
15933,10000.0
15934,10000.0
15935,10000.0
15936,10000.0
15937,10000.0
15938,10000.0
15939,10000.0
15940,10000.0
15941,10000.0
15942,10000.0
15943,10000.0
15944,10000.0
15945,10000.0
15946,10000.0
15947,10000.0
15948,10000.0
15949,10000.0
15950,10000.0
15951,10000.0
15952,9185.0
15953,5499.76
15954,5999.49
15955,8499.74
15956,9000.39
15957,7999.16
15958,8499.16
15959,10000.0
15960,10000.0
15961,7171.04
15962,7171.47
15963,7171.14
15964,6500.16
15965,6449.74
15966,5750.53
15967,3500.32
15968,1499.67
15969,3200.42
15970,3749.55
15971,4400.25
15972,4152.38
15973,3099.94
15974,3800.39
15975,4800.12
15976,4479.34
15977,3810.1
15978,3749.62
15979,3749.97
15980,3613.13
15981,4033.12
15982,4033.87
15983,3780.61
15984,3780.08
15985,3400.4
15986,3499.17
15987,4010.81
15988,4469.08
15989,3780.29
15990,3780.87
15991,4109.55
15992,4921.49
15993,4130.63
15994,4998.67
15995,5639.87
15996,5001.0
15997,5999.28
15998,6150.47
15999,7050.1
16000,7050.16
16001,5999.59
16002,5999.65
16003,5550.34
16004,5639.48
16005,4950.4
16006,4710.62
16007,4000.12
16008,3700.78
16009,2510.75
16010,2498.6
16011,2499.5
16012,2740.24
16013,5309.91
16014,10000.0
16015,10000.0
16016,10000.0
16017,10000.0
16018,10000.0
16019,10000.0
16020,10000.0
16021,10000.0
16022,10000.0
16023,10000.0
16024,10000.0
16025,10000.0
16026,10000.0
16027,10000.0
16028,10000.0
16029,10000.0
16030,10000.0
16031,10000.0
16032,10000.0
16033,10000.0
16034,10000.0
16035,10000.0
16036,10000.0
16037,10000.0
16038,10000.0
16039,10000.0
16040,10000.0
16041,10000.0
16042,10000.0
16043,10000.0
16044,10000.0
16045,10000.0
16046,10000.0
16047,10000.0
16048,10000.0
16049,5500.3
16050,5500.85
16051,5500.6
16052,6510.2
16053,6500.75
16054,6999.61
16055,8000.29
16056,8000.76
16057,5239.68
16058,6010.15
16059,5024.01
16060,4468.4
16061,4478.98
16062,4400.76
16063,3510.79
16064,3112.19
16065,3131.0
16066,3000.83
16067,2965.25
16068,2960.59
16069,2810.39
16070,3000.71
16071,2635.71
16072,2740.68
16073,2841.08
16074,2810.47
16075,3130.82
16076,3099.53
16077,3999.97
16078,3800.34
16079,3538.11
16080,3500.75
16081,3130.5
16082,3130.82
16083,4109.43
16084,4109.63
16085,3749.1
16086,3550.54
16087,4130.18
16088,5000.16
16089,5000.57
16090,5000.47
16091,5000.65
16092,5000.09
16093,6000.6
16094,6000.71
16095,6000.46
16096,6000.9
16097,4864.33
16098,4864.55
16099,6510.82
16100,6510.44
16101,5639.19
16102,4864.9
16103,3649.49
16104,3089.86
16105,1899.47
16106,3130.39
16107,3099.42
16108,4150.44
16109,5024.35
16110,5750.12
16111,5999.98
16112,6999.07
16113,10000.0
16114,10000.0
16115,10000.0
16116,10000.0
16117,10000.0
16118,10000.0
16119,10000.0
16120,10000.0
16121,10000.0
16122,10000.0
16123,10000.0
16124,10000.0
16125,10000.0
16126,10000.0
16127,10000.0
16128,10000.0
16129,10000.0
16130,10000.0
16131,10000.0
16132,10000.0
16133,10000.0
16134,10000.0
16135,10000.0
16136,10000.0
16137,6149.42
16138,5999.66
16139,4435.19
16140,4355.34
16141,3600.42
16142,3718.09
16143,3713.53
16144,4130.9
16145,4479.61
16146,4300.89
16147,4456.79
16148,4349.99
16149,3350.19
16150,3900.86
16151,5750.98
16152,5999.81
16153,3290.53
16154,3750.31
16155,4468.77
16156,4144.23
16157,2780.18
16158,3050.51
16159,3000.46
16160,2740.11
16161,1999.41
16162,1911.18
16163,1499.95
16164,1499.84
16165,2740.2
16166,3481.09
16167,2740.07
16168,2740.64
16169,1902.9
16170,1782.34
16171,3000.88
16172,3620.42
16173,3620.96
16174,3620.05
16175,2249.83
16176,2249.95
16177,2500.11
16178,2266.46
16179,3000.08
16180,3000.93
16181,1845.62
16182,1902.08
16183,3000.52
16184,3130.02
16185,3130.28
16186,3530.97
16187,3000.35
16188,3000.37
16189,3120.54
16190,3130.68
16191,3200.78
16192,3400.37
16193,3330.77
16194,3330.44
16195,3130.8
16196,3000.64
16197,2742.41
16198,2965.47
16199,2093.1
16200,1899.88
16201,1499.22
16202,1499.47
16203,1499.04
16204,1499.8
16205,4135.89
16206,4640.72
16207,4355.91
16208,4135.72
16209,4410.07
16210,4479.55
16211,4860.42
16212,5050.7
16213,5250.46
16214,5500.78
16215,5999.42
16216,6011.71
16217,8999.25
16218,9999.1
16219,10000.0
16220,10000.0
16221,9999.76
16222,9999.61
16223,5638.45
16224,4999.97
16225,3720.89
16226,3542.06
16227,3542.05
16228,3499.51
16229,3499.62
16230,2899.82
16231,3000.14
16232,2701.3
16233,2500.92
16234,2500.29
16235,2740.96
16236,2740.44
16237,4280.93
16238,4300.92
16239,2608.08
16240,2550.58
16241,2170.53
16242,2369.84
16243,2799.58
16244,3510.64
16245,3000.87
16246,3670.83
16247,3000.28
16248,3200.19
16249,2005.5
16250,2008.0
16251,2965.09
16252,2981.24
16253,3052.17
16254,2800.77
16255,1779.0
16256,1749.57
16257,1499.75
16258,1499.66
16259,1499.63
16260,2950.46
16261,2939.52
16262,3000.96
16263,2740.43
16264,2740.06
16265,3450.88
16266,3538.51
16267,3538.18
16268,3240.94
16269,3400.44
16270,3749.35
16271,3102.37
16272,3102.32
16273,4050.8
16274,4000.3
16275,3420.83
16276,3499.02
16277,2965.69
16278,3028.6
16279,3200.01
16280,3300.99
16281,3550.26
16282,3320.13
16283,3105.4
16284,3499.64
16285,3780.02
16286,3510.12
16287,4000.96
16288,4000.54
16289,4942.9
16290,5000.92
16291,4468.61
16292,4468.12
16293,3450.85
16294,3560.33
16295,3501.04
16296,3560.31
16297,3130.42
16298,3130.62
16299,5000.43
16300,5750.45
16301,10000.0
16302,10000.0
16303,10000.0
16304,10000.0
16305,10000.0
16306,10000.0
16307,7999.36
16308,9999.07
16309,9999.51
16310,10000.0
16311,10000.0
16312,10000.0
16313,10000.0
16314,10000.0
16315,10000.0
16316,10000.0
16317,10000.0
16318,10000.0
16319,8600.49
16320,8000.56
16321,6200.38
16322,5750.79
16323,6000.92
16324,5999.13
16325,5500.42
16326,4588.75
16327,5500.23
16328,5500.21
16329,5500.21
16330,4100.59
16331,3500.24
16332,3130.25
16333,3130.42
16334,3200.81
16335,2740.08
16336,2740.04
16337,3999.49
16338,4479.44
16339,4517.8
16340,4875.26
16341,3838.62
16342,3500.05
16343,3320.12
16344,3115.5
16345,3300.57
16346,3200.57
16347,3500.55
16348,3130.97
16349,3001.0
16350,3130.16
16351,1999.36
16352,1969.66
16353,2820.44
16354,2740.95
16355,2800.92
16356,3300.93
16357,3130.9
16358,3500.24
16359,2820.79
16360,3300.89
16361,2700.77
16362,2742.78
16363,3596.26
16364,3538.59
16365,4361.98
16366,4658.9
16367,3838.99
16368,3610.14
16369,3678.78
16370,3750.56
16371,3678.98
16372,3542.95
16373,2789.66
16374,3130.59
16375,3248.37
16376,3248.61
16377,4142.54
16378,4586.22
16379,4500.89
16380,4986.36
16381,4468.51
16382,4468.23
16383,3999.53
16384,4142.37
16385,5000.05
16386,4986.73
16387,4142.44
16388,3780.44
16389,3499.59
16390,3499.28
16391,3130.09
16392,3102.75
16393,2000.78
16394,2965.18
16395,2965.68
16396,3501.0
16397,5392.91
16398,5750.89
16399,5099.54
16400,5060.85
16401,4510.37
16402,4600.23
16403,5250.14
16404,5312.76
16405,6510.45
16406,7004.28
16407,10000.0
16408,10000.0
16409,10000.0
16410,10000.0
16411,10000.0
16412,10000.0
16413,10000.0
16414,10000.0
16415,10000.0
16416,10000.0
16417,10000.0
16418,10000.0
16419,10000.0
16420,10000.0
16421,10000.0
16422,10000.0
16423,4998.39
16424,4579.37
16425,4510.43
16426,4712.2
16427,4000.86
16428,4250.94
16429,3720.8
16430,3702.5
16431,3940.99
16432,3790.38
16433,4000.17
16434,4000.94
16435,5522.08
16436,5522.69
16437,4965.76
16438,5833.54
16439,4000.96
16440,4316.94
16441,3711.49
16442,3560.79
16443,4965.34
16444,4586.06
16445,4469.22
16446,3743.25
16447,3100.16
16448,1663.83
16449,2649.5
16450,3131.0
16451,3000.31
16452,2750.93
16453,1577.79
16454,2740.41
16455,3450.72
16456,3616.85
16457,2820.94
16458,2900.26
16459,3300.69
16460,3240.12
16461,4001.41
16462,4109.15
16463,3900.21
16464,3725.65
16465,3560.3
16466,3931.0
16467,3700.33
16468,3500.97
16469,3560.95
16470,3725.19
16471,3678.86
16472,3900.08
16473,5501.64
16474,5999.43
16475,4986.98
16476,5000.88
16477,5239.42
16478,5500.68
16479,5817.77
16480,5500.55
16481,4303.15
16482,3950.3
16483,3939.46
16484,3860.0
16485,2005.83
16486,2899.94
16487,3501.17
16488,3501.17
16489,2198.78
16490,3800.89
16491,3999.78
16492,4720.87
16493,5750.95
16494,6200.37
16495,6200.53
16496,6446.85
16497,5510.58
16498,5499.94
16499,5600.86
16500,5512.64
16501,6010.75
16502,10000.0
16503,10000.0
16504,10000.0
16505,10000.0
16506,10000.0
16507,10000.0
16508,10000.0
16509,10000.0
16510,10000.0
16511,10000.0
16512,10000.0
16513,10000.0
16514,9999.87
16515,5998.98
16516,5994.3
16517,4586.45
16518,4180.71
16519,4316.2
16520,4400.03
16521,4239.34
16522,3999.36
16523,3720.34
16524,3500.72
16525,3790.62
16526,3500.09
16527,3780.39
16528,3999.5
16529,3680.55
16530,3800.23
16531,4339.86
16532,4480.96
16533,3500.89
16534,4316.78
16535,4789.78
16536,4988.12
16537,4986.48
16538,4986.96
16539,5200.96
16540,4586.09
16541,3993.78
16542,3499.7
16543,2309.99
16544,1999.9
16545,1999.88
16546,2699.45
16547,1999.86
16548,2820.83
16549,3500.04
16550,3725.35
16551,2635.38
16552,2266.9
16553,1999.01
16554,1999.41
16555,2699.93
16556,2720.34
16557,3290.74
16558,3200.82
16559,2800.23
16560,2900.32
16561,3100.07
16562,3528.17
16563,3099.87
16564,3000.5
16565,2005.42
16566,2005.64
16567,2699.19
16568,2900.36
16569,3200.05
16570,3200.7
16571,3300.58
16572,3380.13
16573,4109.28
16574,4198.86
16575,3500.13
16576,3400.72
16577,3300.18
16578,3000.76
16579,3242.0
16580,3315.4
16581,3599.71
16582,4100.75
16583,3550.19
16584,3501.24
16585,2699.95
16586,3130.1
16587,4200.04
16588,4355.84
16589,5750.97
16590,8000.06
16591,8500.24
16592,8475.74
16593,7999.82
16594,6999.63
16595,5996.92
16596,5997.11
16597,10000.0
16598,10000.0
16599,10000.0
16600,10000.0
16601,10000.0
16602,10000.0
16603,10000.0
16604,10000.0
16605,10000.0
16606,10000.0
16607,10000.0
16608,10000.0
16609,10000.0
16610,10000.0
16611,10000.0
16612,7171.47
16613,4435.17
16614,4355.31
16615,4400.31
16616,4300.73
16617,4499.5
16618,4499.74
16619,4499.55
16620,4499.06
16621,3750.04
16622,3716.0
16623,3999.67
16624,3999.63
16625,3999.11
16626,4033.99
16627,3999.93
16628,4033.49
16629,3882.06
16630,4139.45
16631,4349.78
16632,4339.89
16633,4499.97
16634,4800.37
16635,7000.07
16636,7000.06
16637,4981.66
16638,4499.24
16639,3000.29
16640,2099.56
16641,3100.65
16642,3500.0
16643,3647.97
16644,3130.9
16645,3130.56
16646,3000.9
16647,3130.69
16648,3050.24
16649,3130.51
16650,3130.15
16651,2950.67
16652,2920.5
16653,3000.65
16654,3000.93
16655,3000.42
16656,3000.25
16657,2980.8
16658,3000.61
16659,3000.62
16660,3000.28
16661,3000.45
16662,3058.0
16663,4109.08
16664,3939.96
16665,3200.53
16666,3360.91
16667,3200.36
16668,3700.73
16669,3939.77
16670,4109.57
16671,3599.32
16672,3699.86
16673,3099.98
16674,3500.9
16675,3484.62
16676,3500.86
16677,3499.18
16678,3499.11
16679,2950.86
16680,2900.56
16681,1999.3
16682,1999.53
16683,3000.44
16684,3514.7
16685,5500.91
16686,5833.06
16687,5554.56
16688,5970.72
16689,5750.99
16690,6446.16
16691,5891.97
16692,5759.33
16693,8000.78
16694,8530.02
16695,8000.75
16696,8500.6
16697,10000.0
16698,10000.0
16699,10000.0
16700,10000.0
16701,10000.0
16702,10000.0
16703,10000.0
16704,10000.0
16705,4459.82
16706,4435.87
16707,3950.32
16708,3764.32
16709,3947.0
16710,4500.84
16711,5520.41
16712,5004.97
16713,5105.92
16714,5106.96
16715,4100.2
16716,3940.01
16717,3332.26
16718,3542.18
16719,4050.38
16720,4035.07
16721,4198.71
16722,4198.9
16723,4130.18
16724,4198.8
16725,4110.23
16726,4499.31
16727,5500.36
16728,6499.37
16729,4499.11
16730,4239.81
16731,3500.68
16732,3500.45
16733,3400.92
16734,3400.88
16735,2959.06
16736,2820.37
16737,3000.43
16738,2900.7
16739,3100.94
16740,2900.5
16741,1922.29
16742,2072.5
16743,3538.25
16744,3538.28
16745,0.0
16746,2950.37
16747,3999.95
16748,3538.76
16749,2288.0
16750,2701.47
16751,2701.99
16752,3000.47
16753,2488.0
16754,2701.63
16755,1963.24
16756,2343.89
16757,1831.9
16758,1831.77
16759,2784.21
16760,2920.05
16761,2577.07
16762,1999.29
16763,1795.68
16764,1795.59
16765,3000.25
16766,3450.54
16767,3431.97
16768,3500.42
16769,3538.81
16770,3700.48
16771,3538.97
16772,3600.11
16773,3089.75
16774,3084.98
16775,2868.0
16776,2635.38
16777,1831.03
16778,1831.9
16779,4517.92
16780,4564.2
16781,4998.81
16782,5022.17
16783,5022.03
16784,5022.64
16785,4500.01
16786,4496.88
16787,4435.04
16788,4499.9
16789,5510.07
16790,5510.68
16791,6002.34
16792,6003.44
16793,6510.68
16794,6800.19
16795,4998.71
16796,5250.53
16797,5891.69
16798,6085.44
16799,5058.6
16800,4435.23
16801,4130.6
16802,4143.4
16803,3790.97
16804,3999.52
16805,3900.97
16806,3790.97
16807,4510.25
16808,4499.84
16809,4130.65
16810,4000.89
16811,3800.2
16812,3790.91
16813,3500.67
16814,3509.39
16815,3620.46
16816,3509.73
16817,3600.63
16818,3620.16
16819,3089.33
16820,3089.2
16821,2109.34
16822,2369.21
16823,2970.71
16824,3050.4
16825,2005.45
16826,2459.21
16827,2581.03
16828,2771.03
16829,2498.39
16830,1499.89
16831,1499.04
16832,1499.85
16833,1499.38
16834,1499.59
16835,1299.41
16836,1299.28
16837,989.33
16838,989.86
16839,979.93
16840,979.86
16841,999.02
16842,999.06
16843,999.57
16844,999.69
16845,999.62
16846,999.99
16847,1499.05
16848,1499.65
16849,999.04
16850,999.28
16851,999.99
16852,1499.4
16853,999.6
16854,999.6
16855,999.77
16856,1199.4
16857,999.93
16858,1499.49
16859,1499.92
16860,1600.72
16861,1959.23
16862,1959.23
16863,1499.87
16864,1499.92
16865,1499.75
16866,1622.14
16867,1499.99
16868,1930.18
16869,1988.98
16870,1628.25
16871,1499.51
16872,1499.57
16873,1069.43
16874,998.47
16875,998.15
16876,979.99
16877,2500.55
16878,3300.45
16879,3505.72
16880,3507.96
16881,3758.0
16882,4000.15
16883,3099.17
16884,3000.04
16885,3200.79
16886,3400.98
16887,3000.97
16888,3450.49
16889,3500.21
16890,4093.0
16891,4143.97
16892,4143.04
16893,3790.02
16894,3790.42
16895,3750.64
16896,3780.01
16897,2259.03
16898,1999.94
16899,2740.8
16900,2900.33
16901,2600.09
16902,2635.41
16903,2900.99
16904,3000.28
16905,2799.9
16906,3000.23
16907,1999.81
16908,1999.03
16909,1629.57
16910,1500.0
16911,1280.15
16912,1395.25
16913,1499.9
16914,2581.92
16915,2700.88
16916,2430.86
16917,1673.24
16918,2259.74
16919,2280.43
16920,2577.95
16921,2900.4
16922,2900.82
16923,2756.0
16924,2581.97
16925,2581.44
16926,2581.47
16927,2577.44
16928,2369.07
16929,1599.9
16930,1599.98
16931,1499.88
16932,1519.02
16933,2500.89
16934,2532.05
16935,2700.57
16936,2700.76
16937,2498.76
16938,1831.97
16939,1831.35
16940,1831.41
16941,1830.78
16942,2500.03
16943,1615.95
16944,2509.09
16945,1740.92
16946,1784.05
16947,1499.99
16948,1499.69
16949,1099.99
16950,1338.55
16951,1469.78
16952,1499.45
16953,1499.69
16954,1499.85
16955,2502.0
16956,2753.43
16957,2300.29
16958,2300.96
16959,2900.47
16960,3000.32
16961,2906.04
16962,3003.79
16963,3620.1
16964,3620.1
16965,3130.07
16966,2900.29
16967,3130.01
16968,3130.55
16969,3620.4
16970,3939.12
16971,3104.48
16972,2999.57
16973,3107.93
16974,4000.11
16975,4601.34
16976,4449.0
16977,4950.12
16978,4830.26
16979,4605.81
16980,4720.16
16981,4789.35
16982,4680.95
16983,4500.37
16984,4450.03
16985,2965.65
16986,3514.33
16987,4700.35
16988,5500.26
16989,4316.45
16990,4250.26
16991,3720.91
16992,3500.05
16993,4000.65
16994,4050.2
16995,3620.72
16996,3620.44
16997,3099.68
16998,2965.67
16999,3250.86
17000,3500.49
17001,3759.05
17002,3500.99
17003,2740.67
17004,2742.77
17005,2950.13
17006,2950.57
17007,2742.61
17008,2742.37
17009,2740.64
17010,2900.18
17011,3500.75
17012,3720.04
17013,2900.42
17014,3000.26
17015,3250.38
17016,3999.2
17017,2740.53
17018,2756.85
17019,2900.5
17020,2930.69
17021,3481.17
17022,3130.65
17023,1999.05
17024,2639.97
17025,3099.31
17026,3000.25
17027,2740.13
17028,2323.8
17029,2592.0
17030,2740.45
17031,2837.0
17032,2780.87
17033,2100.0
17034,2063.58
17035,2369.58
17036,2740.17
17037,3000.31
17038,3000.43
17039,2784.98
17040,2740.26
17041,1902.31
17042,2266.7
17043,1954.4
17044,2369.4
17045,1795.65
17046,1823.95
17047,2000.21
17048,1960.92
17049,2500.96
17050,2740.56
17051,1799.92
17052,1899.8
17053,3000.02
17054,3130.6
17055,3500.08
17056,3500.97
17057,3102.89
17058,3189.12
17059,3089.47
17060,3000.6
17061,2129.54
17062,2577.92
17063,3620.03
17064,3620.89
17065,3770.29
17066,3998.28
17067,4200.59
17068,4100.57
17069,3800.1
17070,4239.35
17071,5000.47
17072,5000.26
17073,5000.08
17074,4717.31
17075,3450.96
17076,3514.13
17077,4450.69
17078,4750.69
17079,5000.48
17080,5005.78
17081,5071.05
17082,5071.8
17083,4586.91
17084,4239.99
17085,5001.93
17086,5750.49
17087,3542.11
17088,3130.69
17089,3598.0
17090,3130.47
17091,3200.63
17092,3130.75
17093,2900.64
17094,2900.58
17095,2500.77
17096,2701.38
17097,2800.79
17098,2885.64
17099,2900.85
17100,2740.08
17101,2635.4
17102,2500.78
17103,2577.99
17104,2580.76
17105,2500.29
17106,2580.28
17107,3020.92
17108,3090.72
17109,2581.82
17110,2946.8
17111,3300.74
17112,3620.26
17113,3150.97
17114,3481.76
17115,3493.54
17116,3481.56
17117,3000.85
17118,2905.64
17119,3130.99
17120,3481.11
17121,3200.08
17122,3130.93
17123,3481.11
17124,3000.67
17125,2784.12
17126,3000.25
17127,1999.08
17128,1902.02
17129,1845.6
17130,1999.2
17131,1663.72
17132,1663.76
17133,2599.34
17134,2740.2
17135,2577.8
17136,2561.18
17137,2475.56
17138,2475.64
17139,1795.86
17140,1782.79
17141,1500.26
17142,1500.26
17143,1704.49
17144,2241.63
17145,2499.0
17146,2604.91
17147,3130.79
17148,3481.44
17149,3250.58
17150,3130.75
17151,2903.9
17152,3250.06
17153,2241.14
17154,2984.8
17155,2900.32
17156,3100.42
17157,3300.89
17158,3501.2
17159,3620.55
17160,3588.4
17161,3460.74
17162,3588.62
17163,4119.22
17164,4239.42
17165,4584.0
17166,5000.25
17167,5002.25
17168,4997.65
17169,4111.67
17170,3647.64
17171,3764.78
17172,3770.17
17173,4440.69
17174,5002.52
17175,4830.56
17176,4830.91
17177,4830.5
17178,5128.29
17179,5501.33
17180,5415.93
17181,5097.06
17182,4355.65
17183,3720.11
17184,3130.64
17185,3300.7
17186,4111.52
17187,4200.02
17188,4111.35
17189,3660.94
17190,3600.02
17191,3999.53
17192,3720.99
17193,3588.39
17194,3600.04
17195,3500.98
17196,3300.26
17197,3300.54
17198,3300.11
17199,3200.38
17200,3099.94
17201,2965.82
17202,2950.8
17203,3099.48
17204,3250.35
17205,2850.98
17206,3102.96
17207,3300.61
17208,3513.93
17209,4111.47
17210,4239.47
17211,4190.82
17212,4111.64
17213,3500.25
17214,3499.81
17215,2950.32
17216,2635.45
17217,2244.25
17218,2266.62
17219,2000.26
17220,1902.77
17221,1823.02
17222,1823.68
17223,2459.27
17224,1499.92
17225,2581.88
17226,2730.88
17227,2034.0
17228,2000.18
17229,1795.11
17230,2000.03
17231,1747.94
17232,1663.09
17233,1500.62
17234,1500.89
17235,1499.66
17236,1499.65
17237,1300.81
17238,1300.97
17239,1499.2
17240,1499.26
17241,2132.37
17242,1742.67
17243,1499.1
17244,1499.31
17245,2107.71
17246,2459.91
17247,2850.31
17248,2950.0
17249,2459.76
17250,2459.29
17251,2604.55
17252,2581.51
17253,2521.86
17254,2840.0
17255,3100.09
17256,3300.44
17257,2850.85
17258,2850.63
17259,2900.43
17260,3300.94
17261,5002.2
17262,5000.55
17263,4700.74
17264,4499.85
17265,4284.76
17266,3800.81
17267,3764.21
17268,3514.33
17269,5000.25
17270,5002.83
17271,5000.55
17272,4730.38
17273,5000.06
17274,4600.98
17275,4580.43
17276,4360.44
17277,3750.4
17278,3700.09
17279,4300.04
17280,4111.09
17281,3580.01
17282,3300.17
17283,2635.91
17284,2266.83
17285,2500.51
17286,2581.88
17287,2990.92
17288,2990.55
17289,2742.47
17290,2742.39
17291,2701.75
17292,2604.27
17293,2521.89
17294,2500.4
17295,1499.67
17296,1499.49
17297,1499.36
17298,1499.87
17299,2417.0
17300,2500.76
17301,1577.89
17302,2600.46
17303,2939.56
17304,3500.01
17305,2880.96
17306,2900.2
17307,3300.13
17308,2850.73
17309,3300.89
17310,3500.31
17311,2850.14
17312,2742.17
17313,2521.59
17314,2149.56
17315,2500.17
17316,1899.95
17317,1499.48
17318,1499.83
17319,2099.16
17320,1874.29
17321,1591.45
17322,1615.6
17323,1500.99
17324,1500.53
17325,1499.95
17326,2280.25
17327,1500.01
17328,1500.6
17329,1500.15
17330,1500.62
17331,1500.25
17332,1500.2
17333,1380.8
17334,1380.47
17335,1380.4
17336,1499.12
17337,1824.0
17338,2132.89
17339,2581.69
17340,2900.57
17341,3099.68
17342,3049.14
17343,3580.29
17344,3588.34
17345,2850.09
17346,3300.11
17347,3450.49
17348,3300.73
17349,3300.88
17350,3580.02
17351,3481.34
17352,3481.94
17353,2950.7
17354,2900.89
17355,3580.34
17356,3588.61
17357,4500.27
17358,4587.6
17359,5503.94
17360,5501.0
17361,5500.19
17362,5239.03
17363,5500.62
17364,5500.99
17365,5500.11
17366,5250.62
17367,5500.27
17368,5500.26
17369,5310.95
17370,5415.44
17371,5420.3
17372,5420.83
17373,5500.56
17374,5430.38
17375,5141.85
17376,5002.91
577,5003.02
578,5005.63
579,4458.0
580,4339.48
581,3580.77
582,3395.0
583,3510.06
584,3587.65
585,3810.98
586,3999.43
587,3588.77
588,3588.63
589,3660.67
590,3588.21
591,3329.32
592,3300.48
593,3089.66
594,3089.45
595,5002.16
596,4714.92
597,4339.74
598,4499.35
599,4544.08
600,5002.49
601,5856.12
602,5141.73
603,5128.83
604,4339.91
605,4500.98
606,4439.37
607,3580.41
608,3099.22
609,2771.43
610,2771.16
611,2800.24
612,2771.61
613,2771.63
614,2756.82
615,2756.26
616,2604.8
617,2511.96
618,2701.75
619,2314.0
620,2700.61
621,3300.13
622,3300.54
623,3202.49
624,3204.39
625,2615.66
626,2635.64
627,2900.65
628,2900.81
629,2800.72
630,3300.35
631,3481.65
632,3481.43
633,3089.31
634,3089.69
635,3099.92
636,3500.47
637,3089.42
638,3300.36
639,3300.9
640,3501.63
641,3481.9
642,3580.48
643,3950.61
644,3827.66
645,3588.62
646,4000.57
647,4037.33
648,3809.6
649,3588.8
650,3749.19
651,4700.31
652,5510.74
653,6500.28
654,6500.22
655,5750.6
656,7159.74
657,5510.38
658,5750.63
659,6108.36
660,7036.92
661,8223.0
662,9003.41
663,10000.0
664,10000.0
665,10000.0
666,10000.0
667,10000.0
668,10000.0
669,10000.0
670,10000.0
671,10000.0
672,10000.0
3553,8510.37
3554,6510.53
3555,4999.93
3556,3750.83
3557,3750.03
3558,3588.99
3559,4111.91
3560,4339.42
3561,4111.47
3562,4439.38
3563,3999.91
3564,4000.5
3565,3421.78
3566,3499.84
3567,3300.75
3568,3300.51
3569,2965.34
3570,2965.11
3571,3920.61
3572,4264.7
3573,4360.48
3574,4577.1
3575,5141.23
3576,5501.7
3577,5750.49
3578,5141.69
3579,4469.52
3580,4499.2
3581,3300.83
3582,3400.63
3583,2939.54
3584,2581.41
3585,2005.26
3586,2005.2
3587,1999.03
3588,2200.81
3589,2600.71
3590,2600.82
3591,2602.88
3592,2600.05
3593,1999.77
3594,2500.1
3595,1999.15
3596,1999.08
3597,1999.94
3598,2400.71
3599,2604.85
3600,2604.31
3601,2850.61
3602,2850.38
3603,2850.81
3604,2866.0
3605,2348.91
3606,2266.72
3607,3300.84
3608,3300.74
3609,3580.68
3610,3749.62
3611,3860.77
3612,3939.87
3613,3300.29
3614,3860.58
3615,3616.73
3616,3877.63
3617,3110.39
3618,3588.08
3619,3284.65
3620,3300.4
3621,3860.29
3622,3877.14
3623,3860.99
3624,4000.4
3625,3200.03
3626,3827.15
3627,4119.56
3628,4360.04
3629,5239.12
3630,5639.03
3631,7159.02
3632,7000.9
3633,5500.93
3634,5546.59
3635,6200.8
3636,7159.19
3637,10000.0
3638,10000.0
3639,10000.0
3640,10000.0
3641,10000.0
3642,10000.0
3643,10000.0
3644,10000.0
3645,10000.0
3646,10000.0
3647,10000.0
3648,10000.0
6241,10000.0
6242,10000.0
6243,10000.0
6244,10000.0
6245,6500.3
6246,5139.38
6247,4744.92
6248,4499.93
6249,4508.54
6250,4507.9
6251,5750.71
6252,5750.15
6253,4420.69
6254,4499.31
6255,4293.77
6256,4355.23
6257,4149.02
6258,4000.63
6259,4000.24
6260,4000.51
6261,4157.7
6262,4578.12
6263,5546.32
6264,6017.49
6265,6806.67
6266,7000.41
6267,6434.75
6268,6108.91
6269,4999.6
6270,4500.4
6271,3961.51
6272,3354.47
6273,2820.1
6274,2850.35
6275,3300.46
6276,3300.23
6277,4000.45
6278,4153.56
6279,4153.26
6280,4153.11
6281,3580.28
6282,3500.46
6283,3099.83
6284,3100.37
6285,3500.18
6286,3500.79
6287,3500.93
6288,3580.98
6289,3580.39
6290,3580.9
6291,4119.2
6292,4000.5
6293,3099.58
6294,3110.74
6295,3641.2
6296,4000.16
6297,4339.76
6298,5000.22
6299,5000.13
6300,6000.27
6301,4997.98
6302,6250.17
6303,6500.7
6304,6500.13
6305,8886.0
6306,10000.0
6307,10000.0
6308,10000.0
6309,7000.67
6310,7000.08
6311,6001.03
6312,6000.49
6313,6434.63
6314,7489.95
6315,10000.0
6316,10000.0
6317,10000.0
6318,10000.0
6319,10000.0
6320,10000.0
6321,10000.0
6322,10000.0
6323,10000.0
6324,10000.0
6325,10000.0
6326,10000.0
6327,10000.0
6328,10000.0
6329,10000.0
6330,10000.0
6331,10000.0
6332,10000.0
6333,10000.0
6334,10000.0
6335,10000.0
6336,10000.0
9217,10000.0
9218,10000.0
9219,10000.0
9220,10000.0
9221,10000.0
9222,10000.0
9223,10000.0
9224,10000.0
9225,9799.87
9226,8999.93
9227,6434.08
9228,5750.7
9229,5948.92
9230,6000.08
9231,4572.47
9232,4544.0
9233,4587.07
9234,4830.68
9235,5499.68
9236,5762.55
9237,6100.0
9238,6100.98
9239,7036.89
9240,7938.98
9241,6000.17
9242,6000.28
9243,6000.53
9244,6000.11
9245,4200.9
9246,3300.06
9247,4000.63
9248,2850.76
9249,0.0
9250,4239.8
9251,4520.29
9252,4572.58
9253,5500.36
9254,4885.14
9255,4303.5
9256,4111.66
9257,3100.72
9258,2965.12
9259,2266.42
9260,2778.11
9261,3999.5
9262,4111.67
9263,4050.24
9264,4000.12
9265,3999.46
9266,3998.5
9267,4153.1
9268,4239.48
9269,3800.19
9270,3877.03
9271,4153.75
9272,4264.69
9273,4239.68
9274,4521.4
9275,4000.44
9276,4153.17
9277,4434.24
9278,4434.95
9279,3770.15
9280,3950.27
9281,3300.07
9282,3400.25
9283,3300.51
9284,3339.09
9285,4307.2
9286,4252.51
9287,3564.4
9288,3564.33
9289,3580.03
9290,4250.93
9291,4284.05
9292,4570.97
9293,6004.57
9294,7938.96
9295,10000.0
9296,10000.0
9297,10000.0
9298,10000.0
9299,10000.0
9300,10000.0
9301,10000.0
9302,10000.0
9303,10000.0
9304,10000.0
9305,10000.0
9306,10000.0
9307,10000.0
9308,10000.0
9309,10000.0
9310,10000.0
9311,10000.0
9312,10000.0
12097,10000.0
12098,10000.0
12099,10000.0
12100,10000.0
12101,3999.65
12102,3991.19
12103,3860.68
12104,3860.42
12105,4264.68
12106,4264.28
12107,4260.77
12108,4260.87
12109,4435.4
12110,4260.91
12111,4360.01
12112,4260.75
12113,4260.52
12114,4360.64
12115,5100.52
12116,5097.89
12117,4284.75
12118,4587.15
12119,5546.72
12120,5762.92
12121,4399.56
12122,4999.55
12123,5856.32
12124,5693.06
12125,4439.63
12126,4307.55
12127,4000.13
12128,3000.74
12129,999.9
12130,489.94
12131,2800.37
12132,2900.55
12133,2920.44
12134,3005.94
12135,4004.98
12136,4100.98
12137,2800.71
12138,2604.2
12139,2800.43
12140,2800.03
12141,2600.12
12142,2600.42
12143,2511.82
12144,2499.89
12145,1845.24
12146,1845.19
12147,999.69
12148,1389.2
12149,879.19
12150,879.67
12151,2112.3
12152,2521.53
12153,2600.39
12154,2701.33
12155,2803.79
12156,2950.33
12157,2739.92
12158,2803.04
12159,3055.06
12160,3055.44
12161,2750.93
12162,3000.25
12163,3010.38
12164,2604.7
12165,3030.88
12166,3002.86
12167,3499.61
12168,2500.69
12169,1499.23
12170,1499.75
12171,3499.39
12172,4339.33
12173,5856.09
12174,5999.03
12175,6000.64
12176,6100.16
12177,5500.0
12178,5637.29
12179,6500.92
12180,7036.47
12181,6499.04
12182,6499.87
12183,6499.63
12184,6499.02
12185,5999.87
12186,7036.36
12187,7000.91
12188,7000.99
12189,7000.84
12190,6499.79
12191,5499.92
12192,5468.0
15073,6002.16
15074,5494.25
15075,4998.1
15076,4435.59
15077,3700.36
15078,3499.97
15079,3499.64
15080,3499.66
15081,3300.96
15082,3499.1
15083,3499.84
15084,3499.96
15085,3500.46
15086,3500.09
15087,3499.44
15088,3499.53
15089,3499.69
15090,3499.7
15091,3499.1
15092,3499.26
15093,2720.24
15094,2950.56
15095,3339.41
15096,3499.34
15097,3499.67
15098,3800.16
15099,4111.69
15100,4000.04
15101,3499.36
15102,3499.34
15103,3499.59
15104,3499.25
15105,3499.02
15106,3499.31
15107,2850.89
15108,2720.99
15109,2581.27
15110,2715.0
15111,2900.34
15112,2600.91
15113,2742.77
15114,3000.18
15115,3049.42
15116,3000.87
15117,2950.99
15118,3168.54
15119,2521.17
15120,2448.12
15121,2900.55
15122,2742.03
15123,2668.32
15124,2701.35
15125,1831.5
15126,1831.19
15127,1952.5
15128,2300.16
15129,1969.01
15130,2660.33
15131,2266.3
15132,2300.58
15133,1831.91
15134,2521.51
15135,3320.58
15136,3250.89
15137,3581.0
15138,3588.15
15139,3491.07
15140,3500.13
15141,2742.12
15142,2511.31
15143,2700.87
15144,2511.43
15145,1194.75
15146,1298.31
15147,4111.87
15148,4670.92
15149,5415.32
15150,5141.6
15151,4499.6
15152,4500.87
15153,3988.5
15154,3999.55
15155,4499.44
15156,4550.45
15157,4587.24
15158,4700.15
15159,4499.58
15160,4450.96
15161,4428.86
15162,4499.51
15163,4700.53
15164,5000.9
15165,5600.19
15166,5499.94
15167,4999.06
15168,4130.79
17953,3219.42
17954,3586.63
17955,5000.78
17956,5500.61
17957,4000.54
17958,3600.93
17959,3630.4
17960,3150.88
17961,3588.98
17962,3588.97
17963,3300.3
17964,3100.0
17965,2430.54
17966,2500.24
17967,3200.33
17968,3300.17
17969,3199.65
17970,3399.95
17971,3100.05
17972,2900.65
17973,2800.09
17974,3459.48
17975,3500.56
17976,3588.77
17977,4239.02
17978,4284.62
17979,4153.5
17980,4000.65
17981,3939.05
17982,3481.88
17983,3481.7
17984,3089.53
17985,3588.56
17986,3300.37
17987,3999.45
17988,3966.75
17989,3966.97
17990,4239.58
17991,4067.67
17992,3877.06
17993,3200.47
17994,3399.82
17995,2920.29
17996,2965.35
17997,3478.63
17998,3491.23
17999,3594.0
18000,3588.75
18001,3700.26
18002,3491.14
18003,2965.79
18004,2950.37
18005,2511.35
18006,2511.07
18007,2900.03
18008,3330.77
18009,3099.48
18010,3510.76
18011,3670.48
18012,3588.5
18013,3049.9
18014,3200.7
18015,3588.6
18016,3588.55
18017,3099.36
18018,3399.49
18019,3546.0
18020,3588.53
18021,3560.84
18022,3722.57
18023,3200.56
18024,2950.12
18025,2600.82
18026,1999.99
18027,3588.99
18028,4360.28
18029,4750.17
18030,4435.33
18031,4000.3
18032,4100.83
18033,4300.72
18034,4650.98
18035,5250.26
18036,5250.81
18037,5639.39
18038,5856.28
18039,5856.73
18040,5999.14
18041,5128.51
18042,4609.91
18043,4530.88
18044,4496.96
18045,5002.74
18046,4499.23
18047,4284.27
18048,3780.02
20929,4499.52
20930,5002.03
20931,4998.2
20932,5600.67
20933,4469.06
20934,4111.8
20935,3780.88
20936,3521.0
20937,4000.84
20938,3641.5
20939,3700.88
20940,3600.34
20941,3588.7
20942,3588.42
20943,2899.98
20944,3200.51
20945,2604.37
20946,2899.46
20947,3330.09
20948,3330.97
20949,2600.18
20950,2700.09
20951,3000.23
20952,3580.08
20953,3588.41
20954,4111.78
20955,4000.29
20956,3877.94
20957,4239.98
20958,3616.5
20959,3493.42
20960,2870.36
20961,3050.5
20962,2870.53
20963,1899.61
20964,2112.72
20965,2250.36
20966,2250.15
20967,2604.4
20968,2600.92
20969,2600.81
20970,2600.85
20971,2581.02
20972,2511.85
20973,2557.23
20974,2557.37
20975,1831.9
20976,2241.68
20977,1599.85
20978,1599.94
20979,1591.13
20980,1591.07
20981,1499.48
20982,1499.38
20983,1845.85
20984,2244.75
20985,2400.31
20986,2459.09
20987,1569.65
20988,1569.93
20989,1559.85
20990,1559.76
20991,1681.72
20992,1973.23
20993,2900.12
20994,2800.92
20995,2900.25
20996,2600.09
20997,1918.8
20998,2266.34
20999,2600.51
21000,2581.23
21001,2500.95
21002,2521.68
21003,3588.91
21004,4264.39
21005,4400.91
21006,4284.34
21007,4700.82
21008,4700.29
21009,4550.99
21010,4435.51
21011,4355.19
21012,4435.36
21013,4300.69
21014,4300.34
21015,4000.06
21016,4000.3
21017,3621.0
21018,3900.11
21019,4100.75
21020,4200.25
21021,3930.57
21022,3700.69
21023,3588.38
21024,3500.66
23905,4000.98
23906,4239.17
23907,4239.77
23908,4100.9
23909,4000.63
23910,4000.42
23911,4100.17
23912,3999.76
23913,4200.04
23914,4000.6
23915,3700.67
23916,3877.04
23917,3200.98
23918,3200.94
23919,3250.83
23920,3250.42
23921,2529.74
23922,2529.66
23923,3000.05
23924,2950.43
23925,2720.35
23926,2900.1
23927,3588.8
23928,4339.21
23929,4239.7
23930,4016.0
23931,3733.12
23932,3588.01
23933,3478.77
23934,3089.75
23935,2521.34
23936,2521.15
23937,2499.45
23938,2521.25
23939,2400.04
23940,1899.65
23941,2600.06
23942,2620.99
23943,2756.88
23944,2581.06
23945,2369.6
23946,2244.89
23947,1591.86
23948,1615.06
23949,1782.02
23950,1747.84
23951,1299.94
23952,1559.51
23953,1615.62
23954,2369.64
23955,2459.56
23956,2459.15
23957,1569.8
23958,1669.28
23959,1615.98
23960,2298.09
23961,1499.01
23962,1499.55
23963,2525.42
23964,2577.6
23965,2511.11
23966,2548.2
23967,2548.8
23968,2604.44
23969,4183.97
23970,4284.58
23971,2756.57
23972,2635.98
23973,2521.58
23974,2500.3
23975,2369.23
23976,2000.1
23977,2511.86
23978,3481.42
23979,2521.68
23980,3588.54
23981,5600.11
23982,6100.95
23983,5600.99
23984,5600.17
23985,5600.3
23986,5961.01
23987,5999.75
23988,6000.45
23989,6010.02
23990,6010.71
23991,6499.98
23992,7159.56
23993,7500.43
23994,7500.09
23995,8567.5
23996,9000.82
23997,9000.72
23998,9999.07
23999,6510.15
24000,6499.81
26785,5600.88
26786,5508.15
26787,5999.56
26788,5999.7
26789,5097.13
26790,5128.42
26791,4339.26
26792,4319.72
26793,4339.76
26794,4400.02
26795,4469.36
26796,4339.02
26797,4000.62
26798,4100.14
26799,4339.44
26800,4284.01
26801,4400.55
26802,4565.13
26803,4527.28
26804,4572.36
26805,4000.38
26806,4119.92
26807,4239.98
26808,5141.27
26809,5500.96
26810,5500.76
26811,5500.8
26812,5500.98
26813,6500.18
26814,5639.17
26815,6470.38
26816,5856.38
26817,5002.5
26818,4499.67
26819,4360.4
26820,4349.43
26821,4183.45
26822,4183.46
26823,4693.87
26824,4507.17
26825,4110.74
26826,4000.15
26827,4111.34
26828,4264.02
26829,4000.3
26830,4239.15
26831,4183.53
26832,4000.73
26833,3678.98
26834,3678.4
26835,3852.7
26836,3877.41
26837,2950.29
26838,3102.68
26839,3877.0
26840,3939.47
26841,3852.55
26842,4239.13
26843,4119.8
26844,4119.57
26845,4119.78
26846,4623.61
26847,5507.84
26848,5639.35
26849,4899.59
26850,5239.06
26851,4339.86
26852,4250.77
26853,4400.64
26854,4715.34
26855,4713.29
26856,4469.34
26857,3939.1
26858,4981.47
26859,5999.21
26860,6249.75
26861,10000.0
26862,10000.0
26863,10000.0
26864,10000.0
26865,10000.0
26866,10000.0
26867,10000.0
26868,10000.0
26869,10000.0
26870,10000.0
26871,10000.0
26872,10000.0
26873,10000.0
26874,10000.0
26875,10000.0
26876,7999.41
26877,6999.37
26878,6499.4
26879,7516.87
26880,7159.45
29761,6499.48
29762,7500.27
29763,7500.36
29764,6499.9
29765,4023.0
29766,4157.55
29767,3639.94
29768,3852.35
29769,4012.13
29770,4157.03
29771,4000.23
29772,4000.65
29773,3993.42
29774,3877.05
29775,3993.06
29776,3993.56
29777,4157.76
29778,4157.06
29779,4339.64
29780,4499.2
29781,4747.33
29782,5000.31
29783,5421.6
29784,5500.03
29785,5500.15
29786,5500.47
29787,5639.71
29788,5502.26
29789,5500.0
29790,4500.64
29791,4935.32
29792,4239.8
29793,4025.71
29794,4119.25
29795,4251.83
29796,4239.44
29797,4000.99
29798,4174.8
29799,4468.75
29800,4300.26
29801,3348.96
29802,3500.32
29803,3248.02
29804,3089.83
29805,4000.39
29806,4000.2
29807,4119.4
29808,3999.67
29809,3852.55
29810,3940.82
29811,3877.18
29812,3877.84
29813,2500.71
29814,2748.26
29815,2752.41
29816,2950.11
29817,3099.92
29818,3993.67
29819,3300.86
29820,4000.79
29821,4251.43
29822,4499.41
29823,4000.87
29824,3999.84
29825,4627.87
29826,4627.4
29827,4899.8
29828,4949.73
29829,5266.51
29830,5000.09
29831,5000.16
29832,4499.81
29833,4239.29
29834,4899.88
29835,6500.04
29836,9608.28
29837,10000.0
29838,10000.0
29839,10000.0
29840,10000.0
29841,10000.0
29842,10000.0
29843,10000.0
29844,10000.0
29845,10000.0
29846,10000.0
29847,10000.0
29848,10000.0
29849,10000.0
29850,10000.0
29851,10000.0
29852,10000.0
29853,10000.0
29854,10000.0
29855,10000.0
29856,10000.0
32641,4999.84
32642,5999.02
32643,5519.26
32644,4510.73
32645,3620.01
32646,3689.44
32647,5000.17
32648,5000.42
32649,5246.0
32650,5239.85
32651,4899.87
32652,4368.79
32653,4313.63
32654,4480.75
32655,3956.0
32656,3993.46
32657,3831.38
32658,3831.22
32659,4000.45
32660,4440.0
32661,4000.64
32662,4000.13
32663,4949.03
32664,5498.19
32665,6100.79
32666,6249.57
32667,6249.02
32668,5501.58
32669,5239.18
32670,4949.38
32671,4949.16
32672,4339.54
32673,4239.44
32674,3493.47
32675,3300.01
32676,3190.88
32677,3939.04
32678,3993.64
32679,4239.65
32680,4251.44
32681,4000.66
32682,4001.7
32683,3877.36
32684,3502.31
32685,3812.78
32686,3402.8
32687,3734.05
32688,3530.26
32689,3300.34
32690,3300.52
32691,3734.52
32692,3450.71
32693,3200.56
32694,3450.86
32695,3993.18
32696,4000.89
32697,4899.99
32698,5498.28
32699,3999.74
32700,3877.13
32701,4239.17
32702,4000.94
32703,4468.75
32704,4949.25
32705,4313.17
32706,4311.67
32707,3877.54
32708,3950.38
32709,4239.38
32710,4574.88
32711,6499.96
32712,6109.68
32713,5000.7
32714,5498.44
32715,6353.59
32716,10000.0
32717,10000.0
32718,10000.0
32719,10000.0
32720,10000.0
32721,10000.0
32722,10000.0
32723,10000.0
32724,10000.0
32725,10000.0
32726,10000.0
32727,10000.0
32728,10000.0
32729,10000.0
32730,10000.0
32731,10000.0
32732,10000.0
32733,10000.0
32734,10000.0
32735,10000.0
32736,10000.0
18529,10000.0
18530,10000.0
18531,10000.0
18532,10000.0
18533,7499.06
18534,6100.91
18535,4627.83
18536,5600.48
18537,4627.57
18538,5784.17
18539,4500.78
18540,4680.05
18541,5421.43
18542,5501.46
18543,5639.64
18544,5501.29
18545,6510.99
18546,6510.84
18547,6510.15
18548,6510.9
18549,5498.38
18550,6999.13
18551,6190.68
18552,6500.05
18553,7000.56
18554,8510.31
18555,7500.9
18556,7000.58
18557,7000.95
18558,6999.94
18559,7000.15
18560,6190.22
18561,5852.22
18562,5501.28
18563,4468.5
18564,4309.56
18565,4300.92
18566,4500.4
18567,4455.03
18568,4455.05
18569,3530.07
18570,3453.2
18571,3704.43
18572,3877.19
18573,4296.23
18574,4296.1
18575,4000.38
18576,3877.9
18577,4627.45
18578,4499.14
18579,3877.73
18580,3950.79
18581,3780.23
18582,3780.82
18583,3937.57
18584,4239.95
18585,4899.19
18586,5600.48
18587,5498.18
18588,4949.07
18589,4339.31
18590,4296.7
18591,4500.61
18592,4500.83
18593,5500.78
18594,5600.52
18595,5498.18
18596,5109.51
18597,5111.54
18598,5793.24
18599,5793.97
18600,8000.07
18601,5449.52
18602,5899.74
18603,9136.11
18604,10000.0
18605,10000.0
18606,10000.0
18607,10000.0
18608,10000.0
18609,10000.0
18610,10000.0
18611,10000.0
18612,10000.0
18613,10000.0
18614,10000.0
18615,10000.0
18616,10000.0
18617,10000.0
18618,10000.0
18619,10000.0
18620,10000.0
18621,10000.0
18622,10000.0
18623,10000.0
18624,10000.0
18625,6510.76
18626,6750.05
18627,4980.12
18628,4799.96
18629,4799.24
18630,4500.67
18631,4000.18
18632,3993.6
18633,4313.88
18634,4949.13
18635,5220.0
18636,4949.82
18637,4899.07
18638,4313.94
18639,4313.38
18640,4239.35
18641,4000.66
18642,4313.23
18643,4607.96
18644,4607.81
18645,4100.95
18646,4769.95
18647,5421.91
18648,4900.93
18649,4468.59
18650,4700.24
18651,5501.23
18652,5500.32
18653,4468.14
18654,4239.56
18655,4000.72
18656,3542.51
18657,3348.99
18658,3699.88
18659,3232.24
18660,3232.68
18661,3704.52
18662,3725.59
18663,3725.07
18664,3725.78
18665,3715.35
18666,3724.0
18667,3493.16
18668,3493.63
18669,3304.25
18670,3268.8
18671,3530.89
18672,3300.82
18673,3692.42
18674,3692.76
18675,3268.83
18676,3112.92
18677,2825.9
18678,2825.86
18679,3300.98
18680,3348.54
18681,3304.51
18682,4000.68
18683,3304.24
18684,3850.02
18685,3501.43
18686,3526.9
18687,4120.0
18688,4239.39
18689,4157.23
18690,4239.94
18691,4119.05
18692,4239.41
18693,3999.26
18694,4000.62
18695,3600.97
18696,3860.15
18697,3860.46
18698,4119.06
18699,4119.36
18700,4566.09
18701,10000.0
18702,10000.0
18703,10000.0
18704,10000.0
18705,10000.0
18706,10000.0
18707,10000.0
18708,10000.0
18709,10000.0
18710,10000.0
18711,10000.0
18712,10000.0
18713,10000.0
18714,10000.0
18715,10000.0
18716,10000.0
18717,10000.0
18718,10000.0
18719,10000.0
18720,10000.0
18721,10000.0
18722,0.0
18723,7769.45
18724,7299.39
18725,6499.7
18726,6499.18
18727,10000.0
18728,10000.0
18729,5998.26
18730,5784.92
18731,4883.0
18732,4999.36
18733,4251.31
18734,4239.09
18735,3500.8
18736,3500.24
18737,3100.53
18738,3582.86
18739,4949.82
18740,5019.89
18741,4251.25
18742,4239.33
18743,5793.15
18744,6500.38
18745,6499.22
18746,7159.03
18747,6500.62
18748,6500.24
18749,5501.14
18750,4450.6
18751,5494.35
18752,4239.57
18753,4239.13
18754,3999.38
18755,4439.19
18756,4339.59
18757,4020.75
18758,3999.27
18759,2970.63
18760,2900.81
18761,3300.16
18762,3300.63
18763,2900.85
18764,2959.74
18765,3877.7
18766,3877.66
18767,3300.22
18768,2959.7
18769,2116.54
18770,2068.71
18771,2760.98
18772,2701.5
18773,2788.53
18774,2641.46
18775,2600.53
18776,2584.97
18777,2859.0
18778,3300.53
18779,3877.88
18780,3939.18
18781,3300.85
18782,3300.47
18783,2788.17
18784,2939.3
18785,3300.42
18786,3450.44
18787,3300.82
18788,3333.17
18789,3899.18
18790,3300.76
18791,3530.15
18792,3993.03
18793,3112.75
18794,3300.46
18795,4260.07
18796,5050.29
18797,10000.0
18798,10000.0
18799,10000.0
18800,10000.0
18801,10000.0
18802,10000.0
18803,10000.0
18804,10000.0
18805,10000.0
18806,10000.0
18807,10000.0
18808,10000.0
18809,9999.01
18810,9799.75
18811,7999.93
18812,7999.52
18813,6456.57
18814,5999.05
18815,4999.48
18816,4000.91
18817,4368.76
18818,4899.09
18819,4400.89
18820,4400.38
18821,4416.88
18822,4400.72
18823,4107.02
18824,3800.93
18825,3268.71
18826,3500.55
18827,3770.44
18828,4000.56
18829,4250.8
18830,3993.51
18831,3999.48
18832,3999.35
18833,4050.0
18834,4100.83
18835,4949.62
18836,4949.21
18837,3999.1
18838,3899.4
18839,4313.85
18840,5019.91
18841,4899.8
18842,5100.1
18843,5639.38
18844,5494.35
18845,3999.25
18846,3669.16
18847,2788.94
18848,2509.54
18849,2582.43
18850,1999.97
18851,3200.04
18852,2850.47
18853,3000.78
18854,2850.5
18855,2950.56
18856,3304.61
18857,2950.38
18858,2650.6
18859,2099.29
18860,2002.51
18861,1660.97
18862,1832.51
18863,1999.49
18864,2328.57
18865,2328.53
18866,2348.68
18867,2582.61
18868,2584.51
18869,1615.91
18870,1599.96
18871,2376.75
18872,2376.77
18873,2376.96
18874,2582.52
18875,2569.5
18876,2563.35
18877,2584.58
18878,3070.37
18879,3463.35
18880,3480.88
18881,3102.8
18882,3852.04
18883,3348.65
18884,3550.15
18885,2900.53
18886,2563.06
18887,3450.11
18888,3639.14
18889,3040.11
18890,3639.29
18891,2900.92
18892,3852.42
18893,4627.49
18894,4981.63
18895,4700.66
18896,4627.76
18897,5200.89
18898,5019.9
18899,4999.14
18900,4999.35
18901,5250.09
18902,5600.91
18903,6004.82
18904,6007.82
18905,7500.35
18906,7500.78
18907,6499.76
18908,6499.33
18909,6499.02
18910,5499.79
18911,4999.78
18912,4999.02
18913,3625.45
18914,4000.5
18915,5000.56
18916,5494.78
18917,4250.89
18918,4420.51
18919,4050.88
18920,3729.56
18921,3697.6
18922,3899.26
18923,3704.37
18924,3775.15
18925,3999.12
18926,3999.46
18927,3999.3
18928,4519.4
18929,3993.98
18930,3993.1
18931,4000.28
18932,4420.97
18933,3723.95
18934,4177.87
18935,5000.93
18936,5239.12
18937,5501.11
18938,6000.81
18939,5793.08
18940,5639.98
18941,3999.09
18942,3586.14
18943,3999.13
18944,3900.89
18945,3993.53
18946,3999.02
18947,3580.05
18948,2989.35
18949,3993.63
18950,3999.63
18951,3852.57
18952,3900.7
18953,3589.84
18954,3580.82
18955,3689.14
18956,3689.57
18957,4260.23
18958,4251.93
18959,4000.32
18960,4000.43
18961,3704.59
18962,3771.0
18963,3689.04
18964,3543.0
18965,2511.66
18966,2730.01
18967,3329.77
18968,3580.01
18969,3329.06
18970,3639.26
18971,3391.0
18972,3600.25
18973,3899.73
18974,3900.26
18975,3877.16
18976,3999.13
18977,3704.99
18978,3764.22
18979,3689.12
18980,3639.38
18981,4300.42
18982,4251.25
18983,4532.15
18984,4519.24
18985,4000.49
18986,4627.55
18987,5000.38
18988,5784.82
18989,10000.0
18990,10000.0
18991,10000.0
18992,10000.0
18993,10000.0
18994,10000.0
18995,10000.0
18996,10000.0
18997,10000.0
18998,10000.0
18999,10000.0
19000,10000.0
19001,10000.0
19002,10000.0
19003,10000.0
19004,10000.0
19005,10000.0
19006,10000.0
19007,6510.44
19008,6499.54
19009,4899.65
19010,4821.56
19011,3907.41
19012,3670.37
19013,3699.5
19014,4999.11
19015,3930.68
19016,3775.77
19017,4200.07
19018,4505.83
19019,3500.72
19020,3750.43
19021,3501.45
19022,3501.92
19023,3300.82
19024,3300.15
19025,3199.48
19026,3199.76
19027,3999.32
19028,4000.93
19029,3179.56
19030,3500.24
19031,3999.4
19032,4000.68
19033,3750.97
19034,4505.07
19035,4468.17
19036,4153.91
19037,4153.29
19038,3993.7
19039,3860.48
19040,3580.81
19041,2959.31
19042,3300.93
19043,2850.9
19044,2850.84
19045,2788.47
19046,2950.08
19047,3300.32
19048,3860.07
19049,2850.15
19050,2850.74
19051,2850.68
19052,2900.13
19053,3020.89
19054,3300.05
19055,2919.0
19056,2850.08
19057,2002.89
19058,2300.37
19059,1829.44
19060,1742.62
19061,1500.16
19062,1500.39
19063,2601.05
19064,2641.44
19065,2900.58
19066,3300.77
19067,3300.59
19068,3400.5
19069,3860.69
19070,3860.42
19071,3715.0
19072,3860.76
19073,3877.59
19074,3877.62
19075,3999.92
19076,3899.95
19077,3673.41
19078,3673.56
19079,3112.85
19080,3300.97
19081,3639.7
19082,3673.56
19083,3955.56
19084,5494.12
19085,6200.22
19086,6510.06
19087,6499.93
19088,6510.98
19089,6499.85
19090,6500.39
19091,6100.04
19092,5999.98
19093,6353.67
19094,6499.39
19095,5794.61
19096,5795.96
19097,5250.15
19098,5388.45
19099,5600.44
19100,4725.89
19101,3930.35
19102,3869.65
19103,3900.95
19104,3859.74
19105,5421.32
19106,4999.24
19107,4999.18
19108,4251.96
19109,4000.37
19110,3899.61
19111,2900.07
19112,2850.15
19113,3899.33
19114,4000.48
19115,4420.05
19116,4157.53
19117,3950.52
19118,3688.77
19119,3330.72
19120,3330.48
19121,3112.47
19122,3330.2
19123,3625.63
19124,3899.99
19125,3000.57
19126,3400.09
19127,4150.33
19128,4157.36
19129,4470.78
19130,4400.98
19131,4400.59
19132,3500.45
19133,4500.23
19134,4470.21
19135,3899.3
19136,3389.54
19137,3389.91
19138,3899.4
19139,3580.83
19140,3580.74
19141,4251.15
19142,4251.69
19143,4664.42
19144,4535.53
19145,3439.93
19146,3300.64
19147,3097.85
19148,3059.99
19149,3300.49
19150,3354.9
19151,3489.59
19152,3489.44
19153,2850.56
19154,2700.53
19155,3006.04
19156,3000.27
19157,2012.86
19158,2811.36
19159,3279.92
19160,3852.36
19161,4119.7
19162,4420.37
19163,4313.44
19164,4478.18
19165,4713.36
19166,4899.05
19167,4999.73
19168,4999.14
19169,4713.76
19170,4949.74
19171,5421.51
19172,5395.0
19173,5784.01
19174,5600.93
19175,5050.38
19176,5639.22
19177,4379.0
19178,4750.76
19179,5494.92
19180,6499.38
19181,9799.82
19182,10000.0
19183,10000.0
19184,10000.0
19185,10000.0
19186,10000.0
19187,10000.0
19188,10000.0
19189,10000.0
19190,10000.0
19191,10000.0
19192,10000.0
19193,10000.0
19194,10000.0
19195,10000.0
19196,10000.0
19197,10000.0
19198,10000.0
19199,10000.0
19200,7299.33
19201,8000.02
19202,7000.11
19203,7159.54
19204,6700.17
19205,4949.39
19206,4899.47
19207,4627.96
19208,4713.08
19209,4949.71
19210,5019.41
19211,5421.54
19212,4999.68
19213,4821.42
19214,4699.57
19215,4949.2
19216,4949.16
19217,4664.48
19218,4999.03
19219,4699.95
19220,5421.85
19221,3687.38
19222,4251.49
19223,4713.88
19224,5000.26
19225,5500.75
19226,5580.71
19227,5784.27
19228,5793.08
19229,5000.87
19230,4700.32
19231,4499.76
19232,4378.61
19233,3734.6
19234,3675.4
19235,3899.68
19236,4000.23
19237,4000.33
19238,4251.58
19239,4656.71
19240,4699.93
19241,4000.85
19242,3852.46
19243,3877.45
19244,3852.57
19245,3704.74
19246,3704.85
19247,3860.13
19248,3580.69
19249,3600.54
19250,3860.27
19251,3704.82
19252,3460.0
19253,2959.67
19254,2959.56
19255,3500.53
19256,3580.78
19257,3580.94
19258,4420.89
19259,4313.04
19260,4420.47
19261,4519.49
19262,4713.72
19263,4949.2
19264,4821.94
19265,5000.77
19266,5600.27
19267,5639.7
19268,6000.13
19269,5639.22
19270,6190.76
19271,6249.72
19272,6499.84
19273,5494.29
19274,6510.66
19275,7500.81
19276,9500.22
19277,10000.0
19278,10000.0
19279,10000.0
19280,10000.0
19281,10000.0
19282,10000.0
19283,10000.0
19284,10000.0
19285,10000.0
19286,10000.0
19287,10000.0
19288,10000.0
19289,10000.0
19290,10000.0
19291,10000.0
19292,10000.0
19293,10000.0
19294,10000.0
19295,10000.0
19296,10000.0
19297,6499.64
19298,6499.34
19299,4499.21
19300,4499.07
19301,3949.95
19302,4000.17
19303,4000.38
19304,4000.35
19305,4249.05
19306,4135.38
19307,4447.23
19308,4000.36
19309,4680.6
19310,4699.37
19311,4664.82
19312,4368.52
19313,4699.14
19314,4949.75
19315,5421.67
19316,4554.11
19317,3319.58
19318,3993.76
19319,4999.62
19320,6000.41
19321,6000.66
19322,6500.27
19323,6190.62
19324,5793.31
19325,5000.15
19326,5000.83
19327,5000.01
19328,4999.67
19329,4981.43
19330,4899.38
19331,4309.25
19332,4000.7
19333,4080.9
19334,4519.5
19335,4999.04
19336,4949.76
19337,3993.68
19338,3712.75
19339,3860.0
19340,3852.57
19341,4000.99
19342,4337.76
19343,4337.45
19344,4119.91
19345,3877.78
19346,3877.66
19347,3059.58
19348,3059.61
19349,2591.16
19350,2596.37
19351,3509.77
19352,3418.0
19353,3330.86
19354,3580.17
19355,4119.06
19356,4251.52
19357,4080.46
19358,4251.71
19359,4119.51
19360,4080.85
19361,4725.39
19362,5000.04
19363,4899.34
19364,4725.16
19365,4510.16
19366,4949.52
19367,4577.95
19368,4519.22
19369,3673.51
19370,4300.31
19371,5050.16
19372,6249.99
19373,10000.0
19374,10000.0
19375,10000.0
19376,10000.0
19377,10000.0
19378,10000.0
19379,10000.0
19380,10000.0
19381,10000.0
19382,10000.0
19383,10000.0
19384,10000.0
19385,10000.0
19386,10000.0
19387,10000.0
19388,10000.0
19389,10000.0
19390,10000.0
19391,8510.26
19392,6499.09
19393,4336.04
19394,4336.11
19395,10000.0
19396,7000.2
19397,5239.66
19398,4420.99
19399,4112.31
19400,4000.29
19401,6510.54
19402,6499.29
19403,5510.04
19404,5099.31
19405,5793.2
19406,5510.14
19407,3867.98
19408,3867.71
19409,4821.97
19410,5421.75
19411,3700.05
19412,3780.18
19413,3252.1
19414,3339.22
19415,3993.73
19416,4000.93
19417,4999.94
19418,6000.53
19419,5899.45
19420,6100.82
19421,4627.48
19422,4700.29
19423,3800.16
19424,3800.88
19425,3086.5
19426,3186.0
19427,3877.07
19428,3509.68
19429,3283.0
19430,3875.0
19431,3500.15
19432,3290.08
19433,3268.27
19434,3200.63
19435,2999.91
19436,3050.68
19437,2500.54
19438,2788.93
19439,2414.66
19440,2453.65
19441,2029.46
19442,2029.83
19443,2009.63
19444,2009.17
19445,999.47
19446,999.51
19447,999.12
19448,999.41
19449,2582.18
19450,2601.43
19451,2900.09
19452,2951.93
19453,3200.62
19454,3200.37
19455,3501.3
19456,3501.75
19457,3993.59
19458,4000.39
19459,3799.47
19460,3877.83
19461,3899.18
19462,3999.06
19463,3999.38
19464,3999.19
19465,3900.54
19466,4000.24
19467,4500.64
19468,4800.29
19469,6499.32
19470,7500.23
19471,6510.92
19472,7500.51
19473,7500.33
19474,7500.59
19475,6499.78
19476,6499.98
19477,6499.02
19478,6499.05
19479,5999.56
19480,6190.26
19481,7499.75
19482,6880.32
19483,5999.52
19484,5499.7
19485,5639.01
19486,5499.33
19487,5212.8
19488,4554.73
19489,4000.45
19490,4000.01
19491,4970.42
19492,4699.61
19493,5019.56
19494,4437.37
19495,4000.74
19496,4000.52
19497,4437.12
19498,4699.63
19499,4250.12
19500,4000.26
19501,3350.05
19502,3300.12
19503,3702.38
19504,3644.5
19505,4437.94
19506,4627.04
19507,4899.0
19508,3900.0
19509,3917.57
19510,4713.49
19511,4469.64
19512,4699.78
19513,3999.38
19514,4899.4
19515,4595.77
19516,4519.41
19517,2999.56
19518,3103.69
19519,3109.82
19520,2959.75
19521,2497.52
19522,2565.32
19523,2500.89
19524,2533.0
19525,1819.71
19526,1819.99
19527,1499.35
19528,1200.76
19529,999.99
19530,999.76
19531,1542.33
19532,1484.17
19533,1600.54
19534,1600.87
19535,1286.2
19536,1390.0
19537,3358.43
19538,3279.31
19539,999.56
19540,999.57
19541,600.46
19542,600.66
19543,1725.0
19544,2348.84
19545,2584.55
19546,3000.18
19547,3097.77
19548,3358.98
19549,2850.07
19550,2850.22
19551,2500.18
19552,2779.73
19553,2850.62
19554,2900.36
19555,2999.43
19556,3500.08
19557,2811.95
19558,2850.1
19559,3300.31
19560,3358.41
19561,2349.33
19562,2600.5
19563,3188.2
19564,4157.69
19565,5099.37
19566,5784.85
19567,5784.4
19568,6400.07
19569,5300.59
19570,5270.9
19571,5494.73
19572,5494.95
19573,5271.94
19574,5500.37
19575,4699.82
19576,4700.48
19577,4368.17
19578,4100.98
19579,5501.47
19580,5271.94
19581,4180.27
19582,3502.0
19583,3615.31
19584,3400.93
19585,5099.02
19586,4713.33
19587,4424.57
19588,4669.86
19589,3630.77
19590,3259.55
19591,4699.15
19592,4251.46
19593,4000.61
19594,3993.29
19595,3279.8
19596,3300.06
19597,3112.86
19598,3112.23
19599,2850.79
19600,2850.65
19601,3354.47
19602,3354.73
19603,4000.12
19604,3877.3
19605,2850.67
19606,3268.1
19607,2850.97
19608,3000.86
19609,3500.07
19610,4309.5
19611,4000.76
19612,3400.84
19613,4000.46
19614,3899.58
19615,4251.44
19616,4119.53
19617,3877.84
19618,3582.51
19619,4000.91
19620,4157.67
19621,3852.2
19622,4000.52
19623,3300.16
19624,3300.08
19625,2730.96
19626,2850.06
19627,3550.81
19628,3836.06
19629,3300.45
19630,2977.0
19631,2850.99
19632,2641.52
19633,2900.72
19634,3020.59
19635,3300.3
19636,3200.09
19637,1699.92
19638,1999.42
19639,2850.59
19640,3000.16
19641,3877.25
19642,4000.09
19643,3993.02
19644,3852.24
19645,4000.29
19646,4699.3
19647,4664.39
19648,4424.42
19649,4000.42
19650,4100.94
19651,4000.4
19652,4000.03
19653,4627.87
19654,4627.46
19655,4300.15
19656,3500.99
19657,3304.2
19658,3844.0
19659,4664.34
19660,6353.27
19661,10000.0
19662,10000.0
19663,10000.0
19664,10000.0
19665,10000.0
19666,10000.0
19667,10000.0
19668,10000.0
19669,10000.0
19670,10000.0
19671,10000.0
19672,10000.0
19673,10000.0
19674,10000.0
19675,10000.0
19676,10000.0
19677,10000.0
19678,10000.0
19679,10000.0
19680,10000.0
19681,5993.67
19682,5784.59
19683,4999.01
19684,6030.18
19685,4607.22
19686,4250.51
19687,4424.54
19688,4280.22
19689,5099.79
19690,4999.12
19691,4999.96
19692,5019.04
19693,3800.26
19694,3800.33
19695,3630.66
19696,3630.27
19697,3700.19
19698,4627.61
19699,5499.04
19700,5499.62
19701,3494.34
19702,4000.53
19703,5239.49
19704,5600.4
19705,5784.04
19706,5639.84
19707,5800.05
19708,5494.41
19709,3550.37
19710,3562.99
19711,3300.04
19712,3300.99
19713,3637.27
19714,3718.0
19715,3993.74
19716,3993.28
19717,3999.48
19718,3999.21
19719,3689.55
19720,3500.71
19721,3279.06
19722,3279.34
19723,3419.37
19724,3450.67
19725,3270.38
19726,3020.75
19727,2500.62
19728,2500.06
19729,2850.37
19730,2900.76
19731,2650.61
19732,2803.18
19733,2261.95
19734,1995.0
19735,2328.16
19736,2500.16
19737,2939.09
19738,3120.41
19739,3270.83
19740,3441.08
19741,3615.47
19742,4119.99
19743,4664.78
19744,4713.41
19745,3579.86
19746,3591.81
19747,3867.09
19748,3500.55
19749,3500.52
19750,3800.11
19751,3993.82
19752,3993.47
19753,3700.12
19754,4607.45
19755,4900.41
19756,5349.68
19757,6499.01
19758,7499.73
19759,10000.0
19760,10000.0
19761,10000.0
19762,10000.0
19763,10000.0
19764,10000.0
19765,10000.0
19766,10000.0
19767,10000.0
19768,10000.0
19769,10000.0
19770,10000.0
19771,10000.0
19772,10000.0
19773,6499.65
19774,7499.16
19775,6499.37
19776,6499.11
19777,5499.1
19778,4799.95
19779,4607.51
19780,5499.09
19781,3520.61
19782,2998.72
19783,3993.35
19784,4036.0
19785,4251.54
19786,4607.11
19787,3993.14
19788,3899.75
19789,3695.74
19790,3500.43
19791,3339.01
19792,2945.0
19793,3112.74
19794,3112.5
19795,3993.6
19796,3900.97
19797,2550.49
19798,2700.74
19799,2958.67
19800,3204.61
19801,3250.11
19802,3450.43
19803,3502.45
19804,3504.88
19805,3582.01
19806,3348.02
19807,3900.07
19808,3423.4
19809,2952.74
19810,2202.61
19811,3348.55
19812,3852.83
19813,3348.46
19814,3619.02
19815,3899.21
19816,3596.25
19817,3354.85
19818,3279.05
19819,3050.08
19820,2850.38
19821,2850.26
19822,2850.46
19823,3290.98
19824,3290.02
19825,2660.36
19826,2600.85
19827,2569.16
19828,2348.9
19829,1509.66
19830,1509.72
19831,1800.26
19832,2294.6
19833,2351.47
19834,2555.64
19835,3050.35
19836,3290.79
19837,3202.62
19838,3290.41
19839,3380.58
19840,3380.51
19841,3500.37
19842,3899.06
19843,3420.44
19844,3450.63
19845,3500.67
19846,3637.43
19847,4000.06
19848,3999.36
19849,3899.77
19850,4515.26
19851,5000.16
19852,5200.06
19853,6499.36
19854,10000.0
19855,10000.0
19856,10000.0
19857,10000.0
19858,10000.0
19859,6499.92
19860,7299.52
19861,5900.31
19862,5999.18
19863,4622.62
19864,5150.85
19865,4368.35
19866,4459.07
19867,4515.98
19868,4515.69
19869,3603.67
19870,3300.35
19871,3112.42
19872,2959.84
19873,3588.87
19874,3600.03
19875,3775.55
19876,3630.22
19877,3202.15
19878,2944.44
19879,2701.45
19880,2550.78
19881,3000.07
19882,2811.19
19883,2550.45
19884,2581.54
19885,2038.7
19886,1890.05
19887,1889.96
19888,1894.0
19889,2499.05
19890,2499.07
19891,3035.27
19892,3169.33
19893,2250.04
19894,2550.56
19895,3000.42
19896,3202.43
19897,3400.53
19898,3582.84
19899,4000.37
19900,4000.07
19901,3355.51
19902,3238.49
19903,2844.74
19904,2687.94
19905,1949.0
19906,999.52
19907,1954.08
19908,1950.59
19909,2811.7
19910,2735.69
19911,3000.65
19912,3169.42
19913,2885.46
19914,2701.39
19915,2735.87
19916,2750.08
19917,3100.6
19918,3169.79
19919,1999.66
19920,1999.32
19921,1500.62
19922,1500.68
19923,1200.11
19924,1200.09
19925,800.86
19926,800.88
19927,1000.8
19928,1500.54
19929,1740.9
19930,2000.18
19931,2555.1
19932,2701.81
19933,2555.72
19934,2555.5
19935,2555.58
19936,2572.95
19937,3000.58
19938,3380.2
19939,3380.13
19940,3380.88
19941,3300.31
19942,3300.07
19943,3258.85
19944,3169.29
19945,2900.51
19946,3300.84
19947,4500.95
19948,4622.14
19949,5274.72
19950,5459.89
19951,5212.16
19952,4999.71
19953,4819.4
19954,4819.41
19955,5557.98
19956,5274.92
19957,6220.8
19958,5900.21
19959,4622.62
19960,4515.69
19961,4515.25
19962,4499.12
19963,4000.26
19964,3644.83
19965,3662.0
19966,3750.88
19967,3700.42
19968,3501.83
19969,4000.88
19970,4025.08
19971,5699.16
19972,4999.53
19973,3529.55
19974,3512.98
19975,2550.19
19976,2499.34
19977,2499.71
19978,2509.04
19979,2701.5
19980,2800.25
19981,2581.05
19982,2619.14
19983,2434.0
19984,2550.51
19985,2560.77
19986,2560.99
19987,2601.99
19988,2663.02
19989,2100.36
19990,1890.62
19991,2429.76
19992,2500.02
19993,2687.89
19994,3380.85
19995,3857.2
19996,3868.67
19997,3299.12
19998,3324.26
19999,3000.72
20000,2850.06
20001,2416.23
20002,2510.48
20003,2850.42
20004,2885.81
20005,2900.68
20006,2900.94
20007,3380.92
20008,3199.76
20009,3000.95
20010,2900.1
20011,2663.87
20012,2683.02
20013,1988.32
20014,1824.88
20015,1647.05
20016,1500.9
20017,1249.89
20018,1249.98
20019,999.62
20020,999.52
20021,799.98
20022,989.13
20023,1112.29
20024,1529.87
20025,2200.58
20026,2520.32
20027,1499.42
20028,1820.83
20029,1820.55
20030,1820.27
20031,2307.91
20032,2327.97
20033,1820.51
20034,2202.41
20035,2550.14
20036,2603.37
20037,2683.51
20038,3299.1
20039,3350.0
20040,3448.8
20041,3000.09
20042,3405.0
20043,4000.64
20044,5447.09
20045,5447.25
20046,4800.08
20047,4981.04
20048,4515.03
20049,4313.56
20050,4300.1
20051,4250.54
20052,4410.78
20053,4410.69
20054,4499.02
20055,4189.97
20056,3997.41
20057,4000.8
20058,4025.54
20059,4250.27
20060,4000.17
20061,3600.68
20062,3281.48
20063,2699.01
20064,2581.32
20065,3999.18
20066,3999.03
20067,3899.85
20068,3500.91
20069,2970.02
20070,2850.02
20071,2581.63
20072,2509.01
20073,2499.1
20074,2202.39
20075,2620.08
20076,2430.15
20077,2000.33
20078,2000.21
20079,1950.2
20080,1709.93
20081,1929.03
20082,1929.5
20083,2683.69
20084,3470.38
20085,2430.59
20086,2612.53
20087,2612.67
20088,2620.07
20089,2663.69
20090,2900.74
20091,2703.14
20092,2620.67
20093,1499.56
20094,1499.29
20095,1199.09
20096,1193.79
20097,1500.22
20098,1500.65
20099,2555.97
20100,2509.54
20101,2612.36
20102,2509.72
20103,1299.34
20104,1299.14
20105,999.54
20106,999.4
20107,999.15
20108,999.16
20109,800.0
20110,799.94
20111,999.41
20112,999.62
20113,999.79
20114,1500.15
20115,1000.72
20116,999.6
20117,699.79
20118,699.85
20119,989.44
20120,999.04
20121,999.54
20122,1820.24
20123,1750.17
20124,1820.83
20125,2307.13
20126,2351.82
20127,2340.32
20128,2351.46
20129,2779.65
20130,2850.74
20131,2779.22
20132,2779.9
20133,2850.64
20134,2850.84
20135,2687.51
20136,2687.57
20137,2690.16
20138,2900.3
20139,2959.2
20140,3500.1
20141,4817.36
20142,5600.24
20143,5890.21
20144,5300.72
20145,5538.47
20146,5500.17
20147,5400.26
20148,5600.01
20149,5600.78
20150,5499.01
20151,4650.04
20152,4680.76
20153,4600.02
20154,4950.66
20155,4400.17
20156,4313.93
20157,3930.38
20158,3900.1
20159,4622.64
20160,4000.3
20161,4200.61
20162,4099.5
20163,5494.47
20164,3999.64
20165,3999.36
20166,3899.37
20167,3899.29
20168,3630.51
20169,3600.53
20170,3518.56
20171,3397.8
20172,3262.65
20173,3380.77
20174,3269.38
20175,3109.86
20176,3189.83
20177,2970.62
20178,3102.19
20179,3899.14
20180,3680.9
20181,2999.94
20182,3512.94
20183,4025.98
20184,4189.52
20185,4025.93
20186,4150.99
20187,4150.18
20188,3999.6
20189,3545.78
20190,3473.11
20191,3500.95
20192,3380.75
20193,3000.18
20194,2683.09
20195,2164.17
20196,2075.0
20197,2200.59
20198,2550.09
20199,1735.38
20200,1574.8
20201,1564.57
20202,1799.11
20203,1629.27
20204,1562.12
20205,1540.86
20206,1535.96
20207,1099.79
20208,1249.08
20209,989.49
20210,999.27
20211,999.03
20212,999.25
20213,799.53
20214,799.5
20215,989.55
20216,999.22
20217,989.85
20218,999.26
20219,799.16
20220,899.19
20221,899.34
20222,928.0
20223,2750.31
20224,2800.22
20225,1809.72
20226,1649.15
20227,2750.47
20228,3060.75
20229,3463.68
20230,3463.85
20231,3380.99
20232,3380.37
20233,3380.82
20234,3999.38
20235,4040.95
20236,4515.45
20237,5005.49
20238,6499.31
20239,5099.86
20240,5029.85
20241,4515.94
20242,4600.87
20243,5510.83
20244,6000.33
20245,6499.8
20246,6499.81
20247,6510.42
20248,7052.15
20249,5186.0
20250,5400.4
20251,7499.88
20252,6499.7
20253,5399.25
20254,5005.78
20255,5000.51
20256,3858.14
20257,4144.75
20258,5510.38
20259,6010.11
20260,6000.38
20261,4499.0
20262,4000.48
20263,3268.26
20264,3630.93
20265,3399.57
20266,3460.74
20267,3543.64
20268,3654.75
20269,3399.69
20270,3268.39
20271,3578.69
20272,3419.98
20273,2999.37
20274,2999.81
20275,3780.67
20276,3630.14
20277,2800.27
20278,2959.05
20279,3999.59
20280,5000.95
20281,4450.74
20282,4099.72
20283,4000.59
20284,4499.77
20285,4200.03
20286,3689.45
20287,3899.82
20288,3999.91
20289,4000.02
20290,3585.3
20291,3699.54
20292,3800.36
20293,3269.75
20294,3269.63
20295,3635.92
20296,3770.11
20297,3399.17
20298,3201.0
20299,3419.98
20300,3380.33
20301,2970.19
20302,3060.33
20303,2799.21
20304,2701.58
20305,2151.18
20306,2499.16
20307,3060.86
20308,3380.86
20309,1856.07
20310,1950.76
20311,3060.38
20312,3380.07
20313,3419.29
20314,3770.38
20315,2687.34
20316,2621.03
20317,2900.53
20318,2959.84
20319,3273.08
20320,3380.51
20321,3148.43
20322,3380.8
20323,3419.99
20324,3770.95
20325,4378.71
20326,4499.89
20327,4151.98
20328,4200.34
20329,3999.05
20330,4817.86
20331,5212.96
20332,5771.77
20333,8000.74
20334,10000.0
20335,10000.0
20336,10000.0
20337,10000.0
20338,10000.0
20339,10000.0
20340,10000.0
20341,10000.0
20342,10000.0
20343,6750.43
20344,6510.65
20345,6228.03
20346,5919.42
20347,5510.75
20348,5500.74
20349,4920.71
20350,4250.9
20351,4426.58
20352,4511.0
673,3500.99
674,3181.0
675,3060.24
676,2994.93
677,3694.77
678,4228.8
679,3750.8
680,3188.14
681,4389.48
682,4050.68
683,3583.24
684,3630.46
685,3440.18
686,3498.45
687,3324.48
688,3188.21
689,2936.43
690,3399.73
691,3419.41
692,3470.12
693,3372.91
694,3343.35
695,3547.41
696,3999.48
697,4000.83
698,4025.44
699,3378.81
700,3259.5
701,3259.31
702,3380.22
703,3547.21
704,3380.56
705,3380.98
706,3380.96
707,3378.58
708,3378.38
709,2730.64
710,2850.6
711,2788.56
712,3202.72
713,2730.08
714,2600.55
715,2999.72
716,2788.45
717,1934.53
718,2099.56
719,2002.04
720,2400.52
721,1809.89
722,1809.61
723,1448.66
724,1643.25
725,999.63
726,999.64
727,1782.01
728,2540.72
729,2520.69
730,2620.75
731,2355.0
732,2414.72
733,2350.75
734,2355.47
735,3454.8
736,3630.57
737,3154.0
738,2935.67
739,2200.42
740,2414.34
741,3585.97
742,4000.57
743,3463.55
744,3380.8
745,2788.72
746,3102.22
747,4151.75
748,4520.05
749,5000.98
750,5300.21
751,5026.39
752,5026.6
753,3268.42
754,3250.32
755,4309.57
756,4600.92
757,5240.76
758,5500.29
759,5550.46
760,5000.86
761,4990.96
762,4520.37
763,4313.14
764,4309.53
765,4309.52
766,4622.08
767,4309.46
768,3510.8
3649,5000.67
3650,4990.12
3651,4100.43
3652,4000.48
3653,3800.92
3654,3899.16
3655,3380.0
3656,3380.23
3657,3188.82
3658,3194.67
3659,3380.08
3660,3200.73
3661,3060.55
3662,3003.23
3663,2999.36
3664,3007.72
3665,3000.93
3666,3060.06
3667,3060.36
3668,3380.38
3669,2788.72
3670,2788.37
3671,3380.93
3672,4000.66
3673,4151.84
3674,4151.03
3675,4096.17
3676,4000.69
3677,3635.74
3678,3494.27
3679,2900.16
3680,2750.08
3681,2780.74
3682,2779.99
3683,3102.43
3684,2800.54
3685,2683.95
3686,2620.2
3687,2099.61
3688,2202.42
3689,1847.62
3690,1812.7
3691,1899.29
3692,1990.58
3693,1907.4
3694,1979.66
3695,2520.47
3696,2351.22
3697,1748.4
3698,1643.92
3699,2307.76
3700,2240.58
3701,989.96
3702,989.78
3703,1199.37
3704,2307.39
3705,2620.82
3706,3300.03
3707,2663.53
3708,3099.6
3709,2900.01
3710,2900.2
3711,3430.27
3712,3450.93
3713,1934.27
3714,1999.55
3715,2603.75
3716,2563.81
3717,2788.74
3718,3099.33
3719,3463.8
3720,3585.51
3721,3635.1
3722,3381.0
3723,3640.8
3724,3900.14
3725,4920.55
3726,4920.77
3727,4520.74
3728,5000.32
3729,4510.32
3730,4500.26
3731,4500.34
3732,4639.69
3733,3899.14
3734,3770.59
3735,3706.5
3736,3704.19
3737,3770.16
3738,3770.08
3739,3770.82
3740,3770.28
3741,3400.22
3742,3424.08
3743,3100.58
3744,3022.65
6337,2600.81
6338,2788.76
6339,3295.45
6340,3295.38
6341,3060.63
6342,3060.66
6343,3200.14
6344,3200.34
6345,3050.52
6346,2820.52
6347,2502.33
6348,2000.77
6349,2000.31
6350,2000.7
6351,2749.33
6352,2806.26
6353,2509.62
6354,2663.45
6355,2414.08
6356,2509.09
6357,1999.88
6358,2550.03
6359,3102.82
6360,3500.75
6361,4025.79
6362,4100.19
6363,3800.57
6364,3400.69
6365,3250.26
6366,3380.15
6367,3060.22
6368,2779.44
6369,2999.57
6370,2800.14
6371,2800.48
6372,2780.43
6373,2810.26
6374,2811.73
6375,2750.85
6376,2740.97
6377,2524.0
6378,2446.0
6379,2300.19
6380,2000.06
6381,2500.78
6382,2638.67
6383,2700.63
6384,2414.94
6385,2272.5
6386,2502.05
6387,2502.69
6388,1999.97
6389,1660.7
6390,1660.56
6391,2099.91
6392,2555.54
6393,3169.59
6394,3250.98
6395,2800.48
6396,3027.66
6397,3200.38
6398,3169.67
6399,3100.0
6400,3380.4
6401,3000.4
6402,2970.46
6403,3580.0
6404,3635.43
6405,3585.26
6406,3635.25
6407,3635.69
6408,3419.05
6409,3250.08
6410,4000.12
6411,4000.03
6412,4261.98
6413,4080.9
6414,4000.67
6415,4200.5
6416,4450.92
6417,4323.36
6418,4450.03
6419,4639.05
6420,4900.72
6421,5557.11
6422,5600.17
6423,5557.11
6424,5510.21
6425,5408.33
6426,5343.33
6427,5510.25
6428,4920.64
6429,4012.83
6430,3983.58
6431,3770.57
6432,3694.77
9313,4817.22
9314,4758.42
9315,4000.32
9316,3484.28
9317,3900.07
9318,3766.89
9319,3380.64
9320,3380.56
9321,3630.18
9322,3899.0
9323,3060.77
9324,2700.52
9325,2619.81
9326,2509.07
9327,2807.05
9328,3060.97
9329,3060.74
9330,3668.75
9331,3630.95
9332,3250.99
9333,3115.94
9334,3588.58
9335,4500.14
9336,4608.0
9337,4601.55
9338,4916.28
9339,4739.66
9340,4228.24
9341,4000.23
9342,4000.48
9343,4004.96
9344,3380.63
9345,3547.95
9346,3439.61
9347,3770.37
9348,3689.05
9349,2811.07
9350,2740.66
9351,3380.23
9352,3380.81
9353,3069.68
9354,2900.5
9355,3380.35
9356,3380.52
9357,3200.33
9358,3380.4
9359,3179.41
9360,3179.47
9361,2900.0
9362,2612.94
9363,3380.38
9364,2900.21
9365,1999.41
9366,2250.36
9367,2555.28
9368,2900.1
9369,3380.07
9370,3380.83
9371,3000.0
9372,3380.06
9373,2000.76
9374,2066.58
9375,3380.88
9376,3380.64
9377,2969.2
9378,2901.0
9379,3463.64
9380,3500.45
9381,3463.05
9382,3500.08
9383,4000.36
9384,4000.52
9385,3884.18
9386,4189.2
9387,4999.73
9388,5099.68
9389,5510.18
9390,5509.77
9391,6228.93
9392,6000.96
9393,6501.3
9394,6301.43
9395,6499.77
9396,6500.57
9397,6500.72
9398,7500.26
9399,5768.21
9400,5746.97
9401,6100.35
9402,5785.6
9403,5505.22
9404,5470.69
9405,5500.03
9406,5004.01
9407,5000.53
9408,4622.52
12193,5500.79
12194,5000.5
12195,5494.59
12196,5001.69
12197,4313.58
12198,4313.2
12199,3780.01
12200,3800.85
12201,4389.1
12202,4817.61
12203,4739.49
12204,4622.3
12205,3899.14
12206,3600.04
12207,3060.66
12208,3112.16
12209,3188.28
12210,3700.83
12211,4250.79
12212,4739.35
12213,4500.14
12214,4368.71
12215,4313.78
12216,4680.65
12217,4645.06
12218,4990.52
12219,5054.37
12220,5000.68
12221,4645.99
12222,4104.41
12223,3821.98
12224,3635.78
12225,3899.13
12226,3380.72
12227,3074.69
12228,3060.21
12229,3350.37
12230,3381.39
12231,3381.29
12232,3381.67
12233,3126.62
12234,3099.13
12235,2965.28
12236,2829.77
12237,2478.56
12238,2509.38
12239,3024.6
12240,3049.47
12241,2999.55
12242,3000.06
12243,2340.95
12244,2499.32
12245,2099.05
12246,1922.01
12247,2900.1
12248,3008.42
12249,2999.09
12250,3380.41
12251,3099.9
12252,3380.77
12253,3380.3
12254,3008.28
12255,3380.1
12256,3380.89
12257,3300.87
12258,3380.24
12259,3380.45
12260,3380.62
12261,3463.48
12262,3900.0
12263,3899.7
12264,4080.2
12265,4228.67
12266,5000.28
12267,4990.75
12268,4999.88
12269,4998.5
12270,5054.42
12271,5500.94
12272,5500.7
12273,6000.52
12274,5746.8
12275,5500.87
12276,5510.33
12277,6291.69
12278,6500.33
12279,5500.98
12280,5510.37
12281,6316.0
12282,6228.18
12283,5771.72
12284,5700.9
12285,5500.43
12286,5500.59
12287,5000.87
12288,4771.66
15169,5822.82
15170,5557.94
15171,4313.55
15172,3704.48
15173,3674.0
15174,3554.57
15175,4500.56
15176,4817.37
15177,4817.45
15178,4919.08
15179,4919.57
15180,4389.67
15181,3899.41
15182,3630.98
15183,3899.48
15184,3587.56
15185,3999.31
15186,4919.22
15187,4990.02
15188,4919.05
15189,3424.93
15190,3899.25
15191,4919.97
15192,5500.44
15193,4750.14
15194,5494.73
15195,4200.53
15196,3804.65
15197,3380.79
15198,3424.31
15199,2958.5
15200,3023.38
15201,3448.53
15202,3585.69
15203,2972.63
15204,2752.98
15205,2957.03
15206,2963.27
15207,2683.9
15208,2483.2
15209,1875.66
15210,1978.24
15211,1875.54
15212,2612.21
15213,1999.97
15214,2509.49
15215,2250.58
15216,2351.92
15217,1634.53
15218,1756.67
15219,1522.97
15220,1597.28
15221,1580.27
15222,2112.08
15223,2307.42
15224,2354.45
15225,2112.65
15226,1734.4
15227,1832.04
15228,1999.21
15229,2300.68
15230,2683.22
15231,1999.17
15232,1998.96
15233,1768.0
15234,2620.73
15235,1812.26
15236,1934.86
15237,2683.18
15238,2900.82
15239,2798.22
15240,2663.55
15241,2414.2
15242,2663.44
15243,3445.45
15244,4025.73
15245,4151.07
15246,4770.11
15247,4817.01
15248,4700.33
15249,4506.29
15250,4440.63
15251,4400.91
15252,4313.9
15253,4520.05
15254,4639.94
15255,4761.24
15256,4920.35
15257,4817.68
15258,4920.73
15259,4622.64
15260,4313.98
15261,3600.86
15262,3380.72
15263,3276.0
15264,3149.69
18049,4000.36
18050,3899.64
18051,3380.53
18052,3380.27
18053,3060.86
18054,2955.95
18055,3188.09
18056,3060.16
18057,2800.34
18058,2900.17
18059,2900.76
18060,2900.68
18061,2500.92
18062,2500.38
18063,2002.79
18064,2002.83
18065,2500.89
18066,2620.23
18067,2699.56
18068,2900.02
18069,2900.84
18070,3100.4
18071,3400.51
18072,3501.0
18073,4151.65
18074,4648.01
18075,5500.66
18076,5054.63
18077,4421.05
18078,4000.94
18079,3380.91
18080,3060.94
18081,3060.17
18082,3060.44
18083,3500.18
18084,3120.1
18085,3249.43
18086,3380.2
18087,3077.29
18088,3099.18
18089,2400.96
18090,2281.25
18091,2464.89
18092,2502.92
18093,2687.33
18094,2900.59
18095,2755.29
18096,2620.92
18097,2311.86
18098,2683.55
18099,2805.55
18100,2801.06
18101,1898.78
18102,2180.0
18103,2657.71
18104,2563.65
18105,2502.5
18106,2800.14
18107,2208.04
18108,2563.8
18109,2500.34
18110,2683.25
18111,3249.59
18112,3380.65
18113,3188.52
18114,3411.72
18115,3868.32
18116,4000.13
18117,2970.36
18118,2970.54
18119,3999.93
18120,4025.28
18121,4500.99
18122,5100.07
18123,5822.27
18124,6228.09
18125,10000.0
18126,10000.0
18127,10000.0
18128,10000.0
18129,10000.0
18130,10000.0
18131,10000.0
18132,10000.0
18133,10000.0
18134,10000.0
18135,10000.0
18136,10000.0
18137,10000.0
18138,10000.0
18139,10000.0
18140,10000.0
18141,10000.0
18142,10000.0
18143,10000.0
18144,10000.0
21025,6999.95
21026,6249.15
21027,4313.05
21028,4100.43
21029,3999.77
21030,4622.12
21031,4645.78
21032,4228.33
21033,3899.85
21034,3538.67
21035,3999.43
21036,4000.23
21037,4000.61
21038,4100.31
21039,5199.09
21040,4817.28
21041,4622.82
21042,4817.77
21043,4920.71
21044,5000.43
21045,4000.83
21046,5003.28
21047,6000.28
21048,6999.37
21049,6500.2
21050,6999.06
21051,8510.11
21052,10000.0
21053,6500.8
21054,6500.48
21055,6499.6
21056,5494.36
21057,4000.8
21058,3999.99
21059,4622.19
21060,4189.75
21061,4364.48
21062,4378.8
21063,5054.69
21064,5494.26
21065,3899.76
21066,3249.04
21067,3249.74
21068,3642.55
21069,4189.93
21070,4524.41
21071,4622.36
21072,4378.99
21073,4112.54
21074,4000.76
21075,3380.42
21076,3174.19
21077,2600.19
21078,2900.84
21079,3884.65
21080,4025.78
21081,4096.19
21082,4622.73
21083,4228.16
21084,4817.67
21085,4228.49
21086,4817.13
21087,4622.72
21088,4920.46
21089,4920.21
21090,5014.96
21091,5494.35
21092,5890.78
21093,5538.28
21094,6500.34
21095,6500.21
21096,6500.51
21097,6500.42
21098,8001.01
21099,10000.0
21100,10000.0
21101,10000.0
21102,10000.0
21103,10000.0
21104,10000.0
21105,10000.0
21106,10000.0
21107,10000.0
21108,10000.0
21109,10000.0
21110,10000.0
21111,10000.0
21112,10000.0
21113,10000.0
21114,10000.0
21115,10000.0
21116,10000.0
21117,10000.0
21118,10000.0
21119,10000.0
21120,10000.0
24001,10000.0
24002,10000.0
24003,10000.0
24004,10000.0
24005,10000.0
24006,10000.0
24007,7999.92
24008,7293.05
24009,4080.17
24010,3831.52
24011,4920.85
24012,5891.0
24013,5500.05
24014,5139.57
24015,3999.46
24016,3884.69
24017,4920.73
24018,5199.64
24019,4920.91
24020,4395.97
24021,3884.29
24022,4994.36
24023,6001.2
24024,6501.99
24025,10000.0
24026,10000.0
24027,10000.0
24028,10000.0
24029,7000.36
24030,5500.88
24031,4979.53
24032,4017.2
24033,6767.5
24034,6999.51
24035,5494.87
24036,5000.51
24037,3899.43
24038,3380.85
24039,3550.65
24040,3631.96
24041,3631.57
24042,3631.42
24043,4817.45
24044,4817.69
24045,5538.08
24046,5299.73
24047,5557.94
24048,4990.63
24049,4817.33
24050,4739.39
24051,4000.07
24052,3770.3
24053,3249.92
24054,3600.97
24055,4990.23
24056,5600.28
24057,6000.98
24058,6045.58
24059,5944.68
24060,6500.17
24061,8000.01
24062,8000.05
24063,8999.47
24064,9510.21
24065,8000.73
24066,9499.95
24067,10000.0
24068,10000.0
24069,10000.0
24070,10000.0
24071,10000.0
24072,10000.0
24073,10000.0
24074,10000.0
24075,10000.0
24076,10000.0
24077,10000.0
24078,10000.0
24079,10000.0
24080,10000.0
24081,10000.0
24082,10000.0
24083,10000.0
24084,10000.0
24085,10000.0
24086,10000.0
24087,10000.0
24088,10000.0
24089,10000.0
24090,10000.0
24091,10000.0
24092,10000.0
24093,10000.0
24094,10000.0
24095,10000.0
24096,10000.0
26881,10000.0
26882,10000.0
26883,10000.0
26884,10000.0
26885,10000.0
26886,10000.0
26887,10000.0
26888,10000.0
26889,10000.0
26890,10000.0
26891,10000.0
26892,10000.0
26893,10000.0
26894,9997.57
26895,5999.61
26896,5999.52
26897,5600.83
26898,6499.52
26899,6999.72
26900,9000.23
26901,6999.68
26902,9999.01
26903,10000.0
26904,10000.0
26905,10000.0
26906,10000.0
26907,10000.0
26908,10000.0
26909,10000.0
26910,10000.0
26911,10000.0
26912,10000.0
26913,6999.23
26914,6100.4
26915,5999.26
26916,5519.11
26917,6100.81
26918,6500.94
26919,5054.62
26920,5494.99
26921,5335.41
26922,5299.16
26923,5520.22
26924,5335.1
26925,5999.65
26926,5700.73
26927,5999.73
26928,6500.18
26929,5460.58
26930,5299.64
26931,5460.21
26932,5335.44
26933,4682.74
26934,4981.47
26935,5741.63
26936,6000.06
26937,6500.26
26938,6500.91
26939,6933.42
26940,7510.97
26941,9360.11
26942,9360.76
26943,10000.0
26944,10000.0
26945,10000.0
26946,10000.0
26947,10000.0
26948,10000.0
26949,10000.0
26950,10000.0
26951,10000.0
26952,10000.0
26953,10000.0
26954,10000.0
26955,10000.0
26956,10000.0
26957,10000.0
26958,10000.0
26959,10000.0
26960,10000.0
26961,10000.0
26962,10000.0
26963,10000.0
26964,10000.0
26965,10000.0
26966,10000.0
26967,10000.0
26968,10000.0
26969,10000.0
26970,10000.0
26971,10000.0
26972,10000.0
26973,10000.0
26974,10000.0
26975,10000.0
26976,10000.0
29857,10000.0
29858,10000.0
29859,10000.0
29860,10000.0
29861,10000.0
29862,10000.0
29863,10000.0
29864,10000.0
29865,10000.0
29866,10000.0
29867,10000.0
29868,10000.0
29869,6999.55
29870,6999.34
29871,6999.3
29872,6511.0
29873,6510.16
29874,6999.63
29875,7004.16
29876,8000.99
29877,9620.51
29878,10000.0
29879,10000.0
29880,10000.0
29881,10000.0
29882,10000.0
29883,10000.0
29884,10000.0
29885,10000.0
29886,10000.0
29887,10000.0
29888,10000.0
29889,6999.76
29890,6510.02
29891,6500.09
29892,5510.34
29893,6500.05
29894,6499.06
29895,5199.56
29896,4988.69
29897,4947.57
29898,5020.98
29899,5494.62
29900,5500.87
29901,6500.01
29902,6500.16
29903,5977.5
29904,5494.57
29905,6500.18
29906,6500.29
29907,6500.45
29908,6500.35
29909,6500.22
29910,6500.24
29911,6500.62
29912,7052.28
29913,8500.07
29914,8500.54
29915,10000.0
29916,10000.0
29917,10000.0
29918,10000.0
29919,10000.0
29920,10000.0
29921,10000.0
29922,10000.0
29923,10000.0
29924,10000.0
29925,10000.0
29926,10000.0
29927,10000.0
29928,10000.0
29929,10000.0
29930,10000.0
29931,10000.0
29932,10000.0
29933,10000.0
29934,10000.0
29935,10000.0
29936,10000.0
29937,10000.0
29938,10000.0
29939,10000.0
29940,10000.0
29941,10000.0
29942,10000.0
29943,10000.0
29944,10000.0
29945,10000.0
29946,10000.0
29947,10000.0
29948,10000.0
29949,10000.0
29950,10000.0
29951,10000.0
29952,10000.0
32737,10000.0
32738,10000.0
32739,10000.0
32740,10000.0
32741,10000.0
32742,10000.0
32743,10000.0
32744,10000.0
32745,8810.44
32746,6999.73
32747,6499.4
32748,5335.23
32749,6000.84
32750,5520.15
32751,6000.13
32752,6000.04
32753,7115.62
32754,7770.85
32755,8000.34
32756,8000.57
32757,9999.49
32758,10000.0
32759,10000.0
32760,10000.0
32761,10000.0
32762,10000.0
32763,10000.0
32764,10000.0
32765,10000.0
32766,10000.0
32767,6999.89
32768,5758.04
32769,3689.71
32770,3689.07
32771,2899.85
32772,2740.91
32773,2730.49
32774,3550.88
32775,3631.27
32776,3913.64
32777,3913.98
32778,3631.9
32779,3385.87
32780,3249.5
32781,3385.38
32782,3400.44
32783,3500.55
32784,3440.09
32785,3370.96
32786,3440.92
32787,3999.21
32788,3600.28
32789,3408.13
32790,3380.46
32791,3600.96
32792,4311.24
32793,4654.93
32794,4654.66
32795,4395.65
32796,4311.91
32797,4664.38
32798,5503.16
32799,5739.55
32800,5739.94
32801,5503.76
32802,5600.39
32803,4312.79
32804,4682.88
32805,4470.12
32806,4589.72
32807,4284.62
32808,4342.23
32809,4378.84
32810,5880.24
32811,7000.55
32812,10000.0
32813,10000.0
32814,10000.0
32815,10000.0
32816,10000.0
32817,10000.0
32818,10000.0
32819,10000.0
32820,10000.0
32821,10000.0
32822,10000.0
32823,10000.0
32824,10000.0
32825,10000.0
32826,10000.0
32827,10000.0
32828,10000.0
32829,10000.0
32830,10000.0
32831,10000.0
32832,10000.0
21505,10000.0
21506,10000.0
21507,10000.0
21508,10000.0
21509,4030.87
21510,3710.38
21511,3499.25
21512,3380.32
21513,4008.84
21514,4395.31
21515,4312.37
21516,4500.1
21517,4500.01
21518,4312.98
21519,4499.46
21520,4250.34
21521,4328.27
21522,4628.07
21523,4664.24
21524,4682.81
21525,4628.32
21526,4682.84
21527,4959.94
21528,5499.06
21529,5335.59
21530,5849.29
21531,6001.4
21532,5999.74
21533,5499.28
21534,4800.16
21535,3581.72
21536,3380.26
21537,2290.01
21538,2494.25
21539,2219.6
21540,2740.72
21541,2950.51
21542,3249.13
21543,3600.66
21544,3600.82
21545,3581.28
21546,3400.35
21547,3400.5
21548,3249.2
21549,3369.74
21550,3434.01
21551,3185.44
21552,2971.62
21553,3369.36
21554,3380.02
21555,2923.37
21556,3012.65
21557,3040.45
21558,2929.58
21559,3581.69
21560,3596.88
21561,3913.46
21562,3999.2
21563,4099.77
21564,4200.75
21565,4000.71
21566,4000.53
21567,3632.0
21568,3635.49
21569,3631.39
21570,3581.64
21571,3581.15
21572,3770.34
21573,3581.59
21574,3913.12
21575,3899.53
21576,4000.52
21577,4080.09
21578,4600.88
21579,4747.96
21580,5335.45
21581,10000.0
21582,10000.0
21583,10000.0
21584,10000.0
21585,10000.0
21586,10000.0
21587,10000.0
21588,10000.0
21589,10000.0
21590,10000.0
21591,9999.65
21592,9999.11
21593,7899.71
21594,10000.0
21595,9999.07
21596,9442.0
21597,7499.94
21598,7399.97
21599,6500.12
21600,5503.13
21601,4280.56
21602,3901.07
21603,4280.75
21604,5510.6
21605,4000.31
21606,4000.3
21607,4000.1
21608,3899.11
21609,3899.12
21610,4000.5
21611,4500.83
21612,4500.27
21613,4500.34
21614,4250.84
21615,4250.8
21616,4250.45
21617,4524.15
21618,4250.8
21619,3899.01
21620,3680.87
21621,3290.01
21622,4664.66
21623,5500.06
21624,5500.46
21625,5522.09
21626,8006.15
21627,9007.89
21628,8000.89
21629,5128.0
21630,4222.5
21631,3590.85
21632,3370.53
21633,3640.08
21634,3700.36
21635,3590.9
21636,3640.71
21637,4071.65
21638,4000.4
21639,3771.0
21640,3770.63
21641,4500.92
21642,4524.49
21643,5000.16
21644,5000.08
21645,5120.29
21646,4909.72
21647,4381.44
21648,4295.11
21649,4000.48
21650,4080.31
21651,4635.17
21652,4875.43
21653,5500.34
21654,5500.75
21655,5582.08
21656,5582.19
21657,5335.33
21658,5270.46
21659,5500.96
21660,5739.16
21661,5500.06
21662,5335.77
21663,5796.73
21664,5700.37
21665,5999.71
21666,6000.5
21667,6500.43
21668,5999.04
21669,5500.57
21670,5500.49
21671,5700.97
21672,5999.57
21673,5999.74
21674,7000.03
21675,10000.0
21676,10000.0
21677,10000.0
21678,10000.0
21679,10000.0
21680,10000.0
21681,10000.0
21682,10000.0
21683,10000.0
21684,10000.0
21685,10000.0
21686,10000.0
21687,10000.0
21688,10000.0
21689,10000.0
21690,10000.0
21691,10000.0
21692,10000.0
21693,10000.0
21694,10000.0
21695,10000.0
21696,10000.0
21697,10000.0
21698,10000.0
21699,10000.0
21700,10000.0
21701,9000.79
21702,8998.82
21703,9520.32
21704,9000.84
21705,8000.1
21706,7500.57
21707,8000.55
21708,8000.03
21709,7510.28
21710,7500.61
21711,7500.31
21712,7500.24
21713,7499.19
21714,7500.89
21715,9000.56
21716,9000.6
21717,9000.53
21718,10000.0
21719,10000.0
21720,10000.0
21721,10000.0
21722,10000.0
21723,10000.0
21724,10000.0
21725,10000.0
21726,10000.0
21727,10000.0
21728,10000.0
21729,6998.72
21730,6999.73
21731,5999.11
21732,5099.42
21733,4635.75
21734,5099.25
21735,4909.39
21736,4664.44
21737,3983.91
21738,4041.34
21739,4804.27
21740,4682.65
21741,3469.7
21742,3124.87
21743,3060.38
21744,3369.89
21745,4400.0
21746,4664.49
21747,4664.22
21748,4664.28
21749,4635.9
21750,4664.6
21751,5540.26
21752,5739.14
21753,5099.6
21754,5503.12
21755,4959.66
21756,5099.8
21757,4664.15
21758,4682.67
21759,5999.04
21760,5999.19
21761,4635.45
21762,5099.91
21763,5099.8
21764,5239.81
21765,4119.34
21766,4635.24
21767,4959.62
21768,5447.47
21769,3380.23
21770,5099.49
21771,6024.45
21772,6999.08
21773,10000.0
21774,10000.0
21775,10000.0
21776,10000.0
21777,10000.0
21778,10000.0
21779,10000.0
21780,10000.0
21781,10000.0
21782,10000.0
21783,10000.0
21784,10000.0
21785,10000.0
21786,10000.0
21787,10000.0
21788,10000.0
21789,10000.0
21790,10000.0
21791,10000.0
21792,10000.0
21793,10000.0
21794,10000.0
21795,10000.0
21796,10000.0
21797,6510.95
21798,4050.82
21799,5542.31
21800,4100.91
21801,3630.29
21802,3600.24
21803,4000.13
21804,4250.55
21805,4635.36
21806,4635.25
21807,5335.16
21808,4804.78
21809,4009.24
21810,3750.81
21811,4500.47
21812,4500.59
21813,5503.52
21814,6510.72
21815,6510.81
21816,7504.12
21817,10000.0
21818,10000.0
21819,10000.0
21820,10000.0
21821,10000.0
21822,10000.0
21823,10000.0
21824,6999.27
21825,6000.87
21826,6510.6
21827,5999.12
21828,5500.32
21829,5999.54
21830,6128.43
21831,6128.95
21832,7097.79
21833,6999.4
21834,6500.2
21835,7479.57
21836,8172.14
21837,8500.53
21838,8500.66
21839,9000.51
21840,9500.06
21841,7115.1
21842,9000.85
21843,10000.0
21844,10000.0
21845,6000.47
21846,5999.16
21847,6000.29
21848,6128.25
21849,8500.58
21850,8730.77
21851,10000.0
21852,10000.0
21853,10000.0
21854,10000.0
21855,10000.0
21856,10000.0
21857,10000.0
21858,10000.0
21859,10000.0
21860,10000.0
21861,10000.0
21862,10000.0
21863,10000.0
21864,10000.0
21865,10000.0
21866,10000.0
21867,10000.0
21868,10000.0
21869,10000.0
21870,10000.0
21871,10000.0
21872,10000.0
21873,10000.0
21874,10000.0
21875,10000.0
21876,10000.0
21877,10000.0
21878,10000.0
21879,10000.0
21880,10000.0
21881,10000.0
21882,10000.0
21883,10000.0
21884,10000.0
21885,10000.0
21886,10000.0
21887,10000.0
21888,10000.0
21889,10000.0
21890,10000.0
21891,10000.0
21892,10000.0
21893,10000.0
21894,10000.0
21895,10000.0
21896,10000.0
21897,10000.0
21898,10000.0
21899,10000.0
21900,10000.0
21901,10000.0
21902,10000.0
21903,10000.0
21904,10000.0
21905,10000.0
21906,10000.0
21907,10000.0
21908,10000.0
21909,10000.0
21910,10000.0
21911,10000.0
21912,10000.0
21913,10000.0
21914,10000.0
21915,10000.0
21916,10000.0
21917,10000.0
21918,10000.0
21919,10000.0
21920,10000.0
21921,7154.99
21922,7154.97
21923,5500.85
21924,5000.83
21925,5500.08
21926,5501.0
21927,6000.39
21928,6000.59
21929,5700.36
21930,5500.84
21931,5500.79
21932,5500.73
21933,5508.31
21934,5500.44
21935,5000.11
21936,4312.86
21937,4312.02
21938,4280.67
21939,5280.67
21940,5500.07
21941,3953.97
21942,3840.14
21943,5000.87
21944,5500.45
21945,5700.86
21946,6500.13
21947,7500.36
21948,8510.22
21949,7000.09
21950,6738.79
21951,7499.31
21952,7500.1
21953,5619.85
21954,5999.5
21955,6000.3
21956,6000.16
21957,8508.6
21958,8508.3
21959,10000.0
21960,10000.0
21961,10000.0
21962,10000.0
21963,10000.0
21964,10000.0
21965,10000.0
21966,10000.0
21967,10000.0
21968,10000.0
21969,10000.0
21970,10000.0
21971,10000.0
21972,10000.0
21973,10000.0
21974,10000.0
21975,10000.0
21976,10000.0
21977,10000.0
21978,10000.0
21979,10000.0
21980,10000.0
21981,10000.0
21982,10000.0
21983,10000.0
21984,10000.0
21985,10000.0
21986,10000.0
21987,10000.0
21988,10000.0
21989,10000.0
21990,10000.0
21991,10000.0
21992,10000.0
21993,10000.0
21994,10000.0
21995,6999.03
21996,6499.18
21997,6501.32
21998,6000.06
21999,5000.61
22000,4500.74
22001,4250.69
22002,5500.77
22003,6192.71
22004,6469.14
22005,7001.09
22006,8500.44
22007,10000.0
22008,10000.0
22009,10000.0
22010,10000.0
22011,10000.0
22012,10000.0
22013,10000.0
22014,10000.0
22015,8510.44
22016,7500.68
22017,5595.74
22018,5400.27
22019,5093.26
22020,4634.72
22021,4607.8
22022,5000.5
22023,5740.91
22024,5700.5
22025,5987.41
22026,5500.72
22027,5500.55
22028,5500.07
22029,5500.38
22030,5500.42
22031,6200.59
22032,5700.12
22033,5503.88
22034,5700.21
22035,5500.67
22036,5500.62
22037,4665.0
22038,5503.07
22039,4959.1
22040,5335.94
22041,6520.54
22042,7500.43
22043,9000.87
22044,10000.0
22045,10000.0
22046,10000.0
22047,10000.0
22048,10000.0
22049,7600.15
22050,7600.62
22051,7600.58
22052,7600.79
22053,7600.41
22054,7600.71
22055,7600.28
22056,7600.42
22057,4772.59
22058,6192.19
22059,7600.9
22060,10000.0
22061,10000.0
22062,10000.0
22063,10000.0
22064,10000.0
22065,10000.0
22066,10000.0
22067,10000.0
22068,10000.0
22069,10000.0
22070,10000.0
22071,10000.0
22072,10000.0
22073,10000.0
22074,10000.0
22075,10000.0
22076,10000.0
22077,10000.0
22078,10000.0
22079,10000.0
22080,10000.0
22081,10000.0
22082,10000.0
22083,10000.0
22084,10000.0
22085,10000.0
22086,10000.0
22087,10000.0
22088,10000.0
22089,10000.0
22090,10000.0
22091,10000.0
22092,8994.29
22093,5685.22
22094,5685.42
22095,5492.93
22096,5429.13
22097,5493.48
22098,6499.91
22099,9000.77
22100,9000.39
22101,6499.28
22102,10000.0
22103,10000.0
22104,10000.0
22105,10000.0
22106,10000.0
22107,10000.0
22108,10000.0
22109,6100.52
22110,5500.65
22111,5000.59
22112,4549.49
22113,4049.58
22114,4400.89
22115,4421.42
22116,4440.92
22117,4901.68
22118,4959.61
22119,4901.43
22120,5250.36
22121,3250.05
22122,2999.59
22123,3895.02
22124,4049.58
22125,4500.0
22126,4500.56
22127,4012.87
22128,4100.07
22129,3358.25
22130,4012.93
22131,3250.0
22132,3250.09
22133,2918.03
22134,2920.29
22135,3200.2
22136,3495.26
22137,4311.16
22138,4635.5
22139,4360.65
22140,4635.14
22141,4935.79
22142,4936.55
22143,4444.55
22144,4143.91
22145,3913.58
22146,3690.44
22147,3500.78
22148,3600.72
22149,4959.13
22150,5557.57
22151,5500.85
22152,5470.58
22153,4400.38
22154,4772.03
22155,6000.36
22156,6500.6
22157,10000.0
22158,10000.0
22159,10000.0
22160,10000.0
22161,10000.0
22162,10000.0
22163,10000.0
22164,10000.0
22165,10000.0
22166,10000.0
22167,10000.0
22168,10000.0
22169,10000.0
22170,10000.0
22171,10000.0
22172,10000.0
22173,10000.0
22174,10000.0
22175,10000.0
22176,10000.0
22177,10000.0
22178,10000.0
22179,10000.0
22180,10000.0
22181,10000.0
22182,10000.0
22183,9999.64
22184,8000.6
22185,6500.37
22186,6192.67
22187,6500.45
22188,6500.51
22189,6200.62
22190,6200.25
22191,5000.21
22192,4381.82
22193,4381.59
22194,4500.39
22195,4381.02
22196,4500.63
22197,3325.19
22198,3380.06
22199,3400.01
22200,3339.86
22201,3512.96
22202,4634.37
22203,5999.73
22204,6500.09
22205,4500.71
22206,4500.57
22207,3500.96
22208,3360.24
22209,3718.09
22210,3466.12
22211,4080.58
22212,3860.35
22213,4500.4
22214,4500.98
22215,4712.55
22216,4854.58
22217,4500.68
22218,3749.97
22219,2415.33
22220,2453.31
22221,4312.59
22222,3999.93
22223,3999.86
22224,3551.0
22225,3450.34
22226,3512.99
22227,4400.27
22228,4381.64
22229,3408.86
22230,3408.75
22231,3899.26
22232,4127.17
22233,3450.31
22234,4290.82
22235,4469.29
22236,4854.77
22237,4635.62
22238,4500.87
22239,4557.76
22240,4557.99
22241,5540.57
22242,5700.15
22243,5169.54
22244,4442.45
22245,3999.03
22246,4500.57
22247,4557.68
22248,4557.4
22249,2797.03
22250,5000.2
22251,5500.45
22252,5849.22
22253,10000.0
22254,10000.0
22255,10000.0
22256,10000.0
22257,10000.0
22258,10000.0
22259,10000.0
22260,10000.0
22261,10000.0
22262,10000.0
22263,10000.0
22264,10000.0
22265,10000.0
22266,10000.0
22267,10000.0
22268,10000.0
22269,10000.0
22270,10000.0
22271,10000.0
22272,10000.0
22273,10000.0
22274,10000.0
22275,10000.0
22276,10000.0
22277,10000.0
22278,10000.0
22279,10000.0
22280,10000.0
22281,10000.0
22282,10000.0
22283,10000.0
22284,10000.0
22285,10000.0
22286,10000.0
22287,10000.0
22288,10000.0
22289,8000.58
22290,8810.87
22291,10000.0
22292,10000.0
22293,10000.0
22294,10000.0
22295,10000.0
22296,10000.0
22297,10000.0
22298,10000.0
22299,10000.0
22300,10000.0
22301,10000.0
22302,10000.0
22303,10000.0
22304,10000.0
22305,10000.0
22306,10000.0
22307,10000.0
22308,10000.0
22309,10000.0
22310,10000.0
22311,10000.0
22312,10000.0
22313,10000.0
22314,10000.0
22315,10000.0
22316,10000.0
22317,10000.0
22318,10000.0
22319,10000.0
22320,10000.0
22321,10000.0
22322,10000.0
22323,10000.0
22324,10000.0
22325,10000.0
22326,10000.0
22327,10000.0
22328,10000.0
22329,10000.0
22330,10000.0
22331,10000.0
22332,10000.0
22333,10000.0
22334,10000.0
22335,10000.0
22336,10000.0
22337,10000.0
22338,10000.0
22339,10000.0
22340,10000.0
22341,10000.0
22342,10000.0
22343,10000.0
22344,10000.0
22345,10000.0
22346,10000.0
22347,10000.0
22348,10000.0
22349,10000.0
22350,10000.0
22351,10000.0
22352,10000.0
22353,10000.0
22354,10000.0
22355,10000.0
22356,10000.0
22357,10000.0
22358,10000.0
22359,10000.0
22360,10000.0
22361,10000.0
22362,10000.0
22363,10000.0
22364,10000.0
22365,10000.0
22366,10000.0
22367,10000.0
22368,10000.0
22369,10000.0
22370,10000.0
22371,10000.0
22372,10000.0
22373,10000.0
22374,10000.0
22375,10000.0
22376,10000.0
22377,10000.0
22378,10000.0
22379,10000.0
22380,10000.0
22381,10000.0
22382,10000.0
22383,10000.0
22384,10000.0
22385,10000.0
22386,10000.0
22387,10000.0
22388,10000.0
22389,10000.0
22390,10000.0
22391,10000.0
22392,10000.0
22393,10000.0
22394,10000.0
22395,10000.0
22396,10000.0
22397,10000.0
22398,10000.0
22399,10000.0
22400,10000.0
22401,10000.0
22402,10000.0
22403,10000.0
22404,10000.0
22405,10000.0
22406,10000.0
22407,10000.0
22408,10000.0
22409,10000.0
22410,10000.0
22411,10000.0
22412,10000.0
22413,10000.0
22414,10000.0
22415,10000.0
22416,10000.0
22417,9187.39
22418,7005.52
22419,6686.47
22420,5834.6
22421,5595.43
22422,5595.58
22423,10000.0
22424,10000.0
22425,10000.0
22426,10000.0
22427,10000.0
22428,10000.0
22429,10000.0
22430,10000.0
22431,10000.0
22432,10000.0
22433,10000.0
22434,10000.0
22435,10000.0
22436,10000.0
22437,10000.0
22438,10000.0
22439,10000.0
22440,10000.0
22441,10000.0
22442,10000.0
22443,10000.0
22444,10000.0
22445,10000.0
22446,10000.0
22447,10000.0
22448,10000.0
22449,10000.0
22450,10000.0
22451,10000.0
22452,10000.0
22453,10000.0
22454,10000.0
22455,10000.0
22456,10000.0
22457,10000.0
22458,10000.0
22459,10000.0
22460,10000.0
22461,10000.0
22462,10000.0
22463,10000.0
22464,10000.0
22465,10000.0
22466,10000.0
22467,10000.0
22468,10000.0
22469,10000.0
22470,10000.0
22471,10000.0
22472,10000.0
22473,8499.54
22474,6050.03
22475,5000.13
22476,4609.54
22477,3718.55
22478,4112.01
22479,4000.17
22480,4000.18
22481,3718.44
22482,4500.02
22483,4112.37
22484,4500.67
22485,4804.06
22486,5600.23
22487,5000.03
22488,5506.24
22489,5600.17
22490,6999.24
22491,8499.51
22492,8499.75
22493,5700.39
22494,5078.25
22495,5755.36
22496,5000.17
22497,3799.45
22498,3551.6
22499,3500.94
22500,3380.21
22501,3239.96
22502,2900.94
22503,4450.61
22504,4854.62
22505,3913.84
22506,3600.76
22507,3040.68
22508,3227.48
22509,3512.31
22510,3700.62
22511,3380.81
22512,3380.28
22513,3380.48
22514,3390.14
22515,3040.24
22516,3059.71
22517,2099.73
22518,2340.9
22519,2900.72
22520,2800.54
22521,3500.15
22522,3650.41
22523,3900.67
22524,3999.14
22525,3913.25
22526,3999.19
22527,3450.65
22528,3488.69
22529,3224.04
22530,3410.3
22531,3640.44
22532,4009.15
22533,4500.54
22534,4500.9
22535,4311.87
22536,4127.44
22537,4080.45
22538,4500.58
22539,5987.74
22540,7500.34
22541,10000.0
22542,10000.0
22543,10000.0
22544,10000.0
22545,10000.0
22546,10000.0
22547,10000.0
22548,10000.0
22549,6290.33
22550,6000.37
22551,5000.38
22552,5000.02
22553,5335.54
22554,5499.38
22555,5312.45
22556,5312.96
22557,5540.04
22558,5865.0
22559,5335.63
22560,4728.71
22561,6000.89
22562,6000.91
22563,6510.9
22564,6510.14
22565,4250.93
22566,3718.66
22567,4999.6
22568,5000.69
22569,4127.46
22570,3989.31
22571,3780.73
22572,3718.13
22573,3710.59
22574,3718.2
22575,3949.07
22576,3899.61
22577,3999.24
22578,4000.96
22579,5000.04
22580,5000.46
22581,5029.45
22582,4999.41
22583,5600.03
22584,6500.26
22585,7400.68
22586,9000.12
22587,9000.18
22588,9000.03
22589,6499.36
22590,6100.65
22591,4400.36
22592,3488.47
22593,3380.57
22594,3400.66
22595,4300.01
22596,4200.52
22597,4495.3
22598,4550.2
22599,4448.43
22600,4300.95
22601,3488.34
22602,3380.2
22603,3410.75
22604,3400.25
22605,3500.97
22606,3584.01
22607,3478.16
22608,3500.05
22609,3230.85
22610,3271.67
22611,3060.64
22612,3060.45
22613,3315.13
22614,3100.95
22615,3380.66
22616,3500.37
22617,3700.38
22618,3913.42
22619,3640.09
22620,3900.49
22621,4200.72
22622,4200.3
22623,4500.28
22624,4500.65
22625,3640.29
22626,4001.63
22627,3868.93
22628,3700.74
22629,4500.01
22630,4804.28
22631,4750.39
22632,5000.45
22633,4500.99
22634,5029.83
22635,6000.99
22636,6999.0
22637,6200.95
22638,9999.93
22639,9999.21
22640,7499.89
22641,8000.04
22642,7000.34
22643,6500.41
22644,6500.72
22645,6501.34
22646,6501.32
22647,6503.94
22648,6503.87
22649,8000.41
22650,8000.54
22651,6505.67
22652,6505.72
22653,6301.04
22654,5999.91
22655,6200.43
22656,5999.76
22657,6749.62
22658,6510.79
22659,6499.16
22660,6300.49
22661,0.0
22662,5000.43
22663,5520.56
22664,5500.16
22665,4360.16
22666,4112.65
22667,4959.13
22668,5000.28
22669,3750.8
22670,3718.63
22671,3230.4
22672,3164.05
22673,3380.73
22674,4312.74
22675,5540.72
22676,5801.55
22677,6192.2
22678,6192.9
22679,6499.79
22680,6505.75
22681,8499.25
22682,9563.72
22683,10000.0
22684,10000.0
22685,10000.0
22686,8000.93
22687,5999.73
22688,5999.35
22689,3799.06
22690,3340.15
22691,3542.05
22692,3512.32
22693,4628.01
22694,4300.62
22695,4635.08
22696,4500.97
22697,3718.48
22698,3718.52
22699,3755.0
22700,4499.24
22701,4500.55
22702,5000.28
22703,4899.2
22704,4400.85
22705,4100.03
22706,3640.27
22707,3561.73
22708,3561.89
22709,3380.24
22710,3410.78
22711,3561.97
22712,4127.35
22713,4312.16
22714,4635.06
22715,4664.38
22716,4664.98
22717,4127.88
22718,4150.16
22719,4312.67
22720,4393.12
22721,4280.7
22722,4312.07
22723,4000.96
22724,4050.97
22725,4530.01
22726,5000.16
22727,5335.66
22728,5335.28
22729,5000.93
22730,5999.99
22731,6999.38
22732,9806.81
22733,10000.0
22734,10000.0
22735,10000.0
22736,10000.0
22737,10000.0
22738,10000.0
22739,10000.0
22740,10000.0
22741,10000.0
22742,10000.0
22743,10000.0
22744,10000.0
22745,10000.0
22746,10000.0
22747,10000.0
22748,9999.5
22749,7000.28
22750,6510.55
22751,7000.65
22752,7000.33
22753,10000.0
22754,10000.0
22755,6510.43
22756,6507.51
22757,6510.38
22758,6510.35
22759,5999.95
22760,5685.62
22761,4915.2
22762,4915.43
22763,4237.8
22764,4237.84
22765,4237.24
22766,4231.85
22767,3899.53
22768,3900.32
22769,4500.56
22770,5685.25
22771,6200.8
22772,6200.51
22773,5800.7
22774,5999.52
22775,6100.94
22776,6500.2
22777,6500.25
22778,7499.82
22779,10000.0
22780,8300.54
22781,7500.37
22782,7499.61
22783,6499.21
22784,5765.71
22785,4443.16
22786,4500.11
22787,3840.43
22788,3441.62
22789,4110.42
22790,4500.2
22791,4500.36
22792,4430.46
22793,3429.26
22794,3424.94
22795,3420.22
22796,3913.27
22797,4311.22
22798,4500.58
22799,4524.9
22800,4393.4
22801,3584.94
22802,3680.39
22803,3574.68
22804,3447.04
22805,2900.65
22806,3191.06
22807,3500.23
22808,3574.6
22809,3860.51
22810,3913.81
22811,4080.04
22812,4042.3
22813,4635.54
22814,4682.92
22815,4563.37
22816,4500.74
22817,4804.98
22818,5700.08
22819,5000.77
22820,5001.0
22821,5000.88
22822,5540.68
22823,5999.06
22824,6000.23
22825,5522.42
22826,6000.96
22827,6500.16
22828,10000.0
22829,10000.0
22830,10000.0
22831,10000.0
22832,10000.0
22833,10000.0
22834,10000.0
22835,10000.0
22836,10000.0
22837,10000.0
22838,10000.0
22839,10000.0
22840,10000.0
22841,10000.0
22842,10000.0
22843,10000.0
22844,10000.0
22845,10000.0
22846,10000.0
22847,10000.0
22848,10000.0
22849,10000.0
22850,10000.0
22851,10000.0
22852,10000.0
22853,6999.06
22854,6510.87
22855,6510.42
22856,6192.82
22857,4557.98
22858,4557.8
22859,5000.97
22860,6000.73
22861,5503.64
22862,4539.16
22863,4237.82
22864,4237.74
22865,4250.15
22866,5000.27
22867,5944.73
22868,6192.32
22869,6510.43
22870,6999.21
22871,8000.12
22872,8000.83
22873,8003.54
22874,10000.0
22875,10000.0
22876,10000.0
22877,8852.33
22878,6999.49
22879,6510.63
22880,6001.51
22881,3719.51
22882,3806.03
22883,3380.1
22884,3418.73
22885,3750.85
22886,3899.08
22887,5029.96
22888,5000.13
22889,4041.81
22890,4041.44
22891,3172.98
22892,3060.84
22893,3000.54
22894,3011.71
22895,3640.69
22896,4071.24
22897,3640.2
22898,4112.75
22899,3770.67
22900,3913.46
22901,3499.87
22902,3450.44
22903,3700.58
22904,3707.55
22905,4080.07
22906,4393.56
22907,4635.57
22908,4999.3
22909,4577.46
22910,4080.82
22911,4237.44
22912,3900.6
22913,4035.12
22914,4500.86
22915,4772.09
22916,4080.75
22917,3575.46
22918,3576.0
22919,3770.88
22920,3899.58
22921,3500.74
22922,4410.02
22923,4909.18
22924,5999.2
22925,6510.7
22926,10000.0
22927,10000.0
22928,10000.0
22929,6999.88
22930,6999.71
22931,6999.77
22932,7899.43
22933,6510.07
22934,6510.28
22935,6510.65
22936,6510.29
22937,7899.41
22938,10000.0
22939,7399.16
22940,6999.25
22941,6510.47
22942,6510.06
22943,6510.44
22944,6500.88
22945,10000.0
22946,6999.77
22947,6510.47
22948,5190.91
22949,4728.48
22950,4664.2
22951,4399.05
22952,4069.12
22953,3396.45
22954,3380.57
22955,3500.65
22956,3708.05
22957,4010.71
22958,4071.67
22959,4400.69
22960,4500.0
22961,4249.41
22962,4100.52
22963,3700.99
22964,3999.11
22965,4700.58
22966,6000.67
22967,5987.62
22968,5999.99
22969,5522.7
22970,6500.95
22971,8499.66
22972,7507.13
22973,6500.02
22974,5685.03
22975,4901.21
22976,4311.01
22977,4012.33
22978,4344.32
22979,3913.81
22980,3896.08
22981,4909.45
22982,5000.74
22983,4500.57
22984,4499.43
22985,3009.08
22986,3009.06
22987,1899.9
22988,1899.87
22989,1999.02
22990,1999.11
22991,2670.9
22992,2751.83
22993,3500.46
22994,3680.91
22995,3310.29
22996,2900.18
22997,2499.21
22998,2499.85
22999,4499.57
23000,4771.96
23001,4804.28
23002,5475.83
23003,4909.53
23004,4804.84
23005,4393.78
23006,4000.83
23007,4393.78
23008,4393.36
23009,4496.28
23010,5000.51
23011,5335.39
23012,4804.21
23013,4899.17
23014,4700.11
23015,4500.35
23016,4400.93
23017,4539.95
23018,5093.66
23019,6000.69
23020,6510.55
23021,10000.0
23022,10000.0
23023,10000.0
23024,10000.0
23025,10000.0
23026,10000.0
23027,10000.0
23028,10000.0
23029,9999.04
23030,9856.78
23031,7499.75
23032,6999.64
23033,10000.0
23034,10000.0
23035,10000.0
23036,10000.0
23037,10000.0
23038,10000.0
23039,10000.0
23040,10000.0
23041,10000.0
23042,10000.0
23043,10000.0
23044,10000.0
23045,0.0
23046,6999.68
23047,7503.38
23048,6999.73
23049,6999.15
23050,6999.31
23051,6502.5
23052,6502.66
23053,5701.0
23054,5503.72
23055,5685.23
23056,5600.04
23057,4728.6
23058,5800.6
23059,5919.01
23060,6500.73
23061,6999.78
23062,7999.76
23063,10000.0
23064,10000.0
23065,10000.0
23066,10000.0
23067,10000.0
23068,10000.0
23069,10000.0
23070,10000.0
23071,6999.09
23072,5763.33
23073,5800.56
23074,6500.64
23075,6500.7
23076,6572.2
23077,6999.31
23078,6999.49
23079,8000.63
23080,7999.39
23081,6510.87
23082,6505.15
23083,6572.02
23084,6505.1
23085,6637.56
23086,6510.97
23087,6397.16
23088,5685.66
23089,5739.25
23090,5999.47
23091,6049.53
23092,6000.89
23093,5299.36
23094,5522.78
23095,5906.25
23096,6205.06
23097,6331.44
23098,6999.3
23099,8000.42
23100,8450.41
23101,10000.0
23102,10000.0
23103,10000.0
23104,10000.0
23105,10000.0
23106,10000.0
23107,10000.0
23108,10000.0
23109,10000.0
23110,10000.0
23111,10000.0
23112,10000.0
23113,10000.0
23114,10000.0
23115,10000.0
23116,10000.0
23117,10000.0
23118,10000.0
23119,10000.0
23120,10000.0
23121,10000.0
23122,10000.0
23123,10000.0
23124,10000.0
23125,10000.0
23126,10000.0
23127,10000.0
23128,10000.0
23129,10000.0
23130,10000.0
23131,10000.0
23132,10000.0
23133,10000.0
23134,10000.0
23135,10000.0
23136,10000.0
23137,10000.0
23138,10000.0
23139,10000.0
23140,10000.0
23141,10000.0
23142,10000.0
23143,10000.0
23144,10000.0
23145,10000.0
23146,10000.0
23147,10000.0
23148,10000.0
23149,10000.0
23150,10000.0
23151,10000.0
23152,10000.0
23153,10000.0
23154,10000.0
23155,10000.0
23156,10000.0
23157,10000.0
23158,10000.0
23159,10000.0
23160,10000.0
23161,10000.0
23162,10000.0
23163,10000.0
23164,10000.0
23165,10000.0
23166,10000.0
23167,10000.0
23168,10000.0
23169,10000.0
23170,10000.0
23171,10000.0
23172,10000.0
23173,10000.0
23174,10000.0
23175,10000.0
23176,10000.0
23177,10000.0
23178,10000.0
23179,10000.0
23180,10000.0
23181,10000.0
23182,10000.0
23183,10000.0
23184,10000.0
23185,10000.0
23186,10000.0
23187,10000.0
23188,10000.0
23189,10000.0
23190,10000.0
23191,10000.0
23192,10000.0
23193,10000.0
23194,10000.0
23195,10000.0
23196,10000.0
23197,10000.0
23198,10000.0
23199,10000.0
23200,10000.0
23201,10000.0
23202,10000.0
23203,10000.0
23204,10000.0
23205,10000.0
23206,10000.0
23207,10000.0
23208,10000.0
23209,10000.0
23210,10000.0
23211,10000.0
23212,10000.0
23213,10000.0
23214,10000.0
23215,10000.0
23216,10000.0
23217,10000.0
23218,10000.0
23219,10000.0
23220,10000.0
23221,10000.0
23222,10000.0
23223,10000.0
23224,10000.0
23225,10000.0
23226,10000.0
23227,10000.0
23228,10000.0
23229,10000.0
23230,10000.0
23231,10000.0
23232,10000.0
23233,10000.0
23234,10000.0
23235,10000.0
23236,10000.0
23237,10000.0
23238,10000.0
23239,10000.0
23240,10000.0
23241,10000.0
23242,10000.0
23243,10000.0
23244,10000.0
23245,10000.0
23246,10000.0
23247,10000.0
23248,10000.0
23249,10000.0
23250,10000.0
23251,10000.0
23252,10000.0
23253,10000.0
23254,10000.0
23255,10000.0
23256,10000.0
23257,10000.0
23258,10000.0
23259,10000.0
23260,10000.0
23261,10000.0
23262,10000.0
23263,10000.0
23264,10000.0
23265,10000.0
23266,10000.0
23267,10000.0
23268,10000.0
23269,10000.0
23270,10000.0
23271,10000.0
23272,10000.0
23273,10000.0
23274,10000.0
23275,10000.0
23276,10000.0
23277,10000.0
23278,10000.0
23279,10000.0
23280,10000.0
23281,10000.0
23282,10000.0
23283,10000.0
23284,10000.0
23285,10000.0
23286,10000.0
23287,10000.0
23288,10000.0
23289,10000.0
23290,10000.0
23291,10000.0
23292,10000.0
23293,10000.0
23294,10000.0
23295,10000.0
23296,10000.0
23297,10000.0
23298,10000.0
23299,10000.0
23300,10000.0
23301,10000.0
23302,10000.0
23303,10000.0
23304,10000.0
23305,10000.0
23306,10000.0
23307,10000.0
23308,10000.0
23309,10000.0
23310,10000.0
23311,10000.0
23312,10000.0
23313,10000.0
23314,10000.0
23315,10000.0
23316,10000.0
23317,10000.0
23318,10000.0
23319,10000.0
23320,10000.0
23321,10000.0
23322,10000.0
23323,10000.0
23324,10000.0
23325,10000.0
23326,10000.0
23327,10000.0
23328,10000.0
769,10000.0
770,10000.0
771,10000.0
772,10000.0
773,10000.0
774,10000.0
775,10000.0
776,10000.0
777,10000.0
778,10000.0
779,10000.0
780,10000.0
781,10000.0
782,10000.0
783,10000.0
784,10000.0
785,10000.0
786,10000.0
787,10000.0
788,10000.0
789,10000.0
790,10000.0
791,10000.0
792,10000.0
793,10000.0
794,10000.0
795,10000.0
796,10000.0
797,10000.0
798,10000.0
799,10000.0
800,10000.0
801,10000.0
802,10000.0
803,10000.0
804,10000.0
805,10000.0
806,10000.0
807,10000.0
808,10000.0
809,10000.0
810,10000.0
811,10000.0
812,10000.0
813,10000.0
814,10000.0
815,10000.0
816,10000.0
817,10000.0
818,10000.0
819,10000.0
820,10000.0
821,10000.0
822,10000.0
823,10000.0
824,10000.0
825,10000.0
826,10000.0
827,10000.0
828,10000.0
829,10000.0
830,10000.0
831,10000.0
832,10000.0
833,10000.0
834,10000.0
835,10000.0
836,10000.0
837,10000.0
838,10000.0
839,10000.0
840,10000.0
841,10000.0
842,10000.0
843,10000.0
844,10000.0
845,10000.0
846,10000.0
847,10000.0
848,10000.0
849,10000.0
850,10000.0
851,10000.0
852,10000.0
853,10000.0
854,10000.0
855,10000.0
856,10000.0
857,10000.0
858,10000.0
859,10000.0
860,10000.0
861,10000.0
862,10000.0
863,10000.0
864,10000.0
3745,10000.0
3746,10000.0
3747,10000.0
3748,10000.0
3749,10000.0
3750,10000.0
3751,10000.0
3752,10000.0
3753,10000.0
3754,10000.0
3755,10000.0
3756,10000.0
3757,10000.0
3758,10000.0
3759,10000.0
3760,10000.0
3761,10000.0
3762,10000.0
3763,10000.0
3764,10000.0
3765,10000.0
3766,10000.0
3767,10000.0
3768,10000.0
3769,10000.0
3770,10000.0
3771,10000.0
3772,10000.0
3773,10000.0
3774,10000.0
3775,10000.0
3776,10000.0
3777,10000.0
3778,10000.0
3779,10000.0
3780,10000.0
3781,10000.0
3782,10000.0
3783,10000.0
3784,10000.0
3785,10000.0
3786,10000.0
3787,10000.0
3788,10000.0
3789,10000.0
3790,10000.0
3791,10000.0
3792,10000.0
3793,10000.0
3794,10000.0
3795,10000.0
3796,10000.0
3797,10000.0
3798,10000.0
3799,9999.02
3800,10000.0
3801,10000.0
3802,10000.0
3803,10000.0
3804,10000.0
3805,10000.0
3806,10000.0
3807,10000.0
3808,10000.0
3809,10000.0
3810,10000.0
3811,10000.0
3812,10000.0
3813,10000.0
3814,10000.0
3815,10000.0
3816,10000.0
3817,10000.0
3818,10000.0
3819,10000.0
3820,10000.0
3821,10000.0
3822,10000.0
3823,10000.0
3824,10000.0
3825,10000.0
3826,10000.0
3827,10000.0
3828,10000.0
3829,10000.0
3830,10000.0
3831,10000.0
3832,10000.0
3833,10000.0
3834,10000.0
3835,10000.0
3836,10000.0
3837,10000.0
3838,10000.0
3839,10000.0
3840,10000.0
6433,10000.0
6434,10000.0
6435,10000.0
6436,10000.0
6437,10000.0
6438,10000.0
6439,10000.0
6440,10000.0
6441,10000.0
6442,10000.0
6443,10000.0
6444,10000.0
6445,10000.0
6446,10000.0
6447,10000.0
6448,10000.0
6449,10000.0
6450,10000.0
6451,10000.0
6452,10000.0
6453,10000.0
6454,10000.0
6455,10000.0
6456,10000.0
6457,10000.0
6458,10000.0
6459,10000.0
6460,10000.0
6461,10000.0
6462,10000.0
6463,10000.0
6464,10000.0
6465,6181.77
6466,5545.34
6467,5987.09
6468,6220.28
6469,5000.1
6470,4856.63
6471,4142.77
6472,3100.63
6473,4000.17
6474,4049.52
6475,4237.83
6476,4142.42
6477,4500.85
6478,4504.53
6479,3000.63
6480,2783.07
6481,1999.06
6482,1999.46
6483,2900.89
6484,3020.79
6485,3501.75
6486,4000.29
6487,4500.85
6488,4650.54
6489,4508.68
6490,5498.55
6491,6211.66
6492,6500.48
6493,5359.99
6494,5791.85
6495,4150.43
6496,4276.4
6497,3600.03
6498,3340.15
6499,4911.6
6500,5728.85
6501,6000.53
6502,6500.01
6503,5700.34
6504,5929.22
6505,5000.86
6506,5440.26
6507,5000.26
6508,6200.88
6509,10000.0
6510,10000.0
6511,10000.0
6512,10000.0
6513,10000.0
6514,10000.0
6515,10000.0
6516,10000.0
6517,10000.0
6518,10000.0
6519,10000.0
6520,10000.0
6521,10000.0
6522,10000.0
6523,10000.0
6524,10000.0
6525,10000.0
6526,10000.0
6527,10000.0
6528,10000.0
9409,10000.0
9410,10000.0
9411,7999.57
9412,7999.47
9413,5685.56
9414,5685.67
9415,4500.71
9416,4500.82
9417,4856.14
9418,5150.0
9419,4500.75
9420,4500.34
9421,4500.33
9422,4500.26
9423,3900.61
9424,3900.61
9425,2993.48
9426,2995.59
9427,3587.0
9428,3979.21
9429,3635.5
9430,4500.71
9431,5500.95
9432,6006.0
9433,5500.77
9434,6153.0
9435,6510.43
9436,7000.23
9437,6500.26
9438,6200.53
9439,5500.32
9440,4911.49
9441,3999.02
9442,3993.23
9443,4327.82
9444,4327.69
9445,3424.21
9446,3530.06
9447,3955.33
9448,3530.93
9449,2730.24
9450,2592.12
9451,2760.88
9452,3109.78
9453,4261.8
9454,4359.28
9455,0.0
9456,0.0
9457,4500.42
9458,4500.01
9459,4250.3
9460,4049.66
9461,4474.0
9462,4500.0
9463,4500.74
9464,4595.27
9465,5768.92
9466,6000.25
9467,6200.83
9468,6000.66
9469,5649.77
9470,6000.75
9471,6500.1
9472,6311.28
9473,3675.42
9474,3675.69
9475,6000.16
9476,5700.75
9477,3675.92
9478,4025.33
9479,5500.68
9480,6500.02
9481,5612.59
9482,7000.93
9483,8000.47
9484,8790.79
9485,10000.0
9486,10000.0
9487,10000.0
9488,10000.0
9489,10000.0
9490,10000.0
9491,10000.0
9492,10000.0
9493,10000.0
9494,10000.0
9495,10000.0
9496,10000.0
9497,10000.0
9498,10000.0
9499,10000.0
9500,10000.0
9501,10000.0
9502,10000.0
9503,10000.0
9504,10000.0
12289,10000.0
12290,10000.0
12291,10000.0
12292,10000.0
12293,6500.4
12294,6185.81
12295,5500.67
12296,5500.81
12297,4911.96
12298,5500.49
12299,5500.37
12300,4970.74
12301,5500.18
12302,5000.12
12303,4237.79
12304,4237.58
12305,5500.73
12306,6000.83
12307,6520.0
12308,7000.37
12309,4237.92
12310,5500.65
12311,5987.31
12312,6000.9
12313,6500.0
12314,7000.25
12315,7500.9
12316,7500.69
12317,7000.39
12318,6999.51
12319,5929.93
12320,4550.46
12321,5800.63
12322,5929.2
12323,5500.39
12324,5000.72
12325,5500.36
12326,5470.8
12327,5700.79
12328,5700.69
12329,3690.81
12330,3100.42
12331,4500.4
12332,4856.43
12333,5000.79
12334,5600.3
12335,4600.53
12336,4500.67
12337,3707.13
12338,3707.34
12339,4000.25
12340,3999.97
12341,3800.41
12342,3999.13
12343,4826.0
12344,5537.3
12345,6000.44
12346,6200.73
12347,6500.67
12348,7000.01
12349,7500.42
12350,7500.51
12351,7500.83
12352,7500.94
12353,7500.48
12354,7500.71
12355,7500.11
12356,7500.07
12357,7000.3
12358,7200.79
12359,7500.25
12360,7500.72
12361,7500.68
12362,9020.43
12363,10000.0
12364,10000.0
12365,10000.0
12366,10000.0
12367,10000.0
12368,10000.0
12369,10000.0
12370,10000.0
12371,10000.0
12372,10000.0
12373,10000.0
12374,10000.0
12375,10000.0
12376,10000.0
12377,10000.0
12378,10000.0
12379,10000.0
12380,10000.0
12381,10000.0
12382,10000.0
12383,10000.0
12384,10000.0
15265,10000.0
15266,10000.0
15267,10000.0
15268,10000.0
15269,6500.85
15270,7000.64
15271,7000.6
15272,7000.3
15273,6500.97
15274,6000.2
15275,5929.24
15276,5929.59
15277,4499.84
15278,4500.78
15279,5384.92
15280,5384.41
15281,5600.3
15282,5470.85
15283,4500.62
15284,4500.95
15285,4034.22
15286,5000.28
15287,5600.6
15288,7000.0
15289,7500.14
15290,7500.35
15291,7500.2
15292,7500.08
15293,6000.65
15294,5586.91
15295,5539.21
15296,5084.01
15297,4927.42
15298,5001.07
15299,4600.75
15300,4599.93
15301,5453.11
15302,5389.91
15303,5268.05
15304,4761.37
15305,4600.26
15306,4329.17
15307,3999.7
15308,4200.79
15309,4500.64
15310,4500.28
15311,4327.48
15312,4372.76
15313,4250.97
15314,4200.92
15315,4000.76
15316,3600.42
15317,3061.49
15318,3074.71
15319,3999.38
15320,4949.43
15321,5000.6
15322,6500.03
15323,5000.57
15324,5000.61
15325,4500.08
15326,6000.03
15327,6500.97
15328,7000.46
15329,4609.4
15330,4500.2
15331,4327.93
15332,4327.11
15333,4911.4
15334,6500.77
15335,7000.51
15336,7500.16
15337,7500.7
15338,9020.08
15339,10000.0
15340,10000.0
15341,10000.0
15342,10000.0
15343,10000.0
15344,10000.0
15345,10000.0
15346,10000.0
15347,10000.0
15348,10000.0
15349,10000.0
15350,10000.0
15351,10000.0
15352,10000.0
15353,10000.0
15354,10000.0
15355,10000.0
15356,10000.0
15357,10000.0
15358,10000.0
15359,7999.63
15360,7500.18
18145,7000.18
18146,7000.1
18147,7000.42
18148,7000.57
18149,7000.11
18150,6000.91
18151,7000.13
18152,5686.0
18153,5000.79
18154,4915.92
18155,4237.99
18156,4500.06
18157,4372.93
18158,4500.37
18159,4631.69
18160,4500.68
18161,4500.67
18162,4600.7
18163,4040.9
18164,4200.13
18165,4040.81
18166,5470.43
18167,5600.31
18168,6888.0
18169,6799.23
18170,7000.1
18171,7000.64
18172,7000.88
18173,6999.91
18174,5759.29
18175,5000.16
18176,4436.29
18177,4237.68
18178,4237.66
18179,4650.16
18180,5268.78
18181,4974.3
18182,4631.5
18183,2999.15
18184,2916.88
18185,1820.52
18186,1820.27
18187,1820.82
18188,1820.86
18189,2511.14
18190,2751.47
18191,2900.19
18192,2600.86
18193,3250.79
18194,3250.84
18195,3600.28
18196,3600.15
18197,1820.89
18198,1820.88
18199,1699.99
18200,2769.71
18201,4420.19
18202,5500.05
18203,4720.45
18204,4720.89
18205,4720.46
18206,4499.21
18207,5537.79
18208,4010.38
18209,4250.97
18210,4112.27
18211,4200.47
18212,4600.42
18213,3410.55
18214,4008.79
18215,5236.72
18216,6057.6
18217,5600.08
18218,7500.24
18219,7500.34
18220,8499.79
18221,8000.74
18222,10000.0
18223,9894.1
18224,9895.25
18225,8000.62
18226,8000.69
18227,8000.62
18228,8000.77
18229,8000.05
18230,8000.22
18231,7199.9
18232,6999.16
18233,7500.5
18234,7500.73
18235,7499.37
18236,7199.1
18237,7000.5
18238,7000.53
18239,6351.43
18240,5839.43
21121,7000.9
21122,7000.9
21123,7500.03
21124,7500.08
21125,6047.52
21126,6047.48
21127,4802.09
21128,4772.6
21129,4608.78
21130,4939.49
21131,5000.52
21132,5000.63
21133,5131.6
21134,5161.54
21135,4939.85
21136,4846.29
21137,4150.87
21138,4237.45
21139,4237.69
21140,4237.49
21141,3339.01
21142,3776.74
21143,4046.38
21144,4100.03
21145,4348.0
21146,5000.14
21147,5440.65
21148,5000.9
21149,5000.48
21150,4910.37
21151,4499.15
21152,4150.69
21153,3896.24
21154,3395.65
21155,4000.09
21156,3896.36
21157,3200.72
21158,3675.26
21159,3061.13
21160,3000.44
21161,3000.08
21162,2800.31
21163,3000.71
21164,3000.93
21165,3250.62
21166,3250.53
21167,3000.98
21168,3000.99
21169,3000.07
21170,3000.1
21171,2751.75
21172,2847.35
21173,1999.71
21174,1999.32
21175,2358.19
21176,2528.01
21177,3000.27
21178,3000.67
21179,3000.56
21180,3000.79
21181,3000.75
21182,3200.78
21183,4192.94
21184,4337.83
21185,4313.79
21186,4500.6
21187,4313.46
21188,3834.17
21189,2781.64
21190,3359.88
21191,4500.39
21192,5476.0
21193,5495.35
21194,5880.28
21195,6000.48
21196,6200.2
21197,5759.71
21198,6000.83
21199,5500.49
21200,5327.46
21201,4942.54
21202,5050.61
21203,5587.92
21204,6000.63
21205,6000.08
21206,6507.86
21207,7324.0
21208,5612.75
21209,5200.65
21210,4939.03
21211,5939.83
21212,7500.7
21213,7500.02
21214,5939.2
21215,4360.64
21216,3999.94
24097,7000.83
24098,7000.93
24099,7500.32
24100,7500.82
24101,7000.76
24102,7000.78
24103,7000.24
24104,6500.81
24105,4372.45
24106,3900.63
24107,3900.2
24108,3585.76
24109,3800.59
24110,4000.29
24111,3000.2
24112,2781.49
24113,4192.37
24114,4372.76
24115,4192.93
24116,4372.0
24117,4150.29
24118,4192.84
24119,4150.77
24120,4012.64
24121,4600.95
24122,4964.0
24123,5600.74
24124,5001.37
24125,4939.01
24126,4939.72
24127,4716.67
24128,4192.05
24129,3500.77
24130,3500.3
24131,3700.51
24132,3579.52
24133,3050.6
24134,3250.88
24135,3000.13
24136,2951.0
24137,3000.6
24138,3200.59
24139,3000.67
24140,3001.0
24141,3000.29
24142,3000.38
24143,2739.66
24144,2751.87
24145,2357.76
24146,2357.88
24147,2730.23
24148,2719.13
24149,2544.21
24150,2719.45
24151,2719.7
24152,2719.38
24153,2743.19
24154,2935.11
24155,3450.9
24156,3800.2
24157,3400.38
24158,3400.63
24159,4150.67
24160,4500.17
24161,4313.11
24162,4320.42
24163,4046.92
24164,4100.48
24165,4400.89
24166,4525.87
24167,4939.74
24168,5327.62
24169,5224.49
24170,5327.33
24171,6000.71
24172,7500.22
24173,8500.17
24174,8500.36
24175,10000.0
24176,8500.83
24177,10000.0
24178,10000.0
24179,9424.0
24180,9006.57
24181,7000.36
24182,7000.69
24183,5499.22
24184,5224.38
24185,5597.01
24186,5702.75
24187,5600.12
24188,5600.88
24189,5839.43
24190,5839.54
24191,5131.76
24192,4642.94
26977,4500.24
26978,4071.5
26979,4100.55
26980,4100.96
26981,4642.67
26982,4642.9
26983,4500.67
26984,4250.45
26985,4008.37
26986,3899.66
26987,3950.72
26988,3700.35
26989,3040.49
26990,3000.93
26991,2900.27
26992,2735.45
26993,2820.94
26994,3354.35
26995,3395.74
26996,3600.15
26997,3010.92
26998,3689.8
26999,3700.08
27000,3747.75
27001,4012.45
27002,4500.85
27003,5000.25
27004,4846.91
27005,4200.05
27006,3999.65
27007,3511.87
27008,3000.63
27009,2800.8
27010,2952.6
27011,3000.28
27012,2761.82
27013,2719.71
27014,3000.11
27015,2735.81
27016,2894.43
27017,1799.13
27018,1500.88
27019,859.89
27020,859.93
27021,989.05
27022,989.85
27023,2306.1
27024,2482.61
27025,1450.93
27026,1500.55
27027,989.79
27028,989.96
27029,850.89
27030,850.94
27031,2000.74
27032,2000.0
27033,2302.01
27034,2357.13
27035,2357.21
27036,2557.71
27037,3200.95
27038,3400.92
27039,2760.34
27040,2760.86
27041,2357.49
27042,2357.75
27043,2357.8
27044,2357.28
27045,2357.86
27046,3250.7
27047,3450.25
27048,4300.52
27049,4450.85
27050,4500.93
27051,4600.36
27052,5500.19
27053,5200.58
27054,5201.13
27055,5049.01
27056,4525.23
27057,5131.22
27058,5201.95
27059,4680.98
27060,4900.88
27061,4425.47
27062,4425.07
27063,4192.04
27064,4075.18
27065,4100.46
27066,4950.55
27067,4637.68
27068,4500.23
27069,4075.66
27070,4075.51
27071,3718.04
27072,3501.87
29953,4300.26
29954,4690.04
29955,5500.14
29956,4966.0
29957,3510.1
29958,3288.35
29959,3395.56
29960,3395.45
29961,3395.33
29962,3395.58
29963,3141.18
29964,2999.12
29965,2600.6
29966,2500.15
29967,2546.2
29968,2719.18
29969,3395.78
29970,3979.27
29971,4106.73
29972,4106.61
29973,3510.24
29974,2743.21
29975,3221.81
29976,2850.91
29977,3650.66
29978,4939.37
29979,4450.87
29980,3519.74
29981,3899.41
29982,4313.37
29983,5000.72
29984,5000.5
29985,3400.77
29986,3045.7
29987,3045.19
29988,3009.91
29989,4174.15
29990,4313.55
29991,3511.44
29992,3045.37
29993,3045.26
29994,3045.09
29995,3204.7
29996,3204.95
29997,3100.99
29998,3045.22
29999,3045.14
30000,3018.12
30001,3029.64
30002,3045.37
30003,3045.91
30004,3045.77
30005,2500.51
30006,2500.9
30007,3029.39
30008,3395.33
30009,3680.05
30010,4174.13
30011,3712.71
30012,3240.76
30013,3712.23
30014,3410.21
30015,4313.5
30016,4499.51
30017,4500.95
30018,4873.03
30019,5600.47
30020,5600.36
30021,4500.89
30022,4939.48
30023,5600.22
30024,6002.45
30025,7004.82
30026,7500.48
30027,10000.0
30028,10000.0
30029,10000.0
30030,10000.0
30031,10000.0
30032,10000.0
30033,10000.0
30034,10000.0
30035,10000.0
30036,10000.0
30037,8500.78
30038,8500.57
30039,6000.77
30040,5464.87
30041,6000.75
30042,8500.02
30043,7520.88
30044,7520.88
30045,7999.78
30046,7500.88
30047,7999.57
30048,5587.96
32833,8500.27
32834,8500.33
32835,6000.67
32836,4364.87
32837,4300.71
32838,4391.44
32839,4050.94
32840,3700.11
32841,4119.0
32842,4499.09
32843,4939.7
32844,4500.31
32845,3510.92
32846,3510.08
32847,3176.29
32848,3038.97
32849,3700.75
32850,4939.23
32851,4999.5
32852,4939.19
32853,5587.94
32854,6000.62
32855,4999.42
32856,5239.66
32857,6000.58
32858,7499.22
32859,8500.13
32860,8500.36
32861,7499.82
32862,7000.01
32863,6811.91
32864,5197.6
32865,3999.69
32866,4181.35
32867,3650.04
32868,3546.95
32869,4058.57
32870,3750.21
32871,3718.79
32872,3718.22
32873,4469.84
32874,3650.13
32875,3600.02
32876,3364.66
32877,3699.92
32878,4050.88
32879,3821.71
32880,4150.83
32881,3650.35
32882,3651.44
32883,3358.31
32884,3262.93
32885,2357.49
32886,2357.89
32887,3557.18
32888,3609.06
32889,3557.06
32890,3800.62
32891,5500.61
32892,5550.43
32893,4999.51
32894,4118.02
32895,5000.88
32896,5475.56
32897,3821.05
32898,3821.25
32899,4091.89
32900,5000.64
32901,4550.4
32902,5475.49
32903,6057.95
32904,8500.1
32905,8500.45
32906,10000.0
32907,10000.0
32908,10000.0
32909,10000.0
32910,10000.0
32911,10000.0
32912,10000.0
32913,10000.0
32914,10000.0
32915,10000.0
32916,10000.0
32917,10000.0
32918,10000.0
32919,10000.0
32920,10000.0
32921,8500.86
32922,10000.0
32923,10000.0
32924,10000.0
32925,8500.83
32926,8500.72
32927,8500.49
32928,8500.18
24481,8500.4
24482,8500.49
24483,8500.25
24484,8500.02
24485,5464.3
24486,5464.01
24487,4500.47
24488,3719.0
24489,3651.19
24490,3844.76
24491,3999.89
24492,4010.17
24493,3510.93
24494,3510.16
24495,3702.77
24496,3510.65
24497,3020.9
24498,3538.0
24499,5200.39
24500,5200.97
24501,6836.61
24502,6870.07
24503,10000.0
24504,8850.87
24505,8500.68
24506,10000.0
24507,10000.0
24508,10000.0
24509,10000.0
24510,8500.49
24511,7499.05
24512,5999.29
24513,5111.83
24514,5096.29
24515,4425.49
24516,3821.63
24517,4004.49
24518,4300.76
24519,4000.3
24520,3650.31
24521,3362.0
24522,3340.82
24523,3750.69
24524,4000.19
24525,4091.28
24526,4000.02
24527,3956.49
24528,3833.0
24529,3250.09
24530,3369.69
24531,3898.6
24532,3869.87
24533,3467.12
24534,3982.72
24535,3896.36
24536,3712.37
24537,4391.78
24538,5600.55
24539,6057.74
24540,6500.51
24541,5919.25
24542,4400.33
24543,5108.89
24544,4910.56
24545,4927.46
24546,5919.89
24547,6499.75
24548,6500.49
24549,6499.16
24550,7000.05
24551,8499.9
24552,8500.41
24553,8500.7
24554,10000.0
24555,10000.0
24556,10000.0
24557,10000.0
24558,10000.0
24559,10000.0
24560,10000.0
24561,10000.0
24562,10000.0
24563,10000.0
24564,10000.0
24565,10000.0
24566,10000.0
24567,10000.0
24568,10000.0
24569,10000.0
24570,10000.0
24571,10000.0
24572,10000.0
24573,10000.0
24574,10000.0
24575,10000.0
24576,10000.0
24577,10000.0
24578,10000.0
24579,10000.0
24580,10000.0
24581,10000.0
24582,10000.0
24583,10000.0
24584,10000.0
24585,7000.17
24586,7499.47
24587,8500.38
24588,8500.51
24589,8500.09
24590,8500.26
24591,7499.14
24592,7499.85
24593,6489.55
24594,7499.19
24595,8500.14
24596,8500.32
24597,8500.08
24598,8500.23
24599,8500.73
24600,8500.89
24601,10000.0
24602,10000.0
24603,10000.0
24604,10000.0
24605,10000.0
24606,10000.0
24607,10000.0
24608,8500.21
24609,5989.79
24610,3800.18
24611,4421.79
24612,4999.92
24613,6057.71
24614,6057.17
24615,5085.48
24616,4410.52
24617,5453.86
24618,4928.82
24619,4118.67
24620,4118.74
24621,4313.92
24622,4499.44
24623,4939.53
24624,4900.39
24625,4313.39
24626,3719.76
24627,4500.31
24628,4500.55
24629,4116.68
24630,4112.61
24631,5600.39
24632,5909.83
24633,5839.95
24634,5989.59
24635,6836.44
24636,7499.95
24637,7000.68
24638,7499.87
24639,6836.28
24640,7500.02
24641,5500.86
24642,6499.08
24643,7000.42
24644,7500.18
24645,8000.28
24646,9000.42
24647,9000.94
24648,10000.0
24649,10000.0
24650,10000.0
24651,10000.0
24652,10000.0
24653,10000.0
24654,10000.0
24655,10000.0
24656,10000.0
24657,10000.0
24658,10000.0
24659,10000.0
24660,10000.0
24661,10000.0
24662,10000.0
24663,10000.0
24664,10000.0
24665,10000.0
24666,10000.0
24667,10000.0
24668,10000.0
24669,10000.0
24670,10000.0
24671,10000.0
24672,10000.0
24673,10000.0
24674,10000.0
24675,10000.0
24676,10000.0
24677,10000.0
24678,10000.0
24679,10000.0
24680,10000.0
24681,9999.12
24682,9499.11
24683,8500.27
24684,7499.72
24685,7499.81
24686,7499.05
24687,6500.83
24688,6800.64
24689,6499.52
24690,6500.35
24691,6503.65
24692,6503.94
24693,7000.28
24694,8500.13
24695,7499.49
24696,8500.13
24697,6000.51
24698,8500.02
24699,8500.66
24700,8500.57
24701,8500.38
24702,8500.24
24703,5111.83
24704,4800.46
24705,3896.72
24706,3896.84
24707,3394.36
24708,3510.98
24709,3100.05
24710,3395.51
24711,3546.46
24712,4106.17
24713,3800.53
24714,3649.41
24715,4939.49
24716,5000.29
24717,4999.77
24718,4999.59
24719,3511.73
24720,3300.79
24721,3157.9
24722,3364.12
24723,3250.51
24724,3250.73
24725,3115.61
24726,3250.62
24727,3045.4
24728,3109.36
24729,3477.65
24730,3790.69
24731,3370.96
24732,3803.39
24733,3800.4
24734,3650.22
24735,3500.94
24736,3500.43
24737,4200.26
24738,5161.3
24739,5495.33
24740,5587.72
24741,3999.38
24742,4100.53
24743,3999.23
24744,4600.87
24745,5008.19
24746,6008.02
24747,6008.41
24748,6499.28
24749,10000.0
24750,10000.0
24751,10000.0
24752,10000.0
24753,10000.0
24754,10000.0
24755,10000.0
24756,10000.0
24757,10000.0
24758,10000.0
24759,7008.21
24760,6508.51
24761,7008.85
24762,7499.03
24763,7008.48
24764,7008.09
24765,5999.56
24766,5600.82
24767,4999.14
24768,4976.74
24769,3750.42
24770,3750.87
24771,3700.47
24772,4250.51
24773,4250.63
24774,4500.62
24775,4391.79
24776,3790.84
24777,3672.9
24778,3672.77
24779,3150.54
24780,3020.91
24781,3020.13
24782,3020.74
24783,4000.57
24784,4174.9
24785,3407.36
24786,3020.35
24787,3407.83
24788,4100.1
24789,3400.97
24790,4174.04
24791,4100.1
24792,3802.63
24793,3510.27
24794,4200.05
24795,4500.44
24796,5839.45
24797,3828.9
24798,3700.04
24799,3001.0
24800,1909.85
24801,2920.25
24802,3752.19
24803,3650.63
24804,3431.1
24805,3431.34
24806,3656.0
24807,3128.89
24808,3115.21
24809,3010.8
24810,3054.7
24811,3419.65
24812,3109.71
24813,3450.29
24814,3469.8
24815,2900.77
24816,2900.36
24817,3100.1
24818,3471.69
24819,3600.75
24820,3537.67
24821,2357.74
24822,2400.5
24823,2076.38
24824,2000.78
24825,2600.05
24826,3050.87
24827,3468.64
24828,3510.73
24829,4500.16
24830,4873.42
24831,3712.8
24832,3496.04
24833,3359.69
24834,3414.6
24835,3261.87
24836,3341.46
24837,3054.97
24838,3500.2
24839,3501.77
24840,3899.23
24841,4400.34
24842,5236.61
24843,5495.53
24844,5500.57
24845,6500.71
24846,6000.8
24847,6999.02
24848,6499.95
24849,5300.48
24850,5246.86
24851,4500.29
24852,4500.97
24853,4450.65
24854,4500.47
24855,4500.53
24856,4286.16
24857,4250.75
24858,4500.82
24859,4939.27
24860,4700.76
24861,4500.13
24862,4313.13
24863,4192.72
24864,4100.66
24865,4150.75
24866,4010.04
24867,6499.55
24868,6500.19
24869,4200.36
24870,4106.48
24871,4010.88
24872,3900.22
24873,4010.19
24874,3800.09
24875,4313.75
24876,4106.01
24877,4499.9
24878,4460.98
24879,4500.79
24880,4313.71
24881,3600.68
24882,3700.24
24883,4192.38
24884,4500.25
24885,3512.72
24886,4273.37
24887,4091.13
24888,4091.95
24889,3020.05
24890,3217.8
24891,4939.6
24892,4793.36
24893,3000.58
24894,2073.68
24895,1899.28
24896,1727.12
24897,1548.16
24898,1808.64
24899,3050.18
24900,3200.86
24901,3000.7
24902,2500.86
24903,1540.85
24904,1299.77
24905,999.69
24906,1099.25
24907,899.47
24908,899.29
24909,799.25
24910,799.46
24911,749.25
24912,749.31
24913,599.19
24914,599.08
24915,499.85
24916,599.05
24917,499.31
24918,499.29
24919,499.61
24920,499.81
24921,499.2
24922,499.06
24923,499.09
24924,499.37
24925,1321.5
24926,2100.04
24927,2579.0
24928,2699.92
24929,1673.08
24930,1689.85
24931,1594.11
24932,2000.5
24933,1500.9
24934,1500.98
24935,2431.69
24936,2719.81
24937,2244.33
24938,2781.88
24939,4050.37
24940,4592.02
24941,4300.72
24942,4192.95
24943,2359.58
24944,1999.73
24945,1736.4
24946,2739.67
24947,4106.1
24948,4750.6
24949,4150.18
24950,3999.69
24951,4500.49
24952,3869.4
24953,3869.79
24954,3999.68
24955,3500.03
24956,3501.78
24957,4000.14
24958,3800.72
24959,3600.29
24960,3260.08
24961,4500.43
24962,4192.32
24963,4334.0
24964,3530.85
24965,3750.14
24966,4010.21
24967,4500.81
24968,4500.45
24969,2999.91
24970,2400.54
24971,1999.61
24972,1999.63
24973,3499.0
24974,3503.3
24975,2700.77
24976,2800.89
24977,2430.49
24978,2499.78
24979,3000.39
24980,3516.03
24981,2763.35
24982,3028.0
24983,3209.0
24984,3400.95
24985,2743.41
24986,3148.86
24987,3624.11
24988,3537.24
24989,3656.91
24990,3624.11
24991,2952.0
24992,2550.09
24993,1816.96
24994,1878.2
24995,3656.38
24996,4106.81
24997,3414.7
24998,3395.45
24999,2650.43
25000,1810.08
25001,1570.69
25002,1500.54
25003,2801.35
25004,3200.48
25005,3590.41
25006,3200.39
25007,2552.14
25008,2360.93
25009,1499.44
25010,1299.97
25011,1199.77
25012,1500.61
25013,1499.13
25014,2206.67
25015,2831.31
25016,3395.59
25017,3302.42
25018,3359.71
25019,1821.53
25020,2503.46
25021,2579.66
25022,3100.12
25023,4174.66
25024,4500.41
25025,3268.28
25026,3400.33
25027,3450.89
25028,3414.32
25029,3550.79
25030,4015.09
25031,3395.99
25032,3712.89
25033,3228.18
25034,4600.28
25035,4300.14
25036,4750.52
25037,6000.33
25038,6000.17
25039,6008.03
25040,5512.01
25041,5096.66
25042,5005.89
25043,5006.86
25044,5236.48
25045,5179.79
25046,5007.1
25047,4466.13
25048,3500.21
25049,3424.22
25050,4000.03
25051,4500.87
25052,4600.35
25053,5175.86
25054,5236.26
25055,4999.27
25056,4350.76
25057,3252.97
25058,3042.32
25059,3790.22
25060,4300.43
25061,4592.14
25062,4500.18
25063,3209.14
25064,2751.24
25065,3149.56
25066,3030.77
25067,3800.58
25068,3999.23
25069,2735.73
25070,2725.6
25071,2751.29
25072,2640.3
25073,3400.13
25074,3600.18
25075,2899.5
25076,3000.09
25077,2900.45
25078,3799.58
25079,3359.17
25080,3500.18
25081,3608.6
25082,4335.93
25083,4500.67
25084,4910.61
25085,3529.25
25086,3329.01
25087,3054.92
25088,3047.22
25089,2850.17
25090,3000.09
25091,3395.36
25092,3540.77
25093,3500.42
25094,3489.27
25095,2739.05
25096,3001.28
25097,3431.09
25098,3498.02
25099,3600.91
25100,3420.55
25101,4192.52
25102,4069.56
25103,3109.01
25104,2781.46
25105,2781.05
25106,3200.74
25107,4430.34
25108,4335.94
25109,2500.57
25110,2500.7
25111,3450.36
25112,3700.69
25113,3800.23
25114,3869.06
25115,3200.46
25116,3420.46
25117,4592.88
25118,4939.28
25119,4106.61
25120,4069.38
25121,3710.71
25122,4010.97
25123,5475.7
25124,5939.35
25125,4750.12
25126,3896.7
25127,4999.38
25128,5162.35
25129,4425.36
25130,5200.66
25131,5500.74
25132,6836.23
25133,10000.0
25134,10000.0
25135,10000.0
25136,10000.0
25137,10000.0
25138,10000.0
25139,10000.0
25140,10000.0
25141,10000.0
25142,10000.0
25143,7999.56
25144,6499.99
25145,8499.97
25146,10000.0
25147,10000.0
25148,10000.0
25149,8499.32
25150,7999.81
25151,6499.44
25152,5919.19
25153,6008.53
25154,5499.6
25155,4700.97
25156,3710.27
25157,3700.25
25158,3600.52
25159,3722.0
25160,3800.08
25161,4250.47
25162,4050.82
25163,3800.57
25164,3800.07
25165,3262.1
25166,3600.89
25167,3651.32
25168,3672.49
25169,3163.28
25170,3680.77
25171,3441.0
25172,3510.66
25173,3700.74
25174,4939.67
25175,4942.26
25176,5046.26
25177,5597.69
25178,5939.61
25179,6000.21
25180,6100.6
25181,5327.38
25182,4939.63
25183,4416.73
25184,3827.79
25185,3510.58
25186,3624.61
25187,4000.86
25188,4106.12
25189,4192.48
25190,4192.79
25191,3850.93
25192,3823.58
25193,3651.78
25194,3479.64
25195,3500.49
25196,4150.81
25197,4273.39
25198,4313.71
25199,4000.25
25200,3748.64
25201,4334.31
25202,4200.72
25203,4150.26
25204,3800.56
25205,2899.16
25206,3227.8
25207,4069.31
25208,4582.0
25209,4334.99
25210,4691.97
25211,4273.42
25212,4508.29
25213,4508.8
25214,4475.11
25215,4150.83
25216,4192.75
25217,4642.41
25218,5327.9
25219,5939.42
25220,5939.61
25221,5499.4
25222,5587.01
25223,6000.47
25224,7000.0
25225,6836.56
25226,7507.92
25227,10000.0
25228,10000.0
25229,10000.0
25230,10000.0
25231,10000.0
25232,10000.0
25233,10000.0
25234,10000.0
25235,10000.0
25236,10000.0
25237,10000.0
25238,10000.0
25239,10000.0
25240,10000.0
25241,10000.0
25242,10000.0
25243,10000.0
25244,9999.89
25245,9999.78
25246,9999.17
25247,9999.67
25248,9999.44
25249,7499.71
25250,7499.19
25251,6499.01
25252,5499.59
25253,4501.24
25254,4492.0
25255,4939.5
25256,4334.95
25257,4150.28
25258,4159.0
25259,4324.5
25260,4063.5
25261,3424.06
25262,3424.44
25263,3505.08
25264,3392.9
25265,3193.0
25266,3020.92
25267,3700.2
25268,4939.28
25269,4011.81
25270,5046.18
25271,5539.1
25272,5539.34
25273,5587.88
25274,6487.58
25275,6508.72
25276,6999.05
25277,5287.46
25278,4942.02
25279,5001.02
25280,4170.69
25281,3020.47
25282,3028.62
25283,3476.31
25284,3450.72
25285,4999.24
25286,5000.52
25287,4592.31
25288,4313.1
25289,3501.13
25290,3510.49
25291,3642.6
25292,3649.18
25293,3800.11
25294,4069.83
25295,3590.08
25296,3760.17
25297,3359.81
25298,3511.28
25299,4015.43
25300,3869.05
25301,3359.6
25302,3400.1
25303,4334.41
25304,4700.04
25305,4150.04
25306,4273.03
25307,4140.1
25308,4273.19
25309,4140.6
25310,4140.31
25311,4313.59
25312,3830.73
25313,3510.94
25314,3748.25
25315,4500.49
25316,4508.43
25317,4400.52
25318,5379.23
25319,5516.99
25320,5803.85
25321,5684.82
25322,6779.24
25323,10000.0
25324,10000.0
25325,10000.0
25326,10000.0
25327,10000.0
25328,10000.0
25329,10000.0
25330,10000.0
25331,10000.0
25332,8499.34
25333,7000.3
25334,6765.38
25335,5539.39
25336,5539.51
25337,5922.22
25338,7500.16
25339,7000.29
25340,6000.37
25341,5539.82
25342,5099.2
25343,4641.29
25344,4140.35
25345,4334.15
25346,3950.29
25347,6999.84
25348,6999.13
25349,4140.35
25350,4000.46
25351,3672.77
25352,3400.38
25353,3491.22
25354,3512.94
25355,3020.11
25356,2900.92
25357,3511.4
25358,4150.75
25359,4174.62
25360,4192.91
25361,3510.32
25362,3020.56
25363,3020.41
25364,2737.92
25365,2734.71
25366,2800.91
25367,3300.41
25368,3489.32
25369,4050.24
25370,4313.93
25371,5000.31
25372,5000.66
25373,4174.89
25374,3866.65
25375,4106.0
25376,3359.55
25377,3250.44
25378,2920.76
25379,3510.1
25380,3510.03
25381,4000.45
25382,3830.96
25383,4000.16
25384,3510.51
25385,3165.0
25386,3020.84
25387,3001.31
25388,3012.14
25389,2734.66
25390,2831.12
25391,2790.69
25392,2790.3
25393,3020.78
25394,3020.45
25395,2719.38
25396,2398.26
25397,2005.81
25398,2557.29
25399,3500.47
25400,3502.58
25401,3830.51
25402,3830.15
25403,3511.86
25404,3510.8
25405,3510.2
25406,3510.5
25407,3590.28
25408,3830.64
25409,3590.71
25410,3800.95
25411,4360.74
25412,4475.33
25413,4174.85
25414,4140.59
25415,5684.22
25416,7000.55
25417,5500.39
25418,8499.06
25419,10000.0
25420,10000.0
25421,10000.0
25422,10000.0
25423,10000.0
25424,10000.0
25425,10000.0
25426,10000.0
25427,8499.72
25428,9999.47
25429,7999.85
25430,8499.02
25431,6500.14
25432,4999.33
25433,5702.06
25434,6000.99
25435,5179.52
25436,4680.12
25437,4802.47
25438,4500.86
25439,3900.9
25440,3501.84
25441,4334.01
25442,4334.95
25443,5750.64
25444,5750.13
25445,3700.85
25446,3511.39
25447,3649.93
25448,3511.01
25449,4486.1
25450,4500.05
25451,3750.11
25452,3511.91
25453,3510.43
25454,3451.0
25455,3266.06
25456,3020.82
25457,3050.81
25458,3491.69
25459,3332.01
25460,3510.73
25461,3226.51
25462,3510.91
25463,5500.35
25464,5597.59
25465,4939.88
25466,5327.5
25467,5839.32
25468,6000.42
25469,5239.32
25470,3590.91
25471,3666.08
25472,4106.65
25473,1999.36
25474,2505.76
25475,1112.08
25476,1972.45
25477,3200.32
25478,3395.88
25479,2049.21
25480,2049.28
25481,2743.02
25482,2850.39
25483,2730.75
25484,2743.48
25485,2719.04
25486,2600.21
25487,1931.14
25488,1873.26
25489,2615.65
25490,3420.97
25491,3650.45
25492,3419.23
25493,1834.73
25494,1673.71
25495,1912.59
25496,2620.12
25497,3511.71
25498,3624.49
25499,3000.6
25500,3359.39
25501,3000.22
25502,3205.95
25503,4313.56
25504,4500.73
25505,3869.52
25506,4106.72
25507,4313.72
25508,4200.47
25509,4200.16
25510,4200.56
25511,4380.57
25512,4680.33
25513,4610.54
25514,6000.15
25515,6836.3
25516,6970.62
25517,9999.84
25518,10000.0
25519,9999.73
25520,9999.4
25521,5200.52
25522,4999.39
25523,3969.93
25524,4163.0
25525,4999.08
25526,4956.43
25527,4480.52
25528,4170.88
25529,3266.02
25530,3277.16
25531,4600.92
25532,4700.21
25533,4846.32
25534,4939.87
25535,4200.56
25536,3959.73
25537,3277.33
25538,3163.99
25539,6000.3
25540,6000.58
25541,4164.96
25542,4164.93
25543,4192.95
25544,3750.86
25545,3500.81
25546,3262.95
25547,3442.0
25548,3680.11
25549,3250.09
25550,3148.83
25551,3250.25
25552,3148.64
25553,3017.0
25554,3163.83
25555,4003.28
25556,4150.78
25557,3317.86
25558,4000.69
25559,4174.02
25560,4365.36
25561,4106.95
25562,4313.78
25563,4942.36
25564,5131.85
25565,4499.09
25566,3680.91
25567,3250.33
25568,3012.03
25569,2005.07
25570,2705.56
25571,3000.82
25572,3000.88
25573,3431.45
25574,2800.63
25575,3050.47
25576,3359.5
25577,2750.27
25578,2900.09
25579,2500.82
25580,1829.47
25581,1500.66
25582,1629.25
25583,1500.32
25584,1500.49
25585,1000.37
25586,1000.33
25587,849.39
25588,849.35
25589,500.15
25590,500.22
25591,499.42
25592,499.65
25593,989.51
25594,2297.07
25595,2803.85
25596,2808.03
25597,2719.78
25598,2579.21
25599,2615.28
25600,2579.8
25601,1609.93
25602,2095.58
25603,3015.47
25604,3656.03
25605,3359.16
25606,3439.01
25607,3266.85
25608,3395.66
25609,3319.94
25610,4015.43
25611,4400.96
25612,4174.32
25613,3519.67
25614,3519.15
25615,4250.97
25616,4201.0
25617,4100.78
25618,4200.58
25619,3900.28
25620,4000.05
25621,3262.06
25622,3250.59
25623,3017.57
25624,3000.85
25625,2430.83
25626,3359.18
25627,3500.47
25628,3501.68
25629,3439.3
25630,3400.15
25631,3093.04
25632,2850.97
25633,1500.31
25634,1499.36
25635,2200.49
25636,2500.57
25637,2500.75
25638,2640.11
25639,2550.81
25640,2300.92
25641,2719.62
25642,2730.9
25643,2719.87
25644,2729.14
25645,2700.08
25646,2600.13
25647,2400.61
25648,2400.23
25649,1780.35
25650,2192.5
25651,2400.66
25652,2550.15
25653,2900.21
25654,3399.53
25655,3359.02
25656,3250.65
25657,4000.78
25658,4100.3
25659,3780.94
25660,4000.86
25661,4400.66
25662,4000.32
25663,3250.71
25664,2202.8
25665,1826.35
25666,1499.94
25667,3250.85
25668,3399.81
25669,3020.78
25670,3250.48
25671,2609.8
25672,2609.12
25673,1999.79
25674,1999.7
25675,2800.69
25676,3395.64
25677,3395.55
25678,3300.87
25679,3359.24
25680,2781.7
25681,2049.4
25682,2204.6
25683,2000.44
25684,2000.52
25685,1573.43
25686,1594.39
25687,3360.0
25688,3624.93
25689,3656.87
25690,3656.87
25691,3656.28
25692,3800.93
25693,3700.04
25694,3869.37
25695,3842.29
25696,3969.95
25697,3624.65
25698,3680.55
25699,3710.07
25700,3680.59
25701,3600.26
25702,3624.83
25703,3801.72
25704,4500.9
25705,6499.49
25706,9999.96
25707,6499.93
25708,6508.09
25709,6508.5
25710,7008.24
25711,6508.29
25712,6006.88
25713,5440.83
25714,4790.26
25715,4750.22
25716,5223.25
25717,5099.87
25718,5250.39
25719,4910.88
25720,4300.28
25721,4500.54
25722,4790.82
25723,4702.12
25724,4700.71
25725,4500.45
25726,4400.3
25727,3770.39
25728,3749.11
25729,4504.8
25730,4873.78
25731,5500.58
25732,5500.5
25733,4939.89
25734,4922.0
25735,3651.72
25736,3651.3
25737,3499.28
25738,3680.01
25739,3801.0
25740,3800.5
25741,3496.44
25742,3277.41
25743,3652.0
25744,3651.6
25745,3349.12
25746,3399.05
25747,3800.28
25748,4106.63
25749,3238.31
25750,3800.15
25751,4873.07
25752,4702.81
25753,4750.04
25754,4939.28
25755,5453.11
25756,4942.77
25757,4620.0
25758,4500.4
25759,3656.84
25760,3206.76
25761,3549.86
25762,3599.45
25763,3251.54
25764,3020.63
25765,2838.07
25766,2780.15
25767,3395.38
25768,3399.93
25769,3001.59
25770,3020.28
25771,3399.96
25772,3300.47
25773,3510.13
25774,3510.54
25775,3020.93
25776,3020.39
25777,3020.46
25778,3510.31
25779,2734.39
25780,2557.48
25781,1999.43
25782,2734.88
25783,3510.37
25784,3680.48
25785,4156.96
25786,4472.4
25787,3869.12
25788,3884.0
25789,3710.07
25790,3689.86
25791,4135.0
25792,4400.21
25793,4500.14
25794,3630.06
25795,4500.82
25796,4719.98
25797,4750.98
25798,5373.27
25799,6244.32
25800,7000.13
25801,6999.63
25802,10000.0
25803,10000.0
25804,10000.0
25805,10000.0
25806,10000.0
25807,10000.0
25808,10000.0
25809,10000.0
25810,10000.0
25811,7499.92
25812,7502.79
25813,6999.09
25814,6799.88
25815,6836.44
25816,6000.66
25817,8003.0
25818,8001.26
25819,5300.09
25820,4950.57
25821,6500.52
25822,6000.3
25823,5549.51
25824,5373.02
25825,7000.08
25826,6999.95
25827,7000.58
25828,7000.41
25829,6499.24
25830,5817.38
25831,5110.63
25832,4400.89
25833,3496.62
25834,3651.46
25835,3496.17
25836,3750.57
25837,4500.01
25838,4500.5
25839,4372.75
25840,4500.82
25841,3496.56
25842,3424.01
25843,3800.07
25844,3900.96
25845,4865.81
25846,5696.89
25847,5905.43
25848,6499.19
25849,6499.5
25850,8000.19
25851,8000.52
25852,7999.66
25853,6799.25
25854,5522.76
25855,4400.24
25856,3489.92
25857,3089.62
25858,3250.64
25859,3821.09
25860,4156.63
25861,4000.72
25862,3630.72
25863,3510.45
25864,3510.98
25865,3510.64
25866,3510.55
25867,3830.71
25868,4000.39
25869,3496.64
25870,3489.67
25871,3300.12
25872,3266.01
25873,3377.12
25874,3420.83
25875,3261.49
25876,3250.28
25877,2800.64
25878,2800.7
25879,3510.38
25880,3510.79
25881,3420.23
25882,3830.54
25883,5000.07
25884,5000.44
25885,4335.27
25886,4335.14
25887,5000.29
25888,4999.91
25889,4828.63
25890,5487.64
25891,5817.74
25892,6123.78
25893,5969.57
25894,7056.35
25895,10000.0
25896,10000.0
25897,10000.0
25898,10000.0
25899,10000.0
25900,10000.0
25901,10000.0
25902,10000.0
25903,10000.0
25904,10000.0
25905,10000.0
25906,10000.0
25907,10000.0
25908,10000.0
25909,10000.0
25910,10000.0
25911,10000.0
25912,10000.0
25913,10000.0
25914,10000.0
25915,10000.0
25916,10000.0
25917,10000.0
25918,10000.0
25919,10000.0
25920,8400.0
25921,10000.0
25922,10000.0
25923,10000.0
25924,8499.05
25925,6799.25
25926,6152.94
25927,5817.61
25928,5439.82
25929,5500.71
25930,5500.29
25931,6499.0
25932,6000.5
25933,5606.88
25934,5405.41
25935,5120.52
25936,4828.48
25937,4450.8
25938,4682.0
25939,4069.33
25940,4450.41
25941,5606.94
25942,6123.29
25943,6799.18
25944,6999.57
25945,6999.87
25946,8000.47
25947,9005.22
25948,9005.86
25949,6999.99
25950,6999.75
25951,5600.54
25952,4500.75
25953,4255.82
25954,4233.0
25955,3750.65
25956,3651.72
25957,4500.26
25958,4920.38
25959,4865.7
25960,4500.62
25961,3600.09
25962,3510.86
25963,3630.92
25964,4335.04
25965,4920.74
25966,5417.13
25967,5368.09
25968,4531.94
25969,3510.58
25970,3510.61
25971,3510.76
25972,3630.38
25973,3300.15
25974,3450.18
25975,4440.0
25976,4845.15
25977,5417.92
25978,5600.58
25979,5989.56
25980,6123.77
25981,5562.78
25982,6030.38
25983,5817.56
25984,5989.64
25985,4500.38
25986,5439.94
25987,5989.96
25988,6902.66
25989,6123.47
25990,6999.42
25991,7500.51
25992,8001.49
25993,8502.71
25994,10000.0
25995,10000.0
25996,10000.0
25997,10000.0
25998,10000.0
25999,10000.0
26000,10000.0
26001,10000.0
26002,10000.0
26003,6317.03
26004,5989.46
26005,7500.15
26006,7500.12
26007,6290.41
26008,5486.83
26009,6999.86
26010,7000.22
26011,8500.17
26012,8500.4
26013,10000.0
26014,10000.0
26015,7999.56
26016,6999.87
26017,8499.95
26018,8499.65
26019,8500.53
26020,8000.51
26021,7476.0
26022,6999.96
26023,5486.97
26024,5486.15
26025,7479.42
26026,6999.64
26027,6999.12
26028,6525.0
26029,6000.59
26030,4660.82
26031,4372.77
26032,4249.92
26033,5509.78
26034,5600.82
26035,5409.8
26036,5409.29
26037,4500.28
26038,4920.24
26039,5373.33
26040,6000.6
26041,4800.88
26042,6999.2
26043,6999.33
26044,6999.03
26045,5149.81
26046,4800.75
26047,4266.99
26048,4000.23
26049,3250.88
26050,3349.34
26051,3227.54
26052,3500.55
26053,4500.57
26054,4726.22
26055,4910.2
26056,5208.08
26057,4500.57
26058,4140.28
26059,4140.11
26060,3630.69
26061,3830.71
26062,4000.67
26063,4140.18
26064,4000.47
26065,3600.21
26066,3648.87
26067,3648.38
26068,3750.93
26069,3496.21
26070,3424.36
26071,3830.42
26072,3840.82
26073,4156.29
26074,5263.14
26075,4500.54
26076,4140.74
26077,4140.66
26078,4400.88
26079,4231.93
26080,4140.98
26081,3510.58
26082,3600.7
26083,4372.34
26084,5368.13
26085,4338.82
26086,4475.42
26087,5350.36
26088,5600.95
26089,5736.23
26090,7499.21
26091,10000.0
26092,10000.0
26093,10000.0
26094,10000.0
26095,10000.0
26096,9999.94
26097,6399.04
26098,5510.59
26099,6000.2
26100,6000.52
26101,6000.17
26102,5999.81
26103,6499.84
26104,5999.19
26105,6499.8
26106,7155.17
26107,7861.99
26108,6999.58
26109,8511.59
26110,8510.24
26111,7499.34
26112,6499.71
26113,10000.0
26114,10000.0
26115,10000.0
26116,9837.91
26117,6999.52
26118,7499.03
26119,6459.82
26120,6000.51
26121,6499.34
26122,6801.98
26123,6499.61
26124,6499.23
26125,5999.04
26126,5562.38
26127,5373.68
26128,5373.38
26129,4660.34
26130,4660.78
26131,4660.52
26132,4661.0
26133,3988.27
26134,4135.25
26135,4500.73
26136,4500.19
26137,4593.54
26138,5832.08
26139,6999.7
26140,6999.22
26141,6123.21
26142,5989.68
26143,3630.69
26144,3624.49
26145,2800.63
26146,2800.07
26147,2850.53
26148,2780.77
26149,4140.73
26150,4140.22
26151,3100.06
26152,3250.81
26153,3259.53
26154,3259.09
26155,3830.52
26156,3997.26
26157,3510.43
26158,3468.79
26159,3059.83
26160,3059.32
26161,3468.76
26162,3315.37
26163,3093.42
26164,3093.86
26165,3129.4
26166,3093.41
26167,3040.46
26168,3301.72
26169,3250.37
26170,3377.61
26171,3370.91
26172,3510.64
26173,3600.6
26174,3680.26
26175,3510.43
26176,3377.07
26177,3600.18
26178,3700.61
26179,3672.31
26180,3600.7
26181,4000.29
26182,4024.48
26183,5817.88
26184,6499.15
26185,4999.28
26186,5000.57
26187,5999.88
26188,6499.77
26189,7007.25
26190,7008.6
26191,6026.18
26192,5538.55
26193,4670.88
26194,5201.92
26195,4500.09
26196,4527.02
26197,4050.99
26198,4000.22
26199,3994.14
26200,3510.74
26201,4169.32
26202,4500.84
26203,4500.46
26204,4500.55
26205,4350.96
26206,4378.78
26207,4235.23
26208,3750.56
865,4290.01
866,4648.14
867,5500.39
868,5500.86
869,5142.02
870,4500.57
871,4378.74
872,4140.0
873,4999.01
874,4999.3
875,4500.32
876,4378.87
877,4500.95
878,4022.86
879,3797.56
880,3811.47
881,3999.23
882,4022.52
883,3929.44
884,3999.82
885,3999.61
886,4137.86
887,4378.59
888,4125.6
889,4224.41
890,4648.55
891,4705.97
892,4705.31
893,4000.84
894,4022.41
895,4000.89
896,3811.03
897,3227.42
898,3020.76
899,3000.86
900,3011.89
901,2500.5
902,2720.54
903,2500.59
904,2500.59
905,1799.85
906,1999.74
907,3020.51
908,3020.39
909,3300.05
910,3300.56
911,3129.34
912,2527.5
913,2000.16
914,2000.49
915,2486.74
916,2499.15
917,1999.35
918,2474.06
919,2474.32
920,2800.12
921,2474.46
922,2700.92
923,2679.88
924,3020.1
925,2681.25
926,2999.81
927,3510.02
928,3510.12
929,3020.8
930,3243.59
931,3400.34
932,3530.85
933,3510.93
934,3830.93
935,4730.65
936,4950.6
937,4511.22
938,4542.45
939,4140.23
940,4224.05
941,4140.36
942,3750.63
943,3424.84
944,3277.61
945,3017.24
946,3011.16
947,2999.87
948,3510.85
949,3830.62
950,3830.72
951,3811.24
952,3616.5
953,3496.07
954,3496.43
955,3830.09
956,3811.86
957,4039.07
958,4280.07
959,4083.63
960,3900.41
3841,4551.91
3842,4500.27
3843,5499.38
3844,4999.62
3845,3502.83
3846,3496.06
3847,3277.32
3848,3262.39
3849,3277.45
3850,3250.99
3851,3500.48
3852,3500.24
3853,3510.2
3854,3396.98
3855,3489.46
3856,3396.43
3857,3020.51
3858,3122.5
3859,3265.48
3860,3396.27
3861,3800.51
3862,3825.25
3863,3929.21
3864,3869.52
3865,3780.87
3866,3750.71
3867,4000.72
3868,4000.91
3869,3510.82
3870,3500.34
3871,2913.05
3872,2500.97
3873,2529.1
3874,2790.81
3875,3364.3
3876,3093.57
3877,3825.36
3878,3830.51
3879,3259.92
3880,3197.48
3881,3197.02
3882,3000.94
3883,2831.52
3884,2497.28
3885,3020.42
3886,3020.81
3887,3201.24
3888,3000.72
3889,2509.04
3890,2600.48
3891,1999.54
3892,1999.36
3893,1745.63
3894,1999.08
3895,1999.38
3896,2508.13
3897,3020.15
3898,2999.36
3899,3020.12
3900,3197.05
3901,2500.98
3902,3017.09
3903,3364.44
3904,3510.01
3905,3201.68
3906,3197.71
3907,3130.02
3908,3197.52
3909,2205.0
3910,3000.06
3911,3510.94
3912,3659.29
3913,4022.91
3914,4378.14
3915,4286.45
3916,4286.83
3917,4551.83
3918,4650.66
3919,4551.08
3920,4140.7
3921,3499.96
3922,3496.82
3923,3424.42
3924,3719.01
3925,3805.7
3926,4050.83
3927,3519.63
3928,3500.95
3929,3396.05
3930,3500.94
3931,3659.28
3932,4029.57
3933,3610.81
3934,3659.49
3935,4100.5
3936,3700.8
6529,3607.92
6530,3510.03
6531,3600.0
6532,3999.02
6533,3746.0
6534,3999.89
6535,3869.88
6536,3651.66
6537,3510.53
6538,3396.69
6539,3396.3
6540,3489.86
6541,3183.0
6542,3020.74
6543,3020.1
6544,3000.52
6545,3000.64
6546,3020.71
6547,3299.02
6548,3200.91
6549,3510.14
6550,3750.89
6551,3830.93
6552,3811.39
6553,3830.46
6554,3999.27
6555,4000.57
6556,4010.33
6557,4140.06
6558,4000.21
6559,4140.52
6560,3999.79
6561,3811.56
6562,3825.45
6563,3468.58
6564,3396.34
6565,3414.52
6566,3414.79
6567,3624.49
6568,3780.55
6569,3246.0
6570,3265.74
6571,3588.33
6572,3624.1
6573,3510.18
6574,3510.88
6575,3277.94
6576,3259.47
6577,3259.16
6578,3197.85
6579,3020.71
6580,3163.2
6581,2474.97
6582,2999.23
6583,3510.16
6584,3830.13
6585,4010.35
6586,4010.28
6587,3811.75
6588,3830.29
6589,3510.77
6590,3830.05
6591,4042.93
6592,4140.26
6593,3929.43
6594,4140.17
6595,4146.38
6596,4459.27
6597,5000.45
6598,5500.94
6599,6500.09
6600,6502.81
6601,7999.39
6602,10000.0
6603,10000.0
6604,10000.0
6605,10000.0
6606,10000.0
6607,10000.0
6608,10000.0
6609,10000.0
6610,10000.0
6611,5500.34
6612,5499.95
6613,5817.61
6614,6001.89
6615,5300.71
6616,5000.99
6617,4551.85
6618,5000.46
6619,4700.26
6620,4648.22
6621,5499.2
6622,5499.58
6623,5023.28
6624,4500.55
9505,3999.83
9506,3999.26
9507,3426.0
9508,3376.5
9509,3510.26
9510,3510.4
9511,4022.65
9512,3929.07
9513,3929.24
9514,3929.23
9515,3607.35
9516,3510.88
9517,3869.44
9518,3580.8
9519,3510.68
9520,3536.46
9521,3929.64
9522,4029.18
9523,4029.89
9524,4459.57
9525,4500.45
9526,4551.46
9527,5500.01
9528,5555.88
9529,5817.69
9530,7500.98
9531,6801.96
9532,7000.68
9533,8501.4
9534,6701.72
9535,5389.79
9536,4010.45
9537,3999.86
9538,3999.61
9539,4123.48
9540,4096.29
9541,4010.19
9542,4058.92
9543,4011.0
9544,4010.2
9545,3830.5
9546,3929.89
9547,4010.22
9548,4022.86
9549,4010.7
9550,4022.67
9551,4369.03
9552,4400.58
9553,4070.18
9554,4140.96
9555,4010.17
9556,3999.79
9557,3259.75
9558,3299.58
9559,3769.31
9560,3800.45
9561,4140.66
9562,4511.53
9563,4551.56
9564,5000.36
9565,5389.16
9566,5000.38
9567,5500.82
9568,6063.55
9569,6127.86
9570,7235.18
9571,9000.77
9572,9000.98
9573,10000.0
9574,10000.0
9575,10000.0
9576,10000.0
9577,10000.0
9578,10000.0
9579,10000.0
9580,10000.0
9581,10000.0
9582,10000.0
9583,10000.0
9584,10000.0
9585,10000.0
9586,10000.0
9587,10000.0
9588,10000.0
9589,10000.0
9590,10000.0
9591,10000.0
9592,10000.0
9593,10000.0
9594,10000.0
9595,10000.0
9596,10000.0
9597,5389.2
9598,5389.57
9599,6500.42
9600,6333.68
12385,5817.3
12386,5000.27
12387,7343.81
12388,6000.5
12389,6499.94
12390,3900.52
12391,3869.37
12392,3869.79
12393,3900.01
12394,3958.98
12395,4500.24
12396,4500.49
12397,4500.26
12398,4500.19
12399,3999.18
12400,3869.09
12401,4500.94
12402,5244.58
12403,5555.49
12404,5555.5
12405,5500.98
12406,5771.82
12407,7005.35
12408,7005.89
12409,7510.04
12410,10000.0
12411,10000.0
12412,10000.0
12413,10000.0
12414,10000.0
12415,7501.78
12416,6000.34
12417,4000.86
12418,3925.11
12419,3091.45
12420,2994.79
12421,3999.98
12422,4076.38
12423,4449.4
12424,4673.59
12425,3900.32
12426,3830.54
12427,4500.57
12428,4500.23
12429,4500.35
12430,4449.01
12431,4500.97
12432,4673.43
12433,4140.9
12434,4800.82
12435,3968.43
12436,3900.36
12437,3500.62
12438,3825.98
12439,4300.16
12440,4500.07
12441,4800.04
12442,5116.1
12443,5200.79
12444,5244.51
12445,5500.33
12446,5500.48
12447,8500.03
12448,8500.09
12449,10000.0
12450,10000.0
12451,10000.0
12452,10000.0
12453,10000.0
12454,10000.0
12455,10000.0
12456,10000.0
12457,10000.0
12458,10000.0
12459,10000.0
12460,10000.0
12461,10000.0
12462,10000.0
12463,10000.0
12464,10000.0
12465,10000.0
12466,10000.0
12467,10000.0
12468,10000.0
12469,10000.0
12470,10000.0
12471,10000.0
12472,10000.0
12473,7500.17
12474,7999.31
12475,7500.21
12476,7500.03
12477,8503.79
12478,9995.19
12479,10000.0
12480,9999.31
15361,8793.65
15362,5510.57
15363,9174.3
15364,8609.13
15365,4279.45
15366,3700.24
15367,4039.03
15368,3700.38
15369,3929.44
15370,4000.72
15371,4000.38
15372,4700.3
15373,4000.29
15374,4000.71
15375,3510.65
15376,3510.19
15377,3530.17
15378,3607.74
15379,4300.35
15380,4800.13
15381,4300.14
15382,4440.67
15383,4800.03
15384,5200.09
15385,7500.19
15386,8000.48
15387,10000.0
15388,10000.0
15389,7500.34
15390,7500.52
15391,5032.75
15392,4039.92
15393,3265.13
15394,3420.59
15395,3420.14
15396,3364.73
15397,3800.12
15398,3929.89
15399,4022.3
15400,4110.27
15401,4039.63
15402,4140.85
15403,4440.45
15404,4369.42
15405,5000.83
15406,5000.5
15407,4800.34
15408,4800.31
15409,4506.06
15410,4800.32
15411,4800.12
15412,4500.63
15413,3999.3
15414,4023.62
15415,4459.02
15416,5000.04
15417,5000.87
15418,5200.88
15419,5500.25
15420,5500.6
15421,5000.99
15422,7020.41
15423,10000.0
15424,10000.0
15425,10000.0
15426,10000.0
15427,10000.0
15428,10000.0
15429,10000.0
15430,10000.0
15431,10000.0
15432,10000.0
15433,10000.0
15434,10000.0
15435,10000.0
15436,10000.0
15437,10000.0
15438,10000.0
15439,10000.0
15440,10000.0
15441,10000.0
15442,10000.0
15443,10000.0
15444,10000.0
15445,10000.0
15446,10000.0
15447,10000.0
15448,10000.0
15449,10000.0
15450,10000.0
15451,10000.0
15452,10000.0
15453,10000.0
15454,10000.0
15455,10000.0
15456,10000.0
18241,10000.0
18242,10000.0
18243,10000.0
18244,10000.0
18245,10000.0
18246,10000.0
18247,10000.0
18248,10000.0
18249,10000.0
18250,10000.0
18251,10000.0
18252,10000.0
18253,10000.0
18254,10000.0
18255,6000.76
18256,6000.63
18257,6000.93
18258,7510.85
18259,10000.0
18260,10000.0
18261,6900.0
18262,8000.73
18263,8507.24
18264,10000.0
18265,10000.0
18266,10000.0
18267,10000.0
18268,10000.0
18269,10000.0
18270,10000.0
18271,10000.0
18272,10000.0
18273,6000.6
18274,5922.13
18275,5817.19
18276,5555.04
18277,5500.34
18278,5500.85
18279,5000.9
18280,5244.1
18281,5500.34
18282,5555.37
18283,5500.96
18284,5500.68
18285,5555.82
18286,5922.49
18287,6000.7
18288,6000.54
18289,6000.56
18290,6000.65
18291,6000.64
18292,6000.68
18293,6000.15
18294,6000.18
18295,6000.32
18296,6000.65
18297,6000.85
18298,7000.02
18299,7000.03
18300,7000.69
18301,7500.98
18302,9000.81
18303,10000.0
18304,10000.0
18305,10000.0
18306,10000.0
18307,10000.0
18308,10000.0
18309,10000.0
18310,10000.0
18311,10000.0
18312,10000.0
18313,10000.0
18314,10000.0
18315,10000.0
18316,10000.0
18317,10000.0
18318,10000.0
18319,10000.0
18320,10000.0
18321,10000.0
18322,10000.0
18323,10000.0
18324,10000.0
18325,10000.0
18326,10000.0
18327,10000.0
18328,10000.0
18329,10000.0
18330,10000.0
18331,10000.0
18332,10000.0
18333,10000.0
18334,10000.0
18335,10000.0
18336,10000.0
21217,10000.0
21218,10000.0
21219,10000.0
21220,10000.0
21221,10000.0
21222,10000.0
21223,10000.0
21224,10000.0
21225,10000.0
21226,10000.0
21227,10000.0
21228,10000.0
21229,10000.0
21230,10000.0
21231,10000.0
21232,10000.0
21233,10000.0
21234,10000.0
21235,10000.0
21236,10000.0
21237,10000.0
21238,10000.0
21239,10000.0
21240,10000.0
21241,10000.0
21242,10000.0
21243,10000.0
21244,10000.0
21245,10000.0
21246,10000.0
21247,10000.0
21248,6000.37
21249,5200.99
21250,4788.0
21251,5555.32
21252,4800.88
21253,4630.21
21254,4800.49
21255,4551.91
21256,4449.2
21257,5400.11
21258,5500.98
21259,4999.91
21260,4499.6
21261,3900.04
21262,3900.02
21263,4039.04
21264,4119.8
21265,4449.78
21266,4500.0
21267,4378.41
21268,4500.28
21269,4022.81
21270,4200.88
21271,5400.92
21272,5555.2
21273,7000.33
21274,8000.18
21275,8000.48
21276,10000.0
21277,8527.81
21278,9505.2
21279,10000.0
21280,10000.0
21281,10000.0
21282,10000.0
21283,10000.0
21284,10000.0
21285,10000.0
21286,10000.0
21287,10000.0
21288,10000.0
21289,10000.0
21290,10000.0
21291,10000.0
21292,10000.0
21293,10000.0
21294,10000.0
21295,10000.0
21296,10000.0
21297,10000.0
21298,10000.0
21299,10000.0
21300,10000.0
21301,10000.0
21302,10000.0
21303,10000.0
21304,10000.0
21305,10000.0
21306,10000.0
21307,10000.0
21308,10000.0
21309,10000.0
21310,10000.0
21311,10000.0
21312,10000.0
24193,10000.0
24194,10000.0
24195,10000.0
24196,10000.0
24197,10000.0
24198,10000.0
24199,10000.0
24200,10000.0
24201,10000.0
24202,10000.0
24203,10000.0
24204,10000.0
24205,10000.0
24206,10000.0
24207,10000.0
24208,10000.0
24209,10000.0
24210,10000.0
24211,10000.0
24212,10000.0
24213,10000.0
24214,10000.0
24215,10000.0
24216,10000.0
24217,10000.0
24218,10000.0
24219,10000.0
24220,10000.0
24221,10000.0
24222,10000.0
24223,10000.0
24224,10000.0
24225,10000.0
24226,10000.0
24227,10000.0
24228,10000.0
24229,10000.0
24230,10000.0
24231,10000.0
24232,10000.0
24233,10000.0
24234,10000.0
24235,10000.0
24236,10000.0
24237,10000.0
24238,10000.0
24239,10000.0
24240,10000.0
24241,10000.0
24242,10000.0
24243,10000.0
24244,10000.0
24245,10000.0
24246,10000.0
24247,10000.0
24248,10000.0
24249,10000.0
24250,10000.0
24251,10000.0
24252,10000.0
24253,10000.0
24254,10000.0
24255,10000.0
24256,10000.0
24257,10000.0
24258,10000.0
24259,10000.0
24260,10000.0
24261,10000.0
24262,10000.0
24263,10000.0
24264,10000.0
24265,10000.0
24266,10000.0
24267,10000.0
24268,10000.0
24269,10000.0
24270,10000.0
24271,10000.0
24272,10000.0
24273,10000.0
24274,10000.0
24275,10000.0
24276,10000.0
24277,10000.0
24278,10000.0
24279,10000.0
24280,10000.0
24281,10000.0
24282,10000.0
24283,10000.0
24284,10000.0
24285,10000.0
24286,10000.0
24287,10000.0
24288,10000.0
27073,10000.0
27074,10000.0
27075,10000.0
27076,10000.0
27077,10000.0
27078,10000.0
27079,10000.0
27080,10000.0
27081,10000.0
27082,10000.0
27083,10000.0
27084,10000.0
27085,10000.0
27086,10000.0
27087,10000.0
27088,10000.0
27089,10000.0
27090,10000.0
27091,10000.0
27092,10000.0
27093,10000.0
27094,10000.0
27095,10000.0
27096,10000.0
27097,10000.0
27098,10000.0
27099,10000.0
27100,10000.0
27101,10000.0
27102,10000.0
27103,10000.0
27104,10000.0
27105,10000.0
27106,10000.0
27107,10000.0
27108,10000.0
27109,10000.0
27110,10000.0
27111,10000.0
27112,10000.0
27113,10000.0
27114,10000.0
27115,10000.0
27116,10000.0
27117,10000.0
27118,10000.0
27119,10000.0
27120,10000.0
27121,10000.0
27122,10000.0
27123,10000.0
27124,10000.0
27125,10000.0
27126,10000.0
27127,10000.0
27128,10000.0
27129,10000.0
27130,10000.0
27131,10000.0
27132,10000.0
27133,10000.0
27134,10000.0
27135,10000.0
27136,10000.0
27137,10000.0
27138,10000.0
27139,10000.0
27140,10000.0
27141,10000.0
27142,10000.0
27143,10000.0
27144,10000.0
27145,10000.0
27146,10000.0
27147,10000.0
27148,10000.0
27149,10000.0
27150,10000.0
27151,10000.0
27152,10000.0
27153,10000.0
27154,10000.0
27155,10000.0
27156,10000.0
27157,10000.0
27158,10000.0
27159,10000.0
27160,10000.0
27161,10000.0
27162,10000.0
27163,10000.0
27164,10000.0
27165,10000.0
27166,10000.0
27167,10000.0
27168,10000.0
30049,10000.0
30050,10000.0
30051,10000.0
30052,10000.0
30053,10000.0
30054,10000.0
30055,10000.0
30056,10000.0
30057,10000.0
30058,10000.0
30059,10000.0
30060,10000.0
30061,10000.0
30062,10000.0
30063,10000.0
30064,10000.0
30065,10000.0
30066,10000.0
30067,10000.0
30068,10000.0
30069,10000.0
30070,10000.0
30071,10000.0
30072,10000.0
30073,10000.0
30074,10000.0
30075,10000.0
30076,10000.0
30077,10000.0
30078,10000.0
30079,10000.0
30080,10000.0
30081,10000.0
30082,10000.0
30083,10000.0
30084,10000.0
30085,10000.0
30086,10000.0
30087,10000.0
30088,10000.0
30089,10000.0
30090,10000.0
30091,10000.0
30092,10000.0
30093,10000.0
30094,10000.0
30095,10000.0
30096,10000.0
30097,10000.0
30098,10000.0
30099,10000.0
30100,10000.0
30101,10000.0
30102,10000.0
30103,10000.0
30104,10000.0
30105,10000.0
30106,10000.0
30107,10000.0
30108,10000.0
30109,10000.0
30110,10000.0
30111,10000.0
30112,10000.0
30113,10000.0
30114,10000.0
30115,10000.0
30116,10000.0
30117,10000.0
30118,10000.0
30119,10000.0
30120,10000.0
30121,10000.0
30122,10000.0
30123,10000.0
30124,10000.0
30125,10000.0
30126,10000.0
30127,10000.0
30128,10000.0
30129,10000.0
30130,10000.0
30131,10000.0
30132,10000.0
30133,10000.0
30134,10000.0
30135,10000.0
30136,10000.0
30137,10000.0
30138,10000.0
30139,10000.0
30140,10000.0
30141,10000.0
30142,10000.0
30143,10000.0
30144,10000.0
32929,10000.0
32930,10000.0
32931,10000.0
32932,10000.0
32933,10000.0
32934,10000.0
32935,10000.0
32936,10000.0
32937,10000.0
32938,10000.0
32939,10000.0
32940,10000.0
32941,10000.0
32942,10000.0
32943,10000.0
32944,10000.0
32945,10000.0
32946,10000.0
32947,10000.0
32948,10000.0
32949,10000.0
32950,10000.0
32951,10000.0
32952,10000.0
32953,10000.0
32954,10000.0
32955,10000.0
32956,10000.0
32957,10000.0
32958,10000.0
32959,10000.0
32960,10000.0
32961,10000.0
32962,10000.0
32963,10000.0
32964,10000.0
32965,10000.0
32966,10000.0
32967,10000.0
32968,10000.0
32969,10000.0
32970,10000.0
32971,10000.0
32972,10000.0
32973,10000.0
32974,10000.0
32975,10000.0
32976,8999.1
32977,7000.18
32978,7000.06
32979,6499.98
32980,6499.09
32981,6499.17
32982,6499.06
32983,6493.39
32984,6500.53
32985,8000.33
32986,9007.89
32987,10000.0
32988,10000.0
32989,10000.0
32990,10000.0
32991,10000.0
32992,10000.0
32993,10000.0
32994,10000.0
32995,10000.0
32996,10000.0
32997,10000.0
32998,10000.0
32999,10000.0
33000,10000.0
33001,10000.0
33002,10000.0
33003,10000.0
33004,10000.0
33005,10000.0
33006,10000.0
33007,10000.0
33008,10000.0
33009,10000.0
33010,10000.0
33011,10000.0
33012,10000.0
33013,10000.0
33014,10000.0
33015,10000.0
33016,10000.0
33017,10000.0
33018,10000.0
33019,10000.0
33020,10000.0
33021,10000.0
33022,10000.0
33023,10000.0
33024,10000.0
27361,10000.0
27362,10000.0
27363,10000.0
27364,10000.0
27365,10000.0
27366,10000.0
27367,10000.0
27368,10000.0
27369,10000.0
27370,10000.0
27371,10000.0
27372,10000.0
27373,10000.0
27374,10000.0
27375,9999.67
27376,8499.57
27377,7907.0
27378,8499.43
27379,8499.97
27380,10000.0
27381,10000.0
27382,10000.0
27383,10000.0
27384,10000.0
27385,10000.0
27386,10000.0
27387,10000.0
27388,10000.0
27389,10000.0
27390,10000.0
27391,10000.0
27392,10000.0
27393,10000.0
27394,10000.0
27395,10000.0
27396,10000.0
27397,7000.58
27398,7000.03
27399,4788.86
27400,4440.38
27401,4347.1
27402,4407.32
27403,4458.23
27404,4365.63
27405,4330.07
27406,4330.13
27407,4200.92
27408,4030.33
27409,3810.68
27410,3840.04
27411,3968.04
27412,3968.05
27413,3830.21
27414,3840.48
27415,5000.14
27416,5000.91
27417,5900.8
27418,7099.3
27419,7508.85
27420,7999.3
27421,10000.0
27422,10000.0
27423,10000.0
27424,10000.0
27425,10000.0
27426,10000.0
27427,10000.0
27428,10000.0
27429,10000.0
27430,10000.0
27431,10000.0
27432,10000.0
27433,10000.0
27434,10000.0
27435,10000.0
27436,10000.0
27437,10000.0
27438,10000.0
27439,10000.0
27440,10000.0
27441,10000.0
27442,10000.0
27443,10000.0
27444,10000.0
27445,10000.0
27446,10000.0
27447,10000.0
27448,10000.0
27449,10000.0
27450,10000.0
27451,10000.0
27452,10000.0
27453,10000.0
27454,10000.0
27455,9999.37
27456,9999.28
27457,10000.0
27458,10000.0
27459,10000.0
27460,10000.0
27461,10000.0
27462,10000.0
27463,10000.0
27464,10000.0
27465,10000.0
27466,10000.0
27467,10000.0
27468,8499.95
27469,7500.57
27470,7499.93
27471,7499.28
27472,7000.11
27473,5999.59
27474,5999.65
27475,5999.65
27476,7000.45
27477,5999.88
27478,7000.72
27479,7000.03
27480,7000.08
27481,7049.63
27482,9230.0
27483,10000.0
27484,10000.0
27485,10000.0
27486,10000.0
27487,5999.73
27488,5057.65
27489,3700.61
27490,3600.47
27491,3840.8
27492,3840.29
27493,4100.45
27494,4012.78
27495,4115.58
27496,4018.89
27497,3968.21
27498,3980.21
27499,4500.33
27500,4500.43
27501,3980.94
27502,3859.0
27503,3386.72
27504,3200.06
27505,2380.41
27506,2011.82
27507,3490.55
27508,3490.64
27509,3628.66
27510,3850.2
27511,4350.54
27512,4330.43
27513,4999.01
27514,6000.01
27515,6000.97
27516,7049.44
27517,10000.0
27518,10000.0
27519,10000.0
27520,10000.0
27521,10000.0
27522,10000.0
27523,10000.0
27524,10000.0
27525,10000.0
27526,10000.0
27527,10000.0
27528,10000.0
27529,10000.0
27530,10000.0
27531,10000.0
27532,10000.0
27533,10000.0
27534,10000.0
27535,10000.0
27536,10000.0
27537,10000.0
27538,10000.0
27539,10000.0
27540,10000.0
27541,10000.0
27542,10000.0
27543,10000.0
27544,10000.0
27545,10000.0
27546,10000.0
27547,10000.0
27548,10000.0
27549,10000.0
27550,10000.0
27551,10000.0
27552,10000.0
27553,10000.0
27554,10000.0
27555,10000.0
27556,10000.0
27557,10000.0
27558,10000.0
27559,10000.0
27560,10000.0
27561,10000.0
27562,10000.0
27563,7049.19
27564,6999.76
27565,6999.95
27566,6999.95
27567,6999.4
27568,6999.23
27569,5999.96
27570,6999.9
27571,7200.65
27572,7500.34
27573,6678.0
27574,7500.4
27575,6599.72
27576,6598.37
27577,5999.06
27578,5999.18
27579,7502.97
27580,7502.78
27581,5540.78
27582,5495.46
27583,4630.15
27584,4502.38
27585,3968.65
27586,3499.21
27587,3035.62
27588,2999.82
27589,4564.32
27590,5000.19
27591,5029.45
27592,4652.65
27593,3980.52
27594,3830.26
27595,4000.59
27596,4000.45
27597,3968.24
27598,4000.03
27599,3499.97
27600,3435.87
27601,1999.82
27602,2500.01
27603,3279.7
27604,3279.26
27605,3036.47
27606,3279.99
27607,4000.04
27608,4418.68
27609,4073.52
27610,4465.36
27611,4732.82
27612,5299.69
27613,4919.39
27614,5500.09
27615,5499.06
27616,5499.18
27617,5149.4
27618,5900.22
27619,6500.21
27620,7500.15
27621,5900.49
27622,6000.26
27623,5900.96
27624,5999.11
27625,4919.55
27626,4999.94
27627,6500.82
27628,7000.66
27629,10000.0
27630,10000.0
27631,7500.71
27632,7000.76
27633,5090.32
27634,5502.59
27635,5900.25
27636,6280.03
27637,7500.06
27638,7500.08
27639,6500.49
27640,6500.89
27641,7500.44
27642,9281.95
27643,9507.05
27644,9502.86
27645,7500.85
27646,7500.66
27647,6999.83
27648,6999.2
27649,10000.0
27650,10000.0
27651,10000.0
27652,10000.0
27653,7200.95
27654,7100.73
27655,5999.34
27656,5499.2
27657,5499.32
27658,4999.49
27659,4235.39
27660,4235.11
27661,4086.98
27662,4063.66
27663,4005.1
27664,4006.87
27665,3700.86
27666,4078.41
27667,5400.79
27668,5499.38
27669,5400.55
27670,5499.51
27671,7500.56
27672,7500.62
27673,6999.7
27674,6999.3
27675,7500.64
27676,7500.64
27677,6000.59
27678,7200.19
27679,5999.66
27680,5999.04
27681,5999.26
27682,5999.45
27683,4231.88
27684,4200.04
27685,4385.64
27686,4241.29
27687,5702.85
27688,5149.28
27689,7500.15
27690,7500.36
27691,5836.8
27692,5922.01
27693,4999.28
27694,5149.87
27695,5224.37
27696,5199.74
27697,4050.47
27698,4110.67
27699,4194.48
27700,4110.21
27701,3600.68
27702,3573.5
27703,3999.71
27704,3999.66
27705,3825.83
27706,4502.4
27707,4919.76
27708,5215.12
27709,7000.57
27710,8500.27
27711,7999.42
27712,9499.13
27713,10000.0
27714,10000.0
27715,10000.0
27716,10000.0
27717,10000.0
27718,10000.0
27719,0.0
27720,10000.0
27721,10000.0
27722,9499.12
27723,7001.84
27724,7999.91
27725,7001.96
27726,7001.53
27727,7377.34
27728,7000.24
27729,5400.68
27730,5500.1
27731,4910.19
27732,4999.71
27733,5517.56
27734,5502.21
27735,5000.42
27736,5000.51
27737,5149.04
27738,5149.24
27739,4520.48
27740,4520.05
27741,3220.42
27742,3296.44
27743,3500.52
27744,3500.78
27745,4104.23
27746,3500.4
27747,3682.5
27748,3718.94
27749,4564.09
27750,4564.65
27751,3609.0
27752,3153.52
27753,2915.6
27754,2890.76
27755,3000.52
27756,2999.5
27757,2915.78
27758,2915.92
27759,3641.0
27760,3850.99
27761,3500.21
27762,3608.98
27763,3608.01
27764,3612.77
27765,3153.07
27766,2979.16
27767,3036.57
27768,3036.34
27769,3308.35
27770,3810.77
27771,5400.27
27772,5499.14
27773,4110.64
27774,4630.22
27775,4100.67
27776,3851.0
27777,4418.64
27778,3975.32
27779,4468.19
27780,4450.13
27781,4600.85
27782,4600.46
27783,5499.43
27784,4919.91
27785,5149.31
27786,4919.42
27787,3884.06
27788,3839.0
27789,3623.02
27790,3605.46
27791,3051.78
27792,3040.97
27793,3000.06
27794,3296.0
27795,3500.44
27796,3450.34
27797,2627.41
27798,2734.46
27799,3560.7
27800,3810.44
27801,4501.06
27802,4110.94
27803,3825.39
27804,4023.69
27805,4200.74
27806,4636.24
27807,6501.45
27808,6501.46
27809,7008.74
27810,8588.89
27811,10000.0
27812,10000.0
27813,10000.0
27814,10000.0
27815,10000.0
27816,10000.0
27817,10000.0
27818,10000.0
27819,10000.0
27820,10000.0
27821,10000.0
27822,10000.0
27823,10000.0
27824,10000.0
27825,10000.0
27826,10000.0
27827,8997.47
27828,9076.58
27829,7000.83
27830,7000.51
27831,6499.06
27832,5999.69
27833,6499.4
27834,7000.49
27835,5500.13
27836,5512.68
27837,5702.96
27838,5900.95
27839,5499.99
27840,5999.17
27841,5149.91
27842,5499.46
27843,5900.95
27844,5770.69
27845,5999.26
27846,5499.61
27847,5499.16
27848,5149.71
27849,5499.19
27850,5500.0
27851,5499.77
27852,5499.15
27853,5999.08
27854,5499.98
27855,5365.71
27856,5239.82
27857,5239.93
27858,5499.95
27859,5999.65
27860,6500.64
27861,6964.84
27862,6600.47
27863,7302.17
27864,6601.18
27865,5000.67
27866,5000.75
27867,5999.15
27868,5499.4
27869,5239.08
27870,5700.07
27871,5499.88
27872,5499.69
27873,5400.95
27874,5158.9
27875,5400.82
27876,4500.01
27877,3999.78
27878,4000.98
27879,5249.28
27880,4999.04
27881,4104.68
27882,4073.8
27883,3850.05
27884,3825.61
27885,3999.75
27886,3975.46
27887,3825.87
27888,3745.14
27889,3750.38
27890,3300.97
27891,2700.56
27892,2509.67
27893,2200.71
27894,3000.04
27895,4073.23
27896,4220.97
27897,4465.13
27898,4500.92
27899,5008.35
27900,5400.17
27901,5999.77
27902,7510.9
27903,5702.13
27904,8000.35
27905,8000.89
27906,10000.0
27907,10000.0
27908,10000.0
27909,10000.0
27910,10000.0
27911,10000.0
27912,10000.0
27913,10000.0
27914,10000.0
27915,10000.0
27916,10000.0
27917,10000.0
27918,10000.0
27919,10000.0
27920,10000.0
27921,10000.0
27922,10000.0
27923,10000.0
27924,10000.0
27925,7119.99
27926,7119.37
27927,6800.92
27928,6999.71
27929,5499.19
27930,5999.34
27931,6596.05
27932,6500.41
27933,6500.04
27934,6499.09
27935,4811.7
27936,4279.47
27937,10000.0
27938,9777.67
27939,6800.73
27940,5499.68
27941,4564.42
27942,3999.36
27943,4000.47
27944,3999.75
27945,4919.59
27946,4999.87
27947,5900.79
27948,5400.7
27949,4636.23
27950,4564.98
27951,3700.67
27952,3499.47
27953,4849.07
27954,4999.88
27955,5702.36
27956,5872.92
27957,6499.93
27958,6800.12
27959,6500.25
27960,6000.7
27961,6178.67
27962,7500.19
27963,8000.87
27964,9000.35
27965,8000.68
27966,8507.95
27967,8000.19
27968,5239.69
27969,5600.16
27970,6499.48
27971,5149.83
27972,4770.77
27973,4500.25
27974,4519.64
27975,4500.45
27976,4500.72
27977,4019.52
27978,4104.92
27979,4500.5
27980,4500.7
27981,4432.0
27982,4623.09
27983,4936.96
27984,4970.37
27985,4564.46
27986,4241.45
27987,4465.72
27988,4073.94
27989,3000.6
27990,3500.09
27991,4465.88
27992,4500.84
27993,4999.8
27994,5149.64
27995,5499.2
27996,5702.17
27997,5999.74
27998,6500.81
27999,6999.24
28000,7500.97
28001,10000.0
28002,10000.0
28003,10000.0
28004,10000.0
28005,10000.0
28006,10000.0
28007,10000.0
28008,10000.0
28009,10000.0
28010,10000.0
28011,10000.0
28012,10000.0
28013,10000.0
28014,10000.0
28015,10000.0
28016,10000.0
28017,10000.0
28018,10000.0
28019,7001.04
28020,6499.95
28021,5999.87
28022,6000.27
28023,5119.7
28024,5079.12
28025,4999.75
28026,4999.92
28027,4999.98
28028,5350.07
28029,5900.27
28030,5702.2
28031,4527.59
28032,3700.98
28033,4999.26
28034,4999.26
28035,5000.66
28036,5000.68
28037,4999.47
28038,4150.2
28039,4999.85
28040,4999.93
28041,4999.44
28042,4636.39
28043,3980.96
28044,3980.6
28045,5362.16
28046,5499.12
28047,5000.66
28048,5000.74
28049,4999.6
28050,5000.78
28051,5000.68
28052,5149.93
28053,4999.17
28054,5499.51
28055,5900.34
28056,5999.86
28057,5999.39
28058,6801.57
28059,7231.5
28060,7301.36
28061,5735.08
28062,5999.99
28063,5702.44
28064,5400.16
28065,5999.71
28066,6100.04
28067,5999.93
28068,5180.81
28069,5149.87
28070,5702.5
28071,5209.09
28072,4500.92
28073,4338.66
28074,4338.66
28075,4338.88
28076,4338.77
28077,4465.03
28078,4500.88
28079,4970.78
28080,4999.23
28081,4243.76
28082,4243.95
28083,4200.58
28084,4200.51
28085,3700.23
28086,3685.81
28087,4073.6
28088,5000.33
28089,4500.89
28090,5102.3
28091,6499.89
28092,7000.07
28093,7000.73
28094,8000.51
28095,9520.83
28096,9999.5
28097,8500.54
28098,10000.0
28099,10000.0
28100,10000.0
28101,10000.0
28102,10000.0
28103,10000.0
28104,10000.0
28105,10000.0
28106,10000.0
28107,10000.0
28108,10000.0
28109,10000.0
28110,10000.0
28111,7501.0
28112,6499.55
28113,5119.68
28114,5119.52
28115,4278.65
28116,4278.65
28117,4465.76
28118,4243.82
28119,3970.25
28120,3719.92
28121,5100.95
28122,4850.98
28123,4900.78
28124,5010.7
28125,4253.33
28126,4253.1
28127,3590.26
28128,3490.73
28129,4278.8
28130,4278.26
28131,4223.62
28132,4222.32
28133,3440.74
28134,3110.63
28135,3036.97
28136,3110.15
28137,3500.35
28138,3148.56
28139,3250.39
28140,3102.8
28141,3812.22
28142,4073.64
28143,4000.23
28144,4000.04
28145,3712.76
28146,3719.67
28147,3712.76
28148,3760.82
28149,3712.72
28150,4000.07
28151,4000.75
28152,4000.47
28153,4101.0
28154,4000.79
28155,4564.61
28156,4500.05
28157,3250.94
28158,3712.58
28159,4000.2
28160,3250.22
28161,3300.99
28162,3740.0
28163,4136.5
28164,4450.65
28165,4073.51
28166,4320.67
28167,4104.58
28168,4012.16
28169,3300.18
28170,3400.93
28171,2870.46
28172,3210.27
28173,3800.74
28174,3975.54
28175,4073.48
28176,4073.91
28177,3623.62
28178,3623.19
28179,3397.6
28180,3036.84
28181,2870.01
28182,2500.89
28183,3036.03
28184,3885.6
28185,3623.85
28186,3810.65
28187,3659.12
28188,3659.92
28189,3715.91
28190,3894.4
28191,4104.06
28192,4300.94
28193,4520.59
28194,4936.57
28195,7020.19
28196,7020.93
28197,10000.0
28198,10000.0
28199,10000.0
28200,10000.0
28201,10000.0
28202,10000.0
28203,10000.0
28204,10000.0
28205,10000.0
28206,9999.14
28207,5119.54
28208,4740.45
28209,4050.31
28210,3314.19
28211,2870.2
28212,2899.55
28213,4298.28
28214,4500.46
28215,3500.74
28216,3773.05
28217,3850.63
28218,4338.0
28219,4508.19
28220,4508.52
28221,4600.72
28222,4600.84
28223,4508.5
28224,4508.57
28225,4999.35
28226,4999.24
28227,4999.26
28228,4600.93
28229,4104.26
28230,3990.01
28231,3400.26
28232,3500.86
28233,3750.56
28234,4073.91
28235,4073.68
28236,4073.28
28237,4123.43
28238,4073.98
28239,3869.77
28240,3550.5
28241,4073.37
28242,4104.88
28243,4500.32
28244,4732.13
28245,4418.74
28246,4800.32
28247,5400.59
28248,5400.03
28249,4999.52
28250,4732.92
28251,5499.27
28252,5637.88
28253,4414.36
28254,4418.83
28255,4414.98
28256,4414.04
28257,4000.52
28258,4078.69
28259,4000.93
28260,4000.05
28261,4073.55
28262,4073.69
28263,3950.06
28264,3825.0
28265,3485.56
28266,3493.81
28267,3600.28
28268,3499.28
28269,2999.87
28270,3100.31
28271,3351.11
28272,3298.67
28273,3250.31
28274,3353.14
28275,3036.73
28276,3036.09
28277,2419.25
28278,2380.38
28279,2919.91
28280,3279.43
28281,3760.79
28282,4000.78
28283,4000.93
28284,4073.23
28285,4005.27
28286,4073.55
28287,3950.93
28288,3825.71
28289,3999.38
28290,4198.56
28291,4000.57
28292,4200.88
28293,4194.2
28294,4999.59
28295,5350.93
28296,5400.99
28297,7000.23
28298,7000.53
28299,5499.99
28300,5050.71
28301,4740.06
28302,3999.7
28303,3844.6
28304,3844.88
28305,3155.0
28306,3449.44
28307,3250.11
28308,3153.9
28309,3716.0
28310,3940.8
28311,4073.67
28312,4000.96
28313,4204.15
28314,4564.06
28315,4465.47
28316,4183.71
28317,4073.57
28318,3590.57
28319,3500.63
28320,3100.75
28321,2999.45
28322,2979.93
28323,3500.18
28324,2979.84
28325,2850.39
28326,2650.31
28327,3300.37
28328,3685.08
28329,3719.45
28330,3913.42
28331,3250.99
28332,3110.48
28333,3300.49
28334,3149.45
28335,3149.02
28336,3110.36
28337,3250.7
28338,3500.71
28339,3719.63
28340,3769.24
28341,3769.53
28342,3800.56
28343,3300.77
28344,3700.1
28345,4300.39
28346,4104.89
28347,4732.16
28348,4732.23
28349,4073.69
28350,4242.23
28351,4242.86
28352,4073.01
28353,4000.81
28354,4000.28
28355,4000.11
28356,3719.45
28357,2870.77
28358,2870.22
28359,3251.0
28360,3500.04
28361,3874.73
28362,4000.16
28363,4000.17
28364,4000.64
28365,3835.26
28366,3835.36
28367,3519.13
28368,3519.93
28369,3489.2
28370,3489.84
28371,3489.73
28372,3400.75
28373,2896.82
28374,3036.72
28375,2496.19
28376,2608.36
28377,2999.96
28378,3489.3
28379,3219.0
28380,3349.58
28381,3349.67
28382,3489.62
28383,3490.0
28384,3500.62
28385,3659.7
28386,3913.64
28387,4078.68
28388,4732.24
28389,5000.5
28390,5400.1
28391,5100.78
28392,5999.96
28393,7001.85
28394,7999.12
28395,6600.87
28396,6505.88
28397,4650.53
28398,4453.85
28399,3148.53
28400,2918.47
28401,2236.02
28402,2870.47
28403,4073.52
28404,4465.0
28405,4700.41
28406,4720.97
28407,4750.32
28408,4564.35
28409,4636.55
28410,4564.4
28411,4636.75
28412,4564.03
28413,3889.92
28414,3889.17
28415,3140.78
28416,2950.05
28417,3860.0
28418,4104.92
28419,5000.02
28420,4800.31
28421,3970.2
28422,3889.11
28423,3760.22
28424,3700.28
28425,3808.5
28426,3561.76
28427,3500.21
28428,3485.53
28429,3970.99
28430,4000.3
28431,3913.39
28432,3885.76
28433,4073.72
28434,4104.63
28435,4104.28
28436,4104.27
28437,4500.6
28438,4700.25
28439,4241.83
28440,4564.41
28441,3899.86
28442,4000.35
28443,4465.7
28444,4418.95
28445,3700.39
28446,3500.61
28447,3800.8
28448,3800.33
28449,3835.94
28450,3885.58
28451,3970.21
28452,3810.64
28453,3491.04
28454,3399.99
28455,3500.07
28456,3424.91
28457,2813.0
28458,3200.17
28459,3399.31
28460,3314.65
28461,3399.12
28462,3249.59
28463,3000.52
28464,2500.99
28465,3000.82
28466,3000.22
28467,2979.06
28468,2979.59
28469,2001.6
28470,2132.56
28471,3036.13
28472,3100.68
28473,3659.23
28474,3760.07
28475,3719.65
28476,3760.33
28477,3719.33
28478,3800.79
28479,3700.5
28480,3499.6
28481,3600.46
28482,3810.15
28483,4520.55
28484,5065.6
28485,5499.63
28486,5702.19
28487,5400.11
28488,5900.27
28489,4527.83
28490,4750.84
28491,4500.6
28492,4499.24
28493,3773.2
28494,3499.28
28495,2999.96
28496,3148.14
28497,2979.23
28498,3558.5
28499,3705.0
28500,3850.25
28501,3153.08
28502,3485.46
28503,3209.83
28504,3415.5
28505,3685.78
28506,3885.63
28507,3719.16
28508,3913.51
28509,3690.53
28510,3685.99
28511,3885.9
28512,3700.3
28513,3164.0
28514,3036.43
28515,2930.6
28516,2909.5
28517,3036.43
28518,3050.67
28519,3050.75
28520,3050.2
28521,2930.92
28522,2890.75
28523,2890.95
28524,2930.46
28525,3400.79
28526,3399.02
28527,3399.96
28528,3295.0
28529,3869.42
28530,3913.89
28531,3989.17
28532,3989.52
28533,3773.48
28534,3605.71
28535,3485.5
28536,3600.11
28537,3298.0
28538,3007.26
28539,3869.05
28540,3700.19
28541,3811.48
28542,4104.93
28543,4073.43
28544,3985.56
28545,4000.07
28546,3835.36
28547,3685.96
28548,3719.43
28549,3700.71
28550,3685.82
28551,3600.28
28552,3561.42
28553,3250.3
28554,3370.42
28555,3800.76
28556,3835.29
28557,3835.78
28558,3885.0
28559,3869.15
28560,3869.29
28561,3496.55
28562,3623.3
28563,3659.08
28564,3659.66
28565,1999.57
28566,1999.71
28567,2938.67
28568,3485.76
28569,3561.11
28570,3566.75
28571,4000.85
28572,4564.29
28573,4919.58
28574,5300.96
28575,5400.3
28576,5569.38
28577,5499.31
28578,5999.06
28579,8510.32
28580,8005.17
28581,9310.02
28582,10000.0
28583,10000.0
28584,10000.0
28585,10000.0
28586,10000.0
28587,10000.0
28588,10000.0
28589,5999.04
28590,5400.1
28591,4749.46
28592,4241.37
28593,3398.81
28594,3505.0
28595,4241.1
28596,4418.36
28597,4564.87
28598,4600.19
28599,4200.3
28600,4400.9
28601,5056.49
28602,5300.56
28603,5499.44
28604,5499.29
28605,4999.16
28606,4418.95
28607,4200.48
28608,3992.7
28609,4564.08
28610,4400.99
28611,4200.7
28612,4000.61
28613,4000.64
28614,4000.57
28615,3885.73
28616,3685.67
28617,3700.57
28618,3685.84
28619,3989.01
28620,3989.63
28621,4200.55
28622,4073.87
28623,4000.79
28624,4000.52
28625,3989.5
28626,4000.7
28627,4104.37
28628,4104.7
28629,4200.0
28630,4410.34
28631,4465.29
28632,4104.81
28633,4418.05
28634,4110.52
28635,4828.0
28636,4732.98
28637,4630.36
28638,5499.13
28639,4500.78
28640,4242.76
28641,4500.48
28642,4500.19
28643,4520.3
28644,4600.52
28645,4000.34
28646,4104.7
28647,4418.73
28648,4300.12
28649,3869.7
28650,3985.27
28651,3900.47
28652,3900.12
28653,3869.34
28654,3899.64
28655,3869.62
28656,3800.24
28657,3333.49
28658,3250.5
28659,3250.3
28660,3048.67
28661,2353.85
28662,2454.15
28663,2938.72
28664,3100.49
28665,3399.39
28666,3869.73
28667,4104.9
28668,4459.31
28669,3800.7
28670,3989.27
28671,4500.4
28672,4771.86
28673,4500.18
28674,5239.97
28675,7002.47
28676,9170.07
28677,7109.84
28678,10000.0
28679,10000.0
28680,10000.0
28681,10000.0
28682,10000.0
28683,10000.0
28684,10000.0
28685,5999.87
28686,5822.96
28687,5380.0
28688,4999.2
28689,3500.9
28690,3659.12
28691,4381.14
28692,4418.72
28693,4500.94
28694,4630.12
28695,4500.91
28696,4440.35
28697,4465.41
28698,4720.36
28699,4104.18
28700,3999.48
28701,3885.01
28702,4000.92
28703,3999.8
28704,3855.49
28705,4500.78
28706,4500.37
28707,5000.3
28708,5000.04
28709,4000.23
28710,3800.49
28711,3649.87
28712,3300.12
28713,3690.83
28714,3690.4
28715,3250.75
28716,3140.44
28717,3561.8
28718,3616.52
28719,3800.49
28720,3800.05
28721,3561.87
28722,3800.49
28723,3989.19
28724,4000.19
28725,4012.19
28726,4089.16
28727,4100.14
28728,4032.14
28729,4500.63
28730,4732.93
28731,6000.46
28732,5836.06
28733,5500.08
28734,5702.61
28735,4630.35
28736,4242.84
28737,4520.38
28738,4999.17
28739,4936.7
28740,4636.13
28741,4290.56
28742,4500.13
28743,4241.92
28744,4000.95
28745,3800.87
28746,3835.99
28747,4073.96
28748,4073.9
28749,3760.83
28750,3575.0
28751,3800.2
28752,3800.96
28753,3668.24
28754,3566.92
28755,3566.59
28756,3605.07
28757,2500.98
28758,2760.86
28759,3482.5
28760,3623.49
28761,3566.17
28762,3750.54
28763,4459.56
28764,4750.18
28765,4290.15
28766,5000.95
28767,5300.55
28768,5749.52
28769,5549.34
28770,8000.31
28771,7102.77
28772,7106.76
28773,7108.69
28774,10000.0
28775,10000.0
28776,10000.0
28777,10000.0
28778,10000.0
28779,10000.0
28780,7998.82
28781,7008.33
28782,5999.41
28783,5000.28
28784,4650.86
28785,3499.15
28786,3499.49
28787,3769.66
28788,3885.06
28789,4000.63
28790,3210.37
28791,3210.6
28792,3210.9
28793,4100.68
28794,4104.84
28795,4104.3
28796,4000.96
28797,3828.43
28798,3829.33
28799,3700.59
28800,3700.35
28801,4000.59
28802,4000.25
28803,4000.27
28804,3700.2
28805,3616.57
28806,3505.76
28807,3500.16
28808,3435.5
28809,3245.36
28810,3000.5
28811,3290.5
28812,3300.41
28813,3688.8
28814,3500.88
28815,3290.61
28816,3353.0
28817,3140.24
28818,3225.52
28819,3245.04
28820,2930.57
28821,3810.78
28822,4104.11
28823,4279.89
28824,4290.84
28825,4734.01
28826,4999.17
28827,5499.89
28828,5499.16
28829,4200.9
28830,4459.82
28831,5400.75
28832,4350.36
28833,4732.42
28834,4732.34
28835,4290.17
28836,4008.5
28837,4290.91
28838,4730.83
28839,4930.73
28840,5149.05
28841,4418.01
28842,4418.35
28843,4242.14
28844,4093.29
28845,3885.19
28846,4000.02
28847,3860.63
28848,3885.19
28849,3958.18
28850,3913.34
28851,3869.46
28852,3869.09
28853,3623.96
28854,3623.69
28855,3776.85
28856,3869.17
28857,4970.35
28858,5149.51
28859,5489.57
28860,5910.16
28861,6029.22
28862,7049.8
28863,6500.8
28864,7000.37
28865,5999.32
28866,6800.03
28867,7508.28
28868,10000.0
28869,10000.0
28870,10000.0
28871,10000.0
28872,10000.0
28873,10000.0
28874,10000.0
28875,10000.0
28876,10000.0
28877,6500.85
28878,6000.59
28879,5799.03
28880,5071.63
28881,4800.5
28882,4732.22
28883,4241.37
28884,4000.91
28885,4400.51
28886,4200.0
28887,3668.75
28888,3668.76
28889,4200.47
28890,4636.49
28891,4500.81
28892,4500.41
28893,4418.34
28894,4100.19
28895,3889.52
28896,3590.9
28897,4200.18
28898,4200.09
28899,4200.65
28900,4200.03
28901,4000.09
28902,3889.54
28903,3694.28
28904,3535.92
28905,3705.83
28906,3690.68
28907,3685.24
28908,3568.44
28909,3250.39
28910,3245.57
28911,3500.21
28912,3234.3
28913,3245.9
28914,3690.72
28915,3515.67
28916,3616.73
28917,4000.37
28918,4050.48
28919,4101.13
28920,4089.9
28921,4201.3
28922,4001.3
28923,4000.05
28924,3899.76
28925,3801.82
28926,3868.5
28927,3885.08
28928,4000.62
28929,3500.47
28930,3500.83
28931,3700.29
28932,3450.04
28933,2850.32
28934,2650.16
28935,3600.39
28936,3720.91
28937,3314.21
28938,3685.5
28939,3693.8
28940,3501.61
28941,3100.5
28942,3158.0
28943,3399.46
28944,3300.51
28945,3200.12
28946,3280.75
28947,2810.73
28948,2751.62
28949,2851.45
28950,2851.87
28951,3333.59
28952,3485.37
28953,3719.33
28954,3800.0
28955,3810.95
28956,3989.82
28957,4200.32
28958,4120.0
28959,4241.5
28960,4999.42
28961,4089.99
28962,4000.83
28963,4418.7
28964,4999.67
28965,5369.48
28966,5796.57
28967,5600.69
28968,6073.62
28969,4994.02
28970,4786.0
28971,4720.01
28972,4500.68
28973,2870.87
28974,2705.0
28975,2500.7
28976,2358.04
28977,3250.76
28978,3300.87
28979,3100.95
28980,3100.81
28981,3485.16
28982,3250.22
28983,3485.1
28984,3440.0
28985,3500.53
28986,3690.02
28987,4000.87
28988,4000.94
28989,3685.12
28990,3250.67
28991,3080.56
28992,2979.97
28993,2890.73
28994,2815.34
28995,3100.43
28996,3290.41
28997,3561.33
28998,3561.41
28999,3580.25
29000,3314.08
29001,3000.53
29002,2920.75
29003,2919.32
29004,2815.1
29005,2499.36
29006,2380.51
29007,1999.92
29008,2150.34
29009,2549.74
29010,3000.35
29011,3485.1
29012,3685.42
29013,3970.42
29014,3719.45
29015,3835.93
29016,3659.98
29017,3970.38
29018,4104.81
29019,5081.3
29020,5045.42
29021,4900.47
29022,5149.38
29023,5109.43
29024,4999.27
29025,4104.15
29026,4104.61
29027,4500.92
29028,4500.93
29029,4999.75
29030,5052.41
29031,5048.07
29032,4999.42
29033,4732.78
29034,4100.43
29035,3885.38
29036,3998.34
29037,3751.05
29038,3850.76
29039,4452.38
29040,4732.61
29041,4575.0
29042,4418.23
29043,4000.13
29044,3900.12
29045,3623.83
29046,3700.21
29047,3830.44
29048,3890.41
29049,4418.28
29050,5099.51
29051,5702.55
29052,5900.51
29053,5702.02
29054,6500.14
29055,5999.93
29056,6502.83
29057,6502.48
29058,8000.36
29059,10000.0
29060,10000.0
29061,10000.0
29062,10000.0
29063,10000.0
29064,10000.0
29065,10000.0
29066,10000.0
29067,10000.0
29068,10000.0
29069,6499.7
29070,5749.81
29071,5109.63
29072,4500.72
29073,4231.45
29074,4405.01
29075,3936.33
29076,3600.15
29077,4976.87
29078,5090.75
29079,4750.41
29080,5065.94
29081,4700.66
29082,5029.13
29083,5102.65
29084,4999.8
29085,4418.36
29086,4241.36
29087,3500.32
29088,3000.98
29089,3314.48
29090,3500.6
29091,3500.01
29092,3500.07
29093,3610.62
29094,3550.03
29095,3683.15
29096,3550.33
29097,3683.13
29098,3685.04
29099,3715.78
29100,3500.75
29101,3199.99
29102,3199.84
29103,3050.21
29104,3122.67
29105,3036.1
29106,3600.48
29107,3500.88
29108,3500.51
29109,3500.61
29110,4000.45
29111,4025.74
29112,3850.25
29113,3833.66
29114,3980.29
29115,4242.07
29116,4150.5
29117,4513.98
29118,4900.67
29119,4418.82
29120,5029.33
29121,4150.66
29122,4150.03
29123,5048.1
29124,5009.83
29125,4150.43
29126,4150.84
29127,4073.87
29128,4000.35
29129,4073.55
29130,4000.83
29131,4073.01
29132,4073.18
29133,4000.64
29134,4000.98
29135,4093.41
29136,4093.03
29137,3885.34
29138,3810.35
29139,3830.63
29140,3800.71
29141,3000.32
29142,3549.26
29143,3810.74
29144,4000.13
29145,4073.72
29146,4919.44
29147,5499.34
29148,5749.62
29149,5999.95
29150,6073.39
29151,6499.89
29152,6503.02
29153,8000.13
29154,8000.86
29155,10000.0
29156,10000.0
29157,10000.0
29158,10000.0
29159,10000.0
29160,10000.0
29161,10000.0
29162,10000.0
29163,10000.0
29164,10000.0
29165,7000.0
29166,6503.4
29167,5749.73
29168,5149.81
29169,4520.52
29170,4465.99
29171,4310.26
29172,4241.83
29173,4570.12
29174,4570.69
29175,4564.78
29176,4513.45
29177,4890.34
29178,4732.26
29179,4999.28
29180,4999.04
29181,4418.97
29182,4418.58
29183,4187.3
29184,3799.03
1,2500.38
2,2650.55
3,2691.84
4,2450.92
5,2450.71
6,2450.38
7,2450.68
8,2650.67
9,2650.52
10,2600.03
11,2650.86
12,2450.44
13,2450.54
14,2450.34
15,2450.32
16,2450.3
17,2768.73
18,3500.89
19,3501.84
20,3501.55
21,2600.87
22,3229.03
23,3570.83
24,3039.88
25,3774.84
26,4260.91
27,5529.62
28,5529.23
29,4900.39
30,5799.15
31,5400.3
32,5799.55
33,5000.43
34,5529.39
35,6000.16
36,6000.01
37,6000.14
38,6000.34
39,8200.28
40,8200.14
41,8753.09
42,6999.85
43,8750.48
44,7335.69
45,5899.06
46,4200.98
47,4199.19
48,4000.89
49,4774.45
50,4999.18
51,4630.15
52,4000.79
53,3001.83
54,3400.22
55,2950.93
56,3120.84
57,3681.0
58,4260.53
59,5000.25
60,5349.21
61,4696.0
62,4001.41
63,3800.36
64,3899.47
65,4001.64
66,3799.7
67,3558.45
68,3558.67
69,2900.0
70,2150.47
71,2369.64
72,2700.31
73,4450.96
74,4500.67
75,4500.51
76,4579.54
77,4801.0
78,4630.05
79,4500.66
80,3680.55
81,3990.12
82,3680.61
83,3680.77
84,3650.58
85,3192.83
86,2866.25
87,2900.93
88,2810.34
89,3600.56
90,3624.91
91,3680.43
92,3500.75
93,2994.68
94,2810.7
95,3000.75
96,2650.89
2977,2450.05
2978,2300.5
2979,2180.23
2980,2400.3
2981,2400.95
2982,2400.72
2983,999.13
2984,999.4
2985,1710.95
2986,1710.38
2987,1760.29
2988,2006.13
2989,2083.79
2990,2083.13
2991,2116.87
2992,2139.15
2993,1720.24
2994,2310.47
2995,2891.84
2996,2891.23
2997,2279.34
2998,2649.56
2999,3000.66
3000,3100.53
3001,3700.12
3002,4000.41
3003,5000.58
3004,5386.0
3005,3237.44
3006,3600.48
3007,5500.86
3008,6000.15
3009,6000.63
3010,9000.03
3011,8600.21
3012,8600.14
3013,6999.67
3014,8605.45
3015,8999.07
3016,7100.93
3017,8101.66
3018,8103.64
3019,8000.47
3020,7999.43
3021,6005.85
3022,6005.9
3023,5600.7
3024,5599.27
3025,5799.37
3026,5959.28
3027,5620.75
3028,5579.04
3029,4999.24
3030,5000.98
3031,4749.76
3032,4875.29
3033,5380.0
3034,5503.48
3035,5379.06
3036,5379.58
3037,5500.78
3038,5157.93
3039,6148.18
3040,6394.7
3041,8000.13
3042,8000.76
3043,7500.81
3044,8101.1
3045,7999.03
3046,6079.81
3047,6500.97
3048,6500.3
3049,6999.78
3050,6999.64
3051,10968.0
3052,12000.0
3053,12000.0
3054,12000.0
3055,12000.0
3056,9000.98
3057,6000.81
3058,5999.72
3059,5540.58
3060,5000.41
3061,5000.46
3062,4501.66
3063,3680.81
3064,3512.4
3065,4215.83
3066,4630.71
3067,4828.79
3068,4630.75
3069,4630.78
3070,3959.06
3071,3640.55
3072,3624.16
5665,2702.96
5666,2750.93
5667,2891.78
5668,2891.45
5669,2910.0
5670,3400.82
5671,2768.81
5672,2768.33
5673,2651.49
5674,2450.88
5675,2700.47
5676,2620.52
5677,2450.96
5678,2450.88
5679,2650.53
5680,2650.23
5681,2810.74
5682,4000.01
5683,4828.69
5684,4828.59
5685,4260.53
5686,4285.58
5687,3570.23
5688,3500.68
5689,3634.8
5690,4215.73
5691,6000.07
5692,6000.2
5693,5600.96
5694,6000.42
5695,6999.52
5696,8000.24
5697,10000.42
5698,10536.59
5699,12000.0
5700,12000.0
5701,10500.52
5702,9999.55
5703,10694.44
5704,9832.84
5705,8863.26
5706,8006.21
5707,8863.71
5708,8500.36
5709,9630.94
5710,9903.4
5711,10694.75
5712,10000.26
5713,6000.77
5714,6000.81
5715,6000.52
5716,6000.54
5717,5800.13
5718,5800.86
5719,5959.88
5720,5959.08
5721,5500.9
5722,6005.2
5723,6099.09
5724,6059.61
5725,5800.55
5726,5899.98
5727,6500.7
5728,6148.52
5729,6148.71
5730,6500.64
5731,7500.68
5732,8151.5
5733,8093.1
5734,7499.02
5735,6520.86
5736,6999.62
5737,8151.63
5738,8158.99
5739,8863.89
5740,8500.55
5741,8500.64
5742,8863.52
5743,6148.19
5744,5540.29
5745,6000.18
5746,5500.35
5747,5500.03
5748,5000.15
5749,3995.43
5750,3994.84
5751,3680.62
5752,3237.69
5753,3040.11
5754,3053.65
5755,3053.62
5756,3001.07
5757,3430.34
5758,3001.3
5759,2891.87
5760,2891.25
8641,2768.67
8642,2768.77
8643,2810.31
8644,2810.24
8645,2735.08
8646,2650.45
8647,0.0
8648,0.0
8649,2139.24
8650,2139.15
8651,1859.58
8652,1859.55
8653,2116.12
8654,2139.62
8655,2369.74
8656,2142.8
8657,2540.99
8658,2810.18
8659,3475.35
8660,3968.66
8661,3736.66
8662,3757.73
8663,3700.9
8664,4285.5
8665,4260.49
8666,4750.49
8667,5000.77
8668,5000.82
8669,5100.3
8670,6148.5
8671,8203.44
8672,8206.59
8673,6999.92
8674,6999.88
8675,6999.19
8676,6044.2
8677,8607.48
8678,9000.82
8679,12000.0
8680,12000.0
8681,12000.0
8682,12000.0
8683,11999.34
8684,9500.04
8685,7399.52
8686,6989.92
8687,6500.97
8688,6500.28
8689,6500.16
8690,8093.03
8691,7500.33
8692,6989.84
8693,5000.61
8694,5000.63
8695,3969.88
8696,3860.6
8697,3930.1
8698,4260.62
8699,5000.35
8700,5000.42
8701,5000.12
8702,5000.2
8703,5000.5
8704,5026.22
8705,5000.09
8706,5000.03
8707,5500.5
8708,5739.7
8709,5026.97
8710,5222.81
8711,5000.89
8712,6148.49
8713,7679.02
8714,11999.58
8715,7509.51
8716,7500.74
8717,7500.36
8718,6500.92
8719,6500.59
8720,5959.8
8721,5000.42
8722,4859.27
8723,4229.01
8724,3959.4
8725,4630.24
8726,4678.75
8727,4436.16
8728,3939.22
8729,4285.5
8730,4285.55
8731,3950.35
8732,3939.05
8733,2900.37
8734,2698.4
8735,3100.25
8736,2900.82
11521,2880.14
11522,3420.2
11523,3530.88
11524,2810.91
11525,2650.3
11526,2302.34
11527,1989.31
11528,1829.62
11529,1803.6
11530,2151.07
11531,2450.08
11532,2369.32
11533,2116.45
11534,2116.87
11535,2187.37
11536,2187.63
11537,2478.8
11538,3680.02
11539,2768.57
11540,2369.97
11541,3680.08
11542,3680.97
11543,2280.4
11544,2149.84
11545,3736.98
11546,4701.14
11547,5000.83
11548,6000.52
11549,6500.46
11550,7999.85
11551,9000.42
11552,11000.81
11553,9000.72
11554,12000.0
11555,12000.0
11556,12000.0
11557,12000.0
11558,12000.0
11559,12000.0
11560,12000.0
11561,12000.0
11562,12000.0
11563,12000.0
11564,12000.0
11565,9000.55
11566,8000.74
11567,8863.68
11568,8863.78
11569,9570.11
11570,9570.77
11571,8863.56
11572,7679.56
11573,5000.91
11574,5000.66
11575,5000.88
11576,5000.86
11577,5000.69
11578,5739.91
11579,6149.73
11580,6500.45
11581,8202.72
11582,8200.84
11583,8205.24
11584,10541.09
11585,8000.93
11586,9999.61
11587,12000.0
11588,12000.0
11589,12000.0
11590,12000.0
11591,12000.0
11592,12000.0
11593,12000.0
11594,12000.0
11595,12000.0
11596,12000.0
11597,12000.0
11598,12000.0
11599,12000.0
11600,12000.0
11601,11999.35
11602,9500.24
11603,4999.47
11604,4490.96
11605,4200.43
11606,4490.98
11607,4500.56
11608,3959.91
11609,3510.81
11610,3570.69
11611,3600.98
11612,3680.61
11613,3624.48
11614,3475.43
11615,2900.71
11616,2650.91
14497,2500.0
14498,2402.3
14499,2691.32
14500,2691.6
14501,2649.99
14502,2529.88
14503,2500.21
14504,2187.87
14505,2500.53
14506,2500.16
14507,2187.98
14508,2286.25
14509,2470.57
14510,2500.36
14511,2691.23
14512,2691.35
14513,2800.54
14514,3710.15
14515,3680.65
14516,3659.77
14517,3570.49
14518,4300.14
14519,4774.72
14520,4860.11
14521,4260.98
14522,5000.76
14523,5999.04
14524,7000.97
14525,9000.44
14526,12000.0
14527,12000.0
14528,12000.0
14529,12000.0
14530,12000.0
14531,12000.0
14532,12000.0
14533,12000.0
14534,12000.0
14535,12000.0
14536,12000.0
14537,12000.0
14538,12000.0
14539,12000.0
14540,12000.0
14541,12000.0
14542,12000.0
14543,12000.0
14544,12000.0
14545,12000.0
14546,12000.0
14547,12000.0
14548,12000.0
14549,12000.0
14550,12000.0
14551,12000.0
14552,12000.0
14553,12000.0
14554,12000.0
14555,12000.0
14556,12000.0
14557,12000.0
14558,12000.0
14559,12000.0
14560,12000.0
14561,12000.0
14562,12000.0
14563,12000.0
14564,12000.0
14565,12000.0
14566,12000.0
14567,12000.0
14568,12000.0
14569,12000.0
14570,12000.0
14571,12000.0
14572,12000.0
14573,12000.0
14574,12000.0
14575,12000.0
14576,12000.0
14577,12000.0
14578,12000.0
14579,12000.0
14580,12000.0
14581,5000.53
14582,5000.54
14583,4300.17
14584,3999.75
14585,4100.02
14586,5499.34
14587,4537.31
14588,3757.16
14589,3736.68
14590,3736.97
14591,3680.22
14592,3680.0
17377,3499.31
17378,3053.33
17379,2891.94
17380,2891.84
17381,2891.07
17382,2720.04
17383,2768.85
17384,2850.06
17385,2850.9
17386,2850.55
17387,2768.71
17388,2768.94
17389,2768.37
17390,2768.5
17391,3000.34
17392,3000.71
17393,3499.15
17394,4000.18
17395,3237.82
17396,3040.96
17397,3570.88
17398,4260.7
17399,3900.69
17400,3989.26
17401,4945.63
17402,6000.79
17403,8000.18
17404,8999.04
17405,7999.38
17406,9000.13
17407,12000.0
17408,12000.0
17409,12000.0
17410,12000.0
17411,12000.0
17412,12000.0
17413,12000.0
17414,12000.0
17415,12000.0
17416,12000.0
17417,12000.0
17418,12000.0
17419,12000.0
17420,12000.0
17421,12000.0
17422,12000.0
17423,12000.0
17424,12000.0
17425,12000.0
17426,12000.0
17427,10000.53
17428,10000.34
17429,5540.68
17430,5165.87
17431,5222.9
17432,5222.05
17433,5571.63
17434,6500.59
17435,6750.12
17436,6500.84
17437,7000.55
17438,7400.59
17439,8000.82
17440,8650.71
17441,10000.48
17442,10020.68
17443,11982.22
17444,11999.84
17445,12000.0
17446,12000.0
17447,12000.0
17448,12000.0
17449,12000.0
17450,12000.0
17451,12000.0
17452,12000.0
17453,12000.0
17454,12000.0
17455,12000.0
17456,12000.0
17457,12000.0
17458,12000.0
17459,12000.0
17460,7400.7
17461,5571.47
17462,5000.75
17463,4850.58
17464,4500.99
17465,4100.81
17466,4140.0
17467,3761.88
17468,4200.29
17469,3639.76
17470,3501.62
17471,2999.99
17472,3001.75
20353,2939.01
20354,2880.89
20355,2486.14
20356,1710.73
20357,1670.64
20358,1590.41
20359,2650.6
20360,2600.64
20361,2768.0
20362,2768.43
20363,2768.68
20364,2768.64
20365,2768.48
20366,2768.3
20367,2768.57
20368,3419.56
20369,3040.94
20370,3510.96
20371,4000.96
20372,4593.48
20373,5500.06
20374,6000.18
20375,6459.23
20376,7549.52
20377,4945.73
20378,5000.97
20379,5000.5
20380,5540.37
20381,3574.71
20382,3588.23
20383,4500.43
20384,5250.63
20385,5800.55
20386,6999.86
20387,8000.19
20388,8519.8
20389,10000.44
20390,10000.67
20391,10000.1
20392,9000.85
20393,8500.25
20394,8500.36
20395,8000.18
20396,8000.38
20397,6000.51
20398,5889.03
20399,5026.8
20400,5000.86
20401,4915.8
20402,5379.11
20403,6000.58
20404,5571.86
20405,6120.49
20406,6120.43
20407,5571.3
20408,5200.92
20409,5240.89
20410,5379.71
20411,6000.26
20412,6044.59
20413,6044.43
20414,6149.51
20415,6120.1
20416,8000.42
20417,5529.42
20418,5529.95
20419,6149.69
20420,6999.7
20421,6989.56
20422,6680.56
20423,6131.59
20424,6500.05
20425,6999.37
20426,7937.32
20427,7000.21
20428,6500.79
20429,12000.0
20430,12000.0
20431,12000.0
20432,10000.8
20433,6272.81
20434,5678.97
20435,6272.73
20436,5540.29
20437,5400.59
20438,4750.75
20439,4396.55
20440,3969.6
20441,4330.63
20442,5100.9
20443,4900.93
20444,4000.15
20445,4000.19
20446,4000.89
20447,3640.73
20448,3339.82
23329,3000.35
23330,2939.14
23331,4010.58
23332,3720.32
23333,2998.4
23334,2866.48
23335,2850.62
23336,2850.73
23337,2850.83
23338,2850.07
23339,2768.88
23340,2768.9
23341,2768.14
23342,2768.19
23343,2768.23
23344,2701.0
23345,2850.54
23346,4100.53
23347,3757.48
23348,2850.87
23349,3644.21
23350,3510.55
23351,2995.74
23352,2859.66
23353,3680.55
23354,4302.59
23355,5800.36
23356,6272.93
23357,4200.01
23358,5580.24
23359,8248.12
23360,8275.48
23361,7000.38
23362,9000.7
23363,12000.0
23364,12000.0
23365,12000.0
23366,12000.0
23367,12000.0
23368,12000.0
23369,12000.0
23370,12000.0
23371,12000.0
23372,12000.0
23373,11086.22
23374,10000.53
23375,8000.84
23376,8000.97
23377,8500.48
23378,8000.58
23379,8863.55
23380,8000.03
23381,7789.87
23382,6989.19
23383,7999.5
23384,5999.83
23385,6999.3
23386,8000.06
23387,8863.64
23388,9000.18
23389,8863.99
23390,10000.4
23391,12000.0
23392,12000.0
23393,12000.0
23394,12000.0
23395,12000.0
23396,12000.0
23397,12000.0
23398,12000.0
23399,12000.0
23400,12000.0
23401,12000.0
23402,12000.0
23403,12000.0
23404,12000.0
23405,12000.0
23406,12000.0
23407,12000.0
23408,12000.0
23409,12000.0
23410,12000.0
23411,12000.0
23412,12000.0
23413,12000.0
23414,12000.0
23415,6272.45
23416,5999.35
23417,5999.16
23418,5100.05
23419,5999.6
23420,4500.61
23421,5530.86
23422,5499.92
23423,4593.63
23424,4500.85
26209,4945.41
26210,4945.36
26211,3969.76
26212,3969.16
26213,3891.28
26214,3680.4
26215,3053.88
26216,3000.96
26217,3499.7
26218,4000.31
26219,2939.48
26220,2891.93
26221,2939.07
26222,2881.83
26223,2850.55
26224,2891.08
26225,2891.27
26226,3396.84
26227,3680.97
26228,3736.63
26229,4537.06
26230,5000.24
26231,6500.96
26232,8000.06
26233,12000.0
26234,12000.0
26235,12000.0
26236,12000.0
26237,12000.0
26238,12000.0
26239,12000.0
26240,12000.0
26241,12000.0
26242,12000.0
26243,12000.0
26244,12000.0
26245,12000.0
26246,12000.0
26247,12000.0
26248,12000.0
26249,12000.0
26250,12000.0
26251,12000.0
26252,12000.0
26253,12000.0
26254,12000.0
26255,12000.0
26256,12000.0
26257,12000.0
26258,12000.0
26259,12000.0
26260,11999.82
26261,8863.68
26262,8863.22
26263,8589.65
26264,7334.53
26265,8863.2
26266,8863.75
26267,8863.23
26268,8863.4
26269,10000.54
26270,10000.66
26271,10000.49
26272,11520.19
26273,12000.0
26274,12000.0
26275,12000.0
26276,12000.0
26277,12000.0
26278,12000.0
26279,12000.0
26280,12000.0
26281,12000.0
26282,12000.0
26283,12000.0
26284,12000.0
26285,12000.0
26286,12000.0
26287,12000.0
26288,12000.0
26289,12000.0
26290,12000.0
26291,12000.0
26292,12000.0
26293,12000.0
26294,12000.0
26295,12000.0
26296,12000.0
26297,12000.0
26298,10140.9
26299,8863.58
26300,7999.57
26301,5999.47
26302,5571.67
26303,5999.23
26304,5999.27
29185,4646.49
29186,4309.75
29187,4395.22
29188,4443.99
29189,4396.83
29190,4000.2
29191,3680.61
29192,3503.6
29193,3424.8
29194,3268.67
29195,3547.5
29196,3680.65
29197,3420.34
29198,3267.96
29199,3475.36
29200,3475.18
29201,3507.92
29202,3680.87
29203,4100.64
29204,4658.48
29205,4945.9
29206,4840.36
29207,8000.51
29208,10000.67
29209,12000.0
29210,12000.0
29211,12000.0
29212,12000.0
29213,12000.0
29214,12000.0
29215,12000.0
29216,12000.0
29217,12000.0
29218,12000.0
29219,12000.0
29220,12000.0
29221,12000.0
29222,12000.0
29223,12000.0
29224,12000.0
29225,12000.0
29226,12000.0
29227,12000.0
29228,12000.0
29229,12000.0
29230,12000.0
29231,12000.0
29232,12000.0
29233,12000.0
29234,12000.0
29235,9000.45
29236,9000.39
29237,5000.84
29238,4499.41
29239,4000.64
29240,4150.63
29241,4751.93
29242,4751.88
29243,4000.89
29244,4500.93
29245,5000.34
29246,5997.34
29247,8000.49
29248,8007.33
29249,10030.04
29250,10030.54
29251,12000.0
29252,12000.0
29253,12000.0
29254,12000.0
29255,12000.0
29256,12000.0
29257,12000.0
29258,12000.0
29259,12000.0
29260,12000.0
29261,12000.0
29262,12000.0
29263,12000.0
29264,12000.0
29265,12000.0
29266,12000.0
29267,12000.0
29268,12000.0
29269,5999.88
29270,5999.02
29271,5999.16
29272,5200.13
29273,3729.92
29274,3989.76
29275,6272.16
29276,4593.22
29277,3729.29
29278,3489.76
29279,2999.61
29280,2850.77
32065,4701.12
32066,4701.18
32067,3624.39
32068,3624.29
32069,3300.6
32070,2999.98
32071,2844.55
32072,2768.58
32073,2891.11
32074,2891.02
32075,2850.4
32076,2850.48
32077,2850.25
32078,2768.99
32079,2800.01
32080,2768.92
32081,2939.18
32082,3499.97
32083,3624.52
32084,3680.62
32085,2700.32
32086,3000.47
32087,3259.69
32088,3300.64
32089,4658.79
32090,7499.62
32091,8000.79
32092,9000.26
32093,8437.91
32094,10000.49
32095,10000.95
32096,10005.81
32097,10200.84
32098,11388.3
32099,12000.0
32100,12000.0
32101,12000.0
32102,12000.0
32103,12000.0
32104,12000.0
32105,12000.0
32106,12000.0
32107,12000.0
32108,12000.0
32109,11999.32
32110,10000.49
32111,9000.12
32112,9000.47
32113,9001.93
32114,9000.97
32115,8000.67
32116,8000.6
32117,8000.06
32118,6272.24
32119,7999.09
32120,7499.66
32121,5999.11
32122,7499.8
32123,6999.06
32124,8000.13
32125,5999.33
32126,5579.47
32127,8000.41
32128,8000.92
32129,9499.41
32130,10050.25
32131,12000.0
32132,12000.0
32133,12000.0
32134,12000.0
32135,12000.0
32136,12000.0
32137,12000.0
32138,12000.0
32139,12000.0
32140,12000.0
32141,12000.0
32142,12000.0
32143,12000.0
32144,12000.0
32145,12000.0
32146,12000.0
32147,12000.0
32148,12000.0
32149,10000.89
32150,9000.52
32151,7600.38
32152,7600.29
32153,5496.65
32154,4530.02
32155,4012.35
32156,3739.56
32157,4945.81
32158,5379.55
32159,4593.79
32160,3720.84
1153,3736.29
1154,3520.7
1155,3968.25
1156,3850.08
1157,3624.18
1158,3475.23
1159,2989.75
1160,3000.55
1161,3624.21
1162,3475.94
1163,3400.6
1164,3358.75
1165,3624.8
1166,3624.43
1167,3429.19
1168,3259.06
1169,3680.15
1170,3757.9
1171,3736.77
1172,3968.51
1173,5001.72
1174,5469.09
1175,5571.73
1176,5200.74
1177,6501.74
1178,10000.03
1179,9499.72
1180,10000.37
1181,9999.79
1182,10599.15
1183,11999.13
1184,10000.83
1185,11716.57
1186,12000.0
1187,12000.0
1188,12000.0
1189,12000.0
1190,12000.0
1191,12000.0
1192,12000.0
1193,12000.0
1194,12000.0
1195,12000.0
1196,12000.0
1197,12000.0
1198,12000.0
1199,12000.0
1200,12000.0
1201,11000.52
1202,10001.0
1203,9978.84
1204,9761.06
1205,8000.43
1206,7999.46
1207,8000.89
1208,7999.12
1209,8156.85
1210,8437.25
1211,8863.47
1212,8863.59
1213,10004.12
1214,10006.22
1215,10000.68
1216,11156.1
1217,10199.2
1218,12000.0
1219,12000.0
1220,12000.0
1221,12000.0
1222,12000.0
1223,12000.0
1224,12000.0
1225,12000.0
1226,12000.0
1227,12000.0
1228,12000.0
1229,12000.0
1230,12000.0
1231,12000.0
1232,12000.0
1233,12000.0
1234,12000.0
1235,12000.0
1236,12000.0
1237,8000.27
1238,7600.45
1239,5495.48
1240,5000.28
1241,4452.04
1242,3300.92
1243,4200.05
1244,3729.93
1245,3680.24
1246,3730.13
1247,4000.01
1248,3500.67
1249,5000.36
1250,5000.08
1251,4443.04
1252,3950.29
1253,3665.6
1254,3665.75
1255,3262.0
1256,3000.05
1257,3012.88
1258,3202.33
1259,3200.45
1260,3262.64
1261,3429.03
1262,3429.34
1263,3262.68
1264,3262.61
1265,3475.47
1266,3429.74
1267,3600.27
1268,3680.84
1269,3001.25
1270,2989.72
1271,3620.79
1272,4212.53
1273,4302.71
1274,6000.47
1275,8000.44
1276,8000.33
1277,6000.68
1278,8000.18
1279,8005.81
1280,8007.87
1281,8000.87
1282,8104.43
1283,9007.64
1284,9989.37
1285,12000.0
1286,12000.0
1287,12000.0
1288,12000.0
1289,12000.0
1290,9000.94
1291,8000.72
1292,6999.8
1293,5999.92
1294,5000.73
1295,3500.61
1296,3800.81
1297,3800.29
1298,3081.59
1299,3620.28
1300,3600.23
1301,3500.16
1302,3500.05
1303,3900.46
1304,3620.67
1305,3680.84
1306,3800.35
1307,3600.89
1308,3680.47
1309,3680.77
1310,3680.81
1311,4200.82
1312,4250.4
1313,3800.78
1314,4200.87
1315,4546.35
1316,4593.83
1317,4100.97
1318,4385.08
1319,4908.37
1320,4908.4
1321,6503.72
1322,6149.11
1323,4908.01
1324,5000.24
1325,6300.82
1326,6501.06
1327,5689.46
1328,5379.61
1329,4501.79
1330,4452.61
1331,4530.77
1332,4530.87
1333,4632.39
1334,4530.14
1335,4530.64
1336,4315.46
1337,3680.19
1338,3736.9
1339,3757.43
1340,4001.1
1341,3736.49
1342,3736.27
1343,3736.08
1344,3624.77
1345,2850.6
1346,2850.97
1347,2850.47
1348,2800.07
1349,2891.06
1350,2939.37
1351,2850.06
1352,2801.39
1353,2768.34
1354,2850.05
1355,2800.94
1356,2850.09
1357,2881.66
1358,2881.62
1359,2881.54
1360,2881.94
1361,2939.42
1362,2939.78
1363,3680.14
1364,3680.97
1365,3501.48
1366,3680.44
1367,4240.85
1368,4443.78
1369,3720.88
1370,3739.62
1371,3120.88
1372,3670.41
1373,3500.35
1374,3620.93
1375,4999.4
1376,5500.13
1377,5000.66
1378,5200.42
1379,5200.73
1380,5200.7
1381,5500.41
1382,5379.7
1383,5499.66
1384,5000.63
1385,4863.83
1386,4863.38
1387,5029.25
1388,5165.16
1389,4229.3
1390,4229.28
1391,3720.61
1392,2999.98
1393,3500.61
1394,4100.22
1395,3757.62
1396,3720.07
1397,1489.62
1398,1489.36
1399,1989.77
1400,2310.01
1401,2537.5
1402,2900.45
1403,2810.45
1404,3000.74
1405,3700.89
1406,3642.2
1407,2999.5
1408,3500.49
1409,3100.67
1410,3624.37
1411,3736.8
1412,3757.87
1413,3500.1
1414,2670.21
1415,1657.17
1416,1657.42
1417,3581.49
1418,4200.28
1419,4396.16
1420,4443.25
1421,5260.0
1422,5379.52
1423,5049.57
1424,4999.73
1425,4501.44
1426,4396.65
1427,4630.16
1428,4480.76
1429,3729.95
1430,3999.83
1431,4200.64
1432,3600.96
1433,3259.32
1434,3259.67
1435,3399.64
1436,3500.1
1437,3475.14
1438,3429.38
1439,3500.64
1440,3475.34
1441,3066.0
1442,2519.83
1443,3137.82
1444,3458.07
1445,2839.4
1446,2419.93
1447,2609.26
1448,2609.04
1449,2381.49
1450,1999.29
1451,1999.61
1452,1999.57
1453,1850.04
1454,1999.19
1455,2000.46
1456,2400.49
1457,3137.34
1458,3137.77
1459,3137.41
1460,3080.48
1461,3610.09
1462,4879.5
1463,3650.18
1464,3450.33
1465,3710.25
1466,3739.8
1467,4187.61
1468,3640.89
1469,3510.13
1470,4250.97
1471,4999.62
1472,6000.38
1473,6000.92
1474,6005.79
1475,8000.43
1476,8000.68
1477,8000.3
1478,8000.31
1479,6999.37
1480,6999.28
1481,7000.51
1482,7000.2
1483,5000.57
1484,5999.16
1485,4699.62
1486,4699.48
1487,4546.89
1488,4350.77
1489,4500.59
1490,4500.02
1491,4658.02
1492,4412.16
1493,3999.0
1494,4000.37
1495,4593.79
1496,4443.65
1497,4658.46
1498,4729.18
1499,5500.41
1500,5499.04
1501,5200.87
1502,4729.33
1503,4244.25
1504,5200.16
1505,5000.47
1506,6000.41
1507,6000.17
1508,5000.87
1509,3999.89
1510,3864.56
1511,4452.02
1512,4999.03
1513,5200.96
1514,5999.58
1515,6120.78
1516,6005.62
1517,7999.82
1518,9000.23
1519,7500.35
1520,6000.83
1521,5700.63
1522,5200.18
1523,4499.46
1524,4396.39
1525,4390.6
1526,4345.55
1527,4247.48
1528,4315.28
1529,6149.11
1530,6500.12
1531,4419.49
1532,4248.43
1533,3680.02
1534,3630.0
1535,3410.94
1536,3219.38
1537,3250.25
1538,3250.54
1539,3458.17
1540,3317.04
1541,3250.95
1542,3250.36
1543,3000.71
1544,3000.15
1545,2900.45
1546,2900.18
1547,2822.91
1548,2822.63
1549,2822.05
1550,2822.12
1551,2822.76
1552,2822.73
1553,3458.39
1554,3458.5
1555,3458.35
1556,3268.46
1557,2550.5
1558,3595.18
1559,3680.8
1560,3680.85
1561,4210.27
1562,5000.51
1563,5840.54
1564,6499.79
1565,6000.15
1566,6500.23
1567,6500.34
1568,7499.07
1569,7999.23
1570,7999.11
1571,8213.19
1572,8209.87
1573,9000.42
1574,9000.07
1575,9500.18
1576,9000.33
1577,8200.54
1578,8200.07
1579,6500.25
1580,6500.14
1581,6499.97
1582,6001.0
1583,6394.7
1584,6513.09
1585,5571.54
1586,4999.33
1587,4729.67
1588,4658.85
1589,3750.39
1590,4000.62
1591,4000.86
1592,4000.89
1593,4396.49
1594,4396.26
1595,4729.1
1596,4443.69
1597,4280.0
1598,4701.62
1599,5500.88
1600,5500.47
1601,6120.86
1602,6272.19
1603,6500.57
1604,6500.29
1605,4600.28
1606,4530.73
1607,4001.72
1608,5200.26
1609,6120.81
1610,5571.02
1611,6896.81
1612,6893.46
1613,12000.0
1614,12000.0
1615,7500.35
1616,6792.65
1617,6500.28
1618,6120.78
1619,5200.09
1620,4500.93
1621,5000.14
1622,4980.14
1623,4729.42
1624,4500.27
1625,4003.39
1626,4006.18
1627,4396.77
1628,4297.74
1629,3629.2
1630,3510.06
1631,3680.4
1632,3680.16
1633,3489.21
1634,3556.84
1635,3556.16
1636,3458.88
1637,3001.14
1638,2880.35
1639,2822.94
1640,2951.26
1641,2850.13
1642,2850.08
1643,2839.33
1644,2822.8
1645,2850.36
1646,2850.4
1647,2700.79
1648,2700.83
1649,2700.79
1650,2700.38
1651,2850.24
1652,2851.0
1653,3459.0
1654,3259.6
1655,2940.14
1656,3259.69
1657,4000.51
1658,4500.17
1659,5200.16
1660,6500.53
1661,5200.46
1662,5900.24
1663,6300.04
1664,6500.21
1665,8070.95
1666,8070.98
1667,9500.1
1668,10080.01
1669,8000.82
1670,8007.42
1671,8200.34
1672,8003.8
1673,6120.06
1674,5999.73
1675,4999.81
1676,4250.15
1677,4400.84
1678,4250.29
1679,4250.75
1680,4400.38
1681,4252.22
1682,4187.94
1683,3700.8
1684,3900.61
1685,4000.01
1686,3610.5
1687,4244.83
1688,4244.6
1689,4345.83
1690,4729.09
1691,5200.69
1692,6120.23
1693,5571.66
1694,6120.37
1695,6500.53
1696,6500.71
1697,6500.43
1698,6500.98
1699,7886.9
1700,9499.88
1701,6499.94
1702,6900.45
1703,9499.52
1704,12000.0
1705,12000.0
1706,12000.0
1707,12000.0
1708,12000.0
1709,12000.0
1710,12000.0
1711,12000.0
1712,12000.0
1713,12000.0
1714,12000.0
1715,11989.92
1716,7999.72
1717,5700.98
1718,5991.88
1719,5250.91
1720,5200.67
1721,5500.22
1722,5108.29
1723,6000.0
1724,4001.18
1725,3700.89
1726,3557.57
1727,3236.35
1728,3100.03
1729,2948.25
1730,2850.83
1731,3595.05
1732,3595.26
1733,3458.79
1734,3458.05
1735,3424.46
1736,3137.28
1737,3137.83
1738,3400.53
1739,2850.38
1740,2822.61
1741,2822.63
1742,2850.31
1743,2950.79
1744,3010.18
1745,2959.21
1746,3341.95
1747,4264.73
1748,4345.19
1749,3719.59
1750,4264.64
1751,4729.94
1752,4945.93
1753,6149.44
1754,8000.59
1755,10000.37
1756,10000.27
1757,9499.85
1758,12000.0
1759,12000.0
1760,12000.0
1761,12000.0
1762,12000.0
1763,12000.0
1764,12000.0
1765,12000.0
1766,12000.0
1767,12000.0
1768,12000.0
1769,12000.0
1770,12000.0
1771,12000.0
1772,12000.0
1773,10000.0
1774,10000.51
1775,6500.54
1776,6500.36
1777,7530.24
1778,6520.03
1779,7500.31
1780,6520.28
1781,6149.69
1782,6149.83
1783,5357.85
1784,5200.76
1785,4775.76
1786,6009.18
1787,5656.96
1788,6149.64
1789,8000.7
1790,8000.92
1791,8255.41
1792,8196.79
1793,8252.36
1794,8500.75
1795,9999.93
1796,9000.61
1797,5052.8
1798,4999.06
1799,5499.42
1800,11999.53
1801,12000.0
1802,12000.0
1803,12000.0
1804,12000.0
1805,12000.0
1806,12000.0
1807,12000.0
1808,12000.0
1809,7999.68
1810,6999.93
1811,4959.0
1812,4774.23
1813,4315.85
1814,4501.23
1815,4290.48
1816,4012.27
1817,3500.92
1818,3671.5
1819,3680.65
1820,3222.5
1821,3000.23
1822,2999.76
1823,2928.72
1824,2850.32
1825,3200.12
1826,3001.4
1827,3000.24
1828,3000.0
1829,2959.61
1830,2959.67
1831,2959.23
1832,2850.8
1833,3000.85
1834,3000.38
1835,3450.64
1836,4264.45
1837,3000.64
1838,2959.32
1839,3000.54
1840,3000.53
1841,3000.97
1842,3680.27
1843,4086.21
1844,4940.45
1845,4264.05
1846,4250.34
1847,5200.75
1848,6000.02
1849,6149.58
1850,8000.56
1851,8196.26
1852,8000.34
1853,8007.2
1854,12000.0
1855,12000.0
1856,12000.0
1857,12000.0
1858,12000.0
1859,12000.0
1860,12000.0
1861,12000.0
1862,12000.0
1863,12000.0
1864,12000.0
1865,12000.0
1866,12000.0
1867,12000.0
1868,12000.0
1869,10000.9
1870,9499.14
1871,8000.83
1872,8000.61
1873,6120.76
1874,5999.99
1875,6499.61
1876,6500.23
1877,5999.79
1878,6003.74
1879,6499.69
1880,6437.25
1881,8000.07
1882,8000.85
1883,8196.62
1884,8500.89
1885,9001.56
1886,9455.19
1887,9004.98
1888,10000.33
1889,9999.33
1890,10000.38
1891,12000.0
1892,12000.0
1893,12000.0
1894,12000.0
1895,12000.0
1896,12000.0
1897,12000.0
1898,12000.0
1899,12000.0
1900,12000.0
1901,12000.0
1902,12000.0
1903,12000.0
1904,12000.0
1905,12000.0
1906,12000.0
1907,12000.0
1908,12000.0
1909,7999.12
1910,5694.07
1911,5200.77
1912,6077.04
1913,4530.16
1914,5090.14
1915,5049.05
1916,4412.02
1917,3640.5
1918,3595.87
1919,3680.14
1920,3680.54
1921,3425.45
1922,3000.78
1923,2959.95
1924,3100.48
1925,4000.63
1926,2900.86
1927,3500.41
1928,3571.89
1929,2875.12
1930,3000.32
1931,2822.65
1932,2822.41
1933,2700.68
1934,2600.98
1935,2701.0
1936,2822.31
1937,3100.02
1938,2822.45
1939,3500.68
1940,3650.18
1941,3851.16
1942,3719.92
1943,5000.1
1944,5200.59
1945,6000.2
1946,7520.06
1947,8002.08
1948,10520.22
1949,9999.92
1950,11520.97
1951,12000.0
1952,12000.0
1953,12000.0
1954,12000.0
1955,12000.0
1956,10911.47
1957,11361.64
1958,11524.2
1959,10000.29
1960,9499.24
1961,8500.66
1962,7957.35
1963,7467.0
1964,6989.73
1965,6500.58
1966,6149.41
1967,4661.4
1968,4661.5
1969,5670.86
1970,5670.54
1971,6120.52
1972,6000.12
1973,4662.99
1974,4729.75
1975,4662.83
1976,4504.51
1977,4419.97
1978,4419.92
1979,4546.23
1980,4593.91
1981,5200.88
1982,5571.49
1983,4701.81
1984,4500.19
1985,4729.8
1986,6000.99
1987,8000.92
1988,9499.52
1989,5344.19
1990,5200.29
1991,5999.2
1992,11010.16
1993,12000.0
1994,12000.0
1995,12000.0
1996,12000.0
1997,12000.0
1998,12000.0
1999,12000.0
2000,12000.0
2001,12000.0
2002,8245.95
2003,5475.04
2004,4999.51
2005,4419.98
2006,4446.75
2007,4414.16
2008,4530.19
2009,4244.78
2010,4244.15
2011,4945.89
2012,4729.57
2013,4001.13
2014,4264.06
2015,3595.65
2016,3595.99
2017,4264.06
2018,3680.37
2019,3595.22
2020,3600.31
2021,3637.89
2022,3595.78
2023,3101.89
2024,2850.87
2025,2822.62
2026,2822.65
2027,2822.5
2028,2822.64
2029,2822.94
2030,2822.87
2031,2850.07
2032,2850.36
2033,4345.12
2034,4500.02
2035,3680.54
2036,3595.71
2037,3651.99
2038,3680.12
2039,4729.49
2040,4945.09
2041,5200.72
2042,5694.3
2043,6000.38
2044,6000.84
2045,5049.24
2046,6000.39
2047,6499.8
2048,7000.39
2049,6500.0
2050,6120.46
2051,5499.43
2052,5200.79
2053,8201.47
2054,8201.72
2055,8754.08
2056,6149.47
2057,6149.84
2058,6000.82
2059,5578.65
2060,5200.45
2061,4859.25
2062,4546.55
2063,5000.33
2064,4662.79
2065,4546.34
2066,4533.93
2067,5571.96
2068,5344.77
2069,4546.91
2070,4533.91
2071,4504.63
2072,4287.64
2073,4443.1
2074,4396.42
2075,4395.34
2076,4395.08
2077,4200.26
2078,4200.83
2079,4000.8
2080,4000.74
2081,4300.98
2082,4729.41
2083,4945.62
2084,5999.93
2085,2952.24
2086,2921.97
2087,4000.65
2088,4244.76
2089,4946.07
2090,5840.58
2091,5500.88
2092,5350.05
2093,4999.67
2094,4999.58
2095,4900.08
2096,4300.43
2097,3999.8
2098,4050.15
2099,4530.83
2100,4945.99
2101,4978.18
2102,4999.52
2103,3719.93
2104,3681.0
2105,3000.74
2106,3400.73
2107,3595.1
2108,3680.45
2109,3250.61
2110,3137.57
2111,3458.24
2112,3013.03
2113,2369.17
2114,2500.79
2115,2369.49
2116,2426.38
2117,2300.31
2118,1710.26
2119,1970.47
2120,1720.28
2121,499.67
2122,499.95
2123,2072.97
2124,2306.6
2125,2426.99
2126,2500.43
2127,2500.67
2128,2534.92
2129,2822.2
2130,3458.49
2131,3458.15
2132,3500.81
2133,2614.98
2134,2580.56
2135,2614.24
2136,2580.11
2137,2844.44
2138,3491.0
2139,3440.58
2140,4050.51
2141,3670.22
2142,4999.9
2143,5200.98
2144,6000.09
2145,7600.61
2146,6500.43
2147,8213.87
2148,8213.92
2149,12000.0
2150,12000.0
2151,10000.58
2152,8105.9
2153,6000.99
2154,5200.01
2155,5000.37
2156,4249.74
2157,5500.54
2158,4945.78
2159,3620.05
2160,3430.29
2161,4260.27
2162,4504.62
2163,6200.92
2164,6200.4
2165,4443.0
2166,4499.21
2167,4001.44
2168,3843.82
2169,3595.74
2170,3595.55
2171,3800.66
2172,3719.33
2173,3458.99
2174,3595.22
2175,4001.62
2176,4050.03
2177,3843.13
2178,3843.82
2179,4412.5
2180,4412.67
2181,2699.74
2182,2821.0
2183,2999.5
2184,2999.15
2185,4300.77
2186,4501.09
2187,5100.37
2188,5501.91
2189,5610.81
2190,4999.09
2191,4540.57
2192,4485.81
2193,4200.39
2194,4000.49
2195,4000.59
2196,4000.85
2197,3719.58
2198,3510.75
2199,3640.68
2200,3581.2
2201,2600.05
2202,2999.11
2203,3000.68
2204,3137.17
2205,2480.62
2206,2500.29
2207,2822.95
2208,2822.13
2209,1989.92
2210,1800.42
2211,1200.13
2212,489.84
2213,1970.2
2214,1860.37
2215,1620.82
2216,1670.13
2217,1670.3
2218,1840.23
2219,1600.29
2220,1840.69
2221,1710.28
2222,1500.94
2223,999.9
2224,1500.87
2225,1670.45
2226,2500.43
2227,3000.32
2228,2850.1
2229,2389.79
2230,2600.57
2231,4000.02
2232,3700.22
2233,3620.25
2234,3680.87
2235,4396.3
2236,4660.8
2237,3750.57
2238,3999.39
2239,5100.73
2240,5200.89
2241,6272.4
2242,7185.8
2243,8250.63
2244,8250.99
2245,8863.86
2246,6989.7
2247,6500.13
2248,5800.27
2249,6500.22
2250,6900.47
2251,6499.14
2252,5500.27
2253,4999.27
2254,4524.63
2255,4500.65
2256,4504.05
2257,4546.45
2258,4662.47
2259,5200.61
2260,4945.98
2261,3822.0
2262,4264.12
2263,4662.6
2264,4264.12
2265,3805.0
2266,3719.24
2267,3595.44
2268,3500.12
2269,3680.61
2270,4000.0
2271,4712.78
2272,5020.18
2273,4412.45
2274,4500.35
2275,5200.38
2276,4499.94
2277,4546.24
2278,4546.58
2279,4540.46
2280,4775.32
2281,5200.05
2282,7830.43
2283,12000.0
2284,12000.0
2285,12000.0
2286,12000.0
2287,11999.46
2288,5989.55
2289,5474.0
2290,5100.39
2291,4620.02
2292,4501.23
2293,4540.92
2294,4540.92
2295,4187.13
2296,4200.58
2297,3739.46
2298,4187.73
2299,3424.02
2300,3268.22
2301,2850.62
2302,3012.1
2303,2800.33
2304,2762.47
2305,2844.5
2306,2959.22
2307,3366.28
2308,3366.23
2309,3366.77
2310,2950.12
2311,3000.69
2312,2959.61
2313,2399.61
2314,2381.51
2315,1983.7
2316,2113.16
2317,2381.7
2318,2572.22
2319,1983.45
2320,1983.69
2321,1869.28
2322,2550.63
2323,2000.96
2324,1997.99
2325,1792.53
2326,1804.28
2327,3060.46
2328,3060.83
2329,4250.01
2330,4593.53
2331,5999.73
2332,6149.17
2333,4500.14
2334,5200.1
2335,6000.16
2336,6500.81
2337,5999.25
2338,5999.61
2339,6500.74
2340,7000.44
2341,8863.6
2342,9030.34
2343,6500.86
2344,6500.52
2345,4260.34
2346,4315.8
2347,4000.35
2348,3947.6
2349,3730.04
2350,3999.16
2351,3499.58
2352,3699.31
2353,4278.04
2354,4412.69
2355,4412.93
2356,4524.93
2357,4396.7
2358,4264.91
2359,4405.94
2360,4032.27
2361,4200.95
2362,4235.49
2363,4179.55
2364,4000.59
2365,4000.69
2366,4000.98
2367,4900.02
2368,5200.21
2369,4200.66
2370,4945.41
2371,4200.75
2372,4400.98
2373,4412.43
2374,4412.32
2375,4499.74
2376,5200.17
2377,6272.78
2378,7250.66
2379,12000.0
2380,12000.0
2381,12000.0
2382,12000.0
2383,9499.02
2384,5200.2
2385,5200.8
2386,4775.99
2387,4412.63
2388,4187.61
2389,3730.33
2390,3651.83
2391,3595.38
2392,3595.24
2393,3450.4
2394,3505.5
2395,3458.44
2396,3137.44
2397,2800.07
2398,2399.75
2399,3137.09
2400,3137.15
2401,3137.58
2402,3137.78
2403,2850.79
2404,2850.38
2405,2128.7
2406,2128.54
2407,1805.76
2408,1793.87
2409,1773.68
2410,1805.07
2411,2369.75
2412,2426.87
2413,2426.11
2414,1840.0
2415,1793.73
2416,1933.54
2417,1793.88
2418,2000.59
2419,2570.88
2420,2800.1
2421,3210.52
2422,3030.0
2423,3000.91
2424,3000.97
2425,1984.55
2426,2880.16
2427,3670.71
2428,3750.43
2429,3510.85
2430,4050.63
2431,4235.86
2432,4400.12
2433,3960.48
2434,4200.23
2435,4662.01
2436,4945.72
2437,6000.15
2438,5571.0
2439,4729.17
2440,4402.34
2441,3510.96
2442,3620.56
2443,3230.5
2444,3790.63
2445,4537.21
2446,4396.44
2447,4200.45
2448,3880.01
2449,3620.01
2450,3499.63
2451,2844.86
2452,2880.08
2453,2850.08
2454,1999.22
2455,1989.78
2456,1999.86
2457,1989.62
2458,2242.6
2459,2850.52
2460,3217.0
2461,2123.16
2462,2822.03
2463,2822.8
2464,2822.65
2465,2700.98
2466,2534.21
2467,3000.6
2468,1675.93
2469,1460.24
2470,1460.86
2471,1999.1
2472,2850.93
2473,4396.2
2474,4501.24
2475,4700.05
2476,3989.86
2477,4540.1
2478,4593.27
2479,4395.38
2480,3680.89
2481,3680.43
2482,3561.36
2483,3268.4
2484,2534.86
2485,3458.02
2486,3000.73
2487,3139.85
2488,3000.97
2489,3458.53
2490,3680.8
2491,2959.86
2492,2959.15
2493,2700.18
2494,2399.3
2495,2720.69
2496,1700.19
2497,2700.77
2498,2320.24
2499,1984.74
2500,1809.53
2501,1502.51
2502,1460.9
2503,1268.04
2504,999.82
2505,999.61
2506,999.71
2507,1501.6
2508,999.78
2509,1268.61
2510,1268.84
2511,1503.5
2512,1501.42
2513,1502.26
2514,1268.92
2515,1504.37
2516,2212.73
2517,2700.63
2518,2810.91
2519,1984.18
2520,489.82
2521,3000.6
2522,3680.02
2523,3843.16
2524,4000.5
2525,3269.0
2526,3620.08
2527,4945.43
2528,4849.92
2529,4412.54
2530,4490.75
2531,4412.95
2532,4412.18
2533,4500.8
2534,4546.36
2535,4530.92
2536,4989.89
2537,4989.04
2538,4945.52
2539,4504.48
2540,4719.59
2541,5200.8
2542,4989.41
2543,4712.88
2544,4719.75
2545,4200.43
2546,4260.79
2547,3721.71
2548,3800.39
2549,3485.33
2550,3268.72
2551,2800.55
2552,2614.6
2553,3458.48
2554,3630.0
2555,3491.91
2556,3680.01
2557,3268.76
2558,3458.92
2559,3491.88
2560,3268.87
2561,3000.47
2562,3162.2
2563,2800.64
2564,2699.6
2565,3198.79
2566,3200.57
2567,3500.66
2568,4540.08
2569,4945.87
2570,5000.77
2571,5002.73
2572,4667.72
2573,6445.39
2574,5250.64
2575,4691.6
2576,3764.83
2577,3512.61
2578,3491.85
2579,4200.28
2580,3899.67
2581,3268.97
2582,2768.0
2583,2844.64
2584,2794.68
2585,2614.78
2586,3500.22
2587,3458.6
2588,3000.22
2589,3100.93
2590,2861.67
2591,2700.91
2592,2590.56
2593,2500.18
2594,2400.61
2595,2430.05
2596,2600.72
2597,2700.58
2598,2540.67
2599,2720.86
2600,2700.1
2601,2800.39
2602,2700.78
2603,1876.8
2604,1876.42
2605,2426.09
2606,2426.57
2607,2426.73
2608,2426.73
2609,2700.34
2610,2700.67
2611,2850.31
2612,2850.35
2613,3100.19
2614,3100.61
2615,3501.22
2616,3499.62
2617,2610.0
2618,3739.36
2619,3739.13
2620,4501.9
2621,4501.16
2622,5100.32
2623,5200.44
2624,4999.99
2625,4849.45
2626,4849.62
2627,5800.17
2628,5000.21
2629,5200.48
2630,5694.28
2631,5200.11
2632,5100.93
2633,5571.94
2634,4775.54
2635,5571.41
2636,4945.76
2637,4315.17
2638,4301.0
2639,4999.43
2640,4999.21
2641,5499.6
2642,5200.72
2643,4999.17
2644,4719.91
2645,4419.46
2646,4412.65
2647,3680.49
2648,3491.86
2649,4004.99
2650,4007.75
2651,4084.11
2652,4260.33
2653,4112.57
2654,4187.61
2655,4662.45
2656,4989.6
2657,4527.22
2658,4527.15
2659,4500.74
2660,4500.51
2661,4412.42
2662,4849.72
2663,4989.34
2664,5011.58
2665,5099.28
2666,11955.56
2667,12000.0
2668,12000.0
2669,12000.0
2670,12000.0
2671,12000.0
2672,12000.0
2673,5678.42
2674,5200.42
2675,4200.27
2676,4315.3
2677,3874.89
2678,3899.23
2679,3356.54
2680,3348.15
2681,2844.34
2682,3599.34
2683,4036.23
2684,3899.78
2685,3513.64
2686,3501.94
2687,3515.26
2688,3513.19
2689,3458.37
2690,3458.63
2691,3458.63
2692,3259.82
2693,2700.37
2694,2700.11
2695,2641.87
2696,2641.33
2697,2500.07
2698,2426.81
2699,2910.34
2700,2850.05
2701,2850.89
2702,2880.41
2703,2850.33
2704,2880.46
2705,2850.67
2706,3000.55
2707,3680.03
2708,3680.73
2709,4070.15
2710,3680.82
2711,3680.11
2712,4000.0
2713,4000.71
2714,4300.46
2715,4950.22
2716,4950.8
2717,3800.17
2718,4499.78
2719,4202.04
2720,4350.95
2721,4309.72
2722,4945.98
2723,5800.61
2724,6131.04
2725,5800.9
2726,5800.09
2727,4596.61
2728,4504.18
2729,4500.53
2730,4945.25
2731,6149.81
2732,5959.41
2733,4802.5
2734,4725.56
2735,4315.5
2736,4112.79
2737,3899.73
2738,4235.65
2739,4236.0
2740,4235.78
2741,4945.32
2742,4652.84
2743,3899.67
2744,3719.33
2745,3595.42
2746,3600.54
2747,3491.51
2748,3595.49
2749,3680.09
2750,3680.96
2751,4719.7
2752,4744.0
2753,3620.35
2754,3582.64
2755,3680.81
2756,3680.07
2757,3499.48
2758,2670.45
2759,2369.5
2760,3499.02
2761,3999.01
2762,3999.24
2763,4249.24
2764,4500.32
2765,4500.04
2766,4499.13
2767,4110.38
2768,3680.82
2769,3500.03
2770,3379.45
2771,3719.54
2772,3719.52
2773,4200.01
2774,3618.64
2775,3379.01
2776,2999.93
2777,3379.08
2778,3843.9
2779,3719.89
2780,3680.89
2781,2369.42
2782,2139.5
2783,1570.83
2784,1570.67
2785,2700.74
2786,3458.95
2787,3100.02
2788,2839.83
2789,1460.56
2790,1460.27
2791,1199.78
2792,1710.62
2793,2300.23
2794,1984.91
2795,1670.16
2796,1670.25
2797,1099.2
2798,2109.38
2799,2369.99
2800,2500.12
2801,2500.88
2802,2600.45
2803,1788.35
2804,2500.24
2805,1979.6
2806,1499.92
2807,1999.41
2808,1498.26
2809,1999.81
2810,2950.94
2811,4200.89
2812,4600.39
2813,3620.38
2814,4400.26
2815,4315.87
2816,3680.7
2817,3999.78
2818,3680.37
2819,4799.59
2820,4499.97
2821,6000.97
2822,7800.19
2823,7999.52
2824,6200.31
2825,4945.77
2826,4200.72
2827,4309.49
2828,3620.7
2829,5200.14
2830,5499.98
2831,5200.62
2832,4989.04
2833,5000.43
2834,4200.21
2835,3499.0
2836,3379.65
2837,3379.04
2838,2670.33
2839,3595.03
2840,3070.41
2841,3200.22
2842,3268.17
2843,3680.68
2844,3980.88
2845,4500.04
2846,5000.69
2847,6149.87
2848,8000.37
2849,5959.03
2850,5599.39
2851,5694.14
2852,5499.22
2853,4750.79
2854,4775.67
2855,4660.67
2856,5611.58
2857,12000.0
2858,12000.0
2859,12000.0
2860,12000.0
2861,12000.0
2862,12000.0
2863,12000.0
2864,12000.0
2865,7260.65
2866,5800.05
2867,4700.18
2868,4660.09
2869,3739.49
2870,3739.65
2871,3800.53
2872,3544.0
2873,4223.0
2874,4500.48
2875,3680.36
2876,3500.84
2877,3165.92
2878,3165.75
2879,3500.32
2880,3500.19
2881,3201.68
2882,3000.34
2883,3344.0
2884,3500.45
2885,2839.96
2886,2534.28
2887,1894.0
2888,1876.82
2889,2567.2
2890,3006.89
2891,3001.93
2892,3000.78
2893,2850.3
2894,2700.57
2895,2369.28
2896,2114.04
2897,1805.85
2898,1805.5
2899,1476.42
2900,1457.3
2901,1793.48
2902,2850.29
2903,2850.95
2904,2499.63
2905,2950.09
2906,4042.11
2907,4945.4
2908,5999.26
2909,5599.47
2910,5959.04
2911,5999.68
2912,6208.33
2913,5200.35
2914,6500.04
2915,8171.63
2916,8032.84
2917,9989.16
2918,10500.43
2919,12000.0
2920,12000.0
2921,12000.0
2922,12000.0
2923,6149.04
2924,5999.2
2925,5800.22
2926,5800.71
2927,4945.63
2928,4921.05
2929,3899.21
2930,4000.04
2931,3594.0
2932,3499.25
2933,3001.29
2934,2921.67
2935,3458.8
2936,3458.92
2937,3250.93
2938,3301.51
2939,2959.3
2940,2970.46
2941,3250.74
2942,3301.63
2943,4000.99
2944,3680.02
2945,3499.59
2946,3499.95
2947,3499.2
2948,3424.87
2949,3148.17
2950,3000.42
2951,4000.03
2952,4540.79
2953,6059.33
2954,12000.0
2955,12000.0
2956,12000.0
2957,12000.0
2958,12000.0
2959,9499.47
2960,5475.79
2961,4800.48
2962,4540.49
2963,4945.97
2964,4999.22
2965,3899.15
2966,3719.59
2967,3499.92
2968,3595.43
2969,3100.14
2970,3268.86
2971,3444.13
2972,3268.81
2973,2609.37
2974,2720.51
2975,2921.95
2976,2580.26
